0.978,1.9140000000000001,-0.016,298.807,0.239,1.0844999999999998,1.979,-0.0175,298.854,0.254,1.172,1.9929999999999999,-0.013999999999999999,298.879,0.257,1.2245,1.9835,-0.011,298.899,0.247,1.2755,1.9895,-0.013500000000000002,298.932,0.245,1.3,1.9435,-0.019,298.988,0.236,1.288,1.8455,-0.02,299.061,0.218,1.2610000000000001,1.7565,-0.014499999999999999,299.119,0.201,1.2149999999999999,1.721,-0.0075,299.146,0.191,1.1644999999999999,1.6945000000000001,0.0005,299.159,0.181,1.1915,1.6484999999999999,0.0055,299.153,0.169,1.337,1.6655,0.003,299.104,0.19,1.5255,1.6825,-0.0035,299.048,0.209,1.6575,1.6975,-0.0095,299.003,0.229,1.7045,1.7375,-0.011,298.971,0.244,1.71,1.758,-0.0105,298.952,0.237,
1.0125,1.9885,-0.017,298.899,0.249,1.093,2.0275,-0.0175,298.903,0.259,1.161,2.026,-0.0125,298.909,0.257,1.2015,2.0015,-0.009000000000000001,298.912,0.244,1.2345000000000002,1.997,-0.012,298.93,0.243,1.247,1.9449999999999998,-0.016,298.98,0.233,1.245,1.866,-0.014499999999999999,299.056,0.216,1.234,1.788,-0.011,299.131,0.201,1.203,1.7335,-0.0095,299.171,0.19,1.1665,1.7115,-0.004,299.189,0.185,1.1815,1.685,0.002,299.195,0.173,1.2810000000000001,1.6815,0.0,299.177,0.186,1.4435,1.7,-0.0045000000000000005,299.139,0.198,1.6065,1.718,-0.006,299.09,0.218,1.6785,1.754,-0.0085,299.047,0.237,1.6615,1.7614999999999998,-0.013,299.009,0.237,
1.055,2.0525,-0.013999999999999999,298.989,0.258,1.0955,2.062,-0.013000000000000001,298.97,0.257,1.1505,2.056,-0.01,298.954,0.257,1.193,2.0375,-0.0085,298.94,0.245,1.2185000000000001,2.023,-0.011,298.941,0.246,1.2269999999999999,1.963,-0.0115,298.977,0.233,1.236,1.8980000000000001,-0.009,299.051,0.219,1.2265000000000001,1.8295,-0.01,299.133,0.205,1.1920000000000002,1.7515,-0.011,299.188,0.191,1.1655,1.7235,-0.005,299.214,0.185,1.1665,1.726,-0.0005,299.228,0.179,1.2315,1.7115,-0.004,299.232,0.171,1.3885,1.7414999999999998,-0.0075,299.214,0.198,1.573,1.76,-0.008,299.173,0.214,1.669,1.7694999999999999,-0.014,299.128,0.232,1.6595,1.7599999999999998,-0.018000000000000002,299.083,0.237,
1.087,2.1025,-0.0075,299.038,0.258,1.0739999999999998,2.0805,-0.0075,299.027,0.251,1.1095,2.0655,-0.0085,299.012,0.247,1.1644999999999999,2.0605,-0.009000000000000001,298.994,0.244,1.203,2.0475000000000003,-0.008,298.976,0.246,1.229,1.9965000000000002,-0.0055,298.995,0.239,1.2535,1.9420000000000002,-0.0045000000000000005,299.055,0.225,1.245,1.8780000000000001,-0.008,299.134,0.213,1.204,1.7905,-0.009000000000000001,299.2,0.197,1.1795,1.7465000000000002,-0.0035,299.239,0.187,1.1875,1.7465000000000002,-0.002,299.261,0.183,1.245,1.739,-0.006999999999999999,299.28,0.18,1.374,1.7694999999999999,-0.011,299.28,0.2,1.5305,1.766,-0.015,299.253,0.21,1.625,1.746,-0.0225,299.215,0.223,1.6305,1.732,-0.0235,299.171,0.228,
1.1215000000000002,2.1115,-0.003,299.045,0.261,1.0815000000000001,2.0860000000000003,-0.0045000000000000005,299.057,0.245,1.088,2.0605,-0.0045000000000000005,299.057,0.239,1.125,2.049,-0.005,299.05,0.242,1.1720000000000002,2.0469999999999997,-0.004,299.029,0.243,1.2245,2.02,-0.0015,299.032,0.24,1.2694999999999999,1.9785,-0.0015,299.07,0.23,1.2759999999999998,1.923,-0.004,299.137,0.221,1.2429999999999999,1.8455,-0.0035,299.21,0.207,1.2095,1.7850000000000001,0.0,299.263,0.193,1.2095,1.7635,-0.0015,299.293,0.185,1.2655,1.7605,-0.0075,299.312,0.179,1.362,1.774,-0.0125,299.328,0.201,1.4609999999999999,1.759,-0.0195,299.312,0.201,1.545,1.7029999999999998,-0.0245,299.276,0.206,1.5915,1.6815,-0.0215,299.235,0.214,
1.139,2.094,-0.0015,299.045,0.252,1.085,2.0735,-0.0005,299.071,0.245,1.0545,2.032,0.001,299.085,0.235,1.0605,2.005,0.0005,299.093,0.231,1.1105,2.014,0.0,299.08,0.232,1.1875,2.0140000000000002,0.0005,299.077,0.236,1.259,1.994,0.001,299.097,0.233,1.293,1.9545,0.001,299.148,0.227,1.283,1.897,0.002,299.22,0.217,1.252,1.8315000000000001,0.0035,299.283,0.202,1.2400000000000002,1.7915,0.0015,299.321,0.191,1.2875,1.795,-0.0035,299.342,0.186,1.3615,1.7795,-0.01,299.359,0.195,1.4,1.812,-0.019,299.374,0.201,1.4385,1.7285,-0.019,299.365,0.193,1.502,1.6360000000000001,-0.013000000000000001,299.32,0.195,
1.153,2.0805,0.001,299.027,0.254,1.1015,2.061,0.003,299.058,0.244,1.0375,2.001,0.006500000000000001,299.086,0.229,1.0,1.9620000000000002,0.006500000000000001,299.115,0.221,1.0314999999999999,1.97,0.0045000000000000005,299.123,0.221,1.1219999999999999,1.9855,0.003,299.121,0.226,1.2225000000000001,1.9865,0.0025,299.127,0.228,1.2875,1.9645000000000001,0.004,299.165,0.229,1.301,1.929,0.0045000000000000005,299.229,0.223,1.2865,1.8780000000000001,0.006,299.297,0.21,1.2885,1.8555000000000001,0.0045000000000000005,299.342,0.199,1.3365,1.857,0.002,299.354,0.208,1.423,1.8279999999999998,-0.004,299.386,0.195,1.4825,1.9185,-0.01,299.293,0.115,1.4755,1.8464999999999998,-0.006999999999999999,299.215,0.106,1.4615,1.6555,-0.003,299.286,0.196,
1.142,2.029,0.0025,299.067,0.25,1.1155,2.0335,0.0055,299.064,0.243,1.0465,1.986,0.0085,299.078,0.229,0.978,1.9445000000000001,0.009,299.118,0.218,0.9715,1.9425,0.0065,299.151,0.214,1.047,1.956,0.0045000000000000005,299.158,0.214,1.1595,1.9605000000000001,0.003,299.162,0.219,1.2515,1.952,0.0045000000000000005,299.189,0.223,1.302,1.9375,0.006500000000000001,299.245,0.224,1.315,1.9175,0.006500000000000001,299.302,0.217,1.3145,1.985,0.004,299.375,0.213,1.3475000000000001,1.9685,0.0035,299.41,0.209,1.429,1.9385,0.0005,299.455,0.208,1.4905,2.0155,0.001,299.31,0.115,1.4809999999999999,1.9609999999999999,0.0035,298.997,0.1,1.4609999999999999,1.7545000000000002,0.0025,299.234,0.199,
1.087,1.932,0.002,298.977,0.24,1.0865,1.9485000000000001,0.0055,299.069,0.231,1.0445,1.946,0.009,299.089,0.224,0.9894999999999999,1.927,0.008,299.126,0.217,0.969,1.9260000000000002,0.006,299.169,0.212,1.0125,1.938,0.0035,299.189,0.21,1.1065,1.9369999999999998,0.004,299.197,0.211,1.2094999999999998,1.94,0.006,299.217,0.216,1.3075,1.944,0.0085,299.26,0.222,1.408,1.946,0.007,299.323,0.225,1.483,2.1029999999999998,0.0045000000000000005,299.297,0.128,1.521,2.074,0.0055,299.303,0.121,1.5505,2.0275,0.0045000000000000005,299.359,0.122,1.5575,2.0629999999999997,0.004,299.326,0.116,1.51,2.005,0.006500000000000001,299.06,0.104,1.4475,1.854,0.006500000000000001,298.978,0.1,
0.9285,1.9425,0.0085,298.716,0.234,0.9909999999999999,1.9255,0.0115,298.972,0.216,1.0105,1.9295,0.013500000000000002,299.071,0.216,0.9744999999999999,1.9144999999999999,0.012,299.14,0.211,0.956,1.9165,0.01,299.198,0.209,0.9915,1.938,0.0085,299.229,0.21,1.0739999999999998,1.9505,0.011,299.241,0.211,1.1815,1.973,0.0135,299.252,0.213,1.2970000000000002,1.998,0.013000000000000001,299.274,0.218,1.4220000000000002,1.9895,0.009999999999999998,299.348,0.231,1.5165000000000002,2.1105,0.010499999999999999,299.229,0.125,1.554,2.0775,0.012,299.125,0.112,1.586,2.0100000000000002,0.012,299.084,0.106,1.6045,2.0549999999999997,0.008,299.138,0.107,1.534,2.0045,0.008,299.162,0.109,1.4165,1.8915,0.0085,298.887,0.1,
0.9059999999999999,2.1950000000000003,0.023,298.48,0.259,0.9974999999999999,2.087,0.025,298.815,0.248,1.0219999999999998,2.0595,0.020999999999999998,298.979,0.223,0.988,1.9889999999999999,0.0185,299.098,0.215,0.956,1.9635,0.016,299.197,0.21,0.976,1.9829999999999999,0.018000000000000002,299.259,0.21,1.059,2.0235000000000003,0.0215,299.284,0.214,1.1800000000000002,2.0645,0.020999999999999998,299.294,0.216,1.288,2.0945,0.0165,299.299,0.239,1.3475000000000001,2.058,0.0125,299.352,0.235,1.3690000000000002,2.072,0.012,299.332,0.247,1.3875000000000002,2.0435,0.014499999999999999,299.275,0.243,1.4565000000000001,1.9735,0.0155,299.261,0.235,1.573,2.0145,0.0135,299.04,0.108,1.6215,1.9705,0.0085,298.982,0.1,1.5365,1.8725,0.006,298.78,0.102,
0.9504999999999999,2.498,0.013,298.225,0.117,1.055,2.2800000000000002,0.013999999999999999,298.699,0.287,1.0939999999999999,2.249,0.011,298.9,0.279,1.0605,2.133,0.010499999999999999,299.03,0.239,1.0165,2.0795000000000003,0.012,299.153,0.227,1.0185,2.072,0.015,299.254,0.223,1.0795,2.1094999999999997,0.014,299.311,0.227,1.171,2.1325,0.0085,299.333,0.236,1.249,2.136,0.004,299.338,0.245,1.2965,2.096,0.0015,299.364,0.232,1.3355000000000001,2.0735,0.002,299.396,0.23,1.365,2.0475000000000003,0.0045000000000000005,299.399,0.239,1.3864999999999998,1.9889999999999999,0.0055,299.427,0.234,1.4425,1.9715,0.0045000000000000005,299.307,0.239,1.5135,1.9060000000000001,0.0005,299.194,0.229,1.534,1.8315000000000001,-0.003,299.135,0.231,
0.885,2.5164999999999997,-0.020499999999999997,297.678,0.116,1.0150000000000001,2.3235,-0.018000000000000002,298.51,0.309,1.098,2.3205,-0.014,298.846,0.3,1.1175000000000002,2.2344999999999997,-0.01,298.979,0.262,1.1059999999999999,2.193,-0.004,299.095,0.253,1.092,2.1475,-0.003,299.215,0.239,1.0885,2.1235,-0.0095,299.311,0.242,1.1055000000000001,2.0925,-0.0155,299.361,0.234,1.157,2.0744999999999996,-0.0155,299.38,0.226,1.2309999999999999,2.0665,-0.015,299.39,0.228,1.289,2.0675,-0.013499999999999998,299.417,0.237,1.325,2.042,-0.013000000000000001,299.443,0.231,1.3505,1.9935,-0.0125,299.487,0.229,1.3745,1.938,-0.012,299.495,0.223,1.4405000000000001,1.866,-0.0125,299.432,0.211,1.5375,1.8265,-0.009,299.419,0.215,
0.768,2.311,-0.028999999999999998,297.968,0.324,0.8939999999999999,2.271,-0.026000000000000002,298.417,0.307,1.0194999999999999,2.3120000000000003,-0.0245,298.77,0.3,1.1219999999999999,2.2965,-0.0225,298.93,0.274,1.177,2.26,-0.018500000000000003,299.039,0.275,1.1495000000000002,2.1825,-0.019,299.163,0.262,1.0835,2.0885,-0.0215,299.276,0.245,1.057,2.0145,-0.0195,299.359,0.229,1.096,1.9914999999999998,-0.0165,299.404,0.221,1.1745,2.0075000000000003,-0.017,299.423,0.223,1.2435,2.0265,-0.019,299.437,0.229,1.2885,2.0220000000000002,-0.0195,299.46,0.229,1.3275000000000001,1.9935,-0.018000000000000002,299.499,0.225,1.367,1.947,-0.016,299.548,0.221,1.4304999999999999,1.895,-0.014499999999999999,299.553,0.223,1.5165,1.877,-0.0085,299.557,0.218,
0.733,2.2065,-0.013999999999999999,298.443,0.278,0.841,2.2584999999999997,-0.016,298.549,0.29,0.999,2.3165,-0.022,298.755,0.307,1.129,2.332,-0.024,298.887,0.306,1.1825,2.282,-0.025,298.992,0.288,1.1505,2.2035,-0.0245,299.107,0.272,1.081,2.098,-0.0185,299.222,0.247,1.043,2.0084999999999997,-0.011,299.326,0.226,1.0605,1.9615,-0.009000000000000001,299.399,0.214,1.115,1.961,-0.013000000000000001,299.442,0.215,1.1789999999999998,1.9855,-0.0175,299.462,0.221,1.2414999999999998,2.0155000000000003,-0.018000000000000002,299.478,0.227,1.3075,2.028,-0.015,299.505,0.228,1.3755000000000002,2.012,-0.015,299.554,0.228,1.4569999999999999,1.972,-0.016,299.595,0.223,1.5605,1.935,-0.017,299.614,0.224,
0.8385,2.214,-0.0035,298.816,0.279,0.8725,2.275,-0.014,298.784,0.29,0.9585,2.324,-0.022,298.83,0.3,1.0630000000000002,2.335,-0.024,298.889,0.298,1.143,2.282,-0.025,298.961,0.288,1.1564999999999999,2.215,-0.0235,299.057,0.279,1.1139999999999999,2.123,-0.0185,299.169,0.259,1.0675,2.03,-0.013000000000000001,299.279,0.235,1.0510000000000002,1.962,-0.0125,299.373,0.216,1.0705,1.943,-0.0165,299.442,0.211,1.1204999999999998,1.968,-0.0215,299.479,0.215,1.192,2.015,-0.0235,299.5,0.224,1.2774999999999999,2.052,-0.021,299.521,0.231,1.3624999999999998,2.054,-0.021500000000000002,299.558,0.234,1.438,2.016,-0.028999999999999998,299.604,0.23,1.5135,1.958,-0.037000000000000005,299.638,0.217,
2.9779999999999998,3.9154999999999998,-0.024,299.092,0.249,2.833,3.7485,-0.0275,299.035,0.262,2.701,3.561,-0.020499999999999997,298.989,0.254,2.6115000000000004,3.41,-0.0135,298.969,0.233,2.582,3.3165,-0.017,298.99,0.222,2.5805,3.218,-0.027,299.04,0.214,2.5745,3.075,-0.032,299.103,0.205,2.548,2.9175,-0.026000000000000002,299.153,0.194,2.4779999999999998,2.798,-0.012,299.171,0.185,2.3945,2.717,0.005,299.179,0.177,2.418,2.646,0.011,299.179,0.163,2.6235,2.6585,0.0,299.153,0.186,2.9225,2.752,-0.0155,299.118,0.196,3.168,2.8579999999999997,-0.0255,299.079,0.209,3.2865,2.9535,-0.024,299.039,0.218,3.291,3.008,-0.0155,299.01,0.202,
2.9585,3.8855,-0.0245,299.137,0.258,2.819,3.738,-0.025500000000000002,299.076,0.264,2.677,3.577,-0.019000000000000003,299.022,0.251,2.556,3.427,-0.0125,298.985,0.228,2.4835000000000003,3.298,-0.015,298.98,0.22,2.4635,3.183,-0.0225,299.018,0.212,2.4749999999999996,3.0885,-0.0245,299.092,0.202,2.48,2.9725,-0.020499999999999997,299.163,0.193,2.4455,2.833,-0.0145,299.197,0.185,2.387,2.741,-0.0025,299.205,0.181,2.386,2.686,0.0055,299.212,0.17,2.527,2.683,-0.003,299.213,0.187,2.7945,2.7395,-0.0175,299.197,0.192,3.069,2.8365,-0.023,299.169,0.202,3.2165,2.9355,-0.024,299.133,0.212,3.2045000000000003,2.9755000000000003,-0.022,299.074,0.206,
2.865,3.8345000000000002,-0.0175,299.169,0.267,2.758,3.6944999999999997,-0.0165,299.114,0.258,2.66,3.5810000000000004,-0.0155,299.065,0.247,2.55,3.464,-0.014,299.019,0.224,2.4505,3.317,-0.0155,298.987,0.22,2.416,3.1855,-0.018000000000000002,299.007,0.211,2.4405,3.124,-0.017499999999999998,299.084,0.202,2.4505,3.0425,-0.0185,299.166,0.194,2.412,2.8805,-0.0165,299.212,0.187,2.3655,2.7584999999999997,-0.0055,299.227,0.182,2.3655,2.7185,0.001,299.239,0.175,2.468,2.7235,-0.0075,299.255,0.163,2.7039999999999997,2.7640000000000002,-0.019,299.259,0.194,2.9955,2.8495,-0.024999999999999998,299.247,0.201,3.186,2.9299999999999997,-0.031,299.223,0.21,3.2065,2.9535,-0.031,299.163,0.212,
2.7270000000000003,3.7889999999999997,-0.0065,299.178,0.256,2.6334999999999997,3.636,-0.006999999999999999,299.136,0.243,2.582,3.5425,-0.011,299.107,0.231,2.5214999999999996,3.4635,-0.0135,299.07,0.222,2.449,3.3449999999999998,-0.013,299.024,0.221,2.4295,3.2305,-0.0115,299.024,0.214,2.463,3.1805000000000003,-0.0115,299.087,0.205,2.465,3.113,-0.015,299.165,0.2,2.4095000000000004,2.9525,-0.014,299.22,0.192,2.3585000000000003,2.8055,-0.004,299.248,0.184,2.359,2.7495000000000003,-0.0025,299.267,0.178,2.441,2.7560000000000002,-0.0125,299.292,0.174,2.638,2.79,-0.022,299.311,0.197,2.9015,2.842,-0.031,299.31,0.199,3.1085000000000003,2.8825000000000003,-0.040499999999999994,299.296,0.206,3.1845,2.8994999999999997,-0.0395,299.252,0.209,
2.6225,3.7535,0.0015,299.164,0.25,2.5025,3.58,-0.0005,299.143,0.232,2.452,3.464,-0.0025,299.133,0.222,2.4385,3.401,-0.0055,299.116,0.221,2.432,3.341,-0.007,299.08,0.218,2.4530000000000003,3.2765,-0.006,299.068,0.214,2.495,3.2315,-0.006500000000000001,299.105,0.208,2.499,3.168,-0.0085,299.166,0.205,2.447,3.0380000000000003,-0.006500000000000001,299.226,0.2,2.3905000000000003,2.8905,-0.0005,299.27,0.19,2.3825000000000003,2.8005,-0.003,299.298,0.182,2.4459999999999997,2.791,-0.013999999999999999,299.323,0.174,2.5839999999999996,2.8099999999999996,-0.0235,299.348,0.201,2.7729999999999997,2.814,-0.034,299.355,0.195,2.9635,2.7965,-0.0405,299.342,0.197,3.0940000000000003,2.8015,-0.036,299.311,0.202,
2.5475000000000003,3.6945,0.0055,299.142,0.24,2.3875,3.53,0.0075,299.141,0.23,2.3045,3.3815,0.009,299.145,0.219,2.308,3.3034999999999997,0.0055,299.147,0.214,2.3585000000000003,3.286,0.0005,299.132,0.211,2.4265,3.277,-0.002,299.12,0.212,2.49,3.2495000000000003,-0.0025,299.133,0.21,2.517,3.1975,-0.001,299.174,0.209,2.4939999999999998,3.112,0.0015,299.234,0.206,2.4505,2.992,0.004,299.291,0.198,2.438,2.8834999999999997,0.0,299.328,0.189,2.4825,2.847,-0.010499999999999999,299.351,0.183,2.5605,2.8415,-0.0205,299.375,0.194,2.6494999999999997,2.8155,-0.0315,299.392,0.2,2.7705,2.7489999999999997,-0.032,299.39,0.192,2.9145,2.7145,-0.0235,299.368,0.194,
2.5025,3.5895,0.008,299.112,0.239,2.3365,3.4645,0.013999999999999999,299.121,0.228,2.2035,3.3185000000000002,0.018,299.137,0.214,2.169,3.223,0.0155,299.159,0.207,2.2285000000000004,3.214,0.008,299.167,0.204,2.335,3.2355,0.002,299.163,0.206,2.4395,3.2285000000000004,0.0005,299.164,0.207,2.5075000000000003,3.197,0.003,299.191,0.209,2.5235,3.1559999999999997,0.005,299.245,0.209,2.5045,3.0865,0.006500000000000001,299.308,0.204,2.4995000000000003,2.9974999999999996,0.003,299.353,0.197,2.5415,2.9370000000000003,-0.0035,299.376,0.211,2.6035000000000004,2.902,-0.013,299.393,0.186,2.646,2.8665000000000003,-0.022,299.408,0.14,2.693,2.793,-0.018000000000000002,299.406,0.125,2.7845,2.7199999999999998,-0.011000000000000001,299.394,0.192,
2.396,3.502,0.008,299.112,0.239,2.298,3.3705,0.0165,299.114,0.224,2.1719999999999997,3.2485,0.0225,299.121,0.212,2.094,3.1685,0.0195,299.153,0.204,2.1155,3.1645,0.0115,299.187,0.201,2.2190000000000003,3.1905,0.004,299.198,0.199,2.35,3.1885000000000003,0.0015,299.198,0.201,2.4635,3.176,0.003,299.215,0.205,2.5345,3.1719999999999997,0.0055,299.262,0.208,2.557,3.159,0.006,299.321,0.206,2.5585,3.1224999999999996,0.0015,299.377,0.207,2.5835,3.0549999999999997,-0.001,299.409,0.203,2.643,2.9924999999999997,-0.0065,299.434,0.207,2.708,2.9535,-0.009000000000000001,299.437,0.139,2.7504999999999997,2.8955,-0.0055,299.431,0.109,2.7729999999999997,2.8245,-0.003,299.411,0.178,
2.2895000000000003,3.5415,0.0035,299.079,0.229,2.2045000000000003,3.323,0.0125,299.109,0.214,2.124,3.176,0.02,299.119,0.206,2.069,3.1085,0.018000000000000002,299.151,0.202,2.078,3.122,0.010499999999999999,299.197,0.201,2.1574999999999998,3.1555,0.0035,299.223,0.198,2.2830000000000004,3.16,0.002,299.231,0.197,2.4210000000000003,3.166,0.003,299.245,0.201,2.544,3.1885,0.006,299.284,0.206,2.628,3.2060000000000004,0.005,299.337,0.21,2.662,3.2135,0.003,299.389,0.153,2.6719999999999997,3.1595,0.0035,299.426,0.143,2.7,3.0860000000000003,0.001,299.458,0.144,2.7634999999999996,3.052,-0.002,299.473,0.134,2.835,3.004,-0.0005,299.467,0.113,2.8609999999999998,2.9545000000000003,0.0025,299.449,0.106,
2.2584999999999997,3.751,0.008,298.993,0.232,2.1155,3.4505,0.015,299.04,0.205,2.026,3.224,0.019000000000000003,299.095,0.202,1.994,3.1085,0.018500000000000003,299.154,0.198,2.026,3.1085000000000003,0.013999999999999999,299.214,0.2,2.1155,3.1494999999999997,0.0095,299.251,0.201,2.25,3.1795,0.0095,299.266,0.201,2.407,3.2104999999999997,0.011,299.283,0.199,2.5515,3.246,0.01,299.307,0.2,2.657,3.2585,0.0085,299.356,0.218,2.7155,3.2665,0.0115,299.393,0.146,2.747,3.2264999999999997,0.015,299.423,0.126,2.7824999999999998,3.1555,0.0125,299.452,0.116,2.8354999999999997,3.13,0.0045000000000000005,299.478,0.114,2.895,3.1025,0.0025,299.482,0.117,2.91,3.059,0.006500000000000001,299.491,0.105,
2.4074999999999998,4.0905,0.024,298.967,0.245,2.242,3.7809999999999997,0.0285,298.979,0.238,2.0999999999999996,3.4815,0.023,299.04,0.2,2.0149999999999997,3.2809999999999997,0.020499999999999997,299.126,0.197,2.0155000000000003,3.214,0.018000000000000002,299.216,0.2,2.1,3.2350000000000003,0.0195,299.279,0.204,2.2455,3.286,0.022,299.308,0.205,2.4130000000000003,3.3285,0.02,299.327,0.201,2.552,3.354,0.013499999999999998,299.339,0.223,2.636,3.347,0.0105,299.373,0.219,2.6795,3.327,0.013000000000000001,299.404,0.229,2.7225,3.2855,0.019,299.429,0.225,2.8045,3.2135,0.0185,299.449,0.217,2.9154999999999998,3.1785,0.012,299.467,0.119,3.004,3.169,0.004999999999999999,299.484,0.104,3.032,3.122,0.004,299.491,0.104,
2.6310000000000002,4.407,0.01,299.05,0.134,2.4855,4.157,0.0125,298.993,0.257,2.3274999999999997,3.834,0.006999999999999999,299.016,0.256,2.1995,3.572,0.0065,299.09,0.208,2.143,3.4305,0.0095,299.19,0.206,2.1825,3.4074999999999998,0.0145,299.284,0.209,2.2965,3.4345,0.013000000000000001,299.344,0.21,2.4345,3.4465,0.0055,299.374,0.218,2.5525,3.4415,-0.0015,299.383,0.227,2.6254999999999997,3.4234999999999998,-0.0045,299.396,0.21,2.6585,3.3885,-0.0015,299.424,0.216,2.6865,3.3405,0.0045000000000000005,299.452,0.233,2.754,3.2605000000000004,0.006,299.479,0.235,2.8715,3.194,0.0025,299.485,0.223,2.997,3.167,-0.0045000000000000005,299.482,0.203,3.077,3.1205,-0.0085,299.474,0.202,
2.7535,4.4985,-0.0295,299.14,0.121,2.6260000000000003,4.3655,-0.028,299.041,0.275,2.4770000000000003,4.098000000000001,-0.026000000000000002,299.009,0.27,2.3575,3.8280000000000003,-0.022,299.051,0.225,2.2904999999999998,3.6445,-0.013,299.141,0.22,2.2779999999999996,3.5625,-0.0085,299.252,0.212,2.3085,3.5105,-0.0145,299.344,0.225,2.3775000000000004,3.4535,-0.022,299.396,0.22,2.474,3.4175,-0.024,299.416,0.211,2.562,3.4095000000000004,-0.025,299.423,0.21,2.6115,3.3914999999999997,-0.0225,299.443,0.224,2.6305,3.348,-0.0195,299.469,0.22,2.6630000000000003,3.2675,-0.0175,299.505,0.225,2.748,3.174,-0.019,299.525,0.224,2.879,3.112,-0.0215,299.52,0.21,3.0175,3.0695,-0.0185,299.51,0.212,
2.651,4.369999999999999,-0.0385,299.084,0.272,2.599,4.3685,-0.037000000000000005,299.039,0.282,2.511,4.2155000000000005,-0.0385,299.0,0.275,2.4295,3.9845,-0.0375,299.017,0.239,2.367,3.7895000000000003,-0.032,299.091,0.239,2.299,3.644,-0.030000000000000002,299.193,0.232,2.2344999999999997,3.508,-0.0295,299.298,0.231,2.23,3.386,-0.026500000000000003,299.378,0.226,2.311,3.322,-0.0245,299.427,0.219,2.428,3.3205,-0.027,299.449,0.216,2.5105,3.3280000000000003,-0.0305,299.462,0.219,2.5415,3.3085,-0.03,299.48,0.224,2.5605,3.2569999999999997,-0.0275,299.512,0.225,2.615,3.173,-0.027,299.552,0.228,2.7285000000000004,3.092,-0.027000000000000003,299.572,0.233,2.89,3.045,-0.021,299.578,0.225,
2.528,4.198499999999999,-0.017,299.045,0.261,2.536,4.272,-0.021,299.034,0.27,2.5010000000000003,4.2125,-0.031,299.006,0.289,2.4415,4.0395,-0.036000000000000004,299.001,0.279,2.377,3.854,-0.0385,299.05,0.253,2.2875,3.6795,-0.037000000000000005,299.134,0.244,2.1845,3.5185,-0.0275,299.237,0.235,2.133,3.3735,-0.0165,299.337,0.223,2.177,3.275,-0.0145,299.417,0.215,2.2845000000000004,3.238,-0.021,299.464,0.214,2.3895,3.2439999999999998,-0.0285,299.483,0.217,2.4625000000000004,3.2584999999999997,-0.029,299.495,0.224,2.5135,3.263,-0.026000000000000002,299.516,0.227,2.569,3.229,-0.027500000000000004,299.557,0.229,2.665,3.1585,-0.032,299.599,0.225,2.811,3.085,-0.034,299.628,0.224,
2.449,4.124,0.0,299.072,0.271,2.4509999999999996,4.213,-0.014,299.053,0.277,2.4219999999999997,4.184,-0.0275,299.016,0.282,2.377,4.041,-0.033,298.989,0.271,2.335,3.865,-0.037000000000000005,299.013,0.257,2.2835,3.691,-0.036000000000000004,299.085,0.251,2.2104999999999997,3.538,-0.0275,299.184,0.238,2.143,3.394,-0.019000000000000003,299.292,0.224,2.1254999999999997,3.276,-0.018500000000000003,299.389,0.213,2.1745,3.208,-0.025,299.459,0.213,2.2685,3.203,-0.033,299.496,0.216,2.3754999999999997,3.234,-0.035500000000000004,299.513,0.222,2.474,3.27,-0.0335,299.529,0.227,2.5575,3.269,-0.036,299.562,0.229,2.6395,3.212,-0.049,299.608,0.226,2.735,3.119,-0.059500000000000004,299.651,0.215,
4.9239999999999995,5.5695,-0.0275,300.056,0.208,4.843,5.4435,-0.032,299.985,0.223,4.772,5.2844999999999995,-0.0235,299.914,0.225,4.7445,5.1274999999999995,-0.013,299.869,0.199,4.761,5.0275,-0.018000000000000002,299.87,0.195,4.7684999999999995,4.95,-0.034,299.865,0.193,4.723,4.833,-0.0445,299.817,0.192,4.624499999999999,4.646,-0.038,299.74,0.187,4.496,4.409,-0.016,299.658,0.182,4.394,4.192,0.010499999999999999,299.595,0.178,4.407500000000001,4.0585,0.017,299.565,0.166,4.577,4.0385,-0.005,299.587,0.19,4.836,4.109,-0.0325,299.651,0.192,5.0715,4.218999999999999,-0.046,299.709,0.189,5.2085,4.3385,-0.04,299.742,0.183,5.2364999999999995,4.4345,-0.018500000000000003,299.751,0.146,
4.9195,5.551,-0.0275,300.089,0.215,4.836,5.4425,-0.028499999999999998,300.019,0.228,4.741,5.306,-0.0225,299.941,0.22,4.6715,5.145,-0.0135,299.866,0.196,4.65,4.999,-0.016,299.827,0.196,4.65,4.8955,-0.028,299.812,0.195,4.6265,4.8235,-0.0345,299.791,0.192,4.5545,4.7065,-0.0305,299.745,0.19,4.4435,4.4885,-0.0195,299.668,0.185,4.342499999999999,4.249499999999999,0.0005,299.597,0.183,4.327999999999999,4.101,0.010499999999999999,299.563,0.175,4.454,4.0615000000000006,-0.0085,299.585,0.196,4.694,4.0975,-0.036,299.643,0.196,4.9495000000000005,4.1845,-0.0465,299.709,0.193,5.1105,4.289,-0.0435,299.756,0.189,5.140000000000001,4.3675,-0.0305,299.759,0.163,
4.8855,5.532500000000001,-0.018500000000000003,300.101,0.228,4.821,5.431,-0.017,300.039,0.224,4.741,5.327500000000001,-0.018500000000000003,299.978,0.214,4.6535,5.1875,-0.017,299.901,0.191,4.5875,5.0105,-0.018500000000000003,299.818,0.196,4.564500000000001,4.8715,-0.0235,299.771,0.195,4.553,4.811999999999999,-0.025500000000000002,299.762,0.192,4.493,4.746,-0.0265,299.742,0.19,4.379,4.5565,-0.020999999999999998,299.668,0.189,4.279,4.306,-0.004,299.593,0.188,4.2635000000000005,4.140000000000001,0.0035,299.566,0.182,4.3705,4.0855,-0.013000000000000001,299.588,0.17,4.598000000000001,4.1065000000000005,-0.0355,299.646,0.196,4.866,4.1835,-0.048,299.722,0.199,5.0515,4.265000000000001,-0.053000000000000005,299.786,0.195,5.107,4.3185,-0.0455,299.797,0.184,
4.8185,5.522,-0.004,300.093,0.22,4.7735,5.416,-0.0045000000000000005,300.038,0.208,4.725,5.330500000000001,-0.0115,299.998,0.195,4.655,5.2195,-0.0165,299.939,0.19,4.580500000000001,5.0525,-0.0175,299.844,0.197,4.542,4.8995,-0.018000000000000002,299.77,0.197,4.526,4.8215,-0.018500000000000003,299.751,0.193,4.4655000000000005,4.765,-0.020999999999999998,299.735,0.192,4.343999999999999,4.614,-0.0175,299.671,0.194,4.2325,4.3825,-0.0035,299.6,0.192,4.2015,4.189500000000001,-0.0025,299.575,0.186,4.282500000000001,4.1,-0.019,299.591,0.181,4.481,4.098,-0.036,299.64,0.204,4.7364999999999995,4.1525,-0.051000000000000004,299.713,0.203,4.945,4.2059999999999995,-0.062,299.784,0.198,5.0545,4.249499999999999,-0.057,299.818,0.191,
4.7455,5.503,0.008,300.078,0.213,4.696,5.391500000000001,0.006,300.027,0.194,4.664,5.304,0.001,299.993,0.194,4.6305,5.2165,-0.006,299.953,0.196,4.5885,5.091,-0.01,299.881,0.197,4.5565,4.952,-0.0115,299.806,0.196,4.5305,4.8495,-0.012,299.762,0.193,4.468999999999999,4.7745,-0.012,299.731,0.195,4.353,4.6625,-0.008,299.679,0.198,4.2275,4.477,0.0,299.623,0.197,4.1605,4.265000000000001,-0.004,299.594,0.191,4.192,4.125,-0.020999999999999998,299.596,0.18,4.3245000000000005,4.077999999999999,-0.0365,299.625,0.21,4.5245,4.089,-0.0505,299.675,0.199,4.7405,4.108499999999999,-0.059500000000000004,299.736,0.2,4.921,4.1445,-0.0535,299.794,0.195,
4.657,5.4465,0.016,300.048,0.196,4.59,5.342499999999999,0.0185,300.0,0.2,4.558,5.2555,0.018000000000000002,299.964,0.202,4.555,5.182,0.009999999999999998,299.936,0.201,4.556,5.096,0.0005,299.894,0.197,4.55,4.9855,-0.005,299.838,0.197,4.531499999999999,4.875,-0.006,299.784,0.196,4.484,4.7844999999999995,-0.0025,299.737,0.197,4.3895,4.702999999999999,0.0015,299.696,0.201,4.2635000000000005,4.5735,0.0055,299.658,0.201,4.163,4.3735,-0.001,299.627,0.196,4.1370000000000005,4.186,-0.0175,299.613,0.188,4.1884999999999994,4.082,-0.032,299.62,0.207,4.304,4.0489999999999995,-0.045,299.645,0.208,4.4830000000000005,4.035,-0.048,299.687,0.193,4.6975,4.045,-0.0385,299.742,0.199,
4.554,5.3625,0.019,299.995,0.201,4.4855,5.262499999999999,0.028,299.958,0.202,4.4395,5.1895,0.032,299.925,0.202,4.4345,5.132,0.0245,299.899,0.202,4.4565,5.0755,0.011,299.874,0.199,4.484,4.992,0.001,299.84,0.197,4.5009999999999994,4.8865,-0.0015,299.797,0.196,4.4895,4.792,0.001,299.752,0.198,4.429,4.7305,0.005,299.719,0.201,4.319,4.657500000000001,0.0075,299.695,0.202,4.2025,4.507,0.0015,299.669,0.2,4.1385000000000005,4.3015,-0.01,299.644,0.223,4.143000000000001,4.1419999999999995,-0.0235,299.635,0.189,4.198,4.069,-0.035,299.648,0.162,4.308,4.032500000000001,-0.0325,299.671,0.147,4.475,4.009,-0.0235,299.703,0.196,
4.4265,5.3155,0.0145,299.932,0.214,4.3885000000000005,5.18,0.029500000000000002,299.903,0.204,4.352,5.1015,0.0385,299.881,0.201,4.3345,5.0625,0.0315,299.862,0.203,4.346,5.041499999999999,0.016,299.846,0.202,4.3805,4.9879999999999995,0.0035,299.825,0.198,4.4245,4.8919999999999995,-0.001,299.796,0.196,4.457,4.7985,-0.0005,299.764,0.197,4.449999999999999,4.7465,0.003,299.742,0.199,4.3855,4.718,0.0055,299.731,0.2,4.282,4.6370000000000005,0.0005,299.717,0.206,4.194,4.4575,-0.005,299.694,0.204,4.165,4.263,-0.014,299.679,0.209,4.196,4.147,-0.020999999999999998,299.683,0.162,4.265000000000001,4.09,-0.019,299.69,0.142,4.3545,4.041,-0.0125,299.701,0.181,
4.304,5.359500000000001,0.0035,299.901,0.217,4.2605,5.164999999999999,0.02,299.845,0.202,4.247,5.036,0.0315,299.82,0.201,4.252000000000001,4.981,0.028,299.815,0.204,4.2675,4.9864999999999995,0.0155,299.817,0.205,4.295,4.9705,0.0035,299.81,0.201,4.343,4.8985,-0.0015,299.792,0.198,4.405,4.818,-0.002,299.776,0.197,4.454000000000001,4.77,0.001,299.767,0.199,4.4565,4.7555,0.0025,299.766,0.2,4.396,4.724,0.0025,299.768,0.168,4.302,4.5954999999999995,0.0025,299.754,0.162,4.2364999999999995,4.4075,-0.0035,299.739,0.161,4.2385,4.261,-0.011,299.732,0.153,4.2855,4.173,-0.012499999999999999,299.727,0.134,4.323499999999999,4.101,-0.006,299.726,0.135,
4.2415,5.511,0.0055,299.903,0.214,4.157500000000001,5.288,0.017,299.817,0.189,4.119,5.0975,0.0225,299.764,0.202,4.1259999999999994,4.979,0.0215,299.753,0.206,4.1594999999999995,4.9605,0.015,299.77,0.211,4.203,4.9625,0.009,299.78,0.21,4.267,4.9295,0.006500000000000001,299.78,0.205,4.354,4.877000000000001,0.005,299.787,0.198,4.435499999999999,4.83,0.0035,299.793,0.194,4.475,4.797,0.0045000000000000005,299.794,0.209,4.4495000000000005,4.7684999999999995,0.011,299.792,0.165,4.374499999999999,4.6825,0.016,299.782,0.148,4.3025,4.532,0.011,299.773,0.135,4.2755,4.381500000000001,-0.001,299.766,0.131,4.287,4.2635,-0.006999999999999999,299.757,0.131,4.295999999999999,4.1705000000000005,-0.0005,299.747,0.133,
4.3004999999999995,5.7675,0.019999999999999997,299.954,0.22,4.2105,5.5575,0.027,299.866,0.221,4.1370000000000005,5.332,0.020499999999999997,299.787,0.189,4.098,5.143,0.0165,299.743,0.198,4.1025,5.0535,0.0155,299.745,0.209,4.145,5.0344999999999995,0.017,299.762,0.214,4.2245,5.028499999999999,0.0185,299.781,0.211,4.327500000000001,4.9955,0.014,299.807,0.201,4.414,4.9365000000000006,0.006,299.824,0.213,4.45,4.869,0.0045000000000000005,299.819,0.208,4.4305,4.814,0.012,299.801,0.225,4.3805,4.747,0.0215,299.789,0.226,4.338,4.6315,0.0195,299.791,0.217,4.322,4.4865,0.0085,299.791,0.133,4.322,4.3469999999999995,-0.0015,299.781,0.125,4.314500000000001,4.2385,-0.002,299.768,0.116,
4.459,6.0235,0.004,300.064,0.129,4.3855,5.855,0.007,299.984,0.227,4.2995,5.6315,-0.001,299.893,0.234,4.2219999999999995,5.4075,-0.0034999999999999996,299.817,0.194,4.182,5.252000000000001,0.002,299.78,0.201,4.199,5.1884999999999994,0.01,299.787,0.209,4.263999999999999,5.1675,0.0085,299.823,0.209,4.345,5.118,-0.001,299.854,0.218,4.4094999999999995,5.0329999999999995,-0.010499999999999999,299.866,0.224,4.4355,4.939,-0.013000000000000001,299.852,0.203,4.421,4.861,-0.0065,299.828,0.208,4.384,4.7965,0.0045000000000000005,299.814,0.233,4.351000000000001,4.6975,0.007,299.815,0.237,4.3385,4.548500000000001,-0.0005,299.815,0.22,4.3415,4.3870000000000005,-0.010499999999999999,299.804,0.196,4.338,4.266500000000001,-0.015,299.794,0.188,
4.5405,6.1065000000000005,-0.036500000000000005,300.125,0.12,4.48,6.013,-0.036500000000000005,300.064,0.235,4.4094999999999995,5.8420000000000005,-0.039,299.981,0.232,4.340999999999999,5.632,-0.037,299.894,0.195,4.2855,5.4505,-0.025,299.832,0.195,4.2575,5.336,-0.0165,299.818,0.206,4.2605,5.253500000000001,-0.0205,299.841,0.222,4.2895,5.155,-0.029,299.862,0.22,4.3335,5.0455000000000005,-0.0335,299.871,0.213,4.368,4.947,-0.036000000000000004,299.866,0.202,4.371,4.8614999999999995,-0.032,299.849,0.214,4.341,4.791,-0.0245,299.83,0.214,4.297499999999999,4.6995000000000005,-0.02,299.819,0.222,4.272,4.5489999999999995,-0.024,299.813,0.225,4.284,4.3705,-0.03,299.81,0.21,4.324999999999999,4.2465,-0.028,299.815,0.206,
4.4415,6.0125,-0.043,300.065,0.236,4.4345,6.011,-0.043,300.055,0.24,4.420999999999999,5.923500000000001,-0.0495,300.013,0.231,4.3919999999999995,5.758,-0.0515,299.942,0.197,4.335,5.5805,-0.046,299.873,0.208,4.2445,5.4215,-0.0405,299.826,0.206,4.155,5.2745,-0.036500000000000005,299.81,0.223,4.12,5.1335,-0.0325,299.817,0.226,4.1525,5.0075,-0.032,299.832,0.223,4.2085,4.904999999999999,-0.0375,299.847,0.216,4.2355,4.812,-0.041499999999999995,299.844,0.216,4.2170000000000005,4.7330000000000005,-0.038000000000000006,299.823,0.222,4.1685,4.654,-0.0335,299.8,0.226,4.1274999999999995,4.528499999999999,-0.035,299.789,0.23,4.144,4.359999999999999,-0.0395,299.797,0.24,4.2375,4.2355,-0.035,299.824,0.228,
4.341,5.8795,-0.014499999999999999,300.003,0.234,4.37,5.941000000000001,-0.02,300.029,0.238,4.396,5.914,-0.035,300.021,0.251,4.394,5.792999999999999,-0.0445,299.969,0.236,4.34,5.6285,-0.05,299.901,0.218,4.2235,5.454000000000001,-0.0475,299.832,0.22,4.089,5.2925,-0.035,299.786,0.224,4.0065,5.1475,-0.0215,299.778,0.226,4.0005,5.008,-0.0195,299.796,0.226,4.0375,4.8740000000000006,-0.029,299.822,0.223,4.073,4.753500000000001,-0.039,299.831,0.221,4.0845,4.661,-0.039,299.816,0.224,4.068,4.601,-0.035,299.791,0.227,4.041,4.529,-0.0385,299.783,0.231,4.0535,4.404999999999999,-0.048,299.801,0.227,4.139,4.265499999999999,-0.052,299.839,0.219,
4.3015,5.82,0.009000000000000001,299.978,0.245,4.316,5.9,-0.0075,300.012,0.245,4.3285,5.891,-0.0265,300.007,0.247,4.3260000000000005,5.789,-0.037000000000000005,299.961,0.23,4.289,5.632,-0.045,299.898,0.222,4.2105,5.46,-0.045,299.833,0.227,4.1080000000000005,5.308,-0.0345,299.789,0.223,4.008,5.172,-0.023,299.774,0.22,3.935,5.026,-0.023,299.782,0.222,3.904,4.868,-0.0325,299.799,0.225,3.915,4.727,-0.043,299.814,0.225,3.952,4.625,-0.046,299.812,0.226,3.987,4.575,-0.0435,299.799,0.227,3.9995000000000003,4.535,-0.049,299.798,0.228,3.999,4.441,-0.068,299.82,0.226,4.011,4.289,-0.08,299.851,0.218,
6.0985,6.5794999999999995,-0.032,300.754,0.175,6.084,6.491,-0.036500000000000005,300.719,0.187,6.0665,6.3925,-0.026500000000000003,300.678,0.189,6.0715,6.2865,-0.013999999999999999,300.648,0.17,6.1065000000000005,6.197,-0.020499999999999997,300.648,0.167,6.1455,6.1005,-0.041999999999999996,300.642,0.165,6.1475,5.981,-0.056999999999999995,300.612,0.164,6.083500000000001,5.842499999999999,-0.049,300.566,0.16,5.970000000000001,5.67,-0.019999999999999997,300.489,0.156,5.8855,5.4655000000000005,0.013999999999999999,300.381,0.154,5.912,5.292,0.0205,300.298,0.145,6.0545,5.2265,-0.011,300.298,0.159,6.2425,5.2615,-0.049,300.369,0.169,6.3985,5.331,-0.065,300.442,0.163,6.49,5.3925,-0.0545,300.481,0.154,6.5265,5.4185,-0.0225,300.492,0.128,
6.0615000000000006,6.5655,-0.0325,300.772,0.181,6.05,6.4775,-0.033,300.734,0.193,6.023,6.3885000000000005,-0.026000000000000002,300.687,0.185,6.0024999999999995,6.2844999999999995,-0.014499999999999999,300.639,0.169,6.0115,6.175000000000001,-0.018000000000000002,300.61,0.169,6.047000000000001,6.073,-0.034,300.596,0.168,6.077500000000001,5.9879999999999995,-0.0435,300.588,0.165,6.0575,5.8955,-0.0395,300.572,0.163,5.9719999999999995,5.750500000000001,-0.0245,300.517,0.159,5.8785,5.5565,0.0025,300.413,0.159,5.867,5.3795,0.0135,300.321,0.153,5.974500000000001,5.284,-0.014499999999999999,300.301,0.167,6.159000000000001,5.278499999999999,-0.053,300.351,0.174,6.336,5.3325,-0.068,300.424,0.169,6.4285,5.394,-0.061,300.477,0.162,6.4365,5.4079999999999995,-0.038500000000000006,300.487,0.135,
6.03,6.5705,-0.0235,300.787,0.193,6.0275,6.48,-0.020999999999999998,300.75,0.189,6.0055,6.4,-0.022,300.71,0.178,5.968999999999999,6.303,-0.0195,300.656,0.165,5.9465,6.176,-0.022,300.594,0.169,5.9655000000000005,6.0585,-0.028999999999999998,300.556,0.169,6.009,5.989,-0.032,300.559,0.166,6.0175,5.928,-0.033,300.567,0.164,5.9559999999999995,5.808,-0.025500000000000002,300.525,0.162,5.8665,5.6335,-0.003,300.431,0.162,5.832000000000001,5.465,0.0055,300.346,0.159,5.909000000000001,5.3454999999999995,-0.0195,300.311,0.152,6.0905000000000005,5.308,-0.0515,300.341,0.164,6.2940000000000005,5.3454999999999995,-0.069,300.417,0.176,6.409000000000001,5.4,-0.07350000000000001,300.489,0.17,6.4135,5.4085,-0.059,300.511,0.156,
5.9975000000000005,6.5905000000000005,-0.0065,300.795,0.184,6.0035,6.4955,-0.007,300.76,0.171,5.9935,6.4165,-0.0145,300.73,0.163,5.959,6.3285,-0.020499999999999997,300.683,0.164,5.9239999999999995,6.2044999999999995,-0.0225,300.608,0.169,5.9275,6.080500000000001,-0.0235,300.549,0.17,5.965999999999999,6.003,-0.0235,300.544,0.167,5.9855,5.944,-0.025500000000000002,300.556,0.165,5.9445,5.846500000000001,-0.020999999999999998,300.524,0.165,5.8629999999999995,5.7035,-0.003,300.448,0.165,5.8055,5.5465,-0.0015,300.374,0.163,5.8415,5.4055,-0.0245,300.324,0.16,5.997,5.330500000000001,-0.0495,300.327,0.173,6.2059999999999995,5.334,-0.07050000000000001,300.392,0.18,6.3555,5.3655,-0.08299999999999999,300.475,0.175,6.399,5.38,-0.07400000000000001,300.525,0.165,
5.959,6.6065000000000005,0.009000000000000001,300.793,0.176,5.9635,6.507,0.007,300.76,0.165,5.964,6.4254999999999995,0.0,300.735,0.166,5.9510000000000005,6.349,-0.0095,300.702,0.168,5.93,6.247999999999999,-0.0145,300.641,0.169,5.9254999999999995,6.133,-0.0165,300.579,0.17,5.9465,6.037,-0.0165,300.551,0.168,5.965999999999999,5.959,-0.015,300.544,0.167,5.946,5.875500000000001,-0.0095,300.521,0.168,5.8765,5.7669999999999995,0.0015,300.471,0.168,5.797000000000001,5.625500000000001,-0.0035,300.407,0.167,5.782,5.4725,-0.026500000000000003,300.345,0.159,5.875500000000001,5.356,-0.0485,300.315,0.182,6.0435,5.305,-0.0675,300.343,0.169,6.212,5.2965,-0.0795,300.415,0.179,6.324,5.313,-0.07150000000000001,300.491,0.172,
5.9005,6.599,0.020999999999999998,300.775,0.168,5.9,6.4985,0.023,300.744,0.171,5.912,6.4215,0.0205,300.723,0.173,5.9254999999999995,6.36,0.009,300.703,0.171,5.9275,6.288,-0.002,300.666,0.169,5.9245,6.1925,-0.008,300.615,0.17,5.934,6.0875,-0.009,300.571,0.169,5.9544999999999995,5.989000000000001,-0.005,300.543,0.169,5.9544999999999995,5.9055,0.0015,300.523,0.17,5.904,5.823,0.0075,300.497,0.17,5.8185,5.707,-0.0005,300.446,0.17,5.7585,5.5575,-0.0215,300.38,0.166,5.7735,5.4115,-0.041499999999999995,300.322,0.186,5.8675,5.3055,-0.059,300.306,0.18,6.018000000000001,5.2495,-0.0655,300.344,0.162,6.1785,5.249,-0.0555,300.418,0.178,
5.8175,6.5809999999999995,0.025,300.737,0.173,5.818,6.472,0.035500000000000004,300.709,0.174,5.8395,6.4025,0.039,300.693,0.174,5.872,6.3585,0.0275,300.683,0.172,5.8945,6.3155,0.010499999999999999,300.667,0.169,5.904,6.2475000000000005,-0.001,300.634,0.169,5.916,6.149,-0.004,300.591,0.169,5.939,6.0385,-0.0015,300.551,0.17,5.954000000000001,5.9445,0.004,300.528,0.171,5.929,5.875,0.0085,300.517,0.17,5.859999999999999,5.792999999999999,0.002,300.487,0.171,5.7844999999999995,5.666,-0.0135,300.427,0.194,5.744,5.511,-0.031,300.357,0.169,5.763999999999999,5.368,-0.046,300.313,0.149,5.862,5.2705,-0.047,300.308,0.135,6.016,5.237,-0.037,300.349,0.167,
5.726,6.593999999999999,0.017,300.7,0.185,5.731,6.456,0.036500000000000005,300.665,0.177,5.7635,6.375,0.0465,300.651,0.174,5.810499999999999,6.339,0.0375,300.65,0.174,5.851,6.3245000000000005,0.0175,300.653,0.172,5.875,6.2915,0.002,300.642,0.17,5.8919999999999995,6.214,-0.0045000000000000005,300.609,0.169,5.915,6.105,-0.0045000000000000005,300.565,0.169,5.9415,6.0009999999999994,0.0,300.537,0.169,5.949,5.932,0.0045000000000000005,300.534,0.17,5.917,5.8765,0.0005,300.527,0.173,5.852,5.782,-0.007,300.485,0.175,5.785,5.6395,-0.019000000000000003,300.42,0.183,5.7585,5.4830000000000005,-0.0295,300.361,0.15,5.803,5.3565000000000005,-0.0305,300.327,0.136,5.9079999999999995,5.288,-0.0225,300.331,0.159,
5.656499999999999,6.667,0.0015,300.695,0.187,5.643,6.492,0.0225,300.631,0.176,5.675,6.372999999999999,0.036,300.6,0.175,5.734999999999999,6.3165,0.0315,300.6,0.176,5.798,6.314500000000001,0.0165,300.622,0.176,5.8445,6.314,0.002,300.637,0.173,5.8735,6.2715,-0.005,300.622,0.171,5.8995,6.186,-0.0065,300.587,0.17,5.9345,6.085,-0.0035,300.558,0.17,5.9695,6.0045,0.0,300.555,0.168,5.976,5.9485,0.002,300.565,0.138,5.9345,5.875,0.002,300.545,0.14,5.862,5.7585,-0.006,300.493,0.144,5.8085,5.6129999999999995,-0.017,300.427,0.141,5.811999999999999,5.4725,-0.0215,300.374,0.127,5.8614999999999995,5.3759999999999994,-0.013999999999999999,300.358,0.131,
5.63,6.82,0.0015,300.714,0.184,5.5845,6.6235,0.016,300.631,0.167,5.588,6.46,0.022,300.57,0.176,5.6375,6.3555,0.0195,300.548,0.179,5.714,6.33,0.0125,300.571,0.182,5.789,6.341,0.0065,300.605,0.181,5.8485,6.3365,0.0035,300.618,0.177,5.894,6.2915,0.0005,300.611,0.172,5.933,6.207,-0.002,300.592,0.169,5.968500000000001,6.1085,0.0,300.582,0.177,5.9865,6.024,0.0095,300.582,0.142,5.9665,5.945,0.0165,300.572,0.132,5.910500000000001,5.8485,0.011,300.536,0.124,5.8515,5.727,-0.004,300.479,0.122,5.8260000000000005,5.593,-0.0135,300.419,0.123,5.8365,5.481,-0.0075,300.392,0.127,
5.682,7.0645,0.014499999999999999,300.768,0.19,5.628,6.8675,0.023,300.687,0.191,5.6015,6.6705000000000005,0.015,300.612,0.166,5.6155,6.5125,0.0095,300.56,0.172,5.6735,6.4335,0.0095,300.557,0.18,5.758,6.425000000000001,0.0125,300.586,0.184,5.846,6.444,0.015,300.619,0.181,5.915,6.4315,0.009000000000000001,300.641,0.174,5.953,6.362,-0.0005,300.64,0.176,5.9670000000000005,6.2485,-0.0015,300.62,0.176,5.9670000000000005,6.1295,0.0095,300.595,0.186,5.953,6.025,0.0225,300.576,0.191,5.926,5.928,0.0215,300.555,0.184,5.893000000000001,5.821,0.0075,300.517,0.122,5.8645,5.702999999999999,-0.006,300.471,0.12,5.8465,5.5865,-0.0075,300.435,0.112,
5.814,7.3125,-0.003,300.866,0.121,5.761,7.1365,-0.0005,300.792,0.194,5.7165,6.9295,-0.011000000000000001,300.712,0.198,5.699,6.7385,-0.0155,300.643,0.168,5.7285,6.6075,-0.008,300.605,0.171,5.8055,6.557,0.0035,300.614,0.177,5.898,6.5634999999999994,0.003,300.654,0.176,5.965,6.554,-0.008,300.687,0.19,5.991,6.4925,-0.0195,300.693,0.195,5.986,6.382,-0.0215,300.667,0.181,5.967499999999999,6.2465,-0.012,300.63,0.177,5.947,6.1135,0.0035,300.6,0.194,5.929,5.9965,0.008,300.578,0.199,5.9125,5.885,-0.0015,300.548,0.186,5.888999999999999,5.7745,-0.015,300.513,0.174,5.855499999999999,5.6594999999999995,-0.020499999999999997,300.477,0.161,
5.8785,7.411,-0.0435,300.924,0.115,5.824999999999999,7.2905,-0.045,300.863,0.201,5.779,7.114,-0.052000000000000005,300.79,0.197,5.759,6.9265,-0.0525,300.719,0.168,5.775499999999999,6.77,-0.038,300.665,0.154,5.827,6.6685,-0.026500000000000003,300.648,0.182,5.891,6.6185,-0.0285,300.67,0.197,5.9415,6.5815,-0.037500000000000006,300.698,0.197,5.968,6.531499999999999,-0.044,300.708,0.194,5.9685,6.449999999999999,-0.047,300.693,0.172,5.946,6.3235,-0.041499999999999995,300.657,0.182,5.914,6.1705000000000005,-0.0295,300.618,0.184,5.888999999999999,6.0265,-0.0225,300.586,0.189,5.875500000000001,5.901999999999999,-0.027999999999999997,300.556,0.189,5.861000000000001,5.792,-0.037000000000000005,300.53,0.182,5.841,5.688,-0.0345,300.504,0.182,
5.791,7.343999999999999,-0.046,300.871,0.203,5.771,7.3055,-0.048,300.854,0.195,5.759,7.192,-0.06,300.812,0.182,5.7595,7.0344999999999995,-0.0655,300.76,0.164,5.7675,6.874499999999999,-0.0595,300.708,0.179,5.7725,6.7265,-0.051500000000000004,300.663,0.161,5.7805,6.609,-0.0455,300.638,0.184,5.811,6.5365,-0.039999999999999994,300.642,0.19,5.859,6.499,-0.040499999999999994,300.663,0.19,5.886,6.452,-0.048,300.675,0.187,5.867,6.349,-0.051500000000000004,300.655,0.188,5.8215,6.1935,-0.0455,300.609,0.193,5.784,6.0355,-0.0385,300.563,0.195,5.7695,5.9045,-0.040999999999999995,300.534,0.198,5.7745,5.7955000000000005,-0.0495,300.518,0.209,5.7965,5.7035,-0.045,300.51,0.201,
5.6985,7.2225,-0.011,300.804,0.201,5.705500000000001,7.25,-0.018000000000000002,300.822,0.204,5.718500000000001,7.196,-0.039,300.811,0.212,5.7315000000000005,7.0745000000000005,-0.053500000000000006,300.776,0.187,5.728,6.9205,-0.061,300.73,0.183,5.6985,6.7485,-0.057499999999999996,300.669,0.184,5.672000000000001,6.595000000000001,-0.042499999999999996,300.612,0.188,5.689500000000001,6.5,-0.027,300.592,0.191,5.745,6.4605,-0.025,300.613,0.194,5.786,6.4245,-0.036500000000000005,300.641,0.195,5.777,6.3420000000000005,-0.048,300.64,0.195,5.737500000000001,6.2055,-0.0475,300.604,0.198,5.7044999999999995,6.0585,-0.041999999999999996,300.558,0.199,5.693,5.9345,-0.047,300.528,0.202,5.7085,5.826499999999999,-0.061,300.516,0.201,5.7490000000000006,5.7255,-0.0665,300.516,0.196,
5.6515,7.163,0.0185,300.764,0.209,5.649,7.213,-0.001,300.792,0.209,5.6505,7.183,-0.025,300.79,0.209,5.6579999999999995,7.079,-0.040999999999999995,300.762,0.191,5.6545000000000005,6.93,-0.052000000000000005,300.721,0.189,5.632,6.754,-0.052500000000000005,300.667,0.194,5.6135,6.594,-0.040999999999999995,300.612,0.189,5.6245,6.492,-0.0275,300.583,0.186,5.6585,6.446,-0.027000000000000003,300.589,0.19,5.685499999999999,6.407,-0.0385,300.606,0.196,5.686999999999999,6.332,-0.051500000000000004,300.615,0.2,5.672000000000001,6.21,-0.0545,300.6,0.202,5.657500000000001,6.075,-0.051500000000000004,300.569,0.202,5.649,5.958,-0.0595,300.544,0.202,5.649,5.85,-0.08399999999999999,300.529,0.201,5.6605,5.737,-0.0985,300.515,0.199,
6.9735,7.4030000000000005,-0.038000000000000006,301.264,0.126,6.9875,7.308,-0.041499999999999995,301.239,0.13,6.9925,7.213,-0.0295,301.21,0.165,7.0045,7.119999999999999,-0.016,301.189,0.151,7.0305,7.0344999999999995,-0.024,301.183,0.149,7.0555,6.934,-0.05,301.169,0.148,7.059,6.8035,-0.0685,301.134,0.146,7.0235,6.6585,-0.0595,301.091,0.143,6.951499999999999,6.505,-0.025,301.036,0.14,6.8885000000000005,6.336,0.015,300.954,0.139,6.899,6.1805,0.0205,300.876,0.132,7.003,6.1080000000000005,-0.0195,300.865,0.141,7.1525,6.1259999999999994,-0.0645,300.921,0.124,7.2775,6.158,-0.08199999999999999,300.98,0.122,7.3405000000000005,6.158,-0.067,301.003,0.118,7.3485,6.117,-0.0275,300.988,0.109,
6.933,7.404,-0.039999999999999994,301.281,0.16,6.948,7.3025,-0.039,301.249,0.17,6.948499999999999,7.2059999999999995,-0.03,301.213,0.162,6.949,7.112,-0.0165,301.179,0.151,6.9625,7.019,-0.020499999999999997,301.158,0.151,6.986,6.923,-0.039999999999999994,301.141,0.15,7.0075,6.823,-0.052000000000000005,301.122,0.148,7.005,6.715999999999999,-0.0485,301.101,0.145,6.961,6.5815,-0.03,301.063,0.142,6.9005,6.418,0.0025,300.988,0.142,6.8865,6.263,0.013000000000000001,300.907,0.138,6.96,6.168,-0.0225,300.879,0.148,7.0969999999999995,6.154,-0.069,300.918,0.126,7.231,6.1805,-0.0865,300.976,0.124,7.302,6.1945,-0.07600000000000001,301.009,0.122,7.304,6.1605,-0.046,301.002,0.112,
6.8945,7.42,-0.031,301.298,0.17,6.9145,7.311999999999999,-0.028,301.261,0.167,6.920999999999999,7.2170000000000005,-0.027,301.226,0.156,6.915,7.1225000000000005,-0.023,301.189,0.148,6.912,7.0169999999999995,-0.025500000000000002,301.147,0.151,6.9285,6.915,-0.0345,301.116,0.151,6.9595,6.8345,-0.038500000000000006,301.107,0.149,6.975,6.756,-0.039999999999999994,301.105,0.146,6.95,6.638,-0.031,301.073,0.144,6.901,6.486000000000001,-0.004,301.006,0.145,6.878500000000001,6.3435,0.005,300.937,0.143,6.9275,6.2379999999999995,-0.027,300.902,0.138,7.052,6.191,-0.066,300.921,0.145,7.1975,6.202500000000001,-0.0875,300.977,0.126,7.2865,6.2215,-0.0905,301.025,0.124,7.2955000000000005,6.2005,-0.0695,301.035,0.119,
6.864000000000001,7.452500000000001,-0.013000000000000001,301.313,0.162,6.8865,7.34,-0.013500000000000002,301.274,0.15,6.8995,7.241,-0.02,301.243,0.146,6.8955,7.1455,-0.025500000000000002,301.207,0.147,6.8870000000000005,7.0365,-0.0275,301.155,0.151,6.898,6.93,-0.028499999999999998,301.112,0.152,6.9295,6.852,-0.028999999999999998,301.102,0.15,6.95,6.7805,-0.031,301.104,0.147,6.935499999999999,6.676,-0.025500000000000002,301.076,0.147,6.898,6.543,-0.004,301.018,0.147,6.8695,6.4145,-0.002,300.964,0.146,6.893000000000001,6.3035,-0.0305,300.925,0.144,6.995,6.2265,-0.0625,300.922,0.153,7.1395,6.205,-0.088,300.966,0.128,7.25,6.211,-0.101,301.024,0.126,7.286,6.205,-0.088,301.057,0.122,
6.8355,7.4855,0.0055,301.324,0.154,6.854,7.3725,0.003,301.287,0.148,6.871499999999999,7.2695,-0.005,301.255,0.148,6.88,7.176,-0.015,301.224,0.15,6.8815,7.074999999999999,-0.02,301.179,0.151,6.8915,6.971,-0.0215,301.134,0.152,6.9145,6.8845,-0.0215,301.113,0.15,6.932,6.803,-0.0195,301.103,0.149,6.9265,6.7059999999999995,-0.0125,301.076,0.149,6.899,6.593,0.0015,301.032,0.149,6.8655,6.477,-0.0035,300.988,0.149,6.859999999999999,6.3635,-0.031,300.948,0.143,6.9175,6.2620000000000005,-0.059,300.921,0.16,7.032,6.198,-0.08349999999999999,300.935,0.149,7.156000000000001,6.1735,-0.0975,300.987,0.128,7.2385,6.1705000000000005,-0.087,301.043,0.125,
6.7905,7.5015,0.020499999999999997,301.317,0.15,6.8085,7.393,0.0215,301.287,0.152,6.8335,7.2955000000000005,0.0175,301.26,0.154,6.859,7.2105,0.004,301.235,0.152,6.875,7.122999999999999,-0.007,301.202,0.151,6.8870000000000005,7.0280000000000005,-0.013000000000000001,301.163,0.152,6.904,6.9345,-0.014,301.133,0.151,6.920999999999999,6.8395,-0.0095,301.109,0.151,6.925,6.7425,-0.0005,301.082,0.15,6.9075,6.6434999999999995,0.0075,301.051,0.151,6.8735,6.5395,-0.0005,301.016,0.151,6.845000000000001,6.4275,-0.025,300.975,0.149,6.852,6.3125,-0.05,300.932,0.165,6.913,6.215999999999999,-0.07250000000000001,300.913,0.159,7.0225,6.154,-0.08199999999999999,300.939,0.143,7.1415,6.1315,-0.07150000000000001,300.995,0.127,
6.721,7.507,0.025500000000000002,301.288,0.154,6.7455,7.4005,0.0365,301.267,0.155,6.7829999999999995,7.3135,0.0385,301.25,0.155,6.824,7.243,0.0245,301.235,0.153,6.8545,7.173,0.006,301.213,0.151,6.874499999999999,7.093,-0.006,301.185,0.151,6.8925,7.000500000000001,-0.009000000000000001,301.155,0.151,6.911,6.897,-0.006,301.123,0.152,6.922000000000001,6.7940000000000005,0.001,301.095,0.151,6.9155,6.701499999999999,0.007,301.072,0.151,6.890499999999999,6.611000000000001,0.001,301.046,0.152,6.856999999999999,6.506,-0.0165,301.008,0.169,6.833,6.3895,-0.037000000000000005,300.961,0.152,6.842,6.2780000000000005,-0.055499999999999994,300.926,0.136,6.9079999999999995,6.1855,-0.06,300.92,0.124,7.0225,6.1305,-0.0505,300.946,0.147,
6.6425,7.5295000000000005,0.016,301.258,0.164,6.6695,7.4115,0.037,301.235,0.158,6.7205,7.3260000000000005,0.047,301.225,0.155,6.7795000000000005,7.266,0.036000000000000004,301.222,0.154,6.827999999999999,7.2165,0.014,301.216,0.153,6.8605,7.157,-0.0035,301.202,0.151,6.8815,7.075,-0.0105,301.177,0.151,6.8985,6.9719999999999995,-0.01,301.142,0.151,6.914,6.864,-0.0045000000000000005,301.112,0.149,6.9225,6.772,0.001,301.095,0.15,6.9155,6.691000000000001,-0.0015,301.08,0.152,6.891,6.596,-0.0095,301.049,0.154,6.8565000000000005,6.4855,-0.0235,301.007,0.162,6.834,6.3715,-0.036500000000000005,300.969,0.137,6.857,6.263,-0.040499999999999994,300.939,0.121,6.936,6.1815,-0.0335,300.935,0.142,
6.5895,7.593,-0.002,301.251,0.166,6.597,7.4535,0.020499999999999997,301.209,0.157,6.646000000000001,7.352,0.034,301.19,0.156,6.7175,7.2855,0.028499999999999998,301.191,0.157,6.788,7.2485,0.0115,301.203,0.156,6.8405000000000005,7.2105,-0.004,301.209,0.154,6.8725000000000005,7.148,-0.011,301.196,0.152,6.893000000000001,7.059,-0.0125,301.168,0.151,6.913,6.9559999999999995,-0.01,301.139,0.151,6.9335,6.859,-0.0055,301.124,0.149,6.944,6.7725,-0.0015,301.116,0.122,6.933,6.681,-0.0005,301.095,0.128,6.8995,6.579,-0.0085,301.06,0.131,6.862500000000001,6.4695,-0.020999999999999998,301.021,0.129,6.8545,6.3575,-0.0285,300.98,0.119,6.8919999999999995,6.265000000000001,-0.023,300.959,0.117,
6.5745000000000005,7.724,-0.0045000000000000005,301.267,0.162,6.55,7.5655,0.0115,301.207,0.151,6.5735,7.436,0.0165,301.167,0.157,6.6365,7.3435,0.013000000000000001,301.155,0.159,6.718999999999999,7.297,0.0055,301.172,0.161,6.7965,7.2695,-0.0005,301.194,0.16,6.854,7.230499999999999,-0.003,301.201,0.157,6.8915,7.1675,-0.006,301.192,0.153,6.915,7.077500000000001,-0.0095,301.175,0.15,6.932,6.9719999999999995,-0.006500000000000001,301.157,0.156,6.9445,6.865,0.005,301.141,0.129,6.944,6.762499999999999,0.014499999999999999,301.12,0.111,6.9215,6.662,0.009999999999999998,301.092,0.116,6.885,6.5575,-0.006,301.057,0.115,6.862,6.4515,-0.018500000000000003,301.016,0.115,6.8725,6.3605,-0.0155,300.991,0.113,
6.6225000000000005,7.9385,0.006999999999999999,301.318,0.167,6.5835,7.773,0.0155,301.255,0.168,6.577999999999999,7.6135,0.006,301.201,0.149,6.6105,7.483,-0.0005,301.167,0.153,6.679,7.4030000000000005,-0.001,301.167,0.159,6.765499999999999,7.367,0.004,301.188,0.162,6.8469999999999995,7.346,0.0075,301.21,0.16,6.905,7.307,0.001,301.224,0.154,6.9305,7.2285,-0.009000000000000001,301.221,0.153,6.9315,7.116,-0.0095,301.198,0.154,6.9265,6.9864999999999995,0.004,301.164,0.161,6.9245,6.8629999999999995,0.019999999999999997,301.133,0.166,6.9185,6.749499999999999,0.0215,301.108,0.161,6.902,6.6405,0.006500000000000001,301.082,0.115,6.885,6.541,-0.01,301.051,0.108,6.8825,6.454000000000001,-0.013500000000000002,301.031,0.108,
6.721,8.161999999999999,-0.012,301.413,0.107,6.676,8.0105,-0.01,301.35,0.169,6.646,7.8355,-0.0225,301.286,0.173,6.648999999999999,7.6754999999999995,-0.028999999999999998,301.235,0.15,6.6955,7.556,-0.0205,301.209,0.152,6.7780000000000005,7.4945,-0.006999999999999999,301.217,0.156,6.868499999999999,7.468,-0.006,301.246,0.155,6.9345,7.4335,-0.017,301.27,0.131,6.961,7.3635,-0.029,301.273,0.133,6.9535,7.256,-0.031,301.251,0.128,6.9315,7.118,-0.019,301.208,0.156,6.915,6.974,0.0,301.167,0.167,6.9085,6.836,0.007,301.135,0.173,6.906000000000001,6.7095,-0.0035,301.104,0.162,6.8995,6.6065,-0.0195,301.081,0.127,6.8875,6.5215,-0.025500000000000002,301.067,0.142,
6.773999999999999,8.268,-0.051000000000000004,301.469,0.105,6.731,8.157499999999999,-0.053500000000000006,301.421,0.135,6.6935,8.0025,-0.064,301.36,0.134,6.683,7.841,-0.067,301.304,0.123,6.714,7.699999999999999,-0.0525,301.261,0.128,6.781,7.6005,-0.038,301.25,0.128,6.8575,7.5329999999999995,-0.0385,301.266,0.134,6.9185,7.478999999999999,-0.047,301.287,0.134,6.951499999999999,7.4205000000000005,-0.0545,301.296,0.133,6.9510000000000005,7.338,-0.057499999999999996,301.285,0.125,6.9239999999999995,7.213,-0.0505,301.247,0.16,6.89,7.058,-0.035,301.199,0.162,6.8685,6.8945,-0.026000000000000002,301.152,0.166,6.865500000000001,6.746,-0.032,301.111,0.163,6.8685,6.632999999999999,-0.0435,301.09,0.16,6.8665,6.5535,-0.039999999999999994,301.085,0.159,
6.723000000000001,8.2335,-0.0485,301.434,0.136,6.7059999999999995,8.185500000000001,-0.052000000000000005,301.422,0.136,6.6895,8.079,-0.069,301.389,0.129,6.6865000000000006,7.939500000000001,-0.078,301.345,0.123,6.702,7.7965,-0.07250000000000001,301.302,0.127,6.7295,7.659,-0.0625,301.265,0.121,6.766500000000001,7.5375,-0.055,301.243,0.161,6.817500000000001,7.455,-0.0485,301.244,0.165,6.8715,7.407500000000001,-0.0495,301.264,0.166,6.897,7.3555,-0.057499999999999996,301.277,0.164,6.875,7.2585,-0.0605,301.259,0.165,6.825,7.111000000000001,-0.052500000000000005,301.209,0.169,6.785,6.9375,-0.0435,301.148,0.171,6.777,6.7755,-0.0475,301.099,0.174,6.7965,6.653,-0.058499999999999996,301.078,0.182,6.8260000000000005,6.5760000000000005,-0.053000000000000005,301.086,0.176,
6.6455,8.135,-0.006999999999999999,301.372,0.175,6.653499999999999,8.1435,-0.016,301.394,0.177,6.6585,8.0855,-0.043,301.39,0.184,6.664999999999999,7.977,-0.062,301.364,0.154,6.666499999999999,7.841,-0.07100000000000001,301.326,0.161,6.6594999999999995,7.6835,-0.0665,301.273,0.161,6.6665,7.531499999999999,-0.05,301.221,0.164,6.71,7.4275,-0.033,301.202,0.167,6.7765,7.3759999999999994,-0.031,301.222,0.169,6.822,7.337,-0.0435,301.25,0.17,6.816000000000001,7.2669999999999995,-0.055499999999999994,301.255,0.171,6.7705,7.147,-0.054,301.22,0.174,6.7255,6.9905,-0.048,301.16,0.175,6.714499999999999,6.833,-0.05499999999999999,301.106,0.177,6.742,6.702999999999999,-0.07300000000000001,301.082,0.176,6.7865,6.606999999999999,-0.0785,301.09,0.173,
6.588,8.081,0.0265,301.323,0.181,6.596,8.111,0.005,301.358,0.181,6.599500000000001,8.074,-0.0235,301.366,0.181,6.6045,7.982,-0.045,301.351,0.166,6.603,7.851,-0.057999999999999996,301.32,0.166,6.594,7.69,-0.059,301.272,0.17,6.598000000000001,7.532,-0.047,301.221,0.166,6.6335,7.42,-0.033,301.192,0.163,6.691000000000001,7.361,-0.0315,301.195,0.166,6.7385,7.322,-0.0435,301.216,0.172,6.75,7.263,-0.057999999999999996,301.234,0.175,6.727,7.161,-0.061,301.225,0.177,6.695,7.02,-0.057999999999999996,301.185,0.177,6.681,6.87,-0.069,301.137,0.177,6.6935,6.737,-0.098,301.107,0.176,6.718500000000001,6.624,-0.11449999999999999,301.093,0.176,
7.47,7.970000000000001,-0.045,301.684,0.101,7.5024999999999995,7.8705,-0.047,301.659,0.101,7.525,7.776999999999999,-0.033,301.636,0.137,7.544499999999999,7.688,-0.018000000000000002,301.618,0.129,7.566,7.603,-0.027999999999999997,301.609,0.128,7.583,7.5035,-0.057499999999999996,301.59,0.127,7.59,7.379,-0.079,301.555,0.126,7.5825,7.2475000000000005,-0.07,301.515,0.124,7.556,7.12,-0.031,301.471,0.123,7.527,6.9795,0.0135,301.407,0.122,7.5365,6.8405000000000005,0.018000000000000002,301.34,0.118,7.6085,6.766500000000001,-0.0285,301.326,0.122,7.715,6.766500000000001,-0.07899999999999999,301.366,0.101,7.801,6.7615,-0.0975,301.403,0.101,7.8335,6.714,-0.078,301.401,0.1,7.8205,6.631,-0.033,301.366,0.1,
7.4365000000000006,7.9815000000000005,-0.0485,301.702,0.134,7.4704999999999995,7.8745,-0.0455,301.668,0.141,7.492,7.776,-0.0345,301.636,0.135,7.509,7.685499999999999,-0.0195,301.611,0.129,7.5265,7.5995,-0.0235,301.594,0.129,7.542,7.507,-0.0455,301.576,0.129,7.558,7.4079999999999995,-0.06,301.553,0.127,7.571,7.3055,-0.057999999999999996,301.531,0.126,7.564,7.19,-0.037000000000000005,301.5,0.124,7.54,7.0504999999999995,0.0005,301.441,0.124,7.5375,6.914,0.01,301.372,0.121,7.59,6.8260000000000005,-0.032,301.348,0.126,7.682499999999999,6.8025,-0.08349999999999999,301.378,0.101,7.768,6.7975,-0.10200000000000001,301.414,0.101,7.809,6.7705,-0.0885,301.422,0.101,7.802,6.7045,-0.053500000000000006,301.397,0.1,
7.4030000000000005,8.0045,-0.04,301.722,0.14,7.439500000000001,7.891500000000001,-0.036000000000000004,301.68,0.138,7.4675,7.7905,-0.033,301.646,0.132,7.4855,7.6975,-0.0275,301.617,0.127,7.497,7.6025,-0.028999999999999998,301.587,0.129,7.510999999999999,7.509,-0.039,301.561,0.129,7.5329999999999995,7.4295,-0.045,301.548,0.128,7.5535,7.35,-0.048,301.542,0.126,7.5555,7.244,-0.037500000000000006,301.515,0.125,7.542,7.1114999999999995,-0.006999999999999999,301.461,0.125,7.5405,6.99,0.0015,301.406,0.124,7.5785,6.898,-0.035500000000000004,301.379,0.122,7.657,6.843500000000001,-0.07949999999999999,301.392,0.124,7.7435,6.8265,-0.10300000000000001,301.426,0.101,7.795,6.811999999999999,-0.10400000000000001,301.449,0.101,7.7975,6.769,-0.0785,301.441,0.1,
7.3759999999999994,8.043,-0.0215,301.745,0.135,7.4135,7.927,-0.021,301.7,0.128,7.4465,7.8205,-0.027,301.664,0.126,7.4675,7.7225,-0.0315,301.632,0.127,7.479,7.621,-0.0325,301.594,0.129,7.4955,7.525499999999999,-0.0335,301.56,0.13,7.5205,7.4515,-0.035,301.55,0.129,7.5395,7.380000000000001,-0.037000000000000005,301.547,0.127,7.542,7.281000000000001,-0.0305,301.52,0.126,7.537,7.1615,-0.006500000000000001,301.474,0.127,7.539,7.0565,-0.005,301.435,0.126,7.5649999999999995,6.965999999999999,-0.037500000000000006,301.409,0.125,7.629,6.886,-0.07450000000000001,301.403,0.129,7.7125,6.8415,-0.10300000000000001,301.43,0.101,7.775,6.8225,-0.11599999999999999,301.463,0.101,7.792,6.797000000000001,-0.0985,301.476,0.101,
7.354,8.088000000000001,-0.001,301.768,0.13,7.3885000000000005,7.9725,-0.004,301.724,0.127,7.422499999999999,7.862,-0.012,301.684,0.128,7.4505,7.7605,-0.022,301.65,0.129,7.471,7.6585,-0.0265,301.613,0.129,7.4925,7.5625,-0.0275,301.579,0.13,7.5165,7.4835,-0.027,301.564,0.129,7.531499999999999,7.4065,-0.025,301.552,0.128,7.5335,7.311,-0.016,301.523,0.128,7.532500000000001,7.205500000000001,-0.0005,301.485,0.128,7.535500000000001,7.1114999999999995,-0.0055,301.458,0.128,7.548500000000001,7.0225,-0.036000000000000004,301.434,0.124,7.5875,6.928,-0.0685,301.413,0.134,7.656,6.8535,-0.0975,301.418,0.127,7.728999999999999,6.813000000000001,-0.11349999999999999,301.45,0.101,7.7705,6.7885,-0.0995,301.48,0.101,
7.3205,8.1275,0.016,301.773,0.129,7.3565000000000005,8.0165,0.0165,301.739,0.13,7.395,7.9094999999999995,0.011,301.703,0.131,7.4315,7.8100000000000005,-0.003,301.67,0.13,7.4615,7.7115,-0.013999999999999999,301.636,0.129,7.489,7.618,-0.02,301.605,0.13,7.514,7.532500000000001,-0.0205,301.584,0.129,7.5285,7.4455,-0.0145,301.563,0.129,7.531499999999999,7.349,-0.004,301.532,0.128,7.532,7.2524999999999995,0.0055,301.501,0.129,7.533,7.164,-0.0025,301.479,0.129,7.5344999999999995,7.0745000000000005,-0.028999999999999998,301.457,0.128,7.548,6.9765,-0.057999999999999996,301.427,0.138,7.589499999999999,6.886,-0.08449999999999999,301.413,0.133,7.6575,6.817500000000001,-0.0965,301.428,0.123,7.7215,6.773,-0.08499999999999999,301.458,0.101,
7.2684999999999995,8.163499999999999,0.0225,301.757,0.131,7.311,8.057500000000001,0.033,301.736,0.132,7.359,7.959,0.0335,301.711,0.131,7.406000000000001,7.8665,0.018,301.685,0.13,7.446,7.776,-0.001,301.656,0.129,7.4805,7.688000000000001,-0.013499999999999998,301.63,0.129,7.5095,7.6,-0.0165,301.608,0.129,7.5275,7.5045,-0.0125,301.581,0.13,7.534000000000001,7.4045000000000005,-0.0035,301.55,0.129,7.535,7.311,0.004,301.523,0.129,7.534000000000001,7.225,-0.002,301.503,0.129,7.531000000000001,7.135,-0.019999999999999997,301.48,0.139,7.5305,7.0405,-0.043,301.452,0.129,7.545999999999999,6.949,-0.0645,301.431,0.12,7.59,6.859500000000001,-0.07200000000000001,301.426,0.113,7.655,6.7855,-0.063,301.435,0.126,
7.209,8.2075,0.013,301.735,0.137,7.2535,8.1025,0.0335,301.719,0.134,7.3125,8.01,0.042499999999999996,301.705,0.132,7.373,7.9254999999999995,0.029500000000000002,301.69,0.131,7.426,7.846,0.0065,301.673,0.13,7.4695,7.766,-0.0115,301.654,0.129,7.502,7.679,-0.018,301.634,0.129,7.5225,7.5805,-0.017,301.605,0.129,7.534000000000001,7.4785,-0.0105,301.575,0.128,7.5395,7.385,-0.004,301.551,0.128,7.5405,7.298,-0.0055,301.533,0.129,7.538,7.2075,-0.0135,301.51,0.131,7.5329999999999995,7.1175,-0.028499999999999998,301.487,0.135,7.532,7.031000000000001,-0.043,301.469,0.121,7.551,6.9335,-0.049,301.448,0.109,7.6,6.8405000000000005,-0.044,301.436,0.123,
7.169499999999999,8.273,-0.0065,301.727,0.138,7.1985,8.162500000000001,0.016,301.702,0.133,7.256500000000001,8.068,0.0285,301.688,0.133,7.327,7.986,0.0215,301.682,0.133,7.395,7.9155,0.003,301.679,0.132,7.451,7.845000000000001,-0.013,301.673,0.131,7.4915,7.763,-0.0195,301.658,0.13,7.5184999999999995,7.669499999999999,-0.0205,301.634,0.129,7.536,7.571,-0.018,301.609,0.129,7.5465,7.474,-0.0125,301.588,0.127,7.551,7.379,-0.0065,301.568,0.11,7.5504999999999995,7.2845,-0.0045000000000000005,301.545,0.115,7.5440000000000005,7.1965,-0.012,301.526,0.117,7.534,7.1114999999999995,-0.025,301.509,0.116,7.535,7.015499999999999,-0.035,301.483,0.111,7.564,6.922499999999999,-0.0325,301.462,0.107,
7.1579999999999995,8.3855,-0.0115,301.736,0.136,7.1625,8.265,0.004999999999999999,301.699,0.129,7.2015,8.158999999999999,0.0085,301.675,0.133,7.266500000000001,8.068,0.0034999999999999996,301.664,0.134,7.3425,7.996499999999999,-0.004999999999999999,301.669,0.135,7.4135,7.932,-0.011000000000000001,301.675,0.134,7.47,7.8605,-0.012499999999999999,301.672,0.133,7.5095,7.7795,-0.0155,301.662,0.13,7.5335,7.6875,-0.019,301.648,0.129,7.545,7.5845,-0.014499999999999999,301.627,0.131,7.55,7.475,-0.0015,301.6,0.115,7.5525,7.37,0.01,301.57,0.1,7.548,7.276,0.006999999999999999,301.549,0.108,7.534000000000001,7.1855,-0.0085,301.532,0.108,7.5255,7.093999999999999,-0.0235,301.51,0.108,7.542999999999999,7.013,-0.024,301.494,0.104,
7.185499999999999,8.562999999999999,-0.002,301.78,0.139,7.177,8.436,0.006,301.737,0.139,7.194,8.311,-0.004,301.702,0.128,7.2379999999999995,8.1995,-0.0125,301.68,0.13,7.3045,8.1115,-0.0135,301.677,0.134,7.3805,8.045,-0.0075,301.684,0.136,7.451,7.984999999999999,-0.0035,301.691,0.134,7.504,7.9175,-0.01,301.697,0.131,7.533,7.83,-0.0195,301.693,0.129,7.5405,7.721500000000001,-0.0195,301.671,0.131,7.5385,7.5975,-0.0035,301.632,0.134,7.538,7.4775,0.015,301.592,0.137,7.5375,7.367,0.019000000000000003,301.566,0.134,7.529999999999999,7.2625,0.0045000000000000005,301.547,0.108,7.526,7.172499999999999,-0.0145,301.531,0.101,7.541499999999999,7.101,-0.021,301.527,0.104,
7.231,8.751999999999999,-0.022,301.867,0.1,7.2165,8.631499999999999,-0.020499999999999997,301.82,0.14,7.215,8.494,-0.0345,301.774,0.142,7.2385,8.363499999999998,-0.043,301.737,0.129,7.291,8.2525,-0.0345,301.717,0.129,7.364,8.1745,-0.02,301.718,0.132,7.4405,8.1135,-0.0175,301.732,0.131,7.502000000000001,8.0485,-0.028,301.746,0.101,7.5375,7.964,-0.04,301.747,0.101,7.545999999999999,7.857,-0.041999999999999996,301.726,0.101,7.5385,7.728,-0.0275,301.683,0.132,7.5295000000000005,7.594,-0.0055,301.635,0.138,7.5235,7.46,0.0035,301.595,0.141,7.521,7.3335,-0.006999999999999999,301.565,0.135,7.524,7.237,-0.0245,301.552,0.102,7.534000000000001,7.1685,-0.031,301.556,0.122,
7.253,8.8575,-0.058499999999999996,301.922,0.1,7.2395,8.761,-0.062,301.886,0.101,7.2305,8.6345,-0.07550000000000001,301.84,0.101,7.2415,8.5025,-0.08099999999999999,301.797,0.101,7.2829999999999995,8.3795,-0.067,301.764,0.111,7.3485,8.2805,-0.0505,301.752,0.101,7.4185,8.194500000000001,-0.05,301.759,0.101,7.4775,8.116,-0.057499999999999996,301.77,0.101,7.518000000000001,8.038,-0.0655,301.776,0.101,7.535,7.946,-0.0685,301.765,0.1,7.529,7.827,-0.0595,301.729,0.134,7.5095,7.6865000000000006,-0.041499999999999995,301.677,0.135,7.491,7.53,-0.0305,301.62,0.137,7.484999999999999,7.381,-0.036500000000000005,301.574,0.135,7.4925,7.273,-0.05,301.557,0.134,7.507,7.208,-0.0455,301.569,0.133,
7.2285,8.8565,-0.051000000000000004,301.901,0.101,7.2255,8.7995,-0.056,301.892,0.104,7.2245,8.703,-0.077,301.867,0.102,7.2364999999999995,8.586,-0.0895,301.835,0.101,7.266,8.4645,-0.08499999999999999,301.801,0.101,7.3065,8.341999999999999,-0.07400000000000001,301.769,0.101,7.3525,8.221,-0.0645,301.746,0.134,7.4055,8.123999999999999,-0.057499999999999996,301.742,0.137,7.4585,8.053,-0.058499999999999996,301.756,0.137,7.4925,7.9815000000000005,-0.0665,301.767,0.136,7.493,7.884,-0.0695,301.751,0.137,7.4655000000000005,7.7509999999999994,-0.0595,301.701,0.139,7.4345,7.5865,-0.049,301.631,0.141,7.425,7.425,-0.0545,301.571,0.143,7.443,7.3065,-0.0675,301.55,0.147,7.4735,7.2395,-0.061,301.567,0.144,
7.181,8.7985,-0.0035,301.85,0.143,7.1915,8.7805,-0.014499999999999999,301.87,0.144,7.202,8.716999999999999,-0.0465,301.869,0.149,7.2170000000000005,8.621,-0.07,301.852,0.126,7.234500000000001,8.5055,-0.0805,301.823,0.134,7.251,8.371,-0.0755,301.778,0.134,7.2775,8.2315,-0.057999999999999996,301.731,0.136,7.3265,8.120999999999999,-0.039999999999999994,301.711,0.138,7.388,8.047,-0.037500000000000006,301.724,0.139,7.436,7.9855,-0.0505,301.749,0.14,7.4485,7.91,-0.0625,301.755,0.141,7.4245,7.7989999999999995,-0.06,301.721,0.143,7.391,7.6495,-0.054,301.655,0.143,7.3825,7.493,-0.0635,301.591,0.145,7.4079999999999995,7.367,-0.08499999999999999,301.562,0.144,7.4455,7.2775,-0.0895,301.571,0.142,
7.141500000000001,8.763,0.033,301.801,0.147,7.152,8.761,0.011,301.834,0.146,7.160500000000001,8.713,-0.0225,301.846,0.146,7.174,8.628,-0.0485,301.841,0.138,7.1875,8.516,-0.064,301.82,0.138,7.198499999999999,8.38,-0.0655,301.78,0.141,7.2195,8.238,-0.053500000000000006,301.732,0.138,7.2625,8.122,-0.039,301.702,0.136,7.32,8.043,-0.036500000000000005,301.701,0.137,7.371499999999999,7.982,-0.0485,301.722,0.141,7.396,7.916,-0.0635,301.741,0.143,7.3875,7.819,-0.066,301.732,0.145,7.365,7.683,-0.0635,301.688,0.145,7.3580000000000005,7.534,-0.0785,301.632,0.145,7.3759999999999994,7.405,-0.11149999999999999,301.595,0.144,7.400499999999999,7.298,-0.1285,301.578,0.144,
7.6274999999999995,8.304,-0.052000000000000005,302.032,0.1,7.6715,8.207,-0.053000000000000005,302.002,0.1,7.7075,8.1155,-0.037000000000000005,301.977,0.104,7.737,8.0275,-0.020999999999999998,301.96,0.103,7.7605,7.939500000000001,-0.0325,301.95,0.103,7.778499999999999,7.842499999999999,-0.0645,301.931,0.103,7.795,7.741,-0.088,301.9,0.103,7.816000000000001,7.6485,-0.0795,301.864,0.102,7.836,7.5575,-0.038000000000000006,301.822,0.102,7.851,7.436999999999999,0.009000000000000001,301.762,0.102,7.8765,7.3065,0.012,301.705,0.102,7.926,7.234,-0.038,301.696,0.102,7.984500000000001,7.213,-0.0915,301.722,0.1,8.0195,7.1739999999999995,-0.1095,301.73,0.1,8.0155,7.0915,-0.087,301.699,0.1,7.99,6.9879999999999995,-0.039,301.652,0.1,
7.607,8.319500000000001,-0.056499999999999995,302.051,0.103,7.654999999999999,8.2195,-0.052500000000000005,302.011,0.104,7.695,8.126000000000001,-0.0395,301.979,0.103,7.727,8.04,-0.023,301.957,0.103,7.749499999999999,7.952999999999999,-0.027000000000000003,301.941,0.103,7.7645,7.8605,-0.0505,301.923,0.103,7.7844999999999995,7.776,-0.0675,301.906,0.103,7.8134999999999994,7.702999999999999,-0.0675,301.89,0.102,7.8365,7.618,-0.0445,301.857,0.102,7.849500000000001,7.4985,-0.004999999999999999,301.796,0.102,7.873,7.372,0.0035,301.736,0.102,7.9195,7.293,-0.042499999999999996,301.723,0.103,7.9705,7.2555,-0.0955,301.745,0.1,7.9995,7.2165,-0.11349999999999999,301.756,0.1,7.997,7.154999999999999,-0.098,301.736,0.1,7.976000000000001,7.0705,-0.06,301.693,0.1,
7.588,8.346,-0.049,302.077,0.104,7.6395,8.244,-0.0445,302.028,0.104,7.686,8.149000000000001,-0.03949999999999999,301.991,0.103,7.723000000000001,8.060500000000001,-0.0325,301.964,0.103,7.7455,7.968,-0.033,301.937,0.103,7.7605,7.877000000000001,-0.0435,301.913,0.103,7.782,7.806,-0.051000000000000004,301.906,0.103,7.8100000000000005,7.747,-0.055,301.905,0.103,7.8305,7.666,-0.044,301.878,0.102,7.8445,7.5565,-0.0125,301.823,0.103,7.8715,7.448,-0.006,301.774,0.102,7.917,7.3635,-0.045,301.756,0.102,7.962,7.2995,-0.091,301.766,0.102,7.987,7.2509999999999994,-0.11449999999999999,301.78,0.1,7.986000000000001,7.2065,-0.11399999999999999,301.779,0.1,7.9675,7.145,-0.08549999999999999,301.75,0.1,
7.571,8.387,-0.031,302.11,0.103,7.625500000000001,8.2835,-0.030000000000000002,302.056,0.103,7.6754999999999995,8.184999999999999,-0.035,302.014,0.102,7.715999999999999,8.0905,-0.038500000000000006,301.98,0.103,7.743499999999999,7.9925,-0.038000000000000006,301.944,0.103,7.765,7.902,-0.039,301.916,0.103,7.7895,7.835,-0.040499999999999994,301.911,0.103,7.811999999999999,7.7775,-0.042499999999999996,301.911,0.103,7.8255,7.7,-0.035,301.886,0.103,7.84,7.6065,-0.0115,301.843,0.103,7.869,7.5195,-0.011,301.81,0.103,7.911,7.433,-0.046,301.79,0.102,7.953,7.3445,-0.08499999999999999,301.784,0.103,7.9805,7.277,-0.11499999999999999,301.796,0.1,7.984500000000001,7.234,-0.127,301.809,0.1,7.9655000000000005,7.187,-0.105,301.797,0.1,
7.553000000000001,8.440999999999999,-0.01,302.143,0.103,7.6080000000000005,8.336,-0.0125,302.091,0.103,7.66,8.233,-0.020999999999999998,302.043,0.103,7.705,8.133,-0.0305,302.002,0.103,7.7405,8.032499999999999,-0.034,301.964,0.103,7.772,7.9425,-0.0345,301.936,0.103,7.801,7.8705,-0.033,301.925,0.103,7.8195,7.804,-0.03,301.915,0.103,7.827,7.7275,-0.019999999999999997,301.889,0.103,7.838,7.648999999999999,-0.0045000000000000005,301.858,0.103,7.8629999999999995,7.577999999999999,-0.0105,301.838,0.103,7.8985,7.4935,-0.043,301.819,0.102,7.937,7.390499999999999,-0.078,301.801,0.103,7.9695,7.304,-0.1095,301.801,0.103,7.983499999999999,7.247999999999999,-0.125,301.817,0.1,7.968999999999999,7.1985,-0.107,301.817,0.1,
7.5295000000000005,8.507,0.008,302.163,0.103,7.586,8.3995,0.008,302.12,0.103,7.640499999999999,8.2935,0.0015,302.073,0.103,7.6895,8.1905,-0.012,302.029,0.103,7.733,8.09,-0.023,301.991,0.103,7.7745,8.0,-0.0285,301.964,0.103,7.8100000000000005,7.9205000000000005,-0.0275,301.947,0.103,7.8294999999999995,7.8415,-0.02,301.927,0.103,7.835,7.7620000000000005,-0.0085,301.898,0.103,7.8420000000000005,7.692,0.0015,301.875,0.103,7.8580000000000005,7.6285,-0.0065,301.861,0.103,7.8815,7.547000000000001,-0.0345,301.843,0.103,7.913,7.444,-0.0665,301.819,0.104,7.9495000000000005,7.349,-0.0955,301.81,0.103,7.9765,7.274,-0.108,301.818,0.102,7.9725,7.2059999999999995,-0.094,301.82,0.1,
7.500500000000001,8.582999999999998,0.015,302.162,0.103,7.559,8.4765,0.0245,302.134,0.103,7.617,8.3695,0.024,302.097,0.103,7.669499999999999,8.2645,0.008,302.056,0.103,7.718999999999999,8.1645,-0.011000000000000001,302.019,0.103,7.769,8.0745,-0.023,301.993,0.103,7.811999999999999,7.9885,-0.025500000000000002,301.973,0.103,7.8375,7.899,-0.0195,301.948,0.103,7.846,7.813000000000001,-0.009000000000000001,301.918,0.103,7.8485,7.7435,-0.0005,301.896,0.103,7.853,7.68,-0.006,301.882,0.103,7.8645,7.602,-0.025,301.863,0.104,7.889,7.5105,-0.0505,301.843,0.103,7.9254999999999995,7.4190000000000005,-0.07400000000000001,301.834,0.102,7.959,7.327,-0.08249999999999999,301.831,0.101,7.9670000000000005,7.237,-0.07300000000000001,301.822,0.103,
7.468,8.6645,0.0055,302.151,0.104,7.5265,8.565000000000001,0.025,302.135,0.103,7.588,8.4605,0.0325,302.11,0.103,7.6455,8.355,0.018500000000000003,302.078,0.103,7.7,8.254999999999999,-0.0045,302.047,0.103,7.7545,8.163,-0.022,302.024,0.103,7.8035,8.071,-0.0275,302.003,0.103,7.837,7.975,-0.026000000000000002,301.976,0.103,7.8535,7.883,-0.018,301.948,0.103,7.856999999999999,7.808,-0.01,301.927,0.103,7.853,7.739,-0.01,301.908,0.103,7.853,7.6635,-0.018500000000000003,301.888,0.103,7.869,7.586,-0.0345,301.875,0.104,7.900499999999999,7.5035,-0.0505,301.87,0.102,7.9335,7.403499999999999,-0.057499999999999996,301.858,0.101,7.952500000000001,7.300000000000001,-0.054,301.84,0.102,
7.443,8.748,-0.013999999999999999,302.145,0.104,7.4955,8.657,0.0075,302.132,0.103,7.556,8.5595,0.018500000000000003,302.114,0.103,7.6165,8.4565,0.01,302.091,0.103,7.6745,8.3565,-0.009000000000000001,302.07,0.103,7.7315000000000005,8.261500000000002,-0.025,302.052,0.103,7.784,8.165,-0.0305,302.032,0.103,7.8260000000000005,8.067,-0.031,302.01,0.103,7.854,7.973,-0.027,301.989,0.103,7.864,7.889,-0.0195,301.968,0.103,7.8575,7.8085,-0.012,301.944,0.101,7.8495,7.731,-0.01,301.92,0.101,7.856,7.6615,-0.017,301.908,0.102,7.8765,7.5855,-0.0305,301.904,0.102,7.902,7.4864999999999995,-0.041499999999999995,301.889,0.101,7.928,7.3845,-0.041999999999999996,301.873,0.101,
7.429,8.846,-0.020999999999999998,302.145,0.103,7.471500000000001,8.761,-0.0055,302.129,0.103,7.5245,8.6695,-0.0024999999999999996,302.114,0.103,7.5825,8.569500000000001,-0.009000000000000001,302.095,0.103,7.641500000000001,8.4695,-0.0185,302.082,0.103,7.6995000000000005,8.373000000000001,-0.0245,302.07,0.103,7.754,8.276,-0.025500000000000002,302.056,0.103,7.8035,8.1805,-0.028000000000000004,302.044,0.103,7.843,8.0855,-0.03,302.033,0.103,7.8625,7.991,-0.024,302.012,0.103,7.861,7.8965,-0.009,301.98,0.102,7.8525,7.811,0.0035,301.946,0.1,7.8495,7.7385,0.0025,301.928,0.101,7.853999999999999,7.6605,-0.0125,301.92,0.101,7.868,7.5665,-0.028999999999999998,301.909,0.101,7.898,7.478,-0.0335,301.904,0.1,
7.4205,8.981,-0.014499999999999999,302.177,0.104,7.459,8.897,-0.006500000000000001,302.157,0.104,7.503,8.8045,-0.0165,302.138,0.103,7.553,8.7035,-0.026500000000000003,302.119,0.103,7.608499999999999,8.6015,-0.027999999999999997,302.105,0.103,7.6645,8.504,-0.0225,302.094,0.103,7.7195,8.410499999999999,-0.018,302.087,0.103,7.7735,8.3185,-0.024,302.085,0.103,7.82,8.219999999999999,-0.0325,302.081,0.103,7.8495,8.1155,-0.031,302.061,0.103,7.859500000000001,8.009,-0.0135,302.021,0.103,7.855,7.912,0.0075,301.977,0.104,7.843999999999999,7.8255,0.014,301.947,0.103,7.8345,7.7364999999999995,0.001,301.929,0.101,7.84,7.647,-0.0195,301.924,0.1,7.872,7.572,-0.029500000000000002,301.932,0.1,
7.3955,9.128499999999999,-0.034,302.253,0.1,7.4350000000000005,9.0435,-0.0335,302.226,0.104,7.4775,8.947,-0.048,302.198,0.104,7.5235,8.843499999999999,-0.057,302.172,0.103,7.575,8.7395,-0.0495,302.15,0.103,7.628500000000001,8.6415,-0.034999999999999996,302.138,0.103,7.6805,8.5485,-0.032,302.137,0.103,7.732,8.4535,-0.0415,302.141,0.1,7.782,8.3505,-0.053,302.137,0.1,7.823,8.2405,-0.0545,302.116,0.1,7.8469999999999995,8.1275,-0.038,302.076,0.103,7.8495,8.0185,-0.013499999999999998,302.026,0.104,7.834,7.912,-0.0015,301.98,0.104,7.8155,7.8075,-0.010499999999999999,301.947,0.103,7.816,7.718999999999999,-0.0295,301.941,0.1,7.845,7.6515,-0.037000000000000005,301.956,0.102,
7.3685,9.227,-0.0665,302.307,0.1,7.4015,9.1455,-0.07150000000000001,302.281,0.1,7.4415,9.050999999999998,-0.0865,302.251,0.1,7.4879999999999995,8.951,-0.094,302.223,0.1,7.541,8.850999999999999,-0.08049999999999999,302.196,0.101,7.5945,8.751000000000001,-0.064,302.178,0.1,7.6419999999999995,8.648499999999999,-0.062,302.172,0.1,7.6865,8.544,-0.0685,302.172,0.1,7.7345,8.4405,-0.0765,302.17,0.1,7.7835,8.3335,-0.07999999999999999,302.157,0.1,7.821,8.222,-0.0695,302.124,0.103,7.8335,8.1035,-0.049,302.073,0.103,7.819,7.978,-0.035500000000000004,302.011,0.104,7.7965,7.8585,-0.040999999999999995,301.961,0.103,7.792,7.7684999999999995,-0.055,301.949,0.103,7.814,7.707,-0.0505,301.965,0.103,
7.359,9.26,-0.054,302.296,0.1,7.3795,9.1905,-0.0615,302.286,0.1,7.4125,9.106,-0.08549999999999999,302.27,0.1,7.458,9.0135,-0.1,302.251,0.1,7.5115,8.9195,-0.0965,302.228,0.1,7.5625,8.815999999999999,-0.08499999999999999,302.199,0.1,7.605,8.702,-0.07350000000000001,302.17,0.103,7.6445,8.590499999999999,-0.0665,302.157,0.104,7.6899999999999995,8.4905,-0.068,302.162,0.104,7.741,8.3925,-0.0765,302.167,0.104,7.785,8.2875,-0.0785,302.15,0.104,7.8035,8.166,-0.067,302.101,0.104,7.793,8.0305,-0.055,302.029,0.104,7.775,7.9035,-0.061,301.969,0.104,7.774,7.8115000000000006,-0.075,301.948,0.105,7.793,7.75,-0.0675,301.963,0.104,
7.355,9.256499999999999,-0.002,302.259,0.104,7.3665,9.204,-0.0155,302.269,0.104,7.3925,9.131,-0.0505,302.271,0.105,7.434,9.0455,-0.078,302.263,0.102,7.4825,8.9535,-0.089,302.245,0.103,7.526999999999999,8.849499999999999,-0.08399999999999999,302.209,0.103,7.5655,8.734,-0.0655,302.163,0.104,7.605,8.622499999999999,-0.0475,302.137,0.104,7.65,8.524000000000001,-0.045,302.142,0.104,7.6985,8.432500000000001,-0.057999999999999996,302.16,0.104,7.741,8.334499999999998,-0.07,302.16,0.104,7.763,8.219000000000001,-0.067,302.124,0.104,7.7625,8.088000000000001,-0.0605,302.059,0.104,7.7585,7.965,-0.07250000000000001,301.997,0.105,7.767,7.8695,-0.0955,301.968,0.105,7.782,7.791,-0.0985,301.969,0.104,
7.3575,9.25,0.0375,302.219,0.104,7.3605,9.206,0.014499999999999999,302.241,0.104,7.377,9.138,-0.0225,302.251,0.104,7.411,9.056,-0.052500000000000005,302.253,0.104,7.454000000000001,8.964,-0.07050000000000001,302.242,0.104,7.495,8.861,-0.07250000000000001,302.211,0.104,7.5329999999999995,8.748,-0.06,302.168,0.104,7.5725,8.638,-0.045,302.134,0.104,7.6145,8.539,-0.041999999999999996,302.128,0.104,7.657500000000001,8.449,-0.054,302.142,0.104,7.695,8.354,-0.0685,302.153,0.104,7.718500000000001,8.244,-0.07100000000000001,302.138,0.105,7.7295,8.119,-0.0695,302.094,0.105,7.74,8.001,-0.0875,302.043,0.105,7.755,7.903,-0.1225,302.006,0.105,7.7645,7.811,-0.1385,301.98,0.105,
7.4239999999999995,8.4205,-0.058499999999999996,302.348,0.1,7.4795,8.3305,-0.058499999999999996,302.312,0.1,7.5235,8.246,-0.040999999999999995,302.279,0.1,7.5555,8.1615,-0.025,302.254,0.1,7.5835,8.0765,-0.037500000000000006,302.24,0.1,7.6155,7.993,-0.07100000000000001,302.225,0.1,7.6515,7.912000000000001,-0.096,302.203,0.1,7.686999999999999,7.8335,-0.088,302.168,0.1,7.718,7.744,-0.0455,302.111,0.1,7.7490000000000006,7.634,0.0025,302.034,0.1,7.788,7.54,0.004,301.978,0.1,7.83,7.496,-0.0485,301.977,0.1,7.8614999999999995,7.468999999999999,-0.10200000000000001,302.0,0.1,7.878,7.416,-0.118,302.001,0.1,7.885,7.3385,-0.094,301.973,0.1,7.890499999999999,7.2555,-0.045,301.941,0.1,
7.4035,8.428999999999998,-0.064,302.367,0.1,7.4645,8.341000000000001,-0.0595,302.326,0.1,7.5135000000000005,8.256499999999999,-0.0445,302.288,0.1,7.5485,8.173,-0.0275,302.256,0.1,7.5760000000000005,8.0915,-0.0315,302.234,0.1,7.605,8.0165,-0.055999999999999994,302.221,0.1,7.6385000000000005,7.949,-0.0745,302.214,0.1,7.672499999999999,7.88,-0.076,302.198,0.1,7.704000000000001,7.7915,-0.052000000000000005,302.151,0.1,7.7395,7.6875,-0.013000000000000001,302.077,0.1,7.7835,7.5995,-0.006500000000000001,302.018,0.1,7.8225,7.5440000000000005,-0.0535,302.007,0.1,7.843,7.502,-0.10550000000000001,302.022,0.1,7.85,7.458,-0.122,302.028,0.1,7.8555,7.409,-0.1055,302.015,0.1,7.8635,7.3405000000000005,-0.066,301.984,0.1,
7.388,8.443999999999999,-0.057499999999999996,302.39,0.1,7.4510000000000005,8.359,-0.053000000000000005,302.345,0.1,7.5045,8.2745,-0.0465,302.305,0.1,7.5455,8.1905,-0.038000000000000006,302.267,0.1,7.577,8.1085,-0.037500000000000006,302.234,0.1,7.605,8.038,-0.0485,302.215,0.1,7.633,7.98,-0.057499999999999996,302.217,0.1,7.660500000000001,7.918,-0.0615,302.216,0.1,7.689500000000001,7.835000000000001,-0.0505,302.18,0.1,7.728,7.745,-0.0205,302.117,0.1,7.775,7.6675,-0.016,302.065,0.1,7.813000000000001,7.5975,-0.0555,302.042,0.1,7.8294999999999995,7.534,-0.101,302.042,0.1,7.832,7.494,-0.1235,302.056,0.1,7.832,7.4665,-0.1215,302.064,0.1,7.8335,7.4135,-0.09,302.04,0.1,
7.3740000000000006,8.472000000000001,-0.040499999999999994,302.418,0.1,7.4375,8.3885,-0.0395,302.37,0.1,7.4935,8.302,-0.043,302.327,0.1,7.54,8.2155,-0.0455,302.286,0.1,7.579000000000001,8.133,-0.044,302.245,0.1,7.611000000000001,8.064499999999999,-0.0445,302.221,0.1,7.6355,8.0075,-0.046,302.22,0.1,7.6555,7.9465,-0.0475,302.222,0.1,7.68,7.8725000000000005,-0.039999999999999994,302.196,0.1,7.718,7.7995,-0.0185,302.153,0.1,7.7635,7.731,-0.02,302.113,0.1,7.801,7.6495,-0.055999999999999994,302.078,0.1,7.823,7.5675,-0.095,302.061,0.1,7.8294999999999995,7.521,-0.1245,302.076,0.1,7.823499999999999,7.496,-0.1345,302.097,0.1,7.8115,7.451,-0.1085,302.084,0.1,
7.359,8.516,-0.02,302.45,0.1,7.4215,8.4295,-0.022,302.401,0.1,7.479,8.339500000000001,-0.0305,302.354,0.1,7.5305,8.251000000000001,-0.0395,302.31,0.1,7.577,8.17,-0.041999999999999996,302.269,0.1,7.615,8.1005,-0.041499999999999995,302.242,0.1,7.6405,8.038,-0.039,302.231,0.1,7.658,7.974,-0.0345,302.223,0.1,7.6795,7.909,-0.024,302.205,0.1,7.712,7.849,-0.01,302.181,0.1,7.75,7.784,-0.0175,302.151,0.1,7.7855,7.696,-0.051000000000000004,302.112,0.1,7.816,7.6055,-0.0875,302.082,0.1,7.8345,7.5465,-0.12,302.085,0.1,7.8295,7.506,-0.1325,302.103,0.1,7.806,7.4559999999999995,-0.111,302.099,0.1,
7.339,8.578,-0.0025,302.474,0.1,7.4015,8.4855,-0.002,302.429,0.1,7.461,8.3915,-0.009000000000000001,302.382,0.1,7.518000000000001,8.3015,-0.0225,302.337,0.1,7.571,8.221,-0.033,302.299,0.1,7.6145,8.1485,-0.037500000000000006,302.27,0.1,7.644,8.0795,-0.035,302.249,0.1,7.663,8.012,-0.026000000000000002,302.232,0.1,7.6825,7.952,-0.0135,302.217,0.1,7.7075,7.898,-0.0035,302.204,0.1,7.734,7.832,-0.012,302.182,0.1,7.765000000000001,7.744,-0.040999999999999995,302.144,0.1,7.803000000000001,7.6555,-0.0755,302.11,0.1,7.833,7.5855,-0.10600000000000001,302.1,0.1,7.836,7.5205,-0.11649999999999999,302.103,0.1,7.8125,7.4565,-0.0995,302.097,0.1,
7.313,8.6585,0.004,302.483,0.1,7.3759999999999994,8.560500000000001,0.0135,302.448,0.1,7.4384999999999994,8.4635,0.012,302.408,0.1,7.5005,8.371500000000001,-0.004,302.366,0.1,7.5585,8.288499999999999,-0.0225,302.33,0.1,7.607,8.211500000000001,-0.0335,302.3,0.1,7.6425,8.137,-0.035,302.274,0.1,7.6675,8.065999999999999,-0.027,302.25,0.1,7.6865000000000006,8.0055,-0.0155,302.235,0.1,7.7015,7.9505,-0.0055,302.225,0.1,7.716,7.883,-0.010499999999999999,302.207,0.1,7.741,7.802,-0.031,302.175,0.1,7.7805,7.723,-0.0595,302.146,0.1,7.817,7.6455,-0.08399999999999999,302.13,0.1,7.830500000000001,7.559,-0.091,302.114,0.1,7.819,7.481999999999999,-0.0805,302.097,0.1,
7.2805,8.750499999999999,-0.0055,302.485,0.1,7.344,8.652999999999999,0.013,302.46,0.1,7.409000000000001,8.556000000000001,0.0195,302.428,0.1,7.475,8.4625,0.005,302.394,0.1,7.5375,8.374500000000001,-0.0175,302.363,0.1,7.5905000000000005,8.2905,-0.0345,302.334,0.1,7.633,8.2105,-0.039,302.305,0.1,7.666,8.1355,-0.035500000000000004,302.279,0.1,7.6865,8.071,-0.026,302.261,0.1,7.694,8.0095,-0.016,302.249,0.1,7.6975,7.9415,-0.0145,302.233,0.1,7.714,7.869999999999999,-0.024,302.211,0.1,7.7485,7.8015,-0.041999999999999996,302.192,0.1,7.7844999999999995,7.7215,-0.059,302.173,0.1,7.807,7.6245,-0.066,302.144,0.1,7.814500000000001,7.5425,-0.063,302.121,0.1,
7.249499999999999,8.846,-0.0245,302.487,0.1,7.3100000000000005,8.754,-0.0045,302.466,0.1,7.3745,8.6615,0.005,302.442,0.1,7.4415,8.5685,-0.0045000000000000005,302.416,0.1,7.5055,8.476500000000001,-0.0235,302.393,0.1,7.5625,8.3855,-0.039,302.368,0.1,7.612500000000001,8.2995,-0.0435,302.341,0.1,7.6535,8.221,-0.043,302.316,0.1,7.6785,8.150500000000001,-0.037000000000000005,302.297,0.1,7.6845,8.08,-0.027,302.28,0.1,7.6825,8.009,-0.0175,302.263,0.1,7.691000000000001,7.9435,-0.016,302.247,0.1,7.7145,7.881,-0.0235,302.235,0.1,7.7425,7.801,-0.037000000000000005,302.215,0.1,7.7684999999999995,7.7059999999999995,-0.049,302.185,0.1,7.792999999999999,7.628500000000001,-0.052000000000000005,302.164,0.1,
7.227,8.9535,-0.0335,302.494,0.1,7.2835,8.866,-0.019,302.472,0.1,7.3425,8.777999999999999,-0.016,302.451,0.1,7.4045000000000005,8.6865,-0.0235,302.43,0.1,7.466,8.593,-0.034,302.414,0.1,7.5245,8.498999999999999,-0.04,302.396,0.1,7.579000000000001,8.41,-0.0405,302.375,0.1,7.6265,8.3285,-0.0425,302.357,0.1,7.659,8.2505,-0.042499999999999996,302.339,0.1,7.672000000000001,8.17,-0.034,302.317,0.1,7.6754999999999995,8.092500000000001,-0.017,302.292,0.1,7.6815,8.025500000000001,-0.0035,302.272,0.1,7.6915,7.9605,-0.003,302.258,0.1,7.7044999999999995,7.88,-0.0175,302.24,0.1,7.726,7.795,-0.035500000000000004,302.219,0.1,7.759,7.7265,-0.044,302.209,0.1,
7.195,9.088999999999999,-0.03,302.528,0.1,7.253,9.003,-0.0225,302.503,0.1,7.308,8.914,-0.032,302.48,0.1,7.362,8.821000000000002,-0.042,302.459,0.1,7.4175,8.725999999999999,-0.044,302.443,0.1,7.4745,8.633,-0.039,302.43,0.1,7.5305,8.5455,-0.034499999999999996,302.418,0.1,7.582,8.460999999999999,-0.04,302.408,0.1,7.622999999999999,8.3735,-0.0475,302.392,0.1,7.650499999999999,8.282499999999999,-0.0435,302.363,0.1,7.667,8.197,-0.0245,302.328,0.1,7.6745,8.121,-0.001,302.298,0.1,7.673500000000001,8.0445,0.0085,302.275,0.1,7.6725,7.9625,-0.0035,302.257,0.1,7.6875,7.8885000000000005,-0.025500000000000002,302.248,0.1,7.7215,7.8245000000000005,-0.0385,302.249,0.1,
7.132,9.2315,-0.0485,302.604,0.1,7.195,9.1455,-0.049,302.573,0.1,7.253,9.053,-0.063,302.542,0.1,7.306,8.9575,-0.07150000000000001,302.514,0.1,7.358499999999999,8.8625,-0.0645,302.491,0.1,7.4115,8.7715,-0.051,302.48,0.1,7.464,8.684000000000001,-0.048,302.478,0.1,7.515000000000001,8.593499999999999,-0.057,302.473,0.1,7.5634999999999994,8.497,-0.0675,302.456,0.1,7.6075,8.399000000000001,-0.0675,302.423,0.1,7.641,8.305,-0.05,302.381,0.1,7.6555,8.2155,-0.0225,302.339,0.1,7.6505,8.1235,-0.0065,302.303,0.1,7.6419999999999995,8.038,-0.014,302.279,0.1,7.650499999999999,7.971,-0.0345,302.276,0.1,7.6785,7.906000000000001,-0.043,302.28,0.1,
7.0785,9.332,-0.076,302.659,0.1,7.1365,9.248000000000001,-0.08249999999999999,302.628,0.1,7.1955,9.1555,-0.098,302.596,0.1,7.2509999999999994,9.0625,-0.10600000000000001,302.565,0.1,7.305,8.972000000000001,-0.094,302.538,0.1,7.356999999999999,8.882,-0.0775,302.524,0.1,7.404999999999999,8.788,-0.07400000000000001,302.519,0.1,7.452,8.688500000000001,-0.07999999999999999,302.514,0.1,7.5024999999999995,8.588000000000001,-0.088,302.5,0.1,7.557,8.49,-0.092,302.473,0.1,7.6055,8.391,-0.08049999999999999,302.432,0.1,7.6325,8.287500000000001,-0.056999999999999995,302.38,0.1,7.634,8.1805,-0.040499999999999994,302.326,0.1,7.624,8.089500000000001,-0.045,302.292,0.1,7.621499999999999,8.024000000000001,-0.059,302.288,0.1,7.634499999999999,7.9595,-0.055,302.293,0.1,
7.0685,9.379,-0.057999999999999996,302.654,0.1,7.11,9.3015,-0.0685,302.637,0.1,7.16,9.2135,-0.0945,302.617,0.1,7.2135,9.125,-0.1105,302.594,0.1,7.269,9.039,-0.107,302.571,0.1,7.323,8.9485,-0.0945,302.546,0.1,7.3705,8.847999999999999,-0.08249999999999999,302.522,0.1,7.4135,8.744,-0.0755,302.507,0.1,7.46,8.6455,-0.078,302.503,0.1,7.514,8.5525,-0.087,302.494,0.1,7.5685,8.453,-0.0885,302.463,0.1,7.607,8.3405,-0.075,302.406,0.1,7.6215,8.224499999999999,-0.061,302.341,0.1,7.619,8.129000000000001,-0.067,302.297,0.1,7.609500000000001,8.059000000000001,-0.081,302.286,0.101,7.6045,7.9925,-0.07250000000000001,302.29,0.101,
7.0745000000000005,9.398,-0.0025,302.626,0.1,7.1,9.33,-0.018500000000000003,302.627,0.1,7.141,9.247499999999999,-0.055999999999999994,302.621,0.101,7.192,9.160499999999999,-0.086,302.608,0.1,7.2455,9.0735,-0.0975,302.589,0.1,7.2965,8.982,-0.0915,302.556,0.1,7.342499999999999,8.8825,-0.07250000000000001,302.516,0.1,7.384,8.782,-0.05499999999999999,302.493,0.1,7.4265,8.688500000000001,-0.053000000000000005,302.493,0.1,7.474,8.599,-0.0665,302.498,0.1,7.5235,8.501000000000001,-0.078,302.481,0.1,7.5665,8.389,-0.075,302.433,0.1,7.596,8.275500000000001,-0.068,302.37,0.101,7.609,8.1785,-0.081,302.321,0.101,7.604,8.097000000000001,-0.10350000000000001,302.298,0.101,7.591,8.016,-0.1045,302.289,0.1,
7.0885,9.404,0.04,302.596,0.1,7.1,9.341,0.0155,302.606,0.1,7.132,9.261,-0.0245,302.608,0.1,7.1795,9.174,-0.057999999999999996,302.603,0.1,7.231,9.085,-0.0775,302.588,0.1,7.2780000000000005,8.993,-0.079,302.557,0.1,7.3205,8.896,-0.066,302.517,0.1,7.3605,8.799,-0.051500000000000004,302.49,0.1,7.399,8.708,-0.048,302.484,0.1,7.4375,8.619,-0.06,302.49,0.1,7.4775,8.522,-0.0735,302.484,0.101,7.518000000000001,8.413,-0.0765,302.454,0.101,7.5565,8.304,-0.0765,302.408,0.101,7.5845,8.207,-0.0965,302.364,0.101,7.591,8.118,-0.1315,302.328,0.101,7.5815,8.026,-0.1455,302.295,0.101,
7.1645,8.5185,-0.065,302.656,0.1,7.229,8.436499999999999,-0.064,302.615,0.1,7.28,8.359,-0.045,302.575,0.1,7.3155,8.2795,-0.03,302.543,0.1,7.349,8.199000000000002,-0.0435,302.525,0.1,7.394,8.1275,-0.078,302.514,0.1,7.4455,8.064499999999999,-0.10400000000000001,302.498,0.1,7.49,7.9965,-0.0955,302.462,0.1,7.5280000000000005,7.91,-0.052500000000000005,302.39,0.1,7.574,7.814,-0.006,302.3,0.1,7.627,7.755,-0.0065,302.247,0.1,7.6635,7.734999999999999,-0.0595,302.253,0.1,7.674,7.705,-0.1105,302.275,0.1,7.6795,7.647,-0.1245,302.274,0.1,7.702,7.582,-0.1005,302.254,0.1,7.7379999999999995,7.522500000000001,-0.052000000000000005,302.237,0.1,
7.1434999999999995,8.519,-0.07100000000000001,302.675,0.1,7.2145,8.4435,-0.066,302.634,0.1,7.2705,8.3675,-0.0495,302.591,0.1,7.308,8.2895,-0.032,302.549,0.1,7.3415,8.215,-0.037000000000000005,302.522,0.1,7.383,8.155,-0.062,302.514,0.1,7.427,8.1015,-0.08199999999999999,302.514,0.1,7.464,8.034500000000001,-0.08349999999999999,302.496,0.1,7.502000000000001,7.9465,-0.06,302.436,0.1,7.5575,7.8605,-0.0225,302.351,0.1,7.6185,7.808,-0.018500000000000003,302.293,0.1,7.6505,7.7725,-0.0645,302.284,0.1,7.6475,7.729,-0.11399999999999999,302.295,0.1,7.6419999999999995,7.6884999999999994,-0.129,302.301,0.1,7.6605,7.657500000000001,-0.112,302.3,0.1,7.6965,7.6075,-0.07200000000000001,302.281,0.1,
7.1295,8.523,-0.0655,302.695,0.1,7.2010000000000005,8.454,-0.061,302.654,0.1,7.26,8.3795,-0.053500000000000006,302.61,0.1,7.3045,8.3025,-0.0435,302.564,0.1,7.3445,8.233,-0.042499999999999996,302.525,0.1,7.3845,8.180499999999999,-0.054,302.511,0.1,7.4175,8.1325,-0.064,302.519,0.1,7.4435,8.0675,-0.0685,302.516,0.1,7.48,7.986000000000001,-0.057499999999999996,302.473,0.1,7.539,7.916,-0.030000000000000002,302.404,0.1,7.6015,7.867,-0.027500000000000004,302.35,0.1,7.632999999999999,7.8100000000000005,-0.067,302.32,0.1,7.6285,7.7509999999999994,-0.1105,302.314,0.1,7.617,7.7255,-0.1315,302.332,0.1,7.6225000000000005,7.719,-0.127,302.352,0.1,7.645,7.676500000000001,-0.0935,302.335,0.1,
7.118,8.538499999999999,-0.0495,302.719,0.1,7.188000000000001,8.472999999999999,-0.0485,302.677,0.1,7.248,8.3985,-0.051500000000000004,302.633,0.1,7.298500000000001,8.322,-0.052500000000000005,302.586,0.1,7.347,8.256499999999999,-0.05,302.541,0.1,7.388,8.207,-0.05,302.519,0.1,7.413,8.158000000000001,-0.052000000000000005,302.521,0.1,7.4315,8.095500000000001,-0.053000000000000005,302.523,0.1,7.466,8.027000000000001,-0.046,302.498,0.1,7.523,7.9725,-0.0265,302.453,0.1,7.5809999999999995,7.9205000000000005,-0.0305,302.406,0.1,7.6145,7.844,-0.066,302.356,0.1,7.6215,7.775,-0.10500000000000001,302.333,0.1,7.6145,7.7524999999999995,-0.133,302.354,0.1,7.6045,7.748,-0.1395,302.384,0.1,7.603,7.707000000000001,-0.1105,302.373,0.1,
7.105499999999999,8.572,-0.030000000000000002,302.748,0.1,7.173,8.503,-0.0315,302.703,0.1,7.234,8.4265,-0.0395,302.657,0.1,7.2905,8.350999999999999,-0.048,302.611,0.1,7.345000000000001,8.288499999999999,-0.05,302.568,0.1,7.3870000000000005,8.238,-0.0485,302.54,0.1,7.4105,8.1845,-0.045,302.529,0.1,7.4285,8.125,-0.0395,302.524,0.1,7.4615,8.0715,-0.028999999999999998,302.513,0.1,7.511,8.0265,-0.017,302.494,0.1,7.5585,7.9665,-0.025500000000000002,302.453,0.1,7.595,7.878,-0.0595,302.395,0.1,7.622,7.806,-0.0975,302.357,0.1,7.63,7.774,-0.129,302.365,0.1,7.612,7.750500000000001,-0.138,302.386,0.1,7.587,7.7045,-0.1135,302.381,0.1,
7.088,8.628499999999999,-0.014,302.774,0.1,7.154,8.5495,-0.012499999999999999,302.729,0.1,7.2170000000000005,8.469,-0.0195,302.682,0.1,7.2795000000000005,8.394,-0.033,302.638,0.1,7.3385,8.332,-0.043,302.6,0.1,7.382,8.277000000000001,-0.046,302.568,0.1,7.406499999999999,8.2195,-0.042499999999999996,302.544,0.1,7.4275,8.164,-0.032,302.53,0.1,7.4595,8.122,-0.019,302.527,0.1,7.498,8.08,-0.009000000000000001,302.523,0.1,7.5335,8.0115,-0.0185,302.491,0.1,7.572,7.9215,-0.049,302.434,0.1,7.616,7.8515,-0.086,302.392,0.1,7.641,7.8045,-0.11549999999999999,302.382,0.1,7.6265,7.752000000000001,-0.1225,302.381,0.1,7.592499999999999,7.6975,-0.103,302.372,0.1,
7.064,8.7085,-0.009000000000000001,302.791,0.1,7.1305,8.619499999999999,0.001,302.751,0.1,7.1955,8.533999999999999,-0.0005,302.708,0.1,7.264,8.4575,-0.0165,302.668,0.1,7.327500000000001,8.3915,-0.034,302.633,0.1,7.372999999999999,8.3295,-0.0445,302.599,0.1,7.4015,8.2685,-0.0445,302.567,0.1,7.426500000000001,8.2165,-0.035,302.547,0.1,7.4545,8.178,-0.022,302.544,0.1,7.4795,8.134,-0.011,302.543,0.1,7.503500000000001,8.063500000000001,-0.016,302.521,0.1,7.542,7.9830000000000005,-0.0385,302.478,0.1,7.594,7.9175,-0.0695,302.441,0.1,7.6295,7.8535,-0.0935,302.415,0.1,7.6274999999999995,7.7755,-0.098,302.389,0.1,7.6045,7.716,-0.0865,302.369,0.1,
7.03,8.806000000000001,-0.019,302.803,0.1,7.0975,8.712499999999999,-0.0005,302.77,0.1,7.1655,8.624500000000001,0.004999999999999999,302.734,0.1,7.2375,8.545,-0.009500000000000001,302.701,0.1,7.304,8.471499999999999,-0.031,302.669,0.1,7.3545,8.399999999999999,-0.047,302.636,0.1,7.391,8.3335,-0.0505,302.601,0.1,7.4215,8.281,-0.0455,302.575,0.1,7.445,8.239,-0.034,302.565,0.1,7.4565,8.189499999999999,-0.022,302.561,0.1,7.4685,8.124,-0.0195,302.547,0.1,7.502,8.059000000000001,-0.031,302.524,0.1,7.5515,7.9985,-0.051000000000000004,302.499,0.1,7.5895,7.920999999999999,-0.0675,302.465,0.1,7.6035,7.8309999999999995,-0.07400000000000001,302.421,0.1,7.604,7.7735,-0.07100000000000001,302.396,0.1,
6.993,8.911999999999999,-0.038,302.815,0.1,7.06,8.8195,-0.019,302.786,0.1,7.1274999999999995,8.7335,-0.009999999999999998,302.756,0.1,7.1995000000000005,8.6525,-0.02,302.73,0.1,7.2669999999999995,8.5715,-0.0385,302.705,0.1,7.3225,8.4905,-0.053,302.676,0.1,7.3685,8.4175,-0.057,302.642,0.1,7.406499999999999,8.36,-0.055,302.614,0.1,7.4285,8.309000000000001,-0.047,302.596,0.1,7.4325,8.251999999999999,-0.0345,302.583,0.1,7.436999999999999,8.191500000000001,-0.0235,302.573,0.1,7.4615,8.139,-0.0225,302.565,0.1,7.4995,8.082,-0.031,302.55,0.1,7.5329999999999995,7.999499999999999,-0.0445,302.515,0.1,7.5595,7.913,-0.057499999999999996,302.471,0.1,7.5835,7.8605,-0.062,302.449,0.1,
6.961,9.029499999999999,-0.0485,302.828,0.1,7.028499999999999,8.939,-0.034999999999999996,302.799,0.1,7.092,8.8555,-0.032,302.774,0.1,7.156499999999999,8.774000000000001,-0.0395,302.752,0.1,7.220000000000001,8.689499999999999,-0.0505,302.734,0.1,7.2795000000000005,8.6035,-0.0565,302.712,0.1,7.333,8.526,-0.0565,302.685,0.1,7.3759999999999994,8.461500000000001,-0.0575,302.661,0.1,7.401,8.398499999999999,-0.0555,302.637,0.1,7.4094999999999995,8.3325,-0.044,302.613,0.1,7.417999999999999,8.272,-0.025500000000000002,302.596,0.1,7.4375,8.2225,-0.011,302.59,0.1,7.4605,8.163499999999999,-0.01,302.579,0.1,7.4825,8.084,-0.0235,302.55,0.1,7.5115,8.0105,-0.044,302.52,0.1,7.5465,7.959999999999999,-0.054,302.506,0.1,
6.9094999999999995,9.1695,-0.048,302.866,0.1,6.981999999999999,9.08,-0.040999999999999995,302.835,0.1,7.044499999999999,8.994,-0.0495,302.808,0.1,7.102,8.9095,-0.0585,302.785,0.1,7.1585,8.824,-0.0605,302.769,0.1,7.216,8.739,-0.056,302.754,0.1,7.272,8.660499999999999,-0.0525,302.738,0.1,7.32,8.588000000000001,-0.057,302.721,0.1,7.3545,8.5125,-0.063,302.694,0.1,7.379,8.436499999999999,-0.0565,302.658,0.1,7.4015,8.370000000000001,-0.035,302.627,0.1,7.42,8.3125,-0.0095,302.61,0.1,7.429,8.246,0.0025,302.595,0.1,7.4384999999999994,8.1735,-0.009000000000000001,302.576,0.1,7.4635,8.1145,-0.033,302.563,0.1,7.4990000000000006,8.059,-0.0475,302.556,0.1,
6.817,9.312000000000001,-0.065,302.942,0.1,6.897,9.224,-0.066,302.906,0.1,6.965999999999999,9.1335,-0.07949999999999999,302.871,0.1,7.024,9.0455,-0.087,302.842,0.1,7.077,8.96,-0.07999999999999999,302.82,0.1,7.1295,8.879,-0.0675,302.81,0.1,7.182,8.7995,-0.0645,302.806,0.1,7.2325,8.716999999999999,-0.07300000000000001,302.794,0.1,7.2795,8.629999999999999,-0.08249999999999999,302.764,0.1,7.324,8.546,-0.08099999999999999,302.722,0.1,7.3635,8.4695,-0.062,302.679,0.1,7.388,8.3965,-0.0315,302.645,0.1,7.3945,8.319500000000001,-0.012,302.618,0.1,7.398,8.253,-0.018000000000000002,302.603,0.1,7.4145,8.2045,-0.039,302.602,0.1,7.4415,8.1405,-0.049,302.595,0.1,
6.7435,9.4145,-0.0865,302.999,0.1,6.8205,9.3285,-0.095,302.963,0.1,6.8919999999999995,9.238,-0.11099999999999999,302.927,0.1,6.952500000000001,9.150500000000001,-0.1185,302.895,0.1,7.0055,9.068999999999999,-0.10700000000000001,302.869,0.1,7.0565,8.9905,-0.0905,302.857,0.1,7.106,8.905999999999999,-0.086,302.854,0.1,7.154999999999999,8.814,-0.092,302.843,0.1,7.208,8.720500000000001,-0.1005,302.817,0.1,7.265499999999999,8.633500000000002,-0.10450000000000001,302.778,0.1,7.3205,8.548,-0.092,302.73,0.1,7.359,8.457,-0.0655,302.679,0.1,7.374499999999999,8.368500000000001,-0.0455,302.635,0.1,7.377,8.304,-0.0485,302.616,0.1,7.3774999999999995,8.258,-0.062,302.618,0.1,7.384,8.19,-0.058499999999999996,302.612,0.1,
6.7315000000000005,9.470500000000001,-0.0635,302.999,0.1,6.791,9.3875,-0.077,302.975,0.1,6.853,9.299,-0.10400000000000001,302.95,0.1,6.9105,9.2135,-0.121,302.925,0.1,6.965,9.136,-0.11699999999999999,302.903,0.1,7.0195,9.057500000000001,-0.10350000000000001,302.882,0.1,7.0715,8.969,-0.091,302.861,0.1,7.1185,8.874,-0.08449999999999999,302.845,0.1,7.1665,8.782,-0.0885,302.831,0.1,7.223,8.696000000000002,-0.098,302.808,0.1,7.2844999999999995,8.6045,-0.0995,302.765,0.1,7.3375,8.501000000000001,-0.08349999999999999,302.703,0.1,7.372,8.404,-0.068,302.644,0.1,7.382,8.336500000000001,-0.07250000000000001,302.617,0.1,7.3665,8.282499999999999,-0.08499999999999999,302.614,0.1,7.3454999999999995,8.213000000000001,-0.076,302.607,0.1,
6.743,9.504999999999999,-0.005,302.979,0.1,6.782500000000001,9.426,-0.0235,302.971,0.1,6.8355,9.338000000000001,-0.0635,302.958,0.1,6.8919999999999995,9.2505,-0.094,302.94,0.1,6.947,9.17,-0.1055,302.921,0.1,7.000500000000001,9.089500000000001,-0.098,302.891,0.1,7.0504999999999995,9.003499999999999,-0.0785,302.856,0.1,7.0945,8.9145,-0.0625,302.835,0.1,7.1365,8.829,-0.0615,302.831,0.1,7.184,8.745000000000001,-0.076,302.823,0.1,7.2395,8.649999999999999,-0.087,302.791,0.1,7.298500000000001,8.5445,-0.08349999999999999,302.732,0.1,7.3505,8.4465,-0.077,302.672,0.1,7.375500000000001,8.372,-0.0885,302.636,0.1,7.359999999999999,8.3,-0.1085,302.618,0.1,7.3275,8.221,-0.108,302.603,0.1,
6.7625,9.52,0.0405,302.959,0.1,6.7844999999999995,9.443,0.014499999999999999,302.958,0.1,6.8309999999999995,9.355,-0.028499999999999998,302.952,0.1,6.888,9.265,-0.0645,302.94,0.1,6.9435,9.181,-0.08449999999999999,302.921,0.1,6.9935,9.099,-0.08499999999999999,302.89,0.1,7.0375,9.016,-0.07150000000000001,302.855,0.1,7.077,8.932,-0.057499999999999996,302.833,0.1,7.114,8.85,-0.054,302.828,0.1,7.150499999999999,8.767,-0.0655,302.824,0.1,7.1925,8.671,-0.0795,302.803,0.1,7.247,8.567,-0.08299999999999999,302.76,0.1,7.307,8.471,-0.08449999999999999,302.712,0.1,7.346,8.392,-0.10450000000000001,302.673,0.1,7.3445,8.309,-0.1375,302.637,0.1,7.3225,8.222,-0.15,302.603,0.1,
6.7785,8.619,-0.07050000000000001,302.938,0.1,6.841,8.55,-0.0695,302.896,0.1,6.8945,8.481,-0.0495,302.858,0.1,6.943,8.408999999999999,-0.036000000000000004,302.827,0.1,6.9915,8.339,-0.051000000000000004,302.811,0.1,7.0365,8.2725,-0.0865,302.798,0.1,7.0715,8.21,-0.1115,302.772,0.1,7.1045,8.149999999999999,-0.10250000000000001,302.723,0.1,7.1545000000000005,8.0885,-0.0595,302.648,0.1,7.2245,8.03,-0.0165,302.572,0.1,7.2875,7.9879999999999995,-0.0195,302.536,0.1,7.319,7.955,-0.07050000000000001,302.544,0.1,7.3315,7.9245,-0.1175,302.567,0.1,7.3525,7.898,-0.13,302.577,0.1,7.390000000000001,7.872999999999999,-0.107,302.576,0.1,7.432,7.8315,-0.0595,302.566,0.1,
6.7620000000000005,8.6155,-0.077,302.961,0.1,6.8275,8.55,-0.07250000000000001,302.917,0.1,6.8835,8.485,-0.0545,302.871,0.1,6.9325,8.421,-0.037000000000000005,302.831,0.1,6.9785,8.361,-0.043,302.81,0.1,7.019500000000001,8.301,-0.0685,302.802,0.1,7.051500000000001,8.2405,-0.0895,302.79,0.1,7.083,8.1825,-0.0905,302.76,0.1,7.1325,8.126999999999999,-0.0675,302.7,0.1,7.201499999999999,8.077,-0.0335,302.627,0.1,7.2635000000000005,8.032,-0.032,302.579,0.1,7.2940000000000005,7.986000000000001,-0.07600000000000001,302.57,0.1,7.301,7.952999999999999,-0.122,302.585,0.1,7.311,7.948,-0.135,302.608,0.1,7.338,7.946,-0.118,302.625,0.1,7.3774999999999995,7.904,-0.0775,302.611,0.1,
6.7509999999999994,8.6175,-0.07300000000000001,302.983,0.1,6.8175,8.555,-0.069,302.938,0.1,6.8759999999999994,8.493,-0.06,302.891,0.1,6.928,8.4345,-0.049,302.847,0.1,6.974,8.379999999999999,-0.048,302.814,0.1,7.01,8.325,-0.06,302.8,0.1,7.0375,8.27,-0.07050000000000001,302.797,0.1,7.068,8.2175,-0.075,302.786,0.1,7.1145,8.1695,-0.065,302.745,0.1,7.1754999999999995,8.126000000000001,-0.0405,302.684,0.1,7.2325,8.077,-0.041,302.63,0.1,7.2669999999999995,8.019,-0.0785,302.599,0.1,7.2775,7.9845,-0.1195,302.604,0.1,7.2775,7.991,-0.139,302.641,0.1,7.285,8.0,-0.1315,302.674,0.1,7.3125,7.962,-0.0965,302.66,0.1,
6.7405,8.6325,-0.057999999999999996,303.006,0.1,6.806,8.571000000000002,-0.057499999999999996,302.962,0.1,6.8665,8.5095,-0.06,302.917,0.1,6.9215,8.453,-0.059,302.87,0.1,6.969,8.400500000000001,-0.055999999999999994,302.829,0.1,7.004,8.349,-0.055999999999999994,302.806,0.1,7.0305,8.299,-0.057999999999999996,302.802,0.1,7.0605,8.253,-0.058499999999999996,302.8,0.1,7.1015,8.212,-0.052500000000000005,302.778,0.1,7.151,8.171,-0.036000000000000004,302.735,0.1,7.201499999999999,8.117,-0.041499999999999995,302.681,0.1,7.244,8.0535,-0.0765,302.634,0.1,7.2675,8.0175,-0.11549999999999999,302.625,0.1,7.2669999999999995,8.018,-0.14150000000000001,302.662,0.1,7.257,8.019,-0.143,302.699,0.1,7.264,7.9864999999999995,-0.1115,302.691,0.1,
6.7295,8.665,-0.04,303.031,0.1,6.794,8.600000000000001,-0.040999999999999995,302.989,0.1,6.855499999999999,8.5365,-0.0485,302.943,0.1,6.911,8.48,-0.056499999999999995,302.898,0.1,6.958,8.4285,-0.057499999999999996,302.856,0.1,6.995,8.379000000000001,-0.055499999999999994,302.826,0.1,7.0265,8.3325,-0.051500000000000004,302.813,0.1,7.058999999999999,8.291,-0.045,302.809,0.1,7.093999999999999,8.2545,-0.035,302.8,0.1,7.131,8.212,-0.0245,302.774,0.1,7.174,8.153500000000001,-0.034,302.725,0.1,7.224500000000001,8.0915,-0.069,302.672,0.1,7.266500000000001,8.0525,-0.109,302.651,0.1,7.2775,8.033999999999999,-0.1375,302.669,0.1,7.26,8.012,-0.14150000000000001,302.692,0.1,7.2465,7.984,-0.1145,302.694,0.1,
6.715999999999999,8.718,-0.026000000000000002,303.051,0.1,6.781,8.6455,-0.0235,303.012,0.1,6.843,8.578,-0.0305,302.968,0.1,6.8985,8.5195,-0.0435,302.927,0.1,6.945,8.467500000000001,-0.052500000000000005,302.887,0.1,6.984,8.4195,-0.0545,302.853,0.1,7.02,8.3755,-0.05,302.832,0.1,7.055,8.336500000000001,-0.038500000000000006,302.822,0.1,7.085,8.3005,-0.025,302.818,0.1,7.1114999999999995,8.254999999999999,-0.015,302.802,0.1,7.148,8.196000000000002,-0.025,302.762,0.1,7.203,8.1395,-0.058499999999999996,302.714,0.1,7.2585,8.096499999999999,-0.0975,302.686,0.1,7.284,8.0545,-0.124,302.68,0.1,7.2735,8.0075,-0.127,302.68,0.1,7.2524999999999995,7.9815000000000005,-0.1055,302.683,0.1,
6.696,8.7935,-0.0235,303.066,0.1,6.7635000000000005,8.713000000000001,-0.0125,303.032,0.1,6.8265,8.6405,-0.0135,302.994,0.1,6.8835,8.5775,-0.029,302.956,0.1,6.9315,8.522,-0.046,302.92,0.1,6.9725,8.474,-0.055,302.885,0.1,7.011,8.4315,-0.054,302.859,0.1,7.0455000000000005,8.3925,-0.0435,302.844,0.1,7.0705,8.3525,-0.0285,302.837,0.1,7.09,8.305,-0.0165,302.824,0.1,7.1205,8.252,-0.022,302.796,0.1,7.172000000000001,8.2035,-0.0475,302.761,0.1,7.23,8.155999999999999,-0.08049999999999999,302.732,0.1,7.268,8.094,-0.10250000000000001,302.707,0.1,7.276,8.031500000000001,-0.10400000000000001,302.684,0.1,7.265,8.004999999999999,-0.0915,302.681,0.1,
6.6625,8.8875,-0.0345,303.081,0.1,6.734500000000001,8.804,-0.0155,303.052,0.1,6.8004999999999995,8.728000000000002,-0.010499999999999999,303.02,0.1,6.8595,8.658999999999999,-0.024,302.988,0.1,6.91,8.5975,-0.045,302.955,0.1,6.9544999999999995,8.5455,-0.059,302.922,0.1,6.996,8.500499999999999,-0.062,302.894,0.1,7.0305,8.4575,-0.055999999999999994,302.873,0.1,7.0515,8.412,-0.041999999999999996,302.859,0.1,7.0645,8.364,-0.0275,302.846,0.1,7.0865,8.32,-0.025,302.831,0.1,7.127000000000001,8.280000000000001,-0.039,302.812,0.1,7.178,8.229,-0.061,302.787,0.1,7.223,8.158,-0.077,302.751,0.1,7.2515,8.092,-0.08249999999999999,302.716,0.1,7.261,8.062999999999999,-0.079,302.708,0.1,
6.622,8.993,-0.0545,303.098,0.1,6.696,8.9115,-0.034999999999999996,303.072,0.1,6.7635000000000005,8.8355,-0.026000000000000002,303.046,0.1,6.8245000000000005,8.7625,-0.036,303.02,0.1,6.8785,8.6955,-0.054,302.993,0.1,6.9275,8.636,-0.0675,302.963,0.1,6.971,8.584,-0.07050000000000001,302.934,0.1,7.005,8.534500000000001,-0.067,302.91,0.1,7.026,8.484,-0.056999999999999995,302.89,0.1,7.037000000000001,8.435,-0.041499999999999995,302.874,0.1,7.051,8.396,-0.03,302.866,0.1,7.077999999999999,8.3595,-0.03,302.858,0.1,7.1165,8.308,-0.0395,302.838,0.1,7.1615,8.2395,-0.053500000000000006,302.802,0.1,7.2044999999999995,8.179,-0.067,302.769,0.1,7.234,8.143,-0.07150000000000001,302.758,0.1,
6.585,9.113,-0.066,303.116,0.1,6.659,9.034500000000001,-0.053,303.089,0.1,6.7235,8.9595,-0.0495,303.068,0.1,6.782,8.8855,-0.056,303.047,0.1,6.8375,8.815000000000001,-0.067,303.027,0.1,6.890000000000001,8.748999999999999,-0.07300000000000001,303.003,0.1,6.9350000000000005,8.6895,-0.07300000000000001,302.976,0.1,6.9695,8.633,-0.07250000000000001,302.952,0.1,6.994,8.577,-0.068,302.929,0.1,7.0115,8.5245,-0.054,302.908,0.1,7.027,8.4825,-0.034,302.897,0.1,7.045,8.442,-0.019,302.888,0.1,7.07,8.3905,-0.0175,302.871,0.1,7.106999999999999,8.331,-0.031,302.843,0.1,7.151,8.278,-0.053500000000000006,302.821,0.1,7.189,8.2295,-0.064,302.809,0.1,
6.5275,9.255500000000001,-0.0675,303.156,0.1,6.6035,9.1785,-0.0615,303.126,0.1,6.667,9.1025,-0.068,303.105,0.1,6.7225,9.0275,-0.07550000000000001,303.085,0.1,6.775499999999999,8.9545,-0.0775,303.069,0.1,6.827,8.886,-0.07400000000000001,303.051,0.1,6.8725000000000005,8.8215,-0.07100000000000001,303.03,0.1,6.911,8.7575,-0.07450000000000001,303.008,0.1,6.946,8.6935,-0.07849999999999999,302.982,0.1,6.978,8.6335,-0.0695,302.954,0.1,7.003,8.581,-0.0455,302.93,0.1,7.0184999999999995,8.5305,-0.018,302.912,0.1,7.032500000000001,8.4775,-0.0045000000000000005,302.895,0.1,7.057,8.427,-0.0155,302.879,0.1,7.093500000000001,8.377500000000001,-0.040999999999999995,302.867,0.1,7.133,8.314,-0.056499999999999995,302.855,0.1,
6.4315,9.3985,-0.08299999999999999,303.231,0.1,6.5115,9.3225,-0.08449999999999999,303.197,0.1,6.5795,9.245000000000001,-0.0965,303.168,0.1,6.6370000000000005,9.169,-0.10250000000000001,303.144,0.1,6.6884999999999994,9.096,-0.096,303.126,0.1,6.734999999999999,9.027000000000001,-0.08449999999999999,303.113,0.1,6.7775,8.958,-0.08099999999999999,303.101,0.1,6.821,8.885000000000002,-0.0885,303.082,0.1,6.8705,8.812000000000001,-0.0975,303.051,0.1,6.921,8.743,-0.095,303.015,0.1,6.9605,8.677,-0.07350000000000001,302.979,0.1,6.982,8.6125,-0.040499999999999994,302.948,0.1,6.992000000000001,8.5545,-0.018000000000000002,302.925,0.1,7.005000000000001,8.508,-0.0225,302.914,0.1,7.03,8.458,-0.0435,302.909,0.1,7.0685,8.3855,-0.055,302.893,0.1,
6.359,9.499,-0.0985,303.288,0.1,6.4350000000000005,9.425,-0.1085,303.252,0.1,6.5025,9.3485,-0.1245,303.221,0.1,6.5600000000000005,9.275500000000001,-0.131,303.196,0.1,6.6114999999999995,9.207,-0.1195,303.177,0.1,6.657,9.138,-0.10350000000000001,303.166,0.1,6.699,9.062000000000001,-0.0985,303.155,0.1,6.744999999999999,8.98,-0.10400000000000001,303.134,0.1,6.801,8.901,-0.11349999999999999,303.104,0.1,6.8635,8.827,-0.1175,303.068,0.1,6.919,8.75,-0.10350000000000001,303.025,0.1,6.9555,8.6705,-0.07450000000000001,302.98,0.1,6.9704999999999995,8.6025,-0.051000000000000004,302.944,0.1,6.973,8.5525,-0.051500000000000004,302.93,0.1,6.9795,8.500499999999999,-0.064,302.927,0.1,7.0065,8.433,-0.0615,302.913,0.1,
6.3475,9.551,-0.07050000000000001,303.291,0.1,6.409,9.4785,-0.087,303.265,0.1,6.4665,9.404499999999999,-0.11399999999999999,303.242,0.1,6.519,9.335,-0.131,303.223,0.1,6.569,9.271,-0.1265,303.21,0.1,6.618,9.202,-0.112,303.193,0.1,6.6645,9.122,-0.099,303.169,0.1,6.711,9.0375,-0.0935,303.144,0.1,6.7635000000000005,8.959,-0.0995,303.123,0.1,6.8255,8.8835,-0.11,303.098,0.1,6.891,8.8005,-0.1105,303.056,0.1,6.9445,8.71,-0.093,303.001,0.1,6.971500000000001,8.631,-0.0755,302.952,0.1,6.970000000000001,8.57,-0.077,302.928,0.1,6.9575,8.5135,-0.0865,302.92,0.1,6.9645,8.459499999999998,-0.078,302.914,0.1,
6.356999999999999,9.58,-0.009,303.279,0.1,6.404,9.508500000000002,-0.0305,303.264,0.1,6.4545,9.434000000000001,-0.07200000000000001,303.248,0.1,6.504,9.3625,-0.10250000000000001,303.235,0.1,6.552,9.297,-0.113,303.224,0.1,6.6,9.2275,-0.10400000000000001,303.201,0.1,6.646,9.151,-0.08399999999999999,303.169,0.1,6.689,9.0735,-0.0695,303.143,0.1,6.734,9.0005,-0.07050000000000001,303.129,0.1,6.7885,8.925,-0.08549999999999999,303.115,0.1,6.853,8.8395,-0.097,303.081,0.1,6.9155,8.746500000000001,-0.093,303.027,0.1,6.9559999999999995,8.659500000000001,-0.086,302.974,0.1,6.962,8.5845,-0.095,302.939,0.1,6.947,8.519,-0.1115,302.919,0.1,6.9445,8.471499999999999,-0.11,302.915,0.1,
6.371499999999999,9.592,0.039,303.269,0.1,6.407,9.521,0.0115,303.258,0.1,6.455,9.445,-0.034,303.244,0.1,6.5065,9.371,-0.07150000000000001,303.232,0.1,6.555,9.303,-0.091,303.219,0.1,6.598000000000001,9.233,-0.0905,303.197,0.1,6.6365,9.16,-0.0765,303.169,0.1,6.673,9.088,-0.0625,303.146,0.1,6.711,9.018,-0.0595,303.133,0.1,6.756,8.943,-0.07100000000000001,303.12,0.1,6.811,8.857,-0.086,303.095,0.1,6.87,8.765,-0.091,303.055,0.1,6.9165,8.675,-0.0935,303.009,0.1,6.9375,8.593,-0.1115,302.967,0.1,6.939,8.522,-0.14100000000000001,302.933,0.1,6.9435,8.474,-0.152,302.918,0.1,
6.384,8.739,-0.0755,303.217,0.1,6.4445,8.681999999999999,-0.0745,303.176,0.1,6.5009999999999994,8.622,-0.0545,303.139,0.1,6.5600000000000005,8.556999999999999,-0.042499999999999996,303.108,0.1,6.619,8.495000000000001,-0.06,303.092,0.1,6.6635,8.4345,-0.0955,303.078,0.1,6.6875,8.3775,-0.1185,303.048,0.1,6.7135,8.3285,-0.1085,302.992,0.1,6.774,8.289000000000001,-0.067,302.917,0.1,6.862,8.258,-0.0285,302.853,0.1,6.9315,8.225,-0.0335,302.829,0.1,6.96,8.185500000000001,-0.08149999999999999,302.839,0.1,6.974,8.161000000000001,-0.1245,302.866,0.1,7.005,8.1625,-0.136,302.89,0.1,7.0525,8.166,-0.1135,302.903,0.1,7.099500000000001,8.1345,-0.067,302.898,0.1,
6.372,8.7325,-0.08299999999999999,303.241,0.1,6.4325,8.678,-0.0785,303.196,0.1,6.489000000000001,8.6245,-0.0595,303.151,0.1,6.5465,8.572,-0.043,303.112,0.1,6.602,8.5215,-0.05,303.094,0.1,6.6434999999999995,8.463000000000001,-0.0765,303.085,0.1,6.667999999999999,8.402999999999999,-0.097,303.067,0.1,6.6965,8.357,-0.0975,303.031,0.1,6.754,8.3285,-0.0755,302.973,0.1,6.8335,8.3045,-0.0455,302.909,0.1,6.898,8.2645,-0.0465,302.868,0.1,6.928,8.2135,-0.088,302.859,0.1,6.941,8.1945,-0.13,302.882,0.1,6.9595,8.216999999999999,-0.14150000000000001,302.922,0.1,6.9915,8.236,-0.1235,302.953,0.1,7.0355,8.1985,-0.08299999999999999,302.941,0.1,
6.365,8.733,-0.0805,303.264,0.1,6.426,8.6795,-0.076,303.218,0.1,6.4830000000000005,8.6305,-0.066,303.17,0.1,6.54,8.587,-0.0545,303.127,0.1,6.5920000000000005,8.5425,-0.054,303.098,0.1,6.628,8.4875,-0.0665,303.083,0.1,6.6530000000000005,8.431999999999999,-0.0775,303.075,0.1,6.686,8.3935,-0.0815,303.06,0.1,6.7385,8.372,-0.07300000000000001,303.023,0.1,6.8015,8.347999999999999,-0.052000000000000005,302.967,0.1,6.8575,8.301,-0.0545,302.914,0.1,6.8965,8.2465,-0.0905,302.885,0.1,6.9155,8.2325,-0.1295,302.9,0.1,6.92,8.2625,-0.1465,302.953,0.1,6.9285,8.283000000000001,-0.136,302.998,0.1,6.9615,8.249500000000001,-0.0995,302.986,0.1,
6.3580000000000005,8.7475,-0.066,303.286,0.1,6.4185,8.6935,-0.066,303.242,0.1,6.4765,8.6445,-0.0675,303.196,0.1,6.5329999999999995,8.605,-0.0655,303.151,0.1,6.5809999999999995,8.562999999999999,-0.062,303.112,0.1,6.6145,8.512,-0.0625,303.088,0.1,6.644,8.4645,-0.0645,303.081,0.1,6.682,8.4335,-0.065,303.079,0.1,6.7265,8.414,-0.0595,303.06,0.1,6.771,8.3845,-0.0455,303.017,0.1,6.819,8.333,-0.052500000000000005,302.961,0.1,6.869999999999999,8.283,-0.0885,302.916,0.1,6.903499999999999,8.271,-0.127,302.921,0.1,6.9045000000000005,8.288499999999999,-0.1495,302.971,0.1,6.8934999999999995,8.2945,-0.146,303.014,0.1,6.9079999999999995,8.2725,-0.1125,303.012,0.1,
6.35,8.779,-0.05,303.307,0.1,6.41,8.721,-0.05,303.267,0.1,6.468500000000001,8.6695,-0.057499999999999996,303.222,0.1,6.5215,8.6295,-0.0645,303.179,0.1,6.564,8.5885,-0.0645,303.138,0.1,6.599,8.5425,-0.0625,303.107,0.1,6.638,8.503499999999999,-0.058499999999999996,303.094,0.1,6.6815,8.477,-0.051500000000000004,303.093,0.1,6.7175,8.454,-0.041499999999999995,303.085,0.1,6.7465,8.417,-0.0315,303.055,0.1,6.7885,8.365,-0.042499999999999996,303.001,0.1,6.8505,8.324,-0.07999999999999999,302.954,0.1,6.9025,8.308499999999999,-0.121,302.947,0.1,6.9135,8.3,-0.1455,302.973,0.1,6.8955,8.282,-0.1445,302.999,0.1,6.8905,8.2725,-0.1155,303.01,0.1,
6.3415,8.829,-0.038,303.323,0.1,6.4025,8.764,-0.034,303.289,0.1,6.4605,8.709,-0.040999999999999995,303.248,0.1,6.509,8.6655,-0.053500000000000006,303.209,0.1,6.547000000000001,8.623999999999999,-0.061,303.169,0.1,6.584,8.584,-0.063,303.134,0.1,6.6295,8.5525,-0.057999999999999996,303.115,0.1,6.675000000000001,8.527000000000001,-0.046,303.11,0.1,6.7045,8.497,-0.031,303.105,0.1,6.725,8.4535,-0.020999999999999998,303.083,0.1,6.763999999999999,8.4065,-0.032,303.039,0.1,6.83,8.374500000000001,-0.069,302.998,0.1,6.8925,8.35,-0.109,302.98,0.1,6.9190000000000005,8.314,-0.132,302.977,0.1,6.9115,8.275500000000001,-0.131,302.98,0.1,6.8985,8.274000000000001,-0.1085,302.996,0.1,
6.3260000000000005,8.9,-0.038,303.337,0.1,6.391500000000001,8.829,-0.025,303.307,0.1,6.45,8.769,-0.026000000000000002,303.273,0.1,6.496,8.719,-0.0405,303.238,0.1,6.532,8.6755,-0.056499999999999995,303.2,0.1,6.5705,8.64,-0.065,303.166,0.1,6.617,8.6125,-0.0635,303.144,0.1,6.6594999999999995,8.5845,-0.052500000000000005,303.134,0.1,6.6845,8.5465,-0.035,303.126,0.1,6.702,8.501000000000001,-0.022,303.106,0.1,6.7375,8.4645,-0.0285,303.075,0.1,6.798,8.439,-0.057499999999999996,303.046,0.1,6.861000000000001,8.404,-0.0915,303.022,0.1,6.902,8.347999999999999,-0.111,302.998,0.1,6.9165,8.301,-0.11,302.98,0.1,6.9115,8.3005,-0.0965,302.992,0.1,
6.295999999999999,8.9905,-0.05,303.354,0.1,6.368,8.918,-0.0305,303.328,0.1,6.429,8.853,-0.025,303.3,0.1,6.4755,8.7955,-0.0375,303.269,0.1,6.513,8.747499999999999,-0.057999999999999996,303.235,0.1,6.553,8.712,-0.07100000000000001,303.204,0.1,6.598000000000001,8.683,-0.07350000000000001,303.18,0.1,6.636,8.6495,-0.066,303.163,0.1,6.6579999999999995,8.6055,-0.05,303.148,0.1,6.6745,8.563,-0.0335,303.132,0.1,6.7035,8.536999999999999,-0.0315,303.116,0.1,6.75,8.5145,-0.048,303.099,0.1,6.804,8.471499999999999,-0.07150000000000001,303.073,0.1,6.8545,8.4095,-0.0865,303.038,0.1,6.8925,8.3645,-0.091,303.012,0.1,6.9055,8.356,-0.0865,303.017,0.1,
6.254,9.094999999999999,-0.07150000000000001,303.375,0.1,6.33,9.025,-0.0515,303.351,0.1,6.3945,8.9585,-0.042499999999999996,303.328,0.1,6.4445,8.896,-0.0515,303.303,0.1,6.487,8.842500000000001,-0.069,303.274,0.1,6.529999999999999,8.8015,-0.08149999999999999,303.245,0.1,6.5715,8.7655,-0.08349999999999999,303.219,0.1,6.6045,8.7255,-0.079,303.197,0.1,6.6265,8.679,-0.0665,303.178,0.1,6.644,8.64,-0.049,303.163,0.1,6.6655,8.6175,-0.037000000000000005,303.157,0.1,6.6955,8.593499999999999,-0.038000000000000006,303.149,0.1,6.7375,8.547999999999998,-0.049,303.124,0.1,6.791499999999999,8.492999999999999,-0.063,303.088,0.1,6.843999999999999,8.4525,-0.077,303.064,0.1,6.874499999999999,8.4275,-0.08,303.063,0.1,
6.215,9.2165,-0.08449999999999999,303.397,0.1,6.2905,9.1495,-0.07150000000000001,303.372,0.1,6.3535,9.0845,-0.0665,303.354,0.1,6.4055,9.02,-0.07250000000000001,303.334,0.1,6.452,8.962,-0.08299999999999999,303.312,0.1,6.497,8.9135,-0.089,303.287,0.1,6.536,8.868500000000001,-0.0885,303.26,0.1,6.566,8.8225,-0.087,303.236,0.1,6.5915,8.7745,-0.08049999999999999,303.214,0.1,6.6155,8.7345,-0.064,303.199,0.1,6.635999999999999,8.7065,-0.042499999999999996,303.192,0.1,6.6555,8.6755,-0.0275,303.183,0.1,6.686,8.6325,-0.025500000000000002,303.161,0.1,6.734500000000001,8.588999999999999,-0.04,303.134,0.1,6.7875,8.549,-0.063,303.116,0.1,6.8260000000000005,8.5025,-0.07350000000000001,303.107,0.1,
6.155,9.3605,-0.0875,303.439,0.1,6.231,9.295,-0.08199999999999999,303.411,0.1,6.2925,9.2305,-0.086,303.393,0.1,6.3445,9.1645,-0.092,303.376,0.1,6.3925,9.1035,-0.0945,303.359,0.1,6.437,9.049,-0.0915,303.338,0.1,6.474,8.997499999999999,-0.088,303.314,0.1,6.506,8.9445,-0.091,303.29,0.1,6.542,8.8925,-0.093,303.266,0.1,6.58,8.845500000000001,-0.08249999999999999,303.244,0.1,6.6075,8.805,-0.055999999999999994,303.227,0.1,6.6235,8.763,-0.0265,303.21,0.1,6.644,8.722999999999999,-0.0115,303.191,0.1,6.68,8.687999999999999,-0.023,303.176,0.1,6.724,8.643,-0.049,303.165,0.1,6.766,8.5755,-0.065,303.148,0.1,
6.0605,9.503,-0.101,303.514,0.1,6.1375,9.4385,-0.10350000000000001,303.481,0.1,6.202,9.373000000000001,-0.11299999999999999,303.456,0.1,6.2565,9.307500000000001,-0.1175,303.436,0.1,6.3045,9.246500000000001,-0.11149999999999999,303.419,0.1,6.345000000000001,9.188500000000001,-0.101,303.404,0.1,6.3795,9.1305,-0.097,303.387,0.1,6.418,9.0685,-0.10350000000000001,303.362,0.1,6.468,9.009,-0.11249999999999999,303.333,0.1,6.522,8.953,-0.109,303.303,0.1,6.5625,8.8975,-0.08499999999999999,303.273,0.1,6.5835,8.843,-0.049,303.246,0.1,6.5985,8.8015,-0.024,303.226,0.1,6.62,8.768,-0.0275,303.217,0.1,6.6525,8.716000000000001,-0.049,303.208,0.1,6.6995000000000005,8.64,-0.061,303.185,0.1,
5.992,9.602,-0.11199999999999999,303.57,0.1,6.0645,9.538499999999999,-0.1225,303.536,0.1,6.1259999999999994,9.474499999999999,-0.1375,303.508,0.1,6.1795,9.414000000000001,-0.14300000000000002,303.488,0.1,6.2275,9.357,-0.132,303.473,0.1,6.268,9.2975,-0.11599999999999999,303.461,0.1,6.3035,9.231,-0.1105,303.444,0.1,6.346,9.1595,-0.11599999999999999,303.417,0.1,6.4030000000000005,9.094,-0.1265,303.385,0.1,6.467499999999999,9.032,-0.1305,303.352,0.1,6.5235,8.964500000000001,-0.11499999999999999,303.315,0.1,6.558999999999999,8.8975,-0.08349999999999999,303.276,0.1,6.5745000000000005,8.847,-0.056999999999999995,303.249,0.1,6.5795,8.806000000000001,-0.0545,303.237,0.1,6.593500000000001,8.751,-0.066,303.227,0.1,6.6370000000000005,8.687000000000001,-0.0655,303.208,0.1,
5.9815000000000005,9.6505,-0.079,303.576,0.1,6.042999999999999,9.588000000000001,-0.0975,303.548,0.1,6.0945,9.526,-0.124,303.527,0.1,6.1405,9.47,-0.1405,303.514,0.1,6.1855,9.4175,-0.1355,303.505,0.1,6.2295,9.358,-0.12,303.491,0.1,6.2715,9.2865,-0.1065,303.464,0.1,6.316,9.212499999999999,-0.10250000000000001,303.432,0.1,6.37,9.146999999999998,-0.1105,303.406,0.1,6.4345,9.082,-0.122,303.38,0.1,6.502000000000001,9.008,-0.1215,303.342,0.1,6.556,8.9315,-0.10250000000000001,303.294,0.1,6.5785,8.867,-0.082,303.254,0.1,6.571,8.8115,-0.08,303.232,0.1,6.564,8.756499999999999,-0.0875,303.22,0.1,6.593,8.7165,-0.081,303.216,0.1,
5.989,9.674,-0.014,303.569,0.1,6.0405,9.6105,-0.038000000000000006,303.549,0.1,6.087,9.5465,-0.08,303.533,0.1,6.1295,9.489,-0.1105,303.522,0.1,6.1715,9.436,-0.12,303.517,0.1,6.214,9.3775,-0.1095,303.5,0.1,6.2555,9.31,-0.0895,303.469,0.1,6.297,9.243500000000001,-0.076,303.439,0.1,6.343,9.1815,-0.079,303.418,0.1,6.401,9.1155,-0.0945,303.398,0.1,6.471500000000001,9.0395,-0.1065,303.365,0.1,6.536,8.959,-0.10250000000000001,303.318,0.1,6.5675,8.882000000000001,-0.094,303.272,0.1,6.561999999999999,8.8095,-0.0995,303.237,0.1,6.5515,8.753,-0.1135,303.217,0.1,6.572,8.7305,-0.113,303.222,0.1,
5.999,9.683,0.036500000000000005,303.566,0.1,6.044,9.618,0.007,303.547,0.1,6.092,9.552,-0.039999999999999994,303.529,0.1,6.138,9.492,-0.0785,303.517,0.1,6.1795,9.437,-0.097,303.509,0.1,6.2165,9.379,-0.095,303.493,0.1,6.250500000000001,9.316,-0.0805,303.47,0.1,6.2835,9.255,-0.0665,303.446,0.1,6.321,9.195,-0.0645,303.427,0.1,6.371,9.129,-0.0765,303.407,0.1,6.4345,9.053,-0.0925,303.38,0.1,6.4965,8.972,-0.099,303.343,0.1,6.5335,8.89,-0.1015,303.301,0.1,6.5425,8.809,-0.11699999999999999,303.258,0.1,6.548,8.751,-0.144,303.229,0.1,6.572,8.733,-0.1545,303.227,0.1,
5.9625,8.922,-0.0805,303.486,0.1,6.023,8.875,-0.079,303.451,0.1,6.0855,8.822,-0.06,303.414,0.1,6.147,8.7605,-0.0505,303.38,0.1,6.202,8.701,-0.07050000000000001,303.361,0.1,6.242,8.650500000000001,-0.10450000000000001,303.351,0.1,6.2684999999999995,8.614,-0.125,303.33,0.1,6.3045,8.588000000000001,-0.1135,303.286,0.1,6.3725000000000005,8.56,-0.075,303.22,0.1,6.4605,8.521,-0.042,303.159,0.1,6.529,8.475999999999999,-0.0485,303.131,0.1,6.5585,8.4485,-0.0925,303.146,0.1,6.5705,8.4515,-0.1315,303.189,0.1,6.595000000000001,8.467500000000001,-0.14150000000000001,303.23,0.1,6.6370000000000005,8.4625,-0.12,303.246,0.1,6.683999999999999,8.418,-0.075,303.234,0.1,
5.9559999999999995,8.916,-0.089,303.503,0.1,6.0135000000000005,8.876,-0.08349999999999999,303.466,0.1,6.071,8.8325,-0.0645,303.426,0.1,6.13,8.782499999999999,-0.049,303.386,0.1,6.1865000000000006,8.7295,-0.058499999999999996,303.363,0.1,6.2305,8.679,-0.08549999999999999,303.354,0.1,6.2595,8.64,-0.10450000000000001,303.345,0.1,6.2905,8.6175,-0.10450000000000001,303.321,0.1,6.3469999999999995,8.598500000000001,-0.08399999999999999,303.272,0.1,6.426500000000001,8.565999999999999,-0.058499999999999996,303.208,0.1,6.498,8.5205,-0.0615,303.164,0.1,6.535,8.4855,-0.1,303.163,0.1,6.542,8.488,-0.138,303.202,0.1,6.5465,8.517,-0.148,303.255,0.1,6.5725,8.526499999999999,-0.1285,303.288,0.1,6.622,8.4855,-0.0885,303.272,0.1,
5.958,8.9155,-0.087,303.52,0.1,6.0115,8.879,-0.08249999999999999,303.482,0.1,6.0634999999999994,8.841999999999999,-0.07200000000000001,303.441,0.1,6.119,8.802,-0.06,303.399,0.1,6.175,8.755500000000001,-0.0605,303.367,0.1,6.2204999999999995,8.709,-0.07350000000000001,303.351,0.1,6.2515,8.672,-0.08499999999999999,303.351,0.1,6.2815,8.652000000000001,-0.089,303.348,0.1,6.328,8.636,-0.081,303.316,0.1,6.3934999999999995,8.608,-0.0635,303.259,0.1,6.463,8.566500000000001,-0.068,303.206,0.1,6.5105,8.528500000000001,-0.10350000000000001,303.187,0.1,6.519500000000001,8.526,-0.14,303.216,0.1,6.507,8.553999999999998,-0.1535,303.277,0.1,6.5105,8.5715,-0.1395,303.323,0.1,6.5495,8.5445,-0.10250000000000001,303.314,0.1,
5.96,8.928999999999998,-0.07400000000000001,303.54,0.1,6.011,8.891,-0.07350000000000001,303.502,0.1,6.059,8.855,-0.0745,303.462,0.1,6.109999999999999,8.8205,-0.07200000000000001,303.42,0.1,6.163,8.781500000000001,-0.068,303.379,0.1,6.2095,8.741,-0.069,303.356,0.1,6.2455,8.708,-0.07150000000000001,303.356,0.1,6.2780000000000005,8.688500000000001,-0.07250000000000001,303.363,0.1,6.317,8.6715,-0.0665,303.347,0.1,6.3675,8.646,-0.0545,303.303,0.1,6.43,8.6095,-0.064,303.251,0.1,6.487,8.573,-0.1015,303.217,0.1,6.5095,8.561499999999999,-0.139,303.23,0.1,6.496,8.574,-0.157,303.283,0.1,6.4815000000000005,8.587,-0.1485,303.33,0.1,6.4995,8.5785,-0.114,303.336,0.1,
5.9605,8.959,-0.0595,303.562,0.1,6.0105,8.9155,-0.058499999999999996,303.525,0.1,6.056,8.8765,-0.066,303.484,0.1,6.101,8.844000000000001,-0.07200000000000001,303.444,0.1,6.148,8.811,-0.07150000000000001,303.403,0.1,6.1945,8.7775,-0.0695,303.374,0.1,6.2375,8.7485,-0.0655,303.367,0.1,6.2765,8.7275,-0.059,303.373,0.1,6.3115000000000006,8.7085,-0.0485,303.368,0.1,6.3505,8.683,-0.038500000000000006,303.339,0.1,6.405,8.65,-0.052000000000000005,303.292,0.1,6.4675,8.6165,-0.0925,303.252,0.1,6.509,8.5945,-0.133,303.247,0.1,6.512,8.5845,-0.153,303.274,0.1,6.493499999999999,8.583,-0.147,303.309,0.1,6.4864999999999995,8.5885,-0.11699999999999999,303.331,0.1,
5.958500000000001,9.007,-0.0495,303.579,0.1,6.0085,8.956,-0.044,303.546,0.1,6.0525,8.912500000000001,-0.0505,303.508,0.1,6.093500000000001,8.878499999999999,-0.062,303.47,0.1,6.1345,8.849,-0.069,303.432,0.1,6.1785,8.8205,-0.07100000000000001,303.4,0.1,6.2255,8.795,-0.0665,303.385,0.1,6.269,8.773,-0.054000000000000006,303.385,0.1,6.3035,8.751,-0.037500000000000006,303.384,0.1,6.336,8.725,-0.027,303.366,0.1,6.3825,8.695,-0.039999999999999994,303.329,0.1,6.445,8.664,-0.08049999999999999,303.291,0.1,6.502000000000001,8.633,-0.121,303.271,0.1,6.5275,8.603000000000002,-0.14,303.271,0.1,6.519,8.5855,-0.1345,303.285,0.1,6.4985,8.594000000000001,-0.1115,303.313,0.1,
5.9510000000000005,9.076,-0.051500000000000004,303.594,0.1,6.003,9.018,-0.037,303.564,0.1,6.047499999999999,8.969000000000001,-0.038,303.531,0.1,6.0865,8.930499999999999,-0.051500000000000004,303.498,0.1,6.1235,8.901,-0.066,303.463,0.1,6.164,8.8745,-0.07450000000000001,303.431,0.1,6.21,8.8505,-0.07300000000000001,303.411,0.1,6.254,8.827,-0.0615,303.403,0.1,6.288,8.802,-0.041499999999999995,303.401,0.1,6.3165,8.776499999999999,-0.0275,303.39,0.1,6.3555,8.7515,-0.035500000000000004,303.366,0.1,6.4125,8.722999999999999,-0.068,303.334,0.1,6.475,8.686,-0.10300000000000001,303.306,0.1,6.5195,8.6445,-0.1195,303.287,0.1,6.5305,8.615,-0.11599999999999999,303.282,0.1,6.513,8.6155,-0.1015,303.303,0.1,
5.9295,9.163499999999999,-0.066,303.611,0.1,5.986,9.1025,-0.0455,303.585,0.1,6.0335,9.0495,-0.039,303.558,0.1,6.073,9.0055,-0.0505,303.528,0.1,6.1085,8.971499999999999,-0.0695,303.497,0.1,6.147,8.943,-0.08249999999999999,303.467,0.1,6.191000000000001,8.917,-0.08449999999999999,303.443,0.1,6.2335,8.891,-0.076,303.428,0.1,6.266,8.8635,-0.057499999999999996,303.421,0.1,6.29,8.839500000000001,-0.039999999999999994,303.415,0.1,6.3195,8.818999999999999,-0.038500000000000006,303.404,0.1,6.366,8.7935,-0.057499999999999996,303.382,0.1,6.4254999999999995,8.755500000000001,-0.08199999999999999,303.353,0.1,6.48,8.7105,-0.096,303.324,0.1,6.5095,8.674,-0.099,303.308,0.1,6.508,8.658999999999999,-0.093,303.318,0.1,
5.897,9.265,-0.0885,303.634,0.1,5.9575,9.205,-0.0685,303.61,0.1,6.008,9.1515,-0.058499999999999996,303.586,0.1,6.05,9.103,-0.0665,303.562,0.1,6.0865,9.063,-0.08249999999999999,303.535,0.1,6.1240000000000006,9.028500000000001,-0.0945,303.507,0.1,6.1655,8.997499999999999,-0.0965,303.479,0.1,6.205500000000001,8.968499999999999,-0.091,303.459,0.1,6.2364999999999995,8.938500000000001,-0.076,303.448,0.1,6.2575,8.914000000000001,-0.056999999999999995,303.444,0.1,6.2795000000000005,8.894,-0.0445,303.441,0.1,6.316000000000001,8.8705,-0.0465,303.429,0.1,6.369,8.8355,-0.059,303.402,0.1,6.4245,8.7925,-0.07350000000000001,303.372,0.1,6.464,8.7505,-0.0865,303.353,0.1,6.481,8.718499999999999,-0.0875,303.352,0.1,
5.8645,9.3845,-0.10350000000000001,303.657,0.1,5.9275,9.3265,-0.09,303.633,0.1,5.979,9.274000000000001,-0.08349999999999999,303.614,0.1,6.021,9.2225,-0.0885,303.593,0.1,6.0585,9.1765,-0.0985,303.572,0.1,6.0965,9.1355,-0.10450000000000001,303.547,0.1,6.135,9.099499999999999,-0.10350000000000001,303.519,0.1,6.170999999999999,9.065999999999999,-0.101,303.497,0.1,6.202,9.033000000000001,-0.093,303.483,0.1,6.2265,9.0035,-0.07400000000000001,303.476,0.1,6.2490000000000006,8.978,-0.051500000000000004,303.472,0.1,6.28,8.953,-0.036000000000000004,303.462,0.1,6.3235,8.922,-0.0345,303.441,0.1,6.372,8.882000000000001,-0.05,303.416,0.1,6.413,8.8335,-0.07300000000000001,303.396,0.1,6.4415,8.7865,-0.08199999999999999,303.387,0.1,
5.813000000000001,9.525500000000001,-0.10750000000000001,303.7,0.1,5.8774999999999995,9.469000000000001,-0.10200000000000001,303.674,0.1,5.929,9.4155,-0.10400000000000001,303.655,0.1,5.9715,9.361,-0.10800000000000001,303.636,0.1,6.009,9.3095,-0.11099999999999999,303.618,0.1,6.0455000000000005,9.264,-0.10850000000000001,303.596,0.1,6.0815,9.224,-0.10450000000000001,303.572,0.1,6.117,9.185,-0.10650000000000001,303.55,0.1,6.153499999999999,9.1455,-0.10700000000000001,303.532,0.1,6.1884999999999994,9.1065,-0.095,303.517,0.1,6.2195,9.071,-0.0665,303.504,0.1,6.2490000000000006,9.040500000000002,-0.035,303.491,0.1,6.2815,9.011,-0.019,303.475,0.1,6.3185,8.9715,-0.031,303.457,0.1,6.3575,8.9175,-0.057499999999999996,303.437,0.1,6.3955,8.8585,-0.07300000000000001,303.422,0.1,
5.7325,9.664000000000001,-0.119,303.774,0.1,5.798,9.608,-0.1215,303.744,0.1,5.852,9.5525,-0.129,303.719,0.1,5.8965,9.4965,-0.1325,303.697,0.1,5.935499999999999,9.443000000000001,-0.1265,303.677,0.1,5.9704999999999995,9.3945,-0.11649999999999999,303.66,0.1,6.0035,9.348500000000001,-0.11249999999999999,303.642,0.1,6.0405,9.3015,-0.118,303.621,0.1,6.086,9.252500000000001,-0.127,303.596,0.1,6.135,9.204,-0.1225,303.571,0.1,6.178,9.157499999999999,-0.0965,303.547,0.1,6.2105,9.118,-0.056999999999999995,303.528,0.1,6.235,9.0835,-0.03,303.512,0.1,6.26,9.043,-0.0325,303.497,0.1,6.2955000000000005,8.9875,-0.0545,303.478,0.1,6.3425,8.926,-0.067,303.457,0.1,
5.6775,9.761,-0.1255,303.829,0.1,5.739000000000001,9.705,-0.137,303.799,0.1,5.7895,9.6495,-0.15,303.771,0.1,5.8325,9.596,-0.1545,303.749,0.1,5.8725000000000005,9.5455,-0.14350000000000002,303.731,0.1,5.909000000000001,9.495000000000001,-0.128,303.716,0.1,5.943,9.440000000000001,-0.122,303.698,0.1,5.981,9.3825,-0.128,303.673,0.1,6.029999999999999,9.3275,-0.1395,303.645,0.1,6.088,9.274000000000001,-0.14300000000000002,303.617,0.1,6.144,9.218499999999999,-0.1265,303.587,0.1,6.185499999999999,9.1665,-0.092,303.558,0.1,6.207,9.1205,-0.0625,303.535,0.1,6.2204999999999995,9.0765,-0.057,303.518,0.1,6.246,9.0265,-0.068,303.501,0.1,6.2915,8.9775,-0.07050000000000001,303.484,0.1,
5.670999999999999,9.8095,-0.0885,303.835,0.1,5.7245,9.753,-0.108,303.812,0.1,5.766,9.6975,-0.134,303.792,0.1,5.802,9.646999999999998,-0.149,303.777,0.1,5.8405000000000005,9.6005,-0.14400000000000002,303.765,0.1,5.882,9.549,-0.1275,303.747,0.1,5.9215,9.488,-0.11399999999999999,303.719,0.1,5.9595,9.4255,-0.1115,303.688,0.1,6.0045,9.370000000000001,-0.1215,303.664,0.1,6.0625,9.315000000000001,-0.1335,303.642,0.1,6.1274999999999995,9.2545,-0.132,303.611,0.1,6.1805,9.190000000000001,-0.1115,303.573,0.1,6.2059999999999995,9.1305,-0.088,303.539,0.1,6.2115,9.0795,-0.0825,303.517,0.1,6.2215,9.038499999999999,-0.0885,303.502,0.1,6.2524999999999995,9.0085,-0.08499999999999999,303.498,0.1,
5.677,9.8305,-0.02,303.825,0.1,5.724500000000001,9.771999999999998,-0.046,303.812,0.1,5.763,9.7135,-0.0875,303.798,0.1,5.7965,9.661999999999999,-0.1175,303.787,0.1,5.833,9.6155,-0.126,303.779,0.1,5.874,9.564,-0.114,303.759,0.1,5.9135,9.504999999999999,-0.094,303.726,0.1,5.949,9.446,-0.082,303.695,0.1,5.987,9.392,-0.087,303.675,0.1,6.0385,9.3375,-0.10350000000000001,303.658,0.1,6.103,9.275,-0.11599999999999999,303.631,0.1,6.1625,9.2035,-0.1115,303.592,0.1,6.1965,9.1335,-0.101,303.552,0.1,6.205,9.075,-0.10300000000000001,303.523,0.1,6.2095,9.036999999999999,-0.1145,303.507,0.1,6.2295,9.0165,-0.11649999999999999,303.51,0.1,
5.6845,9.837,0.033,303.818,0.1,5.728,9.777,0.0015,303.806,0.1,5.7695,9.716,-0.046,303.792,0.1,5.807,9.663,-0.08449999999999999,303.783,0.1,5.844,9.615,-0.10250000000000001,303.774,0.1,5.881,9.564,-0.099,303.757,0.1,5.914,9.508,-0.0835,303.731,0.1,5.943,9.452,-0.07,303.704,0.1,5.975,9.399,-0.069,303.684,0.1,6.0184999999999995,9.345,-0.082,303.666,0.1,6.0745000000000005,9.282,-0.099,303.643,0.1,6.131,9.209,-0.1065,303.612,0.1,6.170999999999999,9.135,-0.1085,303.576,0.1,6.191,9.073,-0.1215,303.543,0.1,6.2035,9.034,-0.146,303.523,0.1,6.223,9.014,-0.157,303.519,0.1,
5.5575,9.099,-0.08499999999999999,303.753,0.1,5.6165,9.0625,-0.08349999999999999,303.724,0.1,5.6815,9.0175,-0.066,303.688,0.1,5.745,8.96,-0.06,303.651,0.1,5.796,8.904,-0.08149999999999999,303.632,0.1,5.830500000000001,8.8635,-0.11349999999999999,303.625,0.1,5.8585,8.843499999999999,-0.1305,303.613,0.1,5.902,8.837,-0.118,303.578,0.1,5.976,8.8185,-0.08399999999999999,303.52,0.1,6.0649999999999995,8.773,-0.0565,303.462,0.1,6.1325,8.720500000000001,-0.0645,303.433,0.1,6.161,8.702,-0.10350000000000001,303.455,0.1,6.1690000000000005,8.7255,-0.138,303.514,0.1,6.1850000000000005,8.75,-0.1465,303.567,0.1,6.2205,8.7375,-0.1255,303.586,0.1,6.267,8.683499999999999,-0.08299999999999999,303.566,0.1,
5.5555,9.093,-0.094,303.763,0.1,5.6085,9.067,-0.0885,303.735,0.1,5.666,9.035,-0.0695,303.698,0.1,5.7265,8.988,-0.055999999999999994,303.658,0.1,5.7835,8.935,-0.068,303.632,0.1,5.8285,8.892,-0.0945,303.624,0.1,5.859500000000001,8.8705,-0.1115,303.623,0.1,5.8915,8.8675,-0.111,303.61,0.1,5.946999999999999,8.8555,-0.0925,303.567,0.1,6.0280000000000005,8.817499999999999,-0.07200000000000001,303.504,0.1,6.106,8.7685,-0.0775,303.46,0.1,6.1465,8.746,-0.11299999999999999,303.467,0.1,6.1455,8.7645,-0.146,303.522,0.1,6.135999999999999,8.7945,-0.153,303.585,0.1,6.1555,8.7965,-0.133,303.619,0.1,6.2085,8.7525,-0.0945,303.599,0.1,
5.565,9.091999999999999,-0.093,303.775,0.1,5.612,9.071,-0.0885,303.744,0.1,5.659,9.0475,-0.0775,303.71,0.1,5.7125,9.0115,-0.0665,303.669,0.1,5.7725,8.966000000000001,-0.068,303.635,0.1,5.825,8.9265,-0.08149999999999999,303.62,0.1,5.859500000000001,8.906,-0.093,303.627,0.1,5.886,8.900500000000001,-0.096,303.632,0.1,5.9275,8.889,-0.0885,303.605,0.1,5.996,8.8595,-0.07500000000000001,303.548,0.1,6.076499999999999,8.8225,-0.08299999999999999,303.497,0.1,6.1295,8.7975,-0.11699999999999999,303.488,0.1,6.1285,8.8015,-0.15,303.529,0.1,6.0995,8.8255,-0.159,303.597,0.1,6.0965,8.839500000000001,-0.142,303.644,0.1,6.14,8.818,-0.106,303.637,0.1,
5.576499999999999,9.104,-0.0815,303.793,0.1,5.6195,9.082,-0.08,303.759,0.1,5.6579999999999995,9.0595,-0.0805,303.725,0.1,5.7035,9.031500000000001,-0.078,303.686,0.1,5.761,8.996500000000001,-0.075,303.645,0.1,5.817,8.965,-0.0765,303.623,0.1,5.856999999999999,8.945,-0.079,303.63,0.1,5.885,8.934000000000001,-0.0795,303.644,0.1,5.9190000000000005,8.9205,-0.07350000000000001,303.631,0.1,5.975,8.8995,-0.064,303.586,0.1,6.0504999999999995,8.8745,-0.07700000000000001,303.539,0.1,6.1114999999999995,8.847999999999999,-0.11499999999999999,303.514,0.1,6.1225000000000005,8.834,-0.15,303.535,0.1,6.0945,8.8415,-0.1635,303.592,0.1,6.074999999999999,8.8585,-0.1505,303.644,0.1,6.0945,8.8615,-0.116,303.656,0.1,
5.585,9.133,-0.068,303.813,0.1,5.6259999999999994,9.1045,-0.0665,303.779,0.1,5.66,9.0775,-0.07300000000000001,303.744,0.1,5.698,9.0535,-0.079,303.706,0.1,5.7485,9.029,-0.0785,303.666,0.1,5.803,9.006,-0.077,303.64,0.1,5.8485,8.986,-0.07350000000000001,303.638,0.1,5.8835,8.9695,-0.0665,303.65,0.1,5.918,8.9545,-0.055,303.647,0.1,5.9655000000000005,8.940000000000001,-0.046,303.619,0.1,6.0305,8.922,-0.0625,303.577,0.1,6.093500000000001,8.8935,-0.10550000000000001,303.544,0.1,6.125500000000001,8.864,-0.14450000000000002,303.543,0.1,6.1195,8.8525,-0.16,303.574,0.1,6.0965,8.863,-0.149,303.616,0.1,6.086,8.879999999999999,-0.119,303.648,0.1,
5.5895,9.18,-0.06,303.831,0.1,5.6295,9.1425,-0.053000000000000005,303.799,0.1,5.6625,9.1095,-0.059,303.764,0.1,5.6965,9.086,-0.07,303.729,0.1,5.739,9.067499999999999,-0.077,303.693,0.1,5.788,9.05,-0.079,303.664,0.1,5.8355,9.030000000000001,-0.0755,303.653,0.1,5.877,9.011,-0.062,303.657,0.1,5.915,8.997,-0.0445,303.659,0.1,5.9575,8.986,-0.033,303.645,0.1,6.011,8.9695,-0.0485,303.613,0.1,6.0715,8.937999999999999,-0.092,303.577,0.1,6.122,8.900500000000001,-0.133,303.558,0.1,6.144,8.876000000000001,-0.148,303.563,0.1,6.1315,8.874,-0.1375,303.587,0.1,6.1015,8.8885,-0.114,303.625,0.1,
5.589,9.2455,-0.064,303.846,0.1,5.63,9.2005,-0.0485,303.818,0.1,5.6635,9.162500000000001,-0.049,303.786,0.1,5.696,9.1365,-0.0615,303.755,0.1,5.7330000000000005,9.118500000000001,-0.075,303.722,0.1,5.775,9.101500000000001,-0.08349999999999999,303.692,0.1,5.82,9.081,-0.08299999999999999,303.674,0.1,5.865,9.0625,-0.07050000000000001,303.67,0.1,5.906,9.0495,-0.049,303.673,0.1,5.9435,9.04,-0.0335,303.669,0.1,5.9855,9.0235,-0.043,303.649,0.1,6.04,8.991,-0.0785,303.615,0.1,6.1015,8.953,-0.11499999999999999,303.585,0.1,6.146,8.9225,-0.1285,303.573,0.1,6.15,8.906500000000001,-0.121,303.58,0.1,6.119,8.9055,-0.105,303.609,0.1,
5.577,9.3285,-0.08099999999999999,303.864,0.1,5.6205,9.279499999999999,-0.0595,303.838,0.1,5.657,9.2385,-0.052000000000000005,303.811,0.1,5.69,9.2085,-0.0625,303.784,0.1,5.723000000000001,9.187000000000001,-0.08,303.755,0.1,5.7595,9.166,-0.093,303.726,0.1,5.8025,9.1435,-0.0955,303.703,0.1,5.8485,9.125,-0.086,303.69,0.1,5.8885000000000005,9.112,-0.0655,303.69,0.1,5.9185,9.1025,-0.0465,303.693,0.1,5.949,9.086,-0.046,303.684,0.1,5.9975,9.057,-0.0675,303.659,0.1,6.061999999999999,9.0235,-0.093,303.627,0.1,6.1165,8.9905,-0.10600000000000001,303.605,0.1,6.134499999999999,8.9605,-0.106,303.6,0.1,6.1175,8.939499999999999,-0.0975,303.614,0.1,
5.555,9.4265,-0.10500000000000001,303.887,0.1,5.602,9.376999999999999,-0.08449999999999999,303.864,0.1,5.641500000000001,9.3355,-0.07350000000000001,303.839,0.1,5.6754999999999995,9.3015,-0.08049999999999999,303.816,0.1,5.7065,9.274000000000001,-0.095,303.792,0.1,5.740500000000001,9.246500000000001,-0.10700000000000001,303.764,0.1,5.7815,9.221,-0.1095,303.737,0.1,5.8260000000000005,9.2015,-0.10250000000000001,303.719,0.1,5.8629999999999995,9.187000000000001,-0.086,303.714,0.1,5.8865,9.174,-0.065,303.719,0.1,5.91,9.1555,-0.052000000000000005,303.719,0.1,5.9535,9.132,-0.056499999999999995,303.702,0.1,6.015000000000001,9.1055,-0.07,303.675,0.1,6.0695,9.07,-0.08399999999999999,303.649,0.1,6.0954999999999995,9.0265,-0.095,303.635,0.1,6.0975,8.989,-0.0935,303.637,0.1,
5.532,9.5425,-0.1215,303.912,0.1,5.582,9.494499999999999,-0.10750000000000001,303.889,0.1,5.6225000000000005,9.4535,-0.1,303.868,0.1,5.656000000000001,9.415,-0.10350000000000001,303.847,0.1,5.6855,9.379999999999999,-0.11299999999999999,303.827,0.1,5.718,9.347000000000001,-0.119,303.802,0.1,5.7565,9.318999999999999,-0.118,303.775,0.1,5.797000000000001,9.2975,-0.11449999999999999,303.755,0.1,5.8309999999999995,9.277999999999999,-0.10450000000000001,303.747,0.1,5.855,9.257,-0.08399999999999999,303.748,0.1,5.8805,9.2345,-0.0605,303.746,0.1,5.922000000000001,9.2145,-0.045,303.735,0.1,5.976,9.192499999999999,-0.0445,303.714,0.1,6.023,9.153,-0.0605,303.69,0.1,6.052,9.097999999999999,-0.08199999999999999,303.669,0.1,6.069,9.0505,-0.089,303.662,0.1,
5.4915,9.678,-0.126,303.956,0.1,5.5440000000000005,9.631,-0.1205,303.931,0.1,5.5855,9.5885,-0.1205,303.91,0.1,5.619,9.545,-0.123,303.89,0.1,5.648,9.503,-0.126,303.871,0.1,5.6785,9.4665,-0.124,303.85,0.1,5.714,9.4365,-0.12,303.826,0.1,5.7515,9.4105,-0.121,303.807,0.1,5.787,9.382,-0.1205,303.794,0.1,5.8195,9.3505,-0.10650000000000001,303.784,0.1,5.8535,9.322,-0.0765,303.776,0.1,5.8945,9.300999999999998,-0.044,303.765,0.1,5.9375,9.278500000000001,-0.028,303.75,0.1,5.9745,9.2345,-0.0395,303.728,0.1,6.0065,9.173,-0.066,303.704,0.1,6.0365,9.1205,-0.0805,303.691,0.1,
5.43,9.810500000000001,-0.1365,304.029,0.1,5.4825,9.7625,-0.138,304.001,0.1,5.525,9.717,-0.14400000000000002,303.975,0.1,5.56,9.6705,-0.14600000000000002,303.95,0.1,5.5905000000000005,9.625499999999999,-0.1405,303.929,0.1,5.6205,9.5855,-0.131,303.911,0.1,5.6530000000000005,9.551,-0.1265,303.894,0.1,5.689,9.5165,-0.1315,303.874,0.1,5.729,9.478,-0.14,303.854,0.1,5.7725,9.4375,-0.1345,303.834,0.1,5.8175,9.4015,-0.1065,303.816,0.1,5.858499999999999,9.373999999999999,-0.0655,303.802,0.1,5.891,9.344999999999999,-0.036500000000000005,303.789,0.1,5.92,9.2985,-0.038000000000000006,303.768,0.1,5.9565,9.24,-0.06,303.742,0.1,5.999,9.189499999999999,-0.07350000000000001,303.724,0.1,
5.391,9.905000000000001,-0.139,304.084,0.1,5.4405,9.8555,-0.15,304.056,0.1,5.479,9.807500000000001,-0.161,304.028,0.1,5.5115,9.762,-0.1645,304.004,0.1,5.543,9.718499999999999,-0.154,303.982,0.1,5.5755,9.676,-0.139,303.965,0.1,5.608499999999999,9.6325,-0.133,303.947,0.1,5.643,9.5875,-0.139,303.924,0.1,5.6845,9.5425,-0.151,303.9,0.1,5.7355,9.4975,-0.1545,303.876,0.1,5.79,9.455,-0.1365,303.853,0.1,5.835,9.4155,-0.0995,303.832,0.1,5.862,9.375,-0.0675,303.813,0.1,5.883,9.3285,-0.06,303.79,0.1,5.916,9.282499999999999,-0.07100000000000001,303.767,0.1,5.9595,9.244,-0.076,303.752,0.1,
5.388,9.954,-0.098,304.09,0.1,5.4335,9.9025,-0.118,304.07,0.1,5.465,9.8525,-0.14250000000000002,304.05,0.1,5.4915,9.808,-0.1565,304.032,0.1,5.5225,9.767,-0.151,304.017,0.1,5.5600000000000005,9.723500000000001,-0.134,303.997,0.1,5.5969999999999995,9.673,-0.121,303.968,0.1,5.63,9.621500000000001,-0.1195,303.938,0.1,5.6675,9.575,-0.131,303.916,0.1,5.718500000000001,9.529499999999999,-0.14400000000000002,303.898,0.1,5.779,9.482,-0.14150000000000001,303.875,0.1,5.83,9.4295,-0.119,303.846,0.1,5.858,9.3765,-0.093,303.816,0.1,5.874,9.331,-0.0845,303.792,0.1,5.8965,9.2995,-0.09,303.775,0.1,5.927,9.275500000000001,-0.0895,303.771,0.1,
5.3934999999999995,9.9735,-0.0265,304.079,0.1,5.4365000000000006,9.919,-0.053500000000000006,304.069,0.1,5.4675,9.8655,-0.094,304.057,0.1,5.4925,9.8185,-0.1235,304.045,0.1,5.5225,9.7775,-0.131,304.034,0.1,5.5600000000000005,9.734,-0.1175,304.011,0.1,5.596,9.683,-0.0975,303.977,0.1,5.625500000000001,9.632,-0.087,303.946,0.1,5.657500000000001,9.586500000000001,-0.0935,303.927,0.1,5.7035,9.542,-0.1115,303.912,0.1,5.7620000000000005,9.491,-0.1245,303.892,0.1,5.8155,9.43,-0.119,303.86,0.1,5.85,9.367999999999999,-0.106,303.826,0.1,5.8695,9.323,-0.1055,303.799,0.1,5.8855,9.299,-0.116,303.787,0.1,5.904,9.279,-0.1195,303.787,0.1,
5.398,9.978,0.028999999999999998,304.069,0.1,5.4399999999999995,9.922,-0.0035,304.062,0.1,5.4755,9.866,-0.051500000000000004,304.051,0.1,5.5055,9.817,-0.089,304.042,0.1,5.537,9.775,-0.1065,304.033,0.1,5.571,9.732,-0.10200000000000001,304.014,0.1,5.602,9.682,-0.086,303.985,0.1,5.6274999999999995,9.633,-0.0725,303.957,0.1,5.654,9.588,-0.072,303.936,0.1,5.6915,9.544,-0.0865,303.92,0.1,5.741,9.492,-0.1045,303.902,0.1,5.7915,9.428,-0.1125,303.875,0.1,5.8325,9.363,-0.114,303.844,0.1,5.861,9.318,-0.125,303.819,0.1,5.879,9.295,-0.1475,303.806,0.1,5.894,9.273,-0.1585,303.798,0.1,
5.2255,9.25,-0.089,304.012,0.1,5.2775,9.224,-0.088,303.986,0.1,5.337,9.1885,-0.07250000000000001,303.953,0.1,5.396000000000001,9.14,-0.0695,303.921,0.1,5.442,9.092500000000001,-0.093,303.909,0.1,5.468999999999999,9.059,-0.1225,303.909,0.1,5.4879999999999995,9.044,-0.1355,303.899,0.1,5.5265,9.038,-0.1225,303.865,0.1,5.602,9.0175,-0.0935,303.807,0.1,5.695,8.974499999999999,-0.07150000000000001,303.754,0.1,5.762499999999999,8.930499999999999,-0.08099999999999999,303.739,0.1,5.782,8.9145,-0.11499999999999999,303.776,0.1,5.7725,8.9255,-0.144,303.843,0.1,5.7705,8.933,-0.151,303.894,0.1,5.797,8.913499999999999,-0.131,303.906,0.1,5.8445,8.863,-0.0915,303.88,0.1,
5.2285,9.245000000000001,-0.0985,304.017,0.1,5.274,9.2305,-0.093,303.993,0.1,5.3265,9.207999999999998,-0.0745,303.959,0.1,5.385,9.1705,-0.064,303.922,0.1,5.439500000000001,9.1265,-0.078,303.903,0.1,5.478,9.0895,-0.10400000000000001,303.902,0.1,5.4990000000000006,9.071,-0.1185,303.903,0.1,5.5245,9.067,-0.11699999999999999,303.889,0.1,5.583,9.056000000000001,-0.1015,303.845,0.1,5.671,9.021999999999998,-0.086,303.786,0.1,5.7490000000000006,8.9795,-0.0945,303.755,0.1,5.778499999999999,8.9555,-0.1265,303.777,0.1,5.760999999999999,8.96,-0.154,303.839,0.1,5.737,8.973500000000001,-0.157,303.902,0.1,5.7475000000000005,8.969,-0.137,303.932,0.1,5.797,8.9295,-0.101,303.908,0.1,
5.2435,9.243500000000001,-0.099,304.022,0.1,5.2835,9.2345,-0.094,303.998,0.1,5.3260000000000005,9.222,-0.0825,303.966,0.1,5.378500000000001,9.197,-0.07300000000000001,303.929,0.1,5.437,9.1615,-0.0765,303.9,0.1,5.484,9.1265,-0.0905,303.892,0.1,5.5095,9.1055,-0.101,303.902,0.1,5.53,9.099499999999999,-0.10250000000000001,303.906,0.1,5.574,9.091999999999999,-0.096,303.876,0.1,5.65,9.068,-0.0875,303.821,0.1,5.731,9.032499999999999,-0.099,303.781,0.1,5.773,9.001999999999999,-0.1315,303.784,0.1,5.758,8.993500000000001,-0.1595,303.834,0.1,5.718,9.0045,-0.1635,303.904,0.1,5.7055,9.012,-0.1445,303.95,0.1,5.7405,8.991,-0.11,303.939,0.1,
5.2615,9.254,-0.0885,304.033,0.1,5.298500000000001,9.243500000000001,-0.0865,304.007,0.1,5.333,9.234,-0.086,303.977,0.1,5.377,9.219,-0.08399999999999999,303.941,0.1,5.432499999999999,9.194500000000001,-0.08249999999999999,303.905,0.1,5.483499999999999,9.166,-0.08499999999999999,303.889,0.1,5.5165,9.144,-0.0875,303.899,0.1,5.5395,9.1335,-0.0865,303.914,0.1,5.575,9.126000000000001,-0.0805,303.898,0.1,5.6375,9.1105,-0.07400000000000001,303.854,0.1,5.7145,9.0825,-0.091,303.81,0.1,5.7675,9.048,-0.129,303.795,0.1,5.7669999999999995,9.024999999999999,-0.1605,303.826,0.1,5.728,9.024999999999999,-0.1685,303.891,0.1,5.696,9.035,-0.152,303.944,0.1,5.7035,9.031500000000001,-0.1185,303.953,0.1,
5.276,9.280000000000001,-0.0765,304.048,0.1,5.314,9.263,-0.07350000000000001,304.02,0.1,5.346,9.25,-0.079,303.991,0.1,5.3815,9.239999999999998,-0.08499999999999999,303.957,0.1,5.428,9.2255,-0.08549999999999999,303.92,0.1,5.478,9.2055,-0.08499999999999999,303.898,0.1,5.519,9.184999999999999,-0.08199999999999999,303.901,0.1,5.55,9.171,-0.07400000000000001,303.915,0.1,5.5835,9.161999999999999,-0.0615,303.911,0.1,5.634,9.151,-0.054000000000000006,303.881,0.1,5.7015,9.126999999999999,-0.07350000000000001,303.838,0.1,5.7615,9.09,-0.1185,303.81,0.1,5.7844999999999995,9.0565,-0.156,303.82,0.1,5.7645,9.0425,-0.1665,303.864,0.1,5.7245,9.0445,-0.151,303.912,0.1,5.6995000000000005,9.049,-0.1205,303.94,0.1,
5.2875,9.322500000000002,-0.07,304.062,0.1,5.3265,9.2975,-0.0615,304.035,0.1,5.3585,9.278500000000001,-0.067,304.006,0.1,5.3895,9.2675,-0.0775,303.975,0.1,5.427,9.259,-0.08449999999999999,303.941,0.1,5.471500000000001,9.2455,-0.087,303.915,0.1,5.516,9.2285,-0.08399999999999999,303.909,0.1,5.5545,9.214,-0.07050000000000001,303.917,0.1,5.59,9.2045,-0.051000000000000004,303.922,0.1,5.6325,9.193999999999999,-0.03949999999999999,303.904,0.1,5.689,9.171,-0.057499999999999996,303.866,0.1,5.7509999999999994,9.133,-0.10400000000000001,303.831,0.1,5.795999999999999,9.0945,-0.14450000000000002,303.823,0.1,5.802,9.068999999999999,-0.1555,303.843,0.1,5.7669999999999995,9.057500000000001,-0.1405,303.877,0.1,5.7204999999999995,9.057500000000001,-0.116,303.912,0.1,
5.2940000000000005,9.3825,-0.07600000000000001,304.075,0.1,5.333500000000001,9.350999999999999,-0.0595,304.05,0.1,5.368,9.326,-0.059,304.023,0.1,5.3985,9.31,-0.07,303.996,0.1,5.4305,9.3015,-0.08349999999999999,303.965,0.1,5.468500000000001,9.291,-0.0925,303.937,0.1,5.511,9.2775,-0.093,303.924,0.1,5.553000000000001,9.2645,-0.0795,303.926,0.1,5.5895,9.254999999999999,-0.056499999999999995,303.933,0.1,5.625,9.243500000000001,-0.039999999999999994,303.925,0.1,5.6715,9.221,-0.051000000000000004,303.895,0.1,5.7325,9.185,-0.0895,303.86,0.1,5.791,9.146,-0.127,303.84,0.1,5.8175,9.1125,-0.1375,303.842,0.1,5.797000000000001,9.086500000000001,-0.1255,303.859,0.1,5.748,9.074,-0.107,303.888,0.1,
5.292999999999999,9.4585,-0.095,304.092,0.1,5.332,9.4235,-0.07250000000000001,304.068,0.1,5.369,9.3945,-0.0645,304.044,0.1,5.401999999999999,9.3725,-0.07350000000000001,304.021,0.1,5.4315,9.359,-0.09,303.994,0.1,5.465,9.347000000000001,-0.10300000000000001,303.967,0.1,5.506,9.335,-0.10650000000000001,303.947,0.1,5.548,9.323,-0.096,303.942,0.1,5.582,9.3125,-0.07400000000000001,303.946,0.1,5.609500000000001,9.3,-0.053500000000000006,303.945,0.1,5.6465,9.279499999999999,-0.054000000000000006,303.928,0.1,5.7035,9.249,-0.078,303.898,0.1,5.766500000000001,9.2125,-0.10500000000000001,303.873,0.1,5.805,9.173,-0.11599999999999999,303.862,0.1,5.7995,9.134,-0.112,303.866,0.1,5.7620000000000005,9.107,-0.1,303.884,0.1,
5.2875,9.5475,-0.1205,304.116,0.1,5.3255,9.512,-0.0995,304.092,0.1,5.362500000000001,9.482,-0.088,304.069,0.1,5.3965,9.455,-0.0935,304.048,0.1,5.427,9.4345,-0.10700000000000001,304.026,0.1,5.46,9.4175,-0.119,304.001,0.1,5.4985,9.403500000000001,-0.122,303.978,0.1,5.538,9.391,-0.11399999999999999,303.966,0.1,5.5685,9.378499999999999,-0.0955,303.965,0.1,5.59,9.364,-0.07300000000000001,303.968,0.1,5.6205,9.346,-0.0605,303.962,0.1,5.673,9.322,-0.067,303.94,0.1,5.734500000000001,9.288499999999999,-0.08149999999999999,303.914,0.1,5.776,9.244,-0.0945,303.894,0.1,5.7815,9.194,-0.10250000000000001,303.888,0.1,5.761,9.155999999999999,-0.098,303.898,0.1,
5.285,9.652000000000001,-0.1385,304.142,0.1,5.322,9.617,-0.1245,304.117,0.1,5.3555,9.586500000000001,-0.11549999999999999,304.095,0.1,5.387499999999999,9.556000000000001,-0.118,304.075,0.1,5.4185,9.528500000000001,-0.127,304.058,0.1,5.452,9.506,-0.1325,304.036,0.1,5.4885,9.488,-0.132,304.013,0.1,5.5235,9.4725,-0.1275,303.997,0.1,5.5515,9.4555,-0.11549999999999999,303.992,0.1,5.573499999999999,9.437000000000001,-0.094,303.994,0.1,5.6035,9.4195,-0.0695,303.99,0.1,5.652,9.400500000000001,-0.0555,303.974,0.1,5.707,9.369499999999999,-0.056,303.949,0.1,5.746,9.3205,-0.07100000000000001,303.925,0.1,5.759,9.2625,-0.09,303.912,0.1,5.7525,9.2165,-0.095,303.916,0.1,
5.2705,9.7725,-0.14400000000000002,304.186,0.1,5.3065,9.7365,-0.1375,304.159,0.1,5.3365,9.7035,-0.136,304.136,0.1,5.3655,9.67,-0.1375,304.115,0.1,5.396,9.6365,-0.14,304.098,0.1,5.4295,9.6095,-0.1385,304.081,0.1,5.464,9.587,-0.1345,304.06,0.1,5.496499999999999,9.565,-0.1345,304.043,0.1,5.526,9.541,-0.133,304.033,0.1,5.5545,9.5165,-0.1175,304.027,0.1,5.589,9.496500000000001,-0.086,304.019,0.1,5.633,9.479,-0.053500000000000006,304.005,0.1,5.678,9.449,-0.037500000000000006,303.983,0.1,5.7125,9.3975,-0.048,303.957,0.1,5.7325,9.335999999999999,-0.07400000000000001,303.94,0.1,5.739,9.2835,-0.0875,303.939,0.1,
5.2415,9.8905,-0.153,304.26,0.1,5.2780000000000005,9.8505,-0.1535,304.229,0.1,5.305,9.8135,-0.1575,304.198,0.1,5.330500000000001,9.7775,-0.158,304.173,0.1,5.36,9.742,-0.1535,304.153,0.1,5.3925,9.7105,-0.14500000000000002,304.138,0.1,5.4254999999999995,9.6815,-0.1395,304.123,0.1,5.458,9.651,-0.14400000000000002,304.105,0.1,5.4915,9.618500000000001,-0.152,304.088,0.1,5.5285,9.5875,-0.14550000000000002,304.072,0.1,5.569,9.5625,-0.11599999999999999,304.058,0.1,5.609,9.541,-0.07400000000000001,304.042,0.1,5.6434999999999995,9.51,-0.0435,304.021,0.1,5.673,9.461,-0.044,303.994,0.1,5.7,9.402,-0.0665,303.973,0.1,5.718999999999999,9.3475,-0.0805,303.965,0.1,
5.229,9.979,-0.1525,304.316,0.1,5.2645,9.933499999999999,-0.162,304.284,0.1,5.2875,9.8915,-0.17149999999999999,304.252,0.1,5.308,9.8545,-0.174,304.224,0.1,5.334,9.82,-0.164,304.203,0.1,5.3655,9.785499999999999,-0.149,304.188,0.1,5.398,9.7485,-0.14300000000000002,304.172,0.1,5.4305,9.709,-0.149,304.151,0.1,5.4675,9.67,-0.1615,304.13,0.1,5.5115,9.634,-0.165,304.111,0.1,5.557,9.602,-0.146,304.092,0.1,5.5954999999999995,9.572,-0.107,304.071,0.1,5.623,9.5375,-0.07250000000000001,304.045,0.1,5.646000000000001,9.4945,-0.0635,304.017,0.1,5.672000000000001,9.4455,-0.075,303.995,0.1,5.695,9.3965,-0.082,303.986,0.1,
5.2355,10.030000000000001,-0.108,304.326,0.1,5.272,9.98,-0.1275,304.302,0.1,5.292999999999999,9.932,-0.15,304.277,0.1,5.308,9.892499999999998,-0.163,304.254,0.1,5.3294999999999995,9.858,-0.1575,304.237,0.1,5.359999999999999,9.822,-0.14,304.217,0.1,5.393,9.7805,-0.127,304.191,0.1,5.425,9.736,-0.1265,304.163,0.1,5.461,9.695,-0.1395,304.144,0.1,5.5065,9.656,-0.1535,304.13,0.1,5.5565,9.617,-0.1505,304.112,0.1,5.5975,9.577,-0.1255,304.084,0.1,5.622999999999999,9.5365,-0.097,304.052,0.1,5.64,9.4985,-0.086,304.022,0.1,5.6579999999999995,9.4625,-0.0925,304.003,0.1,5.6754999999999995,9.423,-0.094,303.999,0.1,
5.243,10.053,-0.0335,304.319,0.1,5.282,9.9995,-0.0605,304.305,0.1,5.3065,9.9455,-0.1,304.287,0.1,5.3225,9.899999999999999,-0.128,304.269,0.1,5.3415,9.8625,-0.135,304.254,0.1,5.3675,9.8245,-0.121,304.231,0.1,5.3965,9.783000000000001,-0.1005,304.199,0.1,5.4245,9.74,-0.091,304.17,0.1,5.4565,9.7005,-0.099,304.154,0.1,5.499499999999999,9.6605,-0.1185,304.143,0.1,5.5495,9.616499999999998,-0.1315,304.126,0.1,5.593500000000001,9.5685,-0.1255,304.097,0.1,5.622,9.522,-0.11,304.063,0.1,5.6385,9.4855,-0.107,304.032,0.1,5.651,9.457,-0.1175,304.013,0.1,5.6635,9.4235,-0.1225,304.01,0.1,
5.246499999999999,10.059,0.025,304.31,0.1,5.287,10.004,-0.0085,304.301,0.1,5.3195,9.947,-0.056,304.286,0.1,5.343,9.898,-0.093,304.271,0.1,5.364,9.858,-0.1095,304.256,0.1,5.3865,9.819,-0.104,304.234,0.1,5.4085,9.778,-0.0875,304.205,0.1,5.43,9.737,-0.0735,304.179,0.1,5.4559999999999995,9.699,-0.074,304.162,0.1,5.4925,9.659,-0.0895,304.149,0.1,5.5375,9.613,-0.1095,304.134,0.1,5.5809999999999995,9.562,-0.118,304.11,0.1,5.614,9.513,-0.118,304.08,0.1,5.6345,9.476,-0.127,304.052,0.1,5.6485,9.449,-0.1485,304.031,0.1,5.663,9.417,-0.16,304.018,0.1,
4.893000000000001,9.399999999999999,-0.0925,304.27,0.1,4.938000000000001,9.3855,-0.0925,304.248,0.1,4.992,9.36,-0.0795,304.217,0.1,5.047000000000001,9.319500000000001,-0.079,304.191,0.1,5.088,9.280999999999999,-0.10400000000000001,304.186,0.1,5.106999999999999,9.2545,-0.1305,304.192,0.1,5.1175,9.2445,-0.14,304.186,0.1,5.1515,9.2395,-0.1275,304.151,0.1,5.2285,9.217500000000001,-0.10300000000000001,304.093,0.1,5.3255,9.1765,-0.0865,304.045,0.1,5.393000000000001,9.141,-0.096,304.045,0.1,5.4030000000000005,9.126999999999999,-0.1255,304.098,0.1,5.3759999999999994,9.125,-0.1485,304.172,0.1,5.3565000000000005,9.116,-0.154,304.222,0.1,5.373,9.0885,-0.136,304.227,0.1,5.4215,9.042,-0.1,304.193,0.1,
4.9015,9.396999999999998,-0.10250000000000001,304.27,0.1,4.9399999999999995,9.393,-0.097,304.251,0.1,4.987500000000001,9.381,-0.08,304.219,0.1,5.0435,9.3525,-0.07250000000000001,304.186,0.1,5.096,9.318,-0.0885,304.174,0.1,5.1274999999999995,9.286999999999999,-0.11349999999999999,304.179,0.1,5.1385000000000005,9.271,-0.125,304.184,0.1,5.1585,9.267,-0.1225,304.169,0.1,5.218999999999999,9.256499999999999,-0.1105,304.123,0.1,5.313,9.226500000000001,-0.1005,304.068,0.1,5.391,9.1905,-0.11049999999999999,304.049,0.1,5.4094999999999995,9.1655,-0.138,304.086,0.1,5.3755,9.155999999999999,-0.16,304.157,0.1,5.3375,9.152999999999999,-0.1595,304.22,0.1,5.3395,9.1415,-0.1405,304.245,0.1,5.386,9.106,-0.1075,304.217,0.1,
4.922000000000001,9.3955,-0.104,304.269,0.1,4.955,9.396999999999998,-0.099,304.251,0.1,4.9925,9.396,-0.087,304.223,0.1,5.0435,9.3825,-0.0795,304.189,0.1,5.101,9.357,-0.08549999999999999,304.166,0.1,5.143,9.3265,-0.1,304.164,0.1,5.16,9.3055,-0.1085,304.177,0.1,5.1739999999999995,9.299,-0.109,304.18,0.1,5.22,9.2945,-0.10400000000000001,304.148,0.1,5.3035,9.276,-0.1,304.094,0.1,5.385,9.243,-0.11449999999999999,304.064,0.1,5.416,9.207,-0.14450000000000002,304.079,0.1,5.3865,9.186,-0.167,304.138,0.1,5.3355,9.184000000000001,-0.1665,304.211,0.1,5.314,9.184999999999999,-0.1465,304.255,0.1,5.3415,9.163499999999999,-0.114,304.242,0.1,
4.946,9.403500000000001,-0.095,304.273,0.1,4.978,9.404499999999999,-0.092,304.254,0.1,5.0085,9.408,-0.091,304.23,0.1,5.0504999999999995,9.406500000000001,-0.09,304.197,0.1,5.103999999999999,9.392,-0.09,304.165,0.1,5.150499999999999,9.366499999999998,-0.0935,304.154,0.1,5.177,9.344000000000001,-0.0955,304.168,0.1,5.195,9.334,-0.0935,304.183,0.1,5.2315000000000005,9.3315,-0.0875,304.165,0.1,5.2995,9.321000000000002,-0.08449999999999999,304.121,0.1,5.378,9.291,-0.10450000000000001,304.082,0.1,5.4239999999999995,9.248000000000001,-0.14200000000000002,304.076,0.1,5.412,9.216000000000001,-0.16899999999999998,304.117,0.1,5.3614999999999995,9.209,-0.172,304.189,0.1,5.317,9.212,-0.153,304.244,0.1,5.3125,9.201,-0.1205,304.25,0.1,
4.9675,9.426,-0.08399999999999999,304.283,0.1,5.002000000000001,9.4215,-0.08,304.262,0.1,5.031000000000001,9.4225,-0.08449999999999999,304.237,0.1,5.064,9.4265,-0.091,304.208,0.1,5.107,9.4215,-0.0925,304.174,0.1,5.1525,9.404499999999999,-0.093,304.156,0.1,5.1885,9.3845,-0.09,304.163,0.1,5.2155000000000005,9.3725,-0.0815,304.18,0.1,5.2485,9.369499999999999,-0.0685,304.176,0.1,5.3025,9.3615,-0.0625,304.143,0.1,5.3725000000000005,9.3325,-0.08499999999999999,304.099,0.1,5.43,9.286999999999999,-0.1305,304.076,0.1,5.4445,9.2485,-0.1655,304.098,0.1,5.4105,9.232,-0.17149999999999999,304.154,0.1,5.353,9.2265,-0.1515,304.208,0.1,5.3135,9.2185,-0.1205,304.231,0.1,
4.984999999999999,9.465,-0.079,304.293,0.1,5.0225,9.453,-0.0695,304.271,0.1,5.054,9.447,-0.074,304.247,0.1,5.082,9.4495,-0.08399999999999999,304.221,0.1,5.115,9.4495,-0.091,304.19,0.1,5.1555,9.440999999999999,-0.095,304.166,0.1,5.1965,9.427,-0.0925,304.164,0.1,5.2315000000000005,9.417000000000002,-0.0785,304.178,0.1,5.263999999999999,9.411999999999999,-0.057999999999999996,304.184,0.1,5.3065,9.402000000000001,-0.047,304.162,0.1,5.366,9.3725,-0.067,304.118,0.1,5.4305,9.328,-0.11549999999999999,304.084,0.1,5.470000000000001,9.288499999999999,-0.155,304.088,0.1,5.459,9.261,-0.161,304.124,0.1,5.4025,9.241,-0.142,304.166,0.1,5.34,9.2275,-0.116,304.198,0.1,
4.9985,9.5205,-0.087,304.304,0.1,5.0365,9.502,-0.0695,304.282,0.1,5.072,9.489,-0.068,304.26,0.1,5.101,9.4845,-0.078,304.237,0.1,5.128,9.4835,-0.091,304.209,0.1,5.1615,9.48,-0.101,304.183,0.1,5.202500000000001,9.4735,-0.10200000000000001,304.173,0.1,5.2415,9.467,-0.0885,304.182,0.1,5.273,9.46,-0.064,304.192,0.1,5.306,9.4465,-0.047,304.18,0.1,5.3565000000000005,9.418,-0.0595,304.142,0.1,5.4239999999999995,9.378499999999999,-0.101,304.104,0.1,5.4795,9.339500000000001,-0.1385,304.094,0.1,5.4885,9.302,-0.145,304.111,0.1,5.4445,9.267,-0.128,304.138,0.1,5.3774999999999995,9.243500000000001,-0.107,304.167,0.1,
5.009,9.5885,-0.107,304.321,0.1,5.0440000000000005,9.567499999999999,-0.08399999999999999,304.298,0.1,5.0815,9.55,-0.076,304.277,0.1,5.1135,9.537500000000001,-0.08399999999999999,304.257,0.1,5.14,9.530999999999999,-0.099,304.233,0.1,5.1705,9.527999999999999,-0.1125,304.207,0.1,5.209,9.525500000000001,-0.11649999999999999,304.192,0.1,5.2475000000000005,9.521,-0.10550000000000001,304.193,0.1,5.276,9.512,-0.08199999999999999,304.202,0.1,5.301,9.497,-0.0605,304.198,0.1,5.343500000000001,9.472999999999999,-0.0625,304.172,0.1,5.4094999999999995,9.440999999999999,-0.0895,304.138,0.1,5.471500000000001,9.4015,-0.11699999999999999,304.119,0.1,5.493,9.355,-0.1245,304.119,0.1,5.464,9.308,-0.116,304.132,0.1,5.406499999999999,9.275500000000001,-0.101,304.154,0.1,
5.0195,9.668,-0.134,304.344,0.1,5.0489999999999995,9.646999999999998,-0.11249999999999999,304.32,0.1,5.084,9.628,-0.1005,304.299,0.1,5.1175,9.609,-0.10550000000000001,304.28,0.1,5.1475,9.5955,-0.1185,304.261,0.1,5.1795,9.5885,-0.13,304.238,0.1,5.216,9.5855,-0.133,304.219,0.1,5.250500000000001,9.5805,-0.1245,304.212,0.1,5.2745,9.568999999999999,-0.10450000000000001,304.216,0.1,5.2940000000000005,9.553999999999998,-0.0805,304.218,0.1,5.3309999999999995,9.536000000000001,-0.0695,304.205,0.1,5.393000000000001,9.5115,-0.0785,304.178,0.1,5.4545,9.472000000000001,-0.0935,304.153,0.1,5.4825,9.417,-0.10450000000000001,304.139,0.1,5.4675,9.362,-0.108,304.142,0.1,5.425000000000001,9.3235,-0.1005,304.159,0.1,
5.037000000000001,9.7615,-0.1535,304.371,0.1,5.061,9.7395,-0.139,304.344,0.1,5.088,9.719999999999999,-0.129,304.323,0.1,5.119,9.697,-0.131,304.304,0.1,5.1515,9.677,-0.14,304.289,0.1,5.186,9.664,-0.14500000000000002,304.27,0.1,5.221,9.657,-0.14450000000000002,304.251,0.1,5.250500000000001,9.6475,-0.139,304.239,0.1,5.2715,9.6325,-0.1255,304.237,0.1,5.2915,9.6175,-0.10300000000000001,304.24,0.1,5.326499999999999,9.604500000000002,-0.079,304.233,0.1,5.382,9.586,-0.067,304.212,0.1,5.438,9.547,-0.068,304.184,0.1,5.468999999999999,9.486999999999998,-0.0805,304.16,0.1,5.466,9.427,-0.097,304.155,0.1,5.4365000000000006,9.383,-0.0995,304.17,0.1,
5.0489999999999995,9.867,-0.16,304.417,0.1,5.0695,9.8415,-0.1525,304.387,0.1,5.088,9.8195,-0.15,304.362,0.1,5.112,9.7945,-0.1505,304.34,0.1,5.144,9.7705,-0.153,304.326,0.1,5.1805,9.7515,-0.1525,304.312,0.1,5.2145,9.737,-0.148,304.295,0.1,5.242,9.7195,-0.1465,304.28,0.1,5.2645,9.6995,-0.14350000000000002,304.272,0.1,5.289,9.683,-0.127,304.269,0.1,5.3245000000000005,9.6715,-0.096,304.262,0.1,5.3715,9.656500000000001,-0.0635,304.244,0.1,5.4185,9.6195,-0.0475,304.215,0.1,5.4505,9.5605,-0.056999999999999995,304.187,0.1,5.459,9.4985,-0.081,304.176,0.1,5.4415,9.447,-0.093,304.186,0.1,
5.054,9.970500000000001,-0.16799999999999998,304.49,0.1,5.074,9.937999999999999,-0.16699999999999998,304.456,0.1,5.085,9.910499999999999,-0.16899999999999998,304.422,0.1,5.101,9.884,-0.16849999999999998,304.395,0.1,5.1295,9.859,-0.165,304.376,0.1,5.165,9.835,-0.1575,304.365,0.1,5.198,9.8115,-0.152,304.353,0.1,5.2265,9.785,-0.155,304.336,0.1,5.2545,9.758500000000002,-0.162,304.321,0.1,5.2855,9.7375,-0.155,304.311,0.1,5.321,9.722999999999999,-0.125,304.299,0.1,5.359,9.7075,-0.08199999999999999,304.281,0.1,5.396,9.675,-0.051000000000000004,304.252,0.1,5.427,9.6235,-0.0505,304.22,0.1,5.444000000000001,9.564499999999999,-0.07300000000000001,304.204,0.1,5.439,9.506,-0.086,304.206,0.1,
5.0665,10.053,-0.165,304.548,0.1,5.088,10.0115,-0.173,304.512,0.1,5.096,9.975999999999999,-0.18,304.476,0.1,5.104,9.947,-0.1815,304.445,0.1,5.1240000000000006,9.9215,-0.172,304.423,0.1,5.154999999999999,9.895,-0.1585,304.411,0.1,5.1875,9.864,-0.152,304.397,0.1,5.218500000000001,9.83,-0.1575,304.377,0.1,5.2509999999999994,9.798,-0.17049999999999998,304.359,0.1,5.287,9.7705,-0.1735,304.346,0.1,5.3235,9.749,-0.154,304.331,0.1,5.356,9.7285,-0.1135,304.31,0.1,5.384,9.7,-0.077,304.278,0.1,5.4094999999999995,9.66,-0.067,304.244,0.1,5.4285,9.609,-0.0795,304.224,0.1,5.4305,9.5495,-0.0865,304.221,0.1,
5.083500000000001,10.1065,-0.1175,304.563,0.1,5.1105,10.057,-0.136,304.534,0.1,5.1205,10.012,-0.1565,304.503,0.1,5.124499999999999,9.976500000000001,-0.1675,304.476,0.1,5.135999999999999,9.9485,-0.1625,304.456,0.1,5.1594999999999995,9.921,-0.145,304.438,0.1,5.189,9.887,-0.132,304.413,0.1,5.22,9.8505,-0.132,304.388,0.1,5.2545,9.815999999999999,-0.1465,304.372,0.1,5.2940000000000005,9.783000000000001,-0.161,304.363,0.1,5.333500000000001,9.752500000000001,-0.1575,304.348,0.1,5.3655,9.724499999999999,-0.131,304.322,0.1,5.3885,9.697,-0.1,304.287,0.1,5.406499999999999,9.6665,-0.088,304.252,0.1,5.42,9.625,-0.095,304.23,0.1,5.4239999999999995,9.571000000000002,-0.0975,304.227,0.1,
5.093,10.1335,-0.039999999999999994,304.56,0.1,5.1274999999999995,10.0795,-0.067,304.541,0.1,5.146,10.026,-0.105,304.517,0.1,5.1530000000000005,9.981,-0.131,304.494,0.1,5.160500000000001,9.9465,-0.137,304.475,0.1,5.1754999999999995,9.915500000000002,-0.123,304.45,0.1,5.196999999999999,9.8825,-0.1025,304.42,0.1,5.223,9.848500000000001,-0.0935,304.394,0.1,5.2555,9.8155,-0.1035,304.381,0.1,5.2955000000000005,9.780000000000001,-0.124,304.374,0.1,5.337,9.7425,-0.137,304.36,0.1,5.3715,9.7065,-0.13,304.334,0.1,5.394,9.6765,-0.1125,304.299,0.1,5.407500000000001,9.649000000000001,-0.108,304.265,0.1,5.417,9.614,-0.118,304.24,0.1,5.423500000000001,9.568000000000001,-0.124,304.233,0.1,
5.0945,10.141,0.020999999999999998,304.551,0.1,5.1335,10.086,-0.013,304.541,0.1,5.164,10.029,-0.06,304.52,0.1,5.1815,9.979,-0.096,304.499,0.1,5.1915,9.94,-0.111,304.48,0.1,5.201499999999999,9.906,-0.105,304.455,0.1,5.2145,9.874,-0.0875,304.426,0.1,5.232,9.842,-0.074,304.402,0.1,5.2575,9.811,-0.075,304.388,0.1,5.2935,9.775,-0.092,304.379,0.1,5.3345,9.735,-0.113,304.366,0.1,5.3705,9.695,-0.1215,304.345,0.1,5.395,9.663,-0.1205,304.317,0.1,5.4085,9.635,-0.128,304.285,0.1,5.418,9.602,-0.1485,304.256,0.1,5.431,9.56,-0.1605,304.237,0.1,
4.723000000000001,9.411000000000001,-0.0955,304.504,0.1,4.764,9.402999999999999,-0.097,304.481,0.1,4.816000000000001,9.384,-0.0865,304.452,0.1,4.8685,9.35,-0.089,304.429,0.1,4.906,9.314,-0.11399999999999999,304.429,0.1,4.922,9.2895,-0.1375,304.435,0.1,4.931,9.280999999999999,-0.144,304.425,0.1,4.9625,9.279,-0.132,304.39,0.1,5.032500000000001,9.2635,-0.11299999999999999,304.34,0.1,5.1195,9.2295,-0.1015,304.307,0.1,5.1795,9.193999999999999,-0.11049999999999999,304.316,0.1,5.189,9.168,-0.1345,304.369,0.1,5.166,9.147,-0.152,304.432,0.1,5.1485,9.125,-0.1555,304.47,0.1,5.1635,9.0975,-0.14,304.468,0.1,5.209,9.063500000000001,-0.108,304.434,0.1,
4.736000000000001,9.406500000000001,-0.105,304.499,0.1,4.7695,9.408999999999999,-0.1005,304.48,0.1,4.816,9.403500000000001,-0.08549999999999999,304.449,0.1,4.8715,9.382,-0.08149999999999999,304.419,0.1,4.9205000000000005,9.35,-0.099,304.411,0.1,4.948,9.3205,-0.122,304.417,0.1,4.9585,9.3045,-0.131,304.419,0.1,4.980499999999999,9.3005,-0.1275,304.402,0.1,5.0395,9.2925,-0.119,304.36,0.1,5.125,9.268,-0.11499999999999999,304.318,0.1,5.1925,9.2325,-0.126,304.311,0.1,5.2059999999999995,9.1995,-0.1485,304.351,0.1,5.175,9.1735,-0.1635,304.415,0.1,5.1419999999999995,9.1545,-0.1605,304.467,0.1,5.144500000000001,9.1355,-0.143,304.482,0.1,5.188000000000001,9.109,-0.11449999999999999,304.45,0.1,
4.7615,9.403500000000001,-0.108,304.494,0.1,4.7885,9.4125,-0.10250000000000001,304.476,0.1,4.8255,9.418500000000002,-0.0915,304.448,0.1,4.8774999999999995,9.4115,-0.0865,304.416,0.1,4.932,9.389,-0.095,304.397,0.1,4.968999999999999,9.3595,-0.1095,304.398,0.1,4.984999999999999,9.3375,-0.11549999999999999,304.409,0.1,5.0035,9.3285,-0.1145,304.409,0.1,5.0535,9.324,-0.1115,304.378,0.1,5.1325,9.307500000000001,-0.11249999999999999,304.334,0.1,5.203,9.2735,-0.13,304.315,0.1,5.2255,9.2335,-0.156,304.337,0.1,5.196,9.2005,-0.172,304.394,0.1,5.151,9.1815,-0.1675,304.458,0.1,5.133,9.1685,-0.147,304.491,0.1,5.1594999999999995,9.149999999999999,-0.118,304.471,0.1,
4.7925,9.4085,-0.1005,304.493,0.1,4.817,9.4175,-0.0965,304.475,0.1,4.846,9.43,-0.095,304.45,0.1,4.889,9.435,-0.0955,304.418,0.1,4.9415,9.424,-0.098,304.391,0.1,4.984,9.3995,-0.10250000000000001,304.384,0.1,5.008,9.375,-0.10300000000000001,304.398,0.1,5.0295000000000005,9.3615,-0.1,304.409,0.1,5.073,9.3565,-0.0945,304.39,0.1,5.143,9.3445,-0.0955,304.35,0.1,5.213,9.3125,-0.118,304.322,0.1,5.2465,9.2675,-0.1535,304.327,0.1,5.229,9.228000000000002,-0.1755,304.37,0.1,5.1815,9.2055,-0.174,304.436,0.1,5.1419999999999995,9.1935,-0.1525,304.48,0.1,5.141,9.178999999999998,-0.1215,304.477,0.1,
4.8235,9.427,-0.0905,304.498,0.1,4.8495,9.430499999999999,-0.08549999999999999,304.478,0.1,4.874499999999999,9.442,-0.0895,304.453,0.1,4.9085,9.453,-0.0965,304.423,0.1,4.952,9.452,-0.0995,304.394,0.1,4.994,9.435500000000001,-0.101,304.381,0.1,5.026,9.413499999999999,-0.098,304.391,0.1,5.054,9.398,-0.0885,304.405,0.1,5.0945,9.391,-0.0755,304.396,0.1,5.155,9.3795,-0.07150000000000001,304.364,0.1,5.2219999999999995,9.347999999999999,-0.0965,304.33,0.1,5.2669999999999995,9.3,-0.14200000000000002,304.32,0.1,5.2684999999999995,9.257000000000001,-0.173,304.348,0.1,5.2295,9.229,-0.174,304.4,0.1,5.1754999999999995,9.212,-0.1505,304.443,0.1,5.144,9.196,-0.1195,304.458,0.1,
4.8515,9.460999999999999,-0.087,304.505,0.1,4.8805,9.457,-0.0765,304.484,0.1,4.906499999999999,9.461500000000001,-0.08,304.459,0.1,4.9345,9.471499999999999,-0.0895,304.432,0.1,4.968500000000001,9.475999999999999,-0.0975,304.404,0.1,5.0055,9.467500000000001,-0.10300000000000001,304.387,0.1,5.0405,9.4525,-0.101,304.389,0.1,5.074,9.438500000000001,-0.086,304.402,0.1,5.1135,9.4295,-0.0655,304.402,0.1,5.166,9.416,-0.05499999999999999,304.378,0.1,5.2285,9.383,-0.077,304.342,0.1,5.282500000000001,9.335,-0.1265,304.32,0.1,5.304,9.2905,-0.1645,304.332,0.1,5.2795000000000005,9.256499999999999,-0.1655,304.367,0.1,5.221,9.2305,-0.1415,304.402,0.1,5.167,9.2085,-0.1135,304.425,0.1,
4.874499999999999,9.51,-0.0965,304.514,0.1,4.9055,9.499500000000001,-0.078,304.492,0.1,4.9355,9.496,-0.076,304.469,0.1,4.963,9.4995,-0.08549999999999999,304.444,0.1,4.9905,9.503499999999999,-0.0975,304.418,0.1,5.022,9.5005,-0.1085,304.398,0.1,5.0565,9.4925,-0.1105,304.395,0.1,5.090999999999999,9.483,-0.097,304.404,0.1,5.127,9.472999999999999,-0.07200000000000001,304.409,0.1,5.1715,9.4565,-0.05499999999999999,304.393,0.1,5.23,9.424,-0.069,304.359,0.1,5.2915,9.378499999999999,-0.11299999999999999,304.333,0.1,5.328,9.332999999999998,-0.149,304.332,0.1,5.317500000000001,9.292,-0.1505,304.351,0.1,5.2645,9.256,-0.128,304.373,0.1,5.2015,9.2265,-0.105,304.394,0.1,
4.896,9.5705,-0.11699999999999999,304.529,0.1,4.925,9.557500000000001,-0.094,304.507,0.1,4.957,9.5485,-0.086,304.484,0.1,4.9864999999999995,9.5435,-0.0935,304.462,0.1,5.0135000000000005,9.542,-0.1075,304.439,0.1,5.043,9.5395,-0.121,304.419,0.1,5.0760000000000005,9.535499999999999,-0.1255,304.41,0.1,5.1080000000000005,9.5295,-0.11449999999999999,304.413,0.1,5.1375,9.5195,-0.09,304.418,0.1,5.173500000000001,9.501999999999999,-0.068,304.41,0.1,5.227,9.4735,-0.07150000000000001,304.385,0.1,5.292,9.432500000000001,-0.10200000000000001,304.36,0.1,5.339,9.386,-0.1295,304.35,0.1,5.339499999999999,9.337499999999999,-0.132,304.355,0.1,5.295,9.292000000000002,-0.118,304.366,0.1,5.234500000000001,9.257,-0.1005,304.382,0.1,
4.9190000000000005,9.6405,-0.14550000000000002,304.55,0.1,4.944,9.6275,-0.124,304.528,0.1,4.974,9.6165,-0.11199999999999999,304.506,0.1,5.0045,9.6055,-0.11649999999999999,304.485,0.1,5.034000000000001,9.596499999999999,-0.129,304.465,0.1,5.065,9.589500000000001,-0.14,304.447,0.1,5.097,9.5845,-0.14300000000000002,304.433,0.1,5.1245,9.5785,-0.134,304.43,0.1,5.1465,9.568,-0.113,304.432,0.1,5.1739999999999995,9.552,-0.088,304.43,0.1,5.2225,9.529499999999999,-0.079,304.416,0.1,5.289,9.4955,-0.0915,304.394,0.1,5.340999999999999,9.4485,-0.10650000000000001,304.378,0.1,5.349,9.3935,-0.113,304.372,0.1,5.3145,9.3405,-0.1115,304.375,0.1,5.2620000000000005,9.301,-0.1015,304.387,0.1,
4.9495000000000005,9.721,-0.16649999999999998,304.576,0.1,4.968999999999999,9.7075,-0.1515,304.552,0.1,4.992,9.696,-0.14100000000000001,304.53,0.1,5.019,9.682,-0.14300000000000002,304.509,0.1,5.050000000000001,9.6665,-0.1515,304.493,0.1,5.085,9.653,-0.157,304.476,0.1,5.1175,9.6425,-0.156,304.461,0.1,5.141,9.632,-0.1495,304.454,0.1,5.157,9.619,-0.1345,304.453,0.1,5.179,9.605,-0.111,304.453,0.1,5.2235,9.5895,-0.089,304.443,0.1,5.287,9.564,-0.07949999999999999,304.424,0.1,5.339499999999999,9.5185,-0.08049999999999999,304.404,0.1,5.353999999999999,9.459,-0.09,304.39,0.1,5.3305,9.401,-0.10250000000000001,304.388,0.1,5.286,9.355,-0.10250000000000001,304.398,0.1,
4.979,9.809,-0.1745,304.622,0.1,4.9955,9.7925,-0.16549999999999998,304.594,0.1,5.0095,9.779499999999999,-0.1615,304.569,0.1,5.029,9.764,-0.1615,304.545,0.1,5.059,9.745000000000001,-0.165,304.529,0.1,5.096,9.7255,-0.16549999999999998,304.516,0.1,5.13,9.707,-0.16,304.503,0.1,5.153,9.687999999999999,-0.1575,304.492,0.1,5.167999999999999,9.6695,-0.1525,304.487,0.1,5.1884999999999994,9.655999999999999,-0.135,304.483,0.1,5.228,9.645499999999998,-0.10550000000000001,304.472,0.1,5.2835,9.627500000000001,-0.07500000000000001,304.454,0.1,5.332,9.587,-0.058499999999999996,304.431,0.1,5.3525,9.528500000000001,-0.0665,304.412,0.1,5.3405000000000005,9.468,-0.0875,304.406,0.1,5.3055,9.414000000000001,-0.0975,304.413,0.1,
5.0055,9.893999999999998,-0.1815,304.695,0.1,5.0215,9.871,-0.179,304.663,0.1,5.028499999999999,9.8535,-0.1785,304.63,0.1,5.0395,9.837,-0.1775,304.6,0.1,5.064,9.817499999999999,-0.175,304.58,0.1,5.0995,9.794,-0.16899999999999998,304.568,0.1,5.1345,9.7675,-0.1635,304.559,0.1,5.16,9.739,-0.165,304.546,0.1,5.1785,9.713000000000001,-0.16999999999999998,304.535,0.1,5.2005,9.6955,-0.1625,304.524,0.1,5.234500000000001,9.684999999999999,-0.133,304.51,0.1,5.279,9.6715,-0.09,304.491,0.1,5.3205,9.639,-0.059,304.465,0.1,5.343,9.5885,-0.057999999999999996,304.441,0.1,5.3405000000000005,9.5295,-0.079,304.43,0.1,5.3165,9.469000000000001,-0.0905,304.432,0.1,
5.032,9.966,-0.1765,304.753,0.1,5.051,9.933,-0.1825,304.719,0.1,5.056,9.907,-0.1865,304.684,0.1,5.0595,9.887,-0.187,304.651,0.1,5.0755,9.8675,-0.1785,304.628,0.1,5.105,9.843,-0.1665,304.614,0.1,5.138,9.8125,-0.16,304.603,0.1,5.1665,9.7775,-0.1645,304.586,0.1,5.191000000000001,9.744,-0.1775,304.571,0.1,5.2170000000000005,9.718,-0.18,304.558,0.1,5.2475000000000005,9.7015,-0.1595,304.542,0.1,5.282,9.687999999999999,-0.1185,304.518,0.1,5.314,9.664000000000001,-0.081,304.488,0.1,5.3345,9.625,-0.07100000000000001,304.46,0.1,5.3375,9.5725,-0.08399999999999999,304.444,0.1,5.3225,9.51,-0.09,304.444,0.1,
5.055,10.0185,-0.1265,304.769,0.1,5.081,9.975,-0.14350000000000002,304.741,0.1,5.0895,9.9375,-0.161,304.71,0.1,5.09,9.908999999999999,-0.17049999999999998,304.682,0.1,5.0965,9.887,-0.165,304.66,0.1,5.116,9.863,-0.149,304.641,0.1,5.144,9.834,-0.136,304.618,0.1,5.1735,9.798,-0.1365,304.596,0.1,5.2025,9.76,-0.1515,304.582,0.1,5.233,9.7255,-0.1665,304.574,0.1,5.263999999999999,9.699000000000002,-0.1625,304.559,0.1,5.293,9.68,-0.1345,304.53,0.1,5.317500000000001,9.661000000000001,-0.10200000000000001,304.494,0.1,5.333500000000001,9.6325,-0.09,304.462,0.1,5.3375,9.5885,-0.097,304.444,0.1,5.3285,9.5305,-0.1,304.447,0.1,
5.0665,10.0475,-0.046,304.768,0.1,5.101,9.997499999999999,-0.07300000000000001,304.748,0.1,5.12,9.949,-0.1085,304.723,0.1,5.125,9.909500000000001,-0.1325,304.698,0.1,5.127,9.8805,-0.137,304.677,0.1,5.135999999999999,9.8555,-0.1235,304.653,0.1,5.154,9.829,-0.1035,304.624,0.1,5.1785,9.7965,-0.095,304.6,0.1,5.208,9.76,-0.1065,304.589,0.1,5.2415,9.721,-0.128,304.583,0.1,5.275,9.685500000000001,-0.14100000000000001,304.57,0.1,5.303000000000001,9.658,-0.1325,304.542,0.1,5.323,9.637,-0.1135,304.505,0.1,5.335000000000001,9.613,-0.108,304.47,0.1,5.3395,9.5765,-0.118,304.449,0.1,5.3375,9.527000000000001,-0.1245,304.45,0.1,
5.068,10.056,0.0175,304.762,0.1,5.109,10.004,-0.0175,304.748,0.1,5.141,9.951,-0.064,304.726,0.1,5.157,9.906,-0.098,304.703,0.1,5.162,9.872,-0.111,304.681,0.1,5.1655,9.846,-0.1045,304.655,0.1,5.173500000000001,9.82,-0.0865,304.628,0.1,5.1885,9.79,-0.0735,304.606,0.1,5.2125,9.756,-0.075,304.594,0.1,5.2445,9.716,-0.0935,304.586,0.1,5.278499999999999,9.677,-0.115,304.575,0.1,5.3075,9.645,-0.123,304.553,0.1,5.327,9.621,-0.121,304.521,0.1,5.337999999999999,9.597,-0.1275,304.487,0.1,5.3454999999999995,9.564,-0.147,304.461,0.1,5.3525,9.519,-0.1595,304.452,0.1,
4.5595,9.417,-0.098,304.736,0.1,4.5955,9.414,-0.101,304.713,0.1,4.646000000000001,9.401499999999999,-0.0935,304.685,0.1,4.697,9.3745,-0.0985,304.667,0.1,4.731,9.341000000000001,-0.123,304.67,0.1,4.744,9.317499999999999,-0.1435,304.675,0.1,4.752000000000001,9.311499999999999,-0.1475,304.662,0.1,4.781000000000001,9.312000000000001,-0.136,304.627,0.1,4.843500000000001,9.303,-0.122,304.585,0.1,4.92,9.277000000000001,-0.11499999999999999,304.566,0.1,4.9725,9.2405,-0.1235,304.587,0.1,4.982,9.202,-0.14200000000000002,304.638,0.1,4.963,9.163499999999999,-0.1545,304.69,0.1,4.9475,9.127500000000001,-0.1565,304.715,0.1,4.961,9.1005,-0.1435,304.706,0.1,5.004,9.0775,-0.11599999999999999,304.671,0.1,
4.577,9.410499999999999,-0.107,304.727,0.1,4.605499999999999,9.4185,-0.104,304.707,0.1,4.6515,9.4195,-0.091,304.677,0.1,4.707000000000001,9.404499999999999,-0.09,304.651,0.1,4.753,9.375499999999999,-0.109,304.647,0.1,4.7765,9.347000000000001,-0.13,304.654,0.1,4.7865,9.3315,-0.1365,304.652,0.1,4.8105,9.327,-0.132,304.632,0.1,4.8675,9.322,-0.127,304.596,0.1,4.9435,9.3025,-0.128,304.567,0.1,4.9995,9.267,-0.14,304.572,0.1,5.0085,9.225999999999999,-0.1575,304.614,0.1,4.9815000000000005,9.184999999999999,-0.166,304.671,0.1,4.9544999999999995,9.149000000000001,-0.161,304.711,0.1,4.958,9.1235,-0.1455,304.717,0.1,4.9985,9.1045,-0.121,304.681,0.1,
4.6075,9.405000000000001,-0.111,304.717,0.1,4.628500000000001,9.4205,-0.1055,304.699,0.1,4.665,9.434000000000001,-0.0965,304.671,0.1,4.717499999999999,9.433499999999999,-0.094,304.642,0.1,4.77,9.414,-0.10450000000000001,304.627,0.1,4.803,9.3855,-0.1185,304.63,0.1,4.8185,9.362,-0.122,304.639,0.1,4.8420000000000005,9.350999999999999,-0.12,304.635,0.1,4.895,9.346,-0.119,304.606,0.1,4.9685,9.3305,-0.125,304.572,0.1,5.0275,9.296,-0.14400000000000002,304.565,0.1,5.041,9.252500000000001,-0.1655,304.594,0.1,5.0120000000000005,9.208,-0.175,304.648,0.1,4.9735,9.1715,-0.1675,304.702,0.1,4.9595,9.146,-0.1475,304.725,0.1,4.986,9.1295,-0.1225,304.697,0.1,
4.6465,9.406500000000001,-0.105,304.712,0.1,4.663,9.4235,-0.1005,304.694,0.1,4.6899999999999995,9.4445,-0.099,304.668,0.1,4.734500000000001,9.456499999999998,-0.1015,304.638,0.1,4.786,9.4485,-0.1065,304.614,0.1,4.8245000000000005,9.425,-0.111,304.612,0.1,4.846500000000001,9.398,-0.1105,304.627,0.1,4.8725000000000005,9.381,-0.106,304.633,0.1,4.923,9.3735,-0.1015,304.612,0.1,4.994,9.359,-0.10600000000000001,304.578,0.1,5.0555,9.3255,-0.131,304.562,0.1,5.076499999999999,9.279,-0.163,304.576,0.1,5.053,9.232,-0.1805,304.622,0.1,5.0085,9.1945,-0.1745,304.68,0.1,4.975,9.168,-0.151,304.713,0.1,4.9785,9.15,-0.1225,304.701,0.1,
4.686999999999999,9.4205,-0.0965,304.712,0.1,4.704,9.433,-0.0905,304.694,0.1,4.7255,9.454,-0.094,304.667,0.1,4.7605,9.4725,-0.1015,304.637,0.1,4.8045,9.475000000000001,-0.1065,304.611,0.1,4.843,9.4595,-0.109,304.605,0.1,4.8705,9.434999999999999,-0.1055,304.617,0.1,4.9,9.4155,-0.095,304.627,0.1,4.949,9.404499999999999,-0.08299999999999999,304.614,0.1,5.016500000000001,9.388,-0.08099999999999999,304.584,0.1,5.08,9.354,-0.1075,304.56,0.1,5.1114999999999995,9.3055,-0.152,304.562,0.1,5.0995,9.256499999999999,-0.179,304.596,0.1,5.056,9.218,-0.175,304.643,0.1,5.007,9.189,-0.1485,304.677,0.1,4.984,9.166,-0.118,304.682,0.1,
4.725,9.4495,-0.0945,304.716,0.1,4.7455,9.454,-0.08299999999999999,304.696,0.1,4.7665,9.468499999999999,-0.08549999999999999,304.669,0.1,4.794,9.4865,-0.095,304.641,0.1,4.829,9.495000000000001,-0.10400000000000001,304.616,0.1,4.8635,9.4875,-0.1105,304.606,0.1,4.8925,9.469999999999999,-0.1085,304.613,0.1,4.9245,9.4525,-0.094,304.623,0.1,4.9715,9.439,-0.07300000000000001,304.617,0.1,5.035,9.42,-0.064,304.592,0.1,5.1,9.3845,-0.0875,304.563,0.1,5.1425,9.334,-0.137,304.556,0.1,5.145,9.2835,-0.172,304.576,0.1,5.106999999999999,9.243500000000001,-0.1685,304.608,0.1,5.048,9.21,-0.1395,304.635,0.1,5.003500000000001,9.1815,-0.1105,304.649,0.1,
4.7585,9.4925,-0.10500000000000001,304.722,0.1,4.782,9.49,-0.086,304.702,0.1,4.805999999999999,9.4955,-0.08349999999999999,304.676,0.1,4.8315,9.507,-0.0925,304.65,0.1,4.8605,9.5155,-0.10450000000000001,304.626,0.1,4.8905,9.513,-0.11549999999999999,304.613,0.1,4.9185,9.503499999999999,-0.1185,304.616,0.1,4.9485,9.4905,-0.10500000000000001,304.625,0.1,4.9895,9.477,-0.08,304.624,0.1,5.0465,9.457,-0.0635,304.604,0.1,5.1125,9.421,-0.079,304.575,0.1,5.167,9.369,-0.1245,304.561,0.1,5.1845,9.317,-0.1585,304.57,0.1,5.154,9.273,-0.1545,304.589,0.1,5.092499999999999,9.235,-0.1275,304.605,0.1,5.035,9.2015,-0.103,304.619,0.1,
4.7905,9.5455,-0.1265,304.736,0.1,4.814,9.54,-0.10400000000000001,304.715,0.1,4.8405000000000005,9.539,-0.096,304.69,0.1,4.8675,9.5425,-0.10200000000000001,304.666,0.1,4.895,9.545,-0.11549999999999999,304.644,0.1,4.923,9.543,-0.129,304.63,0.1,4.9495000000000005,9.5375,-0.134,304.627,0.1,4.975,9.529,-0.123,304.632,0.1,5.006500000000001,9.5175,-0.098,304.633,0.1,5.054,9.4985,-0.076,304.62,0.1,5.119,9.464500000000001,-0.08149999999999999,304.597,0.1,5.1835,9.4145,-0.11449999999999999,304.581,0.1,5.214499999999999,9.3605,-0.14100000000000001,304.582,0.1,5.193,9.310500000000001,-0.1385,304.59,0.1,5.1335,9.2675,-0.1185,304.598,0.1,5.0705,9.2295,-0.0995,304.608,0.1,
4.826499999999999,9.606,-0.156,304.756,0.1,4.8465,9.6005,-0.135,304.735,0.1,4.871499999999999,9.5975,-0.123,304.711,0.1,4.8985,9.5955,-0.127,304.688,0.1,4.9275,9.589500000000001,-0.1385,304.669,0.1,4.9585,9.5825,-0.1495,304.654,0.1,4.9855,9.5755,-0.1525,304.646,0.1,5.0055,9.567499999999999,-0.14300000000000002,304.646,0.1,5.026,9.557500000000001,-0.1205,304.647,0.1,5.062,9.542,-0.096,304.641,0.1,5.1225000000000005,9.5145,-0.0895,304.625,0.1,5.193,9.4705,-0.10500000000000001,304.609,0.1,5.236000000000001,9.416,-0.1195,304.603,0.1,5.224,9.36,-0.1205,304.604,0.1,5.1695,9.311,-0.114,304.608,0.1,5.1075,9.2685,-0.102,304.614,0.1,
4.8695,9.674,-0.1785,304.781,0.1,4.885,9.668,-0.1635,304.758,0.1,4.903499999999999,9.665500000000002,-0.1525,304.735,0.1,4.927,9.660499999999999,-0.1545,304.713,0.1,4.957000000000001,9.648499999999999,-0.1625,304.695,0.1,4.992,9.634,-0.16849999999999998,304.681,0.1,5.022,9.620000000000001,-0.16699999999999998,304.671,0.1,5.039,9.6075,-0.159,304.667,0.1,5.05,9.596,-0.14250000000000002,304.668,0.1,5.0745000000000005,9.5845,-0.1185,304.664,0.1,5.128,9.567,-0.099,304.652,0.1,5.199,9.533,-0.093,304.635,0.1,5.2490000000000006,9.4815,-0.094,304.624,0.1,5.247999999999999,9.4215,-0.099,304.619,0.1,5.2025,9.3665,-0.107,304.62,0.1,5.1434999999999995,9.318000000000001,-0.105,304.625,0.1,
4.916,9.7445,-0.188,304.826,0.1,4.929,9.7365,-0.178,304.801,0.1,4.939,9.7335,-0.1725,304.775,0.1,4.954000000000001,9.727,-0.1725,304.749,0.1,4.9815000000000005,9.713,-0.177,304.732,0.1,5.019,9.692499999999999,-0.178,304.719,0.1,5.053,9.669,-0.17149999999999999,304.709,0.1,5.0715,9.6475,-0.167,304.703,0.1,5.079,9.631,-0.1605,304.701,0.1,5.0954999999999995,9.6205,-0.14250000000000002,304.695,0.1,5.138999999999999,9.6115,-0.11449999999999999,304.681,0.1,5.202999999999999,9.589500000000001,-0.087,304.663,0.1,5.2535,9.546,-0.07050000000000001,304.647,0.1,5.2615,9.4875,-0.0755,304.638,0.1,5.2285,9.4285,-0.0935,304.636,0.1,5.1765,9.3725,-0.101,304.64,0.1,
4.962,9.811,-0.194,304.899,0.1,4.9745,9.798,-0.19,304.87,0.1,4.9785,9.791,-0.1875,304.837,0.1,4.984500000000001,9.7835,-0.186,304.805,0.1,5.0055,9.7695,-0.185,304.782,0.1,5.0415,9.745999999999999,-0.18,304.771,0.1,5.077500000000001,9.7155,-0.174,304.764,0.1,5.1,9.684999999999999,-0.1735,304.756,0.1,5.11,9.66,-0.177,304.747,0.1,5.123,9.645,-0.16899999999999998,304.736,0.1,5.1555,9.638000000000002,-0.14,304.719,0.1,5.2065,9.6265,-0.0985,304.698,0.1,5.2524999999999995,9.595,-0.0675,304.678,0.1,5.2669999999999995,9.545,-0.0655,304.662,0.1,5.245,9.486,-0.08399999999999999,304.656,0.1,5.202500000000001,9.4235,-0.094,304.657,0.1,
5.002,9.872499999999999,-0.187,304.958,0.1,5.019,9.848500000000001,-0.1905,304.926,0.1,5.0215,9.8325,-0.1925,304.89,0.1,5.021,9.821,-0.192,304.856,0.1,5.032500000000001,9.8065,-0.1845,304.831,0.1,5.0605,9.783999999999999,-0.1735,304.817,0.1,5.0945,9.753,-0.1675,304.807,0.1,5.121499999999999,9.7175,-0.17099999999999999,304.794,0.1,5.138,9.683,-0.183,304.782,0.1,5.1525,9.657,-0.185,304.77,0.1,5.1775,9.645,-0.164,304.751,0.1,5.215,9.6385,-0.1235,304.726,0.1,5.2515,9.6195,-0.08549999999999999,304.698,0.1,5.267,9.582,-0.075,304.675,0.1,5.254,9.5275,-0.087,304.665,0.1,5.2219999999999995,9.462499999999999,-0.093,304.667,0.1,
5.0315,9.9235,-0.1345,304.975,0.1,5.057,9.886,-0.15,304.946,0.1,5.064500000000001,9.8565,-0.1645,304.916,0.1,5.061999999999999,9.8355,-0.1725,304.886,0.1,5.064,9.818000000000001,-0.167,304.863,0.1,5.0794999999999995,9.799,-0.152,304.844,0.1,5.106,9.773,-0.14,304.822,0.1,5.134,9.738,-0.14100000000000001,304.802,0.1,5.157500000000001,9.697,-0.156,304.792,0.1,5.178,9.658999999999999,-0.17099999999999999,304.785,0.1,5.2010000000000005,9.637,-0.166,304.768,0.1,5.2285,9.627500000000001,-0.137,304.737,0.1,5.254,9.616,-0.104,304.701,0.1,5.2669999999999995,9.589500000000001,-0.091,304.67,0.1,5.261,9.5435,-0.098,304.658,0.1,5.2395,9.482,-0.1015,304.667,0.1,
5.045,9.955,-0.051500000000000004,304.975,0.1,5.0805,9.907499999999999,-0.0785,304.954,0.1,5.1,9.865,-0.1115,304.928,0.1,5.103,9.832,-0.1335,304.902,0.1,5.1,9.807500000000001,-0.1365,304.879,0.1,5.1035,9.789000000000001,-0.1235,304.854,0.1,5.118,9.768,-0.104,304.826,0.1,5.141,9.7375,-0.0965,304.804,0.1,5.1675,9.697,-0.109,304.796,0.1,5.194,9.6535,-0.1315,304.792,0.1,5.218999999999999,9.6205,-0.144,304.778,0.1,5.2415,9.601,-0.1345,304.749,0.1,5.2595,9.588000000000001,-0.114,304.709,0.1,5.269500000000001,9.5675,-0.1075,304.673,0.1,5.269500000000001,9.530000000000001,-0.1175,304.657,0.1,5.2595,9.478000000000002,-0.1245,304.667,0.1,
5.0465,9.965,0.014,304.971,0.1,5.089,9.914,-0.0225,304.954,0.1,5.123,9.866,-0.068,304.93,0.1,5.1385000000000005,9.827,-0.0995,304.905,0.1,5.138999999999999,9.798,-0.1105,304.881,0.1,5.1365,9.778,-0.10250000000000001,304.855,0.1,5.1395,9.759,-0.08499999999999999,304.829,0.1,5.151999999999999,9.731,-0.072,304.809,0.1,5.1739999999999995,9.693,-0.075,304.799,0.1,5.202,9.649,-0.0945,304.793,0.1,5.2295,9.611,-0.1165,304.783,0.1,5.2509999999999994,9.585,-0.1245,304.759,0.1,5.265499999999999,9.569,-0.1205,304.724,0.1,5.2745,9.55,-0.1255,304.688,0.1,5.2805,9.516,-0.1445,304.666,0.1,5.282,9.47,-0.1575,304.665,0.1,
4.4765,9.317,-0.1,304.97,0.1,4.516,9.311499999999999,-0.1055,304.946,0.1,4.568,9.298,-0.1005,304.921,0.1,4.618,9.273,-0.1075,304.906,0.1,4.651999999999999,9.241,-0.131,304.911,0.1,4.669499999999999,9.219,-0.1485,304.916,0.1,4.683999999999999,9.213999999999999,-0.15,304.901,0.1,4.715999999999999,9.218499999999999,-0.1395,304.867,0.1,4.774,9.214500000000001,-0.13,304.832,0.1,4.8405000000000005,9.193,-0.1265,304.82,0.1,4.8855,9.1545,-0.1335,304.845,0.1,4.895,9.105,-0.147,304.895,0.1,4.881,9.0515,-0.155,304.942,0.1,4.869,9.006,-0.157,304.957,0.1,4.88,8.977,-0.1465,304.939,0.1,4.9165,8.963000000000001,-0.123,304.899,0.1,
4.496,9.312,-0.109,304.957,0.1,4.5280000000000005,9.316500000000001,-0.1075,304.938,0.1,4.577,9.3155,-0.097,304.91,0.1,4.633,9.301,-0.0985,304.887,0.1,4.679,9.2735,-0.1185,304.886,0.1,4.705,9.2465,-0.137,304.893,0.1,4.721500000000001,9.2315,-0.14100000000000001,304.889,0.1,4.7515,9.2285,-0.136,304.868,0.1,4.807499999999999,9.225,-0.135,304.837,0.1,4.875,9.2075,-0.1395,304.816,0.1,4.9215,9.172,-0.1505,304.826,0.1,4.9275,9.124,-0.163,304.87,0.1,4.904,9.0715,-0.1665,304.923,0.1,4.881,9.022,-0.1605,304.956,0.1,4.884499999999999,8.988499999999998,-0.148,304.953,0.1,4.920999999999999,8.9755,-0.1275,304.91,0.1,
4.528,9.308,-0.113,304.944,0.1,4.552,9.3205,-0.1085,304.927,0.1,4.593,9.3315,-0.1015,304.901,0.1,4.648,9.33,-0.10200000000000001,304.875,0.1,4.7010000000000005,9.311499999999999,-0.11399999999999999,304.864,0.1,4.7355,9.2845,-0.127,304.868,0.1,4.7565,9.2605,-0.128,304.875,0.1,4.7865,9.248000000000001,-0.1255,304.868,0.1,4.8415,9.2425,-0.127,304.842,0.1,4.91,9.227,-0.1365,304.815,0.1,4.96,9.192,-0.155,304.816,0.1,4.967499999999999,9.1455,-0.17149999999999999,304.848,0.1,4.9384999999999994,9.093,-0.176,304.901,0.1,4.9035,9.042000000000002,-0.166,304.949,0.1,4.8925,9.0055,-0.148,304.964,0.1,4.919499999999999,8.9895,-0.127,304.929,0.1,
4.57,9.3095,-0.1085,304.934,0.1,4.588,9.325,-0.1035,304.918,0.1,4.6195,9.3445,-0.10300000000000001,304.895,0.1,4.667999999999999,9.355,-0.1085,304.868,0.1,4.721,9.3475,-0.11499999999999999,304.849,0.1,4.7605,9.324,-0.1195,304.849,0.1,4.786,9.2955,-0.1175,304.861,0.1,4.818,9.276,-0.112,304.864,0.1,4.873,9.2665,-0.109,304.843,0.1,4.943,9.25,-0.11649999999999999,304.815,0.1,4.998,9.215,-0.14200000000000002,304.809,0.1,5.011,9.168,-0.16999999999999998,304.829,0.1,4.9825,9.1155,-0.182,304.874,0.1,4.9384999999999994,9.066,-0.1725,304.927,0.1,4.9105,9.029499999999999,-0.149,304.953,0.1,4.919499999999999,9.007,-0.123,304.935,0.1,
4.615,9.3215,-0.1015,304.931,0.1,4.6325,9.334499999999998,-0.095,304.914,0.1,4.657500000000001,9.3555,-0.098,304.89,0.1,4.6965,9.373000000000001,-0.1065,304.864,0.1,4.7435,9.3755,-0.1135,304.843,0.1,4.783,9.3585,-0.11699999999999999,304.841,0.1,4.812,9.332,-0.1125,304.852,0.1,4.846,9.3095,-0.1015,304.857,0.1,4.901,9.2955,-0.091,304.842,0.1,4.9715,9.276,-0.091,304.816,0.1,5.031000000000001,9.2395,-0.118,304.802,0.1,5.053,9.190000000000001,-0.1595,304.812,0.1,5.031499999999999,9.138,-0.182,304.847,0.1,4.984999999999999,9.092500000000001,-0.174,304.889,0.1,4.9415,9.0575,-0.1455,304.917,0.1,4.9275,9.0285,-0.116,304.918,0.1,
4.659,9.3475,-0.101,304.933,0.1,4.679,9.3535,-0.089,304.914,0.1,4.702,9.369,-0.0905,304.889,0.1,4.733499999999999,9.387,-0.1005,304.864,0.1,4.7715,9.3955,-0.11,304.845,0.1,4.807,9.3865,-0.1175,304.839,0.1,4.8365,9.366,-0.11549999999999999,304.847,0.1,4.8705,9.345500000000001,-0.1015,304.853,0.1,4.923,9.3285,-0.08149999999999999,304.844,0.1,4.9925,9.306,-0.07400000000000001,304.82,0.1,5.057,9.267,-0.098,304.8,0.1,5.0905000000000005,9.214,-0.146,304.801,0.1,5.0815,9.1615,-0.177,304.825,0.1,5.037,9.119499999999999,-0.1685,304.854,0.1,4.981,9.0855,-0.136,304.875,0.1,4.945,9.052,-0.1075,304.885,0.1,
4.699,9.386,-0.1125,304.938,0.1,4.7219999999999995,9.385,-0.094,304.918,0.1,4.7475000000000005,9.3925,-0.0905,304.893,0.1,4.776,9.4055,-0.099,304.87,0.1,4.8075,9.413499999999999,-0.111,304.851,0.1,4.838,9.41,-0.1225,304.844,0.1,4.8645,9.397,-0.1255,304.849,0.1,4.895,9.382000000000001,-0.1125,304.855,0.1,4.9415,9.365,-0.088,304.85,0.1,5.006,9.341,-0.07300000000000001,304.83,0.1,5.0745000000000005,9.3,-0.09,304.808,0.1,5.1225000000000005,9.244,-0.1355,304.802,0.1,5.128,9.189,-0.1665,304.816,0.1,5.0885,9.1475,-0.157,304.834,0.1,5.025,9.113,-0.1255,304.845,0.1,4.9725,9.0775,-0.1,304.854,0.1,
4.7364999999999995,9.433499999999999,-0.135,304.951,0.1,4.761,9.4295,-0.11349999999999999,304.93,0.1,4.7895,9.431000000000001,-0.10550000000000001,304.906,0.1,4.8185,9.436,-0.1105,304.884,0.1,4.848000000000001,9.438500000000001,-0.123,304.866,0.1,4.8765,9.4345,-0.1365,304.857,0.1,4.900499999999999,9.4265,-0.14150000000000001,304.858,0.1,4.9239999999999995,9.4165,-0.1305,304.862,0.1,4.959,9.403,-0.1055,304.859,0.1,5.013999999999999,9.379999999999999,-0.08449999999999999,304.845,0.1,5.084,9.339500000000001,-0.093,304.826,0.1,5.146000000000001,9.2835,-0.128,304.817,0.1,5.168,9.2255,-0.1515,304.825,0.1,5.136,9.1805,-0.1425,304.835,0.1,5.0695,9.144,-0.1175,304.839,0.1,5.007,9.107,-0.0975,304.843,0.1,
4.776,9.4875,-0.165,304.972,0.1,4.798500000000001,9.4845,-0.14450000000000002,304.951,0.1,4.827,9.4835,-0.1335,304.928,0.1,4.8575,9.4825,-0.137,304.905,0.1,4.889,9.477,-0.1475,304.888,0.1,4.9195,9.467500000000001,-0.1585,304.877,0.1,4.943,9.458,-0.161,304.873,0.1,4.959,9.449,-0.15,304.874,0.1,4.98,9.439,-0.127,304.873,0.1,5.022,9.42,-0.10400000000000001,304.865,0.1,5.09,9.3855,-0.101,304.852,0.1,5.1625,9.334,-0.1195,304.843,0.1,5.1995000000000005,9.275500000000001,-0.132,304.845,0.1,5.1775,9.224499999999999,-0.1265,304.849,0.1,5.1129999999999995,9.184000000000001,-0.115,304.849,0.1,5.0465,9.143999999999998,-0.1015,304.849,0.1,
4.8225,9.5445,-0.189,304.997,0.1,4.8405000000000005,9.5435,-0.174,304.976,0.1,4.864,9.544,-0.1635,304.953,0.1,4.8915,9.5405,-0.165,304.93,0.1,4.9239999999999995,9.527999999999999,-0.1735,304.914,0.1,4.9595,9.5105,-0.1795,304.902,0.1,4.987,9.493500000000001,-0.1765,304.895,0.1,4.999499999999999,9.4795,-0.1665,304.894,0.1,5.008,9.4695,-0.1485,304.894,0.1,5.035500000000001,9.4565,-0.1255,304.889,0.1,5.096,9.433,-0.11,304.877,0.1,5.172499999999999,9.3915,-0.10750000000000001,304.866,0.1,5.2204999999999995,9.336,-0.10750000000000001,304.863,0.1,5.21,9.280999999999999,-0.107,304.862,0.1,5.1530000000000005,9.2345,-0.11,304.861,0.1,5.087,9.189499999999999,-0.106,304.86,0.1,
4.872,9.596499999999999,-0.1995,305.043,0.1,4.887499999999999,9.597000000000001,-0.189,305.02,0.1,4.903,9.6,-0.1825,304.994,0.1,4.9235,9.5975,-0.183,304.968,0.1,4.9544999999999995,9.5825,-0.1885,304.951,0.1,4.993,9.557500000000001,-0.1895,304.94,0.1,5.0255,9.530000000000001,-0.1825,304.933,0.1,5.04,9.506499999999999,-0.175,304.929,0.1,5.0425,9.492,-0.1665,304.926,0.1,5.058,9.482500000000002,-0.1485,304.919,0.1,5.1065000000000005,9.4705,-0.1235,304.906,0.1,5.1775,9.443,-0.0995,304.892,0.1,5.2305,9.3955,-0.08299999999999999,304.884,0.1,5.2315000000000005,9.3415,-0.08399999999999999,304.879,0.1,5.185499999999999,9.29,-0.0975,304.875,0.1,5.125500000000001,9.239,-0.1025,304.874,0.1,
4.915,9.641,-0.20500000000000002,305.121,0.1,4.931,9.6405,-0.199,305.092,0.1,4.9415,9.643,-0.1955,305.06,0.1,4.9544999999999995,9.642,-0.194,305.027,0.1,4.98,9.628499999999999,-0.194,305.004,0.1,5.018,9.6005,-0.1905,304.994,0.1,5.0545,9.565000000000001,-0.1835,304.989,0.1,5.0745000000000005,9.532,-0.1805,304.983,0.1,5.079,9.5085,-0.182,304.974,0.1,5.0885,9.4955,-0.1735,304.961,0.1,5.124499999999999,9.489,-0.146,304.944,0.1,5.1835,9.474499999999999,-0.1075,304.926,0.1,5.2335,9.440999999999999,-0.0765,304.913,0.1,5.2425,9.3945,-0.07250000000000001,304.901,0.1,5.208,9.341999999999999,-0.0875,304.894,0.1,5.1565,9.285499999999999,-0.0955,304.891,0.1,
4.9485,9.686,-0.196,305.186,0.1,4.971,9.677,-0.197,305.153,0.1,4.9815000000000005,9.673,-0.197,305.116,0.1,4.9879999999999995,9.6695,-0.196,305.081,0.1,5.0045,9.657499999999999,-0.1895,305.055,0.1,5.035500000000001,9.632,-0.1805,305.043,0.1,5.071,9.5965,-0.1745,305.035,0.1,5.096500000000001,9.559000000000001,-0.177,305.022,0.1,5.1080000000000005,9.524000000000001,-0.1865,305.01,0.1,5.119,9.5,-0.1885,304.995,0.1,5.1465,9.49,-0.1675,304.976,0.1,5.1915,9.4835,-0.128,304.952,0.1,5.234,9.465499999999999,-0.0905,304.929,0.1,5.247,9.430499999999999,-0.079,304.91,0.1,5.223000000000001,9.3805,-0.089,304.9,0.1,5.1815,9.321000000000002,-0.094,304.901,0.1,
4.9755,9.729500000000002,-0.14150000000000001,305.205,0.1,5.0065,9.7055,-0.1555,305.174,0.1,5.0215,9.689,-0.1675,305.142,0.1,5.0255,9.678,-0.1735,305.111,0.1,5.032,9.6645,-0.168,305.088,0.1,5.051,9.645,-0.154,305.07,0.1,5.0794999999999995,9.6165,-0.1435,305.049,0.1,5.1075,9.58,-0.1445,305.03,0.1,5.128,9.5365,-0.1595,305.018,0.1,5.145,9.498999999999999,-0.1735,305.01,0.1,5.1690000000000005,9.479,-0.168,304.991,0.1,5.203,9.4725,-0.139,304.961,0.1,5.236000000000001,9.463999999999999,-0.1055,304.927,0.1,5.2490000000000006,9.439,-0.0915,304.899,0.1,5.234500000000001,9.395,-0.0975,304.889,0.1,5.2035,9.337,-0.101,304.899,0.1,
4.9885,9.757000000000001,-0.056999999999999995,305.207,0.1,5.029999999999999,9.7195,-0.08349999999999999,305.182,0.1,5.056,9.689499999999999,-0.1145,305.153,0.1,5.0649999999999995,9.6685,-0.1335,305.124,0.1,5.0665,9.651,-0.135,305.101,0.1,5.073,9.6355,-0.122,305.077,0.1,5.089499999999999,9.614,-0.104,305.051,0.1,5.1125,9.5815,-0.0975,305.03,0.1,5.1365,9.537500000000001,-0.111,305.021,0.1,5.1605,9.4925,-0.134,305.016,0.1,5.186999999999999,9.461500000000001,-0.146,305.001,0.1,5.2155000000000005,9.446,-0.135,304.97,0.1,5.240500000000001,9.436499999999999,-0.1135,304.93,0.1,5.2524999999999995,9.4165,-0.106,304.896,0.1,5.246499999999999,9.379999999999999,-0.1155,304.883,0.1,5.227,9.3295,-0.1225,304.896,0.1,
4.987,9.765,0.010499999999999999,305.205,0.1,5.037,9.722,-0.027000000000000003,305.184,0.1,5.0785,9.686,-0.07150000000000001,305.156,0.1,5.1005,9.66,-0.1,305.126,0.1,5.105,9.64,-0.1085,305.099,0.1,5.104,9.625,-0.0995,305.073,0.1,5.1080000000000005,9.606,-0.082,305.049,0.1,5.1205,9.576,-0.07,305.032,0.1,5.1415,9.534,-0.0745,305.023,0.1,5.1685,9.488,-0.0955,305.017,0.1,5.197,9.452,-0.1175,305.004,0.1,5.2235,9.43,-0.125,304.979,0.1,5.244999999999999,9.417,-0.1195,304.943,0.1,5.257999999999999,9.398,-0.1225,304.907,0.1,5.2605,9.365,-0.14100000000000001,304.887,0.1,5.253500000000001,9.32,-0.1545,304.891,0.1,
4.4475,9.146,-0.10200000000000001,305.203,0.1,4.495,9.133,-0.11,305.181,0.1,4.550000000000001,9.1135,-0.1075,305.158,0.1,4.6005,9.0875,-0.11599999999999999,305.145,0.1,4.638,9.0565,-0.1385,305.151,0.1,4.6645,9.0345,-0.153,305.157,0.1,4.6905,9.033,-0.152,305.142,0.1,4.729,9.04,-0.143,305.11,0.1,4.784000000000001,9.0405,-0.1375,305.078,0.1,4.841,9.022,-0.137,305.069,0.1,4.8785,8.9815,-0.14200000000000002,305.095,0.1,4.887499999999999,8.9225,-0.151,305.144,0.1,4.8774999999999995,8.857,-0.1555,305.189,0.1,4.8685,8.803,-0.157,305.197,0.1,4.8774999999999995,8.771,-0.1495,305.168,0.1,4.906499999999999,8.763,-0.129,305.119,0.1,
4.467,9.1455,-0.1105,305.188,0.1,4.508,9.14,-0.1105,305.171,0.1,4.563000000000001,9.130500000000001,-0.10350000000000001,305.146,0.1,4.6205,9.1135,-0.1075,305.126,0.1,4.667999999999999,9.085999999999999,-0.1275,305.126,0.1,4.701499999999999,9.059999999999999,-0.14350000000000002,305.133,0.1,4.7295,9.047,-0.145,305.128,0.1,4.7675,9.0445,-0.1405,305.108,0.1,4.8225,9.042,-0.14250000000000002,305.081,0.1,4.8815,9.026,-0.15,305.064,0.1,4.92,8.989999999999998,-0.1595,305.077,0.1,4.9239999999999995,8.937999999999999,-0.167,305.121,0.1,4.9030000000000005,8.875,-0.166,305.173,0.1,4.8825,8.8155,-0.1595,305.2,0.1,4.8855,8.773499999999999,-0.15,305.189,0.1,4.9185,8.763,-0.134,305.137,0.1,
4.4985,9.145,-0.115,305.171,0.1,4.531499999999999,9.148,-0.1115,305.157,0.1,4.5805,9.1495,-0.1065,305.136,0.1,4.6395,9.143,-0.1105,305.114,0.1,4.694,9.123999999999999,-0.124,305.105,0.1,4.734500000000001,9.097000000000001,-0.135,305.109,0.1,4.7655,9.0735,-0.1335,305.113,0.1,4.803,9.060500000000001,-0.1305,305.106,0.1,4.858499999999999,9.054,-0.1345,305.082,0.1,4.9215,9.038,-0.147,305.062,0.1,4.9645,9.003,-0.1645,305.068,0.1,4.968,8.9555,-0.1765,305.102,0.1,4.9384999999999994,8.8965,-0.176,305.152,0.1,4.904,8.8345,-0.164,305.196,0.1,4.895,8.788,-0.148,305.206,0.1,4.924,8.77,-0.131,305.164,0.1,
4.54,9.148,-0.1115,305.159,0.1,4.5665,9.155999999999999,-0.1065,305.145,0.1,4.6075,9.167000000000002,-0.1075,305.126,0.1,4.6615,9.171,-0.11499999999999999,305.106,0.1,4.717499999999999,9.1615,-0.1235,305.091,0.1,4.7620000000000005,9.136500000000002,-0.128,305.091,0.1,4.7955000000000005,9.107,-0.124,305.1,0.1,4.8345,9.086,-0.118,305.1,0.1,4.8915,9.075,-0.11699999999999999,305.08,0.1,4.9585,9.056999999999999,-0.127,305.06,0.1,5.008,9.0215,-0.1515,305.061,0.1,5.015000000000001,8.974499999999999,-0.176,305.084,0.1,4.9825,8.9185,-0.1825,305.126,0.1,4.9384999999999994,8.861,-0.17,305.175,0.1,4.9145,8.815999999999999,-0.147,305.198,0.1,4.9295,8.789,-0.1235,305.177,0.1,
4.5865,9.1595,-0.106,305.153,0.1,4.609999999999999,9.167,-0.099,305.137,0.1,4.6445,9.182,-0.10200000000000001,305.118,0.1,4.6905,9.1935,-0.112,305.1,0.1,4.741,9.192499999999999,-0.121,305.086,0.1,4.7844999999999995,9.173,-0.1245,305.084,0.1,4.8195,9.144,-0.1195,305.092,0.1,4.86,9.119,-0.1085,305.093,0.1,4.9190000000000005,9.1025,-0.099,305.077,0.1,4.9895,9.081,-0.1015,305.058,0.1,5.045,9.043,-0.128,305.053,0.1,5.0600000000000005,8.993500000000001,-0.166,305.067,0.1,5.032,8.939499999999999,-0.184,305.099,0.1,4.984,8.8915,-0.172,305.137,0.1,4.946,8.8525,-0.14200000000000002,305.162,0.1,4.9399999999999995,8.8185,-0.114,305.161,0.1,
4.634,9.183499999999999,-0.107,305.153,0.1,4.6585,9.1855,-0.0945,305.135,0.1,4.689,9.1975,-0.0955,305.115,0.1,4.727,9.210999999999999,-0.1055,305.097,0.1,4.769500000000001,9.215499999999999,-0.11599999999999999,305.085,0.1,4.8085,9.2035,-0.124,305.083,0.1,4.842,9.18,-0.1225,305.089,0.1,4.8815,9.156500000000001,-0.109,305.09,0.1,4.939500000000001,9.136,-0.0905,305.078,0.1,5.0115,9.1095,-0.08399999999999999,305.059,0.1,5.073,9.067499999999999,-0.1085,305.048,0.1,5.099,9.014,-0.154,305.054,0.1,5.0825,8.9605,-0.181,305.076,0.1,5.0365,8.921,-0.1675,305.102,0.1,4.986000000000001,8.8895,-0.1325,305.119,0.1,4.958,8.852,-0.1045,305.128,0.1,
4.678000000000001,9.2195,-0.1195,305.159,0.1,4.705500000000001,9.215,-0.1015,305.138,0.1,4.7375,9.2195,-0.0975,305.117,0.1,4.7715,9.229,-0.105,305.099,0.1,4.8065,9.2345,-0.11699999999999999,305.088,0.1,4.839,9.228000000000002,-0.129,305.085,0.1,4.868,9.212,-0.1325,305.09,0.1,4.901999999999999,9.193999999999999,-0.1195,305.092,0.1,4.954,9.1735,-0.0965,305.084,0.1,5.0235,9.144,-0.08299999999999999,305.067,0.1,5.091,9.097999999999999,-0.1015,305.051,0.1,5.1325,9.0395,-0.1465,305.052,0.1,5.1315,8.9845,-0.1735,305.068,0.1,5.089499999999999,8.9485,-0.1585,305.083,0.1,5.029,8.922,-0.1225,305.09,0.1,4.9825,8.8855,-0.0965,305.096,0.1,
4.7170000000000005,9.2635,-0.14250000000000002,305.173,0.1,4.7465,9.256499999999999,-0.122,305.152,0.1,4.782500000000001,9.2545,-0.11449999999999999,305.129,0.1,4.818,9.256499999999999,-0.119,305.111,0.1,4.8505,9.2575,-0.1305,305.098,0.1,4.8795,9.251000000000001,-0.14350000000000002,305.094,0.1,4.903499999999999,9.24,-0.1485,305.097,0.1,4.928,9.228,-0.137,305.099,0.1,4.9675,9.212,-0.1125,305.094,0.1,5.0285,9.1835,-0.094,305.08,0.1,5.1005,9.1355,-0.10500000000000001,305.066,0.1,5.159,9.0745,-0.14150000000000001,305.065,0.1,5.176,9.017,-0.1615,305.077,0.1,5.141,8.979,-0.1455,305.086,0.1,5.074,8.953,-0.116,305.084,0.1,5.0135000000000005,8.919,-0.095,305.084,0.1,
4.756,9.312000000000001,-0.173,305.195,0.1,4.785,9.308,-0.1535,305.174,0.1,4.8225,9.304,-0.14400000000000002,305.151,0.1,4.859999999999999,9.3,-0.1465,305.131,0.1,4.895,9.292000000000002,-0.1565,305.118,0.1,4.9254999999999995,9.279499999999999,-0.16749999999999998,305.111,0.1,4.947,9.267,-0.16849999999999998,305.11,0.1,4.9615,9.2575,-0.156,305.111,0.1,4.984500000000001,9.246500000000001,-0.133,305.108,0.1,5.032,9.223,-0.112,305.099,0.1,5.103999999999999,9.18,-0.11299999999999999,305.09,0.1,5.1765,9.121500000000001,-0.1345,305.089,0.1,5.2105,9.062,-0.14400000000000002,305.097,0.1,5.1850000000000005,9.0195,-0.132,305.101,0.1,5.117,8.989999999999998,-0.115,305.095,0.1,5.05,8.956,-0.1005,305.089,0.1,
4.798,9.359,-0.1985,305.222,0.1,4.823,9.3615,-0.1835,305.201,0.1,4.8575,9.3605,-0.174,305.178,0.1,4.895,9.3545,-0.1755,305.157,0.1,4.933,9.3385,-0.184,305.143,0.1,4.968500000000001,9.3165,-0.19,305.134,0.1,4.993,9.2955,-0.1855,305.13,0.1,5.002000000000001,9.281500000000001,-0.173,305.129,0.1,5.0095,9.272,-0.1535,305.127,0.1,5.0405,9.256,-0.1325,305.122,0.1,5.1065000000000005,9.225000000000001,-0.1215,305.114,0.1,5.186,9.1755,-0.1225,305.111,0.1,5.234,9.117999999999999,-0.1205,305.115,0.1,5.22,9.0705,-0.11449999999999999,305.115,0.1,5.157,9.035499999999999,-0.112,305.107,0.1,5.0895,8.999,-0.106,305.1,0.1,
4.840999999999999,9.393,-0.21,305.27,0.1,4.8625,9.4025,-0.199,305.247,0.1,4.890499999999999,9.4085,-0.192,305.223,0.1,4.923,9.4055,-0.193,305.197,0.1,4.961,9.386500000000002,-0.199,305.181,0.1,5.002000000000001,9.356,-0.201,305.172,0.1,5.032500000000001,9.322500000000002,-0.193,305.168,0.1,5.0425,9.2985,-0.1825,305.165,0.1,5.042,9.285499999999999,-0.17149999999999999,305.16,0.1,5.058999999999999,9.274999999999999,-0.154,305.152,0.1,5.1135,9.2575,-0.1325,305.141,0.1,5.1905,9.2225,-0.11249999999999999,305.135,0.1,5.245,9.1725,-0.0955,305.135,0.1,5.242,9.124,-0.092,305.131,0.1,5.189500000000001,9.085,-0.101,305.121,0.1,5.1274999999999995,9.044,-0.1035,305.115,0.1,
4.866,9.414,-0.215,305.356,0.1,4.890000000000001,9.427499999999998,-0.20750000000000002,305.326,0.1,4.9145,9.440000000000001,-0.2025,305.293,0.1,4.942,9.442,-0.2015,305.261,0.1,4.977,9.4255,-0.2025,305.239,0.1,5.0184999999999995,9.3905,-0.201,305.23,0.1,5.0545,9.3475,-0.193,305.228,0.1,5.0715,9.312999999999999,-0.1875,305.221,0.1,5.073,9.2915,-0.186,305.209,0.1,5.083,9.279499999999999,-0.177,305.194,0.1,5.125,9.2705,-0.152,305.179,0.1,5.1925,9.2505,-0.11649999999999999,305.168,0.1,5.247,9.213999999999999,-0.086,305.162,0.1,5.253,9.1715,-0.0795,305.153,0.1,5.212,9.131,-0.091,305.141,0.1,5.1579999999999995,9.085,-0.0965,305.133,0.1,
4.8795,9.439,-0.20400000000000001,305.429,0.1,4.9115,9.4475,-0.20350000000000001,305.393,0.1,4.9365000000000006,9.459,-0.2015,305.354,0.1,4.9585,9.463000000000001,-0.1995,305.318,0.1,4.986,9.4495,-0.1945,305.293,0.1,5.022,9.417000000000002,-0.187,305.284,0.1,5.0595,9.3745,-0.181,305.278,0.1,5.0845,9.3345,-0.1825,305.265,0.1,5.0945,9.3005,-0.1895,305.248,0.1,5.1065000000000005,9.277999999999999,-0.191,305.23,0.1,5.141,9.268,-0.17049999999999998,305.21,0.1,5.197,9.259,-0.132,305.191,0.1,5.246499999999999,9.2385,-0.096,305.174,0.1,5.2585,9.206,-0.083,305.158,0.1,5.228,9.1655,-0.0905,305.146,0.1,5.182,9.114999999999998,-0.094,305.142,0.1,
4.898,9.469000000000001,-0.148,305.452,0.1,4.9395,9.463000000000001,-0.16,305.417,0.1,4.9670000000000005,9.4645,-0.17,305.381,0.1,4.984,9.4655,-0.174,305.348,0.1,5.0005,9.454,-0.168,305.326,0.1,5.0265,9.43,-0.156,305.311,0.1,5.0605,9.3965,-0.1465,305.292,0.1,5.09,9.3555,-0.1475,305.272,0.1,5.1085,9.311,-0.162,305.257,0.1,5.1259999999999994,9.2745,-0.175,305.244,0.1,5.1585,9.256,-0.1695,305.224,0.1,5.2059999999999995,9.249500000000001,-0.1405,305.196,0.1,5.2490000000000006,9.2395,-0.107,305.166,0.1,5.2635000000000005,9.216,-0.0925,305.142,0.1,5.242,9.178,-0.0965,305.131,0.1,5.202999999999999,9.125499999999999,-0.0995,305.139,0.1,
4.907,9.487,-0.0625,305.456,0.1,4.958,9.464500000000001,-0.088,305.427,0.1,4.9955,9.453,-0.11699999999999999,305.393,0.1,5.016,9.448,-0.133,305.36,0.1,5.027,9.438500000000001,-0.133,305.337,0.1,5.042,9.4225,-0.12,305.315,0.1,5.0649999999999995,9.3975,-0.1035,305.291,0.1,5.09,9.359,-0.0985,305.27,0.1,5.112500000000001,9.312,-0.1125,305.26,0.1,5.1370000000000005,9.2675,-0.136,305.251,0.1,5.170999999999999,9.238499999999998,-0.1475,305.233,0.1,5.2135,9.224499999999999,-0.1355,305.201,0.1,5.252,9.214,-0.113,305.164,0.1,5.2684999999999995,9.1945,-0.104,305.133,0.1,5.256,9.160499999999999,-0.1125,305.121,0.1,5.226,9.1135,-0.1195,305.134,0.1,
4.9015,9.491,0.006999999999999999,305.456,0.1,4.962,9.461,-0.0315,305.431,0.1,5.016,9.443,-0.0745,305.396,0.1,5.0495,9.435,-0.1,305.36,0.1,5.063,9.426,-0.106,305.33,0.1,5.0695,9.413,-0.096,305.305,0.1,5.079000000000001,9.391,-0.0785,305.283,0.1,5.093500000000001,9.355,-0.068,305.268,0.1,5.1129999999999995,9.309,-0.074,305.259,0.1,5.1395,9.263,-0.096,305.251,0.1,5.175000000000001,9.229,-0.1185,305.236,0.1,5.2155000000000005,9.209,-0.1245,305.209,0.1,5.2515,9.195,-0.118,305.172,0.1,5.272,9.176,-0.1195,305.138,0.1,5.2705,9.144,-0.137,305.12,0.1,5.253500000000001,9.102,-0.151,305.125,0.1,
4.407,8.9645,-0.105,305.444,0.1,4.463,8.942499999999999,-0.11499999999999999,305.422,0.1,4.5215,8.918500000000002,-0.11449999999999999,305.401,0.1,4.5725,8.892,-0.1235,305.39,0.1,4.6125,8.861,-0.1445,305.397,0.1,4.6475,8.8405,-0.1565,305.402,0.1,4.6855,8.840499999999999,-0.1545,305.388,0.1,4.7315000000000005,8.85,-0.147,305.358,0.1,4.784,8.854,-0.144,305.33,0.1,4.8309999999999995,8.8375,-0.1445,305.323,0.1,4.859,8.794,-0.1475,305.35,0.1,4.8655,8.7255,-0.1535,305.401,0.1,4.859999999999999,8.649000000000001,-0.1555,305.443,0.1,4.856,8.5885,-0.157,305.443,0.1,4.865,8.5555,-0.152,305.403,0.1,4.8885,8.5535,-0.1345,305.346,0.1,
4.426500000000001,8.9675,-0.1125,305.426,0.1,4.477,8.952,-0.1145,305.41,0.1,4.5375,8.935500000000001,-0.111,305.388,0.1,4.5969999999999995,8.9155,-0.11649999999999999,305.371,0.1,4.6465,8.888,-0.136,305.372,0.1,4.687,8.864,-0.15,305.378,0.1,4.7265,8.8525,-0.149,305.372,0.1,4.7725,8.85,-0.1455,305.354,0.1,4.8265,8.848500000000001,-0.1495,305.33,0.1,4.877000000000001,8.833,-0.1585,305.317,0.1,4.906000000000001,8.796,-0.166,305.333,0.1,4.9055,8.738,-0.1695,305.379,0.1,4.885999999999999,8.667,-0.1655,305.429,0.1,4.869,8.5975,-0.1585,305.451,0.1,4.874499999999999,8.55,-0.152,305.432,0.1,4.907,8.542,-0.1395,305.37,0.1,
4.458,8.971499999999999,-0.11699999999999999,305.405,0.1,4.5009999999999994,8.964500000000001,-0.115,305.393,0.1,4.558,8.957,-0.1125,305.376,0.1,4.62,8.945,-0.1195,305.358,0.1,4.6765,8.9255,-0.1335,305.351,0.1,4.7225,8.900500000000001,-0.14250000000000002,305.354,0.1,4.763,8.876999999999999,-0.139,305.356,0.1,4.8085,8.863,-0.136,305.348,0.1,4.865,8.856,-0.14200000000000002,305.328,0.1,4.922000000000001,8.839,-0.156,305.313,0.1,4.9565,8.8035,-0.172,305.325,0.1,4.954,8.753499999999999,-0.1795,305.361,0.1,4.922499999999999,8.6885,-0.1745,305.409,0.1,4.8895,8.616499999999998,-0.1615,305.45,0.1,4.8845,8.561,-0.1485,305.454,0.1,4.9175,8.543,-0.1355,305.405,0.1,
4.499499999999999,8.977,-0.114,305.389,0.1,4.5344999999999995,8.977,-0.11,305.378,0.1,4.5845,8.9785,-0.113,305.364,0.1,4.644500000000001,8.976500000000001,-0.1225,305.349,0.1,4.7035,8.965,-0.133,305.338,0.1,4.752,8.9405,-0.1365,305.337,0.1,4.792999999999999,8.91,-0.1305,305.344,0.1,4.839,8.8875,-0.1245,305.341,0.1,4.8985,8.8745,-0.1255,305.322,0.1,4.9625,8.854500000000002,-0.1365,305.309,0.1,5.005000000000001,8.818,-0.1595,305.319,0.1,5.005000000000001,8.7705,-0.1795,305.344,0.1,4.9675,8.710999999999999,-0.181,305.384,0.1,4.922499999999999,8.6465,-0.167,305.429,0.1,4.904,8.593499999999999,-0.1455,305.45,0.1,4.927,8.563500000000001,-0.126,305.424,0.1,
4.548,8.988,-0.1105,305.381,0.1,4.577999999999999,8.99,-0.10300000000000001,305.367,0.1,4.6205,8.9975,-0.1065,305.353,0.1,4.6735,9.0035,-0.1185,305.341,0.1,4.7285,8.998999999999999,-0.129,305.333,0.1,4.776,8.978000000000002,-0.1325,305.333,0.1,4.817,8.947,-0.127,305.337,0.1,4.8635,8.9205,-0.11599999999999999,305.333,0.1,4.926,8.901499999999999,-0.108,305.316,0.1,4.996499999999999,8.8765,-0.112,305.304,0.1,5.047,8.8375,-0.137,305.309,0.1,5.0535,8.7875,-0.17049999999999998,305.326,0.1,5.0184999999999995,8.732,-0.184,305.356,0.1,4.9695,8.6815,-0.169,305.391,0.1,4.9375,8.639,-0.139,305.413,0.1,4.941000000000001,8.6005,-0.1135,305.411,0.1,
4.5985,9.01,-0.113,305.379,0.1,4.628,9.008,-0.1,305.362,0.1,4.666,9.0145,-0.101,305.346,0.1,4.7105,9.0235,-0.111,305.335,0.1,4.757,9.0245,-0.1225,305.33,0.1,4.7995,9.01,-0.131,305.331,0.1,4.8375,8.984,-0.1295,305.335,0.1,4.8825,8.9585,-0.11699999999999999,305.33,0.1,4.946,8.934999999999999,-0.1,305.316,0.1,5.02,8.904499999999999,-0.095,305.303,0.1,5.078,8.86,-0.1185,305.3,0.1,5.0954999999999995,8.805,-0.1605,305.311,0.1,5.071,8.7515,-0.183,305.332,0.1,5.024,8.7135,-0.1655,305.354,0.1,4.979,8.684000000000001,-0.1295,305.369,0.1,4.9595,8.6445,-0.1025,305.377,0.1,
4.645,9.043,-0.1265,305.385,0.1,4.6775,9.035499999999999,-0.109,305.364,0.1,4.715999999999999,9.035499999999999,-0.10500000000000001,305.346,0.1,4.756,9.0415,-0.111,305.334,0.1,4.795,9.044,-0.123,305.329,0.1,4.83,9.0345,-0.1355,305.331,0.1,4.8614999999999995,9.0165,-0.1395,305.336,0.1,4.8995,8.996500000000001,-0.127,305.334,0.1,4.957,8.972999999999999,-0.10550000000000001,305.323,0.1,5.0305,8.938500000000001,-0.0935,305.308,0.1,5.0965,8.8875,-0.11249999999999999,305.299,0.1,5.131,8.826,-0.156,305.306,0.1,5.1235,8.771999999999998,-0.1785,305.323,0.1,5.08,8.741,-0.1585,305.336,0.1,5.023,8.721499999999999,-0.1195,305.339,0.1,4.9830000000000005,8.686,-0.0945,305.342,0.1,
4.683999999999999,9.082999999999998,-0.1495,305.4,0.1,4.7204999999999995,9.0735,-0.1305,305.378,0.1,4.7635000000000005,9.067499999999999,-0.1235,305.358,0.1,4.8045,9.066500000000001,-0.127,305.343,0.1,4.8405000000000005,9.0645,-0.1375,305.336,0.1,4.8705,9.0555,-0.15,305.337,0.1,4.894500000000001,9.0425,-0.155,305.341,0.1,4.9205000000000005,9.030000000000001,-0.14300000000000002,305.341,0.1,4.965,9.0115,-0.12,305.332,0.1,5.031499999999999,8.9775,-0.10450000000000001,305.32,0.1,5.104,8.923,-0.11699999999999999,305.311,0.1,5.1579999999999995,8.8565,-0.1535,305.317,0.1,5.17,8.799,-0.16949999999999998,305.333,0.1,5.133,8.7685,-0.148,305.341,0.1,5.067,8.753,-0.114,305.334,0.1,5.0105,8.7225,-0.093,305.329,0.1,
4.7195,9.125,-0.18,305.425,0.1,4.756,9.1205,-0.163,305.402,0.1,4.8035,9.113,-0.1545,305.381,0.1,4.849,9.106000000000002,-0.1565,305.363,0.1,4.8875,9.095,-0.1655,305.353,0.1,4.918,9.08,-0.1755,305.351,0.1,4.9375,9.0655,-0.175,305.353,0.1,4.951499999999999,9.056000000000001,-0.1615,305.352,0.1,4.9775,9.0435,-0.139,305.347,0.1,5.03,9.016,-0.1205,305.338,0.1,5.1045,8.965499999999999,-0.125,305.333,0.1,5.175,8.8995,-0.1485,305.339,0.1,5.2065,8.8385,-0.1555,305.353,0.1,5.179,8.8035,-0.137,305.357,0.1,5.11,8.786000000000001,-0.1145,305.345,0.1,5.0445,8.759,-0.099,305.334,0.1,
4.755,9.161000000000001,-0.20650000000000002,305.453,0.1,4.7875,9.1665,-0.193,305.432,0.1,4.834,9.164,-0.185,305.41,0.1,4.882,9.1555,-0.1865,305.39,0.1,4.9254999999999995,9.136500000000002,-0.1945,305.378,0.1,4.962,9.1105,-0.2,305.373,0.1,4.984,9.087,-0.194,305.371,0.1,4.99,9.0725,-0.1785,305.37,0.1,4.9975000000000005,9.063,-0.158,305.366,0.1,5.032,9.045,-0.139,305.36,0.1,5.1015,9.007,-0.1325,305.355,0.1,5.1825,8.95,-0.1375,305.36,0.1,5.23,8.8895,-0.1335,305.371,0.1,5.2135,8.8485,-0.121,305.372,0.1,5.148,8.826,-0.113,305.357,0.1,5.0815,8.7985,-0.1055,305.345,0.1,
4.7875,9.176,-0.2185,305.505,0.1,4.816,9.193999999999999,-0.2085,305.482,0.1,4.8565,9.203,-0.2025,305.459,0.1,4.901999999999999,9.199,-0.203,305.434,0.1,4.948,9.177,-0.2095,305.419,0.1,4.991,9.1405,-0.212,305.412,0.1,5.02,9.103,-0.2025,305.41,0.1,5.027,9.078,-0.1885,305.407,0.1,5.025,9.066500000000001,-0.175,305.399,0.1,5.0440000000000005,9.0565,-0.1585,305.39,0.1,5.103,9.033999999999999,-0.14150000000000001,305.382,0.1,5.183999999999999,8.9925,-0.1255,305.383,0.1,5.24,8.939,-0.1085,305.391,0.1,5.234999999999999,8.895499999999998,-0.1,305.388,0.1,5.1785,8.868500000000001,-0.1035,305.372,0.1,5.1165,8.838000000000001,-0.104,305.36,0.1,
4.7885,9.1725,-0.223,305.6,0.1,4.821,9.2005,-0.2155,305.569,0.1,4.86,9.222000000000001,-0.21,305.536,0.1,4.9030000000000005,9.226500000000001,-0.209,305.504,0.1,4.9485,9.2075,-0.2115,305.482,0.1,4.9945,9.1655,-0.2105,305.476,0.1,5.0305,9.117,-0.202,305.476,0.1,5.0455,9.081,-0.1935,305.468,0.1,5.045999999999999,9.061499999999999,-0.189,305.453,0.1,5.058,9.0515,-0.1795,305.434,0.1,5.106,9.0405,-0.1575,305.419,0.1,5.1805,9.016,-0.1255,305.415,0.1,5.2379999999999995,8.976500000000001,-0.096,305.417,0.1,5.242,8.9375,-0.086,305.41,0.1,5.197,8.907499999999999,-0.0935,305.393,0.1,5.143000000000001,8.873,-0.0965,305.379,0.1,
4.777,9.177,-0.21,305.683,0.1,4.82,9.2035,-0.209,305.644,0.1,4.8605,9.2295,-0.206,305.603,0.1,4.8985,9.24,-0.203,305.566,0.1,4.9375,9.2255,-0.199,305.542,0.1,4.98,9.186499999999999,-0.193,305.534,0.1,5.0205,9.1385,-0.187,305.53,0.1,5.0465,9.096,-0.187,305.516,0.1,5.0565,9.062999999999999,-0.192,305.494,0.1,5.071,9.0425,-0.192,305.472,0.1,5.1129999999999995,9.033999999999999,-0.173,305.451,0.1,5.1795,9.023,-0.137,305.436,0.1,5.236000000000001,9.0005,-0.10200000000000001,305.425,0.1,5.247,8.970500000000001,-0.0865,305.412,0.1,5.2115,8.938500000000001,-0.0905,305.397,0.1,5.1635,8.8975,-0.0925,305.389,0.1,
4.7875,9.194500000000001,-0.1535,305.71,0.1,4.839,9.206,-0.164,305.671,0.1,4.8795,9.225,-0.172,305.631,0.1,4.91,9.237,-0.1745,305.597,0.1,4.9375,9.2275,-0.1685,305.576,0.1,4.9725,9.199,-0.1575,305.563,0.1,5.013,9.160499999999999,-0.1495,305.545,0.1,5.0455000000000005,9.1165,-0.1505,305.523,0.1,5.0645,9.0705,-0.1635,305.504,0.1,5.0845,9.036,-0.1765,305.487,0.1,5.1255,9.0205,-0.17099999999999999,305.465,0.1,5.186,9.0145,-0.1425,305.437,0.1,5.2395,9.004000000000001,-0.1095,305.411,0.1,5.2555,8.9815,-0.093,305.391,0.1,5.228,8.9495,-0.0945,305.38,0.1,5.183,8.903,-0.0965,305.385,0.1,
4.793,9.2035,-0.067,305.716,0.1,4.8535,9.1955,-0.092,305.682,0.1,4.9025,9.2025,-0.119,305.643,0.1,4.9345,9.2125,-0.1325,305.607,0.1,4.9559999999999995,9.21,-0.1305,305.584,0.1,4.9805,9.193999999999999,-0.118,305.564,0.1,5.0115,9.165,-0.103,305.54,0.1,5.039999999999999,9.122499999999999,-0.0995,305.52,0.1,5.061999999999999,9.072,-0.1135,305.507,0.1,5.0885,9.0285,-0.1375,305.495,0.1,5.132,9.002,-0.149,305.473,0.1,5.1899999999999995,8.991,-0.137,305.439,0.1,5.242,8.9805,-0.1135,305.404,0.1,5.263,8.960999999999999,-0.1025,305.376,0.1,5.2445,8.9305,-0.1085,305.365,0.1,5.2044999999999995,8.887,-0.11399999999999999,305.377,0.1,
4.7835,9.203,0.003,305.718,0.1,4.855,9.186,-0.036000000000000004,305.688,0.1,4.921,9.187,-0.077,305.647,0.1,4.966,9.195,-0.0995,305.605,0.1,4.9895,9.196,-0.10300000000000001,305.572,0.1,5.004,9.186,-0.0925,305.547,0.1,5.0195,9.161,-0.076,305.528,0.1,5.037,9.12,-0.0665,305.515,0.1,5.0575,9.07,-0.074,305.506,0.1,5.0865,9.024,-0.0965,305.495,0.1,5.13,8.992,-0.1195,305.476,0.1,5.185499999999999,8.976,-0.125,305.445,0.1,5.2375,8.962,-0.117,305.409,0.1,5.266,8.943,-0.11699999999999999,305.375,0.1,5.2605,8.913,-0.132,305.359,0.1,5.233499999999999,8.874,-0.145,305.363,0.1,
4.254,8.677,-0.1085,305.751,0.1,4.3235,8.649000000000001,-0.1205,305.728,0.1,4.390000000000001,8.621500000000001,-0.1215,305.703,0.1,4.4435,8.597,-0.1305,305.685,0.1,4.4835,8.5695,-0.1495,305.688,0.1,4.5235,8.548,-0.16,305.694,0.1,4.575,8.542000000000002,-0.1575,305.683,0.1,4.6345,8.546,-0.151,305.655,0.1,4.6884999999999994,8.548,-0.1495,305.629,0.1,4.7215,8.529,-0.15,305.627,0.1,4.728,8.478,-0.151,305.662,0.1,4.72,8.400500000000001,-0.1545,305.72,0.1,4.715999999999999,8.323,-0.155,305.761,0.1,4.7265,8.272,-0.157,305.751,0.1,4.755,8.251999999999999,-0.154,305.697,0.1,4.793,8.2585,-0.139,305.631,0.1,
4.276999999999999,8.687000000000001,-0.115,305.727,0.1,4.339499999999999,8.663499999999999,-0.1195,305.712,0.1,4.409,8.6405,-0.1185,305.688,0.1,4.4719999999999995,8.6205,-0.1255,305.666,0.1,4.5215,8.596499999999999,-0.14400000000000002,305.663,0.1,4.564500000000001,8.574,-0.1555,305.668,0.1,4.6135,8.559000000000001,-0.1535,305.665,0.1,4.672000000000001,8.551,-0.1505,305.65,0.1,4.7295,8.546,-0.156,305.628,0.1,4.769,8.529,-0.165,305.619,0.1,4.7775,8.487,-0.16999999999999998,305.643,0.1,4.759,8.421,-0.17,305.696,0.1,4.734500000000001,8.346,-0.164,305.748,0.1,4.728,8.2805,-0.1575,305.763,0.1,4.7545,8.2425,-0.154,305.732,0.1,4.8075,8.2445,-0.145,305.66,0.1,
4.3125,8.697,-0.119,305.699,0.1,4.3655,8.681000000000001,-0.1195,305.69,0.1,4.4305,8.6645,-0.12,305.674,0.1,4.4975000000000005,8.6495,-0.1285,305.654,0.1,4.556,8.632,-0.14250000000000002,305.643,0.1,4.6035,8.611,-0.15,305.643,0.1,4.6495,8.587499999999999,-0.145,305.647,0.1,4.704000000000001,8.568999999999999,-0.14200000000000002,305.644,0.1,4.7645,8.557500000000001,-0.1495,305.626,0.1,4.8134999999999994,8.538499999999999,-0.164,305.614,0.1,4.83,8.5,-0.1775,305.632,0.1,4.8085,8.445,-0.1805,305.675,0.1,4.7665,8.3765,-0.172,305.727,0.1,4.7375,8.3035,-0.159,305.764,0.1,4.7509999999999994,8.251999999999999,-0.149,305.76,0.1,4.8075,8.242,-0.1405,305.701,0.1,
4.3565000000000005,8.706,-0.11649999999999999,305.677,0.1,4.4005,8.697,-0.114,305.669,0.1,4.458,8.689,-0.119,305.66,0.1,4.5235,8.680499999999999,-0.131,305.646,0.1,4.5855,8.6685,-0.14250000000000002,305.631,0.1,4.6365,8.649000000000001,-0.145,305.627,0.1,4.6815,8.622,-0.1375,305.633,0.1,4.733,8.5975,-0.131,305.633,0.1,4.7955,8.581,-0.134,305.618,0.1,4.8535,8.557500000000001,-0.146,305.608,0.1,4.8815,8.518999999999998,-0.1665,305.623,0.1,4.8645,8.469999999999999,-0.1805,305.653,0.1,4.814,8.4085,-0.1775,305.696,0.1,4.768,8.34,-0.163,305.741,0.1,4.7645,8.2875,-0.1445,305.758,0.1,4.811,8.262,-0.1295,305.724,0.1,
4.404,8.717500000000001,-0.115,305.665,0.1,4.4445,8.712,-0.1075,305.654,0.1,4.494,8.71,-0.1115,305.645,0.1,4.5515,8.7075,-0.125,305.637,0.1,4.6105,8.6995,-0.137,305.628,0.1,4.662,8.681999999999999,-0.14100000000000001,305.624,0.1,4.707,8.657,-0.1345,305.626,0.1,4.758,8.6325,-0.124,305.622,0.1,4.823,8.6115,-0.1175,305.608,0.1,4.888999999999999,8.583,-0.122,305.6,0.1,4.928,8.542,-0.145,305.609,0.1,4.92,8.491499999999998,-0.173,305.63,0.1,4.8735,8.4355,-0.1815,305.662,0.1,4.823,8.381499999999999,-0.165,305.698,0.1,4.803,8.34,-0.1365,305.719,0.1,4.827500000000001,8.3045,-0.1145,305.71,0.1,
4.4505,8.737,-0.119,305.661,0.1,4.492,8.73,-0.106,305.644,0.1,4.5375,8.727,-0.1065,305.633,0.1,4.5865,8.7265,-0.11649999999999999,305.628,0.1,4.6370000000000005,8.7225,-0.129,305.625,0.1,4.684,8.709,-0.1385,305.625,0.1,4.7275,8.6885,-0.137,305.624,0.1,4.7780000000000005,8.668,-0.125,305.618,0.1,4.844,8.6455,-0.11,305.604,0.1,4.915,8.613,-0.10650000000000001,305.594,0.1,4.9635,8.566500000000001,-0.1275,305.596,0.1,4.9685,8.5095,-0.1655,305.61,0.1,4.935,8.454999999999998,-0.183,305.633,0.1,4.888,8.4165,-0.1625,305.656,0.1,4.855,8.391,-0.1265,305.669,0.1,4.855499999999999,8.356,-0.1015,305.672,0.1,
4.4895,8.765,-0.1335,305.667,0.1,4.535,8.753,-0.11699999999999999,305.645,0.1,4.582000000000001,8.744499999999999,-0.1125,305.63,0.1,4.627000000000001,8.742,-0.1175,305.624,0.1,4.67,8.7395,-0.129,305.622,0.1,4.7095,8.7295,-0.14200000000000002,305.625,0.1,4.747,8.714500000000001,-0.146,305.627,0.1,4.792,8.7,-0.1345,305.621,0.1,4.853999999999999,8.681000000000001,-0.11499999999999999,305.608,0.1,4.926,8.646999999999998,-0.10500000000000001,305.595,0.1,4.983,8.5935,-0.1235,305.59,0.1,5.004,8.5275,-0.1635,305.601,0.1,4.9885,8.4695,-0.182,305.621,0.1,4.9495000000000005,8.44,-0.1575,305.634,0.1,4.907500000000001,8.429,-0.11649999999999999,305.633,0.1,4.8865,8.402000000000001,-0.093,305.631,0.1,
4.5135,8.797,-0.1565,305.684,0.1,4.5634999999999994,8.7835,-0.1395,305.66,0.1,4.617,8.769,-0.133,305.642,0.1,4.665,8.762,-0.135,305.632,0.1,4.705500000000001,8.756499999999999,-0.1445,305.629,0.1,4.7395,8.746500000000001,-0.1565,305.631,0.1,4.7695,8.735,-0.1605,305.634,0.1,4.8045,8.725999999999999,-0.149,305.63,0.1,4.8555,8.713999999999999,-0.128,305.617,0.1,4.921,8.6825,-0.11499999999999999,305.604,0.1,4.9830000000000005,8.625,-0.1295,305.599,0.1,5.0215,8.551,-0.1645,305.61,0.1,5.0265,8.4865,-0.1765,305.631,0.1,4.997999999999999,8.458,-0.1495,305.638,0.1,4.9505,8.4545,-0.112,305.625,0.1,4.914,8.4365,-0.091,305.613,0.1,
4.5255,8.827,-0.186,305.712,0.1,4.5755,8.82,-0.1725,305.688,0.1,4.6355,8.805,-0.1655,305.669,0.1,4.691000000000001,8.793,-0.16699999999999998,305.655,0.1,4.736000000000001,8.780999999999999,-0.1745,305.648,0.1,4.7705,8.7655,-0.1825,305.647,0.1,4.796,8.7515,-0.181,305.648,0.1,4.82,8.744,-0.1665,305.645,0.1,4.8545,8.738,-0.1445,305.634,0.1,4.9065,8.713999999999999,-0.129,305.622,0.1,4.969,8.661,-0.137,305.619,0.1,5.0225,8.585999999999999,-0.1615,305.633,0.1,5.0465,8.5165,-0.166,305.653,0.1,5.03,8.482,-0.1405,305.656,0.1,4.982,8.4775,-0.113,305.637,0.1,4.9375,8.464,-0.097,305.617,0.1,
4.531000000000001,8.844999999999999,-0.213,305.747,0.1,4.577500000000001,8.850999999999999,-0.2025,305.724,0.1,4.6385000000000005,8.8435,-0.1965,305.706,0.1,4.6995000000000005,8.831,-0.198,305.688,0.1,4.7515,8.811499999999999,-0.20500000000000002,305.678,0.1,4.7925,8.7865,-0.2095,305.673,0.1,4.82,8.763,-0.2015,305.671,0.1,4.836,8.75,-0.1835,305.668,0.1,4.8535,8.746500000000001,-0.162,305.658,0.1,4.890000000000001,8.733,-0.145,305.647,0.1,4.949,8.693999999999999,-0.14350000000000002,305.643,0.1,5.0135,8.629,-0.152,305.654,0.1,5.0535,8.5595,-0.14600000000000002,305.673,0.1,5.047499999999999,8.517,-0.127,305.674,0.1,5.0035,8.505500000000001,-0.113,305.652,0.1,4.957,8.491,-0.1045,305.629,0.1,
4.5165,8.8335,-0.2255,305.813,0.1,4.5600000000000005,8.8565,-0.2175,305.788,0.1,4.618,8.8645,-0.213,305.767,0.1,4.6805,8.8585,-0.2135,305.745,0.1,4.737500000000001,8.836,-0.2205,305.73,0.1,4.786,8.801,-0.222,305.723,0.1,4.821,8.7635,-0.211,305.72,0.1,4.8385,8.74,-0.194,305.713,0.1,4.8485,8.7345,-0.1775,305.7,0.1,4.873,8.7305,-0.162,305.683,0.1,4.926500000000001,8.7095,-0.15,305.674,0.1,4.995,8.663,-0.1385,305.68,0.1,5.0440000000000005,8.6015,-0.1215,305.695,0.1,5.048,8.5555,-0.1075,305.694,0.1,5.0115,8.536000000000001,-0.105,305.673,0.1,4.968,8.518,-0.1035,305.649,0.1,
4.4445,8.8005,-0.229,305.934,0.1,4.4945,8.8385,-0.2225,305.898,0.1,4.556,8.8635,-0.218,305.865,0.1,4.621,8.868,-0.217,305.833,0.1,4.682,8.848500000000001,-0.2205,305.811,0.1,4.735,8.8065,-0.2195,305.803,0.1,4.777,8.758,-0.21,305.802,0.1,4.805,8.724499999999999,-0.199,305.791,0.1,4.8225,8.711500000000001,-0.191,305.767,0.1,4.8475,8.7095,-0.181,305.738,0.1,4.8975,8.7035,-0.1625,305.718,0.1,4.964499999999999,8.6785,-0.135,305.716,0.1,5.0169999999999995,8.634,-0.10600000000000001,305.725,0.1,5.029,8.591999999999999,-0.092,305.722,0.1,5.0024999999999995,8.565999999999999,-0.0945,305.701,0.1,4.9670000000000005,8.542000000000002,-0.0955,305.675,0.1,
4.373,8.780999999999999,-0.2145,306.04,0.1,4.4335,8.8235,-0.213,305.994,0.1,4.496499999999999,8.8565,-0.21,305.95,0.1,4.557499999999999,8.868500000000001,-0.207,305.913,0.1,4.614,8.8525,-0.20350000000000001,305.888,0.1,4.667,8.811499999999999,-0.199,305.879,0.1,4.717499999999999,8.7635,-0.193,305.873,0.1,4.76,8.724,-0.191,305.852,0.1,4.791499999999999,8.6975,-0.1935,305.821,0.1,4.824999999999999,8.686,-0.192,305.786,0.1,4.878,8.685500000000001,-0.1755,305.757,0.1,4.9465,8.68,-0.14250000000000002,305.74,0.1,5.0024999999999995,8.657,-0.108,305.734,0.1,5.02,8.6245,-0.0895,305.727,0.1,4.998,8.594,-0.0895,305.71,0.1,4.9625,8.560500000000001,-0.0895,305.69,0.1,
4.359999999999999,8.781500000000001,-0.158,306.078,0.1,4.4254999999999995,8.813500000000001,-0.1675,306.03,0.1,4.4825,8.844,-0.174,305.986,0.1,4.5305,8.8595,-0.175,305.952,0.1,4.5745000000000005,8.847999999999999,-0.169,305.933,0.1,4.625500000000001,8.8165,-0.159,305.918,0.1,4.6835,8.777000000000001,-0.1525,305.896,0.1,4.734999999999999,8.7345,-0.1535,305.867,0.1,4.774,8.6935,-0.165,305.839,0.1,4.815,8.667,-0.177,305.81,0.1,4.875500000000001,8.661999999999999,-0.1725,305.776,0.1,4.9505,8.667000000000002,-0.1455,305.741,0.1,5.012499999999999,8.660499999999999,-0.1125,305.716,0.1,5.034,8.638,-0.0935,305.7,0.1,5.01,8.607,-0.0915,305.689,0.1,4.9655000000000005,8.565,-0.0915,305.686,0.1,
4.359,8.777000000000001,-0.07150000000000001,306.091,0.1,4.4305,8.791,-0.096,306.046,0.1,4.491,8.815,-0.1205,306.001,0.1,4.5365,8.833,-0.1315,305.964,0.1,4.573,8.8305,-0.128,305.941,0.1,4.615,8.811499999999999,-0.116,305.921,0.1,4.6645,8.779,-0.103,305.894,0.1,4.711,8.735,-0.101,305.868,0.1,4.7515,8.686499999999999,-0.115,305.847,0.1,4.7995,8.649000000000001,-0.1385,305.824,0.1,4.868,8.635,-0.1505,305.79,0.1,4.9495000000000005,8.637,-0.139,305.746,0.1,5.0184999999999995,8.635,-0.1145,305.706,0.1,5.0475,8.618,-0.1015,305.679,0.1,5.027,8.590499999999999,-0.10350000000000001,305.668,0.1,4.979,8.5505,-0.1065,305.675,0.1,
4.3469999999999995,8.77,-0.001,306.1,0.1,4.4305,8.775,-0.040499999999999994,306.058,0.1,4.5075,8.796,-0.0795,306.006,0.1,4.5645,8.815,-0.099,305.959,0.1,4.6025,8.818,-0.0995,305.924,0.1,4.632,8.805,-0.089,305.899,0.1,4.6615,8.775,-0.0735,305.88,0.1,4.6935,8.731,-0.0655,305.865,0.1,4.7295,8.681,-0.074,305.851,0.1,4.779,8.64,-0.0975,305.831,0.1,4.8495,8.621,-0.1205,305.8,0.1,4.933,8.618,-0.1265,305.757,0.1,5.0085,8.615,-0.1175,305.712,0.1,5.0504999999999995,8.599,-0.115,305.676,0.1,5.045999999999999,8.574,-0.1265,305.656,0.1,5.011,8.539,-0.137,305.656,0.1,
4.1005,8.3895,-0.1125,306.059,0.1,4.183999999999999,8.355,-0.126,306.034,0.1,4.259,8.3245,-0.129,306.005,0.1,4.314500000000001,8.3015,-0.138,305.981,0.1,4.354,8.2775,-0.1545,305.98,0.1,4.3995,8.254999999999999,-0.1635,305.986,0.1,4.464499999999999,8.243500000000001,-0.161,305.977,0.1,4.538,8.2425,-0.1555,305.951,0.1,4.593999999999999,8.2415,-0.1545,305.927,0.1,4.6125,8.220500000000001,-0.1545,305.931,0.1,4.5975,8.1615,-0.1535,305.975,0.1,4.574999999999999,8.076,-0.155,306.039,0.1,4.5715,7.9975,-0.1555,306.078,0.1,4.5969999999999995,7.955500000000001,-0.1575,306.058,0.1,4.645,7.949,-0.156,305.992,0.1,4.697,7.9645,-0.143,305.915,0.1,
4.1274999999999995,8.4065,-0.118,306.027,0.1,4.202,8.3745,-0.125,306.014,0.1,4.2805,8.345500000000001,-0.1265,305.989,0.1,4.3475,8.3245,-0.135,305.961,0.1,4.397,8.3045,-0.152,305.953,0.1,4.4425,8.283999999999999,-0.161,305.958,0.1,4.5005,8.2655,-0.1585,305.958,0.1,4.5705,8.2525,-0.156,305.947,0.1,4.6325,8.243500000000001,-0.162,305.927,0.1,4.6615,8.225,-0.17049999999999998,305.921,0.1,4.6485,8.177,-0.1735,305.952,0.1,4.612,8.1045,-0.17,306.014,0.1,4.5835,8.0255,-0.1625,306.068,0.1,4.5875,7.964,-0.157,306.075,0.1,4.634499999999999,7.9355,-0.156,306.032,0.1,4.7075,7.947,-0.1505,305.949,0.1,
4.1675,8.4225,-0.1215,305.993,0.1,4.230499999999999,8.396999999999998,-0.124,305.987,0.1,4.3035,8.3725,-0.1275,305.972,0.1,4.3759999999999994,8.3535,-0.138,305.951,0.1,4.436,8.338999999999999,-0.152,305.934,0.1,4.484999999999999,8.3215,-0.1575,305.932,0.1,4.536,8.298,-0.1515,305.939,0.1,4.5985,8.2755,-0.148,305.939,0.1,4.663,8.26,-0.1565,305.924,0.1,4.7044999999999995,8.238499999999998,-0.17099999999999999,305.914,0.1,4.703,8.1955,-0.182,305.939,0.1,4.6625,8.137,-0.181,305.989,0.1,4.6105,8.064499999999999,-0.1695,306.044,0.1,4.5855,7.99,-0.157,306.078,0.1,4.618,7.943,-0.15,306.066,0.1,4.698,7.941,-0.146,305.997,0.1,
4.2135,8.435500000000001,-0.1195,305.966,0.1,4.267,8.417,-0.1185,305.96,0.1,4.3309999999999995,8.3995,-0.125,305.955,0.1,4.401999999999999,8.384,-0.139,305.943,0.1,4.468,8.372499999999999,-0.1515,305.925,0.1,4.5215,8.3575,-0.1535,305.917,0.1,4.5695,8.3335,-0.1445,305.923,0.1,4.626,8.308499999999999,-0.1375,305.926,0.1,4.6915,8.288,-0.14200000000000002,305.914,0.1,4.744,8.2615,-0.155,305.908,0.1,4.7575,8.2195,-0.1725,305.927,0.1,4.7235,8.1695,-0.1815,305.963,0.1,4.660500000000001,8.1055,-0.1745,306.008,0.1,4.6135,8.0335,-0.1595,306.054,0.1,4.625,7.981,-0.144,306.066,0.1,4.6945,7.961,-0.133,306.024,0.1,
4.26,8.447500000000002,-0.119,305.95,0.1,4.310499999999999,8.434000000000001,-0.112,305.94,0.1,4.367,8.422,-0.11699999999999999,305.937,0.1,4.43,8.410499999999999,-0.1315,305.932,0.1,4.493,8.4,-0.145,305.923,0.1,4.548,8.3865,-0.149,305.916,0.1,4.5975,8.3665,-0.14200000000000002,305.915,0.1,4.6530000000000005,8.3445,-0.1315,305.911,0.1,4.7195,8.3215,-0.1265,305.9,0.1,4.781000000000001,8.29,-0.132,305.896,0.1,4.809,8.246500000000001,-0.1525,305.91,0.1,4.7865,8.196000000000002,-0.1745,305.934,0.1,4.7285,8.1385,-0.178,305.968,0.1,4.676500000000001,8.0825,-0.161,306.005,0.1,4.6690000000000005,8.0405,-0.1345,306.025,0.1,4.715,8.0085,-0.11649999999999999,306.01,0.1,
4.303,8.464500000000001,-0.125,305.944,0.1,4.356,8.451,-0.112,305.927,0.1,4.409,8.439,-0.112,305.92,0.1,4.4625,8.429,-0.122,305.92,0.1,4.5169999999999995,8.4205,-0.1355,305.92,0.1,4.5685,8.4085,-0.1455,305.918,0.1,4.618,8.3935,-0.1445,305.914,0.1,4.6735,8.376999999999999,-0.133,305.905,0.1,4.741,8.356,-0.12,305.892,0.1,4.808999999999999,8.3215,-0.1175,305.885,0.1,4.849,8.273,-0.1365,305.892,0.1,4.8415,8.214500000000001,-0.169,305.909,0.1,4.798,8.158,-0.182,305.933,0.1,4.7515,8.120000000000001,-0.1595,305.957,0.1,4.7315000000000005,8.097999999999999,-0.124,305.969,0.1,4.7515,8.067499999999999,-0.10200000000000001,305.967,0.1,
4.334,8.4875,-0.1405,305.948,0.1,4.3925,8.470500000000001,-0.1245,305.925,0.1,4.448499999999999,8.453,-0.1195,305.914,0.1,4.499,8.442,-0.124,305.913,0.1,4.5455,8.435,-0.135,305.916,0.1,4.589,8.424499999999998,-0.148,305.918,0.1,4.6325,8.413,-0.152,305.917,0.1,4.6845,8.4035,-0.14200000000000002,305.908,0.1,4.750500000000001,8.3885,-0.125,305.893,0.1,4.8205,8.355,-0.11699999999999999,305.881,0.1,4.869,8.2995,-0.134,305.881,0.1,4.8775,8.229,-0.16999999999999998,305.896,0.1,4.854,8.1665,-0.1845,305.918,0.1,4.819,8.139,-0.1565,305.932,0.1,4.7915,8.137,-0.1145,305.928,0.1,4.79,8.117999999999999,-0.0925,305.921,0.1,
4.343,8.511,-0.1635,305.967,0.1,4.407,8.493500000000001,-0.1485,305.941,0.1,4.4715,8.471,-0.14250000000000002,305.926,0.1,4.5265,8.457,-0.14300000000000002,305.92,0.1,4.571,8.448,-0.1515,305.921,0.1,4.6085,8.437,-0.163,305.925,0.1,4.644500000000001,8.427,-0.166,305.927,0.1,4.688000000000001,8.4225,-0.155,305.919,0.1,4.746,8.4155,-0.1365,305.902,0.1,4.811,8.387,-0.1255,305.888,0.1,4.8625,8.3275,-0.14100000000000001,305.886,0.1,4.885999999999999,8.246,-0.174,305.904,0.1,4.8835,8.174,-0.1825,305.929,0.1,4.8629999999999995,8.1475,-0.1505,305.935,0.1,4.834,8.156500000000001,-0.1105,305.916,0.1,4.817,8.150500000000001,-0.09,305.897,0.1,
4.3309999999999995,8.529,-0.1925,306.0,0.1,4.3955,8.5195,-0.1815,305.974,0.1,4.468500000000001,8.497499999999999,-0.1765,305.958,0.1,4.534,8.4805,-0.177,305.947,0.1,4.5845,8.466000000000001,-0.183,305.942,0.1,4.622999999999999,8.4505,-0.1895,305.943,0.1,4.654999999999999,8.437000000000001,-0.187,305.944,0.1,4.6884999999999994,8.432500000000001,-0.17149999999999999,305.937,0.1,4.7315000000000005,8.431999999999999,-0.15,305.921,0.1,4.7835,8.411999999999999,-0.1375,305.906,0.1,4.834,8.357,-0.1485,305.906,0.1,4.8705,8.273,-0.1735,305.926,0.1,4.8870000000000005,8.193999999999999,-0.175,305.953,0.1,4.8805,8.160499999999999,-0.144,305.956,0.1,4.854,8.168500000000002,-0.1125,305.928,0.1,4.8305,8.1695,-0.096,305.9,0.1,
4.3075,8.528500000000001,-0.219,306.04,0.1,4.368,8.535499999999999,-0.212,306.016,0.1,4.4435,8.523,-0.20800000000000002,306.001,0.1,4.5169999999999995,8.507,-0.2095,305.987,0.1,4.577,8.4865,-0.215,305.977,0.1,4.6225000000000005,8.462,-0.218,305.974,0.1,4.6555,8.439,-0.2085,305.971,0.1,4.680999999999999,8.428,-0.1885,305.965,0.1,4.709,8.4295,-0.166,305.95,0.1,4.747999999999999,8.421,-0.151,305.934,0.1,4.797000000000001,8.381,-0.1535,305.931,0.1,4.8445,8.3075,-0.1645,305.948,0.1,4.8765,8.229,-0.1575,305.974,0.1,4.8815,8.185500000000001,-0.1335,305.976,0.1,4.859,8.1845,-0.114,305.946,0.1,4.8325,8.1845,-0.104,305.914,0.1,
4.2455,8.4905,-0.23199999999999998,306.121,0.1,4.304,8.519,-0.2265,306.093,0.1,4.3795,8.525500000000001,-0.2235,306.074,0.1,4.459,8.518,-0.225,306.055,0.1,4.5275,8.496,-0.23099999999999998,306.041,0.1,4.5815,8.460999999999999,-0.23199999999999998,306.034,0.1,4.6215,8.424,-0.2195,306.029,0.1,4.649,8.4025,-0.1995,306.02,0.1,4.6715,8.4015,-0.1805,306.0,0.1,4.702500000000001,8.404,-0.1655,305.977,0.1,4.750500000000001,8.385000000000002,-0.1575,305.965,0.1,4.806,8.332999999999998,-0.15,305.976,0.1,4.848000000000001,8.264,-0.133,305.998,0.1,4.8615,8.2155,-0.11499999999999999,306.001,0.1,4.845000000000001,8.203,-0.1075,305.973,0.1,4.8195,8.198,-0.1035,305.938,0.1,
4.101,8.428,-0.23399999999999999,306.268,0.1,4.1685,8.477,-0.229,306.228,0.1,4.252,8.5045,-0.226,306.193,0.1,4.339499999999999,8.5095,-0.2255,306.163,0.1,4.4155,8.49,-0.2295,306.139,0.1,4.4755,8.4475,-0.2285,306.131,0.1,4.524,8.3995,-0.218,306.129,0.1,4.564500000000001,8.368500000000001,-0.20450000000000002,306.113,0.1,4.599,8.3605,-0.193,306.081,0.1,4.6370000000000005,8.3665,-0.1825,306.043,0.1,4.689,8.366,-0.167,306.017,0.1,4.748,8.341,-0.14350000000000002,306.017,0.1,4.7955000000000005,8.2915,-0.11549999999999999,306.033,0.1,4.816,8.246,-0.098,306.034,0.1,4.808,8.224,-0.096,306.009,0.1,4.7905,8.211,-0.0955,305.971,0.1,
3.969,8.385000000000002,-0.2185,306.397,0.1,4.0465,8.4435,-0.217,306.344,0.1,4.1325,8.4835,-0.2145,306.297,0.1,4.217,8.497,-0.2115,306.26,0.1,4.2905,8.4795,-0.2085,306.234,0.1,4.354,8.436499999999999,-0.20500000000000002,306.224,0.1,4.415,8.3885,-0.199,306.215,0.1,4.4745,8.352,-0.195,306.189,0.1,4.527,8.3315,-0.1945,306.148,0.1,4.579000000000001,8.329,-0.192,306.101,0.1,4.643000000000001,8.337,-0.178,306.063,0.1,4.7135,8.337,-0.1475,306.044,0.1,4.769,8.314,-0.1135,306.043,0.1,4.793,8.278,-0.093,306.041,0.1,4.784000000000001,8.249500000000001,-0.089,306.022,0.1,4.7615,8.2235,-0.0875,305.99,0.1,
3.9335,8.368500000000001,-0.1615,306.446,0.1,4.013,8.4205,-0.17099999999999999,306.388,0.1,4.086,8.463000000000001,-0.176,306.342,0.1,4.1515,8.482500000000002,-0.176,306.307,0.1,4.2125,8.469,-0.1695,306.289,0.1,4.2795000000000005,8.434,-0.161,306.273,0.1,4.354,8.393,-0.1555,306.247,0.1,4.4245,8.352,-0.1565,306.21,0.1,4.4845,8.315999999999999,-0.167,306.173,0.1,4.5465,8.298,-0.1775,306.132,0.1,4.6265,8.3045,-0.174,306.086,0.1,4.7155000000000005,8.3195,-0.1485,306.046,0.1,4.785500000000001,8.318,-0.1155,306.021,0.1,4.8125,8.2945,-0.094,306.01,0.1,4.792,8.264,-0.0885,305.998,0.1,4.747999999999999,8.2265,-0.0865,305.987,0.1,
3.925,8.349499999999999,-0.0765,306.467,0.1,4.008,8.386,-0.1,306.411,0.1,4.08,8.427,-0.122,306.36,0.1,4.139,8.454,-0.1305,306.32,0.1,4.191,8.4515,-0.126,306.299,0.1,4.2505,8.428999999999998,-0.1145,306.278,0.1,4.3185,8.3935,-0.1035,306.247,0.1,4.3825,8.3475,-0.103,306.216,0.1,4.4415,8.3,-0.11699999999999999,306.188,0.1,4.511,8.27,-0.14,306.154,0.1,4.604,8.2685,-0.152,306.107,0.1,4.709,8.283,-0.14100000000000001,306.053,0.1,4.7945,8.2895,-0.116,306.009,0.1,4.8309999999999995,8.275500000000001,-0.1,305.983,0.1,4.808999999999999,8.249500000000001,-0.0985,305.971,0.1,4.7535,8.214,-0.0995,305.974,0.1,
3.91,8.336,-0.0055,306.482,0.1,4.005,8.364,-0.045,306.427,0.1,4.093999999999999,8.404,-0.082,306.366,0.1,4.164,8.435,-0.0985,306.313,0.1,4.2155000000000005,8.44,-0.097,306.277,0.1,4.2595,8.424,-0.08549999999999999,306.251,0.1,4.3035,8.39,-0.07100000000000001,306.232,0.1,4.3495,8.342,-0.065,306.215,0.1,4.4015,8.291,-0.0745,306.196,0.1,4.4715,8.257,-0.099,306.167,0.1,4.568,8.25,-0.1225,306.124,0.1,4.68,8.26,-0.128,306.07,0.1,4.779,8.267,-0.1185,306.016,0.1,4.834,8.256,-0.113,305.976,0.1,4.830500000000001,8.234,-0.121,305.954,0.1,4.788,8.204,-0.1285,305.948,0.1,
3.748,8.0445,-0.118,306.421,0.1,3.8434999999999997,8.0075,-0.1325,306.394,0.1,3.9314999999999998,7.98,-0.137,306.358,0.1,3.998,7.9655000000000005,-0.146,306.326,0.1,4.0440000000000005,7.9515,-0.1595,306.318,0.1,4.093999999999999,7.9350000000000005,-0.167,306.322,0.1,4.1655,7.9215,-0.165,306.313,0.1,4.244,7.912,-0.1605,306.291,0.1,4.295999999999999,7.9035,-0.159,306.273,0.1,4.2995,7.873,-0.157,306.284,0.1,4.2645,7.8055,-0.1545,306.334,0.1,4.23,7.7170000000000005,-0.1555,306.399,0.1,4.2315000000000005,7.6465,-0.1565,306.43,0.1,4.274,7.6195,-0.159,306.395,0.1,4.34,7.627000000000001,-0.158,306.317,0.1,4.402,7.649,-0.147,306.236,0.1,
3.7775,8.065000000000001,-0.122,306.385,0.1,3.862,8.0275,-0.131,306.371,0.1,3.955,7.999,-0.1355,306.342,0.1,4.036,7.984500000000001,-0.14500000000000002,306.307,0.1,4.093500000000001,7.975,-0.1595,306.292,0.1,4.1434999999999995,7.964,-0.167,306.291,0.1,4.2055,7.9465,-0.164,306.29,0.1,4.2780000000000005,7.925,-0.162,306.283,0.1,4.3355,7.907500000000001,-0.1675,306.27,0.1,4.3495,7.88,-0.1745,306.271,0.1,4.3165,7.8245000000000005,-0.175,306.31,0.1,4.265499999999999,7.7475000000000005,-0.17,306.374,0.1,4.236,7.6725,-0.162,306.421,0.1,4.252,7.621499999999999,-0.1575,306.416,0.1,4.3175,7.6055,-0.1585,306.361,0.1,4.406000000000001,7.6265,-0.1555,306.272,0.1,
3.824,8.0855,-0.1245,306.344,0.1,3.8925,8.053,-0.129,306.34,0.1,3.977,8.024999999999999,-0.1355,306.326,0.1,4.0645,8.009,-0.148,306.299,0.1,4.136,8.0035,-0.1615,306.275,0.1,4.1905,7.9975,-0.165,306.264,0.1,4.2435,7.979,-0.158,306.267,0.1,4.3065,7.951,-0.1545,306.273,0.1,4.367,7.9254999999999995,-0.1635,306.264,0.1,4.3945,7.895,-0.1765,306.262,0.1,4.372999999999999,7.845,-0.185,306.294,0.1,4.3165,7.7835,-0.1805,306.348,0.1,4.2585,7.7125,-0.1675,306.397,0.1,4.239,7.6434999999999995,-0.1555,306.421,0.1,4.286,7.6055,-0.152,306.4,0.1,4.3825,7.612500000000001,-0.1515,306.324,0.1,
3.874,8.100999999999999,-0.123,306.311,0.1,3.9305000000000003,8.0765,-0.123,306.31,0.1,4.0025,8.052,-0.132,306.308,0.1,4.0875,8.035499999999999,-0.148,306.294,0.1,4.1675,8.030000000000001,-0.161,306.268,0.1,4.2285,8.025500000000001,-0.162,306.25,0.1,4.279,8.0105,-0.1515,306.25,0.1,4.3355,7.984500000000001,-0.145,306.256,0.1,4.396,7.955,-0.15,306.251,0.1,4.435499999999999,7.9185,-0.1625,306.253,0.1,4.431,7.87,-0.177,306.28,0.1,4.381,7.8185,-0.181,306.317,0.1,4.3095,7.7555,-0.17099999999999999,306.359,0.1,4.2635,7.6850000000000005,-0.1565,306.397,0.1,4.2855,7.638,-0.1445,306.403,0.1,4.3705,7.625500000000001,-0.1375,306.354,0.1,
3.9219999999999997,8.1125,-0.1235,306.291,0.1,3.975,8.094999999999999,-0.11649999999999999,306.286,0.1,4.037,8.0755,-0.123,306.287,0.1,4.109999999999999,8.059000000000001,-0.139,306.285,0.1,4.1855,8.05,-0.153,306.27,0.1,4.250500000000001,8.0445,-0.157,306.253,0.1,4.305,8.035,-0.1495,306.244,0.1,4.362,8.017,-0.139,306.239,0.1,4.425,7.989000000000001,-0.1355,306.234,0.1,4.4755,7.948,-0.14150000000000001,306.238,0.1,4.4879999999999995,7.8975,-0.1585,306.259,0.1,4.4515,7.846,-0.1745,306.285,0.1,4.385,7.7885,-0.1735,306.315,0.1,4.3335,7.7325,-0.157,306.347,0.1,4.336,7.6945,-0.1345,306.361,0.1,4.3955,7.6695,-0.1205,306.339,0.1,
3.9625,8.125499999999999,-0.131,306.284,0.1,4.02,8.11,-0.118,306.269,0.1,4.0765,8.092,-0.1175,306.268,0.1,4.1365,8.075,-0.1285,306.272,0.1,4.1995000000000005,8.063500000000001,-0.14250000000000002,306.269,0.1,4.26,8.0565,-0.1525,306.26,0.1,4.3175,8.0505,-0.1515,306.247,0.1,4.378,8.042,-0.14100000000000001,306.234,0.1,4.445,8.02,-0.13,306.224,0.1,4.505000000000001,7.9795,-0.1285,306.224,0.1,4.5315,7.9239999999999995,-0.1445,306.237,0.1,4.511,7.862500000000001,-0.17,306.255,0.1,4.461,7.8045,-0.1785,306.277,0.1,4.4190000000000005,7.7665,-0.1565,306.297,0.1,4.412,7.75,-0.1235,306.303,0.1,4.445,7.727,-0.105,306.293,0.1,
3.984,8.1405,-0.148,306.29,0.1,4.0504999999999995,8.1235,-0.132,306.267,0.1,4.1095,8.101500000000001,-0.1265,306.259,0.1,4.1635,8.084,-0.1305,306.263,0.1,4.216,8.072500000000002,-0.14150000000000001,306.266,0.1,4.266500000000001,8.064,-0.154,306.265,0.1,4.317500000000001,8.059,-0.158,306.257,0.1,4.3765,8.057500000000001,-0.1495,306.242,0.1,4.4455,8.0455,-0.135,306.227,0.1,4.5115,8.0095,-0.1285,306.219,0.1,4.548,7.9485,-0.14300000000000002,306.224,0.1,4.5425,7.872,-0.174,306.24,0.1,4.5135000000000005,7.806,-0.184,306.261,0.1,4.4879999999999995,7.779,-0.155,306.271,0.1,4.4805,7.784,-0.1145,306.261,0.1,4.495,7.775,-0.0945,306.245,0.1,
3.9705,8.153500000000001,-0.17099999999999999,306.316,0.1,4.045999999999999,8.136,-0.158,306.287,0.1,4.1165,8.11,-0.1515,306.274,0.1,4.1754999999999995,8.091000000000001,-0.1515,306.272,0.1,4.2245,8.0795,-0.1585,306.274,0.1,4.2669999999999995,8.0695,-0.16899999999999998,306.276,0.1,4.3095,8.0635,-0.17149999999999999,306.274,0.1,4.3614999999999995,8.0655,-0.1615,306.26,0.1,4.4254999999999995,8.064,-0.145,306.241,0.1,4.4879999999999995,8.035499999999999,-0.136,306.228,0.1,4.5265,7.9715,-0.1505,306.23,0.1,4.5335,7.8825,-0.1805,306.249,0.1,4.525,7.8045,-0.186,306.275,0.1,4.518,7.7780000000000005,-0.152,306.278,0.1,4.515499999999999,7.795,-0.1105,306.251,0.1,4.5205,7.8004999999999995,-0.091,306.222,0.1,
3.9265,8.159500000000001,-0.199,306.357,0.1,4.0035,8.148499999999999,-0.191,306.329,0.1,4.0855,8.1225,-0.1875,306.314,0.1,4.1585,8.103000000000002,-0.187,306.305,0.1,4.215,8.0885,-0.191,306.3,0.1,4.258,8.075,-0.1965,306.3,0.1,4.2955000000000005,8.064499999999999,-0.1925,306.298,0.1,4.337,8.065,-0.1765,306.287,0.1,4.3875,8.07,-0.1565,306.267,0.1,4.4384999999999994,8.052,-0.146,306.251,0.1,4.474,7.993499999999999,-0.158,306.253,0.1,4.4905,7.902,-0.1825,306.276,0.1,4.5,7.816,-0.1815,306.305,0.1,4.5095,7.781,-0.1485,306.305,0.1,4.514,7.797000000000001,-0.114,306.269,0.1,4.518000000000001,7.809,-0.0965,306.228,0.1,
3.865,8.1425,-0.2245,306.407,0.1,3.9379999999999997,8.1475,-0.2215,306.383,0.1,4.0245,8.130500000000001,-0.22,306.37,0.1,4.109500000000001,8.1135,-0.221,306.356,0.1,4.1785,8.0955,-0.225,306.345,0.1,4.2295,8.075,-0.226,306.338,0.1,4.2675,8.0555,-0.215,306.333,0.1,4.301,8.0485,-0.1935,306.324,0.1,4.3375,8.055,-0.17049999999999998,306.305,0.1,4.3759999999999994,8.05,-0.1565,306.285,0.1,4.411,8.008,-0.1615,306.282,0.1,4.4384999999999994,7.929,-0.174,306.303,0.1,4.461,7.843,-0.167,306.333,0.1,4.481,7.797,-0.14,306.333,0.1,4.4915,7.8015,-0.11699999999999999,306.295,0.1,4.495,7.811999999999999,-0.105,306.249,0.1,
3.748,8.082,-0.237,306.505,0.1,3.818,8.109,-0.235,306.477,0.1,3.907,8.1125,-0.2345,306.461,0.1,4.002,8.1045,-0.237,306.441,0.1,4.0835,8.086500000000001,-0.2415,306.423,0.1,4.145,8.056999999999999,-0.2415,306.412,0.1,4.1905,8.024000000000001,-0.2275,306.404,0.1,4.227,8.006499999999999,-0.20500000000000002,306.392,0.1,4.260999999999999,8.0115,-0.184,306.367,0.1,4.297,8.0195,-0.1685,306.338,0.1,4.335,8.002,-0.1635,306.323,0.1,4.37,7.9465,-0.159,306.337,0.1,4.4005,7.8705,-0.14250000000000002,306.364,0.1,4.427,7.818,-0.1225,306.367,0.1,4.4435,7.8085,-0.1115,306.332,0.1,4.4510000000000005,7.8134999999999994,-0.105,306.283,0.1,
3.5275,7.997,-0.2375,306.678,0.1,3.6065,8.0465,-0.235,306.638,0.1,3.7075,8.0725,-0.2345,306.605,0.1,3.8155,8.077,-0.235,306.572,0.1,3.908,8.061,-0.2385,306.543,0.1,3.9770000000000003,8.0235,-0.237,306.529,0.1,4.032500000000001,7.9795,-0.2255,306.522,0.1,4.086,7.9535,-0.2095,306.503,0.1,4.1385000000000005,7.9535,-0.1955,306.463,0.1,4.189,7.968,-0.1835,306.416,0.1,4.237,7.973,-0.17049999999999998,306.385,0.1,4.278499999999999,7.947,-0.15,306.386,0.1,4.3125,7.893,-0.1235,306.408,0.1,4.3425,7.8420000000000005,-0.10450000000000001,306.412,0.1,4.3675,7.821,-0.099,306.38,0.1,4.3870000000000005,7.817,-0.097,306.327,0.1,
3.3375000000000004,7.939,-0.2205,306.827,0.1,3.426,8.0015,-0.221,306.774,0.1,3.5275,8.041,-0.2195,306.728,0.1,3.6315,8.0525,-0.217,306.689,0.1,3.723,8.035499999999999,-0.214,306.658,0.1,3.799,7.9955,-0.2105,306.641,0.1,3.872,7.952,-0.20450000000000002,306.627,0.1,3.9495,7.9215,-0.199,306.595,0.1,4.025,7.9094999999999995,-0.1965,306.544,0.1,4.096,7.918,-0.1925,306.486,0.1,4.1645,7.935499999999999,-0.1795,306.438,0.1,4.2235,7.9395,-0.1515,306.418,0.1,4.2669999999999995,7.914,-0.118,306.422,0.1,4.297000000000001,7.872999999999999,-0.0965,306.426,0.1,4.3155,7.843500000000001,-0.0895,306.402,0.1,4.327,7.8245000000000005,-0.0865,306.355,0.1,
3.283,7.915,-0.1645,306.883,0.1,3.3689999999999998,7.975,-0.1745,306.825,0.1,3.4505,8.0185,-0.1785,306.78,0.1,3.529,8.034500000000001,-0.178,306.746,0.1,3.606,8.018,-0.17099999999999999,306.725,0.1,3.691,7.983499999999999,-0.163,306.703,0.1,3.7855,7.946,-0.1585,306.668,0.1,3.878,7.9105,-0.16,306.624,0.1,3.9615,7.882,-0.1695,306.577,0.1,4.0455000000000005,7.8759999999999994,-0.179,306.524,0.1,4.1385000000000005,7.8955,-0.176,306.467,0.1,4.2275,7.92,-0.1515,306.42,0.1,4.291,7.9195,-0.118,306.397,0.1,4.3195,7.8925,-0.0945,306.392,0.1,4.314500000000001,7.86,-0.086,306.378,0.1,4.2915,7.827,-0.0825,306.357,0.1,
3.2725,7.891500000000001,-0.0815,306.907,0.1,3.359,7.939,-0.1045,306.849,0.1,3.4345,7.984500000000001,-0.124,306.798,0.1,3.5010000000000003,8.0085,-0.1305,306.76,0.1,3.567,8.001999999999999,-0.125,306.738,0.1,3.6455,7.9775,-0.1135,306.712,0.1,3.7344999999999997,7.9425,-0.1045,306.674,0.1,3.82,7.8995,-0.1055,306.635,0.1,3.901,7.8580000000000005,-0.12,306.598,0.1,3.994,7.839,-0.143,306.554,0.1,4.107,7.8515,-0.155,306.493,0.1,4.2225,7.8795,-0.144,306.429,0.1,4.3100000000000005,7.8919999999999995,-0.118,306.382,0.1,4.3475,7.877,-0.099,306.36,0.1,4.3315,7.849500000000001,-0.0935,306.348,0.1,4.286,7.8165,-0.0925,306.343,0.1,
3.2590000000000003,7.876,-0.011,306.925,0.1,3.3585000000000003,7.916,-0.0495,306.865,0.1,3.451,7.963,-0.08449999999999999,306.801,0.1,3.5275,7.992,-0.0985,306.749,0.1,3.5905,7.993,-0.0955,306.711,0.1,3.6500000000000004,7.974,-0.0835,306.683,0.1,3.7105,7.939,-0.07,306.659,0.1,3.7735000000000003,7.892,-0.0655,306.637,0.1,3.846,7.846,-0.0765,306.613,0.1,3.9405,7.822,-0.10200000000000001,306.574,0.1,4.0605,7.829,-0.126,306.517,0.1,4.189500000000001,7.854,-0.131,306.45,0.1,4.298,7.869,-0.12,306.39,0.1,4.3580000000000005,7.859,-0.1115,306.349,0.1,4.359,7.836,-0.11449999999999999,306.325,0.1,4.3225,7.808,-0.119,306.314,0.1,
3.1494999999999997,7.6285,-0.1235,306.851,0.1,3.2545,7.593500000000001,-0.139,306.818,0.1,3.3635,7.5760000000000005,-0.145,306.773,0.1,3.453,7.578,-0.154,306.732,0.1,3.513,7.5825,-0.165,306.714,0.1,3.5665,7.580500000000001,-0.17099999999999999,306.71,0.1,3.635,7.57,-0.16949999999999998,306.699,0.1,3.707,7.551,-0.1655,306.683,0.1,3.7485,7.525,-0.163,306.676,0.1,3.7365000000000004,7.478,-0.159,306.699,0.1,3.6855,7.402,-0.155,306.752,0.1,3.6455,7.317,-0.156,306.809,0.1,3.6580000000000004,7.2635000000000005,-0.158,306.822,0.1,3.7190000000000003,7.259,-0.1605,306.767,0.1,3.7984999999999998,7.2829999999999995,-0.16,306.679,0.1,3.8635,7.3085,-0.1505,306.601,0.1,
3.181,7.648999999999999,-0.126,306.812,0.1,3.2720000000000002,7.6080000000000005,-0.137,306.797,0.1,3.3855000000000004,7.587,-0.14450000000000002,306.76,0.1,3.4930000000000003,7.5875,-0.155,306.716,0.1,3.5700000000000003,7.598000000000001,-0.167,306.689,0.1,3.6265,7.6055,-0.173,306.676,0.1,3.684,7.595000000000001,-0.16999999999999998,306.67,0.1,3.746,7.5645,-0.168,306.669,0.1,3.7904999999999998,7.5285,-0.1725,306.669,0.1,3.788,7.484500000000001,-0.177,306.682,0.1,3.737,7.4185,-0.1755,306.726,0.1,3.677,7.3420000000000005,-0.1695,306.787,0.1,3.654,7.2795000000000005,-0.162,306.817,0.1,3.6845,7.247999999999999,-0.1585,306.791,0.1,3.7625,7.2490000000000006,-0.161,306.725,0.1,3.8575,7.2765,-0.1605,306.637,0.1,
3.232,7.670999999999999,-0.1275,306.766,0.1,3.302,7.633,-0.1345,306.765,0.1,3.403,7.6080000000000005,-0.14450000000000002,306.748,0.1,3.5164999999999997,7.6025,-0.1585,306.714,0.1,3.6125,7.6155,-0.17049999999999998,306.675,0.1,3.6785,7.631,-0.1725,306.648,0.1,3.7275,7.6235,-0.1645,306.643,0.1,3.779,7.588,-0.1615,306.654,0.1,3.8255,7.545,-0.16999999999999998,306.658,0.1,3.8345000000000002,7.4975000000000005,-0.1815,306.669,0.1,3.793,7.4365,-0.187,306.708,0.1,3.7255000000000003,7.3740000000000006,-0.1795,306.76,0.1,3.6685,7.3115000000000006,-0.166,306.795,0.1,3.6559999999999997,7.257,-0.155,306.8,0.1,3.7115,7.2330000000000005,-0.154,306.768,0.1,3.8145,7.2495,-0.1565,306.69,0.1,
3.2885,7.686999999999999,-0.1265,306.727,0.1,3.34,7.6585,-0.1275,306.732,0.1,3.4219999999999997,7.633,-0.14,306.733,0.1,3.5305,7.6205,-0.1575,306.714,0.1,3.6365,7.629,-0.17049999999999998,306.674,0.1,3.713,7.645,-0.16999999999999998,306.637,0.1,3.763,7.644,-0.1585,306.625,0.1,3.8099999999999996,7.616,-0.1525,306.634,0.1,3.8575,7.5725,-0.1575,306.641,0.1,3.878,7.5184999999999995,-0.16949999999999998,306.655,0.1,3.8529999999999998,7.458,-0.181,306.692,0.1,3.7904999999999998,7.404999999999999,-0.1795,306.728,0.1,3.716,7.346500000000001,-0.167,306.758,0.1,3.6734999999999998,7.285500000000001,-0.1535,306.78,0.1,3.7015000000000002,7.2490000000000006,-0.1455,306.773,0.1,3.7910000000000004,7.248,-0.14300000000000002,306.72,0.1,
3.3405,7.6965,-0.128,306.704,0.1,3.3865,7.678,-0.1215,306.705,0.1,3.4515000000000002,7.656000000000001,-0.129,306.713,0.1,3.5415,7.638,-0.147,306.708,0.1,3.6390000000000002,7.636,-0.1615,306.681,0.1,3.7199999999999998,7.6455,-0.1645,306.646,0.1,3.7809999999999997,7.651,-0.1565,306.623,0.1,3.8354999999999997,7.6385000000000005,-0.147,306.617,0.1,3.8875,7.6015,-0.14450000000000002,306.621,0.1,3.92,7.545,-0.1505,306.638,0.1,3.9135,7.481999999999999,-0.1635,306.669,0.1,3.8645,7.427,-0.173,306.693,0.1,3.795,7.3715,-0.1685,306.713,0.1,3.7485,7.32,-0.153,306.731,0.1,3.758,7.29,-0.135,306.734,0.1,3.8205,7.277,-0.125,306.705,0.1,
3.3795,7.702500000000001,-0.137,306.697,0.1,3.4325,7.6899999999999995,-0.124,306.687,0.1,3.487,7.6705000000000005,-0.123,306.692,0.1,3.5549999999999997,7.6495,-0.135,306.698,0.1,3.633,7.6385000000000005,-0.1495,306.687,0.1,3.7085,7.64,-0.1595,306.662,0.1,3.776,7.6475,-0.1585,306.636,0.1,3.8395,7.649,-0.1485,306.616,0.1,3.901,7.6240000000000006,-0.14,306.612,0.1,3.948,7.572,-0.139,306.624,0.1,3.958,7.505,-0.151,306.645,0.1,3.924,7.438,-0.17,306.662,0.1,3.871,7.3785,-0.174,306.675,0.1,3.8385,7.3420000000000005,-0.1535,306.685,0.1,3.8455,7.3315,-0.124,306.68,0.1,3.8845,7.3205,-0.1085,306.66,0.1,
3.387,7.7065,-0.1555,306.709,0.1,3.4560000000000004,7.6945,-0.14,306.685,0.1,3.5125,7.6739999999999995,-0.1335,306.683,0.1,3.568,7.6525,-0.1375,306.69,0.1,3.628,7.6385000000000005,-0.1485,306.69,0.1,3.689,7.6335,-0.1605,306.678,0.1,3.75,7.639,-0.1645,306.658,0.1,3.8155,7.6485,-0.1565,306.636,0.1,3.885,7.6385000000000005,-0.14500000000000002,306.622,0.1,3.943,7.596,-0.1395,306.623,0.1,3.965,7.525,-0.151,306.632,0.1,3.944,7.4415,-0.176,306.647,0.1,3.91,7.371,-0.1825,306.662,0.1,3.9005,7.3445,-0.1535,306.664,0.1,3.9189999999999996,7.3535,-0.115,306.643,0.1,3.947,7.355,-0.097,306.613,0.1,
3.3445,7.707000000000001,-0.1785,306.745,0.1,3.4275,7.693,-0.16749999999999998,306.715,0.1,3.498,7.6695,-0.1605,306.703,0.1,3.558,7.6495,-0.16,306.704,0.1,3.6115,7.636,-0.1655,306.704,0.1,3.6605,7.6274999999999995,-0.175,306.7,0.1,3.7105,7.6295,-0.177,306.688,0.1,3.77,7.6415,-0.168,306.668,0.1,3.838,7.6445,-0.1535,306.648,0.1,3.896,7.6135,-0.146,306.639,0.1,3.919,7.5415,-0.159,306.643,0.1,3.9065000000000003,7.445,-0.1855,306.661,0.1,3.8914999999999997,7.362500000000001,-0.188,306.682,0.1,3.9044999999999996,7.335,-0.1535,306.678,0.1,3.9379999999999997,7.3535,-0.112,306.642,0.1,3.9665,7.368,-0.093,306.598,0.1,
3.257,7.6995000000000005,-0.20500000000000002,306.801,0.1,3.346,7.6884999999999994,-0.2005,306.771,0.1,3.4325,7.6635,-0.1985,306.756,0.1,3.5090000000000003,7.645,-0.197,306.746,0.1,3.5709999999999997,7.632,-0.1995,306.739,0.1,3.6195,7.622,-0.203,306.734,0.1,3.6625,7.619,-0.1975,306.725,0.1,3.7115,7.628,-0.1815,306.709,0.1,3.768,7.637499999999999,-0.163,306.687,0.1,3.8145,7.619,-0.154,306.672,0.1,3.832,7.5555,-0.166,306.674,0.1,3.8255,7.458,-0.1895,306.697,0.1,3.8255,7.3675,-0.187,306.723,0.1,3.856,7.33,-0.153,306.717,0.1,3.9035,7.3445,-0.11649999999999999,306.671,0.1,3.941,7.365,-0.098,306.616,0.1,
3.149,7.667999999999999,-0.2295,306.866,0.1,3.232,7.6690000000000005,-0.23049999999999998,306.842,0.1,3.325,7.65,-0.23149999999999998,306.829,0.1,3.4185,7.6345,-0.23299999999999998,306.812,0.1,3.497,7.6215,-0.235,306.796,0.1,3.555,7.6080000000000005,-0.23399999999999999,306.784,0.1,3.5985,7.597,-0.2215,306.773,0.1,3.6395,7.5975,-0.1985,306.76,0.1,3.6825,7.609,-0.175,306.738,0.1,3.718,7.605,-0.1615,306.717,0.1,3.7345,7.5615000000000006,-0.16849999999999998,306.713,0.1,3.7350000000000003,7.478,-0.182,306.734,0.1,3.7445,7.3875,-0.175,306.762,0.1,3.7845,7.337,-0.1465,306.759,0.1,3.841,7.3385,-0.121,306.711,0.1,3.8855000000000004,7.3565000000000005,-0.1065,306.649,0.1,
2.9705,7.5915,-0.241,306.983,0.1,3.0475,7.6114999999999995,-0.243,306.96,0.1,3.1445,7.609500000000001,-0.246,306.945,0.1,3.2525,7.6025,-0.2485,306.921,0.1,3.348,7.5915,-0.2525,306.895,0.1,3.4195,7.572,-0.2505,306.874,0.1,3.4715,7.548500000000001,-0.235,306.86,0.1,3.5170000000000003,7.539,-0.211,306.844,0.1,3.5625,7.5504999999999995,-0.1875,306.816,0.1,3.601,7.563,-0.17149999999999999,306.782,0.1,3.6225,7.547000000000001,-0.1685,306.764,0.1,3.628,7.489000000000001,-0.167,306.779,0.1,3.6395,7.407500000000001,-0.151,306.808,0.1,3.6814999999999998,7.3485,-0.13,306.809,0.1,3.7455,7.3365,-0.11649999999999999,306.764,0.1,3.802,7.3475,-0.1075,306.698,0.1,
2.6745,7.4935,-0.24,307.181,0.1,2.7584999999999997,7.5344999999999995,-0.241,307.147,0.1,2.8685,7.552,-0.243,307.118,0.1,2.9925,7.5555,-0.2445,307.081,0.1,3.1029999999999998,7.5455000000000005,-0.2475,307.039,0.1,3.184,7.5184999999999995,-0.2455,307.013,0.1,3.2485,7.484500000000001,-0.23249999999999998,307.0,0.1,3.316,7.468,-0.2145,306.976,0.1,3.3875,7.4765,-0.198,306.93,0.1,3.449,7.5,-0.1845,306.875,0.1,3.4855,7.511,-0.1735,306.838,0.1,3.4965,7.485,-0.1555,306.84,0.1,3.5065,7.4239999999999995,-0.13,306.865,0.1,3.5475000000000003,7.3655,-0.111,306.871,0.1,3.6205,7.3420000000000005,-0.10300000000000001,306.83,0.1,3.6965,7.343500000000001,-0.099,306.758,0.1,
2.4305,7.4315,-0.222,307.347,0.1,2.5215,7.486000000000001,-0.225,307.3,0.1,2.6295,7.513999999999999,-0.2245,307.261,0.1,2.748,7.5205,-0.2225,307.219,0.1,2.857,7.505,-0.22,307.177,0.1,2.9475,7.4725,-0.216,307.147,0.1,3.035,7.4385,-0.2095,307.123,0.1,3.133,7.4185,-0.203,307.084,0.1,3.2344999999999997,7.418,-0.199,307.025,0.1,3.324,7.439500000000001,-0.1935,306.956,0.1,3.388,7.468,-0.181,306.9,0.1,3.42,7.475,-0.1545,306.878,0.1,3.4370000000000003,7.444,-0.122,306.888,0.1,3.471,7.394,-0.0995,306.895,0.1,3.5315000000000003,7.361,-0.0905,306.865,0.1,3.599,7.3475,-0.086,306.801,0.1,
2.3585000000000003,7.4115,-0.1675,307.406,0.1,2.4425,7.466,-0.1775,307.356,0.1,2.524,7.496,-0.1815,307.32,0.1,2.61,7.5015,-0.18,307.287,0.1,2.702,7.481,-0.173,307.259,0.1,2.8055000000000003,7.449,-0.165,307.224,0.1,2.9210000000000003,7.4195,-0.1615,307.177,0.1,3.0385,7.3945,-0.1635,307.124,0.1,3.1505,7.3785,-0.1725,307.067,0.1,3.258,7.3885000000000005,-0.1815,307.003,0.1,3.3555,7.423,-0.178,306.934,0.1,3.4265,7.4544999999999995,-0.154,306.881,0.1,3.466,7.452,-0.1205,306.862,0.1,3.491,7.416499999999999,-0.0955,306.863,0.1,3.515,7.3795,-0.0835,306.847,0.1,3.537,7.35,-0.079,306.811,0.1,
2.3465,7.395,-0.0865,307.429,0.1,2.4284999999999997,7.4405,-0.109,307.377,0.1,2.4989999999999997,7.473000000000001,-0.1265,307.336,0.1,2.568,7.4825,-0.131,307.303,0.1,2.646,7.4665,-0.1245,307.277,0.1,2.7430000000000003,7.4405,-0.113,307.241,0.1,2.854,7.4105,-0.1055,307.191,0.1,2.9645,7.3759999999999994,-0.1085,307.143,0.1,3.0735,7.3454999999999995,-0.124,307.098,0.1,3.1925,7.342499999999999,-0.147,307.041,0.1,3.3185,7.3725000000000005,-0.1585,306.966,0.1,3.428,7.4125,-0.1475,306.891,0.1,3.4985,7.4275,-0.1205,306.844,0.1,3.5285,7.4075,-0.0985,306.828,0.1,3.529,7.375,-0.0885,306.817,0.1,3.5155000000000003,7.343,-0.08549999999999999,306.802,0.1,
2.339,7.383,-0.017,307.445,0.1,2.4349999999999996,7.423,-0.0545,307.387,0.1,2.521,7.458,-0.087,307.331,0.1,2.5965,7.471,-0.099,307.285,0.1,2.668,7.46,-0.0945,307.249,0.1,2.7425,7.438,-0.082,307.214,0.1,2.821,7.406,-0.07,307.18,0.1,2.9055,7.366,-0.067,307.151,0.1,3.005,7.33,-0.08,307.12,0.1,3.1275,7.321,-0.106,307.07,0.1,3.2664999999999997,7.346,-0.13,306.997,0.1,3.399,7.386,-0.135,306.915,0.1,3.4985,7.406,-0.1225,306.85,0.1,3.552,7.393,-0.1105,306.812,0.1,3.563,7.365,-0.108,306.79,0.1,3.5495,7.337,-0.109,306.773,0.1,
2.551,7.213,-0.1285,307.281,0.1,2.6654999999999998,7.1795,-0.145,307.243,0.1,2.795,7.173,-0.1535,307.189,0.1,2.9075,7.191,-0.162,307.138,0.1,2.982,7.214,-0.17099999999999999,307.11,0.1,3.0389999999999997,7.2265,-0.1755,307.098,0.1,3.1045,7.218500000000001,-0.174,307.085,0.1,3.17,7.1895,-0.16999999999999998,307.075,0.1,3.2005,7.1465,-0.166,307.08,0.1,3.1725,7.083,-0.1595,307.113,0.1,3.1064999999999996,6.9975,-0.1545,307.169,0.1,3.0614999999999997,6.917,-0.1565,307.219,0.1,3.084,6.881,-0.1605,307.214,0.1,3.1635,6.8985,-0.1625,307.14,0.1,3.2565,6.9384999999999994,-0.1615,307.041,0.1,3.3245,6.9675,-0.1525,306.966,0.1,
2.5845000000000002,7.2325,-0.1295,307.239,0.1,2.6825,7.189,-0.14300000000000002,307.223,0.1,2.8165,7.175,-0.154,307.179,0.1,2.9495,7.1905,-0.165,307.125,0.1,3.0460000000000003,7.2215,-0.175,307.085,0.1,3.1095,7.2475000000000005,-0.179,307.06,0.1,3.1630000000000003,7.244,-0.176,307.05,0.1,3.215,7.2035,-0.174,307.055,0.1,3.246,7.15,-0.177,307.068,0.1,3.226,7.0885,-0.1785,307.093,0.1,3.157,7.0115,-0.1755,307.143,0.1,3.0885,6.936,-0.169,307.199,0.1,3.0715000000000003,6.8870000000000005,-0.163,307.212,0.1,3.116,6.874499999999999,-0.1605,307.166,0.1,3.2065,6.8919999999999995,-0.163,307.088,0.1,3.308,6.927,-0.164,307.001,0.1,
2.6405000000000003,7.2565,-0.13,307.188,0.1,2.7115,7.2135,-0.14,307.189,0.1,2.8285,7.1905,-0.154,307.169,0.1,2.9685,7.196,-0.16899999999999998,307.128,0.1,3.0895,7.228,-0.1795,307.075,0.1,3.1665,7.264,-0.1795,307.032,0.1,3.2115,7.2675,-0.17099999999999999,307.019,0.1,3.252,7.2255,-0.168,307.035,0.1,3.2845,7.165,-0.1755,307.053,0.1,3.2744999999999997,7.0995,-0.1855,307.075,0.1,3.213,7.0275,-0.188,307.123,0.1,3.1340000000000003,6.9645,-0.1785,307.172,0.1,3.0775,6.911,-0.1645,307.192,0.1,3.0730000000000004,6.8705,-0.1555,307.179,0.1,3.138,6.861000000000001,-0.1565,307.135,0.1,3.2475,6.8870000000000005,-0.1605,307.055,0.1,
2.7030000000000003,7.2735,-0.1295,307.143,0.1,2.75,7.2405,-0.133,307.154,0.1,2.8415,7.2135,-0.148,307.157,0.1,2.974,7.2059999999999995,-0.16699999999999998,307.133,0.1,3.106,7.2285,-0.179,307.079,0.1,3.197,7.2635000000000005,-0.177,307.024,0.1,3.247,7.2765,-0.1655,307.0,0.1,3.2855,7.248,-0.1595,307.012,0.1,3.319,7.1899999999999995,-0.1645,307.031,0.1,3.32,7.118,-0.1755,307.058,0.1,3.275,7.045999999999999,-0.1835,307.103,0.1,3.2,6.9915,-0.1775,307.139,0.1,3.123,6.9384999999999994,-0.163,307.156,0.1,3.084,6.8855,-0.1515,307.162,0.1,3.1180000000000003,6.8605,-0.147,307.144,0.1,3.2125000000000004,6.87,-0.1475,307.086,0.1,
2.758,7.2805,-0.132,307.117,0.1,2.7975000000000003,7.261,-0.1265,307.125,0.1,2.866,7.236000000000001,-0.1355,307.138,0.1,2.9725,7.217499999999999,-0.1545,307.132,0.1,3.0915,7.2225,-0.16949999999999998,307.092,0.1,3.1895,7.2465,-0.17149999999999999,307.039,0.1,3.2575000000000003,7.2669999999999995,-0.1635,307.002,0.1,3.3095,7.26,-0.155,306.994,0.1,3.3505000000000003,7.214499999999999,-0.1535,307.008,0.1,3.3645,7.1415,-0.159,307.038,0.1,3.3385,7.0665,-0.1675,307.078,0.1,3.277,7.0085,-0.17049999999999998,307.102,0.1,3.2045,6.9544999999999995,-0.163,307.111,0.1,3.1624999999999996,6.907,-0.1495,307.116,0.1,3.1795,6.8855,-0.1365,307.107,0.1,3.245,6.884,-0.1295,307.071,0.1,
2.7954999999999997,7.279999999999999,-0.14350000000000002,307.11,0.1,2.8445,7.2705,-0.1295,307.104,0.1,2.8970000000000002,7.2485,-0.129,307.116,0.1,2.973,7.224,-0.14150000000000001,307.124,0.1,3.066,7.2135,-0.156,307.105,0.1,3.1559999999999997,7.2235,-0.1655,307.065,0.1,3.234,7.2455,-0.165,307.024,0.1,3.3015,7.256,-0.1565,306.999,0.1,3.3575,7.228999999999999,-0.15,307.0,0.1,3.391,7.1645,-0.149,307.024,0.1,3.3845,7.086,-0.1565,307.052,0.1,3.337,7.0135000000000005,-0.1685,307.068,0.1,3.2805,6.952500000000001,-0.16899999999999998,307.073,0.1,3.2575,6.9175,-0.1505,307.072,0.1,3.2794999999999996,6.913,-0.1255,307.056,0.1,3.3245,6.9135,-0.1135,307.026,0.1,
2.7905,7.273,-0.1635,307.127,0.1,2.8609999999999998,7.266,-0.1475,307.104,0.1,2.9145,7.2455,-0.1405,307.107,0.1,2.9725,7.221,-0.144,307.118,0.1,3.0404999999999998,7.204,-0.1545,307.113,0.1,3.1109999999999998,7.202999999999999,-0.1665,307.091,0.1,3.1814999999999998,7.22,-0.17049999999999998,307.059,0.1,3.254,7.2395,-0.164,307.03,0.1,3.324,7.231999999999999,-0.155,307.018,0.1,3.3745000000000003,7.182,-0.15,307.026,0.1,3.3819999999999997,7.1015,-0.158,307.041,0.1,3.3455,7.0105,-0.176,307.054,0.1,3.307,6.936999999999999,-0.1795,307.062,0.1,3.3129999999999997,6.9094999999999995,-0.1525,307.057,0.1,3.3575,6.923,-0.11699999999999999,307.025,0.1,3.3985,6.9350000000000005,-0.1015,306.982,0.1,
2.718,7.26,-0.186,307.175,0.1,2.8095,7.2505,-0.176,307.142,0.1,2.88,7.229,-0.16949999999999998,307.132,0.1,2.9405,7.208,-0.1675,307.135,0.1,2.9985,7.192,-0.172,307.134,0.1,3.0540000000000003,7.186,-0.1805,307.123,0.1,3.1115,7.196,-0.182,307.103,0.1,3.1790000000000003,7.2175,-0.174,307.076,0.1,3.2515,7.225,-0.1625,307.055,0.1,3.3045,7.1905,-0.156,307.049,0.1,3.3120000000000003,7.112,-0.166,307.056,0.1,3.2800000000000002,7.0075,-0.188,307.073,0.1,3.2584999999999997,6.920999999999999,-0.1885,307.089,0.1,3.2915,6.891,-0.155,307.079,0.1,3.3609999999999998,6.912,-0.11549999999999999,307.032,0.1,3.4130000000000003,6.935499999999999,-0.097,306.974,0.1,
2.588,7.239,-0.2115,307.245,0.1,2.6885000000000003,7.228999999999999,-0.2095,307.213,0.1,2.7785,7.205,-0.209,307.197,0.1,2.8585000000000003,7.1875,-0.20700000000000002,307.187,0.1,2.9265,7.1754999999999995,-0.2075,307.178,0.1,2.981,7.1690000000000005,-0.209,307.168,0.1,3.0300000000000002,7.1735,-0.2025,307.153,0.1,3.0865,7.191000000000001,-0.187,307.131,0.1,3.1479999999999997,7.205,-0.16949999999999998,307.107,0.1,3.19,7.186,-0.1615,307.092,0.1,3.19,7.118,-0.1725,307.096,0.1,3.16,7.0135,-0.194,307.118,0.1,3.151,6.9190000000000005,-0.191,307.14,0.1,3.2030000000000003,6.878,-0.1575,307.129,0.1,3.293,6.8925,-0.121,307.074,0.1,3.364,6.9205,-0.10200000000000001,307.003,0.1,
2.4335,7.1935,-0.2345,307.325,0.1,2.527,7.1899999999999995,-0.2395,307.301,0.1,2.626,7.1690000000000005,-0.2425,307.289,0.1,2.7275,7.156000000000001,-0.2445,307.269,0.1,2.8155,7.148,-0.2445,307.248,0.1,2.8805,7.141,-0.241,307.23,0.1,2.9295,7.1385000000000005,-0.2275,307.213,0.1,2.9775,7.147,-0.20350000000000001,307.196,0.1,3.027,7.1625,-0.1795,307.171,0.1,3.0605,7.1605,-0.1665,307.148,0.1,3.059,7.1155,-0.1735,307.143,0.1,3.0324999999999998,7.026999999999999,-0.1875,307.164,0.1,3.0285,6.932,-0.181,307.192,0.1,3.088,6.8765,-0.1535,307.185,0.1,3.1900000000000004,6.8765,-0.1275,307.128,0.1,3.2755,6.901,-0.1105,307.05,0.1,
2.192,7.1015,-0.2445,307.462,0.1,2.276,7.1129999999999995,-0.2505,307.442,0.1,2.3810000000000002,7.106,-0.257,307.43,0.1,2.502,7.101,-0.26,307.401,0.1,2.612,7.0975,-0.263,307.366,0.1,2.694,7.087,-0.259,307.337,0.1,2.753,7.073,-0.242,307.317,0.1,2.8075,7.0715,-0.2165,307.297,0.1,2.8635,7.089,-0.191,307.265,0.1,2.9050000000000002,7.106,-0.1745,307.226,0.1,2.911,7.092499999999999,-0.172,307.205,0.1,2.8865,7.031499999999999,-0.172,307.22,0.1,2.879,6.945,-0.158,307.251,0.1,2.9364999999999997,6.879,-0.1385,307.251,0.1,3.0475,6.8645,-0.124,307.197,0.1,3.153,6.882,-0.113,307.113,0.1,
1.821,6.991,-0.242,307.685,0.1,1.9100000000000001,7.022,-0.247,307.656,0.1,2.0295,7.032,-0.2515,307.63,0.1,2.17,7.034,-0.254,307.589,0.1,2.2975000000000003,7.031000000000001,-0.2565,307.536,0.1,2.3905000000000003,7.0135,-0.2535,307.498,0.1,2.464,6.9895,-0.239,307.477,0.1,2.5455,6.982,-0.22,307.448,0.1,2.6365,7.0,-0.201,307.397,0.1,2.709,7.032,-0.186,307.334,0.1,2.7345,7.0495,-0.175,307.29,0.1,2.715,7.023,-0.1585,307.293,0.1,2.7005,6.9555,-0.135,307.323,0.1,2.752,6.8885000000000005,-0.118,307.329,0.1,2.8724999999999996,6.862,-0.1095,307.28,0.1,3.0054999999999996,6.8705,-0.10350000000000001,307.189,0.1,
1.5245,6.9245,-0.2235,307.866,0.1,1.6175,6.9704999999999995,-0.2285,307.827,0.1,1.732,6.987500000000001,-0.23,307.794,0.1,1.8645,6.9879999999999995,-0.228,307.75,0.1,1.991,6.9755,-0.2255,307.695,0.1,2.0965,6.949999999999999,-0.221,307.653,0.1,2.198,6.9254999999999995,-0.2145,307.62,0.1,2.316,6.916,-0.2075,307.574,0.1,2.4429999999999996,6.9275,-0.202,307.507,0.1,2.5515,6.9615,-0.195,307.427,0.1,2.6115,7.0015,-0.182,307.362,0.1,2.6159999999999997,7.0115,-0.156,307.339,0.1,2.6065,6.974,-0.125,307.353,0.1,2.6445,6.915,-0.10350000000000001,307.365,0.1,2.747,6.878500000000001,-0.094,307.328,0.1,2.8715,6.8705,-0.089,307.246,0.1,
1.433,6.9075,-0.17049999999999998,307.929,0.1,1.5155,6.9565,-0.181,307.887,0.1,1.5975000000000001,6.9735,-0.185,307.86,0.1,1.691,6.968,-0.183,307.829,0.1,1.798,6.944,-0.1755,307.792,0.1,1.92,6.915,-0.167,307.745,0.1,2.056,6.8934999999999995,-0.1645,307.686,0.1,2.1985,6.8785,-0.168,307.623,0.1,2.339,6.875500000000001,-0.177,307.558,0.1,2.4695,6.9005,-0.1845,307.481,0.1,2.572,6.9505,-0.1795,307.4,0.1,2.626,6.99,-0.1555,307.342,0.1,2.6414999999999997,6.9845,-0.1225,307.326,0.1,2.6625,6.941,-0.097,307.334,0.1,2.7155,6.899,-0.0835,307.315,0.1,2.7824999999999998,6.873,-0.0785,307.266,0.1,
1.42,6.898,-0.0915,307.951,0.1,1.4969999999999999,6.941000000000001,-0.1135,307.906,0.1,1.5635,6.9615,-0.1295,307.874,0.1,1.635,6.9559999999999995,-0.1325,307.846,0.1,1.724,6.9305,-0.125,307.817,0.1,1.8405,6.9035,-0.1135,307.77,0.1,1.9739999999999998,6.879,-0.1075,307.708,0.1,2.109,6.852,-0.1125,307.65,0.1,2.246,6.833,-0.1295,307.597,0.1,2.3905,6.8455,-0.152,307.528,0.1,2.5300000000000002,6.893000000000001,-0.162,307.439,0.1,2.6335,6.946,-0.15,307.353,0.1,2.6865,6.9635,-0.123,307.306,0.1,2.7095000000000002,6.938,-0.099,307.296,0.1,2.7270000000000003,6.9,-0.086,307.285,0.1,2.746,6.869,-0.081,307.261,0.1,
1.4184999999999999,6.89,-0.024,307.965,0.1,1.5110000000000001,6.929,-0.06,307.91,0.1,1.5915,6.953,-0.0895,307.861,0.1,1.666,6.95,-0.1,307.822,0.1,1.7455,6.927,-0.0945,307.787,0.1,1.835,6.902,-0.082,307.745,0.1,1.9315,6.874,-0.07100000000000001,307.702,0.1,2.0375,6.84,-0.07050000000000001,307.665,0.1,2.1639999999999997,6.814,-0.08549999999999999,307.626,0.1,2.3145,6.82,-0.1115,307.566,0.1,2.4725,6.863,-0.1345,307.477,0.1,2.6079999999999997,6.918,-0.1385,307.381,0.1,2.699,6.944,-0.125,307.311,0.1,2.7465,6.927,-0.1105,307.275,0.1,2.7664999999999997,6.894,-0.1035,307.256,0.1,2.776,6.865,-0.1015,307.232,0.1,
1.673,6.734,-0.1325,307.78,0.1,1.794,6.7170000000000005,-0.1505,307.731,0.1,1.9275,6.7285,-0.162,307.665,0.1,2.0415,6.757,-0.17049999999999998,307.609,0.1,2.1235,6.7844999999999995,-0.1775,307.579,0.1,2.1955,6.798,-0.1805,307.558,0.1,2.273,6.791,-0.1785,307.535,0.1,2.3395,6.762499999999999,-0.1735,307.519,0.1,2.3625,6.721,-0.167,307.523,0.1,2.325,6.663,-0.158,307.556,0.1,2.2504999999999997,6.5875,-0.1535,307.611,0.1,2.2015000000000002,6.522,-0.158,307.655,0.1,2.231,6.5024999999999995,-0.164,307.64,0.1,2.3280000000000003,6.532,-0.166,307.56,0.1,2.4325,6.577999999999999,-0.1625,307.459,0.1,2.4885,6.601,-0.153,307.391,0.1,
1.705,6.7455,-0.1325,307.744,0.1,1.815,6.7170000000000005,-0.149,307.715,0.1,1.9575,6.721500000000001,-0.1635,307.657,0.1,2.0915,6.749499999999999,-0.175,307.596,0.1,2.1905,6.788,-0.183,307.551,0.1,2.2634999999999996,6.816,-0.185,307.519,0.1,2.3255,6.8095,-0.1815,307.501,0.1,2.379,6.7665,-0.179,307.502,0.1,2.4059999999999997,6.7145,-0.18,307.514,0.1,2.379,6.6605,-0.1785,307.54,0.1,2.3035,6.5954999999999995,-0.174,307.587,0.1,2.232,6.535,-0.169,307.634,0.1,2.2190000000000003,6.5024999999999995,-0.1655,307.637,0.1,2.276,6.5015,-0.164,307.585,0.1,2.3765,6.523,-0.165,307.507,0.1,2.4699999999999998,6.5525,-0.165,307.424,0.1,
1.7595,6.766,-0.1325,307.697,0.1,1.845,6.734999999999999,-0.146,307.686,0.1,1.972,6.728,-0.164,307.652,0.1,2.113,6.747,-0.1795,307.6,0.1,2.2325,6.7895,-0.188,307.539,0.1,2.3125,6.8285,-0.186,307.49,0.1,2.3635,6.8265,-0.1775,307.473,0.1,2.4085,6.7795000000000005,-0.174,307.487,0.1,2.4415,6.721,-0.18,307.504,0.1,2.4265,6.6635,-0.1875,307.526,0.1,2.3575,6.6045,-0.1875,307.57,0.1,2.274,6.557,-0.177,307.609,0.1,2.2195,6.519,-0.1645,307.619,0.1,2.2235,6.4885,-0.1575,307.601,0.1,2.2960000000000003,6.482,-0.159,307.555,0.1,2.4000000000000004,6.503500000000001,-0.1625,307.479,0.1,
1.8170000000000002,6.7835,-0.1325,307.655,0.1,1.8785,6.7585,-0.1385,307.657,0.1,1.9815,6.7435,-0.1565,307.646,0.1,2.115,6.749499999999999,-0.1765,307.608,0.1,2.243,6.784,-0.187,307.543,0.1,2.332,6.8225,-0.1835,307.482,0.1,2.3855,6.830500000000001,-0.172,307.458,0.1,2.4325,6.796,-0.1665,307.47,0.1,2.4715,6.739,-0.17149999999999999,307.489,0.1,2.468,6.6745,-0.18,307.514,0.1,2.4130000000000003,6.6155,-0.184,307.555,0.1,2.332,6.577500000000001,-0.1745,307.581,0.1,2.2565,6.5385,-0.1595,307.588,0.1,2.225,6.494,-0.151,307.588,0.1,2.266,6.4715,-0.1495,307.565,0.1,2.356,6.477,-0.1505,307.511,0.1,
1.8665,6.792,-0.1365,307.63,0.1,1.9180000000000001,6.778,-0.1315,307.632,0.1,1.9980000000000002,6.7615,-0.14250000000000002,307.633,0.1,2.106,6.7545,-0.162,307.612,0.1,2.218,6.7715,-0.176,307.56,0.1,2.3095,6.8,-0.1775,307.502,0.1,2.38,6.818,-0.16999999999999998,307.465,0.1,2.443,6.805,-0.1625,307.459,0.1,2.4930000000000003,6.7585,-0.162,307.473,0.1,2.5060000000000002,6.691000000000001,-0.1665,307.502,0.1,2.4705,6.629,-0.17,307.536,0.1,2.401,6.587,-0.1665,307.55,0.1,2.3305,6.547,-0.157,307.548,0.1,2.2984999999999998,6.507,-0.147,307.543,0.1,2.3235,6.4864999999999995,-0.1395,307.528,0.1,2.386,6.4815000000000005,-0.135,307.496,0.1,
1.8975,6.791499999999999,-0.15,307.624,0.1,1.956,6.787,-0.135,307.614,0.1,2.019,6.7725,-0.135,307.617,0.1,2.0965,6.757,-0.148,307.61,0.1,2.181,6.757,-0.162,307.578,0.1,2.2615,6.773,-0.17049999999999998,307.533,0.1,2.34,6.794499999999999,-0.17099999999999999,307.493,0.1,2.419,6.8,-0.165,307.471,0.1,2.4865000000000004,6.77,-0.16,307.475,0.1,2.5220000000000002,6.708,-0.1585,307.496,0.1,2.509,6.641,-0.1605,307.518,0.1,2.4545,6.584,-0.1645,307.522,0.1,2.399,6.538,-0.162,307.513,0.1,2.3865,6.5105,-0.1475,307.501,0.1,2.4195,6.5055,-0.129,307.479,0.1,2.4665,6.503,-0.1205,307.453,0.1,
1.8864999999999998,6.782,-0.172,307.643,0.1,1.9645000000000001,6.78,-0.1545,307.616,0.1,2.0255,6.768000000000001,-0.147,307.611,0.1,2.0845000000000002,6.7509999999999994,-0.15,307.609,0.1,2.1445,6.743,-0.1595,307.593,0.1,2.205,6.749499999999999,-0.17099999999999999,307.565,0.1,2.273,6.769,-0.1755,307.534,0.1,2.3529999999999998,6.785,-0.172,307.51,0.1,2.434,6.7715,-0.165,307.501,0.1,2.49,6.7204999999999995,-0.16,307.508,0.1,2.4955,6.648,-0.163,307.515,0.1,2.4539999999999997,6.573,-0.1735,307.513,0.1,2.415,6.516,-0.174,307.505,0.1,2.431,6.4965,-0.1515,307.489,0.1,2.492,6.509,-0.122,307.454,0.1,2.543,6.519,-0.109,307.415,0.1,
1.8025000000000002,6.763,-0.1945,307.695,0.1,1.901,6.7585,-0.1845,307.658,0.1,1.9775,6.746,-0.1775,307.64,0.1,2.0395000000000003,6.7335,-0.1745,307.632,0.1,2.091,6.727,-0.178,307.621,0.1,2.136,6.73,-0.185,307.604,0.1,2.1885,6.746,-0.1865,307.584,0.1,2.2595,6.765,-0.1805,307.562,0.1,2.3395,6.7635,-0.17149999999999999,307.547,0.1,2.3985000000000003,6.7245,-0.1655,307.541,0.1,2.4065000000000003,6.65,-0.17149999999999999,307.54,0.1,2.371,6.5615000000000006,-0.187,307.541,0.1,2.349,6.493,-0.1865,307.539,0.1,2.3925,6.4719999999999995,-0.157,307.52,0.1,2.4835000000000003,6.493,-0.1215,307.47,0.1,2.5555,6.5165,-0.10400000000000001,307.415,0.1,
1.6560000000000001,6.734500000000001,-0.218,307.771,0.1,1.763,6.728,-0.2185,307.736,0.1,1.859,6.713,-0.2185,307.712,0.1,1.9415,6.706,-0.216,307.692,0.1,2.005,6.7055,-0.2145,307.673,0.1,2.0505,6.71,-0.214,307.656,0.1,2.0934999999999997,6.7219999999999995,-0.207,307.64,0.1,2.15,6.7375,-0.1925,307.623,0.1,2.2155,6.7425,-0.1765,307.605,0.1,2.261,6.716,-0.16849999999999998,307.592,0.1,2.261,6.6495,-0.177,307.589,0.1,2.228,6.559,-0.1945,307.595,0.1,2.2190000000000003,6.481999999999999,-0.192,307.602,0.1,2.2835,6.452,-0.1625,307.581,0.1,2.399,6.4695,-0.1285,307.522,0.1,2.4974999999999996,6.499499999999999,-0.109,307.452,0.1,
1.4805000000000001,6.6825,-0.239,307.857,0.1,1.58,6.679,-0.248,307.832,0.1,1.685,6.666,-0.2535,307.813,0.1,1.79,6.6645,-0.255,307.783,0.1,1.876,6.67,-0.253,307.752,0.1,1.9355,6.676,-0.247,307.725,0.1,1.979,6.6815,-0.232,307.707,0.1,2.024,6.689500000000001,-0.209,307.693,0.1,2.0745,6.698,-0.185,307.675,0.1,2.1095,6.688000000000001,-0.17149999999999999,307.655,0.1,2.1055,6.643,-0.1765,307.645,0.1,2.074,6.5645,-0.189,307.654,0.1,2.0715000000000003,6.484500000000001,-0.1845,307.668,0.1,2.1470000000000002,6.442,-0.1615,307.65,0.1,2.2785,6.4485,-0.1375,307.586,0.1,2.3965,6.477,-0.1185,307.507,0.1,
1.2115,6.586,-0.2475,308.002,0.1,1.2999999999999998,6.5945,-0.258,307.984,0.1,1.4100000000000001,6.593,-0.2675,307.966,0.1,1.5365000000000002,6.5995,-0.2715,307.927,0.1,1.6480000000000001,6.61,-0.2725,307.88,0.1,1.726,6.6129999999999995,-0.266,307.841,0.1,1.7795,6.6075,-0.2475,307.818,0.1,1.8315000000000001,6.6075,-0.222,307.802,0.1,1.8895,6.6215,-0.1955,307.775,0.1,1.932,6.634,-0.177,307.739,0.1,1.9325,6.6195,-0.173,307.715,0.1,1.9005,6.5634999999999994,-0.173,307.722,0.1,1.8955,6.4885,-0.1625,307.742,0.1,1.9729999999999999,6.4365000000000006,-0.1475,307.73,0.1,2.1174999999999997,6.431,-0.135,307.667,0.1,2.2584999999999997,6.454,-0.122,307.579,0.1,
0.8135,6.4755,-0.244,308.23,0.1,0.9055,6.5009999999999994,-0.2525,308.205,0.1,1.029,6.5135000000000005,-0.26,308.174,0.1,1.1745,6.525499999999999,-0.2635,308.123,0.1,1.3050000000000002,6.535,-0.265,308.058,0.1,1.396,6.5295000000000005,-0.26,308.012,0.1,1.4665,6.513999999999999,-0.245,307.988,0.1,1.549,6.511,-0.226,307.961,0.1,1.6435,6.531000000000001,-0.20550000000000002,307.912,0.1,1.7160000000000002,6.5634999999999994,-0.188,307.85,0.1,1.7325,6.579000000000001,-0.1745,307.807,0.1,1.7029999999999998,6.553,-0.1585,307.807,0.1,1.6925,6.494,-0.1385,307.827,0.1,1.7665000000000002,6.4405,-0.126,307.821,0.1,1.9225,6.4245,-0.1195,307.761,0.1,2.0935,6.439,-0.112,307.664,0.1,
0.5025000000000001,6.4135,-0.2245,308.41,0.1,0.5965,6.452,-0.232,308.376,0.1,0.7135,6.468999999999999,-0.236,308.34,0.1,0.8495,6.4765,-0.2345,308.287,0.1,0.978,6.4735,-0.231,308.223,0.1,1.0835,6.458,-0.2255,308.174,0.1,1.1865,6.4415,-0.219,308.137,0.1,1.31,6.4405,-0.213,308.091,0.1,1.4425,6.4595,-0.207,308.024,0.1,1.5485,6.498,-0.1975,307.945,0.1,1.5955,6.535,-0.1815,307.882,0.1,1.588,6.5435,-0.155,307.859,0.1,1.5819999999999999,6.513,-0.127,307.866,0.1,1.6425,6.4655000000000005,-0.109,307.865,0.1,1.7810000000000001,6.439500000000001,-0.1015,307.818,0.1,1.9435,6.438,-0.0965,307.731,0.1,
0.4085,6.404,-0.1735,308.47,0.1,0.48850000000000005,6.445,-0.1855,308.434,0.1,0.5705,6.46,-0.1895,308.405,0.1,0.6659999999999999,6.458,-0.187,308.367,0.1,0.7749999999999999,6.441000000000001,-0.1785,308.322,0.1,0.9005,6.42,-0.1695,308.269,0.1,1.0430000000000001,6.407,-0.168,308.208,0.1,1.194,6.4025,-0.174,308.144,0.1,1.3399999999999999,6.41,-0.1835,308.077,0.1,1.4665,6.441000000000001,-0.1885,308.0,0.1,1.555,6.4895,-0.1805,307.921,0.1,1.5945,6.5285,-0.1555,307.862,0.1,1.61,6.53,-0.1235,307.842,0.1,1.6515,6.4955,-0.1,307.841,0.1,1.7389999999999999,6.4625,-0.088,307.813,0.1,1.8424999999999998,6.443,-0.08299999999999999,307.758,0.1,
0.398,6.4045000000000005,-0.0975,308.488,0.1,0.47050000000000003,6.4405,-0.119,308.449,0.1,0.5355,6.457,-0.1335,308.417,0.1,0.608,6.452999999999999,-0.1355,308.383,0.1,0.7,6.4325,-0.1275,308.348,0.1,0.821,6.4125,-0.1155,308.296,0.1,0.9625,6.3965,-0.111,308.232,0.1,1.108,6.3795,-0.1185,308.174,0.1,1.252,6.3705,-0.1375,308.118,0.1,1.3935,6.3895,-0.1585,308.046,0.1,1.518,6.4395,-0.166,307.956,0.1,1.6044999999999998,6.4955,-0.152,307.871,0.1,1.654,6.519,-0.1245,307.821,0.1,1.694,6.5009999999999994,-0.101,307.806,0.1,1.7445,6.4705,-0.087,307.789,0.1,1.8005,6.4455,-0.081,307.758,0.1,
0.40549999999999997,6.402,-0.032,308.497,0.1,0.49250000000000005,6.435,-0.066,308.447,0.1,0.5700000000000001,6.454,-0.093,308.399,0.1,0.6445000000000001,6.452,-0.10250000000000001,308.357,0.1,0.7255,6.433,-0.0965,308.316,0.1,0.8185,6.415,-0.084,308.271,0.1,0.923,6.395,-0.074,308.228,0.1,1.0405,6.37,-0.076,308.191,0.1,1.1764999999999999,6.353,-0.093,308.148,0.1,1.3265,6.366,-0.119,308.082,0.1,1.4705,6.414,-0.1395,307.989,0.1,1.587,6.474,-0.14200000000000002,307.893,0.1,1.6695,6.505,-0.1275,307.823,0.1,1.7305000000000001,6.495,-0.112,307.787,0.1,1.784,6.469,-0.102,307.762,0.1,1.8325,6.446,-0.098,307.731,0.1,
0.649,6.2215,-0.136,308.314,0.1,0.7745,6.229,-0.1555,308.251,0.1,0.9045,6.2615,-0.16999999999999998,308.174,0.1,1.0110000000000001,6.2989999999999995,-0.1795,308.115,0.1,1.0979999999999999,6.3235,-0.185,308.084,0.1,1.189,6.3309999999999995,-0.186,308.056,0.1,1.284,6.323,-0.1835,308.019,0.1,1.355,6.3015,-0.1765,307.99,0.1,1.373,6.2715,-0.167,307.987,0.1,1.33,6.2305,-0.1565,308.015,0.1,1.2530000000000001,6.175000000000001,-0.1525,308.066,0.1,1.2035,6.13,-0.1595,308.104,0.1,1.2385000000000002,6.1259999999999994,-0.1685,308.083,0.1,1.351,6.1625,-0.16999999999999998,308.003,0.1,1.4645,6.208,-0.164,307.906,0.1,1.5005,6.2215,-0.153,307.846,0.1,
0.6785,6.2219999999999995,-0.135,308.29,0.1,0.8035,6.218,-0.155,308.241,0.1,0.946,6.245,-0.173,308.167,0.1,1.0675,6.2865,-0.1855,308.099,0.1,1.161,6.3255,-0.1915,308.053,0.1,1.245,6.3454999999999995,-0.1915,308.016,0.1,1.323,6.3315,-0.187,307.988,0.1,1.3835,6.29,-0.1835,307.98,0.1,1.4104999999999999,6.25,-0.182,307.985,0.1,1.384,6.2155000000000005,-0.178,308.005,0.1,1.31,6.174,-0.1725,308.046,0.1,1.2395,6.1375,-0.169,308.082,0.1,1.2315,6.1225000000000005,-0.1685,308.076,0.1,1.2995,6.1275,-0.1675,308.026,0.1,1.4060000000000001,6.147,-0.167,307.952,0.1,1.4825,6.165,-0.165,307.878,0.1,
0.7255,6.2355,-0.135,308.252,0.1,0.8335,6.225,-0.152,308.221,0.1,0.9670000000000001,6.2405,-0.174,308.167,0.1,1.0945,6.276999999999999,-0.19,308.102,0.1,1.199,6.325,-0.196,308.037,0.1,1.2785000000000002,6.356,-0.1925,307.986,0.1,1.3405,6.3420000000000005,-0.184,307.967,0.1,1.3980000000000001,6.2905,-0.18,307.976,0.1,1.439,6.2425,-0.1845,307.985,0.1,1.4275,6.207,-0.189,307.999,0.1,1.3584999999999998,6.1745,-0.1865,308.033,0.1,1.275,6.1515,-0.1755,308.059,0.1,1.2255,6.1315,-0.165,308.061,0.1,1.2395,6.1080000000000005,-0.16,308.044,0.1,1.3175,6.0995,-0.161,308.001,0.1,1.4075000000000002,6.109,-0.1635,307.933,0.1,
0.7725,6.2515,-0.1355,308.217,0.1,0.8585,6.2415,-0.144,308.202,0.1,0.974,6.246,-0.1655,308.169,0.1,1.097,6.2715,-0.186,308.113,0.1,1.2035,6.316000000000001,-0.1945,308.039,0.1,1.2805,6.35,-0.19,307.979,0.1,1.3395000000000001,6.343500000000001,-0.1785,307.959,0.1,1.4035000000000002,6.3,-0.1735,307.97,0.1,1.4585,6.250500000000001,-0.178,307.983,0.1,1.4605000000000001,6.2075,-0.184,307.998,0.1,1.4025,6.1765,-0.184,308.026,0.1,1.319,6.163,-0.17149999999999999,308.039,0.1,1.2485,6.1425,-0.1565,308.038,0.1,1.229,6.106,-0.151,308.035,0.1,1.2775,6.0825,-0.1525,308.012,0.1,1.357,6.076499999999999,-0.1535,307.965,0.1,
0.81,6.264,-0.14100000000000001,308.197,0.1,0.8835,6.2595,-0.1365,308.187,0.1,0.979,6.258,-0.1495,308.166,0.1,1.081,6.27,-0.16999999999999998,308.122,0.1,1.1705,6.3004999999999995,-0.1825,308.058,0.1,1.2425,6.329,-0.183,308.002,0.1,1.313,6.334,-0.176,307.973,0.1,1.3944999999999999,6.3095,-0.16999999999999998,307.971,0.1,1.4649999999999999,6.265499999999999,-0.17049999999999998,307.982,0.1,1.4855,6.2155000000000005,-0.173,308.0,0.1,1.4465,6.1795,-0.172,308.019,0.1,1.3735,6.164,-0.162,308.018,0.1,1.3075,6.1434999999999995,-0.1505,308.005,0.1,1.2875,6.1125,-0.145,307.992,0.1,1.3215,6.091,-0.1425,307.975,0.1,1.3775,6.075,-0.1405,307.952,0.1,
0.833,6.2684999999999995,-0.156,308.192,0.1,0.9075,6.27,-0.1405,308.175,0.1,0.986,6.2675,-0.14100000000000001,308.158,0.1,1.0615,6.2684999999999995,-0.1545,308.128,0.1,1.1255,6.284,-0.168,308.082,0.1,1.1844999999999999,6.3045,-0.1755,308.037,0.1,1.258,6.318,-0.1765,308.005,0.1,1.351,6.3115,-0.173,307.992,0.1,1.4385,6.2775,-0.16999999999999998,307.996,0.1,1.4845000000000002,6.226,-0.16749999999999998,308.009,0.1,1.4715,6.181,-0.164,308.015,0.1,1.415,6.1525,-0.1595,308.001,0.1,1.3624999999999998,6.129,-0.154,307.975,0.1,1.3599999999999999,6.1114999999999995,-0.1445,307.951,0.1,1.4035,6.104,-0.133,307.928,0.1,1.4505,6.091,-0.1275,307.914,0.1,
0.8180000000000001,6.2605,-0.18,308.21,0.1,0.9059999999999999,6.264,-0.1615,308.179,0.1,0.9809999999999999,6.263,-0.153,308.158,0.1,1.041,6.261,-0.156,308.135,0.1,1.0845,6.2684999999999995,-0.165,308.103,0.1,1.123,6.284000000000001,-0.1755,308.072,0.1,1.182,6.3015,-0.181,308.049,0.1,1.27,6.3065,-0.18,308.035,0.1,1.366,6.2829999999999995,-0.175,308.033,0.1,1.434,6.234,-0.16999999999999998,308.033,0.1,1.4445000000000001,6.1785,-0.1675,308.025,0.1,1.4045,6.132,-0.16999999999999998,308.001,0.1,1.3675,6.102,-0.168,307.972,0.1,1.3895,6.0945,-0.1505,307.943,0.1,1.462,6.104,-0.1275,307.908,0.1,1.5225,6.1055,-0.11699999999999999,307.882,0.1,
0.7325,6.2395,-0.203,308.262,0.1,0.837,6.2405,-0.193,308.222,0.1,0.9235,6.24,-0.185,308.191,0.1,0.9874999999999999,6.242,-0.182,308.165,0.1,1.0265,6.2509999999999994,-0.1835,308.138,0.1,1.053,6.267,-0.189,308.116,0.1,1.0945,6.2865,-0.191,308.101,0.1,1.1665,6.295999999999999,-0.1875,308.09,0.1,1.2545,6.279999999999999,-0.1805,308.083,0.1,1.3239999999999998,6.234999999999999,-0.1745,308.076,0.1,1.3415,6.1715,-0.1765,308.062,0.1,1.311,6.1105,-0.185,308.038,0.1,1.2905,6.072,-0.183,308.013,0.1,1.3384999999999998,6.0665,-0.159,307.982,0.1,1.4425,6.087,-0.129,307.934,0.1,1.5325,6.105,-0.112,307.89,0.1,
0.5840000000000001,6.207,-0.2245,308.34,0.1,0.6950000000000001,6.205,-0.2275,308.301,0.1,0.7975,6.2035,-0.2275,308.266,0.1,0.8815,6.2115,-0.2245,308.23,0.1,0.9355,6.2275,-0.221,308.197,0.1,0.9655,6.2475000000000005,-0.218,308.172,0.1,0.9964999999999999,6.2669999999999995,-0.211,308.159,0.1,1.049,6.275499999999999,-0.198,308.152,0.1,1.117,6.2635000000000005,-0.1835,308.144,0.1,1.1705,6.2255,-0.1755,308.135,0.1,1.1800000000000002,6.1645,-0.181,308.12,0.1,1.1535,6.0985,-0.194,308.103,0.1,1.149,6.0515,-0.192,308.087,0.1,1.22,6.04,-0.168,308.054,0.1,1.3515000000000001,6.063000000000001,-0.138,307.995,0.1,1.4745,6.090999999999999,-0.11699999999999999,307.935,0.1,
0.403,6.151999999999999,-0.2435,308.428,0.1,0.506,6.151,-0.256,308.401,0.1,0.615,6.1515,-0.264,308.371,0.1,0.7210000000000001,6.1665,-0.265,308.327,0.1,0.8,6.189500000000001,-0.261,308.283,0.1,0.8465,6.212,-0.2525,308.247,0.1,0.878,6.226,-0.2365,308.229,0.1,0.9159999999999999,6.2295,-0.2145,308.223,0.1,0.9655,6.223000000000001,-0.1905,308.216,0.1,1.005,6.2005,-0.176,308.202,0.1,1.0070000000000001,6.156499999999999,-0.179,308.184,0.1,0.981,6.096500000000001,-0.1895,308.174,0.1,0.987,6.0425,-0.187,308.168,0.1,1.076,6.0215,-0.16999999999999998,308.135,0.1,1.2275,6.0395,-0.1485,308.068,0.1,1.3725,6.0705,-0.1275,307.994,0.1,
0.124,6.058,-0.2505,308.575,0.1,0.21550000000000002,6.0649999999999995,-0.2655,308.556,0.1,0.33,6.075,-0.278,308.529,0.1,0.457,6.0985,-0.2825,308.476,0.1,0.5625,6.1265,-0.2815,308.416,0.1,0.63,6.145,-0.2725,308.368,0.1,0.6725,6.147,-0.253,308.344,0.1,0.717,6.1455,-0.228,308.334,0.1,0.7725,6.151,-0.2005,308.317,0.1,0.815,6.153499999999999,-0.1795,308.287,0.1,0.815,6.1365,-0.1735,308.26,0.1,0.7865,6.091,-0.173,308.256,0.1,0.7949999999999999,6.036,-0.166,308.259,0.1,0.8935,6.0075,-0.1565,308.228,0.1,1.063,6.018,-0.147,308.156,0.1,1.232,6.047000000000001,-0.132,308.071,0.1,
-0.2745,5.954000000000001,-0.2455,308.797,0.1,-0.1805,5.975,-0.258,308.773,0.1,-0.0545,5.9965,-0.2685,308.735,0.1,0.0905,6.024,-0.273,308.67,0.1,0.21400000000000002,6.0489999999999995,-0.273,308.594,0.1,0.2955,6.056,-0.266,308.541,0.1,0.358,6.048,-0.2505,308.517,0.1,0.435,6.048,-0.2315,308.494,0.1,0.526,6.067,-0.2105,308.452,0.1,0.5925,6.093999999999999,-0.19,308.397,0.1,0.6,6.104,-0.1735,308.356,0.1,0.571,6.0794999999999995,-0.157,308.352,0.1,0.5795,6.0365,-0.14150000000000001,308.356,0.1,0.6815,6.0065,-0.134,308.33,0.1,0.8654999999999999,6.0085,-0.131,308.259,0.1,1.0635,6.03,-0.1225,308.163,0.1,
-0.5780000000000001,5.9,-0.226,308.967,0.1,-0.484,5.932,-0.236,308.936,0.1,-0.366,5.955500000000001,-0.242,308.893,0.1,-0.23249999999999998,5.9765,-0.2415,308.828,0.1,-0.1115,5.9864999999999995,-0.237,308.755,0.1,-0.013500000000000002,5.981,-0.23,308.702,0.1,0.0855,5.9735,-0.2235,308.666,0.1,0.20650000000000002,5.9795,-0.219,308.623,0.1,0.334,6.004,-0.213,308.561,0.1,0.4265,6.041,-0.2,308.488,0.1,0.4555,6.07,-0.18,308.432,0.1,0.444,6.0745000000000005,-0.153,308.41,0.1,0.4575,6.057,-0.1285,308.403,0.1,0.5495,6.032,-0.11499999999999999,308.382,0.1,0.719,6.023,-0.11,308.323,0.1,0.909,6.029,-0.10500000000000001,308.236,0.1,
-0.6685,5.9,-0.1765,309.021,0.1,-0.5915,5.932,-0.1905,308.99,0.1,-0.5085000000000001,5.9510000000000005,-0.1945,308.954,0.1,-0.4135,5.961,-0.1915,308.904,0.1,-0.3095,5.9559999999999995,-0.182,308.851,0.1,-0.1895,5.9455,-0.1725,308.795,0.1,-0.0485,5.942500000000001,-0.172,308.736,0.1,0.1025,5.948,-0.18,308.675,0.1,0.2425,5.964,-0.191,308.612,0.1,0.351,5.996,-0.1935,308.54,0.1,0.4145,6.036,-0.1815,308.469,0.1,0.442,6.0705,-0.1545,308.414,0.1,0.471,6.082000000000001,-0.1245,308.384,0.1,0.5449999999999999,6.067,-0.104,308.365,0.1,0.6695,6.0495,-0.094,308.326,0.1,0.8045,6.0375,-0.089,308.27,0.1,
-0.6745,5.912000000000001,-0.10400000000000001,309.034,0.1,-0.6065,5.938000000000001,-0.125,309.0,0.1,-0.5405,5.9565,-0.138,308.963,0.1,-0.46799999999999997,5.9625,-0.139,308.918,0.1,-0.379,5.9544999999999995,-0.13,308.874,0.1,-0.2605,5.9465,-0.118,308.82,0.1,-0.118,5.941000000000001,-0.115,308.76,0.1,0.0295,5.9350000000000005,-0.1255,308.705,0.1,0.16899999999999998,5.9345,-0.1465,308.65,0.1,0.2925,5.955500000000001,-0.1655,308.581,0.1,0.388,6.0005,-0.1695,308.497,0.1,0.45199999999999996,6.054,-0.1535,308.417,0.1,0.504,6.0855,-0.126,308.365,0.1,0.5740000000000001,6.0815,-0.1035,308.338,0.1,0.6679999999999999,6.0649999999999995,-0.0895,308.311,0.1,0.763,6.048,-0.083,308.276,0.1,
-0.657,5.916,-0.040499999999999994,309.035,0.1,-0.5765,5.939,-0.07200000000000001,308.991,0.1,-0.49950000000000006,5.959,-0.097,308.94,0.1,-0.42500000000000004,5.966,-0.1055,308.889,0.1,-0.347,5.96,-0.0995,308.84,0.1,-0.2565,5.954,-0.0865,308.795,0.1,-0.149,5.945,-0.078,308.756,0.1,-0.0255,5.931,-0.08249999999999999,308.722,0.1,0.1105,5.922,-0.1015,308.678,0.1,0.245,5.937,-0.127,308.61,0.1,0.35750000000000004,5.983,-0.145,308.519,0.1,0.4425,6.042,-0.1455,308.43,0.1,0.517,6.08,-0.1305,308.364,0.1,0.6025,6.081,-0.114,308.324,0.1,0.7030000000000001,6.068,-0.102,308.291,0.1,0.7989999999999999,6.054,-0.096,308.251,0.1,
-0.374,5.7085,-0.1395,308.849,0.1,-0.2445,5.7405,-0.1605,308.772,0.1,-0.1185,5.7955000000000005,-0.177,308.682,0.1,-0.02,5.840999999999999,-0.1875,308.621,0.1,0.072,5.8629999999999995,-0.192,308.59,0.1,0.183,5.864000000000001,-0.192,308.553,0.1,0.2955,5.855,-0.188,308.503,0.1,0.3705,5.8405000000000005,-0.1785,308.462,0.1,0.3835,5.8225,-0.1655,308.451,0.1,0.3355,5.797499999999999,-0.1545,308.473,0.1,0.2565,5.7620000000000005,-0.1515,308.521,0.1,0.20650000000000002,5.7375,-0.161,308.553,0.1,0.2465,5.749499999999999,-0.1725,308.527,0.1,0.374,5.7935,-0.1735,308.447,0.1,0.49650000000000005,5.839,-0.1645,308.353,0.1,0.5125,5.8415,-0.151,308.302,0.1,
-0.348,5.6975,-0.138,308.835,0.1,-0.2075,5.718500000000001,-0.1615,308.767,0.1,-0.0645,5.769500000000001,-0.182,308.676,0.1,0.0435,5.823,-0.1945,308.603,0.1,0.1315,5.862500000000001,-0.199,308.555,0.1,0.2265,5.875,-0.198,308.512,0.1,0.3195,5.8535,-0.193,308.476,0.1,0.38749999999999996,5.8134999999999994,-0.188,308.459,0.1,0.4145,5.785,-0.183,308.457,0.1,0.388,5.77,-0.177,308.471,0.1,0.3155,5.7515,-0.17099999999999999,308.504,0.1,0.2465,5.739,-0.169,308.529,0.1,0.2435,5.7415,-0.17099999999999999,308.516,0.1,0.323,5.7545,-0.17099999999999999,308.467,0.1,0.4365,5.7715,-0.1685,308.398,0.1,0.496,5.777,-0.1635,308.332,0.1,
-0.3085,5.705,-0.138,308.807,0.1,-0.1785,5.7155000000000005,-0.1585,308.756,0.1,-0.038,5.753500000000001,-0.1835,308.682,0.1,0.0765,5.806,-0.1985,308.604,0.1,0.16599999999999998,5.86,-0.2025,308.534,0.1,0.2445,5.8835,-0.1985,308.482,0.1,0.3175,5.8565000000000005,-0.1905,308.461,0.1,0.38749999999999996,5.801,-0.1865,308.465,0.1,0.4365,5.764,-0.1885,308.466,0.1,0.42800000000000005,5.750500000000001,-0.19,308.473,0.1,0.35950000000000004,5.7435,-0.1845,308.497,0.1,0.27649999999999997,5.746,-0.1735,308.51,0.1,0.23149999999999998,5.7435,-0.165,308.504,0.1,0.2555,5.728,-0.1625,308.488,0.1,0.3395,5.7175,-0.1635,308.448,0.1,0.41600000000000004,5.7145,-0.1635,308.387,0.1,
-0.272,5.7204999999999995,-0.1385,308.78,0.1,-0.1615,5.7255,-0.1505,308.747,0.1,-0.034,5.7490000000000006,-0.174,308.693,0.1,0.079,5.793,-0.1945,308.618,0.1,0.1645,5.8485,-0.2005,308.534,0.1,0.229,5.8774999999999995,-0.195,308.476,0.1,0.29400000000000004,5.855499999999999,-0.1855,308.461,0.1,0.375,5.8035,-0.1815,308.471,0.1,0.4455,5.7625,-0.1845,308.477,0.1,0.45299999999999996,5.741,-0.1875,308.483,0.1,0.392,5.7364999999999995,-0.183,308.498,0.1,0.3065,5.749499999999999,-0.1675,308.497,0.1,0.241,5.746,-0.1535,308.488,0.1,0.23249999999999998,5.718500000000001,-0.152,308.482,0.1,0.28900000000000003,5.6935,-0.156,308.459,0.1,0.358,5.676,-0.156,308.42,0.1,
-0.2465,5.736000000000001,-0.145,308.764,0.1,-0.151,5.741,-0.14200000000000002,308.741,0.1,-0.0395,5.755,-0.1565,308.699,0.1,0.0565,5.785500000000001,-0.177,308.633,0.1,0.123,5.8294999999999995,-0.188,308.556,0.1,0.1755,5.8580000000000005,-0.188,308.502,0.1,0.246,5.849,-0.1825,308.48,0.1,0.34550000000000003,5.8134999999999994,-0.179,308.483,0.1,0.4365,5.7725,-0.1795,308.49,0.1,0.4655,5.7405,-0.1785,308.498,0.1,0.42300000000000004,5.7295,-0.172,308.502,0.1,0.34650000000000003,5.7415,-0.1565,308.487,0.1,0.28500000000000003,5.74,-0.1445,308.461,0.1,0.27649999999999997,5.718500000000001,-0.144,308.441,0.1,0.31999999999999995,5.695,-0.1465,308.421,0.1,0.37,5.6675,-0.1455,308.409,0.1,
-0.2325,5.7445,-0.1625,308.76,0.1,-0.14150000000000001,5.7524999999999995,-0.146,308.735,0.1,-0.047,5.7620000000000005,-0.1475,308.7,0.1,0.027,5.7805,-0.1605,308.646,0.1,0.07050000000000001,5.810499999999999,-0.173,308.585,0.1,0.10700000000000001,5.836,-0.18,308.54,0.1,0.1755,5.840999999999999,-0.1825,308.517,0.1,0.283,5.8225,-0.182,308.513,0.1,0.39049999999999996,5.7844999999999995,-0.18,308.518,0.1,0.4475,5.744,-0.175,308.521,0.1,0.434,5.721,-0.166,308.511,0.1,0.375,5.721,-0.154,308.479,0.1,0.326,5.721,-0.147,308.436,0.1,0.33299999999999996,5.713,-0.143,308.402,0.1,0.38649999999999995,5.702,-0.1385,308.377,0.1,0.434,5.679,-0.1355,308.374,0.1,
-0.2505,5.7385,-0.188,308.778,0.1,-0.1525,5.748,-0.16849999999999998,308.742,0.1,-0.064,5.7575,-0.1595,308.706,0.1,-0.0025000000000000005,5.771,-0.162,308.661,0.1,0.0245,5.7935,-0.16999999999999998,308.613,0.1,0.041499999999999995,5.8185,-0.1795,308.579,0.1,0.091,5.834,-0.187,308.564,0.1,0.187,5.8275,-0.188,308.561,0.1,0.2985,5.7935,-0.185,308.564,0.1,0.3785,5.747,-0.179,308.558,0.1,0.3945,5.7085,-0.17099999999999999,308.535,0.1,0.355,5.691000000000001,-0.166,308.489,0.1,0.3195,5.689,-0.162,308.438,0.1,0.348,5.693,-0.1505,308.397,0.1,0.4315,5.699,-0.134,308.363,0.1,0.501,5.692,-0.126,308.349,0.1,
-0.337,5.7155000000000005,-0.211,308.83,0.1,-0.2265,5.7225,-0.201,308.786,0.1,-0.1305,5.734,-0.1925,308.742,0.1,-0.065,5.750500000000001,-0.189,308.697,0.1,-0.038500000000000006,5.7745,-0.1885,308.655,0.1,-0.0305,5.8035,-0.1925,308.627,0.1,0.0,5.827,-0.1955,308.618,0.1,0.073,5.827,-0.194,308.618,0.1,0.16999999999999998,5.795999999999999,-0.189,308.62,0.1,0.25,5.7455,-0.183,308.611,0.1,0.2765,5.693,-0.1805,308.583,0.1,0.251,5.6594999999999995,-0.183,308.535,0.1,0.23199999999999998,5.651,-0.18,308.486,0.1,0.2845,5.661,-0.162,308.443,0.1,0.40149999999999997,5.6815,-0.1375,308.397,0.1,0.5095000000000001,5.693,-0.121,308.366,0.1,
-0.48850000000000005,5.679,-0.231,308.909,0.1,-0.3725,5.6825,-0.2355,308.866,0.1,-0.2635,5.6935,-0.236,308.819,0.1,-0.1785,5.7175,-0.23249999999999998,308.768,0.1,-0.134,5.7495,-0.227,308.721,0.1,-0.1195,5.785,-0.2215,308.689,0.1,-0.1005,5.812,-0.2145,308.678,0.1,-0.052500000000000005,5.8134999999999994,-0.203,308.68,0.1,0.018000000000000002,5.785,-0.19,308.684,0.1,0.0795,5.7355,-0.182,308.677,0.1,0.0985,5.68,-0.1845,308.651,0.1,0.0785,5.638,-0.1935,308.611,0.1,0.0785,5.619999999999999,-0.192,308.572,0.1,0.157,5.628,-0.174,308.527,0.1,0.304,5.656,-0.148,308.468,0.1,0.451,5.6825,-0.126,308.417,0.1,
-0.675,5.622,-0.248,308.999,0.1,-0.5685,5.6235,-0.2635,308.969,0.1,-0.4545,5.636,-0.273,308.929,0.1,-0.348,5.6685,-0.2745,308.872,0.1,-0.27649999999999997,5.709,-0.2685,308.814,0.1,-0.2425,5.748,-0.257,308.77,0.1,-0.223,5.7705,-0.24,308.75,0.1,-0.192,5.7695,-0.2185,308.753,0.1,-0.14350000000000002,5.7485,-0.195,308.757,0.1,-0.1,5.713,-0.1805,308.748,0.1,-0.092,5.6705000000000005,-0.1815,308.723,0.1,-0.112,5.628,-0.19,308.695,0.1,-0.0975,5.6,-0.1895,308.668,0.1,0.004500000000000004,5.6005,-0.1785,308.62,0.1,0.17600000000000002,5.63,-0.16,308.549,0.1,0.348,5.6635,-0.1375,308.482,0.1,
-0.9630000000000001,5.53,-0.2535,309.148,0.1,-0.8685,5.536,-0.272,309.129,0.1,-0.7505,5.557,-0.287,309.092,0.1,-0.623,5.598000000000001,-0.2925,309.026,0.1,-0.5235000000000001,5.6434999999999995,-0.2895,308.952,0.1,-0.4665,5.677,-0.278,308.895,0.1,-0.4345,5.687,-0.257,308.87,0.1,-0.39749999999999996,5.684,-0.2325,308.866,0.1,-0.345,5.6805,-0.20500000000000002,308.859,0.1,-0.3025,5.673500000000001,-0.183,308.835,0.1,-0.303,5.6545000000000005,-0.1745,308.806,0.1,-0.3285,5.6175,-0.173,308.79,0.1,-0.3055,5.5835,-0.16999999999999998,308.775,0.1,-0.185,5.577999999999999,-0.16649999999999998,308.727,0.1,0.009000000000000001,5.605,-0.16,308.646,0.1,0.205,5.6395,-0.14300000000000002,308.564,0.1,
-1.3625,5.4325,-0.247,309.363,0.1,-1.2665000000000002,5.4495000000000005,-0.263,309.341,0.1,-1.138,5.48,-0.2765,309.295,0.1,-0.994,5.523,-0.28200000000000003,309.218,0.1,-0.8765000000000001,5.564,-0.28,309.13,0.1,-0.8045,5.583,-0.271,309.07,0.1,-0.7505,5.5825,-0.2545,309.046,0.1,-0.6785,5.5845,-0.2365,309.028,0.1,-0.591,5.603,-0.2155,308.992,0.1,-0.531,5.625500000000001,-0.1925,308.944,0.1,-0.532,5.6295,-0.1725,308.906,0.1,-0.56,5.6055,-0.1555,308.897,0.1,-0.5329999999999999,5.5785,-0.1445,308.885,0.1,-0.40349999999999997,5.5725,-0.14300000000000002,308.838,0.1,-0.1915,5.592499999999999,-0.14350000000000002,308.756,0.1,0.03350000000000001,5.621499999999999,-0.1345,308.662,0.1,
-1.6585,5.3870000000000005,-0.2275,309.524,0.1,-1.5645,5.412,-0.24,309.496,0.1,-1.446,5.442500000000001,-0.2475,309.445,0.1,-1.3145,5.476,-0.248,309.37,0.1,-1.2000000000000002,5.499499999999999,-0.242,309.288,0.1,-1.1105,5.5045,-0.23399999999999999,309.23,0.1,-1.0165,5.5055,-0.228,309.195,0.1,-0.897,5.518000000000001,-0.225,309.155,0.1,-0.7745,5.548500000000001,-0.219,309.097,0.1,-0.696,5.585,-0.203,309.031,0.1,-0.6839999999999999,5.605,-0.179,308.983,0.1,-0.6995,5.605,-0.151,308.961,0.1,-0.6675,5.6005,-0.13,308.94,0.1,-0.5435,5.598,-0.122,308.898,0.1,-0.3425,5.6065000000000005,-0.1205,308.828,0.1,-0.1255,5.619999999999999,-0.11549999999999999,308.741,0.1,
-1.7454999999999998,5.3965,-0.1795,309.572,0.1,-1.6705,5.4195,-0.195,309.545,0.1,-1.5875,5.443,-0.1995,309.503,0.1,-1.4935,5.463,-0.1965,309.442,0.1,-1.3935,5.47,-0.186,309.379,0.1,-1.2785000000000002,5.471,-0.176,309.321,0.1,-1.1395,5.478,-0.1765,309.264,0.1,-0.9885,5.493,-0.1875,309.207,0.1,-0.8545,5.518000000000001,-0.1995,309.146,0.1,-0.7645,5.551,-0.199,309.08,0.1,-0.7255,5.5825,-0.1825,309.017,0.1,-0.7104999999999999,5.612,-0.1535,308.966,0.1,-0.6679999999999999,5.634,-0.126,308.926,0.1,-0.5615,5.637499999999999,-0.1095,308.89,0.1,-0.40049999999999997,5.636,-0.10200000000000001,308.839,0.1,-0.23399999999999999,5.6315,-0.0975,308.782,0.1,
-1.7465,5.42,-0.1105,309.579,0.1,-1.6835,5.436,-0.1315,309.551,0.1,-1.6175000000000002,5.4565,-0.14300000000000002,309.509,0.1,-1.544,5.471,-0.1435,309.453,0.1,-1.4569999999999999,5.476,-0.1335,309.4,0.1,-1.3415,5.480499999999999,-0.1215,309.344,0.1,-1.1985000000000001,5.486000000000001,-0.1205,309.288,0.1,-1.0485,5.4895,-0.1345,309.236,0.1,-0.913,5.4985,-0.157,309.183,0.1,-0.8085,5.5215,-0.1735,309.116,0.1,-0.7424999999999999,5.5615,-0.173,309.038,0.1,-0.7005,5.612500000000001,-0.1545,308.964,0.1,-0.6455,5.652,-0.128,308.908,0.1,-0.546,5.6615,-0.1075,308.87,0.1,-0.4095,5.659,-0.095,308.833,0.1,-0.275,5.6505,-0.0885,308.793,0.1,
-1.7189999999999999,5.43,-0.0495,309.573,0.1,-1.645,5.443,-0.079,309.536,0.1,-1.569,5.464,-0.10200000000000001,309.482,0.1,-1.495,5.479,-0.1095,309.422,0.1,-1.4195,5.487,-0.10350000000000001,309.365,0.1,-1.331,5.494,-0.091,309.318,0.1,-1.2215,5.496,-0.08399999999999999,309.284,0.1,-1.0915,5.491,-0.0915,309.253,0.1,-0.9545,5.491,-0.11249999999999999,309.208,0.1,-0.8360000000000001,5.509,-0.1365,309.137,0.1,-0.7555000000000001,5.552,-0.1505,309.049,0.1,-0.702,5.61,-0.148,308.967,0.1,-0.6355,5.655,-0.1335,308.905,0.1,-0.525,5.667,-0.1175,308.862,0.1,-0.378,5.667,-0.1055,308.82,0.1,-0.235,5.662,-0.0985,308.771,0.1,
-1.217,5.319000000000001,-0.1425,309.286,0.1,-1.0915,5.356999999999999,-0.166,309.21,0.1,-0.9750000000000001,5.4135,-0.1835,309.121,0.1,-0.8855,5.4565,-0.194,309.061,0.1,-0.7995,5.471,-0.1985,309.027,0.1,-0.6945,5.4695,-0.198,308.988,0.1,-0.5885,5.4635,-0.1915,308.938,0.1,-0.517,5.4575,-0.179,308.9,0.1,-0.5,5.4515,-0.163,308.889,0.1,-0.536,5.436999999999999,-0.1515,308.906,0.1,-0.6005,5.4075,-0.1505,308.945,0.1,-0.6425000000000001,5.3805,-0.163,308.97,0.1,-0.609,5.382,-0.176,308.945,0.1,-0.49949999999999994,5.4155,-0.1765,308.874,0.1,-0.392,5.458,-0.164,308.791,0.1,-0.3755,5.468,-0.1465,308.746,0.1,
-1.1945,5.3055,-0.14200000000000002,309.276,0.1,-1.0579999999999998,5.332,-0.168,309.205,0.1,-0.927,5.3835,-0.1895,309.115,0.1,-0.8320000000000001,5.432,-0.201,309.043,0.1,-0.753,5.461,-0.20450000000000002,308.997,0.1,-0.663,5.467,-0.20350000000000001,308.956,0.1,-0.5720000000000001,5.449,-0.1985,308.922,0.1,-0.502,5.4225,-0.1915,308.903,0.1,-0.469,5.412,-0.183,308.897,0.1,-0.48750000000000004,5.41,-0.175,308.903,0.1,-0.5495,5.3955,-0.169,308.927,0.1,-0.6114999999999999,5.375500000000001,-0.1685,308.946,0.1,-0.619,5.3645,-0.173,308.936,0.1,-0.5535,5.3675,-0.1745,308.898,0.1,-0.4525,5.385,-0.169,308.84,0.1,-0.394,5.4015,-0.1605,308.782,0.1,
-1.1635,5.3085,-0.14200000000000002,309.253,0.1,-1.0365,5.323,-0.166,309.197,0.1,-0.9105,5.3605,-0.192,309.121,0.1,-0.8135,5.4075,-0.20500000000000002,309.046,0.1,-0.736,5.4495000000000005,-0.207,308.983,0.1,-0.661,5.465,-0.20350000000000001,308.938,0.1,-0.5840000000000001,5.4415,-0.197,308.92,0.1,-0.507,5.4035,-0.1935,308.918,0.1,-0.4525,5.3885,-0.192,308.91,0.1,-0.4565,5.39,-0.19,308.907,0.1,-0.519,5.384499999999999,-0.1815,308.92,0.1,-0.5975,5.375,-0.17049999999999998,308.93,0.1,-0.643,5.3575,-0.165,308.932,0.1,-0.624,5.335,-0.166,308.927,0.1,-0.5449999999999999,5.3309999999999995,-0.166,308.895,0.1,-0.4675,5.3420000000000005,-0.162,308.84,0.1,
-1.1405,5.3195,-0.14200000000000002,309.231,0.1,-1.0345,5.3255,-0.1575,309.193,0.1,-0.9215,5.3485,-0.182,309.136,0.1,-0.827,5.3885000000000005,-0.2005,309.065,0.1,-0.7545,5.4345,-0.20450000000000002,308.992,0.1,-0.692,5.4559999999999995,-0.199,308.945,0.1,-0.619,5.4375,-0.193,308.932,0.1,-0.5275,5.4025,-0.1905,308.934,0.1,-0.45199999999999996,5.3835,-0.1915,308.926,0.1,-0.4435,5.3774999999999995,-0.19,308.918,0.1,-0.503,5.3735,-0.1805,308.923,0.1,-0.5860000000000001,5.372,-0.162,308.924,0.1,-0.6475,5.3545,-0.151,308.926,0.1,-0.6515,5.3245000000000005,-0.1545,308.931,0.1,-0.5925,5.3115000000000006,-0.16,308.912,0.1,-0.5185,5.3095,-0.1575,308.873,0.1,
-1.1315,5.3309999999999995,-0.1495,309.22,0.1,-1.0415,5.335,-0.148,309.194,0.1,-0.944,5.3495,-0.164,309.151,0.1,-0.864,5.379,-0.183,309.088,0.1,-0.8075,5.4185,-0.1915,309.022,0.1,-0.754,5.441,-0.1915,308.978,0.1,-0.6739999999999999,5.4345,-0.19,308.959,0.1,-0.565,5.4115,-0.1895,308.952,0.1,-0.471,5.3885000000000005,-0.1885,308.944,0.1,-0.4445,5.37,-0.1835,308.934,0.1,-0.48950000000000005,5.3605,-0.17,308.929,0.1,-0.5635,5.3595,-0.1495,308.921,0.1,-0.616,5.3475,-0.1395,308.911,0.1,-0.613,5.3285,-0.145,308.899,0.1,-0.562,5.3185,-0.152,308.879,0.1,-0.505,5.307499999999999,-0.151,308.862,0.1,
-1.1320000000000001,5.3365,-0.16899999999999998,309.222,0.1,-1.0485,5.344,-0.152,309.196,0.1,-0.9650000000000001,5.355499999999999,-0.154,309.16,0.1,-0.9025000000000001,5.3759999999999994,-0.166,309.109,0.1,-0.865,5.404999999999999,-0.1765,309.056,0.1,-0.8245,5.427,-0.1835,309.02,0.1,-0.7464999999999999,5.432,-0.19,308.998,0.1,-0.6325,5.4205000000000005,-0.1925,308.985,0.1,-0.526,5.394,-0.19,308.973,0.1,-0.4755,5.3635,-0.1815,308.958,0.1,-0.4935,5.342499999999999,-0.1655,308.943,0.1,-0.5475,5.3355,-0.1475,308.921,0.1,-0.5814999999999999,5.3309999999999995,-0.14100000000000001,308.894,0.1,-0.5595,5.329,-0.1435,308.865,0.1,-0.49850000000000005,5.3305,-0.1455,308.838,0.1,-0.4455,5.322,-0.14450000000000002,308.828,0.1,
-1.1585,5.327999999999999,-0.1955,309.242,0.1,-1.068,5.339,-0.1755,309.209,0.1,-0.9895,5.352,-0.166,309.172,0.1,-0.9365,5.369,-0.1675,309.129,0.1,-0.911,5.3925,-0.1735,309.086,0.1,-0.8875,5.416,-0.1825,309.057,0.1,-0.8300000000000001,5.43,-0.193,309.041,0.1,-0.7325,5.425000000000001,-0.197,309.03,0.1,-0.6275,5.396,-0.195,309.018,0.1,-0.5575,5.3555,-0.1865,308.999,0.1,-0.545,5.3205,-0.1725,308.973,0.1,-0.5735,5.3035,-0.1615,308.938,0.1,-0.589,5.3035,-0.157,308.899,0.1,-0.5445,5.3145,-0.152,308.862,0.1,-0.4555,5.3305,-0.14300000000000002,308.824,0.1,-0.38449999999999995,5.334,-0.1365,308.803,0.1,
-1.245,5.302,-0.219,309.295,0.1,-1.1425,5.313000000000001,-0.2085,309.253,0.1,-1.056,5.3285,-0.1995,309.21,0.1,-0.997,5.349500000000001,-0.1945,309.167,0.1,-0.97,5.3759999999999994,-0.193,309.127,0.1,-0.9555,5.404999999999999,-0.1955,309.101,0.1,-0.9205,5.4254999999999995,-0.2,309.089,0.1,-0.8515,5.423500000000001,-0.2005,309.082,0.1,-0.7665,5.3925,-0.197,309.073,0.1,-0.6975,5.3445,-0.1905,309.058,0.1,-0.6695,5.298,-0.1835,309.03,0.1,-0.6765000000000001,5.271,-0.181,308.99,0.1,-0.67,5.269,-0.178,308.948,0.1,-0.6020000000000001,5.286,-0.166,308.906,0.1,-0.484,5.3125,-0.147,308.857,0.1,-0.3805,5.3305,-0.1315,308.82,0.1,
-1.389,5.2625,-0.2375,309.371,0.1,-1.2810000000000001,5.2705,-0.2425,309.33,0.1,-1.1825,5.2865,-0.2435,309.284,0.1,-1.1044999999999998,5.3149999999999995,-0.2395,309.235,0.1,-1.0594999999999999,5.3505,-0.23249999999999998,309.189,0.1,-1.04,5.3865,-0.2245,309.157,0.1,-1.021,5.4105,-0.217,309.143,0.1,-0.983,5.4079999999999995,-0.207,309.14,0.1,-0.9279999999999999,5.377000000000001,-0.1955,309.138,0.1,-0.8755,5.3294999999999995,-0.188,309.13,0.1,-0.846,5.281000000000001,-0.188,309.106,0.1,-0.8374999999999999,5.248,-0.1935,309.069,0.1,-0.8089999999999999,5.2385,-0.193,309.03,0.1,-0.7185,5.252000000000001,-0.1805,308.984,0.1,-0.5775,5.2835,-0.159,308.924,0.1,-0.442,5.3125,-0.1365,308.87,0.1,
-1.565,5.203,-0.252,309.456,0.1,-1.4649999999999999,5.208500000000001,-0.27,309.426,0.1,-1.361,5.226,-0.281,309.386,0.1,-1.2625,5.262499999999999,-0.28300000000000003,309.33,0.1,-1.193,5.307,-0.275,309.273,0.1,-1.1589999999999998,5.346,-0.26,309.229,0.1,-1.1455,5.3665,-0.2415,309.209,0.1,-1.129,5.3614999999999995,-0.221,309.209,0.1,-1.0955,5.3385,-0.199,309.213,0.1,-1.0545,5.3065,-0.185,309.205,0.1,-1.028,5.27,-0.1845,309.181,0.1,-1.0135,5.236000000000001,-0.1905,309.151,0.1,-0.9695,5.215,-0.193,309.121,0.1,-0.8600000000000001,5.219,-0.1875,309.072,0.1,-0.7005,5.2505,-0.1725,309.001,0.1,-0.546,5.2844999999999995,-0.1485,308.934,0.1,
-1.8325,5.111000000000001,-0.256,309.591,0.1,-1.7435,5.12,-0.278,309.571,0.1,-1.635,5.144,-0.295,309.533,0.1,-1.5175,5.1875,-0.3015,309.469,0.1,-1.4245,5.2355,-0.2965,309.398,0.1,-1.373,5.269,-0.281,309.345,0.1,-1.351,5.278499999999999,-0.259,309.321,0.1,-1.3290000000000002,5.2745,-0.235,309.317,0.1,-1.2885,5.272,-0.209,309.311,0.1,-1.2435,5.269,-0.187,309.29,0.1,-1.221,5.2545,-0.1755,309.262,0.1,-1.2115,5.2235,-0.173,309.242,0.1,-1.163,5.193,-0.174,309.222,0.1,-1.0405,5.1885,-0.1775,309.172,0.1,-0.864,5.2155000000000005,-0.174,309.093,0.1,-0.6895,5.2505,-0.1555,309.015,0.1,
-2.1929999999999996,5.015499999999999,-0.249,309.778,0.1,-2.1045,5.0335,-0.2675,309.755,0.1,-1.988,5.064,-0.2835,309.71,0.1,-1.858,5.1080000000000005,-0.2895,309.638,0.1,-1.752,5.149,-0.286,309.559,0.1,-1.6885,5.1685,-0.2745,309.504,0.1,-1.6440000000000001,5.17,-0.2575,309.482,0.1,-1.585,5.1754999999999995,-0.241,309.464,0.1,-1.5085,5.198,-0.2205,309.432,0.1,-1.4455,5.225,-0.196,309.388,0.1,-1.425,5.231999999999999,-0.172,309.353,0.1,-1.423,5.21,-0.1545,309.34,0.1,-1.3765,5.182,-0.148,309.325,0.1,-1.25,5.174,-0.1535,309.277,0.1,-1.059,5.1935,-0.157,309.198,0.1,-0.8574999999999999,5.225,-0.148,309.109,0.1,
-2.4555,4.97,-0.229,309.912,0.1,-2.372,4.9935,-0.244,309.885,0.1,-2.268,5.022,-0.253,309.839,0.1,-2.1515,5.056,-0.2535,309.771,0.1,-2.049,5.0794999999999995,-0.2465,309.698,0.1,-1.9674999999999998,5.087,-0.2375,309.646,0.1,-1.8815,5.0920000000000005,-0.232,309.614,0.1,-1.774,5.111,-0.231,309.577,0.1,-1.662,5.148,-0.226,309.524,0.1,-1.583,5.1899999999999995,-0.207,309.464,0.1,-1.5565,5.212,-0.1785,309.419,0.1,-1.5510000000000002,5.2095,-0.149,309.397,0.1,-1.5070000000000001,5.199,-0.1325,309.376,0.1,-1.3895,5.192500000000001,-0.131,309.334,0.1,-1.2085,5.202500000000001,-0.1335,309.267,0.1,-1.012,5.2204999999999995,-0.129,309.186,0.1,
-2.5335,4.9775,-0.183,309.949,0.1,-2.469,4.997,-0.1995,309.925,0.1,-2.3975,5.0184999999999995,-0.20500000000000002,309.887,0.1,-2.315,5.0395,-0.2015,309.833,0.1,-2.224,5.0495,-0.1905,309.777,0.1,-2.116,5.055,-0.1805,309.724,0.1,-1.9845000000000002,5.067,-0.1825,309.673,0.1,-1.843,5.089499999999999,-0.1965,309.62,0.1,-1.7174999999999998,5.1235,-0.209,309.563,0.1,-1.6295,5.1635,-0.20550000000000002,309.501,0.1,-1.5855000000000001,5.1965,-0.183,309.445,0.1,-1.5630000000000002,5.219,-0.1525,309.4,0.1,-1.5175,5.2315000000000005,-0.128,309.364,0.1,-1.417,5.23,-0.11699999999999999,309.329,0.1,-1.27,5.2315000000000005,-0.11299999999999999,309.281,0.1,-1.117,5.2330000000000005,-0.11,309.227,0.1,
-2.5355,5.0015,-0.1175,309.952,0.1,-2.4815,5.013999999999999,-0.1385,309.928,0.1,-2.4234999999999998,5.0329999999999995,-0.1495,309.891,0.1,-2.357,5.0504999999999995,-0.149,309.841,0.1,-2.2755,5.0605,-0.139,309.792,0.1,-2.165,5.07,-0.1275,309.741,0.1,-2.0275,5.0809999999999995,-0.1285,309.69,0.1,-1.8824999999999998,5.093,-0.14550000000000002,309.642,0.1,-1.7515,5.1129999999999995,-0.16949999999999998,309.59,0.1,-1.6520000000000001,5.1445,-0.183,309.527,0.1,-1.5910000000000002,5.1845,-0.1765,309.458,0.1,-1.5535,5.2255,-0.155,309.395,0.1,-1.5034999999999998,5.252,-0.1305,309.348,0.1,-1.411,5.257,-0.11399999999999999,309.314,0.1,-1.283,5.258,-0.10450000000000001,309.277,0.1,-1.154,5.2565,-0.099,309.238,0.1,
-2.5055,5.013,-0.059,309.943,0.1,-2.4395,5.023,-0.087,309.912,0.1,-2.3705,5.043,-0.1085,309.865,0.1,-2.303,5.062,-0.11499999999999999,309.811,0.1,-2.2325,5.075,-0.1095,309.758,0.1,-2.1464999999999996,5.087,-0.0975,309.715,0.1,-2.0365,5.095,-0.093,309.684,0.1,-1.9055,5.099,-0.10350000000000001,309.652,0.1,-1.771,5.111,-0.126,309.606,0.1,-1.6604999999999999,5.138,-0.1475,309.539,0.1,-1.5925,5.18,-0.1555,309.461,0.1,-1.552,5.227,-0.1495,309.394,0.1,-1.4965000000000002,5.257,-0.136,309.344,0.1,-1.3945,5.265,-0.1235,309.307,0.1,-1.2530000000000001,5.269,-0.11349999999999999,309.265,0.1,-1.1115,5.271,-0.1065,309.215,0.1,
-1.9914999999999998,4.976,-0.1455,309.685,0.1,-1.8725,5.013,-0.17149999999999999,309.616,0.1,-1.7665000000000002,5.064500000000001,-0.19,309.534,0.1,-1.687,5.099500000000001,-0.2,309.475,0.1,-1.6125,5.1065000000000005,-0.20500000000000002,309.438,0.1,-1.5235,5.1025,-0.20400000000000001,309.398,0.1,-1.433,5.1015,-0.195,309.355,0.1,-1.367,5.105,-0.179,309.325,0.1,-1.3415,5.1105,-0.1605,309.316,0.1,-1.3595000000000002,5.105,-0.1485,309.33,0.1,-1.404,5.075,-0.1495,309.357,0.1,-1.4355,5.0365,-0.1645,309.374,0.1,-1.414,5.018,-0.18,309.354,0.1,-1.3355,5.035,-0.1795,309.296,0.1,-1.251,5.073499999999999,-0.1635,309.226,0.1,-1.2265000000000001,5.0965,-0.14150000000000001,309.186,0.1,
-1.971,4.9645,-0.146,309.676,0.1,-1.845,4.9895,-0.1745,309.609,0.1,-1.7315,5.0335,-0.1965,309.525,0.1,-1.6505,5.069,-0.207,309.458,0.1,-1.5825,5.084,-0.2095,309.415,0.1,-1.504,5.0835,-0.209,309.379,0.1,-1.4205,5.073,-0.20400000000000001,309.351,0.1,-1.35,5.066000000000001,-0.195,309.334,0.1,-1.31,5.0745000000000005,-0.1835,309.324,0.1,-1.3165,5.083,-0.173,309.323,0.1,-1.365,5.064,-0.167,309.337,0.1,-1.4195,5.0245,-0.168,309.351,0.1,-1.436,4.9885,-0.175,309.35,0.1,-1.3940000000000001,4.9755,-0.1775,309.325,0.1,-1.3115,4.994999999999999,-0.1695,309.281,0.1,-1.2469999999999999,5.0295000000000005,-0.157,309.23,0.1,
-1.948,4.9655000000000005,-0.146,309.656,0.1,-1.835,4.9765,-0.1735,309.6,0.1,-1.7315,5.005,-0.2,309.531,0.1,-1.6524999999999999,5.0365,-0.211,309.464,0.1,-1.5859999999999999,5.0615000000000006,-0.211,309.412,0.1,-1.5165,5.068,-0.208,309.378,0.1,-1.4385,5.055,-0.20350000000000001,309.364,0.1,-1.3565,5.043,-0.2,309.356,0.1,-1.2970000000000002,5.053,-0.196,309.339,0.1,-1.2955,5.0665,-0.19,309.324,0.1,-1.351,5.053,-0.1785,309.328,0.1,-1.424,5.0169999999999995,-0.1675,309.339,0.1,-1.473,4.971500000000001,-0.1655,309.354,0.1,-1.4660000000000002,4.9375,-0.1695,309.363,0.1,-1.396,4.943,-0.1685,309.342,0.1,-1.31,4.976000000000001,-0.16,309.292,0.1,
-1.9395,4.9704999999999995,-0.146,309.638,0.1,-1.849,4.971,-0.1645,309.6,0.1,-1.762,4.986000000000001,-0.19,309.549,0.1,-1.6885,5.013,-0.20600000000000002,309.489,0.1,-1.625,5.043,-0.2075,309.434,0.1,-1.56,5.0545,-0.203,309.402,0.1,-1.478,5.0475,-0.2005,309.39,0.1,-1.38,5.0395,-0.2,309.381,0.1,-1.3035,5.047499999999999,-0.1985,309.357,0.1,-1.2955,5.0545,-0.192,309.333,0.1,-1.353,5.04,-0.1775,309.329,0.1,-1.432,5.0085,-0.1565,309.338,0.1,-1.4905,4.964,-0.1485,309.361,0.1,-1.494,4.9295,-0.157,309.38,0.1,-1.434,4.932,-0.1645,309.367,0.1,-1.3485,4.955500000000001,-0.159,309.326,0.1,
-1.948,4.9745,-0.1545,309.633,0.1,-1.875,4.9735,-0.154,309.608,0.1,-1.803,4.9825,-0.17149999999999999,309.57,0.1,-1.7429999999999999,5.0045,-0.189,309.521,0.1,-1.6915,5.031000000000001,-0.1945,309.475,0.1,-1.6284999999999998,5.045,-0.195,309.446,0.1,-1.5350000000000001,5.047000000000001,-0.198,309.427,0.1,-1.42,5.0465,-0.2005,309.406,0.1,-1.33,5.048,-0.198,309.375,0.1,-1.3105,5.042,-0.188,309.345,0.1,-1.358,5.0225,-0.1675,309.334,0.1,-1.4275,4.993,-0.14250000000000002,309.342,0.1,-1.4695,4.959,-0.134,309.358,0.1,-1.4565000000000001,4.941,-0.1465,309.361,0.1,-1.3985,4.9505,-0.158,309.342,0.1,-1.3285,4.9655000000000005,-0.157,309.314,0.1,
-1.966,4.974,-0.175,309.64,0.1,-1.8984999999999999,4.979,-0.158,309.618,0.1,-1.8375,4.9885,-0.1605,309.588,0.1,-1.791,5.0055,-0.17149999999999999,309.55,0.1,-1.7530000000000001,5.026,-0.1795,309.514,0.1,-1.698,5.041,-0.187,309.49,0.1,-1.605,5.0495,-0.1975,309.467,0.1,-1.4875,5.0525,-0.20350000000000001,309.437,0.1,-1.3900000000000001,5.045,-0.2005,309.401,0.1,-1.3525,5.025,-0.188,309.366,0.1,-1.377,4.997,-0.1645,309.348,0.1,-1.4235,4.9685,-0.1405,309.349,0.1,-1.4385,4.949,-0.135,309.35,0.1,-1.3995,4.9510000000000005,-0.1445,309.334,0.1,-1.331,4.972,-0.153,309.304,0.1,-1.2705,4.987,-0.1535,309.278,0.1,
-2.003,4.9615,-0.203,309.666,0.1,-1.9275,4.973,-0.182,309.637,0.1,-1.8679999999999999,4.987,-0.1725,309.607,0.1,-1.827,5.003,-0.173,309.574,0.1,-1.797,5.0215,-0.177,309.545,0.1,-1.7565,5.0385,-0.186,309.524,0.1,-1.6844999999999999,5.0504999999999995,-0.199,309.504,0.1,-1.587,5.0525,-0.20650000000000002,309.476,0.1,-1.4965,5.0355,-0.20500000000000002,309.441,0.1,-1.4449999999999998,5.003,-0.1935,309.406,0.1,-1.44,4.966,-0.1735,309.383,0.1,-1.454,4.9375,-0.1565,309.372,0.1,-1.4409999999999998,4.929,-0.1525,309.359,0.1,-1.3765,4.945,-0.154,309.331,0.1,-1.2845,4.9765,-0.1525,309.288,0.1,-1.2155,4.9985,-0.1475,309.252,0.1,
-2.089,4.933,-0.227,309.719,0.1,-2.0005,4.9465,-0.2155,309.682,0.1,-1.9315,4.9645,-0.20650000000000002,309.646,0.1,-1.8824999999999998,4.9855,-0.2,309.612,0.1,-1.8495,5.009,-0.197,309.582,0.1,-1.818,5.032,-0.1985,309.56,0.1,-1.7715,5.0465,-0.20400000000000001,309.543,0.1,-1.7085,5.045,-0.207,309.52,0.1,-1.6435,5.02,-0.20450000000000002,309.494,0.1,-1.5945,4.978999999999999,-0.1975,309.469,0.1,-1.568,4.936,-0.1865,309.448,0.1,-1.5495,4.907,-0.179,309.429,0.1,-1.5070000000000001,4.9015,-0.176,309.405,0.1,-1.4195000000000002,4.922000000000001,-0.16999999999999998,309.368,0.1,-1.3065000000000002,4.9585,-0.1575,309.315,0.1,-1.217,4.9879999999999995,-0.14250000000000002,309.265,0.1,
-2.222,4.891,-0.244,309.791,0.1,-2.1265,4.9025,-0.2495,309.753,0.1,-2.0445,4.9205000000000005,-0.2505,309.714,0.1,-1.9775,4.9495000000000005,-0.246,309.672,0.1,-1.928,4.983499999999999,-0.2375,309.634,0.1,-1.8955,5.014,-0.2275,309.605,0.1,-1.8719999999999999,5.03,-0.219,309.585,0.1,-1.847,5.024,-0.2105,309.572,0.1,-1.815,4.9965,-0.2005,309.56,0.1,-1.777,4.9559999999999995,-0.194,309.547,0.1,-1.737,4.915,-0.192,309.53,0.1,-1.6915,4.885999999999999,-0.194,309.506,0.1,-1.6235,4.8755,-0.1945,309.478,0.1,-1.5185,4.890000000000001,-0.1875,309.434,0.1,-1.3915,4.9245,-0.17049999999999998,309.373,0.1,-1.282,4.958500000000001,-0.147,309.312,0.1,
-2.3805,4.8285,-0.256,309.868,0.1,-2.2910000000000004,4.838,-0.276,309.839,0.1,-2.2025,4.8565000000000005,-0.2885,309.803,0.1,-2.1155,4.893,-0.2905,309.754,0.1,-2.046,4.935499999999999,-0.281,309.704,0.1,-2.0069999999999997,4.9695,-0.2625,309.664,0.1,-1.9975,4.982,-0.2425,309.642,0.1,-1.999,4.974,-0.223,309.637,0.1,-1.9865,4.9544999999999995,-0.203,309.635,0.1,-1.95,4.93,-0.1895,309.627,0.1,-1.899,4.9025,-0.187,309.607,0.1,-1.8395000000000001,4.874,-0.1915,309.583,0.1,-1.758,4.8525,-0.1965,309.556,0.1,-1.6425,4.854,-0.197,309.509,0.1,-1.5075,4.882,-0.1855,309.44,0.1,-1.388,4.9165,-0.1595,309.372,0.1,
-2.6155,4.7355,-0.2585,309.983,0.1,-2.5355,4.748,-0.2835,309.961,0.1,-2.442,4.7715,-0.303,309.926,0.1,-2.339,4.813000000000001,-0.31,309.87,0.1,-2.2525,4.856999999999999,-0.303,309.81,0.1,-2.2045000000000003,4.885,-0.2835,309.763,0.1,-2.1925,4.889,-0.2605,309.742,0.1,-2.1885000000000003,4.8855,-0.237,309.736,0.1,-2.1645000000000003,4.888,-0.2125,309.728,0.1,-2.1165000000000003,4.893000000000001,-0.1905,309.709,0.1,-2.0615,4.8865,-0.177,309.683,0.1,-2.0045,4.859999999999999,-0.173,309.663,0.1,-1.9255,4.827,-0.1785,309.642,0.1,-1.808,4.8149999999999995,-0.188,309.596,0.1,-1.6645,4.835,-0.188,309.523,0.1,-1.5305,4.8695,-0.16849999999999998,309.448,0.1,
-2.924,4.6395,-0.2505,310.133,0.1,-2.846,4.6594999999999995,-0.2725,310.108,0.1,-2.7475,4.6875,-0.2905,310.069,0.1,-2.636,4.727,-0.297,310.01,0.1,-2.5425,4.762499999999999,-0.2915,309.945,0.1,-2.487,4.7775,-0.277,309.901,0.1,-2.4535,4.7775,-0.26,309.881,0.1,-2.4115,4.787,-0.245,309.864,0.1,-2.349,4.8165,-0.2255,309.834,0.1,-2.2805,4.8505,-0.1995,309.794,0.1,-2.2270000000000003,4.8645,-0.172,309.76,0.1,-2.183,4.845000000000001,-0.1535,309.744,0.1,-2.1165000000000003,4.8095,-0.152,309.729,0.1,-2.004,4.7895,-0.1645,309.688,0.1,-1.8519999999999999,4.802,-0.17149999999999999,309.618,0.1,-1.694,4.8335,-0.162,309.536,0.1,
-3.1435000000000004,4.5905000000000005,-0.2305,310.234,0.1,-3.074,4.614,-0.248,310.208,0.1,-2.9895,4.6385000000000005,-0.2585,310.17,0.1,-2.893,4.6665,-0.259,310.118,0.1,-2.8045,4.686,-0.251,310.061,0.1,-2.7305,4.6925,-0.241,310.02,0.1,-2.6545,4.7,-0.236,309.99,0.1,-2.5629999999999997,4.7245,-0.2375,309.955,0.1,-2.464,4.769,-0.23349999999999999,309.907,0.1,-2.38,4.818,-0.2115,309.853,0.1,-2.3265000000000002,4.8469999999999995,-0.1775,309.811,0.1,-2.291,4.843,-0.147,309.79,0.1,-2.238,4.819,-0.1355,309.773,0.1,-2.1399999999999997,4.7989999999999995,-0.1405,309.739,0.1,-1.9979999999999998,4.8035,-0.14700000000000002,309.68,0.1,-1.841,4.823499999999999,-0.14350000000000002,309.608,0.1,
-3.2075,4.5925,-0.1865,310.257,0.1,-3.1574999999999998,4.6105,-0.20400000000000001,310.236,0.1,-3.1025,4.6274999999999995,-0.2105,310.207,0.1,-3.035,4.645,-0.2065,310.167,0.1,-2.954,4.654,-0.1955,310.125,0.1,-2.8535000000000004,4.6615,-0.1855,310.081,0.1,-2.7325,4.678,-0.189,310.035,0.1,-2.6045,4.7065,-0.20550000000000002,309.986,0.1,-2.488,4.749,-0.219,309.933,0.1,-2.3965,4.798500000000001,-0.212,309.877,0.1,-2.3365,4.837,-0.1835,309.826,0.1,-2.2984999999999998,4.852,-0.1515,309.789,0.1,-2.254,4.8454999999999995,-0.1305,309.762,0.1,-2.1755,4.8315,-0.125,309.735,0.1,-2.0625,4.8294999999999995,-0.125,309.694,0.1,-1.9395,4.836,-0.1235,309.645,0.1,
-3.2075,4.6129999999999995,-0.124,310.254,0.1,-3.166,4.6240000000000006,-0.1455,310.235,0.1,-3.121,4.640499999999999,-0.156,310.208,0.1,-3.065,4.6579999999999995,-0.155,310.171,0.1,-2.9905,4.669499999999999,-0.145,310.132,0.1,-2.886,4.6815,-0.134,310.089,0.1,-2.7555,4.697,-0.137,310.043,0.1,-2.618,4.7165,-0.157,309.997,0.1,-2.492,4.747999999999999,-0.182,309.947,0.1,-2.3925,4.791,-0.1925,309.89,0.1,-2.3274999999999997,4.833,-0.1795,309.83,0.1,-2.2885,4.859500000000001,-0.155,309.781,0.1,-2.247,4.865,-0.133,309.748,0.1,-2.1765,4.8585,-0.1215,309.722,0.1,-2.0775,4.8580000000000005,-0.11549999999999999,309.69,0.1,-1.9715,4.8629999999999995,-0.111,309.653,0.1,
-3.1775,4.624,-0.0685,310.243,0.1,-3.1215,4.633,-0.095,310.219,0.1,-3.064,4.652,-0.11549999999999999,310.184,0.1,-3.0060000000000002,4.672,-0.1215,310.141,0.1,-2.941,4.688,-0.11599999999999999,310.098,0.1,-2.857,4.702,-0.10500000000000001,310.062,0.1,-2.7475,4.714,-0.10250000000000001,310.031,0.1,-2.617,4.727,-0.11649999999999999,309.998,0.1,-2.4859999999999998,4.752,-0.1405,309.952,0.1,-2.3815,4.791,-0.1585,309.891,0.1,-2.319,4.833,-0.1605,309.827,0.1,-2.2845,4.862,-0.1505,309.777,0.1,-2.241,4.871,-0.1385,309.743,0.1,-2.1605,4.868,-0.13,309.714,0.1,-2.045,4.871,-0.1225,309.677,0.1,-1.925,4.88,-0.11599999999999999,309.629,0.1,
-2.765,4.633,-0.1495,310.085,0.1,-2.653,4.6690000000000005,-0.1765,310.022,0.1,-2.558,4.715999999999999,-0.195,309.947,0.1,-2.4885,4.7425,-0.20500000000000002,309.888,0.1,-2.425,4.7415,-0.21,309.848,0.1,-2.3520000000000003,4.7355,-0.209,309.809,0.1,-2.278,4.739,-0.198,309.772,0.1,-2.2175000000000002,4.7524999999999995,-0.1785,309.75,0.1,-2.1835,4.769500000000001,-0.158,309.744,0.1,-2.1835,4.7725,-0.146,309.753,0.1,-2.208,4.743,-0.149,309.77,0.1,-2.2295,4.692500000000001,-0.1655,309.779,0.1,-2.2195,4.654,-0.182,309.763,0.1,-2.172,4.654,-0.181,309.717,0.1,-2.1109999999999998,4.6884999999999994,-0.162,309.661,0.1,-2.078,4.725,-0.137,309.626,0.1,
-2.7475,4.6235,-0.1505,310.076,0.1,-2.633,4.647,-0.181,310.013,0.1,-2.5365,4.6835,-0.2025,309.936,0.1,-2.4690000000000003,4.7065,-0.2115,309.873,0.1,-2.4115,4.707,-0.2135,309.833,0.1,-2.344,4.699999999999999,-0.214,309.802,0.1,-2.269,4.697,-0.209,309.779,0.1,-2.1985,4.7085,-0.1985,309.765,0.1,-2.151,4.737500000000001,-0.184,309.752,0.1,-2.146,4.756,-0.17099999999999999,309.744,0.1,-2.181,4.7325,-0.1645,309.747,0.1,-2.2275,4.674,-0.1675,309.757,0.1,-2.2525,4.6125,-0.176,309.763,0.1,-2.234,4.5835,-0.1795,309.753,0.1,-2.1705,4.6045,-0.17,309.721,0.1,-2.1005000000000003,4.657500000000001,-0.154,309.678,0.1,
-2.733,4.622,-0.1505,310.058,0.1,-2.6334999999999997,4.63,-0.1805,310.004,0.1,-2.5519999999999996,4.649,-0.2065,309.941,0.1,-2.4915,4.6665,-0.2155,309.882,0.1,-2.436,4.673,-0.2145,309.841,0.1,-2.3715,4.6705000000000005,-0.2125,309.818,0.1,-2.2925,4.668,-0.2105,309.808,0.1,-2.2055,4.6815,-0.20700000000000002,309.795,0.1,-2.1414999999999997,4.718500000000001,-0.2,309.768,0.1,-2.1355,4.7435,-0.1895,309.742,0.1,-2.1835,4.721500000000001,-0.1755,309.736,0.1,-2.2504999999999997,4.66,-0.164,309.748,0.1,-2.3025,4.5855,-0.1655,309.777,0.1,-2.3070000000000004,4.5405,-0.1725,309.8,0.1,-2.246,4.555,-0.17149999999999999,309.789,0.1,-2.1525,4.611000000000001,-0.1595,309.744,0.1,
-2.738,4.621,-0.1505,310.045,0.1,-2.6639999999999997,4.6165,-0.17099999999999999,310.007,0.1,-2.6029999999999998,4.622999999999999,-0.197,309.961,0.1,-2.5505,4.6375,-0.211,309.914,0.1,-2.496,4.6505,-0.2105,309.876,0.1,-2.4285,4.6530000000000005,-0.2075,309.858,0.1,-2.3375000000000004,4.657,-0.2085,309.849,0.1,-2.232,4.676,-0.21,309.828,0.1,-2.155,4.712,-0.20500000000000002,309.788,0.1,-2.1485,4.7315000000000005,-0.1935,309.748,0.1,-2.2035,4.7075,-0.174,309.735,0.1,-2.278,4.646,-0.151,309.753,0.1,-2.3335,4.573499999999999,-0.1465,309.795,0.1,-2.3365,4.534,-0.16,309.829,0.1,-2.276,4.5525,-0.16949999999999998,309.822,0.1,-2.1784999999999997,4.6015,-0.1615,309.779,0.1,
-2.7645,4.618,-0.159,310.045,0.1,-2.7085,4.6114999999999995,-0.16,310.021,0.1,-2.6624999999999996,4.6155,-0.178,309.989,0.1,-2.6225,4.629,-0.194,309.954,0.1,-2.5755,4.643,-0.198,309.927,0.1,-2.5035,4.6495,-0.2,309.913,0.1,-2.3965,4.6594999999999995,-0.20700000000000002,309.895,0.1,-2.2750000000000004,4.6815,-0.212,309.859,0.1,-2.1885000000000003,4.7075,-0.20750000000000002,309.806,0.1,-2.1755,4.714,-0.191,309.757,0.1,-2.226,4.6850000000000005,-0.1645,309.739,0.1,-2.2915,4.627,-0.136,309.763,0.1,-2.3230000000000004,4.5705,-0.13,309.804,0.1,-2.2995,4.553,-0.149,309.822,0.1,-2.2350000000000003,4.582,-0.1645,309.804,0.1,-2.1525,4.6235,-0.163,309.766,0.1,
-2.799,4.6114999999999995,-0.1805,310.059,0.1,-2.7475,4.6129999999999995,-0.164,310.039,0.1,-2.7095000000000002,4.6215,-0.167,310.016,0.1,-2.6795,4.6345,-0.1765,309.991,0.1,-2.641,4.647,-0.183,309.973,0.1,-2.572,4.654999999999999,-0.1915,309.96,0.1,-2.464,4.6665,-0.20550000000000002,309.935,0.1,-2.3425,4.6845,-0.215,309.889,0.1,-2.254,4.6955,-0.2105,309.829,0.1,-2.2300000000000004,4.6865000000000006,-0.193,309.774,0.1,-2.261,4.6515,-0.163,309.754,0.1,-2.2995,4.602,-0.135,309.776,0.1,-2.2955,4.5665,-0.131,309.805,0.1,-2.24,4.5725,-0.147,309.803,0.1,-2.1639999999999997,4.6125,-0.161,309.77,0.1,-2.0955,4.6525,-0.162,309.729,0.1,
-2.8465,4.595000000000001,-0.21,310.089,0.1,-2.7865,4.606999999999999,-0.188,310.065,0.1,-2.7465,4.6215,-0.1785,310.041,0.1,-2.7175000000000002,4.6370000000000005,-0.178,310.02,0.1,-2.683,4.6505,-0.181,310.004,0.1,-2.625,4.6605,-0.1905,309.991,0.1,-2.5380000000000003,4.670999999999999,-0.20600000000000002,309.967,0.1,-2.441,4.6795,-0.2155,309.922,0.1,-2.3655,4.6745,-0.214,309.864,0.1,-2.333,4.651,-0.1995,309.813,0.1,-2.335,4.6114999999999995,-0.1745,309.793,0.1,-2.334,4.572,-0.1535,309.806,0.1,-2.293,4.5545,-0.15,309.819,0.1,-2.208,4.5755,-0.1575,309.8,0.1,-2.113,4.622,-0.161,309.753,0.1,-2.0465,4.6635,-0.157,309.701,0.1,
-2.9325,4.5634999999999994,-0.2345,310.143,0.1,-2.8579999999999997,4.5809999999999995,-0.222,310.111,0.1,-2.8064999999999998,4.5995,-0.2125,310.082,0.1,-2.768,4.621499999999999,-0.20550000000000002,310.057,0.1,-2.7285,4.642,-0.201,310.036,0.1,-2.6799999999999997,4.6585,-0.202,310.019,0.1,-2.623,4.6685,-0.2085,309.996,0.1,-2.566,4.6665,-0.213,309.958,0.1,-2.521,4.648,-0.211,309.914,0.1,-2.492,4.6145,-0.20350000000000001,309.879,0.1,-2.4669999999999996,4.5745000000000005,-0.19,309.866,0.1,-2.4234999999999998,4.5425,-0.179,309.867,0.1,-2.3449999999999998,4.5344999999999995,-0.1765,309.861,0.1,-2.2375,4.559,-0.1755,309.83,0.1,-2.129,4.604,-0.167,309.773,0.1,-2.0535,4.6455,-0.152,309.711,0.1,
-3.0549999999999997,4.519,-0.25,310.21,0.1,-2.972,4.5344999999999995,-0.256,310.177,0.1,-2.9065,4.5545,-0.2565,310.143,0.1,-2.8495,4.584,-0.2515,310.11,0.1,-2.7960000000000003,4.616,-0.242,310.079,0.1,-2.7510000000000003,4.641,-0.23,310.052,0.1,-2.723,4.6505,-0.221,310.028,0.1,-2.7110000000000003,4.6405,-0.213,310.004,0.1,-2.7015000000000002,4.616,-0.20450000000000002,309.981,0.1,-2.678,4.583,-0.1995,309.964,0.1,-2.6275,4.5495,-0.1965,309.954,0.1,-2.545,4.523,-0.196,309.944,0.1,-2.4375,4.513,-0.1975,309.925,0.1,-2.318,4.5285,-0.195,309.885,0.1,-2.205,4.5655,-0.1805,309.822,0.1,-2.1215,4.6045,-0.156,309.753,0.1,
-3.1959999999999997,4.454,-0.26,310.279,0.1,-3.117,4.467,-0.2815,310.252,0.1,-3.0435,4.487500000000001,-0.295,310.219,0.1,-2.968,4.5235,-0.297,310.178,0.1,-2.899,4.564,-0.286,310.135,0.1,-2.855,4.592499999999999,-0.2645,310.099,0.1,-2.8495,4.598,-0.2425,310.076,0.1,-2.8685,4.5865,-0.2235,310.065,0.1,-2.8765,4.57,-0.2055,310.058,0.1,-2.8455000000000004,4.554,-0.194,310.048,0.1,-2.7705,4.535500000000001,-0.191,310.034,0.1,-2.665,4.5120000000000005,-0.1945,310.015,0.1,-2.5460000000000003,4.4905,-0.201,309.991,0.1,-2.425,4.4885,-0.20600000000000002,309.947,0.1,-2.314,4.514,-0.1965,309.88,0.1,-2.23,4.5489999999999995,-0.16899999999999998,309.81,0.1,
-3.398,4.3595,-0.261,310.375,0.1,-3.3275,4.3755,-0.288,310.35,0.1,-3.2495000000000003,4.399,-0.3095,310.318,0.1,-3.16,4.438000000000001,-0.317,310.271,0.1,-3.0805,4.4785,-0.3075,310.221,0.1,-3.0365,4.5009999999999994,-0.285,310.182,0.1,-3.034,4.5,-0.26,310.163,0.1,-3.0484999999999998,4.496499999999999,-0.238,310.155,0.1,-3.0410000000000004,4.5035,-0.215,310.146,0.1,-2.9895,4.5175,-0.194,310.127,0.1,-2.9015,4.519500000000001,-0.18,310.104,0.1,-2.7969999999999997,4.497,-0.175,310.083,0.1,-2.6875,4.461,-0.184,310.062,0.1,-2.575,4.441000000000001,-0.1975,310.02,0.1,-2.465,4.4545,-0.2,309.953,0.1,-2.372,4.4879999999999995,-0.1795,309.882,0.1,
-3.6545,4.2635000000000005,-0.252,310.489,0.1,-3.588,4.2855,-0.276,310.462,0.1,-3.5075000000000003,4.311,-0.296,310.428,0.1,-3.4145000000000003,4.345000000000001,-0.303,310.381,0.1,-3.334,4.3755,-0.2955,310.331,0.1,-3.286,4.3865,-0.2785,310.298,0.1,-3.263,4.386,-0.2615,310.28,0.1,-3.238,4.399,-0.248,310.263,0.1,-3.189,4.433999999999999,-0.23,310.235,0.1,-3.1145,4.4765,-0.203,310.199,0.1,-3.028,4.4975000000000005,-0.173,310.167,0.1,-2.9425,4.48,-0.154,310.149,0.1,-2.8564999999999996,4.4365000000000006,-0.157,310.134,0.1,-2.7584999999999997,4.4055,-0.1745,310.099,0.1,-2.645,4.41,-0.1845,310.037,0.1,-2.5300000000000002,4.442,-0.1745,309.964,0.1,
-3.8315,4.2115,-0.2315,310.557,0.1,-3.7765000000000004,4.234999999999999,-0.2505,310.532,0.1,-3.7115,4.255000000000001,-0.2625,310.502,0.1,-3.635,4.277,-0.2635,310.465,0.1,-3.56,4.2925,-0.2545,310.425,0.1,-3.4939999999999998,4.297499999999999,-0.244,310.393,0.1,-3.428,4.308,-0.24,310.367,0.1,-3.352,4.3385,-0.2435,310.334,0.1,-3.266,4.39,-0.24,310.291,0.1,-3.1765,4.4465,-0.2155,310.243,0.1,-3.0955000000000004,4.481999999999999,-0.1775,310.203,0.1,-3.0300000000000002,4.4765,-0.1465,310.182,0.1,-2.9684999999999997,4.4385,-0.139,310.169,0.1,-2.8905000000000003,4.4055,-0.1495,310.143,0.1,-2.7875,4.4045000000000005,-0.1595,310.094,0.1,-2.67,4.4275,-0.157,310.03,0.1,
-3.8810000000000002,4.2075,-0.189,310.565,0.1,-3.846,4.224,-0.2075,310.546,0.1,-3.808,4.2365,-0.2145,310.527,0.1,-3.7555,4.250500000000001,-0.211,310.502,0.1,-3.684,4.259,-0.2,310.472,0.1,-3.5904999999999996,4.268,-0.1905,310.437,0.1,-3.48,4.288,-0.1955,310.396,0.1,-3.366,4.3235,-0.2145,310.352,0.1,-3.2590000000000003,4.374499999999999,-0.2285,310.304,0.1,-3.164,4.433,-0.218,310.253,0.1,-3.0875000000000004,4.4775,-0.185,310.208,0.1,-3.034,4.485,-0.151,310.177,0.1,-2.9905,4.460000000000001,-0.1335,310.161,0.1,-2.9335,4.4325,-0.133,310.142,0.1,-2.855,4.4285,-0.137,310.107,0.1,-2.7625,4.439500000000001,-0.1365,310.063,0.1,
-3.88,4.224500000000001,-0.13,310.556,0.1,-3.8505000000000003,4.234,-0.1515,310.542,0.1,-3.8185000000000002,4.248,-0.162,310.525,0.1,-3.7735,4.2655,-0.161,310.5,0.1,-3.7055,4.2795,-0.151,310.472,0.1,-3.6065,4.294,-0.14100000000000001,310.436,0.1,-3.4829999999999997,4.3125,-0.146,310.396,0.1,-3.3525,4.34,-0.16949999999999998,310.353,0.1,-3.232,4.3825,-0.1945,310.305,0.1,-3.133,4.436999999999999,-0.2015,310.252,0.1,-3.064,4.481,-0.183,310.202,0.1,-3.0229999999999997,4.4935,-0.155,310.167,0.1,-2.99,4.478,-0.1355,310.147,0.1,-2.9415,4.4595,-0.1285,310.13,0.1,-2.8715,4.459,-0.1265,310.104,0.1,-2.7885,4.4695,-0.123,310.069,0.1,
-3.85,4.235,-0.0775,310.543,0.1,-3.8040000000000003,4.243,-0.10300000000000001,310.526,0.1,-3.758,4.261,-0.1225,310.502,0.1,-3.7089999999999996,4.283,-0.1285,310.471,0.1,-3.6494999999999997,4.302,-0.1225,310.438,0.1,-3.568,4.318,-0.113,310.408,0.1,-3.458,4.333,-0.11299999999999999,310.379,0.1,-3.3285,4.355,-0.1305,310.343,0.1,-3.2015000000000002,4.393,-0.1555,310.297,0.1,-3.1025,4.444,-0.16949999999999998,310.243,0.1,-3.045,4.485,-0.165,310.192,0.1,-3.0164999999999997,4.497,-0.1515,310.16,0.1,-2.9859999999999998,4.484,-0.14150000000000001,310.141,0.1,-2.9275,4.47,-0.137,310.122,0.1,-2.838,4.474,-0.1325,310.089,0.1,-2.7385,4.489,-0.1265,310.043,0.1,
-3.3209999999999997,4.292,-0.1545,310.381,0.1,-3.221,4.3225,-0.181,310.326,0.1,-3.141,4.359500000000001,-0.1985,310.261,0.1,-3.084,4.378,-0.2075,310.208,0.1,-3.0324999999999998,4.372,-0.213,310.172,0.1,-2.9725,4.3665,-0.212,310.136,0.1,-2.9085,4.3740000000000006,-0.2,310.105,0.1,-2.8514999999999997,4.3919999999999995,-0.178,310.086,0.1,-2.8129999999999997,4.412,-0.1565,310.081,0.1,-2.8034999999999997,4.413,-0.1445,310.086,0.1,-2.819,4.3775,-0.1485,310.098,0.1,-2.8365,4.3185,-0.166,310.105,0.1,-2.8315,4.2715,-0.182,310.093,0.1,-2.795,4.266500000000001,-0.1805,310.057,0.1,-2.74,4.2989999999999995,-0.16,310.01,0.1,-2.698,4.3405000000000005,-0.1335,309.979,0.1,
-3.3129999999999997,4.282,-0.1555,310.372,0.1,-3.213,4.3,-0.187,310.316,0.1,-3.134,4.327,-0.207,310.251,0.1,-3.0795,4.3420000000000005,-0.2135,310.196,0.1,-3.0315,4.337,-0.216,310.161,0.1,-2.9725,4.33,-0.2175,310.135,0.1,-2.9035,4.333500000000001,-0.213,310.115,0.1,-2.836,4.352,-0.202,310.101,0.1,-2.7874999999999996,4.3835,-0.185,310.086,0.1,-2.7775,4.398,-0.1695,310.077,0.1,-2.8049999999999997,4.365,-0.162,310.079,0.1,-2.8445,4.2965,-0.166,310.087,0.1,-2.8665000000000003,4.228,-0.1755,310.096,0.1,-2.8505000000000003,4.198,-0.18,310.09,0.1,-2.7904999999999998,4.2204999999999995,-0.1705,310.064,0.1,-2.716,4.2785,-0.1525,310.026,0.1,
-3.3129999999999997,4.2780000000000005,-0.1555,310.358,0.1,-3.229,4.282,-0.1865,310.31,0.1,-3.1645,4.295,-0.211,310.256,0.1,-3.1155,4.305,-0.2175,310.208,0.1,-3.0665,4.306,-0.2165,310.174,0.1,-3.0055,4.302,-0.217,310.156,0.1,-2.9285,4.3055,-0.2175,310.145,0.1,-2.8449999999999998,4.326499999999999,-0.2145,310.13,0.1,-2.785,4.365,-0.20400000000000001,310.101,0.1,-2.778,4.385,-0.1885,310.076,0.1,-2.818,4.3525,-0.172,310.07,0.1,-2.8735,4.2805,-0.1605,310.082,0.1,-2.9154999999999998,4.201499999999999,-0.1645,310.11,0.1,-2.9154999999999998,4.1594999999999995,-0.175,310.133,0.1,-2.856,4.1775,-0.175,310.123,0.1,-2.7625,4.2375,-0.161,310.083,0.1,
-3.3345000000000002,4.2755,-0.1555,310.349,0.1,-3.2729999999999997,4.2695,-0.1765,310.315,0.1,-3.2255000000000003,4.2725,-0.202,310.277,0.1,-3.1835,4.2815,-0.214,310.239,0.1,-3.1334999999999997,4.2875,-0.213,310.21,0.1,-3.0655,4.2875,-0.2125,310.197,0.1,-2.9749999999999996,4.2945,-0.218,310.186,0.1,-2.8745000000000003,4.3195,-0.2205,310.161,0.1,-2.8040000000000003,4.3565000000000005,-0.2115,310.119,0.1,-2.7984999999999998,4.372,-0.194,310.081,0.1,-2.846,4.338,-0.16949999999999998,310.07,0.1,-2.907,4.268,-0.146,310.088,0.1,-2.9485,4.193,-0.145,310.129,0.1,-2.9444999999999997,4.1585,-0.164,310.159,0.1,-2.8855,4.1815,-0.175,310.153,0.1,-2.7915,4.233,-0.165,310.113,0.1,
-3.373,4.272,-0.1635,310.352,0.1,-3.3274999999999997,4.265499999999999,-0.1655,310.33,0.1,-3.293,4.2675,-0.1835,310.304,0.1,-3.261,4.2775,-0.198,310.277,0.1,-3.2155,4.285,-0.2015,310.258,0.1,-3.141,4.2875,-0.20600000000000002,310.247,0.1,-3.0345000000000004,4.297000000000001,-0.2175,310.228,0.1,-2.9195,4.3215,-0.2245,310.19,0.1,-2.842,4.349,-0.216,310.137,0.1,-2.833,4.3535,-0.193,310.088,0.1,-2.877,4.318,-0.161,310.072,0.1,-2.928,4.2545,-0.1305,310.097,0.1,-2.9455,4.1965,-0.129,310.139,0.1,-2.917,4.183,-0.1535,310.155,0.1,-2.8555,4.2155000000000005,-0.172,310.138,0.1,-2.7775,4.259,-0.16899999999999998,310.1,0.1,
-3.4165,4.265,-0.186,310.366,0.1,-3.374,4.2675,-0.16949999999999998,310.349,0.1,-3.3455000000000004,4.275,-0.1725,310.33,0.1,-3.3209999999999997,4.286,-0.1815,310.311,0.1,-3.282,4.2940000000000005,-0.187,310.299,0.1,-3.2089999999999996,4.2975,-0.1975,310.289,0.1,-3.102,4.306,-0.2155,310.264,0.1,-2.989,4.3225,-0.2265,310.218,0.1,-2.9105,4.335,-0.2195,310.157,0.1,-2.8914999999999997,4.326,-0.1965,310.103,0.1,-2.9175,4.289,-0.161,310.085,0.1,-2.9425,4.237,-0.1315,310.11,0.1,-2.926,4.2010000000000005,-0.1305,310.141,0.1,-2.8674999999999997,4.2085,-0.152,310.14,0.1,-2.7975,4.249499999999999,-0.16899999999999998,310.108,0.1,-2.737,4.2905,-0.16949999999999998,310.067,0.1,
-3.4675000000000002,4.2485,-0.2165,310.393,0.1,-3.416,4.2615,-0.194,310.373,0.1,-3.3845,4.2765,-0.1835,310.354,0.1,-3.3605,4.2915,-0.1825,310.337,0.1,-3.325,4.302,-0.185,310.325,0.1,-3.2635,4.308,-0.196,310.315,0.1,-3.177,4.314,-0.214,310.291,0.1,-3.0869999999999997,4.319,-0.225,310.245,0.1,-3.0215,4.3145,-0.2215,310.187,0.1,-2.9945000000000004,4.291499999999999,-0.20400000000000001,310.138,0.1,-2.9925,4.253500000000001,-0.1755,310.121,0.1,-2.9795,4.214,-0.153,310.137,0.1,-2.9269999999999996,4.196,-0.1515,310.153,0.1,-2.841,4.2155000000000005,-0.163,310.137,0.1,-2.7565,4.261,-0.16949999999999998,310.093,0.1,-2.7030000000000003,4.301500000000001,-0.1645,310.043,0.1,
-3.5495,4.218500000000001,-0.2415,310.439,0.1,-3.4835,4.2364999999999995,-0.228,310.412,0.1,-3.4405,4.257,-0.2175,310.388,0.1,-3.408,4.279,-0.21,310.367,0.1,-3.3695,4.298,-0.20550000000000002,310.351,0.1,-3.3185000000000002,4.3105,-0.2065,310.336,0.1,-3.261,4.3149999999999995,-0.214,310.312,0.1,-3.209,4.308999999999999,-0.2185,310.275,0.1,-3.1710000000000003,4.2895,-0.2165,310.231,0.1,-3.1455,4.2565,-0.208,310.198,0.1,-3.1159999999999997,4.220000000000001,-0.194,310.186,0.1,-3.0605,4.1895,-0.182,310.191,0.1,-2.973,4.18,-0.1805,310.189,0.1,-2.8685,4.2010000000000005,-0.1825,310.161,0.1,-2.7755,4.243,-0.175,310.109,0.1,-2.7185,4.281000000000001,-0.159,310.053,0.1,
-3.6595,4.176,-0.256,310.494,0.1,-3.5845000000000002,4.194,-0.2615,310.466,0.1,-3.5285,4.215,-0.2615,310.437,0.1,-3.48,4.2445,-0.2565,310.409,0.1,-3.4305,4.274,-0.246,310.384,0.1,-3.3855,4.2945,-0.2325,310.36,0.1,-3.3575,4.298,-0.2225,310.337,0.1,-3.3470000000000004,4.2844999999999995,-0.2145,310.312,0.1,-3.34,4.2585,-0.207,310.289,0.1,-3.3165,4.2265,-0.20400000000000001,310.273,0.1,-3.2595,4.196,-0.202,310.264,0.1,-3.167,4.170999999999999,-0.2015,310.257,0.1,-3.0540000000000003,4.1594999999999995,-0.20350000000000001,310.241,0.1,-2.9415,4.170999999999999,-0.2025,310.206,0.1,-2.848,4.202500000000001,-0.1885,310.15,0.1,-2.7859999999999996,4.2355,-0.1625,310.09,0.1,
-3.7824999999999998,4.1145,-0.264,310.549,0.1,-3.71,4.131,-0.286,310.525,0.1,-3.646,4.151,-0.3,310.496,0.1,-3.581,4.1850000000000005,-0.302,310.461,0.1,-3.519,4.220000000000001,-0.2895,310.426,0.1,-3.4775,4.243,-0.265,310.395,0.1,-3.472,4.244,-0.2415,310.374,0.1,-3.4905,4.2295,-0.222,310.362,0.1,-3.4985,4.2125,-0.2065,310.354,0.1,-3.466,4.1965,-0.1985,310.345,0.1,-3.3855,4.1795,-0.1975,310.332,0.1,-3.2720000000000002,4.157,-0.201,310.315,0.1,-3.1505,4.1345,-0.208,310.293,0.1,-3.0395000000000003,4.1285,-0.214,310.255,0.1,-2.9495,4.1465,-0.20450000000000002,310.198,0.1,-2.8875,4.1745,-0.1755,310.139,0.1,
-3.9539999999999997,4.025,-0.263,310.622,0.1,-3.8885,4.043,-0.2915,310.599,0.1,-3.8200000000000003,4.064,-0.314,310.571,0.1,-3.7435,4.0975,-0.3215,310.532,0.1,-3.6740000000000004,4.131,-0.31,310.491,0.1,-3.6340000000000003,4.148,-0.2845,310.46,0.1,-3.6315,4.1445,-0.258,310.443,0.1,-3.646,4.1385000000000005,-0.237,310.435,0.1,-3.6405000000000003,4.145,-0.2165,310.426,0.1,-3.591,4.157,-0.198,310.409,0.1,-3.5,4.1585,-0.1845,310.388,0.1,-3.3885,4.1370000000000005,-0.1805,310.369,0.1,-3.278,4.1005,-0.191,310.35,0.1,-3.1765,4.0765,-0.20650000000000002,310.315,0.1,-3.0865,4.0825,-0.209,310.26,0.1,-3.0145,4.109,-0.187,310.199,0.1,
-4.164,3.9314999999999998,-0.2535,310.704,0.1,-4.105,3.953,-0.278,310.679,0.1,-4.0375,3.9739999999999998,-0.2995,310.651,0.1,-3.96,4.0015,-0.3065,310.614,0.1,-3.8905000000000003,4.025,-0.2975,310.575,0.1,-3.8470000000000004,4.0325,-0.279,310.549,0.1,-3.8255,4.029999999999999,-0.2615,310.534,0.1,-3.8049999999999997,4.041,-0.249,310.518,0.1,-3.7649999999999997,4.074,-0.233,310.495,0.1,-3.697,4.112500000000001,-0.2065,310.465,0.1,-3.609,4.132,-0.1755,310.436,0.1,-3.517,4.1145,-0.157,310.419,0.1,-3.4290000000000003,4.071,-0.163,310.406,0.1,-3.341,4.035500000000001,-0.183,310.378,0.1,-3.248,4.0344999999999995,-0.195,310.328,0.1,-3.1550000000000002,4.061,-0.1845,310.267,0.1,
-4.3095,3.8760000000000003,-0.232,310.749,0.1,-4.2635,3.8964999999999996,-0.2515,310.726,0.1,-4.212,3.9124999999999996,-0.2645,310.702,0.1,-4.1495,3.9290000000000003,-0.266,310.674,0.1,-4.0845,3.9395,-0.257,310.644,0.1,-4.024,3.9435000000000002,-0.246,310.619,0.1,-3.964,3.9515000000000002,-0.2435,310.597,0.1,-3.8985,3.9795,-0.248,310.569,0.1,-3.8259999999999996,4.0275,-0.245,310.534,0.1,-3.7465,4.0794999999999995,-0.219,310.495,0.1,-3.666,4.1129999999999995,-0.179,310.461,0.1,-3.5949999999999998,4.1065000000000005,-0.148,310.443,0.1,-3.532,4.0675,-0.1435,310.433,0.1,-3.463,4.031000000000001,-0.158,310.413,0.1,-3.378,4.0265,-0.17049999999999998,310.372,0.1,-3.2809999999999997,4.047000000000001,-0.16849999999999998,310.32,0.1,
-4.3545,3.864,-0.191,310.749,0.1,-4.327500000000001,3.8775,-0.21,310.732,0.1,-4.2995,3.8875,-0.217,310.716,0.1,-4.257,3.898,-0.2145,310.697,0.1,-4.1935,3.9045,-0.20400000000000001,310.675,0.1,-4.108,3.9124999999999996,-0.196,310.647,0.1,-4.0075,3.9299999999999997,-0.203,310.614,0.1,-3.906,3.963,-0.2235,310.578,0.1,-3.8125,4.011,-0.2375,310.539,0.1,-3.7279999999999998,4.066,-0.224,310.497,0.1,-3.6555,4.1075,-0.187,310.459,0.1,-3.6005000000000003,4.1125,-0.1515,310.436,0.1,-3.557,4.0845,-0.1365,310.424,0.1,-3.5075000000000003,4.0555,-0.14100000000000001,310.41,0.1,-3.4435000000000002,4.05,-0.148,310.382,0.1,-3.3674999999999997,4.0615000000000006,-0.149,310.345,0.1,
-4.36,3.875,-0.1355,310.735,0.1,-4.337,3.883,-0.1565,310.722,0.1,-4.311999999999999,3.895,-0.1675,310.709,0.1,-4.274,3.9105,-0.167,310.69,0.1,-4.2125,3.9234999999999998,-0.1575,310.668,0.1,-4.1205,3.936,-0.149,310.641,0.1,-4.0065,3.953,-0.1565,310.609,0.1,-3.888,3.9795,-0.1825,310.573,0.1,-3.781,4.021000000000001,-0.20750000000000002,310.533,0.1,-3.694,4.073,-0.2105,310.49,0.1,-3.6315,4.1135,-0.1865,310.45,0.1,-3.592,4.121,-0.1555,310.424,0.1,-3.561,4.1015,-0.1385,310.411,0.1,-3.5205,4.083,-0.136,310.399,0.1,-3.4645,4.083,-0.1375,310.376,0.1,-3.396,4.0954999999999995,-0.1355,310.346,0.1,
-4.3385,3.884,-0.0865,310.718,0.1,-4.2985,3.891,-0.1115,310.704,0.1,-4.2585,3.907,-0.1295,310.686,0.1,-4.2155000000000005,3.927,-0.1355,310.663,0.1,-4.1615,3.945,-0.13,310.638,0.1,-4.0845,3.959,-0.1215,310.615,0.1,-3.981,3.973,-0.1255,310.591,0.1,-3.8609999999999998,3.995,-0.14600000000000002,310.56,0.1,-3.747,4.033,-0.17049999999999998,310.521,0.1,-3.6615,4.082,-0.18,310.476,0.1,-3.612,4.119,-0.169,310.438,0.1,-3.5865,4.125,-0.1525,310.415,0.1,-3.56,4.108,-0.1445,310.403,0.1,-3.5115,4.095,-0.145,310.388,0.1,-3.4379999999999997,4.1,-0.14350000000000002,310.359,0.1,-3.355,4.117,-0.1375,310.319,0.1,
-3.7515,3.952,-0.1595,310.617,0.1,-3.6660000000000004,3.9735,-0.1855,310.57,0.1,-3.6035000000000004,3.9995000000000003,-0.2015,310.517,0.1,-3.5620000000000003,4.0095,-0.209,310.474,0.1,-3.5244999999999997,4.001,-0.215,310.445,0.1,-3.476,3.9959999999999996,-0.2145,310.417,0.1,-3.418,4.0065,-0.2015,310.39,0.1,-3.3615,4.026999999999999,-0.178,310.372,0.1,-3.3205,4.0440000000000005,-0.1555,310.364,0.1,-3.3085,4.038,-0.1435,310.367,0.1,-3.3225,3.9939999999999998,-0.148,310.378,0.1,-3.3415,3.9285,-0.1655,310.387,0.1,-3.34,3.8795,-0.1815,310.38,0.1,-3.3034999999999997,3.875,-0.179,310.351,0.1,-3.2435,3.9080000000000004,-0.1575,310.312,0.1,-3.1915,3.9485,-0.1305,310.285,0.1,
-3.7560000000000002,3.9405,-0.161,310.608,0.1,-3.674,3.9495,-0.1925,310.562,0.1,-3.612,3.9675000000000002,-0.2105,310.509,0.1,-3.5700000000000003,3.9764999999999997,-0.2145,310.466,0.1,-3.5315,3.972,-0.218,310.439,0.1,-3.4795,3.9684999999999997,-0.2205,310.417,0.1,-3.4154999999999998,3.9764999999999997,-0.2175,310.398,0.1,-3.3520000000000003,3.996,-0.2055,310.383,0.1,-3.3064999999999998,4.02,-0.1865,310.368,0.1,-3.2965,4.022,-0.1685,310.36,0.1,-3.3209999999999997,3.9775,-0.16,310.365,0.1,-3.355,3.904,-0.164,310.376,0.1,-3.3695000000000004,3.8395,-0.1745,310.384,0.1,-3.345,3.8165,-0.18,310.378,0.1,-3.2785,3.841,-0.171,310.353,0.1,-3.1995,3.8945,-0.1515,310.318,0.1,
-3.7744999999999997,3.934,-0.1605,310.597,0.1,-3.7065,3.933,-0.192,310.559,0.1,-3.6545,3.9415,-0.215,310.516,0.1,-3.614,3.9495,-0.219,310.479,0.1,-3.5700000000000003,3.951,-0.218,310.452,0.1,-3.5115,3.9509999999999996,-0.221,310.434,0.1,-3.4385000000000003,3.957,-0.225,310.421,0.1,-3.363,3.975,-0.222,310.404,0.1,-3.311,4.0015,-0.208,310.379,0.1,-3.306,4.0065,-0.1875,310.361,0.1,-3.34,3.9619999999999997,-0.1685,310.361,0.1,-3.3825000000000003,3.8885,-0.157,310.374,0.1,-3.4085,3.8194999999999997,-0.163,310.395,0.1,-3.3965,3.7875,-0.177,310.408,0.1,-3.3335,3.8064999999999998,-0.1785,310.397,0.1,-3.2425,3.8585000000000003,-0.163,310.359,0.1,
-3.811,3.9314999999999998,-0.1605,310.592,0.1,-3.7605,3.926,-0.182,310.565,0.1,-3.721,3.9290000000000003,-0.2065,310.536,0.1,-3.6835,3.9365,-0.2165,310.506,0.1,-3.6345,3.9415,-0.215,310.481,0.1,-3.567,3.9435000000000002,-0.218,310.465,0.1,-3.4815,3.9485,-0.228,310.451,0.1,-3.393,3.966,-0.23149999999999998,310.427,0.1,-3.334,3.9895,-0.218,310.393,0.1,-3.3310000000000004,3.991,-0.194,310.366,0.1,-3.3695000000000004,3.9485,-0.165,310.362,0.1,-3.4125,3.8810000000000002,-0.14150000000000001,310.378,0.1,-3.436,3.8194999999999997,-0.1435,310.405,0.1,-3.4234999999999998,3.7935,-0.168,310.424,0.1,-3.367,3.8145,-0.181,310.415,0.1,-3.2824999999999998,3.856,-0.16949999999999998,310.379,0.1,
-3.8579999999999997,3.931,-0.1685,310.595,0.1,-3.819,3.928,-0.17099999999999999,310.578,0.1,-3.7885,3.9314999999999998,-0.1885,310.558,0.1,-3.758,3.939,-0.202,310.536,0.1,-3.7115,3.9444999999999997,-0.20450000000000002,310.518,0.1,-3.638,3.9455,-0.212,310.503,0.1,-3.54,3.95,-0.2285,310.483,0.1,-3.4395,3.9645,-0.237,310.45,0.1,-3.3739999999999997,3.9795,-0.224,310.407,0.1,-3.367,3.9735,-0.1945,310.373,0.1,-3.4005,3.934,-0.157,310.364,0.1,-3.433,3.8775,-0.1255,310.382,0.1,-3.436,3.832,-0.1285,310.408,0.1,-3.4055,3.8225,-0.1585,310.416,0.1,-3.3525,3.85,-0.1795,310.399,0.1,-3.2889999999999997,3.8815,-0.175,310.367,0.1,
-3.9045,3.9275,-0.1915,310.606,0.1,-3.8665000000000003,3.933,-0.175,310.592,0.1,-3.8405,3.941,-0.1775,310.577,0.1,-3.8165,3.9505,-0.186,310.56,0.1,-3.7765,3.956,-0.191,310.547,0.1,-3.7065,3.9565,-0.20450000000000002,310.534,0.1,-3.61,3.9585,-0.226,310.511,0.1,-3.5105,3.9655,-0.238,310.472,0.1,-3.4425,3.9675000000000002,-0.2285,310.425,0.1,-3.425,3.9524999999999997,-0.1995,310.386,0.1,-3.4405,3.9160000000000004,-0.159,310.373,0.1,-3.4495,3.8725,-0.1285,310.388,0.1,-3.4245,3.8445,-0.1315,310.406,0.1,-3.371,3.851,-0.1575,310.4,0.1,-3.3145,3.8845,-0.1775,310.372,0.1,-3.2715,3.912,-0.177,310.34,0.1,
-3.9555,3.9135,-0.223,310.626,0.1,-3.909,3.928,-0.1995,310.609,0.1,-3.88,3.9435000000000002,-0.1885,310.593,0.1,-3.8565,3.958,-0.187,310.577,0.1,-3.8225,3.9675000000000002,-0.1895,310.565,0.1,-3.7665,3.9705,-0.202,310.553,0.1,-3.6895,3.9695,-0.2225,310.532,0.1,-3.6094999999999997,3.9665,-0.2345,310.495,0.1,-3.55,3.9539999999999997,-0.229,310.451,0.1,-3.5215,3.9284999999999997,-0.208,310.414,0.1,-3.5095,3.894,-0.1765,310.399,0.1,-3.4850000000000003,3.861,-0.153,310.407,0.1,-3.4305000000000003,3.846,-0.1545,310.413,0.1,-3.355,3.8609999999999998,-0.16949999999999998,310.395,0.1,-3.2895,3.896,-0.178,310.358,0.1,-3.2560000000000002,3.9225,-0.172,310.322,0.1,
-4.031000000000001,3.8865,-0.2485,310.659,0.1,-3.971,3.9059999999999997,-0.23349999999999999,310.637,0.1,-3.932,3.928,-0.222,310.616,0.1,-3.9025,3.95,-0.214,310.598,0.1,-3.8689999999999998,3.9684999999999997,-0.21,310.583,0.1,-3.8255,3.9775,-0.2115,310.569,0.1,-3.7750000000000004,3.9755000000000003,-0.2195,310.549,0.1,-3.7265,3.9635,-0.2235,310.52,0.1,-3.6870000000000003,3.9379999999999997,-0.221,310.487,0.1,-3.6544999999999996,3.9044999999999996,-0.212,310.461,0.1,-3.6159999999999997,3.87,-0.198,310.449,0.1,-3.557,3.843,-0.186,310.446,0.1,-3.4755000000000003,3.833,-0.186,310.439,0.1,-3.387,3.8475,-0.1895,310.414,0.1,-3.316,3.878,-0.183,310.373,0.1,-3.28,3.9025,-0.1655,310.332,0.1,
-4.128,3.8495,-0.262,310.698,0.1,-4.059,3.87,-0.2665,310.674,0.1,-4.008,3.8925,-0.266,310.65,0.1,-3.966,3.921,-0.261,310.626,0.1,-3.9255,3.948,-0.25,310.605,0.1,-3.8884999999999996,3.9635,-0.2355,310.585,0.1,-3.863,3.9619999999999997,-0.224,310.566,0.1,-3.8485,3.944,-0.2155,310.548,0.1,-3.8325,3.9135,-0.209,310.531,0.1,-3.7995,3.8804999999999996,-0.208,310.517,0.1,-3.739,3.8495,-0.2085,310.506,0.1,-3.652,3.8245,-0.2085,310.496,0.1,-3.553,3.8105,-0.2105,310.479,0.1,-3.46,3.8155,-0.21,310.449,0.1,-3.3884999999999996,3.8369999999999997,-0.1955,310.406,0.1,-3.346,3.8579999999999997,-0.1675,310.363,0.1,
-4.2330000000000005,3.7960000000000003,-0.268,310.734,0.1,-4.164,3.8145,-0.29,310.713,0.1,-4.105,3.834,-0.304,310.69,0.1,-4.05,3.864,-0.306,310.661,0.1,-4.0,3.8935,-0.2925,310.633,0.1,-3.966,3.911,-0.2655,310.608,0.1,-3.958,3.9085,-0.24,310.591,0.1,-3.9665,3.891,-0.22,310.584,0.1,-3.9635,3.8695000000000004,-0.207,310.578,0.1,-3.926,3.8499999999999996,-0.203,310.568,0.1,-3.8505,3.8305,-0.20450000000000002,310.555,0.1,-3.75,3.8055,-0.2085,310.539,0.1,-3.646,3.7809999999999997,-0.216,310.518,0.1,-3.5545,3.7705,-0.222,310.488,0.1,-3.4829999999999997,3.7800000000000002,-0.2115,310.446,0.1,-3.4345,3.7969999999999997,-0.18,310.403,0.1,
-4.3725000000000005,3.7145,-0.265,310.782,0.1,-4.311,3.7325,-0.295,310.763,0.1,-4.249499999999999,3.7504999999999997,-0.318,310.74,0.1,-4.185,3.7765,-0.325,310.709,0.1,-4.128,3.802,-0.312,310.677,0.1,-4.092499999999999,3.8145,-0.2835,310.653,0.1,-4.085,3.809,-0.2555,310.639,0.1,-4.091,3.8005,-0.2345,310.633,0.1,-4.0809999999999995,3.8005,-0.217,310.626,0.1,-4.0355,3.806,-0.202,310.612,0.1,-3.957,3.8025,-0.19,310.594,0.1,-3.8615,3.779,-0.187,310.578,0.1,-3.7664999999999997,3.7424999999999997,-0.1985,310.561,0.1,-3.6795,3.7165,-0.215,310.534,0.1,-3.6025,3.7155,-0.217,310.493,0.1,-3.54,3.7315,-0.1935,310.449,0.1,
-4.5440000000000005,3.6245000000000003,-0.2545,310.837,0.1,-4.490500000000001,3.644,-0.28,310.817,0.1,-4.4325,3.6605,-0.3025,310.794,0.1,-4.368,3.6795,-0.3095,310.765,0.1,-4.309,3.6955,-0.2985,310.735,0.1,-4.2675,3.6994999999999996,-0.2785,310.714,0.1,-4.243,3.6955,-0.2605,310.701,0.1,-4.2219999999999995,3.702,-0.249,310.69,0.1,-4.1884999999999994,3.7255,-0.235,310.672,0.1,-4.1345,3.755,-0.2095,310.649,0.1,-4.063000000000001,3.7675,-0.179,310.627,0.1,-3.9844999999999997,3.75,-0.1615,310.613,0.1,-3.9059999999999997,3.7085,-0.16899999999999998,310.602,0.1,-3.8255,3.6740000000000004,-0.1915,310.581,0.1,-3.74,3.668,-0.20450000000000002,310.544,0.1,-3.6550000000000002,3.6855,-0.1935,310.497,0.1,
-4.6645,3.5655,-0.2325,310.864,0.1,-4.625500000000001,3.5825,-0.252,310.846,0.1,-4.584,3.594,-0.266,310.826,0.1,-4.5325,3.605,-0.268,310.803,0.1,-4.4755,3.6115,-0.2585,310.778,0.1,-4.4185,3.612,-0.248,310.758,0.1,-4.3614999999999995,3.6165000000000003,-0.2465,310.741,0.1,-4.3045,3.637,-0.252,310.721,0.1,-4.246499999999999,3.674,-0.2495,310.695,0.1,-4.185,3.716,-0.223,310.667,0.1,-4.121499999999999,3.7415000000000003,-0.181,310.642,0.1,-4.060499999999999,3.7350000000000003,-0.15,310.628,0.1,-4.0005,3.7,-0.1485,310.62,0.1,-3.933,3.6675,-0.166,310.604,0.1,-3.8525,3.661,-0.181,310.574,0.1,-3.7640000000000002,3.6755,-0.1795,310.534,0.1,
-4.7075,3.5455,-0.1925,310.857,0.1,-4.686,3.556,-0.2115,310.842,0.1,-4.665,3.5629999999999997,-0.219,310.827,0.1,-4.63,3.5715,-0.2175,310.811,0.1,-4.573499999999999,3.5755,-0.208,310.792,0.1,-4.4945,3.5789999999999997,-0.2015,310.771,0.1,-4.4030000000000005,3.591,-0.2105,310.747,0.1,-4.3145,3.6155,-0.23249999999999998,310.722,0.1,-4.239,3.6535,-0.246,310.693,0.1,-4.1745,3.698,-0.23,310.663,0.1,-4.117,3.7315,-0.189,310.636,0.1,-4.0685,3.7359999999999998,-0.1525,310.618,0.1,-4.025,3.7140000000000004,-0.14,310.609,0.1,-3.975,3.6905,-0.1485,310.598,0.1,-3.9145000000000003,3.686,-0.1585,310.576,0.1,-3.8465,3.6945,-0.161,310.548,0.1,
-4.7215,3.5495,-0.1405,310.838,0.1,-4.702,3.556,-0.162,310.825,0.1,-4.682,3.566,-0.1725,310.812,0.1,-4.65,3.5795,-0.173,310.797,0.1,-4.595,3.5885,-0.164,310.78,0.1,-4.510999999999999,3.596,-0.157,310.761,0.1,-4.407,3.608,-0.16749999999999998,310.738,0.1,-4.3025,3.6275,-0.1955,310.713,0.1,-4.2145,3.6605,-0.2205,310.684,0.1,-4.147,3.702,-0.2195,310.653,0.1,-4.098000000000001,3.7355,-0.1895,310.624,0.1,-4.063000000000001,3.7435,-0.1565,310.605,0.1,-4.031000000000001,3.7315,-0.14150000000000001,310.595,0.1,-3.9905,3.7190000000000003,-0.14350000000000002,310.584,0.1,-3.9395,3.7215,-0.1485,310.566,0.1,-3.8810000000000002,3.732,-0.148,310.541,0.1,
-4.712,3.556,-0.096,310.815,0.1,-4.6754999999999995,3.562,-0.12,310.802,0.1,-4.6405,3.576,-0.1365,310.788,0.1,-4.603,3.593,-0.14250000000000002,310.77,0.1,-4.554,3.606,-0.1375,310.753,0.1,-4.4830000000000005,3.615,-0.131,310.738,0.1,-4.388999999999999,3.625,-0.1385,310.721,0.1,-4.2844999999999995,3.641,-0.162,310.699,0.1,-4.1905,3.671,-0.186,310.671,0.1,-4.123,3.71,-0.1905,310.638,0.1,-4.083500000000001,3.741,-0.173,310.61,0.1,-4.0595,3.748,-0.153,310.593,0.1,-4.032,3.739,-0.1475,310.582,0.1,-3.987,3.732,-0.1525,310.569,0.1,-3.924,3.74,-0.1545,310.545,0.1,-3.8555,3.755,-0.149,310.514,0.1,
-4.182,3.612,-0.1645,310.853,0.1,-4.112,3.625,-0.19,310.815,0.1,-4.0665,3.6395,-0.20400000000000001,310.773,0.1,-4.04,3.641,-0.2105,310.74,0.1,-4.016,3.6295,-0.217,310.719,0.1,-3.979,3.625,-0.217,310.698,0.1,-3.9275,3.639,-0.203,310.675,0.1,-3.872,3.6615,-0.1785,310.659,0.1,-3.829,3.676,-0.155,310.648,0.1,-3.8135000000000003,3.6624999999999996,-0.143,310.647,0.1,-3.826,3.6100000000000003,-0.148,310.657,0.1,-3.847,3.538,-0.1645,310.669,0.1,-3.848,3.4875,-0.1805,310.667,0.1,-3.8114999999999997,3.4835,-0.1775,310.646,0.1,-3.7465,3.517,-0.1555,310.614,0.1,-3.685,3.5564999999999998,-0.1285,310.59,0.1,
-4.199,3.5985,-0.1665,310.844,0.1,-4.1345,3.5995,-0.1975,310.808,0.1,-4.0895,3.6075,-0.213,310.768,0.1,-4.0605,3.6115000000000004,-0.2155,310.736,0.1,-4.0315,3.607,-0.2195,310.716,0.1,-3.9865000000000004,3.607,-0.2235,310.699,0.1,-3.9275,3.62,-0.222,310.681,0.1,-3.868,3.6395,-0.209,310.664,0.1,-3.8255,3.6565,-0.188,310.649,0.1,-3.8155,3.646,-0.1675,310.643,0.1,-3.8369999999999997,3.5895,-0.158,310.652,0.1,-3.866,3.5115,-0.162,310.666,0.1,-3.8725,3.451,-0.1735,310.673,0.1,-3.8395,3.4345,-0.1805,310.666,0.1,-3.767,3.4615,-0.172,310.643,0.1,-3.6825,3.511,-0.1515,310.61,0.1,
-4.236,3.5905,-0.1655,310.836,0.1,-4.183999999999999,3.585,-0.1975,310.808,0.1,-4.1445,3.5885,-0.2185,310.777,0.1,-4.112,3.5940000000000003,-0.221,310.75,0.1,-4.0725,3.5965,-0.22,310.729,0.1,-4.016500000000001,3.6005000000000003,-0.225,310.712,0.1,-3.948,3.609,-0.23249999999999998,310.696,0.1,-3.8810000000000002,3.6235,-0.2295,310.677,0.1,-3.8369999999999997,3.6384999999999996,-0.2115,310.656,0.1,-3.8339999999999996,3.6275,-0.187,310.645,0.1,-3.862,3.5715000000000003,-0.1655,310.653,0.1,-3.892,3.4965,-0.154,310.666,0.1,-3.902,3.4370000000000003,-0.162,310.679,0.1,-3.8775,3.415,-0.1795,310.684,0.1,-3.8114999999999997,3.4355,-0.1825,310.67,0.1,-3.7234999999999996,3.4805,-0.1655,310.636,0.1,
-4.2875,3.5885,-0.165,310.835,0.1,-4.2485,3.583,-0.187,310.816,0.1,-4.2165,3.5855,-0.211,310.795,0.1,-4.183,3.5915,-0.219,310.773,0.1,-4.135,3.596,-0.2175,310.752,0.1,-4.068,3.599,-0.224,310.734,0.1,-3.9885,3.6029999999999998,-0.238,310.716,0.1,-3.912,3.6125,-0.242,310.693,0.1,-3.864,3.623,-0.224,310.667,0.1,-3.8635,3.6094999999999997,-0.194,310.651,0.1,-3.8935,3.559,-0.161,310.655,0.1,-3.919,3.4939999999999998,-0.1375,310.668,0.1,-3.9234999999999998,3.4450000000000003,-0.1435,310.682,0.1,-3.902,3.4290000000000003,-0.1725,310.689,0.1,-3.8485,3.4475,-0.187,310.678,0.1,-3.7735000000000003,3.48,-0.1745,310.646,0.1,
-4.343500000000001,3.5905,-0.173,310.839,0.1,-4.3105,3.5905,-0.176,310.827,0.1,-4.2844999999999995,3.5949999999999998,-0.1935,310.812,0.1,-4.2555,3.6005000000000003,-0.2055,310.795,0.1,-4.2075,3.6035,-0.2085,310.777,0.1,-4.134499999999999,3.603,-0.219,310.759,0.1,-4.045,3.6025,-0.2395,310.738,0.1,-3.9595000000000002,3.607,-0.2485,310.709,0.1,-3.9059999999999997,3.6100000000000003,-0.23199999999999998,310.678,0.1,-3.901,3.593,-0.196,310.658,0.1,-3.9245,3.5505,-0.1535,310.656,0.1,-3.938,3.5004999999999997,-0.122,310.666,0.1,-3.926,3.467,-0.129,310.678,0.1,-3.8945,3.463,-0.164,310.677,0.1,-3.8505000000000003,3.4844999999999997,-0.1865,310.66,0.1,-3.801,3.5045,-0.181,310.634,0.1,
-4.3925,3.59,-0.1965,310.846,0.1,-4.359500000000001,3.5985,-0.18,310.836,0.1,-4.3365,3.607,-0.1825,310.824,0.1,-4.3125,3.614,-0.19,310.81,0.1,-4.271,3.6174999999999997,-0.1955,310.795,0.1,-4.204,3.6155,-0.2115,310.779,0.1,-4.1175,3.6105,-0.2365,310.758,0.1,-4.032,3.6079999999999997,-0.25,310.727,0.1,-3.9749999999999996,3.6005000000000003,-0.237,310.693,0.1,-3.9585,3.5785,-0.202,310.669,0.1,-3.9635,3.5435,-0.1575,310.66,0.1,-3.9565,3.508,-0.1265,310.666,0.1,-3.923,3.4885,-0.1335,310.671,0.1,-3.8739999999999997,3.4945000000000004,-0.1635,310.66,0.1,-3.831,3.5195,-0.1855,310.635,0.1,-3.806,3.5335,-0.1835,310.614,0.1,
-4.443,3.5785,-0.229,310.859,0.1,-4.4015,3.5949999999999998,-0.20450000000000002,310.845,0.1,-4.375,3.6100000000000003,-0.1935,310.832,0.1,-4.353,3.6239999999999997,-0.1915,310.818,0.1,-4.32,3.6325,-0.1945,310.805,0.1,-4.2685,3.6325000000000003,-0.2085,310.792,0.1,-4.2015,3.6254999999999997,-0.23149999999999998,310.773,0.1,-4.1315,3.614,-0.2435,310.746,0.1,-4.077999999999999,3.5945,-0.2365,310.716,0.1,-4.048,3.5655,-0.212,310.691,0.1,-4.026,3.534,-0.178,310.678,0.1,-3.9905,3.508,-0.1545,310.676,0.1,-3.934,3.496,-0.1585,310.673,0.1,-3.8695,3.5065,-0.1765,310.654,0.1,-3.8225,3.5309999999999997,-0.1855,310.624,0.1,-3.809,3.5439999999999996,-0.1785,310.601,0.1,
-4.5125,3.5549999999999997,-0.255,310.879,0.1,-4.458,3.576,-0.239,310.862,0.1,-4.422499999999999,3.598,-0.2265,310.845,0.1,-4.3965,3.621,-0.2185,310.829,0.1,-4.368,3.638,-0.2145,310.814,0.1,-4.3315,3.644,-0.217,310.801,0.1,-4.288,3.637,-0.225,310.785,0.1,-4.2435,3.618,-0.229,310.765,0.1,-4.203,3.5875000000000004,-0.2255,310.743,0.1,-4.164,3.552,-0.216,310.724,0.1,-4.117,3.52,-0.2025,310.711,0.1,-4.054,3.4965,-0.191,310.702,0.1,-3.9785,3.4855,-0.192,310.69,0.1,-3.9055,3.493,-0.1965,310.666,0.1,-3.856,3.5125,-0.19,310.636,0.1,-3.8415,3.525,-0.17049999999999998,310.611,0.1,
-4.5969999999999995,3.524,-0.268,310.901,0.1,-4.5329999999999995,3.5460000000000003,-0.2715,310.882,0.1,-4.487,3.5695,-0.27,310.863,0.1,-4.452,3.5970000000000004,-0.2645,310.844,0.1,-4.4205000000000005,3.621,-0.2535,310.826,0.1,-4.3919999999999995,3.633,-0.238,310.809,0.1,-4.369,3.6265,-0.2255,310.795,0.1,-4.35,3.6035,-0.216,310.784,0.1,-4.325,3.5695,-0.211,310.773,0.1,-4.2829999999999995,3.5345,-0.2125,310.762,0.1,-4.218999999999999,3.5035,-0.215,310.749,0.1,-4.1375,3.4785,-0.216,310.735,0.1,-4.0525,3.4619999999999997,-0.218,310.717,0.1,-3.979,3.46,-0.217,310.692,0.1,-3.9290000000000003,3.471,-0.2015,310.663,0.1,-3.9050000000000002,3.4805,-0.17099999999999999,310.637,0.1,
-4.6825,3.4775,-0.272,310.919,0.1,-4.618,3.4985,-0.294,310.902,0.1,-4.565,3.5175,-0.308,310.883,0.1,-4.52,3.543,-0.3095,310.861,0.1,-4.481999999999999,3.5665,-0.2945,310.839,0.1,-4.455,3.579,-0.2655,310.821,0.1,-4.4445,3.573,-0.2375,310.809,0.1,-4.4425,3.552,-0.2175,310.805,0.1,-4.428,3.527,-0.207,310.801,0.1,-4.386,3.5045,-0.207,310.792,0.1,-4.3155,3.4815,-0.2115,310.778,0.1,-4.2285,3.455,-0.216,310.762,0.1,-4.1425,3.4284999999999997,-0.224,310.744,0.1,-4.07,3.4130000000000003,-0.2295,310.721,0.1,-4.016500000000001,3.4130000000000003,-0.2175,310.693,0.1,-3.982,3.4189999999999996,-0.1835,310.667,0.1,
-4.792,3.4035,-0.267,310.942,0.1,-4.734,3.4225,-0.298,310.926,0.1,-4.6795,3.4370000000000003,-0.3215,310.909,0.1,-4.627000000000001,3.456,-0.328,310.886,0.1,-4.582000000000001,3.473,-0.3135,310.863,0.1,-4.551,3.48,-0.28200000000000003,310.846,0.1,-4.5385,3.473,-0.252,310.836,0.1,-4.5355,3.4615,-0.2315,310.832,0.1,-4.521,3.4565,-0.217,310.826,0.1,-4.4805,3.455,-0.2055,310.815,0.1,-4.4145,3.4465,-0.196,310.8,0.1,-4.335,3.421,-0.1935,310.786,0.1,-4.256,3.385,-0.20550000000000002,310.772,0.1,-4.1835,3.357,-0.2225,310.754,0.1,-4.119,3.348,-0.2245,310.727,0.1,-4.0655,3.354,-0.1995,310.698,0.1,
-4.925000000000001,3.318,-0.255,310.969,0.1,-4.8765,3.3354999999999997,-0.2815,310.954,0.1,-4.8275,3.3465,-0.3045,310.937,0.1,-4.776,3.3575,-0.3115,310.916,0.1,-4.727,3.366,-0.299,310.895,0.1,-4.688,3.3665,-0.2775,310.879,0.1,-4.6605,3.3605,-0.2595,310.869,0.1,-4.6385000000000005,3.362,-0.249,310.861,0.1,-4.612,3.3775,-0.2365,310.849,0.1,-4.572,3.3964999999999996,-0.2125,310.834,0.1,-4.516500000000001,3.4035,-0.1825,310.818,0.1,-4.4515,3.3845,-0.166,310.807,0.1,-4.383,3.3465,-0.1755,310.799,0.1,-4.3100000000000005,3.3129999999999997,-0.2,310.784,0.1,-4.232,3.3015,-0.2135,310.76,0.1,-4.155,3.31,-0.2025,310.728,0.1,
-5.0205,3.2555,-0.2325,310.98,0.1,-4.9879999999999995,3.2695,-0.252,310.965,0.1,-4.9555,3.276,-0.2665,310.95,0.1,-4.915,3.2809999999999997,-0.269,310.932,0.1,-4.866,3.283,-0.2595,310.913,0.1,-4.8125,3.2809999999999997,-0.25,310.897,0.1,-4.759,3.2815,-0.2495,310.885,0.1,-4.71,3.2939999999999996,-0.256,310.873,0.1,-4.6665,3.3205,-0.2535,310.857,0.1,-4.6240000000000006,3.3514999999999997,-0.2265,310.839,0.1,-4.577,3.3705,-0.183,310.822,0.1,-4.525,3.363,-0.152,310.813,0.1,-4.468,3.3335,-0.153,310.807,0.1,-4.4025,3.3045,-0.174,310.796,0.1,-4.327,3.2954999999999997,-0.191,310.776,0.1,-4.2475000000000005,3.3035,-0.1905,310.747,0.1,
-5.061,3.2270000000000003,-0.1935,310.965,0.1,-5.044499999999999,3.2345,-0.212,310.952,0.1,-5.029999999999999,3.2395,-0.2205,310.939,0.1,-5.0024999999999995,3.2445,-0.22,310.924,0.1,-4.952999999999999,3.246,-0.212,310.91,0.1,-4.8815,3.2455,-0.2065,310.895,0.1,-4.7989999999999995,3.2515,-0.2175,310.88,0.1,-4.723,3.268,-0.241,310.865,0.1,-4.665,3.2960000000000003,-0.254,310.847,0.1,-4.62,3.33,-0.2355,310.829,0.1,-4.578,3.356,-0.191,310.812,0.1,-4.5365,3.3600000000000003,-0.1535,310.801,0.1,-4.493,3.3434999999999997,-0.144,310.794,0.1,-4.4425,3.3255,-0.156,310.786,0.1,-4.3855,3.322,-0.16899999999999998,310.771,0.1,-4.3255,3.327,-0.1725,310.75,0.1,
-5.083500000000001,3.2245,-0.145,310.941,0.1,-5.067,3.2285000000000004,-0.1665,310.928,0.1,-5.052,3.2375,-0.177,310.915,0.1,-5.026,3.248,-0.178,310.903,0.1,-4.9775,3.254,-0.16999999999999998,310.892,0.1,-4.901,3.2565,-0.165,310.88,0.1,-4.807,3.2625,-0.178,310.867,0.1,-4.717499999999999,3.276,-0.20850000000000002,310.852,0.1,-4.6485,3.3005,-0.23299999999999998,310.834,0.1,-4.6005,3.332,-0.228,310.816,0.1,-4.565,3.3585000000000003,-0.1925,310.798,0.1,-4.534000000000001,3.367,-0.1575,310.786,0.1,-4.5009999999999994,3.3609999999999998,-0.1445,310.778,0.1,-4.4605,3.355,-0.151,310.77,0.1,-4.415,3.36,-0.159,310.756,0.1,-4.3665,3.3689999999999998,-0.1595,310.737,0.1,
-5.086,3.229,-0.10500000000000001,310.913,0.1,-5.0535,3.233,-0.1275,310.9,0.1,-5.023,3.245,-0.14350000000000002,310.889,0.1,-4.99,3.259,-0.149,310.878,0.1,-4.9455,3.268,-0.1445,310.868,0.1,-4.8805,3.272,-0.1405,310.86,0.1,-4.7965,3.277,-0.151,310.85,0.1,-4.708,3.288,-0.1775,310.838,0.1,-4.634,3.31,-0.201,310.82,0.1,-4.584,3.339,-0.2005,310.8,0.1,-4.554,3.364,-0.177,310.783,0.1,-4.532,3.372,-0.154,310.771,0.1,-4.504,3.37,-0.1505,310.762,0.1,-4.4625,3.37,-0.16,310.75,0.1,-4.41,3.38,-0.165,310.731,0.1,-4.355499999999999,3.394,-0.16,310.708,0.1,
-4.539,3.319,-0.17049999999999998,311.029,0.1,-4.481,3.3235,-0.194,310.998,0.1,-4.448499999999999,3.329,-0.2055,310.966,0.1,-4.433,3.3245,-0.211,310.941,0.1,-4.4185,3.3105,-0.218,310.925,0.1,-4.3895,3.3055000000000003,-0.2185,310.909,0.1,-4.343,3.3194999999999997,-0.2045,310.891,0.1,-4.289,3.34,-0.18,310.876,0.1,-4.2445,3.351,-0.156,310.865,0.1,-4.2255,3.3325,-0.1435,310.862,0.1,-4.234,3.2775,-0.1475,310.87,0.1,-4.253,3.2055,-0.1635,310.88,0.1,-4.255,3.1555,-0.1785,310.88,0.1,-4.2204999999999995,3.151,-0.176,310.864,0.1,-4.1555,3.181,-0.1555,310.839,0.1,-4.0895,3.216,-0.1295,310.818,0.1,
-4.5635,3.31,-0.172,311.02,0.1,-4.513,3.3034999999999997,-0.202,310.992,0.1,-4.481,3.3035,-0.215,310.962,0.1,-4.461,3.302,-0.2165,310.939,0.1,-4.439,3.2960000000000003,-0.221,310.924,0.1,-4.4,3.2965,-0.227,310.91,0.1,-4.345000000000001,3.3095,-0.2265,310.894,0.1,-4.289,3.3265000000000002,-0.2135,310.878,0.1,-4.2490000000000006,3.3365,-0.19,310.864,0.1,-4.2385,3.3175,-0.167,310.858,0.1,-4.256,3.2569999999999997,-0.156,310.867,0.1,-4.279,3.1799999999999997,-0.16,310.879,0.1,-4.2805,3.126,-0.1725,310.885,0.1,-4.2445,3.1135,-0.1815,310.877,0.1,-4.1715,3.1390000000000002,-0.1745,310.858,0.1,-4.087,3.1825,-0.154,310.829,0.1,
-4.6105,3.3049999999999997,-0.16999999999999998,311.013,0.1,-4.571,3.295,-0.202,310.992,0.1,-4.542,3.293,-0.221,310.97,0.1,-4.516500000000001,3.2945,-0.223,310.951,0.1,-4.4815000000000005,3.2955,-0.2225,310.935,0.1,-4.4295,3.2984999999999998,-0.23,310.92,0.1,-4.3655,3.3064999999999998,-0.24,310.903,0.1,-4.305,3.316,-0.2365,310.885,0.1,-4.2675,3.3215000000000003,-0.2145,310.866,0.1,-4.265499999999999,3.3005,-0.1865,310.859,0.1,-4.2885,3.2405,-0.1625,310.869,0.1,-4.3095,3.1685,-0.152,310.88,0.1,-4.3095,3.12,-0.163,310.887,0.1,-4.279,3.1055,-0.1835,310.887,0.1,-4.2125,3.125,-0.188,310.872,0.1,-4.128,3.1624999999999996,-0.16999999999999998,310.842,0.1,
-4.670999999999999,3.3055,-0.169,311.013,0.1,-4.640499999999999,3.2984999999999998,-0.191,310.999,0.1,-4.615,3.2984999999999998,-0.2145,310.985,0.1,-4.5865,3.301,-0.2215,310.969,0.1,-4.542,3.3035,-0.2215,310.952,0.1,-4.4775,3.3045,-0.23099999999999998,310.934,0.1,-4.404,3.306,-0.248,310.914,0.1,-4.338,3.308,-0.251,310.893,0.1,-4.300000000000001,3.3075,-0.229,310.873,0.1,-4.302,3.285,-0.194,310.864,0.1,-4.3255,3.232,-0.158,310.871,0.1,-4.339,3.1734999999999998,-0.1355,310.88,0.1,-4.3309999999999995,3.1365,-0.146,310.885,0.1,-4.303,3.1275,-0.1785,310.885,0.1,-4.2509999999999994,3.1445,-0.1935,310.873,0.1,-4.1835,3.168,-0.18,310.846,0.1,
-4.7305,3.3095,-0.177,311.016,0.1,-4.704000000000001,3.31,-0.18,311.007,0.1,-4.682,3.3135000000000003,-0.1975,310.997,0.1,-4.656,3.316,-0.209,310.984,0.1,-4.6105,3.317,-0.2135,310.967,0.1,-4.5415,3.3145,-0.2275,310.948,0.1,-4.4605,3.31,-0.2505,310.927,0.1,-4.387499999999999,3.306,-0.2595,310.903,0.1,-4.3454999999999995,3.298,-0.239,310.881,0.1,-4.343500000000001,3.2744999999999997,-0.1975,310.869,0.1,-4.359500000000001,3.232,-0.1515,310.871,0.1,-4.359999999999999,3.1905,-0.122,310.876,0.1,-4.337,3.167,-0.133,310.878,0.1,-4.302,3.1665,-0.17099999999999999,310.872,0.1,-4.2620000000000005,3.1835,-0.1935,310.856,0.1,-4.2215,3.1944999999999997,-0.1865,310.835,0.1,
-4.781,3.3114999999999997,-0.201,311.02,0.1,-4.7535,3.3205,-0.184,311.012,0.1,-4.734,3.3285,-0.187,311.002,0.1,-4.712,3.3345000000000002,-0.1945,310.99,0.1,-4.6725,3.3365,-0.2015,310.975,0.1,-4.6105,3.333,-0.22,310.96,0.1,-4.534,3.324,-0.248,310.94,0.1,-4.4615,3.3135,-0.2615,310.916,0.1,-4.414,3.2965,-0.2445,310.892,0.1,-4.3995,3.2705,-0.20500000000000002,310.877,0.1,-4.397,3.237,-0.158,310.872,0.1,-4.3774999999999995,3.2095000000000002,-0.128,310.872,0.1,-4.3365,3.196,-0.1385,310.869,0.1,-4.29,3.2015000000000002,-0.17099999999999999,310.855,0.1,-4.256,3.218,-0.192,310.834,0.1,-4.241,3.222,-0.188,310.819,0.1,
-4.8309999999999995,3.3045,-0.235,311.025,0.1,-4.7965,3.3205,-0.2095,311.015,0.1,-4.774,3.3360000000000003,-0.198,311.004,0.1,-4.7535,3.3499999999999996,-0.196,310.992,0.1,-4.723,3.3585000000000003,-0.2,310.979,0.1,-4.677,3.3575,-0.2165,310.966,0.1,-4.618,3.3465,-0.2405,310.95,0.1,-4.5575,3.3285,-0.2525,310.929,0.1,-4.5105,3.302,-0.2435,310.909,0.1,-4.48,3.27,-0.216,310.893,0.1,-4.4510000000000005,3.2405,-0.1815,310.882,0.1,-4.407,3.2195,-0.159,310.876,0.1,-4.3485,3.2095000000000002,-0.1645,310.867,0.1,-4.292,3.215,-0.183,310.848,0.1,-4.259,3.2285,-0.191,310.824,0.1,-4.2585,3.2295,-0.1815,310.811,0.1,
-4.895,3.2889999999999997,-0.2615,311.035,0.1,-4.848,3.3095,-0.2445,311.022,0.1,-4.817,3.332,-0.231,311.008,0.1,-4.7940000000000005,3.3545,-0.223,310.995,0.1,-4.769,3.3715,-0.2195,310.982,0.1,-4.7375,3.375,-0.223,310.97,0.1,-4.699999999999999,3.3645,-0.231,310.957,0.1,-4.6594999999999995,3.3405,-0.2345,310.942,0.1,-4.6195,3.306,-0.2305,310.929,0.1,-4.577,3.2685,-0.221,310.915,0.1,-4.5245,3.238,-0.208,310.903,0.1,-4.46,3.2155,-0.198,310.891,0.1,-4.390499999999999,3.202,-0.199,310.876,0.1,-4.3309999999999995,3.2015000000000002,-0.2025,310.855,0.1,-4.298,3.209,-0.1945,310.833,0.1,-4.2965,3.2085,-0.172,310.818,0.1,
-4.9670000000000005,3.269,-0.274,311.045,0.1,-4.9094999999999995,3.2904999999999998,-0.277,311.03,0.1,-4.8685,3.3135,-0.274,311.015,0.1,-4.839,3.3390000000000004,-0.2675,310.999,0.1,-4.8145,3.3595,-0.256,310.985,0.1,-4.792,3.367,-0.24,310.971,0.1,-4.7715,3.3575,-0.2265,310.961,0.1,-4.7505,3.3315,-0.2165,310.954,0.1,-4.7204999999999995,3.2960000000000003,-0.213,310.947,0.1,-4.6739999999999995,3.2595,-0.2175,310.937,0.1,-4.609,3.2279999999999998,-0.222,310.925,0.1,-4.532500000000001,3.2005,-0.224,310.909,0.1,-4.459,3.1790000000000003,-0.226,310.892,0.1,-4.4015,3.168,-0.2225,310.872,0.1,-4.368,3.1675,-0.205,310.852,0.1,-4.3565000000000005,3.165,-0.172,310.837,0.1,
-5.034000000000001,3.2344999999999997,-0.276,311.05,0.1,-4.974500000000001,3.2545,-0.298,311.036,0.1,-4.9275,3.2714999999999996,-0.311,311.021,0.1,-4.891,3.2915,-0.3115,311.004,0.1,-4.8625,3.308,-0.295,310.988,0.1,-4.842,3.3145,-0.264,310.974,0.1,-4.8315,3.306,-0.2345,310.966,0.1,-4.824,3.284,-0.2145,310.963,0.1,-4.8035,3.2590000000000003,-0.2065,310.96,0.1,-4.759,3.2335,-0.2105,310.952,0.1,-4.692500000000001,3.2075,-0.2185,310.939,0.1,-4.616,3.1769999999999996,-0.2245,310.923,0.1,-4.5435,3.146,-0.23199999999999998,310.907,0.1,-4.4855,3.123,-0.2355,310.89,0.1,-4.4455,3.113,-0.221,310.872,0.1,-4.42,3.1085,-0.1855,310.856,0.1,
-5.115,3.1725,-0.269,311.056,0.1,-5.061999999999999,3.19,-0.3,311.043,0.1,-5.015000000000001,3.2005,-0.323,311.029,0.1,-4.974,3.2104999999999997,-0.329,311.013,0.1,-4.9405,3.219,-0.313,310.996,0.1,-4.916,3.2195,-0.2795,310.984,0.1,-4.9025,3.211,-0.248,310.976,0.1,-4.895,3.1985,-0.228,310.973,0.1,-4.8785,3.1915,-0.216,310.969,0.1,-4.8415,3.1855,-0.208,310.96,0.1,-4.7835,3.1719999999999997,-0.2015,310.948,0.1,-4.715,3.144,-0.2005,310.935,0.1,-4.6475,3.106,-0.213,310.923,0.1,-4.5855,3.0735,-0.229,310.909,0.1,-4.531000000000001,3.0570000000000004,-0.23,310.892,0.1,-4.484500000000001,3.0534999999999997,-0.20400000000000001,310.874,0.1,
-5.211,3.0965,-0.255,311.064,0.1,-5.171,3.1109999999999998,-0.2815,311.052,0.1,-5.133,3.117,-0.3045,311.039,0.1,-5.095,3.1189999999999998,-0.311,311.024,0.1,-5.058,3.1195,-0.298,311.008,0.1,-5.0245,3.114,-0.276,310.996,0.1,-4.9975000000000005,3.106,-0.258,310.988,0.1,-4.9765,3.104,-0.248,310.982,0.1,-4.954,3.114,-0.2365,310.974,0.1,-4.922,3.127,-0.214,310.964,0.1,-4.877,3.1285,-0.1855,310.952,0.1,-4.821,3.109,-0.17049999999999998,310.943,0.1,-4.759,3.073,-0.182,310.936,0.1,-4.693,3.0395,-0.2075,310.926,0.1,-4.622999999999999,3.023,-0.2215,310.91,0.1,-4.554,3.0229999999999997,-0.211,310.888,0.1,
-5.285500000000001,3.036,-0.231,311.062,0.1,-5.2620000000000005,3.0455,-0.2505,311.05,0.1,-5.241,3.048,-0.2645,311.038,0.1,-5.2135,3.047,-0.268,311.023,0.1,-5.175,3.0425,-0.26,311.008,0.1,-5.1285,3.0355,-0.2515,310.996,0.1,-5.080500000000001,3.0309999999999997,-0.2515,310.988,0.1,-5.0375,3.037,-0.259,310.98,0.1,-5.003,3.0564999999999998,-0.256,310.97,0.1,-4.972,3.08,-0.2285,310.958,0.1,-4.9355,3.0945,-0.1845,310.947,0.1,-4.890499999999999,3.0875,-0.155,310.94,0.1,-4.837,3.0629999999999997,-0.1575,310.935,0.1,-4.7745,3.038,-0.1815,310.928,0.1,-4.7044999999999995,3.027,-0.2005,310.914,0.1,-4.632,3.0285,-0.201,310.895,0.1,
-5.329,3.002,-0.1935,311.043,0.1,-5.319,3.0055,-0.211,311.031,0.1,-5.3125,3.0075000000000003,-0.22,311.018,0.1,-5.294499999999999,3.0090000000000003,-0.2205,311.006,0.1,-5.255,3.0055,-0.215,310.994,0.1,-5.193,3.0010000000000003,-0.2115,310.983,0.1,-5.12,3.0004999999999997,-0.224,310.973,0.1,-5.0545,3.0095,-0.248,310.964,0.1,-5.008,3.0305,-0.2605,310.954,0.1,-4.9755,3.057,-0.24,310.943,0.1,-4.9445,3.0785,-0.193,310.933,0.1,-4.9085,3.083,-0.155,310.926,0.1,-4.8655,3.0725,-0.148,310.921,0.1,-4.8145,3.0605,-0.1635,310.915,0.1,-4.759,3.0575,-0.1785,310.904,0.1,-4.7035,3.06,-0.183,310.89,0.1,
-5.362500000000001,2.9925,-0.1485,311.014,0.1,-5.352,2.9935,-0.169,311.001,0.1,-5.343500000000001,2.9995000000000003,-0.18,310.99,0.1,-5.3245000000000005,3.0065,-0.1815,310.979,0.1,-5.2844999999999995,3.0085,-0.1755,310.971,0.1,-5.217499999999999,3.0075000000000003,-0.1725,310.964,0.1,-5.1335,3.0084999999999997,-0.188,310.956,0.1,-5.0555,3.0164999999999997,-0.2205,310.948,0.1,-4.999499999999999,3.0345,-0.244,310.938,0.1,-4.965,3.0585,-0.235,310.927,0.1,-4.9395,3.08,-0.1955,310.916,0.1,-4.912,3.0895,-0.159,310.909,0.1,-4.878,3.0895,-0.148,310.904,0.1,-4.836,3.09,-0.1585,310.897,0.1,-4.791,3.0965,-0.16849999999999998,310.886,0.1,-4.7465,3.104,-0.16999999999999998,310.872,0.1,
-5.3775,2.994,-0.112,310.982,0.1,-5.3515,2.995,-0.1335,310.971,0.1,-5.3285,3.004,-0.149,310.962,0.1,-5.3025,3.014,-0.155,310.954,0.1,-5.264,3.019,-0.1515,310.949,0.1,-5.205,3.02,-0.1495,310.945,0.1,-5.13,3.021,-0.163,310.94,0.1,-5.0545,3.028,-0.1915,310.932,0.1,-4.995,3.044,-0.214,310.922,0.1,-4.958,3.065,-0.209,310.911,0.1,-4.9355,3.085,-0.181,310.9,0.1,-4.914,3.095,-0.156,310.892,0.1,-4.8835,3.099,-0.1545,310.885,0.1,-4.8415,3.105,-0.1675,310.874,0.1,-4.794,3.117,-0.1745,310.86,0.1,-4.747999999999999,3.128,-0.16849999999999998,310.843,0.1,
-4.784000000000001,3.0970000000000004,-0.177,311.113,0.1,-4.734500000000001,3.095,-0.1975,311.088,0.1,-4.7085,3.094,-0.2065,311.063,0.1,-4.6975,3.0869999999999997,-0.211,311.043,0.1,-4.686,3.072,-0.218,311.03,0.1,-4.6605,3.0629999999999997,-0.2195,311.017,0.1,-4.617,3.0695,-0.206,311.003,0.1,-4.5649999999999995,3.084,-0.1825,310.99,0.1,-4.5205,3.09,-0.1585,310.98,0.1,-4.497999999999999,3.0705,-0.145,310.977,0.1,-4.5015,3.02,-0.147,310.981,0.1,-4.516500000000001,2.9565,-0.162,310.988,0.1,-4.5184999999999995,2.911,-0.176,310.988,0.1,-4.4885,2.9025,-0.174,310.975,0.1,-4.4285,2.9234999999999998,-0.156,310.954,0.1,-4.3645,2.952,-0.132,310.935,0.1,
-4.807499999999999,3.1025,-0.1775,311.103,0.1,-4.7645,3.0915,-0.2055,311.08,0.1,-4.7395,3.0845000000000002,-0.2165,311.057,0.1,-4.725,3.0789999999999997,-0.2175,311.038,0.1,-4.7065,3.0685000000000002,-0.2225,311.026,0.1,-4.670999999999999,3.064,-0.2305,311.015,0.1,-4.619999999999999,3.0695,-0.2315,311.002,0.1,-4.5675,3.0795,-0.2185,310.988,0.1,-4.5295000000000005,3.083,-0.192,310.975,0.1,-4.5175,3.061,-0.1665,310.97,0.1,-4.5305,3.0060000000000002,-0.154,310.974,0.1,-4.5504999999999995,2.9395,-0.158,310.983,0.1,-4.5535,2.892,-0.172,310.986,0.1,-4.5225,2.88,-0.1825,310.981,0.1,-4.4555,2.8994999999999997,-0.1775,310.964,0.1,-4.3759999999999994,2.9345,-0.1585,310.94,0.1,
-4.852,3.11,-0.1745,311.094,0.1,-4.8185,3.096,-0.2055,311.077,0.1,-4.7955,3.0875000000000004,-0.223,311.06,0.1,-4.775499999999999,3.0825,-0.2245,311.044,0.1,-4.746,3.0765000000000002,-0.2255,311.031,0.1,-4.6985,3.074,-0.2355,311.019,0.1,-4.6395,3.0755,-0.248,311.004,0.1,-4.585,3.078,-0.2435,310.989,0.1,-4.552,3.076,-0.2175,310.973,0.1,-4.5504999999999995,3.0525,-0.1855,310.966,0.1,-4.5715,2.999,-0.16,310.971,0.1,-4.5915,2.938,-0.1505,310.979,0.1,-4.5920000000000005,2.8970000000000002,-0.1645,310.985,0.1,-4.5635,2.886,-0.188,310.984,0.1,-4.502000000000001,2.902,-0.194,310.973,0.1,-4.423,2.932,-0.176,310.948,0.1,
-4.907,3.117,-0.1725,311.089,0.1,-4.882,3.1065,-0.195,311.078,0.1,-4.862,3.1,-0.2175,311.067,0.1,-4.839499999999999,3.096,-0.2245,311.054,0.1,-4.801,3.092,-0.226,311.04,0.1,-4.743,3.088,-0.239,311.025,0.1,-4.677,3.0845000000000002,-0.258,311.009,0.1,-4.6195,3.0805,-0.2595,310.991,0.1,-4.589,3.0735,-0.23349999999999999,310.974,0.1,-4.5945,3.049,-0.1935,310.965,0.1,-4.6185,3.0025000000000004,-0.156,310.969,0.1,-4.631,2.9545000000000003,-0.135,310.976,0.1,-4.621,2.9255,-0.15,310.98,0.1,-4.5905000000000005,2.92,-0.1855,310.981,0.1,-4.5385,2.934,-0.2005,310.97,0.1,-4.474,2.952,-0.186,310.948,0.1,
-4.9615,3.122,-0.1805,311.088,0.1,-4.9415,3.1195,-0.1835,311.08,0.1,-4.9254999999999995,3.1180000000000003,-0.2005,311.072,0.1,-4.9045000000000005,3.117,-0.213,311.061,0.1,-4.8655,3.1145,-0.219,311.048,0.1,-4.805,3.1095,-0.237,311.033,0.1,-4.734,3.102,-0.262,311.015,0.1,-4.672000000000001,3.092,-0.27,310.995,0.1,-4.6395,3.0789999999999997,-0.245,310.976,0.1,-4.6419999999999995,3.0534999999999997,-0.1985,310.965,0.1,-4.6575,3.016,-0.1505,310.966,0.1,-4.6545,2.983,-0.1235,310.97,0.1,-4.6265,2.9665,-0.139,310.971,0.1,-4.587,2.968,-0.179,310.966,0.1,-4.545,2.9805,-0.201,310.953,0.1,-4.5055,2.9859999999999998,-0.192,310.936,0.1,
-5.0095,3.1254999999999997,-0.20550000000000002,311.086,0.1,-4.9905,3.1315,-0.188,311.08,0.1,-4.977,3.138,-0.1905,311.072,0.1,-4.96,3.1435,-0.199,311.062,0.1,-4.927,3.146,-0.2085,311.051,0.1,-4.873,3.1425,-0.22999999999999998,311.038,0.1,-4.8065,3.1319999999999997,-0.2595,311.022,0.1,-4.745,3.1159999999999997,-0.2725,311.001,0.1,-4.7065,3.0945,-0.252,310.982,0.1,-4.695,3.0655,-0.2085,310.969,0.1,-4.6899999999999995,3.035,-0.16,310.964,0.1,-4.6655,3.0125,-0.132,310.964,0.1,-4.6195,3.0035,-0.1455,310.962,0.1,-4.571,3.008,-0.179,310.95,0.1,-4.538,3.0164999999999997,-0.198,310.932,0.1,-4.5245,3.013,-0.1915,310.92,0.1,
-5.058999999999999,3.127,-0.2405,311.086,0.1,-5.0344999999999995,3.1399999999999997,-0.214,311.078,0.1,-5.0184999999999995,3.1555,-0.202,311.069,0.1,-5.0024999999999995,3.1704999999999997,-0.2005,311.06,0.1,-4.976,3.1805000000000003,-0.20650000000000002,311.05,0.1,-4.935,3.1805,-0.225,311.04,0.1,-4.884,3.1685,-0.25,311.026,0.1,-4.832000000000001,3.1464999999999996,-0.2615,311.009,0.1,-4.7905,3.1159999999999997,-0.2505,310.991,0.1,-4.761,3.081,-0.2205,310.978,0.1,-4.729,3.052,-0.186,310.969,0.1,-4.682,3.032,-0.165,310.964,0.1,-4.6240000000000006,3.0225,-0.172,310.957,0.1,-4.572,3.0225,-0.1895,310.941,0.1,-4.544499999999999,3.0244999999999997,-0.195,310.921,0.1,-4.5455,3.0155,-0.1825,310.91,0.1,
-5.1195,3.1275,-0.268,311.089,0.1,-5.0825,3.1449999999999996,-0.25,311.078,0.1,-5.057,3.1665,-0.2355,311.068,0.1,-5.037,3.1885,-0.227,311.058,0.1,-5.0145,3.2045000000000003,-0.2245,311.048,0.1,-4.9864999999999995,3.207,-0.229,311.038,0.1,-4.954000000000001,3.195,-0.237,311.027,0.1,-4.9185,3.169,-0.2395,311.015,0.1,-4.881,3.1325,-0.235,311.003,0.1,-4.839,3.0934999999999997,-0.2265,310.992,0.1,-4.7865,3.061,-0.2145,310.983,0.1,-4.7235,3.0365,-0.20600000000000002,310.973,0.1,-4.6594999999999995,3.0185,-0.20700000000000002,310.96,0.1,-4.608499999999999,3.0084999999999997,-0.208,310.943,0.1,-4.5835,3.0025,-0.197,310.924,0.1,-4.584,2.9905,-0.172,310.912,0.1,
-5.1795,3.127,-0.28,311.093,0.1,-5.131,3.1449999999999996,-0.2825,311.081,0.1,-5.095000000000001,3.1645,-0.278,311.069,0.1,-5.0685,3.1855,-0.2705,311.058,0.1,-5.047000000000001,3.201,-0.2585,311.046,0.1,-5.028499999999999,3.2039999999999997,-0.2425,311.035,0.1,-5.012,3.192,-0.2275,311.026,0.1,-4.994,3.1665,-0.217,311.02,0.1,-4.966,3.1319999999999997,-0.215,311.014,0.1,-4.921,3.0955,-0.2225,311.006,0.1,-4.8585,3.061,-0.23,310.996,0.1,-4.787000000000001,3.029,-0.23249999999999998,310.983,0.1,-4.721,2.999,-0.23349999999999999,310.968,0.1,-4.672499999999999,2.9765,-0.2275,310.951,0.1,-4.6465,2.9615,-0.207,310.934,0.1,-4.636,2.949,-0.17149999999999999,310.921,0.1,
-5.228,3.112,-0.28,311.094,0.1,-5.1765,3.1275,-0.302,311.082,0.1,-5.135,3.1384999999999996,-0.3135,311.07,0.1,-5.104,3.1500000000000004,-0.3125,311.057,0.1,-5.082000000000001,3.158,-0.2945,311.043,0.1,-5.0685,3.1580000000000004,-0.262,311.032,0.1,-5.063000000000001,3.1465,-0.231,311.025,0.1,-5.058,3.127,-0.211,311.023,0.1,-5.0395,3.104,-0.206,311.02,0.1,-4.9975000000000005,3.0795,-0.214,311.013,0.1,-4.933999999999999,3.05,-0.2255,311.003,0.1,-4.862,3.0135,-0.23349999999999999,310.989,0.1,-4.7965,2.9735,-0.2395,310.974,0.1,-4.746,2.939,-0.24,310.959,0.1,-4.7115,2.917,-0.2235,310.943,0.1,-4.687,2.9050000000000002,-0.1865,310.929,0.1,
-5.282500000000001,3.0685000000000002,-0.271,311.096,0.1,-5.2385,3.081,-0.3015,311.084,0.1,-5.2010000000000005,3.0845000000000002,-0.3235,311.073,0.1,-5.1705000000000005,3.085,-0.3285,311.059,0.1,-5.1475,3.0825,-0.311,311.045,0.1,-5.1325,3.076,-0.276,311.034,0.1,-5.1259999999999994,3.0645,-0.244,311.028,0.1,-5.122,3.0534999999999997,-0.224,311.025,0.1,-5.106999999999999,3.0475,-0.214,311.022,0.1,-5.0715,3.041,-0.21,311.015,0.1,-5.016,3.024,-0.2065,311.004,0.1,-4.95,2.9915000000000003,-0.208,310.992,0.1,-4.8865,2.9485,-0.2205,310.98,0.1,-4.830500000000001,2.9085,-0.235,310.967,0.1,-4.7805,2.8845,-0.2345,310.951,0.1,-4.736,2.8745000000000003,-0.208,310.935,0.1,
-5.35,3.0090000000000003,-0.2545,311.099,0.1,-5.322,3.0185,-0.2805,311.088,0.1,-5.297000000000001,3.0185000000000004,-0.303,311.076,0.1,-5.273,3.012,-0.309,311.063,0.1,-5.25,3.0010000000000003,-0.296,311.049,0.1,-5.229,2.988,-0.274,311.038,0.1,-5.21,2.976,-0.256,311.032,0.1,-5.1925,2.9725,-0.246,311.027,0.1,-5.1715,2.981,-0.2355,311.02,0.1,-5.140000000000001,2.991,-0.2145,311.011,0.1,-5.0955,2.99,-0.1885,311.0,0.1,-5.0415,2.9699999999999998,-0.176,310.991,0.1,-4.983499999999999,2.9345,-0.188,310.982,0.1,-4.923,2.9,-0.2145,310.972,0.1,-4.859,2.8795,-0.2285,310.958,0.1,-4.794499999999999,2.8735,-0.2185,310.94,0.1,
-5.4105,2.959,-0.229,311.093,0.1,-5.3995,2.9645,-0.2475,311.082,0.1,-5.3915,2.962,-0.2615,311.07,0.1,-5.3785,2.953,-0.266,311.057,0.1,-5.356,2.939,-0.2595,311.043,0.1,-5.323,2.924,-0.2525,311.032,0.1,-5.2835,2.9139999999999997,-0.253,311.024,0.1,-5.2445,2.916,-0.2605,311.017,0.1,-5.2115,2.931,-0.2575,311.008,0.1,-5.1815,2.9515000000000002,-0.2295,310.998,0.1,-5.147,2.964,-0.186,310.988,0.1,-5.105,2.9595000000000002,-0.1585,310.98,0.1,-5.0555,2.9395,-0.163,310.975,0.1,-4.9975000000000005,2.918,-0.1885,310.968,0.1,-4.932,2.906,-0.209,310.956,0.1,-4.8635,2.9035,-0.2105,310.94,0.1,
-5.4595,2.928,-0.1925,311.07,0.1,-5.46,2.928,-0.209,311.059,0.1,-5.464,2.9245,-0.218,311.048,0.1,-5.459,2.918,-0.22,311.036,0.1,-5.4345,2.907,-0.217,311.025,0.1,-5.3865,2.896,-0.216,311.014,0.1,-5.3235,2.8905,-0.23,311.004,0.1,-5.263,2.8955,-0.2545,310.995,0.1,-5.2185,2.9109999999999996,-0.266,310.986,0.1,-5.189,2.934,-0.2435,310.976,0.1,-5.163,2.9535,-0.195,310.967,0.1,-5.131,2.9605,-0.157,310.961,0.1,-5.0905000000000005,2.9565,-0.152,310.957,0.1,-5.0405,2.949,-0.17049999999999998,310.952,0.1,-4.984,2.947,-0.1875,310.943,0.1,-4.926,2.948,-0.193,310.931,0.1,
-5.505,2.916,-0.1515,311.038,0.1,-5.5035,2.9125,-0.17099999999999999,311.027,0.1,-5.5055,2.9115,-0.1815,311.017,0.1,-5.4985,2.911,-0.1845,311.007,0.1,-5.4704999999999995,2.9074999999999998,-0.1805,310.999,0.1,-5.4155,2.9035,-0.18,310.991,0.1,-5.3415,2.9025,-0.198,310.983,0.1,-5.27,2.9080000000000004,-0.23149999999999998,310.974,0.1,-5.218500000000001,2.921,-0.254,310.965,0.1,-5.1884999999999994,2.9395,-0.241,310.956,0.1,-5.1685,2.958,-0.1985,310.947,0.1,-5.1445,2.9690000000000003,-0.161,310.941,0.1,-5.109500000000001,2.9745,-0.152,310.937,0.1,-5.0635,2.979,-0.1655,310.932,0.1,-5.013,2.9865,-0.177,310.924,0.1,-4.9635,2.9915000000000003,-0.1795,310.912,0.1,
-5.532500000000001,2.915,-0.1185,311.005,0.1,-5.519,2.911,-0.139,310.995,0.1,-5.5085,2.912,-0.1535,310.987,0.1,-5.493,2.915,-0.1605,310.98,0.1,-5.4625,2.916,-0.1585,310.973,0.1,-5.4105,2.916,-0.159,310.969,0.1,-5.342499999999999,2.917,-0.1755,310.963,0.1,-5.274,2.922,-0.20500000000000002,310.956,0.1,-5.2215,2.933,-0.226,310.947,0.1,-5.191,2.948,-0.217,310.937,0.1,-5.173,2.964,-0.1845,310.928,0.1,-5.1515,2.975,-0.1585,310.922,0.1,-5.117,2.983,-0.159,310.917,0.1,-5.07,2.993,-0.175,310.909,0.1,-5.0184999999999995,3.005,-0.183,310.897,0.1,-4.9705,3.012,-0.176,310.884,0.1,
-5.029,2.876,-0.183,311.198,0.1,-4.9879999999999995,2.866,-0.201,311.178,0.1,-4.968500000000001,2.8594999999999997,-0.207,311.16,0.1,-4.9625,2.8495,-0.2105,311.145,0.1,-4.9545,2.8335,-0.2185,311.136,0.1,-4.9315,2.8205,-0.2205,311.126,0.1,-4.891,2.8205,-0.208,311.114,0.1,-4.8415,2.8280000000000003,-0.185,311.104,0.1,-4.797,2.829,-0.161,311.096,0.1,-4.771,2.809,-0.1465,311.092,0.1,-4.7684999999999995,2.763,-0.147,311.093,0.1,-4.7795,2.707,-0.1605,311.097,0.1,-4.782,2.6660000000000004,-0.174,311.096,0.1,-4.7565,2.6545,-0.1725,311.086,0.1,-4.702,2.667,-0.1565,311.069,0.1,-4.640499999999999,2.6875,-0.1345,311.052,0.1,
-5.0515,2.8955,-0.1825,311.186,0.1,-5.015499999999999,2.8785,-0.209,311.169,0.1,-4.997,2.8665000000000003,-0.218,311.152,0.1,-4.9885,2.8555,-0.2185,311.138,0.1,-4.974500000000001,2.8415,-0.224,311.128,0.1,-4.942500000000001,2.831,-0.23349999999999999,311.12,0.1,-4.894500000000001,2.8295,-0.2365,311.109,0.1,-4.8455,2.832,-0.223,311.098,0.1,-4.8095,2.829,-0.1945,311.087,0.1,-4.7955000000000005,2.8055,-0.166,311.081,0.1,-4.804,2.7555,-0.152,311.081,0.1,-4.8215,2.6985,-0.156,311.086,0.1,-4.8260000000000005,2.6580000000000004,-0.17149999999999999,311.088,0.1,-4.7995,2.6465,-0.184,311.084,0.1,-4.7395,2.66,-0.181,311.071,0.1,-4.6655,2.6865,-0.163,311.052,0.1,
-5.093,2.915,-0.179,311.175,0.1,-5.0655,2.8965,-0.209,311.162,0.1,-5.0489999999999995,2.882,-0.2255,311.149,0.1,-5.035,2.87,-0.226,311.138,0.1,-5.0105,2.8579999999999997,-0.228,311.128,0.1,-4.967499999999999,2.849,-0.241,311.117,0.1,-4.913,2.844,-0.2555,311.106,0.1,-4.864,2.8395,-0.2505,311.093,0.1,-4.8355,2.8310000000000004,-0.2205,311.08,0.1,-4.8355,2.8055,-0.1845,311.072,0.1,-4.8555,2.7575000000000003,-0.1575,311.072,0.1,-4.8745,2.7075,-0.1495,311.077,0.1,-4.875500000000001,2.675,-0.166,311.082,0.1,-4.849,2.6665,-0.192,311.082,0.1,-4.7915,2.6790000000000003,-0.1995,311.074,0.1,-4.7170000000000005,2.702,-0.182,311.054,0.1,
-5.1434999999999995,2.9284999999999997,-0.176,311.166,0.1,-5.124,2.914,-0.1985,311.158,0.1,-5.109999999999999,2.9015,-0.2205,311.149,0.1,-5.093,2.8905000000000003,-0.2275,311.139,0.1,-5.060499999999999,2.8810000000000002,-0.2305,311.129,0.1,-5.0095,2.872,-0.2465,311.117,0.1,-4.9505,2.863,-0.268,311.104,0.1,-4.901,2.8529999999999998,-0.2685,311.09,0.1,-4.878500000000001,2.8395,-0.238,311.075,0.1,-4.888,2.8135,-0.193,311.066,0.1,-4.912000000000001,2.7729999999999997,-0.1535,311.067,0.1,-4.923500000000001,2.7355,-0.135,311.071,0.1,-4.911,2.715,-0.154,311.075,0.1,-4.878,2.7125000000000004,-0.192,311.076,0.1,-4.8260000000000005,2.724,-0.208,311.068,0.1,-4.763999999999999,2.7365,-0.192,311.05,0.1,
-5.193,2.9349999999999996,-0.184,311.159,0.1,-5.1795,2.9285,-0.187,311.154,0.1,-5.1690000000000005,2.9234999999999998,-0.20400000000000001,311.147,0.1,-5.153499999999999,2.9175,-0.2165,311.139,0.1,-5.121,2.9125,-0.225,311.129,0.1,-5.0685,2.905,-0.2465,311.117,0.1,-5.0075,2.894,-0.2735,311.103,0.1,-4.957000000000001,2.879,-0.28049999999999997,311.087,0.1,-4.934,2.8595,-0.251,311.071,0.1,-4.941,2.832,-0.1995,311.061,0.1,-4.9555,2.8,-0.1495,311.061,0.1,-4.949,2.776,-0.125,311.064,0.1,-4.916,2.7665,-0.1445,311.065,0.1,-4.8715,2.7695,-0.1865,311.061,0.1,-4.828,2.7779999999999996,-0.2085,311.051,0.1,-4.79,2.7775,-0.1975,311.037,0.1,
-5.2379999999999995,2.94,-0.21,311.153,0.1,-5.227,2.9425,-0.192,311.148,0.1,-5.22,2.9485,-0.194,311.141,0.1,-5.2085,2.9524999999999997,-0.20350000000000001,311.134,0.1,-5.1815,2.955,-0.215,311.126,0.1,-5.1355,2.952,-0.2395,311.116,0.1,-5.079,2.9405,-0.271,311.104,0.1,-5.028499999999999,2.9195,-0.2835,311.087,0.1,-4.999,2.8920000000000003,-0.2595,311.071,0.1,-4.9905,2.8605,-0.2115,311.06,0.1,-4.9825,2.833,-0.1615,311.056,0.1,-4.9525,2.8165,-0.136,311.056,0.1,-4.901999999999999,2.8115,-0.152,311.054,0.1,-4.852,2.814,-0.1865,311.045,0.1,-4.82,2.8155,-0.20400000000000001,311.031,0.1,-4.808,2.8035,-0.1945,311.02,0.1,
-5.2875,2.9495,-0.2455,311.148,0.1,-5.2725,2.96,-0.2185,311.14,0.1,-5.263,2.976,-0.2065,311.134,0.1,-5.251,2.9909999999999997,-0.20550000000000002,311.127,0.1,-5.2285,3.0025,-0.213,311.12,0.1,-5.1935,3.0035,-0.23349999999999999,311.113,0.1,-5.15,2.9905,-0.26,311.102,0.1,-5.1065000000000005,2.9645,-0.271,311.088,0.1,-5.071,2.9295,-0.2575,311.074,0.1,-5.042,2.8925,-0.2255,311.063,0.1,-5.0075,2.863,-0.1905,311.057,0.1,-4.9575,2.8449999999999998,-0.17099999999999999,311.053,0.1,-4.899,2.8355,-0.1795,311.047,0.1,-4.851,2.8295000000000003,-0.1965,311.034,0.1,-4.829,2.8209999999999997,-0.1995,311.018,0.1,-4.832,2.801,-0.1835,311.009,0.1,
-5.344,2.9665,-0.2745,311.144,0.1,-5.317,2.981,-0.2555,311.135,0.1,-5.297499999999999,3.0010000000000003,-0.24,311.128,0.1,-5.279999999999999,3.022,-0.231,311.122,0.1,-5.2595,3.038,-0.2295,311.115,0.1,-5.235,3.0395000000000003,-0.235,311.107,0.1,-5.2075,3.025,-0.243,311.098,0.1,-5.177,2.997,-0.2445,311.088,0.1,-5.1425,2.959,-0.2395,311.078,0.1,-5.101,2.9185,-0.2315,311.07,0.1,-5.048500000000001,2.884,-0.2215,311.062,0.1,-4.987,2.857,-0.214,311.055,0.1,-4.928,2.835,-0.2145,311.045,0.1,-4.886,2.8155,-0.2135,311.031,0.1,-4.869,2.7960000000000003,-0.1995,311.016,0.1,-4.8705,2.7725,-0.172,311.005,0.1,
-5.3925,2.9855,-0.2865,311.141,0.1,-5.353,2.9995000000000003,-0.288,311.132,0.1,-5.322,3.0149999999999997,-0.28200000000000003,311.124,0.1,-5.2989999999999995,3.0315,-0.2735,311.116,0.1,-5.2805,3.0425,-0.261,311.108,0.1,-5.265000000000001,3.0415,-0.245,311.099,0.1,-5.252000000000001,3.027,-0.2285,311.092,0.1,-5.237,3.0015,-0.2175,311.086,0.1,-5.2115,2.9685,-0.217,311.081,0.1,-5.1685,2.932,-0.2275,311.075,0.1,-5.1085,2.895,-0.238,311.067,0.1,-5.042,2.857,-0.2415,311.057,0.1,-4.9835,2.819,-0.241,311.045,0.1,-4.944,2.7845,-0.23249999999999998,311.031,0.1,-4.9245,2.7555,-0.2085,311.016,0.1,-4.9155,2.733,-0.171,311.005,0.1,
-5.422499999999999,2.989,-0.284,311.137,0.1,-5.3785,3.0,-0.306,311.128,0.1,-5.343,3.0054999999999996,-0.316,311.119,0.1,-5.318,3.0084999999999997,-0.3135,311.109,0.1,-5.3025,3.008,-0.294,311.099,0.1,-5.295,3.0015,-0.2605,311.09,0.1,-5.2940000000000005,2.9875,-0.2275,311.084,0.1,-5.292,2.9695,-0.2075,311.082,0.1,-5.276,2.95,-0.2055,311.08,0.1,-5.2364999999999995,2.926,-0.218,311.075,0.1,-5.176,2.893,-0.23249999999999998,311.066,0.1,-5.109,2.85,-0.242,311.055,0.1,-5.05,2.8005,-0.247,311.042,0.1,-5.007,2.755,-0.2445,311.028,0.1,-4.9775,2.721,-0.226,311.014,0.1,-4.9535,2.702,-0.187,311.001,0.1,
-5.4505,2.964,-0.2725,311.135,0.1,-5.416,2.972,-0.303,311.126,0.1,-5.3875,2.969,-0.3245,311.116,0.1,-5.367,2.959,-0.328,311.104,0.1,-5.3545,2.9465,-0.309,311.093,0.1,-5.349,2.932,-0.2725,311.084,0.1,-5.3495,2.9175,-0.2395,311.079,0.1,-5.3495,2.908,-0.22,311.077,0.1,-5.3365,2.904,-0.2125,311.075,0.1,-5.302,2.8964999999999996,-0.2115,311.069,0.1,-5.247999999999999,2.876,-0.2115,311.06,0.1,-5.185,2.8390000000000004,-0.2155,311.049,0.1,-5.1259999999999994,2.7904999999999998,-0.2275,311.037,0.1,-5.0755,2.7439999999999998,-0.241,311.024,0.1,-5.0305,2.7115,-0.2395,311.01,0.1,-4.9885,2.6959999999999997,-0.212,310.996,0.1,
-5.489000000000001,2.9215,-0.254,311.135,0.1,-5.473000000000001,2.927,-0.2795,311.125,0.1,-5.461,2.92,-0.3015,311.114,0.1,-5.4515,2.904,-0.3075,311.101,0.1,-5.4425,2.883,-0.294,311.089,0.1,-5.433,2.862,-0.272,311.08,0.1,-5.422000000000001,2.846,-0.254,311.075,0.1,-5.4085,2.841,-0.244,311.071,0.1,-5.388999999999999,2.8475,-0.2345,311.065,0.1,-5.3580000000000005,2.855,-0.2155,311.057,0.1,-5.314500000000001,2.8514999999999997,-0.1915,311.048,0.1,-5.2625,2.8305,-0.1815,311.038,0.1,-5.2075,2.7965,-0.1945,311.029,0.1,-5.151999999999999,2.761,-0.2215,311.019,0.1,-5.0945,2.7359999999999998,-0.236,311.006,0.1,-5.035,2.724,-0.226,310.992,0.1,
-5.536,2.8825000000000003,-0.2275,311.124,0.1,-5.537,2.8834999999999997,-0.2445,311.114,0.1,-5.542,2.8754999999999997,-0.2585,311.103,0.1,-5.544499999999999,2.8585000000000003,-0.2635,311.091,0.1,-5.5375,2.8355,-0.2585,311.078,0.1,-5.518,2.8129999999999997,-0.253,311.068,0.1,-5.487,2.7969999999999997,-0.255,311.061,0.1,-5.452,2.7945,-0.262,311.054,0.1,-5.42,2.8055,-0.2585,311.046,0.1,-5.3905,2.8225,-0.2305,311.037,0.1,-5.3585,2.8335,-0.188,311.028,0.1,-5.32,2.831,-0.1615,311.02,0.1,-5.274,2.8165,-0.1685,311.015,0.1,-5.2204999999999995,2.7984999999999998,-0.196,311.008,0.1,-5.16,2.785,-0.2175,310.998,0.1,-5.0945,2.778,-0.22,310.985,0.1,
-5.5905000000000005,2.855,-0.1915,311.098,0.1,-5.6005,2.8499999999999996,-0.2075,311.087,0.1,-5.6155,2.8419999999999996,-0.216,311.077,0.1,-5.6235,2.827,-0.2195,311.067,0.1,-5.6135,2.8085,-0.2185,311.056,0.1,-5.5794999999999995,2.791,-0.2205,311.045,0.1,-5.5265,2.78,-0.236,311.035,0.1,-5.4715,2.7805,-0.2615,311.026,0.1,-5.4295,2.792,-0.2715,311.018,0.1,-5.4025,2.811,-0.2465,311.009,0.1,-5.381,2.8285,-0.197,311.002,0.1,-5.354,2.8385,-0.159,310.997,0.1,-5.316,2.84,-0.1565,310.993,0.1,-5.266,2.838,-0.1775,310.989,0.1,-5.208,2.837,-0.1965,310.982,0.1,-5.148,2.8355,-0.203,310.973,0.1,
-5.6475,2.8405,-0.154,311.062,0.1,-5.6555,2.831,-0.173,311.053,0.1,-5.668,2.824,-0.183,311.044,0.1,-5.6725,2.816,-0.1875,311.035,0.1,-5.6565,2.807,-0.1855,311.027,0.1,-5.6129999999999995,2.7995,-0.1875,311.018,0.1,-5.5489999999999995,2.7965,-0.20800000000000002,311.009,0.1,-5.484500000000001,2.799,-0.243,311.0,0.1,-5.438000000000001,2.8075,-0.264,310.992,0.1,-5.413,2.8215,-0.247,310.985,0.1,-5.398,2.8360000000000003,-0.2015,310.978,0.1,-5.377000000000001,2.849,-0.163,310.974,0.1,-5.341,2.8594999999999997,-0.156,310.971,0.1,-5.291,2.8685,-0.1725,310.967,0.1,-5.234500000000001,2.877,-0.1855,310.961,0.1,-5.18,2.8795,-0.1885,310.953,0.1,
-5.687,2.837,-0.125,311.027,0.1,-5.6855,2.826,-0.1445,311.02,0.1,-5.688000000000001,2.82,-0.1585,311.013,0.1,-5.6835,2.817,-0.1655,311.005,0.1,-5.661,2.814,-0.1655,310.998,0.1,-5.616,2.812,-0.16849999999999998,310.992,0.1,-5.5545,2.813,-0.188,310.987,0.1,-5.493,2.816,-0.219,310.98,0.1,-5.4485,2.822,-0.238,310.971,0.1,-5.4245,2.832,-0.225,310.963,0.1,-5.41,2.843,-0.188,310.956,0.1,-5.3885,2.855,-0.161,310.952,0.1,-5.35,2.868,-0.1635,310.949,0.1,-5.297499999999999,2.881,-0.1825,310.944,0.1,-5.2425,2.893,-0.191,310.935,0.1,-5.1935,2.897,-0.184,310.925,0.1,
-5.2725,2.655,-0.1895,311.282,0.1,-5.24,2.638,-0.20500000000000002,311.269,0.1,-5.227,2.6254999999999997,-0.208,311.256,0.1,-5.225,2.6135,-0.2105,311.247,0.1,-5.2195,2.596,-0.2195,311.24,0.1,-5.1995000000000005,2.58,-0.223,311.233,0.1,-5.163,2.573,-0.2115,311.225,0.1,-5.116,2.574,-0.1885,311.217,0.1,-5.071,2.5700000000000003,-0.164,311.21,0.1,-5.0415,2.5484999999999998,-0.1485,311.206,0.1,-5.032500000000001,2.5084999999999997,-0.1475,311.204,0.1,-5.038,2.462,-0.1595,311.204,0.1,-5.0405,2.4275,-0.1725,311.202,0.1,-5.019500000000001,2.4130000000000003,-0.1725,311.195,0.1,-4.971,2.417,-0.1585,311.182,0.1,-4.913,2.4284999999999997,-0.139,311.167,0.1,
-5.294499999999999,2.6885,-0.188,311.269,0.1,-5.2665,2.6665,-0.213,311.257,0.1,-5.255,2.6485,-0.2205,311.246,0.1,-5.2515,2.6325000000000003,-0.22,311.237,0.1,-5.2405,2.615,-0.2265,311.23,0.1,-5.2115,2.5995,-0.238,311.224,0.1,-5.1675,2.5905,-0.2425,311.216,0.1,-5.122,2.5860000000000003,-0.228,311.207,0.1,-5.088,2.5765000000000002,-0.1975,311.199,0.1,-5.0725,2.5505,-0.1665,311.191,0.1,-5.0760000000000005,2.5075,-0.1515,311.188,0.1,-5.089,2.4610000000000003,-0.1555,311.188,0.1,-5.093500000000001,2.4295,-0.172,311.189,0.1,-5.072,2.4195,-0.187,311.186,0.1,-5.0195,2.4265,-0.186,311.176,0.1,-4.952,2.4435000000000002,-0.16899999999999998,311.162,0.1,
-5.334,2.7199999999999998,-0.1835,311.255,0.1,-5.3125,2.698,-0.213,311.247,0.1,-5.302,2.6769999999999996,-0.2285,311.238,0.1,-5.2940000000000005,2.6574999999999998,-0.2285,311.231,0.1,-5.2745,2.6399999999999997,-0.2315,311.224,0.1,-5.236,2.6245000000000003,-0.2475,311.216,0.1,-5.1865,2.613,-0.263,311.207,0.1,-5.143,2.6020000000000003,-0.257,311.198,0.1,-5.119,2.5865,-0.2235,311.186,0.1,-5.1195,2.558,-0.184,311.178,0.1,-5.1365,2.518,-0.1565,311.174,0.1,-5.1530000000000005,2.479,-0.15,311.175,0.1,-5.154,2.456,-0.16999999999999998,311.178,0.1,-5.1295,2.452,-0.198,311.179,0.1,-5.0765,2.461,-0.20650000000000002,311.173,0.1,-5.008,2.476,-0.189,311.159,0.1,
-5.3805,2.74,-0.179,311.242,0.1,-5.3665,2.722,-0.202,311.237,0.1,-5.3575,2.7035,-0.2235,311.231,0.1,-5.3454999999999995,2.6855,-0.2305,311.224,0.1,-5.319,2.6695,-0.2355,311.217,0.1,-5.275,2.6555,-0.254,311.209,0.1,-5.224,2.642,-0.27749999999999997,311.199,0.1,-5.1835,2.6260000000000003,-0.2765,311.188,0.1,-5.168,2.6055,-0.242,311.176,0.1,-5.1805,2.5775,-0.1935,311.166,0.1,-5.204,2.544,-0.153,311.164,0.1,-5.2135,2.518,-0.1375,311.166,0.1,-5.198,2.5060000000000002,-0.1605,311.169,0.1,-5.1615,2.508,-0.2005,311.17,0.1,-5.109500000000001,2.517,-0.2165,311.164,0.1,-5.0504999999999995,2.524,-0.1995,311.152,0.1,
-5.4245,2.7475,-0.187,311.231,0.1,-5.4175,2.7375,-0.1905,311.227,0.1,-5.412,2.7285000000000004,-0.2075,311.222,0.1,-5.4015,2.7190000000000003,-0.2205,311.216,0.1,-5.3765,2.71,-0.23149999999999998,311.21,0.1,-5.333,2.7,-0.2555,311.202,0.1,-5.2815,2.6864999999999997,-0.2845,311.191,0.1,-5.2415,2.6654999999999998,-0.2905,311.179,0.1,-5.228,2.6395,-0.257,311.167,0.1,-5.2395,2.6109999999999998,-0.2015,311.158,0.1,-5.253,2.584,-0.1505,311.156,0.1,-5.242,2.569,-0.129,311.158,0.1,-5.2035,2.5665,-0.1525,311.158,0.1,-5.154,2.572,-0.1955,311.155,0.1,-5.108499999999999,2.576,-0.216,311.148,0.1,-5.072,2.571,-0.203,311.137,0.1,
-5.4670000000000005,2.754,-0.2135,311.22,0.1,-5.4645,2.754,-0.1955,311.216,0.1,-5.4635,2.758,-0.198,311.211,0.1,-5.457,2.762,-0.208,311.207,0.1,-5.436,2.7645,-0.2215,311.201,0.1,-5.398,2.7615,-0.249,311.195,0.1,-5.352,2.7485,-0.28200000000000003,311.185,0.1,-5.313,2.722,-0.2935,311.173,0.1,-5.291499999999999,2.689,-0.267,311.16,0.1,-5.2855,2.6555,-0.2155,311.151,0.1,-5.275,2.6305,-0.165,311.148,0.1,-5.24,2.6195,-0.14200000000000002,311.149,0.1,-5.1845,2.6189999999999998,-0.16,311.147,0.1,-5.1325,2.62,-0.1945,311.139,0.1,-5.102,2.614,-0.2095,311.129,0.1,-5.0905000000000005,2.595,-0.1975,311.121,0.1,
-5.515499999999999,2.7714999999999996,-0.2505,311.209,0.1,-5.510999999999999,2.78,-0.223,311.203,0.1,-5.5085,2.7954999999999997,-0.211,311.199,0.1,-5.5005,2.8120000000000003,-0.2105,311.195,0.1,-5.4815000000000005,2.8245,-0.2195,311.191,0.1,-5.452,2.8265000000000002,-0.242,311.186,0.1,-5.416499999999999,2.8125,-0.269,311.178,0.1,-5.381,2.7824999999999998,-0.28,311.167,0.1,-5.351,2.7430000000000003,-0.2645,311.156,0.1,-5.3235,2.7030000000000003,-0.23149999999999998,311.148,0.1,-5.2865,2.6734999999999998,-0.1965,311.144,0.1,-5.2335,2.6574999999999998,-0.1785,311.142,0.1,-5.1745,2.6479999999999997,-0.187,311.137,0.1,-5.1305,2.6365,-0.2025,311.127,0.1,-5.1145,2.617,-0.2025,311.115,0.1,-5.119,2.587,-0.184,311.108,0.1,
-5.5685,2.8045,-0.281,311.198,0.1,-5.5515,2.8165,-0.261,311.192,0.1,-5.538,2.8354999999999997,-0.2445,311.188,0.1,-5.5235,2.8565,-0.235,311.185,0.1,-5.505,2.871,-0.23399999999999999,311.181,0.1,-5.484,2.8715,-0.24,311.176,0.1,-5.461,2.8555,-0.248,311.169,0.1,-5.4350000000000005,2.8255,-0.2495,311.161,0.1,-5.4035,2.7855,-0.245,311.153,0.1,-5.3629999999999995,2.743,-0.238,311.147,0.1,-5.310499999999999,2.707,-0.2295,311.142,0.1,-5.2505,2.678,-0.2225,311.137,0.1,-5.197,2.651,-0.2215,311.129,0.1,-5.1635,2.622,-0.2175,311.119,0.1,-5.154,2.589,-0.2005,311.107,0.1,-5.157500000000001,2.5545,-0.17099999999999999,311.099,0.1,
-5.6055,2.8435,-0.293,311.19,0.1,-5.5745000000000005,2.8535000000000004,-0.2935,311.183,0.1,-5.5485,2.8655,-0.286,311.178,0.1,-5.528499999999999,2.878,-0.2755,311.174,0.1,-5.513,2.884,-0.2625,311.169,0.1,-5.5015,2.8785,-0.2455,311.163,0.1,-5.4925,2.8615000000000004,-0.229,311.157,0.1,-5.4805,2.8365,-0.218,311.152,0.1,-5.457,2.8049999999999997,-0.2195,311.148,0.1,-5.4155,2.7685,-0.23299999999999998,311.144,0.1,-5.358,2.7285000000000004,-0.2465,311.139,0.1,-5.295999999999999,2.6855,-0.2505,311.131,0.1,-5.2455,2.639,-0.248,311.122,0.1,-5.2155000000000005,2.592,-0.236,311.11,0.1,-5.203,2.5495,-0.209,311.099,0.1,-5.195,2.517,-0.17,311.089,0.1,
-5.617,2.8665000000000003,-0.2875,311.181,0.1,-5.5805,2.8725,-0.3095,311.174,0.1,-5.5504999999999995,2.872,-0.3175,311.169,0.1,-5.5315,2.8674999999999997,-0.3135,311.162,0.1,-5.5225,2.8579999999999997,-0.2925,311.155,0.1,-5.521,2.8445,-0.258,311.148,0.1,-5.525,2.8285,-0.224,311.143,0.1,-5.526,2.8125,-0.20450000000000002,311.142,0.1,-5.5120000000000005,2.796,-0.205,311.14,0.1,-5.475,2.7725,-0.222,311.137,0.1,-5.418,2.736,-0.24,311.13,0.1,-5.3555,2.6864999999999997,-0.2505,311.121,0.1,-5.303,2.628,-0.2545,311.109,0.1,-5.2675,2.5709999999999997,-0.2495,311.097,0.1,-5.243499999999999,2.525,-0.2285,311.085,0.1,-5.2204999999999995,2.4985,-0.188,311.074,0.1,
-5.6185,2.8600000000000003,-0.2725,311.175,0.1,-5.593,2.863,-0.3035,311.167,0.1,-5.573,2.8529999999999998,-0.324,311.159,0.1,-5.5625,2.8335,-0.3265,311.15,0.1,-5.5615,2.8099999999999996,-0.306,311.141,0.1,-5.566,2.7880000000000003,-0.269,311.134,0.1,-5.573,2.7715,-0.235,311.13,0.1,-5.576499999999999,2.763,-0.216,311.13,0.1,-5.5655,2.7605,-0.211,311.128,0.1,-5.5325,2.7525,-0.213,311.124,0.1,-5.48,2.729,-0.2165,311.116,0.1,-5.42,2.6870000000000003,-0.2225,311.105,0.1,-5.365,2.6334999999999997,-0.235,311.094,0.1,-5.32,2.5805,-0.2475,311.081,0.1,-5.2805,2.5389999999999997,-0.245,311.069,0.1,-5.2405,2.5175,-0.217,311.057,0.1,
-5.628,2.8335,-0.2525,311.17,0.1,-5.6240000000000006,2.8345000000000002,-0.277,311.161,0.1,-5.6245,2.8215000000000003,-0.299,311.151,0.1,-5.6295,2.7960000000000003,-0.305,311.14,0.1,-5.635,2.7649999999999997,-0.2915,311.129,0.1,-5.637,2.7359999999999998,-0.2695,311.122,0.1,-5.634,2.716,-0.252,311.118,0.1,-5.6240000000000006,2.7095000000000002,-0.2425,311.115,0.1,-5.605,2.7145,-0.233,311.111,0.1,-5.574,2.7199999999999998,-0.2155,311.104,0.1,-5.531,2.7145,-0.194,311.095,0.1,-5.481,2.6925,-0.1865,311.086,0.1,-5.43,2.6595,-0.2015,311.076,0.1,-5.380000000000001,2.6235,-0.229,311.065,0.1,-5.329000000000001,2.5934999999999997,-0.2445,311.054,0.1,-5.2755,2.5755,-0.235,311.043,0.1,
-5.661,2.8049999999999997,-0.2255,311.156,0.1,-5.6745,2.8025,-0.2415,311.146,0.1,-5.693,2.7895000000000003,-0.2555,311.135,0.1,-5.7105,2.7640000000000002,-0.2605,311.124,0.1,-5.718999999999999,2.732,-0.2575,311.113,0.1,-5.7125,2.7015000000000002,-0.2535,311.104,0.1,-5.6899999999999995,2.68,-0.257,311.097,0.1,-5.6585,2.6734999999999998,-0.2645,311.091,0.1,-5.627000000000001,2.6805000000000003,-0.26,311.084,0.1,-5.5985,2.694,-0.231,311.076,0.1,-5.5685,2.7039999999999997,-0.1895,311.068,0.1,-5.5325,2.7039999999999997,-0.1645,311.06,0.1,-5.49,2.6945,-0.174,311.054,0.1,-5.441,2.68,-0.20400000000000001,311.048,0.1,-5.386,2.665,-0.227,311.04,0.1,-5.3255,2.6535,-0.23049999999999998,311.031,0.1,
-5.721500000000001,2.7809999999999997,-0.1905,311.125,0.1,-5.741,2.7729999999999997,-0.2055,311.115,0.1,-5.766500000000001,2.7590000000000003,-0.2135,311.107,0.1,-5.788,2.7359999999999998,-0.218,311.097,0.1,-5.793,2.7095000000000002,-0.219,311.087,0.1,-5.773,2.686,-0.224,311.076,0.1,-5.7305,2.67,-0.2415,311.066,0.1,-5.6805,2.666,-0.268,311.057,0.1,-5.640499999999999,2.673,-0.2765,311.05,0.1,-5.616,2.6875,-0.249,311.043,0.1,-5.5985,2.7039999999999997,-0.1985,311.037,0.1,-5.5760000000000005,2.7169999999999996,-0.161,311.032,0.1,-5.54,2.724,-0.161,311.029,0.1,-5.4905,2.7270000000000003,-0.1845,311.026,0.1,-5.432,2.7270000000000003,-0.20550000000000002,311.021,0.1,-5.3695,2.724,-0.213,311.015,0.1,
-5.7895,2.7640000000000002,-0.1555,311.087,0.1,-5.8065,2.7504999999999997,-0.1735,311.079,0.1,-5.83,2.7365000000000004,-0.183,311.072,0.1,-5.8469999999999995,2.7205,-0.1885,311.064,0.1,-5.843,2.706,-0.189,311.054,0.1,-5.811,2.6955,-0.1935,311.044,0.1,-5.757,2.6900000000000004,-0.217,311.035,0.1,-5.699,2.69,-0.253,311.026,0.1,-5.657,2.6945,-0.272,311.019,0.1,-5.6370000000000005,2.7024999999999997,-0.252,311.014,0.1,-5.627,2.7145,-0.20350000000000001,311.009,0.1,-5.609,2.729,-0.165,311.006,0.1,-5.5725,2.7439999999999998,-0.1605,311.005,0.1,-5.518000000000001,2.758,-0.179,311.003,0.1,-5.4559999999999995,2.7670000000000003,-0.194,310.999,0.1,-5.3965,2.7675,-0.1965,310.993,0.1,
-5.8420000000000005,2.758,-0.1295,311.05,0.1,-5.853,2.742,-0.1475,311.044,0.1,-5.868,2.729,-0.1615,311.038,0.1,-5.8740000000000006,2.718,-0.169,311.03,0.1,-5.859500000000001,2.711,-0.17149999999999999,311.023,0.1,-5.821,2.708,-0.177,311.016,0.1,-5.766500000000001,2.708,-0.199,311.01,0.1,-5.7125,2.71,-0.23099999999999998,311.003,0.1,-5.675,2.712,-0.248,310.996,0.1,-5.6575,2.715,-0.2315,310.989,0.1,-5.647,2.722,-0.1915,310.984,0.1,-5.625500000000001,2.735,-0.164,310.981,0.1,-5.583500000000001,2.752,-0.1685,310.981,0.1,-5.526,2.77,-0.189,310.978,0.1,-5.4665,2.781,-0.1985,310.973,0.1,-5.416,2.781,-0.19,310.967,0.1,
-5.2825,2.6784999999999997,-0.1965,311.325,0.1,-5.2620000000000005,2.657,-0.209,311.312,0.1,-5.257,2.6399999999999997,-0.21,311.3,0.1,-5.259,2.625,-0.2115,311.291,0.1,-5.2555,2.6065,-0.221,311.285,0.1,-5.2385,2.5875000000000004,-0.2265,311.279,0.1,-5.2059999999999995,2.577,-0.2165,311.27,0.1,-5.164,2.575,-0.1935,311.262,0.1,-5.123,2.5709999999999997,-0.168,311.255,0.1,-5.0945,2.5534999999999997,-0.1515,311.249,0.1,-5.085,2.5214999999999996,-0.1485,311.248,0.1,-5.091,2.4835000000000003,-0.159,311.248,0.1,-5.098000000000001,2.455,-0.172,311.247,0.1,-5.087,2.4405,-0.1735,311.241,0.1,-5.051,2.4395,-0.162,311.229,0.1,-5.0015,2.444,-0.145,311.217,0.1,
-5.2955000000000005,2.7205,-0.1945,311.312,0.1,-5.2775,2.694,-0.2175,311.3,0.1,-5.2745,2.6710000000000003,-0.223,311.289,0.1,-5.2775,2.6515,-0.222,311.28,0.1,-5.272,2.6325000000000003,-0.2295,311.274,0.1,-5.2485,2.6145,-0.2435,311.267,0.1,-5.2115,2.6015,-0.2495,311.259,0.1,-5.1735,2.5940000000000003,-0.23399999999999999,311.25,0.1,-5.145,2.585,-0.201,311.242,0.1,-5.132,2.5645,-0.168,311.235,0.1,-5.135,2.5315,-0.152,311.233,0.1,-5.1455,2.495,-0.1565,311.234,0.1,-5.149,2.4690000000000003,-0.1745,311.236,0.1,-5.133,2.4575,-0.1915,311.233,0.1,-5.0920000000000005,2.4595000000000002,-0.1925,311.225,0.1,-5.035,2.4665,-0.1765,311.212,0.1,
-5.323,2.7565,-0.188,311.298,0.1,-5.308999999999999,2.731,-0.217,311.289,0.1,-5.3065,2.706,-0.232,311.28,0.1,-5.3075,2.684,-0.2315,311.273,0.1,-5.297000000000001,2.665,-0.236,311.265,0.1,-5.268,2.6475,-0.2545,311.258,0.1,-5.228999999999999,2.6325000000000003,-0.2715,311.249,0.1,-5.1955,2.6189999999999998,-0.2635,311.24,0.1,-5.179,2.604,-0.2265,311.23,0.1,-5.182,2.5815,-0.1845,311.222,0.1,-5.1965,2.551,-0.157,311.22,0.1,-5.2075,2.521,-0.1525,311.223,0.1,-5.202999999999999,2.501,-0.176,311.226,0.1,-5.1785,2.495,-0.20600000000000002,311.228,0.1,-5.1335,2.498,-0.2155,311.222,0.1,-5.0755,2.5035,-0.1975,311.209,0.1,
-5.358499999999999,2.777,-0.1815,311.284,0.1,-5.35,2.7585,-0.2055,311.278,0.1,-5.347,2.7385,-0.227,311.272,0.1,-5.3445,2.7195,-0.23399999999999999,311.265,0.1,-5.3305,2.7030000000000003,-0.241,311.258,0.1,-5.3,2.6875,-0.2625,311.25,0.1,-5.2615,2.6710000000000003,-0.2865,311.241,0.1,-5.2325,2.652,-0.28400000000000003,311.23,0.1,-5.226,2.6310000000000002,-0.246,311.22,0.1,-5.24,2.607,-0.1945,311.212,0.1,-5.2585,2.582,-0.1545,311.211,0.1,-5.261,2.5614999999999997,-0.14200000000000002,311.214,0.1,-5.24,2.551,-0.16949999999999998,311.218,0.1,-5.202,2.55,-0.211,311.219,0.1,-5.154,2.5525,-0.226,311.213,0.1,-5.102,2.5534999999999997,-0.208,311.201,0.1,
-5.391,2.7855,-0.189,311.272,0.1,-5.3885000000000005,2.7775,-0.193,311.268,0.1,-5.3885000000000005,2.7695,-0.2105,311.263,0.1,-5.3865,2.7605,-0.225,311.257,0.1,-5.3735,2.7515,-0.238,311.251,0.1,-5.345000000000001,2.7409999999999997,-0.2645,311.244,0.1,-5.3095,2.7245,-0.295,311.234,0.1,-5.2835,2.6995,-0.2995,311.222,0.1,-5.2785,2.671,-0.2625,311.211,0.1,-5.291,2.643,-0.20450000000000002,311.203,0.1,-5.3004999999999995,2.6215,-0.1535,311.203,0.1,-5.2855,2.6105,-0.1355,311.206,0.1,-5.2445,2.6085000000000003,-0.163,311.207,0.1,-5.194,2.61,-0.20650000000000002,311.204,0.1,-5.148999999999999,2.6095,-0.2245,311.197,0.1,-5.1125,2.6020000000000003,-0.209,311.187,0.1,
-5.4215,2.7954999999999997,-0.216,311.261,0.1,-5.4239999999999995,2.7975000000000003,-0.198,311.257,0.1,-5.428,2.8035,-0.2015,311.253,0.1,-5.4285,2.8085,-0.2125,311.249,0.1,-5.417999999999999,2.811,-0.229,311.244,0.1,-5.394,2.808,-0.2585,311.238,0.1,-5.3635,2.793,-0.2925,311.229,0.1,-5.3385,2.763,-0.303,311.217,0.1,-5.3275,2.7249999999999996,-0.2745,311.205,0.1,-5.3255,2.6895,-0.221,311.197,0.1,-5.314500000000001,2.6665,-0.17049999999999998,311.195,0.1,-5.279,2.6585,-0.15,311.197,0.1,-5.225,2.658,-0.16999999999999998,311.195,0.1,-5.1739999999999995,2.6565,-0.203,311.188,0.1,-5.141,2.648,-0.215,311.178,0.1,-5.125,2.629,-0.2,311.17,0.1,
-5.455500000000001,2.8194999999999997,-0.255,311.252,0.1,-5.458,2.827,-0.227,311.246,0.1,-5.4615,2.843,-0.215,311.243,0.1,-5.4605,2.8594999999999997,-0.2155,311.24,0.1,-5.45,2.872,-0.2265,311.236,0.1,-5.431,2.8745,-0.25,311.231,0.1,-5.4085,2.8600000000000003,-0.277,311.223,0.1,-5.3870000000000005,2.8275,-0.288,311.212,0.1,-5.368,2.7835,-0.272,311.201,0.1,-5.3469999999999995,2.7415,-0.2385,311.194,0.1,-5.3145,2.7125,-0.20400000000000001,311.19,0.1,-5.265,2.698,-0.187,311.189,0.1,-5.2095,2.689,-0.195,311.184,0.1,-5.1675,2.677,-0.208,311.175,0.1,-5.1495,2.6565000000000003,-0.20400000000000001,311.163,0.1,-5.149,2.628,-0.1835,311.156,0.1,
-5.489000000000001,2.859,-0.287,311.244,0.1,-5.4830000000000005,2.867,-0.2665,311.238,0.1,-5.4795,2.884,-0.249,311.234,0.1,-5.474,2.9029999999999996,-0.2395,311.231,0.1,-5.464,2.917,-0.2385,311.228,0.1,-5.452,2.9185,-0.244,311.222,0.1,-5.4395,2.9035,-0.252,311.215,0.1,-5.4245,2.8735,-0.2545,311.206,0.1,-5.4035,2.833,-0.251,311.198,0.1,-5.371,2.791,-0.246,311.192,0.1,-5.3245000000000005,2.7554999999999996,-0.2385,311.188,0.1,-5.2695,2.7275,-0.23099999999999998,311.183,0.1,-5.2195,2.7015000000000002,-0.228,311.175,0.1,-5.1885,2.673,-0.2205,311.164,0.1,-5.18,2.6405000000000003,-0.2,311.153,0.1,-5.184,2.608,-0.169,311.145,0.1,
-5.5075,2.902,-0.299,311.239,0.1,-5.492,2.907,-0.299,311.232,0.1,-5.4805,2.9154999999999998,-0.2895,311.227,0.1,-5.4725,2.925,-0.277,311.222,0.1,-5.4665,2.9299999999999997,-0.263,311.217,0.1,-5.463,2.9255,-0.245,311.21,0.1,-5.4615,2.9115,-0.2285,311.203,0.1,-5.4565,2.8905000000000003,-0.2185,311.198,0.1,-5.4399999999999995,2.8635,-0.2225,311.194,0.1,-5.4055,2.8305,-0.2395,311.189,0.1,-5.354,2.7935,-0.2555,311.184,0.1,-5.297000000000001,2.752,-0.2595,311.176,0.1,-5.250500000000001,2.7065,-0.254,311.166,0.1,-5.225,2.66,-0.2385,311.154,0.1,-5.218,2.6180000000000003,-0.209,311.142,0.1,-5.217499999999999,2.5865,-0.1685,311.133,0.1,
-5.508,2.928,-0.291,311.234,0.1,-5.489000000000001,2.9299999999999997,-0.3125,311.226,0.1,-5.4755,2.926,-0.319,311.218,0.1,-5.4704999999999995,2.9189999999999996,-0.312,311.211,0.1,-5.4725,2.909,-0.2895,311.203,0.1,-5.4785,2.8970000000000002,-0.254,311.195,0.1,-5.4855,2.885,-0.22,311.19,0.1,-5.489,2.877,-0.2015,311.188,0.1,-5.479,2.8685,-0.205,311.186,0.1,-5.4475,2.8525,-0.226,311.182,0.1,-5.3965,2.822,-0.2475,311.176,0.1,-5.339,2.7755,-0.259,311.166,0.1,-5.292,2.718,-0.261,311.154,0.1,-5.263,2.661,-0.254,311.141,0.1,-5.248,2.6135,-0.231,311.128,0.1,-5.236000000000001,2.5839999999999996,-0.19,311.117,0.1,
-5.497,2.926,-0.2715,311.23,0.1,-5.4879999999999995,2.9275,-0.3025,311.22,0.1,-5.484500000000001,2.9154999999999998,-0.322,311.211,0.1,-5.489000000000001,2.8949999999999996,-0.3235,311.201,0.1,-5.4985,2.872,-0.302,311.19,0.1,-5.5085,2.8525,-0.2645,311.182,0.1,-5.5169999999999995,2.8415,-0.231,311.177,0.1,-5.521,2.8425000000000002,-0.2125,311.176,0.1,-5.512499999999999,2.8495,-0.209,311.175,0.1,-5.484999999999999,2.851,-0.2145,311.171,0.1,-5.4384999999999994,2.8345000000000002,-0.221,311.163,0.1,-5.383,2.7969999999999997,-0.2295,311.152,0.1,-5.334,2.745,-0.2425,311.14,0.1,-5.2985,2.6915,-0.2545,311.127,0.1,-5.2715,2.646,-0.2515,311.114,0.1,-5.2455,2.617,-0.2235,311.102,0.1,
-5.484999999999999,2.906,-0.2495,311.227,0.1,-5.495,2.9074999999999998,-0.2735,311.216,0.1,-5.509,2.8955,-0.2955,311.205,0.1,-5.5265,2.871,-0.3015,311.192,0.1,-5.542,2.8425000000000002,-0.2885,311.18,0.1,-5.5495,2.818,-0.267,311.171,0.1,-5.5489999999999995,2.8049999999999997,-0.25,311.166,0.1,-5.5425,2.806,-0.241,311.163,0.1,-5.529,2.819,-0.2315,311.159,0.1,-5.504,2.832,-0.215,311.153,0.1,-5.466,2.8325,-0.1965,311.145,0.1,-5.419499999999999,2.815,-0.1915,311.136,0.1,-5.3735,2.783,-0.2085,311.127,0.1,-5.334,2.7455,-0.2375,311.116,0.1,-5.2985,2.7105,-0.254,311.103,0.1,-5.262499999999999,2.6835,-0.2445,311.091,0.1,
-5.498,2.8835,-0.223,311.214,0.1,-5.5205,2.8834999999999997,-0.238,311.203,0.1,-5.547000000000001,2.8745,-0.252,311.192,0.1,-5.573,2.8535000000000004,-0.2575,311.179,0.1,-5.5905000000000005,2.8265000000000002,-0.256,311.167,0.1,-5.5920000000000005,2.8015,-0.254,311.156,0.1,-5.577999999999999,2.785,-0.259,311.149,0.1,-5.5555,2.782,-0.267,311.142,0.1,-5.532,2.793,-0.2615,311.136,0.1,-5.5095,2.8099999999999996,-0.2315,311.129,0.1,-5.4830000000000005,2.8230000000000004,-0.1905,311.121,0.1,-5.4495000000000005,2.825,-0.1675,311.115,0.1,-5.4115,2.816,-0.18,311.109,0.1,-5.3725000000000005,2.7995,-0.212,311.102,0.1,-5.3335,2.7805,-0.237,311.093,0.1,-5.292,2.762,-0.2415,311.083,0.1,
-5.5489999999999995,2.8645,-0.189,311.184,0.1,-5.572,2.862,-0.2025,311.174,0.1,-5.5995,2.8535,-0.2105,311.166,0.1,-5.625,2.8375000000000004,-0.216,311.156,0.1,-5.639,2.816,-0.219,311.145,0.1,-5.6335,2.7960000000000003,-0.2265,311.133,0.1,-5.607,2.7809999999999997,-0.2465,311.121,0.1,-5.57,2.7765,-0.2735,311.111,0.1,-5.538,2.7824999999999998,-0.281,311.104,0.1,-5.518000000000001,2.7965,-0.251,311.098,0.1,-5.503500000000001,2.8125,-0.199,311.092,0.1,-5.4830000000000005,2.8255,-0.163,311.088,0.1,-5.451499999999999,2.8335,-0.165,311.085,0.1,-5.411,2.8360000000000003,-0.1915,311.082,0.1,-5.366,2.8335,-0.214,311.077,0.1,-5.3205,2.8265000000000002,-0.2225,311.069,0.1,
-5.6055,2.852,-0.156,311.147,0.1,-5.6245,2.8449999999999998,-0.1725,311.14,0.1,-5.6495,2.8365,-0.1815,311.133,0.1,-5.671,2.8255,-0.1875,311.125,0.1,-5.6775,2.814,-0.191,311.115,0.1,-5.663,2.8040000000000003,-0.1985,311.104,0.1,-5.628500000000001,2.7965,-0.225,311.093,0.1,-5.586,2.793,-0.261,311.083,0.1,-5.552,2.7935,-0.27849999999999997,311.075,0.1,-5.535,2.7990000000000004,-0.2555,311.069,0.1,-5.5275,2.8095,-0.2045,311.065,0.1,-5.513,2.8245,-0.1665,311.062,0.1,-5.4815000000000005,2.841,-0.165,311.061,0.1,-5.436,2.8555,-0.1855,311.059,0.1,-5.3870000000000005,2.863,-0.2015,311.055,0.1,-5.3420000000000005,2.8609999999999998,-0.20350000000000001,311.049,0.1,
-5.6419999999999995,2.848,-0.132,311.115,0.1,-5.6585,2.838,-0.1485,311.109,0.1,-5.6815,2.83,-0.162,311.102,0.1,-5.6975,2.822,-0.17099999999999999,311.093,0.1,-5.6955,2.817,-0.176,311.085,0.1,-5.672499999999999,2.813,-0.185,311.077,0.1,-5.634,2.81,-0.209,311.07,0.1,-5.593,2.807,-0.241,311.062,0.1,-5.5645,2.805,-0.2565,311.053,0.1,-5.5525,2.805,-0.2365,311.045,0.1,-5.5465,2.811,-0.195,311.039,0.1,-5.53,2.825,-0.168,311.037,0.1,-5.4955,2.844,-0.174,311.036,0.1,-5.449,2.862,-0.1955,311.034,0.1,-5.4030000000000005,2.872,-0.20500000000000002,311.028,0.1,-5.3665,2.87,-0.1945,311.022,0.1,
-5.292,2.7015000000000002,-0.20350000000000001,311.368,0.1,-5.2835,2.6755,-0.2135,311.355,0.1,-5.287000000000001,2.6545,-0.212,311.343,0.1,-5.293,2.637,-0.2125,311.336,0.1,-5.2915,2.6165,-0.223,311.33,0.1,-5.277,2.5949999999999998,-0.23,311.324,0.1,-5.2490000000000006,2.5805,-0.221,311.316,0.1,-5.2125,2.5765000000000002,-0.1985,311.307,0.1,-5.175,2.5725,-0.1725,311.299,0.1,-5.147,2.5585,-0.1545,311.293,0.1,-5.137,2.534,-0.1495,311.291,0.1,-5.1434999999999995,2.5055,-0.159,311.292,0.1,-5.155,2.482,-0.172,311.291,0.1,-5.1545000000000005,2.4685,-0.175,311.286,0.1,-5.1315,2.4625000000000004,-0.166,311.277,0.1,-5.090999999999999,2.46,-0.151,311.267,0.1,
-5.2965,2.752,-0.201,311.354,0.1,-5.289,2.721,-0.2225,311.342,0.1,-5.294499999999999,2.6935000000000002,-0.2255,311.332,0.1,-5.304,2.6710000000000003,-0.224,311.323,0.1,-5.3035,2.65,-0.2325,311.317,0.1,-5.285500000000001,2.6295,-0.249,311.31,0.1,-5.255000000000001,2.6125,-0.2565,311.302,0.1,-5.224,2.6029999999999998,-0.24,311.293,0.1,-5.201499999999999,2.594,-0.20450000000000002,311.285,0.1,-5.1915,2.5780000000000003,-0.1695,311.279,0.1,-5.1935,2.555,-0.1525,311.277,0.1,-5.2010000000000005,2.529,-0.1575,311.279,0.1,-5.2044999999999995,2.508,-0.177,311.282,0.1,-5.1945,2.4965,-0.196,311.281,0.1,-5.164999999999999,2.492,-0.199,311.274,0.1,-5.119,2.489,-0.1835,311.263,0.1,
-5.313000000000001,2.793,-0.1925,311.34,0.1,-5.3065,2.7645,-0.2215,311.331,0.1,-5.311,2.7355,-0.2355,311.322,0.1,-5.32,2.7104999999999997,-0.235,311.314,0.1,-5.319,2.6905,-0.2405,311.307,0.1,-5.3,2.6710000000000003,-0.2615,311.3,0.1,-5.271,2.6525,-0.28,311.291,0.1,-5.247,2.6365,-0.27,311.282,0.1,-5.238,2.6215,-0.23,311.273,0.1,-5.244,2.604,-0.1855,311.267,0.1,-5.256,2.584,-0.157,311.266,0.1,-5.2615,2.563,-0.155,311.27,0.1,-5.2524999999999995,2.5465,-0.1815,311.274,0.1,-5.2285,2.538,-0.214,311.276,0.1,-5.191,2.5345,-0.224,311.272,0.1,-5.143,2.5305,-0.20600000000000002,311.259,0.1,
-5.336,2.8155,-0.1845,311.326,0.1,-5.3325,2.796,-0.2085,311.319,0.1,-5.3355,2.7744999999999997,-0.2305,311.313,0.1,-5.3425,2.754,-0.238,311.306,0.1,-5.3415,2.7375,-0.2465,311.299,0.1,-5.324,2.7205000000000004,-0.271,311.291,0.1,-5.2985,2.701,-0.2955,311.282,0.1,-5.281499999999999,2.6784999999999997,-0.2915,311.273,0.1,-5.2829999999999995,2.6565000000000003,-0.2495,311.263,0.1,-5.2989999999999995,2.637,-0.1955,311.257,0.1,-5.3134999999999994,2.62,-0.1555,311.258,0.1,-5.3095,2.606,-0.1465,311.262,0.1,-5.2829999999999995,2.5965,-0.1785,311.266,0.1,-5.243,2.5915,-0.221,311.267,0.1,-5.1985,2.5885,-0.236,311.262,0.1,-5.1530000000000005,2.583,-0.2165,311.251,0.1,
-5.3565000000000005,2.825,-0.191,311.313,0.1,-5.359,2.8185000000000002,-0.1955,311.308,0.1,-5.3645,2.8115,-0.214,311.303,0.1,-5.3705,2.803,-0.229,311.298,0.1,-5.37,2.7945,-0.2445,311.293,0.1,-5.3565000000000005,2.7830000000000004,-0.274,311.285,0.1,-5.336,2.7640000000000002,-0.3055,311.276,0.1,-5.324,2.7344999999999997,-0.3085,311.265,0.1,-5.3285,2.7030000000000003,-0.268,311.255,0.1,-5.343,2.6765,-0.207,311.249,0.1,-5.349,2.6595,-0.1565,311.25,0.1,-5.3295,2.6525,-0.14200000000000002,311.254,0.1,-5.286,2.6505,-0.173,311.256,0.1,-5.234999999999999,2.6485000000000003,-0.217,311.253,0.1,-5.1895,2.6435,-0.23349999999999999,311.246,0.1,-5.1525,2.6325000000000003,-0.215,311.236,0.1,
-5.3745,2.8385,-0.2185,311.302,0.1,-5.3825,2.8425000000000002,-0.2005,311.298,0.1,-5.3919999999999995,2.8505000000000003,-0.20500000000000002,311.294,0.1,-5.3995,2.8565,-0.2175,311.291,0.1,-5.399,2.8594999999999997,-0.2365,311.287,0.1,-5.3885000000000005,2.856,-0.268,311.282,0.1,-5.3735,2.839,-0.303,311.273,0.1,-5.3635,2.8040000000000003,-0.313,311.26,0.1,-5.3625,2.762,-0.28200000000000003,311.249,0.1,-5.364,2.7249999999999996,-0.2265,311.243,0.1,-5.353,2.7030000000000003,-0.176,311.243,0.1,-5.318,2.6975,-0.158,311.245,0.1,-5.265499999999999,2.6975,-0.1795,311.243,0.1,-5.2145,2.694,-0.2115,311.237,0.1,-5.179,2.6825,-0.2205,311.227,0.1,-5.1585,2.6635,-0.202,311.219,0.1,
-5.393000000000001,2.8689999999999998,-0.2595,311.294,0.1,-5.4025,2.876,-0.231,311.289,0.1,-5.4125,2.8925,-0.219,311.286,0.1,-5.4185,2.9095,-0.2205,311.284,0.1,-5.417,2.9215,-0.23299999999999998,311.281,0.1,-5.4094999999999995,2.9234999999999998,-0.2575,311.276,0.1,-5.4005,2.9080000000000004,-0.2855,311.268,0.1,-5.3925,2.8725,-0.296,311.257,0.1,-5.3845,2.825,-0.28,311.246,0.1,-5.3705,2.7809999999999997,-0.2455,311.239,0.1,-5.3420000000000005,2.7515,-0.212,311.237,0.1,-5.2965,2.7385,-0.1955,311.235,0.1,-5.2445,2.731,-0.203,311.231,0.1,-5.2035,2.7185,-0.2135,311.222,0.1,-5.183,2.697,-0.206,311.211,0.1,-5.178,2.6710000000000003,-0.1825,311.204,0.1,
-5.407,2.915,-0.293,311.29,0.1,-5.4125,2.919,-0.272,311.283,0.1,-5.4195,2.9335,-0.2535,311.28,0.1,-5.423,2.952,-0.244,311.278,0.1,-5.4215,2.965,-0.243,311.274,0.1,-5.4190000000000005,2.966,-0.2485,311.269,0.1,-5.417,2.9515000000000002,-0.2565,311.261,0.1,-5.413,2.9219999999999997,-0.2595,311.252,0.1,-5.402,2.8810000000000002,-0.257,311.243,0.1,-5.3774999999999995,2.839,-0.254,311.237,0.1,-5.337,2.8040000000000003,-0.2475,311.233,0.1,-5.2865,2.7775,-0.2395,311.228,0.1,-5.2405,2.753,-0.2345,311.221,0.1,-5.2125,2.725,-0.2235,311.21,0.1,-5.205,2.693,-0.1995,311.199,0.1,-5.210000000000001,2.6635,-0.167,311.19,0.1,
-5.407500000000001,2.9625,-0.305,311.289,0.1,-5.4079999999999995,2.9615,-0.3045,311.281,0.1,-5.411,2.966,-0.293,311.275,0.1,-5.415,2.9735,-0.279,311.27,0.1,-5.4190000000000005,2.9779999999999998,-0.2635,311.264,0.1,-5.4239999999999995,2.9735,-0.245,311.257,0.1,-5.43,2.9615,-0.228,311.25,0.1,-5.4325,2.9444999999999997,-0.219,311.244,0.1,-5.423500000000001,2.922,-0.226,311.239,0.1,-5.396,2.893,-0.2465,311.234,0.1,-5.35,2.8579999999999997,-0.2645,311.229,0.1,-5.2975,2.8185000000000002,-0.2685,311.22,0.1,-5.2555,2.7744999999999997,-0.2605,311.21,0.1,-5.234,2.729,-0.241,311.198,0.1,-5.2325,2.6870000000000003,-0.2085,311.186,0.1,-5.239,2.657,-0.1675,311.176,0.1,
-5.396,2.9915000000000003,-0.2945,311.287,0.1,-5.3955,2.989,-0.3155,311.277,0.1,-5.3995,2.9815,-0.3205,311.268,0.1,-5.409,2.9720000000000004,-0.3105,311.26,0.1,-5.4215,2.9615,-0.2865,311.251,0.1,-5.434,2.95,-0.25,311.243,0.1,-5.445,2.9425,-0.216,311.236,0.1,-5.4515,2.941,-0.1985,311.233,0.1,-5.446,2.9415,-0.205,311.232,0.1,-5.4205000000000005,2.933,-0.23,311.228,0.1,-5.375,2.907,-0.2545,311.221,0.1,-5.322,2.8635,-0.267,311.21,0.1,-5.28,2.8085,-0.2675,311.198,0.1,-5.258,2.7510000000000003,-0.258,311.184,0.1,-5.252,2.702,-0.23349999999999999,311.171,0.1,-5.2509999999999994,2.67,-0.192,311.16,0.1,
-5.3725000000000005,2.9935,-0.271,311.285,0.1,-5.3815,2.9935,-0.3015,311.274,0.1,-5.394,2.9795,-0.3205,311.263,0.1,-5.413,2.9575,-0.3205,311.251,0.1,-5.4335,2.9345,-0.298,311.239,0.1,-5.4495000000000005,2.9175,-0.26,311.229,0.1,-5.460000000000001,2.9125,-0.2265,311.223,0.1,-5.465,2.9215,-0.209,311.222,0.1,-5.46,2.9385,-0.207,311.221,0.1,-5.438,2.9495,-0.2155,311.217,0.1,-5.397,2.94,-0.2255,311.21,0.1,-5.3465,2.907,-0.2365,311.199,0.1,-5.3035,2.8575,-0.25,311.186,0.1,-5.276999999999999,2.802,-0.262,311.173,0.1,-5.262499999999999,2.753,-0.2585,311.159,0.1,-5.25,2.717,-0.23,311.147,0.1,
-5.3405000000000005,2.979,-0.247,311.284,0.1,-5.3645,2.9815,-0.2705,311.272,0.1,-5.3925,2.9695,-0.2925,311.259,0.1,-5.423,2.9459999999999997,-0.2985,311.245,0.1,-5.448,2.92,-0.2855,311.231,0.1,-5.4615,2.9005,-0.265,311.22,0.1,-5.4645,2.8935,-0.2485,311.214,0.1,-5.4615,2.9025,-0.2395,311.211,0.1,-5.452999999999999,2.923,-0.2305,311.207,0.1,-5.434,2.944,-0.215,311.202,0.1,-5.4005,2.951,-0.199,311.195,0.1,-5.3575,2.9375,-0.1965,311.187,0.1,-5.3175,2.907,-0.216,311.178,0.1,-5.2885,2.8674999999999997,-0.2465,311.166,0.1,-5.2684999999999995,2.8274999999999997,-0.2635,311.153,0.1,-5.249499999999999,2.792,-0.254,311.14,0.1,
-5.335,2.963,-0.2205,311.272,0.1,-5.3665,2.966,-0.2345,311.26,0.1,-5.401,2.96,-0.248,311.249,0.1,-5.435499999999999,2.943,-0.2545,311.235,0.1,-5.4615,2.9205,-0.254,311.221,0.1,-5.471500000000001,2.9015,-0.254,311.208,0.1,-5.466,2.8905,-0.261,311.2,0.1,-5.452,2.8914999999999997,-0.269,311.193,0.1,-5.4365000000000006,2.9055,-0.2625,311.187,0.1,-5.42,2.926,-0.232,311.181,0.1,-5.3975,2.942,-0.1915,311.175,0.1,-5.367,2.9459999999999997,-0.17049999999999998,311.169,0.1,-5.333,2.937,-0.1855,311.164,0.1,-5.3035,2.9195,-0.2205,311.157,0.1,-5.2805,2.896,-0.247,311.146,0.1,-5.2585,2.8705,-0.252,311.135,0.1,
-5.374,2.951,-0.1875,311.242,0.1,-5.4015,2.9530000000000003,-0.1995,311.233,0.1,-5.4315,2.9505,-0.2075,311.225,0.1,-5.461,2.9395,-0.2135,311.215,0.1,-5.484,2.923,-0.219,311.202,0.1,-5.4925,2.907,-0.229,311.189,0.1,-5.482,2.8945,-0.2515,311.177,0.1,-5.459,2.8884999999999996,-0.279,311.166,0.1,-5.436,2.893,-0.285,311.158,0.1,-5.4205000000000005,2.9059999999999997,-0.2525,311.153,0.1,-5.4085,2.9219999999999997,-0.1995,311.148,0.1,-5.390499999999999,2.935,-0.1645,311.144,0.1,-5.3629999999999995,2.9429999999999996,-0.16949999999999998,311.142,0.1,-5.330500000000001,2.9455,-0.199,311.138,0.1,-5.3,2.94,-0.2225,311.132,0.1,-5.2725,2.9285,-0.23149999999999998,311.124,0.1,
-5.416,2.9435000000000002,-0.156,311.209,0.1,-5.4375,2.942,-0.17099999999999999,311.202,0.1,-5.465,2.9395,-0.18,311.195,0.1,-5.492,2.9325,-0.187,311.187,0.1,-5.509499999999999,2.924,-0.1925,311.176,0.1,-5.512499999999999,2.9139999999999997,-0.20350000000000001,311.164,0.1,-5.4975000000000005,2.9055,-0.23249999999999998,311.151,0.1,-5.470000000000001,2.8979999999999997,-0.2695,311.139,0.1,-5.4445,2.8949999999999996,-0.2855,311.131,0.1,-5.431,2.8975,-0.2585,311.125,0.1,-5.426,2.9065000000000003,-0.206,311.121,0.1,-5.4155,2.9210000000000003,-0.168,311.118,0.1,-5.390000000000001,2.939,-0.169,311.117,0.1,-5.3535,2.9535,-0.192,311.115,0.1,-5.3175,2.9595000000000002,-0.2085,311.111,0.1,-5.288,2.955,-0.2105,311.104,0.1,
-5.435,2.941,-0.134,311.18,0.1,-5.458,2.937,-0.1495,311.174,0.1,-5.4895,2.934,-0.1625,311.166,0.1,-5.516,2.929,-0.173,311.157,0.1,-5.526999999999999,2.925,-0.1805,311.147,0.1,-5.5195,2.919,-0.193,311.138,0.1,-5.497,2.914,-0.219,311.13,0.1,-5.47,2.907,-0.251,311.12,0.1,-5.4510000000000005,2.901,-0.265,311.11,0.1,-5.445,2.898,-0.2415,311.101,0.1,-5.4435,2.902,-0.1985,311.095,0.1,-5.4325,2.916,-0.17149999999999999,311.093,0.1,-5.406000000000001,2.937,-0.1795,311.092,0.1,-5.3705,2.955,-0.2025,311.089,0.1,-5.3385,2.964,-0.211,311.083,0.1,-5.316000000000001,2.96,-0.199,311.076,0.1,
-5.301,2.7245,-0.21,311.412,0.1,-5.305,2.694,-0.218,311.398,0.1,-5.317,2.67,-0.214,311.387,0.1,-5.327,2.649,-0.2135,311.38,0.1,-5.327,2.627,-0.225,311.375,0.1,-5.3149999999999995,2.6025,-0.23399999999999999,311.369,0.1,-5.292,2.5845000000000002,-0.226,311.361,0.1,-5.2605,2.5775,-0.20350000000000001,311.352,0.1,-5.227,2.5735,-0.177,311.343,0.1,-5.2005,2.5635000000000003,-0.1575,311.337,0.1,-5.189,2.5465,-0.1515,311.334,0.1,-5.1955,2.527,-0.16,311.335,0.1,-5.2115,2.51,-0.1725,311.336,0.1,-5.2215,2.4965,-0.177,311.332,0.1,-5.2115,2.4850000000000003,-0.17049999999999998,311.325,0.1,-5.1795,2.476,-0.157,311.316,0.1,
-5.297000000000001,2.784,-0.207,311.397,0.1,-5.2995,2.749,-0.2275,311.385,0.1,-5.3135,2.7165,-0.2285,311.374,0.1,-5.33,2.6905,-0.226,311.366,0.1,-5.335,2.6675,-0.236,311.36,0.1,-5.323,2.6445,-0.255,311.354,0.1,-5.2995,2.6239999999999997,-0.2635,311.345,0.1,-5.275499999999999,2.6109999999999998,-0.246,311.336,0.1,-5.2585,2.6025,-0.208,311.328,0.1,-5.2509999999999994,2.592,-0.17099999999999999,311.322,0.1,-5.252,2.5785,-0.1535,311.322,0.1,-5.257,2.5625,-0.159,311.325,0.1,-5.2605,2.5475000000000003,-0.18,311.329,0.1,-5.256,2.535,-0.2005,311.329,0.1,-5.237500000000001,2.5244999999999997,-0.20500000000000002,311.323,0.1,-5.202500000000001,2.512,-0.1905,311.313,0.1,
-5.3025,2.83,-0.197,311.383,0.1,-5.303,2.798,-0.226,311.373,0.1,-5.3149999999999995,2.7645,-0.239,311.364,0.1,-5.3325,2.7375,-0.238,311.356,0.1,-5.3415,2.7155,-0.2445,311.349,0.1,-5.333,2.6945,-0.268,311.341,0.1,-5.3134999999999994,2.673,-0.2875,311.333,0.1,-5.2989999999999995,2.6535,-0.276,311.325,0.1,-5.298,2.6390000000000002,-0.23349999999999999,311.316,0.1,-5.307,2.627,-0.1865,311.311,0.1,-5.316,2.617,-0.158,311.312,0.1,-5.3155,2.6045,-0.158,311.317,0.1,-5.301500000000001,2.5915,-0.187,311.322,0.1,-5.2775,2.5805,-0.222,311.325,0.1,-5.248,2.5709999999999997,-0.23199999999999998,311.321,0.1,-5.2105,2.558,-0.214,311.309,0.1,
-5.313,2.8535,-0.187,311.368,0.1,-5.3155,2.8335,-0.2115,311.361,0.1,-5.324999999999999,2.8099999999999996,-0.23399999999999999,311.353,0.1,-5.3405000000000005,2.7895000000000003,-0.242,311.347,0.1,-5.3515,2.7715,-0.2515,311.34,0.1,-5.348,2.7535,-0.27849999999999997,311.332,0.1,-5.336,2.731,-0.304,311.324,0.1,-5.3309999999999995,2.7055,-0.2985,311.315,0.1,-5.3405000000000005,2.6825,-0.253,311.307,0.1,-5.3585,2.6665,-0.1965,311.303,0.1,-5.369,2.658,-0.1565,311.305,0.1,-5.3580000000000005,2.65,-0.1515,311.31,0.1,-5.3255,2.641,-0.187,311.315,0.1,-5.2835,2.633,-0.23099999999999998,311.316,0.1,-5.2425,2.624,-0.2455,311.311,0.1,-5.2035,2.612,-0.225,311.301,0.1,
-5.322,2.864,-0.1925,311.354,0.1,-5.329000000000001,2.8594999999999997,-0.198,311.349,0.1,-5.34,2.8535,-0.2175,311.344,0.1,-5.355,2.8465,-0.23349999999999999,311.339,0.1,-5.3665,2.8375000000000004,-0.251,311.334,0.1,-5.368,2.8255,-0.28300000000000003,311.327,0.1,-5.3635,2.803,-0.3155,311.318,0.1,-5.365,2.77,-0.3165,311.308,0.1,-5.378,2.7355,-0.2735,311.299,0.1,-5.394,2.7095000000000002,-0.2095,311.295,0.1,-5.3965,2.6975,-0.1595,311.298,0.1,-5.373,2.694,-0.148,311.302,0.1,-5.327,2.692,-0.1825,311.304,0.1,-5.275,2.6870000000000003,-0.227,311.302,0.1,-5.23,2.677,-0.242,311.295,0.1,-5.1935,2.6630000000000003,-0.2215,311.286,0.1,
-5.3275,2.8815,-0.221,311.344,0.1,-5.340999999999999,2.8875,-0.20350000000000001,311.339,0.1,-5.3555,2.8970000000000002,-0.2085,311.336,0.1,-5.3695,2.9050000000000002,-0.2225,311.333,0.1,-5.3795,2.9080000000000004,-0.243,311.33,0.1,-5.383,2.904,-0.277,311.325,0.1,-5.3835,2.884,-0.3125,311.316,0.1,-5.388,2.8455,-0.322,311.304,0.1,-5.3975,2.7990000000000004,-0.289,311.294,0.1,-5.403499999999999,2.76,-0.2315,311.288,0.1,-5.3925,2.7395,-0.1815,311.29,0.1,-5.3575,2.7359999999999998,-0.1655,311.292,0.1,-5.3065,2.737,-0.1885,311.291,0.1,-5.256,2.7315,-0.22,311.285,0.1,-5.218,2.717,-0.226,311.276,0.1,-5.192500000000001,2.698,-0.20500000000000002,311.268,0.1,
-5.330500000000001,2.919,-0.264,311.337,0.1,-5.3469999999999995,2.9255,-0.2345,311.332,0.1,-5.364,2.9415,-0.2225,311.33,0.1,-5.377,2.959,-0.2255,311.329,0.1,-5.384499999999999,2.971,-0.239,311.326,0.1,-5.3885,2.9725,-0.2645,311.322,0.1,-5.3925,2.9555,-0.293,311.313,0.1,-5.398,2.9175,-0.3035,311.302,0.1,-5.401,2.867,-0.287,311.291,0.1,-5.394,2.82,-0.2525,311.284,0.1,-5.3695,2.79,-0.2195,311.283,0.1,-5.327500000000001,2.779,-0.20400000000000001,311.282,0.1,-5.2795000000000005,2.773,-0.211,311.278,0.1,-5.24,2.76,-0.2185,311.27,0.1,-5.2170000000000005,2.7375,-0.208,311.259,0.1,-5.2075,2.714,-0.182,311.252,0.1,
-5.3245000000000005,2.971,-0.299,311.336,0.1,-5.3415,2.971,-0.277,311.329,0.1,-5.359,2.9835000000000003,-0.2575,311.326,0.1,-5.372,3.0004999999999997,-0.2475,311.324,0.1,-5.3795,3.013,-0.2465,311.321,0.1,-5.385999999999999,3.0145,-0.252,311.315,0.1,-5.3945,3.0,-0.26,311.307,0.1,-5.402,2.9705000000000004,-0.2635,311.297,0.1,-5.4015,2.9299999999999997,-0.263,311.289,0.1,-5.385,2.887,-0.2615,311.282,0.1,-5.35,2.8520000000000003,-0.2565,311.278,0.1,-5.304,2.827,-0.2485,311.273,0.1,-5.2620000000000005,2.8045,-0.241,311.266,0.1,-5.2364999999999995,2.777,-0.2265,311.256,0.1,-5.23,2.7455,-0.199,311.244,0.1,-5.2355,2.7195,-0.1655,311.236,0.1,
-5.3075,3.0220000000000002,-0.3105,311.339,0.1,-5.3235,3.016,-0.3095,311.329,0.1,-5.3415,3.0170000000000003,-0.296,311.323,0.1,-5.358499999999999,3.0225,-0.28,311.318,0.1,-5.372,3.0255,-0.2635,311.312,0.1,-5.385,3.0220000000000002,-0.244,311.304,0.1,-5.3985,3.0119999999999996,-0.2275,311.296,0.1,-5.4079999999999995,2.999,-0.2195,311.29,0.1,-5.406499999999999,2.981,-0.2295,311.284,0.1,-5.386,2.9555,-0.2535,311.279,0.1,-5.346,2.923,-0.274,311.273,0.1,-5.298,2.885,-0.278,311.265,0.1,-5.2595,2.8419999999999996,-0.2675,311.254,0.1,-5.2425,2.7975,-0.2435,311.242,0.1,-5.2465,2.7565,-0.2085,311.229,0.1,-5.2605,2.7279999999999998,-0.1665,311.219,0.1,
-5.2844999999999995,3.0549999999999997,-0.2965,311.34,0.1,-5.302,3.048,-0.318,311.328,0.1,-5.3225,3.037,-0.321,311.318,0.1,-5.3465,3.025,-0.309,311.309,0.1,-5.37,3.0135,-0.28300000000000003,311.299,0.1,-5.3895,3.0035,-0.2455,311.29,0.1,-5.4045,3.0,-0.212,311.283,0.1,-5.4145,3.0055,-0.1955,311.279,0.1,-5.4135,3.0140000000000002,-0.205,311.277,0.1,-5.3934999999999995,3.0134999999999996,-0.23399999999999999,311.274,0.1,-5.354,2.993,-0.262,311.266,0.1,-5.306,2.9524999999999997,-0.276,311.255,0.1,-5.2684999999999995,2.8979999999999997,-0.275,311.242,0.1,-5.253,2.841,-0.263,311.228,0.1,-5.2565,2.7910000000000004,-0.2365,311.214,0.1,-5.2665,2.7565,-0.1945,311.203,0.1,
-5.2485,3.0620000000000003,-0.27,311.34,0.1,-5.275,3.059,-0.3,311.327,0.1,-5.304,3.0435,-0.3185,311.315,0.1,-5.3375,3.0195,-0.317,311.301,0.1,-5.3685,2.997,-0.2935,311.287,0.1,-5.390499999999999,2.983,-0.2555,311.277,0.1,-5.4035,2.984,-0.222,311.27,0.1,-5.41,3.0004999999999997,-0.20500000000000002,311.268,0.1,-5.4079999999999995,3.027,-0.205,311.267,0.1,-5.390499999999999,3.048,-0.2165,311.264,0.1,-5.355,3.046,-0.23,311.256,0.1,-5.3100000000000005,3.0175,-0.2435,311.245,0.1,-5.273,2.969,-0.258,311.233,0.1,-5.2555,2.9130000000000003,-0.2695,311.219,0.1,-5.253,2.8595,-0.2655,311.204,0.1,-5.2535,2.8165,-0.2365,311.192,0.1,
-5.196,3.052,-0.244,311.341,0.1,-5.2345,3.055,-0.267,311.328,0.1,-5.276,3.044,-0.289,311.314,0.1,-5.319,3.0214999999999996,-0.295,311.297,0.1,-5.354,2.998,-0.2825,311.281,0.1,-5.3735,2.983,-0.263,311.269,0.1,-5.3795,2.983,-0.2475,311.262,0.1,-5.38,2.998,-0.2385,311.258,0.1,-5.377,3.0265,-0.2295,311.256,0.1,-5.3635,3.056,-0.215,311.252,0.1,-5.335,3.069,-0.201,311.245,0.1,-5.296,3.06,-0.2015,311.238,0.1,-5.261,3.0305,-0.2235,311.228,0.1,-5.2425,2.9895,-0.255,311.216,0.1,-5.238,2.944,-0.2725,311.202,0.1,-5.2365,2.8994999999999997,-0.2635,311.188,0.1,
-5.172000000000001,3.0415,-0.2175,311.33,0.1,-5.2125,3.0484999999999998,-0.231,311.318,0.1,-5.2555,3.0460000000000003,-0.2445,311.305,0.1,-5.2985,3.033,-0.252,311.29,0.1,-5.333,3.0155,-0.2525,311.274,0.1,-5.3515,3.002,-0.2545,311.26,0.1,-5.3545,2.996,-0.263,311.251,0.1,-5.349,3.0004999999999997,-0.271,311.244,0.1,-5.340999999999999,3.018,-0.2635,311.239,0.1,-5.3305,3.042,-0.232,311.233,0.1,-5.311999999999999,3.0605,-0.192,311.229,0.1,-5.284,3.067,-0.1735,311.224,0.1,-5.2545,3.0585,-0.191,311.219,0.1,-5.234999999999999,3.0389999999999997,-0.2285,311.211,0.1,-5.228,3.0115,-0.256,311.2,0.1,-5.2255,2.9785,-0.2615,311.187,0.1,
-5.1995000000000005,3.0365,-0.186,311.301,0.1,-5.2305,3.0445,-0.1965,311.292,0.1,-5.263,3.0475000000000003,-0.20400000000000001,311.284,0.1,-5.297000000000001,3.0415,-0.211,311.273,0.1,-5.329000000000001,3.03,-0.2185,311.26,0.1,-5.3515,3.0185,-0.231,311.246,0.1,-5.357,3.0069999999999997,-0.256,311.232,0.1,-5.3475,3.001,-0.2845,311.22,0.1,-5.333,3.004,-0.2885,311.212,0.1,-5.321999999999999,3.0155,-0.2535,311.207,0.1,-5.313,3.0309999999999997,-0.1995,311.204,0.1,-5.297499999999999,3.045,-0.1655,311.201,0.1,-5.274,3.053,-0.1735,311.198,0.1,-5.250500000000001,3.0545,-0.20550000000000002,311.195,0.1,-5.234,3.0469999999999997,-0.2305,311.188,0.1,-5.2235,3.0300000000000002,-0.2395,311.179,0.1,
-5.226,3.0345,-0.1555,311.27,0.1,-5.250500000000001,3.04,-0.169,311.264,0.1,-5.2805,3.0425,-0.1775,311.257,0.1,-5.313,3.0395000000000003,-0.186,311.248,0.1,-5.3420000000000005,3.0335,-0.1935,311.237,0.1,-5.362,3.0244999999999997,-0.208,311.224,0.1,-5.366,3.014,-0.239,311.209,0.1,-5.3535,3.0035,-0.277,311.196,0.1,-5.337,2.9965,-0.291,311.187,0.1,-5.327999999999999,2.9955,-0.261,311.181,0.1,-5.3255,3.003,-0.207,311.177,0.1,-5.3185,3.0185,-0.1695,311.174,0.1,-5.298500000000001,3.0365,-0.1725,311.173,0.1,-5.2715,3.0515,-0.1975,311.172,0.1,-5.2485,3.0564999999999998,-0.2145,311.167,0.1,-5.233499999999999,3.048,-0.216,311.16,0.1,
-5.228,3.034,-0.1355,311.246,0.1,-5.258,3.037,-0.1495,311.238,0.1,-5.298,3.038,-0.162,311.23,0.1,-5.335,3.036,-0.1745,311.22,0.1,-5.359,3.033,-0.1845,311.21,0.1,-5.3665,3.026,-0.2,311.2,0.1,-5.3595,3.018,-0.228,311.19,0.1,-5.346,3.007,-0.26,311.179,0.1,-5.3365,2.997,-0.272,311.167,0.1,-5.3365,2.99,-0.246,311.157,0.1,-5.34,2.993,-0.2015,311.151,0.1,-5.335,3.008,-0.175,311.148,0.1,-5.317,3.029,-0.1845,311.147,0.1,-5.292999999999999,3.048,-0.2085,311.145,0.1,-5.2745,3.056,-0.216,311.139,0.1,-5.265499999999999,3.049,-0.2025,311.131,0.1,
-5.1850000000000005,2.7775,-0.2165,311.466,0.1,-5.1985,2.746,-0.2225,311.452,0.1,-5.218,2.721,-0.216,311.442,0.1,-5.2325,2.7,-0.215,311.435,0.1,-5.2355,2.678,-0.2275,311.431,0.1,-5.228,2.653,-0.2385,311.424,0.1,-5.2125,2.6355,-0.23199999999999998,311.415,0.1,-5.1899999999999995,2.6305,-0.209,311.406,0.1,-5.163,2.6310000000000002,-0.1815,311.397,0.1,-5.138,2.6265,-0.1615,311.39,0.1,-5.122999999999999,2.6165000000000003,-0.1545,311.387,0.1,-5.1235,2.6035,-0.162,311.388,0.1,-5.1365,2.5895,-0.1745,311.39,0.1,-5.150499999999999,2.577,-0.18,311.387,0.1,-5.150499999999999,2.5655,-0.1755,311.38,0.1,-5.127,2.553,-0.1635,311.373,0.1,
-5.172000000000001,2.835,-0.2135,311.452,0.1,-5.183,2.798,-0.23249999999999998,311.44,0.1,-5.205,2.7649999999999997,-0.2315,311.429,0.1,-5.2275,2.739,-0.2275,311.421,0.1,-5.2379999999999995,2.718,-0.239,311.415,0.1,-5.2330000000000005,2.6965000000000003,-0.2605,311.408,0.1,-5.218,2.677,-0.2705,311.398,0.1,-5.202,2.667,-0.252,311.389,0.1,-5.191000000000001,2.6625,-0.212,311.381,0.1,-5.1845,2.658,-0.1735,311.375,0.1,-5.18,2.652,-0.1555,311.375,0.1,-5.176,2.642,-0.1615,311.38,0.1,-5.173,2.6295,-0.184,311.385,0.1,-5.1705,2.6185,-0.20550000000000002,311.385,0.1,-5.163,2.6064999999999996,-0.2105,311.38,0.1,-5.141500000000001,2.59,-0.1975,311.37,0.1,
-5.1675,2.8765,-0.2005,311.439,0.1,-5.1739999999999995,2.844,-0.23,311.428,0.1,-5.1925,2.8105,-0.2425,311.418,0.1,-5.218,2.784,-0.2405,311.41,0.1,-5.236,2.7655000000000003,-0.248,311.403,0.1,-5.2364999999999995,2.748,-0.274,311.395,0.1,-5.226,2.7285,-0.2945,311.386,0.1,-5.2195,2.712,-0.28200000000000003,311.377,0.1,-5.224,2.7005,-0.237,311.369,0.1,-5.2325,2.694,-0.188,311.365,0.1,-5.234999999999999,2.6905,-0.16,311.367,0.1,-5.225,2.683,-0.162,311.374,0.1,-5.203,2.6715,-0.1935,311.38,0.1,-5.1785,2.6605,-0.2295,311.383,0.1,-5.1585,2.6485,-0.2395,311.379,0.1,-5.1365,2.6315,-0.2215,311.367,0.1,
-5.1685,2.8945,-0.188,311.424,0.1,-5.1739999999999995,2.8765,-0.2145,311.416,0.1,-5.188000000000001,2.8545,-0.2375,311.408,0.1,-5.2115,2.8354999999999997,-0.2455,311.401,0.1,-5.233499999999999,2.8215,-0.256,311.394,0.1,-5.2415,2.8075,-0.285,311.386,0.1,-5.239,2.788,-0.3115,311.377,0.1,-5.242,2.7645,-0.3045,311.368,0.1,-5.257,2.7435,-0.2565,311.361,0.1,-5.274,2.731,-0.1975,311.357,0.1,-5.2780000000000005,2.7270000000000003,-0.158,311.361,0.1,-5.2595,2.7225,-0.1565,311.368,0.1,-5.2215,2.715,-0.1955,311.372,0.1,-5.1795,2.706,-0.241,311.374,0.1,-5.147,2.694,-0.2545,311.37,0.1,-5.1215,2.6790000000000003,-0.23249999999999998,311.359,0.1,
-5.1675,2.9005,-0.193,311.41,0.1,-5.177,2.8994999999999997,-0.1995,311.404,0.1,-5.1905,2.8970000000000002,-0.2205,311.399,0.1,-5.2115,2.8925,-0.238,311.394,0.1,-5.2330000000000005,2.887,-0.2565,311.388,0.1,-5.246,2.8785,-0.29,311.381,0.1,-5.253,2.859,-0.3235,311.373,0.1,-5.264,2.8275,-0.3235,311.362,0.1,-5.2829999999999995,2.793,-0.2775,311.354,0.1,-5.2989999999999995,2.768,-0.212,311.35,0.1,-5.2975,2.7590000000000003,-0.162,311.354,0.1,-5.2715,2.758,-0.154,311.36,0.1,-5.2265,2.758,-0.1915,311.362,0.1,-5.178,2.753,-0.237,311.36,0.1,-5.1395,2.7409999999999997,-0.2505,311.353,0.1,-5.112,2.7265,-0.2285,311.343,0.1,
-5.1605,2.915,-0.223,311.4,0.1,-5.1765,2.925,-0.2055,311.395,0.1,-5.1935,2.9385000000000003,-0.211,311.391,0.1,-5.212,2.949,-0.227,311.389,0.1,-5.23,2.955,-0.249,311.386,0.1,-5.2445,2.9539999999999997,-0.28400000000000003,311.381,0.1,-5.2575,2.9370000000000003,-0.3205,311.372,0.1,-5.2725,2.8994999999999997,-0.3295,311.36,0.1,-5.2895,2.8514999999999997,-0.2945,311.349,0.1,-5.2989999999999995,2.8120000000000003,-0.236,311.344,0.1,-5.2895,2.793,-0.186,311.346,0.1,-5.258,2.7925,-0.1725,311.349,0.1,-5.2135,2.7969999999999997,-0.197,311.348,0.1,-5.1705000000000005,2.7939999999999996,-0.2275,311.342,0.1,-5.137499999999999,2.7805,-0.23199999999999998,311.333,0.1,-5.1145,2.7635,-0.209,311.325,0.1,
-5.148,2.95,-0.268,311.395,0.1,-5.1690000000000005,2.96,-0.2375,311.389,0.1,-5.1899999999999995,2.979,-0.225,311.387,0.1,-5.2075,2.998,-0.2295,311.386,0.1,-5.2215,3.0125,-0.244,311.383,0.1,-5.234999999999999,3.0170000000000003,-0.27,311.379,0.1,-5.25,3.003,-0.2985,311.37,0.1,-5.266,2.9669999999999996,-0.3095,311.358,0.1,-5.2785,2.9154999999999998,-0.293,311.347,0.1,-5.279,2.8685,-0.259,311.341,0.1,-5.261,2.84,-0.227,311.339,0.1,-5.227,2.8325,-0.212,311.338,0.1,-5.188,2.832,-0.218,311.334,0.1,-5.1575,2.8245,-0.2235,311.325,0.1,-5.140000000000001,2.8064999999999998,-0.2105,311.314,0.1,-5.130000000000001,2.7875,-0.183,311.306,0.1,
-5.1245,3.0,-0.3045,311.396,0.1,-5.149,3.0025,-0.28049999999999997,311.388,0.1,-5.1735,3.0164999999999997,-0.26,311.384,0.1,-5.1935,3.0345,-0.2495,311.382,0.1,-5.209,3.049,-0.2485,311.379,0.1,-5.224,3.0525,-0.2535,311.373,0.1,-5.241,3.0415,-0.2615,311.365,0.1,-5.2575,3.0149999999999997,-0.266,311.355,0.1,-5.265499999999999,2.9764999999999997,-0.268,311.346,0.1,-5.257,2.9364999999999997,-0.269,311.339,0.1,-5.231,2.9044999999999996,-0.266,311.334,0.1,-5.1945,2.8845,-0.258,311.329,0.1,-5.1615,2.8689999999999998,-0.2475,311.321,0.1,-5.144,2.8485,-0.2295,311.31,0.1,-5.143,2.824,-0.1995,311.298,0.1,-5.1495,2.805,-0.165,311.29,0.1,
-5.0925,3.0490000000000004,-0.3145,311.401,0.1,-5.1195,3.0445,-0.313,311.39,0.1,-5.148,3.0465,-0.2975,311.383,0.1,-5.1745,3.053,-0.2795,311.377,0.1,-5.197,3.058,-0.2615,311.371,0.1,-5.2170000000000005,3.056,-0.2415,311.363,0.1,-5.236000000000001,3.05,-0.2255,311.355,0.1,-5.2515,3.041,-0.2195,311.348,0.1,-5.257,3.028,-0.2325,311.343,0.1,-5.244,3.0095,-0.2605,311.337,0.1,-5.212,2.9829999999999997,-0.28400000000000003,311.33,0.1,-5.172499999999999,2.952,-0.2885,311.321,0.1,-5.1419999999999995,2.9175,-0.275,311.309,0.1,-5.132,2.88,-0.247,311.296,0.1,-5.141,2.8465,-0.2095,311.284,0.1,-5.1579999999999995,2.825,-0.1665,311.274,0.1,
-5.0615,3.079,-0.297,311.404,0.1,-5.0915,3.0745,-0.319,311.39,0.1,-5.1245,3.0650000000000004,-0.3205,311.379,0.1,-5.159000000000001,3.0540000000000003,-0.306,311.369,0.1,-5.1905,3.044,-0.2785,311.359,0.1,-5.2155000000000005,3.0359999999999996,-0.2405,311.349,0.1,-5.233499999999999,3.0365,-0.2075,311.342,0.1,-5.244999999999999,3.048,-0.193,311.338,0.1,-5.2475000000000005,3.064,-0.2055,311.336,0.1,-5.234500000000001,3.0735,-0.2385,311.332,0.1,-5.202999999999999,3.0629999999999997,-0.2705,311.324,0.1,-5.1625,3.031,-0.2865,311.312,0.1,-5.131,2.9850000000000003,-0.28400000000000003,311.299,0.1,-5.1215,2.9345,-0.269,311.284,0.1,-5.131,2.8905000000000003,-0.24,311.271,0.1,-5.1465,2.8605,-0.1975,311.26,0.1,
-5.019,3.082,-0.267,311.406,0.1,-5.0565,3.0845000000000002,-0.2975,311.391,0.1,-5.096500000000001,3.0705,-0.3155,311.377,0.1,-5.140000000000001,3.0484999999999998,-0.313,311.363,0.1,-5.179,3.0275,-0.2885,311.348,0.1,-5.205,3.0155,-0.2505,311.337,0.1,-5.2175,3.0205,-0.218,311.33,0.1,-5.223,3.0445,-0.2015,311.328,0.1,-5.2235,3.0805,-0.203,311.328,0.1,-5.2125,3.113,-0.218,311.325,0.1,-5.1845,3.123,-0.235,311.317,0.1,-5.1455,3.1029999999999998,-0.251,311.306,0.1,-5.1129999999999995,3.0615,-0.2665,311.293,0.1,-5.1005,3.0105,-0.277,311.279,0.1,-5.106,2.9619999999999997,-0.2725,311.265,0.1,-5.116,2.9219999999999997,-0.243,311.253,0.1,
-4.954000000000001,3.069,-0.2395,311.407,0.1,-5.0,3.0780000000000003,-0.263,311.393,0.1,-5.0495,3.069,-0.2845,311.379,0.1,-5.1005,3.0495,-0.291,311.362,0.1,-5.141,3.029,-0.2795,311.345,0.1,-5.1625,3.0175,-0.261,311.331,0.1,-5.1690000000000005,3.0225,-0.2465,311.324,0.1,-5.170999999999999,3.045,-0.2375,311.321,0.1,-5.172,3.083,-0.2285,311.318,0.1,-5.1655,3.123,-0.2145,311.315,0.1,-5.143,3.1470000000000002,-0.203,311.31,0.1,-5.1075,3.1445,-0.2065,311.303,0.1,-5.0755,3.1195000000000004,-0.2305,311.294,0.1,-5.061999999999999,3.0825,-0.263,311.282,0.1,-5.0675,3.0415,-0.281,311.268,0.1,-5.079,3.0,-0.272,311.253,0.1,
-4.9155,3.058,-0.2145,311.397,0.1,-4.9605,3.0695,-0.227,311.386,0.1,-5.007,3.0700000000000003,-0.241,311.373,0.1,-5.054,3.0605,-0.2495,311.358,0.1,-5.092499999999999,3.048,-0.2515,311.342,0.1,-5.114,3.0404999999999998,-0.255,311.327,0.1,-5.121,3.0415,-0.265,311.318,0.1,-5.1215,3.053,-0.2735,311.31,0.1,-5.121,3.0774999999999997,-0.2645,311.304,0.1,-5.1175,3.1085000000000003,-0.2315,311.3,0.1,-5.1035,3.1345,-0.192,311.296,0.1,-5.077,3.1445,-0.1755,311.293,0.1,-5.0485,3.1390000000000002,-0.196,311.289,0.1,-5.0335,3.1225,-0.235,311.281,0.1,-5.037,3.099,-0.2635,311.269,0.1,-5.0495,3.0685000000000002,-0.2695,311.255,0.1,
-4.931,3.0545,-0.1835,311.371,0.1,-4.9635,3.0665,-0.193,311.363,0.1,-4.996,3.0725,-0.2,311.355,0.1,-5.031000000000001,3.0715000000000003,-0.2085,311.345,0.1,-5.066000000000001,3.066,-0.2175,311.332,0.1,-5.0954999999999995,3.0615,-0.2325,311.317,0.1,-5.112,3.058,-0.26,311.302,0.1,-5.1125,3.0585,-0.2885,311.289,0.1,-5.1055,3.0655,-0.291,311.281,0.1,-5.1,3.08,-0.2535,311.277,0.1,-5.093999999999999,3.0985,-0.1985,311.274,0.1,-5.08,3.114,-0.166,311.272,0.1,-5.058,3.1239999999999997,-0.176,311.27,0.1,-5.039,3.128,-0.21,311.267,0.1,-5.032,3.124,-0.236,311.259,0.1,-5.0344999999999995,3.109,-0.245,311.249,0.1,
-4.944000000000001,3.053,-0.154,311.343,0.1,-4.969,3.0625,-0.166,311.337,0.1,-4.9985,3.069,-0.1735,311.331,0.1,-5.032,3.0725,-0.1835,311.323,0.1,-5.0655,3.0715000000000003,-0.194,311.313,0.1,-5.096,3.0695,-0.211,311.299,0.1,-5.114000000000001,3.0655,-0.244,311.283,0.1,-5.1135,3.061,-0.28200000000000003,311.268,0.1,-5.1045,3.0564999999999998,-0.2945,311.258,0.1,-5.1,3.0564999999999998,-0.2625,311.252,0.1,-5.1005,3.0645,-0.2065,311.248,0.1,-5.0954999999999995,3.0805,-0.1705,311.246,0.1,-5.0785,3.0999999999999996,-0.175,311.246,0.1,-5.057,3.1180000000000003,-0.202,311.244,0.1,-5.042999999999999,3.1254999999999997,-0.2185,311.239,0.1,-5.0385,3.1195,-0.219,311.232,0.1,
-4.930999999999999,3.052,-0.135,311.322,0.1,-4.9635,3.059,-0.1475,311.315,0.1,-5.007,3.065,-0.1595,311.307,0.1,-5.048500000000001,3.07,-0.174,311.297,0.1,-5.0785,3.071,-0.187,311.287,0.1,-5.0954999999999995,3.071,-0.20500000000000002,311.276,0.1,-5.101,3.068,-0.2345,311.265,0.1,-5.099,3.063,-0.2665,311.253,0.1,-5.098000000000001,3.055,-0.277,311.24,0.1,-5.1035,3.049,-0.2495,311.229,0.1,-5.109999999999999,3.052,-0.20400000000000001,311.223,0.1,-5.1075,3.067,-0.1785,311.221,0.1,-5.093999999999999,3.09,-0.189,311.221,0.1,-5.077500000000001,3.112,-0.213,311.218,0.1,-5.0695,3.122,-0.219,311.212,0.1,-5.071,3.118,-0.2045,311.204,0.1,
-4.9215,2.8645,-0.2235,311.532,0.1,-4.941,2.838,-0.227,311.52,0.1,-4.9670000000000005,2.8155,-0.218,311.51,0.1,-4.988,2.797,-0.2165,311.503,0.1,-4.9975000000000005,2.776,-0.2305,311.498,0.1,-4.997999999999999,2.754,-0.243,311.491,0.1,-4.9935,2.741,-0.2375,311.481,0.1,-4.9825,2.7439999999999998,-0.215,311.47,0.1,-4.964499999999999,2.754,-0.1865,311.46,0.1,-4.943,2.758,-0.166,311.453,0.1,-4.924,2.7525,-0.158,311.45,0.1,-4.915,2.74,-0.1645,311.452,0.1,-4.919499999999999,2.7255000000000003,-0.1775,311.454,0.1,-4.931,2.7145,-0.1835,311.452,0.1,-4.9345,2.707,-0.1805,311.445,0.1,-4.9175,2.6995,-0.16999999999999998,311.437,0.1,
-4.897,2.9074999999999998,-0.22,311.522,0.1,-4.9135,2.875,-0.2375,311.509,0.1,-4.943,2.8440000000000003,-0.2345,311.498,0.1,-4.9735,2.8230000000000004,-0.229,311.49,0.1,-4.992,2.8075,-0.2415,311.483,0.1,-4.9955,2.7925,-0.266,311.475,0.1,-4.99,2.7805,-0.2775,311.464,0.1,-4.983499999999999,2.7785,-0.258,311.453,0.1,-4.979,2.7835,-0.2165,311.444,0.1,-4.9725,2.7859999999999996,-0.1765,311.439,0.1,-4.9605,2.783,-0.158,311.44,0.1,-4.9445,2.7725,-0.165,311.445,0.1,-4.9315,2.759,-0.1885,311.451,0.1,-4.927,2.7485,-0.2105,311.452,0.1,-4.927,2.7415,-0.216,311.446,0.1,-4.9185,2.7295,-0.20400000000000001,311.436,0.1,
-4.8835,2.935,-0.20400000000000001,311.51,0.1,-4.893,2.9059999999999997,-0.23399999999999999,311.499,0.1,-4.917,2.8754999999999997,-0.2455,311.488,0.1,-4.949999999999999,2.8550000000000004,-0.243,311.48,0.1,-4.977,2.845,-0.2515,311.472,0.1,-4.987,2.8365,-0.27949999999999997,311.463,0.1,-4.984500000000001,2.827,-0.3015,311.452,0.1,-4.984500000000001,2.819,-0.288,311.442,0.1,-4.992,2.815,-0.2405,311.433,0.1,-4.997999999999999,2.8129999999999997,-0.19,311.43,0.1,-4.9925,2.811,-0.162,311.433,0.1,-4.9715,2.8025,-0.1665,311.44,0.1,-4.9415,2.7904999999999998,-0.2005,311.447,0.1,-4.9175,2.7794999999999996,-0.2365,311.45,0.1,-4.9079999999999995,2.7699999999999996,-0.2465,311.446,0.1,-4.904,2.7555,-0.2285,311.434,0.1,
-4.8765,2.94,-0.1885,311.497,0.1,-4.882,2.9265,-0.217,311.488,0.1,-4.8985,2.909,-0.241,311.479,0.1,-4.9285,2.896,-0.249,311.471,0.1,-4.9595,2.89,-0.26,311.463,0.1,-4.9765,2.886,-0.2905,311.454,0.1,-4.9805,2.8775,-0.3185,311.444,0.1,-4.9875,2.8625,-0.31,311.434,0.1,-5.004,2.8465,-0.2595,311.426,0.1,-5.018000000000001,2.8365,-0.1985,311.423,0.1,-5.016,2.8325,-0.16,311.428,0.1,-4.992,2.8285,-0.1615,311.436,0.1,-4.9515,2.822,-0.20400000000000001,311.441,0.1,-4.9135,2.8135,-0.2505,311.443,0.1,-4.8945,2.8025,-0.2635,311.438,0.1,-4.890000000000001,2.7875,-0.24,311.426,0.1,
-4.865,2.9335,-0.193,311.484,0.1,-4.874,2.9395,-0.201,311.478,0.1,-4.8885,2.942,-0.2235,311.471,0.1,-4.913,2.943,-0.242,311.465,0.1,-4.9415,2.944,-0.2615,311.459,0.1,-4.9625,2.9444999999999997,-0.2965,311.451,0.1,-4.976,2.9355,-0.331,311.441,0.1,-4.9915,2.912,-0.33,311.43,0.1,-5.0120000000000005,2.8810000000000002,-0.281,311.421,0.1,-5.0275,2.8575,-0.2135,311.417,0.1,-5.0255,2.8475,-0.1645,311.422,0.1,-5.0009999999999994,2.8485,-0.16,311.429,0.1,-4.9615,2.8525,-0.2005,311.431,0.1,-4.923500000000001,2.8505000000000003,-0.2465,311.428,0.1,-4.9005,2.841,-0.259,311.42,0.1,-4.891500000000001,2.827,-0.235,311.41,0.1,
-4.846,2.9365,-0.2245,311.474,0.1,-4.861,2.9539999999999997,-0.207,311.469,0.1,-4.878,2.973,-0.2135,311.465,0.1,-4.8985,2.988,-0.231,311.462,0.1,-4.9215,2.9995,-0.2545,311.458,0.1,-4.9425,3.0060000000000002,-0.2905,311.452,0.1,-4.9625,2.998,-0.3275,311.442,0.1,-4.984500000000001,2.968,-0.336,311.429,0.1,-5.006500000000001,2.924,-0.2995,311.418,0.1,-5.02,2.885,-0.24,311.412,0.1,-5.015499999999999,2.866,-0.1905,311.414,0.1,-4.993,2.8685,-0.179,311.417,0.1,-4.9615,2.8810000000000002,-0.20500000000000002,311.416,0.1,-4.9335,2.8855000000000004,-0.235,311.408,0.1,-4.916,2.879,-0.2375,311.398,0.1,-4.906000000000001,2.8665,-0.213,311.389,0.1,
-4.8165,2.9595000000000002,-0.2715,311.469,0.1,-4.8385,2.9770000000000003,-0.24,311.463,0.1,-4.8605,3.002,-0.2275,311.46,0.1,-4.881,3.0255,-0.2325,311.459,0.1,-4.9005,3.0445,-0.248,311.456,0.1,-4.9205000000000005,3.0555000000000003,-0.2745,311.451,0.1,-4.9435,3.049,-0.303,311.442,0.1,-4.968,3.0195,-0.3145,311.43,0.1,-4.988,2.973,-0.2985,311.418,0.1,-4.996,2.9275,-0.2655,311.41,0.1,-4.987500000000001,2.902,-0.2345,311.407,0.1,-4.9665,2.9005,-0.22,311.406,0.1,-4.9445,2.911,-0.2245,311.4,0.1,-4.930999999999999,2.9160000000000004,-0.228,311.389,0.1,-4.9265,2.91,-0.213,311.377,0.1,-4.923500000000001,2.9005,-0.1845,311.369,0.1,
-4.7775,2.997,-0.309,311.472,0.1,-4.805,3.008,-0.2835,311.462,0.1,-4.834,3.028,-0.2615,311.458,0.1,-4.859,3.0515,-0.2505,311.455,0.1,-4.8805,3.0700000000000003,-0.25,311.451,0.1,-4.9030000000000005,3.0795000000000003,-0.2545,311.445,0.1,-4.928,3.0745,-0.2625,311.437,0.1,-4.952,3.0545,-0.268,311.427,0.1,-4.9675,3.0215,-0.2725,311.418,0.1,-4.968,2.9859999999999998,-0.2765,311.41,0.1,-4.953,2.9615,-0.2755,311.403,0.1,-4.9305,2.9515000000000002,-0.2675,311.396,0.1,-4.9135,2.949,-0.2545,311.387,0.1,-4.910500000000001,2.9445,-0.2325,311.375,0.1,-4.9185,2.935,-0.2,311.362,0.1,-4.926500000000001,2.9284999999999997,-0.165,311.354,0.1,
-4.734999999999999,3.035,-0.318,311.478,0.1,-4.7665,3.0404999999999998,-0.3155,311.465,0.1,-4.802,3.049,-0.2985,311.457,0.1,-4.836,3.0614999999999997,-0.2785,311.45,0.1,-4.8655,3.0705,-0.259,311.444,0.1,-4.8915,3.0735,-0.239,311.436,0.1,-4.916,3.072,-0.223,311.428,0.1,-4.9365000000000006,3.069,-0.2185,311.422,0.1,-4.9475,3.0629999999999997,-0.2355,311.416,0.1,-4.943,3.0525,-0.2675,311.41,0.1,-4.923,3.0385,-0.294,311.401,0.1,-4.897,3.021,-0.299,311.39,0.1,-4.878,3.0010000000000003,-0.28300000000000003,311.377,0.1,-4.8759999999999994,2.9805,-0.251,311.363,0.1,-4.888999999999999,2.9625000000000004,-0.2105,311.352,0.1,-4.9055,2.9539999999999997,-0.167,311.343,0.1,
-4.7010000000000005,3.0545,-0.297,311.482,0.1,-4.736,3.0620000000000003,-0.319,311.467,0.1,-4.775499999999999,3.0595,-0.319,311.454,0.1,-4.818,3.0545,-0.3025,311.443,0.1,-4.856,3.048,-0.273,311.433,0.1,-4.8845,3.0435,-0.235,311.423,0.1,-4.903499999999999,3.0469999999999997,-0.203,311.416,0.1,-4.916499999999999,3.0635000000000003,-0.1905,311.413,0.1,-4.9235,3.088,-0.206,311.412,0.1,-4.9185,3.1094999999999997,-0.2435,311.407,0.1,-4.898,3.115,-0.27949999999999997,311.398,0.1,-4.8685,3.099,-0.297,311.384,0.1,-4.8445,3.067,-0.2935,311.37,0.1,-4.838,3.032,-0.2755,311.357,0.1,-4.8475,3.003,-0.2445,311.344,0.1,-4.862,2.9865,-0.2,311.335,0.1,
-4.659,3.0454999999999997,-0.263,311.484,0.1,-4.7005,3.06,-0.294,311.468,0.1,-4.7455,3.0534999999999997,-0.312,311.454,0.1,-4.794,3.0365,-0.3085,311.439,0.1,-4.836,3.0185,-0.2835,311.424,0.1,-4.8629999999999995,3.0090000000000003,-0.246,311.413,0.1,-4.874499999999999,3.016,-0.214,311.406,0.1,-4.8795,3.0455,-0.1985,311.404,0.1,-4.8835,3.092,-0.2015,311.405,0.1,-4.88,3.1395,-0.2195,311.402,0.1,-4.861000000000001,3.166,-0.2405,311.394,0.1,-4.8295,3.161,-0.2595,311.383,0.1,-4.800000000000001,3.1310000000000002,-0.2755,311.371,0.1,-4.788,3.093,-0.28500000000000003,311.358,0.1,-4.7945,3.0595,-0.27949999999999997,311.344,0.1,-4.807,3.034,-0.249,311.333,0.1,
-4.593500000000001,3.0199999999999996,-0.2345,311.485,0.1,-4.640499999999999,3.0389999999999997,-0.2585,311.471,0.1,-4.691,3.0359999999999996,-0.28,311.457,0.1,-4.743,3.0199999999999996,-0.2875,311.44,0.1,-4.784,3.003,-0.2765,311.424,0.1,-4.8045,2.9945000000000004,-0.2595,311.41,0.1,-4.809,3.003,-0.2455,311.403,0.1,-4.811,3.0335,-0.2365,311.4,0.1,-4.8165,3.0835,-0.2275,311.398,0.1,-4.817500000000001,3.1390000000000002,-0.214,311.395,0.1,-4.8025,3.177,-0.2045,311.39,0.1,-4.771,3.1855,-0.211,311.384,0.1,-4.7385,3.1689999999999996,-0.2375,311.377,0.1,-4.724,3.1425,-0.2705,311.366,0.1,-4.7315000000000005,3.1165000000000003,-0.289,311.352,0.1,-4.7495,3.0905,-0.27949999999999997,311.338,0.1,
-4.5465,2.9985,-0.211,311.476,0.1,-4.591,3.017,-0.2225,311.466,0.1,-4.636,3.0199999999999996,-0.237,311.455,0.1,-4.681,3.0134999999999996,-0.2465,311.441,0.1,-4.7175,3.0060000000000002,-0.25,311.425,0.1,-4.737,3.0055,-0.2555,311.412,0.1,-4.7435,3.0149999999999997,-0.267,311.402,0.1,-4.748,3.0375,-0.276,311.394,0.1,-4.7545,3.074,-0.265,311.387,0.1,-4.758,3.1185,-0.2305,311.383,0.1,-4.749499999999999,3.1545,-0.1915,311.38,0.1,-4.725,3.1719999999999997,-0.177,311.379,0.1,-4.6945,3.1719999999999997,-0.2,311.376,0.1,-4.6775,3.1639999999999997,-0.241,311.369,0.1,-4.683999999999999,3.154,-0.27,311.357,0.1,-4.705,3.137,-0.276,311.343,0.1,
-4.5465,2.9859999999999998,-0.1805,311.453,0.1,-4.5785,3.002,-0.189,311.447,0.1,-4.608499999999999,3.0095,-0.196,311.441,0.1,-4.64,3.0125,-0.2055,311.432,0.1,-4.672,3.015,-0.2165,311.42,0.1,-4.7010000000000005,3.0229999999999997,-0.2335,311.406,0.1,-4.7205,3.034,-0.2635,311.391,0.1,-4.7275,3.0475000000000003,-0.2915,311.377,0.1,-4.7285,3.0665,-0.2925,311.368,0.1,-4.7305,3.091,-0.253,311.363,0.1,-4.7295,3.116,-0.197,311.361,0.1,-4.7165,3.135,-0.166,311.361,0.1,-4.692500000000001,3.149,-0.178,311.361,0.1,-4.6725,3.16,-0.214,311.358,0.1,-4.6695,3.1665,-0.2405,311.35,0.1,-4.6795,3.1605,-0.249,311.339,0.1,
-4.542999999999999,2.9749999999999996,-0.152,311.43,0.1,-4.568,2.989,-0.162,311.425,0.1,-4.5955,3.0,-0.169,311.421,0.1,-4.625,3.0105,-0.1805,311.414,0.1,-4.656,3.021,-0.1935,311.405,0.1,-4.6875,3.034,-0.213,311.392,0.1,-4.711,3.0469999999999997,-0.248,311.375,0.1,-4.719,3.0575,-0.2865,311.36,0.1,-4.718500000000001,3.0650000000000004,-0.2975,311.348,0.1,-4.721,3.0725,-0.2635,311.341,0.1,-4.725,3.0835,-0.206,311.338,0.1,-4.720000000000001,3.0995,-0.171,311.338,0.1,-4.702500000000001,3.1215,-0.1775,311.338,0.1,-4.683,3.146,-0.2055,311.337,0.1,-4.6745,3.1624999999999996,-0.2215,311.332,0.1,-4.676,3.1630000000000003,-0.221,311.324,0.1,
-4.5165,2.969,-0.1335,311.413,0.1,-4.547499999999999,2.982,-0.1445,311.407,0.1,-4.589,2.995,-0.156,311.4,0.1,-4.6285,3.009,-0.172,311.391,0.1,-4.6575,3.023,-0.1885,311.381,0.1,-4.677,3.038,-0.209,311.371,0.1,-4.6895,3.052,-0.2395,311.359,0.1,-4.6965,3.063,-0.272,311.346,0.1,-4.7035,3.067,-0.281,311.332,0.1,-4.714,3.068,-0.252,311.322,0.1,-4.723,3.072,-0.206,311.316,0.1,-4.7215,3.086,-0.1815,311.315,0.1,-4.7085,3.11,-0.193,311.316,0.1,-4.696,3.139,-0.2165,311.313,0.1,-4.6945,3.158,-0.2215,311.306,0.1,-4.7015,3.16,-0.2055,311.299,0.1,
-4.6575,2.9515000000000002,-0.2305,311.599,0.1,-4.683,2.9295,-0.2315,311.587,0.1,-4.715999999999999,2.9109999999999996,-0.22,311.577,0.1,-4.743499999999999,2.8935,-0.2175,311.571,0.1,-4.759,2.8739999999999997,-0.233,311.565,0.1,-4.7675,2.854,-0.2475,311.557,0.1,-4.7735,2.846,-0.243,311.546,0.1,-4.775,2.857,-0.2205,311.534,0.1,-4.7669999999999995,2.877,-0.192,311.524,0.1,-4.747999999999999,2.8895,-0.16999999999999998,311.516,0.1,-4.7245,2.8885,-0.1615,311.514,0.1,-4.707,2.8765,-0.1675,311.516,0.1,-4.702999999999999,2.8609999999999998,-0.18,311.519,0.1,-4.7115,2.8520000000000003,-0.1865,311.517,0.1,-4.718999999999999,2.849,-0.1855,311.51,0.1,-4.7085,2.8455000000000004,-0.1765,311.502,0.1,
-4.6225,2.9805,-0.226,311.591,0.1,-4.644,2.9509999999999996,-0.2425,311.579,0.1,-4.6805,2.9234999999999998,-0.237,311.567,0.1,-4.7195,2.9065000000000003,-0.2305,311.558,0.1,-4.746,2.8964999999999996,-0.2445,311.551,0.1,-4.758,2.888,-0.2715,311.542,0.1,-4.7620000000000005,2.8834999999999997,-0.28400000000000003,311.529,0.1,-4.765000000000001,2.8905,-0.264,311.517,0.1,-4.767,2.9045,-0.221,311.508,0.1,-4.7605,2.9139999999999997,-0.1795,311.503,0.1,-4.7405,2.9139999999999997,-0.1605,311.504,0.1,-4.7125,2.9035,-0.1685,311.511,0.1,-4.689500000000001,2.8884999999999996,-0.193,311.517,0.1,-4.6825,2.8795,-0.2155,311.518,0.1,-4.6899999999999995,2.877,-0.2215,311.512,0.1,-4.695,2.8685,-0.21,311.502,0.1,
-4.6,2.9930000000000003,-0.208,311.582,0.1,-4.6125,2.9675000000000002,-0.238,311.57,0.1,-4.641,2.9405,-0.2485,311.559,0.1,-4.682,2.9265,-0.245,311.549,0.1,-4.7185,2.924,-0.2545,311.54,0.1,-4.7375,2.9255,-0.285,311.53,0.1,-4.743,2.9255,-0.3085,311.518,0.1,-4.749,2.9265,-0.294,311.507,0.1,-4.76,2.9295,-0.244,311.497,0.1,-4.763999999999999,2.9325,-0.192,311.494,0.1,-4.75,2.9314999999999998,-0.164,311.499,0.1,-4.718500000000001,2.923,-0.17099999999999999,311.507,0.1,-4.6805,2.9095,-0.207,311.515,0.1,-4.656000000000001,2.8994999999999997,-0.244,311.518,0.1,-4.657500000000001,2.8925,-0.2535,311.514,0.1,-4.672000000000001,2.8795,-0.2355,311.501,0.1,
-4.5845,2.9850000000000003,-0.1895,311.57,0.1,-4.5905000000000005,2.9765,-0.2195,311.561,0.1,-4.609,2.9635,-0.2445,311.551,0.1,-4.6455,2.957,-0.2525,311.542,0.1,-4.686,2.959,-0.264,311.533,0.1,-4.7115,2.965,-0.296,311.523,0.1,-4.7225,2.967,-0.3255,311.511,0.1,-4.734,2.9604999999999997,-0.316,311.5,0.1,-4.7515,2.95,-0.2625,311.492,0.1,-4.7625,2.942,-0.2,311.489,0.1,-4.7545,2.9385000000000003,-0.162,311.496,0.1,-4.7245,2.9345,-0.1665,311.504,0.1,-4.6815,2.9285,-0.2125,311.51,0.1,-4.648,2.9215,-0.26,311.512,0.1,-4.643,2.911,-0.272,311.506,0.1,-4.6594999999999995,2.8964999999999996,-0.248,311.494,0.1,
-4.5634999999999994,2.967,-0.193,311.558,0.1,-4.5715,2.979,-0.2025,311.551,0.1,-4.586,2.9875,-0.2265,311.544,0.1,-4.614,2.9935,-0.246,311.537,0.1,-4.65,3.0015,-0.2665,311.53,0.1,-4.679,3.0105000000000004,-0.3035,311.521,0.1,-4.6985,3.012,-0.3385,311.51,0.1,-4.718500000000001,2.9965,-0.336,311.498,0.1,-4.7415,2.9695,-0.285,311.488,0.1,-4.7565,2.9459999999999997,-0.215,311.484,0.1,-4.7535,2.9370000000000003,-0.167,311.49,0.1,-4.731,2.939,-0.166,311.497,0.1,-4.6965,2.9465000000000003,-0.2095,311.5,0.1,-4.6685,2.9485,-0.256,311.496,0.1,-4.6615,2.941,-0.267,311.488,0.1,-4.670999999999999,2.9284999999999997,-0.2415,311.477,0.1,
-4.531000000000001,2.958,-0.226,311.548,0.1,-4.5455000000000005,2.982,-0.2085,311.543,0.1,-4.561999999999999,3.008,-0.2165,311.538,0.1,-4.584,3.0275,-0.2345,311.534,0.1,-4.612,3.044,-0.2595,311.53,0.1,-4.640499999999999,3.058,-0.297,311.523,0.1,-4.668,3.059,-0.3345,311.512,0.1,-4.6965,3.037,-0.34199999999999997,311.499,0.1,-4.7235,2.996,-0.3045,311.486,0.1,-4.741,2.9575,-0.2435,311.481,0.1,-4.742000000000001,2.94,-0.195,311.482,0.1,-4.728,2.9455,-0.1855,311.486,0.1,-4.709,2.965,-0.213,311.483,0.1,-4.697,2.9779999999999998,-0.2425,311.475,0.1,-4.695,2.9779999999999998,-0.243,311.463,0.1,-4.697,2.9699999999999998,-0.217,311.454,0.1,
-4.4855,2.9685,-0.275,311.544,0.1,-4.508,2.993,-0.242,311.538,0.1,-4.531,3.0244999999999997,-0.23,311.534,0.1,-4.554,3.053,-0.2355,311.531,0.1,-4.579,3.0765000000000002,-0.252,311.528,0.1,-4.6065000000000005,3.0940000000000003,-0.279,311.523,0.1,-4.6375,3.0955,-0.3075,311.513,0.1,-4.67,3.073,-0.319,311.501,0.1,-4.697,3.0305,-0.304,311.488,0.1,-4.7125,2.987,-0.272,311.479,0.1,-4.714,2.9645,-0.2415,311.476,0.1,-4.7059999999999995,2.9690000000000003,-0.228,311.473,0.1,-4.7005,2.9905,-0.23149999999999998,311.466,0.1,-4.7044999999999995,3.008,-0.23249999999999998,311.454,0.1,-4.7135,3.0134999999999996,-0.215,311.441,0.1,-4.7165,3.013,-0.186,311.432,0.1,
-4.4305,2.9939999999999998,-0.3135,311.548,0.1,-4.4605,3.013,-0.2865,311.537,0.1,-4.4935,3.0395000000000003,-0.263,311.532,0.1,-4.5245,3.068,-0.252,311.528,0.1,-4.553,3.0915,-0.2515,311.524,0.1,-4.5825,3.1065,-0.2555,311.518,0.1,-4.6145,3.1085000000000003,-0.2635,311.51,0.1,-4.646,3.0940000000000003,-0.27,311.5,0.1,-4.669499999999999,3.0665,-0.2775,311.49,0.1,-4.6785,3.036,-0.28400000000000003,311.481,0.1,-4.6745,3.018,-0.2845,311.473,0.1,-4.6665,3.018,-0.2765,311.464,0.1,-4.6655,3.0294999999999996,-0.2615,311.453,0.1,-4.677,3.0404999999999998,-0.236,311.439,0.1,-4.6945,3.046,-0.2005,311.426,0.1,-4.704000000000001,3.0515,-0.1645,311.418,0.1,
-4.3774999999999995,3.0205,-0.3215,311.555,0.1,-4.4135,3.0365,-0.318,311.541,0.1,-4.455500000000001,3.0525,-0.2995,311.531,0.1,-4.497,3.0700000000000003,-0.2775,311.524,0.1,-4.534000000000001,3.083,-0.257,311.517,0.1,-4.5665,3.091,-0.2365,311.509,0.1,-4.596,3.0949999999999998,-0.2205,311.501,0.1,-4.6215,3.0965,-0.218,311.495,0.1,-4.6385000000000005,3.097,-0.2385,311.49,0.1,-4.6425,3.0955,-0.2745,311.482,0.1,-4.634,3.0934999999999997,-0.3045,311.472,0.1,-4.6205,3.0895,-0.3095,311.459,0.1,-4.6135,3.085,-0.291,311.444,0.1,-4.6205,3.0805,-0.2555,311.431,0.1,-4.6375,3.0785,-0.212,311.419,0.1,-4.6525,3.0835,-0.167,311.412,0.1,
-4.34,3.0295,-0.297,311.56,0.1,-4.3805,3.0495,-0.319,311.543,0.1,-4.427,3.0549999999999997,-0.3175,311.529,0.1,-4.4765,3.0545,-0.299,311.518,0.1,-4.521000000000001,3.0515,-0.2675,311.507,0.1,-4.5535,3.0505,-0.2295,311.497,0.1,-4.574,3.058,-0.1985,311.49,0.1,-4.5885,3.0789999999999997,-0.1875,311.488,0.1,-4.5995,3.112,-0.206,311.487,0.1,-4.603,3.146,-0.2485,311.482,0.1,-4.593500000000001,3.1675,-0.2885,311.471,0.1,-4.574,3.1665,-0.3075,311.457,0.1,-4.557,3.1494999999999997,-0.303,311.442,0.1,-4.554,3.1295,-0.28200000000000003,311.429,0.1,-4.564500000000001,3.1155,-0.249,311.418,0.1,-4.5785,3.113,-0.2025,311.41,0.1,
-4.2989999999999995,3.0085,-0.259,311.562,0.1,-4.3445,3.036,-0.2905,311.545,0.1,-4.394,3.037,-0.308,311.53,0.1,-4.448,3.0244999999999997,-0.3035,311.515,0.1,-4.494,3.01,-0.278,311.5,0.1,-4.5215,3.002,-0.2415,311.488,0.1,-4.532,3.0115,-0.21,311.482,0.1,-4.536,3.0469999999999997,-0.1955,311.481,0.1,-4.5425,3.104,-0.2,311.482,0.1,-4.547,3.1665,-0.221,311.479,0.1,-4.538,3.2095000000000002,-0.246,311.471,0.1,-4.5135000000000005,3.2184999999999997,-0.268,311.459,0.1,-4.487,3.2005,-0.2845,311.448,0.1,-4.476,3.1755,-0.293,311.436,0.1,-4.483499999999999,3.1565000000000003,-0.2865,311.424,0.1,-4.4985,3.146,-0.255,311.413,0.1,
-4.2325,2.97,-0.23,311.563,0.1,-4.281,3.0004999999999997,-0.2535,311.549,0.1,-4.3325,3.003,-0.276,311.535,0.1,-4.386,2.9915000000000003,-0.284,311.519,0.1,-4.427,2.9775,-0.2735,311.503,0.1,-4.4455,2.9715,-0.258,311.49,0.1,-4.4485,2.9835000000000003,-0.245,311.483,0.1,-4.4515,3.0220000000000002,-0.236,311.479,0.1,-4.4615,3.0839999999999996,-0.2265,311.478,0.1,-4.470000000000001,3.1544999999999996,-0.214,311.475,0.1,-4.4625,3.2075,-0.206,311.471,0.1,-4.4350000000000005,3.2270000000000003,-0.2155,311.466,0.1,-4.401999999999999,3.2184999999999997,-0.2445,311.46,0.1,-4.3855,3.2024999999999997,-0.278,311.45,0.1,-4.3955,3.191,-0.297,311.437,0.1,-4.420999999999999,3.1805000000000003,-0.287,311.422,0.1,
-4.1775,2.9385000000000003,-0.207,311.555,0.1,-4.221,2.9645,-0.218,311.546,0.1,-4.265000000000001,2.9699999999999998,-0.23299999999999998,311.537,0.1,-4.3085,2.967,-0.244,311.524,0.1,-4.3420000000000005,2.9645,-0.2485,311.509,0.1,-4.359500000000001,2.9699999999999998,-0.2565,311.496,0.1,-4.3665,2.9885,-0.2695,311.486,0.1,-4.374499999999999,3.0215,-0.278,311.477,0.1,-4.387499999999999,3.0705,-0.2655,311.47,0.1,-4.398999999999999,3.1275,-0.2295,311.466,0.1,-4.3965,3.175,-0.191,311.464,0.1,-4.372999999999999,3.2,-0.179,311.464,0.1,-4.34,3.205,-0.20400000000000001,311.463,0.1,-4.321,3.206,-0.247,311.458,0.1,-4.3305,3.209,-0.2765,311.446,0.1,-4.359999999999999,3.205,-0.2825,311.431,0.1,
-4.162,2.9175,-0.1775,311.536,0.1,-4.193,2.9375,-0.185,311.531,0.1,-4.221,2.9459999999999997,-0.192,311.526,0.1,-4.2495,2.9535,-0.2025,311.519,0.1,-4.2785,2.9645,-0.2155,311.509,0.1,-4.306,2.984,-0.235,311.495,0.1,-4.3285,3.0095,-0.2665,311.48,0.1,-4.3425,3.0365,-0.295,311.465,0.1,-4.3515,3.0675,-0.294,311.454,0.1,-4.361,3.1014999999999997,-0.2525,311.449,0.1,-4.365,3.133,-0.1955,311.448,0.1,-4.3525,3.1565000000000003,-0.1655,311.449,0.1,-4.3260000000000005,3.1734999999999998,-0.1805,311.451,0.1,-4.3055,3.1915,-0.218,311.449,0.1,-4.307,3.209,-0.245,311.44,0.1,-4.3245000000000005,3.2119999999999997,-0.253,311.429,0.1,
-4.1419999999999995,2.8970000000000002,-0.15,311.516,0.1,-4.167,2.9160000000000004,-0.158,311.513,0.1,-4.192,2.9305,-0.165,311.511,0.1,-4.218,2.9485,-0.1775,311.505,0.1,-4.246,2.9705000000000004,-0.1925,311.497,0.1,-4.2785,2.9985,-0.215,311.484,0.1,-4.3075,3.028,-0.252,311.467,0.1,-4.324,3.0534999999999997,-0.291,311.451,0.1,-4.3325,3.0735,-0.3005,311.438,0.1,-4.3415,3.088,-0.264,311.43,0.1,-4.349500000000001,3.1020000000000003,-0.2055,311.428,0.1,-4.3455,3.1189999999999998,-0.171,311.429,0.1,-4.327500000000001,3.143,-0.18,311.431,0.1,-4.3100000000000005,3.1734999999999998,-0.2085,311.43,0.1,-4.3065,3.1995,-0.2245,311.424,0.1,-4.314,3.207,-0.223,311.417,0.1,
-4.1015,2.886,-0.1325,311.505,0.1,-4.132,2.906,-0.14100000000000001,311.5,0.1,-4.1715,2.925,-0.1525,311.494,0.1,-4.208,2.948,-0.17,311.485,0.1,-4.236000000000001,2.975,-0.1895,311.476,0.1,-4.2585,3.005,-0.213,311.466,0.1,-4.2780000000000005,3.036,-0.245,311.454,0.1,-4.2940000000000005,3.062,-0.2775,311.44,0.1,-4.309,3.079,-0.285,311.425,0.1,-4.325,3.086,-0.2545,311.414,0.1,-4.336,3.092,-0.208,311.409,0.1,-4.3345,3.105,-0.1845,311.409,0.1,-4.3225,3.131,-0.197,311.411,0.1,-4.314,3.166,-0.22,311.408,0.1,-4.3195,3.194,-0.224,311.401,0.1,-4.333,3.203,-0.2065,311.394,0.1,
-4.394,3.0385,-0.236,311.665,0.1,-4.4254999999999995,3.021,-0.2345,311.655,0.1,-4.4655000000000005,3.0055,-0.2195,311.645,0.1,-4.499,2.9905,-0.2165,311.638,0.1,-4.52,2.9715,-0.2335,311.632,0.1,-4.5365,2.9545000000000003,-0.251,311.624,0.1,-4.554,2.951,-0.248,311.612,0.1,-4.5675,2.9705,-0.225,311.599,0.1,-4.5685,2.9995000000000003,-0.1965,311.587,0.1,-4.553000000000001,3.0205,-0.174,311.579,0.1,-4.5255,3.024,-0.1645,311.577,0.1,-4.4985,3.013,-0.17049999999999998,311.58,0.1,-4.486000000000001,2.9975,-0.1825,311.583,0.1,-4.492,2.9895,-0.1895,311.582,0.1,-4.5035,2.9905,-0.19,311.575,0.1,-4.499499999999999,2.9915000000000003,-0.1825,311.566,0.1,
-4.3475,3.053,-0.2305,311.661,0.1,-4.374499999999999,3.027,-0.2455,311.649,0.1,-4.4185,3.003,-0.2375,311.636,0.1,-4.465,2.9905,-0.2295,311.627,0.1,-4.499,2.9855,-0.2455,311.619,0.1,-4.5195,2.983,-0.275,311.609,0.1,-4.5335,2.9865000000000004,-0.289,311.595,0.1,-4.5465,3.0025,-0.2685,311.582,0.1,-4.555,3.025,-0.224,311.571,0.1,-4.548500000000001,3.042,-0.182,311.566,0.1,-4.521,3.045,-0.163,311.569,0.1,-4.480499999999999,3.034,-0.17149999999999999,311.577,0.1,-4.4475,3.0185,-0.1965,311.583,0.1,-4.439,3.0105,-0.2195,311.584,0.1,-4.454000000000001,3.0115,-0.225,311.579,0.1,-4.4719999999999995,3.0075000000000003,-0.2145,311.568,0.1,
-4.316000000000001,3.051,-0.21,311.654,0.1,-4.3315,3.0294999999999996,-0.241,311.641,0.1,-4.3655,3.006,-0.2505,311.629,0.1,-4.4145,2.9975,-0.2455,311.618,0.1,-4.46,3.0035,-0.2555,311.609,0.1,-4.4879999999999995,3.0140000000000002,-0.2885,311.598,0.1,-4.5015,3.0244999999999997,-0.3135,311.584,0.1,-4.514,3.034,-0.298,311.571,0.1,-4.5285,3.044,-0.2465,311.562,0.1,-4.53,3.0515,-0.193,311.559,0.1,-4.5075,3.052,-0.1655,311.565,0.1,-4.465,3.0425,-0.1745,311.574,0.1,-4.4190000000000005,3.0285,-0.2125,311.582,0.1,-4.395,3.019,-0.2495,311.586,0.1,-4.407500000000001,3.0140000000000002,-0.258,311.581,0.1,-4.4399999999999995,3.004,-0.2395,311.568,0.1,
-4.292,3.0300000000000002,-0.1895,311.643,0.1,-4.2985,3.027,-0.221,311.633,0.1,-4.3195,3.0185,-0.247,311.622,0.1,-4.362500000000001,3.017,-0.2545,311.612,0.1,-4.412,3.0279999999999996,-0.2665,311.602,0.1,-4.4465,3.044,-0.3,311.591,0.1,-4.464,3.0564999999999998,-0.3305,311.579,0.1,-4.4795,3.0585,-0.32,311.566,0.1,-4.4985,3.053,-0.264,311.557,0.1,-4.507,3.0475,-0.2,311.555,0.1,-4.4925,3.0445,-0.1625,311.563,0.1,-4.457,3.0404999999999998,-0.17049999999999998,311.572,0.1,-4.412,3.0355,-0.2195,311.579,0.1,-4.3825,3.029,-0.2675,311.581,0.1,-4.391,3.019,-0.278,311.575,0.1,-4.428,3.0055,-0.2535,311.562,0.1,
-4.2615,3.0,-0.192,311.632,0.1,-4.2684999999999995,3.019,-0.203,311.625,0.1,-4.2829999999999995,3.0330000000000004,-0.229,311.617,0.1,-4.3149999999999995,3.0439999999999996,-0.249,311.609,0.1,-4.3580000000000005,3.0585,-0.27,311.601,0.1,-4.395,3.0765000000000002,-0.308,311.59,0.1,-4.4215,3.088,-0.3435,311.578,0.1,-4.446,3.081,-0.3405,311.565,0.1,-4.4704999999999995,3.058,-0.287,311.554,0.1,-4.485,3.0355,-0.2155,311.552,0.1,-4.481,3.026,-0.1675,311.557,0.1,-4.46,3.0300000000000002,-0.1695,311.566,0.1,-4.4315,3.0410000000000004,-0.2165,311.569,0.1,-4.414,3.0465,-0.264,311.565,0.1,-4.422499999999999,3.0404999999999998,-0.2735,311.555,0.1,-4.4505,3.0295,-0.247,311.544,0.1,
-4.2170000000000005,2.979,-0.2265,311.622,0.1,-4.2305,3.011,-0.209,311.617,0.1,-4.246,3.042,-0.2185,311.611,0.1,-4.27,3.067,-0.237,311.607,0.1,-4.303,3.0890000000000004,-0.263,311.601,0.1,-4.3385,3.1094999999999997,-0.3015,311.594,0.1,-4.3735,3.12,-0.3395,311.583,0.1,-4.4085,3.106,-0.346,311.568,0.1,-4.4405,3.069,-0.3075,311.555,0.1,-4.462,3.0305,-0.2455,311.549,0.1,-4.468,3.013,-0.1975,311.55,0.1,-4.462999999999999,3.0225,-0.19,311.554,0.1,-4.4575,3.0484999999999998,-0.219,311.551,0.1,-4.4605,3.0700000000000003,-0.2485,311.541,0.1,-4.473,3.0765000000000002,-0.248,311.529,0.1,-4.4879999999999995,3.0735,-0.221,311.519,0.1,
-4.155,2.977,-0.2775,311.619,0.1,-4.178000000000001,3.01,-0.2435,311.612,0.1,-4.202,3.0469999999999997,-0.231,311.607,0.1,-4.2275,3.0805,-0.2375,311.604,0.1,-4.257,3.1095,-0.2545,311.6,0.1,-4.292,3.1319999999999997,-0.2815,311.594,0.1,-4.3315,3.1414999999999997,-0.31,311.585,0.1,-4.3715,3.1265,-0.3215,311.572,0.1,-4.406000000000001,3.0885,-0.3075,311.558,0.1,-4.4295,3.0465,-0.2765,311.549,0.1,-4.4405,3.0265,-0.247,311.544,0.1,-4.446,3.0374999999999996,-0.23399999999999999,311.54,0.1,-4.457,3.069,-0.237,311.532,0.1,-4.478,3.0995,-0.2365,311.519,0.1,-4.5005,3.117,-0.2175,311.504,0.1,-4.51,3.1255,-0.1885,311.495,0.1,
-4.0835,2.99,-0.317,311.624,0.1,-4.1165,3.0185,-0.2885,311.612,0.1,-4.153499999999999,3.0515,-0.2635,311.605,0.1,-4.1895,3.0845000000000002,-0.2525,311.601,0.1,-4.225,3.113,-0.2515,311.596,0.1,-4.2620000000000005,3.133,-0.255,311.59,0.1,-4.3015,3.1414999999999997,-0.263,311.582,0.1,-4.34,3.134,-0.2705,311.572,0.1,-4.3705,3.112,-0.2805,311.562,0.1,-4.3885000000000005,3.0860000000000003,-0.2905,311.552,0.1,-4.396,3.0745,-0.293,311.542,0.1,-4.401999999999999,3.085,-0.2845,311.531,0.1,-4.417,3.1094999999999997,-0.267,311.518,0.1,-4.4435,3.1365,-0.239,311.504,0.1,-4.4704999999999995,3.1565000000000003,-0.2015,311.49,0.1,-4.482,3.1745,-0.165,311.483,0.1,
-4.0205,3.0060000000000002,-0.324,311.632,0.1,-4.061,3.0324999999999998,-0.3195,311.616,0.1,-4.109,3.0555,-0.299,311.605,0.1,-4.158,3.0775,-0.2755,311.597,0.1,-4.203,3.0955,-0.2535,311.59,0.1,-4.242,3.1079999999999997,-0.23249999999999998,311.582,0.1,-4.276,3.117,-0.217,311.574,0.1,-4.306,3.1245000000000003,-0.2165,311.568,0.1,-4.3295,3.1315,-0.24,311.563,0.1,-4.3420000000000005,3.1390000000000002,-0.28049999999999997,311.555,0.1,-4.3445,3.148,-0.314,311.543,0.1,-4.344,3.1585,-0.3195,311.528,0.1,-4.349,3.1689999999999996,-0.298,311.512,0.1,-4.3645,3.181,-0.2595,311.498,0.1,-4.385,3.1945,-0.2135,311.487,0.1,-4.3995,3.2125000000000004,-0.1675,311.481,0.1,
-3.9795,3.005,-0.296,311.638,0.1,-4.0245,3.0365,-0.318,311.62,0.1,-4.078,3.0495,-0.3155,311.604,0.1,-4.1355,3.0545,-0.2945,311.592,0.1,-4.186,3.0549999999999997,-0.262,311.581,0.1,-4.2225,3.0575,-0.224,311.571,0.1,-4.245,3.0685000000000002,-0.1935,311.564,0.1,-4.26,3.0945,-0.184,311.563,0.1,-4.275,3.1355,-0.206,311.562,0.1,-4.287000000000001,3.1825,-0.2525,311.557,0.1,-4.2885,3.2190000000000003,-0.2965,311.545,0.1,-4.2795,3.234,-0.3175,311.529,0.1,-4.27,3.232,-0.3115,311.514,0.1,-4.2705,3.2270000000000003,-0.288,311.501,0.1,-4.281499999999999,3.2285000000000004,-0.2525,311.491,0.1,-4.295,3.2385,-0.205,311.485,0.1,
-3.939,2.972,-0.2545,311.64,0.1,-3.989,3.0115,-0.287,311.622,0.1,-4.0435,3.02,-0.3035,311.606,0.1,-4.102,3.0125,-0.298,311.591,0.1,-4.151,3.0004999999999997,-0.272,311.576,0.1,-4.1795,2.9945,-0.2365,311.564,0.1,-4.189,3.0069999999999997,-0.206,311.558,0.1,-4.192500000000001,3.048,-0.192,311.558,0.1,-4.202500000000001,3.1155,-0.198,311.559,0.1,-4.2145,3.1925,-0.222,311.556,0.1,-4.2145,3.2525,-0.2505,311.548,0.1,-4.1975,3.2755,-0.275,311.536,0.1,-4.1745,3.27,-0.292,311.525,0.1,-4.1635,3.258,-0.3,311.515,0.1,-4.1715,3.254,-0.292,311.503,0.1,-4.189,3.258,-0.2595,311.493,0.1,
-3.872,2.9210000000000003,-0.225,311.64,0.1,-3.9215,2.962,-0.248,311.627,0.1,-3.974,2.9705000000000004,-0.271,311.614,0.1,-4.028499999999999,2.9619999999999997,-0.27949999999999997,311.598,0.1,-4.07,2.9515000000000002,-0.2705,311.582,0.1,-4.0875,2.948,-0.256,311.569,0.1,-4.0885,2.9645,-0.2445,311.562,0.1,-4.0920000000000005,3.0105,-0.2355,311.559,0.1,-4.107,3.0845000000000002,-0.225,311.557,0.1,-4.122999999999999,3.1695,-0.213,311.555,0.1,-4.1225,3.2375,-0.207,311.551,0.1,-4.0985,3.2675,-0.219,311.547,0.1,-4.065,3.268,-0.25,311.542,0.1,-4.0475,3.2625,-0.2845,311.534,0.1,-4.0600000000000005,3.266,-0.303,311.521,0.1,-4.0920000000000005,3.2714999999999996,-0.293,311.507,0.1,
-3.809,2.879,-0.202,311.634,0.1,-3.8514999999999997,2.912,-0.2125,311.627,0.1,-3.894,2.9205,-0.228,311.618,0.1,-3.936,2.92,-0.2405,311.607,0.1,-3.9675000000000002,2.9225000000000003,-0.247,311.593,0.1,-3.9825,2.9349999999999996,-0.257,311.58,0.1,-3.989,2.9619999999999997,-0.2715,311.57,0.1,-4.000500000000001,3.0060000000000002,-0.2795,311.56,0.1,-4.021000000000001,3.067,-0.2655,311.553,0.1,-4.0405,3.1365,-0.2275,311.549,0.1,-4.043,3.195,-0.1895,311.548,0.1,-4.0205,3.227,-0.1795,311.55,0.1,-3.9855,3.238,-0.207,311.551,0.1,-3.965,3.247,-0.2515,311.546,0.1,-3.978,3.264,-0.2815,311.534,0.1,-4.016,3.274,-0.287,311.518,0.1,
-3.7775,2.849,-0.1735,311.618,0.1,-3.8085,2.873,-0.18,311.615,0.1,-3.8345000000000002,2.883,-0.187,311.612,0.1,-3.859,2.8945,-0.199,311.606,0.1,-3.884,2.9135,-0.2135,311.597,0.1,-3.9109999999999996,2.945,-0.236,311.585,0.1,-3.9364999999999997,2.9845,-0.269,311.569,0.1,-3.957,3.0255,-0.298,311.552,0.1,-3.975,3.0685000000000002,-0.295,311.541,0.1,-3.992,3.112,-0.251,311.535,0.1,-4.0,3.1505,-0.193,311.535,0.1,-3.988,3.1775,-0.164,311.538,0.1,-3.96,3.1985,-0.182,311.541,0.1,-3.9395,3.223,-0.221,311.54,0.1,-3.9450000000000003,3.251,-0.248,311.531,0.1,-3.9699999999999998,3.264,-0.255,311.519,0.1,
-3.741,2.819,-0.147,311.603,0.1,-3.7655000000000003,2.8425000000000002,-0.153,311.601,0.1,-3.7885,2.8615,-0.16,311.6,0.1,-3.811,2.8865,-0.174,311.596,0.1,-3.8365,2.9195,-0.1915,311.589,0.1,-3.8695,2.9625,-0.216,311.577,0.1,-3.904,3.0085,-0.255,311.56,0.1,-3.9295,3.05,-0.294,311.542,0.1,-3.9465000000000003,3.082,-0.3025,311.528,0.1,-3.962,3.104,-0.2635,311.519,0.1,-3.9735,3.1205,-0.20400000000000001,311.518,0.1,-3.9699999999999998,3.1385,-0.1705,311.52,0.1,-3.9515000000000002,3.165,-0.181,311.523,0.1,-3.936,3.2015000000000002,-0.211,311.522,0.1,-3.9379999999999997,3.2365,-0.226,311.516,0.1,-3.9515000000000002,3.2504999999999997,-0.2235,311.509,0.1,
-3.6870000000000003,2.803,-0.131,311.596,0.1,-3.716,2.829,-0.137,311.592,0.1,-3.7535,2.855,-0.1485,311.587,0.1,-3.7880000000000003,2.887,-0.1675,311.58,0.1,-3.815,2.926,-0.19,311.571,0.1,-3.84,2.972,-0.216,311.561,0.1,-3.866,3.019,-0.249,311.548,0.1,-3.8914999999999997,3.062,-0.281,311.533,0.1,-3.9154999999999998,3.091,-0.2875,311.517,0.1,-3.9365,3.105,-0.256,311.506,0.1,-3.949,3.111,-0.209,311.502,0.1,-3.9475,3.124,-0.1865,311.504,0.1,-3.9365,3.152,-0.2,311.506,0.1,-3.9320000000000004,3.193,-0.223,311.502,0.1,-3.9445,3.231,-0.225,311.495,0.1,-3.964,3.245,-0.2065,311.489,0.1,
-4.101,2.9125,-0.239,311.732,0.1,-4.1274999999999995,2.91,-0.235,311.721,0.1,-4.1635,2.907,-0.2165,311.713,0.1,-4.193,2.8985000000000003,-0.2125,311.708,0.1,-4.2095,2.884,-0.232,311.704,0.1,-4.2225,2.8754999999999997,-0.2525,311.696,0.1,-4.24,2.8869999999999996,-0.251,311.684,0.1,-4.2565,2.9219999999999997,-0.2285,311.671,0.1,-4.26,2.967,-0.1995,311.659,0.1,-4.243,2.997,-0.1775,311.652,0.1,-4.2085,2.9995000000000003,-0.1675,311.651,0.1,-4.1705,2.979,-0.173,311.656,0.1,-4.147,2.9575,-0.1855,311.661,0.1,-4.146,2.9565,-0.1925,311.66,0.1,-4.1545000000000005,2.9765,-0.1935,311.653,0.1,-4.1495,3.0004999999999997,-0.187,311.644,0.1,
-4.0489999999999995,2.904,-0.2325,311.731,0.1,-4.0685,2.891,-0.2465,311.719,0.1,-4.1075,2.879,-0.2355,311.707,0.1,-4.1515,2.875,-0.2255,311.699,0.1,-4.183999999999999,2.8785,-0.2435,311.693,0.1,-4.2035,2.8895,-0.2765,311.684,0.1,-4.218500000000001,2.91,-0.2925,311.669,0.1,-4.2325,2.943,-0.2715,311.655,0.1,-4.2395,2.981,-0.226,311.644,0.1,-4.227,3.005,-0.1835,311.64,0.1,-4.189,3.0045,-0.1645,311.644,0.1,-4.137499999999999,2.984,-0.174,311.654,0.1,-4.0954999999999995,2.963,-0.1995,311.661,0.1,-4.0815,2.9615,-0.2215,311.662,0.1,-4.0954999999999995,2.9805,-0.2265,311.656,0.1,-4.115,3.0004999999999997,-0.2165,311.645,0.1,
-4.012,2.8825,-0.2095,311.727,0.1,-4.0195,2.8715,-0.242,311.715,0.1,-4.047000000000001,2.8585000000000003,-0.2505,311.703,0.1,-4.093500000000001,2.8594999999999997,-0.2435,311.694,0.1,-4.140499999999999,2.877,-0.254,311.686,0.1,-4.17,2.904,-0.289,311.674,0.1,-4.1835,2.932,-0.316,311.659,0.1,-4.1945,2.96,-0.3,311.645,0.1,-4.204,2.9845,-0.247,311.635,0.1,-4.1975,2.9975,-0.1925,311.633,0.1,-4.165,2.993,-0.166,311.641,0.1,-4.112,2.976,-0.177,311.651,0.1,-4.0585,2.96,-0.2165,311.66,0.1,-4.0305,2.957,-0.2525,311.663,0.1,-4.0425,2.968,-0.2595,311.658,0.1,-4.077,2.98,-0.2405,311.646,0.1,
-3.9825,2.846,-0.1875,311.72,0.1,-3.983,2.8515,-0.221,311.71,0.1,-3.9975,2.8529999999999998,-0.2485,311.7,0.1,-4.0375,2.8615,-0.255,311.69,0.1,-4.0885,2.8840000000000003,-0.2665,311.68,0.1,-4.125,2.9154999999999998,-0.301,311.669,0.1,-4.1415,2.9459999999999997,-0.3325,311.655,0.1,-4.1525,2.9665,-0.3215,311.641,0.1,-4.1645,2.9755000000000003,-0.264,311.63,0.1,-4.165,2.975,-0.198,311.629,0.1,-4.143000000000001,2.9675000000000002,-0.1615,311.638,0.1,-4.1005,2.96,-0.1725,311.649,0.1,-4.0489999999999995,2.9575,-0.224,311.656,0.1,-4.015499999999999,2.9605,-0.2725,311.658,0.1,-4.0235,2.966,-0.2815,311.652,0.1,-4.061,2.9695,-0.2555,311.64,0.1,
-3.948,2.8034999999999997,-0.189,311.71,0.1,-3.952,2.8305,-0.2025,311.705,0.1,-3.961,2.8545,-0.2305,311.697,0.1,-3.9885,2.8745000000000003,-0.2505,311.688,0.1,-4.0305,2.899,-0.2715,311.68,0.1,-4.0685,2.929,-0.31,311.669,0.1,-4.093,2.957,-0.346,311.655,0.1,-4.112,2.9685,-0.3425,311.64,0.1,-4.13,2.96,-0.2865,311.629,0.1,-4.138,2.943,-0.2135,311.626,0.1,-4.129,2.932,-0.166,311.633,0.1,-4.104,2.9375,-0.1705,311.643,0.1,-4.0715,2.957,-0.221,311.647,0.1,-4.05,2.9770000000000003,-0.2695,311.643,0.1,-4.0545,2.9875,-0.2785,311.633,0.1,-4.08,2.9885,-0.251,311.623,0.1,
-3.8994999999999997,2.7714999999999996,-0.225,311.701,0.1,-3.912,2.8125,-0.2085,311.697,0.1,-3.9234999999999998,2.8529999999999998,-0.219,311.692,0.1,-3.9425,2.8855,-0.2385,311.687,0.1,-3.9725,2.9145,-0.265,311.681,0.1,-4.007,2.944,-0.3035,311.672,0.1,-4.0395,2.968,-0.3415,311.659,0.1,-4.0695,2.971,-0.3475,311.643,0.1,-4.0954999999999995,2.948,-0.308,311.63,0.1,-4.1114999999999995,2.9165,-0.2455,311.624,0.1,-4.115,2.9025,-0.198,311.627,0.1,-4.109500000000001,2.9185,-0.192,311.631,0.1,-4.102,2.9585,-0.2225,311.63,0.1,-4.1015,2.9989999999999997,-0.253,311.62,0.1,-4.1085,3.0229999999999997,-0.252,311.608,0.1,-4.1165,3.03,-0.225,311.599,0.1,
-3.835,2.7575,-0.2785,311.698,0.1,-3.8565,2.802,-0.244,311.692,0.1,-3.877,2.8485,-0.231,311.688,0.1,-3.8985000000000003,2.888,-0.238,311.684,0.1,-3.9245,2.9215,-0.2555,311.68,0.1,-3.957,2.95,-0.2815,311.673,0.1,-3.9935,2.9695,-0.3095,311.662,0.1,-4.029,2.9675000000000002,-0.3215,311.649,0.1,-4.058,2.942,-0.308,311.635,0.1,-4.0765,2.9095,-0.279,311.627,0.1,-4.086,2.8975,-0.2505,311.622,0.1,-4.093,2.9195,-0.238,311.619,0.1,-4.1055,2.9684999999999997,-0.2405,311.61,0.1,-4.1240000000000006,3.0205,-0.2395,311.597,0.1,-4.1385000000000005,3.0564999999999998,-0.22,311.584,0.1,-4.1370000000000005,3.075,-0.1915,311.577,0.1,
-3.7625,2.7575,-0.319,311.703,0.1,-3.7915,2.8005,-0.289,311.691,0.1,-3.8245,2.8435,-0.2625,311.684,0.1,-3.857,2.8819999999999997,-0.251,311.681,0.1,-3.8895,2.9135,-0.25,311.675,0.1,-3.9234999999999998,2.937,-0.253,311.669,0.1,-3.9595000000000002,2.9515000000000002,-0.26,311.661,0.1,-3.9935,2.9515000000000002,-0.269,311.652,0.1,-4.019,2.939,-0.281,311.642,0.1,-4.0329999999999995,2.924,-0.295,311.632,0.1,-4.0395,2.924,-0.3,311.622,0.1,-4.047499999999999,2.9485,-0.2915,311.611,0.1,-4.0645,2.9924999999999997,-0.2715,311.597,0.1,-4.0885,3.04,-0.241,311.583,0.1,-4.1065000000000005,3.079,-0.2025,311.571,0.1,-4.105,3.1085000000000003,-0.167,311.566,0.1,
-3.702,2.7615,-0.325,311.712,0.1,-3.7359999999999998,2.8040000000000003,-0.32,311.695,0.1,-3.779,2.837,-0.297,311.683,0.1,-3.824,2.8655,-0.272,311.676,0.1,-3.8645,2.8855,-0.2485,311.669,0.1,-3.8985000000000003,2.9,-0.2275,311.662,0.1,-3.928,2.9115,-0.2125,311.656,0.1,-3.9535,2.9215,-0.2135,311.651,0.1,-3.973,2.934,-0.24,311.646,0.1,-3.9835000000000003,2.951,-0.2855,311.638,0.1,-3.9855,2.9734999999999996,-0.322,311.624,0.1,-3.9865,3.0,-0.3285,311.608,0.1,-3.9930000000000003,3.0285,-0.3045,311.591,0.1,-4.005,3.058,-0.2625,311.578,0.1,-4.016,3.09,-0.2145,311.569,0.1,-4.018,3.1239999999999997,-0.1685,311.567,0.1,
-3.668,2.7489999999999997,-0.294,311.717,0.1,-3.7055,2.7960000000000003,-0.316,311.698,0.1,-3.7515,2.8185000000000002,-0.3125,311.682,0.1,-3.8025,2.83,-0.289,311.67,0.1,-3.847,2.8335,-0.255,311.661,0.1,-3.8765,2.8369999999999997,-0.2175,311.653,0.1,-3.892,2.848,-0.188,311.648,0.1,-3.902,2.873,-0.18,311.648,0.1,-3.9139999999999997,2.9160000000000004,-0.205,311.648,0.1,-3.9255,2.9705000000000004,-0.2555,311.642,0.1,-3.9285,3.0195,-0.3035,311.628,0.1,-3.9215,3.05,-0.326,311.61,0.1,-3.9115,3.0620000000000003,-0.3185,311.594,0.1,-3.9065000000000003,3.072,-0.293,311.583,0.1,-3.9074999999999998,3.0925000000000002,-0.255,311.575,0.1,-3.9095,3.1235,-0.207,311.571,0.1,
-3.635,2.702,-0.2495,311.718,0.1,-3.677,2.7545,-0.2825,311.7,0.1,-3.7215,2.7714999999999996,-0.2985,311.684,0.1,-3.77,2.7705,-0.292,311.669,0.1,-3.81,2.763,-0.266,311.657,0.1,-3.8305,2.7584999999999997,-0.231,311.648,0.1,-3.832,2.77,-0.202,311.644,0.1,-3.83,2.809,-0.1885,311.645,0.1,-3.838,2.8775000000000004,-0.196,311.647,0.1,-3.8515,2.9605,-0.222,311.644,0.1,-3.8555,3.0294999999999996,-0.253,311.633,0.1,-3.8415,3.064,-0.28,311.62,0.1,-3.8175,3.0685000000000002,-0.298,311.608,0.1,-3.8005,3.0705,-0.3055,311.598,0.1,-3.799,3.0869999999999997,-0.296,311.587,0.1,-3.806,3.115,-0.2625,311.579,0.1,
-3.5709999999999997,2.636,-0.2185,311.718,0.1,-3.6144999999999996,2.6855,-0.2415,311.706,0.1,-3.657,2.7005,-0.2645,311.693,0.1,-3.6995,2.6985,-0.274,311.679,0.1,-3.7305,2.6935000000000002,-0.2665,311.664,0.1,-3.739,2.693,-0.254,311.654,0.1,-3.7325,2.7104999999999997,-0.2435,311.65,0.1,-3.731,2.758,-0.23399999999999999,311.647,0.1,-3.7445,2.835,-0.2225,311.646,0.1,-3.7634999999999996,2.925,-0.2105,311.643,0.1,-3.7675,2.9985,-0.206,311.638,0.1,-3.7465,3.035,-0.2205,311.634,0.1,-3.713,3.0425,-0.2535,311.629,0.1,-3.6905,3.05,-0.2885,311.62,0.1,-3.6935000000000002,3.074,-0.3065,311.607,0.1,-3.715,3.105,-0.296,311.592,0.1,
-3.503,2.5845000000000002,-0.1955,311.715,0.1,-3.5389999999999997,2.6215,-0.20550000000000002,311.709,0.1,-3.573,2.6319999999999997,-0.2215,311.702,0.1,-3.6055,2.636,-0.2355,311.692,0.1,-3.6285,2.644,-0.2445,311.679,0.1,-3.636,2.6635,-0.2565,311.668,0.1,-3.636,2.6975,-0.2725,311.659,0.1,-3.643,2.749,-0.2805,311.649,0.1,-3.6624999999999996,2.8165,-0.264,311.641,0.1,-3.6849999999999996,2.8905,-0.2245,311.636,0.1,-3.6925,2.952,-0.186,311.635,0.1,-3.673,2.9875,-0.1785,311.637,0.1,-3.6375,3.004,-0.2085,311.638,0.1,-3.6135,3.025,-0.254,311.633,0.1,-3.6189999999999998,3.0605,-0.284,311.62,0.1,-3.6470000000000002,3.093,-0.2885,311.603,0.1,
-3.4610000000000003,2.55,-0.168,311.701,0.1,-3.484,2.575,-0.173,311.699,0.1,-3.5035,2.5839999999999996,-0.181,311.699,0.1,-3.5220000000000002,2.5975,-0.1945,311.694,0.1,-3.5415,2.6225,-0.211,311.686,0.1,-3.5635000000000003,2.665,-0.2355,311.675,0.1,-3.5845000000000002,2.7185,-0.2705,311.659,0.1,-3.6014999999999997,2.773,-0.2995,311.642,0.1,-3.6185,2.825,-0.2945,311.629,0.1,-3.638,2.8735,-0.2485,311.623,0.1,-3.6500000000000004,2.9135,-0.189,311.623,0.1,-3.641,2.9425,-0.162,311.626,0.1,-3.6135,2.9684999999999997,-0.182,311.63,0.1,-3.59,3.0045,-0.223,311.628,0.1,-3.5890000000000004,3.0484999999999998,-0.2495,311.618,0.1,-3.6050000000000004,3.077,-0.2545,311.606,0.1,
-3.418,2.5140000000000002,-0.14250000000000002,311.687,0.1,-3.434,2.539,-0.147,311.687,0.1,-3.4505,2.5585,-0.154,311.688,0.1,-3.468,2.5860000000000003,-0.16949999999999998,311.685,0.1,-3.49,2.6265,-0.19,311.679,0.1,-3.52,2.6814999999999998,-0.216,311.668,0.1,-3.5515,2.7445,-0.2565,311.65,0.1,-3.574,2.801,-0.2955,311.633,0.1,-3.5895,2.8449999999999998,-0.303,311.617,0.1,-3.6065,2.874,-0.2625,311.608,0.1,-3.621,2.8925,-0.202,311.607,0.1,-3.62,2.911,-0.1695,311.61,0.1,-3.6014999999999997,2.942,-0.1815,311.613,0.1,-3.5825,2.989,-0.2125,311.612,0.1,-3.5789999999999997,3.0374999999999996,-0.226,311.605,0.1,-3.5854999999999997,3.0625,-0.222,311.599,0.1,
-3.365,2.494,-0.1285,311.68,0.1,-3.385,2.523,-0.1325,311.677,0.1,-3.415,2.551,-0.1435,311.674,0.1,-3.4435000000000002,2.587,-0.1645,311.669,0.1,-3.4665,2.634,-0.1895,311.661,0.1,-3.4894999999999996,2.692,-0.217,311.652,0.1,-3.5145,2.756,-0.2505,311.64,0.1,-3.5380000000000003,2.813,-0.2825,311.625,0.1,-3.559,2.856,-0.2885,311.609,0.1,-3.5780000000000003,2.878,-0.256,311.598,0.1,-3.5905,2.887,-0.209,311.594,0.1,-3.5895,2.9,-0.1875,311.597,0.1,-3.5780000000000003,2.932,-0.202,311.599,0.1,-3.5705,2.983,-0.2245,311.595,0.1,-3.5774999999999997,3.033,-0.2245,311.587,0.1,-3.591,3.057,-0.205,311.582,0.1,
-3.798,2.718,-0.241,311.797,0.1,-3.816,2.7344999999999997,-0.2345,311.788,0.1,-3.8455000000000004,2.7455,-0.213,311.781,0.1,-3.8680000000000003,2.7455,-0.208,311.779,0.1,-3.8765,2.737,-0.23,311.776,0.1,-3.8825000000000003,2.74,-0.2535,311.77,0.1,-3.8965,2.7695,-0.2535,311.759,0.1,-3.9130000000000003,2.823,-0.231,311.746,0.1,-3.9165,2.8845,-0.2025,311.734,0.1,-3.8964999999999996,2.925,-0.1805,311.727,0.1,-3.855,2.925,-0.17049999999999998,311.729,0.1,-3.808,2.8945,-0.1755,311.736,0.1,-3.775,2.8674999999999997,-0.188,311.742,0.1,-3.7649999999999997,2.8755,-0.1955,311.742,0.1,-3.767,2.918,-0.197,311.735,0.1,-3.7584999999999997,2.969,-0.1915,311.726,0.1,
-3.7430000000000003,2.682,-0.2335,311.801,0.1,-3.7510000000000003,2.685,-0.247,311.789,0.1,-3.781,2.6870000000000003,-0.233,311.779,0.1,-3.819,2.6935000000000002,-0.221,311.773,0.1,-3.8470000000000004,2.7075,-0.2405,311.77,0.1,-3.8630000000000004,2.7335000000000003,-0.2775,311.761,0.1,-3.8755,2.7755,-0.2955,311.745,0.1,-3.8875,2.8289999999999997,-0.2745,311.73,0.1,-3.8905,2.8834999999999997,-0.228,311.72,0.1,-3.8705,2.9160000000000004,-0.1845,311.717,0.1,-3.8230000000000004,2.91,-0.166,311.723,0.1,-3.762,2.879,-0.176,311.734,0.1,-3.7119999999999997,2.854,-0.2025,311.743,0.1,-3.692,2.8615000000000004,-0.223,311.744,0.1,-3.7015000000000002,2.902,-0.228,311.737,0.1,-3.7175000000000002,2.9505,-0.2175,311.726,0.1,
-3.7009999999999996,2.6375,-0.209,311.801,0.1,-3.6965,2.6395,-0.2425,311.789,0.1,-3.7145,2.6395,-0.25,311.778,0.1,-3.7560000000000002,2.6515,-0.241,311.771,0.1,-3.801,2.682,-0.252,311.765,0.1,-3.83,2.726,-0.289,311.754,0.1,-3.8415,2.777,-0.318,311.737,0.1,-3.8475,2.8265000000000002,-0.302,311.721,0.1,-3.8495,2.868,-0.2475,311.711,0.1,-3.833,2.8875,-0.1915,311.71,0.1,-3.7904999999999998,2.877,-0.166,311.719,0.1,-3.7295,2.8520000000000003,-0.179,311.732,0.1,-3.6695,2.8354999999999997,-0.2195,311.741,0.1,-3.6369999999999996,2.8425000000000002,-0.255,311.744,0.1,-3.646,2.874,-0.2605,311.738,0.1,-3.6765,2.9130000000000003,-0.241,311.726,0.1,
-3.6675,2.5835,-0.1845,311.798,0.1,-3.659,2.6,-0.221,311.789,0.1,-3.6645,2.6125,-0.2495,311.779,0.1,-3.6985,2.6325000000000003,-0.255,311.771,0.1,-3.7474999999999996,2.6675,-0.266,311.762,0.1,-3.784,2.7155,-0.301,311.749,0.1,-3.798,2.768,-0.334,311.733,0.1,-3.8019999999999996,2.8115,-0.3225,311.717,0.1,-3.8045,2.8369999999999997,-0.2635,311.706,0.1,-3.7955,2.8425000000000002,-0.1955,311.706,0.1,-3.7655000000000003,2.8310000000000004,-0.16,311.716,0.1,-3.716,2.8200000000000003,-0.1735,311.729,0.1,-3.658,2.8225,-0.228,311.737,0.1,-3.6189999999999998,2.8395,-0.277,311.738,0.1,-3.622,2.865,-0.2845,311.732,0.1,-3.654,2.8914999999999997,-0.257,311.721,0.1,
-3.63,2.527,-0.1855,311.79,0.1,-3.6295,2.5645,-0.2015,311.787,0.1,-3.631,2.5985,-0.2315,311.779,0.1,-3.652,2.6295,-0.252,311.771,0.1,-3.6905,2.6645000000000003,-0.2725,311.762,0.1,-3.7265,2.708,-0.3115,311.75,0.1,-3.747,2.7555,-0.348,311.734,0.1,-3.7575000000000003,2.79,-0.3435,311.717,0.1,-3.7655000000000003,2.7984999999999998,-0.286,311.705,0.1,-3.7655000000000003,2.7885,-0.2105,311.703,0.1,-3.7504999999999997,2.7775,-0.164,311.712,0.1,-3.7199999999999998,2.785,-0.171,311.723,0.1,-3.681,2.8155,-0.2245,311.728,0.1,-3.6515,2.8545,-0.2745,311.724,0.1,-3.6475,2.8855000000000004,-0.28300000000000003,311.715,0.1,-3.6645000000000003,2.904,-0.2545,311.706,0.1,
-3.581,2.4825,-0.2235,311.782,0.1,-3.5925000000000002,2.536,-0.2075,311.78,0.1,-3.5985,2.5865,-0.219,311.776,0.1,-3.6105,2.628,-0.24,311.771,0.1,-3.6355,2.6645000000000003,-0.2665,311.764,0.1,-3.666,2.7039999999999997,-0.3045,311.753,0.1,-3.6925,2.7435,-0.3425,311.738,0.1,-3.7135,2.767,-0.3485,311.721,0.1,-3.7295,2.7615,-0.308,311.707,0.1,-3.7375,2.7395,-0.2445,311.703,0.1,-3.7359999999999998,2.73,-0.1975,311.707,0.1,-3.7265,2.754,-0.1935,311.712,0.1,-3.7135,2.8105,-0.2255,311.711,0.1,-3.703,2.8735,-0.257,311.702,0.1,-3.697,2.9185,-0.256,311.691,0.1,-3.6929999999999996,2.939,-0.229,311.685,0.1,
-3.5185,2.4565,-0.279,311.779,0.1,-3.5380000000000003,2.516,-0.2435,311.774,0.1,-3.5535,2.5725,-0.2305,311.77,0.1,-3.568,2.6195,-0.238,311.767,0.1,-3.588,2.6580000000000004,-0.256,311.762,0.1,-3.615,2.6935000000000002,-0.281,311.754,0.1,-3.645,2.7235,-0.3085,311.742,0.1,-3.672,2.7375,-0.3205,311.728,0.1,-3.691,2.7270000000000003,-0.3085,311.715,0.1,-3.7005,2.706,-0.281,311.707,0.1,-3.7045,2.7035,-0.254,311.704,0.1,-3.7095000000000002,2.739,-0.2415,311.701,0.1,-3.718,2.808,-0.2435,311.693,0.1,-3.7264999999999997,2.8834999999999997,-0.242,311.681,0.1,-3.7264999999999997,2.94,-0.2225,311.669,0.1,-3.7095000000000002,2.9705000000000004,-0.1945,311.665,0.1,
-3.4505,2.444,-0.321,311.783,0.1,-3.4735,2.504,-0.2895,311.772,0.1,-3.5,2.558,-0.2615,311.766,0.1,-3.5255,2.6035,-0.249,311.762,0.1,-3.551,2.638,-0.248,311.757,0.1,-3.5785,2.6654999999999998,-0.2505,311.75,0.1,-3.6075,2.686,-0.2565,311.742,0.1,-3.6334999999999997,2.6955,-0.2665,311.733,0.1,-3.65,2.694,-0.281,311.724,0.1,-3.655,2.691,-0.299,311.716,0.1,-3.6559999999999997,2.7039999999999997,-0.3065,311.706,0.1,-3.6625,2.7455,-0.298,311.694,0.1,-3.677,2.8095,-0.276,311.68,0.1,-3.6925,2.8785,-0.243,311.667,0.1,-3.6959999999999997,2.937,-0.20400000000000001,311.657,0.1,-3.6775,2.9795,-0.169,311.656,0.1,
-3.3975,2.435,-0.3255,311.792,0.1,-3.4210000000000003,2.496,-0.32,311.774,0.1,-3.455,2.5415,-0.295,311.763,0.1,-3.492,2.5765000000000002,-0.268,311.756,0.1,-3.5244999999999997,2.599,-0.2435,311.75,0.1,-3.55,2.6145,-0.222,311.745,0.1,-3.5709999999999997,2.628,-0.2075,311.74,0.1,-3.589,2.641,-0.21,311.737,0.1,-3.6014999999999997,2.66,-0.24,311.733,0.1,-3.6055,2.6875,-0.29,311.724,0.1,-3.6035,2.7235,-0.33,311.71,0.1,-3.6029999999999998,2.767,-0.337,311.691,0.1,-3.607,2.8135,-0.311,311.674,0.1,-3.6115,2.8615,-0.266,311.662,0.1,-3.6085000000000003,2.912,-0.216,311.657,0.1,-3.593,2.9625,-0.17,311.657,0.1,
-3.3735,2.4105,-0.292,311.797,0.1,-3.3985,2.4745,-0.314,311.776,0.1,-3.432,2.5095,-0.309,311.761,0.1,-3.472,2.528,-0.28300000000000003,311.75,0.1,-3.5055,2.5345,-0.2475,311.743,0.1,-3.5244999999999997,2.5380000000000003,-0.2105,311.738,0.1,-3.5305,2.5484999999999998,-0.182,311.735,0.1,-3.5330000000000004,2.572,-0.176,311.737,0.1,-3.54,2.6165000000000003,-0.20350000000000001,311.738,0.1,-3.5484999999999998,2.678,-0.258,311.731,0.1,-3.551,2.7385,-0.31,311.715,0.1,-3.5439999999999996,2.7824999999999998,-0.334,311.695,0.1,-3.5309999999999997,2.8095,-0.3255,311.678,0.1,-3.5175,2.8354999999999997,-0.2975,311.667,0.1,-3.5045,2.875,-0.2575,311.661,0.1,-3.4905,2.928,-0.2085,311.66,0.1,
-3.3495,2.351,-0.2445,311.795,0.1,-3.38,2.4165,-0.2775,311.778,0.1,-3.4095,2.444,-0.294,311.762,0.1,-3.443,2.4509999999999996,-0.286,311.749,0.1,-3.4699999999999998,2.4475,-0.26,311.74,0.1,-3.4785,2.444,-0.2255,311.734,0.1,-3.4705,2.4545000000000003,-0.198,311.733,0.1,-3.4619999999999997,2.4909999999999997,-0.1855,311.736,0.1,-3.466,2.5585,-0.1935,311.739,0.1,-3.4795,2.6455,-0.2215,311.734,0.1,-3.4855,2.722,-0.2555,311.722,0.1,-3.4725,2.765,-0.2845,311.707,0.1,-3.4465,2.7800000000000002,-0.3035,311.694,0.1,-3.4215,2.7965,-0.3105,311.683,0.1,-3.4055,2.834,-0.2995,311.673,0.1,-3.3970000000000002,2.8895,-0.265,311.665,0.1,
-3.29,2.2715,-0.212,311.796,0.1,-3.3245,2.3295,-0.2345,311.785,0.1,-3.3529999999999998,2.3514999999999997,-0.258,311.773,0.1,-3.38,2.3564999999999996,-0.2685,311.76,0.1,-3.3964999999999996,2.3575,-0.262,311.749,0.1,-3.393,2.3605,-0.2515,311.742,0.1,-3.377,2.379,-0.2425,311.74,0.1,-3.3685,2.4269999999999996,-0.2325,311.739,0.1,-3.3795,2.505,-0.2195,311.737,0.1,-3.4000000000000004,2.597,-0.2075,311.733,0.1,-3.4074999999999998,2.6745,-0.2045,311.727,0.1,-3.3895,2.715,-0.2215,311.722,0.1,-3.3555,2.7295,-0.2565,311.716,0.1,-3.327,2.7510000000000003,-0.292,311.706,0.1,-3.3175,2.797,-0.31,311.692,0.1,-3.3225,2.856,-0.2985,311.676,0.1,
-3.218,2.209,-0.189,311.796,0.1,-3.246,2.25,-0.198,311.792,0.1,-3.269,2.2640000000000002,-0.2145,311.786,0.1,-3.2895,2.2720000000000002,-0.2305,311.777,0.1,-3.302,2.287,-0.2415,311.767,0.1,-3.3,2.3125,-0.256,311.758,0.1,-3.291,2.3535,-0.2735,311.75,0.1,-3.291,2.412,-0.281,311.74,0.1,-3.3075,2.4850000000000003,-0.2625,311.731,0.1,-3.3315,2.5615,-0.221,311.725,0.1,-3.3425000000000002,2.625,-0.1825,311.724,0.1,-3.3265000000000002,2.6615,-0.177,311.726,0.1,-3.292,2.684,-0.2095,311.726,0.1,-3.2640000000000002,2.7185,-0.2565,311.72,0.1,-3.259,2.7750000000000004,-0.286,311.706,0.1,-3.271,2.8310000000000004,-0.2895,311.688,0.1,
-3.167,2.1675,-0.162,311.785,0.1,-3.1799999999999997,2.194,-0.1655,311.785,0.1,-3.1915,2.2030000000000003,-0.1745,311.786,0.1,-3.2030000000000003,2.2185,-0.1895,311.783,0.1,-3.217,2.25,-0.2085,311.776,0.1,-3.2325,2.3015,-0.235,311.765,0.1,-3.2455,2.368,-0.2715,311.749,0.1,-3.2554999999999996,2.436,-0.3005,311.732,0.1,-3.269,2.498,-0.294,311.718,0.1,-3.2895000000000003,2.552,-0.2455,311.711,0.1,-3.3055000000000003,2.5935,-0.1855,311.711,0.1,-3.3,2.6225,-0.16,311.714,0.1,-3.2729999999999997,2.6544999999999996,-0.182,311.718,0.1,-3.2455,2.7035,-0.2245,311.715,0.1,-3.235,2.7655000000000003,-0.25,311.704,0.1,-3.2375,2.8120000000000003,-0.2535,311.692,0.1,
-3.1235,2.1245000000000003,-0.138,311.77,0.1,-3.127,2.151,-0.14100000000000001,311.771,0.1,-3.1355,2.1705,-0.148,311.774,0.1,-3.1475,2.2005,-0.165,311.773,0.1,-3.165,2.2475,-0.188,311.768,0.1,-3.191,2.3145,-0.216,311.758,0.1,-3.217,2.3925,-0.2575,311.741,0.1,-3.233,2.465,-0.297,311.723,0.1,-3.2435,2.522,-0.3035,311.707,0.1,-3.2590000000000003,2.56,-0.2615,311.698,0.1,-3.276,2.5815,-0.2,311.696,0.1,-3.2775,2.6,-0.1685,311.699,0.1,-3.259,2.6365,-0.182,311.703,0.1,-3.2359999999999998,2.6955,-0.2135,311.7,0.1,-3.223,2.759,-0.226,311.693,0.1,-3.218,2.7975,-0.22,311.687,0.1,
-3.0789999999999997,2.1,-0.1255,311.762,0.1,-3.0854999999999997,2.131,-0.1275,311.761,0.1,-3.1045,2.161,-0.1385,311.759,0.1,-3.1254999999999997,2.2,-0.1615,311.756,0.1,-3.1435,2.254,-0.1885,311.75,0.1,-3.1630000000000003,2.325,-0.2175,311.741,0.1,-3.1845,2.404,-0.252,311.73,0.1,-3.202,2.477,-0.284,311.716,0.1,-3.2155,2.534,-0.2895,311.7,0.1,-3.23,2.567,-0.256,311.689,0.1,-3.242,2.58,-0.209,311.687,0.1,-3.2415000000000003,2.593,-0.1885,311.69,0.1,-3.229,2.63,-0.20350000000000001,311.691,0.1,-3.2165,2.692,-0.2255,311.686,0.1,-3.2140000000000004,2.756,-0.224,311.678,0.1,-3.2165,2.792,-0.203,311.674,0.1,
-3.496,2.5229999999999997,-0.2435,311.863,0.1,-3.5055,2.558,-0.234,311.855,0.1,-3.528,2.5845000000000002,-0.2095,311.85,0.1,-3.543,2.5925000000000002,-0.20350000000000001,311.849,0.1,-3.543,2.5905,-0.228,311.849,0.1,-3.5415,2.6050000000000004,-0.2545,311.844,0.1,-3.5525,2.6515,-0.256,311.834,0.1,-3.5694999999999997,2.724,-0.23349999999999999,311.821,0.1,-3.573,2.802,-0.2055,311.809,0.1,-3.55,2.8520000000000003,-0.1835,311.803,0.1,-3.502,2.8505000000000003,-0.1735,311.806,0.1,-3.4455,2.81,-0.178,311.815,0.1,-3.402,2.7775,-0.1905,311.823,0.1,-3.3834999999999997,2.7945,-0.1985,311.824,0.1,-3.38,2.8594999999999997,-0.2005,311.817,0.1,-3.3685,2.9379999999999997,-0.196,311.808,0.1,
-3.437,2.4595000000000002,-0.235,311.87,0.1,-3.4335,2.479,-0.247,311.859,0.1,-3.4545000000000003,2.4955,-0.2305,311.851,0.1,-3.4865,2.5125,-0.2165,311.848,0.1,-3.51,2.5365,-0.2375,311.846,0.1,-3.522,2.5780000000000003,-0.2785,311.838,0.1,-3.5315,2.6405,-0.2985,311.822,0.1,-3.542,2.7145,-0.277,311.806,0.1,-3.542,2.7865,-0.2295,311.795,0.1,-3.5149999999999997,2.8265000000000002,-0.186,311.794,0.1,-3.4575,2.816,-0.1675,311.802,0.1,-3.3865,2.7744999999999997,-0.178,311.815,0.1,-3.3285,2.745,-0.205,311.824,0.1,-3.3025,2.762,-0.225,311.825,0.1,-3.308,2.8235,-0.2295,311.819,0.1,-3.321,2.901,-0.219,311.807,0.1,
-3.3905000000000003,2.3925,-0.2085,311.875,0.1,-3.374,2.4074999999999998,-0.243,311.864,0.1,-3.382,2.4205,-0.2495,311.854,0.1,-3.4185,2.444,-0.239,311.849,0.1,-3.4615,2.487,-0.25,311.844,0.1,-3.4895,2.549,-0.2895,311.833,0.1,-3.499,2.622,-0.32,311.815,0.1,-3.5004999999999997,2.693,-0.304,311.798,0.1,-3.4945,2.7515,-0.248,311.787,0.1,-3.468,2.777,-0.1905,311.787,0.1,-3.416,2.761,-0.1655,311.798,0.1,-3.3465,2.7279999999999998,-0.181,311.812,0.1,-3.2795,2.7104999999999997,-0.223,311.822,0.1,-3.2424999999999997,2.7285,-0.2575,311.824,0.1,-3.2485,2.7805,-0.2615,311.818,0.1,-3.275,2.846,-0.2415,311.807,0.1,
-3.352,2.3209999999999997,-0.1815,311.875,0.1,-3.335,2.348,-0.221,311.868,0.1,-3.331,2.3725,-0.2505,311.859,0.1,-3.359,2.4035,-0.2555,311.851,0.1,-3.407,2.4515000000000002,-0.2655,311.843,0.1,-3.4435000000000002,2.5164999999999997,-0.3015,311.83,0.1,-3.4545000000000003,2.5905,-0.3355,311.812,0.1,-3.4515000000000002,2.6559999999999997,-0.324,311.794,0.1,-3.444,2.699,-0.2625,311.782,0.1,-3.4255,2.71,-0.193,311.783,0.1,-3.388,2.6950000000000003,-0.158,311.795,0.1,-3.3315,2.68,-0.1745,311.808,0.1,-3.2675,2.687,-0.232,311.817,0.1,-3.223,2.718,-0.281,311.818,0.1,-3.2205,2.7640000000000002,-0.287,311.812,0.1,-3.2465,2.8125,-0.259,311.802,0.1,
-3.3120000000000003,2.251,-0.1825,311.871,0.1,-3.3075,2.298,-0.2005,311.869,0.1,-3.302,2.343,-0.233,311.862,0.1,-3.316,2.3845,-0.2535,311.854,0.1,-3.3505000000000003,2.4305000000000003,-0.2735,311.844,0.1,-3.3845,2.4875,-0.3125,311.831,0.1,-3.401,2.5545,-0.3495,311.813,0.1,-3.4035,2.6109999999999998,-0.3445,311.794,0.1,-3.4015,2.6375,-0.2855,311.781,0.1,-3.393,2.6345,-0.208,311.781,0.1,-3.3725,2.6235,-0.1615,311.79,0.1,-3.3369999999999997,2.6325000000000003,-0.17149999999999999,311.803,0.1,-3.291,2.674,-0.228,311.809,0.1,-3.253,2.732,-0.27949999999999997,311.805,0.1,-3.2405,2.7835,-0.287,311.796,0.1,-3.2489999999999997,2.819,-0.2575,311.789,0.1,
-3.263,2.1944999999999997,-0.222,311.863,0.1,-3.2725,2.2584999999999997,-0.207,311.863,0.1,-3.2729999999999997,2.3194999999999997,-0.2195,311.86,0.1,-3.2779999999999996,2.37,-0.2415,311.854,0.1,-3.2975,2.415,-0.2675,311.846,0.1,-3.324,2.4645,-0.306,311.834,0.1,-3.3455000000000004,2.5195,-0.3435,311.817,0.1,-3.358,2.5629999999999997,-0.349,311.798,0.1,-3.3635,2.575,-0.308,311.785,0.1,-3.3630000000000004,2.5625,-0.244,311.781,0.1,-3.3565,2.5575,-0.197,311.786,0.1,-3.3434999999999997,2.5895,-0.1945,311.793,0.1,-3.3245,2.6625,-0.2285,311.793,0.1,-3.3040000000000003,2.7485,-0.261,311.785,0.1,-3.2855,2.8145,-0.26,311.775,0.1,-3.269,2.8475,-0.23299999999999998,311.77,0.1,
-3.2030000000000003,2.1559999999999997,-0.2795,311.859,0.1,-3.2199999999999998,2.2295,-0.243,311.856,0.1,-3.23,2.2965,-0.23,311.853,0.1,-3.2375,2.351,-0.238,311.849,0.1,-3.2515,2.395,-0.256,311.843,0.1,-3.2735000000000003,2.4370000000000003,-0.281,311.834,0.1,-3.2969999999999997,2.4779999999999998,-0.3075,311.821,0.1,-3.315,2.5069999999999997,-0.3195,311.806,0.1,-3.3235,2.5125,-0.309,311.794,0.1,-3.324,2.503,-0.283,311.788,0.1,-3.323,2.51,-0.2575,311.786,0.1,-3.3255,2.5585,-0.245,311.783,0.1,-3.33,2.6470000000000002,-0.247,311.775,0.1,-3.3289999999999997,2.7465,-0.2445,311.764,0.1,-3.314,2.8235,-0.2255,311.755,0.1,-3.2815000000000003,2.865,-0.1975,311.753,0.1,
-3.1385,2.13,-0.3225,311.864,0.1,-3.1550000000000002,2.2075,-0.29,311.852,0.1,-3.175,2.2735000000000003,-0.2605,311.847,0.1,-3.194,2.325,-0.2475,311.843,0.1,-3.213,2.3635,-0.2455,311.838,0.1,-3.2335000000000003,2.394,-0.2475,311.832,0.1,-3.255,2.4205,-0.253,311.824,0.1,-3.2729999999999997,2.439,-0.264,311.815,0.1,-3.2805,2.449,-0.2815,311.807,0.1,-3.2775,2.458,-0.303,311.799,0.1,-3.2729999999999997,2.4844999999999997,-0.313,311.79,0.1,-3.277,2.542,-0.3045,311.777,0.1,-3.2889999999999997,2.626,-0.28,311.762,0.1,-3.2965,2.7169999999999996,-0.245,311.75,0.1,-3.285,2.795,-0.2055,311.744,0.1,-3.249,2.8495,-0.17099999999999999,311.746,0.1,
-3.093,2.1085000000000003,-0.3265,311.873,0.1,-3.1055,2.1879999999999997,-0.32,311.854,0.1,-3.13,2.2465,-0.293,311.842,0.1,-3.1595,2.2875,-0.2635,311.836,0.1,-3.1845,2.3129999999999997,-0.2385,311.832,0.1,-3.2015000000000002,2.33,-0.2165,311.828,0.1,-3.2135,2.3445,-0.2025,311.824,0.1,-3.224,2.3609999999999998,-0.2065,311.823,0.1,-3.23,2.3855,-0.24,311.819,0.1,-3.2279999999999998,2.423,-0.294,311.81,0.1,-3.222,2.4735,-0.338,311.795,0.1,-3.2195,2.534,-0.34550000000000003,311.775,0.1,-3.2205000000000004,2.598,-0.317,311.757,0.1,-3.217,2.6645,-0.2695,311.746,0.1,-3.2,2.734,-0.2175,311.744,0.1,-3.1675,2.8005,-0.17149999999999999,311.748,0.1,
-3.0795,2.0725,-0.2895,311.877,0.1,-3.092,2.1535,-0.312,311.855,0.1,-3.113,2.2005,-0.3055,311.839,0.1,-3.1414999999999997,2.226,-0.277,311.829,0.1,-3.1645000000000003,2.2355,-0.2405,311.824,0.1,-3.1734999999999998,2.24,-0.20350000000000001,311.822,0.1,-3.17,2.2485,-0.176,311.823,0.1,-3.165,2.2714999999999996,-0.172,311.827,0.1,-3.167,2.3175,-0.2025,311.828,0.1,-3.1725,2.3845,-0.2605,311.82,0.1,-3.1734999999999998,2.457,-0.316,311.802,0.1,-3.1654999999999998,2.516,-0.34199999999999997,311.78,0.1,-3.1494999999999997,2.5564999999999998,-0.3325,311.762,0.1,-3.1275000000000004,2.598,-0.3025,311.751,0.1,-3.1005000000000003,2.6574999999999998,-0.2605,311.748,0.1,-3.0715,2.733,-0.21,311.75,0.1,
-3.0645,2.0005,-0.2395,311.873,0.1,-3.0835,2.0795,-0.273,311.856,0.1,-3.0985,2.117,-0.2895,311.841,0.1,-3.117,2.1304999999999996,-0.28,311.828,0.1,-3.1304999999999996,2.132,-0.2535,311.822,0.1,-3.127,2.13,-0.22,311.82,0.1,-3.109,2.1384999999999996,-0.194,311.822,0.1,-3.093,2.173,-0.182,311.827,0.1,-3.0935,2.2405,-0.191,311.83,0.1,-3.107,2.3295000000000003,-0.221,311.825,0.1,-3.115,2.4135,-0.258,311.811,0.1,-3.104,2.4665,-0.2895,311.793,0.1,-3.0755,2.492,-0.309,311.779,0.1,-3.0415,2.5225,-0.3155,311.768,0.1,-3.012,2.5815,-0.303,311.759,0.1,-2.989,2.6639999999999997,-0.2675,311.752,0.1,
-3.01,1.9075,-0.20550000000000002,311.874,0.1,-3.035,1.9735,-0.228,311.865,0.1,-3.0495,2.0025,-0.252,311.854,0.1,-3.061,2.014,-0.2635,311.842,0.1,-3.0629999999999997,2.0215,-0.258,311.833,0.1,-3.0475000000000003,2.0275,-0.249,311.83,0.1,-3.0220000000000002,2.0469999999999997,-0.2415,311.83,0.1,-3.0069999999999997,2.096,-0.2315,311.83,0.1,-3.0149999999999997,2.1755,-0.217,311.828,0.1,-3.0365,2.269,-0.20450000000000002,311.823,0.1,-3.0475000000000003,2.3495,-0.203,311.816,0.1,-3.0324999999999998,2.395,-0.2225,311.81,0.1,-2.998,2.417,-0.2595,311.803,0.1,-2.963,2.4525,-0.296,311.793,0.1,-2.941,2.5205,-0.3135,311.778,0.1,-2.93,2.607,-0.301,311.761,0.1,
-2.933,1.834,-0.1825,311.877,0.1,-2.9524999999999997,1.8785,-0.1905,311.874,0.1,-2.965,1.895,-0.2075,311.87,0.1,-2.9735,1.9085,-0.2255,311.863,0.1,-2.9749999999999996,1.93,-0.2385,311.854,0.1,-2.964,1.9615,-0.2555,311.847,0.1,-2.9459999999999997,2.009,-0.2745,311.84,0.1,-2.9385,2.075,-0.2815,311.83,0.1,-2.952,2.1535,-0.261,311.821,0.1,-2.9775,2.233,-0.217,311.814,0.1,-2.9925,2.2969999999999997,-0.179,311.812,0.1,-2.9800000000000004,2.3355,-0.175,311.814,0.1,-2.9465000000000003,2.3635,-0.2105,311.814,0.1,-2.9139999999999997,2.412,-0.259,311.807,0.1,-2.8979999999999997,2.4895,-0.288,311.792,0.1,-2.894,2.5695,-0.2905,311.773,0.1,
-2.873,1.7854999999999999,-0.156,311.868,0.1,-2.8760000000000003,1.8130000000000002,-0.1585,311.87,0.1,-2.88,1.822,-0.1675,311.873,0.1,-2.8845,1.8399999999999999,-0.1845,311.871,0.1,-2.892,1.8775,-0.2055,311.865,0.1,-2.901,1.9385,-0.235,311.855,0.1,-2.9059999999999997,2.018,-0.2725,311.839,0.1,-2.909,2.099,-0.302,311.822,0.1,-2.9195,2.1715,-0.2935,311.807,0.1,-2.941,2.2305,-0.2425,311.799,0.1,-2.9605,2.2725,-0.182,311.798,0.1,-2.9585,2.3025,-0.1575,311.802,0.1,-2.9325,2.34,-0.182,311.806,0.1,-2.901,2.4025,-0.226,311.802,0.1,-2.8815,2.483,-0.2505,311.79,0.1,-2.8705,2.5475000000000003,-0.2525,311.778,0.1,
-2.8285,1.7349999999999999,-0.1335,311.853,0.1,-2.8195,1.7625000000000002,-0.135,311.856,0.1,-2.8205,1.7825,-0.14200000000000002,311.861,0.1,-2.827,1.815,-0.161,311.861,0.1,-2.8405,1.869,-0.186,311.857,0.1,-2.862,1.9475,-0.216,311.847,0.1,-2.882,2.041,-0.2585,311.831,0.1,-2.8914999999999997,2.1285,-0.2985,311.813,0.1,-2.897,2.1995,-0.3045,311.797,0.1,-2.9115,2.246,-0.26,311.787,0.1,-2.9305000000000003,2.27,-0.198,311.785,0.1,-2.935,2.2889999999999997,-0.167,311.789,0.1,-2.917,2.331,-0.1825,311.792,0.1,-2.8895,2.4025,-0.2145,311.789,0.1,-2.8674999999999997,2.4815,-0.226,311.78,0.1,-2.851,2.5330000000000004,-0.218,311.776,0.1,
-2.7925,1.706,-0.123,311.844,0.1,-2.7859999999999996,1.739,-0.1225,311.844,0.1,-2.7945,1.77,-0.1335,311.845,0.1,-2.8075,1.813,-0.158,311.843,0.1,-2.8205,1.875,-0.1875,311.838,0.1,-2.8365,1.958,-0.2185,311.831,0.1,-2.854,2.052,-0.2535,311.82,0.1,-2.866,2.14,-0.2855,311.807,0.1,-2.873,2.212,-0.29,311.792,0.1,-2.8819999999999997,2.256,-0.256,311.781,0.1,-2.8925,2.273,-0.209,311.779,0.1,-2.8935,2.286,-0.1895,311.783,0.1,-2.88,2.328,-0.205,311.784,0.1,-2.862,2.402,-0.2265,311.777,0.1,-2.8505000000000003,2.48,-0.2235,311.769,0.1,-2.842,2.527,-0.2015,311.767,0.1,
-3.1935000000000002,2.3280000000000003,-0.2435,311.929,0.1,-3.1945,2.3815,-0.2315,311.921,0.1,-3.21,2.423,-0.20400000000000001,311.918,0.1,-3.218,2.44,-0.1965,311.919,0.1,-3.21,2.4435000000000002,-0.2235,311.922,0.1,-3.2015000000000002,2.4699999999999998,-0.2535,311.918,0.1,-3.2085,2.534,-0.256,311.908,0.1,-3.2255000000000003,2.625,-0.2345,311.896,0.1,-3.23,2.7195,-0.2075,311.884,0.1,-3.2039999999999997,2.7795,-0.186,311.878,0.1,-3.149,2.7755,-0.1755,311.883,0.1,-3.083,2.7255000000000003,-0.1795,311.894,0.1,-3.0294999999999996,2.6875,-0.1925,311.904,0.1,-3.0025,2.7135,-0.201,311.905,0.1,-2.9924999999999997,2.8005,-0.20350000000000001,311.899,0.1,-2.9775,2.907,-0.199,311.89,0.1,
-3.13,2.2365,-0.2345,311.94,0.1,-3.1155,2.273,-0.2455,311.929,0.1,-3.128,2.3040000000000003,-0.226,311.923,0.1,-3.1545,2.3315,-0.2095,311.922,0.1,-3.1734999999999998,2.365,-0.23249999999999998,311.922,0.1,-3.181,2.423,-0.277,311.915,0.1,-3.1879999999999997,2.5060000000000002,-0.299,311.899,0.1,-3.197,2.601,-0.2775,311.882,0.1,-3.1935000000000002,2.689,-0.2295,311.871,0.1,-3.1595,2.7365,-0.1865,311.87,0.1,-3.0925000000000002,2.7215,-0.168,311.881,0.1,-3.0115,2.6695,-0.18,311.895,0.1,-2.9450000000000003,2.636,-0.207,311.905,0.1,-2.9130000000000003,2.662,-0.226,311.907,0.1,-2.9139999999999997,2.745,-0.2295,311.9,0.1,-2.9234999999999998,2.851,-0.2195,311.888,0.1,
-3.0795,2.1470000000000002,-0.206,311.949,0.1,-3.0515,2.176,-0.2425,311.938,0.1,-3.05,2.202,-0.248,311.93,0.1,-3.0810000000000004,2.2359999999999998,-0.235,311.926,0.1,-3.1225,2.2915,-0.2455,311.923,0.1,-3.1494999999999997,2.3715,-0.287,311.912,0.1,-3.1565000000000003,2.467,-0.3195,311.893,0.1,-3.153,2.5599999999999996,-0.3035,311.874,0.1,-3.1395,2.635,-0.2465,311.863,0.1,-3.104,2.6665,-0.1885,311.864,0.1,-3.042,2.6455,-0.1645,311.877,0.1,-2.964,2.604,-0.1825,311.892,0.1,-2.8905000000000003,2.5860000000000003,-0.2255,311.903,0.1,-2.849,2.614,-0.2585,311.904,0.1,-2.8514999999999997,2.6864999999999997,-0.2605,311.898,0.1,-2.8739999999999997,2.779,-0.2405,311.887,0.1,
-3.037,2.0585,-0.177,311.953,0.1,-3.0115,2.096,-0.22,311.947,0.1,-2.998,2.1325,-0.2515,311.938,0.1,-3.0205,2.1745,-0.255,311.932,0.1,-3.0665,2.2350000000000003,-0.263,311.924,0.1,-3.1025,2.3165,-0.2995,311.91,0.1,-3.1109999999999998,2.4125,-0.3345,311.891,0.1,-3.101,2.5004999999999997,-0.3235,311.871,0.1,-3.0835,2.561,-0.26,311.859,0.1,-3.0549999999999997,2.578,-0.189,311.86,0.1,-3.01,2.559,-0.155,311.873,0.1,-2.947,2.5404999999999998,-0.175,311.888,0.1,-2.8765,2.552,-0.235,311.898,0.1,-2.827,2.5965,-0.2835,311.899,0.1,-2.82,2.6630000000000003,-0.2875,311.892,0.1,-2.84,2.7345,-0.2585,311.883,0.1,
-2.9935,1.9745,-0.1775,311.951,0.1,-2.9855,2.0315000000000003,-0.1985,311.951,0.1,-2.9725,2.0875,-0.234,311.945,0.1,-2.9795,2.1395,-0.254,311.936,0.1,-3.011,2.196,-0.273,311.926,0.1,-3.043,2.2665,-0.3115,311.912,0.1,-3.055,2.3529999999999998,-0.349,311.892,0.1,-3.0495,2.4314999999999998,-0.344,311.871,0.1,-3.0375,2.4764999999999997,-0.2825,311.858,0.1,-3.0205,2.4805,-0.20400000000000001,311.858,0.1,-2.9939999999999998,2.4684999999999997,-0.1575,311.869,0.1,-2.9535,2.4805,-0.17049999999999998,311.883,0.1,-2.901,2.5324999999999998,-0.2305,311.89,0.1,-2.8550000000000004,2.609,-0.283,311.887,0.1,-2.8335,2.6814999999999998,-0.2895,311.878,0.1,-2.833,2.7345,-0.259,311.872,0.1,
-2.9444999999999997,1.9060000000000001,-0.2185,311.944,0.1,-2.953,1.9815,-0.20500000000000002,311.946,0.1,-2.948,2.0525,-0.2195,311.944,0.1,-2.9459999999999997,2.112,-0.2415,311.937,0.1,-2.9604999999999997,2.1654999999999998,-0.2675,311.929,0.1,-2.983,2.2245,-0.3055,311.915,0.1,-2.9985,2.2954999999999997,-0.3425,311.896,0.1,-3.002,2.3585000000000003,-0.3475,311.876,0.1,-2.9975,2.3884999999999996,-0.306,311.862,0.1,-2.989,2.3855,-0.2415,311.86,0.1,-2.9775,2.3845,-0.195,311.866,0.1,-2.9610000000000003,2.425,-0.1935,311.874,0.1,-2.936,2.5145,-0.2295,311.875,0.1,-2.905,2.623,-0.2635,311.867,0.1,-2.8739999999999997,2.7095000000000002,-0.2625,311.858,0.1,-2.8455,2.7560000000000002,-0.2355,311.856,0.1,
-2.8865,1.8555000000000001,-0.2785,311.94,0.1,-2.901,1.943,-0.2415,311.937,0.1,-2.906,2.0205,-0.2285,311.936,0.1,-2.907,2.082,-0.2365,311.932,0.1,-2.915,2.1319999999999997,-0.2545,311.925,0.1,-2.9314999999999998,2.1805000000000003,-0.279,311.915,0.1,-2.9485,2.2325,-0.3045,311.901,0.1,-2.958,2.277,-0.317,311.885,0.1,-2.9565,2.2975,-0.3075,311.873,0.1,-2.948,2.3,-0.283,311.869,0.1,-2.9415,2.3165,-0.2585,311.867,0.1,-2.9415,2.378,-0.2465,311.865,0.1,-2.942,2.4865,-0.248,311.858,0.1,-2.932,2.6094999999999997,-0.2455,311.847,0.1,-2.9025,2.707,-0.227,311.84,0.1,-2.8535000000000004,2.7595,-0.1995,311.841,0.1,
-2.8265000000000002,1.8165,-0.323,311.944,0.1,-2.8369999999999997,1.911,-0.289,311.933,0.1,-2.8505000000000003,1.9885,-0.258,311.928,0.1,-2.8625,2.0465,-0.2445,311.924,0.1,-2.8745,2.088,-0.2415,311.919,0.1,-2.8884999999999996,2.1225,-0.243,311.913,0.1,-2.903,2.1550000000000002,-0.248,311.905,0.1,-2.9125,2.183,-0.26,311.897,0.1,-2.911,2.2039999999999997,-0.28049999999999997,311.89,0.1,-2.8994999999999997,2.2249999999999996,-0.305,311.883,0.1,-2.8895,2.2649999999999997,-0.3175,311.873,0.1,-2.892,2.3390000000000004,-0.3085,311.86,0.1,-2.9015,2.4429999999999996,-0.282,311.845,0.1,-2.9005,2.5555,-0.245,311.834,0.1,-2.8745000000000003,2.653,-0.2055,311.83,0.1,-2.8215000000000003,2.7199999999999998,-0.1725,311.836,0.1,
-2.7885,1.782,-0.3265,311.953,0.1,-2.7904999999999998,1.8805,-0.3195,311.934,0.1,-2.806,1.951,-0.29,311.922,0.1,-2.8275,1.999,-0.258,311.916,0.1,-2.8440000000000003,2.0265,-0.23199999999999998,311.913,0.1,-2.8525,2.0445,-0.2105,311.91,0.1,-2.8565,2.0615,-0.1965,311.909,0.1,-2.859,2.081,-0.2025,311.908,0.1,-2.8579999999999997,2.1115,-0.2385,311.906,0.1,-2.8499999999999996,2.1585,-0.2965,311.897,0.1,-2.84,2.2235,-0.3435,311.88,0.1,-2.8354999999999997,2.301,-0.3515,311.859,0.1,-2.834,2.383,-0.3205,311.84,0.1,-2.8230000000000004,2.4675,-0.2705,311.831,0.1,-2.792,2.5555000000000003,-0.2175,311.831,0.1,-2.743,2.6390000000000002,-0.1725,311.839,0.1,
-2.785,1.734,-0.2865,311.956,0.1,-2.785,1.833,-0.31,311.934,0.1,-2.7935,1.8915,-0.3025,311.918,0.1,-2.8105,1.9245,-0.271,311.909,0.1,-2.8235,1.936,-0.23349999999999999,311.906,0.1,-2.822,1.9409999999999998,-0.1965,311.907,0.1,-2.809,1.9495,-0.17049999999999998,311.91,0.1,-2.7965,1.971,-0.168,311.916,0.1,-2.793,2.018,-0.2005,311.918,0.1,-2.7960000000000003,2.0915,-0.2615,311.909,0.1,-2.7960000000000003,2.176,-0.3195,311.889,0.1,-2.787,2.2485,-0.347,311.865,0.1,-2.768,2.3040000000000003,-0.337,311.846,0.1,-2.738,2.3605,-0.3055,311.836,0.1,-2.6975,2.44,-0.2625,311.835,0.1,-2.6525,2.5374999999999996,-0.2115,311.839,0.1,
-2.78,1.6495000000000002,-0.23399999999999999,311.951,0.1,-2.787,1.742,-0.2685,311.934,0.1,-2.787,1.7894999999999999,-0.2845,311.919,0.1,-2.7904999999999998,1.811,-0.2745,311.908,0.1,-2.79,1.8159999999999998,-0.2475,311.905,0.1,-2.775,1.8155000000000001,-0.215,311.906,0.1,-2.7475,1.8235,-0.1905,311.911,0.1,-2.7245,1.8555000000000001,-0.1785,311.918,0.1,-2.722,1.9220000000000002,-0.188,311.922,0.1,-2.7355,2.0145,-0.219,311.916,0.1,-2.745,2.106,-0.2585,311.9,0.1,-2.7350000000000003,2.1675000000000004,-0.292,311.88,0.1,-2.7045000000000003,2.2035,-0.3125,311.864,0.1,-2.6625,2.248,-0.3185,311.853,0.1,-2.6189999999999998,2.3289999999999997,-0.306,311.845,0.1,-2.5805,2.4379999999999997,-0.27,311.839,0.1,
-2.729,1.5435,-0.1985,311.952,0.1,-2.745,1.6175000000000002,-0.221,311.944,0.1,-2.7455,1.6535,-0.2455,311.934,0.1,-2.7415000000000003,1.6724999999999999,-0.258,311.924,0.1,-2.7295,1.685,-0.2545,311.918,0.1,-2.702,1.6945000000000001,-0.2475,311.917,0.1,-2.6665,1.716,-0.241,311.92,0.1,-2.6445,1.7655,-0.2305,311.921,0.1,-2.6500000000000004,1.846,-0.2145,311.919,0.1,-2.673,1.9415,-0.201,311.913,0.1,-2.6875,2.0255,-0.2005,311.905,0.1,-2.6755,2.075,-0.2225,311.898,0.1,-2.6405000000000003,2.104,-0.2615,311.89,0.1,-2.5995,2.1535,-0.299,311.879,0.1,-2.565,2.2439999999999998,-0.316,311.863,0.1,-2.5374999999999996,2.358,-0.303,311.846,0.1,
-2.6485000000000003,1.4595,-0.175,311.958,0.1,-2.6595,1.5075,-0.1825,311.957,0.1,-2.661,1.5265,-0.2,311.955,0.1,-2.6580000000000004,1.5455,-0.22,311.949,0.1,-2.6485000000000003,1.5725,-0.2355,311.941,0.1,-2.6275,1.6105,-0.255,311.936,0.1,-2.601,1.665,-0.276,311.93,0.1,-2.5865,1.738,-0.2825,311.921,0.1,-2.597,1.822,-0.259,311.91,0.1,-2.6239999999999997,1.904,-0.213,311.903,0.1,-2.6425,1.9695,-0.1745,311.9,0.1,-2.6334999999999997,2.0095,-0.173,311.902,0.1,-2.6005000000000003,2.0435,-0.2115,311.902,0.1,-2.564,2.1055,-0.261,311.894,0.1,-2.5380000000000003,2.2039999999999997,-0.2895,311.878,0.1,-2.518,2.3085,-0.291,311.857,0.1,
-2.58,1.4035,-0.15,311.951,0.1,-2.5725,1.4325,-0.1515,311.955,0.1,-2.5679999999999996,1.4405000000000001,-0.161,311.96,0.1,-2.5655,1.4615,-0.1795,311.959,0.1,-2.567,1.505,-0.203,311.954,0.1,-2.5694999999999997,1.576,-0.2345,311.945,0.1,-2.567,1.6680000000000001,-0.2735,311.93,0.1,-2.5629999999999997,1.762,-0.304,311.911,0.1,-2.5694999999999997,1.8445,-0.2935,311.896,0.1,-2.592,1.9089999999999998,-0.24,311.887,0.1,-2.6155,1.952,-0.178,311.886,0.1,-2.617,1.9825,-0.155,311.89,0.1,-2.5915,2.026,-0.182,311.894,0.1,-2.556,2.1015,-0.2275,311.889,0.1,-2.5275,2.2005,-0.251,311.876,0.1,-2.503,2.283,-0.2515,311.864,0.1,
-2.534,1.3455,-0.1295,311.936,0.1,-2.5125,1.3744999999999998,-0.1295,311.941,0.1,-2.505,1.3944999999999999,-0.137,311.948,0.1,-2.5065,1.4300000000000002,-0.1575,311.949,0.1,-2.516,1.4900000000000002,-0.184,311.946,0.1,-2.5330000000000004,1.581,-0.2155,311.937,0.1,-2.5475000000000003,1.6895,-0.2585,311.921,0.1,-2.5505,1.7925,-0.2995,311.903,0.1,-2.551,1.8765,-0.3055,311.886,0.1,-2.5645,1.932,-0.259,311.876,0.1,-2.5860000000000003,1.9585,-0.1955,311.874,0.1,-2.593,1.9780000000000002,-0.165,311.878,0.1,-2.575,2.0255,-0.183,311.881,0.1,-2.543,2.109,-0.2155,311.877,0.1,-2.512,2.2035,-0.2255,311.868,0.1,-2.4835000000000003,2.268,-0.2155,311.865,0.1,
-2.5065,1.312,-0.1215,311.925,0.1,-2.4865000000000004,1.347,-0.1185,311.927,0.1,-2.4845,1.38,-0.1295,311.93,0.1,-2.49,1.427,-0.155,311.929,0.1,-2.4974999999999996,1.495,-0.1865,311.927,0.1,-2.51,1.591,-0.218,311.92,0.1,-2.524,1.7,-0.253,311.91,0.1,-2.53,1.804,-0.285,311.898,0.1,-2.53,1.89,-0.2895,311.883,0.1,-2.5345,1.944,-0.255,311.873,0.1,-2.544,1.965,-0.208,311.872,0.1,-2.5454999999999997,1.979,-0.1895,311.876,0.1,-2.5309999999999997,2.026,-0.206,311.876,0.1,-2.508,2.111,-0.2265,311.868,0.1,-2.487,2.203,-0.222,311.86,0.1,-2.4675000000000002,2.262,-0.1995,311.859,0.1,
-3.013,1.9205,-0.2405,312.011,0.1,-3.01,1.9769999999999999,-0.2265,312.0,0.1,-3.0205,2.0255,-0.1955,311.998,0.1,-3.0244999999999997,2.0545,-0.187,312.003,0.1,-3.0115,2.0705,-0.2165,312.007,0.1,-2.996,2.109,-0.2505,312.002,0.1,-2.996,2.181,-0.254,311.99,0.1,-3.0069999999999997,2.2715,-0.2335,311.975,0.1,-3.0060000000000002,2.356,-0.208,311.962,0.1,-2.9745,2.3979999999999997,-0.1875,311.955,0.1,-2.9145000000000003,2.3735,-0.177,311.958,0.1,-2.8449999999999998,2.3095,-0.181,311.97,0.1,-2.7889999999999997,2.2725,-0.1935,311.982,0.1,-2.7584999999999997,2.309,-0.203,311.985,0.1,-2.7445,2.405,-0.206,311.978,0.1,-2.726,2.512,-0.2015,311.968,0.1,
-2.949,1.8359999999999999,-0.231,312.027,0.1,-2.93,1.8775,-0.2425,312.012,0.1,-2.9355,1.916,-0.2195,312.005,0.1,-2.9555,1.952,-0.2005,312.007,0.1,-2.9690000000000003,1.9939999999999998,-0.2245,312.01,0.1,-2.972,2.0599999999999996,-0.2725,312.002,0.1,-2.9755000000000003,2.1494999999999997,-0.2965,311.982,0.1,-2.983,2.2445000000000004,-0.276,311.962,0.1,-2.9785000000000004,2.325,-0.228,311.948,0.1,-2.943,2.357,-0.1855,311.945,0.1,-2.8745000000000003,2.3245,-0.1685,311.955,0.1,-2.7910000000000004,2.262,-0.1815,311.971,0.1,-2.7215,2.2295,-0.2085,311.983,0.1,-2.6864999999999997,2.2645,-0.226,311.985,0.1,-2.6825,2.356,-0.228,311.979,0.1,-2.6835,2.464,-0.2185,311.966,0.1,
-2.9,1.756,-0.2015,312.041,0.1,-2.8689999999999998,1.792,-0.241,312.027,0.1,-2.8594999999999997,1.8235000000000001,-0.2455,312.015,0.1,-2.8825,1.8615,-0.229,312.013,0.1,-2.9175,1.9205,-0.238,312.012,0.1,-2.9400000000000004,2.0045,-0.281,312.001,0.1,-2.946,2.1045,-0.316,311.979,0.1,-2.944,2.2,-0.3005,311.956,0.1,-2.9314999999999998,2.273,-0.2435,311.941,0.1,-2.8964999999999996,2.2954999999999997,-0.1855,311.94,0.1,-2.8339999999999996,2.261,-0.163,311.952,0.1,-2.7535,2.2110000000000003,-0.183,311.969,0.1,-2.678,2.1915,-0.227,311.98,0.1,-2.6355,2.2255000000000003,-0.258,311.983,0.1,-2.6334999999999997,2.306,-0.2575,311.977,0.1,-2.6455,2.402,-0.2375,311.965,0.1,
-2.8579999999999997,1.677,-0.17049999999999998,312.048,0.1,-2.8325,1.7229999999999999,-0.2175,312.042,0.1,-2.8135000000000003,1.7625,-0.252,312.03,0.1,-2.8265000000000002,1.8054999999999999,-0.253,312.021,0.1,-2.8645,1.8655,-0.259,312.013,0.1,-2.8955,1.9475,-0.295,312.0,0.1,-2.902,2.0445,-0.331,311.978,0.1,-2.8925,2.136,-0.32,311.954,0.1,-2.8760000000000003,2.199,-0.2555,311.938,0.1,-2.848,2.215,-0.1835,311.939,0.1,-2.802,2.1885,-0.151,311.954,0.1,-2.7375,2.162,-0.1745,311.97,0.1,-2.6675,2.169,-0.237,311.979,0.1,-2.6195,2.2145,-0.2845,311.979,0.1,-2.6100000000000003,2.2865,-0.286,311.971,0.1,-2.621,2.3609999999999998,-0.2555,311.961,0.1,
-2.8155,1.6,-0.17049999999999998,312.045,0.1,-2.808,1.665,-0.195,312.049,0.1,-2.792,1.7235,-0.234,312.042,0.1,-2.7925,1.7755,-0.2545,312.03,0.1,-2.816,1.8295,-0.2715,312.018,0.1,-2.8419999999999996,1.8975,-0.3085,312.003,0.1,-2.8499999999999996,1.9805000000000001,-0.3465,311.98,0.1,-2.8405,2.0605,-0.341,311.955,0.1,-2.825,2.1100000000000003,-0.278,311.939,0.1,-2.8064999999999998,2.1185,-0.198,311.94,0.1,-2.7794999999999996,2.106,-0.152,311.954,0.1,-2.7395,2.1109999999999998,-0.1675,311.971,0.1,-2.6895,2.1550000000000002,-0.231,311.977,0.1,-2.646,2.2275,-0.2845,311.971,0.1,-2.624,2.301,-0.29,311.96,0.1,-2.6175,2.354,-0.258,311.952,0.1,
-2.77,1.5314999999999999,-0.213,312.036,0.1,-2.778,1.6139999999999999,-0.201,312.042,0.1,-2.771,1.6885,-0.218,312.042,0.1,-2.765,1.7485,-0.241,312.035,0.1,-2.7735000000000003,1.798,-0.266,312.024,0.1,-2.7904999999999998,1.8519999999999999,-0.3025,312.009,0.1,-2.8,1.917,-0.3395,311.988,0.1,-2.795,1.9785,-0.34450000000000003,311.963,0.1,-2.782,2.013,-0.302,311.947,0.1,-2.768,2.0165,-0.237,311.944,0.1,-2.7555,2.0185,-0.1905,311.954,0.1,-2.7415000000000003,2.0545,-0.19,311.965,0.1,-2.7199999999999998,2.133,-0.228,311.967,0.1,-2.6915,2.233,-0.264,311.956,0.1,-2.6595,2.3165,-0.2635,311.944,0.1,-2.626,2.3600000000000003,-0.236,311.94,0.1,
-2.7184999999999997,1.472,-0.2755,312.032,0.1,-2.7305,1.5655000000000001,-0.238,312.032,0.1,-2.7325,1.647,-0.2255,312.033,0.1,-2.7305,1.7095,-0.23399999999999999,312.03,0.1,-2.7350000000000003,1.756,-0.2515,312.024,0.1,-2.7465,1.7985,-0.2745,312.014,0.1,-2.7560000000000002,1.8455,-0.2995,311.998,0.1,-2.7554999999999996,1.888,-0.3125,311.98,0.1,-2.7435,1.9115000000000002,-0.304,311.964,0.1,-2.7275,1.9195,-0.281,311.957,0.1,-2.7185,1.9380000000000002,-0.257,311.956,0.1,-2.7199999999999998,1.9954999999999998,-0.2445,311.956,0.1,-2.7235,2.0919999999999996,-0.2455,311.949,0.1,-2.7140000000000004,2.2035,-0.244,311.939,0.1,-2.6820000000000004,2.2954999999999997,-0.2265,311.929,0.1,-2.63,2.3440000000000003,-0.2005,311.929,0.1,
-2.666,1.4215,-0.3225,312.04,0.1,-2.6715,1.518,-0.287,312.027,0.1,-2.6805000000000003,1.5985,-0.254,312.024,0.1,-2.69,1.657,-0.2395,312.023,0.1,-2.7005,1.6975,-0.2365,312.019,0.1,-2.7110000000000003,1.7285,-0.237,312.015,0.1,-2.7185,1.7595,-0.242,312.008,0.1,-2.7190000000000003,1.7885,-0.2545,311.998,0.1,-2.708,1.8115,-0.277,311.988,0.1,-2.6879999999999997,1.834,-0.305,311.976,0.1,-2.673,1.8715000000000002,-0.3195,311.963,0.1,-2.6745,1.939,-0.3095,311.949,0.1,-2.685,2.032,-0.281,311.935,0.1,-2.6845,2.1334999999999997,-0.243,311.925,0.1,-2.657,2.224,-0.20400000000000001,311.922,0.1,-2.6014999999999997,2.287,-0.1735,311.927,0.1,
-2.635,1.3795000000000002,-0.3255,312.054,0.1,-2.6319999999999997,1.4745,-0.318,312.03,0.1,-2.6425,1.5455,-0.2865,312.017,0.1,-2.6609999999999996,1.593,-0.252,312.014,0.1,-2.6765,1.6215,-0.2245,312.014,0.1,-2.683,1.641,-0.203,312.014,0.1,-2.6814999999999998,1.661,-0.19,312.015,0.1,-2.6755,1.685,-0.197,312.015,0.1,-2.665,1.717,-0.2355,312.01,0.1,-2.6494999999999997,1.7610000000000001,-0.297,311.997,0.1,-2.635,1.818,-0.346,311.974,0.1,-2.6285,1.887,-0.354,311.949,0.1,-2.6275,1.9605000000000001,-0.321,311.929,0.1,-2.618,2.037,-0.269,311.92,0.1,-2.5869999999999997,2.1185,-0.2165,311.921,0.1,-2.536,2.199,-0.173,311.929,0.1,
-2.6365,1.3275000000000001,-0.2835,312.059,0.1,-2.6334999999999997,1.422,-0.308,312.032,0.1,-2.6375,1.479,-0.2995,312.014,0.1,-2.6505,1.5115,-0.2655,312.006,0.1,-2.6595,1.5255,-0.226,312.007,0.1,-2.654,1.5350000000000001,-0.1895,312.012,0.1,-2.6355,1.5495,-0.165,312.018,0.1,-2.616,1.577,-0.1635,312.025,0.1,-2.6055,1.6235,-0.197,312.027,0.1,-2.6025,1.6905000000000001,-0.26,312.016,0.1,-2.5999999999999996,1.764,-0.3205,311.99,0.1,-2.5925000000000002,1.8285,-0.3485,311.96,0.1,-2.577,1.88,-0.3385,311.937,0.1,-2.5505,1.9335,-0.306,311.925,0.1,-2.511,2.009,-0.2635,311.922,0.1,-2.464,2.1035,-0.2125,311.926,0.1,
-2.635,1.2405,-0.2285,312.053,0.1,-2.6405,1.331,-0.264,312.035,0.1,-2.6369999999999996,1.379,-0.28,312.018,0.1,-2.6345,1.4025,-0.2695,312.006,0.1,-2.628,1.411,-0.2425,312.004,0.1,-2.607,1.416,-0.211,312.009,0.1,-2.5735,1.4295,-0.1875,312.017,0.1,-2.545,1.4655,-0.176,312.026,0.1,-2.5375,1.5295,-0.1845,312.031,0.1,-2.5475000000000003,1.613,-0.2155,312.025,0.1,-2.5570000000000004,1.6935,-0.2565,312.007,0.1,-2.551,1.749,-0.292,311.983,0.1,-2.5275,1.7865,-0.3135,311.962,0.1,-2.4930000000000003,1.8335,-0.32,311.947,0.1,-2.4530000000000003,1.9140000000000001,-0.3085,311.934,0.1,-2.4124999999999996,2.0195,-0.272,311.924,0.1,
-2.5925000000000002,1.1335,-0.1915,312.055,0.1,-2.6065,1.2075,-0.213,312.049,0.1,-2.604,1.249,-0.2385,312.039,0.1,-2.5940000000000003,1.2745000000000002,-0.2525,312.028,0.1,-2.5755,1.2935,-0.251,312.021,0.1,-2.542,1.309,-0.2465,312.02,0.1,-2.501,1.3325,-0.2415,312.023,0.1,-2.4745,1.381,-0.23,312.024,0.1,-2.4764999999999997,1.4565000000000001,-0.2115,312.024,0.1,-2.497,1.5425,-0.1965,312.02,0.1,-2.5105,1.6179999999999999,-0.197,312.013,0.1,-2.5010000000000003,1.6640000000000001,-0.221,312.005,0.1,-2.4735,1.698,-0.262,311.995,0.1,-2.4415,1.7530000000000001,-0.3005,311.98,0.1,-2.4130000000000003,1.845,-0.3175,311.959,0.1,-2.3855,1.9555,-0.305,311.935,0.1,
-2.524,1.053,-0.1675,312.062,0.1,-2.5294999999999996,1.1025,-0.1735,312.063,0.1,-2.526,1.131,-0.192,312.064,0.1,-2.5164999999999997,1.161,-0.214,312.059,0.1,-2.5015,1.1975,-0.2325,312.052,0.1,-2.4770000000000003,1.241,-0.2545,312.044,0.1,-2.4480000000000004,1.2945,-0.278,312.035,0.1,-2.4305000000000003,1.3610000000000002,-0.284,312.022,0.1,-2.4370000000000003,1.4365,-0.2575,312.011,0.1,-2.4605,1.5095,-0.209,312.005,0.1,-2.4765,1.5695000000000001,-0.16999999999999998,312.006,0.1,-2.467,1.6085,-0.17049999999999998,312.01,0.1,-2.4375,1.6475,-0.212,312.011,0.1,-2.4074999999999998,1.7145000000000001,-0.2625,312.0,0.1,-2.3875,1.8125,-0.2905,311.979,0.1,-2.3689999999999998,1.912,-0.2905,311.954,0.1,
-2.4645,1.006,-0.1445,312.054,0.1,-2.4509999999999996,1.038,-0.1445,312.059,0.1,-2.44,1.0575,-0.1545,312.068,0.1,-2.4314999999999998,1.0915,-0.175,312.07,0.1,-2.428,1.1435,-0.2005,312.066,0.1,-2.4275,1.217,-0.2335,312.056,0.1,-2.423,1.3045,-0.2745,312.038,0.1,-2.4165,1.3900000000000001,-0.306,312.015,0.1,-2.42,1.4625,-0.2945,311.996,0.1,-2.438,1.518,-0.238,311.988,0.1,-2.457,1.5575,-0.1745,311.99,0.1,-2.456,1.588,-0.1525,311.998,0.1,-2.4305,1.634,-0.1825,312.003,0.1,-2.3979999999999997,1.7105000000000001,-0.2285,311.997,0.1,-2.3725,1.8045,-0.251,311.981,0.1,-2.35,1.88,-0.2495,311.967,0.1,
-2.4234999999999998,0.9605,-0.1265,312.038,0.1,-2.3979999999999997,0.994,-0.125,312.045,0.1,-2.385,1.024,-0.133,312.054,0.1,-2.3804999999999996,1.0695000000000001,-0.1545,312.058,0.1,-2.385,1.1345,-0.182,312.057,0.1,-2.3985000000000003,1.2225000000000001,-0.2145,312.048,0.1,-2.4105,1.323,-0.258,312.032,0.1,-2.411,1.4175,-0.3005,312.01,0.1,-2.4085,1.492,-0.3065,311.99,0.1,-2.4175,1.54,-0.2585,311.978,0.1,-2.4335,1.563,-0.193,311.978,0.1,-2.437,1.582,-0.1635,311.985,0.1,-2.418,1.629,-0.183,311.99,0.1,-2.3865,1.709,-0.216,311.985,0.1,-2.356,1.797,-0.2245,311.974,0.1,-2.3275,1.855,-0.2125,311.971,0.1,
-2.3975,0.934,-0.1205,312.028,0.1,-2.3739999999999997,0.974,-0.116,312.031,0.1,-2.366,1.015,-0.1265,312.036,0.1,-2.3655,1.069,-0.153,312.038,0.1,-2.3689999999999998,1.14,-0.185,312.036,0.1,-2.3785,1.23,-0.2165,312.03,0.1,-2.391,1.33,-0.251,312.02,0.1,-2.397,1.425,-0.2835,312.007,0.1,-2.3955,1.502,-0.2885,311.99,0.1,-2.396,1.55,-0.2535,311.978,0.1,-2.4000000000000004,1.567,-0.206,311.978,0.1,-2.3975,1.58,-0.188,311.983,0.1,-2.3819999999999997,1.625,-0.2055,311.983,0.1,-2.3594999999999997,1.705,-0.2255,311.975,0.1,-2.338,1.791,-0.22,311.965,0.1,-2.315,1.845,-0.1965,311.964,0.1,
