0.04250000000000001,5.5375,-0.127,309.127,1.636,-1.1760000000000002,4.5954999999999995,0.091,309.672,1.649,-1.5630000000000002,5.758,-0.0115,309.001,2.002,-0.5369999999999999,5.885,-0.10800000000000001,308.898,1.815,0.7275,5.4495000000000005,-0.0975,309.1,1.558,1.7905000000000002,5.3605,-0.14,308.915,1.593,1.5570000000000002,4.2475000000000005,-0.0075,309.345,1.561,0.806,3.6849999999999996,-0.008,309.414,1.295,0.46599999999999997,4.295999999999999,-0.016,309.411,1.584,0.325,4.855,0.0345,309.679,1.868,0.405,5.4559999999999995,0.0305,309.619,2.094,-0.09800000000000003,5.3454999999999995,0.027,309.701,2.164,-0.628,4.62,0.0285,309.455,1.798,-0.4315,4.823,-0.0655,308.808,1.637,-0.43,4.215999999999999,0.040999999999999995,309.27,1.446,-0.019999999999999962,4.605,-0.0085,309.188,1.532,
0.40900000000000003,6.071,-0.148,308.967,1.792,-0.647,4.6754999999999995,0.07100000000000001,309.722,1.761,-1.6484999999999999,5.5504999999999995,0.0325,309.404,2.057,-0.8285,6.157500000000001,-0.0465,309.018,2.129,0.6140000000000001,6.1785,-0.0945,308.988,1.873,1.424,5.7945,-0.0915,309.092,1.853,1.0935,4.497,-0.006,309.509,1.549,0.996,4.0815,-0.043000000000000003,309.346,1.296,1.5695000000000001,4.352,-0.08700000000000001,309.112,1.378,1.3555000000000001,4.587999999999999,-0.0035,309.416,1.721,0.33599999999999997,4.4295,0.07450000000000001,309.894,1.765,-0.7060000000000001,4.557,0.0010000000000000009,309.688,1.74,-1.083,4.3225,0.013000000000000001,309.435,1.683,-0.693,4.895,-0.062,308.864,1.688,-0.491,4.433,0.025,309.25,1.48,0.3455,4.775,-0.024999999999999998,309.079,1.476,
-0.0045000000000000005,6.0255,-0.0595,309.229,2.055,-0.7150000000000001,4.8715,0.019999999999999997,309.669,1.727,-1.48,5.2235,0.002,309.544,1.935,-0.861,5.8055,-0.012499999999999999,309.327,2.061,0.245,6.104,-0.034,309.2,2.139,0.585,5.535,-0.013,309.448,1.963,0.2585,4.7125,-0.0075,309.624,1.567,0.798,4.677,-0.057499999999999996,309.384,1.417,2.044,5.0545,-0.1385,308.986,1.475,1.759,4.803,-0.0015,309.265,1.848,0.3085,4.0760000000000005,0.068,309.785,1.621,-0.641,4.4005,-0.0425,309.334,1.521,-1.0605,4.0765,-0.0085,309.504,1.455,-1.0505,4.676500000000001,-0.0475,309.209,1.632,-0.5075000000000001,4.7135,-0.0385,309.233,1.515,0.862,5.379,-0.1,308.907,1.53,
-1.074,5.1735,0.0445,309.667,2.066,-1.2045,5.3575,-0.03,309.314,1.836,-0.915,5.5035,-0.055,309.204,1.814,-0.385,5.6905,-0.0345,309.364,1.832,-0.0495,5.67,-0.0015,309.517,1.931,-0.128,5.2015,0.0015,309.579,1.728,-0.2465,4.9565,-0.008,309.603,1.609,0.695,5.2669999999999995,-0.0625,309.407,1.566,1.9925,5.9005,-0.12100000000000001,309.075,1.747,1.4184999999999999,4.866,0.043,309.469,2.045,-0.02099999999999999,4.0675,0.045,309.707,1.624,-0.5389999999999999,4.5920000000000005,-0.045,309.175,1.582,-0.9445,4.202500000000001,-0.053500000000000006,309.428,1.373,-1.2695,4.4645,-0.0385,309.482,1.568,-0.20350000000000007,5.278499999999999,-0.1525,309.058,1.564,1.3155,5.9765,-0.136,308.91,1.814,
-1.5030000000000001,4.1615,0.075,309.898,1.877,-1.3944999999999999,5.5055,-0.017,309.237,2.017,-0.6475,5.739,-0.029,309.191,1.965,-0.28,5.731,-0.016,309.411,1.936,-0.224,5.709,-0.008,309.485,1.839,-0.213,5.5815,-0.0345,309.337,1.643,-0.027999999999999997,5.41,-0.0055000000000000005,309.565,1.68,0.9590000000000001,5.8855,-0.0675,309.367,1.724,1.6535000000000002,6.209,-0.03949999999999999,309.335,2.071,0.757,4.5515,0.0805,309.809,1.995,-0.49200000000000005,4.0235,0.02,309.651,1.653,-0.8605,4.58,0.008,309.401,1.666,-1.0165,4.794499999999999,-0.099,309.228,1.434,-0.8725,4.764,-0.062,309.439,1.487,0.48500000000000004,6.071,-0.2045,308.946,1.734,1.104,5.8774999999999995,-0.067,309.285,2.07,
-0.495,3.608,0.0435,309.698,1.516,-0.7415,4.8495,0.026,309.585,1.877,-0.738,5.0355,0.041999999999999996,309.742,1.96,-0.8325,5.032,0.043,309.788,1.978,-0.5775,5.5405,0.014,309.543,1.997,-0.0995,5.773,-0.013000000000000001,309.347,1.922,0.4435,5.747999999999999,0.0125,309.635,1.885,1.315,6.3485,-0.0535,309.366,1.992,1.2854999999999999,5.859999999999999,0.0285,309.583,2.291,0.18,4.2515,0.094,309.931,1.872,-0.863,4.128,-0.0135,309.422,1.539,-1.344,4.447,0.060000000000000005,309.604,1.746,-0.908,5.5585,-0.10300000000000001,309.078,1.667,0.11149999999999996,5.829000000000001,-0.10250000000000001,309.291,1.619,0.8795,6.4365000000000006,-0.102,309.202,2.147,0.18000000000000005,5.215,0.0105,309.717,1.988,
0.8205,3.6879999999999997,0.0085,309.298,1.391,0.38749999999999996,3.9835000000000003,0.0325,309.643,1.578,-0.14550000000000002,3.8985000000000003,0.0555,309.884,1.684,-0.5680000000000001,3.8395,0.0675,309.953,1.693,-0.4325,4.573,0.042499999999999996,309.79,1.829,-0.0945,4.859500000000001,0.048,309.746,1.914,0.4265,5.406000000000001,0.053000000000000005,309.848,1.97,1.2965,6.314,-0.0325,309.473,2.099,1.016,5.3919999999999995,0.024,309.667,2.124,-0.12100000000000002,4.209,0.101,309.837,1.751,-0.8955,4.807,-0.0445,309.111,1.589,-1.2999999999999998,4.7135,0.07500000000000001,309.574,1.685,-0.3615,6.2435,-0.08249999999999999,309.038,1.873,0.8105,6.9105,-0.0425,308.835,1.016,0.40049999999999997,6.0805,0.0535,309.224,1.264,-0.875,4.843500000000001,0.014499999999999999,309.741,1.77,
1.2475,4.1325,0.0055,309.252,1.404,1.0735000000000001,3.6835,-0.002,309.351,1.314,0.8085,3.258,0.013000000000000001,309.419,1.342,0.44899999999999995,3.026,0.049,309.596,1.333,0.335,3.519,0.029500000000000002,309.599,1.437,-0.04349999999999998,3.634,0.0655,309.861,1.63,-0.1735,4.519500000000001,0.089,309.954,1.846,0.8105,5.9025,-0.0325,309.428,1.95,0.979,5.252,-0.0185,309.422,1.822,0.05499999999999999,4.127,0.11399999999999999,309.828,1.778,-0.5585,5.7325,-0.037,309.135,1.918,-0.649,5.2490000000000006,0.081,309.648,1.809,0.2425,6.7765,-0.07600000000000001,309.161,2.049,0.3555,7.0145,0.07150000000000001,308.994,1.211,-0.8155000000000001,5.4305,0.134,309.305,1.038,-1.3860000000000001,5.2805,-0.026,309.359,1.741,
0.7795,4.343999999999999,0.021500000000000002,309.441,1.504,0.9105000000000001,3.8735,-0.0025,309.244,1.336,1.2545000000000002,3.4985,-0.0465,309.017,1.263,1.2105000000000001,3.0205,0.0045000000000000005,309.175,1.283,0.974,3.148,-0.0025,309.182,1.273,-0.0030000000000000027,3.065,0.044,309.54,1.326,-0.751,3.7575000000000003,0.0975,309.845,1.626,0.4,5.397,-0.0365,309.291,1.765,1.1925000000000001,5.08,-0.02,309.245,1.758,0.507,3.6745,0.1315,309.958,1.673,-0.162,5.734999999999999,0.0105,308.879,0.926,-0.1065,5.1795,0.1015,309.248,0.97,0.7060000000000001,6.7135,-0.048,308.833,0.942,0.041000000000000036,6.3385,0.08900000000000001,308.977,1.028,-1.4735,4.9875,0.1315,308.968,0.771,-1.329,5.99,-0.015,308.684,0.926,
0.361,4.1,0.0275,309.507,1.463,0.23900000000000002,3.85,0.0705,309.611,1.445,0.931,4.27,-0.039,308.955,1.3,1.439,3.8615,-0.028999999999999998,309.025,1.201,1.312,3.6310000000000002,-0.009500000000000001,309.072,1.202,0.304,3.298,0.011,309.267,1.126,-0.589,3.5665,0.092,309.683,1.452,0.399,4.825,0.0025000000000000005,309.355,1.616,1.108,4.3805,0.015,309.369,1.631,0.3895,3.0055,0.134,309.925,1.385,-0.091,4.598,0.0295,308.65,0.726,0.063,4.4315,0.096,308.771,0.739,0.901,5.949,0.006500000000000001,308.51,0.848,0.7695,5.8325,0.031,308.589,0.814,-0.4415,5.035,0.08950000000000001,308.659,0.653,-0.8085,6.1240000000000006,0.0615,308.815,1.009,
0.661,4.0295,0.0055,309.193,1.289,0.209,3.618,0.10149999999999999,309.809,1.396,0.45049999999999996,4.842499999999999,0.049,309.326,1.538,1.135,5.105,-0.014499999999999999,309.138,1.448,1.2915,4.5649999999999995,0.027000000000000003,309.258,1.386,0.8394999999999999,4.086,-0.0155,309.155,1.233,0.05399999999999999,3.9284999999999997,0.0865,309.577,1.43,0.24900000000000003,4.34,0.0655,309.602,1.507,0.464,3.5780000000000003,0.0085,309.456,1.286,-0.119,2.724,0.0965,309.71,1.081,-0.094,3.8834999999999997,-0.024,309.015,1.228,0.1785,4.2705,0.0295,309.197,1.322,0.8290000000000001,5.346500000000001,0.0435,309.08,1.743,1.613,5.917999999999999,-0.014499999999999999,308.407,0.831,1.026,5.358499999999999,0.06,308.483,0.777,-0.367,5.7405,0.1185,308.665,0.874,
1.3479999999999999,5.031000000000001,-0.086,308.437,0.549,1.2454999999999998,4.245,-0.014499999999999999,309.297,1.354,0.6765,5.0809999999999995,0.08499999999999999,309.732,1.733,0.6555,5.9239999999999995,0.024,309.388,1.851,0.8485,5.2285,0.0625,309.571,1.645,1.1025,4.9425,-0.053,309.157,1.436,0.36649999999999994,4.489,0.059,309.519,1.589,-0.349,4.267,0.0825,309.744,1.492,-0.27449999999999997,3.811,-0.0945,309.187,1.085,-0.2885,3.4945,0.013000000000000001,309.463,1.051,0.3755,4.7115,-0.098,308.948,1.224,0.8009999999999999,4.9465,-0.0185,309.209,1.517,0.8645,5.111000000000001,0.053000000000000005,309.482,1.765,1.5665,5.8870000000000005,-0.023,308.877,2.077,1.178,5.275,0.0455,309.069,1.881,-0.3685,5.253,0.10949999999999999,309.31,1.956,
1.677,6.609500000000001,-0.17700000000000002,307.903,0.768,2.5885,5.8855,-0.162,308.687,1.773,1.5755000000000001,5.156499999999999,0.051500000000000004,309.828,1.961,0.28950000000000004,5.9465,0.037000000000000005,309.817,2.073,0.16800000000000004,5.4075,0.0405,309.813,1.79,0.9735,5.465,-0.1025,309.224,1.596,0.12550000000000006,4.882,0.001,309.557,1.663,-1.059,4.5465,0.062,309.788,1.584,-0.3715,5.3134999999999994,-0.21899999999999997,308.827,1.342,0.461,5.0215,-0.0645,309.384,1.368,1.1920000000000002,5.898,-0.10450000000000001,309.087,1.733,1.333,5.024,0.0085,309.548,1.88,0.907,4.5184999999999995,0.025,309.813,1.816,0.9455,4.9830000000000005,-0.0075,309.409,1.936,0.41250000000000003,4.518,0.031,309.59,1.713,-0.524,4.675,0.06999999999999999,309.578,1.889,
1.677,6.8155,-0.11850000000000001,308.648,2.414,2.8215000000000003,6.824,-0.1405,308.882,2.355,1.6280000000000001,4.9315,0.0455,309.958,2.083,-0.183,5.5175,0.027500000000000004,310.119,2.023,-0.311,5.47,-0.027,309.761,1.803,0.8134999999999999,5.5675,-0.107,309.364,1.688,0.11549999999999994,5.047000000000001,-0.05550000000000001,309.624,1.641,-1.075,4.8735,0.0545,309.921,1.775,0.008000000000000007,6.3665,-0.1655,309.004,1.949,1.1715,5.8025,-0.0545,309.57,1.911,1.2200000000000002,5.8469999999999995,-0.0415,309.494,2.132,0.7955000000000001,4.1675,0.05,309.911,1.786,0.542,3.651,-0.0195,309.621,1.516,0.581,3.715,-0.0005000000000000004,309.576,1.636,0.28600000000000003,3.5860000000000003,0.012,309.627,1.651,-0.13499999999999998,4.003,0.030000000000000002,309.654,1.698,
1.3235000000000001,5.3365,0.011500000000000002,309.579,2.083,1.6960000000000002,6.0885,-0.0405,309.519,2.352,0.5475000000000001,4.4155,0.0475,310.157,1.953,-0.675,4.895,0.015499999999999998,310.103,2.128,-0.44799999999999995,5.381,-0.054000000000000006,309.622,1.854,0.7060000000000001,5.3740000000000006,-0.073,309.565,1.733,0.8785000000000001,5.1850000000000005,-0.10350000000000001,309.516,1.622,-0.00849999999999998,5.1225000000000005,0.0425,310.031,1.848,-0.005999999999999978,5.73,0.003000000000000001,309.796,2.18,0.5205,5.1240000000000006,0.0015000000000000005,309.961,1.964,0.229,4.823,-0.0045000000000000005,309.825,1.951,-0.256,3.4555,0.051500000000000004,309.814,1.466,0.1625,3.2805,-0.07050000000000001,309.128,1.227,0.7935000000000001,3.1064999999999996,-0.035500000000000004,309.284,1.145,0.973,3.1545,-0.021500000000000002,309.344,1.175,0.7845,3.593,-0.026000000000000002,309.388,1.3,
0.5505,4.361,0.047,309.862,1.576,0.7065,5.355,-0.0345,309.652,1.957,0.04849999999999999,4.119,0.013500000000000002,309.997,1.676,-0.7225,4.532,0.0095,310.053,1.873,-0.6859999999999999,5.233,-0.0085,309.805,1.856,0.43650000000000005,5.229,-0.062,309.659,1.671,1.7395,5.279,-0.14450000000000002,309.339,1.641,1.3545,5.223,0.0004999999999999996,309.833,2.058,0.10349999999999998,5.009,0.063,310.304,1.904,-0.34650000000000003,4.473,0.019,310.02,1.594,-0.7365,4.234,-0.042499999999999996,309.696,1.489,-1.044,3.276,0.0175,309.602,1.33,-0.04850000000000004,3.306,-0.138,308.853,1.149,1.1119999999999999,3.07,-0.098,309.007,1.104,1.56,3.136,-0.06,309.196,1.197,1.5145,3.523,-0.0895,309.184,1.307,
-0.17600000000000002,7.844,-0.318,308.013,1.19,-1.6139999999999999,6.6754999999999995,0.3155,308.451,1.514,-1.8199999999999998,8.0115,-0.049,307.804,1.505,-0.5519999999999999,8.039,-0.2895,307.759,1.338,0.9575,7.6555,-0.22149999999999997,307.837,1.152,2.2385,7.344,-0.355,307.656,1.086,2.11,5.9635,0.0395,308.121,1.337,1.087,5.1815,0.0105,308.289,1.145,0.22349999999999998,6.269,0.0145,308.291,1.291,0.081,7.2735,0.14700000000000002,308.401,1.715,0.6345,8.033,0.1045,308.224,1.806,0.292,8.008000000000001,0.1645,308.345,1.925,-0.5555,6.6065000000000005,0.1525,308.259,1.538,-0.647,6.478,-0.175,307.758,1.216,-0.508,6.0365,0.066,308.076,1.308,-0.05499999999999999,6.734500000000001,-0.0455,307.992,1.273,
0.411,8.370000000000001,-0.4145,307.757,1.185,-0.9820000000000001,6.946,0.2955,308.455,1.605,-1.8495,8.24,0.08650000000000001,308.078,1.68,-0.825,8.6205,-0.1485,307.798,1.569,0.7335,8.509,-0.2415,307.74,1.301,1.8265000000000002,8.009500000000001,-0.23950000000000002,307.794,1.318,1.6795,6.393,0.037500000000000006,308.272,1.358,1.4955,5.707,-0.124,308.21,1.09,1.754,6.140000000000001,-0.20750000000000002,308.07,1.03,1.4529999999999998,6.593999999999999,0.012499999999999999,308.301,1.471,0.5085,6.5649999999999995,0.2695,308.63,1.746,-0.7365,6.721,0.1035,308.509,1.54,-1.2805,6.18,0.115,308.234,1.432,-0.8075,6.6899999999999995,-0.1755,307.743,1.274,-0.40700000000000003,6.359500000000001,0.027500000000000004,308.029,1.287,0.40249999999999997,6.837,-0.09799999999999999,307.925,1.15,
0.21950000000000003,8.6145,-0.182,307.865,1.555,-0.9369999999999999,7.034,0.1645,308.456,1.536,-1.898,7.804500000000001,0.033,308.249,1.675,-1.046,8.347,-0.0295,308.033,1.63,0.33699999999999997,8.76,-0.09749999999999999,307.878,1.666,0.9339999999999999,8.0395,0.0004999999999999996,308.113,1.616,0.74,6.846,0.004999999999999999,308.377,1.38,1.3010000000000002,6.586499999999999,-0.16549999999999998,308.208,1.122,2.491,6.962,-0.3745,307.896,0.975,2.2175000000000002,6.823,-0.0085,308.089,1.525,0.508,5.916,0.27649999999999997,308.61,1.543,-0.9119999999999999,6.224,-0.0635,308.243,1.238,-1.3565,5.943,0.0675,308.29,1.306,-0.965,6.7375,-0.11,307.941,1.342,-0.392,6.7095,-0.0725,308.013,1.211,0.872,7.4030000000000005,-0.28750000000000003,307.766,1.049,
-1.0015,7.826499999999999,0.138,308.266,1.918,-1.4755,7.375,-0.028,308.237,1.435,-1.436,7.6685,-0.14600000000000002,308.066,1.452,-0.6100000000000001,7.968500000000001,-0.081,308.146,1.479,0.03950000000000001,8.228,-0.0085,308.181,1.626,0.02750000000000001,7.5175,0.055999999999999994,308.332,1.493,0.0155,7.1975,-0.041,308.354,1.395,1.0775,7.3635,-0.1585,308.217,1.169,2.5345,8.143,-0.36150000000000004,307.768,1.103,1.9755,7.129,0.1315,308.16,1.74,0.1405,5.91,0.22299999999999998,308.529,1.498,-0.748,6.493,-0.1155,308.014,1.327,-1.155,6.1135,-0.053500000000000006,308.256,1.201,-1.2115,6.6850000000000005,-0.041499999999999995,308.174,1.349,-0.21350000000000002,7.279999999999999,-0.3065,307.909,1.099,1.4754999999999998,8.2645,-0.3675,307.634,1.193,
-1.9325,6.4475,0.26,308.595,1.815,-1.832,7.74,-0.0345,308.049,1.571,-0.9445,8.0275,-0.10350000000000001,307.955,1.544,-0.23550000000000001,8.0825,-0.0465,308.147,1.556,-0.113,8.086,-0.047,308.229,1.496,-0.236,7.689,-0.083,308.203,1.225,0.07350000000000001,7.7055,-0.07050000000000001,308.28,1.382,1.2485000000000002,8.04,-0.1855,308.177,1.214,2.255,8.8535,-0.1585,307.925,1.458,1.2285,6.867,0.2635,308.473,1.841,-0.48249999999999993,5.88,0.136,308.487,1.482,-0.9309999999999999,6.7075,0.023,308.116,1.505,-1.1265,6.7985,-0.20950000000000002,308.087,1.109,-1.0875,6.953,-0.09,308.181,1.23,0.3665,8.275,-0.46199999999999997,307.742,1.139,1.562,8.558,-0.1195,307.859,1.574,
-1.0645,5.368499999999999,0.1665,308.551,1.419,-1.325,7.1805,0.1085,308.3,1.704,-1.0245,7.577,0.1235,308.345,1.758,-0.8260000000000001,7.576,0.14049999999999999,308.418,1.8,-0.5585,8.116,0.019000000000000003,308.222,1.661,-0.11549999999999999,8.1595,-0.054000000000000006,308.086,1.441,0.6060000000000001,8.245999999999999,-0.03,308.292,1.535,1.6785,8.692499999999999,-0.1865,308.147,1.404,1.867,8.6685,0.049,308.207,1.947,0.4685,6.326499999999999,0.299,308.698,1.78,-1.0495,5.862,0.004,308.341,1.315,-1.4729999999999999,6.569,0.1655,308.314,1.591,-1.1139999999999999,7.725999999999999,-0.271,307.889,1.157,-0.17099999999999999,7.8615,-0.239,308.028,1.189,1.067,8.8905,-0.23099999999999998,307.832,1.597,0.6855,7.9205000000000005,0.1605,308.319,1.807,
0.736,5.1175,0.0135,308.221,1.173,0.1275,5.9145,0.136,308.476,1.468,-0.48000000000000004,6.0794999999999995,0.192,308.634,1.618,-0.884,6.0015,0.23149999999999998,308.7,1.707,-0.6915,7.0365,0.13749999999999998,308.463,1.703,-0.07649999999999998,7.305,0.147,308.406,1.732,0.8365,8.0125,0.10400000000000001,308.483,1.719,1.8405,8.8945,-0.1295,308.228,1.527,1.513,7.9399999999999995,0.059000000000000004,308.406,1.76,0.027500000000000024,6.055,0.2895,308.676,1.665,-1.1705,6.3425,-0.125,308.11,1.237,-1.6125,6.6455,0.1765,308.344,1.479,-0.6910000000000001,8.4565,-0.25,307.841,1.253,0.7815,8.89,-0.1675,307.884,0.916,0.8009999999999999,8.323,0.172,308.175,1.474,-0.7444999999999999,7.124,0.159,308.514,1.592,
1.612,5.596,-0.024,308.095,1.195,1.393,5.198,-0.005,308.29,1.16,0.872,4.838,0.060500000000000005,308.37,1.142,0.37650000000000006,4.5535,0.1575,308.522,1.229,0.161,5.3205,0.10800000000000001,308.484,1.323,0.011999999999999997,5.511,0.225,308.67,1.536,0.3215,6.8285,0.2455,308.669,1.772,1.3255,8.4605,-0.114,308.254,1.435,1.331,7.4425,-0.084,308.294,1.426,0.1625,5.945,0.3075,308.623,1.695,-0.727,7.2275,-0.1285,308.058,1.406,-0.927,7.0865,0.17049999999999998,308.373,1.577,-0.009999999999999953,8.810500000000001,-0.246,307.946,1.314,0.52,9.176,0.1135,308.087,1.12,-0.6565,7.261,0.3685,308.488,1.21,-1.7445,7.0325,-0.048,308.266,1.32,
1.135,6.1515,0.0465,308.251,1.288,1.471,5.434,-0.0665,308.136,1.186,1.6284999999999998,4.775,-0.128,308.024,0.969,1.47,4.2435,0.001,308.143,1.042,1.146,4.4455,-0.0155,308.155,1.04,0.09799999999999998,4.4190000000000005,0.1515,308.475,1.139,-0.587,5.6045,0.304,308.658,1.53,0.563,7.779,-0.142,308.127,1.261,1.45,7.1775,-0.11599999999999999,308.113,1.347,0.7404999999999999,5.462,0.3605,308.727,1.641,-0.07649999999999998,7.499499999999999,0.0015,308.139,0.956,-0.05849999999999998,7.0525,0.2435,308.427,1.218,0.621,8.597,-0.187,308.038,0.77,-0.121,8.6125,0.2195,308.314,0.994,-1.819,6.6195,0.367,308.416,0.853,-1.757,7.54,-0.10650000000000001,307.903,0.869,
0.44699999999999995,6.2415,0.066,308.35,1.28,0.7095,5.781499999999999,0.1095,308.342,1.389,1.367,5.68,-0.17750000000000002,307.927,1.002,1.7555,5.1615,-0.138,307.967,0.946,1.6655,4.9125,-0.08549999999999999,307.997,0.973,0.37500000000000006,4.566,0.017,308.203,0.935,-0.7555000000000001,5.1295,0.28099999999999997,308.529,1.336,0.402,7.0625,-0.08349999999999999,308.099,1.227,1.4495,6.4475,0.0025000000000000005,308.175,1.308,0.7879999999999999,4.619,0.3605,308.79,1.36,0.086,6.595,0.065,308.186,0.746,0.26,6.2745,0.238,308.38,0.898,1.141,7.842,-0.0765,308.09,0.733,0.5565,7.792,0.074,308.239,0.717,-1.117,6.5,0.249,308.289,0.663,-1.1484999999999999,7.789,0.09,308.031,0.989,
0.55,6.08,-0.0325,308.15,1.034,0.255,5.727,0.20500000000000002,308.553,1.419,0.7849999999999999,6.6355,0.0024999999999999988,308.118,1.235,1.548,6.7379999999999995,-0.1555,307.97,1.043,1.769,6.2035,-0.037,308.059,1.071,0.938,5.535,-0.11049999999999999,308.041,0.92,-0.0915,5.4325,0.219,308.447,1.284,0.4275,6.391,0.06849999999999999,308.295,1.313,0.767,5.477,0.0225,308.326,1.068,0.0785,4.167,0.21949999999999997,308.634,1.051,-0.1525,5.683999999999999,-0.0765,308.157,0.898,0.225,5.9915,0.024,308.306,1.06,1.29,7.3635,0.011000000000000001,308.19,1.284,1.8115,7.6015,-0.127,307.998,0.654,0.8155,6.9175,0.11249999999999999,308.065,0.647,-0.312,7.6655,0.26749999999999996,308.178,0.893,
1.331,6.5135000000000005,-0.2595,307.751,0.413,1.109,6.1080000000000005,-0.0815,308.29,1.104,0.87,7.1535,0.156,308.45,1.523,1.118,8.041,-0.0225,308.127,1.354,1.4285,7.3705,0.07550000000000001,308.248,1.294,1.335,6.6395,-0.2195,307.996,0.979,0.464,6.1105,0.14350000000000002,308.399,1.305,-0.1195,6.1295,0.179,308.509,1.407,-0.28150000000000003,5.435,-0.21850000000000003,308.222,0.784,-0.37,4.878,-0.0345,308.374,0.906,0.18050000000000002,6.279,-0.28700000000000003,307.96,0.83,0.7355,6.875,-0.127,308.122,1.177,1.334,7.375,0.11199999999999999,308.32,1.501,2.2215,7.986,-0.151,307.956,1.407,1.7269999999999999,7.38,0.0975,308.057,1.32,-0.056999999999999995,7.5635,0.291,308.33,1.538,
1.9685,7.996499999999999,-0.4355,307.441,0.417,2.747,7.7475000000000005,-0.444,307.682,1.002,1.9529999999999998,7.482,0.174,308.54,1.711,0.8095,8.489999999999998,0.134,308.473,1.691,0.7075,7.8285,0.1045,308.475,1.49,1.2505000000000002,7.391,-0.3155,308.017,1.025,0.35100000000000003,6.7515,0.0545,308.397,1.29,-0.9610000000000001,6.4544999999999995,0.231,308.609,1.43,-0.7005,6.865,-0.5395,307.859,0.741,0.22500000000000003,6.702999999999999,-0.2195,308.191,1.022,1.2510000000000001,7.859999999999999,-0.28400000000000003,307.902,1.129,1.6219999999999999,7.428,0.018500000000000003,308.221,1.547,1.412,6.8735,0.1515,308.534,1.638,1.6219999999999999,7.5135000000000005,-0.006,308.173,1.579,0.9530000000000001,6.867,0.14750000000000002,308.326,1.495,-0.507,7.12,0.24,308.424,1.676,
2.2439999999999998,9.1535,-0.256,307.614,1.432,3.6529999999999996,9.4295,-0.361,307.551,1.42,2.4819999999999998,7.473000000000001,0.22599999999999998,308.585,1.919,0.292,8.2425,0.182,308.784,1.835,-0.03999999999999998,7.8825,-0.013999999999999999,308.515,1.489,1.053,7.7245,-0.301,308.077,1.115,0.1965,7.1815,-0.07100000000000001,308.408,1.253,-1.2795,7.021,0.26,308.697,1.561,-0.27599999999999997,8.413,-0.424,307.839,1.155,1.2235,8.1765,-0.145,308.255,1.42,1.7149999999999999,8.372,-0.05,308.169,1.673,1.4064999999999999,6.4745,0.20600000000000002,308.574,1.747,0.9585,5.6345,0.051000000000000004,308.499,1.371,0.9325,5.9015,0.048,308.328,1.514,0.418,5.5425,0.1035,308.426,1.498,-0.394,6.109500000000001,0.14400000000000002,308.461,1.553,
2.1109999999999998,8.228,0.0775,308.214,1.714,2.734,9.1655,-0.0505,308.077,1.82,1.2195,6.7935,0.249,308.834,1.807,-0.5565,7.4995,0.159,308.828,2.004,-0.384,7.7745,-0.0815,308.395,1.527,1.0534999999999999,7.661,-0.179,308.242,1.29,0.9,7.454000000000001,-0.237,308.315,1.164,-0.4245,7.499499999999999,0.195,308.795,1.622,-0.035499999999999976,8.2415,0.05,308.462,1.791,0.9259999999999999,7.7835,0.0485,308.584,1.723,0.705,7.2195,0.0955,308.55,1.709,0.1125,5.138,0.1895,308.654,1.428,0.29000000000000004,4.742,-0.1355,308.162,0.938,0.9285000000000001,4.715,-0.082,308.201,1.005,1.157,4.689500000000001,-0.0345,308.262,1.042,0.7955,5.29,-0.02,308.284,1.118,
1.139,7.134,0.1505,308.561,1.544,1.195,8.376,-0.007000000000000001,308.408,1.654,0.02300000000000002,6.288,0.131,308.837,1.517,-0.9424999999999999,6.996,0.13749999999999998,308.83,1.8,-0.5619999999999999,7.648,0.048,308.496,1.701,0.879,7.524,-0.131,308.379,1.292,2.0055,7.567,-0.3625,308.15,1.091,1.293,7.702,0.0535,308.634,1.643,0.11499999999999999,7.585,0.281,309.037,1.839,-0.203,7.025,0.1205,308.785,1.565,-0.619,6.346,-0.005000000000000001,308.606,1.309,-0.88,4.638,0.0655,308.494,1.226,-0.009000000000000008,4.554,-0.3255,307.918,0.822,1.2189999999999999,4.471,-0.2585,307.963,0.854,1.986,4.549,-0.14350000000000002,308.08,1.006,1.9705,5.071,-0.16949999999999998,308.047,1.062,
-0.17350000000000002,8.6035,-0.524,307.781,0.909,-1.526,7.202999999999999,0.6105,308.166,1.54,-1.7115,8.379000000000001,-0.1195,307.584,1.299,-0.451,8.522,-0.5195,307.533,1.115,1.07,8.313500000000001,-0.375,307.543,0.891,2.21,7.711,-0.6094999999999999,307.361,0.797,2.084,6.2765,0.099,307.856,1.308,1.077,5.576499999999999,0.038,308.036,1.141,0.0685,6.920999999999999,0.1005,308.041,1.188,-0.0595,8.0145,0.314,308.078,1.679,0.6779999999999999,8.5675,0.175,307.884,1.688,0.51,8.690999999999999,0.367,308.005,1.836,-0.4245,7.1365,0.3385,307.981,1.508,-0.712,6.8294999999999995,-0.28700000000000003,307.557,1.07,-0.537,6.5445,0.062,307.794,1.319,-0.056999999999999995,7.374,-0.099,307.725,1.153,
0.39049999999999996,8.8995,-0.742,307.491,0.832,-0.947,7.5595,0.612,308.156,1.586,-1.645,8.761,0.134,307.798,1.467,-0.658,9.0585,-0.294,307.554,1.302,0.7595,8.9735,-0.42000000000000004,307.447,1.003,1.758,8.331,-0.44400000000000006,307.484,1.067,1.752,6.7935,0.09,307.989,1.339,1.608,6.104,-0.2485,307.959,1.023,1.5670000000000002,6.7405,-0.3265,307.87,0.847,1.2,7.2620000000000005,0.047,308.049,1.446,0.5449999999999999,7.199,0.525,308.29,1.865,-0.5315,7.3925,0.2885,308.221,1.523,-1.1895,6.625500000000001,0.259,307.966,1.405,-0.831,6.9990000000000006,-0.316,307.525,1.13,-0.303,6.898,-0.0095,307.741,1.244,0.43,7.574999999999999,-0.1815,307.664,0.981,
0.2845,9.1085,-0.36350000000000005,307.52,1.318,-0.9245000000000001,7.662,0.40900000000000003,308.164,1.485,-1.774,8.442499999999999,0.0825,307.957,1.486,-0.9535,8.8245,-0.056499999999999995,307.759,1.376,0.3075,9.212499999999999,-0.1835,307.595,1.409,0.963,8.551,0.0019999999999999996,307.796,1.45,0.96,7.4094999999999995,0.018000000000000002,308.074,1.336,1.5030000000000001,7.073,-0.3335,307.938,0.977,2.3905000000000003,7.5085,-0.6495,307.679,0.602,2.061,7.362,-0.0335,307.834,1.466,0.5155,6.4525,0.5745,308.318,1.646,-0.8695,6.74,-0.058,308.017,1.162,-1.2970000000000002,6.433,0.1775,308.009,1.296,-0.8155,7.1795,-0.20800000000000002,307.667,1.229,-0.162,7.282,-0.123,307.721,1.067,0.8835,8.043,-0.499,307.522,0.74,
-0.815,8.4925,0.2395,307.899,1.88,-1.455,7.8405000000000005,0.0195,308.003,1.305,-1.51,8.154499999999999,-0.251,307.826,1.285,-0.6515,8.4305,-0.1425,307.87,1.307,0.05750000000000001,8.776499999999999,-0.0225,307.879,1.441,0.157,8.171,0.1485,308.021,1.385,0.2715,7.8585,-0.0965,308.049,1.313,1.2965,7.927,-0.2915,307.94,0.944,2.526,8.6065,-0.666,307.505,0.729,1.963,7.647,0.2285,307.865,1.662,0.181,6.3965,0.4975,308.247,1.559,-0.7875,6.9455,-0.21700000000000003,307.77,1.281,-1.0755,6.723,-0.03,307.973,1.158,-0.892,7.327999999999999,-0.065,307.847,1.252,0.009500000000000008,7.795,-0.461,307.657,0.831,1.4144999999999999,8.744,-0.664,307.328,0.807,
-1.83,7.1884999999999994,0.5175000000000001,308.256,1.88,-1.834,8.1715,-0.057,307.797,1.426,-1.0350000000000001,8.428999999999998,-0.22049999999999997,307.687,1.395,-0.20900000000000002,8.594000000000001,-0.10999999999999999,307.829,1.443,-0.000999999999999994,8.6335,-0.11099999999999999,307.925,1.352,-0.13,8.2485,-0.12,307.928,1.033,0.248,8.3205,-0.186,307.963,1.24,1.419,8.528500000000001,-0.3295,307.892,0.941,2.3255,9.2925,-0.33299999999999996,307.553,1.103,1.2985,7.4425,0.5065,308.15,1.83,-0.407,6.3865,0.334,308.21,1.521,-0.869,7.2355,0.0115,307.815,1.491,-0.9555,7.4455,-0.3205,307.823,0.945,-0.8355,7.6515,-0.128,307.868,1.079,0.4149999999999999,8.695,-0.752,307.472,0.774,1.5835,9.097000000000001,-0.21150000000000002,307.493,1.3,
-1.2265,5.9775,0.3635,308.277,1.477,-1.4655,7.8255,0.21600000000000003,307.985,1.669,-1.0594999999999999,8.231,0.216,308.001,1.686,-0.6755,8.323500000000001,0.253,308.046,1.784,-0.397,8.748999999999999,0.0055000000000000005,307.889,1.54,-0.056499999999999995,8.703,-0.10950000000000001,307.765,1.239,0.7035,8.834,-0.129,307.944,1.382,1.7814999999999999,9.054,-0.359,307.855,1.103,1.974,9.1725,0.059,307.881,1.717,0.5680000000000001,6.9015,0.5815,308.392,1.857,-0.954,6.3475,0.0685,308.098,1.298,-1.311,7.112,0.2805,308.001,1.589,-0.975,8.258,-0.463,307.63,0.868,-0.14150000000000001,8.437000000000001,-0.40700000000000003,307.739,0.926,1.057,9.365,-0.40449999999999997,307.499,1.336,0.883,8.643,0.3705,307.961,1.697,
0.516,5.5135000000000005,0.0325,307.999,1.166,-0.137,6.640499999999999,0.293,308.178,1.533,-0.658,6.888,0.395,308.306,1.666,-0.9325,6.83,0.46399999999999997,308.354,1.807,-0.6965,7.818,0.2725,308.124,1.659,-0.04400000000000001,7.9865,0.27999999999999997,308.056,1.684,0.966,8.6845,0.131,308.117,1.628,1.9515000000000002,9.281500000000001,-0.26,307.937,1.195,1.633,8.4925,0.11150000000000002,308.124,1.573,0.14099999999999996,6.564500000000001,0.536,308.393,1.796,-1.1035,6.6965,-0.1925,307.91,1.151,-1.4975,7.063000000000001,0.28600000000000003,308.065,1.459,-0.6970000000000001,8.799,-0.443,307.592,0.888,0.707,9.313500000000001,-0.34650000000000003,307.633,0.842,0.964,8.9155,0.31,307.885,1.589,-0.4635,7.8475,0.40900000000000003,308.199,1.54,
1.5905,5.8735,-0.091,307.842,1.198,1.3215,5.747,0.004999999999999999,308.052,1.175,0.732,5.4704999999999995,0.1585,308.144,1.103,0.2135,5.170999999999999,0.3195,308.272,1.262,0.0014999999999999979,6.0045,0.241,308.22,1.32,0.0385,6.1635,0.4595,308.369,1.603,0.6005,7.5095,0.4295,308.328,1.83,1.53,8.969000000000001,-0.21050000000000002,308.002,1.113,1.4245,7.9405,-0.163,308.059,1.253,0.2525,6.448,0.5415,308.324,1.855,-0.6815,7.4245,-0.222,307.843,1.287,-0.891,7.443,0.245,308.077,1.591,-0.07800000000000001,9.002,-0.437,307.696,0.911,0.547,9.565999999999999,0.131,307.86,1.082,-0.4285,7.8185,0.6755,308.251,1.383,-1.6175000000000002,7.5235,-0.024,308.035,1.146,
1.2675,6.539,0.047,307.969,1.283,1.6205,5.8555,-0.1855,307.895,1.203,1.619,5.1594999999999995,-0.201,307.84,0.872,1.3980000000000001,4.633,-0.001,307.94,1.001,1.0475,4.8825,-0.0225,307.95,0.991,0.159,4.885,0.3155,308.243,1.155,-0.316,6.154,0.5755,308.366,1.612,0.6749999999999999,8.3285,-0.2695,307.9,0.94,1.438,7.632,-0.259,307.886,1.173,0.7929999999999999,6.0385,0.638,308.404,1.812,0.0034999999999999892,7.7985,-0.0025,307.945,1.037,0.021000000000000005,7.568,0.3845,308.157,1.444,0.5509999999999999,8.7965,-0.35550000000000004,307.832,0.66,-0.1405,9.09,0.381,308.126,0.955,-1.741,7.093,0.6855,308.26,0.941,-1.8045,7.8309999999999995,-0.22550000000000003,307.735,0.848,
0.507,6.9670000000000005,0.113,308.069,1.231,0.9874999999999999,6.388,0.0785,308.025,1.461,1.472,5.945,-0.35350000000000004,307.736,0.889,1.6960000000000002,5.438000000000001,-0.289,307.761,0.854,1.6065,5.202500000000001,-0.20500000000000002,307.779,0.905,0.3855,4.903499999999999,0.034,307.973,0.889,-0.708,5.55,0.544,308.265,1.391,0.3115,7.599,-0.21999999999999997,307.825,0.997,1.427,7.042,-0.0325,307.923,1.17,0.9475,5.253,0.635,308.493,1.5,0.28550000000000003,7.286,0.12,308.035,0.768,0.4725,6.977,0.40149999999999997,308.205,1.075,1.167,8.176,-0.21100000000000002,307.947,0.698,0.394,8.3305,0.1545,308.124,0.642,-1.3045,6.9265,0.4815,308.175,0.688,-1.2335,8.099,0.0985,307.839,1.006,
0.355,7.0815,-0.055,307.929,0.872,0.39249999999999996,6.674,0.28,308.209,1.506,0.9655,7.0285,-0.11249999999999999,307.839,1.153,1.569,6.9955,-0.36,307.712,0.859,1.7675,6.4955,-0.16649999999999998,307.797,0.937,0.857,5.822,-0.235,307.802,0.768,-0.20400000000000001,5.7865,0.40900000000000003,308.191,1.321,0.38699999999999996,6.9575,0.008499999999999997,307.972,1.24,0.8674999999999999,6.3305,0.057499999999999996,308.061,0.977,0.2525,4.8125,0.3485,308.38,1.123,-0.08149999999999999,6.5915,-0.11299999999999999,308.006,0.707,0.34750000000000003,6.6475,0.009000000000000001,308.135,0.979,1.4845000000000002,7.7905,-0.0925,308.013,1.122,1.7665000000000002,8.0065,-0.2585,307.935,0.555,0.5910000000000001,7.2585,0.185,307.997,0.598,-0.2915,8.0785,0.436,308.026,0.954,
0.9115,7.3215,-0.4255,307.673,0.26,0.7885,7.0425,-0.156,308.064,1.001,0.9275,7.763999999999999,0.1845,308.105,1.526,1.2965,8.3935,-0.108,307.817,1.145,1.5675,7.818,0.0395,307.916,1.127,1.2510000000000001,6.898,-0.4265,307.757,0.719,0.395,6.433,0.2615,308.157,1.272,0.0775,6.695,0.246,308.185,1.466,-0.112,6.3115,-0.30700000000000005,308.019,0.594,-0.361,5.4415,-0.133,308.134,0.855,-0.048500000000000015,6.952,-0.496,307.781,0.599,0.565,7.395,-0.297,307.903,1.053,1.526,7.9225,0.138,308.075,1.421,2.3890000000000002,8.293,-0.33899999999999997,307.814,1.118,1.791,7.765000000000001,0.1495,307.888,1.044,0.16399999999999998,8.1125,0.5175,308.119,1.4,
1.797,8.2465,-0.7195,307.53,0.125,2.2545,8.187,-0.7725,307.646,0.635,1.8290000000000002,8.129,0.305,308.214,1.703,1.094,9.04,0.2595,308.126,1.54,1.0165,8.4585,0.16699999999999998,308.117,1.345,1.2705,7.6045,-0.5695,307.757,0.671,0.4774999999999999,7.066000000000001,0.1315,308.155,1.163,-0.6175,6.9465,0.4275,308.329,1.467,-0.67,7.3395,-0.867,307.84,0.464,0.016500000000000015,7.068,-0.4595,307.9,0.87,0.942,8.253,-0.5075000000000001,307.619,0.834,1.4209999999999998,8.0445,-0.0024999999999999988,307.904,1.428,1.5415,7.6305,0.3295,308.223,1.596,1.8599999999999999,8.075,-0.0225,307.929,1.368,1.1895,7.506500000000001,0.3105,308.056,1.351,-0.31799999999999995,7.8629999999999995,0.481,308.163,1.605,
2.439,9.2345,-0.432,307.538,1.011,3.4935,9.5695,-0.6465000000000001,307.382,0.903,2.5345,8.093,0.473,308.266,1.828,0.6679999999999999,8.9865,0.4095,308.424,1.779,0.2915,8.541,0.0175,308.192,1.355,1.066,7.9455,-0.545,307.775,0.75,0.308,7.577500000000001,-0.07949999999999999,308.146,1.034,-1.0675000000000001,7.521,0.539,308.426,1.54,-0.42950000000000005,8.603000000000002,-0.741,307.738,0.783,0.982,8.5335,-0.3015,307.923,1.207,1.665,8.8475,-0.055499999999999994,307.859,1.447,1.522,7.235,0.4135,308.229,1.765,1.1455000000000002,6.442,0.20049999999999998,308.222,1.354,1.0950000000000002,6.729,0.1185,308.037,1.461,0.47650000000000003,6.3325,0.2525,308.143,1.504,-0.48200000000000004,6.9295,0.3305,308.181,1.549,
2.4015,8.747,0.148,307.945,1.417,2.9325,9.590499999999999,-0.059,307.77,1.393,1.478,7.441000000000001,0.5545,308.518,1.762,-0.2495,8.3235,0.381,308.485,2.043,-0.182,8.378,-0.10500000000000001,308.094,1.41,1.048,8.007,-0.3205,307.937,1.009,0.7855000000000001,8.0235,-0.395,308.051,0.853,-0.548,8.13,0.4205,308.503,1.554,-0.1295,8.661000000000001,0.0915,308.183,1.641,0.964,8.4185,0.094,308.247,1.583,0.9285000000000001,7.8735,0.26349999999999996,308.239,1.622,0.3815,5.756,0.377,308.364,1.53,0.401,5.364,-0.1625,307.98,0.836,0.9420000000000001,5.4855,-0.134,307.953,0.965,1.095,5.385999999999999,-0.041,308.012,1.03,0.622,5.9905,0.019,308.033,1.08,
1.4085,7.959,0.278,308.244,1.515,1.3599999999999999,9.058,0.067,308.129,1.444,0.06449999999999995,6.95,0.326,308.56,1.537,-0.8485,7.822,0.34299999999999997,308.51,1.885,-0.35350000000000004,8.233,0.1245,308.174,1.685,1.0465,7.957,-0.2145,308.081,1.064,1.873,8.231,-0.6225,307.888,0.72,0.9810000000000001,8.412,0.14700000000000002,308.374,1.435,0.0415,8.224,0.5865,308.706,1.912,-0.0445,7.829,0.261,308.47,1.605,-0.329,7.036,0.10400000000000001,308.352,1.308,-0.5115,5.102,0.0865,308.24,1.315,0.12250000000000003,5.048,-0.513,307.751,0.663,1.167,5.14,-0.4585,307.756,0.742,1.9794999999999998,5.156,-0.2605,307.832,0.953,1.966,5.675,-0.255,307.795,0.967,
-0.089,8.95,-0.6895,307.701,0.708,-1.2925,7.4105,0.8855,308.053,1.568,-1.4585,8.466,-0.20500000000000002,307.488,1.182,-0.279,8.719999999999999,-0.7275,307.446,0.959,1.141,8.6775,-0.529,307.419,0.676,2.1035,7.781000000000001,-0.8135,307.294,0.634,1.975,6.3485,0.131,307.758,1.296,1.041,5.7715,0.0615,307.932,1.131,0.003999999999999976,7.2555,0.22099999999999997,307.945,1.125,-0.11600000000000002,8.3155,0.47550000000000003,307.954,1.653,0.6819999999999999,8.6325,0.2,307.758,1.664,0.6115,8.8995,0.558,307.88,1.793,-0.3415,7.3655,0.537,307.873,1.492,-0.733,6.987500000000001,-0.35750000000000004,307.483,0.993,-0.5465,6.769,0.024499999999999997,307.676,1.312,-0.0345,7.6419999999999995,-0.157,307.62,1.064,
0.4065,9.0785,-1.018,307.447,0.658,-0.8109999999999999,7.7905,0.9155,308.044,1.565,-1.3645,8.8775,0.1525,307.694,1.358,-0.4245,9.168,-0.433,307.458,1.143,0.8075,9.1575,-0.5780000000000001,307.339,0.807,1.6245,8.342,-0.6335,307.385,0.932,1.7175,6.919499999999999,0.10450000000000001,307.877,1.337,1.616,6.2895,-0.38,307.856,0.962,1.3595000000000002,7.101,-0.403,307.796,0.722,0.9725,7.6370000000000005,0.091,307.949,1.434,0.5595,7.4625,0.745,308.146,1.951,-0.3515,7.699999999999999,0.4975,308.107,1.525,-1.083,6.8065,0.3975,307.862,1.397,-0.8285,7.095000000000001,-0.4275,307.444,1.054,-0.243,7.1375,-0.091,307.62,1.199,0.444,7.9625,-0.252,307.558,0.851,
0.30200000000000005,9.193999999999999,-0.5425,307.41,1.216,-0.8825000000000001,7.93,0.6735,308.055,1.439,-1.6095000000000002,8.6465,0.1255,307.852,1.379,-0.8205,8.923,-0.0915,307.663,1.249,0.291,9.2895,-0.263,307.497,1.278,0.919,8.659,-0.0215,307.675,1.372,1.0554999999999999,7.635,0.006000000000000001,307.949,1.306,1.502,7.2875,-0.5175,307.827,0.861,2.0975,7.8005,-0.8714999999999999,307.634,0.38,1.7985,7.638999999999999,-0.0645,307.74,1.458,0.494,6.7035,0.8605,308.195,1.723,-0.769,7.0005,-0.0155,307.931,1.109,-1.1875,6.629,0.26,307.894,1.293,-0.719,7.311,-0.3075,307.562,1.161,-0.00849999999999998,7.5495,-0.203,307.601,0.96,0.9115,8.381499999999999,-0.6585,307.453,0.521,
-0.7045,8.690999999999999,0.3115,307.753,1.867,-1.417,8.033,0.1085,307.915,1.24,-1.4935,8.3225,-0.3375,307.738,1.19,-0.6395,8.555,-0.212,307.762,1.221,0.059999999999999984,8.9195,-0.041999999999999996,307.764,1.348,0.2395,8.433,0.2315,307.894,1.317,0.44599999999999995,8.163499999999999,-0.16,307.92,1.246,1.3455,8.177,-0.4375,307.828,0.784,2.3405,8.738,-0.925,307.494,0.193,1.8285,7.8215,0.3055,307.76,1.641,0.1825,6.5915,0.7775000000000001,308.134,1.599,-0.7675000000000001,7.1285,-0.3085,307.678,1.249,-0.954,7.019,-0.027000000000000003,307.855,1.117,-0.6525,7.609999999999999,-0.1175,307.71,1.174,0.20199999999999999,8.0145,-0.5965,307.558,0.641,1.3925,8.8995,-0.9205,307.305,0.634,
-1.6840000000000002,7.512499999999999,0.767,308.12,1.92,-1.7655,8.2895,-0.07450000000000001,307.702,1.38,-1.057,8.513,-0.34199999999999997,307.584,1.332,-0.202,8.749500000000001,-0.199,307.692,1.403,0.068,8.8255,-0.181,307.8,1.271,-0.0095,8.510000000000002,-0.139,307.814,0.917,0.411,8.602,-0.309,307.832,1.132,1.525,8.7075,-0.466,307.774,0.768,2.2910000000000004,9.3225,-0.49349999999999994,307.467,0.926,1.28,7.618,0.736,308.033,1.833,-0.36050000000000004,6.587999999999999,0.551,308.098,1.555,-0.8195,7.4165,-0.0225,307.697,1.472,-0.7849999999999999,7.8005,-0.41500000000000004,307.715,0.818,-0.5585,8.05,-0.192,307.732,0.96,0.529,8.7945,-0.9944999999999999,307.435,0.607,1.5550000000000002,9.2,-0.3265,307.389,1.167,
-1.2429999999999999,6.297,0.5874999999999999,308.168,1.504,-1.466,8.074,0.30300000000000005,307.86,1.658,-1.0405,8.4415,0.28600000000000003,307.863,1.653,-0.577,8.614,0.3345,307.886,1.78,-0.27249999999999996,8.9735,-0.023,307.749,1.483,0.036500000000000005,8.903500000000001,-0.159,307.627,1.144,0.8025,9.0455,-0.2505,307.797,1.293,1.849,9.092,-0.5195,307.742,0.946,1.9895,9.232,0.0655,307.773,1.607,0.5965,7.1129999999999995,0.861,308.276,1.911,-0.8635,6.560499999999999,0.163,308.0,1.299,-1.1575,7.3025,0.367,307.879,1.584,-0.7775,8.4905,-0.6145,307.534,0.663,0.007500000000000007,8.762,-0.5725,307.618,0.712,1.072,9.442,-0.5715,307.421,1.221,0.967,8.8675,0.5489999999999999,307.829,1.611,
0.359,5.724,0.082,307.913,1.159,-0.29500000000000004,7.045999999999999,0.449,308.051,1.576,-0.74,7.2835,0.6074999999999999,308.173,1.673,-0.9215,7.242,0.6950000000000001,308.21,1.842,-0.656,8.149000000000001,0.4065,307.99,1.616,-0.003500000000000003,8.243,0.40700000000000003,307.911,1.658,1.0305,8.905000000000001,0.1245,307.963,1.588,1.9825,9.289000000000001,-0.389,307.826,1.036,1.6655,8.633,0.172,308.024,1.49,0.20450000000000002,6.775,0.771,308.279,1.891,-1.0055,6.8525,-0.217,307.833,1.115,-1.3225,7.197,0.36750000000000005,307.956,1.455,-0.5910000000000001,8.802499999999998,-0.593,307.503,0.648,0.696,9.4585,-0.5205,307.536,0.746,1.0255,9.096499999999999,0.42000000000000004,307.778,1.631,-0.265,8.161,0.677,308.077,1.481,
1.4985,5.9815000000000005,-0.16949999999999998,307.739,1.202,1.203,6.122999999999999,0.03,307.953,1.182,0.611,5.8565000000000005,0.289,308.057,1.055,0.1015,5.5345,0.4965,308.172,1.255,-0.0915,6.3695,0.39849999999999997,308.115,1.294,0.046,6.48,0.703,308.248,1.638,0.7355,7.775,0.5845,308.191,1.861,1.611,9.075,-0.29800000000000004,307.907,0.944,1.456,8.108,-0.2195,307.972,1.169,0.31899999999999995,6.6685,0.744,308.199,1.973,-0.5995,7.4745,-0.27249999999999996,307.762,1.249,-0.7715000000000001,7.5344999999999995,0.2735,307.958,1.62,-0.05399999999999999,8.8635,-0.5845,307.608,0.671,0.5465,9.622,0.131,307.78,1.042,-0.28350000000000003,8.044,0.968,308.154,1.473,-1.453,7.7595,0.048,307.952,1.027,
1.3075,6.672000000000001,0.003999999999999998,307.847,1.29,1.655,6.105,-0.313,307.796,1.204,1.5645,5.411,-0.237,307.772,0.801,1.3094999999999999,4.878,0.0065,307.863,0.959,0.9440000000000001,5.148,-0.012499999999999999,307.872,0.942,0.17750000000000002,5.152,0.4955,308.151,1.153,-0.124,6.397,0.8285,308.248,1.665,0.7625000000000001,8.51,-0.3705,307.824,0.74,1.4105,7.788,-0.399,307.802,1.084,0.8155000000000001,6.3235,0.877,308.266,1.931,0.07450000000000001,7.853,0.010499999999999999,307.863,1.096,0.1185,7.756,0.4665,308.033,1.579,0.5449999999999999,8.701,-0.494,307.743,0.58,-0.1255,9.192,0.5285,308.058,0.925,-1.6175000000000002,7.2875,1.0005,308.197,0.986,-1.747,7.9190000000000005,-0.323,307.675,0.81,
0.567,7.271,0.136,307.952,1.19,1.1219999999999999,6.651,-0.021999999999999995,307.89,1.481,1.472,6.0695,-0.49850000000000005,307.667,0.798,1.593,5.583,-0.4295,307.68,0.772,1.4865,5.352,-0.3285,307.692,0.844,0.36349999999999993,5.0825,0.0635,307.878,0.84,-0.638,5.73,0.8025,308.162,1.412,0.26049999999999995,7.7835,-0.34299999999999997,307.725,0.862,1.366,7.302,-0.0945,307.827,1.09,1.0175,5.6315,0.877,308.363,1.584,0.41900000000000004,7.5675,0.177,307.97,0.777,0.6375,7.342499999999999,0.5269999999999999,308.11,1.196,1.1965,8.241,-0.34650000000000003,307.886,0.691,0.33199999999999996,8.528,0.249,308.083,0.599,-1.314,7.117,0.725,308.129,0.694,-1.2269999999999999,8.157499999999999,0.091,307.765,1.004,
0.254,7.5525,-0.051500000000000004,307.847,0.722,0.5369999999999999,7.162,0.27949999999999997,308.06,1.51,1.0625,7.1655,-0.252,307.727,1.1,1.495,7.0634999999999994,-0.5565,307.61,0.728,1.6595,6.579000000000001,-0.3145,307.695,0.832,0.7689999999999999,5.915,-0.3435,307.704,0.656,-0.27949999999999997,5.92,0.61,308.091,1.328,0.29150000000000004,7.1594999999999995,-0.08650000000000001,307.838,1.185,0.8845000000000001,6.8395,0.0795,307.952,0.894,0.39,5.3115000000000006,0.45399999999999996,308.269,1.143,0.0435,7.1035,-0.1255,307.955,0.558,0.5,7.059,-0.0055,308.066,0.927,1.596,7.9575,-0.2375,307.947,1.063,1.713,8.189,-0.35350000000000004,307.914,0.493,0.4715,7.4055,0.277,307.972,0.567,-0.281,8.1965,0.5815,307.961,0.992,
0.5875,7.7325,-0.5205,307.666,0.164,0.6445000000000001,7.6345,-0.218,307.964,0.883,0.993,8.042,0.149,307.954,1.524,1.359,8.464,-0.2025,307.691,1.034,1.577,7.935499999999999,-0.031,307.779,1.016,1.1455,6.9,-0.601,307.668,0.545,0.2905,6.532,0.3915,308.063,1.252,0.1785,6.929,0.25,308.047,1.486,0.069,6.9485,-0.34199999999999997,307.942,0.443,-0.3065,5.962,-0.2335,308.024,0.773,-0.16799999999999998,7.3925,-0.657,307.779,0.438,0.48000000000000004,7.6805,-0.463,307.833,0.969,1.6295000000000002,8.128,0.101,307.982,1.386,2.4480000000000004,8.361999999999998,-0.5115,307.774,0.977,1.7725,7.8645,0.1975,307.834,0.901,0.2865,8.296,0.7244999999999999,308.039,1.345,
1.5594999999999999,8.326,-0.931,307.568,0.103,1.8820000000000001,8.4525,-1.0195,307.703,0.372,1.7295,8.4295,0.38949999999999996,308.075,1.7,1.2595,9.2065,0.3675,307.982,1.472,1.1825,8.693,0.1975,307.967,1.244,1.227,7.5245,-0.77,307.707,0.49,0.506,7.138,0.20350000000000001,308.066,1.094,-0.2925,7.147,0.5695,308.207,1.483,-0.45999999999999996,7.712,-1.084,307.88,0.278,-0.09299999999999999,7.3405,-0.6955,307.764,0.73,0.6475000000000001,8.4345,-0.7025,307.579,0.692,1.2005,8.281,-0.0505,307.786,1.37,1.575,7.9505,0.477,308.101,1.563,1.967,8.2165,-0.06,307.842,1.258,1.305,7.734999999999999,0.4615,307.959,1.251,-0.15600000000000003,8.174,0.716,308.066,1.56,
2.5185,9.076,-0.5955,307.564,0.838,3.2725,9.4315,-0.891,307.446,0.218,2.467,8.3065,0.6985,308.155,1.787,0.9115,9.264,0.6315,308.273,1.756,0.5315,8.8305,0.0415,308.055,1.269,1.0414999999999999,7.848,-0.7484999999999999,307.723,0.573,0.38949999999999996,7.6825,-0.1015,308.049,0.904,-0.7735,7.6965,0.7855000000000001,308.321,1.535,-0.38349999999999995,8.6165,-1.0035,307.8,0.198,0.805,8.573,-0.484,307.78,1.089,1.514,8.956,-0.0675,307.747,1.335,1.4935,7.574,0.5995,308.094,1.753,1.2265,6.892,0.374,308.11,1.316,1.1815,7.1585,0.172,307.928,1.386,0.5205,6.774,0.4075,308.037,1.474,-0.4865,7.380000000000001,0.5345,308.075,1.518,
2.5775,8.788,0.184,307.864,1.287,2.9539999999999997,9.497,-0.07550000000000001,307.683,1.204,1.569,7.66,0.8644999999999999,308.407,1.729,-0.011499999999999982,8.664,0.606,308.346,2.064,-0.0014999999999999736,8.6235,-0.1265,307.965,1.36,0.988,7.9975,-0.457,307.824,0.844,0.6935,8.2165,-0.548,307.95,0.659,-0.5429999999999999,8.374,0.644,308.393,1.506,-0.17049999999999998,8.698,0.104,308.103,1.61,0.9265,8.573,0.1005,308.111,1.519,1.0150000000000001,8.112,0.4345,308.119,1.578,0.541,6.0969999999999995,0.5609999999999999,308.242,1.576,0.49649999999999994,5.7940000000000005,-0.1405,307.913,0.742,0.9584999999999999,6.107,-0.181,307.849,0.891,1.024,5.890000000000001,-0.038000000000000006,307.909,0.977,0.469,6.454000000000001,0.08299999999999999,307.932,1.025,
1.5514999999999999,8.219,0.3785,308.123,1.451,1.411,9.132,0.147,308.035,1.303,0.09850000000000003,7.208,0.5405,308.454,1.546,-0.7284999999999999,8.179,0.5555,308.381,1.931,-0.19399999999999998,8.445,0.189,308.042,1.68,1.0965,8.017,-0.2965,307.961,0.924,1.7055,8.47,-0.853,307.828,0.495,0.742,8.71,0.261,308.286,1.29,-0.0175,8.396,0.8705,308.576,1.962,0.07250000000000001,8.133,0.383,308.341,1.61,-0.10600000000000001,7.353,0.241,308.248,1.322,-0.2355,5.381,0.064,308.135,1.346,0.268,5.417,-0.641,307.713,0.544,1.1615,5.79,-0.6305000000000001,307.654,0.61,1.92,5.634,-0.3785,307.727,0.882,1.8745,6.101,-0.32799999999999996,307.695,0.877,
0.047000000000000014,9.148,-0.8260000000000001,307.657,0.533,-0.9520000000000001,7.5329999999999995,1.131,307.984,1.584,-1.074,8.4115,-0.3005,307.478,1.1,-0.04450000000000004,8.751000000000001,-0.9075,307.434,0.86,1.1525,8.873000000000001,-0.6759999999999999,307.376,0.496,1.9225,7.789,-0.9655,307.332,0.314,1.835,6.3605,0.1295,307.703,1.264,0.9995,5.916,0.08299999999999999,307.867,1.099,-0.0295,7.5035,0.3605,307.887,1.064,-0.139,8.4695,0.6180000000000001,307.879,1.615,0.6795,8.546,0.1835,307.692,1.646,0.6735,8.970500000000001,0.7295,307.808,1.741,-0.2765,7.513,0.7404999999999999,307.807,1.464,-0.7375,7.1015,-0.3935,307.439,0.925,-0.5415,6.9155,-0.036000000000000004,307.601,1.28,-0.0010000000000000009,7.779,-0.219,307.555,0.977,
0.458,9.157499999999999,-1.2405,307.449,0.325,-0.6015,7.9195,1.1935,307.977,1.537,-0.9975,8.868,0.14550000000000002,307.638,1.262,-0.139,9.128,-0.5589999999999999,307.442,1.035,0.845,9.1935,-0.714,307.341,0.675,1.4714999999999998,8.292,-0.7915,307.38,0.817,1.6589999999999998,6.981,0.07400000000000001,307.81,1.31,1.563,6.434,-0.5045,307.792,0.886,1.119,7.4005,-0.4435,307.753,0.607,0.759,7.9355,0.133,307.887,1.411,0.577,7.6065000000000005,0.921,308.054,2.0,-0.18200000000000002,7.898,0.7115,308.036,1.515,-0.965,6.923500000000001,0.5305,307.798,1.372,-0.8055,7.1455,-0.509,307.397,0.982,-0.2,7.287,-0.2025,307.544,1.135,0.44899999999999995,8.1935,-0.3175,307.496,0.723,
0.31,9.1815,-0.7045,307.375,1.111,-0.8230000000000001,8.098,0.937,307.991,1.386,-1.4100000000000001,8.735,0.157,307.79,1.29,-0.6425000000000001,8.9025,-0.1335,307.607,1.142,0.296,9.241,-0.33299999999999996,307.449,1.167,0.854,8.661000000000001,-0.056999999999999995,307.609,1.295,1.0865,7.765,-0.0375,307.87,1.261,1.365,7.4335,-0.6950000000000001,307.76,0.742,1.6724999999999999,8.0215,-1.042,307.611,0.25,1.4795,7.864,-0.099,307.687,1.442,0.47000000000000003,6.879,1.1225,308.117,1.771,-0.6435000000000001,7.1945,0.0545,307.881,1.047,-1.048,6.751,0.311,307.821,1.272,-0.6235,7.3645,-0.39749999999999996,307.499,1.083,0.0845,7.719,-0.3055,307.527,0.851,0.8995,8.6055,-0.778,307.422,0.356,
-0.622,8.763,0.36050000000000004,307.669,1.842,-1.3760000000000001,8.1575,0.22399999999999998,307.862,1.181,-1.448,8.402000000000001,-0.40800000000000003,307.685,1.111,-0.5995,8.5845,-0.2885,307.693,1.143,0.07,8.943999999999999,-0.066,307.69,1.272,0.30200000000000005,8.5745,0.2955,307.813,1.247,0.5605,8.355,-0.231,307.838,1.167,1.2675,8.309,-0.5835,307.762,0.636,2.0325,8.7765,-1.135,307.518,0.106,1.6320000000000001,7.9155,0.368,307.701,1.62,0.1755,6.7105,1.0470000000000002,308.063,1.612,-0.7104999999999999,7.2455,-0.38,307.624,1.202,-0.8,7.208,-0.054,307.78,1.062,-0.453,7.776,-0.1875,307.624,1.085,0.321,8.1515,-0.7210000000000001,307.5,0.485,1.3425,8.983,-1.1315,307.328,0.313,
-1.524,7.7135,0.998,308.034,1.933,-1.6549999999999998,8.3315,-0.08399999999999999,307.645,1.339,-1.034,8.5095,-0.4585,307.521,1.274,-0.1975,8.806000000000001,-0.302,307.602,1.355,0.118,8.9185,-0.2535,307.72,1.19,0.1155,8.685,-0.154,307.741,0.806,0.556,8.781500000000001,-0.4285,307.751,1.009,1.5685,8.747499999999999,-0.5940000000000001,307.722,0.63,2.1935000000000002,9.24,-0.629,307.466,0.437,1.225,7.683999999999999,0.9490000000000001,307.965,1.825,-0.3225,6.702500000000001,0.769,308.028,1.567,-0.768,7.4975,-0.0645,307.624,1.431,-0.6325000000000001,7.989,-0.5035000000000001,307.651,0.691,-0.32999999999999996,8.303,-0.276,307.647,0.837,0.6155,8.8215,-1.196,307.446,0.302,1.5015,9.202,-0.446,307.362,1.046,
-1.204,6.5355,0.8225,308.099,1.509,-1.4025,8.207,0.36850000000000005,307.78,1.635,-0.99,8.519,0.33699999999999997,307.775,1.61,-0.5055000000000001,8.7665,0.39,307.782,1.751,-0.17450000000000002,9.089,-0.059,307.661,1.42,0.148,9.015,-0.20400000000000001,307.541,1.046,0.9135,9.151,-0.377,307.708,1.196,1.9060000000000001,9.0055,-0.6685,307.684,0.802,1.9755,9.171,0.07400000000000001,307.718,1.513,0.6,7.2185,1.13,308.205,1.942,-0.781,6.696,0.273,307.939,1.292,-1.0195,7.385999999999999,0.43000000000000005,307.804,1.558,-0.594,8.5155,-0.7290000000000001,307.516,0.515,0.1555,8.914,-0.7305,307.577,0.52,1.0835,9.418,-0.7230000000000001,307.413,1.101,1.0135,8.943999999999999,0.6945,307.752,1.517,
0.229,5.898999999999999,0.1585,307.861,1.135,-0.39949999999999997,7.364,0.5895,307.969,1.593,-0.7785,7.5415,0.817,308.09,1.647,-0.8965,7.5169999999999995,0.916,308.119,1.832,-0.6085,8.345,0.5345,307.907,1.557,0.046999999999999986,8.3755,0.5255,307.821,1.613,1.0835,8.9945,0.0975,307.866,1.54,1.9935,9.1855,-0.517,307.761,0.913,1.67,8.663,0.237,307.964,1.426,0.247,6.9,0.9904999999999999,308.207,1.953,-0.9035,6.955,-0.20950000000000002,307.785,1.083,-1.1385,7.2575,0.42200000000000004,307.89,1.437,-0.4555,8.625,-0.704,307.519,0.5,0.7055,9.437999999999999,-0.681,307.546,0.655,1.045,9.154,0.5075000000000001,307.718,1.638,-0.09749999999999998,8.344999999999999,0.94,308.004,1.394,
1.3664999999999998,6.0695,-0.244,307.674,1.185,1.0695,6.4895,0.06,307.89,1.17,0.505,6.1835,0.437,308.006,0.991,0.014499999999999999,5.8215,0.6785,308.111,1.223,-0.1555,6.6345,0.5685,308.051,1.251,0.049500000000000016,6.691,0.9445,308.173,1.641,0.8155000000000001,7.915,0.7125,308.105,1.863,1.645,9.0635,-0.381,307.851,0.824,1.4655,8.1845,-0.2535,307.92,1.104,0.3785,6.8100000000000005,0.9155,308.119,2.049,-0.5045,7.496499999999999,-0.286,307.713,1.218,-0.637,7.567,0.2645,307.883,1.623,-0.012500000000000011,8.6125,-0.6970000000000001,307.625,0.523,0.5329999999999999,9.5555,0.1215,307.745,0.979,-0.18,8.17,1.24,308.093,1.522,-1.283,7.9335,0.1495,307.906,0.909,
1.2855,6.7524999999999995,-0.07050000000000001,307.768,1.273,1.6295000000000002,6.3685,-0.4335,307.734,1.18,1.4945,5.6945,-0.245,307.732,0.73,1.2195,5.1085,0.0215,307.817,0.903,0.843,5.383,0.011000000000000001,307.826,0.878,0.17800000000000002,5.368,0.6819999999999999,308.095,1.128,0.033,6.551,1.0575,308.174,1.69,0.841,8.572,-0.44899999999999995,307.784,0.572,1.3845,7.868,-0.527,307.754,1.008,0.8375,6.522,1.077,308.176,2.004,0.14850000000000002,7.859,0.040499999999999994,307.81,1.127,0.20900000000000002,7.852,0.498,307.947,1.658,0.5465,8.540500000000002,-0.607,307.736,0.503,-0.09499999999999997,9.204,0.6615,308.018,0.883,-1.4475,7.406499999999999,1.3035,308.158,1.014,-1.6019999999999999,7.9665,-0.398,307.638,0.742,
0.607,7.439500000000001,0.1305,307.879,1.133,1.181,6.837,-0.1565,307.802,1.458,1.4115,6.2364999999999995,-0.6115,307.617,0.695,1.4489999999999998,5.737,-0.5529999999999999,307.629,0.678,1.327,5.499499999999999,-0.4485,307.638,0.769,0.3195,5.2275,0.1005,307.819,0.777,-0.5609999999999999,5.8469999999999995,1.046,308.1,1.404,0.2385,7.8635,-0.443,307.675,0.738,1.3025,7.470000000000001,-0.18,307.771,1.011,1.0565,5.945499999999999,1.084,308.277,1.626,0.5255,7.7095,0.23299999999999998,307.926,0.772,0.7759999999999999,7.5925,0.612,308.041,1.276,1.2305,8.2535,-0.476,307.859,0.668,0.3155,8.654,0.347,308.059,0.558,-1.242,7.2405,0.967,308.101,0.687,-1.149,8.145,0.07350000000000001,307.718,0.98,
0.2195,7.8265,-0.040999999999999995,307.801,0.582,0.6355,7.426,0.222,307.964,1.47,1.053,7.26,-0.3965,307.659,1.025,1.3085,7.1155,-0.7335,307.557,0.58,1.4465,6.63,-0.467,307.62,0.692,0.6519999999999999,5.9465,-0.4365,307.645,0.543,-0.34750000000000003,5.994,0.8095,308.031,1.305,0.1765,7.2545,-0.1895,307.758,1.115,0.871,7.1815,0.07100000000000001,307.887,0.799,0.513,5.7905,0.5395,308.197,1.127,0.1895,7.4190000000000005,-0.129,307.929,0.45,0.669,7.3825,-0.0225,308.02,0.883,1.685,8.074000000000002,-0.404,307.911,1.017,1.6605,8.3305,-0.42000000000000004,307.905,0.435,0.4015000000000001,7.5075,0.384,307.957,0.537,-0.2565,8.232,0.706,307.919,1.004,
0.449,8.0,-0.571,307.658,0.123,0.6275,7.9719999999999995,-0.27849999999999997,307.906,0.769,1.0419999999999998,8.201,0.0695,307.856,1.49,1.3485,8.4725,-0.299,307.622,0.92,1.5074999999999998,7.9615,-0.121,307.692,0.894,1.0215,6.827,-0.7445,307.632,0.401,0.1685,6.5675,0.5275,308.008,1.213,0.17,7.044499999999999,0.212,307.961,1.474,0.194,7.3685,-0.3585,307.896,0.334,-0.192,6.468500000000001,-0.319,307.963,0.645,-0.1745,7.692,-0.7835,307.794,0.296,0.46749999999999997,7.9055,-0.613,307.806,0.893,1.6955,8.248000000000001,0.018000000000000002,307.927,1.342,2.455,8.3845,-0.6605,307.755,0.864,1.7305,7.9005,0.25,307.807,0.79,0.382,8.383,0.9115,307.99,1.302,
1.4285,8.3795,-1.0845,307.587,0.1,1.6749999999999998,8.59,-1.194,307.731,0.217,1.6869999999999998,8.6145,0.438,307.986,1.674,1.3845,9.272,0.45699999999999996,307.891,1.401,1.286,8.801,0.2,307.875,1.135,1.153,7.401,-0.921,307.72,0.252,0.4625,7.153499999999999,0.269,308.014,1.026,-0.10500000000000001,7.2445,0.6625,308.13,1.479,-0.281,7.948499999999999,-1.2185000000000001,307.891,0.176,-0.127,7.5685,-0.899,307.737,0.613,0.4245,8.537500000000001,-0.867,307.594,0.339,1.0005000000000002,8.423,-0.10900000000000001,307.729,1.309,1.573,8.132,0.5880000000000001,308.025,1.514,2.0255,8.239,-0.10950000000000001,307.791,1.163,1.3780000000000001,7.8355,0.599,307.901,1.152,0.0025000000000000022,8.3515,0.9349999999999999,308.007,1.509,
2.5455,8.898,-0.7405,307.591,0.4,3.0825,9.235,-1.081,307.518,0.108,2.4,8.4155,0.9005000000000001,308.094,1.741,1.099,9.4105,0.84,308.176,1.721,0.71,9.002500000000001,0.054000000000000006,307.967,1.178,0.992,7.7155000000000005,-0.9065,307.742,0.287,0.43650000000000005,7.72,-0.138,307.991,0.79,-0.503,7.776999999999999,0.9905,308.255,1.519,-0.28600000000000003,8.5775,-1.2075,307.854,0.107,0.667,8.5105,-0.669,307.724,0.973,1.333,8.964500000000001,-0.08149999999999999,307.682,1.23,1.406,7.7865,0.7605,308.011,1.716,1.262,7.231,0.5485,308.043,1.249,1.24,7.4465,0.2015,307.863,1.295,0.5660000000000001,7.1135,0.556,307.976,1.399,-0.443,7.7235,0.738,308.011,1.459,
2.693,8.6995,0.192,307.826,1.187,2.9265,9.283000000000001,-0.0935,307.661,1.078,1.6115,7.7620000000000005,1.1635,308.343,1.688,0.183,8.86,0.8240000000000001,308.259,2.061,0.14350000000000002,8.764,-0.14650000000000002,307.882,1.307,0.9045000000000001,7.901,-0.5800000000000001,307.775,0.71,0.6075,8.293,-0.694,307.888,0.487,-0.488,8.5155,0.85,308.326,1.449,-0.16899999999999998,8.6485,0.099,308.071,1.591,0.8705,8.5745,0.072,308.025,1.459,1.041,8.2355,0.595,308.043,1.528,0.6585,6.3629999999999995,0.736,308.164,1.589,0.602,6.1899999999999995,-0.0875,307.87,0.616,0.9870000000000001,6.6375,-0.22849999999999998,307.786,0.786,0.95,6.4079999999999995,-0.025500000000000002,307.846,0.891,0.33499999999999996,6.9175,0.16,307.87,0.947,
1.6535000000000002,8.288,0.44799999999999995,308.051,1.369,1.428,9.041,0.2215,307.983,1.18,0.1295,7.345,0.7595000000000001,308.389,1.538,-0.6100000000000001,8.391,0.763,308.3,1.948,-0.05650000000000002,8.551,0.243,307.957,1.656,1.095,7.954,-0.377,307.889,0.798,1.502,8.563,-1.0514999999999999,307.819,0.282,0.5259999999999999,8.905,0.3825,308.238,1.157,-0.0655,8.441,1.124,308.496,1.981,0.17800000000000002,8.272,0.478,308.258,1.589,0.09000000000000001,7.57,0.381,308.183,1.329,-0.0275,5.633,0.022,308.069,1.335,0.395,5.784,-0.727,307.712,0.45,1.1755,6.376,-0.7715,307.615,0.475,1.823,6.186,-0.484,307.652,0.768,1.724,6.59,-0.389,307.623,0.76,
0.20900000000000002,9.2675,-0.94,307.629,0.378,-0.5185000000000001,7.6235,1.342,307.93,1.596,-0.6065,8.29,-0.40149999999999997,307.512,1.033,0.209,8.704,-1.0605,307.45,0.781,1.141,8.964500000000001,-0.8105,307.375,0.321,1.7275,7.784000000000001,-1.0739999999999998,307.392,0.108,1.694,6.354,0.096,307.666,1.219,0.9525,6.041,0.10550000000000001,307.817,1.053,-0.05149999999999999,7.718999999999999,0.5085,307.844,0.996,-0.14100000000000001,8.5545,0.7370000000000001,307.824,1.573,0.6805,8.4085,0.1325,307.651,1.625,0.7195,8.984,0.883,307.757,1.683,-0.218,7.628,0.946,307.757,1.429,-0.732,7.2005,-0.4045,307.407,0.858,-0.528,7.0285,-0.11,307.542,1.233,0.035,7.858499999999999,-0.2855,307.505,0.885,
0.507,9.187,-1.4175,307.462,0.109,-0.3305,8.0085,1.4435,307.926,1.51,-0.5725,8.8005,0.11750000000000001,307.614,1.17,0.15899999999999997,9.0185,-0.6719999999999999,307.453,0.945,0.8825,9.1475,-0.8300000000000001,307.374,0.478,1.3345,8.233,-0.9165,307.405,0.588,1.5885,7.0225,0.0030000000000000027,307.761,1.267,1.454,6.569,-0.6145,307.744,0.803,0.848,7.67,-0.456,307.718,0.49,0.5535,8.187999999999999,0.16599999999999998,307.84,1.381,0.5985,7.6975,1.0555,307.984,2.029,-0.01849999999999996,8.0465,0.9215,307.981,1.493,-0.8375,7.0175,0.6595,307.75,1.336,-0.7665000000000001,7.184,-0.567,307.361,0.907,-0.164,7.3955,-0.3315,307.485,1.058,0.4495,8.3425,-0.38249999999999995,307.452,0.595,
0.3085,9.133,-0.847,307.365,0.816,-0.748,8.225,1.1909999999999998,307.944,1.331,-1.1925000000000001,8.7755,0.177,307.743,1.204,-0.449,8.825500000000002,-0.1815,307.57,1.041,0.3205,9.132000000000001,-0.39449999999999996,307.424,1.072,0.794,8.628,-0.096,307.565,1.214,1.076,7.856,-0.1095,307.81,1.206,1.1684999999999999,7.560499999999999,-0.8545,307.709,0.617,1.2254999999999998,8.208,-1.17,307.594,0.166,1.1604999999999999,8.0595,-0.1375,307.654,1.418,0.45,7.0235,1.359,308.055,1.805,-0.5045,7.3614999999999995,0.14250000000000002,307.845,0.977,-0.882,6.848000000000001,0.336,307.765,1.241,-0.5105,7.394500000000001,-0.477,307.451,0.993,0.15250000000000002,7.839,-0.4205,307.471,0.74,0.865,8.754,-0.872,307.397,0.232,
-0.5495,8.788,0.3935,307.609,1.808,-1.3315,8.258,0.356,307.824,1.123,-1.3915,8.443999999999999,-0.46599999999999997,307.646,1.037,-0.5485,8.569,-0.3695,307.641,1.061,0.08900000000000002,8.9165,-0.0945,307.633,1.199,0.35550000000000004,8.6625,0.34099999999999997,307.75,1.169,0.632,8.493500000000001,-0.3085,307.775,1.08,1.137,8.394,-0.7210000000000001,307.713,0.488,1.698,8.784500000000001,-1.3035,307.54,0.1,1.422,7.9775,0.4205,307.661,1.597,0.17099999999999999,6.801500000000001,1.302,308.009,1.613,-0.63,7.337,-0.431,307.585,1.147,-0.6305000000000001,7.346500000000001,-0.10849999999999999,307.722,0.999,-0.273,7.89,-0.2675,307.56,0.987,0.3965,8.244,-0.837,307.464,0.354,1.266,9.0205,-1.305,307.352,0.108,
-1.3525,7.865,1.2095,307.969,1.932,-1.5095,8.3465,-0.08549999999999999,307.603,1.295,-0.9735,8.468,-0.5675,307.475,1.212,-0.1885,8.816500000000001,-0.41100000000000003,307.535,1.295,0.1575,8.9675,-0.3265,307.66,1.102,0.239,8.812999999999999,-0.1735,307.688,0.689,0.6905,8.910499999999999,-0.5415,307.691,0.871,1.5825,8.727,-0.7135,307.7,0.439,2.069,9.118500000000001,-0.7404999999999999,307.489,0.115,1.155,7.7075,1.1485,307.917,1.814,-0.2855,6.782,0.9805,307.975,1.568,-0.711,7.535,-0.107,307.571,1.379,-0.4975,8.088000000000001,-0.589,307.608,0.566,-0.14850000000000002,8.472,-0.371,307.584,0.712,0.6655000000000001,8.8085,-1.3664999999999998,307.462,0.108,1.4260000000000002,9.16,-0.5609999999999999,307.358,0.757,
-1.1365,6.7415,1.06,308.047,1.505,-1.3,8.288499999999999,0.4145,307.719,1.602,-0.915,8.5335,0.3735,307.708,1.558,-0.448,8.8575,0.4265,307.701,1.706,-0.0975,9.155999999999999,-0.0985,307.596,1.35,0.265,9.081,-0.247,307.488,0.94,1.0310000000000001,9.2075,-0.501,307.644,1.082,1.953,8.8645,-0.8089999999999999,307.662,0.676,1.944,9.0595,0.087,307.685,1.421,0.5905,7.279999999999999,1.388,308.152,1.962,-0.7035,6.798,0.39,307.892,1.278,-0.886,7.425,0.474,307.748,1.522,-0.4295,8.443999999999999,-0.815,307.523,0.351,0.27499999999999997,8.961500000000001,-0.877,307.565,0.345,1.0765,9.3415,-0.8580000000000001,307.426,0.799,1.0365,8.959,0.8140000000000001,307.697,1.419,
0.11250000000000002,6.0675,0.257,307.823,1.101,-0.473,7.6575,0.7085,307.905,1.593,-0.7929999999999999,7.7515,1.0165,308.027,1.601,-0.8685,7.7325,1.1255000000000002,308.05,1.801,-0.562,8.4815,0.6559999999999999,307.845,1.485,0.101,8.453,0.6365,307.755,1.557,1.13,9.026499999999999,0.0595,307.795,1.479,1.9929999999999999,9.035,-0.645,307.719,0.797,1.661,8.6455,0.3045,307.921,1.365,0.278,6.99,1.196,308.152,1.999,-0.8035,7.035500000000001,-0.179,307.749,1.05,-0.954,7.2940000000000005,0.4535,307.839,1.411,-0.31500000000000006,8.393,-0.7849999999999999,307.566,0.341,0.7150000000000001,9.318999999999999,-0.8275,307.59,0.476,1.0390000000000001,9.151,0.5780000000000001,307.679,1.634,0.04849999999999999,8.48,1.1895,307.949,1.29,
1.202,6.165,-0.3075,307.627,1.157,0.9179999999999999,6.898,0.087,307.841,1.146,0.40149999999999997,6.5489999999999995,0.5915,307.969,0.923,-0.059500000000000004,6.085,0.861,308.066,1.179,-0.20400000000000001,6.859999999999999,0.744,308.003,1.199,0.053500000000000006,6.857,1.1804999999999999,308.116,1.626,0.87,8.001,0.8180000000000001,308.041,1.851,1.656,9.0025,-0.46199999999999997,307.811,0.72,1.4655,8.225000000000001,-0.27,307.882,1.044,0.43499999999999994,6.917999999999999,1.0614999999999999,308.057,2.105,-0.40850000000000003,7.5085,-0.27249999999999996,307.676,1.186,-0.51,7.583500000000001,0.22849999999999998,307.824,1.612,0.025499999999999995,8.355,-0.7849999999999999,307.669,0.359,0.5145,9.423,0.10600000000000001,307.738,0.918,-0.08050000000000002,8.252,1.4905,308.046,1.554,-1.088,8.090499999999999,0.2675,307.87,0.785,
1.2145000000000001,6.8225,-0.1645,307.707,1.242,1.5505,6.6835,-0.5415,307.684,1.14,1.4024999999999999,6.071,-0.2345,307.698,0.655,1.1265,5.356,0.040499999999999994,307.782,0.838,0.742,5.621,0.0445,307.792,0.805,0.167,5.5634999999999994,0.8694999999999999,308.053,1.092,0.1685,6.6685,1.264,308.118,1.703,0.9115,8.5795,-0.5115000000000001,307.759,0.426,1.359,7.9185,-0.641,307.719,0.937,0.863,6.6815,1.2435,308.105,2.054,0.225,7.8495,0.08549999999999999,307.768,1.142,0.28300000000000003,7.913,0.4915,307.877,1.709,0.538,8.3905,-0.7025,307.752,0.369,-0.05400000000000005,9.1805,0.7809999999999999,307.99,0.832,-1.237,7.4965,1.5925,308.128,1.039,-1.395,7.999,-0.4555,307.626,0.661,
0.6214999999999999,7.547499999999999,0.1005,307.824,1.06,1.183,7.009,-0.3005,307.735,1.412,1.3014999999999999,6.4685,-0.696,307.582,0.597,1.2625,5.9215,-0.6595,307.589,0.573,1.1324999999999998,5.6635,-0.5625,307.597,0.685,0.259,5.358,0.14100000000000001,307.775,0.706,-0.483,5.9384999999999994,1.2719999999999998,308.054,1.383,0.23199999999999998,7.895,-0.521,307.652,0.628,1.2415,7.5985,-0.28400000000000003,307.732,0.928,1.084,6.228,1.258,308.21,1.645,0.6194999999999999,7.7985,0.2885,307.893,0.758,0.8925000000000001,7.789,0.6615,307.983,1.331,1.2575,8.268,-0.5980000000000001,307.848,0.636,0.322,8.756,0.444,308.042,0.516,-1.12,7.3385,1.2025000000000001,308.08,0.675,-1.0175,8.097999999999999,0.048,307.689,0.946,
0.21250000000000002,8.0055,-0.0345,307.771,0.443,0.6910000000000001,7.599,0.129,307.891,1.408,0.974,7.355499999999999,-0.536,307.617,0.945,1.0605,7.181,-0.8895,307.537,0.431,1.174,6.675,-0.6185,307.581,0.555,0.5075000000000001,5.9544999999999995,-0.517,307.607,0.423,-0.41300000000000003,6.0435,1.0010000000000001,307.987,1.268,0.0625,7.305,-0.28600000000000003,307.704,1.033,0.8460000000000001,7.4565,0.0295,307.84,0.699,0.6225,6.236,0.608,308.141,1.083,0.33499999999999996,7.645,-0.1295,307.911,0.364,0.8334999999999999,7.6615,-0.045,307.983,0.841,1.755,8.1795,-0.5785,307.888,0.973,1.6045,8.453,-0.46599999999999997,307.901,0.382,0.356,7.592,0.5005000000000001,307.946,0.508,-0.2165,8.232,0.8125,307.887,1.004,
0.39149999999999996,8.198,-0.598,307.654,0.103,0.6485,8.1965,-0.3415,307.865,0.661,1.0635000000000001,8.311,-0.036000000000000004,307.783,1.438,1.294,8.466000000000001,-0.39349999999999996,307.588,0.806,1.3935,7.949999999999999,-0.22200000000000003,307.643,0.768,0.8835,6.737,-0.863,307.632,0.265,0.04100000000000001,6.577,0.6635,307.968,1.165,0.10450000000000001,7.1095,0.1525,307.896,1.445,0.2695,7.7005,-0.3755,307.862,0.248,-0.07050000000000001,6.927,-0.38749999999999996,307.929,0.514,-0.1335,7.9115,-0.887,307.806,0.189,0.4895,8.1035,-0.7455,307.793,0.819,1.7334999999999998,8.337499999999999,-0.0935,307.887,1.292,2.424,8.387,-0.7885,307.745,0.759,1.6745,7.9115,0.30900000000000005,307.79,0.69,0.46499999999999997,8.4335,1.0815,307.953,1.26,
1.354,8.42,-1.1985000000000001,307.604,0.1,1.5465,8.667,-1.316,307.749,0.128,1.6709999999999998,8.7465,0.461,307.918,1.637,1.4914999999999998,9.3,0.5309999999999999,307.826,1.322,1.3595,8.850999999999999,0.182,307.808,1.017,1.0699999999999998,7.287,-1.034,307.747,0.105,0.393,7.1475,0.3275,307.976,0.958,0.0,7.295999999999999,0.7184999999999999,308.071,1.467,-0.1515,8.1275,-1.3005,307.898,0.119,-0.14150000000000001,7.756500000000001,-1.0645,307.743,0.433,0.245,8.589500000000001,-1.006,307.619,0.11,0.823,8.527000000000001,-0.169,307.697,1.242,1.553,8.2525,0.6665,307.968,1.453,2.057,8.2185,-0.165,307.753,1.071,1.4289999999999998,7.884,0.7250000000000001,307.859,1.052,0.16399999999999998,8.470500000000001,1.1375,307.964,1.453,
2.551,8.719000000000001,-0.8680000000000001,307.621,0.113,2.92,9.028,-1.222,307.583,0.1,2.3455,8.483,1.0845,308.051,1.693,1.259,9.504,1.0345,308.102,1.677,0.8520000000000001,9.1145,0.0565,307.901,1.078,0.934,7.5954999999999995,-1.025,307.769,0.107,0.465,7.7285,-0.1845,307.949,0.682,-0.265,7.817500000000001,1.157,308.204,1.499,-0.1805,8.5245,-1.3639999999999999,307.902,0.1,0.5505,8.408000000000001,-0.8445,307.703,0.703,1.1480000000000001,8.9205,-0.0935,307.644,1.132,1.2965,7.942,0.8999999999999999,307.95,1.667,1.2755,7.497,0.714,307.993,1.16,1.284,7.654,0.2085,307.815,1.196,0.6110000000000001,7.394,0.6950000000000001,307.932,1.299,-0.3715,8.0095,0.9315,307.965,1.385,
2.7695,8.5655,0.179,307.806,1.097,2.879,9.038499999999999,-0.108,307.662,0.972,1.6365,7.819,1.4485000000000001,308.298,1.643,0.351,8.994499999999999,1.034,308.193,2.044,0.2645,8.850000000000001,-0.16499999999999998,307.818,1.248,0.819,7.776,-0.687,307.75,0.595,0.5315,8.315999999999999,-0.8300000000000001,307.849,0.34,-0.40950000000000003,8.6125,1.033,308.277,1.388,-0.14150000000000001,8.5735,0.08499999999999999,308.059,1.574,0.8119999999999999,8.5145,0.0165,307.962,1.395,1.0365,8.307500000000001,0.7405,307.986,1.471,0.747,6.599,0.9015,308.103,1.587,0.7025,6.5375,-0.017,307.84,0.49,1.016,7.0634999999999994,-0.27949999999999997,307.741,0.662,0.8785,6.8815,-0.004000000000000001,307.8,0.78,0.22199999999999998,7.3685,0.24050000000000002,307.825,0.853,
1.732,8.282,0.488,307.999,1.278,1.43,8.892,0.2885,307.947,1.062,0.15850000000000003,7.433,0.976,308.341,1.521,-0.49549999999999994,8.54,0.9625,308.239,1.95,0.07100000000000004,8.605,0.2895,307.893,1.618,1.0805,7.834,-0.45599999999999996,307.834,0.667,1.293,8.59,-1.221,307.827,0.143,0.32699999999999996,9.053,0.502,308.206,1.03,-0.10450000000000001,8.439,1.349,308.437,1.984,0.275,8.34,0.546,308.194,1.554,0.2725,7.748,0.5095,308.132,1.326,0.154,5.885,-0.021,308.02,1.302,0.507,6.123,-0.786,307.717,0.371,1.186,6.853,-0.8875,307.599,0.352,1.7015,6.701,-0.571,307.601,0.641,1.542,7.096,-0.44,307.574,0.634,
0.394,9.31,-1.0225,307.615,0.243,0.020500000000000004,7.686999999999999,1.487,307.889,1.605,-0.0525,8.1075,-0.498,307.585,0.978,0.474,8.587,-1.1785,307.486,0.715,1.111,8.9485,-0.9199999999999999,307.412,0.143,1.5310000000000001,7.7735,-1.138,307.459,0.101,1.5590000000000002,6.336,0.025499999999999995,307.642,1.161,0.9,6.149,0.1325,307.78,0.995,-0.064,7.909000000000001,0.659,307.811,0.919,-0.122,8.576,0.819,307.785,1.527,0.6875,8.236,0.045,307.633,1.595,0.7525,8.952,1.0135,307.723,1.616,-0.16599999999999998,7.7165,1.15,307.72,1.388,-0.718,7.2895,-0.39,307.384,0.79,-0.506,7.114,-0.1925,307.498,1.173,0.07099999999999998,7.8895,-0.358,307.468,0.788,
0.5435,9.171,-1.5365,307.476,0.102,0.009500000000000008,8.066,1.642,307.889,1.486,-0.08650000000000001,8.6815,0.07,307.62,1.081,0.4635,8.846499999999999,-0.768,307.484,0.867,0.925,9.02,-0.9199999999999999,307.423,0.174,1.2254999999999998,8.175,-1.0025,307.449,0.196,1.5074999999999998,7.0515,-0.10849999999999999,307.727,1.208,1.2825,6.6995000000000005,-0.7,307.71,0.713,0.5415,7.913,-0.4385,307.69,0.364,0.35600000000000004,8.3915,0.181,307.805,1.344,0.6265000000000001,7.744,1.1355,307.931,2.039,0.14049999999999999,8.1545,1.1195,307.939,1.456,-0.6965,7.0955,0.7835,307.715,1.288,-0.7085,7.216,-0.6,307.335,0.827,-0.1335,7.4685,-0.4665,307.442,0.968,0.446,8.413,-0.44999999999999996,307.423,0.467,
0.296,9.058,-0.9605,307.371,0.248,-0.654,8.319500000000001,1.423,307.91,1.276,-0.9555,8.775500000000001,0.185,307.709,1.117,-0.24400000000000002,8.6975,-0.238,307.548,0.944,0.36650000000000005,8.968,-0.44699999999999995,307.422,0.998,0.746,8.5705,-0.135,307.542,1.128,1.0230000000000001,7.9155,-0.20900000000000002,307.767,1.139,0.924,7.678,-0.9835,307.67,0.485,0.782,8.3645,-1.2530000000000001,307.58,0.127,0.8554999999999999,8.222999999999999,-0.1795,307.639,1.383,0.4365,7.1434999999999995,1.5585,308.008,1.826,-0.3515,7.5075,0.2465,307.82,0.9,-0.6859999999999999,6.9275,0.332,307.722,1.199,-0.374,7.409000000000001,-0.5449999999999999,307.414,0.889,0.19999999999999998,7.9125,-0.5375,307.43,0.625,0.8094999999999999,8.825,-0.944,307.373,0.152,
-0.486,8.776499999999999,0.4095,307.57,1.765,-1.2835,8.341000000000001,0.5005,307.797,1.065,-1.3255,8.452,-0.5095000000000001,307.618,0.966,-0.48650000000000004,8.513,-0.45299999999999996,307.602,0.972,0.12,8.8445,-0.13,307.59,1.125,0.4,8.703,0.362,307.702,1.08,0.6565000000000001,8.584,-0.392,307.729,0.983,0.9630000000000001,8.4435,-0.839,307.676,0.334,1.3565,8.772,-1.4245,307.55,0.1,1.209,8.012,0.4635,307.638,1.568,0.1725,6.872,1.5335,307.968,1.603,-0.5225,7.4079999999999995,-0.4565,307.557,1.083,-0.44499999999999995,7.4405,-0.192,307.679,0.926,-0.11050000000000001,7.9605,-0.354,307.514,0.88,0.428,8.294,-0.9385,307.447,0.252,1.159,9.011,-1.4369999999999998,307.366,0.101,
-1.1680000000000001,7.975999999999999,1.3945,307.919,1.916,-1.323,8.342500000000001,-0.07700000000000001,307.573,1.246,-0.87,8.393,-0.6639999999999999,307.441,1.143,-0.17250000000000001,8.7865,-0.5195,307.486,1.221,0.1855,8.978,-0.39949999999999997,307.616,1.005,0.358,8.8935,-0.20500000000000002,307.653,0.562,0.8145,8.9925,-0.6445,307.649,0.717,1.5705,8.656,-0.8175,307.703,0.166,1.9220000000000002,8.969000000000001,-0.8205,307.522,0.103,1.0725,7.6975,1.332,307.883,1.799,-0.2475,6.835,1.178,307.934,1.557,-0.647,7.535,-0.14550000000000002,307.533,1.317,-0.384,8.1005,-0.669,307.581,0.441,-0.02149999999999999,8.558,-0.4685,307.542,0.584,0.6705,8.7595,-1.501,307.473,0.101,1.325,9.079,-0.665,307.371,0.232,
-1.0445,6.922000000000001,1.2934999999999999,308.008,1.492,-1.159,8.3255,0.434,307.673,1.56,-0.8125,8.491,0.395,307.658,1.496,-0.403,8.8955,0.4465,307.642,1.644,-0.044500000000000005,9.181999999999999,-0.138,307.552,1.273,0.3825,9.1025,-0.2915,307.469,0.824,1.1524999999999999,9.219,-0.6160000000000001,307.599,0.943,1.9885000000000002,8.6765,-0.9375,307.679,0.573,1.8955000000000002,8.905000000000001,0.1075,307.671,1.328,0.5695,7.3065,1.63,308.114,1.973,-0.629,6.872999999999999,0.51,307.856,1.256,-0.7545,7.4275,0.4945,307.706,1.477,-0.2885,8.285,-0.871,307.549,0.149,0.354,8.903500000000001,-1.002,307.572,0.191,1.043,9.217,-0.9715,307.453,0.24,1.035,8.922,0.9045,307.661,1.318,
0.007000000000000006,6.2355,0.3785,307.796,1.057,-0.5155000000000001,7.9395,0.787,307.856,1.578,-0.7825,7.9275,1.1935,307.981,1.536,-0.8380000000000001,7.896,1.318,307.999,1.748,-0.518,8.567499999999999,0.7685,307.802,1.402,0.15749999999999997,8.483,0.736,307.713,1.49,1.17,9.008,0.013,307.746,1.403,1.9825,8.8435,-0.774,307.701,0.685,1.641,8.588000000000001,0.372,307.89,1.303,0.2985,7.052,1.3835,308.11,2.032,-0.708,7.0975,-0.1265,307.722,1.014,-0.7715,7.314,0.4585,307.799,1.375,-0.1745,8.125499999999999,-0.838,307.631,0.146,0.717,9.102,-0.955,307.658,0.173,1.005,9.0935,0.6285000000000001,307.658,1.621,0.172,8.577,1.412,307.91,1.168,
1.0010000000000001,6.2775,-0.34950000000000003,307.593,1.119,0.746,7.3715,0.1,307.803,1.109,0.2975,6.986000000000001,0.74,307.941,0.85,-0.121,6.332,1.036,308.033,1.123,-0.2375,7.0545,0.9185,307.968,1.136,0.057499999999999996,6.9864999999999995,1.4049999999999998,308.075,1.594,0.9025,8.041,0.8975,307.995,1.823,1.6484999999999999,8.898,-0.542,307.783,0.625,1.4569999999999999,8.2365,-0.269,307.853,0.987,0.488,6.9985,1.1795,308.01,2.141,-0.3145,7.5135000000000005,-0.23299999999999998,307.648,1.152,-0.3965,7.589,0.17049999999999998,307.777,1.585,0.05349999999999999,8.114,-0.8505,307.724,0.15,0.4895,9.2255,0.081,307.76,0.868,0.02250000000000002,8.296,1.7080000000000002,308.012,1.572,-0.8579999999999999,8.239,0.3945,307.841,0.653,
1.088,6.8934999999999995,-0.2665,307.661,1.196,1.4075000000000002,7.071,-0.628,307.642,1.082,1.28,6.5725,-0.20450000000000002,307.667,0.578,1.028,5.63,0.062,307.757,0.764,0.64,5.871,0.088,307.767,0.723,0.14300000000000002,5.7445,1.051,308.021,1.045,0.27999999999999997,6.756,1.44,308.076,1.704,0.9715,8.537500000000001,-0.5585,307.748,0.304,1.335,7.944999999999999,-0.7355,307.696,0.868,0.8945000000000001,6.8075,1.37,308.05,2.08,0.303,7.83,0.1445,307.735,1.143,0.3345,7.944,0.44999999999999996,307.82,1.731,0.514,8.271,-0.78,307.782,0.152,-0.0015000000000000013,9.1265,0.8785000000000001,307.972,0.772,-0.98,7.564,1.8565,308.106,1.063,-1.1225,8.0205,-0.4925,307.642,0.572,
0.6045,7.603,0.046,307.784,0.97,1.1235,7.184,-0.435,307.683,1.345,1.1375,6.782,-0.7435,307.563,0.507,1.025,6.147,-0.742,307.556,0.454,0.8975,5.852,-0.663,307.566,0.593,0.181,5.4775,0.181,307.742,0.629,-0.405,6.0115,1.472,308.02,1.351,0.24100000000000002,7.8825,-0.573,307.656,0.535,1.1835,7.6945,-0.40549999999999997,307.705,0.841,1.101,6.4805,1.3895,308.158,1.642,0.702,7.8469999999999995,0.3435,307.868,0.735,0.983,7.938,0.6705000000000001,307.935,1.362,1.274,8.298,-0.7075,307.851,0.594,0.35150000000000003,8.8415,0.5345,308.03,0.472,-0.9470000000000001,7.418,1.424,308.065,0.659,-0.8275,8.019,0.0125,307.679,0.901,
0.228,8.0955,-0.04,307.756,0.302,0.6935,7.698499999999999,0.013499999999999998,307.837,1.326,0.8205,7.4625,-0.6579999999999999,307.599,0.86,0.7525,7.2705,-1.017,307.549,0.282,0.8440000000000001,6.7195,-0.7609999999999999,307.584,0.43,0.331,5.9445,-0.5825,307.588,0.293,-0.477,6.0745000000000005,1.1735,307.956,1.219,-0.045499999999999985,7.317,-0.36250000000000004,307.675,0.938,0.8105,7.678,-0.054,307.809,0.591,0.7165,6.638,0.6555,308.099,1.008,0.47550000000000003,7.7925,-0.1285,307.899,0.297,0.9885,7.9,-0.0785,307.954,0.801,1.8035,8.281,-0.7484999999999999,307.878,0.927,1.543,8.5595,-0.49,307.902,0.332,0.33299999999999996,7.6625,0.6225,307.939,0.478,-0.16,8.2005,0.894,307.863,0.991,
0.403,8.3315,-0.6094999999999999,307.656,0.1,0.6900000000000001,8.3225,-0.40900000000000003,307.838,0.558,1.0485,8.38,-0.16,307.733,1.365,1.1935,8.453,-0.48350000000000004,307.588,0.696,1.236,7.907500000000001,-0.33,307.637,0.641,0.73,6.643,-0.9530000000000001,307.667,0.131,-0.0895,6.567,0.7909999999999999,307.94,1.109,-0.01200000000000001,7.1305,0.087,307.85,1.399,0.2895,7.961,-0.40549999999999997,307.838,0.186,0.046,7.321,-0.4355,307.92,0.391,-0.054000000000000006,8.0505,-0.9685,307.811,0.129,0.541,8.278,-0.857,307.792,0.745,1.741,8.403,-0.22499999999999998,307.86,1.234,2.3515,8.3735,-0.8885000000000001,307.743,0.66,1.6035000000000001,7.904,0.376,307.779,0.598,0.5365,8.457,1.2309999999999999,307.926,1.219,
1.333,8.448,-1.2734999999999999,307.625,0.1,1.4885,8.690000000000001,-1.388,307.762,0.105,1.6789999999999998,8.831,0.4605,307.867,1.589,1.584,9.297999999999998,0.5865,307.782,1.235,1.408,8.850000000000001,0.14450000000000002,307.761,0.884,0.9830000000000001,7.199,-1.107,307.778,0.101,0.3045,7.125,0.3765,307.948,0.889,0.0215,7.307,0.7384999999999999,308.026,1.449,-0.0845,8.2575,-1.3359999999999999,307.905,0.103,-0.14500000000000002,7.8995,-1.1815,307.769,0.164,0.1125,8.588999999999999,-1.1135,307.645,0.102,0.6735,8.600999999999999,-0.224,307.684,1.165,1.5145,8.321,0.708,307.925,1.38,2.061,8.1675,-0.225,307.725,0.98,1.4609999999999999,7.8919999999999995,0.8375,307.829,0.949,0.3315,8.5415,1.317,307.932,1.392,
2.537,8.543500000000002,-0.9725,307.652,0.102,2.7895,8.82,-1.307,307.636,0.1,2.309,8.517,1.2494999999999998,308.021,1.643,1.393,9.555,1.21,308.045,1.623,0.9564999999999999,9.17,0.051000000000000004,307.854,0.968,0.869,7.5024999999999995,-1.0995,307.79,0.101,0.47500000000000003,7.710999999999999,-0.2365,307.919,0.578,-0.06649999999999999,7.824,1.2734999999999999,308.164,1.474,-0.0755,8.4635,-1.466,307.947,0.1,0.455,8.2745,-0.9985,307.709,0.219,0.9655,8.829,-0.0995,307.629,1.039,1.1705,8.049,1.0135,307.905,1.606,1.27,7.6875,0.8600000000000001,307.956,1.046,1.3155000000000001,7.7815,0.191,307.78,1.09,0.6565,7.6155,0.819,307.902,1.172,-0.26999999999999996,8.242,1.104,307.932,1.297,
2.8064999999999998,8.400500000000001,0.14350000000000002,307.8,1.012,2.8165,8.779499999999999,-0.114,307.681,0.878,1.65,7.8415,1.7145000000000001,308.267,1.596,0.493,9.0795,1.2315,308.144,2.015,0.362,8.884,-0.179,307.771,1.183,0.7390000000000001,7.632,-0.773,307.742,0.497,0.4685,8.2905,-0.9450000000000001,307.835,0.224,-0.311,8.6705,1.177,308.24,1.325,-0.0875,8.484,0.0655,308.062,1.556,0.754,8.404499999999999,-0.0665,307.919,1.326,1.004,8.337,0.8605,307.944,1.406,0.8069999999999999,6.811999999999999,1.052,308.055,1.57,0.7935000000000001,6.8245000000000005,0.0635,307.825,0.372,1.0415,7.3629999999999995,-0.33399999999999996,307.712,0.517,0.8105,7.287,0.029500000000000002,307.768,0.642,0.1345,7.802,0.319,307.796,0.741,
1.787,8.219,0.4925,307.962,1.179,1.419,8.7,0.347,307.924,0.946,0.186,7.482,1.1844999999999999,308.304,1.496,-0.387,8.637,1.149,308.193,1.939,0.18850000000000003,8.61,0.3275,307.844,1.568,1.0605,7.663,-0.5335,307.791,0.523,1.0855,8.557,-1.3519999999999999,307.845,0.108,0.1485,9.158,0.609,308.186,0.908,-0.1315,8.403,1.537,308.395,1.971,0.3635,8.347,0.5785,308.146,1.505,0.44299999999999995,7.898,0.6045,308.093,1.311,0.3145,6.145,-0.0505,307.983,1.249,0.6025,6.423,-0.8205,307.723,0.305,1.185,7.191,-0.976,307.598,0.249,1.5525,7.144,-0.6295,307.577,0.505,1.3275000000000001,7.609,-0.47550000000000003,307.55,0.505,
0.5255,9.322500000000002,-1.08,307.603,0.177,0.4825,7.736000000000001,1.572,307.854,1.6,0.4255,7.987,-0.5855,307.619,0.918,0.6885,8.466,-1.2695,307.511,0.653,1.0895000000000001,8.879999999999999,-1.0070000000000001,307.447,0.103,1.3900000000000001,7.768,-1.1735,307.504,0.1,1.4515,6.324999999999999,-0.0705,307.627,1.092,0.837,6.2505,0.16449999999999998,307.753,0.922,-0.07150000000000001,8.0475,0.8089999999999999,307.786,0.817,-0.07350000000000001,8.530000000000001,0.8694999999999999,307.757,1.474,0.7124999999999999,8.0735,-0.066,307.63,1.544,0.7795,8.883,1.1265,307.702,1.537,-0.11150000000000002,7.787,1.351,307.692,1.34,-0.6865,7.384,-0.35850000000000004,307.365,0.719,-0.475,7.179,-0.27849999999999997,307.465,1.098,0.10149999999999999,7.8835,-0.435,307.441,0.684,
0.5495,9.139,-1.612,307.486,0.1,0.3745,8.109,1.794,307.858,1.47,0.3775,8.589500000000001,0.0125,307.636,1.0,0.71,8.6695,-0.8515,307.504,0.796,0.9915,8.8575,-0.9895,307.455,0.107,1.187,8.122499999999999,-1.0615,307.484,0.109,1.4104999999999999,7.0775,-0.245,307.704,1.131,1.0675,6.8195,-0.7655000000000001,307.685,0.623,0.262,8.084,-0.40149999999999997,307.675,0.274,0.201,8.516,0.1795,307.778,1.3,0.656,7.756,1.173,307.892,2.028,0.28800000000000003,8.234,1.3054999999999999,307.911,1.393,-0.531,7.1715,0.9039999999999999,307.69,1.227,-0.614,7.26,-0.617,307.32,0.743,-0.101,7.5265,-0.5995,307.409,0.869,0.42900000000000005,8.4255,-0.521,307.403,0.367,
0.27549999999999997,8.975999999999999,-1.0505,307.383,0.116,-0.5205,8.3945,1.634,307.883,1.229,-0.7175,8.7585,0.185,307.687,1.032,-0.067,8.5395,-0.30100000000000005,307.534,0.856,0.4445,8.776,-0.493,307.421,0.931,0.737,8.501999999999999,-0.1725,307.529,1.037,0.9155,7.9535,-0.324,307.735,1.059,0.6495,7.7715,-1.0865,307.652,0.368,0.404,8.459,-1.3065,307.575,0.112,0.6035,8.3385,-0.2235,307.637,1.339,0.445,7.240500000000001,1.729,307.97,1.832,-0.1695,7.649,0.3595,307.8,0.805,-0.43300000000000005,7.0075,0.3075,307.69,1.143,-0.166,7.4350000000000005,-0.6054999999999999,307.401,0.782,0.27249999999999996,7.980499999999999,-0.6495,307.394,0.505,0.742,8.8435,-1.003,307.362,0.123,
-0.41800000000000004,8.745000000000001,0.414,307.546,1.71,-1.2015,8.4225,0.6505,307.776,1.006,-1.2285,8.4375,-0.5425,307.594,0.89,-0.4115,8.3995,-0.5369999999999999,307.568,0.862,0.1685,8.732,-0.17149999999999999,307.555,1.047,0.44100000000000006,8.704,0.3645,307.664,0.973,0.6325000000000001,8.621,-0.478,307.695,0.879,0.7735,8.474,-0.9385,307.671,0.231,1.0554999999999999,8.742,-1.5125,307.561,0.1,1.023,8.025,0.501,307.629,1.54,0.199,6.9305,1.7465,307.936,1.583,-0.3705,7.468,-0.4635,307.54,1.013,-0.1995,7.501,-0.294,307.646,0.839,0.12450000000000001,8.022,-0.4425,307.479,0.744,0.4935,8.336500000000001,-1.0265,307.424,0.188,1.04,8.973,-1.541,307.378,0.1,
-0.9764999999999999,8.0585,1.5590000000000002,307.881,1.884,-1.0975000000000001,8.337,-0.0615,307.559,1.194,-0.708,8.2865,-0.7505,307.433,1.076,-0.127,8.699,-0.6234999999999999,307.454,1.106,0.20950000000000002,8.940999999999999,-0.472,307.584,0.886,0.45599999999999996,8.9125,-0.2475,307.639,0.389,0.8985,9.0,-0.74,307.626,0.558,1.5154999999999998,8.595500000000001,-0.9075,307.717,0.106,1.755,8.825,-0.8765000000000001,307.554,0.1,0.9855,7.6665,1.5035,307.862,1.782,-0.18550000000000003,6.8725000000000005,1.363,307.902,1.533,-0.5185,7.5045,-0.18,307.505,1.24,-0.208,8.062000000000001,-0.744,307.564,0.322,0.127,8.600999999999999,-0.5635,307.491,0.426,0.6625,8.688,-1.6095000000000002,307.483,0.1,1.1955,8.969000000000001,-0.759,307.393,0.114,
-0.927,7.0985,1.5205,307.977,1.47,-0.9685,8.328,0.4335,307.639,1.502,-0.6619999999999999,8.3905,0.4065,307.624,1.422,-0.352,8.879999999999999,0.4575,307.6,1.56,-0.017,9.158999999999999,-0.1755,307.525,1.175,0.47150000000000003,9.058,-0.3395,307.494,0.499,1.2435,9.1655,-0.722,307.604,0.818,1.989,8.5075,-1.0565,307.714,0.355,1.8215000000000001,8.7375,0.1335,307.674,1.224,0.538,7.308999999999999,1.8595000000000002,308.084,1.974,-0.5565,6.9295,0.6299999999999999,307.828,1.226,-0.623,7.4055,0.4985,307.675,1.419,-0.17049999999999998,8.138,-0.9065000000000001,307.57,0.104,0.3845,8.797,-1.108,307.579,0.135,0.967,9.049,-1.0695000000000001,307.48,0.115,0.992,8.842500000000001,0.9754999999999999,307.64,1.215,
-0.096,6.46,0.515,307.775,1.0,-0.5245,8.221499999999999,0.829,307.818,1.537,-0.745,8.07,1.349,307.946,1.453,-0.8095,8.022,1.4975,307.961,1.673,-0.4845,8.6065,0.8745,307.772,1.306,0.20650000000000002,8.457,0.8255,307.699,1.412,1.1925000000000001,8.939,-0.0375,307.732,1.297,1.9489999999999998,8.644,-0.9045,307.709,0.587,1.6039999999999999,8.498000000000001,0.438,307.869,1.236,0.3095,7.095,1.5579999999999998,308.077,2.051,-0.6285,7.1465,-0.0605,307.701,0.976,-0.63,7.3315,0.445,307.767,1.329,-0.08149999999999999,7.9565,-0.874,307.664,0.104,0.6815,8.841999999999999,-1.0675,307.708,0.107,0.937,8.9825,0.6645000000000001,307.65,1.609,0.2575,8.627500000000001,1.611,307.882,1.027,
0.7,6.468,-0.372,307.57,1.063,0.522,7.913,0.0985,307.773,1.051,0.187,7.4275,0.8775,307.922,0.762,-0.169,6.5969999999999995,1.202,308.008,1.055,-0.2535,7.259500000000001,1.0885,307.943,1.06,0.0655,7.0865,1.6185,308.046,1.539,0.9165,8.04,0.958,307.963,1.778,1.6255,8.763,-0.622,307.764,0.53,1.443,8.2235,-0.2565,307.832,0.93,0.538,7.058,1.2785000000000002,307.972,2.155,-0.231,7.5135000000000005,-0.1775,307.627,1.113,-0.3275,7.5969999999999995,0.1005,307.739,1.54,0.03600000000000002,7.9955,-0.9025000000000001,307.743,0.104,0.444,8.975999999999999,0.0475,307.786,0.818,0.1175,8.3045,1.899,307.986,1.578,-0.6285000000000001,8.3555,0.525,307.826,0.537,
0.878,6.9925,-0.3675,307.626,1.133,1.19,7.531000000000001,-0.696,307.621,1.0,1.109,7.0735,-0.161,307.661,0.477,0.876,5.9535,0.08449999999999999,307.736,0.677,0.49950000000000006,6.197,0.1375,307.745,0.629,0.1015,5.927,1.225,307.995,0.988,0.3615,6.8175,1.593,308.042,1.694,1.013,8.4595,-0.595,307.74,0.226,1.3125,7.9585,-0.815,307.681,0.8,0.9325,6.9055,1.468,308.007,2.082,0.382,7.804,0.2115,307.708,1.127,0.349,7.957000000000001,0.388,307.773,1.721,0.45099999999999996,8.24,-0.846,307.789,0.104,0.05399999999999999,9.0395,0.9570000000000001,307.959,0.707,-0.6915,7.6205,2.0995,308.089,1.09,-0.815,8.033999999999999,-0.5145,307.679,0.362,
0.5375,7.652,-0.0235,307.758,0.851,1.004,7.3905,-0.554,307.643,1.247,0.9455,7.106,-0.763,307.563,0.418,0.741,6.4055,-0.8065,307.542,0.353,0.595,6.103999999999999,-0.75,307.553,0.484,0.067,5.611,0.218,307.716,0.532,-0.32,6.0705,1.6515,307.994,1.315,0.276,7.834,-0.6074999999999999,307.671,0.336,1.1345,7.7555,-0.5369999999999999,307.688,0.751,1.1185,6.6850000000000005,1.4895,308.117,1.602,0.784,7.871,0.39849999999999997,307.846,0.684,1.044,8.0435,0.6515,307.895,1.36,1.2695,8.370000000000001,-0.8065,307.853,0.376,0.40850000000000003,8.9335,0.618,308.023,0.419,-0.7250000000000001,7.4895,1.6325,308.054,0.644,-0.5955,7.93,-0.03,307.695,0.845,
0.23399999999999999,8.1785,-0.057,307.743,0.226,0.6475,7.7684999999999995,-0.10949999999999999,307.797,1.223,0.6519999999999999,7.591,-0.7625,307.6,0.764,0.47250000000000003,7.382,-1.1225,307.565,0.185,0.535,6.7805,-0.893,307.601,0.31,0.1565,5.9495000000000005,-0.6375,307.59,0.211,-0.5165,6.093500000000001,1.3295,307.934,1.16,-0.10699999999999998,7.295,-0.41900000000000004,307.673,0.836,0.7755,7.8175,-0.168,307.792,0.482,0.7765,6.9295,0.687,308.071,0.872,0.5915,7.899,-0.1275,307.891,0.241,1.1085,8.09,-0.1215,307.932,0.754,1.802,8.39,-0.9095,307.876,0.869,1.455,8.683,-0.4985,307.911,0.29,0.327,7.7185,0.746,307.934,0.448,-0.0675,8.149000000000001,0.9555,307.847,0.965,
0.439,8.4515,-0.615,307.653,0.1,0.7065,8.376,-0.48,307.82,0.443,0.99,8.432500000000001,-0.291,307.704,1.266,1.072,8.4505,-0.5695,307.609,0.426,1.0815000000000001,7.847,-0.441,307.672,0.393,0.5935,6.5600000000000005,-1.0225,307.701,0.102,-0.2015,6.545,0.909,307.919,1.049,-0.1375,7.1145,0.026000000000000002,307.822,1.333,0.257,8.1085,-0.4495,307.829,0.148,0.11549999999999999,7.57,-0.47,307.917,0.295,0.022000000000000002,8.1515,-1.036,307.816,0.109,0.5855,8.423,-0.9535,307.796,0.659,1.685,8.456,-0.3645,307.843,1.167,2.2095000000000002,8.3705,-0.9675,307.747,0.413,1.5130000000000001,7.8835,0.44899999999999995,307.776,0.52,0.6075,8.46,1.3655,307.904,1.175,
1.3505,8.474499999999999,-1.3225,307.643,0.1,1.4725000000000001,8.67,-1.4295,307.775,0.1,1.6915,8.875,0.447,307.831,1.528,1.6505,9.281500000000001,0.628,307.759,1.137,1.431,8.802,0.0955,307.752,0.756,0.906,7.1125,-1.1535,307.808,0.1,0.222,7.089,0.41800000000000004,307.928,0.818,-0.014,7.28,0.7364999999999999,307.994,1.422,-0.09,8.307500000000001,-1.3439999999999999,307.92,0.1,-0.174,7.9695,-1.263,307.786,0.106,0.0050000000000000044,8.5535,-1.197,307.667,0.1,0.5475,8.647,-0.273,307.685,1.069,1.4500000000000002,8.349,0.725,307.893,1.291,2.0265,8.1075,-0.2875,307.706,0.891,1.4725,7.8735,0.9405,307.808,0.843,0.4975,8.5815,1.4794999999999998,307.908,1.325,
2.5060000000000002,8.393,-1.0594999999999999,307.685,0.1,2.6879999999999997,8.633,-1.3535,307.681,0.1,2.2955,8.524000000000001,1.4015,308.001,1.59,1.52,9.574,1.3705,308.002,1.553,1.056,9.156500000000001,0.042499999999999996,307.817,0.824,0.8255,7.4045000000000005,-1.1444999999999999,307.808,0.1,0.47150000000000003,7.673500000000001,-0.2895,307.9,0.473,0.07800000000000001,7.797000000000001,1.3519999999999999,308.132,1.447,0.005999999999999998,8.3925,-1.5310000000000001,307.987,0.1,0.361,8.1395,-1.133,307.723,0.113,0.7825,8.6785,-0.0985,307.632,0.628,1.039,8.109,1.109,307.874,1.536,1.2525,7.8065,0.988,307.93,0.902,1.333,7.843,0.157,307.756,0.976,0.6965,7.76,0.9305,307.881,1.022,-0.1325,8.412500000000001,1.2575,307.908,1.192,
2.8005,8.2385,0.0935,307.803,0.927,2.7439999999999998,8.552,-0.113,307.704,0.783,1.659,7.843,1.966,308.245,1.546,0.6215,9.126000000000001,1.4184999999999999,308.107,1.971,0.4645,8.846,-0.188,307.736,1.104,0.6975,7.4755,-0.8435,307.745,0.313,0.43200000000000005,8.2465,-1.041,307.835,0.163,-0.194,8.691500000000001,1.2885,308.213,1.261,-0.010000000000000009,8.398499999999999,0.044,308.073,1.532,0.6955,8.277000000000001,-0.1665,307.893,1.248,0.9430000000000001,8.302,0.9590000000000001,307.914,1.333,0.835,7.019500000000001,1.1885,308.016,1.538,0.87,7.0535,0.1475,307.819,0.294,1.0590000000000002,7.5485,-0.39,307.695,0.397,0.7495,7.577500000000001,0.07200000000000001,307.754,0.514,0.089,8.1265,0.39449999999999996,307.776,0.601,
1.814,8.128,0.47150000000000003,307.937,1.071,1.3975,8.523,0.39949999999999997,307.909,0.828,0.21449999999999997,7.507,1.3860000000000001,308.276,1.464,-0.2795,8.694,1.3245,308.158,1.916,0.2945,8.548,0.359,307.807,1.506,1.0285,7.474,-0.6105,307.782,0.39,0.8935,8.511,-1.4535,307.868,0.1,0.015499999999999986,9.221,0.7015,308.173,0.797,-0.139,8.354,1.697,308.364,1.944,0.428,8.311,0.584,308.11,1.439,0.603,7.999,0.6659999999999999,308.063,1.263,0.498,6.448,-0.064,307.955,1.168,0.7155,6.689,-0.8405,307.732,0.251,1.182,7.406,-1.047,307.595,0.186,1.4060000000000001,7.468,-0.6655,307.57,0.391,1.1225,7.988,-0.498,307.551,0.39,
0.643,9.3265,-1.1045,307.591,0.129,0.9245,7.781499999999999,1.574,307.822,1.591,0.883,7.8839999999999995,-0.653,307.642,0.856,0.889,8.343499999999999,-1.3295,307.532,0.593,1.0705,8.7985,-1.0665,307.481,0.1,1.2645,7.763999999999999,-1.1875,307.543,0.1,1.3515,6.3165,-0.1825,307.614,1.02,0.771,6.3505,0.2025,307.728,0.847,-0.0785,8.1715,0.9524999999999999,307.764,0.709,-0.018000000000000016,8.465499999999999,0.8785000000000001,307.732,1.419,0.7415,7.9135,-0.194,307.632,1.487,0.8049999999999999,8.803999999999998,1.22,307.684,1.455,-0.055999999999999994,7.852500000000001,1.5425,307.666,1.29,-0.6505,7.4805,-0.3115,307.348,0.648,-0.4415,7.2385,-0.362,307.434,1.02,0.131,7.8675,-0.516,307.418,0.577,
0.5475,9.103,-1.6360000000000001,307.495,0.1,0.7455,8.1485,1.873,307.83,1.457,0.835,8.5055,-0.042,307.655,0.922,0.9415,8.491,-0.9195,307.521,0.727,1.064,8.6865,-1.037,307.481,0.1,1.1665,8.072,-1.0985,307.517,0.1,1.309,7.103,-0.3875,307.684,1.05,0.841,6.936,-0.808,307.662,0.533,-0.010499999999999982,8.236,-0.351,307.664,0.193,0.05650000000000002,8.619,0.158,307.754,1.254,0.6845,7.7585,1.1604999999999999,307.857,2.011,0.431,8.306,1.4695,307.887,1.323,-0.35900000000000004,7.248,1.014,307.667,1.162,-0.509,7.308,-0.62,307.306,0.658,-0.06800000000000002,7.5809999999999995,-0.7195,307.38,0.767,0.408,8.422,-0.5935,307.385,0.274,
0.2535,8.8925,-1.1115,307.397,0.1,-0.376,8.464,1.8075,307.86,1.183,-0.479,8.738,0.1815,307.667,0.946,0.10250000000000001,8.373999999999999,-0.367,307.524,0.77,0.531,8.5765,-0.533,307.422,0.866,0.738,8.431000000000001,-0.21150000000000002,307.518,0.945,0.7929999999999999,7.9855,-0.4385,307.707,0.975,0.367,7.8580000000000005,-1.1595,307.64,0.255,0.043000000000000003,8.538499999999999,-1.336,307.574,0.103,0.3655,8.4415,-0.265,307.638,1.291,0.4595,7.332000000000001,1.8575,307.935,1.833,0.020000000000000004,7.789,0.476,307.782,0.706,-0.1655,7.0885,0.263,307.66,1.083,0.060500000000000005,7.464,-0.6605000000000001,307.395,0.673,0.3525,8.047,-0.744,307.36,0.385,0.6719999999999999,8.849,-1.0459999999999998,307.354,0.107,
-0.3495,8.708,0.406,307.526,1.651,-1.1115,8.5035,0.798,307.757,0.945,-1.1235,8.417,-0.5645,307.571,0.813,-0.3325,8.2705,-0.6145,307.535,0.746,0.2225,8.608,-0.217,307.523,0.968,0.4815,8.694500000000001,0.347,307.629,0.862,0.596,8.6445,-0.5595,307.665,0.772,0.5795,8.500499999999999,-1.0154999999999998,307.676,0.14,0.764,8.7085,-1.5699999999999998,307.572,0.1,0.844,8.032,0.537,307.624,1.512,0.23249999999999998,6.986000000000001,1.931,307.906,1.56,-0.20650000000000002,7.524,-0.4505,307.527,0.941,0.062499999999999986,7.5525,-0.40700000000000003,307.617,0.748,0.3795,8.0815,-0.5285,307.447,0.6,0.5685,8.376999999999999,-1.091,307.399,0.135,0.918,8.929,-1.612,307.39,0.1,
-0.783,8.134,1.6955,307.846,1.846,-0.8614999999999999,8.3305,-0.038,307.549,1.141,-0.53,8.171,-0.8235,307.431,1.009,-0.07300000000000001,8.596,-0.7145,307.426,0.981,0.2325,8.891,-0.5405,307.555,0.76,0.5489999999999999,8.915,-0.30200000000000005,307.631,0.203,0.973,8.9885,-0.8260000000000001,307.608,0.399,1.4495,8.539,-0.9789999999999999,307.734,0.1,1.5825,8.683,-0.9055,307.585,0.1,0.8975,7.6295,1.662,307.843,1.765,-0.11650000000000002,6.905,1.529,307.872,1.507,-0.3725,7.465,-0.21150000000000002,307.479,1.16,-0.015,8.0095,-0.8105,307.55,0.206,0.2815,8.632000000000001,-0.6465000000000001,307.437,0.26,0.6505000000000001,8.611,-1.6865,307.494,0.1,1.057,8.850999999999999,-0.8375,307.417,0.1,
-0.803,7.275,1.7309999999999999,307.948,1.446,-0.7645,8.32,0.40549999999999997,307.609,1.441,-0.498,8.273,0.4085,307.594,1.343,-0.2995,8.849499999999999,0.463,307.562,1.47,0.0025000000000000022,9.1225,-0.20800000000000002,307.502,1.071,0.5525,8.9955,-0.394,307.532,0.12,1.326,9.094000000000001,-0.817,307.624,0.695,1.9795,8.343499999999999,-1.1595,307.753,0.111,1.7415,8.567499999999999,0.16599999999999998,307.68,1.114,0.5035,7.304,2.0725000000000002,308.058,1.973,-0.485,6.981,0.7464999999999999,307.803,1.193,-0.49149999999999994,7.3765,0.48150000000000004,307.645,1.359,-0.05949999999999998,7.993,-0.926,307.589,0.1,0.402,8.677,-1.1880000000000002,307.586,0.105,0.8799999999999999,8.8695,-1.149,307.506,0.1,0.9375,8.75,1.0234999999999999,307.623,1.112,
-0.1985,6.7,0.6585,307.757,0.939,-0.523,8.503499999999999,0.815,307.783,1.49,-0.6990000000000001,8.202,1.472,307.915,1.364,-0.7805,8.1375,1.6565,307.927,1.591,-0.45199999999999996,8.632000000000001,0.9705,307.747,1.207,0.254,8.4165,0.9,307.691,1.332,1.2095,8.8565,-0.09,307.728,1.183,1.9089999999999998,8.442,-1.0314999999999999,307.724,0.491,1.5625,8.401,0.4985,307.851,1.167,0.31849999999999995,7.132,1.716,308.046,2.066,-0.552,7.192,0.0165,307.682,0.936,-0.49849999999999994,7.348,0.41300000000000003,307.736,1.281,-0.0010000000000000009,7.813,-0.896,307.689,0.1,0.636,8.5715,-1.1605,307.753,0.1,0.86,8.857,0.6815,307.645,1.596,0.3325,8.6645,1.7755,307.858,0.881,
0.371,6.68,-0.3685,307.549,1.003,0.2835,8.472999999999999,0.07100000000000001,307.746,0.987,0.074,7.871,0.9949999999999999,307.904,0.668,-0.21350000000000002,6.8675,1.3515000000000001,307.985,0.984,-0.264,7.4670000000000005,1.2435,307.92,0.979,0.07400000000000001,7.179,1.8125,308.019,1.479,0.9245,8.0295,0.9964999999999999,307.934,1.729,1.5975000000000001,8.6195,-0.7015,307.748,0.434,1.427,8.204,-0.237,307.813,0.873,0.5875,7.1115,1.357,307.937,2.163,-0.15,7.5115,-0.11049999999999999,307.607,1.073,-0.27049999999999996,7.6045,0.0275,307.703,1.491,0.006000000000000005,7.908999999999999,-0.9410000000000001,307.752,0.1,0.39249999999999996,8.7135,0.0024999999999999988,307.814,0.768,0.2095,8.3035,2.051,307.961,1.581,-0.399,8.463000000000001,0.6519999999999999,307.817,0.427,
0.6445,7.0995,-0.4525,307.595,1.065,0.952,8.0105,-0.744,307.606,0.912,0.9245,7.575,-0.10650000000000001,307.662,0.369,0.7090000000000001,6.289999999999999,0.11,307.716,0.586,0.34850000000000003,6.5440000000000005,0.1925,307.724,0.532,0.055,6.109,1.3805,307.972,0.928,0.4345,6.872999999999999,1.7145000000000001,308.012,1.681,1.049,8.370999999999999,-0.6214999999999999,307.732,0.159,1.2894999999999999,7.968500000000001,-0.8765000000000001,307.667,0.733,0.9724999999999999,6.996,1.5350000000000001,307.966,2.077,0.46099999999999997,7.776,0.2815,307.683,1.107,0.3535,7.9635,0.3155,307.728,1.702,0.378,8.231,-0.8995,307.79,0.1,0.11000000000000001,8.9435,1.0045,307.949,0.641,-0.395,7.6739999999999995,2.3105,308.074,1.118,-0.49950000000000006,8.0455,-0.518,307.723,0.122,
0.4575,7.698499999999999,-0.1,307.735,0.725,0.869,7.6065000000000005,-0.644,307.606,1.141,0.746,7.433,-0.7555000000000001,307.569,0.33,0.4445,6.673,-0.849,307.534,0.256,0.275,6.373,-0.8140000000000001,307.545,0.372,-0.056499999999999995,5.7475000000000005,0.2485,307.692,0.431,-0.23299999999999998,6.1265,1.8010000000000002,307.97,1.276,0.3185,7.776,-0.626,307.689,0.11,1.088,7.8085,-0.6695,307.673,0.66,1.1355,6.877,1.5550000000000002,308.078,1.552,0.866,7.8885000000000005,0.4505,307.825,0.627,1.0975000000000001,8.137,0.6054999999999999,307.858,1.349,1.26,8.4525,-0.8895,307.856,0.114,0.4735,9.0265,0.687,308.017,0.364,-0.49,7.559,1.819,308.043,0.629,-0.35250000000000004,7.837999999999999,-0.0775,307.717,0.784,
0.2375,8.258,-0.0875,307.729,0.169,0.5885,7.8305,-0.2255,307.761,1.115,0.4795,7.725,-0.8434999999999999,307.607,0.665,0.1995,7.5,-1.203,307.583,0.103,0.23099999999999998,6.846500000000001,-1.0065,307.621,0.193,-0.01849999999999999,5.958500000000001,-0.6805,307.596,0.141,-0.5505,6.109,1.463,307.914,1.099,-0.157,7.264,-0.454,307.678,0.73,0.7395,7.936,-0.3045,307.778,0.372,0.827,7.1915,0.7024999999999999,308.047,0.721,0.7010000000000001,7.9945,-0.1275,307.884,0.188,1.2195,8.267,-0.1765,307.913,0.706,1.788,8.502,-1.048,307.878,0.808,1.3605,8.810500000000001,-0.488,307.922,0.25,0.325,7.771,0.8655,307.931,0.418,0.03449999999999999,8.0915,0.9915,307.833,0.935,
0.482,8.567499999999999,-0.617,307.649,0.1,0.7165,8.4095,-0.55,307.804,0.325,0.9199999999999999,8.48,-0.419,307.68,1.16,0.9455,8.451,-0.6499999999999999,307.635,0.115,0.929,7.7829999999999995,-0.5485,307.718,0.113,0.462,6.48,-1.0715,307.734,0.1,-0.3085,6.519500000000001,1.0125,307.901,0.988,-0.2655,7.0875,-0.023,307.8,1.262,0.21000000000000002,8.2265,-0.506,307.824,0.116,0.17200000000000001,7.781,-0.4955,307.917,0.207,0.09599999999999999,8.2425,-1.0885,307.82,0.1,0.6275000000000001,8.5595,-1.0335,307.802,0.569,1.612,8.506,-0.5,307.828,1.098,2.0484999999999998,8.3705,-1.0219999999999998,307.752,0.134,1.4165,7.859999999999999,0.526,307.773,0.446,0.677,8.457999999999998,1.48,307.884,1.13,
1.3780000000000001,8.501,-1.346,307.662,0.1,1.4675,8.6385,-1.445,307.788,0.1,1.7055,8.908,0.425,307.799,1.462,1.71,9.261500000000002,0.652,307.742,1.036,1.4475,8.742,0.041,307.752,0.628,0.8325,7.026999999999999,-1.1764999999999999,307.838,0.1,0.14200000000000002,7.0504999999999995,0.453,307.91,0.747,-0.0635,7.2425,0.715,307.964,1.392,-0.114,8.337,-1.3315000000000001,307.938,0.1,-0.20900000000000002,8.0205,-1.3115,307.802,0.1,-0.0955,8.508500000000002,-1.2525,307.688,0.1,0.428,8.685,-0.312,307.689,0.964,1.3795,8.366,0.717,307.863,1.196,1.9825,8.046,-0.35,307.689,0.802,1.4785,7.848,1.0325,307.79,0.736,0.663,8.613,1.6219999999999999,307.886,1.255,
2.471,8.248999999999999,-1.1265,307.718,0.1,2.5945,8.4515,-1.3645,307.723,0.1,2.2875,8.523499999999999,1.542,307.983,1.537,1.6444999999999999,9.5845,1.51,307.963,1.479,1.1535,9.125,0.036500000000000005,307.782,0.67,0.7875,7.306,-1.162,307.825,0.1,0.46449999999999997,7.631,-0.3325,307.884,0.368,0.2085,7.760999999999999,1.3824999999999998,308.102,1.419,0.0815,8.318999999999999,-1.561,308.025,0.1,0.267,8.0045,-1.2389999999999999,307.738,0.1,0.599,8.512,-0.087,307.639,0.142,0.906,8.1555,1.1840000000000002,307.846,1.463,1.2325,7.906499999999999,1.0895000000000001,307.907,0.75,1.3475000000000001,7.8875,0.11000000000000001,307.734,0.86,0.7355,7.883,1.0285,307.863,0.865,0.0155,8.565,1.3865,307.887,1.082,
2.7835,8.0775,0.029500000000000002,307.809,0.843,2.6685,8.3335,-0.10350000000000001,307.727,0.687,1.6665,7.8389999999999995,2.2,308.225,1.494,0.747,9.161999999999999,1.5905,308.073,1.922,0.5685,8.789,-0.1885,307.704,1.02,0.6655,7.316000000000001,-0.8985000000000001,307.751,0.109,0.4025,8.197,-1.1075,307.84,0.116,-0.07200000000000001,8.702,1.3519999999999999,308.188,1.197,0.07349999999999998,8.314,0.025,308.087,1.505,0.6365,8.146,-0.2765,307.872,1.166,0.8745,8.25,1.025,307.886,1.258,0.855,7.2245,1.3005,307.98,1.501,0.9430000000000001,7.268000000000001,0.2255,307.816,0.226,1.074,7.704000000000001,-0.442,307.681,0.284,0.6900000000000001,7.8365,0.1235,307.746,0.388,0.05499999999999999,8.4205,0.4645,307.758,0.454,
1.8330000000000002,8.03,0.42600000000000005,307.915,0.96,1.3725,8.351,0.4455,307.897,0.71,0.24200000000000002,7.526,1.5755,308.251,1.429,-0.1735,8.74,1.4849999999999999,308.126,1.888,0.39749999999999996,8.468,0.382,307.772,1.44,0.9944999999999999,7.28,-0.6875,307.782,0.26,0.706,8.461,-1.5194999999999999,307.892,0.1,-0.10550000000000001,9.272,0.7685,308.163,0.689,-0.14150000000000001,8.302,1.8255,308.337,1.913,0.48650000000000004,8.265,0.5595,308.078,1.368,0.761,8.087,0.6795,308.036,1.207,0.687,6.762,-0.062,307.93,1.079,0.8320000000000001,6.948,-0.845,307.74,0.201,1.1775,7.589,-1.099,307.593,0.133,1.2595,7.76,-0.6775,307.568,0.284,0.9205,8.33,-0.505,307.559,0.278,
0.707,9.2935,-1.101,307.584,0.12,1.1395,7.814,1.5030000000000001,307.795,1.564,1.1405,7.8565000000000005,-0.702,307.638,0.798,1.0325,8.242999999999999,-1.363,307.544,0.532,1.065,8.7175,-1.1015000000000001,307.511,0.1,1.177,7.7645,-1.186,307.579,0.1,1.2615,6.336,-0.306,307.609,0.941,0.7050000000000001,6.458,0.246,307.711,0.761,-0.0695,8.233,1.089,307.754,0.596,0.061,8.348500000000001,0.852,307.715,1.356,0.7839999999999999,7.8004999999999995,-0.334,307.649,1.384,0.831,8.698,1.2974999999999999,307.676,1.361,0.01050000000000001,7.9045,1.724,307.646,1.234,-0.5925,7.5925,-0.2525,307.338,0.577,-0.3985,7.2940000000000005,-0.4415,307.412,0.931,0.154,7.8145,-0.6000000000000001,307.402,0.468,
0.565,9.0405,-1.617,307.5,0.1,1.015,8.176,1.8860000000000001,307.805,1.447,1.169,8.472000000000001,-0.091,307.657,0.847,1.13,8.332999999999998,-0.974,307.53,0.663,1.1505,8.5215,-1.066,307.501,0.1,1.1555,8.0125,-1.119,307.549,0.1,1.143,7.1315,-0.529,307.674,0.953,0.5795,7.042,-0.831,307.645,0.424,-0.206,8.310500000000001,-0.2905,307.66,0.164,-0.00899999999999998,8.6235,0.11900000000000001,307.737,1.207,0.714,7.7365,1.1055,307.835,1.969,0.566,8.3515,1.613,307.866,1.212,-0.126,7.3535,1.113,307.652,1.084,-0.3045,7.3985,-0.6114999999999999,307.321,0.581,0.033,7.625500000000001,-0.825,307.352,0.653,0.41100000000000003,8.3625,-0.6665,307.339,0.207,
0.257,8.805,-1.1465,307.413,0.1,-0.1975,8.518,1.9455,307.84,1.151,-0.2475,8.73,0.177,307.655,0.867,0.25049999999999994,8.206499999999998,-0.435,307.511,0.692,0.6405,8.3835,-0.5680000000000001,307.421,0.806,0.768,8.346,-0.2525,307.514,0.846,0.6579999999999999,7.994999999999999,-0.548,307.691,0.877,0.125,7.9115,-1.2075,307.649,0.193,-0.2105,8.553,-1.3475000000000001,307.575,0.103,0.20099999999999998,8.4775,-0.3025,307.642,1.249,0.5245,7.3975,1.9485000000000001,307.909,1.815,0.2955,7.932,0.593,307.777,0.612,0.223,7.2105,0.2025,307.638,1.005,0.4145,7.5095,-0.7110000000000001,307.424,0.572,0.5135000000000001,8.0785,-0.8200000000000001,307.34,0.283,0.622,8.814,-1.0745,307.336,0.105,
-0.26049999999999995,8.658999999999999,0.388,307.517,1.569,-0.9405,8.581,0.9410000000000001,307.746,0.884,-0.9390000000000001,8.404,-0.5774999999999999,307.565,0.751,-0.21999999999999997,8.1035,-0.6845,307.517,0.622,0.296,8.4435,-0.265,307.497,0.885,0.531,8.647,0.312,307.604,0.736,0.556,8.619,-0.6355,307.646,0.667,0.41600000000000004,8.5165,-1.073,307.697,0.12,0.5195,8.6505,-1.6025,307.582,0.1,0.69,8.017,0.5725,307.629,1.483,0.34600000000000003,7.037,2.0895,307.882,1.531,0.095,7.587999999999999,-0.4215,307.54,0.877,0.41100000000000003,7.596500000000001,-0.5265,307.597,0.624,0.6705,8.0625,-0.611,307.468,0.456,0.6595,8.373000000000001,-1.134,307.412,0.118,0.7829999999999999,8.867,-1.654,307.402,0.1,
-0.5835,8.186,1.8075,307.82,1.788,-0.5875,8.3535,-0.008,307.554,1.082,-0.29050000000000004,8.057500000000001,-0.884,307.448,0.933,0.0405,8.433499999999999,-0.7929999999999999,307.447,0.57,0.27849999999999997,8.7385,-0.6045,307.551,0.617,0.6175,8.846499999999999,-0.36650000000000005,307.63,0.155,1.0025,8.9175,-0.9035,307.599,0.284,1.3475000000000001,8.5465,-1.0335,307.755,0.1,1.392,8.553999999999998,-0.9115,307.611,0.1,0.8045,7.5815,1.8094999999999999,307.834,1.747,-0.0040000000000000036,6.9335,1.6775,307.848,1.467,-0.1565,7.416,-0.24,307.471,1.082,0.17700000000000002,7.9384999999999994,-0.869,307.553,0.161,0.3825,8.536999999999999,-0.7165,307.479,0.193,0.602,8.505500000000001,-1.7355,307.518,0.1,0.889,8.719999999999999,-0.9015,307.443,0.1,
-0.6659999999999999,7.46,1.9260000000000002,307.926,1.41,-0.5335,8.318999999999999,0.35350000000000004,307.591,1.364,-0.289,8.135000000000002,0.4035,307.584,1.254,-0.21150000000000002,8.750499999999999,0.465,307.552,1.36,0.025499999999999995,8.968,-0.2355,307.527,0.961,0.6105,8.8575,-0.45399999999999996,307.58,0.11,1.3679999999999999,8.979,-0.9025,307.667,0.397,1.919,8.285499999999999,-1.2469999999999999,307.794,0.105,1.6265,8.4065,0.20400000000000001,307.697,0.608,0.45949999999999996,7.286,2.2705,308.038,1.964,-0.416,7.0205,0.859,307.782,1.15,-0.372,7.338,0.446,307.623,1.285,0.017,7.8805,-0.9335,307.609,0.1,0.36550000000000005,8.501000000000001,-1.2445,307.638,0.103,0.7375,8.663499999999999,-1.2120000000000002,307.526,0.1,0.8274999999999999,8.6385,1.0510000000000002,307.618,1.015,
-0.3215,7.0120000000000005,0.8055,307.748,0.864,-0.4995,8.624500000000001,0.751,307.757,1.409,-0.631,8.273,1.5665,307.894,1.244,-0.7444999999999999,8.2005,1.7965,307.904,1.486,-0.4285,8.568999999999999,1.0565,307.736,1.092,0.29,8.315,0.9610000000000001,307.707,1.241,1.2109999999999999,8.739,-0.14350000000000002,307.759,0.646,1.8399999999999999,8.2835,-1.154,307.762,0.294,1.4985,8.2845,0.5535,307.841,1.094,0.31899999999999995,7.156499999999999,1.8585,308.021,2.067,-0.4945,7.225,0.1025,307.668,0.893,-0.40449999999999997,7.367,0.366,307.711,1.221,0.04200000000000001,7.7219999999999995,-0.908,307.701,0.1,0.5545,8.311,-1.2365,307.786,0.1,0.753,8.687,0.681,307.645,1.579,0.379,8.666,1.909,307.843,0.73,
0.0805,6.9855,-0.34299999999999997,307.553,0.927,0.132,8.7155,0.02,307.73,0.897,-0.002999999999999989,8.173,1.0945,307.894,0.544,-0.2445,7.1195,1.4855,307.969,0.89,-0.255,7.6125,1.3835000000000002,307.905,0.876,0.08949999999999998,7.229,1.9885000000000002,308.001,1.394,0.912,7.98,1.0165,307.919,1.664,1.549,8.439,-0.78,307.746,0.35,1.4045,8.158999999999999,-0.21250000000000002,307.799,0.814,0.6299999999999999,7.148,1.4184999999999999,307.909,2.147,-0.08399999999999999,7.503500000000001,-0.034999999999999996,307.592,1.028,-0.23349999999999999,7.617,-0.045,307.673,1.423,-0.035,7.852500000000001,-0.968,307.755,0.1,0.3245,8.4585,-0.053500000000000006,307.832,0.711,0.278,8.2645,2.1675,307.943,1.577,-0.186,8.544,0.7735,307.818,0.361,
0.4295,7.254,-0.5205,307.577,0.967,0.781,8.256,-0.7755000000000001,307.607,0.804,0.7665,7.9205,-0.042499999999999996,307.678,0.296,0.527,6.609,0.1385,307.708,0.477,0.19,6.8255,0.2515,307.723,0.437,0.011000000000000003,6.282500000000001,1.5185,307.956,0.833,0.49,6.9,1.8085,307.988,1.656,1.0735000000000001,8.2295,-0.64,307.727,0.136,1.272,7.968999999999999,-0.9225,307.66,0.667,1.0155,7.0575,1.576,307.935,2.044,0.5409999999999999,7.748,0.35250000000000004,307.664,1.068,0.349,7.960000000000001,0.23650000000000002,307.691,1.648,0.294,8.2355,-0.942,307.788,0.1,0.13799999999999998,8.853,1.023,307.943,0.584,-0.1605,7.7195,2.4915000000000003,308.062,1.142,-0.2495,8.087,-0.505,307.744,0.162,
0.3455,7.7355,-0.18,307.724,0.598,0.7085,7.7669999999999995,-0.7075,307.594,1.015,0.5710000000000001,7.7055,-0.726,307.569,0.263,0.20350000000000001,6.917,-0.8725,307.539,0.204,-0.009000000000000001,6.592499999999999,-0.8565,307.558,0.292,-0.17950000000000002,5.906499999999999,0.273,307.685,0.332,-0.14350000000000002,6.17,1.9235,307.952,1.238,0.3855,7.666,-0.6315,307.704,0.105,1.0525,7.833,-0.8,307.664,0.573,1.139,7.002000000000001,1.5910000000000002,308.048,1.448,0.933,7.905,0.4985,307.813,0.534,1.1165,8.194,0.538,307.828,1.295,1.2035,8.5425,-0.958,307.862,0.107,0.5175000000000001,9.119499999999999,0.7415,308.008,0.316,-0.265,7.625,1.986,308.036,0.616,-0.133,7.791,-0.129,307.737,0.457,
0.21200000000000002,8.296,-0.1285,307.724,0.149,0.47350000000000003,7.8885000000000005,-0.3315,307.739,0.987,0.31,7.8845,-0.904,307.616,0.398,-0.010000000000000002,7.619,-1.2625000000000002,307.595,0.101,-0.0075,6.9045000000000005,-1.1025,307.637,0.151,-0.1595,5.9955,-0.713,307.612,0.12,-0.5375000000000001,6.118,1.5765,307.901,1.035,-0.1375,7.1705000000000005,-0.47150000000000003,307.706,0.414,0.7155,7.9595,-0.457,307.772,0.289,0.8535,7.3405000000000005,0.7044999999999999,308.036,0.579,0.789,8.074,-0.129,307.881,0.164,1.266,8.3935,-0.242,307.9,0.635,1.6925,8.613,-1.1644999999999999,307.89,0.734,1.233,8.924,-0.4615,307.935,0.232,0.34149999999999997,7.807499999999999,0.98,307.929,0.391,0.1735,8.038,1.005,307.826,0.896,
0.5385,8.6375,-0.6174999999999999,307.647,0.1,0.695,8.4125,-0.618,307.796,0.26,0.8234999999999999,8.5305,-0.542,307.687,1.04,0.8155,8.464,-0.7255,307.666,0.107,0.784,7.705,-0.651,307.752,0.106,0.346,6.419499999999999,-1.1030000000000002,307.761,0.1,-0.37,6.490500000000001,1.103,307.887,0.925,-0.332,7.0009999999999994,-0.06,307.798,1.168,0.1605,8.2145,-0.5715,307.845,0.108,0.191,7.894,-0.5145,307.923,0.163,0.139,8.296,-1.1280000000000001,307.828,0.1,0.61,8.651,-1.1,307.815,0.358,1.4615,8.5415,-0.629,307.822,1.02,1.8355,8.372,-1.0545,307.76,0.261,1.3159999999999998,7.827999999999999,0.605,307.775,0.385,0.757,8.4435,1.5775,307.87,1.079,
1.425,8.518,-1.3490000000000002,307.685,0.1,1.481,8.585999999999999,-1.44,307.803,0.1,1.714,8.907,0.397,307.787,1.372,1.7429999999999999,9.235,0.6615,307.743,0.925,1.4435,8.607,-0.0165,307.783,0.364,0.7725000000000001,6.9544999999999995,-1.1804999999999999,307.867,0.1,0.0905,7.006500000000001,0.48250000000000004,307.897,0.674,-0.10700000000000001,7.162,0.6785,307.946,1.346,-0.1615,8.286,-1.3035,307.972,0.1,-0.26449999999999996,8.0655,-1.333,307.82,0.1,-0.19499999999999998,8.4145,-1.2839999999999998,307.706,0.1,0.3035,8.677,-0.3415,307.704,0.532,1.275,8.355,0.6885,307.842,1.085,1.8945,7.991,-0.41200000000000003,307.677,0.715,1.4615,7.8125,1.1155,307.777,0.628,0.8089999999999999,8.6245,1.7469999999999999,307.87,1.176,
2.423,8.148,-1.176,307.758,0.1,2.5214999999999996,8.3015,-1.346,307.763,0.1,2.2939999999999996,8.499,1.674,307.973,1.482,1.7625,9.57,1.6315,307.938,1.387,1.2575,8.978000000000002,0.0335,307.786,0.521,0.777,7.234500000000001,-1.158,307.845,0.1,0.4455,7.574,-0.365,307.876,0.283,0.2865,7.6945,1.3715,308.08,1.387,0.1225,8.2445,-1.5615,308.061,0.1,0.1605,7.935499999999999,-1.3185,307.759,0.1,0.418,8.3035,-0.066,307.653,0.12,0.7829999999999999,8.148,1.241,307.829,1.383,1.2125,7.971500000000001,1.1675,307.897,0.604,1.3519999999999999,7.8995,0.0545,307.72,0.731,0.7645,7.9495000000000005,1.1155,307.854,0.708,0.1815,8.6425,1.494,307.874,0.934,
2.725,7.9485,-0.0455,307.823,0.757,2.5845000000000002,8.16,-0.0865,307.753,0.392,1.6684999999999999,7.822000000000001,2.4195,308.212,1.44,0.8645,9.166,1.749,308.048,1.856,0.6970000000000001,8.628,-0.181,307.701,0.924,0.6775,7.2115,-0.9405,307.766,0.104,0.39,8.1355,-1.1465,307.847,0.108,0.056499999999999995,8.6755,1.3715,308.17,1.135,0.1655,8.2475,0.009500000000000001,308.104,1.456,0.569,8.044,-0.393,307.867,1.071,0.7869999999999999,8.137,1.0615,307.868,1.172,0.8574999999999999,7.375,1.3895,307.951,1.44,1.0085,7.4505,0.29600000000000004,307.81,0.192,1.088,7.7985,-0.49,307.674,0.224,0.6415,8.004999999999999,0.1825,307.746,0.306,0.067,8.5945,0.529,307.753,0.35,
1.823,7.932,0.361,307.902,0.843,1.3365,8.208,0.486,307.892,0.598,0.2675,7.53,1.7545000000000002,308.231,1.383,-0.0645,8.752,1.6320000000000001,308.101,1.847,0.5,8.299,0.397,307.751,1.369,0.9625,7.154,-0.764,307.792,0.179,0.5655,8.406,-1.5554999999999999,307.914,0.1,-0.15,9.276,0.812,308.158,0.602,-0.11049999999999999,8.253,1.927,308.32,1.872,0.5125,8.2,0.5095000000000001,308.057,1.28,0.8585,8.086,0.651,308.018,1.107,0.845,7.022,-0.0475,307.917,0.956,0.9465,7.179,-0.8365,307.745,0.168,1.161,7.71,-1.134,307.59,0.117,1.1085,7.962,-0.67,307.573,0.22,0.745,8.549,-0.4985,307.576,0.215,
0.7705,9.259,-1.0815000000000001,307.578,0.111,1.3479999999999999,7.8455,1.3860000000000001,307.77,1.535,1.391,7.83,-0.7395,307.634,0.739,1.173,8.143,-1.3755000000000002,307.557,0.463,1.0579999999999998,8.6375,-1.114,307.541,0.1,1.089,7.765499999999999,-1.1745,307.615,0.1,1.17,6.359,-0.4265,307.603,0.861,0.637,6.5655,0.2915,307.694,0.675,-0.061,8.2925,1.2149999999999999,307.743,0.484,0.14,8.2315,0.7955,307.699,1.292,0.8260000000000001,7.691,-0.47150000000000003,307.667,1.254,0.8565,8.591000000000001,1.3599999999999999,307.669,1.267,0.07799999999999999,7.9565,1.8855,307.626,1.178,-0.5315,7.705,-0.1875,307.329,0.507,-0.3515,7.3515,-0.516,307.391,0.843,0.1805,7.7620000000000005,-0.6825,307.384,0.36,
0.585,8.9755,-1.568,307.505,0.1,1.2774999999999999,8.2025,1.8415,307.781,1.436,1.494,8.4375,-0.1325,307.659,0.772,1.3155000000000001,8.1755,-1.0154999999999998,307.539,0.599,1.2355,8.3585,-1.08,307.52,0.1,1.141,7.954000000000001,-1.1284999999999998,307.582,0.1,0.9745,7.1615,-0.6499999999999999,307.666,0.855,0.32099999999999995,7.147,-0.84,307.628,0.317,-0.39549999999999996,8.382,-0.2295,307.656,0.136,-0.07099999999999998,8.625,0.0665,307.721,1.161,0.7424999999999999,7.715,1.0154999999999998,307.814,1.926,0.6984999999999999,8.396,1.728,307.846,1.098,0.108,7.4625,1.1935,307.637,1.005,-0.0935,7.4905,-0.597,307.336,0.505,0.14150000000000001,7.6715,-0.9115,307.325,0.539,0.41800000000000004,8.304499999999999,-0.733,307.294,0.142,
0.2615,8.7165,-1.1585,307.43,0.1,-0.015500000000000007,8.5705,2.0380000000000003,307.821,1.121,-0.010000000000000009,8.7225,0.173,307.643,0.789,0.402,8.0405,-0.4975,307.499,0.613,0.75,8.1915,-0.597,307.42,0.746,0.798,8.261500000000002,-0.2975,307.51,0.736,0.5245,8.003,-0.6385000000000001,307.675,0.777,-0.11199999999999999,7.9625,-1.2365,307.658,0.135,-0.4575,8.564499999999999,-1.3495,307.575,0.103,0.04000000000000001,8.51,-0.331,307.646,1.208,0.5925,7.4625,1.9955,307.883,1.796,0.5760000000000001,8.0745,0.6970000000000001,307.773,0.519,0.6134999999999999,7.3375,0.13699999999999998,307.616,0.925,0.769,7.556,-0.7545,307.453,0.472,0.6785,8.1095,-0.8734999999999999,307.322,0.185,0.5754999999999999,8.779,-1.0855000000000001,307.318,0.103,
-0.1705,8.6095,0.3625,307.508,1.485,-0.763,8.658999999999999,1.066,307.734,0.823,-0.7454999999999999,8.3935,-0.5834999999999999,307.559,0.689,-0.103,7.9384999999999994,-0.7415,307.5,0.499,0.3705,8.275500000000001,-0.3065,307.472,0.801,0.5825,8.5975,0.2635,307.58,0.61,0.519,8.591000000000001,-0.6995,307.626,0.56,0.2555,8.5305,-1.1139999999999999,307.719,0.101,0.277,8.590499999999999,-1.6165,307.592,0.102,0.5365,8.0,0.612,307.634,1.455,0.4635,7.088,2.215,307.859,1.501,0.40349999999999997,7.6530000000000005,-0.384,307.554,0.812,0.7605,7.6434999999999995,-0.635,307.578,0.499,0.957,8.0435,-0.6819999999999999,307.49,0.314,0.748,8.368,-1.1545,307.427,0.102,0.6485,8.805,-1.6665,307.415,0.1,
-0.3845,8.2365,1.895,307.794,1.729,-0.313,8.379999999999999,0.024,307.559,1.022,-0.049,7.9475,-0.9305,307.465,0.856,0.158,8.2705,-0.8554999999999999,307.468,0.179,0.328,8.5765,-0.658,307.549,0.476,0.6875,8.7745,-0.436,307.628,0.109,1.0314999999999999,8.846,-0.972,307.591,0.174,1.2435,8.5555,-1.0735000000000001,307.777,0.1,1.2005,8.4255,-0.8995,307.637,0.1,0.7125,7.5325,1.947,307.825,1.729,0.11000000000000001,6.962,1.8045,307.824,1.428,0.059000000000000004,7.3685,-0.266,307.463,1.005,0.367,7.8705,-0.9175,307.556,0.118,0.481,8.442,-0.771,307.522,0.129,0.55,8.4,-1.7585,307.542,0.1,0.7185,8.59,-0.9505,307.468,0.1,
-0.53,7.6435,2.0975,307.904,1.373,-0.304,8.3205,0.2825,307.574,1.286,-0.0805,7.9990000000000006,0.3925,307.574,1.165,-0.121,8.6475,0.466,307.544,1.249,0.05250000000000002,8.804,-0.2585,307.555,0.839,0.6699999999999999,8.716000000000001,-0.518,307.629,0.1,1.408,8.865,-0.98,307.71,0.116,1.855,8.2335,-1.314,307.835,0.1,1.5095,8.247499999999999,0.2465,307.713,0.134,0.41450000000000004,7.2669999999999995,2.451,308.019,1.955,-0.348,7.0595,0.965,307.763,1.107,-0.254,7.3004999999999995,0.395,307.602,1.21,0.092,7.7725,-0.936,307.627,0.1,0.328,8.327,-1.2805,307.69,0.1,0.593,8.4575,-1.26,307.544,0.1,0.7155,8.526,1.06,307.614,0.919,
-0.4435,7.3225,0.94,307.74,0.789,-0.47600000000000003,8.7415,0.647,307.731,1.327,-0.563,8.3415,1.6355,307.872,1.122,-0.7070000000000001,8.26,1.9140000000000001,307.882,1.38,-0.403,8.500499999999999,1.1280000000000001,307.727,0.978,0.3275,8.2105,1.007,307.724,1.13,1.213,8.621500000000001,-0.196,307.79,0.138,1.77,8.1305,-1.262,307.802,0.109,1.4329999999999998,8.169,0.6014999999999999,307.832,1.02,0.31899999999999995,7.18,1.9845000000000002,307.996,2.067,-0.4375,7.257,0.193,307.654,0.849,-0.3125,7.3865,0.3085,307.686,1.161,0.082,7.6365,-0.914,307.713,0.1,0.471,8.0555,-1.2934999999999999,307.818,0.1,0.6445,8.515,0.6635,307.645,1.561,0.423,8.664000000000001,2.0095,307.828,0.581,
-0.20550000000000002,7.29,-0.307,307.557,0.85,-0.015999999999999993,8.948,-0.053500000000000006,307.716,0.807,-0.07850000000000001,8.468499999999999,1.182,307.884,0.422,-0.275,7.369,1.601,307.953,0.795,-0.2455,7.754,1.502,307.891,0.774,0.106,7.2765,2.1405000000000003,307.985,1.308,0.8995,7.9295,1.0215,307.904,1.599,1.4995,8.258,-0.855,307.746,0.266,1.3815,8.113,-0.1885,307.786,0.755,0.673,7.184,1.465,307.882,2.131,-0.017,7.495,0.044000000000000004,307.578,0.982,-0.196,7.6295,-0.11000000000000001,307.644,1.355,-0.076,7.8004999999999995,-0.985,307.757,0.1,0.2555,8.207,-0.11699999999999999,307.85,0.642,0.34450000000000003,8.223500000000001,2.247,307.924,1.573,0.024999999999999994,8.6225,0.8825000000000001,307.82,0.297,
0.2175,7.4079999999999995,-0.567,307.561,0.869,0.612,8.493500000000001,-0.801,307.607,0.696,0.6085,8.259,0.024999999999999998,307.693,0.225,0.34650000000000003,6.925,0.17149999999999999,307.7,0.369,0.0335,7.104,0.3125,307.722,0.344,-0.032999999999999995,6.4544999999999995,1.6345,307.94,0.737,0.5445,6.926,1.8735,307.965,1.63,1.0975,8.084,-0.6535,307.723,0.114,1.254,7.9685,-0.9544999999999999,307.654,0.602,1.058,7.1195,1.5945,307.904,2.008,0.6214999999999999,7.72,0.4195,307.645,1.027,0.34550000000000003,7.9555,0.1615,307.654,1.593,0.21050000000000002,8.241999999999999,-0.973,307.787,0.1,0.16449999999999998,8.762,1.009,307.938,0.528,0.07050000000000001,7.7645,2.6395,308.05,1.166,-0.0010000000000000009,8.13,-0.48,307.764,0.201,
0.2325,7.772,-0.2515,307.713,0.473,0.546,7.925,-0.7495,307.583,0.889,0.3945,7.974500000000001,-0.6890000000000001,307.568,0.197,-0.036000000000000004,7.1594999999999995,-0.88,307.544,0.154,-0.2885,6.8115000000000006,-0.8775,307.571,0.215,-0.3,6.066,0.292,307.679,0.235,-0.053500000000000006,6.213,2.016,307.934,1.199,0.4535,7.5525,-0.63,307.719,0.1,1.017,7.856999999999999,-0.9159999999999999,307.656,0.487,1.1429999999999998,7.1265,1.6035,308.018,1.344,1.0015,7.9205,0.539,307.802,0.442,1.1345,8.2485,0.4585,307.799,1.24,1.1444999999999999,8.6325,-1.01,307.869,0.1,0.5595,9.21,0.777,308.0,0.269,-0.0415,7.691000000000001,2.1295,308.03,0.603,0.08499999999999999,7.747,-0.181,307.756,0.162,
0.1845,8.3335,-0.173,307.719,0.13,0.356,7.9465,-0.41900000000000004,307.718,0.857,0.1405,8.0435,-0.9490000000000001,307.623,0.146,-0.21800000000000003,7.7385,-1.306,307.606,0.1,-0.244,6.963,-1.1789999999999998,307.654,0.111,-0.2985,6.0335,-0.735,307.627,0.101,-0.5215,6.1274999999999995,1.6720000000000002,307.888,0.971,-0.11499999999999999,7.074,-0.482,307.733,0.118,0.692,7.9795,-0.603,307.766,0.209,0.8795,7.4864999999999995,0.694,308.025,0.44,0.875,8.151,-0.132,307.877,0.14,1.307,8.516,-0.313,307.888,0.562,1.5915,8.7235,-1.2525,307.903,0.648,1.103,9.037500000000001,-0.42500000000000004,307.947,0.216,0.3585,7.843999999999999,1.084,307.927,0.364,0.313,7.985,0.9944999999999999,307.819,0.857,
0.596,8.706,-0.6174999999999999,307.645,0.1,0.6739999999999999,8.413499999999999,-0.6779999999999999,307.789,0.196,0.7284999999999999,8.5805,-0.6519999999999999,307.696,0.905,0.687,8.4775,-0.7955,307.697,0.1,0.6395,7.627000000000001,-0.7435,307.787,0.1,0.22999999999999998,6.359500000000001,-1.1215000000000002,307.788,0.1,-0.4275,6.462,1.1829999999999998,307.874,0.862,-0.39049999999999996,6.912,-0.092,307.797,1.074,0.11549999999999999,8.197,-0.634,307.868,0.1,0.2105,8.003499999999999,-0.5345,307.929,0.121,0.18,8.346,-1.154,307.836,0.1,0.5875,8.737,-1.1535,307.828,0.158,1.3045,8.5765,-0.742,307.817,0.943,1.6179999999999999,8.376999999999999,-1.0685,307.767,0.38,1.2155,7.797,0.6819999999999999,307.776,0.326,0.8385,8.4285,1.6535,307.855,1.028,
1.4725000000000001,8.535,-1.3370000000000002,307.708,0.1,1.496,8.5315,-1.4220000000000002,307.82,0.1,1.7225000000000001,8.904,0.369,307.777,1.279,1.774,9.2075,0.659,307.744,0.802,1.4385,8.472000000000001,-0.07100000000000001,307.814,0.114,0.7130000000000001,6.883,-1.1724999999999999,307.896,0.1,0.040999999999999995,6.962,0.511,307.884,0.601,-0.14700000000000002,7.08,0.629,307.928,1.299,-0.2065,8.233,-1.2665,308.008,0.1,-0.3195,8.11,-1.3375,307.839,0.1,-0.294,8.317499999999999,-1.293,307.725,0.1,0.1795,8.6645,-0.3615,307.719,0.127,1.168,8.343,0.6455,307.821,0.974,1.8035,7.9375,-0.47050000000000003,307.666,0.628,1.444,7.7780000000000005,1.191,307.765,0.521,0.953,8.6355,1.854,307.855,1.096,
2.3735,8.05,-1.21,307.798,0.1,2.4485,8.1535,-1.3085,307.803,0.1,2.3005,8.472999999999999,1.799,307.964,1.427,1.8795000000000002,9.553999999999998,1.736,307.913,1.294,1.3610000000000002,8.8305,0.035,307.791,0.374,0.768,7.1645,-1.141,307.864,0.1,0.4275,7.515,-0.38,307.868,0.201,0.3615,7.6265,1.3215,308.058,1.355,0.16,8.1715,-1.5425,308.098,0.1,0.052500000000000005,7.8705,-1.37,307.78,0.1,0.23650000000000002,8.093499999999999,-0.039,307.668,0.1,0.66,8.138,1.281,307.813,1.303,1.192,8.035,1.218,307.886,0.46,1.3555,7.91,-0.004000000000000002,307.707,0.603,0.7925,8.015,1.195,307.845,0.552,0.34650000000000003,8.716999999999999,1.5819999999999999,307.861,0.786,
2.6645000000000003,7.822,-0.1245,307.837,0.662,2.499,7.9895,-0.0635,307.779,0.116,1.67,7.805,2.625,308.2,1.385,0.982,9.169,1.893,308.024,1.79,0.827,8.4655,-0.16749999999999998,307.698,0.814,0.6930000000000001,7.109,-0.9724999999999999,307.78,0.1,0.379,8.0725,-1.1585,307.856,0.1,0.1835,8.6475,1.3455,308.152,1.072,0.2555,8.182500000000001,0.0,308.121,1.404,0.5,7.945499999999999,-0.503,307.863,0.975,0.6985,8.022,1.0695000000000001,307.851,1.086,0.859,7.523,1.4515,307.922,1.378,1.0735,7.6305,0.353,307.804,0.159,1.1015,7.8905,-0.531,307.668,0.165,0.5934999999999999,8.171,0.246,307.745,0.226,0.08,8.7635,0.5855,307.748,0.248,
1.8105,7.835,0.2845,307.89,0.727,1.299,8.067,0.5205,307.887,0.488,0.2925,7.534,1.9215,308.212,1.336,0.0445,8.763,1.764,308.077,1.805,0.603,8.128,0.403,307.731,1.299,0.9335,7.03,-0.837,307.803,0.103,0.43,8.351,-1.5675,307.937,0.1,-0.1905,9.279,0.829,308.153,0.515,-0.07799999999999999,8.205,2.0085,308.302,1.83,0.5365,8.136,0.443,308.037,1.19,0.952,8.082,0.5895,308.0,1.005,1.0,7.279,-0.031,307.904,0.833,1.0594999999999999,7.407,-0.8175,307.75,0.136,1.1435,7.828,-1.153,307.587,0.102,0.958,8.161,-0.6485000000000001,307.578,0.157,0.5715,8.763,-0.484,307.593,0.154,
0.813,9.196,-1.046,307.573,0.109,1.4415,7.864,1.2255,307.749,1.494,1.5275,7.817,-0.7665,307.627,0.681,1.2655,8.053,-1.368,307.57,0.289,1.0365,8.562000000000001,-1.106,307.571,0.1,0.9855,7.778499999999999,-1.154,307.651,0.1,1.0495,6.449,-0.5435,307.605,0.779,0.556,6.6754999999999995,0.3385,307.681,0.584,-0.047499999999999994,8.322500000000002,1.331,307.734,0.408,0.2175,8.1055,0.7105,307.69,1.221,0.859,7.6355,-0.6065,307.7,0.709,0.875,8.4785,1.408,307.669,1.162,0.157,8.002500000000001,2.029,307.613,1.118,-0.43400000000000005,7.816000000000001,-0.11649999999999999,307.331,0.452,-0.253,7.4239999999999995,-0.5855,307.375,0.752,0.256,7.7155000000000005,-0.7635000000000001,307.332,0.272,
0.633,8.879999999999999,-1.4905,307.507,0.1,1.4184999999999999,8.2055,1.7425000000000002,307.761,1.418,1.68,8.392,-0.16749999999999998,307.653,0.709,1.4514999999999998,8.030000000000001,-1.044,307.548,0.536,1.2865,8.213000000000001,-1.0805,307.539,0.1,1.067,7.9079999999999995,-1.1269999999999998,307.616,0.1,0.7635,7.2225,-0.7515000000000001,307.671,0.736,0.10149999999999998,7.2395,-0.8365,307.628,0.243,-0.4885,8.4085,-0.169,307.651,0.13,-0.07649999999999998,8.564499999999999,0.0020000000000000018,307.709,1.116,0.7465,7.682,0.8919999999999999,307.804,1.861,0.794,8.421,1.8165,307.834,0.943,0.36550000000000005,7.633,1.256,307.627,0.914,0.218,7.5975,-0.5765,307.358,0.44,0.37,7.7325,-0.981,307.309,0.432,0.491,8.2585,-0.7929999999999999,307.271,0.124,
0.28200000000000003,8.628499999999999,-1.1495,307.448,0.1,0.2255,8.6035,2.0875000000000004,307.804,1.101,0.3265,8.7225,0.1695,307.642,0.715,0.6154999999999999,7.9105,-0.5549999999999999,307.49,0.536,0.867,8.004999999999999,-0.621,307.42,0.687,0.8220000000000001,8.1825,-0.34650000000000003,307.513,0.433,0.4185,7.9815,-0.7110000000000001,307.669,0.645,-0.259,7.987500000000001,-1.2475,307.677,0.118,-0.5985,8.529499999999999,-1.343,307.578,0.112,-0.05899999999999997,8.489,-0.35150000000000003,307.646,1.17,0.721,7.5009999999999994,2.001,307.864,1.761,0.9465,8.212,0.7889999999999999,307.78,0.451,1.0365,7.558,0.0675,307.602,0.812,1.13,7.618,-0.7915000000000001,307.478,0.38,0.9005,8.1295,-0.906,307.338,0.149,0.586,8.7395,-1.08,307.314,0.101,
-0.06450000000000002,8.559000000000001,0.32999999999999996,307.508,1.369,-0.457,8.746,1.174,307.73,0.762,-0.38,8.4265,-0.582,307.574,0.635,0.10200000000000001,7.810499999999999,-0.7865,307.498,0.395,0.4605,8.046,-0.34199999999999997,307.451,0.709,0.6579999999999999,8.5245,0.2025,307.569,0.475,0.5255,8.513,-0.7525,307.594,0.423,0.14100000000000001,8.524000000000001,-1.1404999999999998,307.746,0.1,0.0675,8.5055,-1.6139999999999999,307.604,0.126,0.398,7.9675,0.6555,307.642,1.429,0.6465000000000001,7.1355,2.309,307.84,1.466,0.825,7.7485,-0.33799999999999997,307.578,0.748,1.1355,7.752,-0.7335,307.561,0.371,1.1804999999999999,8.014,-0.7415,307.529,0.211,0.796,8.336500000000001,-1.154,307.464,0.101,0.509,8.739999999999998,-1.6520000000000001,307.431,0.1,
-0.2025,8.2695,1.959,307.775,1.653,-0.03,8.4695,0.057999999999999996,307.571,0.952,0.2235,7.902000000000001,-0.964,307.482,0.756,0.33099999999999996,8.0895,-0.902,307.51,0.141,0.4365,8.2575,-0.7015,307.579,0.358,0.7855,8.657,-0.51,307.624,0.107,1.0470000000000002,8.758500000000002,-1.032,307.585,0.147,1.108,8.5855,-1.1005,307.807,0.1,0.9870000000000001,8.3065,-0.8705,307.659,0.1,0.6165,7.484999999999999,2.0745,307.823,1.713,0.2385,6.9915,1.912,307.806,1.379,0.275,7.359,-0.2895,307.465,0.93,0.5195,7.8565000000000005,-0.9565,307.566,0.109,0.528,8.3315,-0.8109999999999999,307.578,0.115,0.453,8.2835,-1.758,307.571,0.1,0.517,8.4665,-0.986,307.494,0.1,
-0.4065,7.801,2.246,307.884,1.313,-0.11350000000000002,8.366,0.194,307.566,1.2,0.10250000000000001,7.902000000000001,0.376,307.572,1.067,0.0020000000000000018,8.483,0.4655,307.567,1.126,0.14300000000000002,8.462,-0.27749999999999997,307.629,0.49,0.7509999999999999,8.5335,-0.5865,307.673,0.1,1.4125,8.762,-1.0495,307.749,0.108,1.7405,8.2665,-1.3625,307.879,0.1,1.36,8.1115,0.2935,307.733,0.117,0.36150000000000004,7.247,2.615,308.003,1.942,-0.2885,7.0905000000000005,1.0645,307.749,1.058,-0.163,7.2780000000000005,0.3295,307.585,1.128,0.13849999999999998,7.7425,-0.9335,307.637,0.1,0.27149999999999996,8.177,-1.2974999999999999,307.732,0.1,0.42600000000000005,8.249,-1.2934999999999999,307.556,0.1,0.583,8.4015,1.0514999999999999,307.617,0.826,
-0.5425,7.589,1.0619999999999998,307.739,0.708,-0.45099999999999996,8.7745,0.5045,307.713,1.219,-0.497,8.365,1.681,307.859,0.981,-0.6465000000000001,8.2695,2.01,307.869,1.257,-0.352,8.3235,1.1855,307.745,0.873,0.378,8.06,1.039,307.752,0.647,1.217,8.499500000000001,-0.248,307.832,0.119,1.6855,8.0595,-1.3565,307.854,0.105,1.351,8.057500000000001,0.6425000000000001,307.83,0.949,0.31500000000000006,7.197,2.0949999999999998,307.975,2.056,-0.392,7.2795000000000005,0.2875,307.643,0.804,-0.249,7.406499999999999,0.2415,307.665,1.092,0.0935,7.63,-0.9145000000000001,307.712,0.1,0.363,7.866,-1.3325,307.837,0.1,0.51,8.319,0.6305000000000001,307.643,1.537,0.4315,8.615,2.0785,307.812,0.462,
-0.3795,7.558,-0.261,307.576,0.734,-0.08850000000000001,9.0075,-0.14800000000000002,307.708,0.713,-0.133,8.641,1.2585,307.884,0.348,-0.29500000000000004,7.5755,1.6989999999999998,307.941,0.689,-0.22000000000000003,7.828,1.6,307.883,0.669,0.1405,7.2645,2.27,307.974,1.206,0.8915,7.849,1.0125,307.9,1.528,1.4425,8.0815,-0.927,307.768,0.186,1.351,8.053,-0.16549999999999998,307.778,0.694,0.7104999999999999,7.211,1.4969999999999999,307.859,2.095,0.04300000000000001,7.4825,0.126,307.566,0.932,-0.16299999999999998,7.644,-0.168,307.617,1.273,-0.11499999999999999,7.798,-0.9924999999999999,307.753,0.1,0.174,8.0145,-0.187,307.86,0.385,0.387,8.150500000000001,2.2915,307.908,1.564,0.2215,8.652000000000001,0.98,307.815,0.268,
0.0475,7.5555,-0.5925,307.564,0.761,0.46799999999999997,8.5945,-0.821,307.607,0.603,0.46099999999999997,8.48,0.0955,307.71,0.192,0.19799999999999998,7.197,0.20850000000000002,307.706,0.297,-0.07450000000000001,7.323,0.375,307.734,0.286,-0.042499999999999996,6.58,1.729,307.933,0.615,0.602,6.9245,1.9104999999999999,307.947,1.592,1.123,7.897,-0.663,307.73,0.109,1.2425,7.958,-0.9735,307.651,0.539,1.0985,7.173,1.592,307.88,1.943,0.7025,7.6905,0.483,307.629,0.97,0.3545,7.9485,0.09,307.623,1.509,0.1355,8.261,-0.9935,307.784,0.1,0.1565,8.677499999999998,0.9655,307.935,0.488,0.241,7.7995,2.7565,308.041,1.176,0.222,8.178,-0.4445,307.776,0.228,
0.1,7.8055,-0.3145,307.708,0.384,0.34099999999999997,8.0455,-0.7705,307.586,0.763,0.1845,8.1865,-0.645,307.561,0.163,-0.2595,7.3845,-0.872,307.551,0.134,-0.512,7.004,-0.879,307.585,0.177,-0.386,6.2125,0.306,307.689,0.187,0.044,6.246,2.0805,307.919,1.162,0.5365,7.3934999999999995,-0.6225,307.734,0.1,0.9915,7.864,-1.0185,307.651,0.412,1.1505,7.2265,1.5939999999999999,307.992,1.216,1.075,7.9285,0.573,307.79,0.382,1.1364999999999998,8.2765,0.368,307.776,1.149,1.0545,8.7165,-1.046,307.877,0.1,0.5675,9.2685,0.795,307.999,0.251,0.14550000000000002,7.754,2.251,308.025,0.592,0.28049999999999997,7.7475000000000005,-0.23349999999999999,307.77,0.378,
0.11699999999999999,8.352,-0.2215,307.715,0.126,0.1915,8.0175,-0.48850000000000005,307.706,0.697,-0.032,8.194500000000001,-0.979,307.62,0.124,-0.4045,7.8625,-1.334,307.615,0.1,-0.4535,7.019,-1.237,307.671,0.106,-0.4095,6.086,-0.747,307.646,0.1,-0.455,6.1355,1.75,307.878,0.908,-0.037000000000000005,6.9245,-0.486,307.761,0.109,0.6745,7.9479999999999995,-0.743,307.765,0.169,0.8895,7.5855,0.672,308.017,0.345,0.9339999999999999,8.2045,-0.136,307.875,0.127,1.272,8.5745,-0.38849999999999996,307.883,0.469,1.4055,8.8265,-1.314,307.925,0.387,0.9400000000000001,9.1405,-0.3785,307.959,0.212,0.391,7.8725000000000005,1.178,307.925,0.337,0.46599999999999997,7.9525,0.9615,307.816,0.815,
0.6715,8.749,-0.617,307.647,0.1,0.6605,8.398,-0.73,307.781,0.162,0.6499999999999999,8.6255,-0.7505,307.729,0.524,0.5780000000000001,8.491,-0.861,307.728,0.1,0.502,7.548500000000001,-0.8265,307.822,0.1,0.125,6.32,-1.1284999999999998,307.809,0.1,-0.4165,6.434,1.2530000000000001,307.864,0.798,-0.3395,6.772,-0.1195,307.812,0.975,0.123,8.1175,-0.694,307.905,0.1,0.22499999999999998,8.063500000000001,-0.5549999999999999,307.945,0.111,0.1885,8.3565,-1.1675,307.849,0.1,0.487,8.733,-1.194,307.841,0.13,1.0485,8.600999999999999,-0.8405,307.82,0.873,1.3359999999999999,8.4175,-1.0655000000000001,307.775,0.388,1.113,7.774,0.758,307.778,0.278,0.9365,8.408,1.709,307.844,0.972,
1.5295,8.5525,-1.311,307.737,0.1,1.5225,8.4505,-1.392,307.849,0.1,1.721,8.877500000000001,0.3415,307.79,1.163,1.7690000000000001,9.166,0.6455,307.765,0.469,1.4075000000000002,8.336500000000001,-0.123,307.846,0.107,0.6605000000000001,6.8285,-1.153,307.921,0.1,0.031000000000000014,6.911,0.5395000000000001,307.875,0.524,-0.13,6.9670000000000005,0.567,307.919,1.237,-0.218,8.155000000000001,-1.222,308.052,0.1,-0.3665,8.1455,-1.3265,307.864,0.1,-0.38749999999999996,8.193000000000001,-1.2805,307.743,0.1,0.04450000000000001,8.5715,-0.373,307.733,0.114,1.018,8.3155,0.5880000000000001,307.806,0.856,1.663,7.917,-0.526,307.661,0.551,1.401,7.755,1.259,307.759,0.431,1.06,8.634,1.9435,307.843,1.005,
2.3129999999999997,7.995,-1.23,307.846,0.1,2.3834999999999997,8.026499999999999,-1.2530000000000001,307.845,0.1,2.3085,8.4285,1.9175,307.962,1.364,1.9689999999999999,9.5155,1.8235000000000001,307.898,1.181,1.443,8.678,0.040999999999999995,307.807,0.243,0.772,7.121,-1.1115,307.887,0.1,0.40800000000000003,7.4395,-0.378,307.862,0.162,0.39149999999999996,7.5440000000000005,1.2345000000000002,308.043,1.315,0.1525,8.117,-1.5055,308.132,0.1,-0.0675,7.859999999999999,-1.396,307.805,0.1,0.063,7.8865,-0.0065,307.682,0.107,0.5325,8.0735,1.305,307.804,1.224,1.152,8.073500000000001,1.2425,307.871,0.358,1.337,7.906,-0.0655,307.698,0.486,0.8015,8.054,1.267,307.836,0.426,0.4825,8.7515,1.6515,307.852,0.646,
2.575,7.74,-0.20800000000000002,307.86,0.396,2.4025,7.859999999999999,-0.035,307.804,0.108,1.6665,7.781499999999999,2.817,308.191,1.327,1.0955,9.149000000000001,2.0225,308.006,1.709,0.9769999999999999,8.283,-0.14800000000000002,307.708,0.476,0.7565,7.0455000000000005,-0.995,307.796,0.1,0.3925,7.994999999999999,-1.145,307.867,0.1,0.28700000000000003,8.6,1.2770000000000001,308.139,1.012,0.3205,8.141,-0.0035,308.137,1.311,0.41900000000000004,7.8925,-0.607,307.87,0.874,0.606,7.895999999999999,1.0510000000000002,307.842,0.995,0.8654999999999999,7.6175,1.4885,307.899,1.289,1.1465,7.769500000000001,0.39749999999999996,307.791,0.143,1.1215,7.9399999999999995,-0.5645,307.663,0.142,0.5555,8.274999999999999,0.314,307.744,0.184,0.10999999999999999,8.856,0.6345000000000001,307.744,0.202,
1.7745,7.766,0.197,307.886,0.615,1.2475,7.957,0.5495,307.887,0.399,0.312,7.533,2.0765000000000002,308.197,1.276,0.1555,8.752,1.8815,308.058,1.751,0.724,7.927,0.4005,307.724,1.226,0.9515,6.948,-0.9075,307.819,0.101,0.378,8.286,-1.5565,307.961,0.1,-0.1595,9.253,0.8205,308.151,0.447,-0.023000000000000007,8.169,2.0709999999999997,308.291,1.781,0.5365,8.081,0.361,308.026,1.089,0.99,8.04,0.497,307.988,0.887,1.1055000000000001,7.473,-0.0135,307.899,0.716,1.1495,7.586,-0.7885,307.75,0.122,1.1164999999999998,7.902,-1.1564999999999999,307.586,0.101,0.8165,8.29,-0.6134999999999999,307.581,0.135,0.434,8.886,-0.46199999999999997,307.605,0.133,
0.8564999999999999,9.133,-1.0075,307.569,0.107,1.5354999999999999,7.8825,1.054,307.728,1.453,1.6640000000000001,7.804,-0.789,307.621,0.622,1.3575,7.962999999999999,-1.3435000000000001,307.582,0.115,1.014,8.4865,-1.078,307.601,0.1,0.8819999999999999,7.792,-1.123,307.687,0.1,0.9295,6.538,-0.6485,307.607,0.697,0.47450000000000003,6.7844999999999995,0.3795,307.669,0.493,-0.035,8.353,1.432,307.725,0.333,0.295,7.9805,0.607,307.68,1.151,0.8925000000000001,7.58,-0.726,307.733,0.165,0.8935,8.366499999999998,1.4405000000000001,307.668,1.057,0.236,8.048,2.1445,307.599,1.057,-0.3365,7.926499999999999,-0.0475,307.334,0.397,-0.15450000000000003,7.4975000000000005,-0.651,307.359,0.662,0.3315,7.6685,-0.8375,307.28,0.184,
0.6805,8.783999999999999,-1.401,307.508,0.1,1.559,8.2085,1.6075,307.742,1.399,1.8664999999999998,8.346,-0.20450000000000002,307.646,0.646,1.588,7.884,-1.0594999999999999,307.557,0.474,1.3375,8.068,-1.067,307.559,0.1,0.9924999999999999,7.862,-1.112,307.65,0.1,0.5525,7.282500000000001,-0.8240000000000001,307.677,0.616,-0.11800000000000002,7.3315,-0.8265,307.627,0.168,-0.5820000000000001,8.435500000000001,-0.114,307.646,0.123,-0.08199999999999999,8.5045,-0.07,307.697,1.072,0.75,7.65,0.75,307.795,1.796,0.889,8.446,1.8719999999999999,307.822,0.788,0.623,7.804,1.2965,307.617,0.823,0.53,7.705,-0.5535,307.379,0.375,0.599,7.7935,-1.0335,307.292,0.326,0.5635,8.212,-0.8374999999999999,307.249,0.105,
0.3025,8.54,-1.121,307.466,0.1,0.4665,8.636,2.0815,307.787,1.081,0.6625,8.721499999999999,0.158,307.642,0.642,0.8285,7.78,-0.5994999999999999,307.48,0.46,0.9835,7.8185,-0.634,307.42,0.628,0.8465,8.1035,-0.396,307.517,0.131,0.3135,7.959,-0.758,307.663,0.512,-0.40549999999999997,8.0125,-1.2435,307.696,0.101,-0.7395,8.4945,-1.33,307.581,0.121,-0.1575,8.468,-0.364,307.647,1.133,0.8495,7.54,1.966,307.844,1.725,1.3165,8.349,0.856,307.786,0.383,1.459,7.779,0.006,307.587,0.7,1.49,7.680999999999999,-0.8160000000000001,307.504,0.289,1.1219999999999999,8.1485,-0.919,307.355,0.113,0.596,8.700500000000002,-1.053,307.311,0.1,
0.041999999999999996,8.509,0.3,307.508,1.253,-0.151,8.8335,1.245,307.725,0.701,-0.015,8.4585,-0.5754999999999999,307.589,0.581,0.307,7.682,-0.8140000000000001,307.496,0.291,0.5505,7.816,-0.364,307.431,0.617,0.7335,8.451,0.1335,307.558,0.339,0.532,8.4345,-0.7905,307.562,0.286,0.02700000000000001,8.517,-1.153,307.773,0.1,-0.14200000000000002,8.4205,-1.5979999999999999,307.615,0.15,0.25849999999999995,7.9345,0.7030000000000001,307.65,1.403,0.8295,7.1835,2.3659999999999997,307.82,1.431,1.2475,7.843,-0.2915,307.601,0.683,1.5110000000000001,7.861,-0.81,307.545,0.243,1.4035,7.984500000000001,-0.783,307.568,0.109,0.8434999999999999,8.3045,-1.1345,307.501,0.1,0.369,8.6755,-1.6099999999999999,307.448,0.1,
-0.021000000000000005,8.303,2.0010000000000003,307.756,1.576,0.252,8.559999999999999,0.0865,307.583,0.881,0.496,7.8555,-0.9824999999999999,307.5,0.657,0.505,7.908999999999999,-0.9305000000000001,307.552,0.103,0.5455,7.939,-0.731,307.608,0.24,0.8835,8.539,-0.5825,307.621,0.105,1.0625,8.671,-1.0805,307.579,0.12,0.9730000000000001,8.6155,-1.1175000000000002,307.837,0.1,0.7745,8.187000000000001,-0.8280000000000001,307.681,0.101,0.521,7.4365000000000006,2.1915,307.821,1.697,0.3675,7.022,1.9965000000000002,307.787,1.331,0.491,7.3485,-0.3085,307.467,0.856,0.6719999999999999,7.843,-0.986,307.575,0.101,0.576,8.220500000000001,-0.836,307.635,0.101,0.35650000000000004,8.1665,-1.7335,307.6,0.1,0.316,8.342500000000001,-1.0030000000000001,307.52,0.1,
-0.28300000000000003,7.9585,2.3665,307.864,1.252,0.077,8.4125,0.10099999999999999,307.558,1.114,0.2855,7.804,0.356,307.571,0.969,0.125,8.3185,0.4635,307.591,1.004,0.23349999999999999,8.1205,-0.2975,307.704,0.14,0.8320000000000001,8.350999999999999,-0.6545,307.718,0.1,1.4165,8.658999999999999,-1.109,307.789,0.1,1.626,8.2995,-1.392,307.922,0.1,1.2115,7.975,0.3425,307.753,0.101,0.3095,7.227,2.76,307.988,1.929,-0.2285,7.1225000000000005,1.155,307.736,1.008,-0.07200000000000001,7.2555,0.2555,307.569,1.046,0.185,7.7125,-0.931,307.648,0.1,0.2145,8.0275,-1.2955,307.775,0.1,0.2585,8.04,-1.3105,307.568,0.1,0.4505,8.2765,1.0305,307.621,0.733,
-0.6425,7.8555,1.162,307.738,0.627,-0.426,8.808499999999999,0.347,307.694,1.111,-0.43,8.388,1.709,307.845,0.84,-0.5854999999999999,8.278500000000001,2.0815,307.857,1.134,-0.3005,8.1465,1.22,307.764,0.769,0.4285,7.9095,1.0575,307.78,0.165,1.2205,8.3775,-0.29700000000000004,307.873,0.101,1.6005,7.988,-1.4275,307.907,0.1,1.2685,7.946,0.675,307.828,0.879,0.311,7.215,2.1875,307.954,2.045,-0.347,7.302,0.383,307.632,0.759,-0.1865,7.427,0.16899999999999998,307.643,1.024,0.10500000000000001,7.622999999999999,-0.911,307.712,0.1,0.2555,7.6775,-1.351,307.856,0.1,0.3755,8.123,0.5820000000000001,307.64,1.513,0.4405,8.5655,2.1174999999999997,307.797,0.343,
-0.5535,7.8260000000000005,-0.2195,307.594,0.619,-0.1605,9.067499999999999,-0.25,307.701,0.619,-0.187,8.8135,1.325,307.884,0.275,-0.3155,7.7815,1.779,307.928,0.584,-0.195,7.9025,1.6715,307.875,0.564,0.1755,7.2525,2.3735,307.963,1.103,0.8845000000000001,7.7684999999999995,0.992,307.895,1.456,1.3860000000000001,7.905,-0.9889999999999999,307.791,0.107,1.321,7.993,-0.14500000000000002,307.77,0.633,0.749,7.239,1.516,307.836,2.059,0.10400000000000001,7.4695,0.20700000000000002,307.554,0.882,-0.13,7.6585,-0.21550000000000002,307.591,1.192,-0.1545,7.795,-0.989,307.749,0.1,0.0925,7.821999999999999,-0.2565,307.871,0.127,0.429,8.078,2.2984999999999998,307.892,1.555,0.41700000000000004,8.6805,1.0575,307.811,0.239,
-0.12149999999999998,7.702500000000001,-0.6025,307.566,0.653,0.325,8.6955,-0.838,307.606,0.509,0.314,8.7005,0.1605,307.726,0.159,0.049499999999999995,7.4685,0.248,307.712,0.226,-0.183,7.5425,0.4325,307.745,0.229,-0.052500000000000005,6.7059999999999995,1.8,307.925,0.493,0.6595,6.923,1.92,307.928,1.555,1.149,7.71,-0.6705000000000001,307.737,0.104,1.232,7.948,-0.9804999999999999,307.649,0.477,1.1389999999999998,7.227,1.5739999999999998,307.855,1.878,0.7835,7.6605,0.5395,307.613,0.913,0.36400000000000005,7.940999999999999,0.0265,307.591,1.426,0.061000000000000006,8.280000000000001,-1.0030000000000001,307.782,0.1,0.1485,8.593,0.899,307.931,0.447,0.411,7.835,2.839,308.032,1.187,0.4455,8.226,-0.4065,307.788,0.254,
-0.03200000000000001,7.8385,-0.361,307.704,0.295,0.137,8.166,-0.7775000000000001,307.59,0.637,-0.024999999999999994,8.398,-0.6054999999999999,307.555,0.128,-0.4835,7.6095,-0.8525,307.557,0.115,-0.736,7.1965,-0.864,307.599,0.138,-0.472,6.359999999999999,0.3165,307.699,0.138,0.142,6.2795000000000005,2.1155,307.904,1.124,0.6194999999999999,7.2345,-0.614,307.749,0.1,0.9655,7.8715,-1.0950000000000002,307.647,0.337,1.158,7.3260000000000005,1.5659999999999998,307.965,1.088,1.1484999999999999,7.9365,0.5965,307.779,0.321,1.138,8.3045,0.2745,307.753,1.058,0.964,8.8005,-1.0655000000000001,307.884,0.1,0.5760000000000001,9.3275,0.7935000000000001,307.998,0.234,0.33299999999999996,7.8165,2.347,308.02,0.58,0.47550000000000003,7.7490000000000006,-0.2865,307.784,0.595,
0.049,8.370000000000001,-0.26549999999999996,307.712,0.121,0.027,8.088000000000001,-0.538,307.694,0.537,-0.2045,8.345500000000001,-0.9984999999999999,307.617,0.102,-0.591,7.9864999999999995,-1.3465,307.624,0.1,-0.6625,7.0755,-1.2734999999999999,307.689,0.1,-0.5205,6.1385000000000005,-0.7505,307.664,0.1,-0.38849999999999996,6.1445,1.8094999999999999,307.869,0.846,0.04100000000000001,6.7755,-0.493,307.79,0.1,0.657,7.9165,-0.8565,307.765,0.128,0.8995,7.6845,0.6375,308.01,0.25,0.9930000000000001,8.258,-0.1405,307.872,0.114,1.237,8.633,-0.45899999999999996,307.878,0.375,1.2195,8.9295,-1.3455,307.947,0.125,0.7769999999999999,9.244,-0.3295,307.97,0.208,0.423,7.9005,1.2555,307.923,0.311,0.6185,7.9205000000000005,0.9059999999999999,307.812,0.772,
0.7464999999999999,8.7915,-0.616,307.648,0.1,0.6465000000000001,8.3825,-0.769,307.773,0.127,0.5715,8.67,-0.8335,307.763,0.144,0.4685,8.5045,-0.9185,307.76,0.1,0.3635,7.4704999999999995,-0.895,307.857,0.1,0.01999999999999999,6.2805,-1.1265,307.829,0.1,-0.4045,6.406000000000001,1.3125,307.854,0.733,-0.28800000000000003,6.632,-0.15200000000000002,307.826,0.876,0.131,8.038,-0.7415,307.943,0.1,0.24,8.124,-0.5765,307.96,0.101,0.1975,8.3665,-1.165,307.862,0.1,0.38749999999999996,8.7285,-1.2175,307.854,0.102,0.7935,8.625499999999999,-0.917,307.823,0.802,1.0545,8.458,-1.0495,307.783,0.395,1.0110000000000001,7.7515,0.825,307.78,0.23,1.0354999999999999,8.387,1.7385000000000002,307.832,0.915,
1.5865,8.57,-1.2745,307.766,0.1,1.549,8.370000000000001,-1.355,307.878,0.1,1.7195,8.8505,0.317,307.804,1.047,1.764,9.1245,0.6245,307.785,0.137,1.376,8.201,-0.17099999999999999,307.878,0.1,0.607,6.774,-1.127,307.947,0.1,0.019999999999999997,6.859,0.5695,307.865,0.448,-0.113,6.8535,0.492,307.91,1.176,-0.22949999999999998,8.0775,-1.173,308.097,0.1,-0.4145,8.1815,-1.3039999999999998,307.889,0.1,-0.482,8.068,-1.2495,307.761,0.1,-0.0905,8.4785,-0.376,307.748,0.1,0.8684999999999999,8.2875,0.519,307.79,0.738,1.5225,7.896,-0.5740000000000001,307.656,0.474,1.358,7.7330000000000005,1.3199999999999998,307.754,0.341,1.167,8.6325,2.013,307.832,0.914,
2.253,7.9395,-1.236,307.894,0.1,2.318,7.899000000000001,-1.1880000000000002,307.887,0.1,2.316,8.384,2.029,307.959,1.301,2.059,9.4775,1.896,307.883,1.069,1.526,8.526,0.049,307.822,0.112,0.7765,7.077500000000001,-1.0755,307.91,0.1,0.38849999999999996,7.3635,-0.35850000000000004,307.856,0.123,0.422,7.462,1.121,308.027,1.275,0.146,8.0625,-1.4580000000000002,308.167,0.1,-0.187,7.85,-1.3955,307.829,0.1,-0.11,7.6785,0.0235,307.697,0.113,0.405,8.009,1.314,307.796,1.146,1.112,8.1115,1.2395,307.855,0.256,1.319,7.9015,-0.124,307.69,0.369,0.8105,8.0935,1.334,307.826,0.301,0.6185,8.7865,1.704,307.843,0.506,
2.4859999999999998,7.657500000000001,-0.29000000000000004,307.882,0.13,2.306,7.73,-0.004000000000000001,307.83,0.1,1.6625,7.7575,2.995,308.182,1.269,1.2085,9.1295,2.1375,307.988,1.629,1.1265,8.101,-0.1255,307.718,0.138,0.8205,6.9825,-1.0095,307.812,0.1,0.4065,7.9175,-1.1099999999999999,307.879,0.1,0.39,8.553,1.1760000000000002,308.126,0.951,0.3845,8.099,-0.0015,308.153,1.218,0.3375,7.839,-0.6930000000000001,307.878,0.772,0.5135000000000001,7.769500000000001,1.0075,307.832,0.904,0.8715,7.7115,1.5025,307.876,1.201,1.2195,7.9079999999999995,0.425,307.778,0.128,1.142,7.989000000000001,-0.589,307.657,0.119,0.518,8.379000000000001,0.385,307.742,0.143,0.14049999999999999,8.9485,0.6735,307.74,0.155,
1.7389999999999999,7.697,0.1055,307.881,0.503,1.196,7.847,0.5725,307.886,0.31,0.3315,7.531,2.2195,308.181,1.216,0.2675,8.741,1.9829999999999999,308.04,1.698,0.8455,7.726,0.3885,307.718,1.153,0.9690000000000001,6.866,-0.97,307.834,0.1,0.325,8.221,-1.5295,307.984,0.1,-0.129,9.227,0.788,308.149,0.379,0.0325,8.133,2.1189999999999998,308.28,1.732,0.537,8.025,0.2745,308.015,0.987,1.028,7.998,0.3855,307.975,0.77,1.2109999999999999,7.666,0.0025,307.894,0.599,1.2395,7.764,-0.7555000000000001,307.749,0.108,1.089,7.976,-1.1444999999999999,307.584,0.1,0.6745,8.419,-0.569,307.585,0.112,0.297,9.009,-0.4385,307.618,0.112,
0.8945,8.947,-0.966,307.555,0.106,1.595,7.8875,0.871,307.712,1.398,1.745,7.782500000000001,-0.8069999999999999,307.618,0.57,1.4024999999999999,7.902,-1.302,307.601,0.105,0.953,8.4365,-1.03,307.634,0.1,0.6915,7.827500000000001,-1.081,307.724,0.1,0.6885,6.7425,-0.7404999999999999,307.626,0.61,0.3465,6.9345,0.41400000000000003,307.658,0.405,-0.0115,8.3625,1.5175,307.717,0.293,0.3475,7.881,0.484,307.676,1.073,0.8779999999999999,7.577,-0.8295,307.785,0.126,0.8885,8.2605,1.457,307.672,0.951,0.356,8.0815,2.23,307.586,0.97,-0.1245,8.022,0.02,307.343,0.354,0.049,7.62,-0.7130000000000001,307.342,0.563,0.44799999999999995,7.7295,-0.904,307.258,0.153,
0.7525,8.6285,-1.299,307.513,0.1,1.633,8.18,1.4340000000000002,307.725,1.369,1.964,8.2465,-0.244,307.637,0.589,1.6804999999999999,7.7835,-1.0615,307.573,0.316,1.3515000000000001,7.9510000000000005,-1.0379999999999998,307.586,0.1,0.8765000000000001,7.846500000000001,-1.0830000000000002,307.691,0.1,0.34149999999999997,7.384,-0.8665,307.717,0.505,-0.261,7.444,-0.8095,307.636,0.141,-0.583,8.4295,-0.064,307.641,0.118,-0.06099999999999997,8.419,-0.15,307.69,1.027,0.736,7.623,0.5885,307.798,1.71,0.9775,8.418,1.892,307.814,0.681,0.89,7.9535,1.3145,307.609,0.718,0.874,7.8145,-0.529,307.4,0.32,0.876,7.8885000000000005,-1.0685,307.3,0.256,0.675,8.2445,-0.8654999999999999,307.246,0.103,
0.3275,8.447,-1.072,307.482,0.1,0.7030000000000001,8.6415,2.0175,307.771,1.06,1.021,8.6685,0.138,307.65,0.58,1.0875,7.7245,-0.63,307.49,0.392,1.1215000000000002,7.6395,-0.6355,307.431,0.567,0.8775000000000001,8.0225,-0.4465,307.529,0.111,0.25,7.9355,-0.7795000000000001,307.687,0.352,-0.47350000000000003,8.035,-1.224,307.727,0.1,-0.7785,8.427499999999998,-1.3094999999999999,307.589,0.113,-0.197,8.417000000000002,-0.3675,307.644,1.093,0.8925,7.556,1.887,307.83,1.673,1.5205,8.404,0.8965000000000001,307.782,0.336,1.74,7.9455,-0.047,307.591,0.559,1.7494999999999998,7.746499999999999,-0.8274999999999999,307.523,0.224,1.303,8.1775,-0.9125000000000001,307.385,0.107,0.63,8.6985,-1.005,307.324,0.1,
0.0975,8.4555,0.27149999999999996,307.513,0.782,0.1805,8.915,1.2765,307.72,0.638,0.42999999999999994,8.472999999999999,-0.5640000000000001,307.605,0.522,0.5985,7.623,-0.823,307.508,0.226,0.7125,7.6015,-0.371,307.439,0.521,0.8260000000000001,8.3335,0.0555,307.544,0.273,0.537,8.356,-0.813,307.574,0.204,-0.06349999999999999,8.49,-1.1505,307.812,0.1,-0.3045,8.312,-1.5675,307.63,0.224,0.14800000000000002,7.894500000000001,0.7555000000000001,307.654,1.376,0.9325,7.225,2.3834999999999997,307.804,1.386,1.4805,7.933,-0.2445,307.61,0.618,1.702,7.937,-0.863,307.554,0.186,1.522,7.9635,-0.8065,307.596,0.103,0.8715,8.274000000000001,-1.095,307.54,0.1,0.2835,8.636500000000002,-1.5394999999999999,307.472,0.1,
0.0955,8.3215,2.02,307.742,1.488,0.49350000000000005,8.6775,0.1095,307.591,0.8,0.7435,7.8345,-0.9844999999999999,307.514,0.527,0.6805000000000001,7.748,-0.94,307.586,0.101,0.6975,7.6585,-0.7464999999999999,307.647,0.179,0.989,8.3765,-0.6535,307.622,0.104,1.037,8.591,-1.1164999999999998,307.613,0.111,0.8035,8.615,-1.1235,307.878,0.1,0.55,8.068,-0.772,307.696,0.134,0.424,7.397,2.298,307.82,1.677,0.49049999999999994,7.0565,2.0555000000000003,307.772,1.268,0.6805,7.4005,-0.3225,307.469,0.784,0.79,7.856,-1.005,307.585,0.1,0.6045,8.137,-0.8454999999999999,307.677,0.1,0.245,8.058499999999999,-1.6840000000000002,307.632,0.1,0.137,8.255500000000001,-1.001,307.549,0.1,
-0.182,8.0905,2.458,307.845,1.176,0.21050000000000002,8.4855,0.002999999999999999,307.553,1.023,0.40449999999999997,7.7295,0.33199999999999996,307.573,0.868,0.22949999999999998,8.123999999999999,0.46,307.626,0.632,0.3465,7.781000000000001,-0.318,307.759,0.114,0.9005,8.1405,-0.722,307.767,0.1,1.3584999999999998,8.556000000000001,-1.1585,307.845,0.1,1.4569999999999999,8.338000000000001,-1.4015,307.968,0.1,1.0390000000000001,7.8605,0.394,307.769,0.102,0.255,7.214,2.8845,307.974,1.915,-0.157,7.151,1.237,307.724,0.947,0.04050000000000001,7.272,0.172,307.554,0.959,0.2545,7.7385,-0.929,307.656,0.1,0.17400000000000002,7.922499999999999,-1.2745,307.807,0.1,0.08099999999999999,7.842499999999999,-1.3105,307.579,0.1,0.2945,8.164,0.997,307.631,0.642,
-0.6695,8.0585,1.2385000000000002,307.734,0.552,-0.39749999999999996,8.8095,0.174,307.681,0.992,-0.3715,8.3705,1.718,307.833,0.72,-0.5,8.2235,2.127,307.853,1.01,-0.208,7.9295,1.2305000000000001,307.79,0.675,0.499,7.7395,1.062,307.817,0.125,1.2185000000000001,8.239,-0.3435,307.917,0.1,1.504,7.986,-1.4740000000000002,307.96,0.1,1.177,7.85,0.6990000000000001,307.83,0.814,0.3085,7.234,2.2615,307.935,2.023,-0.2975,7.317,0.47950000000000004,307.622,0.714,-0.123,7.4505,0.091,307.625,0.949,0.1215,7.673500000000001,-0.903,307.712,0.1,0.156,7.5645,-1.348,307.871,0.1,0.242,7.919499999999999,0.5175000000000001,307.635,1.478,0.42200000000000004,8.466,2.125,307.783,0.279,
-0.6255,8.019,-0.183,307.605,0.459,-0.2175,9.046,-0.3605,307.697,0.543,-0.231,8.892,1.381,307.887,0.242,-0.3115,7.9145,1.8405,307.923,0.486,-0.152,7.964,1.7145000000000001,307.87,0.474,0.23850000000000002,7.221,2.4495,307.957,0.993,0.911,7.6565,0.9595,307.897,1.383,1.343,7.814,-1.0405,307.836,0.102,1.2845,7.936,-0.1275,307.766,0.566,0.7885,7.262499999999999,1.521,307.817,2.005,0.1875,7.4565,0.2875,307.545,0.832,-0.066,7.675,-0.2525,307.558,1.095,-0.1725,7.8345,-0.975,307.746,0.1,0.014999999999999986,7.7185,-0.3255,307.878,0.11,0.46299999999999997,7.984999999999999,2.2655000000000003,307.877,1.538,0.5915,8.635,1.1135000000000002,307.794,0.231,
-0.28350000000000003,7.84,-0.5965,307.595,0.424,0.128,8.7195,-0.852,307.61,0.436,0.10950000000000001,8.8445,0.219,307.733,0.148,-0.146,7.705,0.2895,307.724,0.189,-0.31,7.779,0.48550000000000004,307.741,0.194,-0.05299999999999999,6.802,1.8465,307.916,0.391,0.719,6.8965,1.9005,307.913,1.506,1.181,7.582,-0.6755,307.764,0.102,1.2254999999999998,7.939,-0.9744999999999999,307.651,0.421,1.1735,7.255,1.5394999999999999,307.834,1.783,0.8720000000000001,7.6395,0.588,307.601,0.842,0.41800000000000004,7.942,-0.028,307.562,1.319,0.034499999999999996,8.305,-1.001,307.784,0.1,0.1275,8.535,0.808,307.931,0.418,0.527,7.8585,2.885,308.025,1.178,0.629,8.25,-0.366,307.794,0.266,
-0.231,7.92,-0.39,307.705,0.24,-0.138,8.2385,-0.769,307.596,0.504,-0.28049999999999997,8.5775,-0.571,307.538,0.119,-0.7030000000000001,7.8375,-0.8215,307.562,0.109,-0.91,7.3919999999999995,-0.831,307.604,0.124,-0.5185,6.4830000000000005,0.323,307.709,0.121,0.246,6.307,2.1185,307.892,1.085,0.7190000000000001,7.108499999999999,-0.6034999999999999,307.768,0.1,0.963,7.8695,-1.1445,307.646,0.281,1.1665,7.3865,1.5185,307.956,0.92,1.205,7.9559999999999995,0.6094999999999999,307.773,0.272,1.143,8.3335,0.1775,307.735,0.946,0.8875,8.857,-1.068,307.896,0.1,0.5599999999999999,9.338000000000001,0.772,307.996,0.23,0.482,7.87,2.4154999999999998,308.016,0.564,0.641,7.779999999999999,-0.33999999999999997,307.796,0.581,
-0.030500000000000003,8.41,-0.304,307.701,0.114,-0.139,8.121500000000001,-0.5665,307.711,0.402,-0.364,8.473500000000001,-1.0065,307.606,0.1,-0.7515000000000001,8.109,-1.343,307.633,0.1,-0.8400000000000001,7.129,-1.2875,307.706,0.1,-0.602,6.197,-0.7455,307.678,0.1,-0.2805,6.1605,1.8490000000000002,307.86,0.788,0.17099999999999999,6.636,-0.5025,307.807,0.1,0.6695,7.8645,-0.9425,307.794,0.115,0.9255,7.7635,0.59,308.008,0.201,1.0535,8.308499999999999,-0.1455,307.873,0.111,1.1755,8.67,-0.525,307.88,0.294,1.006,9.0125,-1.3455,307.97,0.109,0.6074999999999999,9.3135,-0.279,307.97,0.205,0.47400000000000003,7.9239999999999995,1.3155000000000001,307.92,0.287,0.7785,7.9125,0.827,307.811,0.727,
0.8075,8.8095,-0.614,307.662,0.1,0.6485,8.312,-0.7945,307.827,0.115,0.524,8.6755,-0.8995,307.803,0.116,0.374,8.497,-0.968,307.793,0.1,0.22299999999999998,7.3934999999999995,-0.9490000000000001,307.895,0.1,-0.0745,6.2645,-1.115,307.847,0.1,-0.3415,6.3934999999999995,1.361,307.845,0.67,-0.153,6.4855,-0.1905,307.841,0.551,0.197,7.957,-0.776,307.994,0.1,0.263,8.169,-0.599,307.986,0.1,0.179,8.352,-1.1465,307.883,0.1,0.22799999999999998,8.6775,-1.2240000000000002,307.873,0.1,0.47150000000000003,8.656500000000001,-0.97,307.832,0.733,0.741,8.529,-1.0194999999999999,307.787,0.375,0.9199999999999999,7.7435,0.883,307.783,0.197,1.1465,8.368,1.741,307.824,0.855,
1.6179999999999999,8.576,-1.2275,307.811,0.1,1.5685,8.247499999999999,-1.311,307.939,0.1,1.7160000000000002,8.781,0.295,307.847,0.654,1.7469999999999999,9.055,0.595,307.821,0.113,1.339,8.062,-0.2145,307.914,0.1,0.569,6.7385,-1.095,307.972,0.1,0.0465,6.8205,0.6005,307.86,0.376,-0.0385,6.7375,0.404,307.907,1.097,-0.19149999999999998,8.0265,-1.119,308.142,0.1,-0.439,8.1965,-1.2694999999999999,307.922,0.1,-0.5575,7.9270000000000005,-1.1995,307.782,0.1,-0.22049999999999997,8.338000000000001,-0.37,307.76,0.1,0.677,8.254999999999999,0.439,307.779,0.626,1.3225,7.9155,-0.614,307.655,0.413,1.2814999999999999,7.7219999999999995,1.3735,307.753,0.28,1.2495,8.6235,2.0625,307.824,0.813,
2.1704999999999997,7.919499999999999,-1.2275,307.952,0.1,2.2424999999999997,7.7905,-1.1139999999999999,307.93,0.1,2.3095,8.319,2.1325000000000003,307.967,1.219,2.1195,9.415,1.9535,307.883,0.953,1.6059999999999999,8.3855,0.0595,307.839,0.104,0.835,7.057499999999999,-1.033,307.938,0.1,0.4155,7.2925,-0.32,307.858,0.113,0.42300000000000004,7.3845,0.979,308.017,1.219,0.09250000000000001,8.038499999999999,-1.3995000000000002,308.201,0.1,-0.304,7.8549999999999995,-1.3679999999999999,307.855,0.1,-0.246,7.4955,0.0505,307.707,0.275,0.303,7.9115,1.3075,307.788,1.067,1.0645,8.0955,1.2069999999999999,307.838,0.215,1.2795,7.895,-0.1795,307.683,0.297,0.8045,8.1105,1.3955,307.818,0.235,0.718,8.795,1.7385,307.834,0.399,
2.375,7.616,-0.3695,307.915,0.111,2.195,7.6475,0.03,307.854,0.1,1.6520000000000001,7.732,3.158,308.176,1.207,1.311,9.09,2.2375,307.975,1.535,1.2845,7.9495,-0.1,307.727,0.113,0.9535,6.962,-1.0154999999999998,307.832,0.1,0.4785,7.842,-1.053,307.897,0.1,0.446,8.4925,1.0405,308.117,0.885,0.3805,8.0715,0.0055,308.172,0.751,0.2375,7.814,-0.7605,307.902,0.49,0.421,7.67,0.937,307.826,0.813,0.8560000000000001,7.7425,1.4925000000000002,307.858,1.084,1.2575,7.961,0.434,307.774,0.123,1.149,8.0105,-0.604,307.654,0.111,0.4885,8.442499999999999,0.4595,307.74,0.127,0.18050000000000002,8.9885,0.702,307.737,0.136,
1.6905000000000001,7.653,0.010500000000000002,307.882,0.413,1.1345,7.778,0.5894999999999999,307.889,0.257,0.344,7.53,2.349,308.169,1.134,0.3815,8.712,2.0679999999999996,308.025,1.635,0.991,7.558,0.367,307.716,1.074,1.047,6.837,-1.024,307.852,0.1,0.343,8.158,-1.486,308.012,0.1,-0.0745,9.17,0.7304999999999999,308.147,0.334,0.091,8.1,2.152,308.273,1.676,0.532,7.98,0.183,308.015,0.881,1.0245,7.961,0.254,307.968,0.663,1.263,7.761,0.017,307.888,0.498,1.29,7.854,-0.718,307.747,0.104,1.036,8.021,-1.1165,307.583,0.1,0.5315000000000001,8.509,-0.5145,307.591,0.107,0.1875,9.067,-0.41300000000000003,307.631,0.106,
0.932,8.755,-0.927,307.54,0.105,1.6525,7.891,0.694,307.697,1.341,1.823,7.7605,-0.8194999999999999,307.615,0.517,1.4455,7.8415,-1.2494999999999998,307.62,0.101,0.891,8.388,-0.9690000000000001,307.668,0.1,0.498,7.8629999999999995,-1.03,307.762,0.1,0.443,6.9510000000000005,-0.8140000000000001,307.645,0.523,0.21750000000000003,7.0865,0.4365,307.647,0.317,0.013500000000000002,8.370999999999999,1.588,307.709,0.254,0.4,7.7829999999999995,0.357,307.673,0.995,0.862,7.576499999999999,-0.9145,307.836,0.106,0.883,8.155,1.4585,307.675,0.844,0.47750000000000004,8.1145,2.2904999999999998,307.574,0.882,0.09150000000000001,8.1165,0.0785,307.353,0.31,0.257,7.745,-0.7705,307.325,0.463,0.5660000000000001,7.7945,-0.958,307.237,0.124,
0.825,8.4695,-1.1985000000000001,307.518,0.1,1.7035,8.149000000000001,1.2455,307.709,1.338,2.0585,8.144,-0.2895,307.627,0.533,1.772,7.684,-1.054,307.588,0.155,1.364,7.834999999999999,-0.9969999999999999,307.614,0.1,0.7585000000000001,7.8315,-1.04,307.732,0.1,0.13,7.487,-0.8845000000000001,307.758,0.394,-0.401,7.558,-0.7915000000000001,307.645,0.117,-0.5800000000000001,8.422,-0.0205,307.636,0.113,-0.03950000000000001,8.332,-0.2325,307.683,0.982,0.72,7.5965,0.4275,307.802,1.624,1.065,8.3865,1.8855,307.806,0.576,1.1565,8.102,1.3165,307.603,0.613,1.218,7.924,-0.5065,307.421,0.265,1.154,7.984500000000001,-1.0905,307.309,0.188,0.788,8.279,-0.8775,307.244,0.101,
0.3515,8.353,-1.008,307.499,0.1,0.9390000000000001,8.6455,1.9064999999999999,307.756,1.038,1.381,8.6125,0.10600000000000001,307.658,0.518,1.349,7.6715,-0.6495,307.501,0.325,1.2610000000000001,7.46,-0.6275,307.442,0.507,0.909,7.9405,-0.4895,307.542,0.102,0.188,7.912,-0.783,307.712,0.189,-0.5385,8.058,-1.1945000000000001,307.758,0.1,-0.8135,8.359,-1.2845,307.597,0.103,-0.234,8.3635,-0.3675,307.642,1.054,0.9299999999999999,7.571,1.7845,307.816,1.621,1.714,8.4535,0.915,307.777,0.29,2.0140000000000002,8.109,-0.0915,307.596,0.416,2.0055,7.8125,-0.8294999999999999,307.541,0.16,1.4825,8.2065,-0.8945000000000001,307.415,0.102,0.665,8.697,-0.944,307.338,0.1,
0.151,8.4015,0.2535,307.519,0.291,0.5135000000000001,8.996500000000001,1.266,307.715,0.576,0.8785000000000001,8.487,-0.551,307.621,0.462,0.8939999999999999,7.567,-0.8175,307.521,0.163,0.8785000000000001,7.3875,-0.3685,307.448,0.426,0.92,8.213000000000001,-0.0215,307.529,0.211,0.542,8.277000000000001,-0.8234999999999999,307.588,0.125,-0.15249999999999997,8.463,-1.138,307.852,0.1,-0.4645,8.2025,-1.529,307.645,0.299,0.038000000000000006,7.854,0.8085,307.658,1.348,1.0305,7.267,2.3705,307.789,1.341,1.7029999999999998,8.0225,-0.203,307.618,0.553,1.8835,8.0115,-0.899,307.565,0.132,1.636,7.9435,-0.817,307.624,0.101,0.8979999999999999,8.243,-1.0434999999999999,307.579,0.1,0.19899999999999998,8.598,-1.4515,307.495,0.1,
0.2085,8.339500000000001,2.0275,307.728,1.399,0.7324999999999999,8.7975,0.1225,307.6,0.719,0.99,7.8155,-0.976,307.529,0.396,0.8565,7.589,-0.9359999999999999,307.62,0.1,0.852,7.3795,-0.7525,307.687,0.12,1.095,8.212,-0.7175,307.624,0.102,1.01,8.511,-1.138,307.649,0.103,0.6335,8.614,-1.123,307.92,0.1,0.325,7.9495,-0.7105,307.712,0.169,0.326,7.358499999999999,2.394,307.819,1.657,0.6125,7.0915,2.0945,307.757,1.204,0.869,7.4559999999999995,-0.334,307.472,0.713,0.907,7.8695,-1.0165,307.594,0.1,0.6325000000000001,8.054,-0.8425,307.718,0.1,0.1335,7.9505,-1.6165,307.664,0.1,-0.04050000000000001,8.17,-0.9824999999999999,307.578,0.1,
-0.0825,8.221499999999999,2.527,307.826,1.098,0.34049999999999997,8.561,-0.088,307.549,0.932,0.52,7.6565,0.3055,307.576,0.766,0.333,7.9285000000000005,0.454,307.661,0.246,0.46099999999999997,7.441000000000001,-0.34099999999999997,307.812,0.103,0.9695,7.929500000000001,-0.784,307.816,0.1,1.299,8.453,-1.195,307.903,0.1,1.2865000000000002,8.3765,-1.399,308.013,0.1,0.8665,7.747,0.444,307.784,0.105,0.2015,7.202,2.9915000000000003,307.959,1.9,-0.085,7.1795,1.3135,307.711,0.884,0.1535,7.291,0.0845,307.539,0.872,0.3255,7.766,-0.9275,307.664,0.1,0.135,7.8185,-1.2375,307.84,0.1,-0.097,7.6455,-1.298,307.591,0.1,0.1365,8.0525,0.9615,307.641,0.551,
-0.692,8.258,1.2970000000000002,307.729,0.478,-0.36850000000000005,8.809,0.010499999999999995,307.668,0.873,-0.3125,8.350000000000001,1.713,307.821,0.602,-0.4135,8.1645,2.151,307.85,0.886,-0.1135,7.7105,1.2185000000000001,307.816,0.582,0.571,7.5695,1.057,307.854,0.106,1.2165,8.0995,-0.3865,307.961,0.1,1.4075,7.9864999999999995,-1.5,308.013,0.1,1.086,7.755,0.7175,307.832,0.75,0.3065,7.2535,2.3215000000000003,307.916,2.001,-0.2485,7.332,0.575,307.613,0.669,-0.0595,7.474,0.009999999999999998,307.606,0.875,0.1385,7.7255,-0.892,307.713,0.1,0.056999999999999995,7.4545,-1.327,307.885,0.1,0.109,7.715,0.443,307.63,1.442,0.402,8.3645,2.1125,307.768,0.217,
-0.6915,8.208,-0.1535,307.616,0.296,-0.2735,9.02,-0.45899999999999996,307.694,0.467,-0.2735,8.964500000000001,1.4235,307.89,0.212,-0.3055,8.043,1.884,307.918,0.388,-0.108,8.0255,1.7325,307.865,0.384,0.3025,7.1884999999999994,2.504,307.952,0.883,0.9384999999999999,7.543,0.9185,307.899,1.311,1.3005,7.727,-1.08,307.881,0.1,1.2475,7.8795,-0.11099999999999999,307.763,0.5,0.8280000000000001,7.286,1.5175,307.798,1.951,0.272,7.444,0.364,307.535,0.781,-0.0010000000000000009,7.6905,-0.28300000000000003,307.525,0.997,-0.19,7.875,-0.952,307.743,0.1,-0.06300000000000001,7.619,-0.38649999999999995,307.885,0.102,0.4965,7.89,2.2030000000000003,307.863,1.521,0.7655000000000001,8.586500000000001,1.151,307.777,0.225,
-0.4455,7.977,-0.5845,307.625,0.187,-0.07150000000000001,8.7395,-0.8574999999999999,307.615,0.364,-0.0975,8.984,0.26549999999999996,307.739,0.138,-0.344,7.939,0.3265,307.736,0.154,-0.438,8.017,0.531,307.735,0.16,-0.05249999999999999,6.896,1.876,307.906,0.29,0.779,6.8685,1.8605,307.898,1.457,1.2135,7.457000000000001,-0.68,307.792,0.101,1.22,7.9295,-0.9575,307.654,0.365,1.209,7.282,1.4965000000000002,307.814,1.687,0.9615,7.6195,0.629,307.588,0.771,0.474,7.9425,-0.076,307.534,1.211,0.01050000000000001,8.3295,-0.989,307.786,0.1,0.10600000000000001,8.479,0.7115,307.93,0.39,0.6395,7.8805,2.9,308.018,1.169,0.81,8.2735,-0.3295,307.801,0.276,
-0.4345,8.003499999999999,-0.406,307.706,0.187,-0.4165,8.309,-0.7515000000000001,307.603,0.37,-0.5375,8.755500000000001,-0.542,307.52,0.112,-0.9224999999999999,8.065,-0.784,307.568,0.105,-1.0819999999999999,7.5875,-0.7875,307.61,0.112,-0.5635,6.605,0.3265,307.719,0.105,0.35000000000000003,6.3345,2.0985,307.879,1.046,0.819,6.984,-0.5954999999999999,307.787,0.1,0.962,7.8665,-1.1695,307.646,0.225,1.1755,7.445,1.4569999999999999,307.947,0.749,1.2610000000000001,7.976000000000001,0.6134999999999999,307.768,0.223,1.1480000000000001,8.3625,0.083,307.718,0.833,0.8105,8.9115,-1.0585,307.909,0.1,0.542,9.347,0.7415,307.995,0.228,0.629,7.923,2.457,308.013,0.548,0.8055,7.8125,-0.393,307.807,0.558,
-0.11150000000000002,8.451,-0.333,307.69,0.107,-0.3055,8.154,-0.58,307.729,0.269,-0.522,8.600999999999999,-1.005,307.595,0.1,-0.91,8.2315,-1.327,307.641,0.1,-1.0165000000000002,7.182,-1.2835,307.724,0.1,-0.6825,6.2555,-0.736,307.691,0.1,-0.1705,6.1775,1.8705,307.851,0.731,0.303,6.4975000000000005,-0.5165,307.825,0.1,0.683,7.812,-1.003,307.825,0.104,0.9515,7.8415,0.5335,308.006,0.154,1.1139999999999999,8.3585,-0.151,307.873,0.108,1.113,8.7065,-0.5805,307.881,0.213,0.7905,9.0945,-1.3239999999999998,307.993,0.102,0.43700000000000006,9.381499999999999,-0.23249999999999998,307.97,0.201,0.525,7.9475,1.353,307.916,0.263,0.9384999999999999,7.906,0.7330000000000001,307.809,0.682,
0.869,8.8265,-0.609,307.676,0.1,0.6515,8.2405,-0.809,307.883,0.103,0.4775,8.6795,-0.952,307.844,0.104,0.28049999999999997,8.4895,-1.0095,307.825,0.1,0.08299999999999999,7.316,-0.99,307.933,0.1,-0.1675,6.2485,-1.0979999999999999,307.864,0.1,-0.2755,6.382,1.3975,307.836,0.606,-0.015,6.339,-0.235,307.857,0.218,0.265,7.8765,-0.7985,308.046,0.1,0.2865,8.213000000000001,-0.618,308.012,0.1,0.1595,8.336,-1.115,307.905,0.1,0.066,8.624500000000001,-1.2135,307.893,0.1,0.147,8.6875,-1.0034999999999998,307.84,0.663,0.4265,8.600999999999999,-0.9824999999999999,307.79,0.355,0.8305,7.7364999999999995,0.9265,307.786,0.163,1.2585000000000002,8.349499999999999,1.7215,307.815,0.794,
1.649,8.5815,-1.1745,307.857,0.1,1.5885,8.1235,-1.2665,308.001,0.1,1.7135,8.7095,0.27349999999999997,307.892,0.25,1.73,8.9845,0.5615,307.858,0.103,1.301,7.922,-0.2555,307.949,0.1,0.531,6.702999999999999,-1.0605,307.998,0.1,0.07400000000000001,6.7825,0.63,307.856,0.304,0.037500000000000006,6.6205,0.311,307.905,1.018,-0.152,7.9765,-1.0625,308.188,0.1,-0.46299999999999997,8.21,-1.226,307.954,0.1,-0.6335,7.7845,-1.1400000000000001,307.803,0.1,-0.35100000000000003,8.195,-0.358,307.772,0.1,0.484,8.2225,0.35650000000000004,307.769,0.515,1.1199999999999999,7.936999999999999,-0.645,307.654,0.352,1.204,7.712,1.42,307.752,0.221,1.331,8.614,2.0955000000000004,307.816,0.712,
2.0869999999999997,7.9015,-1.2085,308.01,0.1,2.166,7.682,-1.04,307.972,0.1,2.3015,8.2525,2.2265,307.975,1.137,2.1784999999999997,9.3515,2.0,307.884,0.838,1.6864999999999999,8.245000000000001,0.0675,307.855,0.101,0.896,7.038,-0.99,307.966,0.1,0.444,7.2219999999999995,-0.272,307.86,0.104,0.4235,7.307,0.8305,308.008,1.163,0.038000000000000006,8.015,-1.3370000000000002,308.236,0.1,-0.4205,7.8605,-1.323,307.881,0.1,-0.3795,7.3125,0.068,307.716,0.443,0.203,7.8125,1.2905,307.78,0.988,1.0165,8.0775,1.1560000000000001,307.822,0.178,1.238,7.888999999999999,-0.22899999999999998,307.677,0.228,0.7975,8.1265,1.4545,307.809,0.173,0.8160000000000001,8.8015,1.761,307.825,0.295,
2.2635,7.577500000000001,-0.44199999999999995,307.948,0.102,2.084,7.5665,0.0645,307.878,0.1,1.641,7.7059999999999995,3.3075,308.169,1.146,1.413,9.05,2.3255,307.962,1.441,1.443,7.799,-0.076,307.736,0.103,1.089,6.9435,-1.016,307.852,0.1,0.5529999999999999,7.7675,-0.986,307.914,0.1,0.501,8.432,0.8955,308.108,0.819,0.3745,8.044,0.0125,308.19,0.273,0.137,7.789999999999999,-0.8085,307.927,0.201,0.328,7.572,0.851,307.819,0.722,0.839,7.7705,1.4695,307.84,0.967,1.2934999999999999,8.01,0.4285,307.771,0.118,1.1545,8.030999999999999,-0.6105,307.65,0.105,0.4595,8.504,0.536,307.737,0.112,0.221,9.025,0.723,307.734,0.119,
1.6415,7.612,-0.0825,307.883,0.325,1.072,7.71,0.603,307.892,0.205,0.35550000000000004,7.529,2.466,308.158,1.051,0.495,8.682,2.1405,308.01,1.572,1.137,7.391,0.33899999999999997,307.715,0.996,1.127,6.811,-1.069,307.87,0.1,0.36350000000000005,8.096,-1.434,308.04,0.1,-0.0195,9.112,0.661,308.146,0.289,0.1495,8.067,2.172,308.267,1.619,0.527,7.935,0.0935,308.017,0.773,1.0190000000000001,7.926,0.1215,307.962,0.556,1.3130000000000002,7.851,0.0305,307.882,0.398,1.339,7.94,-0.681,307.745,0.101,0.981,8.065,-1.0755,307.583,0.1,0.388,8.597,-0.4545,307.597,0.102,0.08,9.121,-0.3865,307.644,0.102,
0.9604999999999999,8.5475,-0.893,307.553,0.103,1.698,7.883,0.5275,307.684,1.269,1.8815,7.7330000000000005,-0.8245,307.615,0.468,1.4675,7.8285,-1.182,307.647,0.1,0.8185,8.371500000000001,-0.89,307.707,0.1,0.2865,7.9145,-0.9670000000000001,307.804,0.1,0.1645,7.1665,-0.863,307.666,0.425,0.0805,7.2715,0.443,307.633,0.246,0.056999999999999995,8.3745,1.638,307.702,0.229,0.443,7.7195,0.22649999999999998,307.675,0.917,0.8065,7.599500000000001,-0.9744999999999999,307.892,0.1,0.847,8.0625,1.4405000000000001,307.678,0.745,0.612,8.1345,2.3175,307.564,0.781,0.377,8.21,0.1245,307.365,0.273,0.537,7.8885,-0.8225,307.314,0.372,0.712,7.905,-0.9949999999999999,307.229,0.112,
0.9255,8.3035,-1.1005,307.537,0.105,1.758,8.094000000000001,1.0390000000000001,307.695,1.298,2.1085000000000003,8.011,-0.3425,307.622,0.482,1.8185,7.609500000000001,-1.034,307.619,0.107,1.3535,7.787,-0.9410000000000001,307.651,0.1,0.6575,7.837,-0.9784999999999999,307.78,0.1,-0.036500000000000005,7.5809999999999995,-0.8705,307.802,0.286,-0.487,7.688,-0.7715000000000001,307.656,0.107,-0.5245,8.4055,0.013999999999999999,307.633,0.109,0.004499999999999976,8.2375,-0.318,307.679,0.926,0.7,7.5825,0.26949999999999996,307.816,1.517,1.145,8.350999999999999,1.8445,307.801,0.481,1.4104999999999999,8.205,1.2974999999999999,307.601,0.511,1.5474999999999999,8.025,-0.486,307.436,0.222,1.419,8.0785,-1.0955,307.322,0.152,0.8975,8.332,-0.8685,307.254,0.1,
0.4155,8.2625,-0.925,307.512,0.101,1.134,8.6285,1.7325,307.743,1.01,1.6684999999999999,8.4985,0.058,307.654,0.463,1.585,7.5885,-0.654,307.516,0.273,1.3965,7.393000000000001,-0.6065,307.475,0.376,0.943,7.874,-0.5215000000000001,307.572,0.1,0.159,7.913499999999999,-0.7625,307.752,0.13,-0.5475,8.0855,-1.1520000000000001,307.798,0.1,-0.7845,8.279,-1.2545000000000002,307.613,0.1,-0.2335,8.292,-0.3635,307.64,1.008,0.9345,7.573,1.6525,307.806,1.554,1.83,8.48,0.904,307.773,0.253,2.2115,8.211,-0.1245,307.605,0.312,2.1985,7.8685,-0.819,307.554,0.131,1.6315,8.23,-0.862,307.447,0.1,0.717,8.7105,-0.865,307.362,0.1,
0.176,8.349,0.2515,307.523,0.132,0.7655,9.07,1.199,307.704,0.512,1.2555,8.435500000000001,-0.536,307.617,0.398,1.186,7.4675,-0.7925,307.535,0.134,1.071,7.298,-0.354,307.483,0.312,1.009,8.118,-0.0955,307.509,0.173,0.5325,8.2545,-0.8185,307.625,0.101,-0.22699999999999998,8.424,-1.1115,307.9,0.1,-0.583,8.0765,-1.4795,307.663,0.255,-0.043999999999999984,7.8095,0.8614999999999999,307.66,1.318,1.096,7.2995,2.3175,307.775,1.284,1.8665,8.1175,-0.16849999999999998,307.624,0.489,2.0220000000000002,8.055,-0.9125000000000001,307.579,0.111,1.7240000000000002,7.9205000000000005,-0.8105,307.654,0.1,0.9400000000000001,8.214500000000001,-0.976,307.624,0.1,0.184,8.593,-1.3399999999999999,307.528,0.1,
0.26449999999999996,8.337,2.0195,307.716,1.307,0.8845,8.921,0.122,307.603,0.525,1.1675,7.769,-0.9535,307.543,0.283,1.001,7.416,-0.914,307.662,0.1,0.977,7.1905,-0.7464999999999999,307.733,0.102,1.1385,8.088000000000001,-0.771,307.641,0.101,0.9215,8.4795,-1.141,307.708,0.1,0.44,8.575,-1.114,307.964,0.1,0.11,7.8195,-0.6425000000000001,307.722,0.266,0.24050000000000002,7.33,2.4755,307.815,1.637,0.7354999999999999,7.1265,2.1075,307.744,1.124,1.0705,7.5625,-0.3435,307.48,0.644,1.0445,7.885,-1.019,307.613,0.1,0.6739999999999999,7.9830000000000005,-0.823,307.762,0.1,0.05200000000000002,7.8565000000000005,-1.5245000000000002,307.702,0.1,-0.149,8.1325,-0.9415,307.612,0.1,
-0.012499999999999997,8.305,2.5650000000000004,307.815,0.984,0.42600000000000005,8.633,-0.16849999999999998,307.546,0.839,0.5855,7.5965,0.27549999999999997,307.586,0.555,0.4075,7.727,0.4445,307.704,0.122,0.5525,7.151,-0.3685,307.857,0.1,0.9910000000000001,7.7435,-0.8375,307.873,0.1,1.181,8.362,-1.214,307.973,0.1,1.076,8.381,-1.3815,308.051,0.1,0.6885,7.6395,0.49150000000000005,307.793,0.249,0.15649999999999997,7.2,3.0755,307.944,1.885,0.003499999999999996,7.204000000000001,1.3820000000000001,307.701,0.814,0.3085,7.3525,-0.008,307.53,0.791,0.437,7.8055,-0.927,307.681,0.1,0.1225,7.745,-1.179,307.872,0.1,-0.2405,7.473000000000001,-1.2685,307.604,0.1,0.008500000000000008,7.978999999999999,0.9235,307.653,0.474,
-0.648,8.375,1.3315000000000001,307.724,0.41,-0.3155,8.785499999999999,-0.1385,307.645,0.724,-0.255,8.3235,1.689,307.815,0.51,-0.3165,8.0915,2.1465,307.853,0.773,0.0005000000000000004,7.4945,1.1764999999999999,307.84,0.501,0.6505,7.3985,1.0394999999999999,307.889,0.1,1.1965,7.942,-0.4245,308.007,0.1,1.287,8.0035,-1.499,308.056,0.1,0.987,7.6805,0.7284999999999999,307.832,0.691,0.3025,7.2775,2.3625,307.898,1.972,-0.188,7.3420000000000005,0.6685,307.606,0.625,0.049,7.5065,-0.07450000000000001,307.589,0.801,0.202,7.795,-0.8775,307.718,0.1,-0.010999999999999996,7.393000000000001,-1.283,307.902,0.1,0.004500000000000004,7.527,0.35450000000000004,307.625,1.392,0.38,8.2905,2.074,307.755,0.189,
-0.704,8.284500000000001,-0.133,307.62,0.208,-0.373,8.965,-0.5395,307.691,0.405,-0.362,9.013,1.446,307.887,0.2,-0.3075,8.187999999999999,1.9020000000000001,307.91,0.323,-0.06,8.0085,1.7175,307.862,0.319,0.391,7.1475,2.529,307.948,0.778,1.0015,7.403499999999999,0.8654999999999999,307.902,1.235,1.2765,7.6985,-1.1030000000000002,307.927,0.1,1.2085,7.8485,-0.0955,307.765,0.436,0.8725,7.3134999999999994,1.5035,307.781,1.884,0.40049999999999997,7.436999999999999,0.4345,307.527,0.73,0.1375,7.715,-0.305,307.49,0.902,-0.147,7.937,-0.9175,307.742,0.1,-0.1305,7.561,-0.437,307.894,0.1,0.476,7.7940000000000005,2.1014999999999997,307.851,1.495,0.862,8.553,1.1635,307.768,0.217,
-0.615,8.0295,-0.5660000000000001,307.656,0.111,-0.3705,8.7355,-0.8505,307.631,0.305,-0.371,9.122499999999999,0.2945,307.735,0.141,-0.493,8.216999999999999,0.35750000000000004,307.735,0.136,-0.495,8.1265,0.5665,307.731,0.143,-0.026499999999999996,6.984,1.8835,307.893,0.227,0.8525,6.823499999999999,1.7934999999999999,307.884,1.399,1.258,7.3965,-0.684,307.826,0.1,1.2149999999999999,7.9455,-0.9255,307.661,0.276,1.2425,7.311999999999999,1.4420000000000002,307.798,1.573,1.0715,7.6080000000000005,0.66,307.577,0.694,0.5715,7.96,-0.116,307.5,1.08,0.01100000000000001,8.364,-0.9635,307.795,0.1,0.07300000000000001,8.413499999999999,0.6095,307.933,0.367,0.7145,7.8995,2.8735,308.012,1.146,0.954,8.295,-0.2975,307.808,0.27,
-0.635,8.0615,-0.40449999999999997,307.742,0.151,-0.692,8.357500000000002,-0.7235,307.616,0.273,-0.7855000000000001,8.936,-0.52,307.503,0.11,-1.0865,8.314,-0.7375,307.564,0.103,-1.1844999999999999,7.701499999999999,-0.7304999999999999,307.613,0.106,-0.5780000000000001,6.717,0.3265,307.723,0.1,0.45649999999999996,6.359,2.048,307.869,1.002,0.9325,6.9345,-0.5914999999999999,307.807,0.1,0.978,7.899,-1.161,307.661,0.177,1.1895,7.503,1.3784999999999998,307.937,0.611,1.3319999999999999,7.992000000000001,0.605,307.762,0.193,1.17,8.397,-0.0085,307.687,0.698,0.7185,8.9585,-1.0325,307.929,0.1,0.49150000000000005,9.2995,0.6985,307.991,0.231,0.7525,7.980499999999999,2.4625,308.009,0.528,0.9425,7.8505,-0.4445,307.818,0.518,
-0.1845,8.481000000000002,-0.349,307.731,0.104,-0.4315,8.167000000000002,-0.5745,307.758,0.192,-0.6425,8.7125,-0.9915,307.59,0.1,-1.0375,8.3465,-1.2934999999999999,307.65,0.1,-1.167,7.225,-1.255,307.745,0.1,-0.745,6.3125,-0.7204999999999999,307.701,0.1,-0.055999999999999994,6.202500000000001,1.8679999999999999,307.844,0.679,0.43999999999999995,6.458,-0.5375000000000001,307.839,0.1,0.7104999999999999,7.817,-1.029,307.869,0.101,0.9715,7.92,0.46499999999999997,308.006,0.133,1.1535000000000002,8.393,-0.1575,307.878,0.105,1.0385,8.7405,-0.621,307.884,0.166,0.5635,9.1735,-1.2745,308.021,0.1,0.266,9.4055,-0.191,307.957,0.196,0.5955,7.983,1.3605,307.912,0.242,1.093,7.9135,0.6195,307.809,0.634,
0.8995,8.8125,-0.599,307.727,0.1,0.64,8.157,-0.8085,307.943,0.1,0.43800000000000006,8.660499999999999,-0.9864999999999999,307.885,0.1,0.195,8.4605,-1.0390000000000001,307.863,0.1,-0.063,7.25,-1.0125,307.975,0.1,-0.26,6.2495,-1.0739999999999998,307.881,0.1,-0.1965,6.3785,1.4175,307.828,0.546,0.1245,6.282500000000001,-0.2875,307.876,0.118,0.3305,7.861,-0.8055000000000001,308.104,0.1,0.3015,8.256,-0.632,308.047,0.1,0.122,8.309,-1.0659999999999998,307.934,0.1,-0.101,8.5715,-1.1804999999999999,307.924,0.1,-0.161,8.7345,-1.0105,307.856,0.596,0.14100000000000001,8.674499999999998,-0.9375,307.788,0.325,0.768,7.7485,0.9504999999999999,307.791,0.143,1.3735,8.335,1.6715,307.808,0.731,
1.6395,8.559,-1.1135000000000002,307.92,0.1,1.5725,8.001,-1.2215,308.057,0.1,1.6909999999999998,8.6175,0.2535,307.939,0.124,1.7005,8.880500000000001,0.5235000000000001,307.899,0.1,1.254,7.7785,-0.2935,307.986,0.1,0.4945,6.683,-1.0225,308.026,0.1,0.11249999999999999,6.7505,0.658,307.851,0.25,0.119,6.550000000000001,0.21100000000000002,307.909,0.932,-0.10900000000000001,7.9715,-1.0025,308.236,0.1,-0.481,8.211500000000001,-1.1705,307.993,0.1,-0.7005,7.663,-1.068,307.83,0.1,-0.47950000000000004,8.0555,-0.33799999999999997,307.785,0.1,0.268,8.207,0.2705,307.761,0.426,0.8855,7.975,-0.664,307.655,0.304,1.1115,7.714,1.4569999999999999,307.754,0.181,1.4104999999999999,8.6005,2.1065,307.811,0.613,
1.9715,7.888999999999999,-1.1755,308.076,0.1,2.068,7.5925,-0.9664999999999999,308.009,0.1,2.2795,8.176,2.3075,307.988,0.824,2.2235,9.2515,2.032,307.898,0.604,1.766,8.103000000000002,0.07100000000000001,307.872,0.1,0.982,7.0305,-0.946,307.998,0.1,0.504,7.1685,-0.212,307.868,0.101,0.429,7.250500000000001,0.6745,308.002,1.096,-0.022499999999999992,8.0085,-1.27,308.275,0.1,-0.5255,7.8595,-1.2555,307.908,0.1,-0.48150000000000004,7.1845,0.072,307.724,0.375,0.13299999999999998,7.714,1.26,307.773,0.908,0.9775,8.06,1.08,307.813,0.16,1.202,7.8815,-0.27049999999999996,307.674,0.19,0.7965,8.1355,1.5105,307.805,0.146,0.898,8.797,1.7679999999999998,307.815,0.232,
2.1345,7.5615000000000006,-0.5055000000000001,307.989,0.1,1.9595,7.507,0.0995,307.901,0.1,1.624,7.6775,3.4385,308.164,1.081,1.5110000000000001,8.986,2.3979999999999997,307.953,1.339,1.6025,7.6805,-0.055,307.743,0.1,1.2449999999999999,6.9505,-1.01,307.88,0.1,0.6425,7.7145,-0.9055,307.942,0.1,0.519,8.3855,0.7384999999999999,308.103,0.745,0.32399999999999995,8.016,0.018500000000000003,308.213,0.131,0.029500000000000002,7.744999999999999,-0.8305,307.963,0.115,0.246,7.478,0.7455,307.811,0.637,0.8325,7.7705,1.4289999999999998,307.825,0.843,1.332,8.042,0.404,307.767,0.115,1.1575,8.038499999999999,-0.606,307.647,0.102,0.4305,8.5495,0.6145,307.735,0.105,0.262,9.026,0.734,307.731,0.111,
1.5815000000000001,7.59,-0.172,307.887,0.262,1.0030000000000001,7.657,0.6114999999999999,307.895,0.176,0.3665,7.525,2.5675,308.148,0.955,0.6065,8.638,2.1959999999999997,307.997,1.504,1.2890000000000001,7.276,0.3025,307.714,0.915,1.23,6.82,-1.1015000000000001,307.891,0.1,0.40199999999999997,8.051,-1.371,308.075,0.1,0.0275,9.063,0.5765,308.145,0.272,0.2155,8.028,2.175,308.264,1.555,0.543,7.842,0.007000000000000003,308.047,0.559,1.0065,7.835,-0.011,307.957,0.461,1.346,7.89,0.0435,307.878,0.317,1.3695,8.001,-0.645,307.742,0.1,0.9095,8.096,-1.0175,307.583,0.1,0.2515,8.669,-0.387,307.603,0.1,-0.0005000000000000004,9.121,-0.3595,307.655,0.1,
0.986,8.333,-0.863,307.577,0.101,1.7389999999999999,7.8705,0.3705,307.673,1.192,1.9324999999999999,7.703,-0.823,307.617,0.42,1.4815,7.8335,-1.1065,307.678,0.1,0.742,8.367,-0.8025,307.749,0.1,0.068,7.9725,-0.897,307.848,0.1,-0.1275,7.3845,-0.895,307.687,0.322,-0.0605,7.470000000000001,0.4395,307.619,0.183,0.10700000000000001,8.376000000000001,1.672,307.695,0.209,0.482,7.67,0.099,307.68,0.84,0.735,7.631,-1.0165,307.95,0.1,0.7985,7.975,1.4100000000000001,307.68,0.648,0.7515000000000001,8.1495,2.3235,307.556,0.673,0.6895,8.304,0.15999999999999998,307.378,0.239,0.846,8.0395,-0.869,307.307,0.283,0.8694999999999999,8.033999999999999,-1.0185,307.225,0.106,
1.037,8.133,-1.0070000000000001,307.561,0.113,1.8055,8.027999999999999,0.8275,307.683,1.253,2.1405000000000003,7.865500000000001,-0.398,307.619,0.433,1.847,7.5445,-1.0055,307.655,0.103,1.3335,7.7655,-0.876,307.693,0.1,0.563,7.851,-0.9065,307.83,0.1,-0.185,7.670999999999999,-0.839,307.847,0.178,-0.5509999999999999,7.8245000000000005,-0.75,307.668,0.103,-0.4465,8.3845,0.041499999999999995,307.631,0.105,0.058499999999999996,8.1395,-0.40149999999999997,307.677,0.864,0.6785,7.573,0.1195,307.834,1.403,1.222,8.313500000000001,1.785,307.797,0.389,1.6585,8.289,1.2675,307.603,0.412,1.87,8.123,-0.46799999999999997,307.448,0.184,1.679,8.1715,-1.09,307.335,0.129,1.0065,8.3915,-0.848,307.269,0.1,
0.49549999999999994,8.1725,-0.833,307.523,0.102,1.3114999999999999,8.602,1.5259999999999998,307.73,0.981,1.926,8.361,0.0005000000000000004,307.645,0.411,1.81,7.4935,-0.6495,307.532,0.227,1.53,7.371,-0.58,307.515,0.217,0.978,7.8149999999999995,-0.5435000000000001,307.608,0.1,0.142,7.9245,-0.73,307.799,0.113,-0.5345,8.115,-1.103,307.841,0.1,-0.7284999999999999,8.193999999999999,-1.2215,307.632,0.1,-0.21749999999999997,8.2135,-0.3585,307.639,0.96,0.9235,7.569,1.5075,307.798,1.481,1.9115,8.4975,0.877,307.77,0.22,2.377,8.2875,-0.15100000000000002,307.615,0.224,2.367,7.92,-0.801,307.564,0.115,1.769,8.252,-0.823,307.478,0.1,0.776,8.729,-0.78,307.389,0.1,
0.1895,8.297,0.2605,307.528,0.113,0.983,9.1405,1.0995,307.691,0.447,1.603,8.358,-0.5215000000000001,307.605,0.332,1.4775,7.3505,-0.7575000000000001,307.55,0.117,1.2755,7.259,-0.33499999999999996,307.53,0.19,1.097,8.034500000000001,-0.165,307.486,0.145,0.517,8.2545,-0.8045,307.67,0.101,-0.29600000000000004,8.380500000000001,-1.077,307.952,0.1,-0.685,7.9435,-1.4245,307.681,0.164,-0.11499999999999999,7.7635000000000005,0.912,307.66,1.286,1.147,7.327999999999999,2.2430000000000003,307.763,1.223,2.004,8.2155,-0.14100000000000001,307.629,0.425,2.142,8.086,-0.9145000000000001,307.594,0.105,1.8014999999999999,7.8955,-0.794,307.685,0.1,0.987,8.187000000000001,-0.8999999999999999,307.669,0.1,0.1945,8.600999999999999,-1.2189999999999999,307.565,0.1,
0.298,8.326,2.005,307.706,1.214,1.0005,9.0465,0.11449999999999999,307.603,0.285,1.3159999999999998,7.7115,-0.9239999999999999,307.557,0.178,1.1315,7.2379999999999995,-0.8835,307.706,0.1,1.0885,7.0375,-0.7344999999999999,307.782,0.101,1.1555,7.981,-0.815,307.665,0.1,0.8085,8.466999999999999,-1.131,307.775,0.1,0.2385,8.522,-1.0990000000000002,308.01,0.1,-0.10049999999999999,7.6850000000000005,-0.5740000000000001,307.73,0.387,0.1595,7.305,2.546,307.811,1.617,0.8585,7.1615,2.1055,307.732,1.036,1.2770000000000001,7.6899999999999995,-0.355,307.491,0.576,1.1905000000000001,7.900499999999999,-1.0154999999999998,307.635,0.1,0.7215,7.9155,-0.7935000000000001,307.807,0.1,-0.017999999999999988,7.7675,-1.4185,307.742,0.1,-0.229,8.1135,-0.8875,307.648,0.1,
0.04500000000000001,8.368500000000001,2.585,307.808,0.853,0.4925,8.7035,-0.238,307.544,0.744,0.629,7.5425,0.2425,307.598,0.298,0.47050000000000003,7.524,0.4315,307.749,0.109,0.6355,6.8805,-0.398,307.898,0.1,0.994,7.5675,-0.8835,307.933,0.1,1.042,8.276499999999999,-1.2195,308.047,0.1,0.852,8.372499999999999,-1.3559999999999999,308.085,0.1,0.51,7.5344999999999995,0.535,307.798,0.447,0.11649999999999999,7.202,3.145,307.929,1.87,0.0995,7.2265,1.445,307.692,0.741,0.4805,7.4315,-0.1045,307.522,0.714,0.5645,7.849,-0.925,307.702,0.1,0.12,7.6825,-1.1075,307.905,0.1,-0.37,7.3100000000000005,-1.228,307.619,0.1,-0.10650000000000001,7.9205000000000005,0.886,307.667,0.402,
-0.575,8.456,1.3519999999999999,307.719,0.345,-0.2525,8.7525,-0.2725,307.617,0.562,-0.19899999999999998,8.2945,1.652,307.811,0.431,-0.21549999999999997,8.0125,2.125,307.857,0.665,0.12200000000000001,7.2805,1.1175000000000002,307.863,0.426,0.732,7.2275,1.0145,307.923,0.1,1.17,7.7780000000000005,-0.4585,308.053,0.1,1.1585,8.026499999999999,-1.4825,308.096,0.1,0.8855,7.615,0.7344999999999999,307.831,0.634,0.2975,7.304,2.3925,307.881,1.939,-0.123,7.35,0.7575000000000001,307.599,0.583,0.176,7.542,-0.161,307.572,0.727,0.2845,7.8705,-0.8585,307.725,0.1,-0.066,7.35,-1.224,307.919,0.1,-0.088,7.346,0.26,307.62,1.337,0.35700000000000004,8.228,2.021,307.741,0.174,
-0.6935,8.311499999999999,-0.11649999999999999,307.621,0.154,-0.4915,8.898,-0.606,307.688,0.349,-0.4715,9.05,1.454,307.881,0.197,-0.3135,8.339,1.9035,307.902,0.271,-0.009499999999999995,7.9595,1.6844999999999999,307.859,0.264,0.49,7.104,2.5365,307.945,0.674,1.0785,7.2524999999999995,0.8049999999999999,307.906,1.159,1.2595,7.694,-1.114,307.973,0.1,1.1680000000000001,7.8285,-0.08049999999999999,307.768,0.374,0.9185,7.344,1.484,307.765,1.812,0.546,7.432499999999999,0.4985,307.518,0.678,0.304,7.7425,-0.324,307.455,0.808,-0.081,8.0055,-0.8745,307.742,0.1,-0.194,7.5184999999999995,-0.47750000000000004,307.904,0.1,0.433,7.6975,1.979,307.84,1.465,0.9265,8.527000000000001,1.1604999999999999,307.764,0.208,
-0.7875,8.045,-0.5445,307.688,0.105,-0.711,8.722,-0.836,307.653,0.253,-0.6725,9.2595,0.3125,307.726,0.148,-0.6214999999999999,8.5125,0.3825,307.729,0.127,-0.5215,8.182,0.5965,307.728,0.134,0.01100000000000001,7.069,1.88,307.878,0.181,0.9315,6.77,1.7105000000000001,307.87,1.338,1.3075,7.362500000000001,-0.6875,307.862,0.1,1.21,7.9715,-0.8845000000000001,307.668,0.174,1.275,7.344,1.383,307.784,1.451,1.19,7.5995,0.6825,307.567,0.614,0.6855,7.984500000000001,-0.15250000000000002,307.465,0.94,0.02200000000000002,8.4015,-0.9285,307.806,0.1,0.036500000000000005,8.343499999999999,0.5095000000000001,307.937,0.345,0.7735,7.917,2.8215000000000003,308.007,1.117,1.0815,8.316500000000001,-0.268,307.815,0.256,
-0.835,8.1085,-0.394,307.792,0.121,-0.966,8.3965,-0.6910000000000001,307.632,0.192,-1.0285,9.117,-0.501,307.486,0.11,-1.2275,8.5715,-0.687,307.558,0.102,-1.259,7.782,-0.6659999999999999,307.616,0.102,-0.581,6.824,0.326,307.725,0.1,0.5635,6.3825,1.9779999999999998,307.859,0.956,1.0505,6.9145,-0.5894999999999999,307.828,0.1,0.9994999999999999,7.945,-1.1345,307.683,0.132,1.205,7.5605,1.292,307.926,0.487,1.4100000000000001,8.006,0.587,307.756,0.172,1.2005,8.434000000000001,-0.0955,307.651,0.553,0.621,9.002500000000001,-0.9969999999999999,307.952,0.1,0.4275,9.229,0.6515,307.985,0.237,0.866,8.0395,2.4435000000000002,308.005,0.506,1.069,7.8905,-0.494,307.829,0.473,
-0.254,8.5075,-0.3565,307.793,0.102,-0.5405,8.1715,-0.5585,307.791,0.139,-0.747,8.817499999999999,-0.97,307.587,0.1,-1.1524999999999999,8.459,-1.249,307.659,0.1,-1.307,7.265000000000001,-1.2120000000000002,307.766,0.1,-0.7995,6.368,-0.702,307.71,0.1,0.0615,6.232,1.8465,307.836,0.628,0.5795,6.4575,-0.5605,307.851,0.1,0.743,7.843999999999999,-1.0365,307.918,0.1,0.988,7.9985,0.391,308.007,0.121,1.1840000000000002,8.4215,-0.165,307.883,0.103,0.9585,8.774000000000001,-0.6495,307.889,0.134,0.32999999999999996,9.250499999999999,-1.212,308.05,0.1,0.0935,9.411999999999999,-0.15400000000000003,307.939,0.189,0.6735000000000001,8.023,1.347,307.907,0.224,1.245,7.9270000000000005,0.49750000000000005,307.809,0.586,
0.9179999999999999,8.786999999999999,-0.585,307.791,0.1,0.6225,8.0685,-0.7995000000000001,308.004,0.1,0.40049999999999997,8.631499999999999,-1.0105,307.926,0.1,0.11199999999999999,8.4235,-1.0605,307.903,0.1,-0.211,7.189,-1.023,308.018,0.1,-0.352,6.256,-1.0455,307.898,0.1,-0.11249999999999999,6.379,1.4235,307.82,0.487,0.26549999999999996,6.2605,-0.3415,307.896,0.107,0.396,7.8695,-0.804,308.165,0.1,0.3135,8.298,-0.641,308.086,0.1,0.0775,8.277000000000001,-1.007,307.966,0.1,-0.2695,8.5185,-1.1335000000000002,307.96,0.1,-0.4625,8.7865,-1.0015,307.873,0.53,-0.134,8.748,-0.889,307.784,0.293,0.7170000000000001,7.7684999999999995,0.96,307.795,0.128,1.4905,8.322500000000002,1.604,307.802,0.668,
1.6155,8.526,-1.049,307.991,0.1,1.5430000000000001,7.878500000000001,-1.178,308.111,0.1,1.661,8.516,0.23349999999999999,307.987,0.11,1.666,8.7625,0.483,307.942,0.1,1.2025000000000001,7.634,-0.3295,308.025,0.1,0.45799999999999996,6.6690000000000005,-0.9814999999999999,308.054,0.1,0.1555,6.7204999999999995,0.6819999999999999,307.847,0.202,0.2025,6.4965,0.1115,307.915,0.842,-0.0645,7.9815000000000005,-0.9390000000000001,308.285,0.1,-0.496,8.2075,-1.1075,308.034,0.1,-0.7645,7.5489999999999995,-0.9904999999999999,307.858,0.1,-0.6085,7.917,-0.314,307.799,0.1,0.04150000000000001,8.1975,0.1865,307.755,0.347,0.6375,8.0195,-0.675,307.656,0.26,1.013,7.7204999999999995,1.4874999999999998,307.757,0.15,1.4895,8.585,2.1035,307.806,0.514,
1.8439999999999999,7.8795,-1.135,308.146,0.1,1.9605,7.51,-0.897,308.043,0.1,2.2504999999999997,8.094,2.378,308.003,0.417,2.2625,9.136,2.0555,307.916,0.319,1.8445,7.9605,0.0695,307.89,0.1,1.0775000000000001,7.0280000000000005,-0.902,308.033,0.1,0.5765,7.121,-0.1485,307.878,0.101,0.4365,7.202500000000001,0.52,307.998,1.024,-0.08549999999999999,8.008,-1.1989999999999998,308.314,0.1,-0.6265000000000001,7.8565000000000005,-1.177,307.934,0.1,-0.571,7.0785,0.0665,307.73,0.216,0.07550000000000001,7.616,1.2225000000000001,307.765,0.826,0.9425,8.0425,0.991,307.806,0.152,1.168,7.8735,-0.3055,307.672,0.166,0.7975,8.1405,1.565,307.803,0.133,0.9730000000000001,8.7875,1.7654999999999998,307.805,0.187,
1.9985,7.556,-0.5615,308.033,0.1,1.8295,7.455,0.1335,307.924,0.1,1.605,7.647,3.5564999999999998,308.159,1.014,1.608,8.9115,2.4604999999999997,307.946,1.233,1.763,7.5745000000000005,-0.0385,307.75,0.1,1.4100000000000001,6.967,-1.0,307.91,0.1,0.7375,7.6695,-0.8200000000000001,307.973,0.1,0.523,8.345500000000001,0.581,308.099,0.667,0.257,7.9879999999999995,0.0225,308.237,0.112,-0.081,7.6915,-0.837,308.004,0.106,0.168,7.386,0.6339999999999999,307.802,0.554,0.8295,7.759,1.3795,307.812,0.717,1.3704999999999998,8.0675,0.369,307.763,0.113,1.1585,8.041,-0.593,307.645,0.101,0.4015,8.5875,0.6935,307.734,0.102,0.3035,9.0115,0.7395,307.727,0.107,
1.5179999999999998,7.578,-0.257,307.892,0.21,0.9319999999999999,7.609,0.618,307.897,0.156,0.3765,7.52,2.6585,308.139,0.853,0.7164999999999999,8.587,2.241,307.986,1.433,1.4434999999999998,7.182,0.261,307.712,0.832,1.3415,6.842,-1.1255000000000002,307.914,0.1,0.4465,8.012,-1.302,308.113,0.1,0.06999999999999999,9.018,0.487,308.145,0.265,0.28500000000000003,7.986,2.1654999999999998,308.263,1.49,0.569,7.728,-0.0755,308.09,0.298,0.9915,7.722,-0.1355,307.952,0.372,1.3715,7.907,0.055,307.875,0.245,1.3915,8.053,-0.61,307.739,0.1,0.8300000000000001,8.123,-0.9490000000000001,307.584,0.1,0.117,8.734,-0.316,307.609,0.1,-0.06899999999999999,9.097,-0.33199999999999996,307.664,0.1,
1.0150000000000001,8.133,-0.8385,307.608,0.1,1.7725,7.8454999999999995,0.23399999999999999,307.664,1.109,1.9725,7.683,-0.808,307.627,0.352,1.491,7.8685,-1.02,307.716,0.1,0.6725,8.386,-0.7045,307.794,0.1,-0.131,8.036999999999999,-0.8175,307.899,0.1,-0.4005,7.589,-0.896,307.71,0.236,-0.191,7.676,0.41800000000000004,307.602,0.136,0.17400000000000002,8.378,1.6755,307.687,0.192,0.5365,7.652,-0.016999999999999998,307.692,0.764,0.665,7.6645,-1.026,308.006,0.1,0.7484999999999999,7.8875,1.357,307.68,0.556,0.8995,8.1585,2.2965,307.549,0.574,1.0190000000000001,8.3945,0.1745,307.39,0.208,1.1605,8.183,-0.9025000000000001,307.301,0.21,1.0165000000000002,8.156500000000001,-1.0154999999999998,307.231,0.102,
1.1645,7.975,-0.9245,307.589,0.115,1.8650000000000002,7.9475,0.6174999999999999,307.671,1.201,2.1660000000000004,7.7245,-0.45499999999999996,307.625,0.363,1.856,7.5035,-0.9630000000000001,307.702,0.1,1.296,7.78,-0.7975,307.742,0.1,0.46799999999999997,7.8855,-0.819,307.884,0.1,-0.315,7.7620000000000005,-0.7829999999999999,307.896,0.105,-0.5894999999999999,7.9585,-0.7275,307.682,0.1,-0.344,8.364999999999998,0.0545,307.633,0.102,0.127,8.059000000000001,-0.478,307.685,0.799,0.6555,7.5675,-0.008,307.856,1.179,1.283,8.275,1.698,307.791,0.312,1.8815,8.356,1.2225000000000001,307.604,0.325,2.1615,8.212499999999999,-0.454,307.455,0.154,1.908,8.251,-1.0665,307.351,0.111,1.099,8.443000000000001,-0.81,307.294,0.1,
0.603,8.0835,-0.7290000000000001,307.534,0.144,1.4655,8.567,1.2759999999999998,307.718,0.95,2.1265,8.202,-0.07200000000000001,307.638,0.362,1.9865,7.398,-0.631,307.558,0.183,1.63,7.38,-0.5469999999999999,307.563,0.109,1.0,7.7895,-0.546,307.652,0.1,0.13149999999999998,7.946,-0.6815,307.85,0.101,-0.507,8.1425,-1.045,307.892,0.1,-0.6579999999999999,8.111,-1.184,307.658,0.1,-0.191,8.135,-0.354,307.641,0.906,0.9125,7.560499999999999,1.35,307.792,1.402,1.9754999999999998,8.499500000000001,0.8260000000000001,307.767,0.189,2.5095,8.339500000000001,-0.16899999999999998,307.624,0.157,2.495,7.962,-0.772,307.572,0.104,1.8744999999999998,8.2685,-0.775,307.515,0.1,0.8265,8.7475,-0.6910000000000001,307.427,0.1,
0.218,8.241499999999998,0.2905,307.531,0.101,1.154,9.1905,0.9510000000000001,307.68,0.389,1.8805,8.237,-0.511,307.594,0.273,1.7305,7.2255,-0.7095,307.573,0.105,1.47,7.246499999999999,-0.313,307.58,0.106,1.184,7.984500000000001,-0.2215,307.487,0.122,0.503,8.262,-0.7755000000000001,307.727,0.1,-0.3555,8.332,-1.0310000000000001,308.008,0.1,-0.769,7.8075,-1.362,307.701,0.101,-0.17400000000000002,7.715,0.9535,307.66,1.253,1.1875,7.351,2.137,307.751,1.156,2.118,8.286000000000001,-0.1305,307.633,0.357,2.2375,8.0975,-0.901,307.613,0.1,1.8565,7.871,-0.763,307.719,0.1,1.0314999999999999,8.164,-0.8135,307.72,0.1,0.2245,8.623000000000001,-1.088,307.612,0.1,
0.3205,8.3095,1.984,307.696,1.121,1.084,9.122,0.096,307.6,0.119,1.4315,7.6165,-0.8875,307.577,0.105,1.2485,7.061,-0.8434999999999999,307.759,0.1,1.2,6.917999999999999,-0.7124999999999999,307.834,0.1,1.17,7.897,-0.8385,307.705,0.1,0.689,8.457,-1.0975000000000001,307.852,0.1,0.037000000000000005,8.454,-1.0745,308.052,0.1,-0.2975,7.543,-0.508,307.735,0.479,0.08800000000000002,7.282500000000001,2.5965,307.806,1.595,0.9705,7.193,2.0795,307.721,0.946,1.47,7.8055,-0.3765,307.508,0.478,1.3304999999999998,7.907500000000001,-1.002,307.667,0.1,0.7725,7.859500000000001,-0.748,307.855,0.1,-0.05249999999999999,7.691,-1.2915,307.786,0.1,-0.2675,8.1135,-0.8145,307.69,0.1,
0.10149999999999999,8.4215,2.5755,307.801,0.734,0.5485,8.712499999999999,-0.2845,307.543,0.611,0.6599999999999999,7.467499999999999,0.203,307.622,0.118,0.5265,7.3245000000000005,0.41200000000000003,307.799,0.1,0.7115,6.6445,-0.4295,307.942,0.1,0.986,7.4015,-0.9135,307.999,0.1,0.8855,8.195,-1.1995,308.125,0.1,0.6105,8.344000000000001,-1.318,308.112,0.1,0.3275,7.4275,0.5675,307.798,0.584,0.08399999999999999,7.2085,3.1895,307.913,1.855,0.216,7.244,1.4975,307.684,0.672,0.6775,7.526,-0.20850000000000002,307.525,0.64,0.7075,7.888,-0.9165000000000001,307.733,0.1,0.1315,7.6370000000000005,-1.014,307.94,0.1,-0.46799999999999997,7.1645,-1.171,307.637,0.1,-0.19849999999999998,7.8725000000000005,0.851,307.682,0.322,
-0.496,8.5305,1.35,307.713,0.285,-0.1965,8.672,-0.3705,307.605,0.417,-0.152,8.2555,1.5915,307.809,0.363,-0.122,7.925,2.075,307.865,0.564,0.2345,7.083,1.032,307.886,0.341,0.8065,7.0600000000000005,0.9775,307.957,0.1,1.1285,7.621499999999999,-0.483,308.101,0.1,1.0105,8.038,-1.4409999999999998,308.129,0.1,0.7765,7.5600000000000005,0.731,307.826,0.581,0.3285,7.3335,2.404,307.864,1.903,0.033499999999999995,7.356,0.8340000000000001,307.595,0.541,0.3855,7.604,-0.2505,307.554,0.649,0.403,7.942,-0.8285,307.74,0.1,-0.10450000000000001,7.3225,-1.1395,307.942,0.1,-0.166,7.1815,0.16,307.618,1.273,0.338,8.1655,1.9445000000000001,307.729,0.163,
-0.6895,8.343,-0.1055,307.628,0.114,-0.5880000000000001,8.8045,-0.6435,307.7,0.285,-0.5569999999999999,9.077,1.4365,307.877,0.193,-0.317,8.4545,1.875,307.894,0.228,0.03599999999999999,7.9094999999999995,1.6244999999999998,307.857,0.22,0.587,7.058999999999999,2.5164999999999997,307.942,0.577,1.1524999999999999,7.105499999999999,0.7324999999999999,307.911,1.078,1.232,7.692,-1.1035,308.017,0.1,1.1179999999999999,7.827999999999999,-0.0645,307.77,0.31,0.986,7.3765,1.457,307.75,1.735,0.7525,7.4335,0.546,307.51,0.628,0.5305,7.7995,-0.33999999999999997,307.427,0.715,0.01849999999999999,8.075,-0.8145,307.747,0.1,-0.2425,7.484,-0.4975,307.92,0.1,0.3925,7.606999999999999,1.8255,307.831,1.43,0.984,8.495,1.1320000000000001,307.759,0.198,
-0.9305,8.057,-0.5185,307.725,0.1,-0.9724999999999999,8.6945,-0.81,307.683,0.203,-0.9019999999999999,9.3725,0.3135,307.719,0.153,-0.724,8.750499999999999,0.394,307.721,0.12,-0.54,8.2365,0.617,307.725,0.126,0.05650000000000002,7.1385,1.862,307.865,0.146,1.0125000000000002,6.714499999999999,1.6015000000000001,307.858,1.272,1.351,7.340999999999999,-0.6884999999999999,307.9,0.1,1.2005,8.016,-0.8295,307.679,0.105,1.3085,7.377000000000001,1.321,307.771,1.319,1.3215,7.5985,0.6875,307.558,0.537,0.8205,8.0495,-0.1845,307.439,0.801,0.04899999999999999,8.443000000000001,-0.875,307.826,0.1,0.004499999999999976,8.2785,0.42000000000000004,307.942,0.323,0.8240000000000001,7.928999999999999,2.7255000000000003,308.003,1.082,1.1965,8.328,-0.2435,307.824,0.234,
-0.9904999999999999,8.1295,-0.372,307.846,0.101,-1.1709999999999998,8.426,-0.654,307.656,0.131,-1.21,9.267,-0.4845,307.472,0.11,-1.3405,8.7845,-0.631,307.552,0.101,-1.327,7.868,-0.5920000000000001,307.619,0.1,-0.5830000000000001,6.9079999999999995,0.3255,307.725,0.1,0.6659999999999999,6.404,1.8744999999999998,307.85,0.906,1.1655,6.9175,-0.5914999999999999,307.852,0.1,1.026,8.009,-1.0815000000000001,307.712,0.102,1.2229999999999999,7.6135,1.195,307.916,0.377,1.4895,8.022,0.5505,307.748,0.155,1.2355,8.508500000000002,-0.17049999999999998,307.635,0.424,0.531,9.043,-0.9470000000000001,307.984,0.1,0.364,9.1655,0.603,307.981,0.241,0.9630000000000001,8.094999999999999,2.3795,308.001,0.477,1.1735,7.9215,-0.5375000000000001,307.844,0.4,
-0.3035,8.4995,-0.35,307.857,0.1,-0.6194999999999999,8.1735,-0.5285,307.83,0.102,-0.8255,8.900500000000001,-0.9355,307.59,0.1,-1.2494999999999998,8.5545,-1.1869999999999998,307.67,0.1,-1.443,7.3165,-1.147,307.79,0.1,-0.856,6.416,-0.6795,307.722,0.1,0.18049999999999997,6.2625,1.788,307.829,0.579,0.7155,6.4975000000000005,-0.5834999999999999,307.87,0.1,0.7729999999999999,7.8965,-1.0175,307.976,0.1,1.0045,8.0685,0.3105,308.007,0.113,1.2145000000000001,8.4475,-0.1755,307.892,0.101,0.8960000000000001,8.821000000000002,-0.654,307.915,0.11,0.14600000000000002,9.318,-1.133,308.084,0.1,-0.032,9.42,-0.1255,307.926,0.182,0.7565000000000001,8.0705,1.294,307.903,0.207,1.374,7.9395,0.365,307.811,0.536,
0.9305,8.7305,-0.5640000000000001,307.863,0.1,0.6074999999999999,7.98,-0.7775000000000001,308.068,0.1,0.3675,8.591000000000001,-1.0185,307.972,0.1,0.036000000000000004,8.377,-1.068,307.947,0.1,-0.36050000000000004,7.138999999999999,-1.0125,308.065,0.1,-0.446,6.2725,-1.0085,307.919,0.1,-0.023499999999999993,6.380000000000001,1.4005,307.812,0.43,0.394,6.2940000000000005,-0.39149999999999996,307.928,0.1,0.44,7.9055,-0.7885,308.235,0.1,0.3145,8.336,-0.6405000000000001,308.128,0.1,0.032,8.251,-0.9325,308.006,0.1,-0.4175,8.468,-1.0625,308.003,0.1,-0.7130000000000001,8.832,-0.968,307.896,0.436,-0.352,8.8165,-0.8375,307.781,0.262,0.6925,7.7995,0.942,307.798,0.115,1.601,8.312,1.509,307.796,0.602,
1.581,8.4695,-0.979,308.067,0.1,1.5055,7.7490000000000006,-1.1395,308.166,0.1,1.6225,8.406500000000001,0.21050000000000002,308.038,0.1,1.6275,8.631,0.4385,307.986,0.1,1.1455,7.4895,-0.362,308.065,0.1,0.4215,6.663,-0.935,308.085,0.1,0.21000000000000002,6.695,0.6935,307.842,0.163,0.2865,6.483499999999999,0.0205,307.938,0.695,-0.0295,8.009,-0.8694999999999999,308.339,0.1,-0.5155,8.202,-1.0325,308.078,0.1,-0.8285,7.462,-0.9079999999999999,307.891,0.1,-0.736,7.7865,-0.28300000000000003,307.816,0.1,-0.17950000000000002,8.182,0.11099999999999999,307.752,0.279,0.40349999999999997,8.0595,-0.6725000000000001,307.658,0.222,0.925,7.728999999999999,1.5059999999999998,307.76,0.125,1.5645,8.567499999999999,2.0759999999999996,307.802,0.425,
1.704,7.8605,-1.0835,308.219,0.1,1.844,7.420999999999999,-0.8385,308.074,0.1,2.2110000000000003,8.0075,2.4290000000000003,308.019,0.134,2.2955,9.0075,2.0629999999999997,307.936,0.12,1.9200000000000002,7.8135,0.057,307.908,0.1,1.1725,7.027,-0.858,308.07,0.1,0.6619999999999999,7.0885,-0.0855,307.894,0.1,0.4635,7.1594999999999995,0.3785,307.999,0.946,-0.13149999999999998,8.01,-1.121,308.359,0.1,-0.71,7.8525,-1.0835,307.963,0.1,-0.647,7.005,0.0445,307.736,0.109,0.015999999999999986,7.525,1.1724999999999999,307.758,0.746,0.8845000000000001,8.018,0.8855,307.797,0.145,1.106,7.8635,-0.328,307.668,0.147,0.784,8.138,1.6175000000000002,307.799,0.123,1.0425,8.7695,1.7485,307.795,0.153,
1.8445,7.5515,-0.6034999999999999,308.08,0.1,1.689,7.404999999999999,0.16399999999999998,307.945,0.1,1.58,7.616,3.6515,308.154,0.948,1.7000000000000002,8.829,2.5054999999999996,307.942,1.128,1.9169999999999998,7.476000000000001,-0.034,307.757,0.1,1.5735,6.99,-0.984,307.946,0.1,0.8515,7.6395,-0.7305,308.011,0.1,0.5495000000000001,8.288,0.434,308.097,0.592,0.20600000000000002,7.955500000000001,0.023,308.265,0.1,-0.175,7.644,-0.817,308.047,0.1,0.09899999999999999,7.3115000000000006,0.521,307.792,0.476,0.8280000000000001,7.747999999999999,1.317,307.801,0.6,1.4005,8.088000000000001,0.31899999999999995,307.759,0.11,1.145,8.0425,-0.565,307.642,0.1,0.368,8.6145,0.7729999999999999,307.731,0.1,0.34550000000000003,8.9815,0.737,307.723,0.104,
1.4435,7.569,-0.3315,307.898,0.169,0.8535,7.566,0.6214999999999999,307.9,0.14,0.38649999999999995,7.515,2.7305,308.131,0.754,0.8294999999999999,8.531,2.27,307.975,1.358,1.5979999999999999,7.105,0.2125,307.71,0.694,1.4535,6.876,-1.1345,307.943,0.1,0.495,7.983,-1.2245,308.155,0.1,0.11049999999999999,8.95,0.39549999999999996,308.147,0.266,0.3535,7.94,2.1325000000000003,308.263,1.42,0.5994999999999999,7.625,-0.147,308.138,0.118,0.9764999999999999,7.618,-0.23500000000000001,307.953,0.297,1.3935,7.922,0.0625,307.872,0.186,1.4024999999999999,8.101,-0.577,307.737,0.1,0.7395,8.149,-0.8625,307.585,0.1,-0.013000000000000012,8.787,-0.24150000000000002,307.614,0.1,-0.125,9.055,-0.3045,307.672,0.1,
1.0525,7.9665,-0.8180000000000001,307.653,0.1,1.79,7.7925,0.11199999999999999,307.659,1.012,1.9895,7.6835,-0.784,307.654,0.241,1.492,7.9645,-0.9255,307.768,0.1,0.617,8.4515,-0.599,307.847,0.1,-0.29150000000000004,8.1135,-0.732,307.962,0.1,-0.6345000000000001,7.766,-0.876,307.74,0.18,-0.3,7.9,0.384,307.581,0.123,0.27399999999999997,8.382000000000001,1.658,307.68,0.179,0.622,7.6985,-0.125,307.719,0.69,0.5985,7.7025,-1.0145,308.057,0.1,0.6965,7.8004999999999995,1.289,307.676,0.474,1.0665,8.156500000000001,2.2474999999999996,307.541,0.492,1.383,8.478,0.1755,307.398,0.183,1.487,8.312000000000001,-0.9279999999999999,307.297,0.171,1.1440000000000001,8.268,-0.9944999999999999,307.26,0.101,
1.3285,7.843500000000001,-0.85,307.626,0.109,1.9505,7.833,0.40900000000000003,307.66,1.134,2.177,7.593,-0.5125,307.651,0.248,1.824,7.510999999999999,-0.911,307.771,0.1,1.2245,7.8675,-0.7105,307.805,0.1,0.3735,7.961499999999999,-0.7205,307.945,0.1,-0.4065,7.8525,-0.7110000000000001,307.95,0.103,-0.5745,8.089500000000001,-0.704,307.703,0.1,-0.188,8.348,0.057499999999999996,307.644,0.101,0.2285,8.0155,-0.55,307.711,0.727,0.6315,7.5725,-0.12,307.887,0.716,1.312,8.235,1.5915,307.783,0.264,2.0525,8.387,1.167,307.608,0.265,2.3890000000000002,8.285,-0.442,307.45,0.143,2.0725000000000002,8.3035,-1.031,307.37,0.106,1.1565,8.479,-0.7595000000000001,307.34,0.1,
0.7725,7.996,-0.6175,307.542,0.273,1.57,8.511,0.996,307.706,0.917,2.2060000000000004,7.9975000000000005,-0.154,307.637,0.322,2.061,7.3004999999999995,-0.6034999999999999,307.602,0.146,1.661,7.452500000000001,-0.509,307.627,0.105,0.9954999999999999,7.8375,-0.5355000000000001,307.711,0.1,0.13449999999999998,7.9875,-0.622,307.913,0.1,-0.4475,8.166,-0.9804999999999999,307.956,0.1,-0.5549999999999999,8.031,-1.1440000000000001,307.699,0.1,-0.14100000000000001,8.0565,-0.3505,307.652,0.84,0.9019999999999999,7.542,1.1844999999999999,307.79,1.31,2.0004999999999997,8.4695,0.758,307.764,0.167,2.573,8.337,-0.181,307.633,0.133,2.543,7.985,-0.7364999999999999,307.577,0.102,1.916,8.2745,-0.721,307.559,0.1,0.8605,8.766,-0.599,307.483,0.1,
0.28099999999999997,8.177,0.3355,307.532,0.103,1.224,9.193999999999999,0.769,307.674,0.345,2.0065,8.0265,-0.503,307.584,0.227,1.9015,7.083,-0.6525000000000001,307.612,0.103,1.6445,7.2895,-0.2885,307.636,0.103,1.2685,8.0105,-0.268,307.54,0.112,0.491,8.286999999999999,-0.737,307.806,0.1,-0.396,8.272,-0.977,308.073,0.1,-0.815,7.664,-1.2945,307.722,0.101,-0.2065,7.6605,0.9884999999999999,307.66,1.217,1.2045000000000001,7.3605,2.0084999999999997,307.741,1.075,2.1805,8.296,-0.1315,307.635,0.281,2.2809999999999997,8.066500000000001,-0.877,307.641,0.1,1.866,7.8475,-0.7224999999999999,307.76,0.1,1.0705,8.150500000000001,-0.7205,307.779,0.1,0.291,8.6735,-0.95,307.679,0.1,
0.3205,8.279499999999999,1.9585,307.688,1.028,1.0955,9.086500000000001,0.07,307.594,0.114,1.474,7.443,-0.846,307.61,0.103,1.334,6.8845,-0.7969999999999999,307.831,0.1,1.31,6.8685,-0.6839999999999999,307.891,0.1,1.1785,7.862500000000001,-0.8474999999999999,307.781,0.1,0.5569999999999999,8.4555,-1.0485,307.947,0.1,-0.162,8.3575,-1.044,308.091,0.1,-0.4645,7.385,-0.4445,307.732,0.511,0.03700000000000003,7.263999999999999,2.633,307.798,1.569,1.058,7.218,2.037,307.712,0.849,1.633,7.8925,-0.405,307.542,0.313,1.4585,7.895,-0.982,307.721,0.1,0.832,7.825,-0.692,307.909,0.1,-0.017499999999999988,7.6385,-1.15,307.836,0.1,-0.22399999999999998,8.1515,-0.7290000000000001,307.746,0.1,
0.156,8.45,2.544,307.794,0.641,0.581,8.581,-0.315,307.544,0.389,0.6635,7.3475,0.159,307.669,0.11,0.5695,7.1305,0.3875,307.858,0.1,0.7735000000000001,6.4795,-0.4625,307.994,0.1,0.9550000000000001,7.2545,-0.9325,308.077,0.1,0.6965,8.125499999999999,-1.1625,308.211,0.1,0.3375,8.278500000000001,-1.272,308.126,0.1,0.1375,7.316,0.592,307.789,0.603,0.0675,7.226,3.216,307.896,1.841,0.377,7.2515,1.5425,307.679,0.614,0.9264999999999999,7.6535,-0.317,307.549,0.574,0.8819999999999999,7.9175,-0.9035,307.786,0.1,0.1725,7.6240000000000006,-0.9059999999999999,307.98,0.1,-0.4985,7.054,-1.1025,307.664,0.1,-0.2395,7.846500000000001,0.8175,307.702,0.224,
-0.40399999999999997,8.587,1.3315000000000001,307.709,0.236,-0.1575,8.481000000000002,-0.4435,307.628,0.314,-0.1255,8.1945,1.5145,307.811,0.322,-0.045,7.8155,2.0055,307.881,0.481,0.327,6.9215,0.9279999999999999,307.907,0.236,0.865,6.898,0.9319999999999999,307.989,0.1,1.0585,7.4815000000000005,-0.501,308.155,0.1,0.8260000000000001,8.028,-1.383,308.148,0.1,0.652,7.5280000000000005,0.7215,307.814,0.535,0.4365,7.373,2.4025,307.848,1.859,0.386,7.3595,0.902,307.595,0.502,0.767,7.723000000000001,-0.34099999999999997,307.533,0.561,0.5925,8.004999999999999,-0.7915000000000001,307.769,0.1,-0.11049999999999999,7.324999999999999,-1.038,307.976,0.1,-0.213,7.053,0.0555,307.622,1.187,0.3275,8.105,1.8519999999999999,307.72,0.159,
-0.698,8.3835,-0.0985,307.646,0.108,-0.6325000000000001,8.65,-0.6605000000000001,307.747,0.204,-0.5875,9.081,1.401,307.875,0.187,-0.3165,8.486,1.8250000000000002,307.886,0.207,0.07,7.859,1.545,307.855,0.199,0.6815,7.008,2.4779999999999998,307.94,0.493,1.221,6.965,0.651,307.919,0.989,1.181,7.6955,-1.0785,308.057,0.1,1.0455,7.8695,-0.0475,307.768,0.245,1.0985,7.4145,1.425,307.737,1.647,1.089,7.449,0.5825,307.503,0.583,0.8815,7.92,-0.354,307.412,0.624,0.18449999999999997,8.1445,-0.7435,307.765,0.1,-0.2605,7.464499999999999,-0.504,307.945,0.1,0.35850000000000004,7.5285,1.6505,307.828,1.382,1.028,8.4535,1.0865,307.752,0.187,
-1.008,8.0625,-0.49,307.772,0.1,-1.0550000000000002,8.6355,-0.776,307.731,0.158,-0.9675,9.431999999999999,0.3025,307.715,0.149,-0.766,8.858,0.3965,307.712,0.121,-0.541,8.288,0.631,307.72,0.122,0.118,7.172000000000001,1.8335,307.853,0.137,1.0965,6.653499999999999,1.474,307.846,1.196,1.3825,7.3469999999999995,-0.688,307.942,0.1,1.181,8.100999999999999,-0.7645,307.697,0.103,1.3415,7.41,1.2570000000000001,307.761,1.165,1.4805000000000001,7.6125,0.6805000000000001,307.549,0.465,1.0,8.204,-0.21350000000000002,307.433,0.664,0.10849999999999999,8.4925,-0.8089999999999999,307.861,0.1,-0.017999999999999988,8.222,0.33799999999999997,307.951,0.3,0.856,7.926,2.5985,308.001,1.032,1.283,8.32,-0.223,307.835,0.194,
-1.0455,8.0945,-0.34199999999999997,307.906,0.1,-1.2235,8.433499999999999,-0.6145,307.699,0.117,-1.256,9.3475,-0.46950000000000003,307.463,0.107,-1.3905,8.902000000000001,-0.5715,307.546,0.101,-1.38,7.9665,-0.5115000000000001,307.622,0.1,-0.585,6.9405,0.3245,307.725,0.1,0.758,6.4215,1.7475,307.842,0.846,1.2730000000000001,6.968,-0.5965,307.886,0.1,1.0605,8.111,-1.0110000000000001,307.757,0.101,1.2455,7.654999999999999,1.0915,307.907,0.298,1.5735000000000001,8.0415,0.5015000000000001,307.739,0.148,1.281,8.6665,-0.2375,307.664,0.327,0.456,9.0765,-0.887,308.035,0.1,0.3,9.115,0.5529999999999999,307.98,0.244,1.0255,8.1405,2.2845,307.999,0.431,1.2345000000000002,7.9334999999999996,-0.5765,307.868,0.268,
-0.3095,8.4205,-0.334,307.927,0.1,-0.6335,8.1675,-0.4895,307.883,0.101,-0.847,8.936499999999999,-0.8925000000000001,307.604,0.1,-1.305,8.617,-1.1135,307.685,0.1,-1.567,7.393,-1.0665,307.82,0.1,-0.9149999999999999,6.4455,-0.654,307.739,0.1,0.30400000000000005,6.295,1.704,307.822,0.533,0.8475,6.6175,-0.6065,307.901,0.1,0.8005,7.9990000000000006,-0.98,308.05,0.1,1.0225,8.121,0.2255,308.008,0.11,1.246,8.469000000000001,-0.188,307.908,0.101,0.869,8.8995,-0.642,307.986,0.105,0.058499999999999996,9.3635,-1.0425,308.126,0.1,-0.065,9.432500000000001,-0.10250000000000001,307.922,0.176,0.8494999999999999,8.1335,1.2145000000000001,307.899,0.194,1.4545,7.95,0.22499999999999998,307.815,0.484,
0.9299999999999999,8.614,-0.5375000000000001,307.949,0.1,0.597,7.8895,-0.7464999999999999,308.139,0.1,0.34149999999999997,8.5265,-1.0154999999999998,308.029,0.1,-0.02650000000000001,8.312000000000001,-1.0665,308.0,0.1,-0.5115000000000001,7.1114999999999995,-0.988,308.121,0.1,-0.544,6.308,-0.965,307.949,0.1,0.07499999999999998,6.382,1.3575,307.806,0.38,0.499,6.436999999999999,-0.439,307.98,0.1,0.4435,7.994,-0.7635000000000001,308.319,0.1,0.2945,8.365,-0.6335,308.179,0.1,-0.0165,8.2355,-0.8475,308.058,0.1,-0.5255000000000001,8.422,-0.9755,308.059,0.1,-0.8635,8.862,-0.9179999999999999,307.929,0.288,-0.458,8.873999999999999,-0.7845,307.782,0.235,0.721,7.853,0.906,307.799,0.108,1.698,8.3065,1.3944999999999999,307.79,0.533,
1.5245,8.368,-0.905,308.156,0.1,1.4495,7.6055,-1.1045,308.222,0.1,1.565,8.2775,0.186,308.092,0.1,1.5805,8.471,0.39149999999999996,308.035,0.1,1.078,7.345000000000001,-0.3915,308.109,0.1,0.3865,6.6739999999999995,-0.8845000000000001,308.123,0.1,0.2905,6.678,0.697,307.836,0.144,0.3745,6.5515,-0.065,307.991,0.434,-0.013500000000000012,8.067499999999999,-0.796,308.405,0.1,-0.544,8.193999999999999,-0.9495,308.127,0.1,-0.891,7.4275,-0.8225,307.933,0.1,-0.859,7.6705000000000005,-0.2475,307.837,0.1,-0.38899999999999996,8.151499999999999,0.041,307.757,0.237,0.19799999999999998,8.087499999999999,-0.661,307.661,0.198,0.858,7.7405,1.5165,307.766,0.116,1.6309999999999998,8.545000000000002,2.0324999999999998,307.799,0.355,
1.5390000000000001,7.8225,-1.0245,308.298,0.1,1.7075,7.32,-0.7869999999999999,308.099,0.1,2.15,7.908,2.4665,308.036,0.119,2.315,8.8515,2.059,307.961,0.111,1.9874999999999998,7.657500000000001,0.0365,307.929,0.1,1.2665,7.0315,-0.8145,308.113,0.1,0.774,7.084,-0.0225,307.92,0.1,0.5275,7.1265,0.2455,308.008,0.855,-0.1465,8.016,-1.0390000000000001,308.412,0.1,-0.761,7.849,-0.9810000000000001,307.997,0.1,-0.6985,6.9975000000000005,0.012,307.742,0.105,-0.049000000000000016,7.4515,1.1139999999999999,307.753,0.668,0.778,7.976,0.7685,307.782,0.143,0.9835,7.848,-0.3415,307.659,0.139,0.7384999999999999,8.1195,1.6684999999999999,307.792,0.117,1.0995,8.731000000000002,1.7215,307.785,0.144,
1.654,7.55,-0.636,308.135,0.1,1.525,7.359,0.1925,307.963,0.1,1.5415,7.582,3.7305,308.15,0.879,1.783,8.7285,2.5385,307.945,1.025,2.0575,7.393000000000001,-0.038,307.767,0.1,1.7325,7.0275,-0.964,307.993,0.1,1.005,7.638,-0.6375,308.063,0.1,0.623,8.193000000000001,0.2935,308.099,0.523,0.18550000000000003,7.914,0.020999999999999998,308.302,0.1,-0.2365,7.609,-0.779,308.096,0.1,0.048500000000000015,7.2745,0.40700000000000003,307.781,0.406,0.83,7.741,1.2454999999999998,307.793,0.501,1.4135,8.0975,0.2585,307.755,0.108,1.102,8.042,-0.5275000000000001,307.639,0.1,0.326,8.618500000000001,0.8525,307.727,0.1,0.39,8.9165,0.7295,307.718,0.103,
1.3485,7.569,-0.39849999999999997,307.906,0.151,0.7605,7.534,0.6225,307.905,0.134,0.395,7.51,2.79,308.122,0.661,0.9480000000000001,8.462,2.2874999999999996,307.965,1.276,1.7534999999999998,7.062,0.159,307.707,0.436,1.5665,6.934,-1.1335,307.983,0.1,0.5509999999999999,7.973,-1.141,308.206,0.1,0.14750000000000002,8.832,0.3025,308.152,0.283,0.4225,7.884,2.084,308.267,1.344,0.6439999999999999,7.543,-0.2115,308.196,0.11,0.966,7.534,-0.3175,307.964,0.253,1.408,7.933,0.068,307.87,0.158,1.387,8.141,-0.5455000000000001,307.737,0.1,0.6255000000000001,8.174,-0.7635,307.588,0.1,-0.13249999999999998,8.815,-0.164,307.619,0.1,-0.154,8.972,-0.277,307.675,0.1,
1.09,7.7989999999999995,-0.8,307.698,0.1,1.807,7.7395,0.010999999999999998,307.654,0.916,2.006,7.6845,-0.748,307.681,0.13,1.4925000000000002,8.06,-0.8260000000000001,307.82,0.1,0.5615,8.517,-0.49350000000000005,307.899,0.1,-0.452,8.190000000000001,-0.6419999999999999,308.025,0.1,-0.869,7.9425,-0.8380000000000001,307.77,0.124,-0.409,8.1235,0.3425,307.559,0.111,0.3745,8.386,1.6055000000000001,307.672,0.166,0.708,7.746,-0.217,307.746,0.617,0.5325,7.7405,-0.9754999999999999,308.109,0.1,0.645,7.713,1.206,307.672,0.392,1.233,8.1535,2.1734999999999998,307.534,0.41,1.7469999999999999,8.561499999999999,0.15949999999999998,307.406,0.159,1.8135,8.440999999999999,-0.9375,307.293,0.132,1.271,8.3795,-0.9505,307.288,0.1,
1.4915,7.711499999999999,-0.7875,307.663,0.102,2.0355,7.718500000000001,0.22,307.65,1.066,2.188,7.461,-0.5529999999999999,307.676,0.132,1.792,7.5184999999999995,-0.8425,307.84,0.1,1.1524999999999999,7.955,-0.6185,307.869,0.1,0.2785,8.0375,-0.6174999999999999,308.005,0.1,-0.4975,7.9435,-0.6305000000000001,308.005,0.1,-0.5589999999999999,8.219999999999999,-0.6779999999999999,307.724,0.1,-0.032,8.332,0.046,307.654,0.1,0.3305,7.9719999999999995,-0.607,307.738,0.655,0.6074999999999999,7.577500000000001,-0.2065,307.919,0.253,1.3405,8.1945,1.472,307.775,0.216,2.2235,8.418,1.1025,307.612,0.205,2.6159999999999997,8.3575,-0.4305,307.445,0.131,2.2365,8.356,-0.982,307.39,0.101,1.2145,8.515,-0.7005,307.386,0.1,
0.942,7.9079999999999995,-0.5145000000000001,307.55,0.402,1.6749999999999998,8.455,0.721,307.694,0.884,2.285,7.7925,-0.2305,307.636,0.282,2.1345,7.204,-0.5640000000000001,307.646,0.11,1.6915,7.525,-0.4675,307.691,0.101,0.9910000000000001,7.885999999999999,-0.5125,307.771,0.1,0.13700000000000004,8.0295,-0.558,307.976,0.1,-0.38849999999999996,8.189499999999999,-0.9105,308.02,0.1,-0.45199999999999996,7.952,-1.0995,307.74,0.1,-0.09049999999999998,7.9775,-0.3475,307.662,0.775,0.8915000000000001,7.524,1.0215,307.788,1.218,2.025,8.439499999999999,0.6795,307.76,0.144,2.6365,8.3345,-0.188,307.642,0.109,2.591,8.008000000000001,-0.694,307.582,0.1,1.9575,8.2815,-0.6639999999999999,307.604,0.1,0.894,8.785,-0.515,307.54,0.1,
0.34450000000000003,8.1125,0.38249999999999995,307.534,0.105,1.294,9.198,0.5780000000000001,307.669,0.301,2.133,7.816,-0.496,307.573,0.182,2.0735,6.941,-0.5905,307.651,0.101,1.819,7.3325,-0.2645,307.691,0.101,1.3525,8.0365,-0.3,307.592,0.102,0.4784999999999999,8.312000000000001,-0.6915,307.886,0.1,-0.437,8.2125,-0.915,308.138,0.1,-0.861,7.521,-1.2229999999999999,307.743,0.1,-0.23900000000000002,7.606,1.0085,307.659,1.181,1.221,7.37,1.865,307.732,0.994,2.242,8.306,-0.14750000000000002,307.637,0.205,2.324,8.035,-0.8445,307.669,0.1,1.875,7.8235,-0.6735,307.801,0.1,1.109,8.138,-0.6255,307.837,0.1,0.35750000000000004,8.724,-0.8180000000000001,307.746,0.1,
0.321,8.25,1.926,307.68,0.935,1.108,9.0515,0.0375,307.587,0.108,1.517,7.269,-0.8029999999999999,307.643,0.101,1.4195,6.708,-0.749,307.903,0.1,1.4205,6.8195,-0.649,307.949,0.1,1.187,7.828,-0.833,307.856,0.1,0.425,8.4535,-0.983,308.043,0.1,-0.36100000000000004,8.261,-1.0034999999999998,308.129,0.1,-0.632,7.227,-0.39149999999999996,307.729,0.543,-0.014500000000000013,7.2455,2.6479999999999997,307.79,1.543,1.145,7.2425,1.9745,307.703,0.752,1.796,7.9799999999999995,-0.4455,307.575,0.148,1.5865,7.8825,-0.9515,307.774,0.1,0.891,7.791,-0.627,307.963,0.1,0.016999999999999987,7.587,-0.998,307.886,0.1,-0.18,8.188500000000001,-0.6375,307.802,0.1,
0.2105,8.479,2.489,307.787,0.548,0.6134999999999999,8.4495,-0.329,307.546,0.168,0.6665,7.227,0.10750000000000001,307.716,0.102,0.6114999999999999,6.936999999999999,0.35550000000000004,307.918,0.1,0.8355,6.3155,-0.491,308.046,0.1,0.924,7.1080000000000005,-0.9325,308.155,0.1,0.507,8.055,-1.1035,308.296,0.1,0.065,8.212499999999999,-1.213,308.139,0.1,-0.0515,7.2044999999999995,0.596,307.78,0.622,0.051000000000000004,7.243,3.221,307.879,1.826,0.5375,7.259,1.5605,307.673,0.556,1.176,7.781499999999999,-0.4245,307.574,0.508,1.0565,7.947,-0.876,307.839,0.1,0.21249999999999997,7.6114999999999995,-0.7875,308.02,0.1,-0.5295000000000001,6.9445,-1.0195,307.691,0.1,-0.2805,7.8195,0.7825,307.722,0.126,
-0.3115,8.644,1.2965,307.705,0.188,-0.119,8.29,-0.4905,307.651,0.212,-0.1,8.1335,1.4155,307.813,0.281,0.031999999999999994,7.7065,1.9205,307.896,0.399,0.4195,6.761,0.812,307.928,0.13,0.9229999999999999,6.736000000000001,0.876,308.022,0.1,0.9884999999999999,7.3415,-0.5075000000000001,308.209,0.1,0.642,8.0175,-1.3050000000000002,308.168,0.1,0.528,7.496,0.6995,307.801,0.49,0.544,7.412000000000001,2.3855000000000004,307.832,1.816,0.7384999999999999,7.3625,0.94,307.596,0.464,1.1495,7.8415,-0.42300000000000004,307.512,0.473,0.7825,8.068,-0.7384999999999999,307.798,0.1,-0.11649999999999999,7.327999999999999,-0.9185,308.01,0.1,-0.2595,6.925000000000001,-0.0445,307.625,1.101,0.3175,8.044,1.742,307.712,0.156,
-0.7070000000000001,8.4235,-0.0905,307.664,0.102,-0.6765,8.4955,-0.6645000000000001,307.793,0.123,-0.6174999999999999,9.084499999999998,1.3439999999999999,307.873,0.182,-0.3155,8.518,1.762,307.879,0.186,0.10449999999999998,7.809000000000001,1.4495,307.853,0.178,0.776,6.957,2.419,307.939,0.41,1.2894999999999999,6.824999999999999,0.565,307.927,0.9,1.13,7.6995000000000005,-1.0345,308.097,0.1,0.973,7.911,-0.0305,307.766,0.18,1.2105000000000001,7.453,1.3895,307.723,1.559,1.425,7.4635,0.5985,307.496,0.537,1.2325,8.0395,-0.3655,307.398,0.532,0.3505,8.213999999999999,-0.659,307.782,0.1,-0.2785,7.4455,-0.489,307.971,0.1,0.324,7.45,1.4609999999999999,307.825,1.334,1.0715,8.4115,1.0235,307.746,0.175,
-1.0855000000000001,8.067,-0.45499999999999996,307.82,0.1,-1.1375000000000002,8.5765,-0.741,307.778,0.113,-1.033,9.4905,0.28200000000000003,307.711,0.146,-0.808,8.966000000000001,0.3945,307.702,0.122,-0.5415,8.339500000000001,0.637,307.715,0.119,0.18,7.2059999999999995,1.8005,307.841,0.127,1.1804999999999999,6.5920000000000005,1.3275000000000001,307.835,1.121,1.4140000000000001,7.3535,-0.6799999999999999,307.985,0.1,1.1615000000000002,8.185500000000001,-0.6935,307.715,0.1,1.3745,7.4435,1.1935,307.751,1.012,1.6395,7.6265,0.654,307.541,0.393,1.1789999999999998,8.3575,-0.239,307.427,0.527,0.16799999999999998,8.542,-0.73,307.896,0.1,-0.04000000000000001,8.1655,0.26949999999999996,307.96,0.277,0.888,7.923,2.4415,307.999,0.982,1.3695,8.3115,-0.20350000000000001,307.847,0.155,
-1.101,8.059,-0.306,307.966,0.1,-1.2755,8.441,-0.5760000000000001,307.742,0.104,-1.302,9.427,-0.4535,307.454,0.105,-1.4409999999999998,9.0195,-0.512,307.541,0.1,-1.4335,8.065,-0.43,307.624,0.1,-0.5875,6.9735,0.3285,307.725,0.1,0.85,6.439,1.588,307.834,0.785,1.38,7.0184999999999995,-0.5965,307.92,0.1,1.0945,8.2125,-0.931,307.801,0.1,1.268,7.6965,0.9830000000000001,307.899,0.219,1.6575,8.0615,0.434,307.73,0.14,1.327,8.8235,-0.29100000000000004,307.693,0.23,0.382,9.11,-0.8200000000000001,308.086,0.1,0.2365,9.065,0.5045,307.98,0.246,1.0885,8.1855,2.157,307.997,0.386,1.2959999999999998,7.945,-0.604,307.891,0.137,
-0.3165,8.3415,-0.311,307.996,0.1,-0.6475,8.1615,-0.4435,307.935,0.1,-0.8684999999999999,8.971499999999999,-0.8405,307.618,0.1,-1.361,8.6795,-1.03,307.701,0.1,-1.691,7.47,-0.9730000000000001,307.851,0.1,-0.974,6.475,-0.622,307.757,0.1,0.427,6.3285,1.58,307.816,0.488,0.9784999999999999,6.737500000000001,-0.618,307.933,0.1,0.827,8.100999999999999,-0.9305,308.125,0.1,1.04,8.173,0.1395,308.009,0.108,1.2774999999999999,8.491,-0.202,307.924,0.1,0.8414999999999999,8.9775,-0.613,308.058,0.101,-0.0295,9.409500000000001,-0.9495,308.167,0.1,-0.09849999999999998,9.445,-0.08549999999999999,307.917,0.17,0.9420000000000001,8.1955,1.108,307.895,0.182,1.5350000000000001,7.96,0.0865,307.82,0.432,
0.9289999999999999,8.498000000000001,-0.5045,308.036,0.1,0.5865,7.799,-0.7045,308.209,0.1,0.3155,8.461500000000001,-1.0015,308.087,0.1,-0.089,8.247,-1.052,308.054,0.1,-0.6619999999999999,7.0845,-0.9445,308.176,0.1,-0.642,6.343500000000001,-0.909,307.98,0.1,0.17300000000000001,6.384,1.28,307.799,0.329,0.6045,6.58,-0.47350000000000003,308.032,0.1,0.448,8.082,-0.7295,308.404,0.1,0.27549999999999997,8.394,-0.6174999999999999,308.229,0.1,-0.0645,8.221,-0.7535000000000001,308.111,0.1,-0.633,8.3765,-0.873,308.115,0.1,-1.0135,8.893,-0.854,307.961,0.14,-0.5640000000000001,8.9315,-0.7335,307.783,0.208,0.75,7.906000000000001,0.8500000000000001,307.8,0.102,1.7955,8.301,1.2650000000000001,307.784,0.463,
1.4685000000000001,8.267,-0.8305,308.245,0.1,1.3935,7.462,-1.073,308.278,0.1,1.5075,8.1485,0.15849999999999997,308.146,0.1,1.533,8.311499999999999,0.3405,308.083,0.1,1.01,7.2005,-0.41400000000000003,308.153,0.1,0.35150000000000003,6.6850000000000005,-0.8220000000000001,308.161,0.1,0.3705,6.660500000000001,0.677,307.83,0.124,0.4615,6.6195,-0.135,308.045,0.173,0.0025000000000000022,8.125499999999999,-0.714,308.47,0.1,-0.5715,8.186,-0.8595,308.176,0.1,-0.953,7.394,-0.7355,307.976,0.1,-0.9824999999999999,7.555,-0.20900000000000002,307.858,0.1,-0.5985,8.1215,-0.015,307.762,0.194,-0.007000000000000006,8.1155,-0.6425000000000001,307.665,0.174,0.7909999999999999,7.752,1.517,307.772,0.106,1.697,8.523,1.9725000000000001,307.796,0.286,
1.374,7.785,-0.962,308.378,0.1,1.5710000000000002,7.218500000000001,-0.7495,308.124,0.1,2.088,7.8085,2.484,308.053,0.103,2.3339999999999996,8.696,2.0380000000000003,307.985,0.102,2.0545,7.5015,0.004,307.949,0.1,1.3605,7.036,-0.767,308.157,0.1,0.8865,7.08,0.0245,307.946,0.1,0.591,7.093500000000001,0.136,308.017,0.764,-0.16200000000000003,8.021,-0.9455,308.466,0.1,-0.8115,7.8454999999999995,-0.876,308.03,0.1,-0.749,6.991,-0.024,307.749,0.101,-0.11350000000000002,7.3774999999999995,1.043,307.748,0.59,0.6709999999999999,7.9335,0.6499999999999999,307.768,0.142,0.8604999999999999,7.832000000000001,-0.3435,307.65,0.132,0.6930000000000001,8.100999999999999,1.7149999999999999,307.786,0.112,1.156,8.693,1.685,307.774,0.135,
1.463,7.5489999999999995,-0.654,308.19,0.1,1.361,7.3125,0.212,307.98,0.1,1.5030000000000001,7.547499999999999,3.7875,308.147,0.811,1.8655,8.628,2.5545,307.947,0.923,2.198,7.310499999999999,-0.056499999999999995,307.777,0.1,1.892,7.0649999999999995,-0.9375,308.041,0.1,1.159,7.6370000000000005,-0.5485,308.115,0.1,0.6970000000000001,8.098,0.1765,308.101,0.454,0.16550000000000004,7.872,0.0175,308.338,0.1,-0.2975,7.574999999999999,-0.7275,308.146,0.1,-0.0015000000000000013,7.2379999999999995,0.305,307.769,0.336,0.8315,7.733,1.1585,307.786,0.402,1.4255,8.1065,0.196,307.751,0.106,1.0579999999999998,8.0415,-0.477,307.635,0.1,0.2835,8.622499999999999,0.9259999999999999,307.722,0.1,0.435,8.8515,0.7184999999999999,307.712,0.102,
1.2530000000000001,7.569,-0.447,307.914,0.133,0.6675,7.502,0.619,307.909,0.129,0.40349999999999997,7.504,2.8315,308.114,0.569,1.0665,8.393,2.2904999999999998,307.955,1.194,1.9089999999999998,7.02,0.10200000000000001,307.705,0.179,1.6795,6.992,-1.1185,308.024,0.1,0.6074999999999999,7.963,-1.048,308.257,0.1,0.1845,8.714,0.2175,308.157,0.3,0.49050000000000005,7.828,2.0145,308.271,1.267,0.6875,7.462,-0.2615,308.254,0.102,0.9545,7.45,-0.373,307.976,0.209,1.4220000000000002,7.943,0.065,307.868,0.13,1.3719999999999999,8.181,-0.5105,307.737,0.1,0.512,8.199,-0.653,307.591,0.1,-0.252,8.843,-0.0895,307.623,0.1,-0.183,8.889,-0.2515,307.678,0.1,
1.121,7.696,-0.785,307.764,0.1,1.7955,7.6725,-0.063,307.683,0.672,1.9895,7.773000000000001,-0.696,307.734,0.105,1.484,8.2305,-0.7205,307.903,0.1,0.5335000000000001,8.6155,-0.388,307.971,0.1,-0.5305,8.2615,-0.5465,308.119,0.1,-0.992,8.068999999999999,-0.777,307.846,0.109,-0.442,8.2605,0.2915,307.547,0.106,0.514,8.395,1.51,307.657,0.155,0.825,7.82,-0.2885,307.801,0.457,0.496,7.7785,-0.9019999999999999,308.156,0.1,0.6065,7.6434999999999995,1.1045,307.664,0.334,1.3485,8.1555,2.068,307.53,0.343,1.9780000000000002,8.5875,0.122,307.403,0.149,1.991,8.510000000000002,-0.926,307.311,0.117,1.286,8.445,-0.8785000000000001,307.365,0.1,
1.6305,7.577999999999999,-0.74,307.708,0.1,2.102,7.5120000000000005,0.05600000000000001,307.668,0.981,2.1639999999999997,7.378,-0.5725,307.747,0.105,1.733,7.629,-0.754,307.941,0.1,1.1,8.109,-0.5195,307.953,0.1,0.2435,8.129999999999999,-0.5095,308.072,0.1,-0.515,8.027000000000001,-0.54,308.087,0.1,-0.486,8.2985,-0.6495,307.778,0.1,0.167,8.3245,0.016,307.69,0.1,0.485,7.943,-0.6445000000000001,307.826,0.486,0.6175,7.577999999999999,-0.26049999999999995,307.971,0.138,1.3399999999999999,8.155999999999999,1.3365,307.768,0.191,2.2954999999999997,8.439499999999999,1.0265,307.6,0.171,2.69,8.384,-0.42,307.436,0.125,2.248,8.366,-0.917,307.446,0.1,1.1855,8.5205,-0.631,307.479,0.1,
1.268,7.736,-0.42200000000000004,307.557,0.453,1.903,8.088999999999999,0.4525,307.681,0.848,2.3385,7.4935,-0.2995,307.685,0.224,2.097,7.207,-0.5085,307.737,0.101,1.6185,7.684,-0.4215,307.784,0.1,0.9375,7.984,-0.474,307.849,0.1,0.14300000000000002,8.0785,-0.489,308.063,0.1,-0.321,8.1915,-0.8340000000000001,308.111,0.1,-0.34850000000000003,7.874,-1.049,307.811,0.1,-0.02149999999999999,7.8735,-0.345,307.709,0.573,0.8899999999999999,7.491,0.8614999999999999,307.791,1.112,2.0055,8.367999999999999,0.5875,307.753,0.133,2.6185,8.315999999999999,-0.1885,307.647,0.103,2.541,8.0225,-0.6425000000000001,307.601,0.1,1.896,8.2715,-0.603,307.682,0.1,0.88,8.7725,-0.4415,307.643,0.1,
0.704,7.955,0.4325,307.536,0.255,1.5630000000000002,8.7265,0.3755,307.637,0.288,2.2515,7.4765,-0.4905,307.605,0.155,2.1145,6.891,-0.5215000000000001,307.734,0.1,1.7890000000000001,7.48,-0.2415,307.762,0.1,1.2645,8.131,-0.3135,307.695,0.1,0.4015,8.341000000000001,-0.6365000000000001,307.998,0.1,-0.481,8.145,-0.843,308.209,0.1,-0.888,7.3765,-1.1465,307.769,0.1,-0.25150000000000006,7.526,1.0095,307.663,1.136,1.2134999999999998,7.3665,1.702,307.724,0.904,2.2335,8.2205,-0.183,307.655,0.163,2.2874999999999996,7.989,-0.8005,307.724,0.1,1.8105,7.8215,-0.614,307.864,0.1,1.085,8.13,-0.528,307.916,0.1,0.36350000000000005,8.751,-0.6930000000000001,307.855,0.1,
0.51,8.1785,1.8835,307.676,0.852,1.2565,8.6455,-0.0025000000000000005,307.566,0.119,1.581,7.0375,-0.7585,307.712,0.1,1.449,6.6,-0.6990000000000001,308.009,0.1,1.4085,6.91,-0.6054999999999999,308.02,0.1,1.079,7.877000000000001,-0.788,307.968,0.1,0.257,8.4625,-0.8975,308.159,0.1,-0.54,8.163499999999999,-0.95,308.159,0.1,-0.7715,7.077999999999999,-0.35150000000000003,307.714,0.545,-0.05299999999999999,7.224,2.6355,307.78,1.509,1.2145000000000001,7.284,1.885,307.697,0.672,1.9055,7.949999999999999,-0.502,307.627,0.109,1.6475,7.8505,-0.9075,307.864,0.1,0.91,7.786,-0.5515,308.035,0.1,0.063,7.5785,-0.8335,307.947,0.1,-0.1995,8.2285,-0.5395,307.885,0.1,
0.2825,8.509,2.4025,307.781,0.469,0.6415,8.221499999999999,-0.322,307.573,0.113,0.6375,7.0745000000000005,0.0465,307.804,0.1,0.627,6.7755,0.3145,307.997,0.1,0.862,6.2780000000000005,-0.5145,308.128,0.1,0.8560000000000001,7.0245,-0.908,308.263,0.1,0.30600000000000005,8.0305,-1.0175,308.39,0.1,-0.21,8.143,-1.1385,308.143,0.1,-0.22249999999999998,7.132,0.575,307.749,0.612,0.16049999999999998,7.265000000000001,3.198,307.863,1.805,0.882,7.343,1.5430000000000001,307.655,0.509,1.4780000000000002,7.8309999999999995,-0.5305,307.637,0.445,1.1915,7.945,-0.8300000000000001,307.935,0.1,0.263,7.6315,-0.6555,308.078,0.1,-0.482,6.9055,-0.919,307.749,0.1,-0.282,7.8065,0.745,307.751,0.104,
-0.2825,8.721,1.24,307.703,0.16,-0.16749999999999998,8.2005,-0.503,307.706,0.163,-0.1385,8.03,1.287,307.839,0.249,0.06,7.5920000000000005,1.815,307.917,0.301,0.47750000000000004,6.651,0.6799999999999999,307.964,0.105,0.963,6.595000000000001,0.8069999999999999,308.065,0.1,0.8885,7.29,-0.499,308.278,0.1,0.415,8.006,-1.2029999999999998,308.183,0.1,0.3855,7.5385,0.661,307.775,0.45,0.7205,7.4615,2.348,307.818,1.761,1.193,7.4675,0.9395,307.583,0.432,1.5179999999999998,7.9345,-0.495,307.564,0.391,0.9305,8.092500000000001,-0.665,307.882,0.1,-0.08399999999999999,7.362,-0.7769999999999999,308.072,0.1,-0.262,6.8469999999999995,-0.138,307.664,0.804,0.3165,7.988,1.609,307.706,0.153,
-0.7765,8.487,-0.08099999999999999,307.686,0.1,-0.7889999999999999,8.471,-0.651,307.848,0.103,-0.665,9.060500000000001,1.2595,307.871,0.175,-0.3205,8.51,1.682,307.873,0.176,0.14150000000000001,7.757,1.334,307.853,0.168,0.881,6.9094999999999995,2.3335,307.936,0.349,1.335,6.7620000000000005,0.47350000000000003,307.951,0.66,1.0465,7.73,-0.966,308.14,0.1,0.885,8.019,-0.013999999999999999,307.756,0.15,1.3105,7.4990000000000006,1.3490000000000002,307.711,1.458,1.7245,7.516,0.588,307.48,0.497,1.5165000000000002,8.1465,-0.3735,307.442,0.405,0.49050000000000005,8.254000000000001,-0.5569999999999999,307.853,0.1,-0.2635,7.441000000000001,-0.4475,308.035,0.1,0.30500000000000005,7.3835,1.2530000000000001,307.835,1.268,1.0825,8.365,0.937,307.739,0.164,
-1.1575000000000002,8.0935,-0.41100000000000003,307.87,0.1,-1.2225000000000001,8.5755,-0.7050000000000001,307.835,0.102,-1.073,9.5335,0.249,307.705,0.142,-0.831,9.0345,0.386,307.696,0.122,-0.531,8.3905,0.632,307.709,0.117,0.24999999999999997,7.2235,1.7615,307.829,0.125,1.2375,6.548500000000001,1.157,307.826,1.033,1.3965,7.4155,-0.662,308.05,0.1,1.1175,8.289000000000001,-0.6154999999999999,307.742,0.1,1.3895,7.4735,1.1305,307.743,0.869,1.7389999999999999,7.641,0.6025,307.534,0.336,1.296,8.4725,-0.2595,307.488,0.384,0.21650000000000003,8.574,-0.6345000000000001,307.979,0.1,-0.04949999999999999,8.122,0.2185,307.992,0.223,0.902,7.9145,2.2455,308.0,0.928,1.3995,8.286999999999999,-0.1855,307.862,0.134,
-1.1175,8.049,-0.26249999999999996,308.037,0.1,-1.305,8.451,-0.5385,307.811,0.1,-1.3239999999999998,9.48,-0.437,307.453,0.103,-1.456,9.122,-0.45199999999999996,307.535,0.1,-1.4529999999999998,8.1935,-0.348,307.627,0.1,-0.5845,7.003,0.3385,307.719,0.1,0.886,6.4465,1.3864999999999998,307.827,0.715,1.377,7.1274999999999995,-0.59,307.989,0.1,1.059,8.303,-0.839,307.879,0.1,1.2745,7.755,0.8675,307.881,0.179,1.6825,8.123,0.34299999999999997,307.722,0.132,1.2995,8.9085,-0.3265,307.796,0.178,0.307,9.1105,-0.7444999999999999,308.167,0.1,0.1925,9.036000000000001,0.4575,307.985,0.235,1.1025,8.2285,1.988,307.995,0.351,1.2814999999999999,7.917,-0.6174999999999999,307.933,0.107,
-0.303,8.280000000000001,-0.279,308.087,0.1,-0.6459999999999999,8.161000000000001,-0.388,308.014,0.1,-0.8775,8.971,-0.7765,307.656,0.1,-1.354,8.7375,-0.9339999999999999,307.73,0.1,-1.7185,7.605,-0.8640000000000001,307.903,0.1,-0.996,6.5515,-0.5825,307.805,0.1,0.49300000000000005,6.356,1.4045,307.81,0.444,1.006,6.8870000000000005,-0.6154999999999999,308.008,0.1,0.7835000000000001,8.1885,-0.867,308.237,0.1,1.0190000000000001,8.248999999999999,0.051500000000000004,308.065,0.105,1.2475,8.556000000000001,-0.218,307.998,0.1,0.7655000000000001,8.9905,-0.562,308.163,0.1,-0.1,9.388,-0.8540000000000001,308.217,0.1,-0.098,9.4525,-0.0765,307.914,0.157,0.985,8.2585,0.967,307.892,0.172,1.5114999999999998,7.923,-0.050499999999999996,307.85,0.329,
0.901,8.3595,-0.46399999999999997,308.146,0.1,0.5569999999999999,7.731,-0.6485000000000001,308.294,0.1,0.2875,8.3645,-0.973,308.17,0.1,-0.111,8.160499999999999,-1.021,308.132,0.1,-0.7285,7.1105,-0.877,308.255,0.1,-0.6890000000000001,6.436,-0.8380000000000001,308.056,0.1,0.2325,6.382,1.1595,307.794,0.29,0.63,6.769500000000001,-0.4915,308.124,0.1,0.39049999999999996,8.158,-0.685,308.507,0.1,0.21449999999999997,8.4185,-0.591,308.31,0.1,-0.12150000000000001,8.229000000000001,-0.6485,308.201,0.1,-0.688,8.32,-0.7509999999999999,308.188,0.1,-1.0619999999999998,8.866499999999998,-0.7725,308.013,0.107,-0.5774999999999999,8.954,-0.685,307.794,0.172,0.796,7.9535,0.7685,307.799,0.1,1.8439999999999999,8.271,1.1165,307.783,0.402,
1.375,8.106,-0.755,308.344,0.1,1.2955,7.324,-1.045,308.347,0.1,1.428,7.996,0.1265,308.212,0.1,1.4865,8.1075,0.2845,308.139,0.1,0.9500000000000001,7.0725,-0.428,308.21,0.1,0.3165,6.7235,-0.7444999999999999,308.226,0.1,0.43199999999999994,6.656499999999999,0.627,307.825,0.116,0.5165,6.8455,-0.1855,308.162,0.116,-0.00849999999999998,8.1845,-0.623,308.546,0.1,-0.609,8.1685,-0.761,308.23,0.1,-1.0085,7.3885000000000005,-0.6465,308.033,0.1,-1.091,7.467499999999999,-0.16599999999999998,307.899,0.1,-0.7769999999999999,8.0855,-0.053000000000000005,307.789,0.161,-0.15700000000000003,8.121,-0.615,307.687,0.149,0.7635000000000001,7.754,1.504,307.773,0.103,1.7530000000000001,8.491499999999998,1.8915,307.792,0.245,
1.197,7.7095,-0.8955,308.459,0.1,1.4115,7.0965,-0.73,308.151,0.1,1.9969999999999999,7.6905,2.4765,308.071,0.101,2.3425000000000002,8.494499999999999,1.995,308.011,0.101,2.0875,7.3365,-0.043500000000000004,307.976,0.1,1.407,7.048,-0.7130000000000001,308.214,0.1,1.0070000000000001,7.124499999999999,0.051000000000000004,307.98,0.1,0.687,7.256,0.056,308.134,0.675,-0.14749999999999996,8.031,-0.8380000000000001,308.539,0.1,-0.8405,7.8425,-0.7675,308.079,0.1,-0.7955,6.999499999999999,-0.065,307.758,0.1,-0.16749999999999998,7.319,0.9555,307.753,0.439,0.5740000000000001,7.904,0.529,307.765,0.138,0.7565,7.8185,-0.3305,307.651,0.129,0.6685,8.074,1.7555,307.785,0.112,1.2155,8.628,1.6364999999999998,307.764,0.131,
1.2229999999999999,7.57,-0.6545000000000001,308.257,0.1,1.171,7.2585,0.2195,307.99,0.1,1.465,7.5035,3.816,308.142,0.743,1.9685000000000001,8.494499999999999,2.5484999999999998,307.965,0.683,2.322,7.2425,-0.0935,307.795,0.1,2.0025,7.1185,-0.903,308.108,0.1,1.29,7.685499999999999,-0.46399999999999997,308.191,0.1,0.7585,8.0875,0.089,308.165,0.401,0.15750000000000003,7.8155,0.013,308.398,0.1,-0.3355,7.5755,-0.6595,308.214,0.1,-0.05199999999999999,7.228,0.219,307.759,0.286,0.8290000000000001,7.727,1.0505,307.779,0.331,1.392,8.1105,0.131,307.748,0.105,0.954,8.047,-0.41000000000000003,307.631,0.1,0.224,8.61,0.992,307.72,0.1,0.475,8.7375,0.702,307.706,0.102,
1.0785,7.621,-0.472,307.958,0.12,0.5385,7.481,0.6094999999999999,307.912,0.127,0.449,7.497,2.849,308.11,0.487,1.233,8.299,2.2750000000000004,307.95,1.117,2.0625,7.018,0.040999999999999995,307.713,0.116,1.7574999999999998,7.077,-1.0855000000000001,308.092,0.1,0.6355000000000001,7.986,-0.9430000000000001,308.325,0.1,0.1965,8.603,0.143,308.17,0.301,0.526,7.745,1.9175,308.283,1.179,0.692,7.448,-0.29200000000000004,308.316,0.1,0.918,7.419,-0.3935,308.001,0.17,1.392,7.959,0.0505,307.866,0.12,1.252,8.205,-0.47050000000000003,307.739,0.1,0.3145,8.226,-0.5285,307.594,0.1,-0.3865,8.846,-0.0195,307.628,0.1,-0.21100000000000002,8.752,-0.22949999999999998,307.681,0.1,
1.1505,7.6105,-0.7695000000000001,307.835,0.1,1.7765,7.601,-0.1285,307.721,0.386,1.9649999999999999,7.885,-0.6395,307.795,0.102,1.4725000000000001,8.4195,-0.6145,307.994,0.1,0.511,8.722,-0.28400000000000003,308.046,0.1,-0.5890000000000001,8.3325,-0.45,308.22,0.1,-1.0870000000000002,8.184000000000001,-0.71,307.933,0.104,-0.455,8.375499999999999,0.2375,307.536,0.104,0.6639999999999999,8.405000000000001,1.4005,307.64,0.144,0.949,7.9025,-0.35250000000000004,307.864,0.275,0.46649999999999997,7.8165,-0.8175,308.202,0.1,0.5710000000000001,7.579000000000001,0.998,307.654,0.282,1.4500000000000002,8.1585,1.9529999999999998,307.526,0.279,2.1745,8.599,0.079,307.397,0.143,2.13,8.5635,-0.907,307.334,0.108,1.272,8.498999999999999,-0.7989999999999999,307.453,0.1,
1.762,7.444,-0.6965,307.755,0.1,2.1630000000000003,7.2780000000000005,-0.097,307.695,0.89,2.1310000000000002,7.3075,-0.583,307.832,0.102,1.666,7.766,-0.6599999999999999,308.052,0.1,1.0505,8.28,-0.42,308.041,0.1,0.22199999999999998,8.2285,-0.40149999999999997,308.141,0.1,-0.5145,8.1095,-0.448,308.177,0.1,-0.399,8.3645,-0.62,307.84,0.1,0.377,8.32,-0.0185,307.733,0.1,0.654,7.9185,-0.6745,307.93,0.29,0.6365000000000001,7.578,-0.304,308.029,0.118,1.331,8.118,1.197,307.761,0.174,2.342,8.458,0.9470000000000001,307.583,0.143,2.726,8.3995,-0.4095,307.425,0.12,2.221,8.364999999999998,-0.847,307.51,0.1,1.134,8.5185,-0.5589999999999999,307.585,0.1,
1.6400000000000001,7.54,-0.3355,307.563,0.483,2.1675,7.6335,0.1915,307.667,0.812,2.3855,7.168,-0.363,307.747,0.16,2.03,7.2375,-0.4485,307.84,0.101,1.5185,7.866,-0.374,307.885,0.1,0.871,8.097000000000001,-0.432,307.931,0.1,0.149,8.129,-0.4195,308.156,0.1,-0.2515,8.1885,-0.7555000000000001,308.209,0.1,-0.2445,7.797000000000001,-0.996,307.891,0.1,0.05299999999999999,7.763,-0.34299999999999997,307.766,0.334,0.891,7.4535,0.7035,307.796,1.002,1.974,8.285,0.49250000000000005,307.744,0.125,2.5795,8.2925,-0.187,307.651,0.102,2.4665,8.034,-0.5885,307.624,0.1,1.809,8.2575,-0.54,307.768,0.1,0.854,8.751999999999999,-0.37150000000000005,307.757,0.1,
1.1495000000000002,7.7705,0.47950000000000004,307.54,0.448,1.8895,8.1215,0.17400000000000002,307.598,0.284,2.368,7.1005,-0.484,307.647,0.134,2.1195,6.867,-0.44999999999999996,307.828,0.1,1.7025000000000001,7.656,-0.218,307.838,0.1,1.1305,8.245000000000001,-0.321,307.813,0.1,0.308,8.3705,-0.5800000000000001,308.118,0.1,-0.5265,8.076,-0.7685,308.281,0.1,-0.9095,7.2315000000000005,-1.069,307.795,0.1,-0.25750000000000006,7.439500000000001,1.004,307.667,1.088,1.1995,7.358,1.533,307.718,0.812,2.205,8.1085,-0.2235,307.677,0.13,2.2295,7.9384999999999994,-0.7525,307.787,0.1,1.7285,7.824,-0.5515,307.932,0.1,1.046,8.1235,-0.431,307.998,0.1,0.35350000000000004,8.773,-0.5715,307.974,0.1,
0.7535000000000001,8.094,1.8355000000000001,307.672,0.772,1.4420000000000002,8.136,-0.045,307.542,0.134,1.6505,6.7895,-0.7124999999999999,307.79,0.1,1.463,6.5105,-0.648,308.124,0.1,1.363,7.0375,-0.5589999999999999,308.095,0.1,0.94,7.9475,-0.7335,308.091,0.1,0.07949999999999996,8.4735,-0.8069999999999999,308.28,0.1,-0.7150000000000001,8.0665,-0.893,308.187,0.1,-0.905,6.9315,-0.3165,307.696,0.54,-0.08850000000000002,7.202500000000001,2.6135,307.769,1.473,1.279,7.33,1.786,307.692,0.598,2.0004999999999997,7.8870000000000005,-0.5615,307.684,0.104,1.6905,7.813,-0.859,307.964,0.1,0.919,7.788,-0.47350000000000003,308.11,0.1,0.11200000000000002,7.5815,-0.6685,308.01,0.1,-0.237,8.27,-0.4405,307.976,0.1,
0.35950000000000004,8.5395,2.3049999999999997,307.775,0.394,0.668,7.9665,-0.3095,307.608,0.107,0.6000000000000001,6.9125,-0.016,307.904,0.1,0.6345000000000001,6.6225000000000005,0.27049999999999996,308.082,0.1,0.879,6.2745,-0.535,308.219,0.1,0.7795000000000001,6.957,-0.8745,308.377,0.1,0.10250000000000001,8.017,-0.9239999999999999,308.486,0.1,-0.48550000000000004,8.073,-1.0594999999999999,308.145,0.1,-0.3875,7.07,0.5455000000000001,307.712,0.597,0.307,7.289,3.1654999999999998,307.848,1.782,1.279,7.449,1.5115,307.633,0.465,1.7955,7.8585,-0.633,307.711,0.383,1.3159999999999998,7.935,-0.7775000000000001,308.043,0.1,0.3155,7.6594999999999995,-0.5225,308.14,0.1,-0.414,6.886,-0.8145,307.813,0.1,-0.2735,7.797,0.7065,307.783,0.102,
-0.2735,8.805,1.177,307.702,0.137,-0.243,8.1415,-0.505,307.77,0.131,-0.1965,7.913,1.1495000000000002,307.873,0.221,0.074,7.4755,1.7035,307.94,0.199,0.526,6.5555,0.5449999999999999,308.003,0.102,0.998,6.4595,0.7344999999999999,308.111,0.1,0.7805,7.2620000000000005,-0.4845,308.35,0.1,0.17750000000000002,7.9945,-1.095,308.196,0.1,0.23950000000000002,7.599500000000001,0.6174999999999999,307.745,0.412,0.9165000000000001,7.514,2.3040000000000003,307.804,1.703,1.6760000000000002,7.6,0.925,307.567,0.402,1.8845,8.02,-0.562,307.636,0.311,1.0675000000000001,8.1075,-0.5855,307.979,0.1,-0.04200000000000001,7.4045000000000005,-0.632,308.14,0.1,-0.2525,6.784000000000001,-0.227,307.713,0.451,0.318,7.933,1.4689999999999999,307.701,0.15,
-0.864,8.557500000000001,-0.07050000000000001,307.71,0.1,-0.9215,8.4855,-0.6315,307.906,0.101,-0.7175,9.027000000000001,1.166,307.869,0.168,-0.327,8.49,1.5975,307.868,0.17,0.1795,7.704,1.212,307.852,0.162,0.989,6.8629999999999995,2.2394999999999996,307.933,0.296,1.375,6.7205,0.381,307.979,0.378,0.9545,7.7675,-0.89,308.185,0.1,0.7929999999999999,8.1435,0.002,307.744,0.13,1.4075,7.5465,1.3065,307.7,1.354,2.0135,7.577999999999999,0.569,307.462,0.458,1.784,8.249,-0.3795,307.502,0.268,0.625,8.286000000000001,-0.451,307.937,0.1,-0.239,7.4405,-0.398,308.109,0.1,0.29000000000000004,7.3215,1.042,307.849,1.196,1.084,8.317,0.8440000000000001,307.731,0.154,
-1.2280000000000002,8.126000000000001,-0.364,307.921,0.1,-1.3085,8.591999999999999,-0.6685000000000001,307.895,0.101,-1.1055,9.5715,0.21150000000000002,307.698,0.138,-0.8485,9.0915,0.376,307.692,0.121,-0.518,8.4405,0.6225,307.702,0.116,0.3225,7.237,1.7195,307.817,0.125,1.288,6.5105,0.9804999999999999,307.818,0.943,1.3664999999999998,7.492,-0.64,308.12,0.1,1.067,8.397,-0.5369999999999999,307.771,0.1,1.3984999999999999,7.5024999999999995,1.0665,307.736,0.729,1.821,7.656,0.5429999999999999,307.527,0.283,1.396,8.577,-0.277,307.567,0.239,0.2625,8.6005,-0.536,308.074,0.1,-0.055499999999999994,8.081,0.174,308.029,0.16,0.911,7.904999999999999,2.0389999999999997,308.002,0.873,1.415,8.2585,-0.16799999999999998,307.879,0.118,
-1.1225,8.0465,-0.217,308.111,0.1,-1.3285,8.461500000000001,-0.5005,307.888,0.1,-1.3399999999999999,9.524999999999999,-0.42,307.455,0.101,-1.462,9.219999999999999,-0.393,307.53,0.1,-1.4645000000000001,8.329,-0.268,307.63,0.1,-0.5810000000000001,7.032,0.3485,307.713,0.1,0.907,6.4515,1.1745,307.821,0.642,1.3455,7.2509999999999994,-0.579,308.066,0.1,1.005,8.39,-0.745,307.966,0.1,1.2755,7.819,0.7495,307.861,0.151,1.6909999999999998,8.196,0.2465,307.714,0.123,1.2535,8.974499999999999,-0.355,307.919,0.138,0.2325,9.1025,-0.6679999999999999,308.255,0.1,0.153,9.012,0.4105,307.992,0.219,1.104,8.27,1.8075,307.993,0.32,1.248,7.879,-0.625,307.981,0.103,
-0.28350000000000003,8.2235,-0.2445,308.184,0.1,-0.639,8.162,-0.3295,308.101,0.1,-0.882,8.96,-0.7085,307.7,0.1,-1.3295,8.794,-0.835,307.761,0.1,-1.72,7.7545,-0.752,307.96,0.1,-1.0085,6.640000000000001,-0.5405,307.861,0.1,0.544,6.3825,1.2155,307.805,0.401,1.008,7.042999999999999,-0.6074999999999999,308.093,0.1,0.723,8.271999999999998,-0.7995,308.359,0.1,0.9884999999999999,8.332,-0.036,308.137,0.102,1.2025,8.6325,-0.23299999999999998,308.086,0.1,0.6779999999999999,8.9865,-0.5045,308.278,0.1,-0.16650000000000004,9.3505,-0.7585,308.268,0.1,-0.09000000000000002,9.4585,-0.07,307.911,0.143,1.0145,8.3205,0.8175,307.889,0.164,1.4605,7.874,-0.185,307.887,0.212,
0.8665,8.216,-0.4205,308.262,0.1,0.523,7.6690000000000005,-0.5885,308.383,0.1,0.259,8.259,-0.94,308.259,0.1,-0.1235,8.068,-0.984,308.217,0.1,-0.7745,7.15,-0.8025,308.34,0.1,-0.7234999999999999,6.542,-0.7605,308.144,0.1,0.28300000000000003,6.379,1.026,307.789,0.253,0.6375,6.9695,-0.504,308.224,0.1,0.319,8.2305,-0.637,308.614,0.1,0.1445,8.442499999999999,-0.5609999999999999,308.397,0.1,-0.1795,8.242999999999999,-0.5409999999999999,308.299,0.1,-0.73,8.261,-0.6245,308.264,0.1,-1.0859999999999999,8.826,-0.6865,308.069,0.103,-0.569,8.966999999999999,-0.637,307.809,0.135,0.845,7.999499999999999,0.6799999999999999,307.797,0.1,1.8795000000000002,8.234,0.9630000000000001,307.783,0.342,
1.274,7.9319999999999995,-0.679,308.446,0.1,1.1885,7.187,-1.017,308.418,0.1,1.3435000000000001,7.838,0.093,308.281,0.1,1.44,7.8919999999999995,0.227,308.196,0.1,0.892,6.949,-0.4375,308.27,0.1,0.28200000000000003,6.7684999999999995,-0.6599999999999999,308.297,0.1,0.48850000000000005,6.6555,0.5660000000000001,307.821,0.11,0.5635,7.111000000000001,-0.22999999999999998,308.295,0.108,-0.024999999999999994,8.242999999999999,-0.5305,308.625,0.1,-0.6475,8.1485,-0.661,308.284,0.1,-1.0625,7.39,-0.5569999999999999,308.095,0.1,-1.1955,7.387499999999999,-0.122,307.945,0.1,-0.946,8.048,-0.0845,307.823,0.129,-0.2915,8.120000000000001,-0.585,307.714,0.123,0.7475,7.754,1.486,307.774,0.102,1.807,8.457,1.8039999999999998,307.787,0.211,
1.017,7.6259999999999994,-0.829,308.54,0.1,1.246,6.9695,-0.716,308.179,0.1,1.8975,7.567,2.4610000000000003,308.089,0.103,2.3475,8.2805,1.9435,308.037,0.101,2.1115,7.1690000000000005,-0.095,308.004,0.1,1.4409999999999998,7.0625,-0.6555,308.276,0.1,1.1305,7.1815,0.07,308.017,0.1,0.7909999999999999,7.470000000000001,-0.013,308.28,0.588,-0.12749999999999997,8.041,-0.7270000000000001,308.616,0.1,-0.865,7.8395,-0.6595,308.131,0.1,-0.841,7.0115,-0.1055,307.767,0.1,-0.219,7.265,0.8634999999999999,307.76,0.267,0.47950000000000004,7.878,0.4095,307.766,0.133,0.6575,7.8055,-0.314,307.655,0.128,0.65,8.0445,1.7925,307.787,0.113,1.276,8.5555,1.585,307.753,0.128,
0.9704999999999999,7.5985,-0.6495,308.327,0.1,0.9744999999999999,7.2025,0.2225,308.0,0.1,1.428,7.455,3.835,308.137,0.675,2.0775,8.350999999999999,2.5335,307.986,0.402,2.441,7.1785,-0.136,307.816,0.1,2.0995,7.177,-0.8654999999999999,308.181,0.1,1.415,7.746499999999999,-0.3805,308.272,0.1,0.8175,8.1005,0.013000000000000001,308.247,0.352,0.15250000000000002,7.754,0.0085,308.464,0.1,-0.3685,7.586,-0.5875,308.286,0.1,-0.10300000000000001,7.226,0.138,307.749,0.241,0.8245,7.7215,0.937,307.773,0.268,1.3445,8.1135,0.068,307.745,0.105,0.8325,8.055,-0.3405,307.626,0.1,0.1595,8.591999999999999,1.054,307.719,0.1,0.5145,8.6085,0.6845,307.7,0.102,
0.881,7.689,-0.489,308.012,0.11,0.39999999999999997,7.462,0.5974999999999999,307.915,0.126,0.506,7.488,2.8585000000000003,308.106,0.408,1.4135,8.197,2.252,307.946,1.042,2.215,7.028,-0.020999999999999998,307.725,0.108,1.826,7.17,-1.0465,308.168,0.1,0.6565,8.017,-0.8335,308.398,0.1,0.20199999999999999,8.495,0.073,308.187,0.298,0.5529999999999999,7.654,1.812,308.296,1.087,0.6855,7.453,-0.3155,308.379,0.1,0.8734999999999999,7.404,-0.404,308.03,0.134,1.35,7.976,0.0335,307.864,0.115,1.104,8.225,-0.42800000000000005,307.742,0.1,0.093,8.255,-0.4025,307.598,0.1,-0.526,8.841,0.0485,307.633,0.1,-0.238,8.598,-0.20850000000000002,307.685,0.1,
1.1725,7.5395,-0.7424999999999999,307.913,0.1,1.7534999999999998,7.556,-0.16799999999999998,307.765,0.128,1.936,8.015,-0.5745,307.866,0.1,1.459,8.6065,-0.5125000000000001,308.096,0.1,0.49600000000000005,8.8225,-0.192,308.126,0.1,-0.6335000000000001,8.396,-0.35250000000000004,308.326,0.1,-1.1675,8.29,-0.6325000000000001,308.034,0.1,-0.45749999999999996,8.488,0.18,307.531,0.101,0.8145,8.42,1.2475,307.624,0.134,1.0699999999999998,7.984,-0.3905,307.934,0.115,0.44,7.8545,-0.7030000000000001,308.252,0.1,0.538,7.523,0.8835,307.647,0.23,1.5445,8.160499999999999,1.8085,307.522,0.219,2.347,8.6075,0.025,307.389,0.137,2.235,8.6115,-0.863,307.374,0.1,1.2335,8.5455,-0.702,307.555,0.1,
1.877,7.305,-0.6565000000000001,307.804,0.1,2.205,7.071,-0.2,307.734,0.785,2.0865,7.2745,-0.5555,307.925,0.1,1.5995,7.918,-0.5535,308.169,0.1,1.0095,8.446,-0.3275,308.133,0.1,0.21250000000000002,8.317499999999999,-0.3005,308.208,0.1,-0.499,8.185500000000001,-0.358,308.274,0.1,-0.3035,8.4245,-0.5845,307.914,0.1,0.5775,8.317499999999999,-0.057999999999999996,307.785,0.1,0.8095,7.888,-0.6779999999999999,308.04,0.116,0.653,7.573,-0.3145,308.091,0.1,1.323,8.0785,1.056,307.754,0.156,2.384,8.474499999999999,0.859,307.567,0.119,2.747,8.4165,-0.3965,307.421,0.115,2.1719999999999997,8.3645,-0.76,307.59,0.1,1.064,8.517,-0.48250000000000004,307.704,0.1,
1.992,7.3315,-0.28,307.571,0.508,2.3994999999999997,7.2025,-0.0085,307.667,0.757,2.4015,6.8955,-0.387,307.824,0.104,1.944,7.3004999999999995,-0.377,307.953,0.1,1.4135,8.0495,-0.32399999999999995,307.992,0.1,0.8089999999999999,8.202,-0.387,308.016,0.1,0.16199999999999998,8.176,-0.355,308.253,0.1,-0.184,8.177,-0.6715,308.313,0.1,-0.15,7.718999999999999,-0.9295,307.977,0.1,0.123,7.6445,-0.3435,307.828,0.122,0.8905,7.4125,0.5549999999999999,307.806,0.876,1.9365,8.1985,0.399,307.74,0.118,2.5309999999999997,8.273,-0.1795,307.659,0.101,2.38,8.052,-0.53,307.658,0.1,1.704,8.2395,-0.47,307.863,0.1,0.8095,8.724,-0.3105,307.882,0.1,
1.5859999999999999,7.5760000000000005,0.4895,307.543,0.619,2.1885,7.548,0.004499999999999997,307.574,0.274,2.447,6.774,-0.4625,307.71,0.114,2.0935,6.878500000000001,-0.373,307.929,0.1,1.5979999999999999,7.8385,-0.1925,307.919,0.1,0.9895,8.350999999999999,-0.3155,307.939,0.1,0.21150000000000002,8.3965,-0.5255000000000001,308.241,0.1,-0.5750000000000001,8.0045,-0.6895,308.354,0.1,-0.9345000000000001,7.090999999999999,-0.989,307.823,0.1,-0.2645,7.3485,0.9775,307.673,1.037,1.1844999999999999,7.3485,1.3495,307.712,0.72,2.166,7.996,-0.26949999999999996,307.708,0.101,2.156,7.897500000000001,-0.694,307.858,0.1,1.6335,7.8325,-0.483,308.007,0.1,0.993,8.108,-0.3415,308.085,0.1,0.3385,8.766,-0.46199999999999997,308.098,0.1,
1.009,8.005500000000001,1.7515,307.668,0.693,1.6255,7.661,-0.0945,307.531,0.146,1.705,6.573,-0.655,307.881,0.1,1.4605000000000001,6.4485,-0.5915,308.245,0.1,1.3014999999999999,7.183,-0.5025,308.176,0.1,0.7929999999999999,8.0215,-0.6539999999999999,308.222,0.1,-0.09649999999999997,8.486,-0.7110000000000001,308.403,0.1,-0.881,7.975,-0.8275,308.215,0.1,-1.0295,6.7965,-0.299,307.679,0.532,-0.121,7.1795,2.5635,307.758,1.435,1.3399999999999999,7.3735,1.65,307.687,0.524,2.0789999999999997,7.8245000000000005,-0.6185,307.749,0.1,1.7080000000000002,7.781499999999999,-0.7935,308.072,0.1,0.9085000000000001,7.7925,-0.39249999999999996,308.188,0.1,0.1545,7.589,-0.518,308.074,0.1,-0.262,8.2815,-0.34450000000000003,308.067,0.1,
0.4495,8.569,2.1715,307.769,0.322,0.7090000000000001,7.736,-0.295,307.649,0.101,0.5695,6.764,-0.07050000000000001,308.011,0.1,0.642,6.481999999999999,0.2195,308.173,0.1,0.8895,6.298,-0.537,308.319,0.1,0.699,6.912,-0.813,308.5,0.1,-0.087,8.012,-0.8125,308.585,0.1,-0.7355,8.01,-0.9675,308.151,0.1,-0.54,7.0169999999999995,0.49,307.678,0.579,0.44299999999999995,7.314,3.1015,307.832,1.757,1.6465,7.551,1.4225,307.613,0.421,2.0755,7.8835,-0.7110000000000001,307.791,0.319,1.4100000000000001,7.9235,-0.7035,308.156,0.1,0.357,7.6915,-0.401,308.205,0.1,-0.34400000000000003,6.8915,-0.7015,307.888,0.1,-0.2625,7.7780000000000005,0.661,307.814,0.102,
-0.255,8.8885,1.0955,307.7,0.117,-0.305,8.093,-0.485,307.836,0.102,-0.25,7.7995,0.992,307.913,0.193,0.091,7.3614999999999995,1.577,307.964,0.107,0.5760000000000001,6.4765,0.4155,308.051,0.1,1.028,6.343999999999999,0.655,308.165,0.1,0.6829999999999999,7.2465,-0.4535,308.425,0.1,-0.034000000000000016,7.986,-0.9730000000000001,308.213,0.1,0.10599999999999998,7.656,0.5585,307.719,0.373,1.096,7.5665,2.2395,307.79,1.644,2.1135,7.7330000000000005,0.8615,307.55,0.372,2.2005,8.102,-0.6014999999999999,307.718,0.235,1.1829999999999998,8.118,-0.494,308.086,0.1,0.010000000000000009,7.4575,-0.493,308.218,0.1,-0.23249999999999998,6.7435,-0.2855,307.78,0.138,0.318,7.88,1.3105,307.696,0.147,
-0.937,8.6295,-0.057,307.734,0.1,-1.041,8.5,-0.5954999999999999,307.967,0.1,-0.767,8.992999999999999,1.0430000000000001,307.869,0.159,-0.33299999999999996,8.470500000000001,1.5074999999999998,307.863,0.165,0.216,7.652000000000001,1.0764999999999998,307.853,0.154,1.088,6.8205,2.118,307.931,0.243,1.4075,6.703,0.28900000000000003,308.013,0.127,0.8674999999999999,7.811,-0.7969999999999999,308.233,0.1,0.708,8.253499999999999,0.0125,307.734,0.111,1.4935,7.593,1.2565,307.689,1.248,2.268,7.663,0.5205,307.444,0.42,2.011,8.352,-0.375,307.576,0.144,0.752,8.3145,-0.346,308.036,0.1,-0.19349999999999998,7.4535,-0.33099999999999996,308.197,0.1,0.28550000000000003,7.2655,0.8425,307.871,1.123,1.0830000000000002,8.271,0.7335,307.723,0.145,
-1.2814999999999999,8.1615,-0.3085,307.975,0.1,-1.3845,8.603000000000002,-0.623,307.96,0.1,-1.1364999999999998,9.6045,0.162,307.691,0.133,-0.8665,9.146,0.3655,307.688,0.121,-0.5045000000000001,8.4885,0.5914999999999999,307.694,0.115,0.39649999999999996,7.2585,1.661,307.805,0.124,1.334,6.507,0.7945,307.819,0.852,1.326,7.5809999999999995,-0.5985,308.197,0.1,1.0105,8.4955,-0.4635,307.807,0.1,1.4064999999999999,7.5405,0.988,307.727,0.594,1.8944999999999999,7.712999999999999,0.4625,307.521,0.232,1.4845,8.68,-0.281,307.663,0.111,0.3165,8.622,-0.4405,308.183,0.1,-0.04749999999999999,8.049,0.14650000000000002,308.08,0.104,0.915,7.8945,1.8145,308.005,0.817,1.4175,8.232,-0.14900000000000002,307.894,0.105,
-1.1155,8.046,-0.16849999999999998,308.188,0.1,-1.3445,8.466000000000001,-0.45799999999999996,307.972,0.1,-1.3535,9.560500000000001,-0.399,307.463,0.1,-1.4609999999999999,9.311499999999999,-0.34199999999999997,307.528,0.1,-1.452,8.469999999999999,-0.20850000000000002,307.635,0.1,-0.5489999999999999,7.0895,0.351,307.71,0.1,0.9295,6.4815000000000005,0.9510000000000001,307.825,0.569,1.294,7.3870000000000005,-0.5475,308.155,0.1,0.9359999999999999,8.475,-0.653,308.065,0.1,1.266,7.8955,0.621,307.851,0.124,1.6825,8.2905,0.14850000000000002,307.725,0.115,1.195,9.030000000000001,-0.357,308.057,0.102,0.164,9.082999999999998,-0.5945,308.349,0.1,0.12149999999999997,8.9865,0.36150000000000004,308.004,0.201,1.0965,8.3095,1.6045,307.991,0.288,1.2015,7.8405000000000005,-0.6054999999999999,308.032,0.1,
-0.259,8.1685,-0.20500000000000002,308.284,0.1,-0.629,8.160499999999999,-0.265,308.194,0.1,-0.884,8.9405,-0.6285000000000001,307.754,0.1,-1.2905,8.845500000000001,-0.7315,307.802,0.1,-1.6775,7.9155,-0.6415,308.027,0.1,-0.9775,6.7620000000000005,-0.49150000000000005,307.934,0.1,0.5925,6.421,1.0045000000000002,307.81,0.352,0.9890000000000001,7.2105,-0.5760000000000001,308.192,0.1,0.65,8.349,-0.7235,308.489,0.1,0.9390000000000001,8.4085,-0.11249999999999999,308.219,0.1,1.133,8.701,-0.237,308.188,0.1,0.5750000000000001,8.9685,-0.4315,308.398,0.1,-0.23199999999999998,9.2965,-0.6685,308.321,0.1,-0.07699999999999999,9.4505,-0.07100000000000001,307.908,0.129,1.034,8.377500000000001,0.6555,307.888,0.154,1.3925,7.8125,-0.298,307.935,0.108,
0.828,8.075,-0.36750000000000005,308.38,0.1,0.486,7.614,-0.517,308.474,0.1,0.2295,8.1485,-0.8965000000000001,308.356,0.1,-0.126,7.972,-0.927,308.311,0.1,-0.7865,7.199999999999999,-0.7075,308.433,0.1,-0.7255,6.6675,-0.661,308.251,0.1,0.3315,6.397500000000001,0.859,307.8,0.216,0.6325000000000001,7.1785,-0.4985,308.339,0.1,0.2395,8.286000000000001,-0.5805,308.722,0.1,0.0635,8.449,-0.5195000000000001,308.485,0.1,-0.2395,8.2485,-0.431,308.402,0.1,-0.7615000000000001,8.1975,-0.49350000000000005,308.344,0.1,-1.096,8.772,-0.593,308.132,0.1,-0.5519999999999999,8.963000000000001,-0.5914999999999999,307.833,0.102,0.888,8.04,0.579,307.799,0.1,1.899,8.1785,0.802,307.79,0.281,
1.1625,7.7585,-0.604,308.548,0.1,1.0745,7.0649999999999995,-0.986,308.496,0.1,1.2574999999999998,7.6765,0.0545,308.354,0.1,1.395,7.666,0.166,308.256,0.1,0.8414999999999999,6.8315,-0.4295,308.334,0.1,0.252,6.8205,-0.5509999999999999,308.379,0.1,0.5305,6.6905,0.468,307.847,0.105,0.5875,7.3805,-0.2555,308.44,0.1,-0.05399999999999999,8.2835,-0.4365,308.701,0.1,-0.6885,8.122,-0.5645,308.338,0.1,-1.113,7.395,-0.46599999999999997,308.16,0.1,-1.2885,7.314,-0.0765,307.998,0.1,-1.099,8.001999999999999,-0.0945,307.867,0.102,-0.41600000000000004,8.1115,-0.5549999999999999,307.752,0.101,0.7354999999999999,7.753,1.45,307.776,0.1,1.8635,8.411000000000001,1.697,307.782,0.181,
0.839,7.541,-0.7675000000000001,308.622,0.1,1.0779999999999998,6.854,-0.715,308.214,0.1,1.7944999999999998,7.442,2.4204999999999997,308.108,0.125,2.3505,8.05,1.8584999999999998,308.06,0.111,2.1319999999999997,7.0025,-0.1515,308.035,0.1,1.464,7.08,-0.583,308.342,0.1,1.226,7.269,0.0615,308.083,0.1,0.863,7.686,-0.04,308.435,0.493,-0.11600000000000002,8.0445,-0.6095,308.694,0.1,-0.8780000000000001,7.8385,-0.5609999999999999,308.19,0.1,-0.8835,7.031000000000001,-0.138,307.783,0.1,-0.2905,7.2165,0.7635,307.772,0.113,0.35,7.8435,0.314,307.771,0.128,0.5329999999999999,7.7940000000000005,-0.2995,307.662,0.128,0.6285000000000001,8.018,1.8054999999999999,307.787,0.116,1.342,8.477,1.5255,307.742,0.126,
0.726,7.6295,-0.63,308.401,0.1,0.7805,7.1530000000000005,0.20850000000000002,308.01,0.1,1.3925,7.4075,3.8194999999999997,308.133,0.608,2.1915,8.1965,2.479,308.003,0.163,2.557,7.1165,-0.1905,307.84,0.1,2.18,7.239000000000001,-0.8165,308.259,0.1,1.516,7.8205,-0.2995,308.368,0.1,0.857,8.108,-0.0135,308.339,0.301,0.14100000000000001,7.693,0.003,308.536,0.1,-0.391,7.6,-0.5095000000000001,308.368,0.1,-0.14400000000000002,7.231999999999999,0.069,307.747,0.197,0.7905,7.718500000000001,0.813,307.767,0.209,1.238,8.1065,0.0305,307.742,0.106,0.6755,8.065000000000001,-0.279,307.619,0.101,0.089,8.5765,1.0910000000000002,307.715,0.101,0.552,8.4765,0.6665000000000001,307.692,0.101,
0.6785,7.763,-0.47250000000000003,308.075,0.1,0.257,7.449,0.5725,307.917,0.126,0.5635,7.481,2.8375000000000004,308.103,0.332,1.596,8.09,2.198,307.94,0.968,2.3600000000000003,7.043,-0.082,307.743,0.1,1.8785,7.267,-0.988,308.251,0.1,0.6629999999999999,8.052,-0.7070000000000001,308.475,0.1,0.19899999999999998,8.374,0.0225,308.211,0.294,0.5725,7.563,1.6800000000000002,308.313,0.971,0.676,7.462,-0.3125,308.447,0.1,0.8210000000000001,7.398,-0.392,308.064,0.102,1.2645,7.996,0.0125,307.863,0.11,0.906,8.235,-0.37,307.746,0.1,-0.14200000000000002,8.284,-0.29000000000000004,307.602,0.1,-0.6665000000000001,8.837,0.10250000000000001,307.637,0.1,-0.2725,8.443,-0.1905,307.689,0.1,
1.127,7.582,-0.7050000000000001,308.037,0.1,1.692,7.7524999999999995,-0.184,307.854,0.118,1.8775,8.2845,-0.501,308.009,0.1,1.4335,8.783000000000001,-0.41400000000000003,308.267,0.1,0.521,8.889,-0.11,308.235,0.1,-0.596,8.4195,-0.2535,308.463,0.1,-1.1495,8.344999999999999,-0.5455,308.223,0.1,-0.3785,8.584,0.12,307.565,0.101,0.9695,8.467500000000001,1.0565,307.613,0.125,1.1655,8.0625,-0.40549999999999997,308.062,0.109,0.4325,7.8925,-0.5635,308.325,0.1,0.5175,7.524,0.7625,307.65,0.182,1.5835,8.1505,1.6375000000000002,307.517,0.193,2.3449999999999998,8.5935,-0.038500000000000006,307.369,0.132,2.096,8.619,-0.7969999999999999,307.533,0.1,1.0215,8.541,-0.5900000000000001,307.755,0.1,
1.844,7.1259999999999994,-0.6194999999999999,307.876,0.1,2.0815,7.112,-0.258,307.877,0.542,1.957,7.544499999999999,-0.494,308.091,0.1,1.5310000000000001,8.1835,-0.436,308.335,0.1,1.013,8.586500000000001,-0.241,308.246,0.1,0.27049999999999996,8.353,-0.20550000000000002,308.271,0.1,-0.388,8.223500000000001,-0.27,308.417,0.1,-0.155,8.4485,-0.5435,308.065,0.1,0.7,8.33,-0.10200000000000001,307.914,0.1,0.8614999999999999,7.811999999999999,-0.658,308.199,0.11,0.6505,7.5335,-0.2955,308.182,0.1,1.3185,8.023,0.9139999999999999,307.748,0.147,2.3885,8.472,0.763,307.562,0.117,2.6675,8.449000000000002,-0.381,307.461,0.11,1.9729999999999999,8.363,-0.6585,307.772,0.1,0.857,8.517,-0.40149999999999997,307.91,0.1,
2.1660000000000004,7.018,-0.252,307.591,0.494,2.3449999999999998,6.9935,-0.1535,307.79,0.524,2.173,7.055,-0.375,308.029,0.102,1.7155,7.622,-0.2945,308.134,0.1,1.274,8.2485,-0.272,308.142,0.1,0.7755000000000001,8.253,-0.33899999999999997,308.12,0.1,0.21,8.1985,-0.2955,308.378,0.1,-0.13949999999999999,8.115,-0.5825,308.45,0.1,-0.1285,7.6315,-0.851,308.109,0.1,0.1585,7.4695,-0.346,307.932,0.114,0.8775,7.348,0.4145,307.856,0.602,1.854,8.083,0.3065,307.777,0.112,2.4215,8.288,-0.16649999999999998,307.701,0.101,2.2225,8.114,-0.4675,307.763,0.1,1.4875,8.1945,-0.39449999999999996,308.02,0.1,0.6435,8.6475,-0.2575,308.072,0.1,
1.9505,7.297499999999999,0.4665,307.542,0.605,2.27,7.241,-0.1365,307.679,0.21,2.227,6.839,-0.4275,307.938,0.109,1.817,7.1745,-0.29100000000000004,308.089,0.1,1.3505,8.0675,-0.16499999999999998,308.049,0.1,0.8015,8.392,-0.2985,308.134,0.1,0.098,8.3975,-0.472,308.382,0.1,-0.6475,7.919499999999999,-0.6065,308.426,0.1,-0.9864999999999999,6.977,-0.907,307.862,0.1,-0.28049999999999997,7.2265,0.9319999999999999,307.685,0.97,1.157,7.3294999999999995,1.1524999999999999,307.712,0.628,2.0425,7.8825,-0.31999999999999995,307.816,0.101,1.9645000000000001,7.93,-0.626,307.992,0.1,1.448,7.8774999999999995,-0.4095,308.125,0.1,0.8500000000000001,8.0345,-0.2585,308.191,0.1,0.29050000000000004,8.5795,-0.3625,308.253,0.1,
1.3755000000000002,7.879,1.635,307.658,0.623,1.792,7.481,-0.15,307.625,0.13,1.6360000000000001,6.6145,-0.5865,308.07,0.1,1.3279999999999998,6.6015,-0.5305,308.408,0.1,1.1199999999999999,7.4565,-0.4375,308.305,0.1,0.588,8.109,-0.5525,308.419,0.1,-0.26549999999999996,8.503,-0.611,308.536,0.1,-0.9934999999999999,7.92,-0.754,308.248,0.1,-1.1005,6.7415,-0.297,307.663,0.503,-0.1335,7.145,2.4885,307.746,1.382,1.373,7.398,1.4805,307.681,0.459,2.0235,7.7620000000000005,-0.6735,307.882,0.1,1.538,7.792999999999999,-0.7125,308.236,0.1,0.7735000000000001,7.811,-0.31,308.278,0.1,0.162,7.63,-0.38,308.147,0.1,-0.1895,8.095,-0.2515,308.164,0.1,
0.667,8.589500000000001,2.004,307.756,0.276,0.883,7.7375,-0.279,307.738,0.1,0.608,6.74,-0.1175,308.173,0.1,0.653,6.447,0.1625,308.32,0.1,0.858,6.5295000000000005,-0.5225,308.491,0.1,0.598,7.029,-0.7265,308.677,0.1,-0.19200000000000003,8.06,-0.6859999999999999,308.704,0.1,-0.831,7.988,-0.8645,308.179,0.1,-0.6125,7.024,0.41200000000000003,307.664,0.547,0.48200000000000004,7.348000000000001,3.0085,307.818,1.714,1.76,7.6215,1.2810000000000001,307.604,0.383,2.0715,7.8825,-0.767,307.927,0.24,1.2975,7.9005,-0.6105,308.316,0.1,0.327,7.7490000000000006,-0.2895,308.289,0.1,-0.259,7.083,-0.5805,308.027,0.1,-0.23349999999999999,7.6875,0.609,307.837,0.114,
-0.1535,8.9755,0.997,307.692,0.114,-0.23199999999999998,8.153500000000001,-0.4455,307.926,0.101,-0.2535,7.7170000000000005,0.8155,308.016,0.159,0.131,7.274,1.4369999999999998,308.001,0.104,0.6365000000000001,6.5415,0.2905,308.163,0.1,1.022,6.3895,0.569,308.274,0.1,0.643,7.324,-0.40800000000000003,308.522,0.1,-0.08250000000000002,7.993,-0.8385,308.252,0.1,0.061,7.6765,0.486,307.711,0.33,1.1425,7.6175,2.1559999999999997,307.778,1.567,2.186,7.8614999999999995,0.754,307.526,0.343,2.1375,8.154,-0.617,307.871,0.185,1.147,8.095500000000001,-0.392,308.255,0.1,0.13549999999999998,7.584,-0.3585,308.354,0.1,-0.1315,6.8870000000000005,-0.317,307.979,0.124,0.304,7.8469999999999995,1.1360000000000001,307.692,0.143,
-0.866,8.719999999999999,-0.0405,307.757,0.1,-1.031,8.5125,-0.5445,308.049,0.1,-0.7889999999999999,8.9525,0.893,307.886,0.138,-0.3325,8.4535,1.413,307.861,0.164,0.23800000000000002,7.6125,0.9295,307.869,0.135,1.113,6.8245000000000005,1.972,307.942,0.192,1.388,6.894,0.1965,308.095,0.117,0.817,7.8919999999999995,-0.6890000000000001,308.303,0.1,0.6715,8.266,0.018000000000000002,307.737,0.107,1.496,7.621,1.1995,307.681,1.123,2.2525,7.9285,0.44599999999999995,307.417,0.388,1.943,8.4515,-0.3615,307.751,0.128,0.8285,8.317,-0.2415,308.237,0.1,0.011999999999999997,7.569,-0.249,308.379,0.1,0.368,7.2669999999999995,0.6535,307.963,1.036,1.0590000000000002,8.243500000000001,0.6065,307.718,0.139,
-1.1855,8.224,-0.2455,308.053,0.1,-1.3645,8.562999999999999,-0.569,308.067,0.1,-1.155,9.5915,0.1015,307.684,0.124,-0.8935,9.176,0.355,307.677,0.12,-0.4935,8.517,0.5405,307.677,0.116,0.481,7.358,1.5875,307.786,0.125,1.354,6.813000000000001,0.6,307.9,0.767,1.217,7.7565,-0.5395,308.322,0.1,0.913,8.5305,-0.394,307.89,0.1,1.3975,7.6555,0.8959999999999999,307.712,0.496,1.8885,8.113,0.363,307.517,0.194,1.4815,8.77,-0.2725,307.891,0.107,0.438,8.608,-0.347,308.392,0.1,0.07699999999999999,8.086,0.1335,308.234,0.102,0.884,7.8785,1.5735000000000001,308.011,0.753,1.3195000000000001,8.225000000000001,-0.129,307.904,0.104,
-1.0025,8.062,-0.1175,308.296,0.1,-1.2999999999999998,8.421,-0.4115,308.123,0.1,-1.349,9.5125,-0.375,307.538,0.1,-1.4015,9.347999999999999,-0.2975,307.553,0.1,-1.241,8.648,-0.16699999999999998,307.666,0.1,-0.2745,7.368,0.347,307.739,0.1,0.9795,6.7275,0.717,307.918,0.491,1.1025,7.612,-0.4985,308.324,0.1,0.755,8.542,-0.5635,308.247,0.1,1.163,8.0835,0.48250000000000004,307.925,0.116,1.536,8.565000000000001,0.0495,307.895,0.109,1.0445,9.0095,-0.33499999999999996,308.302,0.101,0.1425,8.989,-0.524,308.477,0.1,0.146,8.9505,0.3105,308.05,0.165,1.0225,8.3335,1.3820000000000001,307.988,0.253,1.0605,7.8055,-0.5625,308.11,0.1,
-0.191,8.119499999999999,-0.161,308.411,0.1,-0.5935,8.14,-0.1955,308.33,0.1,-0.8704999999999999,8.8515,-0.538,307.883,0.1,-1.149,8.8575,-0.6245,307.915,0.1,-1.314,8.154,-0.5325,308.163,0.1,-0.6184999999999999,7.114,-0.436,308.129,0.1,0.644,6.5535,0.774,307.899,0.261,0.8394999999999999,7.4475,-0.5245,308.377,0.1,0.496,8.388,-0.641,308.673,0.1,0.7545,8.4545,-0.1795,308.38,0.1,0.897,8.720500000000001,-0.2315,308.394,0.1,0.3735,8.85,-0.345,308.554,0.1,-0.29250000000000004,9.136,-0.583,308.385,0.1,-0.03500000000000003,9.352,-0.079,307.905,0.119,0.982,8.3965,0.4825,307.908,0.134,1.204,7.661,-0.39249999999999996,308.065,0.105,
0.768,7.9475,-0.30700000000000005,308.508,0.1,0.43499999999999994,7.602,-0.4355,308.58,0.1,0.1945,8.0015,-0.8434999999999999,308.507,0.1,-0.06999999999999999,7.85,-0.8525,308.467,0.1,-0.5805,7.3225,-0.5940000000000001,308.581,0.1,-0.5125000000000001,6.9145,-0.5425,308.484,0.1,0.375,6.571,0.663,307.929,0.174,0.5525,7.433,-0.478,308.539,0.1,0.109,8.2525,-0.518,308.834,0.1,-0.085,8.3525,-0.4685,308.575,0.1,-0.3095,8.203,-0.319,308.531,0.1,-0.7264999999999999,8.1035,-0.3585,308.442,0.1,-1.014,8.623000000000001,-0.493,308.239,0.1,-0.48300000000000004,8.847999999999999,-0.5485,307.913,0.101,0.874,8.0425,0.4665,307.827,0.1,1.7925,7.974,0.634,307.847,0.216,
0.998,7.592499999999999,-0.53,308.658,0.1,0.9175,7.0275,-0.952,308.609,0.1,1.1564999999999999,7.493,0.011000000000000001,308.456,0.1,1.3559999999999999,7.3575,0.1015,308.335,0.1,0.838,6.7575,-0.4065,308.43,0.1,0.2535,6.9195,-0.4205,308.532,0.1,0.484,6.983499999999999,0.3385,308.088,0.103,0.482,7.6754999999999995,-0.2645,308.659,0.1,-0.146,8.234,-0.34199999999999997,308.767,0.1,-0.738,8.056000000000001,-0.47150000000000003,308.386,0.1,-1.1395,7.427,-0.374,308.242,0.1,-1.2985,7.29,-0.0295,308.101,0.1,-1.13,7.8855,-0.08549999999999999,307.998,0.101,-0.46349999999999997,8.051,-0.525,307.86,0.101,0.7605,7.752000000000001,1.3980000000000001,307.794,0.1,1.945,8.2595,1.573,307.78,0.18,
0.6739999999999999,7.4535,-0.7105,308.709,0.1,0.888,6.804,-0.725,308.287,0.1,1.6575000000000002,7.3035,2.357,308.133,0.3,2.3360000000000003,7.681,1.7435,308.067,0.198,2.1255,6.84,-0.213,308.093,0.1,1.405,7.1215,-0.49650000000000005,308.44,0.1,1.1320000000000001,7.5725,0.028499999999999998,308.351,0.1,0.748,7.919499999999999,-0.0305,308.661,0.351,-0.13949999999999999,8.014,-0.487,308.772,0.1,-0.8185,7.848,-0.471,308.291,0.1,-0.9145,7.0995,-0.16399999999999998,307.841,0.1,-0.5395000000000001,7.216,0.657,307.819,0.109,-0.07900000000000001,7.7330000000000005,0.2405,307.814,0.124,0.1885,7.7965,-0.28600000000000003,307.689,0.132,0.5755,8.019,1.797,307.783,0.127,1.4565000000000001,8.336,1.4585,307.724,0.129,
0.5385,7.692500000000001,-0.598,308.506,0.1,0.6,7.151,0.1795,308.032,0.1,1.374,7.359999999999999,3.7725,308.13,0.542,2.3465,7.942500000000001,2.3890000000000002,307.972,0.318,2.6464999999999996,7.0634999999999994,-0.256,307.888,0.1,2.139,7.327500000000001,-0.757,308.371,0.1,1.4355,7.984,-0.221,308.566,0.1,0.7595000000000001,8.068999999999999,0.0029999999999999996,308.513,0.228,0.09349999999999999,7.63,-0.003,308.648,0.1,-0.338,7.640499999999999,-0.4265,308.504,0.1,-0.112,7.304,0.0115,307.8,0.162,0.4885,7.738,0.6795,307.764,0.186,0.6035,8.0165,0.016,307.734,0.109,0.2015,8.0975,-0.2255,307.589,0.106,-0.0375,8.581,1.105,307.678,0.114,0.575,8.309000000000001,0.6475,307.674,0.101,
0.4385,7.9,-0.42600000000000005,308.209,0.1,0.075,7.487,0.536,307.915,0.127,0.624,7.481,2.7880000000000003,308.096,0.286,1.799,7.932,2.116,307.917,0.902,2.4435000000000002,7.093,-0.1425,307.804,0.1,1.814,7.397,-0.9125,308.386,0.1,0.5660000000000001,8.115,-0.5655,308.581,0.1,0.1285,8.149,-0.010499999999999999,308.299,0.279,0.5355,7.468,1.524,308.364,0.662,0.639,7.508,-0.2855,308.551,0.1,0.688,7.478,-0.35950000000000004,308.138,0.101,0.8360000000000001,8.037,-0.012,307.871,0.107,0.318,8.166,-0.29800000000000004,307.766,0.101,-0.49050000000000005,8.323,-0.19,307.603,0.1,-0.8185,8.843,0.14400000000000002,307.63,0.1,-0.3705,8.275,-0.176,307.702,0.1,
1.0815000000000001,7.6240000000000006,-0.6575,308.16,0.1,1.631,7.949,-0.195,307.943,0.107,1.8195000000000001,8.5545,-0.42700000000000005,308.153,0.1,1.408,8.959,-0.319,308.437,0.1,0.5465,8.9555,-0.036000000000000004,308.344,0.1,-0.5575000000000001,8.4425,-0.1585,308.6,0.1,-1.131,8.399000000000001,-0.45699999999999996,308.413,0.1,-0.29899999999999993,8.68,0.062,307.598,0.1,1.125,8.515,0.867,307.603,0.115,1.261,8.1415,-0.40800000000000003,308.19,0.104,0.4245,7.9305,-0.425,308.399,0.1,0.4965,7.526,0.643,307.653,0.135,1.623,8.1415,1.46,307.511,0.167,2.3434999999999997,8.5795,-0.0985,307.35,0.127,1.9565,8.6265,-0.724,307.691,0.1,0.809,8.5365,-0.479,307.955,0.1,
1.8105,6.946,-0.575,307.949,0.1,1.9579999999999997,7.1530000000000005,-0.302,308.02,0.299,1.827,7.814500000000001,-0.4275,308.256,0.1,1.4625,8.4485,-0.323,308.501,0.1,1.017,8.725999999999999,-0.1615,308.358,0.1,0.3285,8.3885,-0.1185,308.334,0.1,-0.2775,8.261,-0.185,308.559,0.1,-0.007000000000000006,8.472000000000001,-0.497,308.216,0.1,0.8230000000000001,8.342500000000001,-0.138,308.042,0.1,0.914,7.7355,-0.629,308.358,0.104,0.648,7.493499999999999,-0.27,308.273,0.1,1.3145,7.9685,0.7745,307.742,0.138,2.3935,8.47,0.663,307.556,0.116,2.5875,8.4815,-0.363,307.501,0.104,1.7734999999999999,8.361999999999998,-0.5529999999999999,307.954,0.1,0.6505000000000001,8.5175,-0.321,308.115,0.1,
2.3395,6.7035,-0.22799999999999998,307.61,0.48,2.29,6.7844999999999995,-0.2745,307.913,0.292,1.9445000000000001,7.214,-0.35450000000000004,308.235,0.101,1.4875,7.943,-0.215,308.316,0.1,1.134,8.447,-0.2215,308.293,0.1,0.7415,8.3045,-0.2925,308.223,0.1,0.2585,8.221,-0.238,308.502,0.1,-0.0945,8.052,-0.492,308.587,0.1,-0.1065,7.5440000000000005,-0.7685,308.242,0.1,0.19399999999999998,7.294,-0.35,308.037,0.106,0.864,7.2825,0.28049999999999997,307.905,0.327,1.7715,7.9685,0.22,307.813,0.106,2.3114999999999997,8.3025,-0.155,307.744,0.1,2.0645,8.1765,-0.40349999999999997,307.867,0.1,1.2705000000000002,8.149000000000001,-0.317,308.176,0.1,0.47650000000000003,8.5705,-0.20350000000000001,308.263,0.1,
2.314,7.0184999999999995,0.431,307.542,0.591,2.351,6.933999999999999,-0.2575,307.784,0.147,2.0069999999999997,6.904,-0.38649999999999995,308.165,0.104,1.5405,7.4704999999999995,-0.211,308.249,0.1,1.103,8.297,-0.138,308.179,0.1,0.613,8.432500000000001,-0.27949999999999997,308.329,0.1,-0.015499999999999986,8.398,-0.42000000000000004,308.523,0.1,-0.7195,7.834,-0.5249999999999999,308.498,0.1,-1.039,6.862500000000001,-0.8265,307.902,0.1,-0.29699999999999993,7.105,0.8785000000000001,307.698,0.903,1.13,7.310499999999999,0.9545,307.712,0.537,1.9195,7.7695,-0.363,307.924,0.1,1.7734999999999999,7.961499999999999,-0.556,308.127,0.1,1.263,7.923,-0.3355,308.243,0.1,0.7065,7.960000000000001,-0.1805,308.297,0.1,0.242,8.393,-0.266,308.408,0.1,
1.7415,7.752,1.505,307.648,0.554,1.959,7.301,-0.201,307.719,0.113,1.568,6.656,-0.5125,308.259,0.1,1.196,6.755,-0.46699999999999997,308.571,0.1,0.938,7.73,-0.37250000000000005,308.435,0.1,0.3825,8.196,-0.452,308.616,0.1,-0.434,8.52,-0.514,308.669,0.1,-1.105,7.865500000000001,-0.681,308.281,0.1,-1.171,6.6855,-0.298,307.648,0.474,-0.14650000000000002,7.111000000000001,2.4050000000000002,307.735,1.329,1.4055,7.423,1.3014999999999999,307.675,0.393,1.968,7.6995000000000005,-0.7195,308.014,0.1,1.3685,7.804,-0.6275,308.4,0.1,0.6395,7.83,-0.2315,308.368,0.1,0.16949999999999998,7.670999999999999,-0.2535,308.219,0.1,-0.11699999999999999,7.9094999999999995,-0.16199999999999998,308.26,0.1,
0.8845000000000001,8.61,1.8255,307.743,0.231,1.057,7.7385,-0.265,307.826,0.1,0.6465000000000001,6.715999999999999,-0.1535,308.336,0.1,0.6639999999999999,6.412,0.10700000000000001,308.466,0.1,0.8260000000000001,6.761,-0.4995,308.663,0.1,0.49650000000000005,7.1455,-0.635,308.853,0.1,-0.2965,8.1085,-0.5609999999999999,308.823,0.1,-0.9255,7.9665,-0.762,308.208,0.1,-0.685,7.031000000000001,0.3315,307.65,0.515,0.521,7.382,2.907,307.803,1.671,1.874,7.6925,1.1280000000000001,307.595,0.345,2.0675,7.881,-0.812,308.063,0.16,1.185,7.8774999999999995,-0.516,308.475,0.1,0.2975,7.8075,-0.19,308.372,0.1,-0.1735,7.2745,-0.463,308.166,0.1,-0.205,7.5975,0.556,307.859,0.127,
-0.0515,9.063,0.8915,307.684,0.11,-0.159,8.213000000000001,-0.40349999999999997,308.015,0.1,-0.2575,7.634499999999999,0.6465,308.12,0.126,0.17049999999999998,7.1865000000000006,1.2925,308.037,0.102,0.697,6.6065000000000005,0.176,308.275,0.1,1.016,6.4345,0.487,308.384,0.1,0.603,7.401,-0.359,308.62,0.1,-0.1305,7.9995,-0.7055,308.292,0.1,0.016499999999999987,7.6975,0.41100000000000003,307.703,0.287,1.1895,7.668,2.0655,307.767,1.491,2.2590000000000003,7.9905,0.6379999999999999,307.503,0.314,2.075,8.206,-0.6245,308.023,0.136,1.112,8.073,-0.29300000000000004,308.425,0.1,0.262,7.7115,-0.237,308.489,0.1,-0.030500000000000003,7.0305,-0.3355,308.179,0.11,0.28900000000000003,7.8135,0.963,307.688,0.139,
-0.795,8.81,-0.0275,307.781,0.1,-1.0205,8.5245,-0.48750000000000004,308.132,0.1,-0.8105,8.911999999999999,0.7444999999999999,307.904,0.116,-0.332,8.436,1.3135,307.859,0.163,0.2605,7.5725,0.7849999999999999,307.885,0.115,1.1385,6.828,1.8170000000000002,307.953,0.141,1.3679999999999999,7.085,0.1085,308.177,0.107,0.766,7.973000000000001,-0.579,308.373,0.1,0.6345000000000001,8.277999999999999,0.0195,307.739,0.103,1.4980000000000002,7.649,1.135,307.673,0.999,2.2375,8.1935,0.3665,307.39,0.355,1.8755,8.5515,-0.34199999999999997,307.927,0.112,0.905,8.32,-0.14350000000000002,308.437,0.1,0.2175,7.6850000000000005,-0.17049999999999998,308.562,0.1,0.451,7.2695,0.47950000000000004,308.055,0.95,1.035,8.2155,0.48250000000000004,307.714,0.134,
-1.0885,8.285499999999999,-0.184,308.13,0.1,-1.3439999999999999,8.523,-0.5095000000000001,308.174,0.1,-1.174,9.5785,0.041499999999999995,307.676,0.114,-0.921,9.2055,0.3405,307.667,0.119,-0.482,8.546,0.48350000000000004,307.66,0.116,0.5665,7.457000000000001,1.4994999999999998,307.768,0.126,1.375,7.12,0.4145,307.98,0.682,1.108,7.9325,-0.475,308.446,0.1,0.8155,8.5655,-0.32999999999999996,307.974,0.1,1.3895,7.771,0.7965,307.697,0.398,1.8835000000000002,8.5125,0.2675,307.513,0.156,1.479,8.86,-0.257,308.119,0.103,0.5589999999999999,8.5945,-0.261,308.6,0.1,0.2005,8.1235,0.1205,308.389,0.101,0.853,7.8629999999999995,1.3385,308.018,0.688,1.2225,8.217500000000001,-0.1055,307.915,0.103,
-0.8895,8.077,-0.0675,308.405,0.1,-1.2565,8.3755,-0.36150000000000004,308.273,0.1,-1.3445,9.464500000000001,-0.34950000000000003,307.613,0.1,-1.3410000000000002,9.384,-0.2585,307.579,0.1,-1.0295,8.826,-0.1335,307.697,0.1,0.0,7.647,0.3325,307.769,0.1,1.0295,6.9745,0.4965,308.011,0.412,0.911,7.8375,-0.4455,308.493,0.1,0.5740000000000001,8.6095,-0.47650000000000003,308.43,0.1,1.06,8.272,0.3485,307.998,0.108,1.389,8.839500000000001,-0.0375,308.065,0.104,0.893,8.989,-0.308,308.547,0.101,0.11999999999999998,8.895,-0.4595,308.605,0.1,0.16949999999999998,8.915,0.2575,308.096,0.128,0.9475,8.357,1.164,307.985,0.219,0.919,7.77,-0.51,308.189,0.1,
-0.124,8.0705,-0.1165,308.539,0.1,-0.5589999999999999,8.119,-0.1265,308.466,0.1,-0.8574999999999999,8.7625,-0.446,308.013,0.1,-1.0070000000000001,8.868500000000001,-0.52,308.027,0.1,-0.9495,8.3915,-0.429,308.299,0.1,-0.25949999999999995,7.4670000000000005,-0.38149999999999995,308.324,0.1,0.6955,6.6865,0.5545,307.987,0.17,0.6905,7.6850000000000005,-0.46950000000000003,308.563,0.1,0.3415,8.4265,-0.556,308.858,0.1,0.5695,8.5015,-0.236,308.541,0.1,0.661,8.7405,-0.2205,308.6,0.1,0.17250000000000001,8.7315,-0.262,308.711,0.1,-0.352,8.9755,-0.5005000000000001,308.45,0.1,0.007500000000000007,9.253,-0.0875,307.902,0.108,0.93,8.4145,0.3165,307.928,0.115,1.0150000000000001,7.5095,-0.47350000000000003,308.194,0.102,
0.7075,7.82,-0.245,308.637,0.1,0.383,7.589499999999999,-0.354,308.687,0.1,0.1585,7.8545,-0.7875,308.657,0.1,-0.014499999999999999,7.7275,-0.7709999999999999,308.623,0.1,-0.3745,7.445,-0.478,308.729,0.1,-0.3,7.162,-0.422,308.716,0.1,0.41800000000000004,6.7445,0.4735,308.058,0.132,0.47300000000000003,7.6875,-0.4505,308.739,0.1,-0.021000000000000005,8.218,-0.4535,308.946,0.1,-0.2335,8.256499999999999,-0.41600000000000004,308.666,0.1,-0.3795,8.158,-0.21400000000000002,308.66,0.1,-0.6915,8.0095,-0.23099999999999998,308.541,0.1,-0.9319999999999999,8.474499999999999,-0.3925,308.347,0.1,-0.414,8.732,-0.5045,307.992,0.1,0.8594999999999999,8.044,0.353,307.855,0.1,1.686,7.769500000000001,0.468,307.904,0.15,
0.833,7.4254999999999995,-0.45599999999999996,308.767,0.1,0.7609999999999999,6.989,-0.914,308.722,0.1,1.0554999999999999,7.3095,-0.0335,308.559,0.1,1.3159999999999998,7.0495,0.038000000000000006,308.414,0.1,0.834,6.6845,-0.376,308.527,0.1,0.2545,7.0184999999999995,-0.2895,308.685,0.1,0.43700000000000006,7.2765,0.21500000000000002,308.329,0.101,0.3765,7.9704999999999995,-0.266,308.878,0.1,-0.23750000000000002,8.1845,-0.2555,308.833,0.1,-0.7875,7.9895,-0.38449999999999995,308.435,0.1,-1.1669999999999998,7.4585,-0.2855,308.324,0.1,-1.309,7.2655,0.0175,308.204,0.1,-1.161,7.769,-0.07,308.128,0.1,-0.5109999999999999,7.990499999999999,-0.496,307.969,0.1,0.7855000000000001,7.750500000000001,1.3345,307.811,0.1,2.026,8.108,1.4405000000000001,307.777,0.178,
0.5095,7.365,-0.6555,308.797,0.1,0.698,6.754,-0.733,308.359,0.1,1.5205,7.1645,2.2855,308.158,0.475,2.3215,7.312,1.615,308.073,0.285,2.1189999999999998,6.678,-0.269,308.151,0.1,1.346,7.163,-0.40700000000000003,308.538,0.1,1.0375,7.876,-0.001,308.62,0.1,0.632,8.152999999999999,-0.0165,308.887,0.208,-0.16350000000000003,7.984500000000001,-0.371,308.85,0.1,-0.759,7.856999999999999,-0.38749999999999996,308.392,0.1,-0.9450000000000001,7.167,-0.1855,307.9,0.1,-0.788,7.2145,0.5569999999999999,307.867,0.104,-0.5075000000000001,7.6215,0.1775,307.858,0.121,-0.1555,7.7989999999999995,-0.2775,307.717,0.137,0.523,8.02,1.7734999999999999,307.779,0.138,1.5710000000000002,8.195,1.385,307.706,0.132,
0.35050000000000003,7.755000000000001,-0.5645,308.611,0.1,0.41950000000000004,7.1495,0.14750000000000002,308.054,0.1,1.3559999999999999,7.3125,3.714,308.126,0.476,2.5015,7.688000000000001,2.2824999999999998,307.941,0.473,2.736,7.011,-0.3185,307.936,0.1,2.0985,7.416499999999999,-0.692,308.484,0.1,1.3559999999999999,8.147,-0.1455,308.764,0.1,0.6619999999999999,8.03,0.0245,308.687,0.155,0.045,7.567,-0.0045000000000000005,308.759,0.1,-0.285,7.681,-0.34550000000000003,308.64,0.1,-0.07949999999999999,7.375,-0.042,307.853,0.127,0.1865,7.757,0.5529999999999999,307.76,0.163,-0.031,7.926,0.009,307.726,0.111,-0.272,8.129000000000001,-0.182,307.559,0.112,-0.1635,8.5855,1.106,307.641,0.127,0.598,8.1415,0.625,307.656,0.1,
0.1985,8.037,-0.3775,308.343,0.1,-0.1065,7.525,0.4965,307.914,0.127,0.685,7.482,2.73,308.089,0.24,2.002,7.774,2.0220000000000002,307.895,0.836,2.527,7.144,-0.2,307.866,0.1,1.7494999999999998,7.528,-0.8315,308.521,0.1,0.469,8.177,-0.4285,308.688,0.1,0.05850000000000001,7.924,-0.0355,308.388,0.264,0.4985,7.372,1.367,308.415,0.353,0.602,7.554,-0.252,308.655,0.1,0.5555,7.557,-0.3235,308.212,0.1,0.40700000000000003,8.078,-0.0315,307.878,0.103,-0.27099999999999996,8.097,-0.2255,307.785,0.101,-0.8394999999999999,8.361,-0.10200000000000001,307.605,0.101,-0.971,8.849,0.1775,307.624,0.1,-0.4695,8.107,-0.163,307.715,0.1,
1.0255,7.682,-0.5785,308.323,0.1,1.5415,8.1635,-0.1885,308.105,0.1,1.705,8.7645,-0.352,308.367,0.1,1.3355000000000001,9.0225,-0.23450000000000001,308.628,0.1,0.5925,8.943,0.014,308.476,0.1,-0.438,8.419,-0.0755,308.735,0.1,-1.009,8.3995,-0.364,308.649,0.1,-0.15799999999999997,8.7575,0.010500000000000002,307.741,0.1,1.22,8.5765,0.6839999999999999,307.704,0.108,1.256,8.2405,-0.372,308.375,0.1,0.398,7.984,-0.29,308.49,0.1,0.489,7.5095,0.528,307.702,0.102,1.607,8.117999999999999,1.2610000000000001,307.5,0.146,2.224,8.530999999999999,-0.14900000000000002,307.406,0.121,1.709,8.6145,-0.628,307.943,0.1,0.5835,8.523499999999999,-0.371,308.193,0.1,
1.7355,6.7955000000000005,-0.5055000000000001,308.048,0.1,1.8085,7.261,-0.29500000000000004,308.204,0.123,1.67,8.0625,-0.34450000000000003,308.455,0.1,1.3645,8.611,-0.226,308.683,0.1,1.0205,8.7835,-0.10200000000000001,308.497,0.1,0.4385,8.404,-0.0545,308.421,0.1,-0.101,8.257000000000001,-0.10849999999999999,308.714,0.1,0.14750000000000002,8.440000000000001,-0.4325,308.423,0.1,0.8665,8.3235,-0.149,308.234,0.1,0.8645,7.682,-0.5705,308.545,0.1,0.5780000000000001,7.492,-0.2225,308.374,0.1,1.244,7.927,0.6435,307.774,0.128,2.287,8.472999999999999,0.5509999999999999,307.581,0.114,2.3739999999999997,8.491499999999998,-0.33799999999999997,307.654,0.1,1.4775,8.340499999999999,-0.4335,308.206,0.1,0.4255,8.4995,-0.24200000000000002,308.355,0.1,
2.4135,6.445,-0.218,307.686,0.434,2.1515,6.704,-0.3115,308.088,0.122,1.6915,7.4375,-0.3035,308.463,0.1,1.2715,8.2035,-0.1475,308.532,0.1,1.0130000000000001,8.560500000000001,-0.1765,308.475,0.1,0.7230000000000001,8.341000000000001,-0.2505,308.366,0.1,0.30600000000000005,8.213000000000001,-0.187,308.628,0.1,-0.057999999999999996,7.9455,-0.39749999999999996,308.729,0.1,-0.094,7.448,-0.673,308.397,0.1,0.201,7.125500000000001,-0.3585,308.184,0.1,0.7955000000000001,7.2075,0.172,308.005,0.127,1.61,7.895999999999999,0.1555,307.899,0.101,2.107,8.347999999999999,-0.149,307.855,0.1,1.819,8.2205,-0.3355,308.057,0.1,1.008,8.094,-0.2335,308.369,0.1,0.28850000000000003,8.469999999999999,-0.1475,308.48,0.1,
2.5415,6.795,0.353,307.616,0.535,2.2835,6.747,-0.3075,307.951,0.102,1.7185000000000001,7.069,-0.32499999999999996,308.425,0.1,1.2585,7.7669999999999995,-0.13799999999999998,308.448,0.1,0.874,8.447,-0.11399999999999999,308.373,0.1,0.43400000000000005,8.437000000000001,-0.2545,308.548,0.1,-0.13999999999999999,8.372499999999999,-0.3725,308.663,0.1,-0.7975000000000001,7.733499999999999,-0.44799999999999995,308.573,0.1,-1.06,6.771,-0.7495,307.97,0.1,-0.26849999999999996,6.968,0.7995,307.736,0.782,1.0915,7.2355,0.753,307.753,0.437,1.74,7.686999999999999,-0.3805,308.072,0.1,1.5354999999999999,8.026499999999999,-0.47950000000000004,308.305,0.1,1.047,7.9475,-0.2595,308.39,0.1,0.5425,7.8925,-0.11699999999999999,308.422,0.1,0.1535,8.2105,-0.1775,308.573,0.1,
2.0015,7.647,1.3255,307.667,0.467,1.9885,7.178,-0.23399999999999999,307.869,0.101,1.4125,6.7829999999999995,-0.4205,308.49,0.1,1.0235,6.984999999999999,-0.39549999999999996,308.761,0.1,0.747,7.9655000000000005,-0.3075,308.636,0.1,0.18999999999999997,8.254999999999999,-0.354,308.833,0.1,-0.5905,8.513,-0.42700000000000005,308.805,0.1,-1.2215,7.801,-0.6094999999999999,308.332,0.1,-1.237,6.6515,-0.309,307.656,0.417,-0.1315,7.069000000000001,2.292,307.726,1.268,1.424,7.411,1.0885,307.675,0.333,1.8515000000000001,7.6445,-0.7335,308.18,0.1,1.1680000000000001,7.8335,-0.5289999999999999,308.578,0.1,0.504,7.833,-0.1655,308.465,0.1,0.148,7.701499999999999,-0.162,308.322,0.1,-0.0895,7.7535,-0.08249999999999999,308.383,0.1,
1.0655,8.6215,1.6045,307.725,0.193,1.184,7.7490000000000006,-0.2585,307.965,0.1,0.6659999999999999,6.7725,-0.15150000000000002,308.536,0.1,0.6505,6.477,0.0565,308.653,0.1,0.76,7.0135000000000005,-0.44999999999999996,308.877,0.1,0.38699999999999996,7.2829999999999995,-0.5275,309.052,0.1,-0.386,8.1545,-0.439,308.95,0.1,-1.0055,7.935,-0.6619999999999999,308.26,0.1,-0.7485,7.050000000000001,0.243,307.642,0.451,0.5565,7.4085,2.774,307.79,1.618,1.9340000000000002,7.756,0.9359999999999999,307.585,0.303,1.979,7.8694999999999995,-0.819,308.231,0.104,1.029,7.8675,-0.4155,308.644,0.1,0.259,7.851,-0.1275,308.475,0.1,-0.1085,7.445,-0.356,308.32,0.1,-0.1765,7.532,0.4995,307.934,0.132,
0.0895,9.1375,0.7585,307.692,0.107,-0.026999999999999996,8.266,-0.35250000000000004,308.142,0.1,-0.215,7.599,0.508,308.26,0.102,0.2225,7.148,1.1324999999999998,308.117,0.1,0.728,6.707,0.0985,308.412,0.1,0.962,6.5065,0.41700000000000004,308.515,0.1,0.533,7.495,-0.30000000000000004,308.732,0.1,-0.187,8.0015,-0.5775,308.348,0.1,-0.024499999999999994,7.732,0.3285,307.693,0.242,1.214,7.7195,1.9514999999999998,307.756,1.406,2.2590000000000003,8.1265,0.495,307.5,0.274,1.9385,8.2365,-0.603,308.22,0.101,1.0175,8.0615,-0.20450000000000002,308.617,0.1,0.3385,7.8225,-0.1565,308.643,0.1,0.051000000000000004,7.1945,-0.3115,308.397,0.1,0.27349999999999997,7.7829999999999995,0.7945,307.746,0.133,
-0.6655,8.905,-0.0265,307.87,0.1,-0.9395,8.523,-0.4085,308.244,0.1,-0.8045,8.839500000000001,0.601,307.938,0.101,-0.3255,8.4165,1.1955,307.864,0.157,0.27449999999999997,7.535,0.6499999999999999,307.904,0.101,1.1295,6.829,1.631,307.964,0.11,1.2934999999999999,7.266,0.035500000000000004,308.286,0.1,0.6585,8.033999999999999,-0.464,308.459,0.1,0.5655,8.313500000000001,0.006499999999999999,307.774,0.1,1.462,7.737,1.0434999999999999,307.661,0.874,2.1479999999999997,8.443,0.27,307.447,0.309,1.7305,8.6075,-0.3025,308.174,0.101,0.9159999999999999,8.308499999999999,-0.0685,308.661,0.1,0.38,7.7945,-0.10400000000000001,308.743,0.1,0.5015,7.3085,0.358,308.198,0.813,0.953,8.16,0.3695,307.792,0.128,
-0.9684999999999999,8.3655,-0.1265,308.275,0.1,-1.299,8.469000000000001,-0.4295,308.311,0.1,-1.194,9.4855,-0.0145,307.704,0.106,-0.944,9.2085,0.3125,307.647,0.118,-0.4495,8.539000000000001,0.4065,307.645,0.115,0.652,7.5555,1.3575,307.746,0.125,1.3359999999999999,7.4,0.2585,308.104,0.572,0.9225,8.068999999999999,-0.39449999999999996,308.594,0.1,0.6675,8.6205,-0.28300000000000003,308.117,0.1,1.3185,7.9535,0.6719999999999999,307.73,0.306,1.7774999999999999,8.8225,0.1855,307.644,0.126,1.359,8.873999999999999,-0.2175,308.404,0.1,0.594,8.539,-0.1985,308.797,0.1,0.3005,8.152000000000001,0.109,308.517,0.1,0.8069999999999999,7.8445,1.1255,308.039,0.591,1.085,8.177499999999998,-0.0715,307.983,0.102,
-0.766,8.1045,-0.019499999999999997,308.554,0.1,-1.198,8.313500000000001,-0.29900000000000004,308.449,0.1,-1.3279999999999998,9.3505,-0.3175,307.757,0.1,-1.264,9.3765,-0.2385,307.658,0.1,-0.8170000000000001,8.937000000000001,-0.1295,307.787,0.1,0.24250000000000002,7.92,0.281,307.858,0.1,1.0285,7.268,0.323,308.164,0.332,0.7010000000000001,8.041,-0.38,308.697,0.1,0.3935,8.668500000000002,-0.39649999999999996,308.656,0.1,0.912,8.438500000000001,0.22999999999999998,308.15,0.102,1.167,8.986,-0.08249999999999999,308.31,0.1,0.682,8.892,-0.26449999999999996,308.8,0.1,0.07600000000000001,8.757000000000001,-0.41200000000000003,308.723,0.1,0.20299999999999999,8.835,0.199,308.128,0.105,0.873,8.334,0.9615,307.987,0.185,0.7765,7.7425,-0.426,308.285,0.1,
-0.05449999999999999,8.0315,-0.07050000000000001,308.679,0.1,-0.517,8.0845,-0.057499999999999996,308.608,0.1,-0.8260000000000001,8.652,-0.34750000000000003,308.195,0.1,-0.8635,8.844000000000001,-0.424,308.219,0.1,-0.638,8.567,-0.3435,308.505,0.1,0.027499999999999997,7.789,-0.3305,308.575,0.1,0.7130000000000001,6.963,0.3715,308.169,0.106,0.55,7.93,-0.402,308.787,0.1,0.196,8.4285,-0.46199999999999997,309.047,0.1,0.358,8.4815,-0.2585,308.728,0.1,0.3975,8.67,-0.1925,308.813,0.1,-0.004499999999999976,8.5735,-0.1895,308.864,0.1,-0.356,8.779,-0.42800000000000005,308.539,0.1,0.07149999999999998,9.08,-0.0975,307.952,0.101,0.8494999999999999,8.347999999999999,0.174,308.015,0.101,0.8055,7.38,-0.509,308.356,0.1,
0.6455,7.736,-0.177,308.766,0.1,0.33099999999999996,7.593999999999999,-0.272,308.799,0.1,0.1235,7.709999999999999,-0.7215,308.835,0.1,0.0325,7.598000000000001,-0.669,308.819,0.1,-0.181,7.5565,-0.3545,308.923,0.1,-0.0895,7.3805,-0.2965,308.98,0.1,0.45799999999999996,7.0440000000000005,0.306,308.294,0.102,0.39,7.911,-0.401,308.959,0.1,-0.1485,8.133,-0.38249999999999995,309.05,0.1,-0.38349999999999995,8.128,-0.359,308.758,0.1,-0.4475,8.079,-0.129,308.775,0.1,-0.6335,7.9115,-0.1245,308.651,0.1,-0.8225,8.3005,-0.2905,308.486,0.1,-0.345,8.551,-0.4575,308.14,0.1,0.8095,7.9544999999999995,0.2385,307.96,0.1,1.526,7.5535,0.309,307.996,0.104,
0.6825,7.3375,-0.38249999999999995,308.887,0.1,0.6085,6.9975000000000005,-0.8645,308.863,0.1,0.9435,7.1135,-0.081,308.686,0.1,1.2525,6.744,-0.021,308.522,0.1,0.8525,6.6475,-0.32099999999999995,308.652,0.1,0.326,7.1235,-0.158,308.859,0.1,0.412,7.5600000000000005,0.1105,308.624,0.1,0.25249999999999995,8.131,-0.245,309.083,0.1,-0.3365,8.09,-0.1905,308.915,0.1,-0.8185,7.919499999999999,-0.3155,308.501,0.1,-1.1335000000000002,7.5009999999999994,-0.2085,308.405,0.1,-1.259,7.2505,0.065,308.331,0.1,-1.1875,7.645,-0.0325,308.292,0.1,-0.5915,7.8925,-0.471,308.116,0.1,0.7755,7.704,1.2325,307.843,0.1,2.0564999999999998,7.939500000000001,1.2795,307.777,0.176,
0.3395,7.3195,-0.6045,308.906,0.1,0.495,6.75,-0.736,308.46,0.1,1.384,7.009,2.1864999999999997,308.187,0.589,2.2925,6.9605,1.441,308.076,0.347,2.106,6.564,-0.307,308.236,0.1,1.294,7.2355,-0.31,308.66,0.1,0.903,8.0615,-0.019,308.88,0.1,0.4785,8.2535,0.0115,309.071,0.111,-0.1905,7.966,-0.272,308.962,0.1,-0.6985,7.8685,-0.32199999999999995,308.527,0.1,-0.9555,7.2635000000000005,-0.1935,307.994,0.1,-0.9889999999999999,7.212999999999999,0.47750000000000004,307.953,0.1,-0.8885000000000001,7.5085,0.1505,307.954,0.116,-0.48100000000000004,7.7785,-0.28700000000000003,307.784,0.136,0.47600000000000003,8.02,1.6945000000000001,307.775,0.149,1.68,8.0845,1.288,307.685,0.136,
0.13749999999999998,7.7805,-0.527,308.714,0.1,0.2205,7.1735,0.10700000000000001,308.085,0.1,1.3185000000000002,7.264,3.6144999999999996,308.122,0.414,2.616,7.4695,2.116,307.912,0.59,2.7575000000000003,6.985,-0.3715,308.02,0.1,1.9655,7.526,-0.6095,308.621,0.1,1.212,8.2315,-0.079,308.941,0.1,0.5835,8.023,0.0615,308.852,0.104,0.029500000000000012,7.563000000000001,0.006,308.903,0.1,-0.2615,7.73,-0.269,308.81,0.1,-0.137,7.459,-0.083,307.967,0.102,-0.1525,7.747,0.45099999999999996,307.806,0.142,-0.59,7.8215,0.0265,307.792,0.112,-0.671,8.128,-0.1725,307.592,0.114,-0.23,8.6005,1.0590000000000002,307.607,0.135,0.6875,8.059000000000001,0.59,307.634,0.101,
-0.04050000000000001,8.1,-0.3195,308.447,0.1,-0.2715,7.576,0.44699999999999995,307.913,0.127,0.7285,7.488,2.6405000000000003,308.085,0.201,2.158,7.652,1.8845,307.875,0.77,2.5345,7.203,-0.247,307.96,0.1,1.631,7.667,-0.7315,308.675,0.1,0.422,8.224,-0.3045,308.814,0.1,0.07050000000000001,7.839,-0.036,308.522,0.238,0.46900000000000003,7.338,1.2069999999999999,308.485,0.132,0.5205,7.613,-0.1965,308.779,0.1,0.357,7.635,-0.27749999999999997,308.334,0.1,-0.02150000000000002,8.072,-0.0345,307.953,0.101,-0.758,8.006,-0.151,307.897,0.102,-1.081,8.356,-0.0555,307.694,0.101,-0.9984999999999999,8.865,0.1815,307.633,0.1,-0.4315,8.045,-0.154,307.745,0.1,
0.946,7.7775,-0.47750000000000004,308.576,0.1,1.3875,8.4245,-0.16949999999999998,308.445,0.1,1.4689999999999999,8.8375,-0.276,308.741,0.1,1.166,8.847,-0.157,308.862,0.1,0.6795,8.7695,0.0485,308.657,0.1,-0.15350000000000003,8.304,-0.0010000000000000009,308.865,0.1,-0.6595,8.286999999999999,-0.268,308.982,0.1,0.1275,8.7975,-0.0365,308.132,0.1,1.186,8.6745,0.5055,308.068,0.105,1.0395,8.3855,-0.31000000000000005,308.683,0.1,0.33799999999999997,8.074,-0.158,308.617,0.1,0.5095,7.452999999999999,0.4155,307.846,0.102,1.4725,8.062000000000001,1.0474999999999999,307.475,0.138,1.8485,8.407,-0.1935,307.625,0.113,1.2225000000000001,8.56,-0.516,308.403,0.1,0.328,8.4925,-0.2655,308.512,0.1,
1.5619999999999998,6.714499999999999,-0.41800000000000004,308.209,0.1,1.5975000000000001,7.542,-0.2515,308.489,0.114,1.453,8.2615,-0.25,308.731,0.1,1.2045,8.5475,-0.14,308.9,0.1,1.0225,8.667,-0.056,308.689,0.1,0.6535,8.380500000000001,-0.006,308.554,0.1,0.212,8.1685,-0.038,308.891,0.1,0.314,8.2915,-0.356,308.75,0.1,0.7324999999999999,8.2365,-0.14250000000000002,308.569,0.1,0.586,7.68,-0.492,308.795,0.1,0.354,7.5825,-0.16,308.496,0.1,1.0175,7.9195,0.518,307.899,0.118,1.9325,8.4895,0.4305,307.679,0.109,1.8719999999999999,8.454,-0.308,308.049,0.1,0.9705,8.2775,-0.3045,308.609,0.1,0.1595,8.4435,-0.164,308.668,0.1,
2.239,6.3225,-0.218,307.897,0.309,1.805,6.949,-0.2885,308.394,0.114,1.38,7.8149999999999995,-0.2305,308.747,0.1,1.0825,8.3255,-0.088,308.828,0.1,0.9305,8.4835,-0.136,308.728,0.1,0.735,8.347000000000001,-0.21200000000000002,308.592,0.1,0.3515,8.1425,-0.1405,308.758,0.1,-0.038,7.749499999999999,-0.301,308.88,0.1,-0.10099999999999999,7.333,-0.5685,308.602,0.1,0.13799999999999998,6.9725,-0.37,308.429,0.1,0.5875,7.1045,0.082,308.232,0.117,1.2555,7.9295,0.10650000000000001,308.109,0.101,1.6905000000000001,8.466000000000001,-0.1465,308.133,0.1,1.3904999999999998,8.226500000000001,-0.2645,308.426,0.1,0.6515,8.018,-0.1465,308.635,0.1,0.05550000000000001,8.3205,-0.0905,308.749,0.1,
2.4275,6.7115,0.245,307.878,0.373,1.851,6.8555,-0.3065,308.273,0.101,1.2654999999999998,7.4715,-0.2495,308.764,0.1,0.962,8.065000000000001,-0.0705,308.739,0.1,0.6859999999999999,8.4165,-0.0925,308.712,0.1,0.2755,8.359,-0.22549999999999998,308.821,0.1,-0.2855,8.292,-0.3275,308.801,0.1,-0.885,7.6015,-0.374,308.655,0.1,-1.008,6.729,-0.675,308.103,0.1,-0.1305,6.793,0.702,307.836,0.536,1.0275,7.0120000000000005,0.549,307.9,0.315,1.4255,7.680999999999999,-0.3795,308.317,0.1,1.1925,8.1655,-0.39849999999999997,308.585,0.1,0.768,7.9285,-0.183,308.599,0.1,0.338,7.8365,-0.0635,308.586,0.1,-0.020000000000000004,8.0355,-0.094,308.759,0.1,
1.9975,7.598000000000001,1.1099999999999999,307.761,0.333,1.6885,7.194,-0.2545,308.156,0.1,1.0539999999999998,7.1165,-0.3155,308.82,0.1,0.7595,7.398,-0.319,309.013,0.1,0.534,8.1135,-0.242,308.998,0.1,0.024499999999999994,8.248999999999999,-0.258,309.096,0.1,-0.7205,8.456,-0.347,308.948,0.1,-1.3485,7.716,-0.5385,308.418,0.1,-1.2894999999999999,6.665,-0.327,307.719,0.298,-0.045999999999999985,7.0065,2.1574999999999998,307.72,1.19,1.41,7.3025,0.851,307.69,0.287,1.5895,7.6075,-0.725,308.425,0.1,0.895,7.9030000000000005,-0.421,308.789,0.1,0.366,7.8045,-0.10850000000000001,308.575,0.1,0.06799999999999999,7.71,-0.094,308.486,0.1,-0.1565,7.6615,-0.0095,308.559,0.1,
1.1525,8.6075,1.3519999999999999,307.692,0.176,1.192,7.782500000000001,-0.2575,308.228,0.1,0.639,7.039,-0.122,308.829,0.1,0.5825,6.792,0.009500000000000001,308.938,0.1,0.619,7.3155,-0.382,309.185,0.1,0.259,7.468,-0.40900000000000003,309.296,0.1,-0.4455,8.198,-0.319,309.092,0.1,-1.055,7.884,-0.5635,308.359,0.1,-0.7905,7.0945,0.149,307.645,0.319,0.5835,7.416499999999999,2.6180000000000003,307.778,1.542,1.863,7.799,0.7155,307.574,0.251,1.695,7.833,-0.7995000000000001,308.479,0.102,0.7789999999999999,7.888,-0.3105,308.832,0.1,0.20500000000000002,7.8675,-0.0905,308.62,0.1,-0.0855,7.5705,-0.2555,308.509,0.1,-0.14700000000000002,7.5245,0.44099999999999995,308.125,0.12,
0.336,9.1795,0.6055,307.742,0.105,0.2625,8.3,-0.2955,308.368,0.1,-0.05,7.691,0.3915,308.5,0.101,0.3045,7.2385,0.9615,308.312,0.1,0.6890000000000001,6.894,0.0475,308.607,0.1,0.802,6.640000000000001,0.35550000000000004,308.693,0.1,0.3995,7.626,-0.23450000000000001,308.876,0.1,-0.2605,7.992999999999999,-0.4525,308.44,0.1,-0.05499999999999999,7.797499999999999,0.2415,307.678,0.189,1.187,7.773,1.8205,307.749,1.302,2.0885,8.277000000000001,0.3325,307.544,0.209,1.634,8.2145,-0.5615,308.521,0.101,0.8,8.0755,-0.1235,308.861,0.1,0.3115,7.901,-0.10300000000000001,308.836,0.1,0.089,7.41,-0.2585,308.66,0.1,0.255,7.76,0.6295,307.959,0.121,
-0.3835,9.014,-0.034,308.126,0.1,-0.6699999999999999,8.486,-0.313,308.432,0.1,-0.7224999999999999,8.686,0.461,308.018,0.1,-0.301,8.391,1.065,307.888,0.136,0.271,7.503500000000001,0.5215,307.931,0.101,1.0394999999999999,6.8235,1.4235,307.972,0.131,1.0985,7.4195,-0.027999999999999997,308.457,0.1,0.4285,8.050999999999998,-0.34550000000000003,308.578,0.1,0.4205,8.402000000000001,-0.016,307.878,0.1,1.3325,7.973,0.933,307.641,0.746,1.885,8.653500000000001,0.162,307.702,0.231,1.4125,8.558499999999999,-0.249,308.586,0.1,0.7885,8.2685,-0.009,308.935,0.1,0.4485,7.8905,-0.0465,308.92,0.1,0.471,7.4384999999999994,0.2745,308.469,0.557,0.7335,8.04,0.2645,308.078,0.117,
-0.7855,8.4895,-0.07150000000000001,308.586,0.1,-1.1875,8.379999999999999,-0.33499999999999996,308.527,0.1,-1.2165,9.188500000000001,-0.0675,307.823,0.104,-0.9585,9.144,0.275,307.601,0.117,-0.362,8.4455,0.315,307.637,0.11,0.742,7.6525,1.176,307.714,0.119,1.1635,7.6145,0.124,308.336,0.401,0.5705,8.1215,-0.303,308.79,0.1,0.4035,8.719000000000001,-0.2475,308.388,0.1,1.0965,8.3015,0.53,307.883,0.23,1.4344999999999999,8.9185,0.11249999999999999,308.099,0.116,0.9810000000000001,8.711500000000001,-0.161,308.823,0.1,0.4455,8.398499999999999,-0.152,308.969,0.1,0.34550000000000003,8.161,0.099,308.589,0.1,0.725,7.8185,0.9289999999999999,308.093,0.413,0.8565,8.062000000000001,-0.03,308.186,0.101,
-0.6155,8.1595,0.027000000000000003,308.801,0.1,-1.106,8.211500000000001,-0.227,308.689,0.1,-1.2825000000000002,9.0715,-0.281,308.081,0.1,-1.145,9.2635,-0.23149999999999998,307.869,0.1,-0.602,8.893,-0.14600000000000002,308.023,0.1,0.40599999999999997,8.182,0.203,308.092,0.1,0.9075,7.671,0.183,308.463,0.247,0.4495,8.198,-0.30600000000000005,308.975,0.1,0.2125,8.711,-0.3215,308.975,0.1,0.6555,8.560500000000001,0.1225,308.49,0.101,0.7675,8.84,-0.0975,308.734,0.1,0.33849999999999997,8.625,-0.2095,309.071,0.1,-0.012499999999999997,8.529499999999999,-0.376,308.821,0.1,0.2595,8.66,0.137,308.128,0.111,0.8,8.2025,0.771,308.001,0.154,0.6305,7.7315000000000005,-0.3205,308.424,0.1,
0.019500000000000003,8.0135,-0.0235,308.848,0.1,-0.46099999999999997,8.017,0.011,308.763,0.1,-0.7535000000000001,8.4875,-0.2445,308.504,0.1,-0.714,8.7355,-0.3345,308.598,0.1,-0.442,8.6045,-0.2705,308.868,0.1,0.14900000000000002,8.046,-0.2815,308.95,0.1,0.6505000000000001,7.5655,0.2145,308.567,0.104,0.4275,8.1905,-0.3265,309.091,0.1,0.0665,8.358,-0.3625,309.246,0.1,0.087,8.3215,-0.257,308.972,0.1,0.075,8.405000000000001,-0.153,309.043,0.1,-0.1305,8.333,-0.125,309.009,0.1,-0.241,8.508,-0.36150000000000004,308.677,0.1,0.1835,8.75,-0.1085,308.115,0.101,0.7055,8.094999999999999,0.0485,308.254,0.101,0.5469999999999999,7.3004999999999995,-0.5125,308.592,0.1,
0.5775,7.7379999999999995,-0.1055,308.898,0.1,0.27649999999999997,7.63,-0.19,308.925,0.1,0.08750000000000001,7.5695,-0.649,309.075,0.1,0.0595,7.4505,-0.5529999999999999,309.103,0.1,-0.013499999999999998,7.6465,-0.22549999999999998,309.215,0.1,0.11700000000000002,7.5405,-0.168,309.308,0.1,0.49250000000000005,7.6195,0.1535,308.767,0.101,0.2995,8.0735,-0.33699999999999997,309.22,0.1,-0.2715,7.9545,-0.3075,309.142,0.1,-0.536,7.936999999999999,-0.29900000000000004,308.854,0.1,-0.5115,7.928,-0.057499999999999996,308.864,0.1,-0.527,7.8075,-0.032,308.788,0.1,-0.653,8.0715,-0.188,308.693,0.1,-0.27599999999999997,8.23,-0.40900000000000003,308.43,0.1,0.6775,7.66,0.1235,308.229,0.1,1.2429999999999999,7.3105,0.155,308.17,0.102,
0.5575,7.400499999999999,-0.31,309.027,0.1,0.4615,7.098,-0.8069999999999999,309.058,0.1,0.807,6.889,-0.131,308.866,0.1,1.137,6.443,-0.077,308.696,0.1,0.915,6.6935,-0.2495,308.841,0.1,0.5455,7.2425,-0.026,309.075,0.1,0.43400000000000005,7.8205,0.019500000000000003,309.037,0.1,0.09150000000000001,8.014,-0.20900000000000002,309.258,0.1,-0.448,7.9174999999999995,-0.139,309.027,0.1,-0.8105,7.842499999999999,-0.2585,308.602,0.1,-0.972,7.5649999999999995,-0.13949999999999999,308.483,0.1,-1.078,7.2575,0.1125,308.511,0.1,-1.203,7.504,0.0205,308.534,0.1,-0.746,7.7105,-0.4485,308.344,0.1,0.6845000000000001,7.548500000000001,1.1035,307.908,0.1,1.9685000000000001,7.7295,1.099,307.786,0.173,
0.1595,7.3545,-0.556,309.055,0.1,0.2665,6.8415,-0.736,308.616,0.1,1.2485,6.814,2.0679999999999996,308.224,0.561,2.229,6.654,1.2345000000000002,308.073,0.35,2.076,6.561,-0.33299999999999996,308.383,0.1,1.2570000000000001,7.3745,-0.20750000000000002,308.832,0.1,0.6835,7.991999999999999,-0.029500000000000002,309.123,0.1,0.2465,8.0685,0.049,309.168,0.107,-0.2245,7.9735,-0.184,309.131,0.1,-0.638,7.8855,-0.26849999999999996,308.728,0.1,-0.9195,7.420999999999999,-0.1925,308.169,0.1,-1.0745,7.2105,0.4125,308.131,0.1,-1.154,7.390499999999999,0.1495,308.182,0.11,-0.7615,7.7010000000000005,-0.3095,307.947,0.123,0.44200000000000006,8.015,1.576,307.771,0.159,1.7734999999999999,8.0505,1.1745,307.659,0.144,
-0.1315,7.713,-0.487,308.813,0.1,-0.021999999999999992,7.2555,0.061,308.136,0.1,1.2325000000000002,7.214,3.4855,308.115,0.361,2.6310000000000002,7.3420000000000005,1.9065,307.885,0.611,2.622,7.023,-0.41800000000000004,308.189,0.1,1.6295,7.682,-0.5145000000000001,308.81,0.1,0.929,8.145,-0.019000000000000003,309.071,0.1,0.537,8.093,0.10900000000000001,308.997,0.103,0.07450000000000001,7.6850000000000005,0.0235,309.107,0.1,-0.307,7.7989999999999995,-0.195,309.048,0.1,-0.4155,7.569,-0.1145,308.221,0.101,-0.5880000000000001,7.666,0.3675,307.977,0.126,-0.9615,7.682,0.062,308.04,0.108,-0.8795,8.043000000000001,-0.1875,307.78,0.109,-0.13849999999999998,8.64,0.9770000000000001,307.578,0.131,0.9505,8.1935,0.5455,307.602,0.103,
-0.27799999999999997,7.979,-0.2545,308.477,0.1,-0.39449999999999996,7.658,0.391,307.913,0.126,0.7254999999999999,7.511,2.527,308.087,0.186,2.194,7.622,1.7149999999999999,307.86,0.701,2.3635,7.285,-0.28700000000000003,308.131,0.1,1.3900000000000001,7.826,-0.6185,308.874,0.1,0.4925,8.234,-0.1895,308.981,0.1,0.2755,8.08,-0.0195,308.764,0.187,0.4595,7.447,1.045,308.6,0.12,0.336,7.702,-0.1255,308.947,0.1,0.0010000000000000009,7.708,-0.2245,308.569,0.1,-0.4515,7.951,-0.025500000000000002,308.19,0.101,-1.0005,7.861,-0.075,308.227,0.101,-1.0545,8.242,-0.039,307.997,0.1,-0.7065,8.905,0.16449999999999998,307.684,0.1,-0.04250000000000001,8.255,-0.148,307.816,0.1,
0.8665,7.8725000000000005,-0.375,308.828,0.1,1.233,8.684999999999999,-0.14800000000000002,308.785,0.1,1.2325,8.910499999999999,-0.2055,309.115,0.1,0.9964999999999999,8.6725,-0.087,309.095,0.1,0.7665,8.596499999999999,0.07500000000000001,308.837,0.1,0.1315,8.189499999999999,0.0615,308.994,0.1,-0.31,8.1745,-0.1765,309.315,0.1,0.41200000000000003,8.836500000000001,-0.0765,308.523,0.1,1.1515,8.7725,0.3435,308.431,0.102,0.8235,8.5295,-0.2455,308.992,0.1,0.27849999999999997,8.163499999999999,-0.044,308.745,0.1,0.53,7.3965,0.3115,307.991,0.101,1.3375,8.006,0.8414999999999999,307.45,0.13,1.472,8.2835,-0.225,307.843,0.105,0.735,8.506,-0.4065,308.863,0.1,0.07150000000000001,8.462,-0.16949999999999998,308.831,0.1,
1.3885,6.633,-0.3305,308.371,0.1,1.387,7.822,-0.20400000000000001,308.774,0.106,1.236,8.4605,-0.163,309.006,0.1,1.044,8.4845,-0.0635,309.116,0.1,1.0245,8.5505,-0.0165,308.882,0.1,0.869,8.357,0.0315,308.688,0.1,0.5255,8.0795,0.0235,309.069,0.1,0.48,8.142,-0.278,309.078,0.1,0.5985,8.1495,-0.127,308.905,0.1,0.308,7.6775,-0.40900000000000003,309.046,0.1,0.1295,7.672499999999999,-0.10250000000000001,308.618,0.1,0.791,7.9125,0.4,308.023,0.107,1.5785,8.506,0.317,307.777,0.103,1.37,8.416,-0.27449999999999997,308.443,0.1,0.4635,8.214500000000001,-0.184,309.011,0.1,-0.1065,8.3875,-0.091,308.982,0.1,
2.0645,6.2,-0.214,308.109,0.185,1.4585,7.1935,-0.2565,308.7,0.106,1.069,8.192499999999999,-0.1605,309.03,0.1,0.894,8.4475,-0.035500000000000004,309.124,0.1,0.8485,8.4065,-0.0975,308.98,0.1,0.748,8.3525,-0.175,308.818,0.1,0.398,8.0715,-0.0975,308.888,0.1,-0.018000000000000002,7.553,-0.20750000000000002,309.031,0.1,-0.109,7.218,-0.4635,308.807,0.1,0.0745,6.82,-0.3765,308.675,0.1,0.379,7.0015,0.004499999999999999,308.458,0.107,0.901,7.9635,0.064,308.318,0.1,1.2745,8.584499999999998,-0.14250000000000002,308.41,0.1,0.962,8.232,-0.1975,308.796,0.1,0.2945,7.942,-0.0655,308.902,0.1,-0.17800000000000002,8.171,-0.035,309.019,0.1,
2.3129999999999997,6.6285,0.14450000000000002,308.14,0.212,1.4180000000000001,6.9645,-0.294,308.594,0.1,0.8125,7.8740000000000006,-0.176,309.103,0.1,0.6659999999999999,8.3625,-0.0115,309.029,0.1,0.499,8.386,-0.07200000000000001,309.051,0.1,0.1175,8.281,-0.196,309.093,0.1,-0.431,8.211500000000001,-0.2815,308.939,0.1,-0.9730000000000001,7.470000000000001,-0.3005,308.737,0.1,-0.9565,6.686999999999999,-0.603,308.236,0.1,0.007500000000000007,6.619,0.5975,307.935,0.291,0.9635,6.789,0.35950000000000004,308.047,0.193,1.1105,7.6754999999999995,-0.369,308.563,0.1,0.849,8.3045,-0.3215,308.865,0.1,0.489,7.9094999999999995,-0.11399999999999999,308.807,0.1,0.13349999999999998,7.7805,-0.015,308.749,0.1,-0.1935,7.861,-0.016,308.945,0.1,
1.9935,7.5495,0.9005000000000001,307.856,0.199,1.389,7.2105,-0.264,308.444,0.1,0.6950000000000001,7.45,-0.21450000000000002,309.149,0.1,0.495,7.8105,-0.244,309.265,0.1,0.321,8.262,-0.179,309.361,0.1,-0.1415,8.243,-0.16999999999999998,309.359,0.1,-0.8505,8.4,-0.2705,309.091,0.1,-1.4745,7.6315,-0.469,308.504,0.1,-1.3415,6.6785,-0.34450000000000003,307.783,0.179,0.040000000000000036,6.9445,2.0045,307.715,1.111,1.3965,7.1945,0.622,307.706,0.241,1.328,7.5705,-0.702,308.67,0.1,0.6225,7.9725,-0.32,308.999,0.1,0.228,7.776,-0.06,308.686,0.1,-0.011999999999999997,7.718500000000001,-0.0335,308.651,0.1,-0.22399999999999998,7.57,0.056,308.735,0.1,
1.2395,8.593499999999999,1.1065,307.659,0.16,1.201,7.816000000000001,-0.2505,308.491,0.1,0.6125,7.305,-0.0875,309.123,0.1,0.514,7.1075,-0.028999999999999998,309.223,0.1,0.4775,7.618,-0.3115,309.494,0.1,0.131,7.6525,-0.295,309.541,0.1,-0.505,8.242,-0.20800000000000002,309.234,0.1,-1.1045,7.8325,-0.471,308.459,0.1,-0.832,7.1385000000000005,0.056999999999999995,307.647,0.187,0.6105,7.4239999999999995,2.4435000000000002,307.767,1.466,1.791,7.842499999999999,0.503,307.563,0.199,1.4104999999999999,7.796,-0.765,308.726,0.101,0.5289999999999999,7.9085,-0.2165,309.021,0.1,0.151,7.8835,-0.062,308.765,0.1,-0.0625,7.6965,-0.16299999999999998,308.697,0.1,-0.11699999999999999,7.5169999999999995,0.385,308.316,0.108,
0.5825,9.221499999999999,0.459,307.792,0.102,0.552,8.3335,-0.239,308.594,0.1,0.11549999999999999,7.783,0.2875,308.739,0.1,0.387,7.3295,0.7929999999999999,308.508,0.1,0.6505000000000001,7.0815,0.0065,308.803,0.1,0.642,6.772500000000001,0.2995,308.872,0.1,0.2665,7.757,-0.1705,309.021,0.1,-0.33399999999999996,7.984,-0.3355,308.532,0.1,-0.08599999999999997,7.862,0.155,307.664,0.137,1.1600000000000001,7.8260000000000005,1.6745,307.741,1.197,1.9175,8.4285,0.182,307.589,0.145,1.3295,8.193,-0.512,308.822,0.1,0.5835,8.0895,-0.0545,309.104,0.1,0.285,7.978999999999999,-0.06,309.029,0.1,0.127,7.6255,-0.2015,308.922,0.1,0.236,7.737,0.478,308.173,0.109,
-0.10250000000000001,9.1235,-0.041999999999999996,308.382,0.1,-0.4005,8.449,-0.2205,308.621,0.1,-0.6395,8.532,0.3325,308.098,0.1,-0.27649999999999997,8.3655,0.927,307.913,0.115,0.267,7.4719999999999995,0.399,307.958,0.1,0.9495,6.817,1.2135,307.98,0.152,0.9035,7.5735,-0.08,308.629,0.1,0.1985,8.0685,-0.23099999999999998,308.697,0.1,0.276,8.4905,-0.0375,307.982,0.1,1.2035,8.2095,0.815,307.62,0.617,1.6219999999999999,8.8645,0.066,307.956,0.154,1.0939999999999999,8.5105,-0.195,308.997,0.1,0.66,8.2285,0.0385,309.209,0.1,0.516,7.9864999999999995,-0.0004999999999999987,309.098,0.1,0.4395,7.568,0.203,308.739,0.3,0.5135000000000001,7.92,0.17149999999999999,308.364,0.107,
-0.603,8.6145,-0.0215,308.896,0.1,-1.0765,8.2915,-0.2415,308.744,0.1,-1.2395,8.891,-0.112,307.942,0.102,-0.973,9.0795,0.23099999999999998,307.554,0.116,-0.274,8.3515,0.225,307.63,0.105,0.8325,7.749,0.988,307.682,0.112,0.9915,7.83,0.0085,308.569,0.231,0.218,8.1745,-0.21200000000000002,308.987,0.1,0.1395,8.818,-0.21100000000000002,308.659,0.1,0.875,8.649999999999999,0.3945,308.037,0.154,1.0915,9.0145,0.0515,308.553,0.107,0.6025,8.549,-0.10850000000000001,309.242,0.1,0.2965,8.258,-0.11649999999999999,309.142,0.1,0.391,8.1705,0.08449999999999999,308.66,0.1,0.6435,7.792,0.744,308.147,0.235,0.628,7.947,0.009500000000000001,308.389,0.101,
-0.46499999999999997,8.215,0.0685,309.048,0.1,-1.0135,8.1095,-0.157,308.929,0.1,-1.237,8.793,-0.244,308.404,0.1,-1.0255,9.150500000000001,-0.2255,308.08,0.1,-0.3865,8.849,-0.161,308.258,0.1,0.5695,8.4445,0.1255,308.326,0.1,0.787,8.0745,0.062,308.761,0.161,0.1985,8.355,-0.23450000000000001,309.253,0.1,0.031,8.753,-0.249,309.293,0.1,0.39799999999999996,8.681999999999999,0.030500000000000003,308.83,0.1,0.3675,8.6945,-0.104,309.157,0.1,-0.005500000000000005,8.3575,-0.1605,309.342,0.1,-0.1015,8.3015,-0.344,308.918,0.1,0.316,8.4855,0.0785,308.128,0.118,0.7265,8.07,0.5965,308.016,0.122,0.48350000000000004,7.7204999999999995,-0.21750000000000003,308.563,0.1,
0.093,7.996,0.0185,309.017,0.1,-0.4055,7.9495,0.07200000000000001,308.918,0.1,-0.6805000000000001,8.324,-0.14600000000000002,308.812,0.1,-0.5645,8.626999999999999,-0.2505,308.976,0.1,-0.246,8.642,-0.2025,309.231,0.1,0.27099999999999996,8.3035,-0.23399999999999999,309.325,0.1,0.588,8.1685,0.077,308.966,0.101,0.3055,8.451,-0.2555,309.394,0.1,-0.0625,8.287,-0.2685,309.444,0.1,-0.1835,8.161,-0.247,309.216,0.1,-0.247,8.1405,-0.1145,309.272,0.1,-0.2565,8.0925,-0.07,309.154,0.1,-0.1255,8.2365,-0.2955,308.816,0.1,0.2955,8.4195,-0.114,308.278,0.1,0.5609999999999999,7.840999999999999,-0.0575,308.494,0.1,0.28900000000000003,7.2204999999999995,-0.5,308.828,0.1,
0.509,7.740500000000001,-0.041,309.029,0.1,0.22149999999999997,7.6655,-0.11349999999999999,309.05,0.1,0.0515,7.4295,-0.5720000000000001,309.314,0.1,0.087,7.3035,-0.438,309.387,0.1,0.1535,7.7365,-0.106,309.507,0.1,0.3225,7.699999999999999,-0.053,309.637,0.1,0.526,8.196000000000002,0.022,309.239,0.101,0.20850000000000002,8.2365,-0.27149999999999996,309.48,0.1,-0.394,7.776,-0.23550000000000001,309.233,0.1,-0.6875,7.746,-0.2425,308.95,0.1,-0.5745,7.7775,0.002,308.952,0.1,-0.4205,7.704,0.049999999999999996,308.924,0.1,-0.48450000000000004,7.842499999999999,-0.0855,308.9,0.1,-0.20700000000000002,7.9085,-0.35850000000000004,308.719,0.1,0.546,7.3655,0.014000000000000002,308.499,0.1,0.9595,7.067,0.0165,308.344,0.101,
0.433,7.463,-0.239,309.167,0.1,0.315,7.1985,-0.741,309.253,0.1,0.6705,6.6645,-0.1775,309.046,0.1,1.0215,6.1419999999999995,-0.1245,308.871,0.1,0.9775,6.7395,-0.1785,309.029,0.1,0.7655000000000001,7.3614999999999995,0.08850000000000001,309.291,0.1,0.457,8.081,-0.0515,309.45,0.1,-0.069,7.897499999999999,-0.16899999999999998,309.433,0.1,-0.5595,7.7455,-0.094,309.138,0.1,-0.802,7.765000000000001,-0.20700000000000002,308.703,0.1,-0.8095,7.630000000000001,-0.08,308.562,0.1,-0.896,7.265,0.1575,308.69,0.1,-1.218,7.3625,0.077,308.775,0.1,-0.9005,7.528499999999999,-0.426,308.573,0.1,0.593,7.3934999999999995,0.9604999999999999,307.972,0.1,1.8805,7.519,0.9144999999999999,307.794,0.171,
-0.021000000000000005,7.388999999999999,-0.502,309.204,0.1,0.037500000000000006,6.9335,-0.727,308.773,0.1,1.113,6.6185,1.9355,308.261,0.534,2.165,6.3469999999999995,1.0270000000000001,308.07,0.352,2.045,6.558,-0.3475,308.53,0.1,1.2189999999999999,7.513999999999999,-0.113,309.003,0.1,0.463,7.9215,-0.0305,309.367,0.1,0.014499999999999999,7.8835,0.081,309.265,0.103,-0.258,7.981,-0.10650000000000001,309.299,0.1,-0.5780000000000001,7.9015,-0.2185,308.93,0.1,-0.8839999999999999,7.5795,-0.187,308.344,0.1,-1.1595,7.208,0.35550000000000004,308.309,0.1,-1.419,7.272,0.154,308.411,0.104,-1.042,7.6235,-0.3335,308.111,0.109,0.40800000000000003,8.0105,1.436,307.767,0.17,1.867,8.017,1.0475,307.633,0.152,
-0.4,7.645,-0.446,308.912,0.1,-0.264,7.337999999999999,0.013999999999999999,308.187,0.1,1.1465,7.164,3.3369999999999997,308.107,0.308,2.646,7.215,1.6855,307.859,0.632,2.486,7.061,-0.451,308.357,0.1,1.293,7.8375,-0.41800000000000004,309.0,0.1,0.6455,8.058499999999999,0.0355,309.2,0.1,0.49,8.162500000000001,0.14900000000000002,309.141,0.101,0.11950000000000001,7.807,0.044,309.311,0.1,-0.35250000000000004,7.867,-0.1255,309.287,0.1,-0.694,7.6795,-0.1375,308.475,0.1,-1.023,7.5845,0.29400000000000004,308.149,0.111,-1.333,7.5425,0.0965,308.289,0.103,-1.089,7.9575000000000005,-0.20550000000000002,307.969,0.104,-0.04749999999999999,8.68,0.878,307.549,0.127,1.214,8.3285,0.49050000000000005,307.57,0.105,
-0.515,7.857,-0.1975,308.507,0.1,-0.5175000000000001,7.741,0.3305,307.912,0.125,0.7215,7.535,2.399,308.09,0.17,2.2295,7.593,1.5314999999999999,307.845,0.633,2.1925,7.367,-0.3175,308.303,0.1,1.149,7.984,-0.5035000000000001,309.072,0.1,0.5630000000000001,8.245,-0.08650000000000001,309.148,0.1,0.48,8.32,0.0015000000000000005,309.006,0.136,0.45,7.557,0.8899999999999999,308.716,0.108,0.15250000000000002,7.79,-0.057499999999999996,309.114,0.1,-0.3545,7.781,-0.16999999999999998,308.804,0.1,-0.882,7.829,-0.013000000000000001,308.428,0.1,-1.2429999999999999,7.716,-0.005999999999999998,308.556,0.1,-1.0274999999999999,8.127,-0.0275,308.3,0.1,-0.4145,8.945,0.1395,307.736,0.1,0.34700000000000003,8.465,-0.143,307.887,0.1,
0.7444999999999999,7.904,-0.269,309.117,0.1,0.9890000000000001,8.742,-0.11800000000000001,309.176,0.1,0.923,8.8135,-0.1495,309.474,0.1,0.7555000000000001,8.5085,-0.037,309.363,0.1,0.706,8.4465,0.0795,309.098,0.1,0.2645,8.1065,0.094,309.188,0.1,-0.10949999999999999,8.041,-0.099,309.615,0.1,0.47,8.7405,-0.0965,308.972,0.1,0.951,8.754,0.229,308.844,0.1,0.5700000000000001,8.555499999999999,-0.1735,309.272,0.1,0.1665,8.172,0.023,308.927,0.1,0.418,7.3995,0.231,308.319,0.1,1.029,7.9399999999999995,0.6565,307.724,0.121,0.9690000000000001,8.121,-0.221,308.311,0.1,0.2365,8.3445,-0.303,309.334,0.1,-0.182,8.3615,-0.1,309.188,0.1,
1.1575,6.7205,-0.243,308.638,0.1,1.1105,7.987500000000001,-0.142,309.118,0.1,0.958,8.524000000000001,-0.097,309.314,0.1,0.808,8.423,-0.012499999999999999,309.375,0.1,0.865,8.447,0.0075,309.15,0.1,0.8585,8.325,0.042499999999999996,308.931,0.1,0.6295,8.0145,0.0615,309.272,0.1,0.5015000000000001,8.0265,-0.1965,309.4,0.1,0.41900000000000004,8.094999999999999,-0.08600000000000001,309.232,0.1,0.084,7.744999999999999,-0.3135,309.292,0.1,-0.027999999999999997,7.779999999999999,-0.057499999999999996,308.822,0.1,0.5395,7.898,0.304,308.331,0.1,1.108,8.4255,0.225,308.127,0.1,0.7985,8.255,-0.23149999999999998,308.933,0.1,0.01899999999999999,8.087,-0.0865,309.396,0.1,-0.3165,8.267,-0.032,309.32,0.1,
1.696,6.311,-0.1985,308.5,0.102,1.0775,7.4079999999999995,-0.1955,309.047,0.1,0.7444999999999999,8.3975,-0.099,309.348,0.1,0.6415,8.4805,-0.0034999999999999996,309.432,0.1,0.646,8.329,-0.0635,309.277,0.1,0.6234999999999999,8.3275,-0.14300000000000002,309.107,0.1,0.3715,8.0295,-0.0645,309.071,0.1,0.0010000000000000009,7.4645,-0.1205,309.215,0.1,-0.134,7.196,-0.3595,309.05,0.1,-0.0285,6.808,-0.3665,308.98,0.1,0.189,7.038,-0.034,308.753,0.1,0.574,7.981,0.040999999999999995,308.639,0.1,0.818,8.5415,-0.136,308.794,0.1,0.512,8.131,-0.1405,309.17,0.1,-0.014499999999999999,7.865,-0.0005000000000000004,309.196,0.1,-0.34750000000000003,8.0145,0.0165,309.311,0.1,
1.9215,6.697,0.0675,308.598,0.103,0.9505,7.1455,-0.2465,308.97,0.1,0.4105,8.132,-0.10700000000000001,309.457,0.1,0.3595,8.4985,0.024,309.355,0.1,0.2655,8.309000000000001,-0.053,309.4,0.1,-0.05,8.190000000000001,-0.16399999999999998,309.377,0.1,-0.519,8.103,-0.23299999999999998,309.119,0.1,-0.982,7.3685,-0.2295,308.878,0.1,-0.8915,6.702,-0.5375,308.475,0.1,0.04500000000000004,6.5075,0.47350000000000003,308.16,0.125,0.796,6.6884999999999994,0.21750000000000003,308.312,0.109,0.773,7.7045,-0.3295,308.883,0.1,0.5085,8.313,-0.2565,309.159,0.1,0.221,7.871499999999999,-0.0635,309.039,0.1,-0.058499999999999996,7.75,0.0215,308.985,0.1,-0.3275,7.7305,0.047,309.182,0.1,
1.759,7.5555,0.71,308.158,0.106,0.997,7.327999999999999,-0.24,308.854,0.1,0.35250000000000004,7.711,-0.125,309.493,0.1,0.22849999999999998,8.0655,-0.173,309.556,0.1,0.0865,8.266,-0.125,309.685,0.1,-0.318,8.17,-0.10400000000000001,309.597,0.1,-0.966,8.238,-0.20400000000000001,309.258,0.1,-1.5685,7.5035,-0.403,308.669,0.1,-1.3495,6.7155000000000005,-0.3605,307.97,0.102,0.10199999999999998,6.875,1.7974999999999999,307.761,0.96,1.2635,7.088,0.4205,307.874,0.199,0.9904999999999999,7.579000000000001,-0.6345000000000001,308.985,0.1,0.35750000000000004,7.997,-0.2395,309.21,0.1,0.096,7.7745,-0.0345,308.862,0.1,-0.10500000000000001,7.7365,0.006500000000000001,308.882,0.1,-0.28250000000000003,7.532,0.10200000000000001,308.983,0.1,
1.174,8.536999999999999,0.8825000000000001,307.845,0.144,1.0225,7.847,-0.22649999999999998,308.886,0.1,0.4785,7.5115,-0.0395,309.405,0.1,0.371,7.3345,-0.043,309.498,0.1,0.2745,7.750500000000001,-0.234,309.735,0.1,-0.06399999999999999,7.734,-0.192,309.732,0.1,-0.6559999999999999,8.1705,-0.12,309.381,0.1,-1.24,7.7355,-0.39449999999999996,308.654,0.1,-0.8995,7.189,-0.0295,307.775,0.103,0.6260000000000001,7.4485,2.2125,307.757,1.383,1.6315,7.8134999999999994,0.316,307.706,0.158,1.058,7.7575,-0.685,309.038,0.1,0.28700000000000003,7.913,-0.1515,309.221,0.1,0.075,7.8825,-0.055999999999999994,308.973,0.1,-0.08650000000000001,7.7785,-0.0915,308.942,0.1,-0.113,7.547000000000001,0.33499999999999996,308.611,0.1,
0.5915,9.096499999999999,0.332,308.071,0.1,0.5725,8.2665,-0.1855,308.899,0.1,0.148,7.8085,0.22549999999999998,308.955,0.1,0.366,7.3665,0.6325000000000001,308.702,0.1,0.5289999999999999,7.205500000000001,-0.004999999999999999,309.001,0.1,0.4225,6.9235,0.2595,309.071,0.1,0.03,7.855499999999999,-0.11050000000000001,309.192,0.1,-0.5335,7.9735000000000005,-0.23900000000000002,308.724,0.1,-0.195,7.912,0.07050000000000001,307.813,0.103,1.0945,7.932,1.4825,307.745,1.024,1.6680000000000001,8.4565,0.067,307.795,0.102,0.9635,8.097999999999999,-0.439,309.163,0.1,0.3555,8.051,-0.018,309.34,0.1,0.2075,7.9715,-0.045,309.25,0.1,0.0925,7.7475000000000005,-0.133,309.193,0.1,0.1735,7.7330000000000005,0.368,308.499,0.1,
-0.1095,8.988,-0.051000000000000004,308.76,0.1,-0.3635,8.327,-0.137,308.863,0.1,-0.619,8.336500000000001,0.241,308.265,0.1,-0.262,8.2625,0.7645,308.023,0.101,0.252,7.4785,0.29700000000000004,308.119,0.1,0.815,6.9405,0.995,308.129,0.159,0.649,7.7595,-0.098,308.873,0.1,-0.0795,8.122,-0.1285,308.905,0.1,0.07,8.504999999999999,-0.057,308.249,0.1,0.9885,8.398,0.6739999999999999,307.74,0.486,1.2525,8.878499999999999,0.0055000000000000005,308.332,0.103,0.7150000000000001,8.3635,-0.14,309.386,0.1,0.47650000000000003,8.1425,0.052000000000000005,309.454,0.1,0.48650000000000004,7.99,0.015,309.281,0.1,0.358,7.640000000000001,0.16649999999999998,309.009,0.127,0.3005,7.824,0.115,308.718,0.1,
-0.576,8.5365,0.0145,309.228,0.1,-1.052,8.1705,-0.151,309.006,0.1,-1.24,8.568999999999999,-0.13,308.234,0.1,-0.9185,8.911999999999999,0.16749999999999998,307.74,0.114,-0.16799999999999998,8.282,0.14100000000000001,307.852,0.102,0.8365,7.8925,0.78,307.874,0.107,0.7839999999999999,8.029,-0.051000000000000004,308.887,0.115,-0.07150000000000001,8.2255,-0.124,309.236,0.1,-0.128,8.751,-0.172,309.018,0.1,0.539,8.786000000000001,0.2795,308.355,0.103,0.658,8.9225,0.025500000000000002,309.035,0.1,0.237,8.363,-0.0665,309.614,0.1,0.147,8.144,-0.1085,309.345,0.1,0.3775,8.141,0.057499999999999996,308.792,0.1,0.5405,7.79,0.5940000000000001,308.305,0.115,0.4195,7.872,0.042,308.664,0.1,
-0.3495,8.1765,0.0975,309.292,0.1,-0.8935,8.0085,-0.0925,309.188,0.1,-1.1360000000000001,8.4825,-0.20550000000000002,308.828,0.1,-0.8895,8.904,-0.2215,308.486,0.1,-0.2465,8.728,-0.1725,308.654,0.1,0.5725,8.560500000000001,0.048499999999999995,308.709,0.1,0.5960000000000001,8.3145,-0.003000000000000001,309.12,0.104,-0.01999999999999999,8.382,-0.17,309.532,0.1,-0.1735,8.609,-0.183,309.6,0.1,0.0775,8.615,-0.0165,309.217,0.1,0.0005000000000000004,8.4955,-0.08549999999999999,309.559,0.1,-0.2365,8.157,-0.129,309.626,0.1,-0.1525,8.143,-0.323,309.112,0.1,0.3015,8.335,0.0315,308.264,0.12,0.5934999999999999,8.029499999999999,0.47,308.158,0.101,0.33599999999999997,7.779999999999999,-0.1195,308.77,0.1,
0.14300000000000002,7.984,0.047,309.217,0.1,-0.29600000000000004,7.9215,0.1115,309.115,0.1,-0.5505,8.153500000000001,-0.061,309.157,0.1,-0.4535,8.391,-0.181,309.402,0.1,-0.179,8.516,-0.14750000000000002,309.619,0.1,0.2295,8.3295,-0.191,309.697,0.1,0.4085,8.449000000000002,-0.005000000000000001,309.359,0.1,0.1265,8.474499999999999,-0.196,309.662,0.1,-0.21000000000000002,8.146,-0.187,309.638,0.1,-0.39549999999999996,7.9879999999999995,-0.214,309.481,0.1,-0.4315,7.9355,-0.0805,309.521,0.1,-0.2795,7.906499999999999,-0.04,309.359,0.1,-0.03900000000000001,8.009500000000001,-0.2315,309.017,0.1,0.2925,8.152000000000001,-0.10350000000000001,308.542,0.1,0.3525,7.726999999999999,-0.1095,308.787,0.1,0.049999999999999996,7.254,-0.4415,309.085,0.1,
0.41100000000000003,7.8149999999999995,0.004999999999999999,309.234,0.1,0.18,7.755000000000001,-0.051500000000000004,309.243,0.1,0.008,7.3469999999999995,-0.481,309.575,0.1,0.0505,7.179,-0.327,309.667,0.1,0.1935,7.721500000000001,-0.011999999999999999,309.762,0.1,0.364,7.718,0.028,309.892,0.1,0.4245,8.424,-0.0505,309.629,0.1,0.0665,8.234,-0.203,309.704,0.1,-0.4765,7.678,-0.17099999999999999,309.4,0.1,-0.745,7.6259999999999994,-0.1945,309.145,0.1,-0.5625,7.6625,0.0305,309.103,0.1,-0.3095,7.580500000000001,0.1045,309.091,0.1,-0.35350000000000004,7.615500000000001,0.0165,309.113,0.1,-0.181,7.6370000000000005,-0.30200000000000005,309.054,0.1,0.3675,7.1795,-0.0805,308.837,0.1,0.6335,6.9,-0.077,308.585,0.1,
0.3125,7.602,-0.17099999999999999,309.388,0.1,0.18,7.3165,-0.655,309.495,0.1,0.46349999999999997,6.5115,-0.21450000000000002,309.283,0.1,0.792,6.0115,-0.148,309.111,0.1,0.899,6.8355,-0.10849999999999999,309.24,0.1,0.8225,7.452,0.157,309.482,0.1,0.419,8.172,-0.0685,309.753,0.1,-0.17350000000000002,7.806,-0.1185,309.619,0.1,-0.611,7.649,-0.0645,309.354,0.1,-0.7825,7.7065,-0.16899999999999998,308.926,0.1,-0.6965,7.645,-0.0455,308.713,0.1,-0.768,7.227,0.197,308.883,0.1,-1.1955,7.2065,0.1445,309.043,0.1,-0.968,7.3455,-0.405,308.86,0.1,0.488,7.251,0.777,308.123,0.1,1.6669999999999998,7.291,0.7184999999999999,307.899,0.161,
-0.1735,7.4435,-0.4325,309.397,0.1,-0.15100000000000002,6.9915,-0.6950000000000001,308.969,0.1,0.9494999999999999,6.455,1.7625000000000002,308.34,0.47,1.9549999999999998,6.156499999999999,0.8175,308.192,0.326,1.8379999999999999,6.6579999999999995,-0.3295,308.771,0.1,1.1005,7.656499999999999,-0.04,309.193,0.1,0.319,7.897,-0.004,309.572,0.1,-0.12100000000000001,7.7625,0.0975,309.441,0.1,-0.305,7.916,-0.0525,309.53,0.1,-0.578,7.8605,-0.1765,309.194,0.1,-0.88,7.665,-0.17049999999999998,308.586,0.1,-1.222,7.192,0.3215,308.546,0.1,-1.604,7.1455,0.174,308.725,0.1,-1.2405,7.508,-0.3605,308.358,0.1,0.3685,7.97,1.2295,307.777,0.169,1.8559999999999999,7.9365000000000006,0.8775,307.696,0.152,
-0.6705,7.550000000000001,-0.40249999999999997,309.039,0.1,-0.48550000000000004,7.356,-0.037,308.252,0.1,1.0715000000000001,7.129,3.127,308.092,0.27,2.558,7.102,1.4285,307.89,0.591,2.243,7.148,-0.446,308.615,0.1,1.0015,7.98,-0.3165,309.209,0.1,0.4265,8.025500000000001,0.074,309.371,0.1,0.38849999999999996,8.150500000000001,0.166,309.36,0.1,0.09449999999999999,7.8215,0.0725,309.532,0.1,-0.40700000000000003,7.849,-0.068,309.529,0.1,-0.8919999999999999,7.7375,-0.135,308.788,0.1,-1.315,7.524,0.25,308.416,0.101,-1.596,7.396,0.127,308.642,0.1,-1.245,7.821999999999999,-0.23149999999999998,308.262,0.1,0.035499999999999976,8.677,0.727,307.597,0.122,1.385,8.415,0.40449999999999997,307.686,0.106,
-0.8180000000000001,7.698,-0.16499999999999998,308.615,0.1,-0.6655,7.752,0.257,307.931,0.122,0.7325,7.577,2.224,308.05,0.16,2.2335000000000003,7.556,1.3045,307.863,0.538,2.0060000000000002,7.464,-0.32,308.545,0.1,0.9239999999999999,8.117,-0.3825,309.285,0.1,0.5215000000000001,8.239,-0.0155,309.345,0.1,0.516,8.388,0.035500000000000004,309.258,0.103,0.399,7.607,0.7549999999999999,308.905,0.1,0.0315,7.794,0.002999999999999999,309.302,0.1,-0.5665,7.808,-0.11149999999999999,309.085,0.1,-1.1215,7.74,0.01,308.739,0.1,-1.3685,7.559,0.0445,308.94,0.1,-0.9944999999999999,7.959,-0.0315,308.683,0.1,-0.1835,8.936,0.0895,307.942,0.1,0.6224999999999999,8.615,-0.141,308.109,0.1,
0.54,7.823499999999999,-0.161,309.472,0.1,0.5785,8.4015,-0.0825,309.665,0.1,0.486,8.4105,-0.10300000000000001,309.807,0.1,0.3995,8.363,0.0015000000000000013,309.688,0.1,0.4135,8.334499999999998,0.07100000000000001,309.488,0.1,0.1535,8.0735,0.10800000000000001,309.482,0.1,-0.175,7.872999999999999,-0.0305,309.859,0.1,0.10450000000000001,8.3995,-0.10350000000000001,309.526,0.1,0.4425,8.5185,0.145,309.349,0.1,0.253,8.3765,-0.097,309.503,0.1,-0.034,8.048,0.061,309.196,0.1,0.0665,7.509,0.1655,308.965,0.1,0.406,7.8545,0.486,308.558,0.114,0.24000000000000002,7.891,-0.1945,309.215,0.1,-0.2835,7.991999999999999,-0.20350000000000001,309.825,0.1,-0.429,8.1385,-0.048,309.614,0.1,
0.8165,7.136,-0.155,309.103,0.1,0.7095,7.9225,-0.07050000000000001,309.578,0.1,0.5705,8.3345,-0.045,309.682,0.1,0.44799999999999995,8.363499999999998,0.023,309.706,0.1,0.4505,8.366499999999998,0.022,309.542,0.1,0.486,8.276,0.037000000000000005,309.346,0.1,0.385,7.9905,0.08449999999999999,309.518,0.1,0.27249999999999996,7.961499999999999,-0.11299999999999999,309.715,0.1,0.1575,8.0985,-0.028,309.544,0.1,-0.045,7.9445,-0.21050000000000002,309.532,0.1,-0.063,7.928,-0.0205,309.172,0.1,0.24300000000000002,7.8685,0.222,308.995,0.1,0.4285,8.159500000000001,0.147,308.962,0.1,0.10600000000000001,7.881,-0.1825,309.587,0.1,-0.3165,7.8465,-0.002999999999999999,309.749,0.1,-0.4285,8.035499999999999,0.0175,309.698,0.1,
0.9435,6.891,-0.176,309.243,0.102,0.626,7.5600000000000005,-0.11499999999999999,309.478,0.1,0.39749999999999996,8.274999999999999,-0.043,309.731,0.1,0.278,8.3515,0.0155,309.762,0.1,0.24,8.253,-0.033,309.65,0.1,0.272,8.2485,-0.1145,309.504,0.1,0.22799999999999998,8.035,-0.0375,309.342,0.1,0.020499999999999997,7.5489999999999995,-0.0375,309.455,0.1,-0.1925,7.3445,-0.2565,309.362,0.1,-0.20750000000000002,7.061999999999999,-0.346,309.397,0.1,0.035,7.366,-0.046,309.186,0.1,0.303,7.965999999999999,0.031,309.18,0.1,0.29100000000000004,8.1935,-0.128,309.38,0.1,0.023000000000000007,7.8465,-0.0895,309.552,0.1,-0.244,7.7844999999999995,0.0545,309.537,0.1,-0.4105,7.8454999999999995,0.0655,309.639,0.1,
0.9635,7.085,0.006499999999999999,309.459,0.102,0.40800000000000003,7.4695,-0.1755,309.454,0.1,0.10600000000000001,8.114,-0.040999999999999995,309.839,0.1,0.035,8.339,0.0445,309.744,0.1,-0.053500000000000006,8.15,-0.034999999999999996,309.766,0.1,-0.238,8.0745,-0.1295,309.681,0.1,-0.5115000000000001,7.9485,-0.1835,309.372,0.1,-0.8545,7.3149999999999995,-0.1605,309.116,0.1,-0.8045,6.8235,-0.47650000000000003,308.913,0.1,-0.12749999999999997,6.5169999999999995,0.336,308.628,0.116,0.41100000000000003,6.8505,0.108,308.831,0.106,0.3895,7.802,-0.271,309.35,0.1,0.17200000000000001,8.0765,-0.199,309.478,0.1,-0.031,7.801,-0.024999999999999998,309.311,0.1,-0.2315,7.76,0.051000000000000004,309.338,0.1,-0.395,7.672000000000001,0.1015,309.5,0.1,
1.0435,7.6815,0.532,308.914,0.104,0.422,7.6485,-0.194,309.509,0.1,0.039999999999999994,7.833,-0.043000000000000003,309.865,0.1,-0.042,8.028500000000001,-0.10500000000000001,309.919,0.1,-0.1865,8.016,-0.0765,309.938,0.1,-0.5155,7.986,-0.051500000000000004,309.792,0.1,-1.059,7.907,-0.1435,309.466,0.1,-1.6059999999999999,7.3045,-0.3395,308.964,0.1,-1.274,6.794499999999999,-0.3755,308.383,0.101,0.10800000000000004,6.792,1.5539999999999998,307.909,0.664,0.887,6.9864999999999995,0.2375,308.367,0.164,0.506,7.676500000000001,-0.5375,309.435,0.1,0.106,7.9385,-0.1725,309.421,0.1,-0.0265,7.8175,-0.0235,309.151,0.1,-0.21999999999999997,7.77,0.0335,309.219,0.1,-0.3245,7.5855,0.136,309.349,0.1,
0.7885,8.3845,0.6735,308.531,0.128,0.47000000000000003,7.871,-0.191,309.55,0.1,0.1365,7.593999999999999,0.0175,309.667,0.1,0.0905,7.388999999999999,-0.0405,309.755,0.1,-0.03300000000000001,7.574,-0.152,309.855,0.1,-0.365,7.640000000000001,-0.096,309.834,0.1,-0.9550000000000001,7.9135,-0.046,309.537,0.1,-1.5215,7.564,-0.3275,309.006,0.1,-1.0085,7.249,-0.11199999999999999,308.124,0.102,0.6174999999999999,7.509,1.943,307.751,1.283,1.297,7.64,0.14600000000000002,308.167,0.137,0.5735,7.7165,-0.5755,309.476,0.1,0.0585,7.891,-0.10500000000000001,309.441,0.1,-0.039,7.854,-0.0635,309.286,0.1,-0.192,7.784000000000001,-0.0325,309.281,0.1,-0.1565,7.649,0.28900000000000003,309.091,0.1,
0.0945,8.6175,0.21800000000000003,308.86,0.1,0.023499999999999993,7.99,-0.1345,309.368,0.1,-0.10400000000000001,7.6905,0.192,309.122,0.1,0.13949999999999999,7.2875,0.47800000000000004,308.896,0.1,0.2515,7.2095,0.0025,309.205,0.1,0.102,7.122999999999999,0.22999999999999998,309.307,0.1,-0.3745,7.9025,-0.053500000000000006,309.407,0.1,-0.9455,7.961500000000001,-0.1555,309.08,0.1,-0.44599999999999995,7.935,-0.013,308.251,0.102,0.9545,8.1455,1.2595,307.772,0.707,1.2690000000000001,8.247499999999999,-0.0245,308.316,0.101,0.47950000000000004,7.8635,-0.351,309.58,0.1,0.108,7.923,-0.0025,309.564,0.1,0.041499999999999995,7.823,-0.0475,309.515,0.1,-0.076,7.6965,-0.057,309.48,0.1,0.024500000000000008,7.768,0.28600000000000003,309.053,0.1,
-0.7165,8.357,-0.061,309.395,0.1,-0.8135,8.03,-0.059500000000000004,309.213,0.1,-0.733,8.0535,0.1755,308.622,0.1,-0.2695,7.9915,0.585,308.321,0.1,0.21200000000000002,7.5655,0.20850000000000002,308.559,0.1,0.5955,7.3385,0.771,308.572,0.138,0.2865,8.0075,-0.094,309.252,0.1,-0.4405,8.238,-0.0335,309.262,0.1,-0.2535,8.391,-0.07500000000000001,308.805,0.1,0.6035,8.491,0.518,308.146,0.35,0.6799999999999999,8.5115,-0.0315,308.941,0.102,0.2215,8.031500000000001,-0.0845,309.731,0.1,0.1985,7.9785,0.0445,309.652,0.1,0.281,7.8355,0.0115,309.475,0.1,0.1775,7.598,0.154,309.277,0.117,0.099,7.7725,0.0825,309.208,0.1,
-0.862,8.059000000000001,0.0415,309.6,0.1,-1.2035,7.9845,-0.063,309.362,0.1,-1.192,8.197,-0.13,308.89,0.1,-0.7165,8.5295,0.091,308.423,0.109,-0.02400000000000002,8.263,0.061000000000000006,308.56,0.101,0.6645,8.14,0.5575,308.546,0.105,0.499,8.1965,-0.07300000000000001,309.38,0.11,-0.2515,8.276,-0.038,309.578,0.1,-0.4125,8.4,-0.1315,309.531,0.1,-0.022999999999999993,8.5045,0.1785,309.004,0.102,0.0485,8.471,0.022,309.569,0.1,-0.1115,8.133,-0.031,309.899,0.1,-0.008,8.0735,-0.11699999999999999,309.601,0.1,0.252,8.043,0.0225,309.031,0.1,0.392,7.833,0.4675,308.669,0.109,0.2445,7.871,0.07,309.072,0.1,
-0.30200000000000005,7.955,0.1185,309.531,0.1,-0.714,7.9085,-0.0315,309.485,0.1,-0.921,8.109,-0.16649999999999998,309.461,0.1,-0.7190000000000001,8.396,-0.2185,309.295,0.1,-0.256,8.464,-0.1815,309.37,0.1,0.258,8.408999999999999,-0.028,309.389,0.1,0.2635,8.246500000000001,-0.0305,309.595,0.103,-0.1825,8.195,-0.11000000000000001,309.812,0.1,-0.427,8.1555,-0.121,309.887,0.1,-0.3655,8.19,-0.034,309.695,0.1,-0.31,8.1945,-0.0505,309.923,0.1,-0.275,8.073,-0.1095,309.932,0.1,-0.14650000000000002,8.0985,-0.3085,309.464,0.1,0.151,8.2275,-0.0075,308.645,0.113,0.34450000000000003,8.16,0.3765,308.552,0.101,0.1855,7.969,-0.024999999999999998,309.102,0.1,
0.15,7.9785,0.067,309.476,0.1,-0.0835,7.96,0.1365,309.389,0.1,-0.3125,7.9685,0.014499999999999999,309.572,0.1,-0.4125,7.922000000000001,-0.1215,309.921,0.1,-0.3425,8.1045,-0.1005,310.052,0.1,-0.1095,7.9575,-0.15050000000000002,310.063,0.1,0.02,8.151,-0.051,309.745,0.1,-0.144,8.119,-0.14350000000000002,309.871,0.1,-0.38649999999999995,7.89,-0.11349999999999999,309.826,0.1,-0.5055000000000001,7.785500000000001,-0.16649999999999998,309.781,0.1,-0.3785,7.8294999999999995,-0.0495,309.803,0.1,-0.127,7.8149999999999995,-0.026500000000000003,309.666,0.1,-0.002999999999999999,7.8549999999999995,-0.1685,309.321,0.1,0.08299999999999999,7.993,-0.08249999999999999,308.979,0.1,0.024499999999999994,7.8645000000000005,-0.1265,309.18,0.1,-0.1535,7.497999999999999,-0.353,309.381,0.1,
0.261,8.005500000000001,0.0395,309.563,0.1,0.1595,7.9305,0.0014999999999999996,309.55,0.1,-0.0505,7.3625,-0.381,309.873,0.1,-0.0945,7.0975,-0.21850000000000003,309.941,0.1,0.023000000000000003,7.53,0.066,309.955,0.1,0.125,7.504,0.08750000000000001,310.026,0.1,0.0935,8.049,-0.08549999999999999,309.871,0.1,-0.156,7.973000000000001,-0.1325,309.87,0.1,-0.49450000000000005,7.693,-0.11099999999999999,309.68,0.1,-0.6495,7.618,-0.1515,309.495,0.1,-0.4255,7.6055,0.0395,309.355,0.1,-0.1915,7.423,0.14150000000000001,309.308,0.1,-0.28700000000000003,7.3895,0.11800000000000001,309.338,0.1,-0.228,7.451,-0.242,309.467,0.1,0.10550000000000001,7.1884999999999994,-0.16499999999999998,309.299,0.1,0.229,6.878,-0.141,308.954,0.1,
0.199,7.8580000000000005,-0.10550000000000001,309.731,0.1,0.0625,7.4625,-0.5565,309.811,0.1,0.132,6.484999999999999,-0.246,309.616,0.1,0.362,6.1995000000000005,-0.1565,309.469,0.1,0.587,7.029,-0.0395,309.491,0.1,0.611,7.4965,0.197,309.633,0.1,0.2755,7.973,-0.0515,309.871,0.1,-0.19799999999999998,7.7585,-0.0615,309.822,0.1,-0.5765,7.659,-0.044,309.719,0.1,-0.7455,7.677,-0.1395,309.341,0.1,-0.667,7.572,-0.026999999999999996,308.989,0.1,-0.735,7.1065000000000005,0.23249999999999998,309.099,0.1,-1.1045,7.0215,0.2195,309.36,0.1,-0.874,7.1555,-0.3845,309.25,0.1,0.3544999999999999,7.1265,0.5665,308.435,0.1,1.2149999999999999,7.026,0.5155,308.195,0.139,
-0.2815,7.527,-0.35350000000000004,309.658,0.1,-0.26799999999999996,6.9925,-0.6495,309.231,0.1,0.729,6.355,1.5630000000000002,308.496,0.336,1.464,6.1955,0.606,308.559,0.245,1.3115,6.955,-0.2905,309.189,0.1,0.841,7.803,0.0195,309.413,0.1,0.2985,7.9495000000000005,0.0395,309.713,0.1,-0.10300000000000001,7.747,0.10450000000000001,309.748,0.1,-0.3765,7.7435,-0.0115,309.842,0.1,-0.679,7.7275,-0.1395,309.557,0.1,-0.9359999999999999,7.6185,-0.14750000000000002,308.95,0.1,-1.2405,7.1505,0.3025,308.898,0.1,-1.6275,7.0035,0.20450000000000002,309.216,0.1,-1.2730000000000001,7.3125,-0.3895,308.773,0.1,0.31700000000000006,7.852,0.978,307.814,0.144,1.6335000000000002,7.7595,0.679,307.945,0.133,
-0.946,7.404,-0.35750000000000004,309.217,0.1,-0.658,7.25,-0.0905,308.342,0.1,1.0230000000000001,7.1295,2.8754999999999997,308.059,0.266,2.268,7.02,1.147,308.04,0.421,1.795,7.3309999999999995,-0.4165,309.045,0.1,0.784,8.097,-0.21200000000000002,309.454,0.1,0.3175,8.0845,0.10250000000000001,309.612,0.1,0.20700000000000002,7.9895,0.1685,309.709,0.1,-0.036000000000000004,7.666,0.105,309.778,0.1,-0.4735,7.6855,-0.018,309.777,0.1,-0.9245,7.698,-0.11549999999999999,309.209,0.1,-1.311,7.5055,0.22599999999999998,308.882,0.1,-1.6365,7.236,0.1555,309.208,0.1,-1.2925,7.5835,-0.262,308.767,0.1,0.10149999999999998,8.581499999999998,0.5405,307.811,0.114,1.359,8.4015,0.2975,308.116,0.104,
-1.2530000000000001,7.465,-0.149,308.881,0.1,-0.862,7.615,0.1745,307.986,0.114,0.7739999999999999,7.663,2.0155000000000003,307.909,0.161,2.174,7.503,1.0474999999999999,307.95,0.386,1.7865000000000002,7.591,-0.304,308.93,0.1,0.7295,8.203,-0.2575,309.525,0.1,0.27699999999999997,8.206,0.0355,309.592,0.1,0.24,8.142,0.0785,309.53,0.102,0.2685,7.547,0.633,309.23,0.1,0.02850000000000001,7.649,0.058499999999999996,309.525,0.1,-0.4995,7.75,-0.0505,309.452,0.1,-0.9890000000000001,7.716,0.04,309.197,0.1,-1.2655,7.377,0.08299999999999999,309.43,0.1,-0.9510000000000001,7.684,-0.0465,309.225,0.1,-0.08100000000000002,8.822,0.0225,308.477,0.1,0.658,8.64,-0.141,308.647,0.1,
0.33599999999999997,7.743,-0.064,309.827,0.1,0.1685,8.0615,-0.048,310.154,0.1,0.049,8.008,-0.061,310.14,0.1,0.0435,8.217500000000001,0.035,310.013,0.1,0.1205,8.221499999999999,0.0635,309.878,0.1,0.04200000000000001,8.041,0.11649999999999999,309.776,0.1,-0.2405,7.7044999999999995,0.0305,310.104,0.1,-0.261,8.0585,-0.107,310.081,0.1,-0.0655,8.2835,0.0685,309.853,0.1,-0.064,8.1975,-0.03,309.734,0.1,-0.2345,7.923500000000001,0.0895,309.464,0.1,-0.2845,7.619,0.10650000000000001,309.611,0.1,-0.217,7.7695,0.3285,309.393,0.106,-0.489,7.6615,-0.16399999999999998,310.118,0.1,-0.8029999999999999,7.639,-0.11299999999999999,310.316,0.1,-0.6755,7.916,-0.003999999999999999,310.039,0.1,
0.47550000000000003,7.5525,-0.0765,309.567,0.1,0.3095,7.8575,-0.004500000000000002,310.037,0.1,0.1835,8.145,0.0014999999999999996,310.049,0.1,0.0875,8.304,0.055999999999999994,310.037,0.1,0.035,8.285,0.036,309.934,0.1,0.11249999999999999,8.228,0.0305,309.76,0.1,0.13949999999999999,7.965999999999999,0.1005,309.763,0.1,0.0435,7.896000000000001,-0.0355,310.03,0.1,-0.10300000000000001,8.102,0.028,309.856,0.1,-0.173,8.144,-0.113,309.772,0.1,-0.0975,8.0765,0.0085,309.521,0.1,-0.054000000000000006,7.84,0.1465,309.659,0.1,-0.252,7.8934999999999995,0.0775,309.796,0.1,-0.5865,7.508,-0.135,310.241,0.1,-0.6515,7.6065000000000005,0.069,310.102,0.1,-0.5409999999999999,7.8045,0.0605,310.077,0.1,
0.191,7.471500000000001,-0.15100000000000002,309.987,0.101,0.1745,7.7125,-0.041999999999999996,309.908,0.1,0.049999999999999996,8.152,0.008,310.115,0.1,-0.08549999999999999,8.222000000000001,0.034,310.092,0.1,-0.16649999999999998,8.176,-0.0034999999999999996,310.023,0.1,-0.08,8.17,-0.0875,309.901,0.1,0.08399999999999999,8.041,-0.015,309.613,0.1,0.039999999999999994,7.6335,0.0395,309.694,0.1,-0.2505,7.4925,-0.1565,309.674,0.1,-0.3865,7.3165,-0.32,309.815,0.1,-0.11900000000000001,7.694,-0.055,309.619,0.1,0.0325,7.9510000000000005,0.0215,309.722,0.1,-0.235,7.846,-0.118,309.966,0.1,-0.46599999999999997,7.5625,-0.045,309.934,0.1,-0.474,7.705,0.1015,309.878,0.1,-0.47350000000000003,7.676,0.109,309.967,0.1,
0.005499999999999991,7.473000000000001,-0.041999999999999996,310.321,0.101,-0.1345,7.7935,-0.11050000000000001,309.939,0.1,-0.1985,8.096,0.0185,310.222,0.1,-0.28900000000000003,8.179,0.0625,310.133,0.1,-0.372,7.9905,-0.017,310.133,0.1,-0.426,7.9595,-0.097,309.984,0.1,-0.504,7.794499999999999,-0.135,309.624,0.1,-0.7264999999999999,7.2625,-0.092,309.354,0.1,-0.7170000000000001,6.9445,-0.4155,309.351,0.1,-0.30050000000000004,6.526999999999999,0.20400000000000001,309.096,0.107,0.0255,7.0120000000000005,0.011,309.349,0.103,0.005999999999999998,7.8995,-0.215,309.817,0.1,-0.164,7.8405000000000005,-0.14650000000000002,309.796,0.1,-0.28200000000000003,7.731,0.005999999999999999,309.582,0.1,-0.404,7.7705,0.0775,309.69,0.1,-0.4625,7.6129999999999995,0.14850000000000002,309.818,0.1,
0.328,7.808,0.37,309.67,0.102,-0.15350000000000003,7.9685,-0.14700000000000002,310.163,0.1,-0.2725,7.955,0.028499999999999998,310.237,0.1,-0.312,7.992,-0.043,310.282,0.1,-0.459,7.766,-0.031,310.192,0.1,-0.7125,7.802,-0.0035000000000000014,309.986,0.1,-1.1520000000000001,7.576499999999999,-0.0845,309.674,0.1,-1.6435,7.106,-0.274,309.259,0.1,-1.1985000000000001,6.8735,-0.3865,308.796,0.101,0.11399999999999999,6.7085,1.3065,308.056,0.367,0.5105,6.885,0.0715,308.86,0.129,0.02149999999999999,7.7745,-0.442,309.885,0.1,-0.14550000000000002,7.88,-0.114,309.632,0.1,-0.1485,7.8614999999999995,-0.016,309.44,0.1,-0.3345,7.8035,0.0585,309.556,0.1,-0.36650000000000005,7.639,0.16449999999999998,309.715,0.1,
0.40349999999999997,8.232,0.4805,309.217,0.113,-0.08250000000000002,7.895,-0.1515,310.214,0.1,-0.20500000000000002,7.6765,0.067,309.928,0.1,-0.19,7.4435,-0.035500000000000004,310.011,0.1,-0.34099999999999997,7.398,-0.0765,309.975,0.1,-0.6665,7.5455000000000005,-0.009000000000000001,309.935,0.1,-1.254,7.657,0.0215,309.692,0.1,-1.8025000000000002,7.3925,-0.261,309.358,0.1,-1.118,7.3095,-0.1855,308.473,0.101,0.6085,7.569,1.6675,307.746,1.183,0.9625,7.466,-0.008,308.628,0.116,0.08900000000000002,7.676,-0.4665,309.913,0.1,-0.16949999999999998,7.869,-0.067,309.662,0.1,-0.152,7.8255,-0.0695,309.6,0.1,-0.2965,7.79,0.022,309.621,0.1,-0.1995,7.751,0.245,309.572,0.1,
-0.402,8.1375,0.1175,309.649,0.1,-0.525,7.713,-0.08449999999999999,309.838,0.1,-0.35600000000000004,7.5725,0.15949999999999998,309.288,0.1,-0.08750000000000001,7.2085,0.3325,309.089,0.1,-0.026,7.2135,0.009000000000000001,309.408,0.1,-0.2185,7.3225,0.2,309.543,0.1,-0.7789999999999999,7.949,-0.002,309.622,0.1,-1.3575,7.9495,-0.079,309.436,0.1,-0.6965,7.958500000000001,-0.0875,308.689,0.101,0.8145,8.3585,1.0365,307.798,0.39,0.8700000000000001,8.038,-0.10350000000000001,308.838,0.101,-0.0040000000000000036,7.6295,-0.2655,309.997,0.1,-0.1395,7.794499999999999,0.006999999999999999,309.788,0.1,-0.124,7.6739999999999995,-0.0485,309.78,0.1,-0.2445,7.6455,0.0145,309.767,0.1,-0.125,7.8025,0.212,309.607,0.1,
-1.323,7.7255,-0.066,310.03,0.1,-1.264,7.7325,0.011499999999999998,309.563,0.1,-0.8474999999999999,7.7705,0.11599999999999999,308.98,0.1,-0.2765,7.721,0.41200000000000003,308.619,0.1,0.17250000000000001,7.652,0.1235,308.999,0.1,0.376,7.737,0.5565,309.015,0.117,-0.07650000000000001,8.2545,-0.087,309.63,0.1,-0.802,8.354,0.0525,309.619,0.1,-0.5770000000000001,8.277000000000001,-0.0865,309.362,0.1,0.2185,8.583,0.3695,308.552,0.213,0.10700000000000001,8.145,-0.0605,309.549,0.101,-0.272,7.6995000000000005,-0.036500000000000005,310.076,0.1,-0.079,7.8145,0.033,309.85,0.1,0.076,7.681,0.006500000000000001,309.668,0.1,-0.0020000000000000018,7.5555,0.14300000000000002,309.544,0.107,-0.10250000000000001,7.720000000000001,0.056,309.699,0.1,
-1.1475,7.5815,0.066,309.972,0.1,-1.355,7.798,0.0175,309.717,0.1,-1.1445,7.8255,-0.127,309.547,0.1,-0.5155,8.147,0.017,309.105,0.104,0.1195,8.2445,-0.014999999999999998,309.268,0.101,0.49250000000000005,8.388,0.34750000000000003,309.218,0.102,0.21350000000000002,8.363499999999998,-0.089,309.872,0.104,-0.432,8.326,0.0405,309.92,0.1,-0.6970000000000001,8.0485,-0.0885,310.044,0.1,-0.585,8.222,0.0885,309.653,0.101,-0.5609999999999999,8.0195,0.019,310.103,0.1,-0.45999999999999996,7.9025,-0.004,310.183,0.1,-0.1635,8.003,-0.1275,309.856,0.1,0.1255,7.945,-0.012,309.27,0.1,0.243,7.8755,0.34750000000000003,309.034,0.104,0.07,7.8695,0.095,309.48,0.1,
-0.2545,7.734,0.136,309.77,0.1,-0.5349999999999999,7.808,0.0225,309.782,0.1,-0.706,7.736000000000001,-0.1305,310.094,0.1,-0.5489999999999999,7.888,-0.2135,310.104,0.1,-0.2655,8.201,-0.1875,310.086,0.1,-0.0555,8.258,-0.0945,310.068,0.1,-0.068,8.1785,-0.0525,310.071,0.101,-0.34450000000000003,8.007,-0.0535,310.093,0.1,-0.681,7.701499999999999,-0.0625,310.173,0.1,-0.8095,7.765000000000001,-0.046,310.173,0.1,-0.6205,7.893,-0.0205,310.286,0.1,-0.313,7.9879999999999995,-0.0955,310.239,0.1,-0.14049999999999999,8.0535,-0.2915,309.815,0.1,0.0,8.1205,-0.0405,309.027,0.105,0.0945,8.29,0.29000000000000004,308.946,0.1,0.034,8.1575,0.058499999999999996,309.433,0.1,
0.157,7.973,0.08199999999999999,309.735,0.1,0.129,7.9985,0.154,309.664,0.1,-0.074,7.7835,0.0815,309.988,0.1,-0.3715,7.452999999999999,-0.0665,310.439,0.1,-0.5065,7.6935,-0.056999999999999995,310.486,0.1,-0.449,7.586,-0.1105,310.429,0.1,-0.3695,7.853,-0.088,310.13,0.1,-0.415,7.763,-0.0945,310.081,0.1,-0.5625,7.634,-0.0475,310.013,0.1,-0.6154999999999999,7.583,-0.121,310.082,0.1,-0.32599999999999996,7.7235,-0.024,310.085,0.1,0.025,7.723,-0.016,309.973,0.1,0.0325,7.7005,-0.10400000000000001,309.624,0.1,-0.1265,7.8345,-0.055999999999999994,309.417,0.1,-0.3035,8.0015,-0.135,309.574,0.1,-0.3575,7.742000000000001,-0.2665,309.676,0.1,
0.1115,8.195,0.067,309.891,0.1,0.1395,8.1055,0.049,309.857,0.1,-0.10900000000000001,7.378,-0.28300000000000003,310.17,0.1,-0.24,7.016,-0.119,310.215,0.1,-0.148,7.338,0.132,310.148,0.1,-0.11349999999999999,7.2895,0.137,310.16,0.1,-0.2365,7.674,-0.11099999999999999,310.113,0.1,-0.378,7.7125,-0.068,310.035,0.1,-0.512,7.7075,-0.0555,309.961,0.1,-0.5535,7.61,-0.111,309.846,0.1,-0.28900000000000003,7.548500000000001,0.044,309.607,0.1,-0.07350000000000001,7.265000000000001,0.174,309.526,0.1,-0.2205,7.1635,0.21600000000000003,309.562,0.1,-0.276,7.265499999999999,-0.1815,309.879,0.1,-0.1575,7.197,-0.2395,309.76,0.1,-0.176,6.8565000000000005,-0.1935,309.322,0.1,
0.086,8.1135,-0.0455,310.073,0.1,-0.055499999999999994,7.608,-0.4575,310.127,0.1,-0.2,6.458,-0.271,309.949,0.1,-0.0685,6.3875,-0.1585,309.828,0.1,0.2745,7.2225,0.022500000000000003,309.742,0.1,0.399,7.5405,0.22699999999999998,309.784,0.1,0.1315,7.7745,-0.032,309.989,0.1,-0.2225,7.712,-0.009000000000000001,310.026,0.1,-0.5425,7.668,-0.0225,310.083,0.1,-0.709,7.648,-0.1105,309.755,0.1,-0.6379999999999999,7.4990000000000006,-0.012499999999999999,309.264,0.1,-0.7024999999999999,6.9855,0.2625,309.315,0.1,-1.013,6.836,0.2905,309.677,0.1,-0.779,6.9665,-0.3625,309.641,0.1,0.22099999999999997,7.002,0.36150000000000004,308.747,0.1,0.7625,6.7605,0.324,308.49,0.117,
-0.39,7.6105,-0.272,309.918,0.1,-0.3855,6.993,-0.602,309.492,0.1,0.5085000000000001,6.254,1.358,308.652,0.203,0.9730000000000001,6.234500000000001,0.4105,308.926,0.163,0.7845,7.2524999999999995,-0.2475,309.607,0.1,0.5820000000000001,7.9495,0.07050000000000001,309.633,0.1,0.27799999999999997,8.002500000000001,0.08,309.854,0.1,-0.08549999999999999,7.7315000000000005,0.111,310.055,0.1,-0.4475,7.57,0.0245,310.154,0.1,-0.78,7.593999999999999,-0.1035,309.92,0.1,-0.992,7.572,-0.1235,309.314,0.1,-1.258,7.109500000000001,0.28300000000000003,309.249,0.1,-1.651,6.8605,0.23349999999999999,309.708,0.1,-1.306,7.1175,-0.41300000000000003,309.188,0.1,0.2655,7.734,0.73,307.852,0.12,1.411,7.582000000000001,0.4855,308.195,0.115,
-1.2205,7.2575,-0.30700000000000005,309.395,0.1,-0.83,7.1434999999999995,-0.14300000000000002,308.432,0.1,0.9740000000000001,7.1295,2.6100000000000003,308.026,0.261,1.977,6.9375,0.877,308.19,0.25,1.347,7.513999999999999,-0.3805,309.475,0.1,0.5670000000000001,8.213999999999999,-0.1135,309.698,0.1,0.20800000000000002,8.1435,0.1295,309.853,0.1,0.024500000000000004,7.8275,0.1695,310.057,0.1,-0.16649999999999998,7.5095,0.1305,310.024,0.1,-0.5395,7.5215,0.027,310.026,0.1,-0.957,7.6585,-0.093,309.631,0.1,-1.3075,7.487,0.203,309.348,0.1,-1.677,7.075,0.181,309.773,0.1,-1.3395000000000001,7.3445,-0.28700000000000003,309.273,0.1,0.16699999999999993,8.4865,0.359,308.024,0.106,1.3325,8.3885,0.191,308.546,0.102,
-1.689,7.231,-0.131,309.147,0.1,-1.0585,7.478,0.0935,308.042,0.106,0.8160000000000001,7.749,1.7995,307.768,0.162,2.1145,7.449,0.7985,308.038,0.233,1.567,7.718,-0.28200000000000003,309.314,0.1,0.535,8.289,-0.137,309.764,0.1,0.032999999999999995,8.173,0.08449999999999999,309.84,0.1,-0.035500000000000004,7.895,0.11800000000000001,309.802,0.101,0.1375,7.486,0.5155,309.556,0.1,0.02500000000000001,7.504,0.1065,309.749,0.1,-0.43300000000000005,7.692,0.0075000000000000015,309.819,0.1,-0.8575,7.691,0.068,309.654,0.1,-1.1635,7.194,0.11649999999999999,309.92,0.1,-0.9075,7.408,-0.059,309.767,0.1,0.021999999999999964,8.709,-0.040999999999999995,309.013,0.1,0.6935,8.666,-0.141,309.185,0.1,
0.030499999999999992,7.6225,-0.009000000000000001,310.2,0.1,-0.2565,7.7415,-0.0165,310.599,0.1,-0.396,7.658,-0.0345,310.479,0.1,-0.35450000000000004,8.029,0.052000000000000005,310.349,0.1,-0.2355,8.057500000000001,0.057999999999999996,310.263,0.1,-0.16699999999999998,7.9515,0.108,310.104,0.1,-0.377,7.5555,0.064,310.37,0.1,-0.5965,7.747999999999999,-0.098,310.573,0.1,-0.518,8.019,0.0205,310.323,0.1,-0.39,7.978999999999999,0.004999999999999999,310.022,0.1,-0.46699999999999997,7.759,0.08549999999999999,309.813,0.1,-0.6185,7.618499999999999,0.07150000000000001,310.197,0.1,-0.751,7.6015,0.2215,310.131,0.1,-1.07,7.4030000000000005,-0.1205,310.836,0.1,-1.206,7.319,-0.055999999999999994,310.739,0.1,-0.8955000000000001,7.645,0.0105,310.442,0.1,
0.058,7.7895,-0.034,310.04,0.1,-0.1155,7.752000000000001,0.039,310.465,0.1,-0.23,7.912000000000001,0.028,310.415,0.1,-0.3095,8.148,0.07999999999999999,310.371,0.1,-0.3925,8.113,0.05,310.323,0.1,-0.28200000000000003,8.088000000000001,0.0205,310.176,0.1,-0.1565,7.873,0.0925,310.06,0.1,-0.22349999999999998,7.7785,0.018,310.345,0.1,-0.372,8.022499999999999,0.0775,310.174,0.1,-0.351,8.198,-0.037500000000000006,310.054,0.1,-0.2275,8.092500000000001,0.01,309.911,0.1,-0.369,7.7515,0.0965,310.245,0.1,-0.8115,7.621,0.042499999999999996,310.492,0.1,-1.1275,7.1845,-0.0925,310.773,0.1,-0.9444999999999999,7.3565000000000005,0.0985,310.447,0.1,-0.6735,7.537000000000001,0.081,310.435,0.1,
-0.49450000000000005,7.8195,-0.1145,310.635,0.1,-0.2865,7.763,-0.0004999999999999996,310.327,0.1,-0.3235,7.958500000000001,0.04,310.483,0.1,-0.4625,8.0145,0.0505,310.426,0.1,-0.5635,8.007,0.023,310.395,0.1,-0.4405,8.006499999999999,-0.0675,310.294,0.1,-0.1435,7.956,-0.0085,309.933,0.1,-0.0655,7.644500000000001,0.0955,309.969,0.1,-0.3795,7.5695,-0.0675,310.023,0.1,-0.5885,7.4855,-0.272,310.231,0.1,-0.329,7.873,-0.051000000000000004,310.047,0.1,-0.274,7.8629999999999995,0.014,310.217,0.1,-0.697,7.536,-0.1005,310.474,0.1,-0.8895,7.3045,-0.022,310.313,0.1,-0.7184999999999999,7.556,0.12,310.235,0.1,-0.577,7.469,0.132,310.304,0.1,
-0.8,7.699,-0.038,311.032,0.1,-0.6439999999999999,7.9384999999999994,-0.07,310.401,0.1,-0.526,7.977500000000001,0.051500000000000004,310.58,0.1,-0.616,7.947,0.068,310.504,0.1,-0.6839999999999999,7.78,0.0014999999999999996,310.487,0.1,-0.6425,7.788,-0.07100000000000001,310.304,0.1,-0.582,7.6274999999999995,-0.0905,309.926,0.1,-0.7064999999999999,7.2170000000000005,-0.026000000000000002,309.67,0.1,-0.743,7.0305,-0.35450000000000004,309.853,0.1,-0.545,6.5665,0.0955,309.629,0.1,-0.371,7.122999999999999,-0.0275,309.858,0.1,-0.377,7.8875,-0.16849999999999998,310.257,0.1,-0.507,7.612,-0.11449999999999999,310.138,0.1,-0.5665,7.6135,0.0115,309.917,0.1,-0.6140000000000001,7.696,0.093,310.069,0.1,-0.5640000000000001,7.502000000000001,0.16999999999999998,310.167,0.1,
-0.31799999999999995,7.8535,0.27949999999999997,310.34,0.1,-0.6745,8.0975,-0.0955,310.723,0.1,-0.5915,7.9515,0.0605,310.58,0.1,-0.585,7.8645,-0.003,310.608,0.1,-0.7145,7.5205,0.002,310.449,0.1,-0.896,7.5985,0.026000000000000002,310.221,0.1,-1.2425,7.3055,-0.032,309.953,0.1,-1.6865,6.944,-0.201,309.669,0.1,-1.218,6.8955,-0.381,309.325,0.1,-0.04200000000000004,6.6465,1.044,308.403,0.137,0.08099999999999999,6.8015,-0.018500000000000003,309.41,0.101,-0.4305,7.773,-0.351,310.307,0.1,-0.42600000000000005,7.7675,-0.0895,309.92,0.1,-0.349,7.8245000000000005,-0.022,309.789,0.1,-0.5025,7.765000000000001,0.07700000000000001,309.928,0.1,-0.45599999999999996,7.6155,0.172,310.102,0.1,
-0.016499999999999987,8.0555,0.36650000000000005,309.861,0.1,-0.5900000000000001,7.8345,-0.0945,310.775,0.1,-0.5435000000000001,7.6795,0.086,310.214,0.1,-0.468,7.4405,-0.0215,310.275,0.1,-0.6105,7.2475000000000005,-0.023,310.154,0.1,-0.8905000000000001,7.4375,0.0465,310.105,0.1,-1.448,7.423,0.0655,309.944,0.1,-2.007,7.182,-0.1975,309.827,0.1,-1.2785000000000002,7.236000000000001,-0.226,308.988,0.1,0.41900000000000004,7.542,1.369,307.965,1.039,0.534,7.265499999999999,-0.092,309.188,0.101,-0.3655,7.585,-0.358,310.322,0.1,-0.4245,7.776,-0.06,309.956,0.1,-0.334,7.7575,-0.07050000000000001,309.938,0.1,-0.4515,7.7415,0.0605,309.98,0.1,-0.3065,7.755,0.20950000000000002,310.042,0.1,
-0.8599999999999999,7.7135,0.0795,310.352,0.1,-1.012,7.4425,-0.0385,310.306,0.1,-0.6335,7.4335,0.135,309.566,0.1,-0.346,7.134,0.2275,309.388,0.1,-0.306,7.2105,0.0125,309.7,0.1,-0.484,7.455500000000001,0.16899999999999998,309.838,0.1,-1.0510000000000002,7.905,0.0305,309.913,0.1,-1.649,7.797000000000001,-0.0265,309.877,0.1,-0.9765,7.7775,-0.126,309.261,0.1,0.5055,8.3655,0.8135,308.08,0.141,0.399,7.757,-0.1305,309.416,0.1,-0.4445,7.3975,-0.1895,310.393,0.1,-0.40449999999999997,7.628500000000001,-0.005,310.071,0.1,-0.337,7.539,-0.043,310.061,0.1,-0.4415,7.566,0.0675,310.069,0.1,-0.312,7.753,0.1725,310.124,0.1,
-1.7815,7.202500000000001,-0.0495,310.599,0.1,-1.6280000000000001,7.4215,0.0555,309.978,0.1,-1.0034999999999998,7.468999999999999,0.08349999999999999,309.445,0.1,-0.3855,7.4505,0.268,309.058,0.1,0.027999999999999997,7.6675,0.055,309.503,0.1,0.11699999999999999,7.988,0.383,309.502,0.101,-0.378,8.344999999999999,-0.069,310.02,0.1,-1.0665,8.2925,0.1045,310.006,0.1,-0.8895,7.993499999999999,-0.074,309.942,0.1,-0.22,8.4685,0.252,309.084,0.107,-0.4295,7.752000000000001,-0.057999999999999996,310.13,0.1,-0.7025,7.386,-0.015,310.434,0.1,-0.37750000000000006,7.622,0.006000000000000001,310.114,0.1,-0.187,7.531000000000001,-0.0045000000000000005,309.921,0.1,-0.23349999999999999,7.484999999999999,0.137,309.852,0.1,-0.3295,7.6135,0.057,310.162,0.1,
-1.37,7.1785,0.08199999999999999,310.344,0.1,-1.4805000000000001,7.557,0.0675,310.113,0.1,-1.152,7.4395,-0.1105,310.193,0.1,-0.46099999999999997,7.741,-0.0465,309.805,0.1,0.09999999999999999,8.120999999999999,-0.0715,309.951,0.1,0.241,8.4685,0.196,309.861,0.1,-0.07650000000000001,8.398499999999999,-0.081,310.32,0.1,-0.596,8.260000000000002,0.093,310.253,0.1,-0.947,7.679,-0.038,310.514,0.1,-1.0605,7.883,0.045,310.27,0.1,-1.0585,7.589,0.019999999999999997,310.597,0.1,-0.7795,7.6425,-0.01,310.499,0.1,-0.3835,7.8605,-0.14550000000000002,310.167,0.1,-0.0965,7.8055,-0.0445,309.598,0.1,0.0015000000000000013,7.8375,0.257,309.452,0.1,-0.16449999999999998,7.7775,0.1095,309.905,0.1,
-0.3005,7.513,0.1395,310.052,0.1,-0.46799999999999997,7.6425,0.049,310.118,0.1,-0.6045,7.3675,-0.10700000000000001,310.661,0.1,-0.498,7.4175,-0.2005,310.797,0.1,-0.3595,7.898999999999999,-0.181,310.699,0.1,-0.37,8.0515,-0.12,310.646,0.1,-0.384,8.054,-0.051500000000000004,310.498,0.1,-0.516,7.817,-0.01,310.379,0.1,-0.9005,7.3365,-0.015000000000000001,310.476,0.1,-1.156,7.383,-0.035,310.618,0.1,-0.8825,7.5745000000000005,-0.01,310.643,0.1,-0.4215,7.813000000000001,-0.1015,310.552,0.1,-0.251,7.9125,-0.267,310.178,0.1,-0.2305,7.9445,-0.05,309.465,0.1,-0.20400000000000001,8.281,0.23149999999999998,309.386,0.1,-0.185,8.165,0.10350000000000001,309.813,0.1,
0.0455,7.8774999999999995,0.07999999999999999,310.039,0.1,0.16799999999999998,7.920999999999999,0.14300000000000002,309.99,0.1,0.0040000000000000036,7.574999999999999,0.1135,310.38,0.1,-0.40299999999999997,7.076499999999999,-0.029,310.866,0.1,-0.6605,7.345,-0.027,310.846,0.1,-0.7275,7.2805,-0.074,310.748,0.1,-0.6950000000000001,7.577,-0.0895,310.5,0.1,-0.6645000000000001,7.4615,-0.059,310.345,0.1,-0.746,7.3965,-0.005999999999999999,310.277,0.1,-0.7464999999999999,7.362,-0.0825,310.405,0.1,-0.35700000000000004,7.541,-0.02,310.384,0.1,0.0335,7.5495,-0.0155,310.275,0.1,-0.0535,7.4864999999999995,-0.034499999999999996,309.942,0.1,-0.378,7.606999999999999,-0.009000000000000001,309.861,0.1,-0.6154999999999999,8.017,-0.112,309.977,0.1,-0.5695,7.833,-0.186,310.01,0.1,
-0.1175,8.183,0.0685,310.239,0.1,0.0045000000000000005,8.1005,0.07600000000000001,310.191,0.1,-0.23199999999999998,7.37,-0.1925,310.465,0.1,-0.40049999999999997,6.964,-0.052,310.485,0.1,-0.3265,7.182,0.1575,310.365,0.1,-0.34450000000000003,7.112,0.154,310.349,0.1,-0.533,7.339,-0.1015,310.397,0.1,-0.6074999999999999,7.4475,-0.025,310.284,0.1,-0.61,7.601,-0.013999999999999999,310.29,0.1,-0.5700000000000001,7.494,-0.0795,310.219,0.1,-0.2775,7.413,0.0315,309.907,0.1,-0.0735,7.08,0.1895,309.783,0.1,-0.244,6.9215,0.30000000000000004,309.835,0.1,-0.39,7.0295000000000005,-0.1205,310.292,0.1,-0.4405,7.1745,-0.2765,310.223,0.1,-0.5465,6.8505,-0.2005,309.746,0.1,
-0.1105,8.152999999999999,-0.0024999999999999996,310.407,0.1,-0.23450000000000001,7.6129999999999995,-0.3595,310.449,0.1,-0.5065,6.472,-0.2725,310.311,0.1,-0.44899999999999995,6.57,-0.1365,310.193,0.1,-0.05449999999999999,7.3385,0.059000000000000004,310.037,0.1,0.1195,7.509,0.22149999999999997,310.026,0.1,-0.0885,7.539,-0.0045000000000000005,310.201,0.1,-0.3415,7.5760000000000005,0.028999999999999998,310.288,0.1,-0.6005,7.547499999999999,0.0025000000000000005,310.443,0.1,-0.7525,7.5045,-0.0825,310.182,0.1,-0.679,7.3629999999999995,-0.011,309.612,0.1,-0.7104999999999999,6.8575,0.2745,309.593,0.1,-0.947,6.6434999999999995,0.34750000000000003,310.036,0.1,-0.745,6.74,-0.33599999999999997,310.085,0.1,-0.00799999999999998,6.8845,0.1795,309.185,0.1,0.2615,6.5845,0.181,308.951,0.101,
-0.533,7.617,-0.1835,310.2,0.1,-0.5165,6.9559999999999995,-0.548,309.814,0.1,0.24750000000000003,6.2005,1.1305,308.911,0.103,0.481,6.327500000000001,0.2815,309.35,0.101,0.261,7.444000000000001,-0.1905,310.029,0.1,0.2415,7.962,0.0925,309.932,0.1,0.1215,7.923500000000001,0.1105,310.082,0.1,-0.182,7.6225000000000005,0.115,310.372,0.1,-0.5665,7.358,0.0455,310.471,0.1,-0.8945000000000001,7.398,-0.06899999999999999,310.299,0.1,-1.06,7.449,-0.097,309.733,0.1,-1.256,7.036,0.2615,309.64,0.1,-1.616,6.702,0.2535,310.202,0.1,-1.328,6.8740000000000006,-0.41300000000000003,309.696,0.1,0.08350000000000002,7.551,0.498,308.146,0.101,1.011,7.3835,0.3125,308.643,0.1,
-1.444,7.141500000000001,-0.23750000000000002,309.68,0.1,-0.9774999999999999,7.0385,-0.1945,308.674,0.1,0.854,7.127000000000001,2.2795,308.069,0.248,1.5979999999999999,6.9115,0.6615,308.486,0.116,0.8440000000000001,7.622,-0.3175,309.912,0.1,0.2565,8.2025,-0.037000000000000005,309.994,0.1,0.0005000000000000004,8.071,0.151,310.136,0.1,-0.202,7.618,0.164,310.4,0.1,-0.329,7.3325,0.1355,310.305,0.1,-0.628,7.3385,0.055,310.303,0.1,-0.9949999999999999,7.5395,-0.057,310.067,0.1,-1.277,7.4025,0.1845,309.825,0.1,-1.6444999999999999,6.898,0.191,310.305,0.1,-1.3745,7.054,-0.2875,309.83,0.1,0.06449999999999995,8.2445,0.201,308.446,0.1,1.081,8.2315,0.08800000000000001,309.075,0.1,
-2.023,7.04,-0.106,309.534,0.1,-1.2395,7.335,0.02,308.285,0.1,0.7605,7.809,1.5474999999999999,307.753,0.159,1.8835000000000002,7.419,0.5855,308.316,0.113,1.203,7.78,-0.2365,309.722,0.1,0.24050000000000002,8.258,-0.033,310.038,0.1,-0.256,8.043,0.1275,310.121,0.1,-0.315,7.622,0.14350000000000002,310.107,0.1,-0.031,7.379,0.41400000000000003,309.91,0.1,-0.041999999999999996,7.351,0.128,310.012,0.1,-0.424,7.564,0.055,310.191,0.1,-0.7645,7.586,0.087,310.105,0.1,-1.0595,6.999,0.13,310.371,0.1,-0.8900000000000001,7.089,-0.061,310.288,0.1,-0.026000000000000023,8.425,-0.086,309.592,0.1,0.5449999999999999,8.512,-0.142,309.73,0.1,
-0.56,7.3825,0.015,310.623,0.1,-0.7295,7.483499999999999,0.0125,310.915,0.1,-0.86,7.4510000000000005,-0.0195,310.833,0.1,-0.855,7.731,0.057999999999999996,310.714,0.1,-0.7415,7.7684999999999995,0.054,310.637,0.1,-0.6154999999999999,7.7285,0.088,310.513,0.1,-0.696,7.455500000000001,0.078,310.693,0.1,-0.8454999999999999,7.5215,-0.0795,310.893,0.1,-0.8140000000000001,7.676500000000001,-0.007000000000000001,310.693,0.1,-0.7315,7.6530000000000005,0.017,310.461,0.1,-0.7745,7.484999999999999,0.058499999999999996,310.349,0.1,-0.8959999999999999,7.3105,0.0545,310.625,0.1,-1.0375,7.189,0.1525,310.586,0.1,-1.2485,7.0665,-0.0675,311.055,0.1,-1.2885,7.0855,-0.024,310.98,0.1,-1.0405,7.244,0.003,310.782,0.1,
-0.5845,7.4775,-0.018,310.539,0.1,-0.6165,7.518,0.065,310.793,0.1,-0.7110000000000001,7.556,0.0395,310.772,0.1,-0.7965,7.74,0.0985,310.711,0.1,-0.8474999999999999,7.7125,0.0635,310.705,0.1,-0.728,7.725,0.0075,310.592,0.1,-0.5815,7.614,0.0675,310.483,0.1,-0.5895,7.536,0.05399999999999999,310.661,0.1,-0.663,7.7170000000000005,0.123,310.508,0.1,-0.6619999999999999,7.8465,0.022,310.452,0.1,-0.6295,7.7095,-0.008,310.412,0.1,-0.7424999999999999,7.4815000000000005,0.0655,310.591,0.1,-1.046,7.3260000000000005,0.034,310.772,0.1,-1.2694999999999999,6.9905,-0.054,310.983,0.1,-1.125,7.0855,0.0975,310.77,0.1,-0.8594999999999999,7.1775,0.08499999999999999,310.74,0.1,
-0.9730000000000001,7.423500000000001,-0.07,310.984,0.1,-0.7765,7.484,0.017,310.705,0.1,-0.772,7.558,0.0575,310.807,0.1,-0.875,7.5915,0.0655,310.77,0.1,-0.938,7.591,0.0465,310.764,0.1,-0.824,7.6205,-0.0525,310.681,0.1,-0.5725,7.648,-0.0135,310.373,0.1,-0.489,7.48,0.1365,310.331,0.1,-0.704,7.4465,0.013,310.477,0.1,-0.8614999999999999,7.4075,-0.208,310.646,0.1,-0.7144999999999999,7.5625,-0.0375,310.459,0.1,-0.6930000000000001,7.5504999999999995,0.008,310.566,0.1,-0.988,7.338,-0.078,310.752,0.1,-1.1435,7.112500000000001,-0.014499999999999999,310.683,0.1,-1.001,7.2415,0.1185,310.632,0.1,-0.7835000000000001,7.173500000000001,0.1405,310.664,0.1,
-1.104,7.377000000000001,0.006500000000000001,311.245,0.1,-1.0385,7.5145,-0.0485,310.79,0.1,-0.918,7.5645,0.065,310.868,0.1,-0.9505,7.5125,0.064,310.826,0.1,-0.979,7.4285,0.020499999999999997,310.805,0.1,-0.9325,7.4625,-0.049,310.67,0.1,-0.8714999999999999,7.429,-0.0495,310.352,0.1,-0.9764999999999999,7.196,0.037500000000000006,310.177,0.1,-1.1105,7.013,-0.29300000000000004,310.545,0.1,-1.016,6.7035,0.004,310.361,0.1,-0.8065,7.0600000000000005,-0.0205,310.339,0.1,-0.7555000000000001,7.5375,-0.1295,310.612,0.1,-0.8660000000000001,7.4085,-0.0975,310.547,0.1,-0.9305000000000001,7.375,-0.0015,310.412,0.1,-0.9135,7.422000000000001,0.101,310.509,0.1,-0.7515000000000001,7.266500000000001,0.174,310.589,0.1,
-0.7385,7.605,0.245,310.703,0.1,-1.0234999999999999,7.6195,-0.041,310.985,0.1,-0.9249999999999999,7.5735,0.0635,310.841,0.1,-0.8645,7.48,0.021,310.831,0.1,-0.9239999999999999,7.2875,0.0265,310.717,0.1,-1.042,7.343,0.042499999999999996,310.565,0.1,-1.326,7.178,0.016,310.41,0.1,-1.746,6.8795,-0.1225,310.374,0.1,-1.5459999999999998,6.7555,-0.3635,310.193,0.1,-0.7484999999999999,6.6530000000000005,0.7695000000000001,309.4,0.125,-0.546,6.7829999999999995,-0.0495,310.163,0.101,-0.7855,7.4655000000000005,-0.263,310.643,0.1,-0.78,7.506,-0.0905,310.426,0.1,-0.744,7.587999999999999,-0.0375,310.29,0.1,-0.7975,7.5525,0.091,310.386,0.1,-0.6695,7.3895,0.1645,310.539,0.1,
-0.5895,7.7885,0.316,310.341,0.1,-0.9524999999999999,7.4985,-0.024,311.004,0.1,-0.8694999999999999,7.4345,0.0825,310.573,0.1,-0.7404999999999999,7.2645,-0.0004999999999999996,310.56,0.1,-0.7835000000000001,7.17,0.0145,310.485,0.1,-0.933,7.2895,0.0795,310.442,0.1,-1.3845,7.2385,0.0925,310.422,0.1,-2.007,6.874,-0.1365,310.596,0.1,-1.63,6.787000000000001,-0.242,309.966,0.1,-0.389,7.215999999999999,1.0525,308.954,0.742,-0.2155,6.9830000000000005,-0.122,310.082,0.1,-0.73,7.3405000000000005,-0.25,310.642,0.1,-0.7384999999999999,7.492,-0.07600000000000001,310.45,0.1,-0.6839999999999999,7.593,-0.068,310.336,0.1,-0.7375,7.5545,0.0875,310.389,0.1,-0.595,7.4695,0.1805,310.487,0.1,
-1.194,7.476,0.0905,310.74,0.1,-1.2890000000000001,7.192,0.004499999999999999,310.771,0.1,-0.9955,7.2245,0.11699999999999999,310.231,0.1,-0.7105,7.077,0.154,310.049,0.1,-0.595,7.179500000000001,0.013,310.253,0.1,-0.613,7.3695,0.137,310.297,0.1,-0.99,7.606,0.05,310.391,0.1,-1.6219999999999999,7.2829999999999995,0.008,310.532,0.1,-1.381,7.0265,-0.1385,310.213,0.1,-0.3555,7.683,0.59,309.233,0.128,-0.3025,7.2524999999999995,-0.1175,310.176,0.1,-0.764,7.173,-0.1205,310.727,0.1,-0.7084999999999999,7.3645,-0.0325,310.508,0.1,-0.665,7.4365000000000006,-0.0335,310.382,0.1,-0.722,7.4105,0.107,310.41,0.1,-0.6125,7.4399999999999995,0.159,310.525,0.1,
-1.7455,7.0305,-0.0165,310.946,0.1,-1.7065000000000001,7.066,0.078,310.609,0.1,-1.315,7.105,0.07200000000000001,310.3,0.1,-0.853,7.182499999999999,0.1465,310.016,0.1,-0.47150000000000003,7.437,-0.0014999999999999996,310.222,0.1,-0.28,7.7285,0.2405,310.139,0.101,-0.5185,7.9615,-0.043,310.442,0.1,-1.0685,7.7625,0.132,310.466,0.1,-1.185,7.242,-0.044,310.588,0.1,-0.829,7.679,0.158,310.033,0.105,-0.8614999999999999,7.278499999999999,-0.0315,310.627,0.1,-0.949,7.1274999999999995,-0.0125,310.828,0.1,-0.726,7.359,-0.032,310.549,0.1,-0.607,7.390000000000001,-0.019,310.324,0.1,-0.6194999999999999,7.327,0.1355,310.277,0.1,-0.6335,7.343,0.0785,310.539,0.1,
-1.3895,7.0085,0.0915,310.718,0.1,-1.5219999999999998,7.138,0.094,310.636,0.1,-1.3559999999999999,7.003500000000001,-0.083,310.799,0.1,-0.922,7.253,-0.101,310.565,0.1,-0.48850000000000005,7.649,-0.1125,310.546,0.1,-0.28700000000000003,7.9895,0.09,310.401,0.1,-0.3875,8.0205,-0.05500000000000001,310.63,0.1,-0.7165,7.8835,0.1265,310.561,0.1,-1.092,7.2524999999999995,0.0185,310.864,0.1,-1.2705,7.356,0.037000000000000005,310.782,0.1,-1.2265,7.2204999999999995,0.024,310.969,0.1,-1.009,7.3004999999999995,-0.0395,310.904,0.1,-0.7749999999999999,7.5445,-0.16799999999999998,310.614,0.1,-0.604,7.552,-0.0755,310.165,0.1,-0.5215000000000001,7.545999999999999,0.189,310.039,0.1,-0.5660000000000001,7.4335,0.11599999999999999,310.381,0.1,
-0.6385,7.295,0.132,310.466,0.1,-0.7725,7.2785,0.0545,310.578,0.1,-0.886,7.0115,-0.0935,311.006,0.1,-0.835,7.0545,-0.181,311.101,0.1,-0.7215,7.468500000000001,-0.16549999999999998,310.987,0.1,-0.6859999999999999,7.664,-0.1135,310.907,0.1,-0.6475,7.758,-0.0325,310.777,0.1,-0.7110000000000001,7.615,0.024,310.681,0.1,-1.0145,7.186,0.024999999999999998,310.819,0.1,-1.2205,7.121,-0.007000000000000001,310.964,0.1,-1.0085,7.2155000000000005,-0.014,310.986,0.1,-0.706,7.4,-0.1225,310.881,0.1,-0.6625,7.538,-0.237,310.568,0.1,-0.6905,7.5825,-0.041999999999999996,310.063,0.1,-0.649,7.855499999999999,0.195,309.971,0.1,-0.589,7.6635,0.12,310.327,0.1,
-0.41100000000000003,7.545,0.0655,310.472,0.1,-0.3145,7.5395,0.111,310.467,0.1,-0.403,7.3055,0.1185,310.7,0.1,-0.647,6.961,-0.005000000000000001,311.027,0.1,-0.7889999999999999,7.1585,-0.007000000000000001,311.002,0.1,-0.836,7.1425,-0.04,310.942,0.1,-0.85,7.3580000000000005,-0.0645,310.826,0.1,-0.863,7.288,-0.033,310.746,0.1,-0.9464999999999999,7.2085,0.018,310.721,0.1,-0.9295,7.1035,-0.0495,310.785,0.1,-0.602,7.1685,-0.032,310.727,0.1,-0.32099999999999995,7.167999999999999,-0.022,310.565,0.1,-0.4505,7.122,0.0385,310.293,0.1,-0.741,7.1955,0.053000000000000005,310.324,0.1,-0.882,7.685499999999999,-0.066,310.41,0.1,-0.8025,7.4830000000000005,-0.10999999999999999,310.451,0.1,
-0.5445,7.697,0.0515,310.637,0.1,-0.424,7.6645,0.0885,310.594,0.1,-0.5275,7.2995,-0.107,310.752,0.1,-0.6025,6.991,-0.008,310.747,0.1,-0.5245,7.1165,0.154,310.641,0.1,-0.5545,7.0265,0.1475,310.669,0.1,-0.745,7.108499999999999,-0.067,310.789,0.1,-0.8474999999999999,7.173,0.003000000000000001,310.727,0.1,-0.8905000000000001,7.2435,0.0175,310.727,0.1,-0.855,7.1265,-0.055,310.641,0.1,-0.5785,7.0815,0.006999999999999999,310.325,0.1,-0.379,6.824999999999999,0.193,310.144,0.1,-0.507,6.636,0.3745,310.235,0.1,-0.6865,6.653499999999999,-0.0595,310.703,0.1,-0.7805,7.0655,-0.28600000000000003,310.69,0.1,-0.819,6.9025,-0.174,310.335,0.1,
-0.49850000000000005,7.7059999999999995,0.028999999999999998,310.721,0.1,-0.5575,7.2875,-0.2625,310.787,0.1,-0.745,6.603,-0.257,310.747,0.1,-0.6975,6.742,-0.097,310.578,0.1,-0.4205,7.234,0.07650000000000001,310.449,0.1,-0.326,7.2865,0.1905,310.486,0.1,-0.4895,7.2115,0.028499999999999998,310.651,0.1,-0.6625,7.229,0.057499999999999996,310.683,0.1,-0.8585,7.166,0.03,310.797,0.1,-0.993,7.095000000000001,-0.05500000000000001,310.636,0.1,-0.9045000000000001,7.055,-0.019,310.147,0.1,-0.8335,6.7044999999999995,0.2735,310.043,0.1,-0.9535,6.4254999999999995,0.394,310.522,0.1,-0.89,6.3975,-0.306,310.685,0.1,-0.5325,6.7865,0.013999999999999999,310.005,0.1,-0.394,6.702999999999999,0.0745,309.936,0.1,
-0.7515000000000001,7.4510000000000005,-0.0905,310.53,0.1,-0.6885,6.827500000000001,-0.49,310.287,0.1,-0.136,6.291499999999999,0.886,309.478,0.102,-0.020500000000000004,6.602,0.203,309.955,0.101,-0.249,7.321,-0.1235,310.463,0.1,-0.3045,7.6205,0.0935,310.433,0.1,-0.371,7.514,0.1335,310.529,0.1,-0.536,7.2795000000000005,0.11699999999999999,310.713,0.1,-0.781,7.0695,0.056999999999999995,310.797,0.1,-1.044,7.052,-0.0355,310.715,0.1,-1.1615,7.1035,-0.069,310.311,0.1,-1.1844999999999999,6.854,0.239,310.156,0.1,-1.387,6.4885,0.267,310.704,0.1,-1.3210000000000002,6.4675,-0.395,310.504,0.1,-0.547,7.134,0.278,309.322,0.101,0.014,7.1114999999999995,0.1555,309.773,0.1,
-1.5234999999999999,7.1195,-0.1545,310.255,0.1,-1.064,6.9350000000000005,-0.2455,309.352,0.1,0.48250000000000004,7.1095,1.8984999999999999,308.391,0.199,0.9215,7.079,0.4885,309.287,0.111,0.1815,7.497,-0.23500000000000001,310.37,0.1,-0.293,7.838,0.0225,310.429,0.1,-0.4575,7.6690000000000005,0.16899999999999998,310.523,0.1,-0.538,7.2805,0.1535,310.729,0.1,-0.563,7.0915,0.126,310.66,0.1,-0.772,7.1055,0.07100000000000001,310.649,0.1,-1.0514999999999999,7.1865000000000006,-0.011000000000000001,310.548,0.1,-1.1564999999999999,7.106,0.16949999999999998,310.338,0.1,-1.365,6.6665,0.189,310.721,0.1,-1.3715,6.5920000000000005,-0.2685,310.563,0.1,-0.629,7.478,0.0615,309.618,0.1,0.034999999999999996,7.5785,-0.012,309.952,0.1,
-2.0195,6.989,-0.076,310.312,0.1,-1.3764999999999998,7.172,-0.048,309.174,0.1,0.34149999999999997,7.765,1.2665,308.257,0.14,1.067,7.47,0.401,309.292,0.108,0.4015,7.637,-0.1735,310.207,0.1,-0.3195,7.902,0.059,310.405,0.1,-0.658,7.67,0.16699999999999998,310.485,0.1,-0.6075,7.277,0.159,310.504,0.1,-0.3035,7.137,0.324,310.343,0.1,-0.287,7.174,0.13,310.383,0.1,-0.59,7.232,0.0945,310.573,0.1,-0.794,7.23,0.0995,310.54,0.1,-0.949,6.763,0.1285,310.704,0.1,-0.9715,6.63,-0.055,310.736,0.1,-0.5995,7.539,-0.116,310.329,0.1,-0.245,7.742,-0.144,310.296,0.1,
-1.1505,7.1419999999999995,0.0385,311.046,0.1,-1.2025,7.2255,0.041,311.231,0.1,-1.323,7.2435,-0.005,311.188,0.1,-1.3545,7.4325,0.0635,311.08,0.1,-1.2469999999999999,7.478999999999999,0.0505,311.011,0.1,-1.0635,7.5055,0.0685,310.923,0.1,-1.0145,7.355,0.0915,311.016,0.1,-1.0939999999999999,7.295,-0.0605,311.213,0.1,-1.1099999999999999,7.3345,-0.0345,311.063,0.1,-1.0735000000000001,7.3260000000000005,0.028,310.9,0.1,-1.0819999999999999,7.211,0.032,310.884,0.1,-1.173,7.003,0.037,311.053,0.1,-1.3235000000000001,6.776999999999999,0.08399999999999999,311.04,0.1,-1.4275,6.728999999999999,-0.015000000000000001,311.274,0.1,-1.3715000000000002,6.8525,0.006999999999999999,311.22,0.1,-1.1855,6.843500000000001,-0.0045000000000000005,311.123,0.1,
-1.2269999999999999,7.166,-0.0025,311.038,0.1,-1.117,7.284,0.091,311.121,0.1,-1.1920000000000002,7.2005,0.051000000000000004,311.13,0.1,-1.284,7.332,0.11699999999999999,311.052,0.1,-1.3035,7.3115,0.07650000000000001,311.087,0.1,-1.175,7.3614999999999995,-0.004999999999999999,311.008,0.1,-1.0075,7.3545,0.043,310.906,0.1,-0.956,7.2935,0.089,310.978,0.1,-0.954,7.4115,0.16799999999999998,310.841,0.1,-0.9735,7.4945,0.0805,310.851,0.1,-1.032,7.3260000000000005,-0.025500000000000002,310.913,0.1,-1.116,7.212,0.0345,310.937,0.1,-1.2805,7.031499999999999,0.026,311.052,0.1,-1.411,6.795999999999999,-0.016,311.193,0.1,-1.3050000000000002,6.8145,0.096,311.093,0.1,-1.0455,6.818,0.0885,311.044,0.1,
-1.4515,7.0280000000000005,-0.026000000000000002,311.334,0.1,-1.2665000000000002,7.205,0.034499999999999996,311.083,0.1,-1.2205,7.1585,0.07500000000000001,311.132,0.1,-1.2875,7.1685,0.08099999999999999,311.113,0.1,-1.3119999999999998,7.175,0.0695,311.133,0.1,-1.2075,7.234,-0.038,311.067,0.1,-1.0025,7.34,-0.018500000000000003,310.812,0.1,-0.913,7.3155,0.1765,310.692,0.1,-1.029,7.323,0.093,310.93,0.1,-1.1355,7.3294999999999995,-0.144,311.06,0.1,-1.101,7.2515,-0.024,310.872,0.1,-1.113,7.2385,0.002,310.915,0.1,-1.2799999999999998,7.1395,-0.056,311.03,0.1,-1.3984999999999999,6.9205000000000005,-0.0075,311.053,0.1,-1.284,6.9275,0.11649999999999999,311.03,0.1,-0.99,6.8774999999999995,0.148,311.025,0.1,
-1.4089999999999998,7.055,0.051,311.457,0.1,-1.434,7.09,-0.027,311.18,0.1,-1.31,7.1515,0.0785,311.156,0.1,-1.285,7.0785,0.0605,311.147,0.1,-1.2745,7.077500000000001,0.0395,311.124,0.1,-1.2225000000000001,7.1375,-0.0275,311.036,0.1,-1.1615,7.2305,-0.009000000000000001,310.779,0.1,-1.2465,7.1745,0.1005,310.683,0.1,-1.478,6.9955,-0.2315,311.236,0.1,-1.488,6.84,-0.08750000000000001,311.093,0.1,-1.2429999999999999,6.997,-0.013500000000000002,310.819,0.1,-1.1345,7.188,-0.0905,310.968,0.1,-1.225,7.2044999999999995,-0.08049999999999999,310.956,0.1,-1.295,7.1370000000000005,-0.015,310.907,0.1,-1.2135,7.148,0.1085,310.949,0.1,-0.9385,7.031000000000001,0.1765,311.012,0.1,
-1.159,7.356,0.21100000000000002,311.066,0.1,-1.373,7.141,0.013000000000000001,311.247,0.1,-1.2595,7.1945,0.066,311.102,0.1,-1.1444999999999999,7.096,0.0445,311.054,0.1,-1.134,7.0545,0.051000000000000004,310.984,0.1,-1.189,7.088,0.058499999999999996,310.909,0.1,-1.4100000000000001,7.0504999999999995,0.063,310.867,0.1,-1.805,6.814500000000001,-0.043500000000000004,311.078,0.1,-1.8729999999999998,6.6165,-0.34550000000000003,311.06,0.1,-1.4545,6.6585,0.495,310.396,0.113,-1.1735,6.7645,-0.0805,310.916,0.1,-1.141,7.1585,-0.1755,310.979,0.1,-1.134,7.2445,-0.0915,310.932,0.1,-1.1389999999999998,7.3515,-0.0525,310.79,0.1,-1.092,7.34,0.10500000000000001,310.843,0.1,-0.883,7.1635,0.157,310.976,0.1,
-1.1625,7.521,0.26549999999999996,310.82,0.1,-1.315,7.163,0.046,311.233,0.1,-1.196,7.189,0.0785,310.932,0.1,-1.013,7.089,0.0205,310.844,0.1,-0.9555,7.092,0.051000000000000004,310.816,0.1,-0.9744999999999999,7.1419999999999995,0.1105,310.778,0.1,-1.321,7.054,0.1185,310.9,0.1,-2.0075000000000003,6.5665,-0.0755,311.364,0.1,-1.981,6.3385,-0.2575,310.945,0.1,-1.197,6.8895,0.7355,309.943,0.445,-0.966,6.7010000000000005,-0.15200000000000002,310.976,0.1,-1.0955,7.0965,-0.14200000000000002,310.963,0.1,-1.0535,7.208,-0.092,310.944,0.1,-1.0345,7.428000000000001,-0.0655,310.734,0.1,-1.023,7.3685,0.1145,310.798,0.1,-0.883,7.183999999999999,0.15150000000000002,310.931,0.1,
-1.5285000000000002,7.239,0.1015,311.128,0.1,-1.5665,6.9425,0.047,311.235,0.1,-1.3584999999999998,7.015499999999999,0.099,310.896,0.1,-1.0755,7.02,0.08,310.709,0.1,-0.8835,7.1485,0.013,310.806,0.1,-0.742,7.2835,0.1045,310.756,0.1,-0.9295,7.307,0.0685,310.87,0.1,-1.5955,6.7695,0.041999999999999996,311.187,0.1,-1.7854999999999999,6.275,-0.151,311.165,0.1,-1.216,7.000500000000001,0.3665,310.386,0.114,-1.0035,6.747999999999999,-0.10450000000000001,310.936,0.1,-1.0825,6.9485,-0.0515,311.06,0.1,-1.0125,7.1005,-0.059,310.945,0.1,-0.994,7.334,-0.024,310.702,0.1,-1.0030000000000001,7.255,0.14650000000000002,310.752,0.1,-0.913,7.1265,0.14550000000000002,310.926,0.1,
-1.7095,6.859,0.0165,311.294,0.1,-1.7854999999999999,6.711,0.1005,311.241,0.1,-1.627,6.7415,0.0605,311.155,0.1,-1.3210000000000002,6.9145,0.024999999999999998,310.975,0.1,-0.9715,7.207,-0.057999999999999996,310.941,0.1,-0.677,7.468500000000001,0.098,310.776,0.1,-0.6595,7.578,-0.017,310.865,0.1,-1.0715,7.2330000000000005,0.1585,310.927,0.1,-1.4809999999999999,6.4905,-0.014,311.234,0.1,-1.4385,6.890000000000001,0.0645,310.981,0.102,-1.294,6.8045,-0.004999999999999999,311.124,0.1,-1.1955,6.868,-0.010499999999999999,311.222,0.1,-1.0745,7.096,-0.06949999999999999,310.983,0.1,-1.027,7.2490000000000006,-0.033,310.727,0.1,-1.005,7.1685,0.1345,310.703,0.1,-0.9375,7.0715,0.0995,310.916,0.1,
-1.4089999999999998,6.8385,0.1005,311.092,0.1,-1.564,6.7185,0.1205,311.159,0.1,-1.561,6.5685,-0.05550000000000001,311.405,0.1,-1.3835,6.766,-0.1555,311.326,0.1,-1.077,7.1775,-0.154,311.141,0.1,-0.8145,7.5105,-0.016500000000000004,310.94,0.1,-0.6985,7.6425,-0.0285,310.94,0.1,-0.8374999999999999,7.507,0.15899999999999997,310.868,0.1,-1.2374999999999998,6.826499999999999,0.075,311.215,0.1,-1.4809999999999999,6.829000000000001,0.029,311.294,0.1,-1.3944999999999999,6.8515,0.0275,311.341,0.1,-1.2385,6.9575,-0.069,311.31,0.1,-1.166,7.228,-0.1895,311.061,0.1,-1.111,7.299,-0.106,310.733,0.1,-1.0445,7.2545,0.121,310.627,0.1,-0.967,7.0885,0.122,310.856,0.1,
-0.976,7.076499999999999,0.124,310.881,0.1,-1.0765,6.9135,0.0595,311.038,0.1,-1.167,6.656499999999999,-0.08049999999999999,311.352,0.1,-1.1720000000000002,6.692,-0.161,311.406,0.1,-1.0845,7.0385,-0.15,311.275,0.1,-1.0030000000000001,7.2765,-0.107,311.167,0.1,-0.9115,7.462,-0.014,311.056,0.1,-0.9059999999999999,7.413,0.057999999999999996,310.983,0.1,-1.128,7.0355,0.065,311.162,0.1,-1.2839999999999998,6.859,0.0205,311.311,0.1,-1.1335,6.8555,-0.018000000000000002,311.329,0.1,-0.9895,6.986,-0.14350000000000002,311.21,0.1,-1.0735,7.163,-0.20650000000000002,310.958,0.1,-1.1505,7.221,-0.0335,310.662,0.1,-1.0935000000000001,7.43,0.1585,310.555,0.1,-0.9925,7.162,0.136,310.841,0.1,
-0.867,7.2125,0.0505,310.905,0.1,-0.7969999999999999,7.157500000000001,0.079,310.944,0.1,-0.81,7.0365,0.1235,311.019,0.1,-0.891,6.8454999999999995,0.019,311.187,0.1,-0.9175,6.9719999999999995,0.013,311.159,0.1,-0.9445,7.0045,-0.006,311.136,0.1,-1.0045,7.138999999999999,-0.0395,311.151,0.1,-1.061,7.1145,-0.007,311.148,0.1,-1.147,7.0205,0.041999999999999996,311.166,0.1,-1.112,6.846,-0.0175,311.165,0.1,-0.8465,6.795,-0.0445,311.071,0.1,-0.6755,6.786,-0.0285,310.855,0.1,-0.8474999999999999,6.7575,0.11099999999999999,310.645,0.1,-1.104,6.7844999999999995,0.11549999999999999,310.787,0.1,-1.1485,7.354,-0.019999999999999997,310.843,0.1,-1.0355,7.1335,-0.034999999999999996,310.892,0.1,
-0.9710000000000001,7.212,0.034999999999999996,311.035,0.1,-0.8520000000000001,7.229,0.1005,310.997,0.1,-0.8225,7.2295,-0.023,311.04,0.1,-0.8045,7.0175,0.035,311.008,0.1,-0.722,7.051,0.1495,310.917,0.1,-0.764,6.9415,0.14100000000000001,310.989,0.1,-0.9570000000000001,6.8785,-0.0325,311.182,0.1,-1.0875,6.898,0.0305,311.17,0.1,-1.1715,6.885999999999999,0.048,311.164,0.1,-1.1404999999999998,6.7595,-0.0305,311.063,0.1,-0.8795,6.749499999999999,-0.017499999999999998,310.743,0.1,-0.6845,6.5705,0.196,310.505,0.1,-0.7695000000000001,6.35,0.4485,310.636,0.1,-0.982,6.2775,0.0014999999999999996,311.115,0.1,-1.12,6.957000000000001,-0.295,311.156,0.1,-1.091,6.9544999999999995,-0.14750000000000002,310.923,0.1,
-0.8865,7.26,0.06,311.035,0.1,-0.881,6.9625,-0.16699999999999998,311.125,0.1,-0.984,6.734999999999999,-0.241,311.182,0.1,-0.946,6.9135,-0.057499999999999996,310.962,0.1,-0.786,7.130000000000001,0.0935,310.86,0.1,-0.7709999999999999,7.065,0.15999999999999998,310.945,0.1,-0.8905,6.8845,0.0605,311.101,0.1,-0.984,6.8815,0.08449999999999999,311.078,0.1,-1.117,6.7844999999999995,0.0565,311.15,0.1,-1.234,6.686,-0.0275,311.091,0.1,-1.131,6.7475000000000005,-0.0265,310.683,0.1,-0.957,6.552,0.2715,310.493,0.1,-0.96,6.207,0.4405,311.009,0.1,-1.0345,6.0545,-0.276,311.285,0.1,-1.0565,6.689,-0.15100000000000002,310.824,0.1,-1.0495,6.822,-0.032499999999999994,310.922,0.1,
-0.9705,7.285,0.0005000000000000004,310.859,0.1,-0.861,6.699,-0.4325,310.759,0.1,-0.5195000000000001,6.383,0.642,310.045,0.101,-0.5215000000000001,6.877,0.125,310.56,0.1,-0.759,7.198,-0.056499999999999995,310.896,0.1,-0.8505,7.2795000000000005,0.0945,310.933,0.1,-0.8634999999999999,7.1045,0.156,310.975,0.1,-0.8905000000000001,6.936,0.1185,311.053,0.1,-0.9955,6.781000000000001,0.067,311.123,0.1,-1.1935,6.7059999999999995,-0.003,311.131,0.1,-1.263,6.7585,-0.041,310.889,0.1,-1.1125,6.672000000000001,0.2165,310.672,0.1,-1.158,6.275,0.28049999999999997,311.207,0.1,-1.3135,6.0615000000000006,-0.377,311.313,0.1,-1.177,6.717499999999999,0.05800000000000001,310.498,0.1,-0.9835,6.84,-0.0010000000000000009,310.903,0.1,
-1.6025,7.0969999999999995,-0.07150000000000001,310.831,0.1,-1.151,6.8315,-0.29600000000000004,310.03,0.1,0.11000000000000001,7.0920000000000005,1.5175,308.713,0.151,0.24450000000000002,7.2475000000000005,0.3155,310.088,0.106,-0.48150000000000004,7.372,-0.1525,310.827,0.1,-0.843,7.4735,0.0815,310.863,0.1,-0.9155,7.2669999999999995,0.187,310.91,0.1,-0.8734999999999999,6.943,0.14350000000000002,311.058,0.1,-0.7969999999999999,6.851,0.11499999999999999,311.015,0.1,-0.9165000000000001,6.8725000000000005,0.086,310.995,0.1,-1.1085,6.834,0.035,311.029,0.1,-1.0365,6.809,0.154,310.851,0.1,-1.086,6.435499999999999,0.187,311.138,0.1,-1.3695,6.13,-0.2495,311.296,0.1,-1.323,6.712,-0.0775,310.79,0.1,-1.0105,6.9254999999999995,-0.112,310.828,0.1,
-2.0155,6.938,-0.0455,311.09,0.1,-1.513,7.009,-0.11599999999999999,310.062,0.1,-0.07750000000000001,7.721,0.9854999999999999,308.762,0.12,0.2505,7.522,0.2165,310.268,0.104,-0.39949999999999997,7.495,-0.11049999999999999,310.692,0.1,-0.8785000000000001,7.546,0.15,310.773,0.1,-1.0590000000000002,7.297,0.20650000000000002,310.848,0.1,-0.8995,6.932,0.1745,310.9,0.1,-0.5755,6.896,0.23450000000000001,310.776,0.1,-0.531,6.998,0.1315,310.755,0.1,-0.7555000000000001,6.901,0.1335,310.956,0.1,-0.8240000000000001,6.873,0.11199999999999999,310.974,0.1,-0.8395,6.528,0.1275,311.036,0.1,-1.0535,6.17,-0.049,311.184,0.1,-1.173,6.653,-0.14600000000000002,311.065,0.1,-1.0345,6.972,-0.1455,310.862,0.1,
-1.7335,6.8919999999999995,0.033,311.463,0.1,-1.67,6.9635,0.051000000000000004,311.545,0.1,-1.776,7.0235,0.007,311.538,0.1,-1.8399999999999999,7.114000000000001,0.069,311.438,0.1,-1.7395,7.1625,0.0575,311.38,0.1,-1.506,7.2445,0.059,311.326,0.1,-1.3345,7.220000000000001,0.098,311.337,0.1,-1.3455,7.052,-0.0375,311.531,0.1,-1.408,6.9825,-0.047,311.431,0.1,-1.4169999999999998,6.9865,0.0275,311.334,0.1,-1.3929999999999998,6.919499999999999,0.0115,311.404,0.1,-1.4535,6.691,0.02,311.475,0.1,-1.6105,6.364,0.0385,311.492,0.1,-1.609,6.3845,0.015,311.494,0.1,-1.4595,6.605499999999999,0.018,311.461,0.1,-1.334,6.4355,-0.018000000000000002,311.461,0.1,
-1.863,6.8495,-0.0019999999999999996,311.531,0.1,-1.6139999999999999,7.0485,0.096,311.449,0.1,-1.6635,6.8405000000000005,0.057999999999999996,311.484,0.1,-1.7574999999999998,6.9165,0.1295,311.389,0.1,-1.7469999999999999,6.899,0.0885,311.463,0.1,-1.6139999999999999,6.978,-0.0085,311.419,0.1,-1.4304999999999999,7.0685,0.0235,311.325,0.1,-1.3235000000000001,7.027,0.107,311.295,0.1,-1.2494999999999998,7.0925,0.1925,311.176,0.1,-1.288,7.133,0.107,311.248,0.1,-1.4335,6.938,-0.0395,311.407,0.1,-1.4885000000000002,6.939,0.0155,311.283,0.1,-1.5185,6.7325,0.025,311.332,0.1,-1.5585,6.587,0.01,311.406,0.1,-1.488,6.531,0.08299999999999999,311.414,0.1,-1.236,6.4485,0.078,311.349,0.1,
-1.929,6.6315,0.0105,311.683,0.1,-1.7545,6.9265,0.042499999999999996,311.462,0.1,-1.664,6.757,0.0835,311.455,0.1,-1.692,6.7445,0.0925,311.453,0.1,-1.678,6.7555,0.0815,311.497,0.1,-1.5844999999999998,6.84,-0.0305,311.449,0.1,-1.4285,7.0125,-0.025500000000000002,311.248,0.1,-1.3365,7.1215,0.1975,311.056,0.1,-1.355,7.188000000000001,0.1545,311.379,0.1,-1.4095,7.246,-0.09,311.472,0.1,-1.4865,6.9405,-0.018500000000000003,311.284,0.1,-1.532,6.923500000000001,-0.001,311.263,0.1,-1.5735000000000001,6.9335,-0.0365,311.309,0.1,-1.6545,6.7125,-0.0045000000000000005,311.42,0.1,-1.565,6.599,0.1005,311.422,0.1,-1.201,6.5634999999999994,0.136,311.383,0.1,
-1.7134999999999998,6.7330000000000005,0.0885,311.67,0.1,-1.8275,6.666,-0.009000000000000001,311.569,0.1,-1.6989999999999998,6.7364999999999995,0.0825,311.444,0.1,-1.616,6.645,0.057499999999999996,311.467,0.1,-1.5655000000000001,6.7225,0.0485,311.44,0.1,-1.508,6.806,-0.016,311.399,0.1,-1.4495,7.011,0.0215,311.201,0.1,-1.517,7.123,0.1555,311.183,0.1,-1.845,6.9704999999999995,-0.1635,311.922,0.1,-1.959,6.976000000000001,-0.127,311.824,0.1,-1.6785,6.9335,-0.0035,311.299,0.1,-1.513,6.8365,-0.0695,311.323,0.1,-1.5835,6.9915,-0.0685,311.363,0.1,-1.6555,6.883,-0.03,311.393,0.1,-1.512,6.853,0.10200000000000001,311.381,0.1,-1.133,6.7695,0.15999999999999998,311.426,0.1,
-1.5790000000000002,7.107,0.188,311.429,0.1,-1.721,6.663,0.051500000000000004,311.51,0.1,-1.593,6.8134999999999994,0.061,311.364,0.1,-1.424,6.7095,0.0555,311.279,0.1,-1.3435000000000001,6.811999999999999,0.0625,311.253,0.1,-1.3370000000000002,6.822,0.062,311.251,0.1,-1.4965000000000002,6.9005,0.0975,311.316,0.1,-1.8655,6.7295,0.0395,311.764,0.1,-2.2005,6.47,-0.29900000000000004,311.921,0.1,-2.161,6.665,0.3005,311.392,0.1,-1.7999999999999998,6.746,-0.08,311.669,0.1,-1.496,6.85,-0.1265,311.315,0.1,-1.4865,6.974,-0.0915,311.431,0.1,-1.5310000000000001,7.095,-0.0655,311.282,0.1,-1.3885,7.1025,0.109,311.291,0.1,-1.1015,6.917,0.14,311.405,0.1,
-1.736,7.253500000000001,0.235,311.3,0.1,-1.678,6.827999999999999,0.1005,311.462,0.1,-1.5225,6.943,0.067,311.291,0.1,-1.2885,6.9105,0.032,311.131,0.1,-1.1360000000000001,7.0035,0.0675,311.148,0.1,-1.031,6.98,0.113,311.115,0.1,-1.27,6.852,0.1255,311.367,0.1,-2.009,6.253500000000001,-0.013,312.109,0.1,-2.3305,5.888,-0.2325,311.911,0.1,-2.005,6.563,0.49549999999999994,310.932,0.148,-1.7145000000000001,6.4185,-0.15250000000000002,311.869,0.1,-1.4609999999999999,6.8485,-0.078,311.283,0.1,-1.3685,6.9135,-0.097,311.43,0.1,-1.385,7.2345,-0.059,311.127,0.1,-1.311,7.160500000000001,0.1325,311.202,0.1,-1.1720000000000002,6.8915,0.13,311.371,0.1,
-1.862,7.0015,0.1285,311.515,0.1,-1.843,6.6925,0.08499999999999999,311.699,0.1,-1.721,6.807,0.08299999999999999,311.561,0.1,-1.44,6.963,0.033,311.369,0.1,-1.1735,7.1135,0.004999999999999999,311.356,0.1,-0.883,7.1899999999999995,0.0665,311.211,0.1,-0.8875,7.0,0.0615,311.339,0.1,-1.577,6.26,0.058499999999999996,311.823,0.1,-2.1895,5.5305,-0.134,312.103,0.1,-2.0765000000000002,6.317,0.20600000000000002,311.539,0.1,-1.704,6.2435,-0.0945,311.695,0.1,-1.403,6.718,-0.011000000000000001,311.393,0.1,-1.3185,6.822,-0.07,311.376,0.1,-1.324,7.2005,-0.0085,311.023,0.1,-1.286,7.086,0.16999999999999998,311.093,0.1,-1.2135,6.811999999999999,0.137,311.327,0.1,
-1.673,6.6865000000000006,0.059000000000000004,311.641,0.1,-1.8635,6.355499999999999,0.11649999999999999,311.872,0.1,-1.9385,6.3774999999999995,0.052500000000000005,312.009,0.1,-1.7890000000000001,6.647,-0.052000000000000005,311.933,0.1,-1.472,6.9765,-0.1,311.66,0.1,-1.076,7.2085,0.0005000000000000004,311.414,0.1,-0.81,7.1925,-0.012,311.284,0.1,-1.084,6.705500000000001,0.15500000000000003,311.382,0.1,-1.778,5.748,0.0135,311.871,0.1,-2.0455,6.1,0.003999999999999999,311.929,0.1,-1.725,6.33,0.001,311.619,0.1,-1.444,6.603,-0.0185,311.614,0.1,-1.423,6.816,-0.0945,311.412,0.1,-1.4449999999999998,7.0865,-0.038,311.127,0.1,-1.3900000000000001,7.0055,0.13,311.127,0.1,-1.2415,6.795,0.112,311.292,0.1,
-1.4285,6.666,0.1095,311.466,0.1,-1.6055,6.2989999999999995,0.1295,311.683,0.1,-1.7650000000000001,6.133,-0.0395,312.011,0.1,-1.8450000000000002,6.279,-0.1885,312.087,0.1,-1.666,6.705500000000001,-0.1805,311.735,0.1,-1.342,7.032,-0.07750000000000001,311.479,0.1,-1.014,7.262499999999999,-0.0115,311.25,0.1,-0.9670000000000001,7.1225000000000005,0.16799999999999998,311.177,0.1,-1.3865,6.397,0.11299999999999999,311.562,0.1,-1.691,6.3,0.0275,311.806,0.1,-1.5630000000000002,6.479,0.016,311.711,0.1,-1.467,6.609999999999999,-0.101,311.711,0.1,-1.5535,6.896,-0.2015,311.499,0.1,-1.616,7.0329999999999995,-0.1215,311.292,0.1,-1.565,6.962,0.0735,311.214,0.1,-1.365,6.737,0.122,311.328,0.1,
-1.3145,6.852499999999999,0.1085,311.295,0.1,-1.381,6.547000000000001,0.049,311.498,0.1,-1.4485,6.3004999999999995,-0.0795,311.697,0.1,-1.509,6.327,-0.1475,311.711,0.1,-1.4465,6.605,-0.1365,311.563,0.1,-1.3195,6.885,-0.0885,311.427,0.1,-1.1785,7.16,0.0095,311.334,0.1,-1.1085,7.1899999999999995,0.08449999999999999,311.284,0.1,-1.2475,6.861000000000001,0.0955,311.501,0.1,-1.351,6.5865,0.0395,311.656,0.1,-1.2610000000000001,6.49,-0.036,311.669,0.1,-1.27,6.5695,-0.16549999999999998,311.537,0.1,-1.4785,6.7775,-0.16899999999999998,311.341,0.1,-1.6075,6.85,-0.008,311.251,0.1,-1.537,7.0015,0.1295,311.138,0.1,-1.3940000000000001,6.658,0.136,311.349,0.1,
-1.322,6.8735,0.0335,311.336,0.1,-1.2785,6.771,0.0415,311.417,0.1,-1.2175,6.7575,0.10350000000000001,311.339,0.1,-1.1385,6.714499999999999,0.0275,311.348,0.1,-1.0545,6.7695,0.022,311.318,0.1,-1.0619999999999998,6.8469999999999995,0.022,311.331,0.1,-1.167,6.907500000000001,-0.0045000000000000005,311.475,0.1,-1.2665000000000002,6.9135,0.02,311.539,0.1,-1.3525,6.802,0.0625,311.596,0.1,-1.2995,6.571,0.0034999999999999996,311.54,0.1,-1.0935,6.415,-0.068,311.412,0.1,-1.0255,6.4025,-0.0395,311.147,0.1,-1.238,6.3885000000000005,0.177,310.995,0.1,-1.4645,6.368,0.1855,311.245,0.1,-1.4169999999999998,7.0145,0.019000000000000003,311.274,0.1,-1.2715,6.781000000000001,0.0045000000000000005,311.33,0.1,
-1.3944999999999999,6.7235,0.0235,311.427,0.1,-1.2770000000000001,6.788,0.099,311.392,0.1,-1.1215000000000002,7.134499999999999,0.022,311.327,0.1,-1.0165,7.018,0.0535,311.271,0.1,-0.9339999999999999,6.96,0.136,311.195,0.1,-0.9855,6.8275,0.1345,311.307,0.1,-1.1764999999999999,6.633,0.0010000000000000009,311.567,0.1,-1.3325,6.601,0.046,311.597,0.1,-1.452,6.5095,0.07100000000000001,311.584,0.1,-1.425,6.381,-0.009999999999999998,311.476,0.1,-1.181,6.4105,-0.042499999999999996,311.158,0.1,-0.9895,6.313000000000001,0.184,310.867,0.1,-1.032,6.063,0.496,311.035,0.1,-1.2770000000000001,5.8995,0.065,311.523,0.1,-1.4585,6.8415,-0.27149999999999996,311.618,0.1,-1.3645,7.004,-0.1225,311.508,0.1,
-1.2734999999999999,6.801,0.0795,311.347,0.1,-1.206,6.627,-0.0965,311.456,0.1,-1.226,6.8485,-0.21700000000000003,311.607,0.1,-1.1985000000000001,7.07,-0.0245,311.343,0.1,-1.153,7.008,0.1025,311.268,0.1,-1.2135,6.821999999999999,0.137,311.394,0.1,-1.288,6.5465,0.075,311.541,0.1,-1.304,6.5215,0.0905,311.464,0.1,-1.376,6.3895,0.07450000000000001,311.494,0.1,-1.476,6.2725,-0.0025000000000000005,311.533,0.1,-1.359,6.4345,-0.028999999999999998,311.211,0.1,-1.0819999999999999,6.397500000000001,0.252,310.942,0.1,-0.968,5.9885,0.456,311.494,0.1,-1.1800000000000002,5.7115,-0.236,311.881,0.1,-1.5805,6.59,-0.23399999999999999,311.641,0.1,-1.7035,6.9405,-0.08199999999999999,311.908,0.1,
-1.1960000000000002,7.0965,0.0695,311.19,0.1,-1.0415,6.558999999999999,-0.3795,311.225,0.1,-0.904,6.4725,0.444,310.611,0.1,-1.021,7.15,0.0965,311.163,0.1,-1.263,7.0675,-0.0025000000000000005,311.327,0.1,-1.387,6.926,0.094,311.423,0.1,-1.3479999999999999,6.686999999999999,0.162,311.413,0.1,-1.2429999999999999,6.5845,0.11599999999999999,311.39,0.1,-1.2149999999999999,6.475,0.065,311.443,0.1,-1.3479999999999999,6.354,0.02,311.536,0.1,-1.366,6.411,-0.013,311.461,0.1,-1.041,6.490500000000001,0.1895,311.188,0.1,-0.929,6.0615,0.272,311.71,0.1,-1.3065,5.6555,-0.34550000000000003,312.122,0.1,-1.8075,6.301,-0.073,311.674,0.1,-1.9805000000000001,6.568,-0.0885,312.033,0.1,
-1.6825,7.0645,0.010499999999999999,311.399,0.1,-1.238,6.725,-0.319,310.706,0.1,-0.2615,7.0745000000000005,1.1775,309.036,0.102,-0.43050000000000005,7.416,0.2255,310.889,0.1,-1.1385,7.2445,-0.087,311.283,0.1,-1.3835,7.099,0.1215,311.294,0.1,-1.367,6.8525,0.203,311.294,0.1,-1.21,6.5965,0.14150000000000001,311.384,0.1,-1.0385,6.5975,0.0915,311.365,0.1,-1.067,6.6275,0.0875,311.338,0.1,-1.1665,6.479,0.0735,311.507,0.1,-0.917,6.5125,0.1405,311.365,0.1,-0.8069999999999999,6.2035,0.1725,311.555,0.1,-1.3664999999999998,5.6675,-0.22599999999999998,312.028,0.1,-2.016,5.946,-0.155,311.962,0.1,-2.056,6.272,-0.1725,311.705,0.1,
-2.0115,6.887,0.0005000000000000004,311.868,0.1,-1.649,6.847,-0.151,310.95,0.1,-0.496,7.676,0.7475,309.266,0.101,-0.566,7.574,0.11499999999999999,311.244,0.1,-1.196,7.352,-0.0635,311.177,0.1,-1.427,7.18,0.21400000000000002,311.139,0.1,-1.454,6.908,0.2415,311.212,0.1,-1.1935,6.577,0.1795,311.295,0.1,-0.853,6.648,0.164,311.207,0.1,-0.7809999999999999,6.807,0.1205,311.125,0.1,-0.9235,6.566,0.1565,311.338,0.1,-0.855,6.516,0.118,311.409,0.1,-0.7304999999999999,6.291,0.119,311.368,0.1,-1.1345,5.71,-0.0445,311.633,0.1,-1.746,5.767,-0.156,311.802,0.1,-1.8245,6.201,-0.145,311.428,0.1,
-2.0235000000000003,6.2425,-0.0005000000000000004,311.713,0.1,-1.9275,6.397,0.043,311.739,0.1,-1.994,6.4155,0.017,311.74,0.1,-2.0765000000000002,6.420999999999999,0.075,311.688,0.1,-2.032,6.395,0.07450000000000001,311.672,0.1,-1.8605,6.4355,0.058499999999999996,311.639,0.1,-1.7145,6.4625,0.0975,311.634,0.1,-1.716,6.359999999999999,-0.0105,311.782,0.1,-1.7770000000000001,6.292,-0.045,311.719,0.1,-1.7894999999999999,6.310499999999999,0.017,311.638,0.1,-1.7654999999999998,6.3035,-0.004,311.687,0.1,-1.8045,6.140000000000001,0.004,311.738,0.1,-1.899,5.8655,0.016,311.749,0.1,-1.8535,5.8475,0.0225,311.741,0.1,-1.698,5.9665,0.01,311.722,0.1,-1.5675,5.834,-0.0375,311.727,0.1,
-2.119,6.2395,-0.016,311.76,0.1,-1.9100000000000001,6.4765,0.07999999999999999,311.68,0.1,-1.9060000000000001,6.3420000000000005,0.06,311.7,0.1,-1.967,6.349,0.137,311.649,0.1,-1.985,6.261,0.1,311.74,0.1,-1.924,6.25,-0.004,311.742,0.1,-1.809,6.3185,0.0085,311.672,0.1,-1.7315,6.3225,0.109,311.63,0.1,-1.676,6.3595,0.197,311.544,0.1,-1.6995,6.391,0.10300000000000001,311.599,0.1,-1.807,6.2945,-0.05,311.701,0.1,-1.8605,6.3149999999999995,0.0085,311.604,0.1,-1.8745,6.162,0.0315,311.644,0.1,-1.8545,6.037,0.024,311.694,0.1,-1.7415,5.9559999999999995,0.058499999999999996,311.696,0.1,-1.5205,5.8645,0.0545,311.646,0.1,
-2.1335,6.128,0.0395,311.859,0.1,-2.012,6.3655,0.042,311.701,0.1,-1.9100000000000001,6.3065,0.0825,311.686,0.1,-1.8780000000000001,6.298,0.1,311.694,0.1,-1.8519999999999999,6.243,0.083,311.748,0.1,-1.831,6.228999999999999,-0.0295,311.745,0.1,-1.79,6.3134999999999994,-0.034,311.617,0.1,-1.7445,6.3985,0.2005,311.457,0.1,-1.733,6.428,0.1975,311.689,0.1,-1.77,6.485,-0.046,311.766,0.1,-1.847,6.286,-0.0215,311.626,0.1,-1.896,6.3115,-0.0015,311.596,0.1,-1.93,6.3345,-0.0195,311.636,0.1,-1.9555,6.145,-0.006,311.721,0.1,-1.8225,6.029,0.072,311.713,0.1,-1.5105,5.942500000000001,0.1055,311.681,0.1,
-1.9455,6.239000000000001,0.1195,311.85,0.1,-2.04,6.105,0.005,311.798,0.1,-1.935,6.2215,0.0775,311.694,0.1,-1.813,6.2395,0.055,311.699,0.1,-1.7189999999999999,6.272,0.048,311.686,0.1,-1.682,6.278499999999999,-0.013999999999999999,311.666,0.1,-1.7080000000000002,6.373,0.041999999999999996,311.546,0.1,-1.8105,6.4,0.202,311.551,0.1,-2.0505,6.2085,-0.0885,312.088,0.1,-2.1399999999999997,6.2615,-0.11449999999999999,312.015,0.1,-1.963,6.2625,0.0095,311.638,0.1,-1.8615,6.249499999999999,-0.067,311.647,0.1,-1.9255,6.407,-0.061,311.663,0.1,-1.965,6.286,-0.046,311.697,0.1,-1.8010000000000002,6.2315000000000005,0.08149999999999999,311.68,0.1,-1.463,6.0885,0.1255,311.718,0.1,
-1.841,6.526,0.176,311.681,0.1,-1.9415,6.037000000000001,0.075,311.769,0.1,-1.8595000000000002,6.140499999999999,0.049,311.671,0.1,-1.698,6.207,0.055,311.572,0.1,-1.573,6.332,0.0615,311.542,0.1,-1.5215,6.329000000000001,0.054000000000000006,311.539,0.1,-1.6355,6.343500000000001,0.1205,311.606,0.1,-1.9535,6.1114999999999995,0.127,311.985,0.1,-2.2670000000000003,5.7620000000000005,-0.225,312.103,0.1,-2.2670000000000003,5.947,0.1865,311.722,0.1,-2.0045,6.08,-0.048,311.9,0.1,-1.806,6.223,-0.11549999999999999,311.634,0.1,-1.8295,6.404999999999999,-0.09,311.684,0.1,-1.863,6.4625,-0.0765,311.591,0.1,-1.7115,6.436,0.10350000000000001,311.592,0.1,-1.4375,6.2155000000000005,0.11449999999999999,311.694,0.1,
-1.9545,6.635,0.226,311.581,0.1,-1.882,6.163,0.1395,311.729,0.1,-1.794,6.156499999999999,0.0485,311.641,0.1,-1.63,6.2415,0.0345,311.5,0.1,-1.4785,6.417,0.0645,311.482,0.1,-1.3435000000000001,6.4495000000000005,0.0885,311.452,0.1,-1.4665,6.3485,0.11449999999999999,311.644,0.1,-2.0140000000000002,5.795999999999999,0.051000000000000004,312.229,0.1,-2.333,5.33,-0.1675,312.108,0.1,-2.142,5.7989999999999995,0.33399999999999996,311.412,0.13,-1.912,5.781,-0.123,312.049,0.1,-1.741,6.16,-0.058,311.599,0.1,-1.7149999999999999,6.3245,-0.0905,311.663,0.1,-1.7425,6.5725,-0.049,311.446,0.1,-1.6480000000000001,6.496,0.14200000000000002,311.503,0.1,-1.4825,6.23,0.11549999999999999,311.655,0.1,
-2.0485,6.436,0.172,311.735,0.1,-1.9820000000000002,6.119,0.119,311.898,0.1,-1.896,6.105,0.0685,311.824,0.1,-1.7189999999999999,6.2485,0.0135,311.688,0.1,-1.5305,6.452999999999999,-0.0115,311.658,0.1,-1.2959999999999998,6.59,0.0235,311.539,0.1,-1.2595,6.484999999999999,0.031,311.625,0.1,-1.7469999999999999,5.864,0.0575,312.002,0.1,-2.235,5.148,-0.088,312.239,0.1,-2.1885,5.6285,0.109,311.848,0.1,-1.9124999999999999,5.6235,-0.088,311.932,0.1,-1.7,6.0335,0.001,311.688,0.1,-1.6715,6.2065,-0.0665,311.641,0.1,-1.694,6.538,0.012,311.362,0.1,-1.629,6.442,0.1785,311.425,0.1,-1.5095,6.193,0.1325,311.617,0.1,
-1.9355,6.1575,0.11100000000000002,311.842,0.1,-2.0135,5.902,0.1255,312.023,0.1,-2.0250000000000004,5.891,0.0475,312.134,0.1,-1.9235000000000002,6.0795,-0.083,312.088,0.1,-1.7240000000000002,6.3629999999999995,-0.1285,311.883,0.1,-1.449,6.5969999999999995,-0.0525,311.687,0.1,-1.246,6.6335,-0.027500000000000004,311.579,0.1,-1.4369999999999998,6.242,0.123,311.662,0.1,-1.9485000000000001,5.406499999999999,0.0385,312.047,0.1,-2.153,5.5425,-0.0235,312.103,0.1,-1.923,5.71,-0.0125,311.874,0.1,-1.7385,5.9795,-0.0355,311.857,0.1,-1.7650000000000001,6.1915,-0.10700000000000001,311.702,0.1,-1.7985,6.435499999999999,-0.034,311.47,0.1,-1.7225,6.361,0.122,311.471,0.1,-1.5425,6.1739999999999995,0.11599999999999999,311.597,0.1,
-1.79,6.1015,0.1185,311.743,0.1,-1.8565,5.843999999999999,0.1205,311.896,0.1,-1.907,5.7595,-0.0345,312.121,0.1,-1.954,5.8735,-0.199,312.172,0.1,-1.8555,6.1995000000000005,-0.192,311.914,0.1,-1.6404999999999998,6.474,-0.0915,311.719,0.1,-1.405,6.6655,-0.004,311.544,0.1,-1.3695,6.548,0.154,311.496,0.1,-1.6635,5.9345,0.1335,311.797,0.1,-1.863,5.76,0.0325,311.985,0.1,-1.7535,5.874,-0.01,311.923,0.1,-1.713,6.047000000000001,-0.135,311.913,0.1,-1.8495,6.2755,-0.20450000000000002,311.757,0.1,-1.9409999999999998,6.3675,-0.122,311.604,0.1,-1.8795,6.292,0.046,311.547,0.1,-1.6564999999999999,6.112,0.11599999999999999,311.626,0.1,
-1.7155,6.2605,0.08549999999999999,311.633,0.1,-1.7185000000000001,6.0120000000000005,0.023,311.778,0.1,-1.7195,5.858499999999999,-0.0905,311.897,0.1,-1.7445,5.911,-0.1405,311.877,0.1,-1.709,6.1325,-0.1255,311.759,0.1,-1.626,6.359,-0.057999999999999996,311.655,0.1,-1.5285,6.541,0.038,311.592,0.1,-1.4805000000000001,6.5385,0.10400000000000001,311.568,0.1,-1.57,6.2555,0.11649999999999999,311.742,0.1,-1.6005,5.993,0.05,311.868,0.1,-1.4815,5.93,-0.068,311.881,0.1,-1.5005000000000002,6.0675,-0.188,311.759,0.1,-1.7365,6.2010000000000005,-0.125,311.594,0.1,-1.9060000000000001,6.1995000000000005,0.0335,311.541,0.1,-1.8665,6.3055,0.1085,311.487,0.1,-1.7055,6.0445,0.12,311.647,0.1,
-1.7075,6.318,0.0145,311.639,0.1,-1.655,6.2105,-0.0014999999999999996,311.704,0.1,-1.5895000000000001,6.176,0.058499999999999996,311.635,0.1,-1.517,6.1685,0.0205,311.615,0.1,-1.456,6.22,0.02,311.579,0.1,-1.4575,6.291,0.044,311.579,0.1,-1.5245000000000002,6.291,0.0405,311.691,0.1,-1.5975000000000001,6.255,0.048,311.754,0.1,-1.6575,6.1615,0.07949999999999999,311.811,0.1,-1.587,5.9695,0.013999999999999999,311.792,0.1,-1.3715,5.9015,-0.1015,311.695,0.1,-1.2879999999999998,5.977499999999999,-0.054,311.455,0.1,-1.4885,5.9045000000000005,0.237,311.321,0.1,-1.7245,5.806,0.262,311.549,0.1,-1.742,6.336,0.0505,311.588,0.1,-1.639,6.138,0.0095,311.644,0.1,
-1.755,6.182499999999999,0.016,311.681,0.1,-1.646,6.265000000000001,0.08499999999999999,311.642,0.1,-1.513,6.509,0.03,311.602,0.1,-1.4460000000000002,6.390000000000001,0.0485,311.568,0.1,-1.4045,6.3185,0.11349999999999999,311.509,0.1,-1.432,6.234999999999999,0.127,311.579,0.1,-1.5425,6.057,0.033,311.775,0.1,-1.6415,5.9885,0.0505,311.81,0.1,-1.7269999999999999,5.9265,0.0865,311.806,0.1,-1.7105000000000001,5.8375,0.0065,311.747,0.1,-1.495,5.922499999999999,-0.067,311.511,0.1,-1.2694999999999999,5.945,0.1585,311.252,0.1,-1.2814999999999999,5.666,0.5185,311.391,0.1,-1.5345,5.4015,0.1305,311.832,0.1,-1.7454999999999998,6.1995000000000005,-0.2165,311.871,0.1,-1.7094999999999998,6.314,-0.099,311.763,0.1,
-1.658,6.1775,0.089,311.636,0.1,-1.578,6.1135,-0.049499999999999995,311.688,0.1,-1.5605,6.379,-0.185,311.786,0.1,-1.5705,6.458,0.003000000000000001,311.615,0.1,-1.577,6.327999999999999,0.1035,311.58,0.1,-1.616,6.216,0.1215,311.672,0.1,-1.6349999999999998,6.01,0.0725,311.776,0.1,-1.6124999999999998,5.9695,0.07700000000000001,311.724,0.1,-1.6495,5.872999999999999,0.08549999999999999,311.747,0.1,-1.7429999999999999,5.8025,0.0205,311.781,0.1,-1.657,5.967,-0.0275,311.538,0.1,-1.3585,6.0275,0.21600000000000003,311.321,0.1,-1.214,5.6385000000000005,0.4405,311.757,0.1,-1.4565000000000001,5.2195,-0.186,312.109,0.1,-1.8359999999999999,5.9475,-0.236,311.91,0.1,-1.9364999999999999,6.2725,-0.07400000000000001,312.042,0.1,
-1.545,6.3915,0.1185,311.539,0.1,-1.4545,5.962,-0.3305,311.576,0.1,-1.336,6.108499999999999,0.292,311.081,0.1,-1.419,6.5625,0.1175,311.472,0.1,-1.625,6.377,0.039,311.628,0.1,-1.733,6.293,0.092,311.708,0.1,-1.681,6.118,0.1515,311.686,0.1,-1.5555,6.0645,0.11,311.662,0.1,-1.5070000000000001,5.992,0.0525,311.712,0.1,-1.621,5.904,0.034,311.776,0.1,-1.6520000000000001,5.951,0.015000000000000001,311.715,0.1,-1.355,6.0685,0.15899999999999997,311.511,0.1,-1.2075,5.7204999999999995,0.242,311.906,0.1,-1.5385,5.2204999999999995,-0.30000000000000004,312.243,0.1,-1.979,5.692500000000001,-0.1135,311.934,0.1,-2.1245000000000003,5.965,-0.10550000000000001,312.169,0.1,
-1.8255,6.4315,0.091,311.695,0.1,-1.589,6.035,-0.3155,311.232,0.1,-0.8965000000000001,6.4879999999999995,0.879,309.958,0.101,-0.982,6.794499999999999,0.22,311.286,0.1,-1.499,6.5504999999999995,-0.039,311.589,0.1,-1.705,6.4315,0.14250000000000002,311.603,0.1,-1.6855,6.195,0.217,311.607,0.1,-1.533,6.025,0.1465,311.664,0.1,-1.3865,6.089,0.056499999999999995,311.652,0.1,-1.415,6.1114999999999995,0.0765,311.626,0.1,-1.498,5.975,0.105,311.753,0.1,-1.2945,6.015499999999999,0.1295,311.654,0.1,-1.169,5.816,0.14500000000000002,311.784,0.1,-1.5710000000000002,5.3315,-0.198,312.143,0.1,-2.091,5.471500000000001,-0.16949999999999998,312.136,0.1,-2.1885,5.704000000000001,-0.193,311.972,0.1,
-2.043,6.343,0.0615,312.037,0.1,-1.8735,6.133,-0.1525,311.391,0.1,-1.0905,6.892,0.5555,310.148,0.1,-1.1075,6.922,0.099,311.566,0.1,-1.5445,6.66,-0.033,311.498,0.1,-1.7145000000000001,6.501,0.252,311.47,0.1,-1.7315,6.203,0.27249999999999996,311.562,0.1,-1.5434999999999999,5.952,0.175,311.641,0.1,-1.2915,6.108,0.112,311.546,0.1,-1.232,6.237,0.0975,311.466,0.1,-1.3335,6.023,0.1635,311.635,0.1,-1.2839999999999998,5.978,0.118,311.699,0.1,-1.172,5.862,0.10300000000000001,311.661,0.1,-1.4249999999999998,5.416,-0.041499999999999995,311.844,0.1,-1.8745,5.381,-0.14500000000000002,311.991,0.1,-2.0005,5.639,-0.1425,311.757,0.1,
-2.313,5.593,-0.0335,311.963,0.1,-2.1845,5.83,0.035,311.933,0.1,-2.2125,5.8065,0.027,311.942,0.1,-2.314,5.7275,0.0805,311.938,0.1,-2.3245,5.6274999999999995,0.0915,311.965,0.1,-2.2145,5.626,0.0575,311.952,0.1,-2.0949999999999998,5.705,0.097,311.931,0.1,-2.0865,5.6685,0.0165,312.033,0.1,-2.1455,5.6015,-0.043,312.007,0.1,-2.162,5.635,0.006500000000000001,311.942,0.1,-2.138,5.6875,-0.0195,311.969,0.1,-2.1550000000000002,5.59,-0.012,312.001,0.1,-2.1870000000000003,5.368,-0.006499999999999999,312.005,0.1,-2.0985,5.311,0.03,311.989,0.1,-1.9375,5.3285,0.0015,311.983,0.1,-1.8015,5.232,-0.057,311.993,0.1,
-2.3745000000000003,5.6295,-0.03,311.988,0.1,-2.2055,5.904,0.0635,311.911,0.1,-2.1479999999999997,5.843500000000001,0.062,311.916,0.1,-2.176,5.782,0.145,311.909,0.1,-2.223,5.6225000000000005,0.11199999999999999,312.017,0.1,-2.234,5.522,0.0,312.065,0.1,-2.187,5.568,-0.006500000000000001,312.02,0.1,-2.1384999999999996,5.618,0.1105,311.965,0.1,-2.1014999999999997,5.6259999999999994,0.2015,311.912,0.1,-2.1105,5.649,0.099,311.95,0.1,-2.18,5.6515,-0.06,311.994,0.1,-2.232,5.692,0.002,311.926,0.1,-2.2305,5.5925,0.038000000000000006,311.955,0.1,-2.1505,5.487,0.038,311.981,0.1,-1.9955,5.3815,0.0335,311.978,0.1,-1.8054999999999999,5.281000000000001,0.031,311.944,0.1,
-2.3375,5.624499999999999,0.069,312.036,0.1,-2.2685,5.8035,0.0415,311.94,0.1,-2.1550000000000002,5.8565000000000005,0.0815,311.917,0.1,-2.064,5.852,0.108,311.934,0.1,-2.0265,5.73,0.08499999999999999,311.999,0.1,-2.0774999999999997,5.619,-0.0285,312.041,0.1,-2.1515,5.614,-0.042499999999999996,311.986,0.1,-2.1525,5.6745,0.20350000000000001,311.858,0.1,-2.1115,5.6675,0.241,311.998,0.1,-2.1310000000000002,5.724,-0.002,312.059,0.1,-2.208,5.6285,-0.0245,311.969,0.1,-2.26,5.6995000000000005,-0.002,311.93,0.1,-2.2855,5.7365,-0.0024999999999999996,311.963,0.1,-2.2560000000000002,5.577500000000001,-0.0075,312.021,0.1,-2.08,5.459,0.043500000000000004,312.004,0.1,-1.8205,5.3215,0.075,311.98,0.1,
-2.177,5.7425,0.15000000000000002,312.029,0.1,-2.252,5.543,0.018500000000000003,312.026,0.1,-2.1715,5.7059999999999995,0.07200000000000001,311.944,0.1,-2.0105,5.834,0.053,311.932,0.1,-1.8719999999999999,5.822,0.0475,311.931,0.1,-1.8555,5.7515,-0.012,311.933,0.1,-1.9665,5.734500000000001,0.062,311.891,0.1,-2.104,5.676,0.248,311.92,0.1,-2.2560000000000002,5.446,-0.013499999999999998,312.254,0.1,-2.3195,5.5435,-0.10200000000000001,312.205,0.1,-2.246,5.5794999999999995,0.0225,311.975,0.1,-2.2104999999999997,5.662000000000001,-0.0645,311.971,0.1,-2.2675,5.823,-0.053500000000000006,311.963,0.1,-2.2735,5.6895,-0.062,312.001,0.1,-2.089,5.609999999999999,0.061,311.979,0.1,-1.7930000000000001,5.407,0.091,312.011,0.1,
-2.1020000000000003,5.9365000000000006,0.1645,311.93,0.1,-2.1630000000000003,5.411,0.099,312.027,0.1,-2.1265,5.467499999999999,0.0365,311.978,0.1,-1.972,5.705,0.0545,311.865,0.1,-1.8025,5.852,0.0605,311.831,0.1,-1.7055,5.836,0.046,311.826,0.1,-1.774,5.787,0.14350000000000002,311.896,0.1,-2.041,5.493,0.21450000000000002,312.205,0.1,-2.3305,5.0535,-0.151,312.285,0.1,-2.362,5.22,0.07350000000000001,312.045,0.1,-2.2,5.4015,-0.0155,312.12,0.1,-2.116,5.596500000000001,-0.10500000000000001,311.953,0.1,-2.173,5.8365,-0.0885,311.937,0.1,-2.1955,5.8305,-0.088,311.899,0.1,-2.0345,5.769,0.0985,311.892,0.1,-1.773,5.5135,0.089,311.983,0.1,
-2.1639999999999997,6.006500000000001,0.2175,311.856,0.1,-2.0855,5.4955,0.178,311.996,0.1,-2.0655,5.3655,0.0295,311.99,0.1,-1.9715,5.5675,0.037,311.869,0.1,-1.8210000000000002,5.830500000000001,0.0615,311.817,0.1,-1.6555,5.9190000000000005,0.0635,311.789,0.1,-1.662,5.845,0.10350000000000001,311.921,0.1,-2.0185,5.3385,0.11499999999999999,312.349,0.1,-2.3310000000000004,4.772,-0.10250000000000001,312.305,0.1,-2.2675,5.0265,0.174,311.883,0.118,-2.1025,5.1385000000000005,-0.093,312.218,0.1,-2.0215,5.471500000000001,-0.038,311.914,0.1,-2.0625,5.7364999999999995,-0.08399999999999999,311.896,0.1,-2.1005000000000003,5.9105,-0.039,311.765,0.1,-1.9845000000000002,5.8309999999999995,0.1515,311.805,0.1,-1.7930000000000001,5.568,0.101,311.938,0.1,
-2.231,5.865,0.2155,311.949,0.1,-2.1189999999999998,5.541,0.15300000000000002,312.094,0.1,-2.069,5.3934999999999995,0.054,312.08,0.1,-1.997,5.5195,-0.0055,312.003,0.1,-1.888,5.788,-0.027999999999999997,311.96,0.1,-1.709,5.9864999999999995,-0.02,311.866,0.1,-1.6315,5.97,0.001,311.911,0.1,-1.9175,5.468,0.0565,312.181,0.1,-2.2744999999999997,4.765499999999999,-0.042,312.375,0.1,-2.2935,4.9375,0.013499999999999998,312.142,0.1,-2.1195,5.0025,-0.0815,312.168,0.1,-1.9969999999999999,5.3485,0.013,311.982,0.1,-2.025,5.5915,-0.063,311.906,0.1,-2.0645,5.8755,0.032,311.7,0.1,-1.9729999999999999,5.7985,0.187,311.757,0.1,-1.806,5.574,0.128,311.907,0.1,
-2.2015000000000002,5.627,0.1625,312.04,0.1,-2.1635,5.447,0.1345,312.168,0.1,-2.105,5.4015,0.042499999999999996,312.24,0.1,-2.0505,5.5024999999999995,-0.113,312.219,0.1,-1.9729999999999999,5.7425,-0.157,312.099,0.1,-1.8215,5.980499999999999,-0.10500000000000001,311.956,0.1,-1.6825,6.074999999999999,-0.043,311.874,0.1,-1.79,5.779,0.091,311.941,0.1,-2.1155,5.0649999999999995,0.0635,312.223,0.1,-2.2575000000000003,4.9855,-0.0505,312.267,0.1,-2.1215,5.09,-0.026000000000000002,312.128,0.1,-2.0335,5.356,-0.0525,312.1,0.1,-2.1065,5.567,-0.1195,311.993,0.1,-2.1515,5.785,-0.03,311.813,0.1,-2.0549999999999997,5.7165,0.11399999999999999,311.816,0.1,-1.8439999999999999,5.5525,0.12,311.903,0.1,
-2.152,5.537,0.127,312.02,0.1,-2.109,5.388,0.112,312.107,0.1,-2.046,5.3875,-0.03,312.22,0.1,-2.0545,5.468,-0.209,312.239,0.1,-2.037,5.6915,-0.20350000000000001,312.085,0.1,-1.9355000000000002,5.915,-0.10450000000000001,311.953,0.1,-1.796,6.068,0.004,311.838,0.1,-1.7715,5.974,0.14,311.815,0.1,-1.9405,5.4719999999999995,0.1545,312.033,0.1,-2.0355,5.2195,0.037000000000000005,312.164,0.1,-1.944,5.2684999999999995,-0.035500000000000004,312.135,0.1,-1.9595,5.484500000000001,-0.16849999999999998,312.115,0.1,-2.1455,5.654999999999999,-0.2075,312.016,0.1,-2.2655,5.7025,-0.1225,311.915,0.1,-2.194,5.622,0.018000000000000002,311.88,0.1,-1.948,5.4865,0.11,311.924,0.1,
-2.117,5.668,0.0625,311.972,0.1,-2.056,5.4765,-0.003,312.058,0.1,-1.99,5.416,-0.1015,312.096,0.1,-1.9795,5.4955,-0.1335,312.042,0.1,-1.9715,5.6594999999999995,-0.11449999999999999,311.954,0.1,-1.9325,5.834,-0.027499999999999997,311.884,0.1,-1.8780000000000001,5.921,0.066,311.851,0.1,-1.8530000000000002,5.887499999999999,0.124,311.852,0.1,-1.8925,5.6505,0.138,311.984,0.1,-1.85,5.3985,0.06,312.081,0.1,-1.7025,5.369,-0.0995,312.092,0.1,-1.7315,5.5655,-0.21000000000000002,311.982,0.1,-1.995,5.624,-0.08149999999999999,311.847,0.1,-2.2039999999999997,5.5485,0.075,311.832,0.1,-2.1959999999999997,5.609999999999999,0.0875,311.835,0.1,-2.0175,5.4305,0.10400000000000001,311.944,0.1,
-2.0934999999999997,5.7625,-0.0045000000000000005,311.941,0.1,-2.032,5.65,-0.0445,311.991,0.1,-1.9615,5.5945,0.013999999999999999,311.932,0.1,-1.8955,5.6225000000000005,0.013500000000000002,311.882,0.1,-1.8585,5.669499999999999,0.0175,311.84,0.1,-1.854,5.7355,0.066,311.827,0.1,-1.8825,5.6745,0.08499999999999999,311.907,0.1,-1.929,5.5975,0.076,311.97,0.1,-1.963,5.521,0.0965,312.026,0.1,-1.875,5.3675,0.024,312.045,0.1,-1.65,5.387499999999999,-0.135,311.978,0.1,-1.551,5.552,-0.068,311.764,0.1,-1.7395,5.42,0.2965,311.648,0.1,-1.9845000000000002,5.2435,0.3385,311.852,0.1,-2.067,5.657500000000001,0.082,311.903,0.1,-2.0065,5.4945,0.0145,311.958,0.1,
-2.1155,5.642,0.0085,311.936,0.1,-2.015,5.741,0.07100000000000001,311.893,0.1,-1.904,5.884,0.038000000000000006,311.878,0.1,-1.875,5.7620000000000005,0.0435,311.865,0.1,-1.8755000000000002,5.6765,0.091,311.822,0.1,-1.8785,5.6425,0.1195,311.852,0.1,-1.9075,5.481,0.065,311.984,0.1,-1.9505,5.3765,0.055,312.022,0.1,-2.0020000000000002,5.343,0.10200000000000001,312.028,0.1,-1.996,5.2940000000000005,0.0235,312.019,0.1,-1.8094999999999999,5.4345,-0.0915,311.863,0.1,-1.5495,5.577500000000001,0.133,311.638,0.1,-1.5305,5.269,0.541,311.748,0.1,-1.7915,4.9030000000000005,0.196,312.14,0.1,-2.0330000000000004,5.558,-0.1615,312.125,0.1,-2.055,5.622999999999999,-0.0755,312.018,0.1,
-2.0425,5.5535,0.099,311.926,0.1,-1.9495,5.5995,-0.0024999999999999988,311.92,0.1,-1.8944999999999999,5.91,-0.15350000000000003,311.965,0.1,-1.9415,5.8454999999999995,0.031,311.888,0.1,-2.001,5.648,0.1045,311.891,0.1,-2.019,5.6105,0.10650000000000001,311.949,0.1,-1.982,5.473,0.0695,312.011,0.1,-1.9209999999999998,5.417999999999999,0.0635,311.984,0.1,-1.923,5.3565000000000005,0.096,311.999,0.1,-2.01,5.332,0.0435,312.029,0.1,-1.955,5.5,-0.026000000000000002,311.866,0.1,-1.6345,5.6579999999999995,0.1795,311.7,0.1,-1.459,5.2875,0.425,312.021,0.1,-1.7325,4.726,-0.136,312.337,0.1,-2.0905,5.301,-0.2375,312.179,0.1,-2.1685,5.5985,-0.0665,312.174,0.1,
-1.8944999999999999,5.686,0.16699999999999998,311.887,0.1,-1.8675,5.365,-0.2815,311.927,0.1,-1.7675,5.7385,0.1405,311.551,0.1,-1.817,5.9665,0.1385,311.781,0.1,-1.9874999999999998,5.6865000000000006,0.0805,311.929,0.1,-2.0795,5.660500000000001,0.0905,311.992,0.1,-2.014,5.5489999999999995,0.14100000000000001,311.959,0.1,-1.8685,5.545,0.1045,311.934,0.1,-1.7995,5.5085,0.04,311.981,0.1,-1.8945,5.452999999999999,0.0485,312.016,0.1,-1.9385,5.4915,0.043000000000000003,311.969,0.1,-1.6735,5.645,0.1285,311.833,0.1,-1.494,5.3774999999999995,0.21150000000000002,312.097,0.1,-1.774,4.785500000000001,-0.254,312.354,0.1,-2.1425,5.0809999999999995,-0.1525,312.177,0.1,-2.257,5.357,-0.121,312.288,0.1,
-1.969,5.795999999999999,0.17149999999999999,311.992,0.1,-1.947,5.3395,-0.3125,311.759,0.1,-1.5390000000000001,5.875500000000001,0.5815,310.899,0.1,-1.534,6.1555,0.216,311.675,0.1,-1.8595000000000002,5.856,0.009000000000000001,311.896,0.1,-2.027,5.7635000000000005,0.16399999999999998,311.912,0.1,-2.005,5.538,0.23149999999999998,311.919,0.1,-1.857,5.454000000000001,0.1515,311.944,0.1,-1.7349999999999999,5.58,0.0215,311.939,0.1,-1.7625000000000002,5.5954999999999995,0.0655,311.914,0.1,-1.8315000000000001,5.4704999999999995,0.137,311.998,0.1,-1.68,5.517,0.1185,311.941,0.1,-1.5419999999999998,5.4275,0.1175,312.011,0.1,-1.778,4.9975000000000005,-0.16999999999999998,312.247,0.1,-2.151,5.005,-0.1825,312.281,0.1,-2.301,5.1375,-0.21300000000000002,312.224,0.1,
-2.073,5.794,0.1225,312.201,0.1,-2.1035,5.408,-0.154,311.822,0.1,-1.693,6.069,0.366,311.05,0.1,-1.649,6.251,0.08499999999999999,311.869,0.1,-1.8925,5.967,-0.002999999999999999,311.819,0.1,-2.0015,5.821,0.2905,311.8,0.1,-2.0085,5.499,0.303,311.913,0.1,-1.8935,5.328,0.17049999999999998,311.986,0.1,-1.73,5.568,0.0605,311.885,0.1,-1.6835,5.668,0.0745,311.807,0.1,-1.7445,5.479,0.17049999999999998,311.932,0.1,-1.7135,5.44,0.1185,311.988,0.1,-1.6165,5.433,0.0865,311.954,0.1,-1.7165,5.124,-0.039,312.053,0.1,-1.994,5.008,-0.133,312.167,0.1,-2.165,5.08,-0.14,312.082,0.1,
-2.6029999999999998,4.943,-0.0615,312.213,0.1,-2.4415,5.2635000000000005,0.0235,312.128,0.1,-2.43,5.198499999999999,0.034,312.144,0.1,-2.5505000000000004,5.0344999999999995,0.08499999999999999,312.188,0.1,-2.617,4.859999999999999,0.10550000000000001,312.257,0.1,-2.569,4.817,0.061,312.265,0.1,-2.4755000000000003,4.947,0.0985,312.228,0.1,-2.4575,4.977,0.0395,312.284,0.1,-2.5140000000000002,4.91,-0.035500000000000004,312.295,0.1,-2.534,4.9595,0.0025,312.246,0.1,-2.5105000000000004,5.072,-0.025500000000000002,312.252,0.1,-2.5060000000000002,5.039,-0.024,312.265,0.1,-2.4755,4.8695,-0.026500000000000003,312.262,0.1,-2.343,4.774,0.025500000000000002,312.236,0.1,-2.176,4.6899999999999995,-0.013,312.244,0.1,-2.035,4.6305,-0.07600000000000001,312.26,0.1,
-2.63,5.019500000000001,-0.039999999999999994,312.216,0.1,-2.5015,5.332000000000001,0.0485,312.142,0.1,-2.3905000000000003,5.345,0.063,312.133,0.1,-2.385,5.2145,0.147,312.169,0.1,-2.46,4.984500000000001,0.1175,312.294,0.1,-2.5435,4.794499999999999,0.0035,312.388,0.1,-2.5655,4.817,-0.015,312.367,0.1,-2.5465,4.9135,0.11,312.3,0.1,-2.528,4.8919999999999995,0.2005,312.28,0.1,-2.5220000000000002,4.9075,0.093,312.301,0.1,-2.5534999999999997,5.009,-0.06,312.288,0.1,-2.6035,5.0685,0.0,312.247,0.1,-2.5860000000000003,5.0225,0.0405,312.267,0.1,-2.4465000000000003,4.9365000000000006,0.041999999999999996,312.268,0.1,-2.249,4.807,0.007500000000000001,312.26,0.1,-2.09,4.697,0.0075,312.241,0.1,
-2.541,5.121,0.0885,312.213,0.1,-2.5250000000000004,5.242,0.046,312.178,0.1,-2.4005,5.406499999999999,0.081,312.149,0.1,-2.25,5.4055,0.1105,312.175,0.1,-2.201,5.2175,0.08149999999999999,312.25,0.1,-2.324,5.0085,-0.031,312.337,0.1,-2.513,4.914,-0.048,312.354,0.1,-2.5605,4.951,0.203,312.259,0.1,-2.4894999999999996,4.907,0.27,312.308,0.1,-2.4909999999999997,4.963,0.0295,312.352,0.1,-2.5685000000000002,4.9704999999999995,-0.0245,312.311,0.1,-2.6245000000000003,5.088,0.0025,312.263,0.1,-2.642,5.138,0.010499999999999999,312.29,0.1,-2.557,5.0095,-0.010499999999999999,312.322,0.1,-2.3369999999999997,4.888999999999999,0.013500000000000002,312.295,0.1,-2.13,4.7005,0.0445,312.278,0.1,
-2.409,5.2455,0.164,312.208,0.1,-2.464,4.9815000000000005,0.037500000000000006,312.254,0.1,-2.4074999999999998,5.1915,0.07200000000000001,312.195,0.1,-2.2075,5.4285,0.052,312.164,0.1,-2.0255,5.3715,0.0435,312.177,0.1,-2.0295,5.2235,-0.014,312.201,0.1,-2.225,5.0965,0.075,312.236,0.1,-2.3975,4.9525,0.2825,312.288,0.1,-2.4615,4.684,0.052000000000000005,312.42,0.1,-2.4985,4.8245000000000005,-0.08449999999999999,312.396,0.1,-2.529,4.896,0.029,312.312,0.1,-2.56,5.074999999999999,-0.057999999999999996,312.295,0.1,-2.6100000000000003,5.2385,-0.0445,312.263,0.1,-2.5825,5.092499999999999,-0.07200000000000001,312.305,0.1,-2.3775,4.9885,0.0385,312.277,0.1,-2.123,4.726,0.056999999999999995,312.303,0.1,
-2.362,5.3465,0.14650000000000002,312.178,0.1,-2.384,4.7845,0.1175,312.286,0.1,-2.3935,4.7945,0.033,312.285,0.1,-2.246,5.202999999999999,0.0555,312.158,0.1,-2.032,5.372,0.056999999999999995,312.12,0.1,-1.8900000000000001,5.3420000000000005,0.036000000000000004,312.114,0.1,-1.913,5.230499999999999,0.1565,312.185,0.1,-2.129,4.875,0.2835,312.426,0.1,-2.395,4.3455,-0.0805,312.468,0.1,-2.458,4.4925,-0.004499999999999999,312.368,0.1,-2.3964999999999996,4.7225,0.0085,312.34,0.1,-2.426,4.97,-0.0945,312.272,0.1,-2.5155000000000003,5.268,-0.07999999999999999,312.19,0.1,-2.527,5.198,-0.092,312.208,0.1,-2.3575,5.1025,0.09,312.192,0.1,-2.1085000000000003,4.811999999999999,0.0635,312.272,0.1,
-2.3745000000000003,5.3774999999999995,0.20400000000000001,312.131,0.1,-2.2895,4.828,0.1995,312.263,0.1,-2.3365,4.5735,0.0155,312.34,0.1,-2.3125,4.894,0.037,312.239,0.1,-2.1635,5.2445,0.055999999999999994,312.152,0.1,-1.968,5.388,0.0385,312.126,0.1,-1.8585,5.3415,0.09,312.199,0.1,-2.023,4.8815,0.16549999999999998,312.469,0.1,-2.3285,4.2145,-0.0425,312.503,0.1,-2.3935,4.2545,0.0555,312.354,0.105,-2.2935,4.496,-0.069,312.386,0.1,-2.3015,4.7829999999999995,-0.0245,312.23,0.1,-2.409,5.148,-0.069,312.129,0.1,-2.4575,5.2485,-0.027000000000000003,312.083,0.1,-2.3209999999999997,5.1665,0.156,312.107,0.1,-2.104,4.906499999999999,0.086,312.221,0.1,
-2.4139999999999997,5.293,0.247,312.164,0.1,-2.2560000000000002,4.9635,0.174,312.289,0.1,-2.2409999999999997,4.6815,0.038,312.337,0.1,-2.2744999999999997,4.7905,-0.0225,312.317,0.1,-2.245,5.123,-0.041499999999999995,312.262,0.1,-2.122,5.3835,-0.056499999999999995,312.194,0.1,-2.0035,5.455500000000001,-0.0275,312.197,0.1,-2.0875,5.073,0.054,312.36,0.1,-2.3135,4.384,-0.0009999999999999992,312.511,0.1,-2.3975,4.2475000000000005,-0.0545,312.436,0.1,-2.3265000000000002,4.382,-0.0805,312.403,0.1,-2.294,4.663,0.0165,312.276,0.1,-2.378,4.976,-0.051500000000000004,312.171,0.1,-2.4345,5.2125,0.0505,312.039,0.1,-2.3165,5.154999999999999,0.19,312.089,0.1,-2.102,4.955500000000001,0.1195,312.197,0.1,
-2.467,5.096500000000001,0.20400000000000001,312.239,0.1,-2.3135000000000003,4.992,0.14,312.314,0.1,-2.185,4.9115,0.0345,312.345,0.1,-2.177,4.9254999999999995,-0.134,312.349,0.1,-2.2220000000000004,5.1225000000000005,-0.1755,312.314,0.1,-2.194,5.3645,-0.14300000000000002,312.226,0.1,-2.1185,5.516,-0.059,312.168,0.1,-2.143,5.316000000000001,0.063,312.221,0.1,-2.2830000000000004,4.724,0.08199999999999999,312.4,0.1,-2.362,4.4295,-0.069,312.432,0.1,-2.3194999999999997,4.47,-0.0455,312.383,0.1,-2.328,4.7315,-0.07150000000000001,312.343,0.1,-2.4485,4.942500000000001,-0.125,312.283,0.1,-2.5045,5.1335,-0.023,312.156,0.1,-2.387,5.0725,0.1065,312.16,0.1,-2.1455,4.9315,0.11549999999999999,312.208,0.1,
-2.5145,4.973000000000001,0.133,312.296,0.1,-2.362,4.932499999999999,0.10350000000000001,312.319,0.1,-2.1855,5.015499999999999,-0.0295,312.319,0.1,-2.1559999999999997,5.0634999999999994,-0.213,312.306,0.1,-2.219,5.184,-0.207,312.255,0.1,-2.2305,5.356,-0.111,312.186,0.1,-2.1870000000000003,5.4704999999999995,0.01,312.131,0.1,-2.1734999999999998,5.3995,0.127,312.134,0.1,-2.2175000000000002,5.0095,0.1665,312.268,0.1,-2.208,4.6795,0.036500000000000005,312.342,0.1,-2.1340000000000003,4.6635,-0.0645,312.347,0.1,-2.205,4.920999999999999,-0.1995,312.317,0.1,-2.4415,5.034000000000001,-0.20600000000000002,312.275,0.1,-2.591,5.0375,-0.11499999999999999,312.227,0.1,-2.509,4.952,0.0005,312.214,0.1,-2.239,4.861000000000001,0.1015,312.221,0.1,
-2.518,5.0760000000000005,0.040499999999999994,312.31,0.1,-2.3935,4.941,-0.027,312.338,0.1,-2.261,4.9745,-0.11299999999999999,312.294,0.1,-2.215,5.0805,-0.1305,312.207,0.1,-2.234,5.187,-0.10450000000000001,312.149,0.1,-2.239,5.3085,-0.002,312.112,0.1,-2.2275,5.3015,0.0905,312.109,0.1,-2.2245,5.2364999999999995,0.14,312.136,0.1,-2.215,5.0455000000000005,0.1535,312.225,0.1,-2.1,4.8045,0.064,312.293,0.1,-1.9235,4.8085,-0.131,312.304,0.1,-1.9620000000000002,5.063000000000001,-0.23249999999999998,312.204,0.1,-2.2525000000000004,5.0465,-0.0435,312.1,0.1,-2.502,4.8985,0.1165,312.122,0.1,-2.526,4.914,0.0745,312.183,0.1,-2.3295000000000003,4.817,0.092,312.242,0.1,
-2.479,5.207,-0.02,312.244,0.1,-2.4085,5.0895,-0.0815,312.278,0.1,-2.3335,5.0135000000000005,-0.028,312.229,0.1,-2.2744999999999997,5.076499999999999,0.002,312.149,0.1,-2.2605,5.12,0.013000000000000001,312.102,0.1,-2.2495000000000003,5.1795,0.08199999999999999,312.075,0.1,-2.2405,5.057499999999999,0.121,312.123,0.1,-2.2605,4.9399999999999995,0.1005,312.185,0.1,-2.268,4.881,0.111,312.241,0.1,-2.163,4.766,0.0305,312.297,0.1,-1.9289999999999998,4.8735,-0.16449999999999998,312.261,0.1,-1.814,5.1265,-0.0865,312.073,0.1,-1.9900000000000002,4.935499999999999,0.3405,311.975,0.1,-2.245,4.6815,0.406,312.156,0.1,-2.3925,4.979,0.10650000000000001,312.217,0.1,-2.374,4.8515,0.0145,312.272,0.1,
-2.476,5.101,0.0095,312.191,0.1,-2.384,5.218,0.0565,312.144,0.1,-2.2954999999999997,5.2585,0.0315,312.153,0.1,-2.304,5.134,0.0345,312.161,0.1,-2.346,5.035,0.07400000000000001,312.135,0.1,-2.3255,5.05,0.113,312.125,0.1,-2.2735,4.9045,0.0875,312.192,0.1,-2.26,4.7645,0.057999999999999996,312.234,0.1,-2.2775,4.76,0.1115,312.25,0.1,-2.2815,4.750500000000001,0.035,312.29,0.1,-2.1235,4.946,-0.11149999999999999,312.216,0.1,-1.83,5.2095,0.1045,312.023,0.1,-1.7805,4.872,0.548,312.104,0.1,-2.049,4.4045000000000005,0.256,312.449,0.1,-2.3200000000000003,4.916,-0.1115,312.379,0.1,-2.4000000000000004,4.932,-0.0625,312.273,0.1,
-2.4269999999999996,4.9295,0.108,312.215,0.1,-2.3209999999999997,5.086,0.032,312.152,0.1,-2.2285000000000004,5.4405,-0.131,312.145,0.1,-2.313,5.233499999999999,0.048,312.16,0.1,-2.4245,4.968,0.1075,312.203,0.1,-2.4210000000000003,5.0045,0.095,312.227,0.1,-2.3285,4.936,0.063,312.246,0.1,-2.2295,4.8665,0.047,312.244,0.1,-2.197,4.84,0.097,312.252,0.1,-2.278,4.862,0.057999999999999996,312.276,0.1,-2.254,5.032,-0.0235,312.193,0.1,-1.9115,5.288,0.14500000000000002,312.079,0.1,-1.7045,4.9365000000000006,0.40249999999999997,312.284,0.1,-2.0085,4.2325,-0.0875,312.566,0.1,-2.3455,4.654,-0.22349999999999998,312.448,0.1,-2.401,4.924,-0.058499999999999996,312.307,0.1,
-2.2435,4.980499999999999,0.1965,312.235,0.1,-2.2805,4.768000000000001,-0.237,312.278,0.1,-2.1995,5.3685,0.026500000000000003,312.021,0.1,-2.215,5.371,0.153,312.09,0.1,-2.3495,4.996,0.112,312.23,0.1,-2.4255,5.027,0.091,312.276,0.1,-2.347,4.98,0.1315,312.232,0.1,-2.181,5.0255,0.096,312.206,0.1,-2.0915,5.025,0.026500000000000003,312.25,0.1,-2.1675000000000004,5.003,0.057499999999999996,312.256,0.1,-2.2245,5.031499999999999,0.068,312.223,0.1,-1.992,5.2215,0.10400000000000001,312.155,0.1,-1.781,5.035,0.1805,312.287,0.1,-2.0095,4.3505,-0.21250000000000002,312.466,0.1,-2.305,4.468999999999999,-0.16999999999999998,312.419,0.1,-2.3895,4.7485,-0.122,312.406,0.1,
-2.112,5.161,0.22899999999999998,312.288,0.1,-2.304,4.644,-0.3005,312.285,0.1,-2.1814999999999998,5.2625,0.34299999999999997,311.841,0.1,-2.0865,5.516,0.2145,312.064,0.1,-2.2199999999999998,5.1615,0.045,312.203,0.1,-2.3485,5.0955,0.1795,312.221,0.1,-2.324,4.8805,0.2425,312.232,0.1,-2.181,4.8825,0.1585,312.224,0.1,-2.084,5.0705,-0.0034999999999999996,312.227,0.1,-2.1105,5.0794999999999995,0.056499999999999995,312.202,0.1,-2.165,4.9665,0.16349999999999998,312.244,0.1,-2.065,5.018,0.112,312.227,0.1,-1.9144999999999999,5.0395,0.0925,312.238,0.1,-1.985,4.6635,-0.14800000000000002,312.35,0.1,-2.2110000000000003,4.538,-0.185,312.427,0.1,-2.4130000000000003,4.571,-0.217,312.477,0.1,
-2.104,5.246,0.172,312.365,0.1,-2.3345,4.683,-0.1485,312.253,0.1,-2.296,5.245,0.21400000000000002,311.951,0.1,-2.191,5.579,0.08299999999999999,312.172,0.1,-2.2409999999999997,5.274,0.02,312.14,0.1,-2.2889999999999997,5.142,0.314,312.131,0.1,-2.2865,4.794,0.322,312.264,0.1,-2.2439999999999998,4.703,0.16999999999999998,312.332,0.1,-2.1685,5.027,0.026000000000000002,312.224,0.1,-2.1345,5.098,0.058499999999999996,312.148,0.1,-2.1550000000000002,4.936,0.176,312.229,0.1,-2.1435000000000004,4.901,0.1205,312.278,0.1,-2.0615,5.004,0.07200000000000001,312.248,0.1,-2.008,4.832,-0.0395,312.262,0.1,-2.1135,4.635,-0.1235,312.343,0.1,-2.3295,4.521,-0.1365,312.407,0.1,
-2.777,4.2645,-0.08099999999999999,312.416,0.1,-2.6305,4.603999999999999,0.006500000000000001,312.316,0.1,-2.597,4.585,0.037,312.322,0.1,-2.6955,4.433,0.088,312.375,0.1,-2.7649999999999997,4.233499999999999,0.11499999999999999,312.455,0.1,-2.737,4.1625,0.07100000000000001,312.472,0.1,-2.6660000000000004,4.269,0.10250000000000001,312.438,0.1,-2.659,4.3004999999999995,0.0565,312.473,0.1,-2.7175000000000002,4.2405,-0.02,312.494,0.1,-2.7439999999999998,4.3,0.0095,312.455,0.1,-2.7395,4.422,-0.0185,312.454,0.1,-2.7365000000000004,4.406,-0.03,312.463,0.1,-2.6725000000000003,4.261,-0.0415,312.457,0.1,-2.5170000000000003,4.16,0.0015000000000000005,312.424,0.1,-2.3545,4.0665,-0.036500000000000005,312.431,0.1,-2.2355,4.0435,-0.093,312.441,0.1,
-2.786,4.356999999999999,-0.044,312.404,0.1,-2.6885,4.645,0.036000000000000004,312.34,0.1,-2.5715,4.7075,0.062,312.32,0.1,-2.54,4.6175,0.1405,312.357,0.1,-2.597,4.409,0.113,312.472,0.1,-2.6799999999999997,4.211,0.006500000000000001,312.57,0.1,-2.7185,4.1985,-0.013000000000000001,312.564,0.1,-2.7220000000000004,4.2555,0.1065,312.507,0.1,-2.725,4.2035,0.1895,312.502,0.1,-2.73,4.2219999999999995,0.08399999999999999,312.514,0.1,-2.7725,4.356999999999999,-0.0445,312.487,0.1,-2.8375,4.417,0.0055,312.467,0.1,-2.807,4.3865,0.037500000000000006,312.479,0.1,-2.6365,4.3075,0.0295,312.464,0.1,-2.4305000000000003,4.1925,-0.02,312.449,0.1,-2.3040000000000003,4.1085,-0.016,312.433,0.1,
-2.692,4.510999999999999,0.0915,312.377,0.1,-2.686,4.5845,0.0595,312.37,0.1,-2.576,4.749499999999999,0.081,312.343,0.1,-2.4185,4.7795000000000005,0.10500000000000001,312.361,0.1,-2.3555,4.6325,0.0695,312.423,0.1,-2.4720000000000004,4.441,-0.0385,312.512,0.1,-2.6654999999999998,4.3215,-0.0485,312.55,0.1,-2.719,4.302,0.197,312.482,0.1,-2.6505,4.213,0.276,312.504,0.1,-2.6635,4.25,0.0405,312.541,0.1,-2.7625,4.3055,-0.02,312.525,0.1,-2.842,4.433,0.014499999999999999,312.485,0.1,-2.8609999999999998,4.4830000000000005,0.0175,312.506,0.1,-2.7489999999999997,4.375500000000001,-0.016,312.518,0.1,-2.521,4.2715,-0.017,312.484,0.1,-2.3495,4.1005,0.013500000000000002,312.466,0.1,
-2.5945,4.645,0.15100000000000002,312.374,0.1,-2.6109999999999998,4.388,0.066,312.429,0.1,-2.5695,4.554,0.08149999999999999,312.389,0.1,-2.3935,4.7844999999999995,0.0525,312.358,0.1,-2.2199999999999998,4.7445,0.034,312.366,0.1,-2.2185,4.6325,-0.022,312.386,0.1,-2.3955,4.508,0.077,312.434,0.1,-2.535,4.3285,0.2995,312.492,0.1,-2.55,4.034,0.10250000000000001,312.554,0.1,-2.5825,4.138999999999999,-0.058499999999999996,312.544,0.1,-2.6710000000000003,4.2185,0.025,312.525,0.1,-2.7560000000000002,4.4155,-0.0455,312.509,0.1,-2.823,4.564,-0.033,312.474,0.1,-2.7824999999999998,4.4355,-0.0725,312.508,0.1,-2.5735,4.3454999999999995,0.0115,312.474,0.1,-2.349,4.1080000000000005,0.0235,312.487,0.1,
-2.5725,4.7065,0.1165,312.38,0.1,-2.549,4.2115,0.127,312.47,0.1,-2.5635,4.193,0.0435,312.485,0.1,-2.453,4.577500000000001,0.059,312.374,0.1,-2.271,4.718999999999999,0.049,312.339,0.1,-2.1334999999999997,4.7185,0.022,312.325,0.1,-2.1105,4.646000000000001,0.155,312.375,0.1,-2.2430000000000003,4.3195,0.324,312.563,0.1,-2.447,3.778,-0.0165,312.605,0.1,-2.5090000000000003,3.8594999999999997,-0.0225,312.569,0.1,-2.5,4.072,0.0175,312.504,0.1,-2.598,4.302,-0.08349999999999999,312.483,0.1,-2.726,4.5795,-0.0595,312.395,0.1,-2.7435,4.5015,-0.08399999999999999,312.428,0.1,-2.5695,4.4239999999999995,0.07600000000000001,312.405,0.1,-2.33,4.1785,0.0385,312.462,0.1,
-2.562,4.721,0.1825,312.351,0.1,-2.463,4.234,0.1925,312.459,0.1,-2.5164999999999997,3.9814999999999996,0.0085,312.55,0.1,-2.5265,4.295999999999999,0.034,312.466,0.1,-2.417,4.606,0.047,312.383,0.1,-2.2510000000000003,4.744999999999999,0.0135,312.358,0.1,-2.104,4.7445,0.07200000000000001,312.392,0.1,-2.152,4.378500000000001,0.1945,312.574,0.1,-2.3935,3.729,0.010000000000000002,312.643,0.1,-2.4775,3.6580000000000004,0.007500000000000001,312.615,0.1,-2.4044999999999996,3.9115,-0.055,312.521,0.1,-2.4604999999999997,4.133,-0.0215,312.439,0.1,-2.6155,4.471,-0.0395,312.333,0.1,-2.6845,4.531,-0.012,312.324,0.1,-2.5425,4.4735,0.1535,312.335,0.1,-2.3095,4.2735,0.07,312.42,0.1,
-2.5735,4.6715,0.2585,312.356,0.1,-2.399,4.3795,0.172,312.459,0.1,-2.394,4.1,0.0195,312.52,0.1,-2.4655,4.207,-0.035500000000000004,312.519,0.1,-2.4779999999999998,4.515499999999999,-0.0505,312.466,0.1,-2.402,4.7405,-0.08149999999999999,312.418,0.1,-2.2880000000000003,4.827500000000001,-0.053500000000000006,312.402,0.1,-2.2830000000000004,4.5385,0.049,312.507,0.1,-2.4195,3.9285,0.0315,312.632,0.1,-2.4965,3.691,-0.076,312.628,0.1,-2.4495,3.8475,-0.089,312.559,0.1,-2.451,4.0665,0.006500000000000001,312.461,0.1,-2.5730000000000004,4.34,-0.0285,312.371,0.1,-2.656,4.5165,0.066,312.29,0.1,-2.5385,4.479,0.185,312.333,0.1,-2.3005,4.335,0.10300000000000001,312.405,0.1,
-2.6395,4.515499999999999,0.22899999999999998,312.42,0.1,-2.4425,4.445,0.1405,312.464,0.1,-2.3005,4.3695,0.021500000000000002,312.473,0.1,-2.3185000000000002,4.3695,-0.1395,312.481,0.1,-2.4139999999999997,4.5375,-0.1775,312.479,0.1,-2.4429999999999996,4.736000000000001,-0.1565,312.422,0.1,-2.4035,4.8635,-0.07450000000000001,312.379,0.1,-2.3965,4.6995,0.041499999999999995,312.42,0.1,-2.4505,4.2135,0.09,312.549,0.1,-2.483,3.888,-0.0735,312.581,0.1,-2.4495,3.9379999999999997,-0.0745,312.552,0.1,-2.4725,4.184,-0.094,312.496,0.1,-2.615,4.343500000000001,-0.119,312.461,0.1,-2.702,4.471,-0.011,312.383,0.1,-2.5985,4.42,0.0995,312.401,0.1,-2.348,4.321999999999999,0.097,312.422,0.1,
-2.7135,4.388999999999999,0.135,312.506,0.1,-2.5214999999999996,4.391,0.095,312.496,0.1,-2.3194999999999997,4.4965,-0.035500000000000004,312.449,0.1,-2.2874999999999996,4.5329999999999995,-0.20600000000000002,312.42,0.1,-2.3865,4.6080000000000005,-0.1975,312.407,0.1,-2.447,4.74,-0.10550000000000001,312.366,0.1,-2.4425,4.8125,0.0125,312.338,0.1,-2.4335,4.728,0.11549999999999999,312.352,0.1,-2.4305000000000003,4.4030000000000005,0.1645,312.452,0.1,-2.3765,4.0955,0.028,312.507,0.1,-2.2880000000000003,4.1105,-0.0995,312.511,0.1,-2.3415,4.3925,-0.22649999999999998,312.459,0.1,-2.5795000000000003,4.45,-0.197,312.431,0.1,-2.7605,4.381,-0.0945,312.426,0.1,-2.7024999999999997,4.297,-0.0005,312.443,0.1,-2.4425,4.259,0.0895,312.431,0.1,
-2.7344999999999997,4.449999999999999,0.0195,312.541,0.1,-2.593,4.3614999999999995,-0.0475,312.542,0.1,-2.4435000000000002,4.4350000000000005,-0.1255,312.465,0.1,-2.392,4.536,-0.134,312.368,0.1,-2.4295,4.6,-0.096,312.324,0.1,-2.457,4.6855,0.014,312.297,0.1,-2.4545000000000003,4.653,0.10900000000000001,312.301,0.1,-2.4505,4.5715,0.1505,312.337,0.1,-2.4290000000000003,4.3925,0.1595,312.413,0.1,-2.3064999999999998,4.176,0.057999999999999996,312.473,0.1,-2.1245000000000003,4.236000000000001,-0.16249999999999998,312.473,0.1,-2.1305,4.5405,-0.255,312.367,0.1,-2.3905000000000003,4.4925,-0.0135,312.272,0.1,-2.6555,4.2595,0.1575,312.322,0.1,-2.712,4.230499999999999,0.075,312.418,0.1,-2.5345,4.209,0.086,312.452,0.1,
-2.6925,4.5545,-0.0295,312.466,0.1,-2.6375,4.4555,-0.108,312.492,0.1,-2.5620000000000003,4.4190000000000005,-0.067,312.441,0.1,-2.5,4.499499999999999,-0.0175,312.349,0.1,-2.4945,4.517,0.006,312.305,0.1,-2.4865,4.547000000000001,0.089,312.28,0.1,-2.4565,4.4285,0.14350000000000002,312.309,0.1,-2.448,4.323,0.12,312.359,0.1,-2.4435000000000002,4.2620000000000005,0.1215,312.414,0.1,-2.363,4.145,0.0315,312.486,0.1,-2.1695,4.2795000000000005,-0.1875,312.458,0.1,-2.045,4.599,-0.111,312.28,0.1,-2.159,4.4399999999999995,0.361,312.191,0.1,-2.3845,4.119,0.45899999999999996,312.355,0.1,-2.565,4.2835,0.12,312.433,0.1,-2.5825,4.2059999999999995,0.007,312.491,0.1,
-2.6710000000000003,4.4735,0.0225,312.397,0.1,-2.616,4.5645,0.0415,312.363,0.1,-2.551,4.6125,0.0025000000000000005,312.368,0.1,-2.5490000000000004,4.542,0.0185,312.362,0.1,-2.5785,4.4355,0.0645,312.345,0.1,-2.5484999999999998,4.4325,0.107,312.336,0.1,-2.4745,4.3004999999999995,0.0945,312.383,0.1,-2.43,4.1884999999999994,0.059,312.414,0.1,-2.423,4.202999999999999,0.112,312.422,0.1,-2.4459999999999997,4.178,0.038,312.479,0.1,-2.357,4.3365,-0.124,312.444,0.1,-2.094,4.65,0.0715,312.272,0.1,-1.9865,4.4094999999999995,0.5315000000000001,312.324,0.1,-2.1885000000000003,3.926,0.307,312.613,0.1,-2.4625000000000004,4.253500000000001,-0.0695,312.547,0.1,-2.5845000000000002,4.239,-0.0665,312.479,0.1,
-2.6334999999999997,4.336,0.11599999999999999,312.425,0.1,-2.5525,4.4830000000000005,0.048,312.361,0.1,-2.4850000000000003,4.826,-0.1215,312.335,0.1,-2.5564999999999998,4.6425,0.0475,312.358,0.1,-2.6315,4.3865,0.113,312.402,0.1,-2.6020000000000003,4.416,0.0895,312.417,0.1,-2.5060000000000002,4.35,0.0505,312.436,0.1,-2.4050000000000002,4.2955,0.026,312.442,0.1,-2.354,4.311999999999999,0.08449999999999999,312.429,0.1,-2.424,4.342499999999999,0.0605,312.45,0.1,-2.4429999999999996,4.4445,-0.0195,312.417,0.1,-2.154,4.694,0.114,312.338,0.1,-1.9295,4.448,0.3685,312.468,0.1,-2.17,3.7765,-0.042,312.698,0.1,-2.4665,4.041,-0.184,312.609,0.1,-2.5309999999999997,4.2325,-0.049,312.459,0.1,
-2.4685,4.388,0.198,312.453,0.1,-2.5324999999999998,4.225,-0.199,312.501,0.1,-2.4985,4.8205,-0.026500000000000003,312.322,0.1,-2.496,4.771,0.156,312.319,0.1,-2.5629999999999997,4.418,0.1275,312.43,0.1,-2.592,4.4505,0.0945,312.456,0.1,-2.5125,4.4005,0.1225,312.42,0.1,-2.366,4.448499999999999,0.08199999999999999,312.402,0.1,-2.2795,4.4855,0.011,312.427,0.1,-2.3325,4.5065,0.057499999999999996,312.418,0.1,-2.3890000000000002,4.4975000000000005,0.0875,312.41,0.1,-2.206,4.6325,0.09,312.392,0.1,-2.008,4.4985,0.14950000000000002,312.464,0.1,-2.1795,3.8705,-0.1795,312.586,0.1,-2.4065000000000003,3.901,-0.15000000000000002,312.58,0.1,-2.4745,4.116,-0.097,312.529,0.1,
-2.2815,4.5895,0.249,312.476,0.1,-2.545,4.106,-0.27449999999999997,312.564,0.1,-2.5615,4.6705000000000005,0.20600000000000002,312.346,0.1,-2.4415,4.895,0.218,312.329,0.1,-2.4695,4.5665,0.0615,312.418,0.1,-2.5345,4.513,0.185,312.422,0.1,-2.4835000000000003,4.311,0.248,312.427,0.1,-2.356,4.324,0.16849999999999998,312.412,0.1,-2.2889999999999997,4.5135000000000005,-0.013,312.412,0.1,-2.3129999999999997,4.5585,0.051000000000000004,312.387,0.1,-2.3449999999999998,4.462,0.181,312.417,0.1,-2.2675,4.4670000000000005,0.114,312.434,0.1,-2.137,4.4825,0.07100000000000001,312.435,0.1,-2.1475,4.156,-0.1365,312.491,0.1,-2.2865,4.01,-0.16849999999999998,312.559,0.1,-2.481,3.9925,-0.194,312.635,0.1,
-2.2184999999999997,4.703,0.202,312.494,0.1,-2.5145,4.133,-0.1315,312.505,0.1,-2.6340000000000003,4.59,0.13,312.433,0.1,-2.524,4.948,0.10200000000000001,312.39,0.1,-2.496,4.668,0.031,312.37,0.1,-2.4850000000000003,4.555,0.313,312.357,0.1,-2.434,4.233,0.323,312.472,0.1,-2.4059999999999997,4.162,0.1765,312.531,0.1,-2.385,4.465,0.018000000000000002,312.436,0.1,-2.3715,4.553,0.054,312.367,0.1,-2.3674999999999997,4.432,0.1795,312.423,0.1,-2.3445,4.372,0.124,312.471,0.1,-2.2705,4.448,0.0615,312.453,0.1,-2.178,4.313,-0.0445,312.444,0.1,-2.2095000000000002,4.124,-0.118,312.499,0.1,-2.4115,3.958,-0.131,312.597,0.1,
-2.8825000000000003,3.569,-0.097,312.591,0.1,-2.7785,3.8865,-0.012,312.501,0.1,-2.737,3.968,0.039,312.485,0.1,-2.7935,3.8785,0.0905,312.529,0.1,-2.8405,3.6790000000000003,0.1225,312.605,0.1,-2.81,3.584,0.08299999999999999,312.628,0.1,-2.752,3.6325,0.1075,312.602,0.1,-2.7605,3.6325000000000003,0.07100000000000001,312.625,0.1,-2.8255,3.582,-0.0014999999999999996,312.639,0.1,-2.8689999999999998,3.6494999999999997,0.020499999999999997,312.612,0.1,-2.893,3.7560000000000002,-0.0075,312.616,0.1,-2.8975,3.7249999999999996,-0.0335,312.624,0.1,-2.817,3.5855,-0.055,312.616,0.1,-2.651,3.5025,-0.0295,312.58,0.1,-2.4985,3.4505,-0.064,312.575,0.1,-2.417,3.465,-0.1095,312.573,0.1,
-2.8805,3.6615,-0.0455,312.568,0.1,-2.8095,3.884,0.024,312.518,0.1,-2.7169999999999996,3.9865,0.06,312.49,0.1,-2.666,4.002000000000001,0.131,312.506,0.1,-2.682,3.8665000000000003,0.1055,312.599,0.1,-2.7264999999999997,3.7015000000000002,0.009000000000000001,312.682,0.1,-2.7515,3.6485,-0.0075,312.684,0.1,-2.7695,3.6225,0.10200000000000001,312.645,0.1,-2.793,3.54,0.175,312.642,0.1,-2.8235,3.5694999999999997,0.07400000000000001,312.65,0.1,-2.901,3.7005,-0.023,312.634,0.1,-2.9875,3.7474999999999996,0.013999999999999999,312.624,0.1,-2.9505,3.7110000000000003,0.0325,312.631,0.1,-2.769,3.635,0.011,312.609,0.1,-2.573,3.5564999999999998,-0.048,312.587,0.1,-2.48,3.5164999999999997,-0.0395,312.567,0.1,
-2.808,3.831,0.0885,312.531,0.1,-2.7855,3.8645,0.07650000000000001,312.529,0.1,-2.7089999999999996,3.9665,0.081,312.516,0.1,-2.5774999999999997,4.048,0.0965,312.517,0.1,-2.5004999999999997,4.006,0.055,312.554,0.1,-2.5679999999999996,3.896,-0.0475,312.62,0.1,-2.7089999999999996,3.7855,-0.0475,312.653,0.1,-2.742,3.6925,0.189,312.614,0.1,-2.6835,3.559,0.2745,312.633,0.1,-2.7175000000000002,3.566,0.043,312.666,0.1,-2.849,3.636,-0.013500000000000002,312.657,0.1,-2.9695,3.7504999999999997,0.028999999999999998,312.637,0.1,-3.002,3.7955,0.022,312.655,0.1,-2.883,3.705,-0.022,312.657,0.1,-2.667,3.6295,-0.0475,312.619,0.1,-2.521,3.5105,-0.017,312.596,0.1,
-2.7485,3.973,0.127,312.532,0.1,-2.717,3.7735000000000003,0.098,312.568,0.1,-2.6865,3.841,0.0945,312.551,0.1,-2.5725,4.0009999999999994,0.0535,312.53,0.1,-2.4395,4.016,0.022,312.523,0.1,-2.4175,4.005,-0.0325,312.523,0.1,-2.5195,3.9459999999999997,0.075,312.553,0.1,-2.5810000000000004,3.7595,0.3105,312.609,0.1,-2.563,3.4545000000000003,0.14700000000000002,312.667,0.1,-2.6015,3.4749999999999996,-0.0295,312.666,0.1,-2.7195,3.5455,0.017,312.652,0.1,-2.857,3.7095000000000002,-0.0305,312.651,0.1,-2.9610000000000003,3.837,-0.020999999999999998,312.634,0.1,-2.925,3.745,-0.07,312.658,0.1,-2.7235,3.6915,-0.017,312.62,0.1,-2.52,3.5214999999999996,-0.0095,312.616,0.1,
-2.7485,4.03,0.082,312.548,0.1,-2.6805000000000003,3.673,0.133,312.606,0.1,-2.676,3.6365,0.059,312.62,0.1,-2.6215,3.88,0.063,312.545,0.1,-2.516,3.9684999999999997,0.0395,312.52,0.1,-2.409,4.024,0.006500000000000001,312.493,0.1,-2.339,4.047000000000001,0.1485,312.512,0.1,-2.372,3.7995,0.354,312.654,0.1,-2.4909999999999997,3.2985,0.045,312.713,0.1,-2.5279999999999996,3.2935,-0.016,312.686,0.1,-2.5415,3.4425,0.02,312.627,0.1,-2.685,3.6075,-0.07250000000000001,312.624,0.1,-2.8609999999999998,3.822,-0.035,312.573,0.1,-2.8994999999999997,3.7705,-0.07250000000000001,312.601,0.1,-2.725,3.7394999999999996,0.0605,312.573,0.1,-2.489,3.581,0.0135,312.6,0.1,
-2.734,4.0440000000000005,0.1575,312.529,0.1,-2.617,3.69,0.174,312.608,0.1,-2.6399999999999997,3.5244999999999997,0.004,312.67,0.1,-2.6665,3.7510000000000003,0.0295,312.609,0.1,-2.622,3.94,0.036500000000000005,312.557,0.1,-2.518,4.0415,-0.0115,312.535,0.1,-2.377,4.0985,0.0525,312.544,0.1,-2.3555,3.851,0.216,312.672,0.1,-2.4985,3.289,0.060000000000000005,312.748,0.1,-2.5309999999999997,3.187,-0.011,312.726,0.1,-2.4619999999999997,3.3665000000000003,-0.0455,312.633,0.1,-2.5469999999999997,3.5069999999999997,-0.0225,312.579,0.1,-2.7445,3.7439999999999998,-0.004999999999999999,312.52,0.1,-2.8425000000000002,3.7845,0.0045,312.525,0.1,-2.7,3.7649999999999997,0.1485,312.525,0.1,-2.4524999999999997,3.657,0.054,312.571,0.1,
-2.7169999999999996,4.015,0.2615,312.532,0.1,-2.5465,3.791,0.16,312.611,0.1,-2.534,3.612,0.0005000000000000004,312.651,0.1,-2.601,3.7279999999999998,-0.0465,312.644,0.1,-2.637,3.947,-0.057999999999999996,312.609,0.1,-2.6085000000000003,4.075,-0.10300000000000001,312.581,0.1,-2.5255,4.1365,-0.0785,312.565,0.1,-2.496,3.9275,0.043,312.638,0.1,-2.5694999999999997,3.4295,0.061,312.745,0.1,-2.593,3.229,-0.078,312.747,0.1,-2.5185,3.3689999999999998,-0.101,312.66,0.1,-2.526,3.5244999999999997,-0.0085,312.578,0.1,-2.685,3.6925,-0.0014999999999999996,312.534,0.1,-2.8,3.8035,0.08049999999999999,312.497,0.1,-2.6895,3.785,0.177,312.53,0.1,-2.4379999999999997,3.7135,0.08299999999999999,312.56,0.1,
-2.7465,3.9,0.247,312.589,0.1,-2.5564999999999998,3.834,0.139,312.617,0.1,-2.4425,3.79,0.006500000000000001,312.617,0.1,-2.4705,3.8289999999999997,-0.138,312.615,0.1,-2.5665,3.9770000000000003,-0.173,312.607,0.1,-2.615,4.0985,-0.16,312.569,0.1,-2.6014999999999997,4.153499999999999,-0.0895,312.54,0.1,-2.593,3.9985,0.022,312.575,0.1,-2.6189999999999998,3.6029999999999998,0.094,312.683,0.1,-2.615,3.3575,-0.072,312.72,0.1,-2.5365,3.4635,-0.108,312.666,0.1,-2.5300000000000002,3.684,-0.1175,312.592,0.1,-2.6885000000000003,3.7585,-0.109,312.577,0.1,-2.8129999999999997,3.802,0.003,312.551,0.1,-2.735,3.7634999999999996,0.092,312.58,0.1,-2.4895,3.7185,0.07300000000000001,312.577,0.1,
-2.803,3.7925,0.135,312.671,0.1,-2.615,3.7904999999999998,0.087,312.651,0.1,-2.449,3.8725,-0.044,312.601,0.1,-2.441,3.9135,-0.1945,312.569,0.1,-2.544,3.9865000000000004,-0.1825,312.546,0.1,-2.6115000000000004,4.0875,-0.0945,312.508,0.1,-2.6175,4.1165,0.013999999999999999,312.49,0.1,-2.6125,4.004,0.10500000000000001,312.515,0.1,-2.606,3.7155,0.158,312.606,0.1,-2.543,3.4829999999999997,0.016,312.662,0.1,-2.42,3.591,-0.1365,312.645,0.1,-2.417,3.885,-0.251,312.564,0.1,-2.6304999999999996,3.8855000000000004,-0.185,312.533,0.1,-2.8369999999999997,3.729,-0.0695,312.562,0.1,-2.8205,3.6525,0.0045000000000000005,312.604,0.1,-2.5934999999999997,3.6695,0.07600000000000001,312.589,0.1,
-2.832,3.8045,-0.0015000000000000005,312.704,0.1,-2.6995,3.7525,-0.0665,312.696,0.1,-2.5655,3.8280000000000003,-0.138,312.616,0.1,-2.5309999999999997,3.9059999999999997,-0.14,312.527,0.1,-2.582,3.942,-0.0885,312.485,0.1,-2.6180000000000003,4.0045,0.026500000000000003,312.455,0.1,-2.6094999999999997,3.9875,0.125,312.453,0.1,-2.596,3.899,0.159,312.492,0.1,-2.581,3.7145,0.1625,312.571,0.1,-2.4865,3.5265,0.0485,312.632,0.1,-2.3135,3.658,-0.193,312.618,0.1,-2.2664999999999997,4.0065,-0.277,312.495,0.1,-2.4619999999999997,3.95,0.0135,312.404,0.1,-2.7205,3.6275,0.199,312.47,0.1,-2.811,3.556,0.0805,312.581,0.1,-2.678,3.6045,0.082,312.611,0.1,
-2.801,3.848,-0.037000000000000005,312.639,0.1,-2.774,3.782,-0.13,312.663,0.1,-2.701,3.814,-0.105,312.599,0.1,-2.635,3.902,-0.0405,312.507,0.1,-2.6325,3.8835,-0.002,312.475,0.1,-2.6315,3.8725,0.093,312.461,0.1,-2.5935,3.7925,0.161,312.477,0.1,-2.5620000000000003,3.7265,0.1375,312.512,0.1,-2.551,3.6535,0.131,312.567,0.1,-2.5145,3.5140000000000002,0.0305,312.639,0.1,-2.3895,3.6435,-0.20800000000000002,312.608,0.1,-2.259,4.016,-0.1375,312.434,0.1,-2.2824999999999998,3.9375,0.373,312.35,0.1,-2.4545000000000003,3.5564999999999998,0.507,312.496,0.1,-2.6470000000000002,3.5785,0.1295,312.589,0.1,-2.6965,3.5599999999999996,-0.003,312.654,0.1,
-2.779,3.8005,0.0395,312.577,0.1,-2.776,3.8465,0.026000000000000002,312.565,0.1,-2.7335000000000003,3.9545,-0.035,312.549,0.1,-2.6955,3.9685,0.0,312.511,0.1,-2.6864999999999997,3.8595,0.057499999999999996,312.5,0.1,-2.654,3.8025,0.101,312.514,0.1,-2.59,3.6814999999999998,0.0955,312.565,0.1,-2.5335,3.63,0.059,312.578,0.1,-2.5055,3.6574999999999998,0.11,312.57,0.1,-2.5484999999999998,3.5905,0.0385,312.628,0.1,-2.549,3.661,-0.134,312.607,0.1,-2.3505000000000003,3.982,0.0365,312.448,0.1,-2.167,3.905,0.507,312.465,0.1,-2.2575000000000003,3.4604999999999997,0.355,312.693,0.1,-2.515,3.5785,-0.0305,312.664,0.1,-2.668,3.5445,-0.0775,312.653,0.1,
-2.7560000000000002,3.7565,0.124,312.597,0.1,-2.715,3.8365,0.057999999999999996,312.56,0.1,-2.6995,4.1240000000000006,-0.11649999999999999,312.532,0.1,-2.729,4.0625,0.040499999999999994,312.513,0.1,-2.7249999999999996,3.863,0.119,312.538,0.1,-2.6685,3.8365,0.086,312.563,0.1,-2.597,3.738,0.0355,312.602,0.1,-2.52,3.7145,0.0034999999999999996,312.61,0.1,-2.4565,3.7785,0.068,312.574,0.1,-2.5065,3.797,0.0595,312.586,0.1,-2.5709999999999997,3.787,-0.0145,312.584,0.1,-2.377,3.9619999999999997,0.084,312.526,0.1,-2.1415,3.865,0.32999999999999996,312.6,0.1,-2.2565,3.3445,0.002,312.769,0.1,-2.5,3.453,-0.1345,312.699,0.1,-2.5949999999999998,3.5285,-0.039,312.623,0.1,
-2.629,3.856,0.19,312.608,0.1,-2.6915,3.7175000000000002,-0.16299999999999998,312.657,0.1,-2.714,4.155,-0.055999999999999994,312.52,0.1,-2.7045,4.1675,0.154,312.497,0.1,-2.6929999999999996,3.9105,0.137,312.57,0.1,-2.662,3.9045,0.099,312.581,0.1,-2.5895,3.816,0.11349999999999999,312.562,0.1,-2.4905,3.842,0.0665,312.558,0.1,-2.4185,3.9210000000000003,-0.004999999999999999,312.565,0.1,-2.436,3.9865000000000004,0.055,312.542,0.1,-2.476,3.9175,0.10450000000000001,312.556,0.1,-2.3485,3.933,0.08,312.572,0.1,-2.1929999999999996,3.8275,0.119,312.629,0.1,-2.3025,3.3575,-0.15000000000000002,312.713,0.1,-2.4625000000000004,3.3645,-0.114,312.681,0.1,-2.526,3.4654999999999996,-0.0615,312.655,0.1,
-2.466,4.055,0.2545,312.6,0.1,-2.697,3.6755,-0.2435,312.687,0.1,-2.752,4.099,0.1125,312.527,0.1,-2.6630000000000003,4.2865,0.224,312.508,0.1,-2.652,4.035,0.07,312.576,0.1,-2.646,3.9779999999999998,0.187,312.561,0.1,-2.5575,3.7885,0.2515,312.559,0.1,-2.4565,3.7735000000000003,0.1795,312.548,0.1,-2.4245,3.933,-0.0175,312.55,0.1,-2.433,4.036,0.047,312.518,0.1,-2.423,3.956,0.195,312.545,0.1,-2.3425,3.878,0.1195,312.586,0.1,-2.253,3.8125,0.051500000000000004,312.611,0.1,-2.278,3.5295,-0.129,312.658,0.1,-2.3735,3.438,-0.14400000000000002,312.682,0.1,-2.5164999999999997,3.4044999999999996,-0.15999999999999998,312.723,0.1,
-2.3935,4.162,0.22449999999999998,312.598,0.1,-2.649,3.711,-0.11,312.626,0.1,-2.7695,4.07,0.0765,312.575,0.1,-2.708,4.346,0.1305,312.544,0.1,-2.6925,4.117,0.037500000000000006,312.542,0.1,-2.6310000000000002,4.02,0.3035,312.523,0.1,-2.51,3.748,0.3175,312.605,0.1,-2.458,3.668,0.1855,312.645,0.1,-2.4745,3.89,0.020499999999999997,312.573,0.1,-2.483,4.021,0.0535,312.519,0.1,-2.4530000000000003,3.951,0.1825,312.554,0.1,-2.3965,3.847,0.1285,312.599,0.1,-2.3230000000000004,3.811,0.052000000000000005,312.603,0.1,-2.2640000000000002,3.641,-0.051500000000000004,312.609,0.1,-2.2895,3.515,-0.1145,312.64,0.1,-2.436,3.392,-0.1245,312.691,0.1,
-2.9875,2.8735,-0.11199999999999999,312.766,0.1,-2.9265,3.1695,-0.03,312.687,0.1,-2.877,3.351,0.0405,312.649,0.1,-2.892,3.3244999999999996,0.0925,312.683,0.1,-2.9165,3.1245,0.129,312.755,0.1,-2.8825000000000003,3.0060000000000002,0.094,312.783,0.1,-2.837,2.9955,0.112,312.766,0.1,-2.8615000000000004,2.964,0.08499999999999999,312.776,0.1,-2.934,2.9235,0.017,312.785,0.1,-2.995,2.999,0.031,312.769,0.1,-3.0475000000000003,3.0895,0.004,312.778,0.1,-3.0585,3.045,-0.036500000000000005,312.786,0.1,-2.961,2.9105,-0.069,312.775,0.1,-2.7845,2.8449999999999998,-0.0605,312.735,0.1,-2.6425,2.835,-0.092,312.72,0.1,-2.5995,2.8865,-0.1265,312.706,0.1,
-2.975,2.966,-0.047,312.732,0.1,-2.9305000000000003,3.1235,0.012499999999999999,312.696,0.1,-2.863,3.2655000000000003,0.057999999999999996,312.661,0.1,-2.7925,3.3865,0.1215,312.655,0.1,-2.7670000000000003,3.3235,0.0975,312.726,0.1,-2.7735000000000003,3.192,0.010499999999999999,312.794,0.1,-2.7855,3.0985,-0.002,312.803,0.1,-2.817,2.989,0.0975,312.783,0.1,-2.8605,2.877,0.161,312.783,0.1,-2.9165,2.917,0.0645,312.786,0.1,-3.0294999999999996,3.043,-0.001,312.78,0.1,-3.138,3.0785,0.0225,312.781,0.1,-3.094,3.0355,0.0275,312.782,0.1,-2.901,2.9619999999999997,-0.008,312.755,0.1,-2.7145,2.9204999999999997,-0.076,312.725,0.1,-2.6550000000000002,2.9255,-0.0625,312.7,0.1,
-2.9234999999999998,3.1505,0.08499999999999999,312.686,0.1,-2.885,3.1445,0.093,312.689,0.1,-2.8419999999999996,3.1835,0.0815,312.688,0.1,-2.7359999999999998,3.316,0.088,312.672,0.1,-2.645,3.379,0.041,312.684,0.1,-2.6639999999999997,3.351,-0.056499999999999995,312.729,0.1,-2.752,3.25,-0.0465,312.757,0.1,-2.7645,3.0835,0.181,312.746,0.1,-2.716,2.9059999999999997,0.2725,312.763,0.1,-2.771,2.8819999999999997,0.046,312.791,0.1,-2.9355,2.9654999999999996,-0.006500000000000001,312.789,0.1,-3.0965,3.068,0.0435,312.789,0.1,-3.1425,3.107,0.026500000000000003,312.804,0.1,-3.0164999999999997,3.034,-0.0285,312.797,0.1,-2.8125,2.9875,-0.078,312.753,0.1,-2.693,2.9210000000000003,-0.047,312.726,0.1,
-2.903,3.3005,0.10300000000000001,312.69,0.1,-2.8235,3.1595,0.129,312.707,0.1,-2.804,3.1285,0.10750000000000001,312.712,0.1,-2.7515,3.2175,0.055,312.701,0.1,-2.6585,3.2875,0.0105,312.68,0.1,-2.6159999999999997,3.378,-0.043,312.659,0.1,-2.643,3.385,0.0725,312.672,0.1,-2.6275000000000004,3.191,0.3205,312.726,0.1,-2.577,2.8754999999999997,0.1905,312.78,0.1,-2.621,2.811,-0.0004999999999999996,312.788,0.1,-2.768,2.8715,0.009,312.778,0.1,-2.9585,3.004,-0.0155,312.794,0.1,-3.0995,3.1095,-0.0085,312.793,0.1,-3.0675,3.0545,-0.067,312.807,0.1,-2.8735,3.0374999999999996,-0.0445,312.766,0.1,-2.691,2.9355,-0.0415,312.746,0.1,
-2.9245,3.3535000000000004,0.048,312.716,0.1,-2.8114999999999997,3.1355,0.1385,312.741,0.1,-2.7885,3.08,0.07450000000000001,312.755,0.1,-2.79,3.1835,0.0675,312.717,0.1,-2.761,3.2185,0.031,312.701,0.1,-2.6849999999999996,3.33,-0.008,312.661,0.1,-2.5679999999999996,3.449,0.14150000000000001,312.648,0.1,-2.501,3.2800000000000002,0.3825,312.745,0.1,-2.5345,2.819,0.10600000000000001,312.821,0.1,-2.5475000000000003,2.7275,-0.01,312.804,0.1,-2.584,2.8125,0.0225,312.751,0.1,-2.7729999999999997,2.9130000000000003,-0.0615,312.765,0.1,-2.9965,3.064,-0.011,312.751,0.1,-3.0555000000000003,3.0395000000000003,-0.0605,312.774,0.1,-2.8805,3.0545,0.0455,312.741,0.1,-2.6475,2.9844999999999997,-0.0115,312.739,0.1,
-2.9059999999999997,3.367,0.1325,312.708,0.1,-2.7705,3.146,0.1555,312.756,0.1,-2.7640000000000002,3.0665,0.0,312.79,0.1,-2.8070000000000004,3.2065,0.025500000000000002,312.752,0.1,-2.827,3.2745,0.0265,312.73,0.1,-2.7855,3.3375,-0.035500000000000004,312.712,0.1,-2.65,3.4525,0.034,312.695,0.1,-2.559,3.324,0.236,312.769,0.1,-2.6045,2.8485,0.10850000000000001,312.853,0.1,-2.5854999999999997,2.716,-0.0295,312.837,0.1,-2.5199999999999996,2.822,-0.037000000000000005,312.745,0.1,-2.6334999999999997,2.8805,-0.0235,312.719,0.1,-2.8735,3.0164999999999997,0.028499999999999998,312.707,0.1,-3.0005,3.0385,0.0215,312.726,0.1,-2.8575,3.0564999999999998,0.1435,312.715,0.1,-2.5955000000000004,3.041,0.0375,312.721,0.1,
-2.8609999999999998,3.3585000000000003,0.264,312.707,0.1,-2.6944999999999997,3.202,0.148,312.762,0.1,-2.674,3.1235,-0.0185,312.783,0.1,-2.737,3.249,-0.057499999999999996,312.768,0.1,-2.796,3.3785,-0.065,312.752,0.1,-2.8145,3.4095,-0.1235,312.744,0.1,-2.763,3.4450000000000003,-0.10200000000000001,312.728,0.1,-2.709,3.3165,0.037000000000000005,312.768,0.1,-2.7199999999999998,2.9299999999999997,0.09,312.857,0.1,-2.69,2.767,-0.08,312.866,0.1,-2.5875,2.8905000000000003,-0.11299999999999999,312.762,0.1,-2.6005,2.982,-0.0235,312.695,0.1,-2.796,3.045,0.0245,312.697,0.1,-2.9435000000000002,3.0904999999999996,0.0945,312.704,0.1,-2.8405,3.0915,0.16899999999999998,312.726,0.1,-2.5755,3.092,0.063,312.715,0.1,
-2.854,3.285,0.2645,312.758,0.1,-2.6715,3.2235,0.137,312.769,0.1,-2.5854999999999997,3.211,-0.0085,312.762,0.1,-2.6235,3.2885,-0.1365,312.749,0.1,-2.719,3.4165,-0.1685,312.735,0.1,-2.7865,3.4615,-0.1635,312.716,0.1,-2.8,3.444,-0.10400000000000001,312.701,0.1,-2.79,3.2969999999999997,0.003,312.729,0.1,-2.7875,2.993,0.0975,312.817,0.1,-2.7465,2.8265000000000002,-0.07050000000000001,312.858,0.1,-2.623,2.988,-0.14150000000000001,312.779,0.1,-2.5875000000000004,3.183,-0.14100000000000001,312.688,0.1,-2.762,3.174,-0.099,312.693,0.1,-2.924,3.1325,0.0165,312.718,0.1,-2.8715,3.107,0.08449999999999999,312.759,0.1,-2.6310000000000002,3.1155,0.049,312.732,0.1,
-2.8925,3.1959999999999997,0.135,312.837,0.1,-2.7085,3.191,0.0785,312.806,0.1,-2.5785,3.2489999999999997,-0.052500000000000005,312.754,0.1,-2.5945,3.2939999999999996,-0.1835,312.717,0.1,-2.701,3.365,-0.16749999999999998,312.685,0.1,-2.7755,3.4345,-0.08399999999999999,312.651,0.1,-2.7925,3.4210000000000003,0.016,312.641,0.1,-2.791,3.279,0.095,312.677,0.1,-2.7809999999999997,3.028,0.1515,312.76,0.1,-2.7095,2.8705,0.004,312.818,0.1,-2.5515,3.0709999999999997,-0.1735,312.78,0.1,-2.492,3.3775,-0.27549999999999997,312.669,0.1,-2.6814999999999998,3.322,-0.173,312.635,0.1,-2.9130000000000003,3.077,-0.0445,312.697,0.1,-2.9379999999999997,3.007,0.01,312.766,0.1,-2.7445,3.0810000000000004,0.062,312.746,0.1,
-2.9290000000000003,3.1585,-0.022,312.867,0.1,-2.805,3.1435,-0.08549999999999999,312.85,0.1,-2.6865,3.221,-0.15,312.767,0.1,-2.669,3.2765,-0.1465,312.686,0.1,-2.7344999999999997,3.284,-0.081,312.646,0.1,-2.7794999999999996,3.3225,0.039,312.613,0.1,-2.7649999999999997,3.3215000000000003,0.1405,312.604,0.1,-2.742,3.2255000000000003,0.167,312.647,0.1,-2.7325,3.036,0.1655,312.729,0.1,-2.6660000000000004,2.8775,0.039,312.791,0.1,-2.503,3.0795,-0.22299999999999998,312.763,0.1,-2.403,3.473,-0.299,312.623,0.1,-2.534,3.408,0.039,312.536,0.1,-2.7855,2.995,0.2395,312.618,0.1,-2.9095,2.8810000000000002,0.086,312.744,0.1,-2.8215,3.0005,0.078,312.77,0.1,
-2.91,3.142,-0.0445,312.812,0.1,-2.9109999999999996,3.108,-0.152,312.834,0.1,-2.84,3.2095000000000002,-0.14200000000000002,312.757,0.1,-2.7695,3.3055000000000003,-0.0635,312.665,0.1,-2.7705,3.25,-0.01,312.644,0.1,-2.776,3.197,0.0965,312.641,0.1,-2.7305,3.156,0.178,312.645,0.1,-2.676,3.1295,0.154,312.665,0.1,-2.6585,3.045,0.1395,312.719,0.1,-2.666,2.883,0.0295,312.792,0.1,-2.609,3.0075000000000003,-0.22699999999999998,312.759,0.1,-2.473,3.433,-0.16299999999999998,312.587,0.1,-2.4065,3.435,0.3835,312.508,0.1,-2.5244999999999997,2.9935,0.5525,312.636,0.1,-2.7285,2.8735,0.139,312.745,0.1,-2.8105,2.914,-0.0125,312.817,0.1,
-2.8865,3.1275,0.0555,312.757,0.1,-2.936,3.1285,0.010499999999999999,312.767,0.1,-2.9160000000000004,3.2975000000000003,-0.0715,312.731,0.1,-2.8415,3.396,-0.018,312.661,0.1,-2.795,3.2835,0.0505,312.654,0.1,-2.7595,3.1719999999999997,0.0945,312.692,0.1,-2.705,3.0625,0.096,312.746,0.1,-2.6375,3.072,0.059,312.741,0.1,-2.5890000000000004,3.1125,0.107,312.718,0.1,-2.6515000000000004,3.003,0.0385,312.776,0.1,-2.7405,2.9859999999999998,-0.14250000000000002,312.771,0.1,-2.6065,3.3135000000000003,0.0034999999999999996,312.624,0.1,-2.3475,3.401,0.4825,312.607,0.1,-2.327,2.995,0.40149999999999997,312.773,0.1,-2.568,2.9035,0.008,312.781,0.1,-2.7515,2.8505000000000003,-0.0875,312.828,0.1,
-2.878,3.1765,0.131,312.769,0.1,-2.877,3.19,0.067,312.759,0.1,-2.9139999999999997,3.4219999999999997,-0.1125,312.728,0.1,-2.9015,3.483,0.0335,312.669,0.1,-2.8185000000000002,3.339,0.1245,312.674,0.1,-2.7350000000000003,3.2575000000000003,0.0815,312.709,0.1,-2.6879999999999997,3.126,0.0205,312.769,0.1,-2.6345,3.1334999999999997,-0.019,312.778,0.1,-2.559,3.2455,0.0515,312.718,0.1,-2.589,3.252,0.056999999999999995,312.721,0.1,-2.699,3.13,-0.01,312.75,0.1,-2.6005000000000003,3.2295,0.05500000000000001,312.713,0.1,-2.3535,3.282,0.2925,312.732,0.1,-2.343,2.9130000000000003,0.0455,312.839,0.1,-2.5335,2.8645,-0.08549999999999999,312.79,0.1,-2.6595,2.825,-0.029500000000000002,312.788,0.1,
-2.7889999999999997,3.324,0.1815,312.763,0.1,-2.8505000000000003,3.21,-0.1275,312.812,0.1,-2.9295,3.489,-0.08449999999999999,312.718,0.1,-2.9130000000000003,3.5645,0.152,312.675,0.1,-2.8230000000000004,3.402,0.1465,312.71,0.1,-2.7325,3.3585000000000003,0.10300000000000001,312.705,0.1,-2.667,3.231,0.10450000000000001,312.704,0.1,-2.6145,3.235,0.052,312.715,0.1,-2.5570000000000004,3.3565,-0.02,312.704,0.1,-2.54,3.4669999999999996,0.052000000000000005,312.665,0.1,-2.5635,3.338,0.1205,312.702,0.1,-2.4905,3.234,0.07,312.753,0.1,-2.3775,3.1555,0.089,312.795,0.1,-2.425,2.8445,-0.1205,312.839,0.1,-2.5185,2.8275,-0.0785,312.782,0.1,-2.5775,2.815,-0.027,312.781,0.1,
-2.651,3.521,0.259,312.724,0.1,-2.85,3.2445,-0.21200000000000002,312.809,0.1,-2.9425,3.5275,0.020000000000000004,312.709,0.1,-2.884,3.6785,0.23,312.687,0.1,-2.835,3.503,0.0785,312.735,0.1,-2.7584999999999997,3.443,0.188,312.701,0.1,-2.6315,3.2649999999999997,0.254,312.691,0.1,-2.5564999999999998,3.2234999999999996,0.19,312.685,0.1,-2.5605,3.3520000000000003,-0.020999999999999998,312.688,0.1,-2.5534999999999997,3.5140000000000002,0.044,312.65,0.1,-2.501,3.4505,0.20850000000000002,312.672,0.1,-2.4175,3.29,0.124,312.739,0.1,-2.3689999999999998,3.1414999999999997,0.0325,312.787,0.1,-2.408,2.902,-0.1215,312.825,0.1,-2.46,2.8655,-0.12,312.805,0.1,-2.552,2.816,-0.126,312.812,0.1,
-2.5675,3.622,0.246,312.702,0.1,-2.7824999999999998,3.288,-0.088,312.748,0.1,-2.9044999999999996,3.55,0.0235,312.716,0.1,-2.8925,3.744,0.15849999999999997,312.699,0.1,-2.8899999999999997,3.566,0.044,312.713,0.1,-2.777,3.486,0.2935,312.689,0.1,-2.5854999999999997,3.262,0.3115,312.739,0.1,-2.5095,3.175,0.194,312.759,0.1,-2.5635,3.314,0.0235,312.71,0.1,-2.5949999999999998,3.49,0.0535,312.671,0.1,-2.5385,3.471,0.1855,312.685,0.1,-2.4485,3.323,0.1325,312.727,0.1,-2.3765,3.173,0.041999999999999996,312.752,0.1,-2.3505000000000003,2.968,-0.059,312.774,0.1,-2.3695000000000004,2.905,-0.111,312.781,0.1,-2.4605,2.825,-0.118,312.786,0.1,
-3.0854999999999997,2.2,-0.1185,312.939,0.1,-3.0629999999999997,2.4695,-0.0375,312.87,0.1,-3.0060000000000002,2.7435,0.041,312.813,0.1,-2.9850000000000003,2.7735000000000003,0.089,312.839,0.1,-2.991,2.5780000000000003,0.126,312.908,0.1,-2.9545000000000003,2.4444999999999997,0.0975,312.938,0.1,-2.919,2.3840000000000003,0.1115,312.926,0.1,-2.956,2.3205,0.0915,312.925,0.1,-3.0315000000000003,2.286,0.0295,312.928,0.1,-3.104,2.366,0.040499999999999994,312.923,0.1,-3.1835,2.4395,0.0175,312.939,0.1,-3.2055,2.3775000000000004,-0.0335,312.948,0.1,-3.0934999999999997,2.2489999999999997,-0.08349999999999999,312.934,0.1,-2.9074999999999998,2.208,-0.0935,312.89,0.1,-2.7745,2.237,-0.123,312.864,0.1,-2.7645,2.3209999999999997,-0.14400000000000002,312.838,0.1,
-3.064,2.287,-0.053000000000000005,312.895,0.1,-3.0425,2.3810000000000002,0.0075,312.871,0.1,-2.997,2.5635,0.0595,312.83,0.1,-2.911,2.7800000000000002,0.113,312.806,0.1,-2.851,2.7835,0.08449999999999999,312.858,0.1,-2.8235,2.6849999999999996,0.006,312.912,0.1,-2.822,2.56,0.001,312.924,0.1,-2.8635,2.38,0.0945,312.921,0.1,-2.9225,2.2375,0.151,312.921,0.1,-3.0,2.2835,0.0635,312.921,0.1,-3.1465,2.399,0.0195,312.925,0.1,-3.276,2.419,0.034999999999999996,312.938,0.1,-3.2245,2.3724999999999996,0.0215,312.935,0.1,-3.0214999999999996,2.3105,-0.0325,312.901,0.1,-2.8445,2.3055000000000003,-0.1045,312.863,0.1,-2.8135000000000003,2.352,-0.08299999999999999,312.834,0.1,
-3.0345,2.4815,0.07050000000000001,312.842,0.1,-2.9805,2.4379999999999997,0.0995,312.849,0.1,-2.9669999999999996,2.425,0.08499999999999999,312.859,0.1,-2.885,2.6045,0.084,312.828,0.1,-2.7825,2.7625,0.029500000000000002,312.818,0.1,-2.758,2.8085,-0.067,312.844,0.1,-2.7975,2.7190000000000003,-0.0465,312.867,0.1,-2.7904999999999998,2.492,0.176,312.881,0.1,-2.75,2.27,0.2685,312.893,0.1,-2.8225,2.2165,0.052000000000000005,312.915,0.1,-3.0155000000000003,2.3064999999999998,0.007000000000000001,312.92,0.1,-3.213,2.3975,0.0615,312.941,0.1,-3.27,2.433,0.034,312.954,0.1,-3.1365,2.3825000000000003,-0.036500000000000005,312.939,0.1,-2.944,2.3674999999999997,-0.10400000000000001,312.89,0.1,-2.8475,2.3529999999999998,-0.07100000000000001,312.855,0.1,
-3.051,2.636,0.0765,312.848,0.1,-2.9255,2.5535,0.1425,312.846,0.1,-2.9154999999999998,2.4355,0.1175,312.872,0.1,-2.9205,2.4610000000000003,0.058499999999999996,312.872,0.1,-2.8655,2.582,0.0055,312.838,0.1,-2.8040000000000003,2.762,-0.052000000000000005,312.799,0.1,-2.7615,2.829,0.065,312.796,0.1,-2.675,2.632,0.32,312.847,0.1,-2.593,2.306,0.218,312.896,0.1,-2.641,2.16,0.0185,312.91,0.1,-2.8135,2.2065,0.0085,312.905,0.1,-3.0505,2.3135,0.006,312.936,0.1,-3.224,2.4005,0.009999999999999998,312.953,0.1,-3.1944999999999997,2.384,-0.058499999999999996,312.959,0.1,-3.008,2.4044999999999996,-0.0655,312.914,0.1,-2.8465,2.37,-0.0665,312.876,0.1,
-3.0945,2.682,0.02,312.883,0.1,-2.9365,2.6035000000000004,0.1355,312.877,0.1,-2.895,2.5330000000000004,0.086,312.891,0.1,-2.948,2.5075000000000003,0.07300000000000001,312.888,0.1,-2.989,2.4965,0.0275,312.881,0.1,-2.9395,2.6595,-0.0175,312.829,0.1,-2.781,2.862,0.129,312.789,0.1,-2.625,2.7645,0.3855,312.843,0.1,-2.5789999999999997,2.3435,0.14450000000000002,312.933,0.1,-2.568,2.1675,-0.004,312.922,0.1,-2.6245000000000003,2.19,0.0185,312.875,0.1,-2.8535,2.2359999999999998,-0.0435,312.905,0.1,-3.1174999999999997,2.3305,0.0155,312.927,0.1,-3.193,2.3339999999999996,-0.041,312.948,0.1,-3.0195,2.391,0.032,312.91,0.1,-2.7945,2.4025,-0.0335,312.879,0.1,
-3.0735,2.6944999999999997,0.11,312.886,0.1,-2.918,2.6075,0.1335,312.905,0.1,-2.8815,2.612,-0.0005,312.911,0.1,-2.9385,2.669,0.027,312.896,0.1,-3.016,2.6265,0.022,312.903,0.1,-3.0285,2.6585,-0.0475,312.888,0.1,-2.9005,2.8255,0.0195,312.848,0.1,-2.75,2.803,0.2355,312.873,0.1,-2.7060000000000004,2.41,0.134,312.962,0.1,-2.6395,2.2475,-0.0375,312.949,0.1,-2.5775,2.2835,-0.042499999999999996,312.858,0.1,-2.7145,2.271,-0.024,312.858,0.1,-2.9885,2.3165,0.0555,312.891,0.1,-3.14,2.323,0.0395,312.925,0.1,-3.0010000000000003,2.3689999999999998,0.135,312.905,0.1,-2.731,2.4345,0.018500000000000003,312.872,0.1,
-3.0010000000000003,2.7075,0.2565,312.882,0.1,-2.8385,2.6195000000000004,0.13,312.914,0.1,-2.8105,2.6365,-0.0325,312.914,0.1,-2.8674999999999997,2.771,-0.0615,312.893,0.1,-2.9465,2.8155,-0.0655,312.897,0.1,-3.0054999999999996,2.7565,-0.1305,312.908,0.1,-2.981,2.774,-0.114,312.891,0.1,-2.9065000000000003,2.721,0.029,312.901,0.1,-2.8630000000000004,2.436,0.1005,312.972,0.1,-2.785,2.3070000000000004,-0.0805,312.986,0.1,-2.656,2.4165,-0.1285,312.866,0.1,-2.6715,2.452,-0.0445,312.812,0.1,-2.8945,2.4219999999999997,0.040499999999999994,312.857,0.1,-3.0700000000000003,2.406,0.10550000000000001,312.906,0.1,-2.9800000000000004,2.4135,0.158,312.921,0.1,-2.707,2.4775,0.041,312.871,0.1,
-2.9585,2.676,0.2685,312.928,0.1,-2.7835,2.6189999999999998,0.129,312.923,0.1,-2.7255000000000003,2.634,-0.023,312.906,0.1,-2.7735000000000003,2.7504999999999997,-0.1345,312.883,0.1,-2.8680000000000003,2.859,-0.1595,312.864,0.1,-2.951,2.8289999999999997,-0.16,312.864,0.1,-2.9850000000000003,2.7495,-0.11,312.863,0.1,-2.9725,2.6189999999999998,-0.0085,312.885,0.1,-2.9475,2.3970000000000002,0.0935,312.953,0.1,-2.8739999999999997,2.3005,-0.07250000000000001,312.998,0.1,-2.7085,2.5164999999999997,-0.16999999999999998,312.896,0.1,-2.645,2.69,-0.16949999999999998,312.788,0.1,-2.8295000000000003,2.6100000000000003,-0.0925,312.81,0.1,-3.024,2.4855,0.0315,312.883,0.1,-2.9985,2.4610000000000003,0.079,312.937,0.1,-2.7649999999999997,2.519,0.0255,312.888,0.1,
-2.979,2.607,0.1325,313.003,0.1,-2.8005,2.5965,0.069,312.961,0.1,-2.7065,2.63,-0.0625,312.907,0.1,-2.745,2.6799999999999997,-0.1765,312.866,0.1,-2.8545,2.7504999999999997,-0.153,312.825,0.1,-2.9349999999999996,2.789,-0.07300000000000001,312.794,0.1,-2.958,2.7375,0.018000000000000002,312.795,0.1,-2.9565,2.5789999999999997,0.089,312.841,0.1,-2.9455,2.3645,0.14250000000000002,312.916,0.1,-2.868,2.269,-0.008,312.974,0.1,-2.6790000000000003,2.5564999999999998,-0.20450000000000002,312.917,0.1,-2.569,2.875,-0.3005,312.778,0.1,-2.732,2.7765000000000004,-0.1635,312.74,0.1,-2.9829999999999997,2.447,-0.0165,312.832,0.1,-3.0465,2.3735,0.02,312.927,0.1,-2.8834999999999997,2.5004999999999997,0.0475,312.905,0.1,
-3.021,2.526,-0.034,313.031,0.1,-2.9074999999999998,2.543,-0.098,313.006,0.1,-2.8055,2.621,-0.1595,312.919,0.1,-2.8040000000000003,2.6555,-0.153,312.846,0.1,-2.8810000000000002,2.6399999999999997,-0.0755,312.808,0.1,-2.933,2.6565000000000003,0.0485,312.773,0.1,-2.9109999999999996,2.6685,0.1505,312.758,0.1,-2.8765,2.573,0.172,312.807,0.1,-2.873,2.383,0.164,312.889,0.1,-2.8345000000000002,2.246,0.031,312.952,0.1,-2.683,2.5115,-0.243,312.91,0.1,-2.5375,2.9435000000000002,-0.316,312.756,0.1,-2.607,2.8795,0.05,312.67,0.1,-2.848,2.3865,0.2675,312.766,0.1,-3.0,2.226,0.0975,312.906,0.1,-2.9515,2.408,0.075,312.93,0.1,
-3.0115,2.4595000000000002,-0.051000000000000004,312.986,0.1,-3.039,2.4539999999999997,-0.1645,313.007,0.1,-2.972,2.615,-0.1655,312.917,0.1,-2.8979999999999997,2.7175000000000002,-0.08349999999999999,312.826,0.1,-2.8994999999999997,2.6334999999999997,-0.017,312.816,0.1,-2.9105,2.544,0.097,312.823,0.1,-2.8575,2.534,0.1865,312.816,0.1,-2.781,2.5465,0.163,312.825,0.1,-2.758,2.4539999999999997,0.14,312.877,0.1,-2.8045,2.2725,0.0285,312.948,0.1,-2.811,2.3895,-0.22949999999999998,312.911,0.1,-2.675,2.8575,-0.1765,312.743,0.1,-2.5285,2.938,0.3765,312.669,0.1,-2.5940000000000003,2.4485,0.5725,312.778,0.1,-2.8045,2.1950000000000003,0.1495,312.902,0.1,-2.9145,2.2835,-0.0105,312.98,0.1,
-2.9835000000000003,2.4825,0.061,312.938,0.1,-3.0780000000000003,2.442,-0.002,312.968,0.1,-3.08,2.6559999999999997,-0.0965,312.914,0.1,-2.976,2.828,-0.033,312.815,0.1,-2.895,2.7175000000000002,0.043,312.812,0.1,-2.856,2.5605,0.08399999999999999,312.872,0.1,-2.8095,2.459,0.091,312.929,0.1,-2.732,2.5229999999999997,0.056999999999999995,312.91,0.1,-2.667,2.574,0.0975,312.876,0.1,-2.747,2.4295,0.033,312.93,0.1,-2.915,2.332,-0.1385,312.937,0.1,-2.8435,2.659,-0.010499999999999999,312.801,0.1,-2.521,2.8985000000000003,0.4575,312.752,0.1,-2.3975,2.5365,0.4285,312.859,0.1,-2.6195,2.2495000000000003,0.037,312.903,0.1,-2.8289999999999997,2.1734999999999998,-0.086,313.003,0.1,
-2.9859999999999998,2.6165000000000003,0.13,312.943,0.1,-3.0215,2.5675,0.069,312.956,0.1,-3.107,2.737,-0.1125,312.925,0.1,-3.059,2.9065,0.026,312.829,0.1,-2.9059999999999997,2.8165,0.123,312.815,0.1,-2.7975,2.6879999999999997,0.07050000000000001,312.859,0.1,-2.77,2.529,0.004,312.936,0.1,-2.7359999999999998,2.5635,-0.035,312.949,0.1,-2.653,2.714,0.034499999999999996,312.873,0.1,-2.668,2.71,0.0455,312.866,0.1,-2.819,2.4859999999999998,-0.008,312.92,0.1,-2.812,2.511,0.0445,312.901,0.1,-2.5585,2.7024999999999997,0.2705,312.867,0.1,-2.4295,2.483,0.082,312.914,0.1,-2.5675,2.286,-0.049,312.885,0.1,-2.7199999999999998,2.135,-0.026000000000000002,312.954,0.1,
-2.9345,2.8015,0.16849999999999998,312.921,0.1,-2.9975,2.7095000000000002,-0.0985,312.968,0.1,-3.1315,2.8315,-0.095,312.915,0.1,-3.109,2.9645,0.14350000000000002,312.854,0.1,-2.9450000000000003,2.893,0.1475,312.854,0.1,-2.7984999999999998,2.817,0.099,312.835,0.1,-2.737,2.6580000000000004,0.092,312.849,0.1,-2.723,2.641,0.040499999999999994,312.873,0.1,-2.6805,2.798,-0.028499999999999998,312.851,0.1,-2.637,2.944,0.045,312.798,0.1,-2.6475,2.761,0.123,312.852,0.1,-2.63,2.542,0.0655,312.934,0.1,-2.5595,2.4894999999999996,0.0745,312.961,0.1,-2.5465,2.334,-0.0935,312.967,0.1,-2.5745,2.2935,-0.054,312.885,0.1,-2.628,2.1719999999999997,-0.0095,312.909,0.1,
-2.826,2.991,0.2505,312.853,0.1,-2.998,2.814,-0.178,312.935,0.1,-3.128,2.957,-0.020499999999999997,312.889,0.1,-3.0965,3.072,0.225,312.866,0.1,-3.008,2.9715,0.083,312.895,0.1,-2.8635,2.91,0.1805,312.844,0.1,-2.7005,2.748,0.2475,312.826,0.1,-2.646,2.6814999999999998,0.195,312.824,0.1,-2.6814999999999998,2.7805,-0.013999999999999999,312.831,0.1,-2.665,2.99,0.047,312.787,0.1,-2.5765,2.9425,0.21,312.804,0.1,-2.4909999999999997,2.7030000000000003,0.122,312.892,0.1,-2.4829999999999997,2.477,0.019,312.965,0.1,-2.537,2.2800000000000002,-0.11549999999999999,312.993,0.1,-2.5465,2.295,-0.106,312.928,0.1,-2.5875,2.2325,-0.10500000000000001,312.902,0.1,
-2.739,3.084,0.251,312.809,0.1,-2.916,2.865,-0.066,312.871,0.1,-3.0385,3.03,0.004999999999999999,312.857,0.1,-3.0705,3.143,0.1725,312.854,0.1,-3.0765000000000002,3.016,0.052000000000000005,312.885,0.1,-2.9135,2.952,0.275,312.856,0.1,-2.657,2.779,0.296,312.874,0.1,-2.559,2.686,0.199,312.875,0.1,-2.6465,2.747,0.036500000000000005,312.849,0.1,-2.699,2.96,0.0635,312.825,0.1,-2.6195,2.987,0.1865,312.819,0.1,-2.4985,2.798,0.129,312.858,0.1,-2.4285,2.541,0.028999999999999998,312.904,0.1,-2.436,2.302,-0.069,312.94,0.1,-2.449,2.298,-0.11349999999999999,312.923,0.1,-2.4855,2.263,-0.11649999999999999,312.882,0.1,
-3.0735,1.8085,-0.11699999999999999,313.08,0.1,-3.052,2.0395000000000003,-0.035,313.014,0.1,-3.0265,2.2525,0.041,312.979,0.1,-3.0374999999999996,2.2575000000000003,0.0815,313.014,0.1,-3.0540000000000003,2.0925000000000002,0.11449999999999999,313.077,0.1,-3.0155000000000003,2.016,0.0945,313.088,0.1,-2.96,2.0115,0.1065,313.056,0.1,-2.9565,1.968,0.0905,313.04,0.1,-2.9985,1.9125,0.037000000000000005,313.038,0.1,-3.066,1.931,0.05,313.048,0.1,-3.1550000000000002,1.9515,0.0325,313.09,0.1,-3.1870000000000003,1.887,-0.0245,313.117,0.1,-3.0895,1.7915,-0.0985,313.101,0.1,-2.9125,1.7850000000000001,-0.1285,313.045,0.1,-2.7720000000000002,1.8335,-0.157,313.004,0.1,-2.7575000000000003,1.8965,-0.162,312.974,0.1,
-3.0655,1.873,-0.0635,313.048,0.1,-3.0435,1.97,0.0085,313.014,0.1,-3.0105,2.1174999999999997,0.0645,312.986,0.1,-2.958,2.2785,0.10500000000000001,312.978,0.1,-2.9225,2.266,0.067,313.035,0.1,-2.8994999999999997,2.1975,-0.0045000000000000005,313.077,0.1,-2.8845,2.133,0.001,313.073,0.1,-2.8945,2.0045,0.093,313.057,0.1,-2.9154999999999998,1.8875,0.1455,313.041,0.1,-2.968,1.9075,0.07050000000000001,313.035,0.1,-3.1065,1.9545,0.039,313.061,0.1,-3.2385,1.9375,0.0505,313.103,0.1,-3.202,1.8940000000000001,0.014499999999999999,313.107,0.1,-3.02,1.871,-0.0615,313.061,0.1,-2.8475,1.904,-0.134,313.005,0.1,-2.801,1.9580000000000002,-0.101,312.962,0.1,
-3.0385,2.049,0.045,313.006,0.1,-2.997,2.026,0.0965,312.995,0.1,-2.987,2.017,0.0915,313.009,0.1,-2.926,2.1585,0.0835,312.992,0.1,-2.8505000000000003,2.2705,0.021,312.995,0.1,-2.834,2.2984999999999998,-0.0785,313.02,0.1,-2.862,2.239,-0.0475,313.03,0.1,-2.8440000000000003,2.068,0.1735,313.037,0.1,-2.786,1.9,0.263,313.038,0.1,-2.819,1.8775,0.06,313.034,0.1,-2.9785,1.923,0.0265,313.041,0.1,-3.168,1.9489999999999998,0.08199999999999999,313.092,0.1,-3.2344999999999997,1.9525000000000001,0.044,313.128,0.1,-3.1235,1.92,-0.046,313.109,0.1,-2.9475,1.9455,-0.1255,313.041,0.1,-2.84,1.9795,-0.089,312.984,0.1,
-3.048,2.2095000000000002,0.0475,313.016,0.1,-2.9475,2.143,0.1395,312.996,0.1,-2.9465000000000003,2.041,0.125,313.021,0.1,-2.9575,2.0575,0.064,313.029,0.1,-2.916,2.1505,0.006500000000000001,313.008,0.1,-2.8674999999999997,2.2815000000000003,-0.0595,312.98,0.1,-2.8289999999999997,2.3289999999999997,0.053,312.971,0.1,-2.7475,2.174,0.31,313.012,0.1,-2.6635,1.916,0.22999999999999998,313.061,0.1,-2.6755,1.832,0.027,313.049,0.1,-2.8005,1.8744999999999998,0.016,313.023,0.1,-3.0134999999999996,1.9129999999999998,0.034,313.071,0.1,-3.186,1.9365,0.034,313.124,0.1,-3.1734999999999998,1.9075,-0.0455,313.138,0.1,-3.011,1.9485000000000001,-0.08099999999999999,313.077,0.1,-2.852,1.9795,-0.08549999999999999,313.014,0.1,
-3.084,2.2685,-0.0015000000000000005,313.051,0.1,-2.9485,2.2135,0.124,313.029,0.1,-2.9240000000000004,2.143,0.0945,313.041,0.1,-2.9815,2.1055,0.079,313.046,0.1,-3.021,2.0965,0.0285,313.046,0.1,-2.979,2.225,-0.0225,313.006,0.1,-2.8375,2.3815,0.11149999999999999,312.969,0.1,-2.6935000000000002,2.2965,0.365,313.014,0.1,-2.649,1.9445000000000001,0.162,313.104,0.1,-2.629,1.824,0.002,313.081,0.1,-2.6525,1.875,0.0075,313.008,0.1,-2.8390000000000004,1.8855,-0.019,313.03,0.1,-3.0845000000000002,1.8984999999999999,0.044,313.089,0.1,-3.168,1.862,-0.015,313.132,0.1,-3.0229999999999997,1.9125,0.020499999999999997,313.087,0.1,-2.8185000000000002,1.973,-0.053,313.032,0.1,
-3.0645,2.2744999999999997,0.0905,313.055,0.1,-2.9219999999999997,2.2355,0.108,313.06,0.1,-2.9,2.2325,0.0025,313.064,0.1,-2.967,2.2525,0.033,313.057,0.1,-3.0435,2.2065,0.0225,313.069,0.1,-3.051,2.239,-0.048,313.058,0.1,-2.9265,2.3775,0.0085,313.025,0.1,-2.7805,2.349,0.2165,313.049,0.1,-2.743,2.003,0.138,313.137,0.1,-2.697,1.8725,-0.035,313.122,0.1,-2.6315,1.9475,-0.0615,313.01,0.1,-2.726,1.951,-0.0245,312.982,0.1,-2.9645,1.9285,0.0765,313.037,0.1,-3.1109999999999998,1.8679999999999999,0.059000000000000004,313.106,0.1,-3.0010000000000003,1.887,0.123,313.091,0.1,-2.7695,1.9725000000000001,-0.0024999999999999996,313.039,0.1,
-2.998,2.2685,0.239,313.059,0.1,-2.847,2.2385,0.106,313.075,0.1,-2.827,2.2664999999999997,-0.041499999999999995,313.07,0.1,-2.8935,2.3545,-0.057999999999999996,313.056,0.1,-2.9805,2.364,-0.0605,313.067,0.1,-3.0355,2.3155,-0.1255,313.077,0.1,-2.996,2.338,-0.116,313.06,0.1,-2.904,2.2904999999999998,0.0195,313.074,0.1,-2.8600000000000003,2.029,0.094,313.149,0.1,-2.815,1.909,-0.0795,313.166,0.1,-2.714,2.0395,-0.14750000000000002,313.036,0.1,-2.7045000000000003,2.1235,-0.07100000000000001,312.948,0.1,-2.879,2.0709999999999997,0.048,312.986,0.1,-3.0365,1.972,0.11449999999999999,313.072,0.1,-2.9699999999999998,1.9369999999999998,0.14400000000000002,313.105,0.1,-2.743,1.996,0.017,313.047,0.1,
-2.957,2.229,0.2595,313.113,0.1,-2.7990000000000004,2.2125,0.11499999999999999,313.097,0.1,-2.75,2.2560000000000002,-0.037,313.07,0.1,-2.8005,2.3484999999999996,-0.132,313.047,0.1,-2.902,2.4035,-0.14600000000000002,313.038,0.1,-2.9924999999999997,2.3600000000000003,-0.15,313.042,0.1,-3.014,2.299,-0.108,313.036,0.1,-2.9684999999999997,2.1959999999999997,-0.013,313.054,0.1,-2.924,1.9975,0.08249999999999999,313.128,0.1,-2.8775,1.899,-0.077,313.181,0.1,-2.7635,2.1014999999999997,-0.194,313.079,0.1,-2.7035,2.316,-0.203,312.942,0.1,-2.834,2.2635,-0.0895,312.938,0.1,-2.989,2.08,0.048,313.033,0.1,-2.9705,2.003,0.0745,313.108,0.1,-2.7785,2.0300000000000002,0.0025000000000000005,313.064,0.1,
-2.974,2.167,0.1275,313.195,0.1,-2.8155,2.168,0.059,313.15,0.1,-2.7365,2.2255000000000003,-0.07400000000000001,313.086,0.1,-2.7729999999999997,2.285,-0.1735,313.038,0.1,-2.878,2.3175,-0.1385,313.003,0.1,-2.9669999999999996,2.315,-0.0615,312.984,0.1,-2.9939999999999998,2.2664999999999997,0.02,312.984,0.1,-2.967,2.1414999999999997,0.0875,313.018,0.1,-2.9219999999999997,1.9645000000000001,0.132,313.088,0.1,-2.857,1.8719999999999999,-0.0195,313.154,0.1,-2.734,2.1165000000000003,-0.22999999999999998,313.106,0.1,-2.6609999999999996,2.4405,-0.3255,312.949,0.1,-2.777,2.402,-0.157,312.881,0.1,-2.959,2.0765000000000002,0.014,312.977,0.1,-3.0005,1.9645000000000001,0.0335,313.088,0.1,-2.8655,2.029,0.032,313.076,0.1,
-3.008,2.1,-0.0385,313.225,0.1,-2.9085,2.105,-0.10400000000000001,313.2,0.1,-2.8305,2.1814999999999998,-0.167,313.113,0.1,-2.833,2.239,-0.159,313.031,0.1,-2.896,2.224,-0.07200000000000001,312.991,0.1,-2.947,2.2024999999999997,0.055499999999999994,312.969,0.1,-2.939,2.1955,0.155,312.964,0.1,-2.8994999999999997,2.115,0.174,313.006,0.1,-2.866,1.9649999999999999,0.1585,313.072,0.1,-2.8230000000000004,1.8475000000000001,0.025,313.128,0.1,-2.7335000000000003,2.0615,-0.2525,313.096,0.1,-2.651,2.4585,-0.328,312.94,0.1,-2.6959999999999997,2.467,0.048,312.827,0.1,-2.857,2.0415,0.28400000000000003,312.918,0.1,-2.957,1.8805,0.11399999999999999,313.067,0.1,-2.9105,1.9865,0.073,313.097,0.1,
-2.9995000000000003,2.045,-0.056999999999999995,313.18,0.1,-3.0185,2.02,-0.168,313.199,0.1,-2.9785,2.1435,-0.1765,313.119,0.1,-2.928,2.25,-0.1,313.026,0.1,-2.9195,2.201,-0.023,313.004,0.1,-2.915,2.107,0.0955,313.017,0.1,-2.8695,2.0785,0.188,313.023,0.1,-2.8085,2.0765000000000002,0.165,313.043,0.1,-2.7785,1.9994999999999998,0.1335,313.085,0.1,-2.8064999999999998,1.854,0.0275,313.133,0.1,-2.841,1.943,-0.2165,313.092,0.1,-2.771,2.3515,-0.179,312.933,0.1,-2.641,2.4905,0.35350000000000004,312.841,0.1,-2.651,2.1055,0.569,312.937,0.1,-2.7925,1.8865,0.1605,313.072,0.1,-2.871,1.9224999999999999,0.003,313.148,0.1,
-2.9795,2.069,0.056499999999999995,313.131,0.1,-3.051,2.0135,-0.012499999999999999,313.159,0.1,-3.067,2.169,-0.11149999999999999,313.116,0.1,-2.9985,2.3095,-0.0455,313.023,0.1,-2.9245,2.243,0.035,313.007,0.1,-2.866,2.112,0.07,313.061,0.1,-2.811,2.013,0.08099999999999999,313.121,0.1,-2.752,2.0475000000000003,0.053,313.121,0.1,-2.7075,2.077,0.08249999999999999,313.1,0.1,-2.7745,1.9645000000000001,0.0225,313.134,0.1,-2.927,1.8805,-0.1235,313.122,0.1,-2.8935,2.1625,-0.006999999999999999,312.991,0.1,-2.623,2.426,0.432,312.933,0.1,-2.488,2.175,0.4375,313.028,0.1,-2.6414999999999997,1.9415,0.0565,313.087,0.1,-2.7975,1.8519999999999999,-0.07400000000000001,313.178,0.1,
-2.9875,2.1955,0.122,313.127,0.1,-3.009,2.14,0.065,313.139,0.1,-3.0905,2.2545,-0.1155,313.117,0.1,-3.0645,2.3725,0.018,313.035,0.1,-2.932,2.3075,0.11499999999999999,313.012,0.1,-2.817,2.2095,0.0535,313.046,0.1,-2.771,2.0725,-0.014,313.116,0.1,-2.7424999999999997,2.083,-0.0455,313.139,0.1,-2.6885,2.19,0.017,313.091,0.1,-2.711,2.1875,0.0265,313.082,0.1,-2.8419999999999996,1.998,-0.008,313.118,0.1,-2.841,2.0220000000000002,0.051500000000000004,313.092,0.1,-2.628,2.226,0.264,313.051,0.1,-2.5105000000000004,2.097,0.112,313.095,0.1,-2.6065,1.9565000000000001,-0.0245,313.077,0.1,-2.7110000000000003,1.8235000000000001,-0.028,313.137,0.1,
-2.952,2.364,0.1515,313.101,0.1,-2.9995000000000003,2.281,-0.0755,313.141,0.1,-3.1225,2.357,-0.0885,313.099,0.1,-3.1125,2.439,0.1285,313.05,0.1,-2.968,2.3705,0.1405,313.046,0.1,-2.8215,2.316,0.087,313.017,0.1,-2.7415000000000003,2.1925,0.07650000000000001,313.021,0.1,-2.7225,2.1654999999999998,0.0315,313.048,0.1,-2.7005,2.278,-0.0315,313.047,0.1,-2.6725000000000003,2.391,0.0345,313.008,0.1,-2.6799999999999997,2.2279999999999998,0.11299999999999999,313.056,0.1,-2.6665,2.032,0.0665,313.132,0.1,-2.6135,2.012,0.076,313.147,0.1,-2.61,1.9215,-0.0685,313.148,0.1,-2.6265,1.9295,-0.04,313.074,0.1,-2.644,1.851,-0.009,313.088,0.1,
-2.8659999999999997,2.5255,0.22949999999999998,313.034,0.1,-3.0115,2.3760000000000003,-0.14200000000000002,313.106,0.1,-3.13,2.4785,-0.01,313.066,0.1,-3.1094999999999997,2.5495,0.20900000000000002,313.053,0.1,-3.032,2.444,0.0835,313.081,0.1,-2.89,2.3970000000000002,0.16499999999999998,313.022,0.1,-2.718,2.2855,0.23249999999999998,312.986,0.1,-2.6535,2.231,0.195,312.982,0.1,-2.6925,2.2965,0.0024999999999999996,313.005,0.1,-2.6835,2.4545,0.05499999999999999,312.98,0.1,-2.596,2.3979999999999997,0.1995,313.001,0.1,-2.521,2.1654999999999998,0.11349999999999999,313.093,0.1,-2.5324999999999998,1.9705,0.011,313.161,0.1,-2.6035,1.8255,-0.111,313.179,0.1,-2.6205,1.8835,-0.10200000000000001,313.115,0.1,-2.6315,1.8845,-0.0965,313.076,0.1,
-2.7965,2.602,0.241,312.989,0.1,-2.953,2.419,-0.044,313.046,0.1,-3.0635,2.546,0.0215,313.031,0.1,-3.0925000000000002,2.619,0.173,313.033,0.1,-3.096,2.486,0.0615,313.069,0.1,-2.9445,2.434,0.2485,313.036,0.1,-2.6955,2.32,0.27149999999999996,313.029,0.1,-2.5854999999999997,2.253,0.201,313.017,0.1,-2.6615,2.288,0.0595,313.002,0.1,-2.7110000000000003,2.445,0.08299999999999999,312.996,0.1,-2.623,2.449,0.1855,313.001,0.1,-2.5025,2.251,0.119,313.049,0.1,-2.459,2.011,0.013500000000000002,313.105,0.1,-2.5045,1.82,-0.08099999999999999,313.141,0.1,-2.5475,1.859,-0.122,313.118,0.1,-2.5735,1.896,-0.12,313.064,0.1,
-3.0625,1.4165,-0.1155,313.221,0.1,-3.0415,1.609,-0.033,313.159,0.1,-3.0469999999999997,1.7614999999999998,0.0405,313.144,0.1,-3.09,1.7415,0.07400000000000001,313.19,0.1,-3.1175,1.607,0.10300000000000001,313.247,0.1,-3.0765000000000002,1.5885,0.091,313.238,0.1,-3.0004999999999997,1.639,0.10200000000000001,313.186,0.1,-2.957,1.616,0.089,313.154,0.1,-2.965,1.5394999999999999,0.045,313.148,0.1,-3.0275,1.496,0.0595,313.173,0.1,-3.1260000000000003,1.463,0.0475,313.241,0.1,-3.168,1.396,-0.015,313.285,0.1,-3.0854999999999997,1.3345,-0.11349999999999999,313.268,0.1,-2.918,1.3624999999999998,-0.16399999999999998,313.2,0.1,-2.77,1.4300000000000002,-0.191,313.145,0.1,-2.7505,1.4725000000000001,-0.18,313.11,0.1,
-3.0675,1.4595,-0.07400000000000001,313.201,0.1,-3.044,1.5590000000000002,0.0095,313.156,0.1,-3.024,1.6715,0.069,313.142,0.1,-3.0060000000000002,1.7765,0.097,313.151,0.1,-2.995,1.7485,0.049,313.212,0.1,-2.9755000000000003,1.7109999999999999,-0.015,313.243,0.1,-2.9465,1.7055,0.0015,313.221,0.1,-2.9255,1.6295,0.0915,313.192,0.1,-2.9080000000000004,1.5375,0.14,313.161,0.1,-2.936,1.5314999999999999,0.077,313.149,0.1,-3.067,1.51,0.059000000000000004,313.198,0.1,-3.201,1.4555,0.0655,313.268,0.1,-3.1795,1.416,0.0075,313.28,0.1,-3.018,1.431,-0.0905,313.221,0.1,-2.85,1.5025,-0.16399999999999998,313.148,0.1,-2.7880000000000003,1.564,-0.1185,313.091,0.1,
-3.0425,1.617,0.019,313.171,0.1,-3.0140000000000002,1.6139999999999999,0.0935,313.141,0.1,-3.008,1.609,0.098,313.159,0.1,-2.968,1.712,0.083,313.157,0.1,-2.9185,1.779,0.013000000000000001,313.172,0.1,-2.91,1.7885,-0.0895,313.197,0.1,-2.9265,1.759,-0.0485,313.194,0.1,-2.8970000000000002,1.6440000000000001,0.17099999999999999,313.193,0.1,-2.8225,1.53,0.2575,313.183,0.1,-2.8155,1.5385,0.068,313.153,0.1,-2.941,1.5390000000000001,0.046,313.161,0.1,-3.1225,1.5,0.10200000000000001,313.244,0.1,-3.1985,1.4715,0.054,313.303,0.1,-3.1105,1.4575,-0.055999999999999994,313.278,0.1,-2.9515000000000002,1.5234999999999999,-0.14650000000000002,313.191,0.1,-2.8335,1.6055000000000001,-0.10700000000000001,313.112,0.1,
-3.0460000000000003,1.7825,0.018500000000000003,313.184,0.1,-2.9705,1.733,0.1365,313.145,0.1,-2.9779999999999998,1.6465,0.133,313.171,0.1,-2.9945000000000004,1.654,0.07,313.187,0.1,-2.9665,1.7189999999999999,0.007,313.178,0.1,-2.931,1.8005,-0.067,313.16,0.1,-2.896,1.8295,0.041,313.145,0.1,-2.8195,1.7155,0.3,313.178,0.1,-2.734,1.526,0.242,313.225,0.1,-2.7104999999999997,1.5045,0.035500000000000004,313.188,0.1,-2.7885,1.5415,0.0235,313.141,0.1,-2.9765,1.5125,0.062,313.206,0.1,-3.1475,1.4715,0.058,313.295,0.1,-3.1525,1.4315,-0.032,313.317,0.1,-3.0140000000000002,1.492,-0.0965,313.241,0.1,-2.858,1.588,-0.10450000000000001,313.152,0.1,
-3.074,1.855,-0.0225,313.218,0.1,-2.9604999999999997,1.8235000000000001,0.11199999999999999,313.182,0.1,-2.953,1.7530000000000001,0.10300000000000001,313.191,0.1,-3.0155,1.7035,0.08499999999999999,313.204,0.1,-3.0534999999999997,1.6960000000000002,0.0295,313.21,0.1,-3.0185,1.7905,-0.0275,313.182,0.1,-2.8945,1.9005,0.0945,313.15,0.1,-2.7625,1.829,0.345,313.186,0.1,-2.7185,1.5455,0.1795,313.275,0.1,-2.689,1.4815,0.0075,313.24,0.1,-2.6799999999999997,1.559,-0.0034999999999999996,313.14,0.1,-2.825,1.5350000000000001,0.0055,313.154,0.1,-3.0515,1.4655,0.0725,313.25,0.1,-3.1425,1.3895,0.010499999999999999,313.316,0.1,-3.027,1.4335,0.009,313.263,0.1,-2.8434999999999997,1.543,-0.07300000000000001,313.185,0.1,
-3.056,1.855,0.07100000000000001,313.224,0.1,-2.9269999999999996,1.863,0.0825,313.215,0.1,-2.9185,1.8525,0.0055,313.216,0.1,-2.995,1.8355000000000001,0.03949999999999999,313.218,0.1,-3.0715,1.7865000000000002,0.023,313.235,0.1,-3.0745,1.8195000000000001,-0.0485,313.227,0.1,-2.9530000000000003,1.9289999999999998,-0.002,313.202,0.1,-2.811,1.8955,0.1975,313.225,0.1,-2.78,1.5964999999999998,0.14200000000000002,313.311,0.1,-2.7545,1.4985,-0.033,313.295,0.1,-2.6855,1.6115,-0.08049999999999999,313.162,0.1,-2.737,1.6315,-0.025,313.106,0.1,-2.94,1.54,0.097,313.182,0.1,-3.0825,1.412,0.079,313.287,0.1,-3.002,1.4055,0.1115,313.277,0.1,-2.8085,1.5105,-0.024,313.205,0.1,
-2.995,1.829,0.2215,313.235,0.1,-2.8555,1.8575,0.082,313.236,0.1,-2.844,1.8955,-0.0505,313.226,0.1,-2.92,1.9380000000000002,-0.054,313.219,0.1,-3.0145,1.912,-0.0555,313.237,0.1,-3.066,1.8744999999999998,-0.121,313.246,0.1,-3.0115,1.9015,-0.118,313.229,0.1,-2.9015,1.8605,0.01,313.248,0.1,-2.8575,1.6225,0.0875,313.326,0.1,-2.8455,1.5114999999999998,-0.0785,313.346,0.1,-2.7720000000000002,1.6625,-0.16649999999999998,313.205,0.1,-2.7375,1.7955,-0.097,313.084,0.1,-2.8635,1.7200000000000002,0.055499999999999994,313.116,0.1,-3.0035,1.5375,0.1235,313.239,0.1,-2.9604999999999997,1.4609999999999999,0.1305,313.289,0.1,-2.779,1.5145,-0.006999999999999999,313.223,0.1,
-2.9555,1.782,0.2505,313.299,0.1,-2.8135000000000003,1.8054999999999999,0.101,313.272,0.1,-2.774,1.8775,-0.051000000000000004,313.234,0.1,-2.8280000000000003,1.947,-0.13,313.212,0.1,-2.9365,1.948,-0.1325,313.212,0.1,-3.0335,1.891,-0.1405,313.221,0.1,-3.0425,1.8475000000000001,-0.106,313.209,0.1,-2.9645,1.7730000000000001,-0.017,313.224,0.1,-2.9,1.5979999999999999,0.07200000000000001,313.303,0.1,-2.8805,1.4975,-0.0815,313.365,0.1,-2.8185000000000002,1.686,-0.218,313.262,0.1,-2.7619999999999996,1.9425,-0.2365,313.097,0.1,-2.8385,1.9175,-0.0865,313.067,0.1,-2.9545,1.674,0.064,313.182,0.1,-2.9435000000000002,1.545,0.07,313.28,0.1,-2.7925,1.5415,-0.02,313.24,0.1,
-2.9695,1.728,0.123,313.387,0.1,-2.8305,1.7389999999999999,0.049,313.339,0.1,-2.7664999999999997,1.821,-0.08549999999999999,313.265,0.1,-2.801,1.8895,-0.17049999999999998,313.21,0.1,-2.901,1.885,-0.124,313.181,0.1,-2.9995,1.8405,-0.0505,313.174,0.1,-3.03,1.795,0.0225,313.174,0.1,-2.9764999999999997,1.7035,0.086,313.196,0.1,-2.898,1.5645,0.122,313.26,0.1,-2.8455000000000004,1.4755,-0.0305,313.334,0.1,-2.7885,1.6764999999999999,-0.256,313.295,0.1,-2.753,2.007,-0.35,313.121,0.1,-2.822,2.0285,-0.1505,313.022,0.1,-2.9355,1.706,0.044,313.122,0.1,-2.955,1.555,0.047,313.249,0.1,-2.8475,1.5585,0.0165,313.247,0.1,
-2.9955,1.674,-0.0435,313.419,0.1,-2.9095,1.6675,-0.11,313.395,0.1,-2.856,1.742,-0.1745,313.306,0.1,-2.863,1.822,-0.165,313.216,0.1,-2.912,1.808,-0.068,313.175,0.1,-2.9610000000000003,1.748,0.063,313.165,0.1,-2.966,1.7229999999999999,0.1595,313.17,0.1,-2.9225000000000003,1.6575,0.1755,313.206,0.1,-2.859,1.5470000000000002,0.153,313.255,0.1,-2.811,1.449,0.019,313.304,0.1,-2.784,1.611,-0.262,313.281,0.1,-2.7645,1.9740000000000002,-0.33999999999999997,313.124,0.1,-2.785,2.0555,0.046,312.984,0.1,-2.8665000000000003,1.6975,0.3005,313.07,0.1,-2.915,1.5345,0.1305,313.228,0.1,-2.87,1.565,0.07100000000000001,313.264,0.1,
-2.9875,1.63,-0.0625,313.375,0.1,-2.9975,1.5859999999999999,-0.17149999999999999,313.392,0.1,-2.9850000000000003,1.6715,-0.1875,313.322,0.1,-2.959,1.7825,-0.11649999999999999,313.225,0.1,-2.9395,1.7685,-0.028499999999999998,313.193,0.1,-2.9185,1.67,0.094,313.211,0.1,-2.8815,1.623,0.19,313.23,0.1,-2.8365,1.6065,0.1665,313.26,0.1,-2.7995,1.5455,0.127,313.292,0.1,-2.8095,1.4355,0.0265,313.317,0.1,-2.871,1.496,-0.20350000000000001,313.272,0.1,-2.8665000000000003,1.8455,-0.1815,313.123,0.1,-2.7535,2.0435,0.3305,313.013,0.1,-2.7085,1.7635,0.565,313.096,0.1,-2.7805,1.578,0.17099999999999999,313.242,0.1,-2.827,1.561,0.0165,313.316,0.1,
-2.9755000000000003,1.6560000000000001,0.052000000000000005,313.323,0.1,-3.0244999999999997,1.585,-0.023,313.349,0.1,-3.0545,1.681,-0.1265,313.317,0.1,-3.0215,1.7915,-0.058499999999999996,313.232,0.1,-2.9535,1.7685,0.027,313.202,0.1,-2.875,1.6635,0.056,313.25,0.1,-2.8120000000000003,1.5670000000000002,0.07100000000000001,313.313,0.1,-2.7720000000000002,1.571,0.049,313.332,0.1,-2.748,1.581,0.0675,313.324,0.1,-2.802,1.5,0.012,313.338,0.1,-2.9385,1.4295,-0.10850000000000001,313.308,0.1,-2.9425,1.6655,-0.003,313.181,0.1,-2.7245,1.9539999999999997,0.4065,313.114,0.1,-2.5785,1.8135,0.4465,313.196,0.1,-2.664,1.6335000000000002,0.076,313.271,0.1,-2.7664999999999997,1.5299999999999998,-0.0625,313.353,0.1,
-2.989,1.775,0.11399999999999999,313.312,0.1,-2.997,1.713,0.0605,313.323,0.1,-3.0745,1.771,-0.1185,313.31,0.1,-3.0705,1.8385,0.01,313.24,0.1,-2.9589999999999996,1.799,0.107,313.208,0.1,-2.8369999999999997,1.7315,0.0365,313.232,0.1,-2.7725,1.616,-0.0315,313.296,0.1,-2.7495,1.6025,-0.056499999999999995,313.329,0.1,-2.7245,1.6665,-0.001,313.308,0.1,-2.754,1.665,0.007000000000000001,313.298,0.1,-2.864,1.51,-0.0075,313.317,0.1,-2.87,1.5325,0.057999999999999996,313.284,0.1,-2.6985,1.75,0.258,313.235,0.1,-2.5915,1.7109999999999999,0.14150000000000001,313.275,0.1,-2.6455,1.627,0.0,313.269,0.1,-2.702,1.5114999999999998,-0.0295,313.321,0.1,
-2.9690000000000003,1.9260000000000002,0.134,313.28,0.1,-3.0010000000000003,1.853,-0.052500000000000005,313.314,0.1,-3.113,1.8815,-0.082,313.282,0.1,-3.115,1.9135,0.11399999999999999,313.247,0.1,-2.9905,1.8485,0.134,313.238,0.1,-2.8445,1.8159999999999998,0.07550000000000001,313.199,0.1,-2.7465,1.7265,0.061,313.192,0.1,-2.7225,1.6905000000000001,0.0225,313.223,0.1,-2.721,1.758,-0.034,313.244,0.1,-2.708,1.8375,0.0235,313.219,0.1,-2.7125000000000004,1.694,0.10300000000000001,313.259,0.1,-2.704,1.5225,0.0675,313.329,0.1,-2.6685,1.534,0.078,313.334,0.1,-2.674,1.51,-0.0435,313.328,0.1,-2.6784999999999997,1.5655000000000001,-0.025500000000000002,313.263,0.1,-2.66,1.5305,-0.009,313.267,0.1,
-2.9055,2.0595,0.20850000000000002,313.215,0.1,-3.0244999999999997,1.9385,-0.1065,313.278,0.1,-3.1319999999999997,1.999,0.0005,313.243,0.1,-3.123,2.027,0.193,313.24,0.1,-3.056,1.9165,0.0845,313.268,0.1,-2.9165,1.8845,0.149,313.201,0.1,-2.7359999999999998,1.823,0.218,313.146,0.1,-2.661,1.7810000000000001,0.195,313.14,0.1,-2.7039999999999997,1.8125,0.0195,313.178,0.1,-2.702,1.9180000000000001,0.063,313.172,0.1,-2.615,1.8535,0.189,313.198,0.1,-2.5515,1.6284999999999998,0.10500000000000001,313.294,0.1,-2.582,1.463,0.003,313.358,0.1,-2.669,1.3715000000000002,-0.1065,313.366,0.1,-2.6945,1.472,-0.0985,313.301,0.1,-2.6755,1.5365,-0.0875,313.25,0.1,
-2.8545,2.12,0.23099999999999998,313.17,0.1,-2.9905,1.973,-0.022,313.222,0.1,-3.088,2.061,0.0385,313.205,0.1,-3.114,2.094,0.1735,313.211,0.1,-3.1159999999999997,1.956,0.07050000000000001,313.253,0.1,-2.976,1.916,0.22199999999999998,313.216,0.1,-2.734,1.861,0.247,313.184,0.1,-2.612,1.821,0.203,313.158,0.1,-2.6765,1.829,0.08249999999999999,313.156,0.1,-2.723,1.929,0.10250000000000001,313.167,0.1,-2.627,1.912,0.1845,313.182,0.1,-2.5075000000000003,1.704,0.109,313.24,0.1,-2.49,1.48,-0.002,313.306,0.1,-2.5725,1.338,-0.0925,313.341,0.1,-2.645,1.42,-0.1305,313.314,0.1,-2.661,1.528,-0.1235,313.247,0.1,
-3.0505,1.025,-0.1145,313.363,0.1,-3.0305,1.1785,-0.0305,313.303,0.1,-3.0675,1.27,0.041,313.31,0.1,-3.1425,1.2254999999999998,0.0675,313.366,0.1,-3.1805000000000003,1.1219999999999999,0.092,313.416,0.1,-3.1375,1.1604999999999999,0.0865,313.389,0.1,-3.0415,1.2665000000000002,0.097,313.316,0.1,-2.9575,1.2635,0.088,313.269,0.1,-2.932,1.166,0.051500000000000004,313.258,0.1,-2.9894999999999996,1.061,0.066,313.297,0.1,-3.0975,0.975,0.06,313.392,0.1,-3.149,0.905,-0.007,313.454,0.1,-3.081,0.877,-0.128,313.434,0.1,-2.923,0.94,-0.197,313.355,0.1,-2.7675,1.0265,-0.22249999999999998,313.285,0.1,-2.7439999999999998,1.0485,-0.1975,313.245,0.1,
-3.069,1.0455,-0.08399999999999999,313.354,0.1,-3.0445,1.148,0.0095,313.298,0.1,-3.0374999999999996,1.2255,0.0735,313.297,0.1,-3.0534999999999997,1.275,0.09,313.323,0.1,-3.067,1.2315,0.0335,313.388,0.1,-3.0515,1.224,-0.0245,313.408,0.1,-3.009,1.2785,0.002,313.369,0.1,-2.9565,1.254,0.092,313.327,0.1,-2.901,1.1875,0.136,313.282,0.1,-2.904,1.1555,0.082,313.264,0.1,-3.027,1.0655000000000001,0.07500000000000001,313.334,0.1,-3.1635,0.974,0.0785,313.433,0.1,-3.157,0.937,0.001,313.452,0.1,-3.016,0.9914999999999999,-0.1175,313.382,0.1,-2.8525,1.101,-0.191,313.29,0.1,-2.775,1.17,-0.1365,313.22,0.1,
-3.0465,1.1844999999999999,-0.0055000000000000005,313.335,0.1,-3.0305,1.2014999999999998,0.0885,313.287,0.1,-3.028,1.201,0.10300000000000001,313.308,0.1,-3.009,1.266,0.083,313.321,0.1,-2.9865,1.2875,0.006,313.349,0.1,-2.9859999999999998,1.278,-0.0985,313.373,0.1,-2.991,1.279,-0.0495,313.358,0.1,-2.9505,1.22,0.169,313.349,0.1,-2.8585000000000003,1.1595,0.253,313.328,0.1,-2.8115,1.2000000000000002,0.0765,313.272,0.1,-2.9035,1.155,0.0635,313.281,0.1,-3.077,1.0514999999999999,0.121,313.396,0.1,-3.162,0.9904999999999999,0.0645,313.477,0.1,-3.097,0.9949999999999999,-0.064,313.448,0.1,-2.955,1.1015000000000001,-0.16549999999999998,313.342,0.1,-2.8259999999999996,1.2309999999999999,-0.1245,313.241,0.1,
-3.0435,1.3559999999999999,-0.0085,313.353,0.1,-2.9925,1.3224999999999998,0.1315,313.295,0.1,-3.0090000000000003,1.252,0.138,313.32,0.1,-3.0315000000000003,1.25,0.075,313.345,0.1,-3.0164999999999997,1.2875,0.0075,313.348,0.1,-2.9935,1.3195000000000001,-0.074,313.341,0.1,-2.9625000000000004,1.3295,0.029500000000000002,313.319,0.1,-2.8914999999999997,1.258,0.289,313.343,0.1,-2.804,1.136,0.252,313.389,0.1,-2.745,1.177,0.045,313.327,0.1,-2.776,1.209,0.0305,313.26,0.1,-2.9395,1.112,0.088,313.34,0.1,-3.11,1.0074999999999998,0.082,313.466,0.1,-3.1319999999999997,0.9550000000000001,-0.018500000000000003,313.496,0.1,-3.0164999999999997,1.036,-0.1095,313.404,0.1,-2.8635,1.197,-0.122,313.29,0.1,
-3.0635,1.4415,-0.041999999999999996,313.386,0.1,-2.9725,1.4335,0.1,313.334,0.1,-2.982,1.3624999999999998,0.109,313.342,0.1,-3.0484999999999998,1.301,0.0895,313.362,0.1,-3.0854999999999997,1.295,0.03,313.375,0.1,-3.058,1.3565,-0.032,313.359,0.1,-2.951,1.4195000000000002,0.0775,313.33,0.1,-2.831,1.362,0.323,313.357,0.1,-2.7885,1.1469999999999998,0.194,313.446,0.1,-2.75,1.138,0.013500000000000002,313.399,0.1,-2.708,1.244,-0.013499999999999998,313.273,0.1,-2.811,1.1844999999999999,0.027499999999999997,313.278,0.1,-3.019,1.0335,0.0995,313.411,0.1,-3.1174999999999997,0.9175,0.0345,313.5,0.1,-3.0305,0.9550000000000001,-0.001,313.44,0.1,-2.868,1.1139999999999999,-0.0905,313.337,0.1,
-3.048,1.435,0.051500000000000004,313.392,0.1,-2.9314999999999998,1.4905,0.059500000000000004,313.369,0.1,-2.9370000000000003,1.472,0.009,313.368,0.1,-3.023,1.4184999999999999,0.045,313.378,0.1,-3.0985,1.3655,0.0225,313.402,0.1,-3.0975,1.4005,-0.05,313.397,0.1,-2.9795,1.4805000000000001,-0.013,313.378,0.1,-2.8415,1.4425,0.1775,313.401,0.1,-2.817,1.1895,0.1445,313.485,0.1,-2.812,1.124,-0.031,313.467,0.1,-2.7394999999999996,1.2755,-0.098,313.314,0.1,-2.748,1.3115,-0.026500000000000003,313.231,0.1,-2.915,1.1520000000000001,0.11449999999999999,313.328,0.1,-3.053,0.9570000000000001,0.0975,313.468,0.1,-3.0025,0.9235,0.1005,313.463,0.1,-2.847,1.0485,-0.0435,313.372,0.1,
-2.9924999999999997,1.3900000000000001,0.20400000000000001,313.411,0.1,-2.865,1.4765000000000001,0.0605,313.397,0.1,-2.8609999999999998,1.5245,-0.056999999999999995,313.381,0.1,-2.9459999999999997,1.5215,-0.05,313.381,0.1,-3.0484999999999998,1.4595,-0.051000000000000004,313.408,0.1,-3.096,1.4335,-0.11699999999999999,313.416,0.1,-3.027,1.4655,-0.1195,313.398,0.1,-2.8994999999999997,1.4304999999999999,0.0,313.421,0.1,-2.8545,1.2155,0.0795,313.503,0.1,-2.8755,1.1135000000000002,-0.0775,313.526,0.1,-2.8295000000000003,1.2854999999999999,-0.184,313.375,0.1,-2.77,1.467,-0.122,313.219,0.1,-2.848,1.369,0.0595,313.246,0.1,-2.9705,1.1035,0.131,313.405,0.1,-2.951,0.984,0.11699999999999999,313.473,0.1,-2.8145,1.033,-0.028999999999999998,313.399,0.1,
-2.9545000000000003,1.3355000000000001,0.241,313.484,0.1,-2.8285,1.3985,0.088,313.446,0.1,-2.7975,1.499,-0.063,313.399,0.1,-2.8545,1.5455,-0.1265,313.376,0.1,-2.9705000000000004,1.492,-0.12,313.385,0.1,-3.0745,1.4224999999999999,-0.1315,313.399,0.1,-3.0715,1.397,-0.104,313.382,0.1,-2.961,1.3495,-0.0215,313.394,0.1,-2.8765,1.1985000000000001,0.0605,313.478,0.1,-2.884,1.0955,-0.086,313.548,0.1,-2.8735,1.271,-0.2385,313.445,0.1,-2.8209999999999997,1.569,-0.265,313.251,0.1,-2.844,1.5715,-0.08549999999999999,313.195,0.1,-2.92,1.268,0.077,313.331,0.1,-2.9154999999999998,1.0865,0.065,313.451,0.1,-2.8055,1.0535,-0.040999999999999995,313.416,0.1,
-2.9645,1.2890000000000001,0.1185,313.578,0.1,-2.8449999999999998,1.3094999999999999,0.0395,313.528,0.1,-2.7960000000000003,1.4165,-0.0945,313.444,0.1,-2.8289999999999997,1.4945,-0.1665,313.381,0.1,-2.9245,1.4525000000000001,-0.1105,313.358,0.1,-3.032,1.367,-0.04,313.364,0.1,-3.0665,1.3239999999999998,0.025,313.364,0.1,-2.987,1.2654999999999998,0.0845,313.373,0.1,-2.8745000000000003,1.1644999999999999,0.1115,313.432,0.1,-2.8345000000000002,1.079,-0.040999999999999995,313.515,0.1,-2.843,1.2365,-0.27649999999999997,313.484,0.1,-2.8445,1.5735000000000001,-0.3685,313.293,0.1,-2.867,1.6545,-0.1445,313.163,0.1,-2.9115,1.3355000000000001,0.07,313.267,0.1,-2.909,1.146,0.058499999999999996,313.41,0.1,-2.83,1.088,0.0014999999999999996,313.418,0.1,
-2.9829999999999997,1.2485,-0.0475,313.612,0.1,-2.9109999999999996,1.229,-0.1145,313.59,0.1,-2.881,1.3025000000000002,-0.1795,313.5,0.1,-2.8925,1.4055,-0.1685,313.401,0.1,-2.9275,1.393,-0.0635,313.358,0.1,-2.975,1.2945,0.07050000000000001,313.362,0.1,-2.9939999999999998,1.2505,0.164,313.377,0.1,-2.9459999999999997,1.1995,0.1765,313.406,0.1,-2.8520000000000003,1.1284999999999998,0.1475,313.438,0.1,-2.7990000000000004,1.051,0.0135,313.48,0.1,-2.834,1.161,-0.268,313.467,0.1,-2.8775,1.4895,-0.3465,313.308,0.1,-2.8739999999999997,1.6429999999999998,0.044,313.14,0.1,-2.8754999999999997,1.3535,0.313,313.223,0.1,-2.872,1.1885,0.14400000000000002,313.389,0.1,-2.829,1.1440000000000001,0.068,313.432,0.1,
-2.976,1.2155,-0.068,313.57,0.1,-2.9770000000000003,1.1520000000000001,-0.1735,313.584,0.1,-2.9915000000000003,1.2000000000000002,-0.196,313.524,0.1,-2.9895,1.315,-0.1305,313.424,0.1,-2.96,1.3365,-0.033,313.382,0.1,-2.923,1.2335,0.0925,313.405,0.1,-2.894,1.168,0.191,313.438,0.1,-2.8645,1.1360000000000001,0.1675,313.478,0.1,-2.8200000000000003,1.091,0.121,313.5,0.1,-2.8115,1.017,0.025500000000000002,313.502,0.1,-2.901,1.0495,-0.1895,313.453,0.1,-2.9625,1.3399999999999999,-0.18,313.313,0.1,-2.8655,1.596,0.3085,313.185,0.1,-2.7649999999999997,1.421,0.5575,313.254,0.1,-2.7685,1.2685,0.181,313.412,0.1,-2.7835,1.2,0.028,313.484,0.1,
-2.971,1.2429999999999999,0.0455,313.516,0.1,-2.9975,1.1564999999999999,-0.0335,313.54,0.1,-3.0415,1.194,-0.138,313.519,0.1,-3.0435,1.2734999999999999,-0.0695,313.44,0.1,-2.982,1.294,0.019,313.397,0.1,-2.8845,1.2155,0.042499999999999996,313.439,0.1,-2.8135000000000003,1.121,0.0615,313.505,0.1,-2.792,1.095,0.0455,313.542,0.1,-2.7889999999999997,1.0845,0.0545,313.549,0.1,-2.8305,1.0345,0.0025,313.542,0.1,-2.951,0.978,-0.0935,313.493,0.1,-2.9924999999999997,1.169,0.003,313.371,0.1,-2.8259999999999996,1.4815,0.3835,313.295,0.1,-2.6685,1.4515,0.452,313.365,0.1,-2.6864999999999997,1.3250000000000002,0.095,313.455,0.1,-2.7359999999999998,1.2085,-0.051000000000000004,313.527,0.1,
-2.9905,1.355,0.10450000000000001,313.496,0.1,-2.9845,1.2854999999999999,0.0545,313.507,0.1,-3.058,1.2885,-0.1195,313.503,0.1,-3.0765000000000002,1.305,0.0035,313.446,0.1,-2.9855,1.29,0.098,313.404,0.1,-2.8565,1.2534999999999998,0.0195,313.419,0.1,-2.774,1.1595,-0.048,313.475,0.1,-2.7569999999999997,1.1219999999999999,-0.066,313.52,0.1,-2.7605,1.142,-0.0165,313.526,0.1,-2.797,1.1425,-0.010499999999999999,313.514,0.1,-2.8865,1.022,-0.007,313.516,0.1,-2.899,1.0430000000000001,0.065,313.475,0.1,-2.7685,1.2734999999999999,0.253,313.419,0.1,-2.6725,1.3245,0.16899999999999998,313.455,0.1,-2.6845,1.298,0.0225,313.461,0.1,-2.6929999999999996,1.1995,-0.031,313.504,0.1,
-2.9865,1.4889999999999999,0.1175,313.46,0.1,-3.0025,1.425,-0.032,313.487,0.1,-3.1035,1.4065,-0.0755,313.466,0.1,-3.1185,1.388,0.101,313.444,0.1,-3.0140000000000002,1.326,0.127,313.431,0.1,-2.868,1.315,0.0635,313.381,0.1,-2.7515,1.2610000000000001,0.044,313.363,0.1,-2.7220000000000004,1.2155,0.012,313.397,0.1,-2.7405,1.2374999999999998,-0.036000000000000004,313.44,0.1,-2.7430000000000003,1.2850000000000001,0.013,313.429,0.1,-2.7445,1.161,0.092,313.463,0.1,-2.7405,1.013,0.068,313.527,0.1,-2.723,1.0565,0.0805,313.52,0.1,-2.7375,1.098,-0.019,313.509,0.1,-2.73,1.202,-0.0115,313.452,0.1,-2.6765,1.209,-0.011,313.446,0.1,
-2.9455,1.5939999999999999,0.189,313.395,0.1,-3.0380000000000003,1.5005000000000002,-0.0735,313.449,0.1,-3.1345,1.52,0.01,313.42,0.1,-3.137,1.5045000000000002,0.1775,313.427,0.1,-3.0805,1.389,0.08549999999999999,313.455,0.1,-2.943,1.371,0.1335,313.379,0.1,-2.7535,1.361,0.201,313.306,0.1,-2.668,1.3315000000000001,0.191,313.298,0.1,-2.7145,1.3285,0.034,313.352,0.1,-2.7205,1.3824999999999998,0.0695,313.365,0.1,-2.635,1.3094999999999999,0.1765,313.395,0.1,-2.582,1.0915,0.0955,313.495,0.1,-2.6315,0.9564999999999999,-0.004,313.555,0.1,-2.7355,0.9175,-0.1005,313.552,0.1,-2.769,1.0605,-0.094,313.487,0.1,-2.7199999999999998,1.1885,-0.0805,313.425,0.1,
-2.912,1.638,0.2205,313.35,0.1,-3.0275,1.526,-0.0014999999999999996,313.398,0.1,-3.1125,1.577,0.054,313.379,0.1,-3.136,1.57,0.1725,313.389,0.1,-3.1355000000000004,1.426,0.079,313.437,0.1,-3.0065,1.397,0.1975,313.396,0.1,-2.7720000000000002,1.403,0.22299999999999998,313.339,0.1,-2.6384999999999996,1.389,0.2015,313.3,0.1,-2.691,1.37,0.10200000000000001,313.31,0.1,-2.7344999999999997,1.414,0.1195,313.339,0.1,-2.6305,1.375,0.181,313.364,0.1,-2.5115,1.157,0.0975,313.43,0.1,-2.5205,0.95,-0.0175,313.507,0.1,-2.6405000000000003,0.856,-0.10200000000000001,313.541,0.1,-2.7430000000000003,0.981,-0.137,313.509,0.1,-2.7485,1.161,-0.126,313.43,0.1,
-3.0389999999999997,0.708,-0.114,313.521,0.1,-3.0235000000000003,0.8215,-0.0275,313.463,0.1,-3.08,0.8665,0.0455,313.485,0.1,-3.17,0.812,0.065,313.55,0.1,-3.208,0.736,0.08299999999999999,313.595,0.1,-3.1630000000000003,0.8055,0.079,313.554,0.1,-3.0655,0.9355,0.091,313.471,0.1,-2.971,0.9490000000000001,0.0875,313.416,0.1,-2.9314999999999998,0.8535,0.0545,313.399,0.1,-2.976,0.7270000000000001,0.065,313.443,0.1,-3.0675,0.614,0.065,313.547,0.1,-3.1125,0.53,-0.004,313.621,0.1,-3.0595,0.5155000000000001,-0.14100000000000001,313.605,0.1,-2.924,0.5940000000000001,-0.223,313.524,0.1,-2.777,0.6859999999999999,-0.2475,313.444,0.1,-2.748,0.6955,-0.2145,313.395,0.1,
-3.069,0.7105,-0.0935,313.521,0.1,-3.0445,0.808,0.006999999999999999,313.456,0.1,-3.0435,0.855,0.078,313.466,0.1,-3.0785,0.8645,0.086,313.508,0.1,-3.1045,0.8160000000000001,0.024,313.576,0.1,-3.09,0.83,-0.0315,313.585,0.1,-3.0425,0.9155,0.0025,313.533,0.1,-2.9814999999999996,0.9235,0.0965,313.486,0.1,-2.916,0.8815,0.137,313.434,0.1,-2.9050000000000002,0.847,0.0835,313.409,0.1,-3.004,0.7235,0.0815,313.483,0.1,-3.12,0.6045,0.0865,313.596,0.1,-3.1189999999999998,0.5665,-0.005,313.622,0.1,-3.0035,0.6395,-0.138,313.548,0.1,-2.8575,0.7605,-0.21150000000000002,313.448,0.1,-2.775,0.8295,-0.156,313.368,0.1,
-3.0515,0.8225,-0.025500000000000002,313.512,0.1,-3.044,0.8580000000000001,0.078,313.449,0.1,-3.0385,0.861,0.105,313.472,0.1,-3.0295,0.892,0.084,313.499,0.1,-3.024,0.8815,0.002,313.539,0.1,-3.029,0.8614999999999999,-0.1025,313.56,0.1,-3.025,0.8825000000000001,-0.049,313.533,0.1,-2.982,0.8605,0.1675,313.518,0.1,-2.8945,0.835,0.251,313.494,0.1,-2.833,0.902,0.08549999999999999,313.425,0.1,-2.8955,0.8395,0.0745,313.427,0.1,-3.0435,0.7030000000000001,0.136,313.553,0.1,-3.1215,0.6225,0.07550000000000001,313.647,0.1,-3.0735,0.6385000000000001,-0.068,313.616,0.1,-2.9535,0.759,-0.179,313.501,0.1,-2.827,0.9055,-0.14100000000000001,313.387,0.1,
-3.0425,0.9804999999999999,-0.027500000000000004,313.533,0.1,-3.0135,0.9705,0.12,313.462,0.1,-3.0295,0.9215,0.136,313.483,0.1,-3.0475000000000003,0.9105000000000001,0.0775,313.515,0.1,-3.04,0.9215,0.0085,313.531,0.1,-3.028,0.917,-0.0775,313.533,0.1,-2.999,0.9179999999999999,0.0195,313.504,0.1,-2.933,0.875,0.274,313.518,0.1,-2.8545,0.797,0.2565,313.564,0.1,-2.787,0.8785000000000001,0.056,313.493,0.1,-2.7925,0.915,0.037000000000000005,313.411,0.1,-2.9269999999999996,0.79,0.10750000000000001,313.494,0.1,-3.0789999999999997,0.651,0.106,313.637,0.1,-3.107,0.597,-0.0055,313.671,0.1,-3.0145,0.6865,-0.11699999999999999,313.568,0.1,-2.873,0.872,-0.135,313.439,0.1,
-3.0515,1.065,-0.055999999999999994,313.565,0.1,-2.9859999999999998,1.0835,0.088,313.504,0.1,-3.004,1.0274999999999999,0.109,313.508,0.1,-3.0629999999999997,0.9650000000000001,0.0895,313.533,0.1,-3.093,0.9555,0.028999999999999998,313.552,0.1,-3.072,0.9864999999999999,-0.036500000000000005,313.547,0.1,-2.9805,1.0185,0.06,313.521,0.1,-2.8705,0.9690000000000001,0.2965,313.536,0.1,-2.832,0.8029999999999999,0.2005,313.621,0.1,-2.801,0.8265,0.0205,313.573,0.1,-2.753,0.951,-0.019999999999999997,313.436,0.1,-2.8265000000000002,0.8845,0.039999999999999994,313.434,0.1,-3.005,0.694,0.1225,313.583,0.1,-3.096,0.5640000000000001,0.056,313.683,0.1,-3.0300000000000002,0.5985,-0.006999999999999999,313.614,0.1,-2.8914999999999997,0.7725,-0.10200000000000001,313.495,0.1,
-3.0315000000000003,1.0539999999999998,0.035,313.57,0.1,-2.9379999999999997,1.1435,0.0445,313.541,0.1,-2.9565,1.131,0.013,313.538,0.1,-3.0395000000000003,1.064,0.0465,313.551,0.1,-3.103,1.013,0.020499999999999997,313.578,0.1,-3.0970000000000004,1.0415,-0.0525,313.579,0.1,-2.9875,1.0985,-0.0245,313.566,0.1,-2.855,1.0565,0.155,313.582,0.1,-2.8335,0.8405,0.14150000000000001,313.66,0.1,-2.8505000000000003,0.791,-0.0275,313.645,0.1,-2.795,0.9624999999999999,-0.1115,313.488,0.1,-2.7855,1.017,-0.0335,313.391,0.1,-2.919,0.8300000000000001,0.1235,313.497,0.1,-3.0385,0.6080000000000001,0.11199999999999999,313.654,0.1,-3.0035,0.5609999999999999,0.09,313.647,0.1,-2.8815,0.6845,-0.057499999999999996,313.541,0.1,
-2.9775,1.0025,0.186,313.592,0.1,-2.871,1.1219999999999999,0.0475,313.57,0.1,-2.8810000000000002,1.1795,-0.055999999999999994,313.553,0.1,-2.969,1.1545,-0.045,313.556,0.1,-3.0645,1.0775000000000001,-0.048,313.585,0.1,-3.101,1.0565,-0.1135,313.593,0.1,-3.0250000000000004,1.0895000000000001,-0.121,313.579,0.1,-2.8905000000000003,1.0594999999999999,-0.0105,313.601,0.1,-2.8435,0.8654999999999999,0.0685,313.68,0.1,-2.8875,0.7665,-0.076,313.705,0.1,-2.8760000000000003,0.9435,-0.196,313.557,0.1,-2.8195,1.1520000000000001,-0.14300000000000002,313.388,0.1,-2.8655,1.053,0.055,313.41,0.1,-2.9610000000000003,0.7525,0.1335,313.587,0.1,-2.9485,0.61,0.10400000000000001,313.66,0.1,-2.848,0.65,-0.046,313.577,0.1,
-2.94,0.9515,0.22949999999999998,313.67,0.1,-2.8345000000000002,1.034,0.0785,313.626,0.1,-2.821,1.147,-0.0675,313.574,0.1,-2.8845,1.1804999999999999,-0.12,313.553,0.1,-2.9975,1.0995,-0.109,313.566,0.1,-3.093,1.023,-0.123,313.581,0.1,-3.076,1.0105,-0.10200000000000001,313.564,0.1,-2.9475,0.9845,-0.026000000000000002,313.573,0.1,-2.851,0.8534999999999999,0.0465,313.655,0.1,-2.875,0.748,-0.0895,313.727,0.1,-2.91,0.9035,-0.2485,313.631,0.1,-2.88,1.214,-0.28049999999999997,313.43,0.1,-2.8745000000000003,1.24,-0.0885,313.362,0.1,-2.9139999999999997,0.9165,0.0825,313.505,0.1,-2.904,0.706,0.058499999999999996,313.633,0.1,-2.823,0.661,-0.056999999999999995,313.597,0.1,
-2.9485,0.915,0.113,313.767,0.1,-2.848,0.9385,0.0315,313.713,0.1,-2.8195,1.0515,-0.0975,313.626,0.1,-2.8600000000000003,1.1305,-0.159,313.563,0.1,-2.9515000000000002,1.0705,-0.098,313.544,0.1,-3.0545,0.9645,-0.030000000000000002,313.556,0.1,-3.081,0.9239999999999999,0.0275,313.556,0.1,-2.982,0.893,0.0825,313.559,0.1,-2.8485,0.8205,0.1,313.611,0.1,-2.8175,0.7364999999999999,-0.049,313.693,0.1,-2.8765,0.8545,-0.28200000000000003,313.67,0.1,-2.9175,1.1755,-0.371,313.479,0.1,-2.9185,1.2930000000000001,-0.1405,313.34,0.1,-2.912,0.995,0.08449999999999999,313.44,0.1,-2.886,0.7869999999999999,0.062,313.587,0.1,-2.824,0.7025,-0.012,313.598,0.1,
-2.9625,0.883,-0.049,313.804,0.1,-2.902,0.856,-0.115,313.777,0.1,-2.8955,0.9205,-0.1775,313.689,0.1,-2.9205,1.029,-0.1645,313.59,0.1,-2.9525,1.0185,-0.056499999999999995,313.549,0.1,-2.9945,0.907,0.078,313.558,0.1,-3.0125,0.8514999999999999,0.1675,313.579,0.1,-2.9555,0.817,0.176,313.605,0.1,-2.841,0.7755000000000001,0.14200000000000002,313.625,0.1,-2.7845,0.712,0.009,313.656,0.1,-2.8615,0.78,-0.2615,313.649,0.1,-2.9545,1.063,-0.3375,313.498,0.1,-2.9465,1.2525,0.040499999999999994,313.327,0.1,-2.8970000000000002,1.024,0.313,313.403,0.1,-2.8535000000000004,0.866,0.1485,313.569,0.1,-2.809,0.7829999999999999,0.0605,313.611,0.1,
-2.9619999999999997,0.8554999999999999,-0.0735,313.765,0.1,-2.9555,0.7855,-0.172,313.772,0.1,-2.9895,0.8045,-0.196,313.717,0.1,-3.0115,0.9125,-0.1345,313.62,0.1,-2.9859999999999998,0.9510000000000001,-0.034,313.575,0.1,-2.942,0.857,0.0925,313.599,0.1,-2.912,0.7845,0.1905,313.637,0.1,-2.886,0.7505,0.1675,313.683,0.1,-2.835,0.719,0.11649999999999999,313.699,0.1,-2.8114999999999997,0.671,0.0245,313.683,0.1,-2.912,0.6825,-0.17149999999999999,313.628,0.1,-3.0164999999999997,0.9125,-0.16649999999999998,313.502,0.1,-2.943,1.1844999999999999,0.29,313.375,0.1,-2.815,1.0859999999999999,0.5395000000000001,313.439,0.1,-2.772,0.9625,0.189,313.6,0.1,-2.7634999999999996,0.87,0.0345,313.665,0.1,
-2.9684999999999997,0.881,0.0325,313.713,0.1,-2.9770000000000003,0.794,-0.0435,313.73,0.1,-3.028,0.7909999999999999,-0.14,313.712,0.1,-3.0575,0.8434999999999999,-0.074,313.639,0.1,-3.0105,0.8845000000000001,0.010499999999999999,313.592,0.1,-2.909,0.83,0.0305,313.63,0.1,-2.8325,0.7455,0.053500000000000006,313.691,0.1,-2.816,0.7075,0.0435,313.738,0.1,-2.8225,0.6865,0.046,313.754,0.1,-2.8535,0.656,-0.004,313.735,0.1,-2.9545,0.6125,-0.07899999999999999,313.67,0.1,-3.014,0.7615,0.015,313.553,0.1,-2.8895,1.0619999999999998,0.367,313.48,0.1,-2.7355,1.101,0.448,313.548,0.1,-2.7110000000000003,1.0125,0.11249999999999999,313.651,0.1,-2.7245,0.899,-0.038,313.713,0.1,
-2.9935,0.9804999999999999,0.0905,313.688,0.1,-2.9775,0.9135,0.046,313.695,0.1,-3.0435,0.8799999999999999,-0.11399999999999999,313.693,0.1,-3.0775,0.8605,0.001,313.644,0.1,-3.0090000000000003,0.8605,0.086,313.599,0.1,-2.887,0.8465,0.0024999999999999996,313.608,0.1,-2.7965,0.773,-0.0625,313.655,0.1,-2.7765,0.7255,-0.07200000000000001,313.701,0.1,-2.7935,0.7210000000000001,-0.0265,313.726,0.1,-2.835,0.7125,-0.023,313.719,0.1,-2.907,0.6214999999999999,-0.0075,313.705,0.1,-2.9165,0.6455,0.07400000000000001,313.654,0.1,-2.8125,0.8654999999999999,0.252,313.597,0.1,-2.728,0.9655,0.19,313.636,0.1,-2.7155,0.9704999999999999,0.041,313.658,0.1,-2.6955,0.8915,-0.032,313.696,0.1,
-2.9995,1.0945,0.10450000000000001,313.647,0.1,-3.005,1.0405,-0.0185,313.668,0.1,-3.0919999999999996,0.9904999999999999,-0.068,313.652,0.1,-3.1144999999999996,0.9405,0.092,313.638,0.1,-3.0309999999999997,0.888,0.1185,313.622,0.1,-2.8975,0.8935,0.049,313.567,0.1,-2.777,0.8635,0.024,313.541,0.1,-2.7405,0.8140000000000001,-0.001,313.571,0.1,-2.7649999999999997,0.81,-0.0375,313.627,0.1,-2.777,0.8205,0.004,313.634,0.1,-2.779,0.712,0.078,313.662,0.1,-2.7755,0.596,0.0675,313.713,0.1,-2.763,0.6615,0.086,313.695,0.1,-2.7785,0.7375,0.0055,313.682,0.1,-2.7645,0.8575,0.0005,313.641,0.1,-2.6925,0.8905000000000001,-0.0185,313.634,0.1,
-2.9735,1.176,0.173,313.582,0.1,-3.047,1.104,-0.0485,313.628,0.1,-3.1315,1.0915,0.016,313.603,0.1,-3.1395,1.0515,0.1635,313.616,0.1,-3.0934999999999997,0.9450000000000001,0.086,313.643,0.1,-2.9695,0.9430000000000001,0.119,313.564,0.1,-2.7865,0.9664999999999999,0.1775,313.477,0.1,-2.6950000000000003,0.944,0.1745,313.462,0.1,-2.7345,0.9175,0.042499999999999996,313.523,0.1,-2.7415000000000003,0.9239999999999999,0.072,313.555,0.1,-2.662,0.8405,0.158,313.595,0.1,-2.6195,0.645,0.08299999999999999,313.69,0.1,-2.676,0.5489999999999999,-0.007,313.737,0.1,-2.7809999999999997,0.5435,-0.089,313.726,0.1,-2.8165,0.696,-0.08499999999999999,313.668,0.1,-2.7510000000000003,0.8525,-0.0805,313.604,0.1,
-2.9535,1.208,0.2095,313.537,0.1,-3.0545,1.122,0.0145,313.581,0.1,-3.129,1.141,0.063,313.562,0.1,-3.1465,1.112,0.166,313.576,0.1,-3.1425,0.978,0.08549999999999999,313.626,0.1,-3.0295,0.966,0.178,313.584,0.1,-2.815,1.013,0.1985,313.508,0.1,-2.6795,1.014,0.19,313.453,0.1,-2.716,0.973,0.1115,313.468,0.1,-2.7495,0.969,0.13,313.511,0.1,-2.6445,0.907,0.17099999999999999,313.551,0.1,-2.5355,0.698,0.08199999999999999,313.623,0.1,-2.5620000000000003,0.528,-0.0305,313.7,0.1,-2.697,0.469,-0.1055,313.726,0.1,-2.811,0.605,-0.135,313.692,0.1,-2.8095,0.814,-0.1255,313.611,0.1,
-3.0285,0.5315000000000001,-0.114,313.711,0.1,-3.0229999999999997,0.6074999999999999,-0.0245,313.652,0.1,-3.0780000000000003,0.62,0.052000000000000005,313.678,0.1,-3.1550000000000002,0.5680000000000001,0.065,313.748,0.1,-3.1765,0.5125,0.075,313.788,0.1,-3.13,0.5680000000000001,0.069,313.745,0.1,-3.0599999999999996,0.673,0.08449999999999999,313.669,0.1,-3.0095,0.703,0.087,313.624,0.1,-2.9924999999999997,0.655,0.0555,313.603,0.1,-3.0060000000000002,0.573,0.0595,313.624,0.1,-3.034,0.47,0.065,313.707,0.1,-3.0425,0.374,-0.0035,313.785,0.1,-3.0065,0.33799999999999997,-0.153,313.786,0.1,-2.9185,0.383,-0.245,313.718,0.1,-2.808,0.4555,-0.2685,313.637,0.1,-2.7714999999999996,0.469,-0.23099999999999998,313.569,0.1,
-3.0645,0.531,-0.10300000000000001,313.714,0.1,-3.042,0.611,0.003,313.646,0.1,-3.0359999999999996,0.6255,0.082,313.658,0.1,-3.065,0.6134999999999999,0.0845,313.712,0.1,-3.0860000000000003,0.5740000000000001,0.018000000000000002,313.781,0.1,-3.0675,0.592,-0.036500000000000005,313.78,0.1,-3.0265,0.659,0.004,313.723,0.1,-2.995,0.6685,0.10350000000000001,313.685,0.1,-2.971,0.657,0.1405,313.646,0.1,-2.966,0.665,0.0825,313.612,0.1,-3.012,0.5800000000000001,0.082,313.657,0.1,-3.067,0.4605,0.0915,313.757,0.1,-3.053,0.404,-0.011,313.788,0.1,-2.9705,0.4405,-0.154,313.727,0.1,-2.8665000000000003,0.523,-0.22799999999999998,313.634,0.1,-2.7975000000000003,0.581,-0.1755,313.548,0.1,
-3.0575,0.6080000000000001,-0.042,313.714,0.1,-3.0505,0.6579999999999999,0.064,313.644,0.1,-3.0295,0.652,0.1045,313.662,0.1,-3.0115,0.653,0.08549999999999999,313.701,0.1,-3.008,0.628,0.0,313.75,0.1,-3.0149999999999997,0.6125,-0.1035,313.766,0.1,-3.008,0.6285000000000001,-0.0475,313.727,0.1,-2.975,0.6085,0.1665,313.71,0.1,-2.9284999999999997,0.601,0.251,313.703,0.1,-2.9059999999999997,0.688,0.0945,313.646,0.1,-2.949,0.673,0.0815,313.625,0.1,-3.0335,0.5595,0.148,313.723,0.1,-3.0715000000000003,0.47050000000000003,0.0865,313.81,0.1,-3.0315000000000003,0.4665,-0.07,313.781,0.1,-2.944,0.545,-0.189,313.673,0.1,-2.843,0.6595,-0.1575,313.563,0.1,
-3.045,0.72,-0.041,313.74,0.1,-3.0305,0.7424999999999999,0.10400000000000001,313.666,0.1,-3.027,0.7165,0.1295,313.676,0.1,-3.0225,0.6910000000000001,0.079,313.712,0.1,-3.0125,0.675,0.009,313.74,0.1,-3.0095,0.6585,-0.0785,313.745,0.1,-2.9835,0.657,0.01,313.71,0.1,-2.9185,0.6214999999999999,0.256,313.711,0.1,-2.8645,0.5635,0.258,313.761,0.1,-2.8465,0.646,0.068,313.715,0.1,-2.873,0.711,0.0435,313.635,0.1,-2.965,0.6295,0.1225,313.686,0.1,-3.061,0.4995,0.13,313.81,0.1,-3.0735,0.444,0.0075,313.836,0.1,-3.002,0.5065,-0.121,313.733,0.1,-2.8885,0.653,-0.14550000000000002,313.606,0.1,
-3.0355,0.776,-0.0655,313.77,0.1,-3.004,0.8185,0.07550000000000001,313.714,0.1,-3.0145,0.8035,0.1045,313.707,0.1,-3.043,0.754,0.087,313.727,0.1,-3.0549999999999997,0.725,0.027,313.754,0.1,-3.0404999999999998,0.7284999999999999,-0.040999999999999995,313.757,0.1,-2.9625,0.7495,0.042499999999999996,313.73,0.1,-2.8529999999999998,0.7105,0.267,313.73,0.1,-2.818,0.5725,0.2015,313.804,0.1,-2.83,0.5894999999999999,0.0275,313.783,0.1,-2.834,0.712,-0.024,313.671,0.1,-2.9000000000000004,0.6885,0.046,313.652,0.1,-3.0245,0.528,0.14300000000000002,313.775,0.1,-3.0810000000000004,0.4105,0.07550000000000001,313.861,0.1,-3.0245,0.44099999999999995,-0.011,313.783,0.1,-2.9145000000000003,0.5845,-0.11,313.66,0.1,
-2.9965,0.764,0.0205,313.771,0.1,-2.949,0.8514999999999999,0.035,313.751,0.1,-2.979,0.874,0.017,313.745,0.1,-3.0355,0.8405,0.0455,313.748,0.1,-3.068,0.79,0.017,313.772,0.1,-3.057,0.7905,-0.056,313.78,0.1,-2.9645,0.8265,-0.036000000000000004,313.77,0.1,-2.8375,0.7929999999999999,0.131,313.774,0.1,-2.8055,0.61,0.135,313.836,0.1,-2.8449999999999998,0.5565,-0.023,313.836,0.1,-2.8520000000000003,0.7015,-0.122,313.715,0.1,-2.8735,0.774,-0.045,313.625,0.1,-2.972,0.6275,0.127,313.708,0.1,-3.0465,0.43300000000000005,0.124,313.849,0.1,-3.0060000000000002,0.40349999999999997,0.0805,313.828,0.1,-2.9095000000000004,0.5125,-0.068,313.715,0.1,
-2.9335,0.732,0.16799999999999998,313.787,0.1,-2.87,0.8295,0.040999999999999995,313.773,0.1,-2.909,0.896,-0.05,313.763,0.1,-2.9875,0.9045000000000001,-0.0395,313.759,0.1,-3.0475,0.8474999999999999,-0.0465,313.777,0.1,-3.061,0.8115,-0.1105,313.787,0.1,-2.9930000000000003,0.8220000000000001,-0.1225,313.779,0.1,-2.87,0.7945,-0.0215,313.794,0.1,-2.8129999999999997,0.6315,0.056,313.856,0.1,-2.8585,0.537,-0.0745,313.881,0.1,-2.8985,0.6755,-0.20400000000000001,313.766,0.1,-2.8985,0.864,-0.1605,313.622,0.1,-2.939,0.7969999999999999,0.0455,313.635,0.1,-2.9924999999999997,0.5385,0.133,313.794,0.1,-2.9610000000000003,0.4265,0.0915,313.852,0.1,-2.8775000000000004,0.473,-0.0595,313.761,0.1,
-2.8965,0.706,0.216,313.858,0.1,-2.8200000000000003,0.7665,0.07150000000000001,313.816,0.1,-2.843,0.86,-0.0665,313.778,0.1,-2.9210000000000003,0.9055,-0.1115,313.76,0.1,-3.0095,0.8534999999999999,-0.0995,313.763,0.1,-3.0675,0.7795000000000001,-0.11499999999999999,313.772,0.1,-3.0380000000000003,0.751,-0.0995,313.762,0.1,-2.918,0.7225,-0.0305,313.771,0.1,-2.8205,0.615,0.0315,313.837,0.1,-2.84,0.5195000000000001,-0.093,313.898,0.1,-2.9085,0.636,-0.251,313.824,0.1,-2.9375,0.8955,-0.2875,313.656,0.1,-2.95,0.9325,-0.094,313.594,0.1,-2.9604999999999997,0.6595,0.084,313.723,0.1,-2.9245,0.48350000000000004,0.051000000000000004,313.836,0.1,-2.849,0.4635,-0.069,313.786,0.1,
-2.9045,0.681,0.1075,313.951,0.1,-2.8215000000000003,0.6955,0.025,313.891,0.1,-2.8275,0.778,-0.097,313.817,0.1,-2.899,0.841,-0.149,313.769,0.1,-2.9885,0.8035,-0.086,313.749,0.1,-3.058,0.716,-0.0205,313.751,0.1,-3.0555000000000003,0.6675,0.0305,313.755,0.1,-2.9505,0.6345000000000001,0.0795,313.761,0.1,-2.819,0.5785,0.088,313.801,0.1,-2.7880000000000003,0.507,-0.055,313.866,0.1,-2.8674999999999997,0.5894999999999999,-0.2775,313.851,0.1,-2.955,0.8435,-0.3625,313.694,0.1,-2.9835000000000003,0.9515,-0.1375,313.576,0.1,-2.9625,0.7095,0.0915,313.665,0.1,-2.911,0.533,0.06,313.8,0.1,-2.8425000000000002,0.48150000000000004,-0.024,313.793,0.1,
-2.9275,0.6415,-0.049,313.992,0.1,-2.871,0.6194999999999999,-0.113,313.95,0.1,-2.885,0.6619999999999999,-0.17049999999999998,313.867,0.1,-2.9444999999999997,0.736,-0.156,313.788,0.1,-2.9974999999999996,0.7284999999999999,-0.0475,313.756,0.1,-3.026,0.647,0.086,313.757,0.1,-3.016,0.5965,0.17049999999999998,313.774,0.1,-2.943,0.5615,0.1745,313.803,0.1,-2.824,0.5325,0.136,313.817,0.1,-2.764,0.4865,0.005,313.833,0.1,-2.847,0.5269999999999999,-0.2465,313.822,0.1,-2.971,0.7365,-0.318,313.701,0.1,-2.9935,0.8955,0.035500000000000004,313.563,0.1,-2.942,0.7215,0.305,313.636,0.1,-2.8819999999999997,0.5885,0.1475,313.79,0.1,-2.8285,0.5395,0.0495,313.813,0.1,
-2.945,0.597,-0.078,313.962,0.1,-2.9325,0.5435,-0.1685,313.95,0.1,-2.9705,0.5529999999999999,-0.1905,313.891,0.1,-3.017,0.6255,-0.132,313.808,0.1,-3.0229999999999997,0.6485,-0.032,313.777,0.1,-2.9885,0.5845,0.093,313.794,0.1,-2.942,0.5345,0.189,313.823,0.1,-2.8985,0.4995,0.166,313.868,0.1,-2.8404999999999996,0.474,0.113,313.885,0.1,-2.8075,0.44699999999999995,0.0235,313.858,0.1,-2.8914999999999997,0.45299999999999996,-0.151,313.796,0.1,-3.0015,0.6165,-0.14550000000000002,313.69,0.1,-2.9610000000000003,0.8315,0.274,313.596,0.1,-2.8520000000000003,0.7645,0.515,313.669,0.1,-2.8055000000000003,0.6599999999999999,0.1955,313.825,0.1,-2.7904999999999998,0.6034999999999999,0.038,313.87,0.1,
-2.968,0.601,0.016,313.917,0.1,-2.9669999999999996,0.5369999999999999,-0.052500000000000005,313.919,0.1,-3.0125,0.532,-0.1365,313.891,0.1,-3.0549999999999997,0.5635,-0.0745,313.823,0.1,-3.0374999999999996,0.5865,0.002,313.787,0.1,-2.9604999999999997,0.548,0.0195,313.821,0.1,-2.8810000000000002,0.4935,0.046,313.867,0.1,-2.847,0.4565,0.043,313.908,0.1,-2.8455,0.43,0.039999999999999994,313.932,0.1,-2.8695,0.4145,-0.0085,313.911,0.1,-2.9444999999999997,0.39549999999999996,-0.0645,313.833,0.1,-2.9855,0.5115000000000001,0.0315,313.723,0.1,-2.882,0.7430000000000001,0.355,313.674,0.1,-2.7575000000000003,0.7735000000000001,0.4385,313.759,0.1,-2.7415000000000003,0.6905,0.1295,313.87,0.1,-2.7545,0.613,-0.0245,313.919,0.1,
-2.9974999999999996,0.6765,0.07400000000000001,313.89,0.1,-2.979,0.631,0.036000000000000004,313.89,0.1,-3.032,0.605,-0.10450000000000001,313.878,0.1,-3.069,0.5815,0.001,313.83,0.1,-3.0265000000000004,0.5754999999999999,0.07250000000000001,313.791,0.1,-2.9355,0.5589999999999999,-0.015,313.801,0.1,-2.854,0.505,-0.07600000000000001,313.835,0.1,-2.8175,0.46199999999999997,-0.0755,313.869,0.1,-2.8225,0.4415,-0.0335,313.902,0.1,-2.865,0.4305,-0.033,313.906,0.1,-2.9245,0.383,-0.008,313.878,0.1,-2.9115,0.43000000000000005,0.08399999999999999,313.81,0.1,-2.8025,0.6055,0.2535,313.762,0.1,-2.729,0.6685,0.20650000000000002,313.817,0.1,-2.7300000000000004,0.6485000000000001,0.057,313.865,0.1,-2.723,0.5894999999999999,-0.0325,313.905,0.1,
-3.0060000000000002,0.7745,0.0935,313.845,0.1,-3.01,0.7375,-0.01,313.861,0.1,-3.0780000000000003,0.7015,-0.0605,313.843,0.1,-3.0965,0.6565,0.086,313.827,0.1,-3.036,0.614,0.109,313.811,0.1,-2.938,0.609,0.0335,313.762,0.1,-2.8375000000000004,0.5815,0.0024999999999999996,313.729,0.1,-2.7880000000000003,0.538,-0.0155,313.743,0.1,-2.7935,0.513,-0.0385,313.799,0.1,-2.8085,0.5005000000000001,-0.0035,313.828,0.1,-2.818,0.4285,0.062,313.856,0.1,-2.8034999999999997,0.3815,0.0665,313.874,0.1,-2.767,0.4555,0.0935,313.841,0.1,-2.7649999999999997,0.49849999999999994,0.03,313.838,0.1,-2.758,0.5609999999999999,0.0115,313.829,0.1,-2.709,0.578,-0.03,313.84,0.1,
-2.981,0.8545,0.1595,313.78,0.1,-3.049,0.7969999999999999,-0.0295,313.824,0.1,-3.1185,0.7905,0.0195,313.801,0.1,-3.1189999999999998,0.757,0.1505,313.811,0.1,-3.0839999999999996,0.6725,0.08549999999999999,313.834,0.1,-2.9935,0.6665,0.10500000000000001,313.759,0.1,-2.8445,0.6875,0.15000000000000002,313.667,0.1,-2.7535,0.671,0.15000000000000002,313.637,0.1,-2.7675,0.627,0.047,313.69,0.1,-2.767,0.5975,0.0725,313.742,0.1,-2.707,0.521,0.1365,313.798,0.1,-2.6745,0.398,0.069,313.872,0.1,-2.709,0.358,-0.006500000000000001,313.888,0.1,-2.7785,0.354,-0.07300000000000001,313.867,0.1,-2.8019999999999996,0.445,-0.07300000000000001,313.833,0.1,-2.7525,0.5475,-0.08499999999999999,313.797,0.1,
-2.9560000000000004,0.889,0.1985,313.737,0.1,-3.055,0.817,0.027500000000000004,313.784,0.1,-3.1245000000000003,0.834,0.0675,313.769,0.1,-3.1319999999999997,0.811,0.156,313.78,0.1,-3.125,0.703,0.0905,313.825,0.1,-3.0385,0.693,0.162,313.785,0.1,-2.8675,0.74,0.174,313.7,0.1,-2.749,0.747,0.17149999999999999,313.63,0.1,-2.76,0.693,0.1145,313.634,0.1,-2.77,0.649,0.136,313.687,0.1,-2.6795,0.576,0.157,313.749,0.1,-2.5985,0.428,0.064,313.823,0.1,-2.6245000000000003,0.331,-0.041499999999999995,313.874,0.1,-2.7245,0.297,-0.104,313.875,0.1,-2.808,0.38,-0.127,313.844,0.1,-2.8070000000000004,0.519,-0.123,313.788,0.1,
-3.0175,0.355,-0.114,313.9,0.1,-3.0225,0.393,-0.020999999999999998,313.841,0.1,-3.0765000000000002,0.3745,0.057999999999999996,313.87,0.1,-3.1405000000000003,0.3245,0.0655,313.946,0.1,-3.146,0.2895,0.067,313.981,0.1,-3.0975,0.3315,0.059,313.935,0.1,-3.0545,0.41100000000000003,0.078,313.867,0.1,-3.048,0.4575,0.087,313.832,0.1,-3.0534999999999997,0.457,0.0565,313.807,0.1,-3.036,0.4185,0.054,313.805,0.1,-3.0005,0.3265,0.0655,313.868,0.1,-2.973,0.2175,-0.003,313.949,0.1,-2.9539999999999997,0.16,-0.165,313.966,0.1,-2.9135,0.172,-0.267,313.913,0.1,-2.84,0.2255,-0.28900000000000003,313.83,0.1,-2.7960000000000003,0.243,-0.2475,313.743,0.1,
-3.0595,0.352,-0.1125,313.908,0.1,-3.04,0.4145,-0.0015,313.836,0.1,-3.0295,0.39649999999999996,0.086,313.849,0.1,-3.0525,0.36250000000000004,0.083,313.917,0.1,-3.0675,0.33199999999999996,0.012,313.986,0.1,-3.0445,0.3545,-0.041499999999999995,313.974,0.1,-3.01,0.403,0.0055,313.913,0.1,-3.0084999999999997,0.4135,0.1105,313.883,0.1,-3.0265,0.43200000000000005,0.144,313.858,0.1,-3.0275,0.482,0.0815,313.815,0.1,-3.0205,0.4365,0.0825,313.83,0.1,-3.0135,0.3165,0.097,313.918,0.1,-2.987,0.2415,-0.0165,313.954,0.1,-2.9385000000000003,0.24150000000000002,-0.16999999999999998,313.906,0.1,-2.8754999999999997,0.28500000000000003,-0.2445,313.82,0.1,-2.8194999999999997,0.3325,-0.195,313.728,0.1,
-3.064,0.39349999999999996,-0.0585,313.917,0.1,-3.0570000000000004,0.4585,0.05,313.839,0.1,-3.02,0.4425,0.1035,313.852,0.1,-2.9935,0.4135,0.0865,313.902,0.1,-2.9925,0.375,-0.002,313.962,0.1,-3.0015,0.3635,-0.1045,313.971,0.1,-2.9915000000000003,0.374,-0.0465,313.921,0.1,-2.9685,0.356,0.1655,313.902,0.1,-2.963,0.36650000000000005,0.251,313.911,0.1,-2.9785,0.473,0.10400000000000001,313.866,0.1,-3.002,0.5065,0.088,313.823,0.1,-3.024,0.41600000000000004,0.16,313.894,0.1,-3.0220000000000002,0.3185,0.098,313.972,0.1,-2.9895,0.2945,-0.072,313.945,0.1,-2.9345,0.33099999999999996,-0.1985,313.846,0.1,-2.8585,0.41300000000000003,-0.174,313.738,0.1,
-3.0469999999999997,0.4585,-0.055,313.947,0.1,-3.0475,0.515,0.088,313.87,0.1,-3.025,0.5105,0.123,313.868,0.1,-2.998,0.472,0.0805,313.908,0.1,-2.9850000000000003,0.4285,0.0095,313.949,0.1,-2.9915000000000003,0.4,-0.08,313.958,0.1,-2.968,0.395,0.0005,313.915,0.1,-2.903,0.368,0.238,313.903,0.1,-2.8739999999999997,0.3305,0.2595,313.957,0.1,-2.9065,0.4125,0.07999999999999999,313.938,0.1,-2.9535,0.5065,0.0505,313.859,0.1,-3.003,0.469,0.1375,313.879,0.1,-3.044,0.348,0.154,313.983,0.1,-3.041,0.29100000000000004,0.0205,314.002,0.1,-2.9905,0.3275,-0.125,313.897,0.1,-2.9045,0.434,-0.1565,313.773,0.1,
-3.0195,0.4865,-0.07500000000000001,313.975,0.1,-3.022,0.554,0.0625,313.924,0.1,-3.0244999999999997,0.5795,0.1,313.906,0.1,-3.0225,0.5435,0.08449999999999999,313.922,0.1,-3.017,0.494,0.0245,313.955,0.1,-3.009,0.471,-0.045,313.968,0.1,-2.9444999999999997,0.48,0.025,313.939,0.1,-2.8354999999999997,0.4515,0.2375,313.923,0.1,-2.804,0.34199999999999997,0.202,313.988,0.1,-2.8585,0.35150000000000003,0.0345,313.992,0.1,-2.915,0.47250000000000003,-0.027999999999999997,313.906,0.1,-2.974,0.4925,0.052000000000000005,313.871,0.1,-3.044,0.362,0.16299999999999998,313.967,0.1,-3.0665,0.257,0.095,314.04,0.1,-3.0195,0.2835,-0.015,313.951,0.1,-2.9379999999999997,0.39649999999999996,-0.118,313.826,0.1,
-2.9615,0.47450000000000003,0.0055,313.971,0.1,-2.9595000000000002,0.5595,0.025500000000000002,313.96,0.1,-3.0010000000000003,0.6174999999999999,0.020999999999999998,313.951,0.1,-3.031,0.6174999999999999,0.0445,313.945,0.1,-3.0324999999999998,0.567,0.013,313.966,0.1,-3.017,0.54,-0.0595,313.982,0.1,-2.9415,0.5549999999999999,-0.048,313.975,0.1,-2.819,0.529,0.1075,313.966,0.1,-2.777,0.379,0.1285,314.012,0.1,-2.839,0.3215,-0.019000000000000003,314.027,0.1,-2.9085,0.441,-0.1325,313.941,0.1,-2.9615,0.531,-0.056499999999999995,313.858,0.1,-3.025,0.4255,0.1305,313.919,0.1,-3.0545,0.258,0.136,314.043,0.1,-3.0084999999999997,0.245,0.07150000000000001,314.009,0.1,-2.9379999999999997,0.3405,-0.0785,313.889,0.1,
-2.8899999999999997,0.4625,0.15,313.981,0.1,-2.8689999999999998,0.5365,0.0345,313.975,0.1,-2.9365,0.6125,-0.044,313.973,0.1,-3.0055,0.655,-0.0345,313.962,0.1,-3.0300000000000002,0.6174999999999999,-0.045,313.969,0.1,-3.0205,0.567,-0.108,313.98,0.1,-2.961,0.5549999999999999,-0.124,313.979,0.1,-2.8495,0.529,-0.0325,313.987,0.1,-2.7824999999999998,0.3975,0.0435,314.031,0.1,-2.8295,0.3075,-0.073,314.058,0.1,-2.9210000000000003,0.4085,-0.212,313.976,0.1,-2.9775,0.5765,-0.178,313.857,0.1,-3.012,0.542,0.036000000000000004,313.861,0.1,-3.023,0.3245,0.1325,314.001,0.1,-2.973,0.2425,0.0785,314.045,0.1,-2.907,0.29600000000000004,-0.07300000000000001,313.944,0.1,
-2.852,0.4605,0.2025,314.046,0.1,-2.8049999999999997,0.499,0.064,314.006,0.1,-2.865,0.5725,-0.0655,313.983,0.1,-2.9575,0.631,-0.10250000000000001,313.968,0.1,-3.0215,0.607,-0.0905,313.96,0.1,-3.0415,0.5365,-0.107,313.963,0.1,-2.999,0.49150000000000005,-0.097,313.961,0.1,-2.8875,0.45999999999999996,-0.035,313.969,0.1,-2.7895000000000003,0.377,0.0165,314.018,0.1,-2.8049999999999997,0.2915,-0.0965,314.069,0.1,-2.9074999999999998,0.369,-0.2535,314.017,0.1,-2.996,0.5775,-0.295,313.881,0.1,-3.026,0.6255,-0.0995,313.827,0.1,-3.007,0.403,0.08549999999999999,313.94,0.1,-2.9450000000000003,0.2605,0.0435,314.038,0.1,-2.8745000000000003,0.2655,-0.08099999999999999,313.975,0.1,
-2.8615,0.4465,0.10200000000000001,314.135,0.1,-2.795,0.4535,0.0185,314.069,0.1,-2.835,0.504,-0.0965,314.008,0.1,-2.9375,0.552,-0.139,313.975,0.1,-3.025,0.5355,-0.07400000000000001,313.953,0.1,-3.061,0.46699999999999997,-0.011,313.947,0.1,-3.0300000000000002,0.41100000000000003,0.0335,313.953,0.1,-2.9195,0.3755,0.077,313.962,0.1,-2.7895,0.33699999999999997,0.07600000000000001,313.991,0.1,-2.758,0.278,-0.0615,314.04,0.1,-2.8585000000000003,0.32399999999999995,-0.2725,314.031,0.1,-2.9935,0.512,-0.3535,313.909,0.1,-3.0484999999999998,0.6094999999999999,-0.1345,313.812,0.1,-3.0125,0.4245,0.0985,313.891,0.1,-2.936,0.27849999999999997,0.057999999999999996,314.013,0.1,-2.8609999999999998,0.2595,-0.0365,313.988,0.1,
-2.892,0.4,-0.0485,314.179,0.1,-2.84,0.384,-0.1105,314.123,0.1,-2.8755,0.40349999999999997,-0.1635,314.045,0.1,-2.9690000000000003,0.443,-0.1475,313.985,0.1,-3.042,0.4375,-0.039,313.963,0.1,-3.0564999999999998,0.387,0.094,313.955,0.1,-3.019,0.34099999999999997,0.173,313.969,0.1,-2.9299999999999997,0.3055,0.173,314.001,0.1,-2.8064999999999998,0.28900000000000003,0.1295,314.01,0.1,-2.7435,0.2605,0.0015,314.01,0.1,-2.832,0.27349999999999997,-0.23149999999999998,313.996,0.1,-2.987,0.4105,-0.2985,313.903,0.1,-3.0404999999999998,0.5385,0.031,313.799,0.1,-2.9875,0.4195,0.297,313.868,0.1,-2.9105,0.3115,0.1465,314.011,0.1,-2.847,0.29500000000000004,0.0385,314.016,0.1,
-2.9284999999999997,0.33899999999999997,-0.0825,314.159,0.1,-2.9095,0.30200000000000005,-0.165,314.129,0.1,-2.9515000000000002,0.3015,-0.185,314.064,0.1,-3.0225,0.3385,-0.13,313.996,0.1,-3.06,0.34550000000000003,-0.0305,313.978,0.1,-3.035,0.3125,0.0935,313.989,0.1,-2.972,0.28400000000000003,0.1875,314.008,0.1,-2.911,0.249,0.1645,314.053,0.1,-2.846,0.2285,0.1095,314.07,0.1,-2.803,0.223,0.0225,314.033,0.1,-2.8705,0.2235,-0.131,313.964,0.1,-2.987,0.3205,-0.1245,313.877,0.1,-2.98,0.479,0.2575,313.816,0.1,-2.8899999999999997,0.4435,0.4905,313.9,0.1,-2.8395,0.358,0.202,314.049,0.1,-2.817,0.33599999999999997,0.041999999999999996,314.075,0.1,
-2.967,0.3215,0.0,314.122,0.1,-2.9575,0.28,-0.0615,314.108,0.1,-2.998,0.273,-0.133,314.069,0.1,-3.0535,0.2835,-0.0755,314.007,0.1,-3.0645,0.2885,-0.0065,313.982,0.1,-3.0115,0.266,0.0085,314.013,0.1,-2.93,0.2415,0.038500000000000006,314.044,0.1,-2.8785,0.20600000000000002,0.042499999999999996,314.079,0.1,-2.8689999999999998,0.174,0.034,314.111,0.1,-2.8855,0.1735,-0.0135,314.087,0.1,-2.9345,0.1785,-0.05,313.996,0.1,-2.958,0.262,0.048,313.893,0.1,-2.875,0.42400000000000004,0.3425,313.868,0.1,-2.7794999999999996,0.4455,0.429,313.969,0.1,-2.772,0.3685,0.14650000000000002,314.09,0.1,-2.785,0.3265,-0.0115,314.125,0.1,
-3.0025,0.3725,0.0575,314.093,0.1,-2.981,0.348,0.025500000000000002,314.085,0.1,-3.0205,0.3295,-0.095,314.062,0.1,-3.061,0.30300000000000005,0.001,314.015,0.1,-3.0445,0.2905,0.059,313.984,0.1,-2.9844999999999997,0.272,-0.0325,313.994,0.1,-2.9115,0.2365,-0.0895,314.015,0.1,-2.858,0.1985,-0.079,314.037,0.1,-2.8520000000000003,0.16249999999999998,-0.039999999999999994,314.077,0.1,-2.8955,0.149,-0.043,314.094,0.1,-2.942,0.14450000000000002,-0.0085,314.05,0.1,-2.9059999999999997,0.215,0.0935,313.967,0.1,-2.792,0.346,0.255,313.928,0.1,-2.7295,0.371,0.223,313.998,0.1,-2.7435,0.3265,0.07300000000000001,314.072,0.1,-2.7495,0.2875,-0.033,314.114,0.1,
-3.0125,0.45399999999999996,0.08199999999999999,314.043,0.1,-3.0149999999999997,0.4345,-0.002,314.054,0.1,-3.0635,0.4115,-0.053000000000000005,314.034,0.1,-3.0785,0.3735,0.0795,314.016,0.1,-3.0415,0.33999999999999997,0.0995,314.001,0.1,-2.9785,0.32499999999999996,0.018,313.956,0.1,-2.8979999999999997,0.299,-0.019,313.916,0.1,-2.8354999999999997,0.262,-0.0305,313.916,0.1,-2.8215,0.216,-0.0395,313.971,0.1,-2.839,0.1805,-0.011,314.022,0.1,-2.8565,0.14500000000000002,0.0465,314.049,0.1,-2.8315,0.16699999999999998,0.0655,314.034,0.1,-2.771,0.2495,0.101,313.987,0.1,-2.752,0.26,0.054000000000000006,313.993,0.1,-2.7515,0.264,0.023,314.018,0.1,-2.725,0.2655,-0.041999999999999996,314.046,0.1,
-2.988,0.5329999999999999,0.14650000000000002,313.978,0.1,-3.0505,0.4905,-0.01,314.019,0.1,-3.1055,0.489,0.0225,314.0,0.1,-3.0985,0.4635,0.137,314.006,0.1,-3.0745,0.39949999999999997,0.085,314.024,0.1,-3.0175,0.38949999999999996,0.091,313.954,0.1,-2.903,0.40900000000000003,0.1225,313.857,0.1,-2.8125,0.398,0.126,313.812,0.1,-2.8005,0.3365,0.051500000000000004,313.858,0.1,-2.7925,0.2705,0.073,313.93,0.1,-2.7515,0.2015,0.11499999999999999,314.001,0.1,-2.7295,0.151,0.0545,314.053,0.1,-2.742,0.167,-0.006,314.039,0.1,-2.7755,0.16499999999999998,-0.057,314.009,0.1,-2.787,0.1935,-0.0615,313.998,0.1,-2.7535,0.242,-0.089,313.989,0.1,
-2.959,0.571,0.1875,313.938,0.1,-3.056,0.512,0.04,313.986,0.1,-3.12,0.527,0.07200000000000001,313.976,0.1,-3.1174999999999997,0.511,0.146,313.984,0.1,-3.1075,0.427,0.0955,314.024,0.1,-3.0475,0.419,0.14550000000000002,313.986,0.1,-2.9195,0.468,0.14950000000000002,313.893,0.1,-2.818,0.48,0.153,313.807,0.1,-2.8040000000000003,0.413,0.1175,313.8,0.1,-2.7904999999999998,0.329,0.14200000000000002,313.863,0.1,-2.7145,0.245,0.14300000000000002,313.947,0.1,-2.662,0.158,0.046,314.022,0.1,-2.6875,0.135,-0.052500000000000005,314.049,0.1,-2.7525,0.125,-0.1025,314.024,0.1,-2.8055,0.155,-0.119,313.996,0.1,-2.8049999999999997,0.223,-0.1205,313.965,0.1,
-3.0069999999999997,0.178,-0.1125,314.09,0.1,-3.022,0.1785,-0.0175,314.03,0.1,-3.075,0.128,0.0635,314.062,0.1,-3.1260000000000003,0.08099999999999999,0.067,314.144,0.1,-3.1145,0.0665,0.0605,314.175,0.1,-3.065,0.094,0.05,314.125,0.1,-3.0495,0.14900000000000002,0.07150000000000001,314.065,0.1,-3.0865,0.21150000000000002,0.0875,314.039,0.1,-3.114,0.2595,0.057999999999999996,314.011,0.1,-3.0655,0.2645,0.047,313.986,0.1,-2.9669999999999996,0.1825,0.062,314.028,0.1,-2.903,0.0615,-0.0045000000000000005,314.113,0.1,-2.9015,-0.017,-0.1745,314.147,0.1,-2.9085,-0.039,-0.2835,314.108,0.1,-2.871,-0.0045,-0.306,314.023,0.1,-2.8195,0.0165,-0.2635,313.917,0.1,
-3.0555,0.172,-0.118,314.102,0.1,-3.0385,0.217,-0.005,314.025,0.1,-3.0225,0.167,0.0885,314.041,0.1,-3.0389999999999997,0.112,0.081,314.121,0.1,-3.049,0.09,0.0075,314.191,0.1,-3.0220000000000002,0.11649999999999999,-0.045,314.169,0.1,-2.9939999999999998,0.14700000000000002,0.006,314.104,0.1,-3.0220000000000002,0.1585,0.11649999999999999,314.082,0.1,-3.082,0.20800000000000002,0.148,314.07,0.1,-3.0895,0.3,0.08,314.017,0.1,-3.029,0.29300000000000004,0.0805,314.003,0.1,-2.96,0.173,0.0985,314.078,0.1,-2.9204999999999997,0.08,-0.0225,314.12,0.1,-2.9059999999999997,0.0425,-0.1835,314.084,0.1,-2.885,0.047999999999999994,-0.259,314.007,0.1,-2.842,0.0835,-0.214,313.908,0.1,
-3.0705,0.1785,-0.07100000000000001,314.12,0.1,-3.0635,0.259,0.0385,314.035,0.1,-3.011,0.2335,0.1015,314.042,0.1,-2.9755000000000003,0.175,0.086,314.104,0.1,-2.9765,0.122,-0.004,314.173,0.1,-2.9875,0.114,-0.1035,314.177,0.1,-2.974,0.1195,-0.0445,314.116,0.1,-2.9615,0.104,0.1635,314.094,0.1,-2.9975,0.1325,0.2505,314.12,0.1,-3.051,0.2585,0.11349999999999999,314.086,0.1,-3.0545,0.34,0.093,314.02,0.1,-3.0134999999999996,0.273,0.1675,314.064,0.1,-2.972,0.1675,0.106,314.135,0.1,-2.948,0.1225,-0.074,314.11,0.1,-2.9255,0.11699999999999999,-0.20650000000000002,314.019,0.1,-2.874,0.16649999999999998,-0.1885,313.914,0.1,
-3.049,0.1975,-0.0655,314.154,0.1,-3.0645,0.2875,0.07450000000000001,314.074,0.1,-3.023,0.3055,0.11699999999999999,314.061,0.1,-2.9735,0.253,0.08,314.105,0.1,-2.9575,0.182,0.009000000000000001,314.158,0.1,-2.973,0.14150000000000001,-0.081,314.171,0.1,-2.9525,0.1335,-0.0075,314.12,0.1,-2.888,0.11449999999999999,0.22,314.095,0.1,-2.8834999999999997,0.097,0.2595,314.154,0.1,-2.966,0.179,0.093,314.161,0.1,-3.0335,0.3025,0.057999999999999996,314.083,0.1,-3.041,0.309,0.1495,314.071,0.1,-3.0265,0.197,0.173,314.156,0.1,-3.008,0.138,0.031,314.168,0.1,-2.979,0.1475,-0.1275,314.061,0.1,-2.9204999999999997,0.2145,-0.165,313.941,0.1,
-3.0035,0.1975,-0.0825,314.18,0.1,-3.0389999999999997,0.2885,0.052500000000000005,314.133,0.1,-3.0345,0.35550000000000004,0.096,314.106,0.1,-3.002,0.3325,0.0805,314.116,0.1,-2.979,0.263,0.020499999999999997,314.156,0.1,-2.9785,0.21400000000000002,-0.0495,314.178,0.1,-2.927,0.21150000000000002,0.0095,314.147,0.1,-2.8175,0.1925,0.21000000000000002,314.117,0.1,-2.7895000000000003,0.111,0.201,314.171,0.1,-2.887,0.114,0.043,314.202,0.1,-2.9955,0.2335,-0.027999999999999997,314.142,0.1,-3.0475000000000003,0.297,0.057999999999999996,314.09,0.1,-3.0635000000000003,0.1955,0.1795,314.158,0.1,-3.0515,0.10350000000000001,0.11149999999999999,314.218,0.1,-3.0140000000000002,0.126,-0.017,314.12,0.1,-2.9610000000000003,0.20800000000000002,-0.123,313.992,0.1,
-2.9265,0.185,-0.007,314.171,0.1,-2.9705,0.267,0.018500000000000003,314.17,0.1,-3.0229999999999997,0.361,0.025500000000000002,314.158,0.1,-3.0265,0.394,0.042499999999999996,314.142,0.1,-2.9975,0.344,0.006999999999999999,314.16,0.1,-2.9775,0.2895,-0.064,314.184,0.1,-2.919,0.28400000000000003,-0.057999999999999996,314.179,0.1,-2.801,0.265,0.0865,314.158,0.1,-2.7485,0.14800000000000002,0.1215,314.188,0.1,-2.8335,0.087,-0.014,314.217,0.1,-2.9654999999999996,0.1805,-0.137,314.167,0.1,-3.0495,0.288,-0.063,314.092,0.1,-3.0785,0.2225,0.1325,314.129,0.1,-3.0629999999999997,0.083,0.1455,314.237,0.1,-3.011,0.0875,0.064,314.19,0.1,-2.966,0.16849999999999998,-0.08549999999999999,314.063,0.1,
-2.8465,0.193,0.133,314.175,0.1,-2.8689999999999998,0.244,0.0295,314.178,0.1,-2.965,0.32899999999999996,-0.037000000000000005,314.183,0.1,-3.0235,0.40549999999999997,-0.0295,314.166,0.1,-3.0125,0.388,-0.045,314.161,0.1,-2.9805,0.322,-0.107,314.173,0.1,-2.9290000000000003,0.28800000000000003,-0.1255,314.18,0.1,-2.8289999999999997,0.26349999999999996,-0.041499999999999995,314.181,0.1,-2.752,0.163,0.0325,314.207,0.1,-2.8005,0.078,-0.07,314.234,0.1,-2.943,0.14100000000000001,-0.2145,314.186,0.1,-3.056,0.2885,-0.1895,314.091,0.1,-3.0854999999999997,0.28600000000000003,0.0275,314.087,0.1,-3.054,0.11050000000000001,0.1305,314.209,0.1,-2.9844999999999997,0.059000000000000004,0.067,314.238,0.1,-2.9355,0.1185,-0.08349999999999999,314.127,0.1,
-2.808,0.2155,0.1895,314.234,0.1,-2.79,0.23149999999999998,0.057999999999999996,314.196,0.1,-2.8865,0.28500000000000003,-0.062,314.187,0.1,-2.9935,0.35650000000000004,-0.092,314.176,0.1,-3.0335,0.36150000000000004,-0.08099999999999999,314.156,0.1,-3.016,0.29300000000000004,-0.1,314.154,0.1,-2.96,0.232,-0.095,314.16,0.1,-2.8575,0.198,-0.0385,314.167,0.1,-2.7590000000000003,0.138,0.004,314.2,0.1,-2.7695,0.0635,-0.098,314.24,0.1,-2.9055,0.1015,-0.252,314.21,0.1,-3.0534999999999997,0.259,-0.2965,314.107,0.1,-3.1014999999999997,0.3185,-0.1025,314.06,0.1,-3.053,0.14650000000000002,0.08349999999999999,314.157,0.1,-2.9645,0.0375,0.035500000000000004,314.241,0.1,-2.8994999999999997,0.067,-0.0915,314.165,0.1,
-2.8175,0.21250000000000002,0.095,314.319,0.1,-2.768,0.21050000000000002,0.013,314.247,0.1,-2.8425000000000002,0.2305,-0.092,314.199,0.1,-2.976,0.2625,-0.1255,314.18,0.1,-3.0614999999999997,0.2685,-0.0605,314.157,0.1,-3.0645,0.2185,-0.0015,314.142,0.1,-3.0045,0.1545,0.035500000000000004,314.152,0.1,-2.888,0.1175,0.0735,314.164,0.1,-2.7595,0.095,0.0645,314.181,0.1,-2.7279999999999998,0.0485,-0.0665,314.213,0.1,-2.8495,0.059,-0.2645,314.212,0.1,-3.0315000000000003,0.1805,-0.34099999999999997,314.124,0.1,-3.114,0.2685,-0.13,314.047,0.1,-3.0629999999999997,0.1395,0.1025,314.116,0.1,-2.961,0.024,0.054,314.226,0.1,-2.8795,0.038000000000000006,-0.048,314.184,0.1,
-2.8565,0.158,-0.0485,314.367,0.1,-2.8095,0.1475,-0.108,314.296,0.1,-2.8655,0.14450000000000002,-0.1545,314.223,0.1,-2.9930000000000003,0.15,-0.1355,314.183,0.1,-3.0865,0.147,-0.028000000000000004,314.169,0.1,-3.0875,0.127,0.1015,314.153,0.1,-3.0225,0.0855,0.1735,314.165,0.1,-2.9175,0.05,0.16899999999999998,314.199,0.1,-2.7895000000000003,0.0455,0.122,314.202,0.1,-2.723,0.034499999999999996,-0.003,314.186,0.1,-2.817,0.020499999999999997,-0.217,314.17,0.1,-3.0025,0.085,-0.27749999999999997,314.105,0.1,-3.0869999999999997,0.1815,0.0295,314.035,0.1,-3.0324999999999998,0.1175,0.288,314.101,0.1,-2.939,0.034,0.144,314.232,0.1,-2.8665000000000003,0.051000000000000004,0.027000000000000003,314.218,0.1,
-2.911,0.08,-0.0865,314.356,0.1,-2.886,0.06,-0.1615,314.307,0.1,-2.932,0.049,-0.1785,314.238,0.1,-3.028,0.052,-0.1245,314.184,0.1,-3.0975,0.0425,-0.0265,314.179,0.1,-3.0815,0.0405,0.095,314.185,0.1,-3.002,0.0335,0.1845,314.193,0.1,-2.923,-0.0014999999999999996,0.1615,314.237,0.1,-2.8505000000000003,-0.0175,0.1055,314.256,0.1,-2.7984999999999998,-0.0005000000000000004,0.019999999999999997,314.207,0.1,-2.85,-0.006,-0.11399999999999999,314.132,0.1,-2.972,0.0245,-0.10500000000000001,314.064,0.1,-2.9985,0.126,0.244,314.036,0.1,-2.9275,0.1225,0.46699999999999997,314.13,0.1,-2.873,0.0555,0.206,314.273,0.1,-2.8440000000000003,0.069,0.042499999999999996,314.279,0.1,
-2.967,0.041999999999999996,-0.014,314.326,0.1,-2.948,0.023,-0.07,314.298,0.1,-2.9825,0.014,-0.13,314.247,0.1,-3.051,0.0045,-0.075,314.191,0.1,-3.091,-0.0095,-0.0125,314.177,0.1,-3.0625,-0.016,0.0005,314.205,0.1,-2.9785,-0.0105,0.032,314.22,0.1,-2.9095,-0.0445,0.0405,314.25,0.1,-2.8920000000000003,-0.083,0.028499999999999998,314.289,0.1,-2.9015,-0.0675,-0.017,314.263,0.1,-2.9245,-0.0385,-0.0385,314.159,0.1,-2.9295,0.0115,0.0605,314.063,0.1,-2.8674999999999997,0.10550000000000001,0.33,314.061,0.1,-2.8015,0.118,0.4185,314.18,0.1,-2.8025,0.047,0.1605,314.309,0.1,-2.815,0.04,-0.002,314.331,0.1,
-3.0075,0.069,0.042499999999999996,314.295,0.1,-2.9829999999999997,0.0655,0.015,314.28,0.1,-3.009,0.055,-0.087,314.247,0.1,-3.053,0.024499999999999997,0.0,314.201,0.1,-3.0629999999999997,0.0055,0.047,314.176,0.1,-3.0335,-0.016,-0.046,314.187,0.1,-2.969,-0.0315,-0.1,314.195,0.1,-2.8985000000000003,-0.065,-0.083,314.205,0.1,-2.8810000000000002,-0.1175,-0.045,314.253,0.1,-2.926,-0.133,-0.0495,314.281,0.1,-2.9595000000000002,-0.094,-0.008,314.222,0.1,-2.9005,-0.001,0.101,314.123,0.1,-2.7815000000000003,0.087,0.2545,314.093,0.1,-2.7305,0.074,0.236,314.179,0.1,-2.758,0.004999999999999999,0.0875,314.28,0.1,-2.777,-0.015,-0.0335,314.323,0.1,
-3.019,0.134,0.07100000000000001,314.241,0.1,-3.02,0.1315,0.0045000000000000005,314.248,0.1,-3.049,0.1225,-0.046,314.225,0.1,-3.06,0.0895,0.07300000000000001,314.206,0.1,-3.0465,0.0655,0.0915,314.19,0.1,-3.019,0.0405,0.005,314.15,0.1,-2.9585,0.017,-0.0385,314.104,0.1,-2.8834999999999997,-0.014000000000000002,-0.045,314.088,0.1,-2.8505000000000003,-0.081,-0.041,314.143,0.1,-2.8705,-0.14,-0.017,314.216,0.1,-2.8955,-0.1385,0.034,314.242,0.1,-2.86,-0.048,0.0655,314.195,0.1,-2.775,0.044,0.1075,314.134,0.1,-2.7385,0.020999999999999998,0.07550000000000001,314.149,0.1,-2.7455,-0.0325,0.034,314.207,0.1,-2.7415000000000003,-0.047,-0.052000000000000005,314.252,0.1,
-2.9955,0.21200000000000002,0.134,314.176,0.1,-3.052,0.184,0.0065,314.214,0.1,-3.092,0.188,0.025,314.198,0.1,-3.0780000000000003,0.16899999999999998,0.124,314.201,0.1,-3.065,0.126,0.08549999999999999,314.214,0.1,-3.0415,0.11249999999999999,0.0795,314.15,0.1,-2.961,0.13,0.0975,314.047,0.1,-2.871,0.1255,0.10200000000000001,313.986,0.1,-2.834,0.047,0.0525,314.025,0.1,-2.8185000000000002,-0.0565,0.07150000000000001,314.117,0.1,-2.7960000000000003,-0.118,0.096,314.205,0.1,-2.784,-0.096,0.043,314.234,0.1,-2.775,-0.024,-0.004,314.189,0.1,-2.7725,-0.0245,-0.0415,314.15,0.1,-2.7715,-0.0575,-0.05,314.163,0.1,-2.754,-0.0635,-0.0915,314.182,0.1,
-2.962,0.253,0.178,314.139,0.1,-3.0575,0.208,0.051500000000000004,314.189,0.1,-3.1165000000000003,0.22,0.0755,314.183,0.1,-3.1035000000000004,0.21,0.137,314.189,0.1,-3.09,0.151,0.1,314.223,0.1,-3.0564999999999998,0.145,0.1315,314.187,0.1,-2.9715,0.195,0.1275,314.085,0.1,-2.887,0.214,0.135,313.983,0.1,-2.848,0.134,0.11649999999999999,313.967,0.1,-2.811,0.009,0.1435,314.039,0.1,-2.7495000000000003,-0.086,0.1285,314.145,0.1,-2.725,-0.112,0.03,314.221,0.1,-2.75,-0.062,-0.06,314.223,0.1,-2.78,-0.047,-0.0995,314.173,0.1,-2.8019999999999996,-0.07,-0.11,314.148,0.1,-2.8019999999999996,-0.073,-0.11649999999999999,314.142,0.1,
-3.0025,0.028999999999999998,-0.1075,314.281,0.1,-3.035,0.0175,-0.015,314.227,0.1,-3.0865,-0.033,0.0675,314.256,0.1,-3.1245000000000003,-0.065,0.07,314.331,0.1,-3.1045,-0.0635,0.058,314.352,0.1,-3.0549999999999997,-0.043500000000000004,0.041499999999999995,314.298,0.1,-3.0484999999999998,-0.012499999999999999,0.064,314.241,0.1,-3.1005000000000003,0.043,0.0885,314.223,0.1,-3.1355,0.1075,0.0605,314.203,0.1,-3.073,0.1365,0.0375,314.175,0.1,-2.949,0.0645,0.0505,314.204,0.1,-2.877,-0.058499999999999996,-0.01,314.286,0.1,-2.8970000000000002,-0.141,-0.178,314.331,0.1,-2.938,-0.16599999999999998,-0.289,314.302,0.1,-2.923,-0.14,-0.3165,314.217,0.1,-2.865,-0.122,-0.278,314.097,0.1,
-3.043,0.02,-0.11599999999999999,314.289,0.1,-3.042,0.054,-0.006,314.222,0.1,-3.0309999999999997,0.003000000000000001,0.088,314.24,0.1,-3.043,-0.047,0.079,314.318,0.1,-3.0495,-0.055,0.007,314.379,0.1,-3.0235,-0.0235,-0.044,314.347,0.1,-2.998,-0.0055,0.006,314.277,0.1,-3.032,0.0005000000000000004,0.1205,314.257,0.1,-3.1045,0.054,0.153,314.257,0.1,-3.114,0.161,0.0775,314.211,0.1,-3.0285,0.1725,0.07200000000000001,314.184,0.1,-2.9314999999999998,0.0545,0.0915,314.246,0.1,-2.8979999999999997,-0.0465,-0.0295,314.292,0.1,-2.9175,-0.0925,-0.191,314.268,0.1,-2.928,-0.098,-0.2685,314.198,0.1,-2.8955,-0.069,-0.23049999999999998,314.096,0.1,
-3.0599999999999996,0.010499999999999999,-0.074,314.306,0.1,-3.0625,0.09,0.0325,314.228,0.1,-3.012,0.0685,0.0975,314.238,0.1,-2.9764999999999997,0.007999999999999998,0.0825,314.304,0.1,-2.9795,-0.04,-0.006,314.37,0.1,-2.9945000000000004,-0.04,-0.099,314.365,0.1,-2.982,-0.0325,-0.041499999999999995,314.296,0.1,-2.9695,-0.0455,0.1595,314.268,0.1,-3.018,-0.018500000000000003,0.2495,314.302,0.1,-3.0895,0.1085,0.123,314.283,0.1,-3.083,0.20900000000000002,0.0945,314.213,0.1,-3.0065,0.156,0.1655,314.236,0.1,-2.948,0.046,0.106,314.298,0.1,-2.9425,-0.007000000000000001,-0.077,314.281,0.1,-2.9530000000000003,-0.025,-0.2115,314.201,0.1,-2.9265,0.009000000000000001,-0.2005,314.104,0.1,
-3.0395,0.0065,-0.0685,314.339,0.1,-3.065,0.1065,0.0665,314.265,0.1,-3.02,0.136,0.1115,314.253,0.1,-2.965,0.08449999999999999,0.0765,314.3,0.1,-2.9505,0.009999999999999998,0.005,314.355,0.1,-2.9745,-0.029500000000000002,-0.0805,314.366,0.1,-2.9610000000000003,-0.0305,-0.013,314.31,0.1,-2.8965,-0.0405,0.2025,314.274,0.1,-2.899,-0.052500000000000005,0.2565,314.329,0.1,-3.0054999999999996,0.022000000000000002,0.109,314.354,0.1,-3.0839999999999996,0.153,0.0675,314.288,0.1,-3.0645,0.185,0.1545,314.258,0.1,-3.0170000000000003,0.0805,0.181,314.324,0.1,-2.9975,0.019,0.036000000000000004,314.332,0.1,-2.995,0.017,-0.1265,314.235,0.1,-2.967,0.065,-0.1695,314.125,0.1,
-2.99,-0.0085,-0.084,314.363,0.1,-3.042,0.094,0.0485,314.321,0.1,-3.0345,0.1765,0.093,314.294,0.1,-2.99,0.162,0.07400000000000001,314.306,0.1,-2.9610000000000003,0.089,0.013999999999999999,314.347,0.1,-2.9675000000000002,0.030999999999999996,-0.0545,314.37,0.1,-2.931,0.028500000000000004,-0.001,314.339,0.1,-2.8280000000000003,0.020499999999999997,0.186,314.299,0.1,-2.798,-0.041,0.1965,314.341,0.1,-2.9135,-0.0465,0.055,314.385,0.1,-3.051,0.064,-0.018,314.35,0.1,-3.0975,0.1515,0.065,314.294,0.1,-3.078,0.07300000000000001,0.1875,314.34,0.1,-3.0475,-0.011500000000000002,0.121,314.387,0.1,-3.0255,0.0045,-0.0155,314.291,0.1,-3.0015,0.069,-0.1215,314.171,0.1,
-2.908,-0.0215,-0.013000000000000001,314.353,0.1,-2.976,0.062,0.0175,314.354,0.1,-3.0309999999999997,0.16849999999999998,0.0305,314.344,0.1,-3.0205,0.21450000000000002,0.0385,314.329,0.1,-2.9779999999999998,0.1675,-0.0025,314.345,0.1,-2.9585,0.1,-0.07100000000000001,314.37,0.1,-2.916,0.085,-0.065,314.365,0.1,-2.81,0.0745,0.07050000000000001,314.339,0.1,-2.7515,-0.0135,0.11399999999999999,314.355,0.1,-2.842,-0.076,-0.006999999999999999,314.39,0.1,-3.007,-0.0035000000000000014,-0.1275,314.367,0.1,-3.109,0.1095,-0.0595,314.305,0.1,-3.115,0.07400000000000001,0.1325,314.327,0.1,-3.072,-0.043,0.1505,314.416,0.1,-3.0235000000000003,-0.036000000000000004,0.06,314.363,0.1,-3.004,0.033,-0.08449999999999999,314.242,0.1,
-2.825,-0.0014999999999999996,0.12,314.354,0.1,-2.874,0.039999999999999994,0.0295,314.358,0.1,-2.9825,0.126,-0.0275,314.368,0.1,-3.0330000000000004,0.21350000000000002,-0.0245,314.351,0.1,-3.003,0.20550000000000002,-0.048,314.341,0.1,-2.959,0.13,-0.109,314.353,0.1,-2.915,0.0835,-0.1265,314.362,0.1,-2.8295,0.061,-0.046,314.36,0.1,-2.752,-0.012,0.026000000000000002,314.376,0.1,-2.7985,-0.0875,-0.0645,314.399,0.1,-2.9655,-0.048,-0.20350000000000001,314.371,0.1,-3.1085,0.0775,-0.1855,314.301,0.1,-3.1334999999999997,0.0965,0.0225,314.296,0.1,-3.077,-0.0435,0.126,314.398,0.1,-3.0015,-0.081,0.057999999999999996,314.416,0.1,-2.972,-0.023,-0.087,314.307,0.1,
-2.7824999999999998,0.038,0.176,314.405,0.1,-2.7875,0.042499999999999996,0.0555,314.369,0.1,-2.9065000000000003,0.0825,-0.0515,314.369,0.1,-3.02,0.156,-0.077,314.361,0.1,-3.0435,0.174,-0.07150000000000001,314.337,0.1,-3.0015,0.10500000000000001,-0.095,314.331,0.1,-2.9364999999999997,0.033,-0.0935,314.338,0.1,-2.844,-0.0049999999999999975,-0.041499999999999995,314.347,0.1,-2.7545,-0.048,-0.003,314.374,0.1,-2.7664999999999997,-0.1075,-0.0945,314.404,0.1,-2.917,-0.089,-0.2395,314.384,0.1,-3.0919999999999996,0.028999999999999998,-0.28400000000000003,314.306,0.1,-3.1475,0.0915,-0.10200000000000001,314.271,0.1,-3.0825,-0.041499999999999995,0.076,314.356,0.1,-2.9835000000000003,-0.128,0.025500000000000002,314.425,0.1,-2.931,-0.0875,-0.0975,314.345,0.1,
-2.7895,0.0465,0.0865,314.484,0.1,-2.7575,0.0375,0.009999999999999998,314.411,0.1,-2.857,0.038,-0.07999999999999999,314.372,0.1,-3.0095,0.0615,-0.10400000000000001,314.364,0.1,-3.0915,0.0805,-0.0435,314.341,0.1,-3.0709999999999997,0.0405,0.006500000000000001,314.32,0.1,-2.989,-0.0305,0.035500000000000004,314.327,0.1,-2.8685,-0.073,0.0675,314.34,0.1,-2.75,-0.0925,0.054,314.357,0.1,-2.7285,-0.129,-0.0685,314.382,0.1,-2.8615,-0.133,-0.25,314.382,0.1,-3.0605,-0.053,-0.32,314.313,0.1,-3.152,0.0225,-0.122,314.255,0.1,-3.0925000000000002,-0.07050000000000001,0.099,314.32,0.1,-2.9785000000000004,-0.16199999999999998,0.046,314.416,0.1,-2.902,-0.13,-0.057499999999999996,314.364,0.1,
-2.831,-0.005500000000000001,-0.0505,314.533,0.1,-2.7925,-0.016,-0.106,314.456,0.1,-2.866,-0.033,-0.14100000000000001,314.389,0.1,-3.0170000000000003,-0.043,-0.11599999999999999,314.363,0.1,-3.125,-0.037500000000000006,-0.0115,314.354,0.1,-3.118,-0.0385,0.1085,314.332,0.1,-3.0305,-0.0795,0.16999999999999998,314.337,0.1,-2.909,-0.118,0.1615,314.366,0.1,-2.7805,-0.129,0.11249999999999999,314.37,0.1,-2.724,-0.14100000000000001,-0.0095,314.356,0.1,-2.8275,-0.16599999999999998,-0.20400000000000001,314.34,0.1,-3.023,-0.13999999999999999,-0.2535,314.289,0.1,-3.117,-0.066,0.033,314.239,0.1,-3.0595,-0.101,0.277,314.305,0.1,-2.956,-0.16249999999999998,0.1375,314.424,0.1,-2.883,-0.1285,0.014,314.398,0.1,
-2.892,-0.08399999999999999,-0.0885,314.527,0.1,-2.87,-0.098,-0.1585,314.47,0.1,-2.9225000000000003,-0.11499999999999999,-0.16999999999999998,314.403,0.1,-3.037,-0.1285,-0.11249999999999999,314.361,0.1,-3.1310000000000002,-0.137,-0.0165,314.365,0.1,-3.1260000000000003,-0.11549999999999999,0.098,314.365,0.1,-3.037,-0.112,0.178,314.362,0.1,-2.9395,-0.14500000000000002,0.155,314.396,0.1,-2.855,-0.16849999999999998,0.0995,314.412,0.1,-2.8015,-0.16199999999999998,0.015,314.367,0.1,-2.8529999999999998,-0.1775,-0.1045,314.298,0.1,-2.98,-0.1805,-0.0885,314.243,0.1,-3.0205,-0.11249999999999999,0.2365,314.231,0.1,-2.9555,-0.1,0.4465,314.328,0.1,-2.8955,-0.147,0.20450000000000002,314.462,0.1,-2.863,-0.1185,0.035500000000000004,314.456,0.1,
-2.9545,-0.1245,-0.023,314.5,0.1,-2.9355,-0.1375,-0.0775,314.465,0.1,-2.971,-0.151,-0.128,314.414,0.1,-3.0495,-0.16999999999999998,-0.07200000000000001,314.367,0.1,-3.1135,-0.187,-0.0125,314.365,0.1,-3.11,-0.173,-0.0015,314.39,0.1,-3.0324999999999998,-0.15,0.027000000000000003,314.391,0.1,-2.95,-0.1755,0.037000000000000005,314.407,0.1,-2.9139999999999997,-0.217,0.025,314.439,0.1,-2.9115,-0.216,-0.0175,314.414,0.1,-2.9265,-0.1935,-0.0315,314.316,0.1,-2.9320000000000004,-0.16699999999999998,0.0665,314.232,0.1,-2.8845,-0.11199999999999999,0.3185,314.241,0.1,-2.8305,-0.1005,0.4075,314.363,0.1,-2.83,-0.15899999999999997,0.1685,314.492,0.1,-2.8395,-0.1495,-0.001,314.506,0.1,
-2.9985,-0.11,0.031,314.47,0.1,-2.976,-0.1125,0.005,314.45,0.1,-2.9985,-0.1265,-0.0825,314.416,0.1,-3.0455,-0.1575,-0.002,314.377,0.1,-3.075,-0.175,0.0395,314.363,0.1,-3.074,-0.1855,-0.052,314.378,0.1,-3.026,-0.1855,-0.1055,314.376,0.1,-2.951,-0.20700000000000002,-0.0865,314.371,0.1,-2.9195,-0.255,-0.0475,314.409,0.1,-2.9515000000000002,-0.2855,-0.0485,314.436,0.1,-2.9745,-0.2455,-0.005,314.376,0.1,-2.912,-0.1565,0.1045,314.279,0.1,-2.7995,-0.0965,0.2485,314.257,0.1,-2.754,-0.123,0.242,314.347,0.1,-2.7845,-0.1985,0.099,314.459,0.1,-2.809,-0.2075,-0.035,314.501,0.1,
-3.016,-0.067,0.0615,314.42,0.1,-3.0155000000000003,-0.0685,0.006500000000000001,314.422,0.1,-3.0355,-0.0795,-0.040999999999999995,314.398,0.1,-3.047,-0.10700000000000001,0.0665,314.38,0.1,-3.0495,-0.12,0.08549999999999999,314.372,0.1,-3.0484999999999998,-0.1415,-0.002,314.343,0.1,-3.011,-0.1585,-0.053,314.296,0.1,-2.939,-0.181,-0.057999999999999996,314.268,0.1,-2.8955,-0.24,-0.044,314.312,0.1,-2.909,-0.3115,-0.019,314.385,0.1,-2.931,-0.305,0.0285,314.407,0.1,-2.89,-0.195,0.068,314.347,0.1,-2.7984999999999998,-0.1055,0.1115,314.285,0.1,-2.755,-0.14200000000000002,0.0895,314.306,0.1,-2.7649999999999997,-0.223,0.043,314.381,0.1,-2.7755,-0.2465,-0.057,314.435,0.1,
-2.996,-0.0075000000000000015,0.124,314.363,0.1,-3.0460000000000003,-0.029,0.016,314.396,0.1,-3.0775,-0.031,0.025500000000000002,314.381,0.1,-3.063,-0.042499999999999996,0.11299999999999999,314.38,0.1,-3.0595,-0.0665,0.0865,314.391,0.1,-3.0595,-0.0755,0.07250000000000001,314.338,0.1,-3.008,-0.057499999999999996,0.0775,314.241,0.1,-2.928,-0.06,0.079,314.174,0.1,-2.88,-0.1355,0.0455,314.204,0.1,-2.8595,-0.2475,0.066,314.296,0.1,-2.846,-0.3065,0.08299999999999999,314.383,0.1,-2.8375000000000004,-0.2535,0.039,314.398,0.1,-2.816,-0.158,0.0025,314.34,0.1,-2.7945,-0.159,-0.027000000000000003,314.301,0.1,-2.7875,-0.2245,-0.038,314.328,0.1,-2.7815000000000003,-0.261,-0.0895,314.361,0.1,
-2.9615,0.027,0.1725,314.33,0.1,-3.051,-0.009,0.061,314.38,0.1,-3.105,-0.006,0.077,314.377,0.1,-3.09,-0.009,0.13,314.377,0.1,-3.0789999999999997,-0.046,0.103,314.404,0.1,-3.0655,-0.045,0.1235,314.372,0.1,-3.0135,0.005,0.11199999999999999,314.274,0.1,-2.9465000000000003,0.023,0.11699999999999999,314.171,0.1,-2.896,-0.058,0.10700000000000001,314.148,0.1,-2.847,-0.19,0.1355,314.22,0.1,-2.7975000000000003,-0.285,0.11399999999999999,314.329,0.1,-2.79,-0.279,0.0195,314.398,0.1,-2.8120000000000003,-0.195,-0.0595,314.386,0.1,-2.8215000000000003,-0.171,-0.0915,314.327,0.1,-2.827,-0.223,-0.098,314.308,0.1,-2.8275,-0.265,-0.109,314.315,0.1,
