1.3365,2.3120000000000003,-0.019,299.063,0.301,1.312,2.3405,-0.013500000000000002,299.229,0.297,1.2349999999999999,2.2649999999999997,-0.008,299.331,0.276,1.2029999999999998,2.307,-0.009000000000000001,299.372,0.279,1.217,2.3970000000000002,-0.0155,299.397,0.283,1.2109999999999999,2.4095,-0.0225,299.426,0.278,1.1575,2.371,-0.022,299.451,0.266,1.0835,2.3015,-0.013000000000000001,299.447,0.25,1.062,2.2835,-0.0045000000000000005,299.386,0.25,1.131,2.3965,-0.001,299.279,0.275,1.244,2.5170000000000003,0.0005,299.222,0.304,1.3395000000000001,2.5515,-0.0005,299.265,0.305,1.388,2.499,-0.003,299.363,0.304,1.3980000000000001,2.4115,-0.007,299.44,0.283,1.3595000000000002,2.3605,-0.005,299.465,0.283,1.2715,2.2969999999999997,-0.005,299.437,0.267,
1.3279999999999998,2.3289999999999997,-0.0215,299.067,0.301,1.3079999999999998,2.3385,-0.0165,299.22,0.29,1.2405,2.2365,-0.0075,299.334,0.27,1.21,2.213,-0.0045000000000000005,299.391,0.261,1.2189999999999999,2.3055000000000003,-0.011,299.423,0.276,1.214,2.3635,-0.0185,299.455,0.272,1.1795,2.364,-0.017,299.492,0.261,1.1185,2.3075,-0.011,299.514,0.253,1.0715,2.226,-0.008,299.482,0.242,1.1055,2.295,-0.0055,299.394,0.262,1.2145,2.4365,-0.003,299.317,0.282,1.3195000000000001,2.5294999999999996,-0.004,299.323,0.302,1.384,2.5035,-0.007,299.398,0.301,1.4209999999999998,2.505,-0.005,299.47,0.31,1.3980000000000001,2.4755000000000003,-0.0045000000000000005,299.507,0.296,1.3075,2.4074999999999998,-0.007,299.505,0.274,
1.326,2.3819999999999997,-0.019,299.084,0.307,1.316,2.3785,-0.015,299.197,0.294,1.2645,2.27,-0.008,299.313,0.273,1.2280000000000002,2.1845,-0.0055,299.403,0.255,1.225,2.226,-0.009,299.459,0.262,1.2255,2.316,-0.011,299.495,0.269,1.205,2.364,-0.009000000000000001,299.537,0.26,1.1364999999999998,2.3209999999999997,-0.0095,299.572,0.25,1.0665,2.218,-0.011,299.561,0.224,1.093,2.2215,-0.0075,299.497,0.241,1.205,2.374,-0.0065,299.414,0.27,1.315,2.4795,-0.009,299.388,0.29,1.397,2.5060000000000002,-0.010499999999999999,299.433,0.299,1.4495,2.5614999999999997,-0.010499999999999999,299.498,0.322,1.427,2.5865,-0.016,299.544,0.314,1.3319999999999999,2.5205,-0.014499999999999999,299.558,0.291,
1.347,2.453,-0.0125,299.113,0.316,1.3455,2.448,-0.0115,299.182,0.306,1.2995,2.342,-0.009000000000000001,299.293,0.28,1.248,2.225,-0.009000000000000001,299.417,0.259,1.2335,2.2039999999999997,-0.008,299.503,0.252,1.2469999999999999,2.2904999999999998,-0.005,299.549,0.265,1.2415,2.3665000000000003,-0.003,299.583,0.265,1.174,2.3325,-0.006999999999999999,299.618,0.25,1.0805,2.2785,-0.0095,299.621,0.235,1.08,2.242,-0.006999999999999999,299.576,0.219,1.1995,2.3674999999999997,-0.009,299.502,0.254,1.334,2.436,-0.0135,299.458,0.278,1.4255,2.4785,-0.016,299.474,0.296,1.4705,2.521,-0.0215,299.533,0.305,1.429,2.5805,-0.03,299.592,0.325,1.311,2.5380000000000003,-0.026500000000000003,299.619,0.3,
1.3835,2.4939999999999998,-0.006999999999999999,299.151,0.323,1.377,2.501,-0.008,299.191,0.318,1.3315000000000001,2.4175,-0.0085,299.288,0.293,1.2755,2.3125,-0.0085,299.425,0.273,1.255,2.2560000000000002,-0.006,299.535,0.256,1.2705,2.3075,-0.0015,299.595,0.263,1.2694999999999999,2.3775000000000004,0.0005,299.621,0.263,1.2205,2.3579999999999997,-0.0025,299.651,0.249,1.1535,2.3695,-0.003,299.667,0.257,1.1404999999999998,2.3360000000000003,-0.0015,299.638,0.25,1.222,2.3994999999999997,-0.006,299.573,0.268,1.353,2.4325,-0.0135,299.518,0.269,1.4595,2.434,-0.018000000000000002,299.517,0.289,1.4900000000000002,2.4595000000000002,-0.026500000000000003,299.557,0.294,1.4265,2.4675000000000002,-0.0315,299.616,0.313,1.3155000000000001,2.4635,-0.0285,299.659,0.284,
1.4035,2.4635,-0.003,299.21,0.319,1.395,2.5065,-0.0035,299.227,0.321,1.3645,2.477,-0.004,299.3,0.306,1.3210000000000002,2.407,-0.0035,299.429,0.291,1.2930000000000001,2.3434999999999997,-0.002,299.549,0.27,1.2934999999999999,2.3505000000000003,0.001,299.627,0.269,1.2915,2.3955,0.0035,299.656,0.269,1.2635,2.4135,0.003,299.68,0.257,1.209,2.46,0.005,299.708,0.273,1.1735,2.409,0.006500000000000001,299.698,0.26,1.2285,2.404,0.001,299.644,0.267,1.359,2.4415,-0.006,299.586,0.284,1.4675,2.3845,-0.012499999999999999,299.567,0.287,1.4755,2.468,-0.0225,299.611,0.295,1.412,2.3975,-0.021,299.673,0.286,1.3455,2.3440000000000003,-0.016,299.709,0.27,
1.407,2.3765,0.002,299.251,0.308,1.402,2.458,0.003,299.272,0.316,1.3904999999999998,2.498,0.0035,299.321,0.313,1.3695,2.4725,0.0035,299.43,0.301,1.3465,2.4255,0.003,299.553,0.291,1.3295,2.3925,0.005,299.649,0.281,1.3235000000000001,2.4059999999999997,0.006500000000000001,299.69,0.274,1.3175,2.4775,0.006500000000000001,299.712,0.271,1.254,2.5265,0.01,299.743,0.288,1.17,2.4645,0.0115,299.751,0.264,1.189,2.446,0.007,299.705,0.251,1.321,2.4665,0.003,299.641,0.277,1.4905,2.3825000000000003,-0.004,299.623,0.268,1.572,2.549,-0.010499999999999999,299.533,0.153,1.506,2.4455,-0.004,299.544,0.147,1.3975,2.2465,0.002,299.685,0.276,
1.3885,2.287,0.0055,299.309,0.291,1.3875,2.3655,0.006999999999999999,299.323,0.302,1.398,2.4585,0.0085,299.354,0.312,1.411,2.4859999999999998,0.0075,299.437,0.311,1.4085,2.4735,0.006500000000000001,299.551,0.309,1.3855,2.417,0.006999999999999999,299.657,0.291,1.371,2.392,0.0085,299.719,0.279,1.364,2.4895,0.0105,299.747,0.286,1.308,2.529,0.013999999999999999,299.777,0.296,1.228,2.508,0.014499999999999999,299.791,0.276,1.209,2.5835,0.0085,299.785,0.278,1.2785,2.5715,0.006,299.728,0.285,1.4315,2.5035,0.001,299.71,0.271,1.56,2.65,0.0025,299.508,0.151,1.5225,2.547,0.0075,299.33,0.135,1.392,2.2655000000000003,0.0095,299.649,0.273,
1.4275,2.199,0.009,299.313,0.287,1.3715000000000002,2.2475,0.0095,299.376,0.284,1.388,2.3609999999999998,0.011,299.394,0.3,1.4275,2.4349999999999996,0.008,299.45,0.309,1.4505,2.46,0.0065,299.549,0.317,1.434,2.4125,0.0065,299.659,0.3,1.4115,2.357,0.01,299.738,0.28,1.389,2.428,0.015,299.779,0.297,1.3435000000000001,2.4545,0.0195,299.807,0.291,1.314,2.497,0.0165,299.831,0.287,1.3290000000000002,2.674,0.0115,299.755,0.163,1.3755000000000002,2.665,0.008,299.697,0.158,1.452,2.6340000000000003,0.006500000000000001,299.686,0.16,1.5345,2.7199999999999998,0.008,299.532,0.157,1.544,2.6455,0.0075,299.278,0.141,1.4515,2.412,0.0075,299.369,0.129,
1.4885000000000002,2.1254999999999997,0.022,299.269,0.29,1.392,2.157,0.0215,299.424,0.277,1.389,2.2605,0.0205,299.447,0.292,1.4224999999999999,2.3575,0.0155,299.475,0.298,1.4575,2.4115,0.0125,299.551,0.304,1.4575,2.4025,0.013499999999999998,299.66,0.304,1.4344999999999999,2.349,0.019,299.753,0.286,1.3980000000000001,2.3609999999999998,0.025500000000000002,299.805,0.277,1.3525,2.3819999999999997,0.025500000000000002,299.829,0.27,1.3370000000000002,2.471,0.0205,299.876,0.286,1.356,2.6195,0.019,299.673,0.158,1.3925,2.597,0.0185,299.524,0.148,1.4405000000000001,2.591,0.017499999999999998,299.479,0.147,1.488,2.7125000000000004,0.0145,299.493,0.155,1.5065,2.7030000000000003,0.012,299.409,0.153,1.454,2.57,0.0085,299.243,0.131,
1.5474999999999999,2.1825,0.037000000000000005,299.11,0.297,1.4340000000000002,2.149,0.038,299.426,0.274,1.4060000000000001,2.224,0.032,299.497,0.274,1.416,2.3165,0.026000000000000002,299.512,0.287,1.4500000000000002,2.3899999999999997,0.022,299.563,0.298,1.4725000000000001,2.4275,0.025500000000000002,299.659,0.305,1.462,2.4080000000000004,0.032,299.759,0.294,1.4264999999999999,2.3685,0.033,299.825,0.274,1.3835000000000002,2.4015,0.026500000000000003,299.85,0.268,1.3285,2.4805,0.0225,299.901,0.292,1.2685,2.5235000000000003,0.022,299.788,0.3,1.259,2.456,0.0235,299.64,0.292,1.3285,2.439,0.0235,299.586,0.297,1.429,2.6180000000000003,0.0225,299.38,0.137,1.5035,2.66,0.019,299.295,0.14,1.5215,2.5984999999999996,0.011,299.128,0.141,
1.717,2.3049999999999997,0.0225,298.797,0.137,1.5525000000000002,2.125,0.0285,299.354,0.312,1.4555,2.1734999999999998,0.022,299.534,0.286,1.4325,2.2685,0.0195,299.559,0.293,1.4580000000000002,2.367,0.0195,299.588,0.306,1.4929999999999999,2.4444999999999997,0.0225,299.666,0.313,1.4965,2.4555,0.022,299.764,0.309,1.4725000000000001,2.3925,0.0155,299.841,0.287,1.4485000000000001,2.4215,0.0095,299.873,0.295,1.3995,2.465,0.0085,299.916,0.302,1.3075,2.4530000000000003,0.0105,299.896,0.293,1.232,2.3735,0.012,299.797,0.261,1.236,2.3129999999999997,0.012499999999999999,299.739,0.26,1.299,2.4525,0.0105,299.561,0.305,1.3695,2.5105,0.0085,299.465,0.319,1.4315,2.4835,0.0055,299.385,0.321,
1.7930000000000001,2.215,-0.0135,298.193,0.134,1.582,1.9945,-0.0035,299.061,0.312,1.456,2.0220000000000002,-0.0015,299.519,0.276,1.4420000000000002,2.1245000000000003,0.001,299.608,0.284,1.479,2.257,0.004,299.628,0.299,1.513,2.3525,0.0025,299.684,0.314,1.498,2.363,-0.006500000000000001,299.774,0.312,1.464,2.2995,-0.013,299.857,0.289,1.4575,2.3034999999999997,-0.0135,299.899,0.289,1.442,2.356,-0.011,299.932,0.296,1.3695,2.3465,-0.0075,299.951,0.294,1.262,2.2800000000000002,-0.006500000000000001,299.904,0.275,1.2080000000000002,2.198,-0.006,299.851,0.25,1.2395,2.2495000000000003,-0.0095,299.749,0.262,1.29,2.3265000000000002,-0.009,299.657,0.279,1.3505,2.352,-0.002,299.627,0.281,
1.59,1.9445000000000001,-0.025,298.385,0.317,1.566,1.8635000000000002,-0.0155,298.903,0.303,1.5015,1.869,-0.010499999999999999,299.408,0.283,1.472,1.9225,-0.007,299.622,0.268,1.4935,2.0505,-0.0075,299.672,0.28,1.502,2.1455,-0.0135,299.714,0.297,1.46,2.1630000000000003,-0.02,299.785,0.29,1.4209999999999998,2.128,-0.0185,299.87,0.275,1.4395,2.12,-0.014499999999999999,299.925,0.256,1.4655,2.2074999999999996,-0.0155,299.955,0.281,1.423,2.21,-0.015,299.98,0.283,1.322,2.1435,-0.013000000000000001,299.969,0.267,1.2395,2.0805,-0.010499999999999999,299.93,0.251,1.238,2.098,-0.012,299.865,0.23,1.277,2.186,-0.0115,299.788,0.261,1.31,2.285,-0.003,299.774,0.272,
1.532,1.766,-0.01,298.703,0.281,1.601,1.804,-0.0085,298.908,0.3,1.5695000000000001,1.7835,-0.009,299.287,0.284,1.5030000000000001,1.7389999999999999,-0.007,299.574,0.255,1.475,1.7934999999999999,-0.0095,299.697,0.256,1.4635,1.8975,-0.015,299.745,0.265,1.4420000000000002,1.9769999999999999,-0.015,299.798,0.266,1.4295,2.0004999999999997,-0.0085,299.876,0.259,1.454,1.9874999999999998,-0.006,299.942,0.244,1.4805000000000001,2.0815,-0.01,299.978,0.265,1.4445000000000001,2.094,-0.013,300.004,0.27,1.3695,2.037,-0.0115,300.011,0.255,1.321,1.988,-0.0075,299.987,0.242,1.3295,2.0105,-0.0075,299.944,0.241,1.373,2.086,-0.01,299.882,0.249,1.3915,2.213,-0.010499999999999999,299.857,0.268,
1.5445,1.726,0.0015,298.942,0.278,1.6164999999999998,1.788,-0.0085,298.991,0.289,1.6065,1.753,-0.0125,299.216,0.28,1.5225,1.656,-0.008,299.489,0.247,1.4495,1.658,-0.006500000000000001,299.678,0.23,1.4335,1.772,-0.0095,299.765,0.236,1.4489999999999998,1.898,-0.0115,299.816,0.248,1.4605000000000001,1.956,-0.0095,299.879,0.248,1.4740000000000002,1.938,-0.009000000000000001,299.949,0.233,1.4835,2.024,-0.013,299.998,0.258,1.4515,2.042,-0.0175,300.026,0.256,1.3995,1.998,-0.018000000000000002,300.042,0.246,1.382,1.949,-0.015,300.033,0.234,1.4055,1.971,-0.0135,300.004,0.234,1.4405000000000001,2.038,-0.0205,299.954,0.24,1.4405000000000001,2.159,-0.029,299.918,0.256,
2.2960000000000003,4.327500000000001,-0.0315,299.111,0.258,2.1915,4.08,-0.018000000000000002,299.245,0.253,2.126,3.8865,-0.0045000000000000005,299.341,0.242,2.1485,3.9555,-0.006,299.39,0.247,2.207,4.167999999999999,-0.0185,299.427,0.242,2.213,4.2315000000000005,-0.031,299.461,0.239,2.1475,4.146000000000001,-0.03,299.479,0.233,2.0635000000000003,3.9825,-0.015,299.467,0.224,2.0395000000000003,3.8915,0.0,299.4,0.22,2.1189999999999998,4.0125,0.005,299.288,0.231,2.2795,4.265499999999999,0.004,299.23,0.248,2.4505,4.4975,-0.002,299.292,0.247,2.5675,4.5285,-0.008,299.413,0.26,2.6085000000000003,4.3934999999999995,-0.013999999999999999,299.5,0.258,2.566,4.218,-0.0095,299.526,0.268,2.4669999999999996,4.032,-0.0035,299.49,0.255,
2.363,4.414,-0.035,299.129,0.257,2.2235,4.149,-0.022,299.242,0.242,2.109,3.8485,-0.0055,299.344,0.238,2.0985,3.7685,-0.0005,299.403,0.234,2.158,3.9395,-0.011,299.441,0.244,2.187,4.083,-0.024,299.476,0.235,2.1479999999999997,4.0969999999999995,-0.024,299.512,0.229,2.0694999999999997,3.9725,-0.014499999999999999,299.531,0.232,2.0145,3.8205,-0.006999999999999999,299.496,0.224,2.0540000000000003,3.8535,-0.0035,299.4,0.232,2.197,4.0954999999999995,-0.0035,299.32,0.235,2.3735,4.362,-0.008,299.337,0.247,2.512,4.4605,-0.013500000000000002,299.429,0.254,2.5835,4.427,-0.014,299.529,0.284,2.56,4.321,-0.0145,299.577,0.272,2.4530000000000003,4.124499999999999,-0.013500000000000002,299.559,0.257,
2.414,4.461,-0.0295,299.15,0.264,2.2555,4.232,-0.0205,299.23,0.245,2.1100000000000003,3.8965,-0.009000000000000001,299.327,0.236,2.064,3.6895,-0.0055,299.407,0.227,2.109,3.7525000000000004,-0.0115,299.461,0.234,2.1630000000000003,3.9335,-0.0155,299.504,0.24,2.165,4.061,-0.014,299.553,0.227,2.1029999999999998,4.002000000000001,-0.0135,299.595,0.227,2.0285,3.8194999999999997,-0.0135,299.583,0.206,2.0389999999999997,3.7755,-0.0095,299.51,0.222,2.1639999999999997,3.9859999999999998,-0.0115,299.426,0.235,2.333,4.2475000000000005,-0.0165,299.4,0.239,2.485,4.3865,-0.0195,299.455,0.245,2.5915,4.448,-0.0215,299.557,0.286,2.6,4.436,-0.0295,299.626,0.281,2.505,4.302,-0.027500000000000004,299.629,0.265,
2.448,4.4510000000000005,-0.018500000000000003,299.172,0.267,2.309,4.304,-0.014499999999999999,299.221,0.249,2.1565000000000003,4.014,-0.0125,299.311,0.231,2.0765000000000002,3.7504999999999997,-0.015,299.416,0.228,2.0975,3.6995,-0.015,299.498,0.228,2.1665,3.8535,-0.0105,299.551,0.237,2.2005,4.038,-0.006,299.601,0.235,2.1550000000000002,4.042,-0.010499999999999999,299.647,0.224,2.076,3.8739999999999997,-0.013000000000000001,299.653,0.232,2.073,3.7835,-0.011,299.6,0.198,2.1845,3.9325,-0.017,299.522,0.222,2.3445,4.1595,-0.0245,299.473,0.232,2.4909999999999997,4.3025,-0.027,299.49,0.242,2.5934999999999997,4.3870000000000005,-0.0335,299.574,0.25,2.6135,4.4295,-0.0445,299.66,0.288,2.5425,4.4045000000000005,-0.0405,299.691,0.272,
2.4734999999999996,4.386,-0.0095,299.201,0.264,2.375,4.3375,-0.009000000000000001,299.226,0.252,2.2355,4.1505,-0.012,299.306,0.236,2.138,3.9139999999999997,-0.016,299.428,0.236,2.134,3.7915,-0.014499999999999999,299.534,0.23,2.1975,3.867,-0.0075,299.599,0.236,2.2415000000000003,4.029,-0.0015,299.642,0.234,2.207,4.0845,-0.0035,299.68,0.224,2.1305,3.9690000000000003,-0.004,299.701,0.247,2.112,3.86,-0.003,299.671,0.242,2.208,3.924,-0.013000000000000001,299.603,0.248,2.37,4.091,-0.025,299.542,0.23,2.5095,4.211,-0.0305,299.531,0.24,2.5845000000000002,4.2620000000000005,-0.037500000000000006,299.583,0.247,2.5940000000000003,4.285,-0.041499999999999995,299.666,0.284,2.543,4.3405000000000005,-0.036500000000000005,299.726,0.269,
2.4745,4.269,-0.0015,299.249,0.255,2.428,4.3105,-0.002,299.254,0.254,2.325,4.2515,-0.0045000000000000005,299.318,0.245,2.2270000000000003,4.105,-0.0075,299.438,0.247,2.192,3.9610000000000003,-0.0085,299.555,0.239,2.2279999999999998,3.9405,-0.0035,299.633,0.241,2.274,4.034,0.0025,299.673,0.24,2.261,4.13,0.003,299.704,0.231,2.192,4.085,0.007,299.734,0.259,2.1479999999999997,3.982,0.008,299.727,0.248,2.2119999999999997,3.9655,-0.0035,299.676,0.249,2.3674999999999997,4.053,-0.0165,299.615,0.257,2.504,4.1385000000000005,-0.0245,299.584,0.246,2.552,4.1645,-0.0315,299.61,0.257,2.5389999999999997,4.116,-0.024,299.68,0.266,2.497,4.1465,-0.013,299.748,0.266,
2.4535,4.1205,0.0075,299.285,0.246,2.4530000000000003,4.2204999999999995,0.009,299.297,0.253,2.402,4.281499999999999,0.008,299.34,0.247,2.324,4.2524999999999995,0.0045000000000000005,299.443,0.245,2.267,4.135,0.0015,299.561,0.252,2.269,4.0375000000000005,0.0045000000000000005,299.654,0.251,2.308,4.051,0.0075,299.702,0.247,2.3185000000000002,4.1594999999999995,0.0095,299.732,0.243,2.2675,4.1845,0.0155,299.765,0.268,2.2045,4.1145,0.016,299.778,0.251,2.2279999999999998,4.058,0.006,299.746,0.237,2.366,4.072,-0.004999999999999999,299.688,0.253,2.5140000000000002,4.119,-0.0145,299.644,0.233,2.558,4.15,-0.018000000000000002,299.64,0.17,2.5134999999999996,4.05,-0.002,299.684,0.173,2.455,3.961,0.013000000000000001,299.752,0.272,
2.4044999999999996,3.9785000000000004,0.015,299.322,0.24,2.433,4.0794999999999995,0.017,299.343,0.246,2.441,4.2255,0.0175,299.371,0.25,2.4115,4.3085,0.013000000000000001,299.45,0.251,2.363,4.2595,0.0095,299.562,0.263,2.3375,4.130000000000001,0.009999999999999998,299.666,0.259,2.3505000000000003,4.068,0.013,299.731,0.253,2.365,4.1475,0.0175,299.768,0.265,2.3335,4.226,0.0235,299.8,0.275,2.271,4.2145,0.0225,299.824,0.269,2.2640000000000002,4.170999999999999,0.01,299.815,0.265,2.3659999999999997,4.1425,0.0,299.766,0.265,2.5095,4.1535,-0.0075,299.718,0.247,2.5730000000000004,4.1955,-0.003,299.682,0.162,2.523,4.1114999999999995,0.01,299.684,0.144,2.435,3.924,0.019,299.742,0.262,
2.3869999999999996,3.8810000000000002,0.0225,299.344,0.234,2.3985,3.914,0.023,299.385,0.238,2.44,4.089499999999999,0.023,299.407,0.248,2.4610000000000003,4.2524999999999995,0.017,299.46,0.251,2.4455,4.293,0.0125,299.562,0.269,2.4145,4.1865000000000006,0.012,299.67,0.267,2.3985,4.0735,0.018,299.751,0.257,2.3975,4.0969999999999995,0.027500000000000004,299.801,0.281,2.3810000000000002,4.2005,0.034,299.834,0.275,2.3415,4.2495,0.028,299.862,0.272,2.3285,4.2445,0.0165,299.866,0.185,2.3890000000000002,4.208,0.006999999999999999,299.83,0.176,2.501,4.2,0.003,299.785,0.18,2.5839999999999996,4.2475000000000005,0.006,299.733,0.164,2.564,4.223,0.0075,299.7,0.141,2.4604999999999997,4.0495,0.009999999999999998,299.723,0.147,
2.41,3.8964999999999996,0.041999999999999996,299.338,0.242,2.371,3.8075,0.04,299.426,0.246,2.41,3.9419999999999997,0.037,299.454,0.256,2.4595000000000002,4.1315,0.028999999999999998,299.48,0.251,2.4795,4.250500000000001,0.023,299.559,0.256,2.4645,4.213,0.022,299.668,0.272,2.4400000000000004,4.099,0.0305,299.762,0.266,2.425,4.065,0.0415,299.826,0.268,2.408,4.1555,0.043,299.862,0.265,2.383,4.232,0.036,299.895,0.284,2.3760000000000003,4.2545,0.030000000000000002,299.896,0.176,2.4135,4.23,0.025500000000000002,299.866,0.156,2.49,4.223000000000001,0.022,299.825,0.152,2.568,4.2844999999999995,0.0165,299.78,0.157,2.5875,4.32,0.011,299.736,0.153,2.513,4.2445,0.006999999999999999,299.722,0.138,
2.5195,4.092,0.0605,299.287,0.242,2.418,3.8575,0.063,299.442,0.242,2.4165,3.878,0.0535,299.504,0.238,2.456,4.034000000000001,0.044,299.518,0.246,2.491,4.193,0.037,299.567,0.252,2.4985,4.247,0.039,299.666,0.271,2.4850000000000003,4.1875,0.0465,299.767,0.272,2.4655,4.1129999999999995,0.0495,299.842,0.26,2.4370000000000003,4.151,0.043,299.882,0.264,2.4015,4.2095,0.038,299.921,0.287,2.3810000000000002,4.231,0.037,299.919,0.283,2.4000000000000004,4.2175,0.0375,299.884,0.266,2.464,4.2195,0.0345,299.844,0.263,2.554,4.308,0.0285,299.814,0.145,2.6265,4.390499999999999,0.020999999999999998,299.781,0.143,2.6165,4.404999999999999,0.010499999999999999,299.753,0.138,
2.698,4.356999999999999,0.0395,299.247,0.143,2.536,4.011,0.05,299.432,0.274,2.4755000000000003,3.8715,0.040999999999999995,299.549,0.255,2.482,3.9530000000000003,0.0355,299.574,0.258,2.517,4.1215,0.0335,299.597,0.265,2.549,4.257,0.036,299.676,0.271,2.552,4.2695,0.0345,299.777,0.276,2.5255,4.1805,0.026000000000000002,299.858,0.269,2.487,4.157,0.018,299.902,0.284,2.4459999999999997,4.177,0.018000000000000002,299.942,0.296,2.4105,4.175000000000001,0.023,299.952,0.292,2.401,4.1505,0.026000000000000002,299.92,0.261,2.438,4.1525,0.024,299.88,0.254,2.5225,4.2695,0.016,299.842,0.269,2.623,4.395,0.009999999999999998,299.812,0.27,2.67,4.455,0.006,299.779,0.27,
2.8594999999999997,4.4415,-0.009,299.204,0.126,2.6310000000000002,4.101,0.004,299.354,0.261,2.5065,3.8280000000000003,0.0075,299.538,0.255,2.4915,3.811,0.0105,299.616,0.262,2.535,3.9755000000000003,0.013,299.636,0.267,2.5775,4.1505,0.011000000000000001,299.691,0.274,2.577,4.2059999999999995,-0.001,299.783,0.281,2.5445,4.13,-0.0115,299.872,0.276,2.514,4.0845,-0.014,299.923,0.285,2.4829999999999997,4.0845,-0.01,299.96,0.293,2.434,4.056,-0.001,299.982,0.296,2.3905,3.9930000000000003,0.0035,299.963,0.279,2.402,3.9684999999999997,0.0019999999999999996,299.925,0.258,2.4764999999999997,4.098,-0.0075,299.88,0.256,2.5774999999999997,4.276,-0.010499999999999999,299.843,0.262,2.6630000000000003,4.3795,-0.0005,299.812,0.27,
2.8945,4.2684999999999995,-0.0245,299.08,0.247,2.6715,4.0649999999999995,-0.014499999999999999,299.215,0.27,2.515,3.7565,-0.0075,299.457,0.276,2.4825,3.6180000000000003,-0.002,299.621,0.263,2.5265000000000004,3.732,-0.0015,299.674,0.264,2.5545,3.902,-0.0085,299.711,0.274,2.5324999999999998,3.9845,-0.017,299.782,0.278,2.503,3.953,-0.018,299.874,0.278,2.5025,3.934,-0.0165,299.941,0.272,2.498,3.9375,-0.0165,299.978,0.291,2.4415,3.8935000000000004,-0.0115,300.006,0.295,2.3615,3.7935,-0.0055,300.003,0.285,2.3435,3.7245,-0.004,299.974,0.272,2.412,3.8289999999999997,-0.01,299.927,0.242,2.5140000000000002,4.0525,-0.0115,299.88,0.263,2.613,4.2195,0.0005,299.855,0.277,
2.8964999999999996,3.9505,-0.001,299.009,0.253,2.7359999999999998,3.921,-0.0019999999999999996,299.101,0.28,2.5655,3.681,-0.004999999999999999,299.341,0.273,2.4795,3.434,-0.001,299.577,0.254,2.484,3.4219999999999997,-0.0019999999999999996,299.694,0.256,2.4975,3.5629999999999997,-0.009000000000000001,299.736,0.264,2.483,3.7030000000000003,-0.01,299.787,0.269,2.4755000000000003,3.748,-0.0045000000000000005,299.872,0.27,2.495,3.7655000000000003,-0.003,299.953,0.265,2.502,3.768,-0.0085,299.999,0.28,2.4495,3.725,-0.01,300.028,0.287,2.3615,3.6260000000000003,-0.006,300.037,0.278,2.3275,3.5275,-0.002,300.02,0.266,2.3920000000000003,3.565,-0.0035,299.982,0.26,2.5015,3.777,-0.008,299.931,0.255,2.5965,3.9855,-0.006500000000000001,299.902,0.262,
2.8835,3.772,0.0225,299.025,0.276,2.7905,3.822,0.004000000000000001,299.046,0.272,2.6235,3.638,-0.006,299.231,0.266,2.4715,3.349,0.0,299.485,0.248,2.4145,3.256,0.0045000000000000005,299.67,0.242,2.4275,3.379,0.0,299.752,0.25,2.452,3.56,-0.0055,299.801,0.258,2.471,3.65,-0.0055,299.871,0.258,2.4875,3.682,-0.0055,299.956,0.251,2.4875,3.679,-0.01,300.017,0.281,2.449,3.641,-0.015,300.05,0.276,2.3825000000000003,3.555,-0.016,300.066,0.269,2.349,3.45,-0.013999999999999999,300.061,0.258,2.3994999999999997,3.445,-0.013000000000000001,300.035,0.253,2.4939999999999998,3.63,-0.021,299.988,0.248,2.5555000000000003,3.846,-0.029,299.95,0.256,
3.7195,6.4625,-0.040499999999999994,300.114,0.184,3.6205,6.3025,-0.020499999999999997,300.039,0.201,3.572,6.0835,0.0005,299.983,0.209,3.605,6.05,0.0005,300.0,0.21,3.6605,6.2125,-0.017,300.068,0.192,3.6565000000000003,6.326499999999999,-0.034,300.098,0.184,3.581,6.2905,-0.033,300.073,0.188,3.495,6.146,-0.013000000000000001,300.018,0.191,3.466,6.01,0.007,299.955,0.19,3.524,6.029,0.014499999999999999,299.913,0.185,3.6585,6.2425,0.0105,299.942,0.177,3.8185000000000002,6.513,-0.0025,300.051,0.159,3.9335,6.666,-0.014,300.155,0.18,3.9619999999999997,6.625,-0.0225,300.184,0.202,3.9165,6.4295,-0.0145,300.136,0.24,3.8655,6.129,0.0,300.042,0.235,
3.76,6.4705,-0.043,300.143,0.176,3.6285,6.346500000000001,-0.024,300.064,0.184,3.523,6.0809999999999995,-0.0015,299.981,0.208,3.5195,5.920999999999999,0.005,299.96,0.211,3.5835,6.0035,-0.0085,300.012,0.209,3.6145,6.156499999999999,-0.026000000000000002,300.063,0.191,3.5694999999999997,6.218,-0.027,300.069,0.188,3.4895,6.1285,-0.015,300.034,0.204,3.4455,5.9495000000000005,-0.004,299.974,0.205,3.4855,5.8835,0.0015,299.918,0.204,3.6094999999999997,6.0649999999999995,-0.0005,299.925,0.183,3.77,6.368,-0.01,300.014,0.167,3.903,6.601,-0.0205,300.121,0.171,3.959,6.65,-0.025,300.18,0.24,3.9145000000000003,6.5335,-0.026500000000000003,300.166,0.244,3.823,6.2325,-0.021,300.069,0.24,
3.7969999999999997,6.445,-0.0345,300.159,0.181,3.65,6.383,-0.0205,300.09,0.179,3.501,6.147,-0.007,299.999,0.204,3.448,5.9,-0.0055,299.946,0.212,3.5,5.855,-0.014,299.966,0.215,3.572,5.9925,-0.019000000000000003,300.025,0.209,3.5810000000000004,6.1465,-0.0175,300.072,0.19,3.518,6.141,-0.016,300.065,0.199,3.4505,5.9435,-0.014499999999999999,300.008,0.192,3.4610000000000003,5.7940000000000005,-0.01,299.939,0.206,3.5685000000000002,5.907,-0.0135,299.921,0.2,3.7275,6.199999999999999,-0.0215,299.977,0.175,3.884,6.498,-0.0275,300.079,0.161,3.9850000000000003,6.6495,-0.0335,300.174,0.237,3.9735,6.6274999999999995,-0.044,300.212,0.246,3.871,6.4015,-0.042,300.147,0.243,
3.838,6.412,-0.0205,300.164,0.184,3.7024999999999997,6.4075,-0.013000000000000001,300.116,0.174,3.5309999999999997,6.2490000000000006,-0.0125,300.034,0.192,3.424,5.9825,-0.020499999999999997,299.962,0.213,3.439,5.8235,-0.0235,299.947,0.219,3.5285,5.887499999999999,-0.0175,299.995,0.217,3.584,6.0665,-0.009000000000000001,300.066,0.203,3.5465,6.1385000000000005,-0.012,300.087,0.196,3.471,5.965,-0.014499999999999999,300.039,0.233,3.458,5.765000000000001,-0.0135,299.967,0.191,3.5425000000000004,5.787000000000001,-0.0225,299.93,0.2,3.691,6.0235,-0.0325,299.949,0.184,3.8575,6.341,-0.035500000000000004,300.03,0.167,3.9865000000000004,6.559,-0.044,300.142,0.185,4.013,6.6055,-0.056999999999999995,300.224,0.248,3.931,6.4935,-0.053,300.215,0.244,
3.8855000000000004,6.390499999999999,-0.010499999999999999,300.169,0.181,3.774,6.417999999999999,-0.007,300.141,0.165,3.6035,6.343,-0.012,300.075,0.178,3.463,6.1215,-0.0225,300.001,0.212,3.431,5.9055,-0.025,299.965,0.221,3.496,5.868,-0.016,299.99,0.222,3.5605,5.9895,-0.0045000000000000005,300.049,0.211,3.544,6.1,-0.0035,300.081,0.2,3.476,5.987,-0.0035,300.051,0.247,3.4509999999999996,5.779999999999999,-0.0045000000000000005,299.992,0.246,3.5175,5.7195,-0.0195,299.949,0.237,3.6525,5.8705,-0.035,299.943,0.197,3.8045,6.1495,-0.03949999999999999,299.989,0.183,3.9255,6.375,-0.044,300.077,0.186,3.9764999999999997,6.4405,-0.047,300.173,0.249,3.9385,6.417999999999999,-0.039,300.229,0.248,
3.9225000000000003,6.3705,-0.0005,300.172,0.173,3.8405,6.4085,0.0015,300.158,0.162,3.6925,6.4015,-0.0015,300.109,0.171,3.5415,6.264,-0.010499999999999999,300.043,0.206,3.4625,6.0485,-0.0155,300.0,0.222,3.4764999999999997,5.9190000000000005,-0.01,300.003,0.228,3.524,5.942,-0.0005,300.036,0.221,3.525,6.042,0.0045000000000000005,300.061,0.213,3.4745,5.9995,0.01,300.05,0.254,3.444,5.8275,0.0085,300.014,0.25,3.493,5.7185,-0.009,299.984,0.245,3.6125,5.7780000000000005,-0.0275,299.971,0.237,3.7405,5.9785,-0.0345,299.979,0.202,3.8295000000000003,6.173,-0.035,300.02,0.207,3.875,6.2145,-0.0215,300.095,0.227,3.8715,6.198,-0.003,300.182,0.25,
3.9375,6.333,0.0125,300.162,0.171,3.8925,6.3759999999999994,0.016,300.161,0.172,3.7835,6.416,0.015,300.13,0.159,3.6390000000000002,6.3715,0.0075,300.076,0.187,3.5225,6.198,0.0005,300.033,0.223,3.485,6.0105,0.0025,300.026,0.235,3.5075,5.9365000000000006,0.007,300.041,0.23,3.5214999999999996,5.9855,0.013,300.058,0.233,3.492,5.996,0.020999999999999998,300.056,0.259,3.46,5.8885,0.019000000000000003,300.046,0.249,3.4924999999999997,5.778499999999999,0.0025,300.038,0.238,3.599,5.766,-0.016,300.029,0.242,3.71,5.8755,-0.025,300.012,0.203,3.7584999999999997,6.025,-0.02,300.009,0.174,3.759,6.039,0.004999999999999999,300.038,0.187,3.752,5.9545,0.0295,300.103,0.264,
3.9265,6.2635000000000005,0.025,300.138,0.179,3.918,6.3095,0.028,300.147,0.177,3.859,6.3765,0.0285,300.134,0.166,3.7435,6.4145,0.020999999999999998,300.1,0.176,3.613,6.314,0.014,300.068,0.218,3.5324999999999998,6.111,0.013,300.058,0.236,3.5205,5.9559999999999995,0.017,300.065,0.236,3.532,5.9295,0.025,300.074,0.26,3.5185,5.9635,0.033,300.08,0.264,3.4935,5.9305,0.0295,300.089,0.265,3.516,5.859,0.01,300.103,0.259,3.6065,5.810499999999999,-0.0085,300.1,0.253,3.7030000000000003,5.8420000000000005,-0.016,300.074,0.22,3.7265,5.9425,-0.005,300.041,0.167,3.678,5.957,0.017,300.018,0.161,3.627,5.8165,0.033,300.04,0.259,
3.912,6.1655,0.0365,300.111,0.181,3.9219999999999997,6.201499999999999,0.0375,300.122,0.185,3.908,6.2755,0.037,300.125,0.18,3.8335,6.3715,0.0295,300.115,0.168,3.7104999999999997,6.3655,0.0215,300.1,0.209,3.6005,6.1915,0.019,300.089,0.236,3.5495,5.98,0.0265,300.087,0.24,3.5435,5.8705,0.0405,300.095,0.273,3.5404999999999998,5.8945,0.0485,300.11,0.265,3.534,5.9185,0.0405,300.132,0.262,3.5595,5.8975,0.0215,300.16,0.196,3.6319999999999997,5.846,0.004,300.168,0.185,3.709,5.833,-0.0015,300.143,0.184,3.7255000000000003,5.895,0.005,300.092,0.168,3.6544999999999996,5.931,0.011,300.039,0.152,3.5465,5.8125,0.016,300.02,0.167,
3.876,6.1065000000000005,0.06,300.072,0.195,3.8834999999999997,6.109500000000001,0.059500000000000004,300.084,0.208,3.902,6.1635,0.0545,300.098,0.207,3.8735,6.2755,0.045,300.111,0.184,3.782,6.3565000000000005,0.036,300.118,0.191,3.6654999999999998,6.254,0.032,300.111,0.231,3.5795,6.029999999999999,0.043,300.101,0.246,3.5425,5.8454999999999995,0.058,300.107,0.268,3.5305,5.8175,0.0615,300.129,0.262,3.53,5.8515,0.0525,300.157,0.275,3.5599999999999996,5.8645,0.04,300.181,0.189,3.6265,5.833,0.028999999999999998,300.189,0.17,3.6965,5.8149999999999995,0.023,300.176,0.163,3.7215,5.864,0.017,300.138,0.162,3.6675,5.925000000000001,0.011,300.084,0.157,3.544,5.8845,0.006500000000000001,300.045,0.151,
3.8945,6.167,0.08099999999999999,300.063,0.206,3.878,6.114000000000001,0.08549999999999999,300.072,0.206,3.8979999999999997,6.1135,0.07400000000000001,300.091,0.202,3.896,6.1925,0.063,300.11,0.195,3.8425000000000002,6.3185,0.054,300.132,0.186,3.7435,6.3149999999999995,0.0525,300.134,0.222,3.638,6.135999999999999,0.0605,300.122,0.247,3.559,5.9,0.0655,300.12,0.248,3.51,5.781499999999999,0.061,300.139,0.263,3.492,5.7695,0.055,300.164,0.283,3.516,5.784000000000001,0.051000000000000004,300.177,0.274,3.5805,5.78,0.0475,300.182,0.256,3.66,5.785,0.041499999999999995,300.185,0.249,3.718,5.848,0.031,300.179,0.154,3.7185,5.932,0.019,300.145,0.148,3.633,5.9605,0.0085,300.102,0.144,
4.008,6.2725,0.0565,300.131,0.131,3.9405,6.1685,0.0685,300.109,0.24,3.9265,6.093500000000001,0.06,300.114,0.222,3.9245,6.109999999999999,0.053,300.127,0.218,3.904,6.2385,0.05,300.148,0.206,3.8440000000000003,6.330500000000001,0.051,300.164,0.213,3.7415000000000003,6.233499999999999,0.0475,300.165,0.239,3.6225,5.9775,0.0385,300.16,0.252,3.526,5.7675,0.0305,300.164,0.276,3.4805,5.683,0.031,300.173,0.287,3.4935,5.6665,0.037,300.179,0.285,3.5515,5.6695,0.0405,300.185,0.261,3.6310000000000002,5.698,0.035,300.202,0.246,3.7075,5.7925,0.020499999999999997,300.22,0.249,3.75,5.906499999999999,0.009,300.205,0.242,3.714,5.976,0.0055,300.159,0.238,
4.092499999999999,6.2455,0.004,300.178,0.116,3.96,6.1435,0.016,300.125,0.223,3.9025,6.0175,0.0195,300.11,0.224,3.904,5.965,0.0225,300.122,0.234,3.9219999999999997,6.067,0.026000000000000002,300.144,0.223,3.899,6.211,0.0245,300.171,0.216,3.7995,6.1925,0.0105,300.183,0.236,3.6565000000000003,5.9585,-0.003,300.181,0.253,3.535,5.707000000000001,-0.008,300.18,0.279,3.4690000000000003,5.567,-0.0025,300.18,0.285,3.4575,5.5009999999999994,0.011000000000000001,300.18,0.29,3.4935,5.466,0.0195,300.182,0.272,3.5695,5.4864999999999995,0.014499999999999999,300.203,0.255,3.6625,5.612,-0.001,300.232,0.244,3.7355,5.7775,-0.009000000000000001,300.24,0.24,3.749,5.8975,0.003,300.207,0.242,
4.0915,6.059,-0.009,300.115,0.178,3.9245,6.015000000000001,-0.0014999999999999996,300.078,0.226,3.8285,5.8919999999999995,0.0025,300.066,0.253,3.8255,5.771000000000001,0.0075,300.081,0.245,3.8655,5.8025,0.0095,300.114,0.239,3.8575,5.933,0.0045,300.141,0.233,3.7595,5.9795,-0.0045,300.154,0.24,3.6235,5.8260000000000005,-0.009000000000000001,300.161,0.257,3.5185,5.601,-0.0115,300.173,0.27,3.45,5.436,-0.011,300.182,0.286,3.399,5.318,-0.0005,300.182,0.288,3.3865,5.215,0.010499999999999999,300.176,0.284,3.4475,5.186,0.01,300.185,0.271,3.564,5.312,-0.0015,300.214,0.235,3.676,5.5344999999999995,-0.006,300.237,0.246,3.739,5.726,0.0085,300.231,0.251,
4.101,5.8095,0.023,300.047,0.195,3.9370000000000003,5.827,0.019,300.029,0.231,3.798,5.749499999999999,0.01,300.027,0.242,3.7435,5.58,0.0115,300.04,0.239,3.7584999999999997,5.4945,0.011000000000000001,300.072,0.247,3.7575000000000003,5.5585,0.0055,300.096,0.247,3.692,5.6655,0.004999999999999999,300.111,0.247,3.5975,5.639,0.0085,300.131,0.257,3.52,5.483499999999999,0.006500000000000001,300.164,0.261,3.449,5.3085,-0.0005,300.189,0.278,3.3635,5.151,0.001,300.194,0.285,3.303,4.9935,0.0085,300.183,0.283,3.3375000000000004,4.898,0.011,300.178,0.274,3.468,4.971,0.006,300.196,0.261,3.617,5.2044999999999995,0.001,300.224,0.244,3.715,5.446,0.004999999999999999,300.235,0.244,
4.1305,5.68,0.057999999999999996,300.01,0.217,3.976,5.721,0.033,299.981,0.2,3.796,5.673,0.0155,299.981,0.213,3.6645,5.489,0.017,299.994,0.23,3.6239999999999997,5.337,0.022,300.017,0.245,3.6325,5.358,0.017499999999999998,300.043,0.252,3.6239999999999997,5.494,0.011,300.069,0.252,3.5789999999999997,5.538,0.008,300.104,0.252,3.5164999999999997,5.423,0.0055,300.149,0.249,3.4405,5.244,0.0005,300.191,0.282,3.343,5.072,-0.004,300.207,0.28,3.2585,4.896,-0.004999999999999999,300.2,0.276,3.26,4.768,-0.005,300.187,0.269,3.3724999999999996,4.8,-0.006500000000000001,300.188,0.262,3.524,5.02,-0.013000000000000001,300.205,0.246,3.6255,5.274,-0.017,300.216,0.247,
4.8795,7.654,-0.0455,300.948,0.153,4.8225,7.556,-0.0225,300.877,0.169,4.803,7.4605,0.0025,300.827,0.178,4.83,7.454000000000001,0.0045000000000000005,300.852,0.178,4.868,7.535500000000001,-0.014499999999999999,300.919,0.162,4.861,7.587,-0.034,300.941,0.155,4.7905,7.562,-0.0325,300.901,0.158,4.6925,7.4879999999999995,-0.009000000000000001,300.835,0.162,4.631,7.402,0.013999999999999999,300.769,0.162,4.658,7.3805,0.0235,300.733,0.156,4.7775,7.4795,0.016,300.765,0.148,4.939,7.66,-0.003,300.861,0.105,5.0675,7.811,-0.02,300.958,0.15,5.109999999999999,7.8685,-0.0305,301.007,0.173,5.072,7.7995,-0.0195,300.969,0.201,5.0255,7.5905000000000005,0.0005,300.856,0.199,
4.910500000000001,7.6645,-0.047,300.984,0.146,4.83,7.575,-0.0245,300.906,0.155,4.77,7.451,0.001,300.825,0.177,4.771,7.377000000000001,0.0075,300.806,0.181,4.811,7.4055,-0.008,300.855,0.178,4.827,7.4655000000000005,-0.0265,300.896,0.161,4.784,7.4885,-0.027,300.889,0.158,4.7005,7.4510000000000005,-0.013,300.842,0.173,4.6295,7.353,0.0,300.77,0.175,4.630000000000001,7.29,0.0075,300.715,0.174,4.725,7.3685,0.004,300.733,0.154,4.878,7.556,-0.011,300.824,0.14,5.024,7.744,-0.027,300.925,0.144,5.1005,7.859,-0.0345,300.992,0.197,5.072,7.861,-0.036000000000000004,300.99,0.203,4.99,7.681,-0.028,300.879,0.203,
4.9275,7.647,-0.036,300.995,0.149,4.8435,7.591,-0.019,300.932,0.15,4.7555,7.481,-0.005,300.85,0.174,4.721,7.367,-0.007,300.794,0.183,4.7475000000000005,7.3255,-0.0175,300.798,0.185,4.7865,7.3665,-0.023,300.839,0.177,4.7829999999999995,7.4254999999999995,-0.019,300.873,0.161,4.7215,7.426,-0.016,300.859,0.168,4.6455,7.3260000000000005,-0.0135,300.786,0.166,4.625500000000001,7.230499999999999,-0.008,300.712,0.177,4.6955,7.2780000000000005,-0.012,300.714,0.17,4.8335,7.4475,-0.024,300.787,0.147,4.992,7.656000000000001,-0.034,300.888,0.139,5.1075,7.825,-0.0435,300.979,0.194,5.114,7.899,-0.055999999999999994,301.022,0.203,5.0285,7.8015,-0.053500000000000006,300.954,0.204,
4.9399999999999995,7.617,-0.0215,300.987,0.149,4.8695,7.599,-0.011,300.95,0.145,4.7705,7.5225,-0.011,300.888,0.164,4.7035,7.4079999999999995,-0.0245,300.818,0.183,4.7044999999999995,7.3225,-0.0315,300.777,0.189,4.75,7.3309999999999995,-0.024,300.799,0.186,4.7765,7.391500000000001,-0.012,300.853,0.172,4.7415,7.4125,-0.0125,300.871,0.167,4.675,7.326499999999999,-0.015,300.809,0.201,4.646,7.217499999999999,-0.0135,300.727,0.168,4.6899999999999995,7.221,-0.0235,300.707,0.173,4.8035,7.346,-0.036500000000000005,300.752,0.156,4.9595,7.54,-0.040999999999999995,300.843,0.143,5.0969999999999995,7.7285,-0.052500000000000005,300.948,0.162,5.1415,7.848,-0.067,301.025,0.204,5.0805,7.851,-0.0625,301.02,0.204,
4.9605,7.593,-0.0115,300.981,0.148,4.9025,7.601,-0.005,300.962,0.134,4.808,7.556,-0.009999999999999998,300.921,0.15,4.7285,7.468,-0.026000000000000002,300.859,0.181,4.705500000000001,7.382,-0.033,300.8,0.191,4.734,7.3645,-0.024,300.798,0.192,4.7645,7.399,-0.0085,300.843,0.181,4.750500000000001,7.4185,-0.004,300.869,0.172,4.702999999999999,7.355,-0.003,300.827,0.209,4.672499999999999,7.249499999999999,-0.005,300.75,0.21,4.694,7.207,-0.0225,300.71,0.202,4.776,7.2705,-0.040999999999999995,300.729,0.169,4.903499999999999,7.4135,-0.045,300.794,0.155,5.034,7.576499999999999,-0.049,300.881,0.16,5.109500000000001,7.702,-0.051500000000000004,300.967,0.205,5.0945,7.7755,-0.04,301.025,0.208,
4.989000000000001,7.58,-0.0015,300.987,0.143,4.9415,7.604,0.0035,300.977,0.13,4.862,7.5825,0.0025,300.948,0.143,4.786,7.525499999999999,-0.009999999999999998,300.898,0.174,4.744,7.4635,-0.019,300.845,0.191,4.743,7.438000000000001,-0.0155,300.829,0.198,4.7605,7.445,-0.0045000000000000005,300.851,0.191,4.7605,7.4485,0.005,300.87,0.184,4.731999999999999,7.4030000000000005,0.012,300.842,0.214,4.699999999999999,7.311,0.0095,300.779,0.214,4.7010000000000005,7.239,-0.0125,300.732,0.211,4.753,7.2415,-0.0345,300.73,0.202,4.8420000000000005,7.3155,-0.04,300.761,0.171,4.941000000000001,7.423500000000001,-0.036,300.81,0.174,5.022,7.519,-0.019,300.879,0.19,5.0475,7.5995,0.006,300.965,0.214,
5.02,7.5715,0.014499999999999999,301.0,0.143,4.9830000000000005,7.611000000000001,0.02,300.996,0.143,4.9235,7.6065000000000005,0.0215,300.969,0.133,4.8575,7.5715,0.0125,300.924,0.156,4.8035,7.535,0.0025,300.885,0.189,4.7780000000000005,7.5155,0.0015,300.874,0.202,4.7795000000000005,7.5055,0.006,300.88,0.199,4.7835,7.4864999999999995,0.015,300.882,0.204,4.766,7.4465,0.025,300.858,0.219,4.733499999999999,7.374499999999999,0.022,300.814,0.213,4.7219999999999995,7.3035,0.0,300.777,0.207,4.7545,7.2665,-0.0235,300.763,0.208,4.811,7.277,-0.0305,300.766,0.175,4.862,7.3215,-0.018000000000000002,300.78,0.152,4.9065,7.3705,0.0125,300.807,0.162,4.9399999999999995,7.404999999999999,0.044,300.864,0.223,
5.047499999999999,7.547000000000001,0.031,301.011,0.15,5.0225,7.6035,0.036000000000000004,301.017,0.148,4.981999999999999,7.616,0.038000000000000006,300.988,0.138,4.93,7.598000000000001,0.0295,300.944,0.146,4.874499999999999,7.5809999999999995,0.02,300.92,0.183,4.833,7.568,0.017,300.919,0.202,4.814,7.5440000000000005,0.020999999999999998,300.918,0.204,4.807,7.5015,0.032,300.9,0.227,4.7915,7.4595,0.041499999999999995,300.872,0.224,4.765499999999999,7.414,0.035500000000000004,300.848,0.227,4.756,7.368,0.010499999999999999,300.835,0.224,4.779999999999999,7.32,-0.0135,300.823,0.219,4.8134999999999994,7.2895,-0.02,300.807,0.19,4.8235,7.284000000000001,-0.002,300.792,0.148,4.8135,7.292999999999999,0.026,300.779,0.144,4.8095,7.2755,0.047,300.783,0.221,
5.0705,7.4895,0.047,301.01,0.152,5.0525,7.557,0.0495,301.028,0.155,5.0255,7.5895,0.0495,301.003,0.149,4.987,7.5925,0.040999999999999995,300.962,0.139,4.936,7.593,0.0305,300.948,0.174,4.883,7.58,0.0265,300.952,0.199,4.843,7.5395,0.036000000000000004,300.941,0.207,4.82,7.478,0.053,300.91,0.236,4.8035,7.4365000000000006,0.062,300.884,0.227,4.791,7.414,0.051500000000000004,300.879,0.224,4.795,7.394,0.026000000000000002,300.891,0.175,4.8175,7.353,0.003,300.886,0.167,4.8365,7.3125,-0.003,300.862,0.165,4.8245000000000005,7.288,0.0075,300.829,0.15,4.776,7.2735,0.0185,300.794,0.138,4.7155000000000005,7.2365,0.025500000000000002,300.764,0.151,
5.066,7.4395,0.07400000000000001,300.977,0.168,5.0555,7.500500000000001,0.07550000000000001,301.005,0.174,5.041,7.546,0.07,300.997,0.172,5.013,7.568,0.059,300.969,0.151,4.968500000000001,7.5845,0.0475,300.963,0.158,4.9105,7.57,0.043,300.964,0.194,4.853999999999999,7.519,0.057,300.941,0.211,4.813,7.448,0.07550000000000001,300.905,0.237,4.7875,7.4055,0.07949999999999999,300.887,0.228,4.779,7.3865,0.0675,300.897,0.238,4.795,7.3740000000000006,0.049,300.913,0.171,4.827999999999999,7.3475,0.0325,300.909,0.156,4.85,7.324,0.025,300.89,0.15,4.836,7.3105,0.019999999999999997,300.864,0.147,4.781499999999999,7.291,0.015,300.831,0.142,4.698,7.2615,0.01,300.793,0.139,
5.0809999999999995,7.464499999999999,0.0975,300.961,0.174,5.0760000000000005,7.4955,0.10300000000000001,300.995,0.174,5.067,7.5335,0.091,301.003,0.169,5.039,7.5605,0.07949999999999999,300.988,0.162,4.997999999999999,7.583,0.069,300.982,0.154,4.946,7.575,0.066,300.975,0.185,4.8865,7.529999999999999,0.07650000000000001,300.946,0.21,4.8255,7.4565,0.08399999999999999,300.912,0.217,4.7715,7.3995,0.07999999999999999,300.902,0.232,4.7435,7.359999999999999,0.07150000000000001,300.907,0.248,4.7575,7.333,0.063,300.904,0.239,4.803,7.3195,0.055499999999999994,300.893,0.225,4.843,7.324,0.048,300.89,0.218,4.8495,7.3375,0.035,300.895,0.143,4.8215,7.3285,0.020499999999999997,300.881,0.136,4.757,7.307,0.009999999999999998,300.847,0.134,
5.1645,7.5195,0.07150000000000001,301.009,0.12,5.145,7.512499999999999,0.08299999999999999,301.027,0.2,5.1259999999999994,7.529,0.07500000000000001,301.042,0.187,5.0885,7.5504999999999995,0.0685,301.036,0.182,5.047499999999999,7.574,0.0655,301.02,0.171,5.011,7.5785,0.0655,301.003,0.177,4.96,7.5465,0.0615,300.979,0.201,4.8805,7.469,0.053,300.953,0.22,4.7925,7.3875,0.0455,300.941,0.242,4.737500000000001,7.3195,0.045,300.926,0.252,4.742,7.266500000000001,0.0495,300.9,0.251,4.789,7.2505,0.051500000000000004,300.885,0.233,4.836,7.272,0.0435,300.899,0.218,4.856,7.314,0.026000000000000002,300.925,0.218,4.8485,7.329000000000001,0.011,300.926,0.209,4.811,7.319,0.0075,300.891,0.203,
5.217499999999999,7.474,0.0175,301.034,0.109,5.1665,7.4505,0.0275,301.026,0.189,5.139,7.4559999999999995,0.030000000000000002,301.043,0.19,5.1080000000000005,7.4755,0.033,301.054,0.197,5.077999999999999,7.504,0.039,301.042,0.186,5.051,7.515000000000001,0.0385,301.019,0.179,4.997999999999999,7.484500000000001,0.023,300.996,0.197,4.904,7.402,0.007,300.974,0.218,4.797000000000001,7.307,0.001,300.957,0.244,4.722,7.2219999999999995,0.007,300.927,0.252,4.7045,7.144,0.022,300.882,0.257,4.734,7.0985,0.0315,300.859,0.239,4.779,7.1065000000000005,0.0245,300.879,0.228,4.814,7.169,0.0055,300.918,0.215,4.8305,7.227,-0.0055,300.934,0.209,4.827,7.259,0.008,300.912,0.208,
5.186999999999999,7.3065,0.008,300.973,0.141,5.1185,7.294499999999999,0.013999999999999999,300.964,0.191,5.0885,7.3065,0.0135,300.988,0.213,5.073,7.325,0.017,301.018,0.209,5.054,7.35,0.020999999999999998,301.027,0.202,5.0169999999999995,7.3555,0.018000000000000002,300.997,0.194,4.9495000000000005,7.3265,0.0085,300.958,0.2,4.8575,7.257,0.0015,300.936,0.218,4.763999999999999,7.169499999999999,-0.0035,300.925,0.24,4.685499999999999,7.079000000000001,-0.003,300.898,0.254,4.6325,6.980499999999999,0.0105,300.847,0.248,4.619,6.8870000000000005,0.024,300.81,0.248,4.6525,6.852,0.0225,300.815,0.237,4.7135,6.917999999999999,0.0075,300.855,0.203,4.772,7.028499999999999,0.001,300.889,0.216,4.814,7.125,0.017499999999999998,300.903,0.217,
5.163,7.093500000000001,0.048,300.912,0.163,5.087,7.098,0.042499999999999996,300.9,0.194,5.042,7.115,0.027999999999999997,300.926,0.205,5.016,7.126,0.0245,300.962,0.205,4.9885,7.1295,0.024,300.98,0.212,4.941,7.125,0.0205,300.952,0.209,4.8755,7.119,0.021,300.908,0.208,4.8075,7.09,0.023,300.888,0.218,4.741,7.0215,0.018000000000000002,300.885,0.231,4.662,6.926,0.01,300.867,0.244,4.5715,6.81,0.0135,300.825,0.251,4.5105,6.675,0.0235,300.777,0.254,4.5280000000000005,6.5895,0.025,300.757,0.247,4.6165,6.632,0.016,300.782,0.233,4.717499999999999,6.7705,0.011,300.832,0.213,4.789,6.908,0.017,300.878,0.214,
5.166,6.985,0.0915,300.874,0.184,5.0715,6.995,0.0635,300.846,0.169,4.9895,7.011,0.04,300.854,0.181,4.929,7.017,0.0355,300.883,0.198,4.885,7.006,0.0385,300.898,0.214,4.8445,6.997,0.034499999999999996,300.885,0.218,4.804,7.009,0.028499999999999998,300.86,0.216,4.7645,7.006,0.024,300.847,0.216,4.718,6.948,0.018500000000000003,300.841,0.219,4.6419999999999995,6.849,0.012,300.832,0.24,4.532500000000001,6.725,0.0085,300.808,0.249,4.441000000000001,6.574,0.008,300.762,0.251,4.4375,6.465,0.006,300.723,0.249,4.5275,6.488,0.0005,300.726,0.241,4.640000000000001,6.629,-0.0055,300.774,0.222,4.712,6.775,-0.006,300.827,0.218,
5.532,8.468499999999999,-0.0475,301.484,0.118,5.482,8.382000000000001,-0.0225,301.427,0.124,5.4705,8.3235,0.004,301.396,0.127,5.496,8.341999999999999,0.006500000000000001,301.428,0.127,5.5205,8.41,-0.0125,301.487,0.122,5.502,8.437999999999999,-0.0315,301.504,0.119,5.435499999999999,8.410499999999999,-0.028499999999999998,301.472,0.12,5.355,8.367,-0.0025,301.425,0.122,5.306,8.332,0.0225,301.385,0.121,5.323,8.336500000000001,0.0315,301.369,0.119,5.4079999999999995,8.409,0.019,301.399,0.116,5.5255,8.532499999999999,-0.0055,301.476,0.1,5.626,8.6395,-0.0265,301.559,0.117,5.673500000000001,8.691,-0.037500000000000006,301.605,0.126,5.67,8.661,-0.024,301.584,0.135,5.6605,8.5305,-0.001,301.502,0.135,
5.5705,8.4825,-0.0475,301.527,0.116,5.5009999999999994,8.3895,-0.0235,301.455,0.119,5.464499999999999,8.3115,0.0025,301.395,0.127,5.475,8.2925,0.0085,301.396,0.128,5.502,8.326,-0.0075,301.444,0.127,5.500500000000001,8.353,-0.025500000000000002,301.475,0.121,5.455500000000001,8.350999999999999,-0.0245,301.465,0.12,5.384,8.326,-0.0085,301.429,0.125,5.322,8.278500000000001,0.006500000000000001,301.38,0.126,5.314,8.254999999999999,0.014,301.347,0.126,5.38,8.322500000000002,0.0075,301.371,0.119,5.4935,8.46,-0.0135,301.449,0.114,5.606,8.5945,-0.0335,301.537,0.115,5.6765,8.685,-0.043,301.598,0.134,5.682,8.703,-0.043,301.602,0.136,5.6495,8.596,-0.034,301.52,0.136,
5.5995,8.479,-0.035500000000000004,301.553,0.117,5.526999999999999,8.402999999999999,-0.017,301.485,0.117,5.474,8.3345,-0.004,301.421,0.126,5.4605,8.2915,-0.0085,301.393,0.129,5.4755,8.2785,-0.020499999999999997,301.405,0.13,5.4905,8.291,-0.026000000000000002,301.435,0.127,5.477,8.310500000000001,-0.019,301.455,0.121,5.4235,8.3055,-0.013999999999999999,301.442,0.124,5.355499999999999,8.2485,-0.01,301.388,0.123,5.327,8.1995,-0.004,301.337,0.127,5.3715,8.251000000000001,-0.009999999999999998,301.35,0.124,5.474,8.384,-0.026500000000000003,301.42,0.116,5.593500000000001,8.536000000000001,-0.039999999999999994,301.511,0.113,5.686,8.6615,-0.052000000000000005,301.592,0.133,5.7125,8.7245,-0.0645,301.632,0.136,5.6795,8.6715,-0.0615,301.58,0.137,
5.6240000000000006,8.472000000000001,-0.0215,301.564,0.117,5.565,8.4235,-0.009000000000000001,301.514,0.115,5.506,8.375,-0.01,301.463,0.122,5.466,8.3245,-0.027,301.42,0.129,5.458500000000001,8.2805,-0.037000000000000005,301.395,0.131,5.4795,8.277000000000001,-0.0295,301.408,0.13,5.494,8.304,-0.0155,301.445,0.125,5.465,8.3095,-0.0135,301.456,0.124,5.404,8.251999999999999,-0.014499999999999999,301.408,0.136,5.3645,8.1875,-0.012,301.347,0.124,5.3855,8.208,-0.023,301.343,0.125,5.4675,8.314,-0.039,301.392,0.119,5.583,8.4575,-0.046,301.475,0.115,5.686,8.590499999999999,-0.059,301.568,0.122,5.731999999999999,8.678,-0.0735,301.635,0.136,5.714,8.69,-0.068,301.633,0.137,
5.6525,8.472000000000001,-0.012,301.574,0.116,5.6085,8.4515,-0.004,301.542,0.111,5.5525,8.4185,-0.0085,301.506,0.117,5.4975000000000005,8.369,-0.027,301.462,0.128,5.4695,8.3185,-0.038,301.42,0.132,5.4815000000000005,8.310500000000001,-0.031,301.415,0.132,5.506,8.336500000000001,-0.014,301.445,0.128,5.499499999999999,8.342500000000001,-0.006500000000000001,301.465,0.125,5.4565,8.2905,-0.0035,301.431,0.138,5.415,8.217500000000001,-0.005,301.371,0.139,5.4135,8.2025,-0.0235,301.347,0.136,5.4665,8.2655,-0.0445,301.374,0.124,5.558999999999999,8.3705,-0.049,301.435,0.119,5.653499999999999,8.475999999999999,-0.0525,301.51,0.121,5.714,8.559999999999999,-0.054,301.585,0.137,5.7245,8.618500000000001,-0.0395,301.634,0.138,
5.6895,8.479,-0.002,301.591,0.114,5.6545000000000005,8.484,0.004,301.574,0.11,5.605,8.461500000000001,0.005,301.546,0.115,5.5465,8.411,-0.008,301.503,0.126,5.505000000000001,8.366,-0.0205,301.458,0.132,5.502000000000001,8.367,-0.020499999999999997,301.447,0.134,5.523,8.3955,-0.01,301.467,0.132,5.531000000000001,8.3995,0.002,301.481,0.13,5.507,8.3515,0.0115,301.456,0.14,5.468,8.275500000000001,0.01,301.403,0.14,5.4485,8.2345,-0.014,301.368,0.139,5.470000000000001,8.253499999999999,-0.0385,301.377,0.136,5.527,8.305499999999999,-0.0435,301.409,0.125,5.598000000000001,8.3625,-0.0365,301.45,0.126,5.6625,8.417,-0.017,301.507,0.131,5.699999999999999,8.482,0.0125,301.58,0.141,
5.736,8.4865,0.0155,301.612,0.115,5.7044999999999995,8.516,0.0215,301.61,0.115,5.6575,8.5015,0.025500000000000002,301.583,0.111,5.6,8.4465,0.017,301.533,0.119,5.5555,8.407499999999999,0.005,301.492,0.131,5.543,8.4205,0.0005,301.489,0.136,5.555,8.455,0.0035,301.508,0.135,5.564,8.4555,0.014499999999999999,301.512,0.137,5.5504999999999995,8.4085,0.0265,301.483,0.142,5.518,8.338999999999999,0.0235,301.438,0.14,5.4895,8.2915,-0.001,301.408,0.138,5.4865,8.28,-0.027,301.406,0.138,5.509,8.285499999999999,-0.033,301.414,0.126,5.5445,8.293,-0.016,301.422,0.118,5.5905000000000005,8.308499999999999,0.018500000000000003,301.441,0.122,5.6385000000000005,8.344000000000001,0.054000000000000006,301.492,0.144,
5.7875,8.478000000000002,0.035,301.632,0.117,5.755000000000001,8.5295,0.041999999999999996,301.646,0.116,5.7065,8.524999999999999,0.0455,301.618,0.113,5.6515,8.4725,0.036500000000000005,301.56,0.116,5.6114999999999995,8.438500000000001,0.025,301.523,0.129,5.596,8.455,0.02,301.53,0.136,5.595000000000001,8.4855,0.024,301.55,0.137,5.593,8.4795,0.037000000000000005,301.545,0.145,5.5809999999999995,8.438,0.047,301.511,0.144,5.559,8.3875,0.0395,301.476,0.145,5.535,8.3505,0.0115,301.462,0.144,5.519,8.3235,-0.015,301.458,0.142,5.5135000000000005,8.2995,-0.0205,301.449,0.132,5.5175,8.2775,0.001,301.432,0.117,5.5329999999999995,8.2665,0.0325,301.417,0.115,5.561,8.2635,0.056999999999999995,301.426,0.143,
5.84,8.440999999999999,0.0545,301.64,0.118,5.8025,8.5045,0.06,301.667,0.119,5.749499999999999,8.5155,0.0605,301.644,0.117,5.697,8.479,0.05,301.587,0.113,5.6625,8.456,0.036500000000000005,301.555,0.126,5.644,8.463999999999999,0.0325,301.561,0.135,5.629,8.474,0.045,301.574,0.138,5.6135,8.4605,0.064,301.563,0.148,5.6015,8.435,0.07250000000000001,301.535,0.145,5.5925,8.411000000000001,0.059,301.518,0.144,5.58,8.386500000000002,0.0295,301.519,0.127,5.5605,8.350999999999999,0.004,301.514,0.124,5.539,8.3165,-0.0015,301.495,0.123,5.523,8.294,0.010499999999999999,301.465,0.118,5.5115,8.277000000000001,0.024,301.436,0.113,5.502000000000001,8.251999999999999,0.0325,301.417,0.118,
5.869,8.407,0.08449999999999999,301.619,0.124,5.832000000000001,8.465499999999999,0.088,301.656,0.126,5.78,8.4895,0.08349999999999999,301.648,0.125,5.73,8.476500000000001,0.07,301.607,0.118,5.6975,8.469000000000001,0.055499999999999994,301.583,0.12,5.6739999999999995,8.465,0.051500000000000004,301.58,0.133,5.6475,8.449,0.0695,301.573,0.139,5.622,8.4275,0.0905,301.557,0.149,5.6065000000000005,8.4195,0.094,301.546,0.145,5.6015,8.416,0.078,301.55,0.149,5.5985,8.396,0.0555,301.555,0.125,5.588,8.356,0.036000000000000004,301.542,0.12,5.5685,8.3275,0.027999999999999997,301.519,0.118,5.545,8.3235,0.024,301.499,0.117,5.52,8.3155,0.018500000000000003,301.477,0.115,5.489,8.285499999999999,0.0135,301.451,0.114,
5.906499999999999,8.43,0.1085,301.611,0.126,5.8735,8.4645,0.11599999999999999,301.649,0.126,5.825,8.487,0.10450000000000001,301.657,0.124,5.773,8.491,0.0915,301.635,0.121,5.7355,8.494,0.079,301.618,0.118,5.707,8.484,0.0765,301.603,0.13,5.6765,8.4525,0.0895,301.578,0.139,5.6434999999999995,8.4215,0.0995,301.559,0.141,5.615,8.416,0.0955,301.562,0.147,5.598,8.416,0.08449999999999999,301.574,0.153,5.5945,8.391,0.07200000000000001,301.567,0.149,5.598,8.3535,0.0615,301.542,0.144,5.595,8.3415,0.053,301.528,0.142,5.577500000000001,8.361,0.0395,301.534,0.115,5.5504999999999995,8.366,0.0235,301.532,0.113,5.5169999999999995,8.333,0.012,301.506,0.112,
5.981,8.474499999999999,0.08299999999999999,301.654,0.107,5.9425,8.479,0.094,301.678,0.135,5.893,8.4905,0.0865,301.69,0.131,5.837,8.502500000000001,0.08049999999999999,301.684,0.129,5.791499999999999,8.512,0.0775,301.668,0.125,5.7585,8.5015,0.077,301.644,0.127,5.727,8.4635,0.07350000000000001,301.612,0.136,5.6884999999999994,8.4195,0.066,301.591,0.142,5.646,8.400500000000001,0.059,301.596,0.15,5.612,8.3905,0.057499999999999996,301.601,0.154,5.601,8.356,0.0595,301.579,0.154,5.6125,8.3235,0.0595,301.55,0.147,5.6225000000000005,8.328,0.05,301.549,0.142,5.61,8.366,0.032,301.572,0.142,5.5785,8.3835,0.0155,301.582,0.138,5.544,8.3545,0.011,301.553,0.136,
6.029,8.4345,0.029500000000000002,301.679,0.103,5.9785,8.424,0.0385,301.683,0.131,5.9315,8.434999999999999,0.04,301.698,0.131,5.882,8.457,0.0435,301.708,0.134,5.8365,8.475,0.051000000000000004,301.7,0.13,5.797499999999999,8.462,0.051000000000000004,301.672,0.128,5.7565,8.413499999999999,0.0345,301.635,0.134,5.7085,8.356,0.017,301.61,0.142,5.6579999999999995,8.324,0.011,301.609,0.151,5.6145,8.303,0.0175,301.603,0.154,5.595000000000001,8.2595,0.032,301.57,0.156,5.606,8.2225,0.040499999999999994,301.539,0.149,5.6235,8.23,0.0325,301.547,0.145,5.6165,8.2775,0.013000000000000001,301.58,0.141,5.5835,8.314499999999999,0.0015,301.597,0.139,5.5535,8.318,0.014,301.576,0.138,
6.0125,8.2905,0.0235,301.633,0.114,5.9605,8.2865,0.028999999999999998,301.635,0.132,5.9254999999999995,8.308499999999999,0.025,301.661,0.14,5.891500000000001,8.341999999999999,0.027,301.69,0.138,5.8475,8.364999999999998,0.033,301.699,0.136,5.791,8.3455,0.0315,301.666,0.133,5.730499999999999,8.2905,0.0215,301.614,0.135,5.6785,8.234,0.012,301.583,0.142,5.635,8.1975,0.006,301.579,0.15,5.590999999999999,8.167,0.0075,301.57,0.155,5.5545,8.1145,0.0215,301.532,0.212,5.5455000000000005,8.0625,0.035500000000000004,301.495,0.214,5.5615000000000006,8.055,0.0335,301.496,0.205,5.5735,8.100000000000001,0.017,301.53,0.176,5.5665,8.1625,0.0105,301.559,0.141,5.5605,8.2195,0.027,301.569,0.141,
5.9965,8.103,0.07100000000000001,301.583,0.122,5.9455,8.1115,0.064,301.582,0.133,5.913,8.1385,0.0455,301.613,0.137,5.8805,8.176,0.0385,301.653,0.137,5.83,8.1955,0.0385,301.671,0.139,5.7585,8.1765,0.036,301.638,0.138,5.6899999999999995,8.1375,0.0365,301.582,0.138,5.646,8.101500000000001,0.036000000000000004,301.551,0.142,5.6165,8.064499999999999,0.029500000000000002,301.543,0.147,5.5745000000000005,8.018,0.022,301.532,0.151,5.519,7.9559999999999995,0.027000000000000003,301.498,0.216,5.4825,7.888999999999999,0.038,301.458,0.22,5.487,7.8565000000000005,0.0385,301.445,0.215,5.5175,7.8845,0.027000000000000003,301.466,0.203,5.548,7.96,0.0215,301.5,0.186,5.5705,8.052,0.0285,301.541,0.14,
6.0035,8.006,0.1215,301.549,0.129,5.935499999999999,8.019,0.0905,301.534,0.124,5.884,8.045,0.063,301.551,0.128,5.84,8.082,0.0545,301.588,0.134,5.7875,8.098,0.0555,301.608,0.14,5.7225,8.083,0.052,301.592,0.142,5.662,8.059,0.0455,301.556,0.141,5.621,8.037,0.039,301.527,0.141,5.5920000000000005,8.0,0.031,301.506,0.142,5.552,7.943,0.0235,301.487,0.206,5.4925,7.876,0.0215,301.464,0.215,5.4395,7.803,0.0215,301.434,0.219,5.4275,7.757,0.018000000000000002,301.41,0.218,5.459,7.773,0.009000000000000001,301.407,0.211,5.5045,7.849,0.002,301.435,0.196,5.5355,7.948,0.004,301.482,0.191,
5.866,9.0565,-0.0475,301.931,0.1,5.8265,8.991,-0.020499999999999997,301.889,0.101,5.8225,8.96,0.0055,301.878,0.101,5.843,8.991,0.007,301.915,0.101,5.853,9.047,-0.011,301.964,0.101,5.826,9.0665,-0.027999999999999997,301.974,0.1,5.7684999999999995,9.0505,-0.023,301.949,0.1,5.708,9.036999999999999,0.004999999999999999,301.921,0.101,5.673,9.038499999999999,0.0315,301.904,0.101,5.683,9.0605,0.038500000000000006,301.906,0.1,5.7379999999999995,9.1165,0.0205,301.94,0.1,5.817,9.195,-0.0095,302.007,0.1,5.890499999999999,9.262,-0.0335,302.081,0.1,5.938,9.2915,-0.0435,302.121,0.101,5.964,9.276,-0.027999999999999997,302.109,0.101,5.9879999999999995,9.2015,-0.0035,302.05,0.101,
5.906499999999999,9.062000000000001,-0.046,301.974,0.1,5.8505,8.988,-0.0215,301.914,0.1,5.8345,8.947,0.003,301.879,0.101,5.851,8.957,0.0085,301.893,0.101,5.8655,8.988,-0.007,301.935,0.101,5.8505,9.0,-0.024,301.956,0.101,5.805999999999999,8.995000000000001,-0.020999999999999998,301.945,0.1,5.747999999999999,8.99,-0.003,301.922,0.101,5.7,8.981,0.013999999999999999,301.895,0.101,5.6915,8.989999999999998,0.0205,301.884,0.101,5.7345,9.0535,0.0095,301.917,0.1,5.8095,9.149000000000001,-0.017,301.989,0.1,5.8865,9.235,-0.040499999999999994,302.067,0.1,5.945,9.2915,-0.0505,302.121,0.101,5.976,9.3065,-0.049,302.128,0.101,5.9885,9.246,-0.0395,302.066,0.101,
5.947,9.059000000000001,-0.0335,302.005,0.1,5.886,8.994499999999999,-0.015,301.946,0.1,5.8585,8.962,-0.004,301.904,0.101,5.859,8.9575,-0.009999999999999998,301.896,0.101,5.8665,8.9575,-0.023,301.91,0.101,5.865,8.957,-0.0275,301.93,0.101,5.8445,8.963000000000001,-0.0195,301.941,0.101,5.798500000000001,8.9655,-0.0115,301.933,0.101,5.743,8.9445,-0.0055,301.896,0.101,5.717,8.937,0.0005,301.87,0.101,5.7445,8.9975,-0.0085,301.898,0.101,5.812,9.099499999999999,-0.0295,301.967,0.1,5.890000000000001,9.1995,-0.0465,302.048,0.1,5.9555,9.279499999999999,-0.06,302.121,0.101,5.993,9.322,-0.07150000000000001,302.158,0.101,6.0035,9.293,-0.0675,302.119,0.101,
5.9879999999999995,9.0615,-0.02,302.028,0.1,5.934,9.0165,-0.008,301.981,0.1,5.8985,8.996,-0.010499999999999999,301.946,0.101,5.8765,8.981,-0.0285,301.923,0.101,5.868,8.9595,-0.0405,301.908,0.101,5.8745,8.953,-0.0345,301.916,0.101,5.8774999999999995,8.967500000000001,-0.0195,301.941,0.101,5.8505,8.9715,-0.014499999999999999,301.947,0.101,5.7995,8.942,-0.013000000000000001,301.912,0.101,5.763,8.9185,-0.009999999999999998,301.875,0.101,5.772,8.961,-0.023,301.889,0.101,5.8255,9.052,-0.041999999999999996,301.944,0.1,5.8995,9.150500000000001,-0.051500000000000004,302.02,0.1,5.9655000000000005,9.233,-0.065,302.104,0.101,6.0045,9.288,-0.0785,302.165,0.101,6.018,9.297,-0.07200000000000001,302.165,0.101,
6.031499999999999,9.075,-0.0115,302.051,0.1,5.9879999999999995,9.053,-0.0045000000000000005,302.02,0.1,5.948,9.038,-0.0085,301.992,0.1,5.907,9.012,-0.027,301.961,0.101,5.8815,8.983,-0.0405,301.932,0.101,5.8865,8.9835,-0.036500000000000005,301.931,0.101,5.9035,9.007000000000001,-0.021,301.954,0.101,5.8975,9.010000000000002,-0.010499999999999999,301.964,0.101,5.861,8.974,-0.005,301.936,0.101,5.8215,8.935500000000001,-0.0045000000000000005,301.896,0.101,5.811999999999999,8.9515,-0.024,301.892,0.101,5.843999999999999,9.0175,-0.047,301.929,0.101,5.9030000000000005,9.093499999999999,-0.053,301.988,0.1,5.962,9.154,-0.056,302.057,0.101,6.0025,9.201,-0.056,302.125,0.101,6.024,9.238,-0.039,302.169,0.101,
6.0809999999999995,9.0945,-0.002,302.08,0.1,6.043,9.096499999999999,0.0035,302.063,0.1,5.9995,9.082,0.006,302.037,0.1,5.948,9.042,-0.0055,301.998,0.101,5.912,9.0115,-0.021,301.967,0.101,5.9105,9.0275,-0.025,301.968,0.101,5.9295,9.0645,-0.0165,301.987,0.101,5.9365000000000006,9.069500000000001,-0.003,301.992,0.101,5.9165,9.027999999999999,0.009999999999999998,301.966,0.101,5.882,8.977,0.0095,301.926,0.101,5.8575,8.9695,-0.014,301.911,0.101,5.8629999999999995,9.006,-0.0405,301.932,0.101,5.898,9.049,-0.0465,301.968,0.101,5.944,9.0745,-0.0375,302.007,0.101,5.9864999999999995,9.096499999999999,-0.0155,302.06,0.101,6.019,9.137,0.0165,302.125,0.101,
6.140000000000001,9.112,0.0165,302.11,0.1,6.1005,9.137,0.0225,302.11,0.1,6.0489999999999995,9.122,0.028499999999999998,302.08,0.1,5.991,9.068999999999999,0.0215,302.028,0.1,5.952500000000001,9.037500000000001,0.007,301.997,0.101,5.948,9.066500000000001,-0.001,302.009,0.101,5.962,9.115,0.0005,302.035,0.101,5.97,9.124,0.0125,302.035,0.101,5.96,9.081,0.0265,302.001,0.101,5.933,9.027000000000001,0.024,301.961,0.101,5.9015,9.0075,-0.0005,301.945,0.101,5.885,9.0195,-0.0275,301.956,0.101,5.8925,9.032499999999999,-0.0335,301.972,0.101,5.9190000000000005,9.027999999999999,-0.015,301.984,0.1,5.958,9.0225,0.022,302.004,0.101,6.0,9.0425,0.06,302.052,0.101,
6.2044999999999995,9.115,0.039,302.139,0.1,6.159,9.157499999999999,0.047,302.153,0.1,6.0969999999999995,9.1455,0.052500000000000005,302.121,0.1,6.035,9.09,0.043,302.059,0.1,5.999499999999999,9.061,0.028499999999999998,302.026,0.101,5.994,9.091000000000001,0.0215,302.046,0.101,5.9990000000000006,9.1365,0.026000000000000002,302.079,0.101,5.9990000000000006,9.147,0.04,302.077,0.101,5.9915,9.113499999999998,0.05,302.04,0.101,5.9745,9.072,0.0415,302.004,0.101,5.945,9.0495,0.013000000000000001,301.993,0.101,5.9125,9.042,-0.0135,301.999,0.101,5.8955,9.035499999999999,-0.018500000000000003,302.002,0.101,5.903499999999999,9.021,0.003,301.993,0.1,5.932499999999999,9.003,0.036000000000000004,301.986,0.1,5.97,8.9955,0.063,301.999,0.101,
6.2725,9.095,0.0615,302.154,0.1,6.218,9.144,0.0695,302.18,0.1,6.145,9.141,0.07150000000000001,302.154,0.1,6.0805,9.099,0.057999999999999996,302.095,0.1,6.047499999999999,9.079999999999998,0.040999999999999995,302.063,0.101,6.0385,9.098500000000001,0.036500000000000005,302.075,0.101,6.0325,9.1235,0.052000000000000005,302.1,0.101,6.023999999999999,9.132,0.07300000000000001,302.1,0.101,6.018,9.120999999999999,0.0795,302.076,0.101,6.009,9.1035,0.0635,302.054,0.101,5.9845,9.08,0.0325,302.048,0.101,5.946,9.0535,0.006999999999999999,302.045,0.101,5.9145,9.038,0.002,302.038,0.101,5.9079999999999995,9.0345,0.0135,302.024,0.1,5.922499999999999,9.023499999999999,0.0265,302.006,0.1,5.9415,8.998000000000001,0.036000000000000004,301.995,0.1,
6.325,9.0765,0.0925,302.145,0.101,6.2669999999999995,9.118,0.0995,302.178,0.101,6.1905,9.124,0.096,302.167,0.101,6.125500000000001,9.105,0.0795,302.126,0.1,6.091,9.099499999999999,0.0615,302.101,0.1,6.0735,9.102,0.057999999999999996,302.096,0.101,6.0575,9.1,0.0795,302.098,0.101,6.0440000000000005,9.1035,0.10200000000000001,302.098,0.101,6.0375,9.117,0.10400000000000001,302.097,0.101,6.0305,9.1235,0.08499999999999999,302.098,0.101,6.0105,9.0985,0.06,302.09,0.101,5.9775,9.056999999999999,0.04,302.072,0.1,5.9455,9.041,0.032,302.059,0.1,5.928000000000001,9.056999999999999,0.0275,302.055,0.1,5.926500000000001,9.0625,0.0205,302.047,0.1,5.93,9.0305,0.015,302.027,0.1,
6.377,9.1005,0.11649999999999999,302.145,0.101,6.3215,9.121500000000001,0.127,302.176,0.101,6.2475000000000005,9.127500000000001,0.11699999999999999,302.18,0.101,6.181,9.1265,0.1015,302.163,0.101,6.138,9.129999999999999,0.0865,302.146,0.1,6.109999999999999,9.121500000000001,0.08399999999999999,302.125,0.101,6.088,9.1,0.0995,302.103,0.101,6.072,9.0945,0.111,302.099,0.101,6.060499999999999,9.1175,0.1065,302.117,0.101,6.0465,9.1355,0.0935,302.132,0.101,6.0275,9.1095,0.079,302.116,0.101,6.006,9.065,0.0665,302.084,0.101,5.9830000000000005,9.057,0.056999999999999995,302.074,0.101,5.9595,9.088999999999999,0.044,302.09,0.1,5.942,9.107,0.026500000000000003,302.098,0.1,5.9350000000000005,9.0735,0.013,302.078,0.1,
6.4365,9.138,0.0915,302.188,0.1,6.382,9.1365,0.10350000000000001,302.205,0.101,6.314,9.137,0.097,302.213,0.101,6.2475,9.146,0.0905,302.213,0.101,6.194,9.154,0.0875,302.201,0.101,6.1545000000000005,9.14,0.0865,302.173,0.101,6.1274999999999995,9.107,0.08349999999999999,302.139,0.101,6.109500000000001,9.0875,0.076,302.129,0.101,6.0920000000000005,9.1025,0.0695,302.149,0.101,6.0685,9.1175,0.068,302.163,0.101,6.0465,9.093,0.068,302.14,0.101,6.0344999999999995,9.058,0.0655,302.106,0.101,6.022,9.0625,0.055,302.104,0.101,5.9945,9.1015,0.038500000000000006,302.131,0.101,5.959,9.1245,0.0215,302.147,0.101,5.9399999999999995,9.0975,0.015,302.124,0.101,
6.478,9.1055,0.0395,302.215,0.1,6.423,9.094000000000001,0.049,302.217,0.101,6.3629999999999995,9.097999999999999,0.05,302.229,0.101,6.302,9.1175,0.054,302.243,0.101,6.245,9.130500000000001,0.0625,302.238,0.101,6.1955,9.1115,0.0625,302.208,0.101,6.1579999999999995,9.066500000000001,0.0445,302.169,0.101,6.1335,9.031500000000001,0.026,302.15,0.101,6.112,9.0325,0.0205,302.16,0.101,6.085,9.0405,0.0285,302.167,0.101,6.064500000000001,9.0195,0.041499999999999995,302.141,0.101,6.061,8.996500000000001,0.048,302.112,0.101,6.0555,9.009,0.03949999999999999,302.118,0.101,6.023,9.046,0.0215,302.147,0.101,5.9719999999999995,9.0745,0.011,302.164,0.101,5.943,9.0755,0.0205,302.15,0.101,
6.484,8.9875,0.038,302.183,0.1,6.4350000000000005,8.9815,0.041999999999999996,302.185,0.101,6.390000000000001,8.998000000000001,0.036500000000000005,302.209,0.101,6.34,9.028,0.038,302.238,0.101,6.2805,9.045,0.046,302.246,0.101,6.2155000000000005,9.022,0.045,302.214,0.101,6.1625,8.97,0.0335,302.163,0.101,6.1325,8.93,0.0215,302.134,0.101,6.112500000000001,8.9185,0.0155,302.134,0.101,6.0865,8.918,0.019,302.134,0.101,6.061999999999999,8.8995,0.0325,302.109,0.165,6.0545,8.883,0.046,302.082,0.167,6.0515,8.8935,0.0435,302.086,0.162,6.0265,8.9225,0.028,302.111,0.143,5.984,8.9595,0.022,302.134,0.101,5.9605,9.003,0.036500000000000005,302.146,0.101,
6.49,8.8295,0.0925,302.145,0.101,6.446,8.836500000000001,0.08249999999999999,302.148,0.101,6.4115,8.858,0.061,302.177,0.101,6.367,8.8925,0.053,302.215,0.101,6.3004999999999995,8.911,0.0535,302.229,0.101,6.221500000000001,8.8925,0.052,302.198,0.101,6.1585,8.8535,0.0505,302.147,0.101,6.1274999999999995,8.823,0.0475,302.114,0.101,6.1135,8.800999999999998,0.04,302.104,0.101,6.0920000000000005,8.7835,0.034,302.097,0.101,6.063000000000001,8.763,0.04,302.076,0.168,6.0435,8.7485,0.051000000000000004,302.053,0.171,6.0329999999999995,8.748999999999999,0.051500000000000004,302.047,0.169,6.0184999999999995,8.766,0.0395,302.06,0.161,6.0015,8.807,0.033,302.084,0.15,5.995,8.876000000000001,0.0395,302.123,0.101,
6.514,8.746,0.14950000000000002,302.117,0.101,6.4575,8.76,0.11499999999999999,302.111,0.101,6.416499999999999,8.78,0.08349999999999999,302.13,0.101,6.3725000000000005,8.815,0.07250000000000001,302.166,0.101,6.3105,8.834,0.07250000000000001,302.185,0.101,6.234500000000001,8.821,0.0695,302.169,0.101,6.168,8.795,0.062,302.134,0.101,6.128,8.772,0.0525,302.102,0.101,6.1075,8.745,0.042499999999999996,302.077,0.101,6.089499999999999,8.716,0.0345,302.057,0.162,6.0649999999999995,8.693,0.034,302.042,0.168,6.0385,8.679,0.0345,302.028,0.171,6.0169999999999995,8.673,0.031,302.014,0.171,6.0045,8.683,0.02,302.008,0.166,6.0015,8.724,0.011,302.026,0.157,6.0024999999999995,8.797,0.014499999999999999,302.07,0.154,
5.9305,9.455,-0.044,302.319,0.1,5.906,9.4215,-0.0175,302.289,0.1,5.912,9.418,0.006500000000000001,302.297,0.1,5.9245,9.45,0.0075,302.339,0.1,5.9175,9.489,-0.009000000000000001,302.376,0.1,5.886,9.5105,-0.0235,302.376,0.1,5.8425,9.523,-0.0165,302.356,0.1,5.802,9.5425,0.013000000000000001,302.344,0.1,5.7780000000000005,9.564,0.03949999999999999,302.347,0.1,5.782500000000001,9.591000000000001,0.044,302.364,0.1,5.816000000000001,9.631,0.0205,302.405,0.1,5.865500000000001,9.6765,-0.014,302.473,0.1,5.915,9.7075,-0.039999999999999994,302.542,0.1,5.959,9.711,-0.0485,302.577,0.1,6.0055,9.6935,-0.032,302.563,0.1,6.057,9.654,-0.006999999999999999,302.513,0.1,
5.9670000000000005,9.44,-0.041499999999999995,302.351,0.1,5.931,9.4085,-0.018000000000000002,302.312,0.1,5.933,9.4045,0.003,302.301,0.1,5.949,9.4215,0.0075,302.322,0.1,5.9505,9.4375,-0.006500000000000001,302.352,0.1,5.927,9.445,-0.0215,302.361,0.1,5.8865,9.459499999999998,-0.0165,302.353,0.1,5.842499999999999,9.484,0.0035,302.341,0.1,5.8100000000000005,9.5045,0.0215,302.332,0.1,5.806,9.5365,0.026500000000000003,302.343,0.1,5.833,9.593,0.01,302.388,0.1,5.875,9.652,-0.020999999999999998,302.461,0.1,5.9175,9.693000000000001,-0.047,302.532,0.1,5.96,9.714500000000001,-0.057499999999999996,302.58,0.1,6.007,9.718,-0.055,302.587,0.1,6.0555,9.6815,-0.0445,302.534,0.1,
6.014,9.423,-0.0295,302.377,0.1,5.968,9.403,-0.0125,302.341,0.1,5.9595,9.408999999999999,-0.004,302.325,0.1,5.9675,9.4165,-0.011,302.325,0.1,5.970000000000001,9.410499999999999,-0.0235,302.332,0.1,5.9585,9.406,-0.028,302.343,0.1,5.9315,9.4205,-0.0195,302.352,0.1,5.8915,9.443000000000001,-0.0085,302.348,0.1,5.8535,9.4565,-0.0005,302.328,0.1,5.84,9.4865,0.0045000000000000005,302.325,0.1,5.858,9.554,-0.008,302.371,0.1,5.8934999999999995,9.623999999999999,-0.033,302.443,0.1,5.931,9.674,-0.053000000000000005,302.517,0.1,5.967499999999999,9.711500000000001,-0.067,302.585,0.1,6.007,9.734,-0.0775,302.62,0.1,6.05,9.715,-0.07250000000000001,302.587,0.1,
6.0705,9.419,-0.017,302.401,0.1,6.02,9.412500000000001,-0.007,302.376,0.1,5.9955,9.4255,-0.010499999999999999,302.363,0.1,5.9835,9.4255,-0.0285,302.348,0.1,5.979,9.4095,-0.042,302.334,0.1,5.979,9.4055,-0.038,302.339,0.1,5.970000000000001,9.42,-0.0235,302.36,0.1,5.942,9.4335,-0.0155,302.363,0.1,5.906000000000001,9.435,-0.0115,302.338,0.1,5.886,9.456,-0.008,302.324,0.1,5.893,9.5205,-0.0225,302.359,0.1,5.92,9.593499999999999,-0.045,302.422,0.1,5.954000000000001,9.6465,-0.056499999999999995,302.495,0.1,5.984500000000001,9.686,-0.07,302.574,0.1,6.0115,9.716000000000001,-0.0825,302.634,0.1,6.043,9.7205,-0.075,302.635,0.1,
6.1335,9.432,-0.009999999999999998,302.432,0.1,6.0805,9.4375,-0.005,302.417,0.1,6.038,9.4485,-0.008,302.403,0.1,6.0045,9.439499999999999,-0.026000000000000002,302.378,0.1,5.99,9.425999999999998,-0.041,302.359,0.1,5.995,9.4355,-0.0405,302.366,0.1,5.9995,9.4545,-0.0275,302.385,0.1,5.986000000000001,9.457,-0.015,302.385,0.1,5.9595,9.443999999999999,-0.006500000000000001,302.358,0.1,5.9375,9.45,-0.004,302.338,0.1,5.932499999999999,9.499500000000001,-0.024,302.358,0.1,5.948,9.564499999999999,-0.0485,302.407,0.1,5.978,9.611,-0.0565,302.468,0.1,6.0065,9.6385,-0.0595,302.536,0.1,6.025,9.6615,-0.057,302.605,0.1,6.0435,9.681000000000001,-0.039,302.647,0.1,
6.1985,9.4555,-0.0005,302.473,0.1,6.143000000000001,9.471,0.0035,302.465,0.1,6.0855,9.472999999999999,0.0075,302.442,0.1,6.0355,9.454,-0.0025,302.407,0.1,6.0115,9.4485,-0.0205,302.392,0.1,6.0145,9.4755,-0.028,302.41,0.1,6.0235,9.504,-0.022,302.43,0.1,6.0205,9.5,-0.008,302.421,0.1,6.0055,9.474499999999999,0.0075,302.389,0.1,5.986000000000001,9.463999999999999,0.009,302.363,0.1,5.971,9.494,-0.0135,302.371,0.1,5.9719999999999995,9.543,-0.041,302.407,0.1,5.9935,9.5775,-0.0485,302.449,0.1,6.0215,9.589500000000001,-0.0385,302.495,0.1,6.041,9.595,-0.014499999999999999,302.553,0.1,6.054,9.612,0.019,302.615,0.1,
6.265000000000001,9.4795,0.019000000000000003,302.516,0.1,6.2065,9.5035,0.0245,302.516,0.1,6.1375,9.4955,0.0325,302.48,0.1,6.0760000000000005,9.468,0.026000000000000002,302.432,0.1,6.045,9.47,0.009000000000000001,302.422,0.1,6.042,9.509,-0.002,302.455,0.1,6.047000000000001,9.544,-0.002,302.481,0.1,6.0475,9.5395,0.010499999999999999,302.469,0.1,6.041,9.509,0.025,302.429,0.1,6.025,9.489,0.024,302.398,0.1,6.0024999999999995,9.5015,0.0005,302.398,0.1,5.9895,9.531500000000001,-0.026000000000000002,302.423,0.1,5.9990000000000006,9.555,-0.033,302.451,0.1,6.0245,9.558,-0.015,302.476,0.1,6.05,9.548,0.023,302.508,0.1,6.068,9.548,0.063,302.555,0.1,
6.333500000000001,9.492,0.0435,302.554,0.1,6.269500000000001,9.5205,0.052500000000000005,302.563,0.1,6.1915,9.508,0.0595,302.52,0.1,6.1240000000000006,9.48,0.0485,302.463,0.1,6.0875,9.4875,0.031,302.453,0.1,6.0760000000000005,9.527999999999999,0.023,302.491,0.1,6.0725,9.558499999999999,0.028,302.522,0.1,6.071,9.5565,0.041999999999999996,302.513,0.1,6.069,9.533999999999999,0.051,302.474,0.1,6.0555,9.516,0.042499999999999996,302.443,0.1,6.0275,9.5135,0.0155,302.439,0.1,6.002000000000001,9.523,-0.01,302.453,0.1,5.9990000000000006,9.539000000000001,-0.0155,302.472,0.1,6.0205,9.5465,0.004,302.486,0.1,6.0504999999999995,9.535,0.0365,302.494,0.1,6.0745000000000005,9.515,0.0655,302.511,0.1,
6.4045000000000005,9.4875,0.0685,302.578,0.1,6.333500000000001,9.5125,0.079,302.593,0.1,6.2485,9.5025,0.08199999999999999,302.557,0.1,6.1785,9.4855,0.065,302.505,0.1,6.1370000000000005,9.4985,0.045,302.493,0.1,6.1135,9.5285,0.040499999999999994,302.516,0.1,6.099,9.545,0.057999999999999996,302.539,0.1,6.0945,9.5485,0.0795,302.539,0.1,6.0945,9.546,0.0835,302.518,0.1,6.082000000000001,9.538499999999999,0.066,302.498,0.1,6.050000000000001,9.521,0.036000000000000004,302.487,0.1,6.016,9.509,0.0115,302.487,0.1,6.0035,9.5215,0.006,302.501,0.1,6.018,9.545,0.015,302.514,0.1,6.044499999999999,9.5445,0.0265,302.514,0.1,6.0675,9.513,0.037,302.507,0.1,
6.471500000000001,9.484,0.099,302.579,0.1,6.3975,9.497,0.11,302.596,0.1,6.3100000000000005,9.492,0.107,302.577,0.1,6.2385,9.4905,0.0875,302.547,0.1,6.1905,9.5075,0.066,302.536,0.1,6.1545000000000005,9.521,0.0635,302.534,0.1,6.1295,9.5225,0.087,302.534,0.1,6.121,9.533,0.11,302.542,0.1,6.1195,9.553,0.11,302.551,0.1,6.105,9.5565,0.09,302.548,0.1,6.071999999999999,9.526499999999999,0.0645,302.527,0.1,6.038,9.497499999999999,0.044,302.507,0.1,6.021,9.511,0.035,302.516,0.1,6.023,9.55,0.0295,302.54,0.1,6.037,9.562999999999999,0.021,302.547,0.1,6.055,9.5305,0.013999999999999999,302.531,0.1,
6.5280000000000005,9.51,0.122,302.587,0.1,6.4575,9.506,0.1355,302.6,0.1,6.3735,9.5005,0.127,302.598,0.1,6.301,9.5095,0.11,302.593,0.1,6.244,9.5245,0.093,302.586,0.1,6.1965,9.5235,0.09,302.562,0.1,6.1645,9.516,0.1065,302.538,0.1,6.152,9.530999999999999,0.1185,302.547,0.1,6.145,9.5615,0.1135,302.578,0.1,6.1255,9.568999999999999,0.1,302.589,0.1,6.0945,9.533999999999999,0.08449999999999999,302.558,0.1,6.0665,9.501,0.07050000000000001,302.524,0.1,6.047,9.5185,0.06,302.533,0.1,6.0335,9.564499999999999,0.0475,302.57,0.1,6.031,9.585,0.028999999999999998,302.587,0.1,6.045,9.558499999999999,0.0125,302.57,0.1,
6.5655,9.5415,0.0975,302.631,0.1,6.503,9.523499999999999,0.1115,302.632,0.1,6.4295,9.5155,0.1065,302.638,0.1,6.3585,9.527999999999999,0.0995,302.649,0.1,6.2940000000000005,9.5375,0.096,302.643,0.1,6.239,9.527000000000001,0.094,302.609,0.1,6.2035,9.5145,0.0905,302.577,0.1,6.186,9.5245,0.08299999999999999,302.581,0.1,6.17,9.55,0.0775,302.612,0.1,6.1445,9.555,0.077,302.62,0.1,6.1165,9.525,0.0755,302.586,0.1,6.096,9.5025,0.0695,302.556,0.1,6.075,9.523499999999999,0.059,302.57,0.1,6.046,9.565,0.045,302.608,0.1,6.0255,9.587,0.028,302.625,0.1,6.0344999999999995,9.5765,0.0175,302.61,0.1,
6.598,9.5175,0.049,302.662,0.1,6.54,9.495,0.058499999999999996,302.653,0.1,6.477,9.491,0.0595,302.663,0.1,6.410500000000001,9.507,0.064,302.684,0.1,6.3425,9.5145,0.07350000000000001,302.68,0.1,6.2844999999999995,9.499,0.07300000000000001,302.646,0.1,6.246,9.478,0.053500000000000006,302.614,0.1,6.2219999999999995,9.474499999999999,0.034,302.609,0.1,6.1975,9.487,0.030000000000000002,302.624,0.1,6.1685,9.4895,0.039,302.623,0.1,6.147,9.474,0.0505,302.596,0.1,6.134499999999999,9.469,0.054,302.578,0.1,6.111,9.489,0.0465,302.594,0.1,6.0665,9.517,0.0315,302.623,0.1,6.0275,9.5405,0.020999999999999998,302.638,0.1,6.0280000000000005,9.560500000000001,0.026500000000000003,302.635,0.1,
6.633,9.4265,0.052,302.643,0.1,6.579000000000001,9.411,0.054,302.636,0.1,6.525,9.4145,0.0475,302.656,0.1,6.462,9.433499999999999,0.05,302.685,0.1,6.390499999999999,9.442,0.0595,302.689,0.1,6.3265,9.4265,0.058499999999999996,302.657,0.1,6.284000000000001,9.400500000000001,0.0445,302.619,0.1,6.2575,9.3865,0.0305,302.601,0.1,6.231,9.384,0.025,302.6,0.1,6.202500000000001,9.3835,0.0305,302.595,0.1,6.1845,9.3845,0.043,302.578,0.107,6.1754999999999995,9.3955,0.0545,302.569,0.107,6.151,9.411000000000001,0.053000000000000005,302.578,0.107,6.1015,9.425,0.0405,302.595,0.105,6.055,9.4525,0.0335,302.613,0.1,6.0465,9.504999999999999,0.0445,302.638,0.1,
6.6705000000000005,9.301,0.11199999999999999,302.618,0.1,6.6205,9.301,0.0985,302.616,0.1,6.5745000000000005,9.306999999999999,0.07500000000000001,302.64,0.1,6.5145,9.3225,0.0675,302.67,0.1,6.438000000000001,9.3305,0.069,302.677,0.1,6.3645,9.322500000000002,0.0675,302.649,0.1,6.3145,9.307500000000001,0.0635,302.612,0.1,6.287,9.2935,0.057999999999999996,302.588,0.1,6.265000000000001,9.277999999999999,0.05,302.576,0.1,6.242,9.27,0.045,302.565,0.1,6.226,9.278500000000001,0.051000000000000004,302.557,0.107,6.214,9.298,0.062,302.553,0.108,6.1875,9.3085,0.064,302.552,0.108,6.143000000000001,9.314499999999999,0.0525,302.556,0.107,6.1035,9.3455,0.045,302.577,0.105,6.0905000000000005,9.41,0.0495,302.625,0.1,
6.721,9.234,0.1745,302.597,0.1,6.6625,9.243,0.1365,302.595,0.1,6.6165,9.248,0.1015,302.61,0.1,6.5615000000000006,9.26,0.0895,302.635,0.1,6.489,9.267,0.0895,302.644,0.1,6.4125,9.265,0.086,302.629,0.1,6.3525,9.26,0.07700000000000001,302.605,0.1,6.3155,9.249,0.0655,302.58,0.1,6.2935,9.228,0.0535,302.556,0.1,6.2795000000000005,9.215,0.045,302.539,0.107,6.2684999999999995,9.224,0.0445,302.535,0.108,6.252,9.245,0.047,302.533,0.108,6.2219999999999995,9.253,0.0445,302.522,0.108,6.1845,9.257,0.0325,302.515,0.107,6.1545000000000005,9.289,0.022,302.538,0.106,6.1370000000000005,9.352,0.025500000000000002,302.586,0.106,
5.7805,9.7065,-0.0385,302.698,0.1,5.77,9.7075,-0.014,302.682,0.1,5.7780000000000005,9.7225,0.0075,302.689,0.1,5.7775,9.746,0.0085,302.715,0.1,5.758,9.7695,-0.006500000000000001,302.738,0.1,5.727,9.791,-0.018500000000000003,302.742,0.1,5.6955,9.812000000000001,-0.0095,302.736,0.1,5.672499999999999,9.832,0.0205,302.734,0.1,5.665,9.8475,0.046,302.737,0.1,5.6785,9.865,0.0475,302.753,0.1,5.7105,9.894,0.0195,302.795,0.1,5.7515,9.927,-0.018500000000000003,302.861,0.1,5.7940000000000005,9.95,-0.0455,302.925,0.1,5.8365,9.958,-0.053,302.951,0.1,5.8835,9.9575,-0.036000000000000004,302.932,0.1,5.9325,9.9455,-0.0115,302.886,0.1,
5.82,9.6755,-0.035,302.727,0.1,5.8004999999999995,9.682500000000001,-0.014,302.708,0.1,5.804,9.7,0.0035,302.7,0.1,5.809,9.7155,0.0075,302.705,0.1,5.801,9.724499999999999,-0.005,302.719,0.1,5.777,9.736,-0.018000000000000002,302.728,0.1,5.7435,9.7575,-0.0115,302.729,0.1,5.713,9.783,0.01,302.727,0.1,5.698,9.8035,0.028,302.725,0.1,5.705,9.829,0.0305,302.738,0.1,5.729,9.868,0.0095,302.782,0.1,5.7615,9.906500000000001,-0.025,302.849,0.1,5.798,9.936,-0.052500000000000005,302.916,0.1,5.84,9.958,-0.0635,302.959,0.1,5.890000000000001,9.971499999999999,-0.0605,302.96,0.1,5.9405,9.9595,-0.0495,302.91,0.1,
5.872,9.6485,-0.024,302.75,0.1,5.842499999999999,9.663499999999999,-0.0095,302.737,0.1,5.8335,9.6865,-0.0035,302.725,0.1,5.833,9.698,-0.011,302.713,0.1,5.83,9.698,-0.023,302.707,0.1,5.8165,9.7045,-0.028,302.715,0.1,5.7905,9.724499999999999,-0.0185,302.728,0.1,5.7605,9.748000000000001,-0.0055,302.732,0.1,5.740500000000001,9.7655,0.004,302.721,0.1,5.7395,9.7945,0.0075,302.726,0.1,5.7555,9.842,-0.008,302.769,0.1,5.781000000000001,9.886,-0.036500000000000005,302.833,0.1,5.811,9.921,-0.058499999999999996,302.904,0.1,5.8465,9.9545,-0.07300000000000001,302.969,0.1,5.8895,9.9815,-0.082,302.998,0.1,5.9365000000000006,9.978,-0.077,302.962,0.1,
5.9315,9.638,-0.013,302.772,0.1,5.8955,9.659500000000001,-0.0055,302.769,0.1,5.8705,9.6815,-0.0095,302.76,0.1,5.8545,9.689,-0.0275,302.737,0.1,5.8475,9.690999999999999,-0.042,302.716,0.1,5.8415,9.7045,-0.0405,302.72,0.1,5.8275,9.725,-0.026500000000000003,302.74,0.1,5.807,9.739,-0.0165,302.746,0.1,5.7895,9.747,-0.009999999999999998,302.73,0.1,5.783,9.7715,-0.006,302.726,0.1,5.79,9.819500000000001,-0.022,302.76,0.1,5.808999999999999,9.8655,-0.047,302.816,0.1,5.835,9.901,-0.061,302.885,0.1,5.862500000000001,9.934,-0.0745,302.964,0.1,5.892,9.963999999999999,-0.08499999999999999,303.019,0.1,5.928000000000001,9.9735,-0.077,303.012,0.1,
5.992,9.645,-0.0075,302.804,0.1,5.9505,9.670000000000002,-0.0045000000000000005,302.807,0.1,5.912,9.683499999999999,-0.006500000000000001,302.793,0.1,5.8805,9.685500000000001,-0.0235,302.767,0.1,5.864000000000001,9.6975,-0.041,302.749,0.1,5.8585,9.725999999999999,-0.0435,302.756,0.1,5.853,9.7515,-0.032,302.771,0.1,5.844,9.757000000000001,-0.019000000000000003,302.77,0.1,5.835000000000001,9.753499999999999,-0.008,302.75,0.1,5.829000000000001,9.767,-0.004,302.74,0.1,5.8285,9.8055,-0.0235,302.761,0.1,5.84,9.845500000000001,-0.0495,302.805,0.1,5.8635,9.8745,-0.059,302.864,0.1,5.887499999999999,9.896,-0.062,302.935,0.1,5.906499999999999,9.917,-0.0575,303.0,0.1,5.928,9.933,-0.0385,303.03,0.1,
6.052,9.660499999999999,0.002,302.844,0.1,6.0035,9.687000000000001,0.0045000000000000005,302.848,0.1,5.955,9.6915,0.009999999999999998,302.826,0.1,5.9145,9.688500000000001,0.0005,302.797,0.1,5.8895,9.709499999999998,-0.0195,302.79,0.1,5.877000000000001,9.751000000000001,-0.03,302.806,0.1,5.871,9.7835,-0.025500000000000002,302.818,0.1,5.8695,9.788,-0.0115,302.807,0.1,5.8705,9.778500000000001,0.0045000000000000005,302.782,0.1,5.868,9.7805,0.0085,302.767,0.1,5.862,9.803,-0.0125,302.776,0.1,5.8655,9.83,-0.0405,302.807,0.1,5.8855,9.8485,-0.0495,302.849,0.1,5.91,9.8555,-0.0395,302.901,0.1,5.926500000000001,9.8605,-0.0135,302.959,0.1,5.939,9.870999999999999,0.020999999999999998,303.008,0.1,
6.1135,9.6745,0.0225,302.884,0.1,6.0555,9.702,0.027999999999999997,302.889,0.1,6.0005,9.7015,0.037000000000000005,302.858,0.1,5.957,9.698,0.03,302.826,0.1,5.9265,9.722999999999999,0.011,302.828,0.1,5.9045,9.768,-0.002,302.855,0.1,5.890499999999999,9.8025,-0.003,302.869,0.1,5.889,9.812000000000001,0.009000000000000001,302.854,0.1,5.895,9.8065,0.023,302.825,0.1,5.894,9.803,0.0235,302.804,0.1,5.8835,9.809999999999999,0.002,302.805,0.1,5.88,9.8215,-0.024,302.824,0.1,5.896,9.831,-0.0325,302.853,0.1,5.9215,9.829,-0.015,302.885,0.1,5.9425,9.82,0.023,302.92,0.1,5.9575,9.815999999999999,0.065,302.96,0.1,
6.1765,9.6785,0.049,302.918,0.1,6.109,9.7045,0.0595,302.925,0.1,6.048500000000001,9.7055,0.0665,302.894,0.1,6.003500000000001,9.708,0.0535,302.862,0.1,5.9695,9.7345,0.0335,302.867,0.1,5.9399999999999995,9.771999999999998,0.025,302.894,0.1,5.9185,9.8005,0.0305,302.91,0.1,5.912,9.816500000000001,0.044,302.899,0.1,5.914,9.8235,0.051,302.872,0.1,5.9085,9.823,0.043,302.851,0.1,5.893000000000001,9.817499999999999,0.018500000000000003,302.845,0.1,5.884,9.815000000000001,-0.006,302.855,0.1,5.895,9.821,-0.013000000000000001,302.876,0.1,5.9215,9.8215,0.004,302.896,0.1,5.949,9.807500000000001,0.035500000000000004,302.91,0.1,5.970000000000001,9.7865,0.066,302.924,0.1,
6.245,9.67,0.0755,302.938,0.1,6.1690000000000005,9.6905,0.0885,302.948,0.1,6.1025,9.6985,0.0915,302.927,0.1,6.054,9.711,0.07150000000000001,302.905,0.1,6.015000000000001,9.737,0.049,302.907,0.1,5.979,9.761,0.045,302.921,0.1,5.952999999999999,9.7805,0.0635,302.93,0.1,5.942,9.803,0.08399999999999999,302.929,0.1,5.936,9.826,0.0865,302.919,0.1,5.9205000000000005,9.8315,0.0685,302.903,0.1,5.8975,9.816500000000001,0.04,302.891,0.1,5.885,9.804,0.0165,302.89,0.1,5.893000000000001,9.813500000000001,0.0095,302.907,0.1,5.916,9.826,0.0155,302.925,0.1,5.9425,9.815,0.025,302.929,0.1,5.9670000000000005,9.782,0.0365,302.921,0.1,
6.3149999999999995,9.667,0.105,302.937,0.1,6.236,9.677,0.1195,302.949,0.1,6.165,9.6905,0.11699999999999999,302.948,0.1,6.11,9.712,0.0945,302.945,0.1,6.0635,9.734,0.07100000000000001,302.945,0.1,6.0225,9.745000000000001,0.069,302.938,0.1,5.9945,9.758,0.093,302.932,0.1,5.9795,9.7875,0.11549999999999999,302.942,0.1,5.963,9.8215,0.114,302.954,0.1,5.936,9.829,0.0945,302.948,0.1,5.9085,9.8085,0.0695,302.925,0.1,5.896,9.795,0.0475,302.912,0.1,5.9,9.813500000000001,0.0375,302.929,0.1,5.912,9.838000000000001,0.031,302.954,0.1,5.929,9.8325,0.0205,302.959,0.1,5.9535,9.7965,0.012,302.944,0.1,
6.372,9.692,0.1265,302.946,0.1,6.2975,9.689,0.14250000000000002,302.954,0.1,6.2265,9.701,0.135,302.97,0.1,6.166,9.722999999999999,0.1175,302.987,0.1,6.112,9.737,0.099,302.986,0.1,6.067,9.7385,0.0955,302.962,0.1,6.0375,9.7505,0.1115,302.944,0.1,6.0175,9.7835,0.123,302.957,0.1,5.9915,9.816,0.119,302.983,0.1,5.9565,9.82,0.1065,302.982,0.1,5.9285,9.8,0.09,302.952,0.1,5.917,9.796,0.073,302.934,0.1,5.913,9.825,0.062,302.954,0.1,5.909,9.855,0.0505,302.986,0.1,5.914,9.854,0.031,302.995,0.1,5.9385,9.824,0.010499999999999999,302.982,0.1,
6.4015,9.721499999999999,0.10300000000000001,302.994,0.1,6.3375,9.7105,0.1185,302.991,0.1,6.2735,9.7175,0.11449999999999999,303.011,0.1,6.212,9.7335,0.108,303.035,0.1,6.155,9.7385,0.10350000000000001,303.032,0.1,6.109500000000001,9.735,0.1005,303.004,0.1,6.078,9.7455,0.096,302.987,0.1,6.050000000000001,9.772,0.089,302.997,0.1,6.015000000000001,9.793,0.08499999999999999,303.016,0.1,5.9785,9.793,0.08549999999999999,303.009,0.1,5.955,9.7815,0.082,302.98,0.1,5.9435,9.7915,0.073,302.971,0.1,5.928,9.8255,0.063,302.996,0.1,5.906,9.854500000000002,0.051500000000000004,303.025,0.1,5.8985,9.859,0.0335,303.033,0.1,5.922499999999999,9.846,0.018,303.022,0.1,
6.432499999999999,9.702,0.059,303.031,0.1,6.374,9.691500000000001,0.068,303.019,0.1,6.3149999999999995,9.6985,0.069,303.038,0.1,6.2545,9.712499999999999,0.07400000000000001,303.063,0.1,6.1995000000000005,9.714,0.08449999999999999,303.061,0.1,6.1579999999999995,9.7075,0.08249999999999999,303.039,0.1,6.124499999999999,9.7085,0.062,303.024,0.1,6.087,9.7185,0.042499999999999996,303.023,0.1,6.045,9.727,0.04,303.026,0.1,6.011,9.73,0.049,303.013,0.1,5.9945,9.7345,0.058499999999999996,302.994,0.1,5.984,9.755500000000001,0.0595,302.996,0.1,5.9575,9.7845,0.053500000000000006,303.02,0.1,5.917999999999999,9.807,0.042499999999999996,303.04,0.1,5.8955,9.8225,0.031,303.047,0.1,5.912,9.839500000000001,0.0305,303.051,0.1,
6.4825,9.622499999999999,0.066,303.022,0.1,6.425,9.6205,0.0655,303.011,0.1,6.3675,9.632000000000001,0.058499999999999996,303.032,0.1,6.305,9.646999999999998,0.0625,303.06,0.1,6.249,9.650500000000001,0.07300000000000001,303.066,0.1,6.2085,9.643999999999998,0.07150000000000001,303.049,0.1,6.1745,9.6345,0.0555,303.027,0.1,6.1345,9.629000000000001,0.04,303.012,0.1,6.091,9.628499999999999,0.035500000000000004,303.001,0.1,6.0595,9.6385,0.040999999999999995,302.991,0.1,6.0475,9.66,0.052000000000000005,302.985,0.101,6.037,9.686,0.062,302.991,0.101,6.0045,9.704,0.063,303.004,0.101,5.9559999999999995,9.719000000000001,0.053,303.014,0.1,5.922499999999999,9.7485,0.045,303.028,0.1,5.927,9.7965,0.051000000000000004,303.058,0.1,
6.541,9.5115,0.1305,303.006,0.1,6.483499999999999,9.5225,0.11299999999999999,302.999,0.1,6.4265,9.535,0.089,303.018,0.1,6.3625,9.5475,0.08199999999999999,303.042,0.1,6.301,9.554,0.08449999999999999,303.052,0.1,6.254,9.5535,0.08199999999999999,303.041,0.1,6.2175,9.546,0.07600000000000001,303.018,0.1,6.1805,9.535,0.0685,302.995,0.1,6.1425,9.529,0.06,302.977,0.1,6.115,9.541,0.055,302.969,0.1,6.102,9.571,0.0605,302.973,0.101,6.0875,9.596,0.07200000000000001,302.977,0.101,6.0545,9.604,0.07600000000000001,302.975,0.101,6.0085,9.6155,0.066,302.978,0.101,5.974500000000001,9.655000000000001,0.056999999999999995,303.001,0.101,5.968,9.715,0.059,303.049,0.1,
6.6114999999999995,9.452,0.1975,302.992,0.1,6.546,9.47,0.156,302.987,0.1,6.4865,9.481,0.1185,302.994,0.1,6.423,9.491,0.10600000000000001,303.01,0.1,6.359999999999999,9.499,0.10650000000000001,303.02,0.1,6.306,9.503,0.10200000000000001,303.019,0.1,6.2620000000000005,9.501,0.091,303.006,0.1,6.2245,9.49,0.078,302.984,0.1,6.193,9.482,0.0645,302.961,0.1,6.171,9.493,0.055,302.952,0.101,6.1565,9.524,0.054,302.957,0.101,6.1375,9.547,0.058499999999999996,302.956,0.101,6.106,9.551,0.057499999999999996,302.943,0.101,6.068,9.562,0.046,302.941,0.101,6.036,9.605,0.034,302.97,0.101,6.0184999999999995,9.664,0.037,303.016,0.101,
5.599500000000001,9.9285,-0.0325,303.072,0.1,5.601,9.9585,-0.010499999999999999,303.066,0.1,5.609,9.986,0.0085,303.071,0.1,5.5985,9.998999999999999,0.0095,303.08,0.1,5.57,10.01,-0.003,303.091,0.1,5.54,10.032499999999999,-0.013000000000000001,303.102,0.1,5.5195,10.059000000000001,-0.0025,303.11,0.1,5.512499999999999,10.078,0.027,303.114,0.1,5.522,10.0855,0.0505,303.115,0.1,5.5465,10.094000000000001,0.0485,303.128,0.1,5.579000000000001,10.112,0.0175,303.168,0.1,5.6129999999999995,10.135,-0.0225,303.232,0.1,5.6485,10.152000000000001,-0.0495,303.289,0.1,5.686999999999999,10.165500000000002,-0.0565,303.306,0.1,5.730499999999999,10.180499999999999,-0.0395,303.282,0.1,5.773999999999999,10.1915,-0.0155,303.239,0.1,
5.644,9.885,-0.0285,303.099,0.1,5.6365,9.9235,-0.01,303.095,0.1,5.638999999999999,9.957,0.005,303.087,0.1,5.6355,9.968,0.0085,303.076,0.1,5.621,9.9725,-0.003,303.077,0.1,5.5969999999999995,9.9885,-0.014,303.088,0.1,5.57,10.0145,-0.0065,303.099,0.1,5.5525,10.039,0.0155,303.105,0.1,5.5545,10.0565,0.033,303.106,0.1,5.573,10.074000000000002,0.0325,303.119,0.1,5.5969999999999995,10.094999999999999,0.008,303.159,0.1,5.6225000000000005,10.1165,-0.028499999999999998,303.221,0.1,5.654,10.138,-0.056999999999999995,303.283,0.1,5.695,10.162,-0.0685,303.32,0.1,5.7445,10.186,-0.0655,303.314,0.1,5.792,10.195,-0.054,303.264,0.1,
5.6995000000000005,9.849,-0.018000000000000002,303.119,0.1,5.683,9.892,-0.0055,303.124,0.1,5.672,9.9275,-0.0015,303.113,0.1,5.6645,9.941,-0.009999999999999998,303.088,0.1,5.6579999999999995,9.9485,-0.0225,303.072,0.1,5.643,9.965,-0.0275,303.079,0.1,5.6185,9.989,-0.0165,303.097,0.1,5.599,10.0105,-0.002,303.107,0.1,5.5965,10.029,0.0075,303.103,0.1,5.6075,10.0535,0.0095,303.112,0.1,5.6235,10.08,-0.009000000000000001,303.15,0.1,5.6419999999999995,10.102,-0.0395,303.206,0.1,5.667,10.1265,-0.063,303.274,0.1,5.7015,10.1585,-0.078,303.335,0.1,5.745,10.189,-0.086,303.357,0.1,5.7915,10.2005,-0.081,303.317,0.1,
5.76,9.8325,-0.009,303.141,0.1,5.736,9.875,-0.003,303.154,0.1,5.7105,9.9025,-0.0075,303.143,0.1,5.692,9.9175,-0.025500000000000002,303.113,0.1,5.6825,9.9375,-0.0415,303.089,0.1,5.672000000000001,9.966000000000001,-0.042,303.092,0.1,5.6555,9.99,-0.0285,303.111,0.1,5.6419999999999995,10.004,-0.017,303.121,0.1,5.641,10.015,-0.009,303.112,0.1,5.648,10.039000000000001,-0.0055,303.115,0.1,5.657,10.0685,-0.023,303.145,0.1,5.670999999999999,10.0905,-0.0495,303.192,0.1,5.692,10.1125,-0.065,303.259,0.1,5.717499999999999,10.142,-0.0785,303.337,0.1,5.7485,10.1715,-0.0865,303.384,0.1,5.7855,10.186,-0.0785,303.368,0.1,
5.817500000000001,9.833,-0.0045000000000000005,303.172,0.1,5.787,9.872,-0.0025,303.187,0.1,5.7524999999999995,9.887,-0.004,303.172,0.1,5.7235,9.901,-0.020499999999999997,303.144,0.1,5.7044999999999995,9.935500000000001,-0.04,303.128,0.1,5.689,9.9795,-0.0455,303.135,0.1,5.676,10.0085,-0.035,303.146,0.1,5.673,10.0175,-0.022,303.146,0.1,5.6805,10.0215,-0.009999999999999998,303.133,0.1,5.6884999999999994,10.038,-0.005,303.13,0.1,5.6935,10.062999999999999,-0.0235,303.149,0.1,5.704,10.0795,-0.0505,303.185,0.1,5.7235,10.093,-0.0615,303.243,0.1,5.7445,10.1105,-0.0635,303.315,0.1,5.7635,10.130500000000001,-0.0575,303.375,0.1,5.7865,10.143,-0.0375,303.391,0.1,
5.8725000000000005,9.839500000000001,0.005,303.21,0.1,5.8325,9.8745,0.006999999999999999,303.221,0.1,5.7945,9.881499999999999,0.0125,303.2,0.1,5.7635000000000005,9.8955,0.0035,303.177,0.1,5.7355,9.937999999999999,-0.0175,303.177,0.1,5.707,9.9905,-0.03,303.19,0.1,5.6884999999999994,10.025500000000001,-0.0275,303.194,0.1,5.6905,10.038499999999999,-0.014499999999999999,303.183,0.1,5.707,10.044,0.001,303.166,0.1,5.72,10.0535,0.006500000000000001,303.158,0.1,5.723,10.0655,-0.0125,303.166,0.1,5.7305,10.071,-0.04,303.191,0.1,5.750500000000001,10.073,-0.0505,303.232,0.1,5.772,10.076,-0.04,303.287,0.1,5.786,10.081,-0.0125,303.343,0.1,5.799,10.086,0.023,303.379,0.1,
5.928,9.843,0.027,303.246,0.1,5.874499999999999,9.873999999999999,0.0325,303.254,0.1,5.8355,9.881499999999999,0.040999999999999995,303.229,0.1,5.8085,9.901,0.0335,303.211,0.1,5.776,9.943999999999999,0.0135,303.222,0.1,5.7355,9.992,0.0,303.241,0.1,5.7059999999999995,10.027000000000001,-0.002,303.243,0.1,5.704000000000001,10.051,0.0075,303.229,0.1,5.721500000000001,10.068,0.020499999999999997,303.211,0.1,5.734500000000001,10.0765,0.022,303.198,0.1,5.7364999999999995,10.0745,0.0035,303.197,0.1,5.743,10.067499999999999,-0.0225,303.21,0.1,5.763999999999999,10.060500000000001,-0.0325,303.239,0.1,5.789,10.0535,-0.0155,303.276,0.1,5.8065,10.0445,0.0235,303.312,0.1,5.82,10.037500000000001,0.0665,303.342,0.1,
5.9865,9.837,0.055999999999999994,303.274,0.1,5.92,9.8635,0.0665,303.281,0.1,5.879,9.879999999999999,0.07250000000000001,303.261,0.1,5.853999999999999,9.909,0.057999999999999996,303.252,0.1,5.8195,9.9485,0.037500000000000006,303.266,0.1,5.773,9.9825,0.028999999999999998,303.282,0.1,5.737,10.0115,0.034,303.284,0.1,5.7275,10.046,0.0455,303.274,0.1,5.734500000000001,10.0785,0.051,303.26,0.1,5.7364999999999995,10.0915,0.0435,303.247,0.1,5.7330000000000005,10.0805,0.020999999999999998,303.238,0.1,5.74,10.0655,-0.0035,303.243,0.1,5.763,10.058,-0.012,303.263,0.1,5.792,10.05,0.003,303.288,0.1,5.8155,10.032499999999999,0.034,303.304,0.1,5.835,10.011,0.066,303.314,0.1,
6.0515,9.8235,0.08349999999999999,303.288,0.1,5.976,9.844000000000001,0.0975,303.296,0.1,5.9295,9.871500000000001,0.0995,303.292,0.1,5.8995,9.909500000000001,0.0775,303.296,0.1,5.8614999999999995,9.943,0.054,303.307,0.1,5.8155,9.962499999999999,0.0505,303.311,0.1,5.781000000000001,9.986,0.0685,303.308,0.1,5.7645,10.027999999999999,0.0875,303.308,0.1,5.753,10.0715,0.0895,303.307,0.1,5.7355,10.087,0.07200000000000001,303.296,0.1,5.723,10.073,0.044,303.281,0.1,5.731,10.059999999999999,0.0195,303.279,0.1,5.756,10.0625,0.010499999999999999,303.297,0.1,5.7844999999999995,10.061,0.015,303.317,0.1,5.8095,10.0395,0.0235,303.322,0.1,5.835,10.006499999999999,0.035,303.314,0.1,
6.124499999999999,9.8205,0.1115,303.285,0.1,6.045,9.8325,0.128,303.294,0.1,5.991,9.865,0.1255,303.312,0.1,5.9510000000000005,9.905000000000001,0.1015,303.333,0.1,5.906499999999999,9.928999999999998,0.077,303.34,0.1,5.8625,9.939499999999999,0.075,303.327,0.1,5.832,9.963999999999999,0.098,303.318,0.1,5.8100000000000005,10.011,0.12,303.328,0.1,5.7805,10.0545,0.1185,303.342,0.1,5.7445,10.0655,0.1,303.335,0.1,5.724500000000001,10.053999999999998,0.074,303.312,0.1,5.7330000000000005,10.055,0.0495,303.305,0.1,5.755,10.074000000000002,0.0385,303.326,0.1,5.774,10.0805,0.0315,303.348,0.1,5.7925,10.056999999999999,0.0195,303.35,0.1,5.8215,10.0205,0.009,303.337,0.1,
6.182,9.8445,0.131,303.294,0.1,6.1080000000000005,9.848,0.149,303.301,0.1,6.0504999999999995,9.8765,0.14200000000000002,303.335,0.1,6.0005,9.908000000000001,0.124,303.368,0.1,5.9505,9.919,0.105,303.371,0.1,5.91,9.926,0.101,303.349,0.1,5.883,9.957,0.11599999999999999,303.337,0.1,5.8545,10.004000000000001,0.1275,303.354,0.1,5.811,10.035499999999999,0.125,303.371,0.1,5.765000000000001,10.036999999999999,0.1135,303.361,0.1,5.7425,10.032499999999999,0.095,303.334,0.1,5.7475000000000005,10.0545,0.0745,303.332,0.1,5.7575,10.089500000000001,0.063,303.359,0.1,5.7605,10.101500000000001,0.0525,303.383,0.1,5.771,10.08,0.0315,303.384,0.1,5.8035,10.0485,0.006999999999999999,303.373,0.1,
6.208,9.8735,0.1085,303.346,0.1,6.144,9.873000000000001,0.125,303.344,0.1,6.089,9.893,0.1215,303.377,0.1,6.037,9.911999999999999,0.11549999999999999,303.41,0.1,5.9895,9.911999999999999,0.1105,303.407,0.1,5.9544999999999995,9.9175,0.1065,303.388,0.1,5.926,9.949,0.1015,303.384,0.1,5.8865,9.9865,0.096,303.397,0.1,5.8345,10.0025,0.0935,303.403,0.1,5.7905,9.9985,0.0935,303.384,0.1,5.772,10.006,0.0875,303.362,0.1,5.77,10.044,0.076,303.372,0.1,5.7615,10.086500000000001,0.067,303.405,0.1,5.747,10.101500000000001,0.057499999999999996,303.423,0.1,5.7509999999999994,10.09,0.0375,303.421,0.1,5.7855,10.074,0.0165,303.415,0.1,
6.239,9.859,0.069,303.389,0.1,6.18,9.8615,0.077,303.378,0.1,6.1255,9.878499999999999,0.078,303.404,0.1,6.073,9.8905,0.08349999999999999,303.431,0.1,6.032500000000001,9.8875,0.094,303.43,0.1,6.006,9.8905,0.0905,303.42,0.1,5.975,9.9095,0.07050000000000001,303.421,0.1,5.9239999999999995,9.9285,0.053,303.422,0.1,5.8665,9.934999999999999,0.0505,303.411,0.1,5.83,9.939,0.058499999999999996,303.39,0.1,5.8195,9.962,0.065,303.38,0.1,5.811,10.004,0.065,303.399,0.1,5.784,10.0395,0.061,303.428,0.1,5.752,10.056000000000001,0.052500000000000005,303.438,0.1,5.745,10.064499999999999,0.03949999999999999,303.438,0.1,5.7735,10.076,0.0325,303.447,0.1,
6.3,9.7885,0.08049999999999999,303.388,0.1,6.239,9.8005,0.0765,303.376,0.1,6.1785,9.82,0.07,303.398,0.1,6.1205,9.831499999999998,0.07450000000000001,303.424,0.1,6.082000000000001,9.8325,0.08499999999999999,303.432,0.1,6.062,9.8335,0.08249999999999999,303.429,0.1,6.0329999999999995,9.837,0.0665,303.421,0.1,5.9795,9.8375,0.051500000000000004,303.406,0.1,5.9215,9.841000000000001,0.047,303.387,0.1,5.888999999999999,9.8615,0.0505,303.374,0.1,5.882,9.899000000000001,0.0595,303.378,0.1,5.8695,9.935500000000001,0.07,303.396,0.1,5.8325,9.9545,0.07300000000000001,303.409,0.1,5.7895,9.971499999999999,0.065,303.414,0.1,5.77,10.003499999999999,0.055499999999999994,303.426,0.1,5.784000000000001,10.043500000000002,0.056,303.458,0.1,
6.375,9.6875,0.14900000000000002,303.379,0.1,6.3100000000000005,9.7105,0.127,303.37,0.1,6.244,9.7305,0.10300000000000001,303.384,0.1,6.1795,9.742,0.096,303.404,0.1,6.1355,9.7485,0.0985,303.417,0.1,6.112500000000001,9.753,0.095,303.419,0.1,6.0855,9.751000000000001,0.088,303.408,0.1,6.0385,9.7425,0.07999999999999999,303.385,0.1,5.9864999999999995,9.746500000000001,0.07100000000000001,303.363,0.1,5.955,9.778500000000001,0.065,303.36,0.1,5.944,9.823,0.0695,303.373,0.1,5.928,9.8495,0.08149999999999999,303.382,0.1,5.891500000000001,9.854500000000002,0.0875,303.379,0.1,5.8485,9.872499999999999,0.079,303.38,0.1,5.8215,9.92,0.0685,303.406,0.1,5.82,9.9725,0.068,303.454,0.1,
6.461,9.633,0.2195,303.371,0.1,6.3885000000000005,9.661,0.175,303.365,0.1,6.317,9.68,0.1355,303.365,0.1,6.2485,9.691,0.122,303.373,0.1,6.1975,9.7,0.122,303.386,0.1,6.165,9.708,0.11599999999999999,303.396,0.1,6.135,9.707,0.10400000000000001,303.392,0.1,6.096,9.697,0.09,303.37,0.1,6.055,9.702,0.07550000000000001,303.35,0.1,6.0245,9.737,0.065,303.351,0.1,6.0045,9.782,0.064,303.363,0.1,5.9835,9.803,0.0695,303.36,0.1,5.9535,9.803,0.07,303.345,0.1,5.918,9.822,0.059,303.348,0.1,5.8870000000000005,9.874,0.046,303.382,0.1,5.871499999999999,9.927,0.049,303.424,0.1,
5.3645,10.062,-0.026000000000000002,303.418,0.1,5.366,10.093,-0.006999999999999999,303.41,0.1,5.3735,10.108,0.0095,303.404,0.1,5.369,10.109,0.010499999999999999,303.407,0.1,5.3469999999999995,10.118,0.0005,303.428,0.1,5.3185,10.144,-0.006500000000000001,303.452,0.1,5.301,10.1735,0.0045000000000000005,303.463,0.1,5.306,10.1935,0.0325,303.459,0.1,5.333,10.2015,0.053,303.45,0.1,5.369,10.2075,0.0475,303.456,0.1,5.398999999999999,10.217,0.014499999999999999,303.491,0.1,5.419,10.228,-0.025500000000000002,303.548,0.1,5.436999999999999,10.2355,-0.0525,303.595,0.1,5.4615,10.243500000000001,-0.0595,303.603,0.1,5.495,10.256,-0.041999999999999996,303.572,0.1,5.5305,10.2685,-0.018500000000000003,303.527,0.1,
5.414,10.021999999999998,-0.0215,303.447,0.1,5.402,10.06,-0.0055,303.438,0.1,5.4045000000000005,10.083,0.0075,303.419,0.1,5.411,10.088000000000001,0.0095,303.404,0.1,5.405,10.092,-0.0015,303.414,0.1,5.3815,10.107,-0.010499999999999999,303.435,0.1,5.3545,10.131499999999999,-0.001,303.45,0.1,5.3454999999999995,10.157,0.020499999999999997,303.452,0.1,5.3625,10.176,0.036000000000000004,303.447,0.1,5.3925,10.189499999999999,0.0325,303.453,0.1,5.4195,10.2015,0.006,303.485,0.1,5.4384999999999994,10.2135,-0.0315,303.54,0.1,5.455,10.227,-0.061,303.596,0.1,5.479,10.244,-0.073,303.623,0.1,5.515499999999999,10.2625,-0.07,303.609,0.1,5.5555,10.2745,-0.057999999999999996,303.555,0.1,
5.474,9.986,-0.012,303.469,0.1,5.448499999999999,10.0245,-0.001,303.464,0.1,5.438,10.0545,0.0015,303.442,0.1,5.4435,10.0715,-0.008,303.417,0.1,5.4475,10.0815,-0.022,303.411,0.1,5.4335,10.091999999999999,-0.0265,303.425,0.1,5.4079999999999995,10.108,-0.013999999999999999,303.445,0.1,5.3934999999999995,10.129,0.001,303.454,0.1,5.401,10.151,0.009999999999999998,303.448,0.1,5.422499999999999,10.172,0.0095,303.45,0.1,5.446,10.1905,-0.011,303.479,0.1,5.465,10.2055,-0.042499999999999996,303.531,0.1,5.4795,10.222000000000001,-0.067,303.593,0.1,5.496,10.2445,-0.082,303.645,0.1,5.5245,10.2655,-0.0895,303.655,0.1,5.5615000000000006,10.2775,-0.084,303.608,0.1,
5.537,9.965,-0.005,303.493,0.1,5.5045,9.9995,0.0005,303.491,0.1,5.4815000000000005,10.029,-0.004,303.469,0.1,5.4745,10.057500000000001,-0.023,303.442,0.1,5.474,10.0825,-0.041,303.429,0.1,5.465,10.099499999999999,-0.042499999999999996,303.437,0.1,5.4485,10.11,-0.0295,303.457,0.1,5.439,10.120999999999999,-0.017,303.467,0.1,5.4445,10.1375,-0.009,303.458,0.1,5.46,10.161,-0.006500000000000001,303.455,0.1,5.479,10.184000000000001,-0.0245,303.477,0.1,5.497999999999999,10.2005,-0.052,303.521,0.1,5.512499999999999,10.2155,-0.0685,303.585,0.1,5.5225,10.234,-0.081,303.653,0.1,5.5375,10.251,-0.0875,303.686,0.1,5.5634999999999994,10.261,-0.0795,303.66,0.1,
5.5965,9.959,-0.0015,303.524,0.1,5.5625,9.9885,0.0005,303.522,0.1,5.534000000000001,10.0135,-0.0005,303.498,0.1,5.513,10.0475,-0.0175,303.475,0.1,5.496,10.0875,-0.0385,303.467,0.1,5.481,10.1165,-0.046,303.476,0.1,5.4719999999999995,10.129000000000001,-0.037,303.489,0.1,5.4745,10.134,-0.0245,303.491,0.1,5.4864999999999995,10.1435,-0.0125,303.479,0.1,5.5009999999999994,10.163,-0.007,303.472,0.1,5.515000000000001,10.182500000000001,-0.0245,303.483,0.1,5.532,10.194500000000001,-0.052,303.517,0.1,5.5489999999999995,10.2025,-0.064,303.574,0.1,5.5585,10.2105,-0.0645,303.639,0.1,5.564,10.216999999999999,-0.056,303.684,0.1,5.5760000000000005,10.221499999999999,-0.036000000000000004,303.685,0.1,
5.6525,9.959,0.009,303.559,0.1,5.618,9.9865,0.010499999999999999,303.556,0.1,5.589499999999999,10.0095,0.0155,303.531,0.1,5.5595,10.0445,0.006500000000000001,303.512,0.1,5.5255,10.090499999999999,-0.014499999999999999,303.512,0.1,5.4965,10.127500000000001,-0.0285,303.524,0.1,5.4855,10.148,-0.0285,303.532,0.1,5.496,10.157499999999999,-0.0175,303.528,0.1,5.5169999999999995,10.1665,-0.003,303.514,0.1,5.5335,10.1785,0.004,303.502,0.1,5.544499999999999,10.186,-0.013,303.502,0.1,5.5595,10.188,-0.0405,303.524,0.1,5.5785,10.1865,-0.0515,303.566,0.1,5.5915,10.183,-0.0405,303.617,0.1,5.5954999999999995,10.1765,-0.011,303.66,0.1,5.6005,10.172,0.025500000000000002,303.678,0.1,
5.7095,9.957,0.033,303.59,0.1,5.6715,9.987,0.037000000000000005,303.589,0.1,5.6445,10.0125,0.0445,303.567,0.1,5.6114999999999995,10.0475,0.036500000000000005,303.551,0.1,5.5655,10.0895,0.017,303.555,0.1,5.523,10.1265,0.0035,303.567,0.1,5.505,10.155,0.0,303.575,0.1,5.5145,10.1765,0.006500000000000001,303.573,0.1,5.535500000000001,10.192,0.0175,303.561,0.1,5.5504999999999995,10.198,0.0205,303.545,0.1,5.558999999999999,10.193,0.004,303.535,0.1,5.573,10.184000000000001,-0.022,303.544,0.1,5.5945,10.1755,-0.0335,303.571,0.1,5.6125,10.164,-0.0165,303.606,0.1,5.622,10.1475,0.024,303.635,0.1,5.6305,10.1325,0.0675,303.651,0.1,
5.772,9.949,0.0635,303.611,0.1,5.728,9.9825,0.07350000000000001,303.618,0.1,5.698,10.0145,0.0775,303.607,0.1,5.661,10.0495,0.062,303.597,0.1,5.609999999999999,10.082999999999998,0.042499999999999996,303.596,0.1,5.5625,10.1145,0.0345,303.602,0.1,5.5385,10.148,0.038,303.611,0.1,5.5395,10.1815,0.0465,303.615,0.1,5.5495,10.205,0.051,303.61,0.1,5.5545,10.209,0.0445,303.594,0.1,5.558999999999999,10.197,0.023,303.578,0.1,5.573,10.182500000000001,-0.0025,303.577,0.1,5.595000000000001,10.173,-0.0125,303.595,0.1,5.617,10.16,0.0015,303.617,0.1,5.635,10.1385,0.0325,303.629,0.1,5.6525,10.115,0.066,303.632,0.1,
5.8415,9.937,0.092,303.622,0.1,5.789999999999999,9.971,0.106,303.637,0.1,5.752,10.0085,0.106,303.643,0.1,5.709,10.0425,0.08299999999999999,303.642,0.1,5.657,10.068,0.06,303.636,0.1,5.6114999999999995,10.0945,0.056999999999999995,303.63,0.1,5.585,10.131,0.0735,303.635,0.1,5.574,10.173,0.0905,303.646,0.1,5.566,10.201,0.092,303.651,0.1,5.556,10.204,0.0755,303.639,0.1,5.5545,10.1915,0.0475,303.622,0.1,5.569,10.1815,0.0205,303.616,0.1,5.5905000000000005,10.1785,0.0095,303.629,0.1,5.611000000000001,10.169,0.0135,303.644,0.1,5.631500000000001,10.145499999999998,0.022,303.646,0.1,5.657,10.117,0.033,303.637,0.1,
5.9175,9.937,0.1185,303.618,0.1,5.859999999999999,9.9655,0.1355,303.639,0.1,5.8115000000000006,10.001999999999999,0.132,303.664,0.1,5.7615,10.030999999999999,0.108,303.676,0.1,5.71,10.0495,0.08349999999999999,303.667,0.1,5.6685,10.0745,0.081,303.651,0.1,5.640499999999999,10.1155,0.10250000000000001,303.649,0.1,5.617,10.16,0.124,303.665,0.1,5.5905000000000005,10.1865,0.124,303.678,0.1,5.5665,10.187,0.106,303.671,0.1,5.5600000000000005,10.18,0.078,303.653,0.1,5.573499999999999,10.183499999999999,0.0505,303.647,0.1,5.590999999999999,10.1915,0.0375,303.66,0.1,5.6035,10.186,0.0305,303.673,0.1,5.62,10.1625,0.0185,303.673,0.1,5.6495,10.134,0.0055,303.662,0.1,
5.977,9.962499999999999,0.1355,303.631,0.1,5.9195,9.982,0.154,303.652,0.1,5.865500000000001,10.0095,0.148,303.687,0.1,5.813000000000001,10.027999999999999,0.13,303.706,0.1,5.765000000000001,10.0395,0.111,303.698,0.1,5.7265,10.0645,0.1065,303.679,0.1,5.6935,10.1085,0.12,303.675,0.1,5.657,10.1495,0.1325,303.689,0.1,5.618,10.168500000000002,0.1315,303.701,0.1,5.589,10.167,0.12,303.692,0.1,5.5805,10.169,0.099,303.676,0.1,5.5875,10.188500000000001,0.0755,303.677,0.1,5.593500000000001,10.207,0.063,303.695,0.1,5.595000000000001,10.205,0.0535,303.707,0.1,5.6065000000000005,10.184999999999999,0.031,303.707,0.1,5.6370000000000005,10.162,0.003,303.701,0.1,
6.0075,9.991499999999998,0.114,303.687,0.1,5.9535,10.0045,0.1305,303.699,0.1,5.9015,10.021,0.1275,303.729,0.1,5.854,10.029499999999999,0.122,303.745,0.1,5.8149999999999995,10.035,0.11699999999999999,303.735,0.1,5.779999999999999,10.057,0.1115,303.721,0.1,5.7375,10.0955,0.1075,303.723,0.1,5.6875,10.126999999999999,0.10400000000000001,303.73,0.1,5.643,10.1385,0.10200000000000001,303.729,0.1,5.6175,10.14,0.1005,303.714,0.1,5.6105,10.1525,0.092,303.703,0.1,5.607,10.1815,0.0785,303.716,0.1,5.5975,10.2045,0.07100000000000001,303.737,0.1,5.588,10.208,0.0625,303.746,0.1,5.5945,10.1985,0.04,303.744,0.1,5.6240000000000006,10.187000000000001,0.013999999999999999,303.745,0.1,
6.039999999999999,9.98,0.0785,303.732,0.1,5.984999999999999,9.9925,0.08499999999999999,303.734,0.1,5.934,10.006,0.0865,303.757,0.1,5.894,10.012,0.0925,303.769,0.1,5.8665,10.0155,0.1015,303.763,0.1,5.836,10.029499999999999,0.0975,303.756,0.1,5.7865,10.0515,0.0795,303.757,0.1,5.7255,10.068999999999999,0.0645,303.752,0.1,5.678,10.0805,0.0615,303.739,0.1,5.6575,10.094,0.067,303.725,0.1,5.6525,10.117,0.07050000000000001,303.723,0.1,5.6415,10.1445,0.07050000000000001,303.739,0.1,5.6185,10.1645,0.069,303.757,0.1,5.598000000000001,10.175,0.0615,303.761,0.1,5.596,10.183499999999999,0.0455,303.764,0.1,5.617,10.19,0.0335,303.777,0.1,
6.0995,9.9145,0.095,303.73,0.1,6.038,9.934000000000001,0.0875,303.73,0.1,5.982,9.9515,0.08149999999999999,303.75,0.1,5.9415,9.960999999999999,0.08549999999999999,303.767,0.1,5.9185,9.9665,0.095,303.772,0.1,5.8934999999999995,9.972,0.092,303.768,0.1,5.8469999999999995,9.975999999999999,0.0775,303.756,0.1,5.785,9.9815,0.0645,303.736,0.1,5.734999999999999,9.9985,0.058499999999999996,303.721,0.1,5.712999999999999,10.027999999999999,0.0595,303.718,0.1,5.7065,10.059000000000001,0.0665,303.726,0.1,5.6925,10.079,0.0775,303.735,0.1,5.6645,10.0915,0.08349999999999999,303.739,0.1,5.6355,10.1085,0.0765,303.742,0.1,5.621,10.1365,0.064,303.757,0.1,5.629,10.1615,0.0605,303.789,0.1,
6.172499999999999,9.815999999999999,0.16649999999999998,303.717,0.1,6.103,9.844999999999999,0.14100000000000001,303.719,0.1,6.0415,9.866499999999998,0.11649999999999999,303.734,0.1,5.9955,9.8795,0.11,303.751,0.1,5.9685,9.888,0.111,303.764,0.1,5.9445,9.891,0.10650000000000001,303.762,0.1,5.9045,9.8875,0.0995,303.742,0.1,5.8505,9.889,0.092,303.716,0.1,5.802,9.911000000000001,0.08249999999999999,303.704,0.1,5.7735,9.95,0.07450000000000001,303.712,0.1,5.7605,9.984,0.078,303.724,0.1,5.7465,9.997,0.0905,303.722,0.1,5.7219999999999995,10.003,0.0985,303.712,0.1,5.6915,10.025,0.091,303.715,0.1,5.6675,10.064499999999999,0.079,303.742,0.1,5.663,10.0985,0.076,303.784,0.1,
6.2575,9.762,0.24,303.704,0.1,6.179,9.795,0.193,303.706,0.1,6.11,9.818,0.1525,303.71,0.1,6.0565,9.832,0.138,303.721,0.1,6.022,9.842,0.136,303.736,0.1,5.9955,9.846,0.1285,303.741,0.1,5.9615,9.842,0.11649999999999999,303.727,0.1,5.917,9.844,0.10250000000000001,303.704,0.1,5.871499999999999,9.868,0.087,303.694,0.1,5.8355,9.909,0.07550000000000001,303.705,0.1,5.814,9.943,0.07400000000000001,303.714,0.1,5.801,9.953,0.08,303.703,0.1,5.7835,9.957,0.08099999999999999,303.686,0.1,5.755000000000001,9.981,0.07050000000000001,303.69,0.1,5.724500000000001,10.023,0.058499999999999996,303.721,0.1,5.7115,10.058,0.0605,303.756,0.1,
5.1465,10.163,-0.0195,303.753,0.1,5.148,10.193999999999999,-0.0035,303.743,0.1,5.156499999999999,10.1995,0.010499999999999999,303.728,0.1,5.1575,10.1935,0.0115,303.728,0.1,5.140499999999999,10.202,0.0035,303.756,0.1,5.1135,10.229500000000002,0.0,303.789,0.1,5.0995,10.2605,0.011,303.8,0.1,5.1155,10.2805,0.036000000000000004,303.788,0.1,5.1575,10.287500000000001,0.0535,303.77,0.1,5.202,10.2895,0.0455,303.77,0.1,5.2275,10.2895,0.012,303.799,0.1,5.234,10.288,-0.028,303.848,0.1,5.236000000000001,10.285,-0.0545,303.887,0.1,5.2465,10.286000000000001,-0.0615,303.888,0.1,5.2695,10.2945,-0.044,303.852,0.1,5.297,10.307500000000001,-0.0215,303.807,0.1,
5.2010000000000005,10.126000000000001,-0.014499999999999999,303.781,0.1,5.1850000000000005,10.162500000000001,0.0,303.769,0.1,5.1884999999999994,10.1785,0.010499999999999999,303.742,0.1,5.2035,10.181000000000001,0.0095,303.727,0.1,5.2045,10.184999999999999,-0.001,303.742,0.1,5.1815,10.1995,-0.006999999999999999,303.77,0.1,5.1555,10.2225,0.005,303.786,0.1,5.154999999999999,10.247499999999999,0.025,303.785,0.1,5.1845,10.266,0.037,303.774,0.1,5.224,10.2745,0.031,303.772,0.1,5.2524999999999995,10.2765,0.0035,303.796,0.1,5.2635,10.278500000000001,-0.0345,303.845,0.1,5.265499999999999,10.282499999999999,-0.064,303.894,0.1,5.273,10.290500000000002,-0.076,303.914,0.1,5.2965,10.3015,-0.073,303.893,0.1,5.3285,10.314499999999999,-0.061,303.837,0.1,
5.266,10.09,-0.006,303.804,0.1,5.234,10.124500000000001,0.0045000000000000005,303.792,0.1,5.225,10.152000000000001,0.005,303.763,0.1,5.24,10.1725,-0.007,303.74,0.1,5.2515,10.1845,-0.0225,303.741,0.1,5.2385,10.190999999999999,-0.025500000000000002,303.759,0.1,5.212999999999999,10.201,-0.0115,303.779,0.1,5.202999999999999,10.221,0.0035,303.788,0.1,5.2195,10.244499999999999,0.011,303.779,0.1,5.2515,10.262,0.008,303.773,0.1,5.281499999999999,10.271,-0.014,303.794,0.1,5.298,10.277000000000001,-0.0455,303.84,0.1,5.3,10.2845,-0.07,303.897,0.1,5.3,10.295,-0.08499999999999999,303.941,0.1,5.3145,10.305499999999999,-0.0915,303.941,0.1,5.3420000000000005,10.3155,-0.086,303.891,0.1,
5.3325,10.0655,-0.001,303.829,0.1,5.2940000000000005,10.094000000000001,0.0045000000000000005,303.815,0.1,5.274,10.127500000000001,-0.0005,303.787,0.1,5.276,10.1665,-0.020999999999999998,303.765,0.1,5.281499999999999,10.194500000000001,-0.041,303.76,0.1,5.2735,10.2025,-0.0435,303.772,0.1,5.257,10.203,-0.03,303.79,0.1,5.2509999999999994,10.2125,-0.017,303.799,0.1,5.2635000000000005,10.2335,-0.009999999999999998,303.79,0.1,5.288,10.256499999999999,-0.0085,303.781,0.1,5.3149999999999995,10.2715,-0.027000000000000003,303.796,0.1,5.3355,10.2795,-0.0545,303.835,0.1,5.3415,10.285499999999999,-0.07100000000000001,303.895,0.1,5.3365,10.291,-0.082,303.954,0.1,5.338,10.2955,-0.0875,303.976,0.1,5.354,10.2995,-0.0795,303.942,0.1,
5.395,10.054,0.002,303.86,0.1,5.359500000000001,10.078,0.004,303.844,0.1,5.3355,10.113,0.0025,303.816,0.1,5.32,10.163,-0.015,303.799,0.1,5.305,10.2045,-0.037,303.797,0.1,5.291,10.221,-0.046,303.808,0.1,5.2844999999999995,10.2215,-0.039,303.82,0.1,5.2905,10.225000000000001,-0.0275,303.822,0.1,5.307499999999999,10.2405,-0.016,303.812,0.1,5.3285,10.2615,-0.0095,303.799,0.1,5.351000000000001,10.274999999999999,-0.026500000000000003,303.805,0.1,5.3725000000000005,10.2795,-0.054,303.835,0.1,5.384,10.280000000000001,-0.0655,303.889,0.1,5.3815,10.276499999999999,-0.065,303.946,0.1,5.375,10.271,-0.054,303.978,0.1,5.3774999999999995,10.2655,-0.0335,303.968,0.1,
5.4544999999999995,10.05,0.013,303.893,0.1,5.4254999999999995,10.0745,0.0135,303.878,0.1,5.4035,10.1105,0.018000000000000002,303.851,0.1,5.3735,10.162,0.0095,303.837,0.1,5.3355,10.2075,-0.011,303.839,0.1,5.307,10.2325,-0.026500000000000003,303.85,0.1,5.3025,10.242,-0.029,303.86,0.1,5.319000000000001,10.25,-0.020999999999999998,303.859,0.1,5.3425,10.263,-0.0075,303.848,0.1,5.3629999999999995,10.276499999999999,0.001,303.832,0.1,5.381,10.28,-0.013999999999999999,303.826,0.1,5.400499999999999,10.276,-0.041999999999999996,303.844,0.1,5.417,10.269,-0.0525,303.883,0.1,5.420999999999999,10.2575,-0.0405,303.929,0.1,5.414999999999999,10.2415,-0.009000000000000001,303.961,0.1,5.412,10.225999999999999,0.028,303.966,0.1,
5.516500000000001,10.047,0.0385,303.919,0.1,5.4905,10.077,0.0405,303.913,0.1,5.4704999999999995,10.116,0.047,303.893,0.1,5.432,10.162500000000001,0.0395,303.88,0.1,5.3774999999999995,10.202,0.022,303.878,0.1,5.3355,10.2305,0.0075,303.887,0.1,5.3260000000000005,10.253499999999999,0.0015,303.899,0.1,5.3425,10.273499999999999,0.0045000000000000005,303.904,0.1,5.365500000000001,10.288499999999999,0.014,303.896,0.1,5.3825,10.293,0.019,303.877,0.1,5.3975,10.285499999999999,0.0035,303.86,0.1,5.417,10.273,-0.0225,303.864,0.1,5.435499999999999,10.2605,-0.0345,303.89,0.1,5.445,10.243500000000001,-0.017,303.921,0.1,5.447,10.220500000000001,0.0245,303.941,0.1,5.4505,10.198,0.0685,303.946,0.1,
5.584,10.0405,0.07,303.938,0.1,5.557,10.0785,0.079,303.945,0.1,5.5335,10.1205,0.0815,303.939,0.1,5.487,10.158999999999999,0.0665,303.927,0.1,5.425000000000001,10.187999999999999,0.048,303.916,0.1,5.378500000000001,10.217500000000001,0.039999999999999994,303.917,0.1,5.3635,10.253,0.041499999999999995,303.931,0.1,5.371499999999999,10.285499999999999,0.047,303.945,0.1,5.3835,10.3025,0.051,303.944,0.1,5.391,10.3005,0.045,303.926,0.1,5.402,10.287500000000001,0.024,303.904,0.1,5.421,10.273,-0.003,303.899,0.1,5.44,10.2595,-0.013999999999999999,303.913,0.1,5.453,10.241,0.0005,303.931,0.1,5.4635,10.216000000000001,0.032,303.939,0.1,5.4775,10.190000000000001,0.0655,303.935,0.1,
5.6579999999999995,10.032499999999999,0.099,303.947,0.1,5.624499999999999,10.075,0.113,303.966,0.1,5.5915,10.117,0.1115,303.978,0.1,5.539,10.146,0.089,303.972,0.1,5.478,10.167,0.0665,303.954,0.1,5.433999999999999,10.199,0.063,303.943,0.1,5.414,10.2445,0.078,303.954,0.1,5.406499999999999,10.283999999999999,0.0935,303.974,0.1,5.4005,10.3005,0.0945,303.982,0.1,5.3965,10.2955,0.0785,303.969,0.1,5.404,10.284,0.0495,303.949,0.1,5.423,10.276499999999999,0.02,303.94,0.1,5.4405,10.267,0.008,303.948,0.1,5.452,10.249500000000001,0.0125,303.957,0.1,5.465,10.224499999999999,0.0205,303.956,0.1,5.4875,10.1985,0.0305,303.945,0.1,
5.7355,10.036999999999999,0.1245,303.944,0.1,5.695,10.076,0.14150000000000001,303.972,0.1,5.6505,10.1115,0.138,304.0,0.1,5.593999999999999,10.130500000000001,0.114,304.002,0.1,5.539,10.146999999999998,0.09,303.984,0.1,5.5,10.183,0.087,303.967,0.1,5.473000000000001,10.2345,0.107,303.972,0.1,5.448,10.274999999999999,0.128,303.991,0.1,5.4239999999999995,10.288,0.129,304.003,0.1,5.41,10.283,0.1115,303.996,0.1,5.4145,10.280000000000001,0.081,303.98,0.1,5.4315,10.2845,0.0495,303.975,0.1,5.4445,10.2815,0.035500000000000004,303.981,0.1,5.45,10.265,0.0295,303.985,0.1,5.4605,10.241,0.017,303.983,0.1,5.4855,10.218499999999999,0.002,303.973,0.1,
5.797,10.064499999999999,0.139,303.96,0.1,5.753,10.094000000000001,0.1575,303.989,0.1,5.702500000000001,10.116499999999998,0.153,304.022,0.1,5.649,10.125,0.1355,304.028,0.1,5.6035,10.138,0.11649999999999999,304.013,0.1,5.5665,10.176,0.1115,303.999,0.1,5.5285,10.2275,0.1245,304.002,0.1,5.487,10.263,0.1375,304.014,0.1,5.452,10.2715,0.138,304.02,0.1,5.4350000000000005,10.2705,0.1255,304.013,0.1,5.437,10.278500000000001,0.10200000000000001,304.004,0.1,5.4465,10.294,0.0755,304.007,0.1,5.449999999999999,10.2965,0.0625,304.016,0.1,5.4485,10.282499999999999,0.054,304.019,0.1,5.456,10.2635,0.0305,304.016,0.1,5.48,10.246500000000001,-0.001,304.014,0.1,
5.8325,10.094,0.119,304.018,0.1,5.7865,10.1145,0.135,304.039,0.1,5.7375,10.125499999999999,0.1325,304.063,0.1,5.6955,10.1265,0.1275,304.064,0.1,5.664,10.136,0.122,304.049,0.1,5.6275,10.1695,0.11649999999999999,304.043,0.1,5.575,10.211500000000001,0.11449999999999999,304.049,0.1,5.5184999999999995,10.2375,0.1125,304.052,0.1,5.48,10.246500000000001,0.11,304.045,0.1,5.467499999999999,10.2535,0.107,304.033,0.1,5.467499999999999,10.2705,0.0955,304.031,0.1,5.4645,10.29,0.081,304.044,0.1,5.4559999999999995,10.2965,0.074,304.056,0.1,5.4495000000000005,10.2895,0.066,304.056,0.1,5.4545,10.2805,0.0415,304.055,0.1,5.474500000000001,10.271,0.012,304.058,0.1,
5.8665,10.085999999999999,0.0875,304.063,0.1,5.8155,10.104,0.093,304.075,0.1,5.7695,10.1125,0.0945,304.091,0.1,5.74,10.114,0.1,304.091,0.1,5.7215,10.122,0.1075,304.08,0.1,5.686999999999999,10.1435,0.10400000000000001,304.078,0.1,5.625,10.166,0.0895,304.079,0.1,5.559,10.182500000000001,0.07600000000000001,304.071,0.1,5.519500000000001,10.199,0.07200000000000001,304.057,0.1,5.5095,10.219000000000001,0.074,304.048,0.1,5.5065,10.242,0.0755,304.051,0.1,5.494,10.2575,0.0755,304.064,0.1,5.4765,10.265,0.076,304.072,0.1,5.4645,10.2695,0.069,304.073,0.1,5.463,10.2745,0.05,304.078,0.1,5.4745,10.275500000000001,0.0345,304.091,0.1,
5.923,10.026499999999999,0.109,304.059,0.1,5.862500000000001,10.051,0.0985,304.068,0.1,5.8134999999999994,10.064499999999999,0.092,304.085,0.1,5.7875,10.072,0.095,304.093,0.1,5.775,10.08,0.10350000000000001,304.095,0.1,5.7455,10.088000000000001,0.101,304.091,0.1,5.6855,10.092,0.089,304.076,0.1,5.6195,10.1025,0.0775,304.055,0.1,5.577500000000001,10.1295,0.0695,304.045,0.1,5.562,10.163499999999999,0.068,304.049,0.1,5.5535,10.188500000000001,0.07300000000000001,304.056,0.1,5.5385,10.197500000000002,0.08499999999999999,304.058,0.1,5.519,10.204,0.093,304.055,0.1,5.5015,10.2205,0.086,304.058,0.1,5.4895,10.2405,0.07150000000000001,304.074,0.1,5.49,10.252,0.0645,304.104,0.1,
5.993,9.931999999999999,0.184,304.043,0.1,5.923,9.9655,0.1555,304.053,0.1,5.8675,9.986,0.13,304.068,0.1,5.8365,9.9995,0.1225,304.081,0.1,5.821,10.0085,0.122,304.092,0.1,5.7955000000000005,10.009,0.11699999999999999,304.086,0.1,5.747,10.005,0.111,304.061,0.1,5.689,10.0155,0.10450000000000001,304.036,0.1,5.6434999999999995,10.05,0.094,304.032,0.1,5.6165,10.0915,0.08399999999999999,304.048,0.1,5.601,10.1155,0.086,304.057,0.1,5.589,10.120000000000001,0.0995,304.046,0.1,5.574,10.126999999999999,0.1085,304.032,0.1,5.5525,10.151499999999999,0.10200000000000001,304.037,0.1,5.5305,10.181000000000001,0.0885,304.062,0.1,5.5235,10.198,0.08349999999999999,304.099,0.1,
6.0760000000000005,9.879,0.26,304.025,0.1,5.9955,9.916,0.21100000000000002,304.034,0.1,5.9305,9.94,0.16899999999999998,304.042,0.1,5.8895,9.956,0.153,304.054,0.1,5.867,9.966,0.1485,304.068,0.1,5.843999999999999,9.965,0.1405,304.067,0.1,5.8075,9.96,0.1285,304.046,0.1,5.7595,9.972,0.11499999999999999,304.024,0.1,5.711,10.009,0.0995,304.024,0.1,5.672,10.052,0.087,304.042,0.1,5.65,10.075,0.08399999999999999,304.048,0.1,5.643000000000001,10.078,0.0895,304.03,0.1,5.6345,10.086,0.091,304.012,0.1,5.6105,10.113,0.08149999999999999,304.018,0.1,5.5809999999999995,10.145,0.07100000000000001,304.044,0.1,5.5705,10.163,0.07050000000000001,304.071,0.1,
4.9855,10.156500000000001,-0.013000000000000001,304.048,0.1,4.9885,10.184000000000001,0.0,304.038,0.1,5.0005,10.193000000000001,0.0115,304.024,0.1,5.004,10.1935,0.012,304.027,0.1,4.9879999999999995,10.204,0.006500000000000001,304.054,0.1,4.964,10.23,0.006,304.08,0.1,4.9565,10.259,0.017,304.085,0.1,4.98,10.2745,0.0385,304.069,0.1,5.025,10.274999999999999,0.0525,304.045,0.1,5.066,10.267,0.042499999999999996,304.036,0.1,5.0835,10.2545,0.0095,304.056,0.1,5.077999999999999,10.2395,-0.0295,304.099,0.1,5.0655,10.223500000000001,-0.0555,304.134,0.1,5.061,10.211500000000001,-0.0625,304.134,0.1,5.072,10.212,-0.0455,304.1,0.1,5.093999999999999,10.2225,-0.024,304.057,0.1,
5.0440000000000005,10.1195,-0.006999999999999999,304.072,0.1,5.031000000000001,10.154,0.006,304.06,0.1,5.039,10.174,0.013000000000000001,304.039,0.1,5.055,10.1815,0.009,304.028,0.1,5.0545,10.188500000000001,-0.0005,304.042,0.1,5.032,10.2035,-0.003,304.062,0.1,5.011,10.225999999999999,0.010499999999999999,304.073,0.1,5.0169999999999995,10.247,0.028499999999999998,304.07,0.1,5.052,10.258,0.037,304.054,0.1,5.094,10.2575,0.028499999999999998,304.043,0.1,5.1185,10.2485,0.0,304.058,0.1,5.118,10.2375,-0.037,304.099,0.1,5.1045,10.228,-0.0655,304.144,0.1,5.097,10.219999999999999,-0.0775,304.161,0.1,5.1080000000000005,10.2195,-0.075,304.141,0.1,5.132,10.229500000000002,-0.0635,304.089,0.1,
5.112500000000001,10.082,0.0,304.09,0.1,5.0845,10.118500000000001,0.011,304.078,0.1,5.0809999999999995,10.1515,0.009,304.057,0.1,5.0969999999999995,10.1755,-0.007,304.043,0.1,5.106,10.188,-0.0235,304.043,0.1,5.0920000000000005,10.194500000000001,-0.0245,304.054,0.1,5.068,10.2055,-0.0085,304.068,0.1,5.0625,10.224499999999999,0.006,304.073,0.1,5.087,10.243500000000001,0.011,304.061,0.1,5.1259999999999994,10.254,0.0055,304.05,0.1,5.156499999999999,10.251999999999999,-0.018000000000000002,304.062,0.1,5.164,10.2445,-0.0485,304.099,0.1,5.150499999999999,10.237,-0.072,304.15,0.1,5.135,10.229,-0.0865,304.189,0.1,5.138,10.2255,-0.0925,304.19,0.1,5.1579999999999995,10.231,-0.0875,304.143,0.1,
5.1855,10.056000000000001,0.0035,304.112,0.1,5.1515,10.0905,0.0095,304.097,0.1,5.1365,10.132000000000001,0.003,304.08,0.1,5.138999999999999,10.173,-0.0195,304.068,0.1,5.1425,10.1965,-0.041,304.064,0.1,5.133,10.2025,-0.044,304.069,0.1,5.116,10.205,-0.03,304.08,0.1,5.1114999999999995,10.2175,-0.0175,304.085,0.1,5.1305,10.2395,-0.0115,304.073,0.1,5.165,10.2575,-0.0115,304.061,0.1,5.197,10.262,-0.031,304.07,0.1,5.2105,10.2555,-0.057499999999999996,304.101,0.1,5.2015,10.2455,-0.073,304.151,0.1,5.182,10.2335,-0.082,304.203,0.1,5.1735,10.223500000000001,-0.086,304.223,0.1,5.183,10.2195,-0.078,304.193,0.1,
5.258,10.0455,0.006,304.142,0.1,5.227,10.077,0.0075,304.124,0.1,5.205500000000001,10.121,0.0055,304.106,0.1,5.189500000000001,10.171,-0.0125,304.098,0.1,5.1745,10.205,-0.035,304.099,0.1,5.1605,10.217,-0.0455,304.105,0.1,5.152,10.2195,-0.0405,304.111,0.1,5.157,10.229,-0.0305,304.108,0.1,5.1775,10.2495,-0.019999999999999997,304.095,0.1,5.207,10.2685,-0.013,304.082,0.1,5.2355,10.2735,-0.0295,304.084,0.1,5.2524999999999995,10.264,-0.0565,304.107,0.1,5.2509999999999994,10.249,-0.0665,304.15,0.1,5.234999999999999,10.231,-0.0645,304.197,0.1,5.22,10.2125,-0.051500000000000004,304.226,0.1,5.217499999999999,10.1965,-0.0305,304.217,0.1,
5.3309999999999995,10.0465,0.017,304.175,0.1,5.3055,10.077,0.016,304.159,0.1,5.281499999999999,10.1195,0.020499999999999997,304.139,0.1,5.249499999999999,10.169,0.0125,304.132,0.1,5.214,10.2075,-0.006999999999999999,304.137,0.1,5.189,10.227,-0.0235,304.148,0.1,5.1835,10.2375,-0.0295,304.153,0.1,5.1965,10.251000000000001,-0.0245,304.147,0.1,5.22,10.2695,-0.012,304.132,0.1,5.244999999999999,10.283999999999999,-0.0025,304.115,0.1,5.2675,10.282499999999999,-0.016,304.108,0.1,5.2844999999999995,10.2675,-0.0435,304.12,0.1,5.29,10.2475,-0.0535,304.15,0.1,5.281499999999999,10.225,-0.0395,304.185,0.1,5.2675,10.199,-0.006500000000000001,304.21,0.1,5.26,10.1725,0.0305,304.214,0.1,
5.4055,10.0535,0.043,304.205,0.1,5.3825,10.0855,0.0435,304.197,0.1,5.3565000000000005,10.124500000000001,0.049,304.18,0.1,5.314,10.1665,0.043,304.168,0.1,5.264,10.2025,0.0275,304.17,0.1,5.229,10.2285,0.012,304.183,0.1,5.221,10.25,0.0025,304.195,0.1,5.234,10.2715,0.002,304.195,0.1,5.254,10.2895,0.010499999999999999,304.182,0.1,5.2725,10.2965,0.0165,304.16,0.1,5.29,10.288,0.0025,304.142,0.1,5.3065,10.269,-0.024,304.142,0.1,5.3155,10.246,-0.036000000000000004,304.16,0.1,5.3125,10.222,-0.017,304.181,0.1,5.305,10.193,0.025500000000000002,304.195,0.1,5.3025,10.1605,0.069,304.197,0.1,
5.484,10.061,0.076,304.227,0.1,5.4575,10.0945,0.083,304.232,0.1,5.426,10.129000000000001,0.08449999999999999,304.223,0.1,5.377,10.1615,0.07150000000000001,304.209,0.1,5.3215,10.190999999999999,0.0545,304.202,0.1,5.282,10.222000000000001,0.0455,304.211,0.1,5.269,10.254,0.044,304.228,0.1,5.2735,10.282499999999999,0.0475,304.237,0.1,5.281499999999999,10.2995,0.0505,304.23,0.1,5.2895,10.301,0.045,304.209,0.1,5.3025,10.2905,0.0235,304.186,0.1,5.32,10.271999999999998,-0.005,304.178,0.1,5.3305,10.249500000000001,-0.016,304.186,0.1,5.3294999999999995,10.2265,-0.0005,304.195,0.1,5.327,10.199,0.0315,304.196,0.1,5.332,10.165500000000002,0.064,304.19,0.1,
5.563000000000001,10.067499999999999,0.105,304.241,0.1,5.53,10.0995,0.1185,304.258,0.1,5.491,10.129000000000001,0.11649999999999999,304.26,0.1,5.439,10.152000000000001,0.095,304.247,0.1,5.385,10.1765,0.07350000000000001,304.234,0.1,5.346,10.211,0.069,304.235,0.1,5.3260000000000005,10.250499999999999,0.0815,304.251,0.1,5.316000000000001,10.282,0.096,304.266,0.1,5.3085,10.2975,0.0975,304.266,0.1,5.3055,10.298,0.0815,304.25,0.1,5.314500000000001,10.2905,0.0505,304.23,0.1,5.3325,10.277999999999999,0.018000000000000002,304.22,0.1,5.3435,10.26,0.0055,304.221,0.1,5.3405000000000005,10.238,0.0115,304.223,0.1,5.336,10.213000000000001,0.02,304.217,0.1,5.3455,10.182500000000001,0.028,304.204,0.1,
5.6405,10.083,0.129,304.244,0.1,5.6005,10.108,0.146,304.266,0.1,5.5545,10.1295,0.1435,304.28,0.1,5.5024999999999995,10.144,0.12,304.274,0.1,5.4535,10.165,0.0965,304.261,0.1,5.4155,10.201,0.0925,304.257,0.1,5.3875,10.244,0.111,304.267,0.1,5.3625,10.275,0.1315,304.282,0.1,5.339499999999999,10.289000000000001,0.1335,304.286,0.1,5.326499999999999,10.2915,0.11599999999999999,304.277,0.1,5.3315,10.292,0.0825,304.262,0.1,5.3485,10.2895,0.047,304.254,0.1,5.359,10.276499999999999,0.0325,304.255,0.1,5.353,10.254999999999999,0.0285,304.253,0.1,5.343500000000001,10.2315,0.0155,304.246,0.1,5.3505,10.2065,-0.0015,304.234,0.1,
5.7015,10.115,0.14150000000000001,304.262,0.1,5.659000000000001,10.129999999999999,0.1605,304.283,0.1,5.612,10.14,0.157,304.3,0.1,5.5655,10.1465,0.14,304.298,0.1,5.5235,10.163,0.121,304.288,0.1,5.484999999999999,10.197,0.11599999999999999,304.285,0.1,5.446,10.238,0.1295,304.292,0.1,5.407,10.266,0.14300000000000002,304.301,0.1,5.375,10.278500000000001,0.1435,304.303,0.1,5.3575,10.285499999999999,0.13,304.295,0.1,5.3575,10.2955,0.1035,304.285,0.1,5.3685,10.3025,0.0745,304.285,0.1,5.374499999999999,10.2945,0.061,304.289,0.1,5.366,10.2745,0.0535,304.288,0.1,5.3535,10.2535,0.0295,304.282,0.1,5.356,10.234,-0.0045000000000000005,304.275,0.1,
5.7395,10.1455,0.123,304.317,0.1,5.6975,10.154,0.1385,304.329,0.1,5.656000000000001,10.155,0.137,304.337,0.1,5.6205,10.1555,0.1315,304.332,0.1,5.5885,10.1665,0.1255,304.323,0.1,5.5489999999999995,10.193,0.121,304.323,0.1,5.4990000000000006,10.224499999999999,0.1215,304.331,0.1,5.4495000000000005,10.247499999999999,0.121,304.335,0.1,5.4135,10.261,0.118,304.328,0.1,5.395,10.274000000000001,0.112,304.317,0.1,5.3895,10.290500000000002,0.0985,304.311,0.1,5.390000000000001,10.303,0.083,304.318,0.1,5.388999999999999,10.301,0.076,304.327,0.1,5.38,10.2865,0.068,304.327,0.1,5.3675,10.2715,0.042,304.322,0.1,5.3655,10.256499999999999,0.009999999999999998,304.319,0.1,
5.7745,10.143,0.0965,304.356,0.1,5.73,10.1525,0.1005,304.36,0.1,5.694,10.152999999999999,0.101,304.364,0.1,5.6695,10.153,0.1055,304.358,0.1,5.647,10.158999999999999,0.112,304.35,0.1,5.6085,10.173,0.1105,304.35,0.1,5.5515,10.190000000000001,0.1,304.354,0.1,5.4955,10.207,0.088,304.351,0.1,5.4585,10.225000000000001,0.08199999999999999,304.341,0.1,5.4399999999999995,10.245000000000001,0.0805,304.332,0.1,5.429,10.265,0.0805,304.329,0.1,5.42,10.278500000000001,0.081,304.335,0.1,5.4115,10.282,0.082,304.343,0.1,5.4,10.278500000000001,0.0745,304.346,0.1,5.385999999999999,10.273,0.0535,304.347,0.1,5.38,10.2635,0.035,304.352,0.1,
5.8255,10.0945,0.1225,304.349,0.1,5.7745,10.1125,0.1095,304.354,0.1,5.7375,10.120000000000001,0.1015,304.362,0.1,5.7155000000000005,10.123000000000001,0.10300000000000001,304.364,0.1,5.697,10.1255,0.11,304.362,0.1,5.663,10.128499999999999,0.1095,304.356,0.1,5.609,10.1325,0.101,304.345,0.1,5.553,10.1455,0.0905,304.333,0.1,5.513999999999999,10.169,0.08049999999999999,304.33,0.1,5.492,10.1955,0.0755,304.333,0.1,5.4765,10.216000000000001,0.0795,304.331,0.1,5.4625,10.2275,0.0925,304.327,0.1,5.449,10.2365,0.101,304.327,0.1,5.4325,10.2455,0.094,304.334,0.1,5.4145,10.251000000000001,0.078,304.346,0.1,5.406,10.2485,0.068,304.365,0.1,
5.889,10.0095,0.2015,304.327,0.1,5.829000000000001,10.038499999999999,0.16999999999999998,304.339,0.1,5.786,10.0545,0.14350000000000002,304.35,0.1,5.759,10.062,0.1335,304.357,0.1,5.7385,10.063500000000001,0.1315,304.36,0.1,5.7095,10.061499999999999,0.127,304.348,0.1,5.665,10.061,0.123,304.326,0.1,5.615,10.0735,0.11699999999999999,304.312,0.1,5.573,10.1005,0.10600000000000001,304.317,0.1,5.5440000000000005,10.1295,0.094,304.33,0.1,5.5255,10.1485,0.0945,304.33,0.1,5.5120000000000005,10.158,0.108,304.315,0.1,5.4975000000000005,10.1715,0.118,304.305,0.1,5.476,10.190000000000001,0.1115,304.313,0.1,5.452999999999999,10.2045,0.0975,304.334,0.1,5.444,10.2085,0.09,304.361,0.1,
5.9645,9.96,0.28,304.304,0.1,5.894500000000001,9.994,0.22949999999999998,304.317,0.1,5.8405000000000005,10.014,0.1855,304.327,0.1,5.804,10.024,0.16699999999999998,304.336,0.1,5.7795000000000005,10.026,0.16,304.34,0.1,5.755,10.023,0.151,304.33,0.1,5.721,10.023,0.1395,304.31,0.1,5.677,10.036,0.127,304.298,0.1,5.6315,10.064,0.11249999999999999,304.306,0.1,5.595000000000001,10.093,0.099,304.321,0.1,5.5745000000000005,10.111,0.094,304.321,0.1,5.5655,10.12,0.0985,304.302,0.1,5.5525,10.135,0.1005,304.288,0.1,5.5265,10.157,0.0925,304.293,0.1,5.497999999999999,10.175,0.08249999999999999,304.313,0.1,5.489,10.182,0.08,304.335,0.1,
4.85,10.126,-0.0075,304.34,0.1,4.8535,10.1515,0.0035,304.329,0.1,4.868,10.164000000000001,0.0125,304.317,0.1,4.8735,10.1705,0.012,304.321,0.1,4.859,10.182500000000001,0.0095,304.346,0.1,4.838,10.207,0.012,304.365,0.1,4.837,10.233,0.0225,304.366,0.1,4.8675,10.245000000000001,0.0405,304.347,0.1,4.9145,10.24,0.0505,304.318,0.1,4.952,10.222999999999999,0.0395,304.3,0.1,4.962,10.2,0.0075,304.312,0.1,4.946,10.173,-0.028999999999999998,304.351,0.1,4.919499999999999,10.1445,-0.055,304.383,0.1,4.900499999999999,10.1205,-0.062,304.381,0.1,4.9,10.115,-0.046,304.348,0.1,4.916,10.125,-0.026000000000000002,304.309,0.1,
4.9115,10.090499999999999,0.0005,304.359,0.1,4.9005,10.123000000000001,0.012,304.349,0.1,4.9115,10.146,0.015,304.331,0.1,4.928,10.159500000000001,0.0085,304.324,0.1,4.9265,10.169,0.0,304.335,0.1,4.9055,10.1845,0.0015,304.349,0.1,4.889,10.2065,0.0155,304.355,0.1,4.9015,10.2235,0.0315,304.35,0.1,4.942,10.228,0.036000000000000004,304.331,0.1,4.986,10.218,0.0245,304.312,0.1,5.007,10.1995,-0.0035,304.318,0.1,4.996,10.1775,-0.038,304.353,0.1,4.967499999999999,10.154499999999999,-0.065,304.394,0.1,4.945,10.132,-0.0775,304.41,0.1,4.9435,10.121500000000001,-0.076,304.39,0.1,4.96,10.129999999999999,-0.066,304.342,0.1,
4.9830000000000005,10.0535,0.006999999999999999,304.372,0.1,4.9585,10.090499999999999,0.0175,304.361,0.1,4.959,10.1275,0.012,304.349,0.1,4.975,10.155000000000001,-0.0075,304.34,0.1,4.982,10.1685,-0.024,304.339,0.1,4.9670000000000005,10.1755,-0.023,304.343,0.1,4.945,10.188500000000001,-0.0055,304.351,0.1,4.9445,10.2055,0.008,304.354,0.1,4.976,10.2205,0.0095,304.34,0.1,5.0225,10.222999999999999,0.001,304.323,0.1,5.0535,10.2105,-0.0225,304.327,0.1,5.051,10.190999999999999,-0.051000000000000004,304.358,0.1,5.023,10.1695,-0.0725,304.402,0.1,4.994,10.146,-0.086,304.438,0.1,4.986,10.1295,-0.0925,304.439,0.1,4.997999999999999,10.131,-0.0885,304.396,0.1,
5.0615000000000006,10.026499999999999,0.009000000000000001,304.39,0.1,5.031,10.0655,0.015,304.376,0.1,5.02,10.1135,0.006500000000000001,304.368,0.1,5.0235,10.154499999999999,-0.0185,304.365,0.1,5.025,10.175,-0.041,304.361,0.1,5.0135,10.18,-0.044,304.36,0.1,4.996,10.185500000000001,-0.0295,304.364,0.1,4.9935,10.201,-0.018,304.365,0.1,5.0195,10.222999999999999,-0.014,304.352,0.1,5.0634999999999994,10.236,-0.0155,304.338,0.1,5.099,10.2295,-0.035500000000000004,304.342,0.1,5.106,10.209499999999998,-0.0605,304.365,0.1,5.0835,10.185,-0.0735,304.407,0.1,5.0504999999999995,10.158000000000001,-0.0805,304.453,0.1,5.0329999999999995,10.1345,-0.0835,304.472,0.1,5.0365,10.124500000000001,-0.0765,304.444,0.1,
5.1434999999999995,10.016,0.0095,304.418,0.1,5.116,10.0545,0.010499999999999999,304.4,0.1,5.0954999999999995,10.1065,0.008,304.392,0.1,5.0794999999999995,10.154499999999999,-0.009999999999999998,304.393,0.1,5.0649999999999995,10.1815,-0.033,304.396,0.1,5.051,10.190000000000001,-0.045,304.397,0.1,5.0405,10.1955,-0.0415,304.396,0.1,5.0440000000000005,10.211500000000001,-0.033,304.389,0.1,5.0685,10.2355,-0.024,304.374,0.1,5.1065000000000005,10.2525,-0.0175,304.36,0.1,5.140499999999999,10.2485,-0.0335,304.36,0.1,5.1530000000000005,10.2255,-0.059,304.376,0.1,5.139,10.1965,-0.067,304.409,0.1,5.1105,10.1665,-0.062,304.448,0.1,5.088,10.1365,-0.048,304.474,0.1,5.081,10.1125,-0.0275,304.467,0.1,
5.2275,10.0215,0.02,304.451,0.1,5.205,10.058,0.018000000000000002,304.435,0.1,5.1785,10.1065,0.023,304.422,0.1,5.145,10.152999999999999,0.016,304.421,0.1,5.1125,10.183499999999999,-0.003,304.43,0.1,5.090999999999999,10.1985,-0.0215,304.44,0.1,5.0845,10.2105,-0.0305,304.44,0.1,5.093999999999999,10.23,-0.027999999999999997,304.429,0.1,5.1175,10.253,-0.0165,304.411,0.1,5.1475,10.267499999999998,-0.006,304.394,0.1,5.1745,10.2615,-0.019000000000000003,304.386,0.1,5.189,10.2355,-0.0455,304.393,0.1,5.184,10.2035,-0.0545,304.414,0.1,5.1625,10.1725,-0.038,304.439,0.1,5.140499999999999,10.139,-0.0035,304.459,0.1,5.129,10.104,0.033,304.462,0.1,
5.314,10.037500000000001,0.046,304.483,0.1,5.292,10.071000000000002,0.0455,304.475,0.1,5.26,10.111,0.051000000000000004,304.46,0.1,5.215,10.1495,0.0475,304.452,0.1,5.17,10.18,0.033,304.458,0.1,5.141,10.203,0.0155,304.474,0.1,5.1335,10.2235,0.003,304.484,0.1,5.1425,10.246500000000001,0.0,304.479,0.1,5.1594999999999995,10.267,0.008,304.462,0.1,5.1795,10.276499999999999,0.013999999999999999,304.439,0.1,5.2005,10.268,0.0005,304.421,0.1,5.2155000000000005,10.2415,-0.026500000000000003,304.418,0.1,5.2155000000000005,10.209,-0.0375,304.428,0.1,5.2005,10.179,-0.0165,304.44,0.1,5.1825,10.1465,0.027,304.447,0.1,5.1735,10.107,0.0695,304.446,0.1,
5.4,10.057,0.08,304.509,0.1,5.3745,10.086500000000001,0.08549999999999999,304.513,0.1,5.3365,10.116,0.0875,304.501,0.1,5.285,10.1435,0.077,304.485,0.1,5.234999999999999,10.1725,0.061,304.483,0.1,5.202500000000001,10.2025,0.05,304.5,0.1,5.1905,10.231,0.0455,304.519,0.1,5.191,10.254999999999999,0.0475,304.523,0.1,5.1965,10.2725,0.05,304.51,0.1,5.205500000000001,10.279,0.045,304.486,0.1,5.2205,10.2705,0.0225,304.464,0.1,5.237,10.247,-0.0075,304.454,0.1,5.24,10.216999999999999,-0.018500000000000003,304.456,0.1,5.2255,10.189499999999999,-0.001,304.457,0.1,5.209,10.161,0.0315,304.451,0.1,5.205,10.123000000000001,0.0625,304.442,0.1,
5.4830000000000005,10.077,0.109,304.528,0.1,5.4505,10.1,0.122,304.541,0.1,5.407,10.119,0.121,304.535,0.1,5.355499999999999,10.1375,0.101,304.517,0.1,5.307,10.164,0.08,304.51,0.1,5.272,10.1985,0.0745,304.522,0.1,5.252000000000001,10.232,0.08449999999999999,304.542,0.1,5.24,10.256,0.098,304.551,0.1,5.2315000000000005,10.271,0.1,304.545,0.1,5.2295,10.2775,0.0835,304.527,0.1,5.24,10.273,0.0505,304.507,0.1,5.258,10.256,0.015,304.496,0.1,5.264,10.2295,0.002,304.493,0.1,5.2485,10.204,0.010499999999999999,304.487,0.1,5.227,10.1795,0.02,304.475,0.1,5.2219999999999995,10.1465,0.0265,304.459,0.1,
5.5595,10.103,0.131,304.534,0.1,5.521,10.1165,0.149,304.551,0.1,5.4745,10.125,0.1475,304.552,0.1,5.4265,10.1365,0.1255,304.539,0.1,5.382,10.16,0.10200000000000001,304.533,0.1,5.3445,10.195,0.097,304.54,0.1,5.3149999999999995,10.229,0.1145,304.555,0.1,5.289999999999999,10.252500000000001,0.1345,304.566,0.1,5.2684999999999995,10.267,0.1375,304.564,0.1,5.2565,10.276499999999999,0.119,304.553,0.1,5.262,10.280000000000001,0.0825,304.539,0.1,5.2805,10.271,0.044,304.529,0.1,5.2895,10.247499999999999,0.028999999999999998,304.526,0.1,5.2735,10.222,0.0275,304.519,0.1,5.246,10.199,0.0155,304.507,0.1,5.2345,10.1725,-0.0035,304.491,0.1,
5.6195,10.139,0.1425,304.555,0.1,5.58,10.142,0.1625,304.568,0.1,5.5365,10.1405,0.16,304.57,0.1,5.4955,10.1455,0.1435,304.561,0.1,5.4565,10.1645,0.1245,304.558,0.1,5.4165,10.194500000000001,0.1195,304.564,0.1,5.3765,10.224,0.134,304.575,0.1,5.3405000000000005,10.246500000000001,0.148,304.582,0.1,5.311,10.2625,0.148,304.581,0.1,5.292,10.277,0.1335,304.572,0.1,5.289999999999999,10.288499999999999,0.104,304.562,0.1,5.3035,10.286999999999999,0.0725,304.558,0.1,5.3125,10.268,0.058499999999999996,304.559,0.1,5.298,10.2425,0.0525,304.555,0.1,5.2684999999999995,10.219999999999999,0.029,304.544,0.1,5.250500000000001,10.1985,-0.006500000000000001,304.532,0.1,
5.66,10.1705,0.126,304.606,0.1,5.622,10.168,0.14100000000000001,304.609,0.1,5.587,10.161,0.14,304.603,0.1,5.557,10.161000000000001,0.134,304.594,0.1,5.5245,10.173,0.128,304.589,0.1,5.482,10.192499999999999,0.1255,304.596,0.1,5.434,10.2135,0.128,304.608,0.1,5.3905,10.234,0.1285,304.612,0.1,5.357,10.251999999999999,0.1245,304.606,0.1,5.3335,10.270499999999998,0.11599999999999999,304.594,0.1,5.323,10.286999999999999,0.101,304.586,0.1,5.327,10.292,0.084,304.588,0.1,5.3325,10.2805,0.0765,304.595,0.1,5.3215,10.2595,0.0685,304.595,0.1,5.294,10.239,0.042499999999999996,304.587,0.1,5.2725,10.2195,0.009,304.576,0.1,
5.695,10.174,0.10450000000000001,304.639,0.1,5.657,10.175,0.1065,304.637,0.1,5.63,10.1695,0.1065,304.629,0.1,5.609,10.1675,0.1095,304.619,0.1,5.582000000000001,10.1715,0.1155,304.613,0.1,5.5405,10.178999999999998,0.11699999999999999,304.616,0.1,5.4895,10.19,0.1095,304.624,0.1,5.442,10.207,0.099,304.625,0.1,5.406000000000001,10.2265,0.091,304.619,0.1,5.38,10.247,0.087,304.61,0.1,5.3629999999999995,10.265,0.08549999999999999,304.601,0.1,5.357,10.2755,0.086,304.602,0.1,5.3555,10.2745,0.0865,304.611,0.1,5.3445,10.2635,0.0785,304.616,0.1,5.32,10.247499999999999,0.0565,304.613,0.1,5.2989999999999995,10.229,0.036000000000000004,304.608,0.1,
5.741,10.137,0.135,304.628,0.1,5.6985,10.148499999999999,0.12,304.63,0.1,5.672000000000001,10.1505,0.11,304.631,0.1,5.6525,10.1495,0.11,304.628,0.1,5.6285,10.147,0.11599999999999999,304.623,0.1,5.590999999999999,10.146,0.118,304.616,0.1,5.542999999999999,10.1495,0.112,304.609,0.1,5.496499999999999,10.163499999999999,0.10250000000000001,304.605,0.1,5.4595,10.183499999999999,0.091,304.609,0.1,5.4315,10.204,0.08349999999999999,304.609,0.1,5.41,10.2205,0.087,304.6,0.1,5.397,10.235,0.0995,304.592,0.1,5.388,10.2445,0.108,304.595,0.1,5.373,10.245999999999999,0.101,304.605,0.1,5.35,10.2375,0.08349999999999999,304.613,0.1,5.3335,10.222000000000001,0.07150000000000001,304.622,0.1,
5.7985,10.064,0.218,304.603,0.1,5.747999999999999,10.087499999999999,0.184,304.615,0.1,5.715,10.0985,0.1555,304.623,0.1,5.691,10.1005,0.14400000000000002,304.625,0.1,5.666499999999999,10.096499999999999,0.1405,304.62,0.1,5.634499999999999,10.092,0.1365,304.604,0.1,5.593999999999999,10.093499999999999,0.134,304.587,0.1,5.551,10.107,0.1285,304.583,0.1,5.5125,10.1265,0.11699999999999999,304.595,0.1,5.4815000000000005,10.1445,0.10400000000000001,304.604,0.1,5.459,10.1585,0.10350000000000001,304.596,0.1,5.4445,10.1745,0.11599999999999999,304.579,0.1,5.4305,10.192,0.1265,304.574,0.1,5.409,10.204,0.12,304.584,0.1,5.385,10.2045,0.106,304.6,0.1,5.374,10.196000000000002,0.096,304.618,0.1,
5.8665,10.02,0.2985,304.574,0.1,5.806,10.049,0.247,304.592,0.1,5.761,10.064,0.2015,304.603,0.1,5.728,10.068,0.1805,304.608,0.1,5.702,10.065,0.17149999999999999,304.603,0.1,5.676500000000001,10.06,0.161,304.587,0.1,5.644500000000001,10.062,0.1505,304.569,0.1,5.6045,10.076,0.139,304.566,0.1,5.5625,10.095,0.125,304.58,0.1,5.5280000000000005,10.111,0.111,304.592,0.1,5.508,10.124,0.10400000000000001,304.587,0.1,5.497,10.14,0.107,304.568,0.1,5.48,10.161,0.1095,304.557,0.1,5.451499999999999,10.177,0.10350000000000001,304.563,0.1,5.425,10.182,0.093,304.577,0.1,5.418,10.178,0.0885,304.594,0.1,
4.839499999999999,9.9825,-0.002,304.61,0.1,4.842499999999999,10.004999999999999,0.006999999999999999,304.603,0.1,4.855,10.021,0.013,304.589,0.1,4.861000000000001,10.032499999999999,0.0125,304.587,0.1,4.85,10.044,0.0125,304.606,0.1,4.8345,10.062999999999999,0.0175,304.625,0.1,4.8375,10.083,0.0275,304.627,0.1,4.8685,10.0935,0.041,304.607,0.1,4.914,10.0885,0.0475,304.576,0.1,4.9485,10.072,0.036500000000000005,304.556,0.1,4.955,10.0455,0.006500000000000001,304.567,0.1,4.9325,10.0115,-0.0275,304.604,0.1,4.8955,9.976500000000001,-0.053,304.636,0.1,4.864000000000001,9.9515,-0.0605,304.634,0.1,4.8535,9.947,-0.046,304.602,0.1,4.8675,9.957,-0.028499999999999998,304.566,0.1,
4.9025,9.95,0.008,304.625,0.1,4.8925,9.9785,0.018000000000000002,304.621,0.1,4.901999999999999,10.002,0.017,304.605,0.1,4.916,10.0195,0.0075,304.592,0.1,4.914,10.032,0.0005,304.595,0.1,4.8965,10.048,0.006,304.607,0.1,4.8855,10.065999999999999,0.020999999999999998,304.614,0.1,4.901999999999999,10.079,0.034,304.609,0.1,4.945,10.08,0.034,304.589,0.1,4.9885,10.068000000000001,0.019999999999999997,304.569,0.1,5.005,10.0455,-0.006500000000000001,304.573,0.1,4.987,10.0175,-0.038,304.607,0.1,4.949,9.9875,-0.0635,304.646,0.1,4.915,9.96,-0.0765,304.662,0.1,4.9035,9.9485,-0.0765,304.644,0.1,4.916,9.9595,-0.068,304.598,0.1,
4.975,9.9155,0.014499999999999999,304.633,0.1,4.952500000000001,9.951,0.024,304.63,0.1,4.952999999999999,9.9845,0.014499999999999999,304.622,0.1,4.965999999999999,10.0115,-0.008,304.611,0.1,4.9695,10.028,-0.0245,304.602,0.1,4.9544999999999995,10.04,-0.020999999999999998,304.601,0.1,4.936999999999999,10.054,-0.002,304.607,0.1,4.9425,10.068999999999999,0.009999999999999998,304.611,0.1,4.98,10.079,0.007,304.598,0.1,5.0295000000000005,10.0765,-0.0045000000000000005,304.581,0.1,5.0575,10.058,-0.027000000000000003,304.584,0.1,5.0475,10.032499999999999,-0.0525,304.611,0.1,5.0105,10.004,-0.0715,304.653,0.1,4.9725,9.9735,-0.084,304.69,0.1,4.9565,9.954,-0.0915,304.693,0.1,4.964,9.9585,-0.0895,304.652,0.1,
5.0555,9.8895,0.015,304.644,0.1,5.0265,9.9305,0.020499999999999997,304.639,0.1,5.016,9.974,0.0095,304.639,0.1,5.018,10.009,-0.0175,304.637,0.1,5.0169999999999995,10.0295,-0.041,304.628,0.1,5.004,10.039,-0.0435,304.619,0.1,4.987,10.0505,-0.0285,304.619,0.1,4.989000000000001,10.0685,-0.018,304.62,0.1,5.022,10.087499999999999,-0.0175,304.61,0.1,5.072,10.094,-0.020999999999999998,304.598,0.1,5.1080000000000005,10.079,-0.040999999999999995,304.6,0.1,5.1075,10.052,-0.063,304.619,0.1,5.0745000000000005,10.021,-0.0725,304.657,0.1,5.0335,9.9885,-0.0775,304.703,0.1,5.010999999999999,9.963000000000001,-0.0805,304.724,0.1,5.0120000000000005,9.9545,-0.075,304.7,0.1,
5.141500000000001,9.879000000000001,0.013,304.667,0.1,5.1129999999999995,9.9215,0.0135,304.656,0.1,5.092499999999999,9.971,0.010499999999999999,304.656,0.1,5.0775,10.0105,-0.0075,304.663,0.1,5.0634999999999994,10.033000000000001,-0.031,304.665,0.1,5.048,10.0425,-0.0445,304.66,0.1,5.036,10.055,-0.042,304.652,0.1,5.0405,10.077,-0.035,304.642,0.1,5.07,10.102,-0.027999999999999997,304.63,0.1,5.115,10.113499999999998,-0.0225,304.621,0.1,5.152,10.1005,-0.0385,304.621,0.1,5.16,10.0695,-0.0615,304.632,0.1,5.1355,10.035,-0.0665,304.659,0.1,5.0965,10.002500000000001,-0.058499999999999996,304.696,0.1,5.069,9.9735,-0.044,304.723,0.1,5.061,9.951,-0.0245,304.719,0.1,
5.2305,9.8845,0.022,304.698,0.1,5.2044999999999995,9.925,0.0195,304.685,0.1,5.1754999999999995,9.973500000000001,0.025,304.679,0.1,5.144,10.0135,0.019999999999999997,304.685,0.1,5.115,10.036999999999999,0.001,304.698,0.1,5.094,10.0485,-0.02,304.704,0.1,5.0855,10.0635,-0.0315,304.697,0.1,5.093,10.088000000000001,-0.0315,304.682,0.1,5.1175,10.114999999999998,-0.020999999999999998,304.666,0.1,5.1535,10.128,-0.01,304.653,0.1,5.1865000000000006,10.1155,-0.023,304.647,0.1,5.2,10.082,-0.0485,304.651,0.1,5.186,10.045,-0.055,304.665,0.1,5.1530000000000005,10.014,-0.035500000000000004,304.686,0.1,5.123,9.9855,-0.0005,304.704,0.1,5.1085,9.953,0.035,304.71,0.1,
5.319,9.902999999999999,0.0475,304.728,0.1,5.2940000000000005,9.937999999999999,0.0465,304.719,0.1,5.2595,9.979,0.0535,304.709,0.1,5.2155000000000005,10.0155,0.052500000000000005,304.708,0.1,5.1739999999999995,10.0395,0.0385,304.721,0.1,5.147,10.055,0.018500000000000003,304.738,0.1,5.138,10.072,0.0025,304.742,0.1,5.1445,10.096499999999999,-0.0025,304.732,0.1,5.1615,10.1215,0.0055,304.714,0.1,5.1850000000000005,10.134,0.012,304.695,0.1,5.211,10.123000000000001,-0.0025,304.68,0.1,5.2285,10.090499999999999,-0.0295,304.677,0.1,5.224,10.053,-0.0385,304.682,0.1,5.197,10.0245,-0.0155,304.686,0.1,5.1665,9.999500000000001,0.0285,304.688,0.1,5.1505,9.964500000000001,0.07,304.688,0.1,
5.4045000000000005,9.9285,0.0815,304.753,0.1,5.3774999999999995,9.955,0.087,304.753,0.1,5.3375,9.985,0.0905,304.742,0.1,5.2875,10.015,0.0825,304.733,0.1,5.2395,10.0395,0.067,304.74,0.1,5.2075,10.059999999999999,0.054,304.761,0.1,5.1945,10.08,0.0465,304.777,0.1,5.1935,10.102,0.047,304.776,0.1,5.1985,10.123,0.0495,304.761,0.1,5.2095,10.134,0.0445,304.739,0.1,5.2295,10.126000000000001,0.020999999999999998,304.721,0.1,5.2509999999999994,10.0975,-0.011,304.714,0.1,5.254,10.0625,-0.020999999999999998,304.712,0.1,5.23,10.0365,-0.001,304.706,0.1,5.1975,10.015,0.0325,304.693,0.1,5.1805,9.984,0.0615,304.68,0.1,
5.484,9.9575,0.111,304.77,0.1,5.452500000000001,9.974,0.1245,304.777,0.1,5.4094999999999995,9.9925,0.125,304.77,0.1,5.358499999999999,10.014,0.107,304.758,0.1,5.3100000000000005,10.038,0.086,304.76,0.1,5.274,10.062999999999999,0.079,304.778,0.1,5.253,10.085999999999999,0.087,304.798,0.1,5.2415,10.106,0.0995,304.805,0.1,5.2335,10.123,0.1015,304.796,0.1,5.2325,10.1335,0.0845,304.778,0.1,5.247,10.130500000000001,0.049,304.761,0.1,5.2705,10.1085,0.011,304.753,0.1,5.279,10.0765,-0.0015,304.75,0.1,5.2575,10.0505,0.01,304.738,0.1,5.221,10.030999999999999,0.0205,304.718,0.1,5.2,10.006499999999999,0.025,304.696,0.1,
5.555,9.9925,0.1315,304.775,0.1,5.5195,9.997499999999999,0.151,304.785,0.1,5.476,10.004999999999999,0.1505,304.784,0.1,5.429,10.018,0.13,304.775,0.1,5.383,10.039000000000001,0.1065,304.777,0.1,5.343999999999999,10.065000000000001,0.101,304.791,0.1,5.314,10.088999999999999,0.118,304.808,0.1,5.29,10.1085,0.1375,304.819,0.1,5.2695,10.1245,0.14,304.815,0.1,5.258,10.1375,0.1205,304.803,0.1,5.266,10.141,0.0815,304.79,0.1,5.289,10.126,0.04,304.784,0.1,5.3015,10.096,0.025,304.783,0.1,5.2829999999999995,10.067499999999999,0.0265,304.772,0.1,5.244,10.048,0.0165,304.751,0.1,5.217499999999999,10.029,-0.0045000000000000005,304.728,0.1,
5.61,10.032,0.142,304.794,0.1,5.5745000000000005,10.0275,0.163,304.8,0.1,5.535,10.0245,0.162,304.799,0.1,5.494999999999999,10.0305,0.146,304.794,0.1,5.454,10.0465,0.1275,304.797,0.1,5.4125,10.0675,0.123,304.81,0.1,5.3735,10.088000000000001,0.138,304.824,0.1,5.339,10.107,0.152,304.833,0.1,5.3095,10.125499999999999,0.1515,304.83,0.1,5.29,10.143,0.136,304.82,0.1,5.2895,10.153500000000001,0.104,304.811,0.1,5.307,10.1445,0.0695,304.81,0.1,5.32,10.117,0.055,304.815,0.1,5.305,10.0875,0.051000000000000004,304.809,0.1,5.268,10.066500000000001,0.029,304.79,0.1,5.239,10.05,-0.0075,304.769,0.1,
5.6485,10.0655,0.128,304.841,0.1,5.614000000000001,10.057,0.143,304.839,0.1,5.582000000000001,10.0475,0.142,304.832,0.1,5.5515,10.0485,0.1355,304.824,0.1,5.5165,10.057500000000001,0.13,304.824,0.1,5.4745,10.069,0.13,304.836,0.1,5.4295,10.082,0.1345,304.853,0.1,5.3875,10.099,0.1355,304.859,0.1,5.352,10.119,0.1295,304.853,0.1,5.3265,10.1405,0.12,304.84,0.1,5.3175,10.157,0.103,304.833,0.1,5.324999999999999,10.1555,0.084,304.838,0.1,5.333,10.133500000000002,0.0755,304.849,0.1,5.3215,10.1065,0.068,304.848,0.1,5.2905,10.084,0.0435,304.833,0.1,5.263,10.067499999999999,0.0095,304.814,0.1,
5.682,10.078,0.1115,304.871,0.1,5.647,10.072,0.112,304.866,0.1,5.6205,10.062999999999999,0.111,304.857,0.1,5.5975,10.060500000000001,0.1125,304.848,0.1,5.569,10.062000000000001,0.119,304.844,0.1,5.529,10.064,0.123,304.852,0.1,5.482,10.068999999999999,0.1185,304.865,0.1,5.4375,10.0815,0.109,304.869,0.1,5.3995,10.1,0.099,304.863,0.1,5.369999999999999,10.122499999999999,0.093,304.852,0.1,5.353,10.143,0.0905,304.843,0.1,5.349,10.150500000000001,0.09,304.849,0.1,5.349,10.139,0.0895,304.862,0.1,5.338,10.118500000000001,0.081,304.867,0.1,5.3125,10.097000000000001,0.0595,304.859,0.1,5.289,10.078,0.038,304.846,0.1,
5.7245,10.058499999999999,0.147,304.858,0.1,5.685499999999999,10.059999999999999,0.1295,304.86,0.1,5.659,10.056000000000001,0.1175,304.859,0.1,5.6365,10.052,0.11599999999999999,304.854,0.1,5.609999999999999,10.048,0.122,304.849,0.1,5.5745000000000005,10.044,0.126,304.847,0.1,5.532,10.044,0.122,304.846,0.1,5.489,10.052,0.11299999999999999,304.846,0.1,5.4505,10.067,0.1005,304.849,0.1,5.4190000000000005,10.086500000000001,0.092,304.847,0.1,5.3965,10.1075,0.0945,304.838,0.1,5.384,10.123000000000001,0.1065,304.834,0.1,5.375,10.125499999999999,0.114,304.842,0.1,5.359999999999999,10.1155,0.1065,304.852,0.1,5.3375,10.097999999999999,0.0885,304.856,0.1,5.3195,10.078,0.0745,304.858,0.1,
5.7780000000000005,10.0055,0.23349999999999999,304.83,0.1,5.732,10.016,0.1975,304.843,0.1,5.6985,10.0185,0.16649999999999998,304.85,0.1,5.671,10.016,0.1535,304.848,0.1,5.644,10.01,0.1495,304.842,0.1,5.6135,10.0045,0.146,304.831,0.1,5.578,10.004000000000001,0.14450000000000002,304.82,0.1,5.539,10.0095,0.1395,304.821,0.1,5.5009999999999994,10.0205,0.1275,304.832,0.1,5.4685,10.034500000000001,0.11399999999999999,304.838,0.1,5.4445,10.053,0.1125,304.829,0.1,5.4275,10.0735,0.124,304.816,0.1,5.411,10.088000000000001,0.134,304.815,0.1,5.390000000000001,10.089500000000001,0.128,304.827,0.1,5.368,10.0795,0.11399999999999999,304.839,0.1,5.356,10.064,0.1015,304.852,0.1,
5.839,9.971,0.316,304.798,0.1,5.784,9.986,0.2635,304.818,0.1,5.7405,9.992,0.2165,304.828,0.1,5.705,9.991,0.1935,304.829,0.1,5.6765,9.985,0.1825,304.822,0.1,5.651,9.98,0.17099999999999999,304.809,0.1,5.6215,9.98,0.161,304.798,0.1,5.5855,9.985,0.1505,304.8,0.1,5.547,9.994,0.137,304.814,0.1,5.513999999999999,10.005,0.1225,304.822,0.1,5.492,10.022,0.11399999999999999,304.816,0.1,5.476,10.044,0.11549999999999999,304.8,0.1,5.4555,10.063,0.1185,304.792,0.1,5.428,10.07,0.11399999999999999,304.799,0.1,5.4035,10.065,0.10300000000000001,304.812,0.1,5.3955,10.053,0.0955,304.825,0.1,
4.8294999999999995,9.838999999999999,0.0035,304.88,0.1,4.8315,9.859,0.010499999999999999,304.877,0.1,4.8425,9.878,0.0135,304.861,0.1,4.8485,9.8945,0.0135,304.853,0.1,4.840999999999999,9.9055,0.016,304.866,0.1,4.8309999999999995,9.9185,0.0225,304.884,0.1,4.838,9.933499999999999,0.0315,304.887,0.1,4.8695,9.9415,0.041,304.868,0.1,4.913,9.937000000000001,0.0445,304.835,0.1,4.945,9.9205,0.0335,304.812,0.1,4.948,9.891,0.006500000000000001,304.822,0.1,4.919499999999999,9.8495,-0.025500000000000002,304.858,0.1,4.872,9.808,-0.0495,304.888,0.1,4.827500000000001,9.7825,-0.057999999999999996,304.886,0.1,4.807,9.778500000000001,-0.0455,304.856,0.1,4.819,9.7895,-0.0305,304.823,0.1,
4.894,9.808499999999999,0.0155,304.891,0.1,4.885,9.834,0.0235,304.894,0.1,4.8925,9.8585,0.0185,304.879,0.1,4.9035,9.8795,0.007,304.86,0.1,4.901,9.8955,0.002,304.856,0.1,4.887,9.9115,0.01,304.864,0.1,4.8815,9.926,0.026000000000000002,304.873,0.1,4.9030000000000005,9.934,0.035500000000000004,304.869,0.1,4.948499999999999,9.932,0.031,304.847,0.1,4.9915,9.918,0.016,304.825,0.1,5.0035,9.8915,-0.009000000000000001,304.828,0.1,4.978,9.857,-0.037,304.861,0.1,4.9305,9.82,-0.061,304.899,0.1,4.8855,9.788499999999999,-0.0745,304.915,0.1,4.8635,9.775500000000001,-0.0765,304.897,0.1,4.871,9.789,-0.07,304.855,0.1,
4.9670000000000005,9.777000000000001,0.022,304.893,0.1,4.947,9.811,0.03,304.898,0.1,4.947,9.842500000000001,0.017,304.895,0.1,4.9565,9.8675,-0.0085,304.881,0.1,4.957000000000001,9.8875,-0.0245,304.866,0.1,4.942500000000001,9.904499999999999,-0.018500000000000003,304.859,0.1,4.9285,9.9195,0.0015,304.863,0.1,4.9399999999999995,9.9315,0.0115,304.868,0.1,4.984,9.938,0.004,304.856,0.1,5.0365,9.93,-0.01,304.839,0.1,5.0615,9.905,-0.0315,304.841,0.1,5.0435,9.873,-0.053,304.865,0.1,4.997,9.838000000000001,-0.069,304.905,0.1,4.949999999999999,9.800999999999998,-0.0805,304.942,0.1,4.926,9.778500000000001,-0.09,304.947,0.1,4.9295,9.786000000000001,-0.09,304.908,0.1,
5.0495,9.752500000000001,0.020999999999999998,304.899,0.1,5.0225,9.7955,0.025500000000000002,304.901,0.1,5.012499999999999,9.835,0.012,304.909,0.1,5.013,9.8635,-0.017,304.909,0.1,5.009,9.883,-0.0405,304.895,0.1,4.993499999999999,9.8985,-0.041999999999999996,304.879,0.1,4.978,9.916,-0.027,304.874,0.1,4.984500000000001,9.935500000000001,-0.018,304.874,0.1,5.0245,9.953,-0.020999999999999998,304.867,0.1,5.0809999999999995,9.9525,-0.0275,304.858,0.1,5.117,9.9285,-0.0465,304.859,0.1,5.109500000000001,9.893999999999998,-0.0645,304.873,0.1,5.0665,9.857,-0.07050000000000001,304.907,0.1,5.0169999999999995,9.818999999999999,-0.0735,304.953,0.1,4.989,9.791,-0.0775,304.977,0.1,4.9875,9.784500000000001,-0.0735,304.955,0.1,
5.1395,9.7415,0.0175,304.917,0.1,5.11,9.789,0.017,304.912,0.1,5.089,9.835999999999999,0.013000000000000001,304.92,0.1,5.075,9.8675,-0.0055,304.932,0.1,5.0615000000000006,9.884,-0.0295,304.934,0.1,5.0445,9.8955,-0.043,304.922,0.1,5.0305,9.915,-0.0415,304.907,0.1,5.036,9.942,-0.037,304.895,0.1,5.0705,9.968499999999999,-0.032,304.887,0.1,5.1225000000000005,9.974499999999999,-0.028,304.881,0.1,5.1635,9.953,-0.043,304.881,0.1,5.167,9.914,-0.0635,304.888,0.1,5.132,9.873000000000001,-0.065,304.909,0.1,5.0835,9.8385,-0.0545,304.944,0.1,5.0504999999999995,9.810500000000001,-0.04,304.972,0.1,5.041,9.7895,-0.0215,304.972,0.1,
5.2330000000000005,9.747,0.0245,304.944,0.1,5.204000000000001,9.7925,0.0215,304.935,0.1,5.173500000000001,9.841,0.0275,304.936,0.1,5.1434999999999995,9.875,0.0235,304.95,0.1,5.1175,9.89,0.004,304.965,0.1,5.0975,9.898499999999999,-0.018000000000000002,304.967,0.1,5.0865,9.916,-0.0315,304.954,0.1,5.092,9.9455,-0.034,304.935,0.1,5.118499999999999,9.9765,-0.0245,304.921,0.1,5.1594999999999995,9.988,-0.0145,304.912,0.1,5.1975,9.9695,-0.026500000000000003,304.908,0.1,5.2105,9.929,-0.0505,304.909,0.1,5.188000000000001,9.8855,-0.0545,304.917,0.1,5.1434999999999995,9.856000000000002,-0.0325,304.932,0.1,5.105,9.832,0.003,304.949,0.1,5.088,9.8025,0.037,304.957,0.1,
5.3245000000000005,9.768,0.0485,304.973,0.1,5.2965,9.805,0.0475,304.964,0.1,5.2585,9.8475,0.0565,304.957,0.1,5.2155000000000005,9.881499999999999,0.056999999999999995,304.964,0.1,5.178,9.8985,0.043,304.984,0.1,5.1530000000000005,9.907,0.020999999999999998,305.001,0.1,5.143000000000001,9.9205,0.002,305.0,0.1,5.147,9.9465,-0.0045000000000000005,304.985,0.1,5.163,9.975999999999999,0.0025,304.967,0.1,5.19,9.991,0.0095,304.951,0.1,5.221500000000001,9.977,-0.0055,304.94,0.1,5.2415,9.939,-0.0325,304.937,0.1,5.2325,9.8965,-0.04,304.936,0.1,5.194,9.8705,-0.013999999999999999,304.933,0.1,5.150499999999999,9.852,0.03,304.93,0.1,5.1265,9.8225,0.07,304.93,0.1,
5.4085,9.7995,0.082,304.996,0.1,5.3805,9.8235,0.0885,304.993,0.1,5.339,9.855,0.094,304.983,0.1,5.2895,9.8855,0.0875,304.981,0.1,5.244,9.906,0.07250000000000001,304.997,0.1,5.213,9.9175,0.057499999999999996,305.022,0.1,5.199,9.928999999999998,0.0475,305.035,0.1,5.197,9.949,0.0465,305.03,0.1,5.2015,9.973500000000001,0.0485,305.012,0.1,5.2145,9.989,0.0435,304.992,0.1,5.239,9.981,0.018500000000000003,304.978,0.1,5.2645,9.948,-0.014499999999999999,304.973,0.1,5.267,9.9085,-0.0235,304.969,0.1,5.234,9.883500000000002,-0.0005,304.954,0.1,5.186,9.869,0.0335,304.934,0.1,5.156000000000001,9.8455,0.0605,304.919,0.1,
5.484500000000001,9.838000000000001,0.1115,305.012,0.1,5.4544999999999995,9.847999999999999,0.1265,305.014,0.1,5.412,9.866,0.1285,305.005,0.1,5.362,9.89,0.112,304.999,0.1,5.3135,9.9115,0.0915,305.01,0.1,5.2765,9.927,0.0825,305.034,0.1,5.255,9.939499999999999,0.089,305.055,0.1,5.243,9.9555,0.1,305.059,0.1,5.235,9.9755,0.102,305.047,0.1,5.236000000000001,9.9905,0.0845,305.029,0.1,5.254,9.988,0.047,305.015,0.1,5.2825,9.960999999999999,0.0065,305.01,0.1,5.2940000000000005,9.924,-0.005,305.007,0.1,5.267,9.8975,0.01,304.99,0.1,5.2155000000000005,9.883500000000002,0.022,304.961,0.1,5.178,9.866499999999998,0.024,304.933,0.1,
5.5495,9.881499999999999,0.131,305.016,0.1,5.5175,9.879000000000001,0.152,305.02,0.1,5.4775,9.884,0.153,305.015,0.1,5.4315,9.8995,0.1335,305.011,0.1,5.384,9.9185,0.111,305.021,0.1,5.343,9.9345,0.105,305.042,0.1,5.3125,9.9485,0.121,305.062,0.1,5.2895,9.964,0.1395,305.071,0.1,5.27,9.9825,0.141,305.066,0.1,5.2595,9.999,0.1205,305.053,0.1,5.2695,10.001999999999999,0.0795,305.041,0.1,5.297,9.9805,0.035500000000000004,305.039,0.1,5.314,9.943999999999999,0.020499999999999997,305.04,0.1,5.293,9.914,0.025500000000000002,305.026,0.1,5.242,9.8975,0.0175,304.996,0.1,5.2005,9.8845,-0.0055,304.964,0.1,
5.6015,9.9245,0.14100000000000001,305.033,0.1,5.57,9.913,0.1625,305.033,0.1,5.5344999999999995,9.908,0.163,305.029,0.1,5.495,9.915500000000002,0.1475,305.026,0.1,5.4515,9.929,0.13,305.036,0.1,5.4085,9.9405,0.1265,305.055,0.1,5.371,9.952,0.14150000000000001,305.073,0.1,5.338,9.967500000000001,0.155,305.083,0.1,5.308,9.9885,0.1535,305.08,0.1,5.2875,10.009,0.1365,305.069,0.1,5.289,10.0185,0.10250000000000001,305.06,0.1,5.311,10.002500000000001,0.0655,305.063,0.1,5.327500000000001,9.966000000000001,0.051000000000000004,305.07,0.1,5.311999999999999,9.932500000000001,0.0495,305.063,0.1,5.2675,9.9125,0.0295,305.037,0.1,5.227,9.900500000000001,-0.008,305.007,0.1,
5.637499999999999,9.96,0.129,305.076,0.1,5.606999999999999,9.945,0.144,305.07,0.1,5.5775,9.9345,0.143,305.06,0.1,5.5465,9.935500000000001,0.136,305.054,0.1,5.5095,9.942,0.1315,305.058,0.1,5.4670000000000005,9.946,0.1335,305.076,0.1,5.4245,9.9505,0.14,305.097,0.1,5.385,9.964,0.14100000000000001,305.106,0.1,5.348,9.986,0.134,305.1,0.1,5.32,10.011,0.123,305.086,0.1,5.311999999999999,10.0275,0.104,305.079,0.1,5.323,10.0195,0.0835,305.088,0.1,5.3335,9.9875,0.074,305.104,0.1,5.322,9.9525,0.068,305.102,0.1,5.2875,9.929,0.0445,305.08,0.1,5.253,9.915,0.01,305.052,0.1,
5.6690000000000005,9.9815,0.118,305.103,0.1,5.6370000000000005,9.9685,0.11699999999999999,305.096,0.1,5.6114999999999995,9.9565,0.114,305.085,0.1,5.5865,9.953,0.115,305.076,0.1,5.5555,9.9525,0.122,305.074,0.1,5.517,9.949,0.128,305.087,0.1,5.474500000000001,9.9475,0.1265,305.106,0.1,5.4325,9.956,0.1175,305.113,0.1,5.3925,9.9735,0.1065,305.106,0.1,5.359500000000001,9.9985,0.099,305.094,0.1,5.3425,10.021,0.095,305.086,0.1,5.3415,10.025500000000001,0.093,305.095,0.1,5.3425,10.0045,0.092,305.113,0.1,5.330500000000001,9.972999999999999,0.083,305.118,0.1,5.304,9.947,0.062,305.104,0.1,5.2780000000000005,9.9275,0.04,305.084,0.1,
5.708,9.9795,0.1585,305.088,0.1,5.6725,9.972000000000001,0.138,305.089,0.1,5.646000000000001,9.961500000000001,0.124,305.087,0.1,5.6205,9.955,0.122,305.079,0.1,5.5915,9.949,0.128,305.076,0.1,5.558,9.9415,0.133,305.078,0.1,5.521,9.9385,0.131,305.084,0.1,5.481999999999999,9.940999999999999,0.1225,305.088,0.1,5.4425,9.95,0.1095,305.089,0.1,5.407500000000001,9.969,0.1,305.084,0.1,5.384,9.994,0.1015,305.076,0.1,5.372,10.0115,0.1125,305.076,0.1,5.362500000000001,10.006499999999999,0.1195,305.089,0.1,5.3469999999999995,9.9845,0.111,305.1,0.1,5.324999999999999,9.9585,0.093,305.099,0.1,5.306,9.934000000000001,0.0775,305.094,0.1,
5.757,9.9465,0.248,305.058,0.1,5.715,9.945,0.209,305.072,0.1,5.6815,9.939499999999999,0.177,305.077,0.1,5.651,9.931999999999999,0.1625,305.072,0.1,5.6215,9.924,0.158,305.064,0.1,5.5925,9.917,0.155,305.057,0.1,5.5615000000000006,9.9145,0.154,305.054,0.1,5.5265,9.913,0.1495,305.059,0.1,5.4895,9.913499999999999,0.1375,305.069,0.1,5.4559999999999995,9.924,0.1235,305.071,0.1,5.4305,9.947,0.1215,305.062,0.1,5.411,9.9725,0.132,305.053,0.1,5.3919999999999995,9.9835,0.14150000000000001,305.057,0.1,5.371,9.974499999999999,0.1355,305.069,0.1,5.3505,9.9545,0.1205,305.078,0.1,5.3375,9.932,0.106,305.086,0.1,
5.8115000000000006,9.922,0.3325,305.023,0.1,5.7620000000000005,9.923,0.27849999999999997,305.045,0.1,5.720000000000001,9.921,0.22999999999999998,305.054,0.1,5.6825,9.914,0.20600000000000002,305.05,0.1,5.651,9.906,0.193,305.041,0.1,5.625,9.9,0.1805,305.03,0.1,5.5985,9.898,0.17049999999999998,305.026,0.1,5.5665,9.895,0.161,305.034,0.1,5.5315,9.892,0.1485,305.047,0.1,5.500500000000001,9.898,0.1335,305.053,0.1,5.4765,9.919,0.124,305.045,0.1,5.455,9.947,0.1245,305.032,0.1,5.4305,9.965,0.1275,305.027,0.1,5.404,9.963,0.1235,305.035,0.1,5.3825,9.948,0.112,305.047,0.1,5.3735,9.929,0.10200000000000001,305.057,0.1,
4.8035,9.557500000000001,0.0085,305.164,0.1,4.8115000000000006,9.5715,0.0135,305.162,0.1,4.8255,9.591000000000001,0.014499999999999999,305.143,0.1,4.83,9.6085,0.014499999999999999,305.132,0.1,4.8195,9.6155,0.0195,305.147,0.1,4.8085,9.6205,0.0275,305.168,0.1,4.818,9.6325,0.0345,305.171,0.1,4.853,9.647,0.041,305.148,0.1,4.898,9.657,0.041999999999999996,305.111,0.1,4.9295,9.6495,0.031,305.089,0.1,4.9325,9.6155,0.007,305.104,0.1,4.907500000000001,9.5615,-0.0225,305.143,0.1,4.8675,9.516,-0.045,305.171,0.1,4.83,9.497,-0.054,305.164,0.1,4.8105,9.5055,-0.044,305.128,0.1,4.819000000000001,9.526499999999999,-0.0315,305.093,0.1,
4.8595,9.533,0.0225,305.171,0.1,4.856999999999999,9.5495,0.028499999999999998,305.176,0.1,4.869999999999999,9.5695,0.02,305.159,0.1,4.882,9.592500000000001,0.007,305.137,0.1,4.878,9.61,0.004,305.133,0.1,4.8635,9.623000000000001,0.014,305.144,0.1,4.8605,9.632,0.03,305.153,0.1,4.8845,9.6385,0.036,305.148,0.1,4.9295,9.645,0.0275,305.123,0.1,4.9695,9.6415,0.0115,305.1,0.1,4.98,9.616,-0.010499999999999999,305.107,0.1,4.9575,9.5705,-0.035,305.144,0.1,4.917,9.524999999999999,-0.056999999999999995,305.182,0.1,4.8795,9.494,-0.07100000000000001,305.193,0.1,4.861,9.4905,-0.075,305.171,0.1,4.867,9.516,-0.0715,305.125,0.1,
4.923500000000001,9.5085,0.03,305.166,0.1,4.909000000000001,9.532499999999999,0.035500000000000004,305.176,0.1,4.9165,9.553999999999998,0.0185,305.174,0.1,4.9305,9.5765,-0.009,305.158,0.1,4.9305,9.6005,-0.0235,305.14,0.1,4.915,9.621,-0.0155,305.134,0.1,4.9030000000000005,9.631,0.005,305.141,0.1,4.9175,9.6375,0.012,305.146,0.1,4.962,9.6465,0.0,305.133,0.1,5.0105,9.6485,-0.016,305.114,0.1,5.031499999999999,9.628,-0.036000000000000004,305.118,0.1,5.0145,9.589500000000001,-0.053,305.147,0.1,4.9725,9.544,-0.065,305.188,0.1,4.9305,9.5015,-0.076,305.222,0.1,4.91,9.4835,-0.0875,305.223,0.1,4.9145,9.502500000000001,-0.09,305.181,0.1,
4.998,9.489,0.0275,305.164,0.1,4.973000000000001,9.5245,0.03,305.173,0.1,4.970000000000001,9.551,0.0135,305.185,0.1,4.9775,9.571,-0.017,305.187,0.1,4.976,9.5915,-0.0395,305.17,0.1,4.96,9.612,-0.04,305.152,0.1,4.945,9.627500000000001,-0.0245,305.148,0.1,4.9555,9.642,-0.018,305.151,0.1,4.997999999999999,9.6585,-0.025500000000000002,305.145,0.1,5.0504999999999995,9.665500000000002,-0.0345,305.134,0.1,5.080500000000001,9.6485,-0.051500000000000004,305.136,0.1,5.071,9.6125,-0.0655,305.154,0.1,5.0305,9.565999999999999,-0.067,305.19,0.1,4.984999999999999,9.5195,-0.0685,305.234,0.1,4.9605,9.492,-0.074,305.254,0.1,4.961,9.4955,-0.072,305.231,0.1,
5.0805,9.479,0.022,305.175,0.1,5.0495,9.5245,0.020499999999999997,305.177,0.1,5.034000000000001,9.5595,0.015,305.193,0.1,5.027,9.5785,-0.0045000000000000005,305.21,0.1,5.016,9.5895,-0.028,305.21,0.1,4.9985,9.6025,-0.041,305.196,0.1,4.9864999999999995,9.621,-0.0405,305.182,0.1,4.9975000000000005,9.645,-0.0385,305.173,0.1,5.037,9.67,-0.036500000000000005,305.165,0.1,5.0875,9.6815,-0.034,305.159,0.1,5.121,9.668,-0.0475,305.158,0.1,5.12,9.631499999999999,-0.0645,305.168,0.1,5.087,9.5845,-0.0625,305.191,0.1,5.0435,9.543,-0.0495,305.224,0.1,5.016,9.515,-0.035500000000000004,305.249,0.1,5.009,9.5015,-0.019,305.246,0.1,
5.1655,9.483,0.027,305.197,0.1,5.133,9.5305,0.024,305.193,0.1,5.105,9.572,0.03,305.203,0.1,5.0794999999999995,9.5935,0.026000000000000002,305.225,0.1,5.0545,9.597999999999999,0.006500000000000001,305.242,0.1,5.0329999999999995,9.6015,-0.016,305.244,0.1,5.0245,9.6155,-0.031,305.231,0.1,5.038,9.6425,-0.035500000000000004,305.214,0.1,5.0725,9.672,-0.027999999999999997,305.201,0.1,5.115,9.6875,-0.019000000000000003,305.191,0.1,5.147,9.6775,-0.03,305.185,0.1,5.1545000000000005,9.641,-0.052,305.188,0.1,5.1345,9.596,-0.0535,305.198,0.1,5.0985,9.564,-0.0295,305.212,0.1,5.069,9.5425,0.006500000000000001,305.224,0.1,5.056,9.52,0.039,305.228,0.1,
5.2490000000000006,9.503,0.049,305.221,0.1,5.2165,9.542,0.049,305.217,0.1,5.179,9.5825,0.0595,305.219,0.1,5.138,9.608,0.061,305.234,0.1,5.0985,9.6135,0.0465,305.259,0.1,5.069,9.6115,0.023,305.277,0.1,5.058999999999999,9.6175,0.002,305.279,0.1,5.0715,9.6385,-0.006,305.267,0.1,5.0995,9.6655,0.0,305.25,0.1,5.132,9.682500000000001,0.007,305.232,0.1,5.159,9.676,-0.0085,305.219,0.1,5.1735,9.6425,-0.035500000000000004,305.216,0.1,5.1675,9.6015,-0.0415,305.217,0.1,5.141,9.578,-0.0125,305.214,0.1,5.1114999999999995,9.565999999999999,0.032,305.205,0.1,5.096,9.545,0.07050000000000001,305.198,0.1,
5.3255,9.5365,0.0815,305.242,0.1,5.2925,9.559999999999999,0.0895,305.243,0.1,5.249,9.591999999999999,0.0975,305.24,0.1,5.198499999999999,9.6175,0.0925,305.246,0.1,5.1485,9.628,0.077,305.267,0.1,5.1105,9.6275,0.06,305.296,0.1,5.0945,9.628499999999999,0.048,305.315,0.1,5.1,9.6405,0.045,305.314,0.1,5.1175,9.66,0.0475,305.298,0.1,5.139,9.6745,0.042499999999999996,305.276,0.1,5.161,9.6705,0.016,305.258,0.1,5.18,9.642,-0.018000000000000002,305.254,0.1,5.185499999999999,9.6045,-0.026500000000000003,305.253,0.1,5.1675,9.5855,0.0,305.238,0.1,5.138,9.5815,0.035,305.211,0.1,5.122,9.5685,0.06,305.186,0.1,
5.394,9.579999999999998,0.1105,305.254,0.1,5.359500000000001,9.588000000000001,0.1275,305.26,0.1,5.314,9.6055,0.1315,305.258,0.1,5.260999999999999,9.626000000000001,0.11649999999999999,305.259,0.1,5.2065,9.639,0.0965,305.275,0.1,5.1615,9.6435,0.086,305.304,0.1,5.135,9.645499999999998,0.0905,305.331,0.1,5.1274999999999995,9.652000000000001,0.1,305.342,0.1,5.1315,9.663499999999999,0.1015,305.334,0.1,5.1419999999999995,9.6735,0.0835,305.315,0.1,5.159,9.671,0.0445,305.298,0.1,5.1795,9.6465,0.002,305.294,0.1,5.191000000000001,9.611,-0.009,305.295,0.1,5.179,9.5915,0.0095,305.277,0.1,5.1505,9.590499999999999,0.0235,305.24,0.1,5.134,9.5855,0.0235,305.202,0.1,
5.455,9.6295,0.129,305.255,0.1,5.4195,9.624500000000001,0.152,305.262,0.1,5.375,9.627500000000001,0.155,305.263,0.1,5.324,9.6395,0.1365,305.265,0.1,5.2695,9.65,0.115,305.28,0.1,5.220000000000001,9.655999999999999,0.1085,305.307,0.1,5.183,9.661,0.123,305.334,0.1,5.16,9.667,0.1405,305.351,0.1,5.149,9.6755,0.141,305.351,0.1,5.149,9.6845,0.1195,305.339,0.1,5.161,9.683,0.0765,305.326,0.1,5.18,9.660499999999999,0.0305,305.325,0.1,5.192,9.623999999999999,0.016,305.33,0.1,5.182,9.600000000000001,0.0245,305.315,0.1,5.154999999999999,9.596499999999999,0.019,305.278,0.1,5.1385,9.596,-0.006,305.237,0.1,
5.501,9.6745,0.1385,305.269,0.1,5.4655000000000005,9.661000000000001,0.161,305.272,0.1,5.425,9.654499999999999,0.1625,305.272,0.1,5.38,9.657499999999999,0.148,305.275,0.1,5.3294999999999995,9.662500000000001,0.132,305.29,0.1,5.2780000000000005,9.664,0.1295,305.315,0.1,5.232,9.667,0.1445,305.341,0.1,5.1965,9.675,0.157,305.357,0.1,5.173,9.6875,0.1545,305.36,0.1,5.163,9.7,0.136,305.353,0.1,5.168,9.7015,0.1,305.346,0.1,5.1815,9.6795,0.061,305.35,0.1,5.1884999999999994,9.64,0.047,305.361,0.1,5.177,9.61,0.048,305.353,0.1,5.1530000000000005,9.6015,0.03,305.321,0.1,5.137499999999999,9.602,-0.008,305.283,0.1,
5.5215,9.709,0.1295,305.313,0.1,5.4875,9.6935,0.144,305.308,0.1,5.4544999999999995,9.681999999999999,0.143,305.302,0.1,5.419499999999999,9.679,0.136,305.299,0.1,5.377,9.6775,0.1325,305.309,0.1,5.326499999999999,9.6715,0.1365,305.334,0.1,5.275,9.668,0.144,305.361,0.1,5.2305,9.676,0.1455,305.377,0.1,5.198,9.692499999999999,0.138,305.376,0.1,5.18,9.71,0.1255,305.368,0.1,5.177,9.717,0.104,305.364,0.1,5.1805,9.699,0.082,305.376,0.1,5.178000000000001,9.6595,0.072,305.395,0.1,5.164,9.624500000000001,0.0675,305.393,0.1,5.1434999999999995,9.6095,0.0455,305.367,0.1,5.1315,9.6075,0.010499999999999999,305.332,0.1,
5.5405,9.735,0.124,305.34,0.1,5.5055,9.721,0.121,305.333,0.1,5.4775,9.7085,0.11649999999999999,305.324,0.1,5.4505,9.702,0.11699999999999999,305.318,0.1,5.416,9.6935,0.1245,305.323,0.1,5.3715,9.681000000000001,0.1325,305.342,0.1,5.3215,9.6725,0.133,305.366,0.1,5.274,9.6775,0.125,305.377,0.1,5.2355,9.690999999999999,0.1135,305.376,0.1,5.2105,9.709499999999998,0.105,305.37,0.1,5.199,9.723,0.099,305.368,0.1,5.192,9.7165,0.095,305.38,0.1,5.18,9.6845,0.0935,305.401,0.1,5.1615,9.6475,0.08499999999999999,305.406,0.1,5.1419999999999995,9.625,0.0645,305.391,0.1,5.1305,9.6155,0.0415,305.365,0.1,
5.580500000000001,9.7455,0.16899999999999998,305.321,0.1,5.5405,9.733,0.1455,305.323,0.1,5.5105,9.722000000000001,0.13,305.322,0.1,5.4830000000000005,9.7135,0.1275,305.318,0.1,5.452500000000001,9.7005,0.134,305.32,0.1,5.417,9.685500000000001,0.1395,305.328,0.1,5.3759999999999994,9.676,0.139,305.336,0.1,5.3315,9.6755,0.1315,305.343,0.1,5.29,9.6805,0.1185,305.35,0.1,5.259,9.6935,0.108,305.352,0.1,5.24,9.712,0.1085,305.349,0.1,5.225,9.7195,0.118,305.353,0.1,5.2055,9.7025,0.124,305.368,0.1,5.1815,9.67,0.115,305.382,0.1,5.159,9.6425,0.097,305.381,0.1,5.144,9.623,0.0805,305.372,0.1,
5.634,9.7295,0.2615,305.286,0.1,5.5865,9.718,0.2195,305.302,0.1,5.5489999999999995,9.709,0.1865,305.308,0.1,5.516500000000001,9.701,0.17149999999999999,305.306,0.1,5.487,9.6885,0.166,305.303,0.1,5.459,9.6755,0.163,305.3,0.1,5.426500000000001,9.6665,0.162,305.299,0.1,5.3865,9.66,0.1585,305.306,0.1,5.3454999999999995,9.6555,0.147,305.32,0.1,5.3125,9.660499999999999,0.133,305.329,0.1,5.2895,9.679,0.1305,305.325,0.1,5.269,9.697,0.14,305.32,0.1,5.2435,9.697,0.1485,305.327,0.1,5.2145,9.6765,0.14200000000000002,305.343,0.1,5.189,9.650500000000001,0.126,305.354,0.1,5.172499999999999,9.6265,0.11,305.359,0.1,
5.694,9.714,0.347,305.245,0.1,5.64,9.703,0.292,305.271,0.1,5.595,9.695,0.2425,305.281,0.1,5.556,9.688,0.2175,305.279,0.1,5.525,9.677,0.203,305.272,0.1,5.499499999999999,9.666,0.1895,305.265,0.1,5.4704999999999995,9.657,0.1795,305.265,0.1,5.4335,9.648,0.17099999999999999,305.275,0.1,5.394500000000001,9.639,0.1595,305.291,0.1,5.362500000000001,9.64,0.14400000000000002,305.301,0.1,5.3395,9.657,0.134,305.297,0.1,5.3185,9.679,0.1335,305.287,0.1,5.2915,9.687,0.1365,305.287,0.1,5.2595,9.674,0.1325,305.299,0.1,5.231,9.651,0.12,305.313,0.1,5.216,9.627,0.108,305.322,0.1,
4.7775,9.2685,0.0135,305.448,0.1,4.791,9.275500000000001,0.0165,305.447,0.1,4.8085,9.296,0.0155,305.425,0.1,4.811999999999999,9.314,0.0155,305.412,0.1,4.797499999999999,9.316500000000001,0.0225,305.428,0.1,4.785,9.3135,0.0325,305.453,0.1,4.7965,9.323,0.038,305.456,0.1,4.835,9.344999999999999,0.041,305.429,0.1,4.882,9.37,0.04,305.389,0.1,4.913,9.372499999999999,0.028999999999999998,305.368,0.1,4.916499999999999,9.3335,0.007,305.387,0.1,4.8955,9.268,-0.0195,305.429,0.1,4.8635,9.217500000000001,-0.040999999999999995,305.455,0.1,4.834,9.2055,-0.05,305.443,0.1,4.817,9.227,-0.041499999999999995,305.401,0.1,4.8215,9.259,-0.0325,305.364,0.1,
4.8235,9.25,0.0295,305.451,0.1,4.827500000000001,9.256,0.0335,305.459,0.1,4.8465,9.2725,0.0215,305.439,0.1,4.859999999999999,9.2965,0.007,305.414,0.1,4.8535,9.316,0.0055,305.411,0.1,4.8385,9.326,0.018000000000000002,305.424,0.1,4.8385,9.3295,0.034,305.435,0.1,4.8655,9.335,0.0365,305.428,0.1,4.91,9.3505,0.025,305.4,0.1,4.9465,9.3585,0.0075,305.377,0.1,4.9555,9.3325,-0.012,305.388,0.1,4.9365000000000006,9.2775,-0.034,305.429,0.1,4.904,9.224,-0.0535,305.466,0.1,4.874499999999999,9.193999999999999,-0.067,305.473,0.1,4.859500000000001,9.2,-0.0725,305.445,0.1,4.8645,9.238,-0.072,305.396,0.1,
4.879,9.233,0.038000000000000006,305.44,0.1,4.8695,9.245999999999999,0.040499999999999994,305.454,0.1,4.884,9.257,0.0195,305.453,0.1,4.9025,9.2765,-0.0095,305.436,0.1,4.9030000000000005,9.3055,-0.0225,305.416,0.1,4.8870000000000005,9.328,-0.0125,305.41,0.1,4.877,9.3335,0.0085,305.419,0.1,4.8945,9.334,0.0125,305.425,0.1,4.9384999999999994,9.346499999999999,-0.0035,305.41,0.1,4.9825,9.359,-0.0215,305.39,0.1,4.999499999999999,9.3435,-0.0395,305.397,0.1,4.983499999999999,9.299,-0.053,305.43,0.1,4.947,9.243500000000001,-0.0615,305.472,0.1,4.911,9.196000000000002,-0.07150000000000001,305.503,0.1,4.8945,9.182500000000001,-0.08449999999999999,305.5,0.1,4.9005,9.2135,-0.0895,305.455,0.1,
4.944,9.218499999999999,0.0345,305.43,0.1,4.920999999999999,9.245999999999999,0.0345,305.445,0.1,4.9254999999999995,9.2585,0.014499999999999999,305.462,0.1,4.9405,9.269,-0.017,305.465,0.1,4.9415,9.2915,-0.0385,305.445,0.1,4.925,9.315999999999999,-0.0375,305.426,0.1,4.9115,9.3295,-0.022,305.424,0.1,4.9254999999999995,9.338000000000001,-0.0185,305.43,0.1,4.970000000000001,9.3545,-0.0295,305.423,0.1,5.0184999999999995,9.370000000000001,-0.040499999999999994,305.41,0.1,5.042,9.3615,-0.056,305.414,0.1,5.0305,9.324,-0.0665,305.436,0.1,4.993,9.2685,-0.0635,305.474,0.1,4.9525,9.2135,-0.063,305.516,0.1,4.932499999999999,9.1865,-0.0695,305.533,0.1,4.9350000000000005,9.2,-0.07,305.507,0.1,
5.018000000000001,9.2095,0.027,305.434,0.1,4.9855,9.2515,0.024,305.443,0.1,4.9755,9.2745,0.017,305.466,0.1,4.9755,9.28,-0.0035,305.488,0.1,4.967,9.2865,-0.0265,305.487,0.1,4.949,9.3,-0.039,305.471,0.1,4.939,9.317499999999999,-0.039,305.458,0.1,4.9565,9.3375,-0.0395,305.451,0.1,5.0009999999999994,9.361,-0.040999999999999995,305.445,0.1,5.0489999999999995,9.3795,-0.039999999999999994,305.437,0.1,5.075,9.3755,-0.052000000000000005,305.436,0.1,5.0695,9.3415,-0.0655,305.448,0.1,5.039,9.289000000000001,-0.06,305.474,0.1,5.0024999999999995,9.24,-0.045,305.507,0.1,4.981,9.211500000000001,-0.031,305.528,0.1,4.9765,9.2065,-0.0165,305.522,0.1,
5.0945,9.212,0.0295,305.45,0.1,5.058,9.260000000000002,0.026500000000000003,305.452,0.1,5.0329999999999995,9.2945,0.032,305.471,0.1,5.0120000000000005,9.303,0.028,305.5,0.1,4.987,9.2975,0.009000000000000001,305.52,0.1,4.9635,9.295,-0.013999999999999999,305.521,0.1,4.9575,9.306000000000001,-0.031,305.509,0.1,4.98,9.329,-0.037,305.495,0.1,5.024,9.3565,-0.032,305.483,0.1,5.067500000000001,9.3775,-0.023,305.472,0.1,5.0925,9.3765,-0.033,305.464,0.1,5.094,9.3455,-0.0535,305.468,0.1,5.0765,9.299,-0.0525,305.481,0.1,5.051,9.2635,-0.026500000000000003,305.494,0.1,5.0315,9.244,0.0095,305.502,0.1,5.023,9.2295,0.041,305.502,0.1,
5.1690000000000005,9.23,0.0495,305.47,0.1,5.131500000000001,9.271,0.051000000000000004,305.471,0.1,5.0945,9.3095,0.0625,305.481,0.1,5.055,9.325500000000002,0.0645,305.506,0.1,5.013,9.318999999999999,0.0495,305.534,0.1,4.979,9.3065,0.025,305.555,0.1,4.970000000000001,9.305,0.002,305.56,0.1,4.992,9.32,-0.008,305.551,0.1,5.032,9.344000000000001,-0.0025,305.535,0.1,5.07,9.364,0.005,305.515,0.1,5.0925,9.364999999999998,-0.010499999999999999,305.499,0.1,5.1005,9.338000000000001,-0.0375,305.496,0.1,5.098000000000001,9.2985,-0.042499999999999996,305.501,0.1,5.085,9.276499999999999,-0.012,305.497,0.1,5.0705,9.2705,0.0335,305.482,0.1,5.065,9.2585,0.07050000000000001,305.468,0.1,
5.236000000000001,9.2645,0.081,305.488,0.1,5.1985,9.288499999999999,0.091,305.494,0.1,5.154,9.3205,0.101,305.498,0.1,5.1025,9.341000000000001,0.097,305.512,0.1,5.047499999999999,9.341000000000001,0.081,305.539,0.1,5.002,9.328,0.0625,305.571,0.1,4.983499999999999,9.3185,0.048,305.595,0.1,4.997,9.322,0.043,305.6,0.1,5.0285,9.336,0.046,305.586,0.1,5.0585,9.349,0.041,305.562,0.1,5.0775,9.35,0.014499999999999999,305.541,0.1,5.089499999999999,9.3265,-0.020999999999999998,305.536,0.1,5.098,9.292,-0.0295,305.539,0.1,5.0965,9.279,-0.001,305.523,0.1,5.087999999999999,9.285,0.035500000000000004,305.489,0.1,5.0875,9.282499999999999,0.058499999999999996,305.456,0.1,
5.298,9.314,0.109,305.497,0.1,5.259,9.319500000000001,0.1285,305.508,0.1,5.2105,9.336500000000001,0.1345,305.512,0.1,5.154,9.354,0.1215,305.519,0.1,5.093,9.3585,0.1015,305.541,0.1,5.0385,9.350999999999999,0.09,305.575,0.1,5.007,9.342,0.0915,305.609,0.1,5.0045,9.3385,0.0995,305.627,0.1,5.021,9.342,0.1,305.622,0.1,5.042,9.346,0.082,305.603,0.1,5.057499999999999,9.343499999999999,0.042499999999999996,305.583,0.1,5.069,9.322,-0.001,305.579,0.1,5.080500000000001,9.288499999999999,-0.012,305.585,0.1,5.085,9.2775,0.008,305.566,0.1,5.0825,9.289,0.024,305.521,0.1,5.0895,9.2955,0.022,305.474,0.1,
5.356,9.370000000000001,0.1265,305.493,0.1,5.3155,9.3615,0.1515,305.505,0.1,5.265499999999999,9.3625,0.1565,305.512,0.1,5.2095,9.3705,0.1395,305.519,0.1,5.1485,9.373000000000001,0.119,305.54,0.1,5.0895,9.369,0.112,305.572,0.1,5.045,9.3635,0.125,305.607,0.1,5.023,9.36,0.1405,305.632,0.1,5.0215,9.3595,0.14,305.637,0.1,5.032500000000001,9.3595,0.1175,305.627,0.1,5.0455000000000005,9.3535,0.0735,305.613,0.1,5.0555,9.33,0.026500000000000003,305.612,0.1,5.061999999999999,9.2935,0.0125,305.621,0.1,5.063000000000001,9.277,0.0235,305.606,0.1,5.0625,9.2865,0.0195,305.562,0.1,5.074,9.2985,-0.007,305.511,0.1,
5.3955,9.417,0.1355,305.504,0.1,5.3555,9.4015,0.159,305.512,0.1,5.309,9.3925,0.1615,305.517,0.1,5.258,9.3905,0.1485,305.524,0.1,5.2005,9.387,0.134,305.544,0.1,5.140000000000001,9.3795,0.1325,305.576,0.1,5.0855,9.3735,0.147,305.609,0.1,5.047000000000001,9.3735,0.1585,305.633,0.1,5.03,9.3775,0.1545,305.643,0.1,5.031499999999999,9.381,0.135,305.64,0.1,5.0405,9.373999999999999,0.0975,305.634,0.1,5.044499999999999,9.346499999999999,0.057499999999999996,305.639,0.1,5.0405,9.3035,0.044,305.654,0.1,5.0335,9.2775,0.0465,305.645,0.1,5.031000000000001,9.281,0.03,305.607,0.1,5.043,9.295,-0.0085,305.561,0.1,
5.4,9.4505,0.13,305.549,0.1,5.362,9.4345,0.1435,305.547,0.1,5.3245000000000005,9.422,0.1425,305.544,0.1,5.285,9.415,0.1365,305.545,0.1,5.237,9.404499999999999,0.134,305.561,0.1,5.178,9.3885,0.1395,305.592,0.1,5.116,9.377500000000001,0.1485,305.627,0.1,5.0665,9.3795,0.15,305.649,0.1,5.039,9.39,0.14100000000000001,305.655,0.1,5.032,9.3995,0.127,305.652,0.1,5.0344999999999995,9.396,0.104,305.652,0.1,5.0295,9.369,0.0805,305.667,0.1,5.013,9.3215,0.071,305.688,0.1,4.9965,9.286000000000001,0.0675,305.686,0.1,4.992,9.2805,0.0465,305.656,0.1,5.004,9.2915,0.011,305.614,0.1,
5.4055,9.4805,0.13,305.576,0.1,5.3675,9.465499999999999,0.125,305.571,0.1,5.337,9.453,0.119,305.564,0.1,5.3075,9.4435,0.119,305.562,0.1,5.2695,9.4265,0.1275,305.572,0.1,5.218,9.403500000000001,0.1375,305.598,0.1,5.159,9.389,0.1395,305.626,0.1,5.106,9.39,0.1325,305.643,0.1,5.07,9.3995,0.12,305.648,0.1,5.0535,9.410499999999999,0.11,305.648,0.1,5.047499999999999,9.415,0.10250000000000001,305.652,0.1,5.0344999999999995,9.397,0.0975,305.667,0.1,5.0085,9.354,0.0955,305.69,0.1,4.9825,9.3115,0.0875,305.697,0.1,4.971,9.294,0.067,305.679,0.1,4.976,9.2945,0.042499999999999996,305.649,0.1,
5.447,9.503,0.179,305.554,0.1,5.402,9.4855,0.153,305.557,0.1,5.368,9.474,0.136,305.557,0.1,5.338,9.4635,0.1325,305.558,0.1,5.3065,9.4435,0.1395,305.566,0.1,5.269,9.42,0.146,305.579,0.1,5.2235,9.405000000000001,0.1465,305.59,0.1,5.1739999999999995,9.401,0.14,305.599,0.1,5.13,9.401499999999999,0.127,305.611,0.1,5.1025,9.408,0.11599999999999999,305.621,0.1,5.0885,9.4195,0.11549999999999999,305.625,0.1,5.071,9.417000000000002,0.124,305.632,0.1,5.0405,9.3875,0.1285,305.649,0.1,5.007,9.345500000000001,0.1195,305.665,0.1,4.984,9.317,0.1005,305.665,0.1,4.9735,9.302,0.083,305.654,0.1,
5.5055,9.504,0.2735,305.514,0.1,5.451499999999999,9.4815,0.22999999999999998,305.532,0.1,5.4094999999999995,9.469999999999999,0.1955,305.539,0.1,5.375500000000001,9.461500000000001,0.1805,305.54,0.1,5.346500000000001,9.443999999999999,0.174,305.543,0.1,5.319,9.4245,0.17049999999999998,305.544,0.1,5.2844999999999995,9.409500000000001,0.16999999999999998,305.545,0.1,5.239000000000001,9.398,0.167,305.554,0.1,5.193,9.388,0.156,305.572,0.1,5.16,9.3875,0.14200000000000002,305.588,0.1,5.140499999999999,9.401,0.139,305.59,0.1,5.1195,9.4115,0.148,305.588,0.1,5.087,9.3995,0.1555,305.598,0.1,5.05,9.368,0.1485,305.618,0.1,5.0184999999999995,9.336,0.1315,305.631,0.1,4.9985,9.3105,0.1145,305.634,0.1,
5.5715,9.498,0.36,305.468,0.1,5.5120000000000005,9.473,0.3045,305.496,0.1,5.4635,9.461,0.255,305.507,0.1,5.4235,9.454,0.22899999999999998,305.507,0.1,5.3934999999999995,9.439,0.213,305.504,0.1,5.368,9.422,0.1985,305.501,0.1,5.3365,9.407,0.1885,305.503,0.1,5.294,9.392,0.1805,305.516,0.1,5.249499999999999,9.377,0.16949999999999998,305.535,0.1,5.2165,9.373,0.154,305.55,0.1,5.1955,9.386,0.14350000000000002,305.551,0.1,5.175000000000001,9.401,0.14250000000000002,305.544,0.1,5.145,9.398,0.1455,305.548,0.1,5.106999999999999,9.374,0.14150000000000001,305.565,0.1,5.072,9.343,0.1285,305.582,0.1,5.051500000000001,9.315,0.114,305.588,0.1,
4.5435,8.8925,0.019,305.789,0.1,4.5635,8.898,0.0195,305.789,0.1,4.591,8.916,0.0165,305.767,0.1,4.603,8.9295,0.0165,305.751,0.1,4.5915,8.927,0.025500000000000002,305.765,0.1,4.5755,8.9255,0.037000000000000005,305.786,0.1,4.5815,8.940000000000001,0.041499999999999995,305.786,0.1,4.6175,8.968,0.0415,305.76,0.1,4.666,8.995000000000001,0.0385,305.722,0.1,4.7015,8.993500000000001,0.027,305.705,0.1,4.7095,8.9435,0.006500000000000001,305.728,0.1,4.6935,8.8675,-0.017,305.768,0.1,4.6685,8.8185,-0.037000000000000005,305.787,0.1,4.648,8.815,-0.0455,305.766,0.1,4.6385,8.842500000000001,-0.038,305.72,0.1,4.646,8.873,-0.0325,305.684,0.1,
4.5815,8.879999999999999,0.036500000000000005,305.79,0.1,4.5905000000000005,8.882,0.038,305.798,0.1,4.619,8.8945,0.0225,305.778,0.1,4.6434999999999995,8.913499999999999,0.007,305.753,0.1,4.6465,8.9295,0.007,305.747,0.1,4.6355,8.941500000000001,0.0215,305.755,0.1,4.632,8.949000000000002,0.0375,305.761,0.1,4.651999999999999,8.9585,0.038,305.753,0.1,4.6905,8.974499999999999,0.0235,305.728,0.1,4.724,8.979,0.005,305.709,0.1,4.733499999999999,8.943,-0.013999999999999999,305.727,0.1,4.718999999999999,8.877,-0.0335,305.77,0.1,4.693,8.8205,-0.0505,305.802,0.1,4.6705000000000005,8.7955,-0.063,305.8,0.1,4.6635,8.806000000000001,-0.0695,305.765,0.1,4.6739999999999995,8.846,-0.0715,305.716,0.1,
4.634,8.872,0.0455,305.773,0.1,4.6259999999999994,8.8775,0.045,305.789,0.1,4.646,8.881499999999999,0.0205,305.788,0.1,4.6745,8.893999999999998,-0.01,305.773,0.1,4.6875,8.9195,-0.0215,305.753,0.1,4.6805,8.945,-0.0095,305.741,0.1,4.6715,8.9545,0.0115,305.743,0.1,4.683,8.9575,0.0135,305.747,0.1,4.7170000000000005,8.969999999999999,-0.006,305.733,0.1,4.7515,8.979,-0.026000000000000002,305.719,0.1,4.7635,8.9555,-0.042499999999999996,305.735,0.1,4.7485,8.9025,-0.0535,305.773,0.1,4.7155000000000005,8.840499999999999,-0.059,305.813,0.1,4.682,8.7925,-0.067,305.836,0.1,4.6690000000000005,8.780999999999999,-0.0805,305.826,0.1,4.68,8.815000000000001,-0.088,305.781,0.1,
4.6965,8.8665,0.041499999999999995,305.755,0.1,4.671,8.8855,0.039,305.773,0.1,4.676,8.888,0.0155,305.794,0.1,4.698,8.8885,-0.0175,305.801,0.1,4.7115,8.9055,-0.0375,305.783,0.1,4.7059999999999995,8.931000000000001,-0.0345,305.759,0.1,4.697,8.9485,-0.0195,305.749,0.1,4.708,8.9595,-0.0185,305.751,0.1,4.7425,8.977,-0.033,305.745,0.1,4.7785,8.99,-0.0455,305.739,0.1,4.793,8.9755,-0.0595,305.752,0.1,4.7795000000000005,8.9315,-0.067,305.781,0.1,4.7435,8.867999999999999,-0.061,305.817,0.1,4.702999999999999,8.8095,-0.057499999999999996,305.853,0.1,4.682,8.783999999999999,-0.0645,305.864,0.1,4.686,8.8,-0.067,305.838,0.1,
4.765000000000001,8.864,0.033,305.751,0.1,4.7265,8.8995,0.028499999999999998,305.766,0.1,4.714,8.9115,0.0185,305.796,0.1,4.716,8.904,-0.003,305.824,0.1,4.715,8.901,-0.025,305.827,0.1,4.7075,8.9115,-0.036500000000000005,305.807,0.1,4.7059999999999995,8.9315,-0.0375,305.787,0.1,4.7255,8.955,-0.0405,305.775,0.1,4.763999999999999,8.981,-0.045,305.769,0.1,4.7995,8.998000000000001,-0.045,305.767,0.1,4.814,8.99,-0.055,305.775,0.1,4.805,8.95,-0.0655,305.793,0.1,4.7780000000000005,8.8895,-0.057499999999999996,305.818,0.1,4.7455,8.838000000000001,-0.040999999999999995,305.844,0.1,4.723000000000001,8.813,-0.027000000000000003,305.859,0.1,4.716,8.812,-0.0135,305.853,0.1,
4.8365,8.870000000000001,0.0335,305.76,0.1,4.7905,8.913499999999999,0.0305,305.77,0.1,4.759,8.939499999999999,0.0345,305.798,0.1,4.7355,8.9345,0.0295,305.836,0.1,4.7125,8.915500000000002,0.011,305.86,0.1,4.696,8.9045,-0.012,305.86,0.1,4.699,8.914,-0.0305,305.843,0.1,4.728,8.94,-0.039,305.824,0.1,4.771,8.970500000000001,-0.035500000000000004,305.812,0.1,4.8055,8.9915,-0.026500000000000003,305.805,0.1,4.8185,8.988,-0.0345,305.802,0.1,4.8149999999999995,8.951,-0.0535,305.811,0.1,4.805,8.897,-0.0515,305.825,0.1,4.7915,8.8615,-0.024,305.832,0.1,4.7775,8.850000000000001,0.012,305.831,0.1,4.7669999999999995,8.844,0.042499999999999996,305.828,0.1,
4.9055,8.8895,0.051000000000000004,305.776,0.1,4.857,8.927,0.054,305.784,0.1,4.8105,8.960999999999999,0.0655,305.804,0.1,4.7645,8.966000000000001,0.0675,305.838,0.1,4.718999999999999,8.945,0.0525,305.873,0.1,4.6865000000000006,8.9185,0.0265,305.896,0.1,4.6845,8.91,0.0015,305.899,0.1,4.7155000000000005,8.924,-0.010499999999999999,305.887,0.1,4.7595,8.9495,-0.005,305.87,0.1,4.792,8.970500000000001,0.003,305.851,0.1,4.803,8.9695,-0.011,305.837,0.1,4.8035,8.937,-0.038,305.839,0.1,4.809,8.89,-0.0435,305.847,0.1,4.817,8.8705,-0.0125,305.838,0.1,4.8205,8.877500000000001,0.0335,305.812,0.1,4.82,8.879999999999999,0.0685,305.789,0.1,
4.9665,8.926,0.081,305.792,0.1,4.918,8.946,0.0935,305.804,0.1,4.8629999999999995,8.9755,0.105,305.816,0.1,4.802,8.989,0.1015,305.838,0.1,4.739,8.975999999999999,0.08499999999999999,305.873,0.1,4.6899999999999995,8.9475,0.065,305.911,0.1,4.675,8.9255,0.0475,305.937,0.1,4.6965,8.922,0.041,305.941,0.1,4.734,8.933,0.0435,305.925,0.1,4.7615,8.946000000000002,0.0395,305.899,0.1,4.7684999999999995,8.945,0.0135,305.88,0.1,4.769,8.917,-0.022,305.881,0.1,4.7829999999999995,8.875499999999999,-0.0315,305.891,0.1,4.8075,8.866,-0.0035,305.872,0.1,4.829000000000001,8.8875,0.0335,305.823,0.1,4.846,8.9045,0.055,305.775,0.1,
5.0235,8.9795,0.1075,305.798,0.1,4.975,8.9795,0.1295,305.815,0.1,4.9165,8.994,0.138,305.825,0.1,4.849,9.007,0.1265,305.838,0.1,4.776,9.0015,0.1065,305.868,0.1,4.713,8.9795,0.0935,305.911,0.1,4.6805,8.9545,0.092,305.951,0.1,4.6835,8.937999999999999,0.0975,305.971,0.1,4.7065,8.9335,0.0975,305.964,0.1,4.726,8.9345,0.08,305.943,0.1,4.729,8.9305,0.041,305.925,0.1,4.726,8.905000000000001,-0.0025,305.929,0.1,4.7375,8.866,-0.013999999999999999,305.943,0.1,4.766,8.8565,0.006,305.923,0.1,4.800000000000001,8.884,0.0225,305.862,0.1,4.8365,8.912,0.019000000000000003,305.796,0.1,
5.0805,9.0395,0.1235,305.79,0.1,5.0325,9.025500000000001,0.1505,305.808,0.1,4.974,9.0225,0.1575,305.819,0.1,4.906,9.0265,0.143,305.831,0.1,4.83,9.0215,0.1235,305.859,0.1,4.758,9.004999999999999,0.11649999999999999,305.902,0.1,4.7065,8.9825,0.127,305.945,0.1,4.685499999999999,8.962,0.139,305.975,0.1,4.6895,8.95,0.1375,305.981,0.1,4.701499999999999,8.943999999999999,0.114,305.97,0.1,4.7044999999999995,8.935500000000001,0.07050000000000001,305.958,0.1,4.6975,8.908000000000001,0.0245,305.964,0.1,4.696999999999999,8.8655,0.010499999999999999,305.983,0.1,4.715,8.849499999999999,0.022,305.968,0.1,4.7490000000000006,8.874,0.018000000000000002,305.91,0.1,4.7945,8.906500000000001,-0.0095,305.841,0.1,
5.114000000000001,9.0855,0.132,305.799,0.1,5.0685,9.066500000000001,0.1565,305.811,0.1,5.0145,9.0525,0.1605,305.821,0.1,4.9525,9.0465,0.1495,305.831,0.1,4.88,9.0365,0.1365,305.858,0.1,4.8025,9.019,0.136,305.899,0.1,4.7355,8.996500000000001,0.1495,305.943,0.1,4.694,8.979,0.159,305.976,0.1,4.682,8.970500000000001,0.153,305.989,0.1,4.6875,8.966000000000001,0.132,305.986,0.1,4.689500000000001,8.9545,0.094,305.981,0.1,4.676,8.9205,0.055,305.993,0.1,4.659,8.870000000000001,0.042499999999999996,306.017,0.1,4.659,8.844,0.0455,306.009,0.1,4.683,8.8605,0.028999999999999998,305.961,0.1,4.7265,8.893,-0.010499999999999999,305.899,0.1,
5.0965,9.114,0.13,305.849,0.1,5.0565,9.0975,0.143,305.849,0.1,5.015499999999999,9.0805,0.142,305.849,0.1,4.968999999999999,9.068999999999999,0.137,305.854,0.1,4.907,9.053,0.136,305.874,0.1,4.829000000000001,9.029,0.143,305.913,0.1,4.7515,9.004000000000001,0.153,305.959,0.1,4.697,8.991,0.1535,305.991,0.1,4.6745,8.9895,0.1425,306.003,0.1,4.6739999999999995,8.9895,0.1265,306.001,0.1,4.6715,8.979,0.103,306.003,0.1,4.649,8.942,0.0795,306.024,0.1,4.6155,8.885,0.0715,306.052,0.1,4.5975,8.8475,0.068,306.052,0.1,4.611000000000001,8.8525,0.047,306.015,0.1,4.65,8.8805,0.009999999999999998,305.961,0.1,
5.0875,9.1435,0.136,305.88,0.1,5.048,9.129000000000001,0.129,305.875,0.1,5.0145,9.1125,0.1215,305.871,0.1,4.98,9.098500000000001,0.121,305.872,0.1,4.9315,9.077,0.1305,305.885,0.1,4.864,9.048,0.14250000000000002,305.917,0.1,4.791,9.0235,0.1465,305.955,0.1,4.7330000000000005,9.013,0.1395,305.981,0.1,4.7005,9.011,0.1255,305.993,0.1,4.689,9.0115,0.114,305.997,0.1,4.679,9.006,0.105,306.003,0.1,4.6505,8.9765,0.1005,306.024,0.1,4.606999999999999,8.9215,0.0985,306.053,0.1,4.5745000000000005,8.8745,0.0905,306.062,0.1,4.572,8.864,0.069,306.04,0.1,4.5945,8.8775,0.0435,306.0,0.1,
5.134,9.1735,0.189,305.854,0.1,5.086,9.1545,0.1605,305.857,0.1,5.0465,9.139,0.14150000000000001,305.862,0.1,5.011,9.124500000000001,0.1375,305.866,0.1,4.971,9.100999999999999,0.1445,305.877,0.1,4.9235,9.073,0.1525,305.894,0.1,4.869999999999999,9.052,0.154,305.91,0.1,4.816,9.039000000000001,0.1475,305.926,0.1,4.7725,9.027999999999999,0.1345,305.946,0.1,4.747,9.023,0.123,305.961,0.1,4.73,9.024000000000001,0.1215,305.97,0.1,4.7005,9.0095,0.1295,305.981,0.1,4.653499999999999,8.9665,0.134,306.003,0.1,4.609,8.9165,0.124,306.022,0.1,4.585,8.8905,0.104,306.02,0.1,4.58,8.8825,0.08499999999999999,306.004,0.1,
5.204000000000001,9.187999999999999,0.2845,305.809,0.1,5.144500000000001,9.159500000000001,0.2395,305.827,0.1,5.0969999999999995,9.144,0.20450000000000002,305.839,0.1,5.057499999999999,9.132000000000001,0.189,305.843,0.1,5.022,9.1125,0.182,305.848,0.1,4.9875,9.089500000000001,0.178,305.852,0.1,4.9475,9.07,0.1775,305.856,0.1,4.8985,9.05,0.175,305.871,0.1,4.851,9.0285,0.164,305.896,0.1,4.818,9.015999999999998,0.15,305.918,0.1,4.795999999999999,9.02,0.147,305.924,0.1,4.766,9.0195,0.1555,305.926,0.1,4.7195,8.993500000000001,0.1625,305.942,0.1,4.669499999999999,8.951,0.1545,305.966,0.1,4.6305,8.9165,0.137,305.979,0.1,4.6080000000000005,8.893,0.119,305.98,0.1,
5.285,9.19,0.3715,305.754,0.1,5.22,9.156,0.3155,305.785,0.1,5.1675,9.14,0.2665,305.799,0.1,5.1240000000000006,9.13,0.24,305.8,0.1,5.0875,9.114,0.2225,305.799,0.1,5.054,9.094,0.20700000000000002,305.8,0.1,5.0145,9.074,0.197,305.807,0.1,4.9670000000000005,9.05,0.1895,305.824,0.1,4.922000000000001,9.024,0.1785,305.85,0.1,4.890499999999999,9.008,0.163,305.869,0.1,4.868499999999999,9.012,0.1525,305.872,0.1,4.8405000000000005,9.017,0.1515,305.869,0.1,4.798500000000001,9.0,0.154,305.879,0.1,4.748,8.964,0.15,305.902,0.1,4.703,8.928,0.137,305.92,0.1,4.6775,8.9,0.1205,305.926,0.1,
4.164,8.456,0.0245,306.171,0.1,4.1895,8.461500000000001,0.0225,306.172,0.1,4.231999999999999,8.4765,0.0175,306.15,0.1,4.26,8.4805,0.017,306.134,0.1,4.2555,8.4725,0.028,306.142,0.1,4.234500000000001,8.478,0.040999999999999995,306.152,0.1,4.2295,8.5045,0.045,306.148,0.1,4.258,8.536999999999999,0.042499999999999996,306.125,0.1,4.3085,8.558,0.037,306.095,0.1,4.3525,8.5425,0.025500000000000002,306.085,0.1,4.369,8.475999999999999,0.006,306.109,0.1,4.359,8.393,-0.0155,306.145,0.1,4.3405000000000005,8.349,-0.0325,306.152,0.1,4.3294999999999995,8.355,-0.040999999999999995,306.119,0.1,4.3309999999999995,8.384,-0.0345,306.07,0.1,4.3465,8.404499999999999,-0.032,306.039,0.1,
4.195,8.449,0.044,306.17,0.1,4.2055,8.45,0.041999999999999996,306.178,0.1,4.244999999999999,8.459,0.0235,306.158,0.1,4.288,8.468,0.007,306.135,0.1,4.308,8.476500000000001,0.0085,306.126,0.1,4.3035,8.493500000000001,0.025,306.122,0.1,4.2940000000000005,8.5135,0.0405,306.118,0.1,4.301,8.529,0.0395,306.109,0.1,4.3294999999999995,8.5405,0.0225,306.091,0.1,4.3605,8.5305,0.0025,306.082,0.1,4.3725000000000005,8.477,-0.016,306.107,0.1,4.3629999999999995,8.400500000000001,-0.033,306.152,0.1,4.343500000000001,8.345500000000001,-0.0475,306.174,0.1,4.3285,8.328,-0.059,306.159,0.1,4.3305,8.3415,-0.066,306.118,0.1,4.351,8.374500000000001,-0.07050000000000001,306.071,0.1,
4.247,8.4505,0.053000000000000005,306.148,0.1,4.237,8.4515,0.0495,306.162,0.1,4.2605,8.4495,0.0215,306.163,0.1,4.3025,8.4525,-0.010499999999999999,306.153,0.1,4.3365,8.4695,-0.0205,306.134,0.1,4.3454999999999995,8.496500000000001,-0.006,306.112,0.1,4.337,8.517,0.014499999999999999,306.101,0.1,4.3355,8.527999999999999,0.014499999999999999,306.098,0.1,4.353,8.538,-0.008,306.089,0.1,4.374499999999999,8.533999999999999,-0.03,306.086,0.1,4.3815,8.494,-0.046,306.115,0.1,4.369,8.4295,-0.0545,306.16,0.1,4.339,8.366,-0.057,306.193,0.1,4.3055,8.3205,-0.063,306.205,0.1,4.295,8.311,-0.076,306.187,0.1,4.314500000000001,8.339500000000001,-0.086,306.143,0.1,
4.31,8.457,0.049,306.122,0.1,4.278,8.466999999999999,0.043,306.142,0.1,4.279,8.461,0.016,306.166,0.1,4.3065,8.4505,-0.018,306.181,0.1,4.338,8.457,-0.0365,306.166,0.1,4.353,8.481,-0.0315,306.134,0.1,4.352,8.506499999999999,-0.017,306.111,0.1,4.3545,8.527999999999999,-0.018,306.102,0.1,4.3715,8.546,-0.036500000000000005,306.098,0.1,4.388999999999999,8.5485,-0.0505,306.105,0.1,4.3925,8.5195,-0.063,306.134,0.1,4.3785,8.4635,-0.0675,306.17,0.1,4.345000000000001,8.395,-0.058499999999999996,306.203,0.1,4.301500000000001,8.336500000000001,-0.053,306.229,0.1,4.275,8.312999999999999,-0.0595,306.232,0.1,4.2805,8.3255,-0.0635,306.208,0.1,
4.3759999999999994,8.465,0.03949999999999999,306.109,0.1,4.327,8.49,0.033,306.13,0.1,4.3045,8.4915,0.0195,306.167,0.1,4.3045,8.471,-0.003,306.204,0.1,4.314500000000001,8.4545,-0.0235,306.212,0.1,4.325,8.459,-0.034,306.188,0.1,4.3365,8.4835,-0.036000000000000004,306.155,0.1,4.355,8.5185,-0.0415,306.131,0.1,4.3795,8.5485,-0.0485,306.125,0.1,4.3965,8.559000000000001,-0.049,306.135,0.1,4.397,8.538,-0.057,306.157,0.1,4.3855,8.4845,-0.065,306.183,0.1,4.3645,8.415500000000002,-0.055,306.205,0.1,4.3335,8.3645,-0.037000000000000005,306.221,0.1,4.304,8.346,-0.023,306.227,0.1,4.2915,8.345500000000001,-0.010499999999999999,306.224,0.1,
4.4435,8.477,0.0385,306.111,0.1,4.3835,8.512,0.035,306.131,0.1,4.3385,8.5275,0.037,306.167,0.1,4.3065,8.509,0.0305,306.215,0.1,4.286,8.474,0.0125,306.246,0.1,4.2825,8.452,-0.010499999999999999,306.246,0.1,4.3,8.461,-0.03,306.219,0.1,4.3335,8.495999999999999,-0.041,306.189,0.1,4.3685,8.532499999999999,-0.0385,306.175,0.1,4.3875,8.5505,-0.028999999999999998,306.176,0.1,4.3855,8.535499999999999,-0.035500000000000004,306.184,0.1,4.3774999999999995,8.484,-0.0525,306.2,0.1,4.3774999999999995,8.4185,-0.0505,306.213,0.1,4.377,8.385,-0.0225,306.21,0.1,4.3655,8.3865,0.0135,306.198,0.1,4.349,8.389,0.043,306.193,0.1,
4.509,8.5,0.0535,306.123,0.1,4.444,8.5305,0.057999999999999996,306.142,0.1,4.3815,8.556000000000001,0.069,306.17,0.1,4.323,8.55,0.07050000000000001,306.213,0.1,4.2735,8.512,0.055,306.257,0.1,4.247,8.469999999999999,0.028,306.283,0.1,4.2565,8.4545,0.001,306.281,0.1,4.294499999999999,8.471499999999999,-0.013000000000000001,306.26,0.1,4.336,8.5015,-0.0075,306.24,0.1,4.3565000000000005,8.521,0.0015,306.224,0.1,4.3505,8.5115,-0.011,306.218,0.1,4.343,8.465,-0.0375,306.228,0.1,4.3605,8.404499999999999,-0.0445,306.24,0.1,4.3934999999999995,8.387,-0.0135,306.221,0.1,4.4155,8.413,0.0325,306.18,0.1,4.418,8.433,0.066,306.147,0.1,
4.5655,8.5395,0.081,306.138,0.1,4.500500000000001,8.552,0.096,306.159,0.1,4.429,8.5755,0.109,306.177,0.1,4.3525,8.582,0.106,306.208,0.1,4.2795000000000005,8.554,0.089,306.253,0.1,4.2305,8.507,0.067,306.299,0.1,4.2225,8.471,0.0465,306.324,0.1,4.2515,8.461500000000001,0.0385,306.322,0.1,4.2895,8.4725,0.041,306.301,0.1,4.3065,8.4845,0.038,306.275,0.1,4.2945,8.4785,0.0135,306.262,0.1,4.2805,8.439499999999999,-0.0215,306.274,0.1,4.3025,8.384,-0.033,306.292,0.1,4.3595,8.373999999999999,-0.006,306.266,0.1,4.4165,8.417,0.0305,306.197,0.1,4.452500000000001,8.4585,0.051000000000000004,306.13,0.1,
4.619,8.596499999999999,0.1065,306.142,0.1,4.557,8.588000000000001,0.1305,306.167,0.1,4.484,8.597,0.14150000000000001,306.18,0.1,4.3995,8.6065,0.1315,306.2,0.1,4.311,8.590499999999999,0.112,306.241,0.1,4.2405,8.5505,0.097,306.295,0.1,4.209,8.5055,0.0925,306.34,0.1,4.2170000000000005,8.4735,0.095,306.358,0.1,4.2415,8.462,0.0945,306.345,0.1,4.2524999999999995,8.461500000000001,0.0775,306.321,0.1,4.236000000000001,8.4555,0.0395,306.309,0.1,4.2125,8.423,-0.003,306.325,0.1,4.2235,8.370000000000001,-0.016,306.352,0.1,4.282,8.3585,0.0035,306.328,0.1,4.3605,8.405000000000001,0.0195,306.247,0.1,4.4315,8.461,0.0145,306.156,0.1,
4.6775,8.6585,0.1205,306.129,0.1,4.6195,8.637,0.149,306.153,0.1,4.5489999999999995,8.626999999999999,0.1585,306.169,0.1,4.4645,8.629000000000001,0.1465,306.184,0.1,4.3685,8.6175,0.1285,306.222,0.1,4.279999999999999,8.5855,0.121,306.278,0.1,4.2219999999999995,8.5405,0.1285,306.332,0.1,4.202500000000001,8.498,0.1375,306.364,0.1,4.209,8.472999999999999,0.134,306.367,0.1,4.216,8.463000000000001,0.1105,306.352,0.1,4.2010000000000005,8.4545,0.0675,306.344,0.1,4.1705000000000005,8.4215,0.0235,306.363,0.1,4.1615,8.366,0.0095,306.395,0.1,4.1995000000000005,8.347000000000001,0.02,306.38,0.1,4.274,8.387,0.0155,306.304,0.1,4.3585,8.4465,-0.013,306.21,0.1,
4.705,8.701,0.1285,306.136,0.1,4.6530000000000005,8.678,0.1535,306.153,0.1,4.590999999999999,8.656500000000001,0.1595,306.167,0.1,4.515000000000001,8.647,0.151,306.181,0.1,4.42,8.633,0.14,306.214,0.1,4.3195,8.6035,0.1405,306.268,0.1,4.239,8.559999999999999,0.152,306.326,0.1,4.1955,8.5185,0.1585,306.367,0.1,4.187,8.493,0.1505,306.381,0.1,4.1915,8.4815,0.128,306.375,0.1,4.1785,8.469000000000001,0.0905,306.372,0.1,4.140499999999999,8.4285,0.053,306.395,0.1,4.1080000000000005,8.366,0.0415,306.431,0.1,4.1165,8.337,0.0445,306.426,0.1,4.171,8.3665,0.027,306.363,0.1,4.2490000000000006,8.4225,-0.0135,306.281,0.1,
4.6655,8.7225,0.1305,306.193,0.1,4.622999999999999,8.7055,0.1425,306.196,0.1,4.577999999999999,8.682,0.1415,306.2,0.1,4.522,8.6645,0.1375,306.207,0.1,4.4399999999999995,8.646,0.138,306.23,0.1,4.336,8.6145,0.147,306.279,0.1,4.2395,8.573,0.157,306.34,0.1,4.1805,8.5375,0.1565,306.384,0.1,4.1635,8.517,0.1435,306.401,0.1,4.1645,8.5075,0.1255,306.398,0.1,4.149,8.4925,0.1015,306.4,0.1,4.103,8.4465,0.079,306.429,0.1,4.051,8.3775,0.0725,306.468,0.1,4.0329999999999995,8.3375,0.0685,306.471,0.1,4.0655,8.3535,0.047,306.425,0.1,4.1325,8.4,0.0085,306.354,0.1,
4.641,8.7485,0.14200000000000002,306.231,0.1,4.6015,8.7355,0.133,306.225,0.1,4.5655,8.7135,0.124,306.226,0.1,4.523,8.6925,0.123,306.23,0.1,4.4575,8.6685,0.1335,306.244,0.1,4.367,8.636,0.1475,306.281,0.1,4.2765,8.6005,0.153,306.331,0.1,4.214,8.5715,0.146,306.37,0.1,4.186,8.5515,0.1305,306.39,0.1,4.1765,8.539,0.1175,306.396,0.1,4.156000000000001,8.524999999999999,0.1075,306.402,0.1,4.106,8.4835,0.1035,306.43,0.1,4.042,8.4155,0.10200000000000001,306.467,0.1,4.002,8.365,0.0935,306.479,0.1,4.0085,8.363,0.07100000000000001,306.452,0.1,4.05,8.39,0.044,306.4,0.1,
4.695,8.782499999999999,0.1985,306.202,0.1,4.6445,8.764,0.16799999999999998,306.205,0.1,4.5995,8.743500000000001,0.147,306.215,0.1,4.555,8.723,0.14250000000000002,306.223,0.1,4.5005,8.6965,0.15,306.236,0.1,4.4365,8.6675,0.159,306.254,0.1,4.372,8.64,0.1615,306.278,0.1,4.3155,8.613499999999998,0.155,306.304,0.1,4.274,8.5855,0.14150000000000001,306.333,0.1,4.248,8.565,0.129,306.353,0.1,4.221500000000001,8.553999999999998,0.127,306.364,0.1,4.1739999999999995,8.526,0.135,306.381,0.1,4.1075,8.468,0.1395,306.41,0.1,4.0504999999999995,8.411999999999999,0.1285,306.433,0.1,4.0245,8.391,0.1075,306.427,0.1,4.025499999999999,8.3915,0.087,306.404,0.1,
4.7805,8.807500000000001,0.295,306.15,0.1,4.716,8.776,0.249,306.17,0.1,4.6615,8.756,0.213,306.186,0.1,4.6135,8.7395,0.197,306.194,0.1,4.566,8.717500000000001,0.19,306.201,0.1,4.5184999999999995,8.695,0.186,306.207,0.1,4.4695,8.6705,0.185,306.215,0.1,4.4175,8.64,0.1825,306.237,0.1,4.371,8.6015,0.17149999999999999,306.272,0.1,4.3385,8.5735,0.1575,306.299,0.1,4.3095,8.564,0.1545,306.308,0.1,4.264,8.55,0.163,306.315,0.1,4.1985,8.5085,0.16949999999999998,306.338,0.1,4.1325,8.4555,0.16,306.367,0.1,4.0845,8.4215,0.14250000000000002,306.378,0.1,4.0595,8.402000000000001,0.123,306.377,0.1,
4.8815,8.816,0.382,306.087,0.1,4.8115000000000006,8.777,0.3265,306.12,0.1,4.754,8.757,0.27749999999999997,306.137,0.1,4.7044999999999995,8.743,0.2505,306.14,0.1,4.657,8.725,0.23199999999999998,306.141,0.1,4.6080000000000005,8.706,0.2155,306.144,0.1,4.556,8.681,0.20550000000000002,306.157,0.1,4.5035,8.647,0.1985,306.182,0.1,4.4605,8.604,0.1875,306.215,0.1,4.432499999999999,8.573,0.17149999999999999,306.238,0.1,4.4079999999999995,8.563,0.1615,306.242,0.1,4.3675,8.555,0.16,306.243,0.1,4.3065,8.523,0.1625,306.261,0.1,4.2385,8.474,0.158,306.291,0.1,4.182,8.436,0.145,306.31,0.1,4.1515,8.41,0.1275,306.315,0.1,
3.752,8.013,0.03,306.564,0.1,3.785,8.018,0.025500000000000002,306.564,0.1,3.8419999999999996,8.0305,0.0175,306.542,0.1,3.8834999999999997,8.0275,0.0165,306.525,0.1,3.8840000000000003,8.016,0.03,306.527,0.1,3.857,8.026499999999999,0.0455,306.53,0.1,3.841,8.061499999999999,0.049,306.522,0.1,3.863,8.097000000000001,0.044,306.503,0.1,3.916,8.112,0.035500000000000004,306.48,0.1,3.967,8.084,0.0235,306.475,0.1,3.988,8.0045,0.005,306.5,0.1,3.9785,7.915,-0.013999999999999999,306.533,0.1,3.963,7.875,-0.028499999999999998,306.53,0.1,3.963,7.888,-0.0375,306.488,0.1,3.9795,7.9185,-0.032,306.436,0.1,4.003,7.9305,-0.0315,306.406,0.1,
3.777,8.0115,0.051500000000000004,306.561,0.1,3.792,8.0105,0.046,306.567,0.1,3.844,8.017,0.024,306.547,0.1,3.9029999999999996,8.0185,0.006500000000000001,306.525,0.1,3.9364999999999997,8.021,0.0095,306.512,0.1,3.9364999999999997,8.043,0.028499999999999998,306.499,0.1,3.9195,8.0725,0.044,306.487,0.1,3.9145000000000003,8.0915,0.041499999999999995,306.479,0.1,3.935,8.0975,0.022,306.466,0.1,3.963,8.075,0.0005,306.466,0.1,3.9745,8.006499999999999,-0.018000000000000002,306.497,0.1,3.9645,7.9215,-0.0335,306.543,0.1,3.9465000000000003,7.868,-0.045,306.559,0.1,3.9385000000000003,7.8555,-0.056,306.533,0.1,3.9530000000000003,7.8715,-0.063,306.485,0.1,3.9850000000000003,7.8985,-0.069,306.439,0.1,
3.831,8.0225,0.061,306.533,0.1,3.82,8.018,0.0535,306.546,0.1,3.848,8.0115,0.022,306.547,0.1,3.903,8.0055,-0.011,306.542,0.1,3.9555,8.016,-0.0195,306.522,0.1,3.9779999999999998,8.0465,-0.003,306.49,0.1,3.9685,8.076,0.0175,306.468,0.1,3.9545000000000003,8.0915,0.016,306.462,0.1,3.9565,8.0975,-0.009,306.457,0.1,3.9655,8.082,-0.033,306.465,0.1,3.9655,8.0275,-0.049,306.506,0.1,3.95,7.954,-0.0555,306.555,0.1,3.918,7.889,-0.0555,306.584,0.1,3.8840000000000003,7.845000000000001,-0.06,306.587,0.1,3.8785,7.837,-0.07200000000000001,306.563,0.1,3.9074999999999998,7.8605,-0.0825,306.519,0.1,
3.8945,8.041,0.056499999999999995,306.499,0.1,3.8575,8.041,0.0465,306.521,0.1,3.856,8.027000000000001,0.016,306.548,0.1,3.8895,8.006,-0.018,306.569,0.1,3.9375,8.0055,-0.035,306.557,0.1,3.9695,8.029499999999999,-0.028499999999999998,306.517,0.1,3.9745,8.0625,-0.014499999999999999,306.481,0.1,3.9690000000000003,8.090499999999999,-0.0175,306.465,0.1,3.9690000000000003,8.1075,-0.038,306.463,0.1,3.968,8.1,-0.054,306.482,0.1,3.9585,8.058,-0.066,306.525,0.1,3.94,7.992999999999999,-0.068,306.568,0.1,3.904,7.92,-0.056,306.598,0.1,3.8555,7.861000000000001,-0.0495,306.616,0.1,3.8255,7.8395,-0.055,306.613,0.1,3.8345000000000002,7.8485,-0.0595,306.591,0.1,
3.958,8.0595,0.047,306.478,0.1,3.9005,8.0725,0.037000000000000005,306.506,0.1,3.8705,8.063500000000001,0.02,306.548,0.1,3.8695,8.031,-0.003,306.593,0.1,3.8895,8.0045,-0.022,306.604,0.1,3.9154999999999998,8.004999999999999,-0.0315,306.576,0.1,3.9375,8.034500000000001,-0.034,306.531,0.1,3.9545000000000003,8.0775,-0.0415,306.498,0.1,3.9655,8.1095,-0.0505,306.493,0.1,3.9635,8.1125,-0.052,306.515,0.1,3.949,8.08,-0.058499999999999996,306.549,0.1,3.9325,8.017,-0.064,306.581,0.1,3.913,7.9405,-0.052000000000000005,306.601,0.1,3.8815,7.8895,-0.0335,306.609,0.1,3.846,7.8765,-0.02,306.608,0.1,3.8289999999999997,7.877,-0.008,306.607,0.1,
4.0215,8.0785,0.045,306.473,0.1,3.9485,8.1025,0.039999999999999994,306.503,0.1,3.892,8.1075,0.039,306.548,0.1,3.854,8.075500000000002,0.0315,306.604,0.1,3.8369999999999997,8.0275,0.0135,306.64,0.1,3.8445,7.997,-0.009000000000000001,306.637,0.1,3.8735,8.007000000000001,-0.0295,306.601,0.1,3.91,8.049,-0.042,306.563,0.1,3.9370000000000003,8.088999999999999,-0.0405,306.549,0.1,3.9405,8.102,-0.0305,306.558,0.1,3.923,8.0775,-0.035,306.576,0.1,3.9095,8.015,-0.05,306.598,0.1,3.916,7.9395,-0.048,306.61,0.1,3.9255,7.9075,-0.0215,306.598,0.1,3.916,7.920999999999999,0.0135,306.576,0.1,3.894,7.931,0.041499999999999995,306.57,0.1,
4.0835,8.1055,0.057999999999999996,306.48,0.1,4.003,8.126,0.0625,306.51,0.1,3.926,8.143,0.0725,306.549,0.1,3.857,8.124500000000001,0.0725,306.6,0.1,3.8045,8.072,0.0565,306.651,0.1,3.7845,8.018,0.0295,306.678,0.1,3.8035,7.9975000000000005,0.0005,306.67,0.1,3.846,8.0165,-0.015,306.643,0.1,3.8834999999999997,8.049,-0.0095,306.621,0.1,3.892,8.0655,0.001,306.609,0.1,3.871,8.049,-0.009,306.61,0.1,3.8545,7.991,-0.0345,306.627,0.1,3.8805,7.9190000000000005,-0.0435,306.64,0.1,3.936,7.903,-0.014499999999999999,306.613,0.1,3.976,7.947,0.028999999999999998,306.557,0.1,3.982,7.9825,0.061,306.516,0.1,
4.135,8.1475,0.08349999999999999,306.494,0.1,4.0545,8.1505,0.0995,306.525,0.1,3.968,8.167,0.1125,306.551,0.1,3.878,8.165,0.1095,306.59,0.1,3.797,8.124,0.0925,306.643,0.1,3.748,8.062,0.0685,306.694,0.1,3.7465,8.0145,0.0455,306.718,0.1,3.7805,7.9995,0.036000000000000004,306.711,0.1,3.8165,8.009,0.039,306.687,0.1,3.823,8.019,0.0375,306.661,0.1,3.7939999999999996,8.008,0.0155,306.654,0.1,3.766,7.9595,-0.018500000000000003,306.675,0.1,3.793,7.8919999999999995,-0.0325,306.699,0.1,3.8785,7.8825,-0.0085,306.668,0.1,3.97,7.945,0.025,306.58,0.1,4.0255,8.009,0.0435,306.496,0.1,
4.1855,8.2075,0.107,306.497,0.1,4.11,8.19,0.132,306.529,0.1,4.0235,8.192,0.1445,306.548,0.1,3.924,8.1965,0.136,306.574,0.1,3.8225,8.1705,0.1175,306.625,0.1,3.745,8.1145,0.1005,306.688,0.1,3.7140000000000004,8.053,0.093,306.737,0.1,3.726,8.008,0.0925,306.752,0.1,3.75,7.989,0.0915,306.735,0.1,3.751,7.9855,0.076,306.709,0.1,3.7155,7.977,0.0405,306.703,0.1,3.6734999999999998,7.936999999999999,-0.0005,306.731,0.1,3.6835,7.872999999999999,-0.015,306.767,0.1,3.768,7.8605,0.0005,306.74,0.1,3.888,7.925000000000001,0.013499999999999998,306.639,0.1,3.9935,8.006499999999999,0.006500000000000001,306.526,0.1,
4.2455,8.271,0.119,306.48,0.1,4.178,8.2415,0.1475,306.51,0.1,4.0965,8.225000000000001,0.1595,306.53,0.1,3.9964999999999997,8.2225,0.15,306.55,0.1,3.8819999999999997,8.2035,0.134,306.597,0.1,3.779,8.157499999999999,0.126,306.664,0.1,3.715,8.093,0.1295,306.726,0.1,3.6955,8.032,0.1355,306.761,0.1,3.7025,7.994,0.13,306.761,0.1,3.7025,7.9795,0.1075,306.745,0.1,3.6695,7.9695,0.0665,306.741,0.1,3.6174999999999997,7.93,0.025,306.771,0.1,3.6,7.8645,0.010499999999999999,306.814,0.1,3.656,7.843999999999999,0.018000000000000002,306.798,0.1,3.7685000000000004,7.8995,0.0105,306.705,0.1,3.8905000000000003,7.984,-0.0195,306.589,0.1,
4.2669999999999995,8.309000000000001,0.126,306.484,0.1,4.2085,8.281500000000001,0.151,306.507,0.1,4.1385000000000005,8.253499999999999,0.159,306.526,0.1,4.0495,8.2385,0.153,306.543,0.1,3.9345,8.219999999999999,0.1445,306.583,0.1,3.8135,8.1795,0.1455,306.647,0.1,3.7195,8.117,0.1545,306.717,0.1,3.6719999999999997,8.054,0.1575,306.766,0.1,3.665,8.013,0.147,306.78,0.1,3.6665,7.9945,0.124,306.773,0.1,3.6390000000000002,7.9795,0.089,306.773,0.1,3.5789999999999997,7.932,0.054,306.805,0.1,3.532,7.859500000000001,0.042499999999999996,306.851,0.1,3.548,7.8294999999999995,0.0435,306.847,0.1,3.6305,7.8725000000000005,0.024,306.773,0.1,3.7424999999999997,7.95,-0.018000000000000002,306.672,0.1,
4.203,8.323,0.131,306.55,0.1,4.159000000000001,8.3055,0.142,306.555,0.1,4.1105,8.275500000000001,0.1415,306.563,0.1,4.045,8.2515,0.139,306.573,0.1,3.9444999999999997,8.2305,0.14150000000000001,306.599,0.1,3.8175,8.191500000000001,0.152,306.656,0.1,3.7035,8.1345,0.1615,306.73,0.1,3.6390000000000002,8.0785,0.1585,306.786,0.1,3.625,8.042,0.1435,306.807,0.1,3.6265,8.022,0.1245,306.804,0.1,3.599,8.0015,0.1015,306.807,0.1,3.5300000000000002,7.946,0.0815,306.843,0.1,3.4595000000000002,7.867,0.075,306.891,0.1,3.4415,7.827,0.07,306.896,0.1,3.4935,7.8545,0.046,306.842,0.1,3.5885,7.9175,0.006500000000000001,306.756,0.1,
4.1635,8.346,0.148,306.595,0.1,4.1240000000000006,8.334,0.1375,306.589,0.1,4.085,8.306000000000001,0.127,306.594,0.1,4.0355,8.277999999999999,0.126,306.601,0.1,3.9539999999999997,8.2515,0.1375,306.616,0.1,3.843,8.215,0.153,306.658,0.1,3.737,8.1695,0.1595,306.718,0.1,3.67,8.123999999999999,0.1515,306.768,0.1,3.6455,8.0875,0.1345,306.795,0.1,3.636,8.062000000000001,0.1205,306.803,0.1,3.6035,8.038,0.1115,306.812,0.1,3.532,7.985,0.108,306.846,0.1,3.4495,7.906499999999999,0.107,306.89,0.1,3.4044999999999996,7.855499999999999,0.097,306.904,0.1,3.421,7.862,0.0725,306.871,0.1,3.4805,7.9005,0.0435,306.808,0.1,
4.226,8.3845,0.20750000000000002,306.562,0.1,4.172499999999999,8.366,0.176,306.564,0.1,4.121,8.3395,0.1535,306.58,0.1,4.067500000000001,8.3125,0.1485,306.593,0.1,4.0,8.282499999999999,0.1565,306.607,0.1,3.922,8.2525,0.166,306.627,0.1,3.8485,8.22,0.16899999999999998,306.656,0.1,3.79,8.181000000000001,0.162,306.691,0.1,3.7495000000000003,8.137,0.147,306.728,0.1,3.7215,8.102,0.135,306.754,0.1,3.6845,8.0775,0.1335,306.769,0.1,3.6185,8.0365,0.14200000000000002,306.791,0.1,3.5335,7.9670000000000005,0.1455,306.826,0.1,3.4655,7.907,0.133,306.851,0.1,3.439,7.8915,0.11,306.842,0.1,3.4459999999999997,7.899,0.0885,306.813,0.1,
4.329000000000001,8.4205,0.3045,306.502,0.1,4.2585,8.3855,0.2585,306.523,0.1,4.196,8.3595,0.2215,306.545,0.1,4.139,8.338000000000001,0.20500000000000002,306.558,0.1,4.08,8.312999999999999,0.198,306.567,0.1,4.0215,8.29,0.1945,306.573,0.1,3.966,8.2625,0.193,306.585,0.1,3.9130000000000003,8.221499999999999,0.189,306.613,0.1,3.867,8.168500000000002,0.1775,306.656,0.1,3.832,8.125,0.1645,306.689,0.1,3.7945,8.102,0.1625,306.702,0.1,3.7335,8.0745,0.17149999999999999,306.714,0.1,3.65,8.0195,0.1765,306.742,0.1,3.5694999999999997,7.959,0.166,306.775,0.1,3.5134999999999996,7.926,0.147,306.786,0.1,3.487,7.91,0.1265,306.782,0.1,
4.4505,8.436,0.391,306.429,0.1,4.374499999999999,8.391,0.3365,306.465,0.1,4.311999999999999,8.365,0.288,306.485,0.1,4.256,8.347,0.261,306.491,0.1,4.197,8.327,0.242,306.494,0.1,4.134,8.307,0.225,306.5,0.1,4.072,8.279,0.214,306.518,0.1,4.0165,8.235,0.20650000000000002,306.55,0.1,3.9755000000000003,8.178,0.195,306.588,0.1,3.949,8.131,0.1795,306.615,0.1,3.919,8.109,0.17049999999999998,306.622,0.1,3.865,8.088,0.16899999999999998,306.627,0.1,3.7865,8.041,0.17099999999999999,306.652,0.1,3.703,7.983,0.166,306.688,0.1,3.6365,7.943,0.153,306.708,0.1,3.602,7.919,0.134,306.712,0.1,
2.9785000000000004,7.496,0.036500000000000005,307.079,0.1,3.0295,7.4935,0.028,307.071,0.1,3.0934999999999997,7.5145,0.017,307.035,0.1,3.1195,7.529,0.016,307.011,0.1,3.0905,7.5255,0.032,307.016,0.1,3.041,7.5235,0.0505,307.033,0.1,3.021,7.531000000000001,0.0535,307.041,0.1,3.053,7.545,0.046,307.03,0.1,3.1165,7.5525,0.0345,307.004,0.1,3.1635,7.5344999999999995,0.020499999999999997,306.989,0.1,3.153,7.4775,0.003,307.004,0.1,3.0945,7.400499999999999,-0.0125,307.039,0.1,3.0525,7.3475,-0.025,307.055,0.1,3.0745,7.345000000000001,-0.034,307.024,0.1,3.1355000000000004,7.377000000000001,-0.03,306.964,0.1,3.1740000000000004,7.3975,-0.0305,306.922,0.1,
2.9974999999999996,7.4990000000000006,0.058499999999999996,307.073,0.1,3.034,7.484500000000001,0.0495,307.076,0.1,3.102,7.496,0.024,307.045,0.1,3.154,7.516,0.0055,307.011,0.1,3.162,7.536,0.010499999999999999,306.995,0.1,3.136,7.5565,0.0315,306.991,0.1,3.1075,7.564500000000001,0.0475,306.995,0.1,3.1055,7.5585,0.044,307.0,0.1,3.1334999999999997,7.5489999999999995,0.0225,306.991,0.1,3.1595,7.528499999999999,-0.001,306.985,0.1,3.142,7.48,-0.020499999999999997,307.005,0.1,3.08,7.411,-0.034,307.047,0.1,3.0255,7.3505,-0.0435,307.077,0.1,3.027,7.3255,-0.0545,307.067,0.1,3.0815,7.3420000000000005,-0.0605,307.019,0.1,3.1345,7.3735,-0.0665,306.962,0.1,
3.0545,7.5184999999999995,0.0685,307.038,0.1,3.0625,7.4955,0.0565,307.054,0.1,3.108,7.487500000000001,0.0215,307.05,0.1,3.1615,7.497,-0.0115,307.033,0.1,3.1944999999999997,7.529999999999999,-0.0185,307.004,0.1,3.1929999999999996,7.57,-0.001,306.974,0.1,3.167,7.5855,0.020499999999999997,306.966,0.1,3.149,7.5735,0.018000000000000002,306.975,0.1,3.1544999999999996,7.557,-0.0085,306.978,0.1,3.1595,7.537,-0.035,306.986,0.1,3.132,7.5,-0.051500000000000004,307.018,0.1,3.0655,7.446,-0.0565,307.059,0.1,2.9895,7.380000000000001,-0.0545,307.098,0.1,2.951,7.3285,-0.057999999999999996,307.119,0.1,2.9725,7.3205,-0.0685,307.1,0.1,3.021,7.345000000000001,-0.078,307.051,0.1,
3.122,7.548,0.064,306.998,0.1,3.0985,7.523,0.0495,307.028,0.1,3.1105,7.498,0.016,307.057,0.1,3.146,7.488,-0.0185,307.069,0.1,3.1825,7.5135,-0.0335,307.043,0.1,3.1945,7.557,-0.026000000000000002,306.998,0.1,3.1805000000000003,7.583,-0.012,306.971,0.1,3.1654999999999998,7.5825,-0.0165,306.972,0.1,3.162,7.5715,-0.0385,306.983,0.1,3.1535,7.555,-0.0565,307.007,0.1,3.122,7.5295000000000005,-0.068,307.044,0.1,3.06,7.4879999999999995,-0.0675,307.075,0.1,2.9775,7.42,-0.054,307.107,0.1,2.9105,7.356999999999999,-0.0465,307.142,0.1,2.893,7.3345,-0.051000000000000004,307.148,0.1,2.916,7.3405000000000005,-0.055,307.128,0.1,
3.1799999999999997,7.58,0.05499999999999999,306.975,0.1,3.1315,7.5595,0.041499999999999995,307.015,0.1,3.113,7.5285,0.0205,307.065,0.1,3.117,7.5,-0.003,307.104,0.1,3.133,7.5009999999999994,-0.0205,307.098,0.1,3.145,7.529,-0.028999999999999998,307.056,0.1,3.1475,7.5595,-0.032,307.013,0.1,3.1485,7.576,-0.041,306.998,0.1,3.149,7.5775,-0.0515,307.011,0.1,3.1385,7.568,-0.054,307.043,0.1,3.1094999999999997,7.5515,-0.059,307.075,0.1,3.0599999999999996,7.5145,-0.062,307.092,0.1,2.9965,7.449,-0.0485,307.107,0.1,2.939,7.3955,-0.0305,307.126,0.1,2.9050000000000002,7.3795,-0.0175,307.136,0.1,2.8965,7.3740000000000006,-0.006500000000000001,307.143,0.1,
3.231,7.612,0.053000000000000005,306.968,0.1,3.162,7.596,0.0455,307.017,0.1,3.117,7.5695,0.041,307.076,0.1,3.0890000000000004,7.532,0.032,307.127,0.1,3.0755,7.508,0.015,307.143,0.1,3.074,7.5105,-0.007,307.118,0.1,3.083,7.531,-0.0285,307.078,0.1,3.0975,7.5525,-0.042499999999999996,307.057,0.1,3.108,7.5634999999999994,-0.041999999999999996,307.068,0.1,3.104,7.5625,-0.031,307.091,0.1,3.081,7.5504999999999995,-0.033,307.107,0.1,3.0454999999999997,7.513,-0.046,307.113,0.1,3.012,7.452500000000001,-0.0445,307.111,0.1,2.992,7.419499999999999,-0.02,307.105,0.1,2.9805,7.429,0.012,307.094,0.1,2.9690000000000003,7.4325,0.0385,307.097,0.1,
3.2795,7.6465,0.0645,306.974,0.1,3.196,7.628500000000001,0.068,307.028,0.1,3.1305,7.609,0.0755,307.084,0.1,3.0765000000000002,7.5745000000000005,0.074,307.133,0.1,3.035,7.5385,0.0575,307.162,0.1,3.0119999999999996,7.5175,0.03,307.162,0.1,3.0105,7.515499999999999,0.0,307.145,0.1,3.0255,7.5245,-0.0165,307.135,0.1,3.0425,7.5335,-0.010499999999999999,307.139,0.1,3.044,7.535500000000001,0.0015,307.144,0.1,3.024,7.524,-0.0055,307.146,0.1,2.9955,7.4855,-0.0295,307.146,0.1,2.9855,7.4295,-0.0405,307.139,0.1,3.011,7.417,-0.016,307.113,0.1,3.0534999999999997,7.4575,0.023,307.066,0.1,3.0785,7.4885,0.053000000000000005,307.032,0.1,
3.3235,7.689500000000001,0.088,306.985,0.1,3.2315,7.663,0.104,307.043,0.1,3.1525,7.6445,0.11599999999999999,307.088,0.1,3.0795000000000003,7.619,0.113,307.128,0.1,3.0145,7.5835,0.0955,307.164,0.1,2.968,7.5489999999999995,0.0695,307.188,0.1,2.9495,7.524,0.0445,307.199,0.1,2.9555,7.51,0.0335,307.203,0.1,2.9675000000000002,7.5035,0.0375,307.203,0.1,2.964,7.4985,0.0385,307.196,0.1,2.9370000000000003,7.483499999999999,0.019000000000000003,307.193,0.1,2.903,7.444,-0.0135,307.199,0.1,2.9005,7.3925,-0.03,307.199,0.1,2.958,7.3934999999999995,-0.012,307.163,0.1,3.055,7.4565,0.0165,307.083,0.1,3.141,7.518,0.0325,307.005,0.1,
3.377,7.744,0.1095,306.986,0.1,3.285,7.7095,0.134,307.041,0.1,3.1995,7.685499999999999,0.1475,307.078,0.1,3.112,7.664,0.1405,307.111,0.1,3.0255,7.632,0.1225,307.152,0.1,2.955,7.593,0.1035,307.194,0.1,2.9135,7.553,0.093,307.227,0.1,2.9,7.516,0.09,307.246,0.1,2.8975,7.489,0.0885,307.247,0.1,2.883,7.4705,0.0755,307.24,0.1,2.8455000000000004,7.449999999999999,0.043,307.244,0.1,2.8,7.4079999999999995,0.005,307.259,0.1,2.7885,7.359,-0.0115,307.268,0.1,2.8505000000000003,7.365,-0.0025,307.233,0.1,2.9770000000000003,7.4365000000000006,0.004999999999999999,307.138,0.1,3.1165000000000003,7.516,-0.0045000000000000005,307.032,0.1,
3.4495,7.797499999999999,0.1185,306.967,0.1,3.3645,7.7625,0.1465,307.013,0.1,3.277,7.731,0.1605,307.048,0.1,3.1795,7.705,0.154,307.079,0.1,3.074,7.672499999999999,0.14,307.126,0.1,2.9785,7.6315,0.1315,307.179,0.1,2.9095,7.5835,0.131,307.225,0.1,2.8705,7.5329999999999995,0.133,307.256,0.1,2.85,7.492,0.126,307.267,0.1,2.8280000000000003,7.463,0.1045,307.269,0.1,2.7880000000000003,7.436,0.067,307.279,0.1,2.7335000000000003,7.3865,0.028999999999999998,307.301,0.1,2.7025,7.3355,0.0135,307.318,0.1,2.7439999999999998,7.3415,0.016,307.289,0.1,2.8625,7.4094999999999995,0.0035,307.202,0.1,3.0149999999999997,7.4895,-0.0285,307.095,0.1,
3.473,7.8255,0.1235,306.977,0.1,3.402,7.798,0.1485,307.007,0.1,3.3225,7.763,0.1585,307.035,0.1,3.2285000000000004,7.73,0.1555,307.063,0.1,3.1155,7.6945,0.15,307.111,0.1,3.0,7.6515,0.151,307.168,0.1,2.9050000000000002,7.5985,0.157,307.223,0.1,2.843,7.545,0.156,307.263,0.1,2.8105,7.5024999999999995,0.143,307.284,0.1,2.787,7.4719999999999995,0.1205,307.293,0.1,2.746,7.4365000000000006,0.0885,307.308,0.1,2.6805,7.375,0.057499999999999996,307.336,0.1,2.6265,7.3195,0.046,307.359,0.1,2.638,7.322,0.042499999999999996,307.34,0.1,2.7285,7.3785,0.0195,307.269,0.1,2.8635,7.4475,-0.0245,307.18,0.1,
3.3925,7.833,0.1315,307.054,0.1,3.342,7.8145,0.1425,307.061,0.1,3.284,7.7805,0.1425,307.072,0.1,3.21,7.744,0.14150000000000001,307.091,0.1,3.107,7.7059999999999995,0.1465,307.127,0.1,2.983,7.6615,0.158,307.182,0.1,2.871,7.609,0.166,307.244,0.1,2.7984999999999998,7.5605,0.16,307.288,0.1,2.7645,7.5225,0.143,307.31,0.1,2.7405,7.4925,0.1235,307.321,0.1,2.6925,7.4495000000000005,0.1025,307.34,0.1,2.6135,7.3805,0.086,307.377,0.1,2.541,7.322,0.079,307.405,0.1,2.5279999999999996,7.3165,0.0715,307.394,0.1,2.5915,7.355,0.0445,307.341,0.1,2.7045,7.4065,0.003,307.268,0.1,
3.343,7.8565000000000005,0.1535,307.101,0.1,3.2975000000000003,7.839499999999999,0.14250000000000002,307.095,0.1,3.2465,7.8055,0.131,307.101,0.1,3.1855,7.766500000000001,0.13,307.118,0.1,3.0999999999999996,7.7255,0.14300000000000002,307.145,0.1,2.992,7.683,0.1595,307.186,0.1,2.8920000000000003,7.641500000000001,0.1665,307.235,0.1,2.825,7.602,0.1565,307.273,0.1,2.7865,7.5645,0.1375,307.298,0.1,2.751,7.529,0.1235,307.317,0.1,2.692,7.481999999999999,0.11599999999999999,307.343,0.1,2.6055,7.417,0.114,307.38,0.1,2.5229999999999997,7.3615,0.113,307.408,0.1,2.4885,7.343,0.101,307.406,0.1,2.5185,7.358499999999999,0.0735,307.374,0.1,2.5915,7.384,0.042499999999999996,307.324,0.1,
3.4210000000000003,7.9025,0.216,307.055,0.1,3.3545,7.875,0.184,307.06,0.1,3.284,7.8385,0.1605,307.082,0.1,3.2145,7.798500000000001,0.155,307.108,0.1,3.1414999999999997,7.7555,0.1635,307.134,0.1,3.0700000000000003,7.7204999999999995,0.174,307.153,0.1,3.0084999999999997,7.693,0.177,307.169,0.1,2.956,7.6594999999999995,0.168,307.192,0.1,2.9055,7.616,0.1515,307.226,0.1,2.8505000000000003,7.5715,0.1405,307.262,0.1,2.7830000000000004,7.525,0.14100000000000001,307.294,0.1,2.699,7.4725,0.15,307.322,0.1,2.613,7.4245,0.152,307.344,0.1,2.5555,7.394,0.1375,307.356,0.1,2.541,7.385999999999999,0.1125,307.348,0.1,2.557,7.382999999999999,0.089,307.332,0.1,
3.5465,7.9485,0.3135,306.979,0.1,3.4585,7.9025,0.2675,307.006,0.1,3.375,7.864,0.23049999999999998,307.037,0.1,3.2995,7.827500000000001,0.2135,307.064,0.1,3.232,7.7885,0.20650000000000002,307.085,0.1,3.1790000000000003,7.761,0.20350000000000001,307.091,0.1,3.138,7.7379999999999995,0.2005,307.092,0.1,3.0955000000000004,7.702999999999999,0.1945,307.11,0.1,3.043,7.6525,0.1825,307.148,0.1,2.981,7.6015,0.17099999999999999,307.189,0.1,2.9105,7.5585,0.17099999999999999,307.22,0.1,2.8295000000000003,7.52,0.18,307.24,0.1,2.7435,7.481,0.1835,307.26,0.1,2.6715,7.4445,0.17149999999999999,307.281,0.1,2.627,7.42,0.1515,307.292,0.1,2.608,7.400499999999999,0.1295,307.297,0.1,
3.6955,7.969,0.3995,306.891,0.1,3.6029999999999998,7.913,0.346,306.932,0.1,3.5220000000000002,7.874,0.298,306.961,0.1,3.447,7.84,0.271,306.981,0.1,3.3745000000000003,7.805,0.252,306.996,0.1,3.31,7.78,0.235,307.007,0.1,3.2590000000000003,7.756,0.2225,307.02,0.1,3.2165,7.718,0.2135,307.043,0.1,3.1734999999999998,7.665,0.2015,307.075,0.1,3.1239999999999997,7.612,0.187,307.107,0.1,3.0625,7.571,0.179,307.129,0.1,2.9865,7.539,0.1785,307.145,0.1,2.9025,7.505,0.1795,307.168,0.1,2.8259999999999996,7.467,0.174,307.194,0.1,2.7729999999999997,7.437,0.161,307.209,0.1,2.7495000000000003,7.414,0.1405,307.216,0.1,
2.205,6.9785,0.043,307.594,0.1,2.274,6.968500000000001,0.03,307.578,0.1,2.3445,6.9990000000000006,0.0165,307.529,0.1,2.355,7.0305,0.0155,307.497,0.1,2.2969999999999997,7.035,0.0345,307.505,0.1,2.2249999999999996,7.019500000000001,0.055,307.536,0.1,2.2009999999999996,7.0015,0.058499999999999996,307.56,0.1,2.243,6.993,0.048,307.557,0.1,2.317,6.994,0.034,307.528,0.1,2.3594999999999997,6.984,0.0175,307.503,0.1,2.3175,6.95,0.0005,307.507,0.1,2.2104999999999997,6.8865,-0.0115,307.545,0.1,2.1414999999999997,6.8195,-0.022,307.579,0.1,2.185,6.8025,-0.032,307.56,0.1,2.2910000000000004,6.835000000000001,-0.029,307.492,0.1,2.345,6.8645,-0.03,307.437,0.1,
2.2185,6.9865,0.0655,307.585,0.1,2.277,6.959,0.052,307.585,0.1,2.3609999999999998,6.975,0.0235,307.542,0.1,2.4055,7.013999999999999,0.0045000000000000005,307.497,0.1,2.3875,7.0504999999999995,0.0115,307.478,0.1,2.3354999999999997,7.0695,0.0345,307.482,0.1,2.2954999999999997,7.057,0.051000000000000004,307.504,0.1,2.2969999999999997,7.025,0.046,307.521,0.1,2.333,7.0009999999999994,0.0235,307.515,0.1,2.3565,6.982,-0.003,307.503,0.1,2.3095,6.9535,-0.023,307.512,0.1,2.1955,6.901,-0.0345,307.55,0.1,2.104,6.832,-0.042499999999999996,307.595,0.1,2.1155,6.795999999999999,-0.054,307.602,0.1,2.21,6.812,-0.059,307.552,0.1,2.284,6.8495,-0.0635,307.484,0.1,
2.279,7.015000000000001,0.0755,307.542,0.1,2.3055000000000003,6.974,0.059,307.561,0.1,2.3680000000000003,6.963,0.021,307.553,0.1,2.42,6.989,-0.012,307.525,0.1,2.434,7.044499999999999,-0.017,307.487,0.1,2.4080000000000004,7.093500000000001,0.0015,307.458,0.1,2.3655,7.0945,0.0235,307.464,0.1,2.3440000000000003,7.055,0.02,307.489,0.1,2.3525,7.0169999999999995,-0.0075,307.5,0.1,2.3535000000000004,6.993,-0.0365,307.508,0.1,2.2984999999999998,6.9735,-0.0545,307.531,0.1,2.1814999999999998,6.9384999999999994,-0.0575,307.564,0.1,2.0620000000000003,6.871,-0.054,307.611,0.1,2.0185,6.811999999999999,-0.057,307.651,0.1,2.067,6.8035,-0.066,307.637,0.1,2.1345,6.83,-0.074,307.582,0.1,
2.349,7.056,0.07150000000000001,307.497,0.1,2.3385,7.006,0.0525,307.535,0.1,2.365,6.9695,0.0165,307.566,0.1,2.403,6.970000000000001,-0.0185,307.57,0.1,2.4275,7.0215,-0.0315,307.53,0.1,2.4189999999999996,7.084,-0.0235,307.479,0.1,2.3865,7.1035,-0.0095,307.461,0.1,2.362,7.0745000000000005,-0.014499999999999999,307.478,0.1,2.355,7.0355,-0.038,307.502,0.1,2.339,7.0105,-0.058,307.531,0.1,2.2845,7.0015,-0.07,307.562,0.1,2.1790000000000003,6.983,-0.0675,307.582,0.1,2.0505,6.9205000000000005,-0.0525,307.617,0.1,1.9655,6.8525,-0.044,307.668,0.1,1.96,6.8285,-0.0475,307.684,0.1,1.9969999999999999,6.8325,-0.051000000000000004,307.665,0.1,
2.4015,7.1005,0.0625,307.472,0.1,2.3615000000000004,7.0465,0.046,307.525,0.1,2.3550000000000004,6.9945,0.0215,307.583,0.1,2.365,6.968500000000001,-0.0025,307.615,0.1,2.377,6.996499999999999,-0.019,307.591,0.1,2.3739999999999997,7.0525,-0.026500000000000003,307.536,0.1,2.357,7.085,-0.0295,307.496,0.1,2.3425000000000002,7.0745000000000005,-0.04,307.497,0.1,2.3325,7.044499999999999,-0.0515,307.53,0.1,2.3129999999999997,7.023999999999999,-0.055,307.572,0.1,2.269,7.0225,-0.0595,307.6,0.1,2.187,7.012,-0.06,307.604,0.1,2.08,6.9575,-0.0455,307.613,0.1,1.996,6.901,-0.0275,307.643,0.1,1.963,6.882,-0.0155,307.664,0.1,1.964,6.8715,-0.0055,307.678,0.1,
2.4405,7.144500000000001,0.061,307.464,0.1,2.3754999999999997,7.089499999999999,0.0505,307.532,0.1,2.3425000000000002,7.031499999999999,0.043,307.603,0.1,2.325,6.9879999999999995,0.0325,307.65,0.1,2.315,6.9879999999999995,0.016,307.645,0.1,2.3045,7.024,-0.0055,307.598,0.1,2.2925,7.055,-0.027,307.555,0.1,2.285,7.056,-0.041999999999999996,307.552,0.1,2.2794999999999996,7.037,-0.041999999999999996,307.586,0.1,2.2675,7.023,-0.031,307.624,0.1,2.239,7.023,-0.0315,307.638,0.1,2.182,7.010999999999999,-0.042499999999999996,307.628,0.1,2.1085000000000003,6.965,-0.040999999999999995,307.613,0.1,2.0585,6.932,-0.0185,307.612,0.1,2.045,6.9365000000000006,0.009999999999999998,307.613,0.1,2.044,6.9345,0.0345,307.624,0.1,
2.4755,7.1875,0.07150000000000001,307.468,0.1,2.3884999999999996,7.1315,0.074,307.547,0.1,2.3339999999999996,7.0745000000000005,0.0785,307.619,0.1,2.296,7.0245,0.0755,307.667,0.1,2.266,7.0045,0.058,307.674,0.1,2.2394999999999996,7.0175,0.03,307.647,0.1,2.218,7.0335,0.0,307.621,0.1,2.206,7.032500000000001,-0.0165,307.627,0.1,2.202,7.0175,-0.010499999999999999,307.657,0.1,2.1965000000000003,7.005,0.0025,307.679,0.1,2.1775,6.9990000000000006,-0.0025,307.681,0.1,2.136,6.9795,-0.0245,307.665,0.1,2.0905,6.9395,-0.037000000000000005,307.639,0.1,2.0865,6.931,-0.0175,307.614,0.1,2.1305,6.968,0.017,307.575,0.1,2.175,6.994,0.044,307.548,0.1,
2.5125,7.2315,0.0935,307.476,0.1,2.409,7.1754999999999995,0.1085,307.56,0.1,2.3375,7.122,0.1195,307.625,0.1,2.2809999999999997,7.073,0.116,307.667,0.1,2.232,7.0425,0.0975,307.685,0.1,2.1885000000000003,7.036,0.07050000000000001,307.682,0.1,2.153,7.0335,0.044,307.679,0.1,2.1305,7.02,0.032,307.695,0.1,2.1185,6.998,0.037,307.719,0.1,2.105,6.9775,0.0395,307.731,0.1,2.0795000000000003,6.9595,0.0225,307.733,0.1,2.039,6.929,-0.0085,307.723,0.1,2.007,6.8925,-0.027000000000000003,307.7,0.1,2.0365,6.9045,-0.015,307.659,0.1,2.1399999999999997,6.968999999999999,0.0075,307.586,0.1,2.2565,7.026,0.0205,307.513,0.1,
2.5685000000000002,7.2795,0.1125,307.475,0.1,2.4589999999999996,7.229,0.1365,307.553,0.1,2.375,7.1785,0.15,307.609,0.1,2.2995,7.1315,0.1445,307.648,0.1,2.2279999999999998,7.093500000000001,0.1265,307.68,0.1,2.1645,7.0715,0.1065,307.699,0.1,2.1125,7.053,0.093,307.717,0.1,2.074,7.024,0.0885,307.739,0.1,2.045,6.989000000000001,0.0865,307.758,0.1,2.0145,6.955,0.075,307.771,0.1,1.975,6.923,0.0455,307.784,0.1,1.9264999999999999,6.879,0.010499999999999999,307.787,0.1,1.894,6.843999999999999,-0.0085,307.77,0.1,1.9335,6.869999999999999,-0.0055,307.725,0.1,2.066,6.949,-0.004,307.637,0.1,2.24,7.0245,-0.0165,307.538,0.1,
2.653,7.323,0.118,307.454,0.1,2.551,7.2835,0.146,307.516,0.1,2.4575,7.237,0.1615,307.566,0.1,2.363,7.188000000000001,0.158,307.607,0.1,2.2664999999999997,7.141,0.146,307.655,0.1,2.1784999999999997,7.105499999999999,0.1365,307.694,0.1,2.1045,7.074,0.1325,307.724,0.1,2.045,7.0344999999999995,0.131,307.751,0.1,1.9975,6.9895,0.1225,307.773,0.1,1.9545,6.947,0.10200000000000001,307.794,0.1,1.9064999999999999,6.9015,0.068,307.818,0.1,1.849,6.8420000000000005,0.033,307.831,0.1,1.8054999999999999,6.8065,0.017,307.822,0.1,1.8325,6.839,0.0135,307.78,0.1,1.9569999999999999,6.919499999999999,-0.0035,307.698,0.1,2.1395,6.995,-0.038,307.601,0.1,
2.6784999999999997,7.341,0.1215,307.47,0.1,2.5955,7.314,0.146,307.508,0.1,2.5065,7.273,0.1575,307.544,0.1,2.407,7.2219999999999995,0.1585,307.584,0.1,2.2955,7.169,0.1555,307.638,0.1,2.1855,7.1225000000000005,0.1565,307.69,0.1,2.09,7.0805,0.159,307.729,0.1,2.0135,7.0365,0.1545,307.761,0.1,1.9555,6.992,0.14,307.787,0.1,1.908,6.9495000000000005,0.118,307.813,0.1,1.853,6.893,0.0885,307.844,0.1,1.7814999999999999,6.8175,0.061,307.867,0.1,1.721,6.7805,0.049,307.866,0.1,1.7275,6.814,0.0415,307.833,0.1,1.8255,6.884,0.0145,307.766,0.1,1.984,6.946,-0.031,307.688,0.1,
2.5810000000000004,7.3420000000000005,0.132,307.559,0.1,2.524,7.323,0.143,307.567,0.1,2.457,7.286,0.1435,307.58,0.1,2.3745,7.236,0.1445,307.609,0.1,2.269,7.182499999999999,0.1515,307.654,0.1,2.1485000000000003,7.131,0.1635,307.708,0.1,2.039,7.0845,0.16999999999999998,307.757,0.1,1.959,7.0425,0.1615,307.79,0.1,1.904,7.003500000000001,0.143,307.813,0.1,1.8545,6.9625,0.1235,307.838,0.1,1.7865000000000002,6.898,0.1045,307.874,0.1,1.6965,6.8145,0.09,307.91,0.1,1.6219999999999999,6.778,0.083,307.919,0.1,1.6139999999999999,6.8055,0.0725,307.891,0.1,1.6895,6.8555,0.0435,307.841,0.1,1.8205,6.896,0.0,307.78,0.1,
2.5235,7.3665,0.159,307.607,0.1,2.4715,7.3445,0.148,307.6,0.1,2.4085,7.305,0.1355,307.609,0.1,2.3354999999999997,7.2545,0.1345,307.636,0.1,2.245,7.199999999999999,0.1485,307.673,0.1,2.141,7.1515,0.166,307.715,0.1,2.048,7.1135,0.173,307.751,0.1,1.9805000000000001,7.0794999999999995,0.161,307.777,0.1,1.9275,7.0415,0.14100000000000001,307.8,0.1,1.8664999999999998,6.996,0.127,307.831,0.1,1.7810000000000001,6.926500000000001,0.121,307.873,0.1,1.679,6.849,0.12,307.914,0.1,1.597,6.817,0.1185,307.926,0.1,1.573,6.8309999999999995,0.1045,307.909,0.1,1.616,6.855,0.075,307.877,0.1,1.7025000000000001,6.8675,0.0415,307.841,0.1,
2.6155,7.4205,0.224,307.549,0.1,2.536,7.383,0.192,307.556,0.1,2.4475,7.337,0.1675,307.585,0.1,2.3625,7.2844999999999995,0.161,307.623,0.1,2.2835,7.2285,0.16999999999999998,307.661,0.1,2.218,7.189,0.182,307.679,0.1,2.1685,7.164999999999999,0.184,307.682,0.1,2.1224999999999996,7.137499999999999,0.1735,307.692,0.1,2.062,7.0954999999999995,0.156,307.724,0.1,1.9794999999999998,7.041,0.146,307.77,0.1,1.881,6.972,0.1485,307.819,0.1,1.779,6.909,0.1575,307.854,0.1,1.693,6.8825,0.158,307.863,0.1,1.6455,6.8815,0.14200000000000002,307.861,0.1,1.6425,6.881,0.115,307.854,0.1,1.6675,6.8675,0.089,307.85,0.1,
2.7649999999999997,7.477,0.3215,307.456,0.1,2.6585,7.419,0.276,307.489,0.1,2.5535,7.3685,0.239,307.529,0.1,2.4595000000000002,7.317,0.222,307.57,0.1,2.3834999999999997,7.2645,0.215,307.603,0.1,2.3365,7.232,0.212,307.61,0.1,2.31,7.212999999999999,0.2075,307.6,0.1,2.278,7.1845,0.1995,307.606,0.1,2.2190000000000003,7.1370000000000005,0.187,307.64,0.1,2.1305,7.0775,0.177,307.69,0.1,2.0275,7.0145,0.179,307.737,0.1,1.9260000000000002,6.965999999999999,0.188,307.766,0.1,1.8375,6.943,0.1905,307.779,0.1,1.774,6.9305,0.177,307.788,0.1,1.7405,6.9145,0.156,307.798,0.1,1.7295,6.891,0.1315,307.813,0.1,
2.9405,7.503,0.40700000000000003,307.353,0.1,2.8315,7.435,0.355,307.399,0.1,2.7325,7.383,0.308,307.436,0.1,2.638,7.333,0.281,307.47,0.1,2.551,7.284,0.262,307.498,0.1,2.4855,7.253,0.2445,307.513,0.1,2.4459999999999997,7.233,0.23099999999999998,307.521,0.1,2.416,7.202,0.22,307.536,0.1,2.371,7.152,0.2075,307.562,0.1,2.299,7.092,0.194,307.598,0.1,2.2065,7.033,0.1875,307.635,0.1,2.1085000000000003,6.991,0.1875,307.663,0.1,2.0185,6.969,0.188,307.684,0.1,1.9495,6.952,0.182,307.699,0.1,1.91,6.931,0.16849999999999998,307.711,0.1,1.8969999999999998,6.908,0.146,307.721,0.1,
1.3335,6.4830000000000005,0.049,308.114,0.1,1.4060000000000001,6.471,0.032,308.093,0.1,1.47,6.505,0.016,308.039,0.1,1.4655,6.547499999999999,0.0155,308.004,0.1,1.3935,6.5600000000000005,0.0375,308.014,0.1,1.315,6.5385,0.0595,308.052,0.1,1.29,6.504,0.0625,308.085,0.1,1.3295,6.479,0.05,308.088,0.1,1.395,6.4715,0.0335,308.062,0.1,1.425,6.468,0.014499999999999999,308.033,0.1,1.3695,6.452,-0.0025,308.03,0.1,1.2545000000000002,6.403499999999999,-0.010499999999999999,308.065,0.1,1.191,6.336,-0.0205,308.108,0.1,1.2515,6.314500000000001,-0.033,308.096,0.1,1.374,6.3454999999999995,-0.03,308.027,0.1,1.4315,6.375,-0.03,307.968,0.1,
1.3495,6.4915,0.07250000000000001,308.101,0.1,1.415,6.4605,0.0535,308.098,0.1,1.4995,6.48,0.023,308.051,0.1,1.5335,6.53,0.0045000000000000005,308.001,0.1,1.5005,6.577,0.0135,307.981,0.1,1.439,6.593500000000001,0.038,307.99,0.1,1.395,6.566000000000001,0.0545,308.02,0.1,1.392,6.5175,0.048,308.045,0.1,1.4195,6.486000000000001,0.0245,308.043,0.1,1.4300000000000002,6.471500000000001,-0.0045000000000000005,308.03,0.1,1.369,6.459,-0.025500000000000002,308.032,0.1,1.2465,6.4215,-0.035500000000000004,308.066,0.1,1.1575,6.356,-0.043,308.118,0.1,1.1815,6.317,-0.0555,308.133,0.1,1.2894999999999999,6.3309999999999995,-0.0595,308.085,0.1,1.367,6.366,-0.0605,308.014,0.1,
1.4175,6.523,0.0815,308.053,0.1,1.4500000000000002,6.477,0.06,308.072,0.1,1.513,6.467499999999999,0.021,308.062,0.1,1.5575,6.502000000000001,-0.011,308.028,0.1,1.56,6.5675,-0.014499999999999999,307.985,0.1,1.5245000000000002,6.6175,0.005,307.958,0.1,1.476,6.6075,0.026000000000000002,307.972,0.1,1.448,6.5535,0.0225,308.006,0.1,1.445,6.509,-0.0055,308.023,0.1,1.4300000000000002,6.4865,-0.0365,308.032,0.1,1.362,6.48,-0.057,308.051,0.1,1.2385,6.461,-0.059,308.078,0.1,1.119,6.4005,-0.0545,308.13,0.1,1.082,6.34,-0.057999999999999996,308.178,0.1,1.138,6.329,-0.0645,308.167,0.1,1.2075,6.3515,-0.0695,308.111,0.1,
1.4914999999999998,6.57,0.0775,308.005,0.1,1.4845000000000002,6.5115,0.0545,308.046,0.1,1.5095,6.4719999999999995,0.0175,308.076,0.1,1.5425,6.4775,-0.0165,308.074,0.1,1.5615,6.5385,-0.028499999999999998,308.025,0.1,1.5465,6.606,-0.020499999999999997,307.972,0.1,1.506,6.619,-0.006500000000000001,307.962,0.1,1.4700000000000002,6.5785,-0.0115,307.99,0.1,1.4465,6.532,-0.035,308.023,0.1,1.414,6.5055,-0.0575,308.056,0.1,1.35,6.507,-0.072,308.085,0.1,1.2415,6.5065,-0.069,308.098,0.1,1.112,6.4544999999999995,-0.0515,308.134,0.1,1.028,6.3855,-0.043,308.191,0.1,1.0245,6.356999999999999,-0.045,308.211,0.1,1.0615,6.357,-0.047,308.19,0.1,
1.5415,6.6225000000000005,0.0695,307.979,0.1,1.5015,6.5555,0.0495,308.037,0.1,1.4935,6.494,0.023,308.096,0.1,1.5030000000000001,6.468999999999999,-0.0015,308.121,0.1,1.515,6.5075,-0.0175,308.085,0.1,1.509,6.573,-0.024,308.025,0.1,1.4825,6.6045,-0.026500000000000003,307.992,0.1,1.4505,6.5845,-0.037000000000000005,308.006,0.1,1.419,6.544499999999999,-0.049,308.05,0.1,1.384,6.5195,-0.0545,308.1,0.1,1.337,6.5275,-0.0605,308.126,0.1,1.258,6.5365,-0.059,308.121,0.1,1.1495000000000002,6.4955,-0.042499999999999996,308.127,0.1,1.0615,6.437,-0.0245,308.16,0.1,1.0265,6.411,-0.014499999999999999,308.185,0.1,1.0265,6.397,-0.0055,308.198,0.1,
1.5705,6.6745,0.069,307.971,0.1,1.5030000000000001,6.603,0.055999999999999994,308.046,0.1,1.4695,6.5295000000000005,0.0455,308.119,0.1,1.4580000000000002,6.4825,0.0325,308.159,0.1,1.456,6.494,0.0155,308.14,0.1,1.4455,6.5435,-0.0045000000000000005,308.086,0.1,1.4209999999999998,6.577999999999999,-0.0245,308.047,0.1,1.3900000000000001,6.571,-0.0385,308.058,0.1,1.36,6.5405,-0.039,308.108,0.1,1.3365,6.52,-0.03,308.155,0.1,1.313,6.528499999999999,-0.031,308.168,0.1,1.2635,6.536,-0.0395,308.146,0.1,1.1885,6.5045,-0.036000000000000004,308.121,0.1,1.1325,6.4695,-0.0165,308.121,0.1,1.1150000000000002,6.466,0.0075,308.126,0.1,1.1145,6.462,0.0285,308.138,0.1,
1.5945,6.723000000000001,0.0795,307.974,0.1,1.5030000000000001,6.65,0.08,308.061,0.1,1.4505,6.574,0.0815,308.138,0.1,1.4235,6.5175,0.0755,308.18,0.1,1.4064999999999999,6.5075,0.057,308.173,0.1,1.3824999999999998,6.535,0.03,308.137,0.1,1.346,6.5575,0.0015,308.112,0.1,1.3075,6.5504999999999995,-0.014,308.132,0.1,1.28,6.5245,-0.0085,308.179,0.1,1.2675,6.5055,0.004,308.211,0.1,1.2585,6.506,0.0,308.211,0.1,1.228,6.503500000000001,-0.019999999999999997,308.181,0.1,1.1815,6.4775,-0.032,308.14,0.1,1.17,6.468999999999999,-0.0175,308.115,0.1,1.2125,6.4990000000000006,0.01,308.081,0.1,1.2614999999999998,6.5245,0.0325,308.055,0.1,
1.623,6.7675,0.101,307.981,0.1,1.514,6.698,0.114,308.073,0.1,1.4455,6.6274999999999995,0.1225,308.144,0.1,1.401,6.5705,0.1165,308.184,0.1,1.366,6.545,0.0975,308.191,0.1,1.3265,6.55,0.071,308.176,0.1,1.278,6.555,0.045,308.173,0.1,1.2315,6.539,0.033,308.2,0.1,1.199,6.509499999999999,0.038,308.239,0.1,1.1800000000000002,6.4835,0.041,308.26,0.1,1.165,6.468500000000001,0.025500000000000002,308.26,0.1,1.1375000000000002,6.4505,-0.0035,308.235,0.1,1.1070000000000002,6.4275,-0.0225,308.195,0.1,1.1305,6.4425,-0.017,308.152,0.1,1.233,6.503,-0.0025,308.085,0.1,1.3575,6.559,0.006,308.015,0.1,
1.6775000000000002,6.811,0.1175,307.978,0.1,1.5625,6.753,0.1395,308.064,0.1,1.4794999999999998,6.692,0.152,308.126,0.1,1.4129999999999998,6.6365,0.1465,308.166,0.1,1.3535,6.598,0.129,308.19,0.1,1.295,6.582,0.109,308.201,0.1,1.2345,6.5695,0.094,308.215,0.1,1.178,6.542,0.088,308.245,0.1,1.1320000000000001,6.5035,0.086,308.275,0.1,1.0950000000000002,6.466,0.0755,308.294,0.1,1.0625,6.433,0.0485,308.305,0.1,1.027,6.3965,0.0155,308.294,0.1,1.0005,6.375,-0.0045000000000000005,308.26,0.1,1.0375,6.4085,-0.008,308.211,0.1,1.17,6.4864999999999995,-0.014499999999999999,308.131,0.1,1.3515,6.559,-0.03,308.038,0.1,
1.766,6.8469999999999995,0.1195,307.957,0.1,1.6600000000000001,6.806,0.1455,308.025,0.1,1.565,6.7555,0.162,308.079,0.1,1.474,6.7005,0.161,308.123,0.1,1.385,6.6495,0.151,308.167,0.1,1.3035,6.614,0.14100000000000001,308.201,0.1,1.2269999999999999,6.5855,0.134,308.227,0.1,1.155,6.5489999999999995,0.1295,308.257,0.1,1.092,6.5045,0.1205,308.285,0.1,1.039,6.4595,0.101,308.31,0.1,0.994,6.411,0.07,308.333,0.1,0.95,6.3555,0.037500000000000006,308.335,0.1,0.918,6.334,0.020499999999999997,308.308,0.1,0.948,6.378,0.011,308.262,0.1,1.072,6.458,-0.0115,308.188,0.1,1.2570000000000001,6.5275,-0.0485,308.1,0.1,
1.7885,6.8565000000000005,0.1205,307.978,0.1,1.705,6.8315,0.1435,308.018,0.1,1.615,6.792,0.157,308.055,0.1,1.5165,6.739,0.1615,308.096,0.1,1.4100000000000001,6.6805,0.161,308.15,0.1,1.3065,6.6305,0.1615,308.199,0.1,1.212,6.5885,0.161,308.237,0.1,1.1275,6.547499999999999,0.1535,308.267,0.1,1.0550000000000002,6.505,0.1385,308.295,0.1,0.9944999999999999,6.46,0.1175,308.324,0.1,0.94,6.4,0.0905,308.354,0.1,0.8825000000000001,6.3285,0.0645,308.368,0.1,0.838,6.306,0.051500000000000004,308.352,0.1,0.853,6.3515,0.04,308.313,0.1,0.9504999999999999,6.419499999999999,0.01,308.254,0.1,1.1055,6.4725,-0.036500000000000005,308.185,0.1,
1.6755,6.8515,0.132,308.076,0.1,1.6235,6.8345,0.143,308.083,0.1,1.558,6.8015,0.145,308.093,0.1,1.4765000000000001,6.752,0.148,308.12,0.1,1.375,6.694,0.1565,308.166,0.1,1.262,6.6385000000000005,0.1685,308.221,0.1,1.157,6.591,0.1735,308.268,0.1,1.072,6.551,0.163,308.298,0.1,1.0034999999999998,6.513,0.144,308.319,0.1,0.9410000000000001,6.4695,0.125,308.345,0.1,0.8725,6.402,0.108,308.38,0.1,0.7969999999999999,6.324,0.094,308.408,0.1,0.742,6.3025,0.086,308.403,0.1,0.746,6.34,0.073,308.371,0.1,0.821,6.385999999999999,0.042499999999999996,308.326,0.1,0.9445,6.415,-0.0015,308.276,0.1,
1.6125,6.875,0.164,308.126,0.1,1.565,6.8525,0.153,308.118,0.1,1.5025,6.816,0.14100000000000001,308.123,0.1,1.4304999999999999,6.7665,0.14,308.148,0.1,1.345,6.71,0.154,308.187,0.1,1.25,6.6585,0.172,308.23,0.1,1.164,6.6195,0.178,308.264,0.1,1.095,6.5865,0.165,308.284,0.1,1.0310000000000001,6.548,0.145,308.304,0.1,0.9585,6.499499999999999,0.1315,308.334,0.1,0.873,6.429,0.127,308.376,0.1,0.7849999999999999,6.3575,0.1255,308.41,0.1,0.7215,6.3405000000000005,0.1225,308.41,0.1,0.7084999999999999,6.3629999999999995,0.1065,308.388,0.1,0.751,6.381,0.0765,308.362,0.1,0.8300000000000001,6.3805,0.0415,308.336,0.1,
1.72,6.9325,0.23149999999999998,308.06,0.1,1.6395,6.8925,0.1995,308.068,0.1,1.5465,6.8469999999999995,0.175,308.096,0.1,1.4585,6.794,0.16799999999999998,308.136,0.1,1.384,6.7364999999999995,0.1765,308.176,0.1,1.3295,6.695,0.189,308.194,0.1,1.2905,6.670999999999999,0.19,308.192,0.1,1.246,6.644,0.178,308.196,0.1,1.177,6.6005,0.1605,308.225,0.1,1.085,6.544499999999999,0.152,308.27,0.1,0.986,6.4755,0.1555,308.319,0.1,0.894,6.4185,0.164,308.348,0.1,0.8215,6.406000000000001,0.163,308.347,0.1,0.782,6.4115,0.146,308.341,0.1,0.778,6.404,0.1175,308.339,0.1,0.7975000000000001,6.3795,0.0885,308.345,0.1,
1.892,6.9965,0.3285,307.955,0.1,1.78,6.9355,0.28400000000000003,307.99,0.1,1.667,6.883,0.2475,308.033,0.1,1.568,6.8275,0.23,308.078,0.1,1.4954999999999998,6.772,0.2235,308.115,0.1,1.4585,6.737500000000001,0.22,308.121,0.1,1.4420000000000002,6.718999999999999,0.2135,308.106,0.1,1.413,6.6905,0.20350000000000001,308.107,0.1,1.349,6.6434999999999995,0.191,308.138,0.1,1.2534999999999998,6.5855,0.183,308.186,0.1,1.1484999999999999,6.523,0.1865,308.233,0.1,1.0525,6.48,0.196,308.258,0.1,0.9715,6.467499999999999,0.197,308.263,0.1,0.912,6.459,0.1825,308.268,0.1,0.879,6.4375,0.1595,308.283,0.1,0.8674999999999999,6.407,0.132,308.306,0.1,
2.0934999999999997,7.027,0.413,307.839,0.1,1.9785,6.956,0.363,307.888,0.1,1.8715000000000002,6.901,0.3175,307.929,0.1,1.7705000000000002,6.845,0.2905,307.968,0.1,1.6825,6.792,0.2715,308.001,0.1,1.6225,6.759,0.2535,308.017,0.1,1.5899999999999999,6.739,0.238,308.023,0.1,1.5645,6.708,0.2255,308.034,0.1,1.5195,6.66,0.212,308.056,0.1,1.4435,6.603,0.2,308.088,0.1,1.3475,6.545,0.1955,308.124,0.1,1.2494999999999998,6.508,0.1965,308.15,0.1,1.162,6.494,0.196,308.166,0.1,1.0955,6.48,0.19,308.18,0.1,1.0594999999999999,6.455,0.175,308.194,0.1,1.0514999999999999,6.427,0.1495,308.209,0.1,
0.33199999999999996,6.0169999999999995,0.055499999999999994,308.639,0.1,0.387,6.0085,0.034,308.62,0.1,0.427,6.0415,0.016,308.572,0.1,0.40700000000000003,6.086,0.0165,308.539,0.1,0.33999999999999997,6.105,0.0405,308.55,0.1,0.279,6.0885,0.064,308.585,0.1,0.2585,6.052,0.066,308.616,0.1,0.27649999999999997,6.015000000000001,0.052,308.625,0.1,0.308,5.997,0.0325,308.609,0.1,0.315,5.996,0.011,308.585,0.1,0.271,5.993,-0.0055,308.578,0.1,0.204,5.9615,-0.01,308.604,0.1,0.1885,5.91,-0.0195,308.643,0.1,0.2605,5.898,-0.035,308.632,0.1,0.363,5.9235,-0.0325,308.571,0.1,0.408,5.9425,-0.03,308.52,0.1,
0.361,6.0195,0.079,308.622,0.1,0.4135,5.9975000000000005,0.0545,308.617,0.1,0.47550000000000003,6.021,0.0225,308.574,0.1,0.493,6.071999999999999,0.0055,308.529,0.1,0.4605,6.1185,0.016,308.51,0.1,0.4115,6.131,0.041499999999999995,308.519,0.1,0.3735,6.0985,0.057499999999999996,308.547,0.1,0.3565,6.045,0.0505,308.574,0.1,0.354,6.0145,0.025500000000000002,308.577,0.1,0.3385,6.009499999999999,-0.0055,308.568,0.1,0.2855,6.0075,-0.028499999999999998,308.569,0.1,0.2125,5.9825,-0.0365,308.597,0.1,0.178,5.934,-0.0445,308.647,0.1,0.2185,5.906000000000001,-0.059,308.659,0.1,0.305,5.9135,-0.061,308.617,0.1,0.3635,5.9375,-0.057999999999999996,308.554,0.1,
0.4385,6.047000000000001,0.087,308.573,0.1,0.4605,6.0135,0.0605,308.588,0.1,0.502,6.0115,0.021,308.58,0.1,0.5295000000000001,6.044499999999999,-0.009000000000000001,308.548,0.1,0.531,6.102,-0.011,308.506,0.1,0.507,6.141,0.0085,308.48,0.1,0.4665,6.125,0.028499999999999998,308.494,0.1,0.4265,6.0760000000000005,0.025,308.528,0.1,0.39149999999999996,6.0435,-0.0025,308.548,0.1,0.34750000000000003,6.0335,-0.036,308.561,0.1,0.28700000000000003,6.032,-0.0595,308.581,0.1,0.2165,6.023,-0.061,308.606,0.1,0.1575,5.9805,-0.056,308.656,0.1,0.14250000000000002,5.9295,-0.06,308.698,0.1,0.1805,5.9094999999999995,-0.064,308.688,0.1,0.22749999999999998,5.922000000000001,-0.0645,308.636,0.1,
0.5195000000000001,6.093,0.08299999999999999,308.525,0.1,0.5005,6.05,0.056,308.561,0.1,0.5035000000000001,6.0175,0.018,308.589,0.1,0.5215000000000001,6.0195,-0.013999999999999999,308.583,0.1,0.542,6.0675,-0.025500000000000002,308.533,0.1,0.54,6.1205,-0.017,308.484,0.1,0.506,6.1285,-0.004,308.479,0.1,0.45499999999999996,6.1005,-0.0085,308.51,0.1,0.397,6.073,-0.031,308.545,0.1,0.33599999999999997,6.057499999999999,-0.0565,308.582,0.1,0.2825,6.0595,-0.074,308.613,0.1,0.2275,6.0685,-0.07050000000000001,308.626,0.1,0.158,6.034,-0.051,308.66,0.1,0.1,5.9704999999999995,-0.042499999999999996,308.71,0.1,0.08549999999999999,5.931,-0.0435,308.725,0.1,0.10350000000000001,5.9245,-0.043,308.701,0.1,
0.5680000000000001,6.1475,0.0765,308.5,0.1,0.5155000000000001,6.096,0.053,308.552,0.1,0.487,6.0405,0.025,308.603,0.1,0.4875,6.0120000000000005,-0.0005,308.618,0.1,0.507,6.0385,-0.016,308.58,0.1,0.5145,6.09,-0.022,308.528,0.1,0.491,6.1165,-0.0235,308.507,0.1,0.4385,6.1105,-0.033,308.527,0.1,0.37,6.089,-0.045,308.574,0.1,0.311,6.0705,-0.053,308.627,0.1,0.279,6.079000000000001,-0.062,308.655,0.1,0.251,6.099,-0.059,308.648,0.1,0.199,6.073,-0.039,308.651,0.1,0.138,6.015000000000001,-0.022,308.677,0.1,0.0965,5.9775,-0.014,308.696,0.1,0.083,5.9615,-0.006,308.7,0.1,
0.5905,6.202,0.0775,308.494,0.1,0.512,6.1434999999999995,0.062,308.558,0.1,0.4625,6.0765,0.048,308.62,0.1,0.4495,6.03,0.032,308.647,0.1,0.4605,6.036,0.014499999999999999,308.625,0.1,0.4635,6.073,-0.0035,308.584,0.1,0.4365,6.1,-0.0215,308.562,0.1,0.37949999999999995,6.102,-0.034,308.581,0.1,0.31499999999999995,6.0835,-0.035,308.633,0.1,0.27549999999999997,6.0665,-0.028,308.684,0.1,0.2705,6.079000000000001,-0.031,308.696,0.1,0.2695,6.1,-0.037,308.667,0.1,0.2465,6.08,-0.0305,308.638,0.1,0.21550000000000002,6.0405,-0.013999999999999999,308.633,0.1,0.1925,6.027,0.0045000000000000005,308.633,0.1,0.1795,6.025,0.0215,308.635,0.1,
0.6060000000000001,6.2509999999999994,0.089,308.496,0.1,0.5085000000000001,6.1884999999999994,0.086,308.57,0.1,0.4455,6.1205,0.084,308.634,0.1,0.422,6.0715,0.074,308.665,0.1,0.4205,6.0625,0.055,308.656,0.1,0.40700000000000003,6.0785,0.0295,308.633,0.1,0.36350000000000005,6.09,0.004,308.627,0.1,0.30000000000000004,6.0835,-0.01,308.655,0.1,0.2455,6.063000000000001,-0.005,308.705,0.1,0.226,6.048,0.006,308.739,0.1,0.2385,6.0575,0.002,308.732,0.1,0.2525,6.07,-0.0165,308.69,0.1,0.253,6.054,-0.026500000000000003,308.644,0.1,0.265,6.0385,-0.017,308.616,0.1,0.3005,6.0595,0.002,308.582,0.1,0.33399999999999996,6.089,0.0195,308.55,0.1,
0.626,6.295,0.1095,308.503,0.1,0.5189999999999999,6.2325,0.1195,308.58,0.1,0.44599999999999995,6.1715,0.125,308.64,0.1,0.40700000000000003,6.1275,0.116,308.671,0.1,0.384,6.1080000000000005,0.096,308.675,0.1,0.35,6.103,0.071,308.672,0.1,0.29300000000000004,6.093500000000001,0.047,308.686,0.1,0.228,6.071,0.035500000000000004,308.723,0.1,0.181,6.0435,0.04,308.765,0.1,0.164,6.025499999999999,0.043,308.783,0.1,0.17049999999999998,6.024,0.028499999999999998,308.769,0.1,0.1825,6.0225,0.0015,308.728,0.1,0.1965,6.0095,-0.0175,308.683,0.1,0.244,6.018,-0.019,308.641,0.1,0.33799999999999997,6.0685,-0.0135,308.579,0.1,0.4395,6.127,-0.009999999999999998,308.509,0.1,
0.671,6.3365,0.124,308.502,0.1,0.5665,6.2829999999999995,0.1425,308.573,0.1,0.485,6.2325,0.1535,308.626,0.1,0.4235,6.193,0.1475,308.657,0.1,0.3715,6.1625,0.131,308.677,0.1,0.31499999999999995,6.1385000000000005,0.1115,308.696,0.1,0.2485,6.109500000000001,0.0955,308.726,0.1,0.1835,6.0725,0.0885,308.767,0.1,0.134,6.037,0.0865,308.798,0.1,0.10350000000000001,6.0120000000000005,0.077,308.808,0.1,0.091,5.995,0.052000000000000005,308.8,0.1,0.0915,5.978,0.020499999999999997,308.772,0.1,0.1095,5.968,0.0,308.734,0.1,0.173,5.9945,-0.010499999999999999,308.688,0.1,0.2955,6.059,-0.025500000000000002,308.618,0.1,0.446,6.129,-0.0445,308.53,0.1,
0.7545,6.3685,0.122,308.483,0.1,0.6625,6.3315,0.145,308.54,0.1,0.573,6.2925,0.162,308.586,0.1,0.487,6.255,0.1635,308.62,0.1,0.404,6.2125,0.1555,308.657,0.1,0.3255,6.171,0.145,308.696,0.1,0.2485,6.127000000000001,0.136,308.737,0.1,0.1755,6.082,0.129,308.778,0.1,0.11299999999999999,6.043,0.1195,308.804,0.1,0.0665,6.0120000000000005,0.1015,308.815,0.1,0.04,5.9805,0.0725,308.816,0.1,0.0315,5.948499999999999,0.041999999999999996,308.801,0.1,0.045,5.9399999999999995,0.0235,308.771,0.1,0.103,5.9735,0.0085,308.731,0.1,0.21699999999999997,6.035,-0.02,308.668,0.1,0.365,6.097,-0.059,308.587,0.1,
0.7675000000000001,6.3725000000000005,0.119,308.509,0.1,0.7010000000000001,6.352,0.14100000000000001,308.542,0.1,0.621,6.325,0.157,308.57,0.1,0.5305,6.29,0.1645,308.598,0.1,0.4325,6.242,0.1665,308.642,0.1,0.3365,6.188000000000001,0.1665,308.694,0.1,0.2465,6.1335,0.163,308.745,0.1,0.163,6.087,0.153,308.786,0.1,0.09,6.0504999999999995,0.1375,308.809,0.1,0.034,6.0175,0.118,308.822,0.1,-0.001,5.976,0.093,308.829,0.1,-0.018,5.932499999999999,0.068,308.824,0.1,-0.014,5.922000000000001,0.054,308.806,0.1,0.028,5.9510000000000005,0.038,308.775,0.1,0.113,5.996,0.0055,308.728,0.1,0.22649999999999998,6.0385,-0.041499999999999995,308.667,0.1,
0.644,6.3614999999999995,0.132,308.611,0.1,0.611,6.35,0.143,308.614,0.1,0.5605,6.331,0.147,308.612,0.1,0.492,6.3,0.1525,308.624,0.1,0.40449999999999997,6.2545,0.162,308.658,0.1,0.3045,6.1975,0.173,308.716,0.1,0.20700000000000002,6.140499999999999,0.176,308.775,0.1,0.1215,6.0965,0.1645,308.812,0.1,0.049,6.061999999999999,0.1455,308.828,0.1,-0.0085,6.0275,0.1275,308.837,0.1,-0.0505,5.981999999999999,0.112,308.849,0.1,-0.078,5.935499999999999,0.098,308.856,0.1,-0.08449999999999999,5.923,0.088,308.848,0.1,-0.0595,5.9384999999999994,0.073,308.826,0.1,-0.0014999999999999979,5.9575,0.0415,308.793,0.1,0.0805,5.975,-0.0025,308.749,0.1,
0.582,6.38,0.168,308.663,0.1,0.5529999999999999,6.3645,0.1575,308.652,0.1,0.508,6.3425,0.1465,308.645,0.1,0.4515,6.311999999999999,0.146,308.654,0.1,0.383,6.2684999999999995,0.16,308.682,0.1,0.3045,6.2175,0.178,308.728,0.1,0.227,6.172,0.1825,308.771,0.1,0.1545,6.1335,0.169,308.794,0.1,0.08399999999999999,6.093999999999999,0.149,308.809,0.1,0.02,6.0535,0.1365,308.824,0.1,-0.0305,6.009,0.133,308.841,0.1,-0.067,5.971,0.131,308.853,0.1,-0.0875,5.959,0.1255,308.849,0.1,-0.0875,5.9565,0.108,308.836,0.1,-0.0645,5.946,0.078,308.821,0.1,-0.0215,5.9350000000000005,0.042,308.801,0.1,
0.7045,6.437,0.238,308.593,0.1,0.638,6.4045000000000005,0.20700000000000002,308.6,0.1,0.5585,6.372,0.183,308.618,0.1,0.48650000000000004,6.336,0.1755,308.644,0.1,0.431,6.291499999999999,0.184,308.676,0.1,0.39349999999999996,6.2515,0.1955,308.695,0.1,0.36050000000000004,6.2225,0.1955,308.699,0.1,0.30900000000000005,6.188,0.182,308.706,0.1,0.23450000000000001,6.140499999999999,0.165,308.73,0.1,0.158,6.093999999999999,0.1575,308.76,0.1,0.099,6.0545,0.163,308.783,0.1,0.055499999999999994,6.0295000000000005,0.16999999999999998,308.79,0.1,0.016499999999999997,6.0195,0.1675,308.785,0.1,-0.018000000000000002,6.0005,0.1495,308.786,0.1,-0.0405,5.9655000000000005,0.12,308.795,0.1,-0.046,5.9295,0.088,308.807,0.1,
0.899,6.506,0.335,308.483,0.1,0.7965,6.452,0.2915,308.516,0.1,0.692,6.4094999999999995,0.256,308.553,0.1,0.6065,6.367,0.2385,308.589,0.1,0.5525,6.322,0.23199999999999998,308.618,0.1,0.5315000000000001,6.29,0.2275,308.623,0.1,0.519,6.2669999999999995,0.219,308.611,0.1,0.482,6.2305,0.207,308.615,0.1,0.4145,6.18,0.1945,308.643,0.1,0.33899999999999997,6.134499999999999,0.1885,308.675,0.1,0.27549999999999997,6.103,0.194,308.697,0.1,0.221,6.088,0.20350000000000001,308.701,0.1,0.162,6.0775,0.2025,308.699,0.1,0.101,6.047499999999999,0.187,308.713,0.1,0.053,6.0005,0.1625,308.74,0.1,0.0285,5.957,0.1325,308.769,0.1,
1.1225,6.54,0.4185,308.36,0.1,1.0165,6.476,0.3705,308.406,0.1,0.915,6.429,0.326,308.444,0.1,0.8240000000000001,6.384,0.3,308.478,0.1,0.7525,6.339,0.281,308.505,0.1,0.7064999999999999,6.309,0.2625,308.518,0.1,0.6759999999999999,6.285,0.2445,308.525,0.1,0.643,6.246,0.23,308.539,0.1,0.5985,6.196,0.216,308.558,0.1,0.5445,6.153,0.20550000000000002,308.575,0.1,0.485,6.126,0.203,308.587,0.1,0.4185,6.115,0.20500000000000002,308.594,0.1,0.3435,6.103,0.20400000000000001,308.603,0.1,0.27249999999999996,6.069,0.1975,308.624,0.1,0.22749999999999998,6.02,0.181,308.652,0.1,0.2165,5.979,0.152,308.675,0.1,
-0.6695,5.5504999999999995,0.0615,309.165,0.1,-0.6325000000000001,5.5465,0.035500000000000004,309.146,0.1,-0.617,5.577999999999999,0.017,309.104,0.1,-0.6515,5.624499999999999,0.018000000000000002,309.075,0.1,-0.7130000000000001,5.65,0.0435,309.085,0.1,-0.7575000000000001,5.6385000000000005,0.0675,309.118,0.1,-0.7735000000000001,5.5995,0.0695,309.147,0.1,-0.776,5.552,0.054,309.161,0.1,-0.7785,5.523,0.0325,309.155,0.1,-0.7945,5.524,0.008,309.137,0.1,-0.8265,5.534000000000001,-0.0085,309.126,0.1,-0.846,5.52,-0.011,309.143,0.1,-0.8140000000000001,5.484500000000001,-0.02,309.177,0.1,-0.7310000000000001,5.481999999999999,-0.037,309.167,0.1,-0.649,5.5015,-0.035,309.114,0.1,-0.6165,5.5095,-0.0295,309.072,0.1,
-0.628,5.548,0.08449999999999999,309.143,0.1,-0.589,5.535,0.055,309.136,0.1,-0.549,5.5615,0.022,309.098,0.1,-0.5475000000000001,5.614,0.007,309.057,0.1,-0.5795,5.66,0.019000000000000003,309.039,0.1,-0.616,5.6690000000000005,0.045,309.048,0.1,-0.6475,5.6305,0.06,309.075,0.1,-0.6779999999999999,5.573,0.0525,309.103,0.1,-0.711,5.5440000000000005,0.027,309.111,0.1,-0.753,5.548,-0.006,309.106,0.1,-0.798,5.5565,-0.031,309.106,0.1,-0.821,5.5440000000000005,-0.0385,309.129,0.1,-0.8009999999999999,5.5120000000000005,-0.0465,309.175,0.1,-0.745,5.4945,-0.062,309.186,0.1,-0.6799999999999999,5.496,-0.062,309.149,0.1,-0.6405000000000001,5.5085,-0.055,309.094,0.1,
-0.5395000000000001,5.5715,0.092,309.092,0.1,-0.5285,5.5504999999999995,0.061,309.104,0.1,-0.509,5.5545,0.021,309.098,0.1,-0.4985,5.5875,-0.006500000000000001,309.069,0.1,-0.4975,5.6365,-0.006999999999999999,309.027,0.1,-0.51,5.665,0.012,309.001,0.1,-0.5429999999999999,5.643000000000001,0.031,309.016,0.1,-0.5945,5.598,0.027,309.05,0.1,-0.6615,5.5785,0.001,309.073,0.1,-0.735,5.580500000000001,-0.035,309.09,0.1,-0.788,5.5845,-0.0615,309.111,0.1,-0.806,5.585,-0.0635,309.133,0.1,-0.805,5.5600000000000005,-0.058499999999999996,309.182,0.1,-0.7975000000000001,5.518000000000001,-0.062,309.218,0.1,-0.7775000000000001,5.49,-0.0635,309.209,0.1,-0.7525,5.4925,-0.0595,309.161,0.1,
-0.4535,5.6165,0.0875,309.045,0.1,-0.484,5.588,0.0575,309.077,0.1,-0.5025,5.5625,0.0185,309.102,0.1,-0.499,5.5615000000000006,-0.0115,309.092,0.1,-0.47750000000000004,5.5965,-0.022,309.042,0.1,-0.4675,5.635,-0.0135,308.996,0.1,-0.494,5.6385000000000005,-0.002,308.996,0.1,-0.5595,5.622,-0.0055,309.029,0.1,-0.6525,5.614,-0.026500000000000003,309.067,0.1,-0.742,5.6085,-0.054,309.108,0.1,-0.7855000000000001,5.612,-0.0755,309.142,0.1,-0.7875000000000001,5.631,-0.0725,309.154,0.1,-0.7965,5.6135,-0.052,309.186,0.1,-0.8280000000000001,5.5545,-0.042,309.228,0.1,-0.8534999999999999,5.505,-0.041999999999999996,309.24,0.1,-0.854,5.4915,-0.039,309.212,0.1,
-0.40549999999999997,5.672499999999999,0.0825,309.022,0.1,-0.47050000000000003,5.635999999999999,0.056,309.067,0.1,-0.519,5.5865,0.027,309.11,0.1,-0.5275000000000001,5.555,0.001,309.115,0.1,-0.501,5.57,-0.014499999999999999,309.074,0.1,-0.48,5.6065000000000005,-0.02,309.031,0.1,-0.5005,5.6285,-0.020499999999999997,309.022,0.1,-0.5735,5.636,-0.028499999999999998,309.048,0.1,-0.6785,5.6335,-0.03949999999999999,309.097,0.1,-0.7615000000000001,5.6215,-0.05,309.154,0.1,-0.779,5.63,-0.063,309.184,0.1,-0.7555000000000001,5.662,-0.06,309.175,0.1,-0.751,5.6505,-0.037,309.175,0.1,-0.785,5.592,-0.02,309.194,0.1,-0.833,5.5435,-0.0135,309.208,0.1,-0.861,5.525499999999999,-0.006,309.201,0.1,
-0.389,5.729,0.08499999999999999,309.017,0.1,-0.479,5.683999999999999,0.0675,309.071,0.1,-0.5449999999999999,5.623,0.0505,309.121,0.1,-0.5595,5.578,0.0315,309.135,0.1,-0.5355000000000001,5.577999999999999,0.013000000000000001,309.11,0.1,-0.519,5.602,-0.003,309.082,0.1,-0.548,5.6225000000000005,-0.018500000000000003,309.077,0.1,-0.6305000000000001,5.633,-0.028999999999999998,309.104,0.1,-0.7305,5.6265,-0.0295,309.159,0.1,-0.786,5.614000000000001,-0.025,309.213,0.1,-0.7715000000000001,5.6295,-0.031,309.224,0.1,-0.724,5.6635,-0.036,309.188,0.1,-0.695,5.6555,-0.027,309.155,0.1,-0.701,5.6114999999999995,-0.0125,309.145,0.1,-0.73,5.5875,0.0015,309.14,0.1,-0.7555000000000001,5.587999999999999,0.015,309.131,0.1,
-0.382,5.7795000000000005,0.0975,309.019,0.1,-0.486,5.7265,0.0925,309.079,0.1,-0.56,5.667,0.0865,309.131,0.1,-0.579,5.625,0.0725,309.15,0.1,-0.5655,5.617,0.0525,309.139,0.1,-0.569,5.622,0.029,309.129,0.1,-0.6194999999999999,5.6225000000000005,0.006500000000000001,309.141,0.1,-0.708,5.617,-0.005,309.178,0.1,-0.7889999999999999,5.601,0.0,309.231,0.1,-0.8155,5.5915,0.009,309.267,0.1,-0.7815000000000001,5.6095,0.003,309.253,0.1,-0.723,5.6365,-0.014499999999999999,309.199,0.1,-0.675,5.6305,-0.023,309.148,0.1,-0.6395,5.6085,-0.0175,309.118,0.1,-0.6114999999999999,5.6195,-0.0055,309.083,0.1,-0.594,5.653499999999999,0.0075,309.045,0.1,
-0.3715,5.823,0.1175,309.026,0.1,-0.47650000000000003,5.766500000000001,0.125,309.088,0.1,-0.5535,5.716,0.127,309.136,0.1,-0.587,5.6845,0.116,309.157,0.1,-0.598,5.6705000000000005,0.0945,309.159,0.1,-0.627,5.656,0.07050000000000001,309.168,0.1,-0.6930000000000001,5.6315,0.049,309.198,0.1,-0.776,5.603,0.039,309.246,0.1,-0.8374999999999999,5.577,0.043,309.29,0.1,-0.8525,5.568,0.0455,309.305,0.1,-0.8240000000000001,5.58,0.031,309.278,0.1,-0.773,5.5945,0.005,309.222,0.1,-0.714,5.5920000000000005,-0.013999999999999999,309.171,0.1,-0.642,5.594,-0.020999999999999998,309.13,0.1,-0.5569999999999999,5.6335,-0.024,309.072,0.1,-0.478,5.6945,-0.0245,309.003,0.1,
-0.33499999999999996,5.862,0.1295,309.025,0.1,-0.429,5.8125,0.146,309.083,0.1,-0.509,5.773,0.155,309.125,0.1,-0.5660000000000001,5.7495,0.149,309.148,0.1,-0.611,5.7275,0.1325,309.164,0.1,-0.665,5.6945,0.1135,309.191,0.1,-0.737,5.65,0.097,309.237,0.1,-0.8109999999999999,5.6035,0.09,309.289,0.1,-0.8645,5.571,0.088,309.321,0.1,-0.8885000000000001,5.558,0.0785,309.322,0.1,-0.881,5.5575,0.055,309.295,0.1,-0.844,5.559,0.024,309.25,0.1,-0.782,5.561,0.0025,309.207,0.1,-0.6925,5.580500000000001,-0.0135,309.166,0.1,-0.579,5.631,-0.035,309.104,0.1,-0.459,5.699,-0.057499999999999996,309.021,0.1,
-0.257,5.890000000000001,0.124,309.009,0.1,-0.33499999999999996,5.856,0.1455,309.056,0.1,-0.4195,5.829000000000001,0.1625,309.092,0.1,-0.5005000000000001,5.8085,0.166,309.116,0.1,-0.5775,5.7765,0.1595,309.147,0.1,-0.653,5.7275,0.1485,309.19,0.1,-0.7304999999999999,5.6685,0.1375,309.247,0.1,-0.8049999999999999,5.615,0.129,309.299,0.1,-0.8665,5.582,0.1195,309.324,0.1,-0.906,5.564,0.1025,309.321,0.1,-0.9145000000000001,5.55,0.075,309.299,0.1,-0.888,5.541,0.045,309.267,0.1,-0.8285,5.5455000000000005,0.025500000000000002,309.234,0.1,-0.7415,5.568,0.006,309.2,0.1,-0.6375,5.611000000000001,-0.026500000000000003,309.148,0.1,-0.5275,5.667,-0.0665,309.075,0.1,
-0.253,5.8885000000000005,0.1185,309.039,0.1,-0.30300000000000005,5.871499999999999,0.1395,309.066,0.1,-0.3735,5.8580000000000005,0.157,309.084,0.1,-0.45599999999999996,5.840999999999999,0.1675,309.099,0.1,-0.5449999999999999,5.8045,0.17099999999999999,309.133,0.1,-0.633,5.746,0.17049999999999998,309.189,0.1,-0.7185,5.678,0.1645,309.254,0.1,-0.8015,5.6255,0.153,309.305,0.1,-0.8755,5.5954999999999995,0.138,309.324,0.1,-0.9265,5.5745000000000005,0.119,309.319,0.1,-0.9415,5.552,0.095,309.304,0.1,-0.9185,5.536,0.07050000000000001,309.281,0.1,-0.866,5.538,0.0545,309.259,0.1,-0.7975,5.55,0.0365,309.238,0.1,-0.725,5.5715,0.0025,309.203,0.1,-0.6519999999999999,5.605,-0.044,309.148,0.1,
-0.387,5.8715,0.1325,309.147,0.1,-0.401,5.865,0.1435,309.145,0.1,-0.436,5.859999999999999,0.149,309.132,0.1,-0.492,5.8485,0.157,309.127,0.1,-0.5665,5.8155,0.1675,309.151,0.1,-0.6535,5.757,0.177,309.211,0.1,-0.743,5.6895,0.178,309.283,0.1,-0.8285,5.641,0.166,309.326,0.1,-0.905,5.6105,0.148,309.336,0.1,-0.958,5.585,0.131,309.329,0.1,-0.9735,5.5615000000000006,0.1155,309.317,0.1,-0.9535,5.547,0.1005,309.305,0.1,-0.912,5.5435,0.0885,309.292,0.1,-0.8654999999999999,5.5365,0.0725,309.28,0.1,-0.8245,5.528499999999999,0.041999999999999996,309.259,0.1,-0.784,5.536,-0.0015,309.221,0.1,
-0.4485,5.885,0.17149999999999999,309.2,0.1,-0.45899999999999996,5.8765,0.1625,309.186,0.1,-0.487,5.868499999999999,0.152,309.167,0.1,-0.528,5.8575,0.152,309.159,0.1,-0.5800000000000001,5.827,0.166,309.177,0.1,-0.642,5.777,0.1825,309.225,0.1,-0.7105,5.7235,0.1865,309.277,0.1,-0.786,5.68,0.173,309.305,0.1,-0.863,5.640499999999999,0.1535,309.314,0.1,-0.918,5.607,0.14200000000000002,309.313,0.1,-0.9335,5.5885,0.1385,309.306,0.1,-0.9185000000000001,5.584,0.135,309.295,0.1,-0.8955,5.577999999999999,0.127,309.287,0.1,-0.8825000000000001,5.55,0.11,309.284,0.1,-0.8795,5.5115,0.0805,309.28,0.1,-0.8725,5.4895,0.0435,309.266,0.1,
-0.3105,5.941000000000001,0.2435,309.127,0.1,-0.36350000000000005,5.9165,0.214,309.132,0.1,-0.4295,5.897,0.1905,309.14,0.1,-0.486,5.8785,0.1825,309.153,0.1,-0.5225,5.846,0.1905,309.176,0.1,-0.543,5.8085,0.201,309.196,0.1,-0.5695,5.7735,0.2,309.206,0.1,-0.627,5.731999999999999,0.186,309.215,0.1,-0.7075,5.6815,0.16949999999999998,309.235,0.1,-0.7695000000000001,5.6434999999999995,0.163,309.25,0.1,-0.788,5.6335,0.169,309.248,0.1,-0.782,5.640000000000001,0.1745,309.232,0.1,-0.7875000000000001,5.634,0.17099999999999999,309.222,0.1,-0.8175,5.5905000000000005,0.1525,309.231,0.1,-0.8585,5.5280000000000005,0.1225,309.251,0.1,-0.889,5.4795,0.0885,309.269,0.1,
-0.095,6.015000000000001,0.34,309.011,0.1,-0.1875,5.968,0.298,309.042,0.1,-0.2825,5.936,0.264,309.073,0.1,-0.35450000000000004,5.907,0.2465,309.1,0.1,-0.3905,5.872,0.239,309.122,0.1,-0.3955,5.843,0.23349999999999999,309.124,0.1,-0.40449999999999997,5.8155,0.224,309.115,0.1,-0.4495,5.771,0.2105,309.122,0.1,-0.5195000000000001,5.7170000000000005,0.1975,309.148,0.1,-0.575,5.683999999999999,0.193,309.165,0.1,-0.5974999999999999,5.6835,0.2,309.162,0.1,-0.6105,5.6965,0.2085,309.144,0.1,-0.6475,5.6884999999999994,0.207,309.136,0.1,-0.7105,5.6370000000000005,0.1915,309.157,0.1,-0.7735000000000001,5.564500000000001,0.165,309.196,0.1,-0.81,5.508,0.1325,309.232,0.1,
0.1525,6.053,0.4225,308.881,0.1,0.0545,5.995,0.3765,308.924,0.1,-0.041499999999999995,5.957,0.334,308.959,0.1,-0.1225,5.923,0.3085,308.988,0.1,-0.178,5.887,0.2895,309.009,0.1,-0.21000000000000002,5.86,0.2705,309.018,0.1,-0.2385,5.832,0.251,309.026,0.1,-0.27849999999999997,5.785,0.23399999999999999,309.043,0.1,-0.322,5.732,0.2195,309.06,0.1,-0.354,5.704,0.2095,309.062,0.1,-0.3775,5.708,0.209,309.051,0.1,-0.41300000000000003,5.723,0.2115,309.038,0.1,-0.47550000000000003,5.713,0.2115,309.039,0.1,-0.5505,5.659,0.20450000000000002,309.069,0.1,-0.605,5.586,0.186,309.111,0.1,-0.6194999999999999,5.532,0.153,309.14,0.1,
-1.444,5.195,0.066,309.581,0.1,-1.4100000000000001,5.193,0.037,309.565,0.1,-1.4024999999999999,5.2204999999999995,0.019,309.531,0.1,-1.4385,5.2605,0.020999999999999998,309.508,0.1,-1.491,5.2829999999999995,0.047,309.517,0.1,-1.5234999999999999,5.272,0.07050000000000001,309.543,0.1,-1.534,5.2365,0.072,309.565,0.1,-1.537,5.1905,0.0565,309.578,0.1,-1.5405,5.1585,0.0335,309.576,0.1,-1.551,5.1555,0.006500000000000001,309.564,0.1,-1.565,5.1655,-0.012,309.553,0.1,-1.5605,5.159,-0.0135,309.563,0.1,-1.5190000000000001,5.1315,-0.0225,309.587,0.1,-1.451,5.1265,-0.0395,309.574,0.1,-1.3925,5.1355,-0.0365,309.527,0.1,-1.3685,5.133,-0.0285,309.492,0.1,
-1.4005,5.1884999999999994,0.0885,309.562,0.1,-1.3635,5.1775,0.055,309.555,0.1,-1.334,5.201,0.0225,309.523,0.1,-1.3405,5.2475000000000005,0.01,309.487,0.1,-1.371,5.2885,0.0235,309.47,0.1,-1.399,5.295,0.0485,309.476,0.1,-1.4205,5.2585,0.062,309.498,0.1,-1.443,5.2035,0.054,309.523,0.1,-1.4695,5.1739999999999995,0.028999999999999998,309.534,0.1,-1.502,5.1775,-0.006,309.531,0.1,-1.5310000000000001,5.1865000000000006,-0.033,309.529,0.1,-1.5350000000000001,5.1775,-0.041499999999999995,309.544,0.1,-1.5075,5.1465,-0.0495,309.58,0.1,-1.463,5.122,-0.0645,309.587,0.1,-1.4165,5.1145,-0.062,309.555,0.1,-1.3845,5.121,-0.051000000000000004,309.511,0.1,
-1.3175,5.207,0.095,309.517,0.1,-1.3050000000000002,5.189500000000001,0.0605,309.526,0.1,-1.2925,5.1935,0.0215,309.52,0.1,-1.2905,5.224,-0.003,309.491,0.1,-1.294,5.266,-0.0025,309.452,0.1,-1.3025,5.288,0.0155,309.43,0.1,-1.3239999999999998,5.265499999999999,0.0325,309.445,0.1,-1.362,5.2235,0.028999999999999998,309.476,0.1,-1.417,5.2059999999999995,0.0045000000000000005,309.497,0.1,-1.4795,5.2085,-0.0325,309.513,0.1,-1.521,5.21,-0.0625,309.528,0.1,-1.526,5.206,-0.067,309.545,0.1,-1.516,5.177,-0.0615,309.584,0.1,-1.5095,5.129,-0.064,309.615,0.1,-1.4969999999999999,5.096,-0.062,309.608,0.1,-1.4755,5.096,-0.054,309.57,0.1,
-1.24,5.2490000000000006,0.09,309.475,0.1,-1.2635,5.226,0.0575,309.501,0.1,-1.2825,5.2044999999999995,0.02,309.52,0.1,-1.2854999999999999,5.204000000000001,-0.0085,309.505,0.1,-1.271,5.231999999999999,-0.018000000000000002,309.46,0.1,-1.2605,5.26,-0.010499999999999999,309.423,0.1,-1.2765,5.259499999999999,0.0,309.427,0.1,-1.327,5.2445,-0.0025,309.459,0.1,-1.4064999999999999,5.239,-0.020999999999999998,309.492,0.1,-1.4865,5.232,-0.0495,309.527,0.1,-1.5245,5.2275,-0.076,309.554,0.1,-1.5185,5.236000000000001,-0.0755,309.563,0.1,-1.5145,5.214499999999999,-0.0545,309.59,0.1,-1.5350000000000001,5.1545,-0.042499999999999996,309.625,0.1,-1.557,5.1035,-0.0395,309.637,0.1,-1.5575,5.089,-0.0345,309.613,0.1,
-1.197,5.304,0.086,309.455,0.1,-1.2505000000000002,5.2745,0.057999999999999996,309.491,0.1,-1.294,5.231999999999999,0.028999999999999998,309.523,0.1,-1.3050000000000002,5.202500000000001,0.0025,309.521,0.1,-1.2854999999999999,5.21,-0.0135,309.486,0.1,-1.266,5.2335,-0.018000000000000002,309.454,0.1,-1.279,5.2485,-0.018000000000000002,309.452,0.1,-1.3395,5.2545,-0.023,309.478,0.1,-1.4325,5.2524999999999995,-0.032,309.52,0.1,-1.51,5.236000000000001,-0.045,309.568,0.1,-1.5274999999999999,5.2325,-0.063,309.593,0.1,-1.4985,5.254,-0.062,309.584,0.1,-1.4780000000000002,5.2425,-0.0375,309.581,0.1,-1.4945,5.1875,-0.019,309.595,0.1,-1.5325,5.138999999999999,-0.0125,309.607,0.1,-1.557,5.119,-0.0055,309.599,0.1,
-1.1815,5.359500000000001,0.0905,309.45,0.1,-1.2570000000000001,5.3225,0.07200000000000001,309.492,0.1,-1.3155000000000001,5.2684999999999995,0.053,309.53,0.1,-1.331,5.2245,0.031,309.538,0.1,-1.312,5.216,0.011,309.518,0.1,-1.2965,5.227,-0.003,309.5,0.1,-1.319,5.2385,-0.015,309.503,0.1,-1.3904999999999998,5.2445,-0.022,309.528,0.1,-1.4825,5.2364999999999995,-0.020999999999999998,309.574,0.1,-1.5379999999999998,5.2170000000000005,-0.020499999999999997,309.62,0.1,-1.5265,5.221,-0.031,309.628,0.1,-1.4725000000000001,5.2490000000000006,-0.037,309.594,0.1,-1.425,5.246499999999999,-0.0265,309.561,0.1,-1.4135,5.2075,-0.012,309.548,0.1,-1.435,5.1825,-0.001,309.543,0.1,-1.4605000000000001,5.179,0.0095,309.533,0.1,
-1.173,5.407,0.10400000000000001,309.45,0.1,-1.2610000000000001,5.362,0.0985,309.497,0.1,-1.3275000000000001,5.3065,0.0895,309.538,0.1,-1.3475000000000001,5.262499999999999,0.0715,309.552,0.1,-1.337,5.246,0.0495,309.545,0.1,-1.338,5.2395,0.0285,309.542,0.1,-1.38,5.2315000000000005,0.01,309.558,0.1,-1.4585,5.220000000000001,0.002,309.592,0.1,-1.5354999999999999,5.2005,0.006999999999999999,309.636,0.1,-1.565,5.184,0.013,309.666,0.1,-1.5335,5.1945,0.0035,309.652,0.1,-1.467,5.221,-0.014,309.599,0.1,-1.4005,5.2245,-0.0215,309.549,0.1,-1.3515000000000001,5.207,-0.019,309.519,0.1,-1.3245,5.214,-0.0125,309.487,0.1,-1.317,5.2415,-0.003,309.453,0.1,
-1.1615,5.4455,0.124,309.454,0.1,-1.2505,5.3945,0.1305,309.502,0.1,-1.3225,5.343500000000001,0.1295,309.542,0.1,-1.3565,5.3065,0.1155,309.56,0.1,-1.3665,5.2855,0.093,309.564,0.1,-1.3885,5.262499999999999,0.07,309.575,0.1,-1.443,5.232,0.052000000000000005,309.606,0.1,-1.5165000000000002,5.1985,0.044,309.648,0.1,-1.5750000000000002,5.167999999999999,0.0475,309.685,0.1,-1.592,5.1535,0.0485,309.696,0.1,-1.5630000000000002,5.162,0.0325,309.668,0.1,-1.5025,5.1815,0.006,309.613,0.1,-1.428,5.189,-0.013,309.563,0.1,-1.349,5.193,-0.024,309.524,0.1,-1.275,5.2245,-0.0335,309.475,0.1,-1.218,5.2765,-0.036500000000000005,309.416,0.1,
-1.127,5.478,0.1345,309.451,0.1,-1.2085,5.4285,0.15,309.495,0.1,-1.2845,5.3845,0.1575,309.532,0.1,-1.339,5.353999999999999,0.1505,309.554,0.1,-1.3775,5.327,0.133,309.569,0.1,-1.4205,5.291,0.1145,309.594,0.1,-1.4794999999999998,5.243,0.0995,309.636,0.1,-1.5434999999999999,5.1935,0.0925,309.682,0.1,-1.5925,5.156499999999999,0.09,309.709,0.1,-1.6135000000000002,5.138999999999999,0.08,309.706,0.1,-1.601,5.1385000000000005,0.0565,309.676,0.1,-1.5550000000000002,5.148,0.025500000000000002,309.63,0.1,-1.482,5.1585,0.003,309.589,0.1,-1.3915,5.175000000000001,-0.017,309.553,0.1,-1.2955,5.2135,-0.042499999999999996,309.502,0.1,-1.205,5.2705,-0.067,309.434,0.1,
-1.0575,5.495,0.1265,309.434,0.1,-1.1275,5.4565,0.1465,309.472,0.1,-1.2075,5.423,0.164,309.506,0.1,-1.282,5.3975,0.168,309.528,0.1,-1.3464999999999998,5.364,0.162,309.554,0.1,-1.406,5.3165,0.151,309.591,0.1,-1.4689999999999999,5.2565,0.139,309.641,0.1,-1.533,5.199999999999999,0.1295,309.686,0.1,-1.5870000000000002,5.162,0.1205,309.706,0.1,-1.6195,5.140499999999999,0.104,309.699,0.1,-1.62,5.13,0.0765,309.673,0.1,-1.5845,5.1295,0.046,309.638,0.1,-1.5185,5.1385000000000005,0.025,309.608,0.1,-1.4355,5.152,0.0035,309.582,0.1,-1.3504999999999998,5.1795,-0.0305,309.543,0.1,-1.2690000000000001,5.223,-0.07050000000000001,309.484,0.1,
-1.0605,5.478,0.1195,309.463,0.1,-1.1075,5.455,0.139,309.486,0.1,-1.173,5.436,0.158,309.503,0.1,-1.244,5.418,0.17,309.515,0.1,-1.315,5.384,0.1745,309.541,0.1,-1.384,5.3285,0.1735,309.587,0.1,-1.454,5.26,0.1655,309.644,0.1,-1.525,5.2035,0.1535,309.688,0.1,-1.589,5.1685,0.14,309.702,0.1,-1.631,5.145,0.1215,309.693,0.1,-1.6375,5.128,0.0965,309.672,0.1,-1.607,5.1205,0.07050000000000001,309.647,0.1,-1.5499999999999998,5.1205,0.053,309.629,0.1,-1.486,5.118,0.035,309.616,0.1,-1.4295,5.122,0.0025,309.593,0.1,-1.379,5.144,-0.043,309.551,0.1,
-1.1925,5.444,0.1335,309.562,0.1,-1.205,5.4335,0.1445,309.561,0.1,-1.233,5.4265,0.1515,309.55,0.1,-1.2755,5.4165,0.161,309.542,0.1,-1.3315000000000001,5.3870000000000005,0.172,309.556,0.1,-1.3995,5.330500000000001,0.18,309.604,0.1,-1.4725,5.2620000000000005,0.18,309.666,0.1,-1.5455,5.2095,0.1685,309.703,0.1,-1.6125,5.175,0.152,309.71,0.1,-1.657,5.149,0.1355,309.699,0.1,-1.665,5.132,0.1185,309.682,0.1,-1.6375000000000002,5.1235,0.101,309.666,0.1,-1.5915,5.1125,0.0875,309.658,0.1,-1.5485,5.088,0.072,309.654,0.1,-1.5175,5.063000000000001,0.0445,309.644,0.1,-1.491,5.061,0.0025,309.617,0.1,
-1.2525,5.445,0.175,309.612,0.1,-1.2585,5.4345,0.167,309.601,0.1,-1.2785,5.4265,0.158,309.582,0.1,-1.3085,5.4165,0.158,309.57,0.1,-1.3455,5.389,0.17099999999999999,309.579,0.1,-1.3905,5.3405000000000005,0.1855,309.616,0.1,-1.4435,5.2865,0.189,309.659,0.1,-1.5074999999999998,5.2395,0.1765,309.682,0.1,-1.5765,5.1975,0.1595,309.688,0.1,-1.625,5.1655,0.1485,309.685,0.1,-1.633,5.153,0.143,309.673,0.1,-1.609,5.1515,0.136,309.659,0.1,-1.5795,5.1355,0.127,309.654,0.1,-1.564,5.0895,0.1115,309.659,0.1,-1.563,5.036,0.08399999999999999,309.662,0.1,-1.563,5.005,0.047,309.654,0.1,
-1.123,5.4955,0.248,309.548,0.1,-1.1669999999999998,5.4695,0.22,309.553,0.1,-1.2245,5.4485,0.198,309.558,0.1,-1.2715,5.4295,0.1895,309.563,0.1,-1.296,5.401,0.1955,309.576,0.1,-1.3025,5.366,0.20450000000000002,309.589,0.1,-1.317,5.331,0.203,309.594,0.1,-1.3664999999999998,5.287,0.1895,309.602,0.1,-1.44,5.2345,0.1745,309.619,0.1,-1.4945,5.198,0.16899999999999998,309.63,0.1,-1.5045,5.193,0.173,309.622,0.1,-1.4885000000000002,5.2015,0.1765,309.604,0.1,-1.4835,5.1855,0.172,309.597,0.1,-1.5055,5.125,0.155,309.611,0.1,-1.543,5.0485,0.1255,309.635,0.1,-1.5735000000000001,4.9905,0.0895,309.655,0.1,
-0.9159999999999999,5.569,0.34299999999999997,309.441,0.1,-0.9984999999999999,5.521000000000001,0.304,309.468,0.1,-1.0859999999999999,5.4865,0.2715,309.494,0.1,-1.1484999999999999,5.457,0.2535,309.513,0.1,-1.1720000000000002,5.4275,0.2445,309.525,0.1,-1.1655,5.401,0.238,309.522,0.1,-1.1669999999999998,5.3725000000000005,0.2275,309.512,0.1,-1.2075,5.325,0.2135,309.519,0.1,-1.272,5.269,0.2005,309.542,0.1,-1.318,5.2385,0.1965,309.554,0.1,-1.3285,5.243499999999999,0.203,309.544,0.1,-1.33,5.258,0.211,309.524,0.1,-1.3559999999999999,5.240500000000001,0.2105,309.518,0.1,-1.41,5.173500000000001,0.1955,309.543,0.1,-1.4675,5.0865,0.1675,309.585,0.1,-1.5015,5.02,0.1315,309.621,0.1,
-0.6765,5.608,0.4245,309.318,0.1,-0.7645,5.549,0.381,309.356,0.1,-0.853,5.509,0.34099999999999997,309.384,0.1,-0.9239999999999999,5.475,0.3155,309.405,0.1,-0.9675,5.445,0.296,309.418,0.1,-0.99,5.42,0.2765,309.423,0.1,-1.0135,5.39,0.2565,309.43,0.1,-1.0499999999999998,5.339,0.238,309.447,0.1,-1.087,5.284,0.222,309.461,0.1,-1.1085,5.26,0.2115,309.458,0.1,-1.1190000000000002,5.27,0.212,309.441,0.1,-1.1425,5.286,0.216,309.424,0.1,-1.1955,5.267,0.218,309.427,0.1,-1.264,5.198,0.211,309.46,0.1,-1.314,5.11,0.1895,309.506,0.1,-1.3265,5.046,0.1525,309.538,0.1,
-2.0865,4.904999999999999,0.0695,309.935,0.1,-2.046,4.903499999999999,0.039,309.921,0.1,-2.0365,4.9254999999999995,0.020999999999999998,309.896,0.1,-2.066,4.955,0.025,309.88,0.1,-2.1079999999999997,4.968,0.0505,309.888,0.1,-2.1319999999999997,4.9555,0.0735,309.905,0.1,-2.134,4.925,0.0745,309.917,0.1,-2.1239999999999997,4.8885000000000005,0.059,309.923,0.1,-2.1094999999999997,4.859,0.0345,309.923,0.1,-2.099,4.8475,0.005,309.916,0.1,-2.0940000000000003,4.851,-0.016,309.909,0.1,-2.082,4.8454999999999995,-0.017,309.914,0.1,-2.0540000000000003,4.8205,-0.025500000000000002,309.925,0.1,-2.0165,4.8055,-0.042499999999999996,309.906,0.1,-1.9835,4.801,-0.037,309.865,0.1,-1.966,4.789,-0.0275,309.838,0.1,
-2.0460000000000003,4.896,0.092,309.921,0.1,-2.003,4.8825,0.0555,309.915,0.1,-1.9765000000000001,4.8985,0.024,309.89,0.1,-1.9855,4.9355,0.0135,309.858,0.1,-2.0135,4.9695,0.028499999999999998,309.842,0.1,-2.0355,4.974,0.052000000000000005,309.844,0.1,-2.0455,4.9425,0.064,309.859,0.1,-2.0469999999999997,4.895,0.056,309.88,0.1,-2.045,4.8645,0.031,309.89,0.1,-2.0484999999999998,4.859999999999999,-0.0055,309.888,0.1,-2.0585,4.865,-0.035,309.884,0.1,-2.0635000000000003,4.854,-0.045,309.891,0.1,-2.0575,4.814,-0.053,309.913,0.1,-2.0404999999999998,4.7725,-0.0675,309.915,0.1,-2.011,4.754,-0.0615,309.89,0.1,-1.9785,4.7575,-0.047,309.857,0.1,
-1.9780000000000002,4.909,0.0975,309.886,0.1,-1.955,4.889,0.06,309.893,0.1,-1.94,4.8895,0.0225,309.884,0.1,-1.941,4.916,0.001,309.855,0.1,-1.9500000000000002,4.954,0.0025,309.82,0.1,-1.9595,4.9719999999999995,0.019000000000000003,309.803,0.1,-1.9685000000000001,4.9510000000000005,0.034,309.817,0.1,-1.9780000000000002,4.9115,0.031,309.844,0.1,-1.995,4.8895,0.008,309.862,0.1,-2.0235000000000003,4.8845,-0.0295,309.872,0.1,-2.0515,4.879,-0.0635,309.879,0.1,-2.0685000000000002,4.8625,-0.07050000000000001,309.888,0.1,-2.081,4.8155,-0.065,309.915,0.1,-2.0895,4.7524999999999995,-0.066,309.94,0.1,-2.079,4.7165,-0.06,309.937,0.1,-2.0495,4.718999999999999,-0.0485,309.912,0.1,
-1.915,4.9465,0.0915,309.852,0.1,-1.9195,4.923,0.057,309.872,0.1,-1.926,4.904999999999999,0.0215,309.88,0.1,-1.9295,4.908,-0.0055,309.862,0.1,-1.9260000000000002,4.932,-0.014,309.825,0.1,-1.9224999999999999,4.9535,-0.008,309.799,0.1,-1.927,4.9485,0.002,309.806,0.1,-1.9449999999999998,4.929,0.0005,309.834,0.1,-1.9819999999999998,4.9145,-0.015,309.859,0.1,-2.0309999999999997,4.8995,-0.045,309.881,0.1,-2.067,4.881,-0.076,309.898,0.1,-2.0815,4.867,-0.0785,309.902,0.1,-2.0940000000000003,4.827999999999999,-0.057,309.921,0.1,-2.114,4.762499999999999,-0.043,309.951,0.1,-2.1245000000000003,4.7165,-0.037,309.964,0.1,-2.112,4.7044999999999995,-0.03,309.95,0.1,
-1.8795000000000002,4.9990000000000006,0.0885,309.835,0.1,-1.9064999999999999,4.9725,0.06,309.861,0.1,-1.9289999999999998,4.938,0.031,309.879,0.1,-1.9385,4.9145,0.0035,309.873,0.1,-1.9340000000000002,4.916,-0.0125,309.849,0.1,-1.925,4.929,-0.0165,309.828,0.1,-1.927,4.9345,-0.0155,309.83,0.1,-1.9540000000000002,4.9305,-0.0175,309.851,0.1,-2.0060000000000002,4.917,-0.0235,309.881,0.1,-2.061,4.890000000000001,-0.039,309.912,0.1,-2.0885,4.867,-0.063,309.928,0.1,-2.083,4.8635,-0.0645,309.92,0.1,-2.0705,4.8435,-0.039,309.916,0.1,-2.076,4.7935,-0.019,309.927,0.1,-2.096,4.752,-0.0115,309.939,0.1,-2.107,4.730499999999999,-0.005,309.937,0.1,
-1.8615,5.052,0.095,309.829,0.1,-1.9055,5.0205,0.0765,309.859,0.1,-1.9405000000000001,4.974,0.0555,309.883,0.1,-1.956,4.9315,0.0305,309.889,0.1,-1.9535,4.9135,0.009000000000000001,309.878,0.1,-1.9475,4.911,-0.0035,309.869,0.1,-1.9575,4.912,-0.011,309.873,0.1,-1.996,4.907,-0.013999999999999999,309.891,0.1,-2.0535,4.8870000000000005,-0.0115,309.921,0.1,-2.099,4.855,-0.015,309.952,0.1,-2.105,4.838,-0.031,309.957,0.1,-2.0709999999999997,4.8475,-0.039,309.929,0.1,-2.0255,4.8465,-0.027,309.899,0.1,-2.0015,4.819,-0.012,309.886,0.1,-2.0075,4.798,-0.0035,309.882,0.1,-2.026,4.787,0.0045000000000000005,309.877,0.1,
-1.845,5.0945,0.11,309.826,0.1,-1.9015,5.0555,0.10400000000000001,309.859,0.1,-1.9489999999999998,5.002,0.0925,309.889,0.1,-1.9729999999999999,4.9515,0.07,309.904,0.1,-1.9765000000000001,4.921,0.046,309.903,0.1,-1.9795,4.9030000000000005,0.0275,309.903,0.1,-2.003,4.8870000000000005,0.014,309.915,0.1,-2.051,4.8675,0.01,309.937,0.1,-2.104,4.838,0.015,309.966,0.1,-2.133,4.8075,0.017,309.986,0.1,-2.1195,4.7995,0.004,309.975,0.1,-2.0675,4.817500000000001,-0.014499999999999999,309.932,0.1,-2.0,4.829000000000001,-0.021,309.887,0.1,-1.943,4.823,-0.0205,309.858,0.1,-1.914,4.829000000000001,-0.0195,309.831,0.1,-1.9144999999999999,4.843500000000001,-0.013,309.808,0.1,
-1.825,5.125,0.13,309.826,0.1,-1.889,5.0785,0.136,309.859,0.1,-1.949,5.021,0.1325,309.891,0.1,-1.987,4.969,0.115,309.912,0.1,-2.0025,4.932,0.091,309.92,0.1,-2.016,4.9030000000000005,0.07,309.929,0.1,-2.0475,4.87,0.0555,309.948,0.1,-2.0945,4.8335,0.05,309.975,0.1,-2.1385,4.795,0.053000000000000005,309.999,0.1,-2.159,4.766,0.051000000000000004,310.006,0.1,-2.1435,4.761,0.0335,309.985,0.1,-2.093,4.7785,0.006,309.94,0.1,-2.02,4.7955000000000005,-0.013,309.895,0.1,-1.9435,4.8055,-0.0275,309.86,0.1,-1.8820000000000001,4.8309999999999995,-0.041999999999999996,309.82,0.1,-1.847,4.867,-0.048,309.779,0.1,
-1.7890000000000001,5.1475,0.1395,309.818,0.1,-1.8555000000000001,5.0975,0.154,309.849,0.1,-1.9260000000000002,5.0385,0.1605,309.883,0.1,-1.98,4.9879999999999995,0.1515,309.908,0.1,-2.012,4.948,0.1335,309.924,0.1,-2.037,4.912,0.1155,309.941,0.1,-2.0715000000000003,4.8685,0.10200000000000001,309.966,0.1,-2.1145,4.8195,0.0955,309.994,0.1,-2.153,4.7735,0.092,310.011,0.1,-2.174,4.742,0.082,310.01,0.1,-2.1675,4.7325,0.0575,309.987,0.1,-2.1285,4.7425,0.026,309.95,0.1,-2.064,4.7585,0.0025,309.914,0.1,-1.988,4.7735,-0.020999999999999998,309.884,0.1,-1.9155,4.802,-0.0495,309.846,0.1,-1.854,4.8420000000000005,-0.075,309.798,0.1,
-1.73,5.1495,0.1295,309.799,0.1,-1.7955,5.1035,0.148,309.828,0.1,-1.873,5.0504999999999995,0.1655,309.862,0.1,-1.939,5.007,0.17049999999999998,309.888,0.1,-1.9855,4.9670000000000005,0.164,309.911,0.1,-2.021,4.9245,0.153,309.934,0.1,-2.0599999999999996,4.872999999999999,0.1405,309.963,0.1,-2.1055,4.8165,0.1305,309.991,0.1,-2.1470000000000002,4.7669999999999995,0.1215,310.004,0.1,-2.1725000000000003,4.7325,0.1055,309.999,0.1,-2.1725000000000003,4.716,0.0775,309.979,0.1,-2.145,4.716,0.046,309.952,0.1,-2.096,4.723,0.0235,309.928,0.1,-2.0365,4.7285,0.0005,309.91,0.1,-1.9775,4.7425,-0.0335,309.885,0.1,-1.9195,4.7705,-0.073,309.846,0.1,
-1.7415,5.11,0.1205,309.823,0.1,-1.7934999999999999,5.076,0.139,309.843,0.1,-1.855,5.0405,0.1595,309.865,0.1,-1.911,5.01,0.1725,309.88,0.1,-1.9580000000000002,4.9745,0.178,309.899,0.1,-2.0004999999999997,4.9254999999999995,0.176,309.927,0.1,-2.048,4.8645,0.1665,309.96,0.1,-2.1014999999999997,4.8045,0.1545,309.987,0.1,-2.15,4.7575,0.142,309.997,0.1,-2.1795,4.724500000000001,0.124,309.991,0.1,-2.1835,4.704000000000001,0.098,309.975,0.1,-2.1645,4.693,0.07,309.957,0.1,-2.1310000000000002,4.6835,0.0515,309.947,0.1,-2.092,4.668,0.0335,309.942,0.1,-2.0535,4.657500000000001,0.003,309.931,0.1,-2.0135,4.6675,-0.0405,309.907,0.1,
-1.866,5.0525,0.135,309.908,0.1,-1.8875,5.032,0.1455,309.912,0.1,-1.9129999999999998,5.0145,0.1545,309.909,0.1,-1.9409999999999998,4.9955,0.165,309.903,0.1,-1.975,4.965,0.176,309.909,0.1,-2.0185,4.913,0.1825,309.937,0.1,-2.0695,4.849,0.1815,309.974,0.1,-2.1235,4.791499999999999,0.17099999999999999,309.997,0.1,-2.1734999999999998,4.7485,0.1565,310.002,0.1,-2.2065,4.718,0.1405,309.996,0.1,-2.216,4.697,0.121,309.984,0.1,-2.2055,4.6785,0.1005,309.976,0.1,-2.183,4.652,0.086,309.975,0.1,-2.157,4.612,0.072,309.98,0.1,-2.1315,4.5755,0.0475,309.98,0.1,-2.103,4.5655,0.0075,309.965,0.1,
-1.927,5.0365,0.1785,309.954,0.1,-1.936,5.019,0.17099999999999999,309.949,0.1,-1.953,5.0024999999999995,0.1635,309.936,0.1,-1.9735,4.9830000000000005,0.1645,309.925,0.1,-1.996,4.952,0.1755,309.925,0.1,-2.0220000000000002,4.907,0.1885,309.943,0.1,-2.0545,4.856,0.191,309.966,0.1,-2.099,4.807,0.18,309.98,0.1,-2.1515,4.7615,0.166,309.986,0.1,-2.1935000000000002,4.727,0.155,309.986,0.1,-2.21,4.708,0.1465,309.98,0.1,-2.2039999999999997,4.6915,0.136,309.975,0.1,-2.189,4.6565,0.1265,309.978,0.1,-2.176,4.5965,0.1125,309.989,0.1,-2.1665,4.535,0.088,309.999,0.1,-2.1555,4.497999999999999,0.051000000000000004,309.997,0.1,
-1.8175,5.0785,0.2515,309.904,0.1,-1.8555000000000001,5.047499999999999,0.226,309.909,0.1,-1.9064999999999999,5.015499999999999,0.20550000000000002,309.914,0.1,-1.9475,4.9865,0.1965,309.917,0.1,-1.963,4.9544999999999995,0.2005,309.919,0.1,-1.9565000000000001,4.9239999999999995,0.2075,309.917,0.1,-1.9555,4.8919999999999995,0.2055,309.913,0.1,-1.9874999999999998,4.848000000000001,0.193,309.916,0.1,-2.0469999999999997,4.794499999999999,0.1795,309.931,0.1,-2.099,4.755,0.1745,309.943,0.1,-2.1185,4.7415,0.1765,309.941,0.1,-2.1145,4.733499999999999,0.1775,309.932,0.1,-2.113,4.699,0.1725,309.933,0.1,-2.125,4.6265,0.157,309.951,0.1,-2.1445,4.543,0.1285,309.976,0.1,-2.1615,4.4785,0.091,309.995,0.1,
-1.6364999999999998,5.149,0.345,309.813,0.1,-1.7085,5.096,0.3095,309.837,0.1,-1.7875,5.050000000000001,0.27849999999999997,309.858,0.1,-1.843,5.0145,0.26,309.868,0.1,-1.8585,4.9855,0.2495,309.869,0.1,-1.843,4.963,0.2415,309.857,0.1,-1.8335,4.9350000000000005,0.2305,309.845,0.1,-1.8599999999999999,4.8865,0.2165,309.85,0.1,-1.9129999999999998,4.83,0.20400000000000001,309.869,0.1,-1.9569999999999999,4.795999999999999,0.1995,309.881,0.1,-1.974,4.7915,0.2055,309.877,0.1,-1.9805000000000001,4.791,0.213,309.865,0.1,-2.0020000000000002,4.7575,0.2135,309.866,0.1,-2.0415,4.6785,0.199,309.893,0.1,-2.0805,4.583500000000001,0.17,309.933,0.1,-2.1035,4.5085,0.1305,309.965,0.1,
-1.4220000000000002,5.187,0.4255,309.707,0.1,-1.499,5.123,0.385,309.736,0.1,-1.5785,5.073,0.347,309.757,0.1,-1.6400000000000001,5.036,0.3225,309.767,0.1,-1.674,5.009,0.302,309.77,0.1,-1.689,4.987,0.2815,309.769,0.1,-1.7045,4.955,0.261,309.774,0.1,-1.7305000000000001,4.902,0.2415,309.788,0.1,-1.758,4.847,0.2235,309.801,0.1,-1.775,4.819,0.213,309.799,0.1,-1.786,4.82,0.214,309.787,0.1,-1.8094999999999999,4.822,0.22,309.776,0.1,-1.8559999999999999,4.788,0.224,309.785,0.1,-1.9115,4.707,0.217,309.82,0.1,-1.948,4.61,0.193,309.863,0.1,-1.955,4.536,0.1515,309.893,0.1,
-2.7295,4.6145,0.0725,310.289,0.1,-2.682,4.6145,0.041,310.277,0.1,-2.6705,4.631,0.024,310.26,0.1,-2.694,4.649,0.0295,310.252,0.1,-2.725,4.6530000000000005,0.0545,310.258,0.1,-2.7395,4.638,0.076,310.267,0.1,-2.734,4.614000000000001,0.0765,310.269,0.1,-2.7119999999999997,4.5865,0.061,310.269,0.1,-2.6795,4.5595,0.035500000000000004,310.27,0.1,-2.6479999999999997,4.5405,0.003,310.269,0.1,-2.623,4.5365,-0.0195,310.264,0.1,-2.6029999999999998,4.532,-0.020499999999999997,310.264,0.1,-2.5895,4.51,-0.0275,310.263,0.1,-2.582,4.484999999999999,-0.043,310.239,0.1,-2.5735,4.4665,-0.035,310.203,0.1,-2.5629999999999997,4.445,-0.025500000000000002,310.183,0.1,
-2.691,4.6025,0.095,310.28,0.1,-2.643,4.588,0.056,310.276,0.1,-2.6195,4.596500000000001,0.026000000000000002,310.256,0.1,-2.6305,4.6235,0.0175,310.23,0.1,-2.6565000000000003,4.65,0.0335,310.214,0.1,-2.673,4.6525,0.0555,310.212,0.1,-2.6715,4.627000000000001,0.0655,310.221,0.1,-2.6515,4.587,0.057,310.236,0.1,-2.621,4.5555,0.032,310.246,0.1,-2.5955,4.5435,-0.0055,310.246,0.1,-2.5854999999999997,4.5435,-0.037,310.239,0.1,-2.591,4.53,-0.0475,310.239,0.1,-2.6065,4.4815000000000005,-0.055,310.246,0.1,-2.6180000000000003,4.423,-0.067,310.242,0.1,-2.6055,4.3934999999999995,-0.058499999999999996,310.224,0.1,-2.5725,4.394,-0.042499999999999996,310.203,0.1,
-2.6375,4.6105,0.099,310.254,0.1,-2.604,4.5885,0.059,310.26,0.1,-2.5865,4.5855,0.0235,310.249,0.1,-2.591,4.6080000000000005,0.005,310.219,0.1,-2.606,4.6415,0.008,310.189,0.1,-2.6159999999999997,4.656000000000001,0.023,310.177,0.1,-2.612,4.6370000000000005,0.035,310.189,0.1,-2.5934999999999997,4.6,0.032,310.212,0.1,-2.5725,4.5735,0.010499999999999999,310.227,0.1,-2.5675,4.561,-0.027,310.231,0.1,-2.583,4.548,-0.063,310.23,0.1,-2.6115000000000004,4.5184999999999995,-0.0715,310.231,0.1,-2.6455,4.454,-0.0665,310.245,0.1,-2.6695,4.3765,-0.0655,310.264,0.1,-2.661,4.3375,-0.056499999999999995,310.267,0.1,-2.623,4.3415,-0.043,310.253,0.1,
-2.5905,4.644,0.092,310.229,0.1,-2.5765000000000002,4.6205,0.0565,310.242,0.1,-2.5694999999999997,4.6055,0.0225,310.24,0.1,-2.573,4.6115,-0.002,310.218,0.1,-2.581,4.6325,-0.0095,310.189,0.1,-2.5845000000000002,4.6465,-0.005,310.175,0.1,-2.5775,4.6375,0.0035,310.185,0.1,-2.5635000000000003,4.6135,0.003,310.209,0.1,-2.5575,4.591,-0.01,310.225,0.1,-2.5745,4.5665,-0.039999999999999994,310.235,0.1,-2.6094999999999997,4.535,-0.0745,310.241,0.1,-2.6445,4.497999999999999,-0.079,310.241,0.1,-2.673,4.4415,-0.058,310.252,0.1,-2.6925,4.371,-0.042499999999999996,310.276,0.1,-2.6915,4.329000000000001,-0.034,310.292,0.1,-2.6665,4.3195,-0.026000000000000002,310.287,0.1,
-2.5620000000000003,4.6945,0.0905,310.215,0.1,-2.5620000000000003,4.671,0.0615,310.231,0.1,-2.5629999999999997,4.644500000000001,0.0325,310.235,0.1,-2.5709999999999997,4.6265,0.0055,310.225,0.1,-2.5815,4.6225000000000005,-0.010499999999999999,310.211,0.1,-2.5835,4.624499999999999,-0.014499999999999999,310.203,0.1,-2.575,4.62,-0.0125,310.209,0.1,-2.5685000000000002,4.6065000000000005,-0.0125,310.225,0.1,-2.5795000000000003,4.582,-0.0155,310.241,0.1,-2.612,4.542999999999999,-0.0325,310.256,0.1,-2.6494999999999997,4.5015,-0.061,310.264,0.1,-2.667,4.4735,-0.0655,310.257,0.1,-2.6630000000000003,4.444000000000001,-0.0405,310.251,0.1,-2.6574999999999998,4.3995,-0.019,310.259,0.1,-2.6585,4.3645,-0.010499999999999999,310.271,0.1,-2.656,4.3420000000000005,-0.0045000000000000005,310.274,0.1,
-2.5415,4.7445,0.0985,310.208,0.1,-2.5540000000000003,4.718500000000001,0.0805,310.226,0.1,-2.5655,4.6805,0.058499999999999996,310.237,0.1,-2.581,4.638999999999999,0.031,310.241,0.1,-2.5949999999999998,4.611000000000001,0.009000000000000001,310.239,0.1,-2.5985,4.596,-0.003,310.238,0.1,-2.596,4.585,-0.006999999999999999,310.243,0.1,-2.6020000000000003,4.569,-0.006,310.254,0.1,-2.6254999999999997,4.538,-0.0025,310.268,0.1,-2.6605,4.492,-0.0085,310.284,0.1,-2.6835,4.4545,-0.028999999999999998,310.286,0.1,-2.6695,4.446,-0.04,310.265,0.1,-2.626,4.447,-0.028,310.237,0.1,-2.589,4.430999999999999,-0.013000000000000001,310.224,0.1,-2.58,4.413,-0.006500000000000001,310.22,0.1,-2.592,4.395,0.0005,310.221,0.1,
-2.5164999999999997,4.782,0.115,310.201,0.1,-2.542,4.7490000000000006,0.1095,310.222,0.1,-2.5705,4.6985,0.096,310.24,0.1,-2.598,4.640499999999999,0.07,310.255,0.1,-2.615,4.596,0.0445,310.261,0.1,-2.621,4.567,0.0275,310.265,0.1,-2.626,4.5425,0.018000000000000002,310.272,0.1,-2.6425,4.5145,0.018,310.283,0.1,-2.6719999999999997,4.4755,0.0235,310.296,0.1,-2.701,4.4305,0.0225,310.306,0.1,-2.706,4.4045000000000005,0.0055,310.298,0.1,-2.6685,4.413,-0.0155,310.264,0.1,-2.5999999999999996,4.433999999999999,-0.0225,310.224,0.1,-2.5355,4.4395,-0.0235,310.196,0.1,-2.504,4.4435,-0.025500000000000002,310.174,0.1,-2.512,4.4455,-0.0215,310.162,0.1,
-2.4885,4.8055,0.135,310.197,0.1,-2.527,4.763,0.14200000000000002,310.216,0.1,-2.5755,4.699,0.137,310.241,0.1,-2.6174999999999997,4.6315,0.11649999999999999,310.264,0.1,-2.6384999999999996,4.579,0.09,310.276,0.1,-2.644,4.5435,0.07,310.282,0.1,-2.652,4.5085,0.058499999999999996,310.291,0.1,-2.6725,4.4685,0.055999999999999994,310.302,0.1,-2.702,4.422,0.059,310.312,0.1,-2.7264999999999997,4.378500000000001,0.0545,310.317,0.1,-2.7245,4.359500000000001,0.0345,310.303,0.1,-2.683,4.374499999999999,0.006,310.267,0.1,-2.612,4.4015,-0.014499999999999999,310.227,0.1,-2.5385,4.418,-0.0315,310.195,0.1,-2.489,4.436999999999999,-0.049,310.165,0.1,-2.476,4.4575,-0.056999999999999995,310.141,0.1,
-2.451,4.8175,0.144,310.185,0.1,-2.502,4.766500000000001,0.1585,310.203,0.1,-2.5675,4.6925,0.1645,310.233,0.1,-2.621,4.622,0.154,310.262,0.1,-2.6465,4.5695,0.1345,310.28,0.1,-2.6535,4.5329999999999995,0.1165,310.287,0.1,-2.663,4.4945,0.104,310.296,0.1,-2.6849999999999996,4.4455,0.0985,310.306,0.1,-2.7135,4.3915,0.095,310.314,0.1,-2.7345,4.3454999999999995,0.084,310.313,0.1,-2.733,4.3255,0.058499999999999996,310.299,0.1,-2.7015000000000002,4.3365,0.0265,310.27,0.1,-2.646,4.3580000000000005,0.0015,310.239,0.1,-2.585,4.3725000000000005,-0.0245,310.215,0.1,-2.5355,4.390000000000001,-0.0545,310.19,0.1,-2.5025000000000004,4.414,-0.08,310.163,0.1,
-2.403,4.8035,0.133,310.164,0.1,-2.4645,4.75,0.1515,310.184,0.1,-2.5385,4.6785,0.1685,310.218,0.1,-2.5955,4.6165,0.1735,310.249,0.1,-2.6239999999999997,4.57,0.1665,310.268,0.1,-2.635,4.5329999999999995,0.155,310.277,0.1,-2.65,4.4895,0.1415,310.285,0.1,-2.6775,4.4325,0.1315,310.296,0.1,-2.7075,4.3725000000000005,0.123,310.302,0.1,-2.7255000000000003,4.324999999999999,0.107,310.299,0.1,-2.7245,4.302,0.0785,310.285,0.1,-2.7055,4.302,0.046,310.265,0.1,-2.6740000000000004,4.3075,0.023,310.249,0.1,-2.638,4.3055,-0.001,310.238,0.1,-2.604,4.3055,-0.034,310.226,0.1,-2.5695,4.318,-0.073,310.208,0.1,
-2.422,4.742,0.123,310.183,0.1,-2.4785000000000004,4.6965,0.14100000000000001,310.2,0.1,-2.537,4.645,0.1615,310.227,0.1,-2.5780000000000003,4.6025,0.1755,310.245,0.1,-2.601,4.5655,0.181,310.256,0.1,-2.6174999999999997,4.5235,0.178,310.266,0.1,-2.642,4.4685,0.168,310.276,0.1,-2.6775,4.4055,0.156,310.286,0.1,-2.7105,4.347,0.144,310.292,0.1,-2.7275,4.304,0.1265,310.289,0.1,-2.729,4.279999999999999,0.0995,310.278,0.1,-2.7225,4.265000000000001,0.07,310.267,0.1,-2.7119999999999997,4.246,0.0505,310.264,0.1,-2.698,4.217499999999999,0.0335,310.268,0.1,-2.678,4.193,0.0055,310.27,0.1,-2.6479999999999997,4.1899999999999995,-0.036000000000000004,310.263,0.1,
-2.54,4.6615,0.138,310.254,0.1,-2.5695,4.6305,0.1475,310.262,0.1,-2.5925000000000002,4.6015,0.158,310.267,0.1,-2.606,4.5755,0.169,310.264,0.1,-2.6180000000000003,4.5435,0.1795,310.262,0.1,-2.6375,4.496,0.185,310.27,0.1,-2.6665,4.435,0.183,310.282,0.1,-2.7015000000000002,4.3740000000000006,0.1735,310.291,0.1,-2.734,4.3225,0.161,310.294,0.1,-2.7560000000000002,4.2865,0.1455,310.292,0.1,-2.768,4.2615,0.1235,310.287,0.1,-2.774,4.2335,0.1,310.286,0.1,-2.7744999999999997,4.191,0.085,310.292,0.1,-2.766,4.135999999999999,0.073,310.305,0.1,-2.7455,4.0885,0.051500000000000004,310.315,0.1,-2.7140000000000004,4.0695,0.013000000000000001,310.313,0.1,
-2.6025,4.6285,0.182,310.297,0.1,-2.6135,4.604,0.1755,310.296,0.1,-2.627,4.577500000000001,0.16949999999999998,310.291,0.1,-2.6384999999999996,4.55,0.17099999999999999,310.281,0.1,-2.6464999999999996,4.515499999999999,0.1805,310.272,0.1,-2.654,4.4735,0.1905,310.27,0.1,-2.6665,4.4254999999999995,0.1925,310.274,0.1,-2.691,4.374499999999999,0.184,310.278,0.1,-2.727,4.325,0.172,310.283,0.1,-2.7625,4.2885,0.1615,310.288,0.1,-2.787,4.262499999999999,0.15,310.288,0.1,-2.7984999999999998,4.231,0.1365,310.291,0.1,-2.7984999999999998,4.178,0.126,310.302,0.1,-2.7885,4.104,0.114,310.32,0.1,-2.77,4.0344999999999995,0.092,310.335,0.1,-2.7485,3.991,0.0555,310.339,0.1,
-2.513,4.662,0.2545,310.259,0.1,-2.545,4.625,0.2315,310.266,0.1,-2.5895,4.5825,0.213,310.271,0.1,-2.624,4.543,0.20350000000000001,310.27,0.1,-2.6305,4.5085,0.20500000000000002,310.261,0.1,-2.6109999999999998,4.4825,0.2095,310.245,0.1,-2.5940000000000003,4.454000000000001,0.2075,310.231,0.1,-2.6085000000000003,4.409,0.1965,310.23,0.1,-2.654,4.3545,0.185,310.243,0.1,-2.7030000000000003,4.313000000000001,0.1795,310.257,0.1,-2.732,4.2895,0.18,310.261,0.1,-2.7405,4.2645,0.1785,310.261,0.1,-2.7425,4.213,0.173,310.269,0.1,-2.745,4.128,0.1585,310.292,0.1,-2.747,4.0375,0.131,310.317,0.1,-2.7495000000000003,3.966,0.0925,310.336,0.1,
-2.356,4.7295,0.3465,310.186,0.1,-2.418,4.6705000000000005,0.314,310.205,0.1,-2.4895,4.6145,0.285,310.221,0.1,-2.5380000000000003,4.5715,0.2655,310.223,0.1,-2.545,4.5435,0.2535,310.213,0.1,-2.52,4.5255,0.244,310.192,0.1,-2.4995000000000003,4.497999999999999,0.2325,310.177,0.1,-2.513,4.448,0.219,310.18,0.1,-2.5549999999999997,4.391500000000001,0.207,310.196,0.1,-2.5965,4.354,0.2015,310.209,0.1,-2.6189999999999998,4.3395,0.2075,310.21,0.1,-2.6310000000000002,4.323499999999999,0.2145,310.206,0.1,-2.6485000000000003,4.2745,0.215,310.215,0.1,-2.673,4.1835,0.2015,310.244,0.1,-2.694,4.080500000000001,0.171,310.28,0.1,-2.7055,3.997,0.1285,310.309,0.1,
-2.1675,4.767,0.425,310.095,0.1,-2.234,4.697,0.388,310.116,0.1,-2.3034999999999997,4.638,0.352,310.129,0.1,-2.355,4.597,0.3275,310.13,0.1,-2.38,4.573,0.3065,310.122,0.1,-2.3875,4.554,0.2855,310.116,0.1,-2.3945,4.52,0.2645,310.118,0.1,-2.41,4.465,0.244,310.13,0.1,-2.4284999999999997,4.41,0.224,310.14,0.1,-2.442,4.378,0.213,310.14,0.1,-2.4535,4.37,0.215,310.132,0.1,-2.476,4.358,0.223,310.128,0.1,-2.516,4.309,0.2285,310.143,0.1,-2.559,4.216,0.2215,310.18,0.1,-2.5825,4.11,0.195,310.22,0.1,-2.584,4.027,0.1495,310.248,0.1,
-3.136,4.284,0.0745,310.535,0.1,-3.0945,4.2780000000000005,0.043,310.525,0.1,-3.088,4.2865,0.028499999999999998,310.512,0.1,-3.1125,4.2935,0.035500000000000004,310.506,0.1,-3.1425,4.2825,0.0595,310.51,0.1,-3.1565,4.2555,0.0785,310.515,0.1,-3.1494999999999997,4.226,0.078,310.514,0.1,-3.1245000000000003,4.2015,0.0625,310.511,0.1,-3.089,4.1795,0.035500000000000004,310.51,0.1,-3.0549999999999997,4.1625,0.001,310.508,0.1,-3.028,4.154,-0.023,310.503,0.1,-3.0065,4.1419999999999995,-0.024,310.5,0.1,-2.9945,4.112,-0.0285,310.496,0.1,-2.991,4.077,-0.0395,310.476,0.1,-2.984,4.047499999999999,-0.03,310.449,0.1,-2.9695,4.0155,-0.022,310.436,0.1,
-3.106,4.271,0.096,310.527,0.1,-3.0615,4.2525,0.056,310.522,0.1,-3.0460000000000003,4.2545,0.028499999999999998,310.505,0.1,-3.0645,4.2705,0.023,310.483,0.1,-3.0955,4.2825,0.039,310.468,0.1,-3.1135,4.2745,0.058499999999999996,310.466,0.1,-3.108,4.2465,0.0665,310.471,0.1,-3.0805,4.2095,0.0565,310.482,0.1,-3.041,4.18,0.0315,310.489,0.1,-3.0065,4.165,-0.006500000000000001,310.487,0.1,-2.9905,4.156000000000001,-0.0385,310.479,0.1,-2.9939999999999998,4.132,-0.048,310.477,0.1,-3.0115,4.0715,-0.0535,310.481,0.1,-3.027,4.0,-0.062,310.479,0.1,-3.0175,3.9574999999999996,-0.052500000000000005,310.468,0.1,-2.984,3.9475,-0.037500000000000006,310.454,0.1,
-3.064,4.2785,0.0985,310.504,0.1,-3.0305,4.2545,0.0575,310.506,0.1,-3.0185,4.246,0.0245,310.493,0.1,-3.0324999999999998,4.258,0.0095,310.467,0.1,-3.0575,4.2780000000000005,0.014,310.442,0.1,-3.072,4.282500000000001,0.026500000000000003,310.434,0.1,-3.064,4.2605,0.035500000000000004,310.444,0.1,-3.035,4.2235,0.0315,310.463,0.1,-2.9995000000000003,4.1935,0.011,310.473,0.1,-2.98,4.173500000000001,-0.025500000000000002,310.473,0.1,-2.987,4.1485,-0.061,310.47,0.1,-3.0145,4.105,-0.07,310.469,0.1,-3.052,4.026,-0.0645,310.481,0.1,-3.0805,3.9355,-0.0615,310.498,0.1,-3.0755,3.8855,-0.051000000000000004,310.503,0.1,-3.0385,3.8815,-0.037000000000000005,310.495,0.1,
-3.0305,4.3065,0.0915,310.48,0.1,-3.0115,4.281499999999999,0.0555,310.487,0.1,-3.0060000000000002,4.262499999999999,0.023,310.48,0.1,-3.0175,4.26,0.002,310.461,0.1,-3.0365,4.2684999999999995,-0.0045000000000000005,310.44,0.1,-3.0469999999999997,4.272,-0.001,310.432,0.1,-3.0375,4.257,0.005,310.442,0.1,-3.0115,4.2285,0.0045000000000000005,310.46,0.1,-2.988,4.198499999999999,-0.006,310.471,0.1,-2.9895,4.165,-0.0345,310.475,0.1,-3.0185,4.119999999999999,-0.07,310.477,0.1,-3.057,4.0665,-0.076,310.477,0.1,-3.092,3.995,-0.057,310.487,0.1,-3.1155,3.9154999999999998,-0.041,310.508,0.1,-3.115,3.8674999999999997,-0.03,310.523,0.1,-3.0895,3.854,-0.0215,310.52,0.1,
-3.016,4.3454999999999995,0.0905,310.466,0.1,-3.0069999999999997,4.3195,0.062,310.475,0.1,-3.0045,4.2895,0.034,310.474,0.1,-3.0170000000000003,4.265000000000001,0.0085,310.466,0.1,-3.0365,4.25,-0.0065,310.457,0.1,-3.0454999999999997,4.2405,-0.011,310.455,0.1,-3.036,4.228,-0.0095,310.461,0.1,-3.018,4.207,-0.0075,310.472,0.1,-3.011,4.1754999999999995,-0.0085,310.482,0.1,-3.0309999999999997,4.128,-0.025,310.489,0.1,-3.0694999999999997,4.073,-0.055499999999999994,310.494,0.1,-3.0985,4.0275,-0.0635,310.49,0.1,-3.1055,3.9855,-0.0415,310.486,0.1,-3.1029999999999998,3.9379999999999997,-0.0195,310.493,0.1,-3.1005000000000003,3.9025,-0.0095,310.504,0.1,-3.0925000000000002,3.878,-0.0035,310.506,0.1,
-3.0075,4.3805,0.101,310.457,0.1,-3.0084999999999997,4.3505,0.0835,310.469,0.1,-3.0135,4.3075,0.0615,310.475,0.1,-3.0305,4.26,0.0335,310.478,0.1,-3.0505,4.222,0.0115,310.48,0.1,-3.0585,4.197,0.0,310.482,0.1,-3.053,4.1785,-0.003,310.486,0.1,-3.0475000000000003,4.156499999999999,0.0015,310.492,0.1,-3.058,4.1205,0.007,310.499,0.1,-3.0885,4.068,-0.0005,310.508,0.1,-3.1205,4.0175,-0.0245,310.51,0.1,-3.123,3.9930000000000003,-0.04,310.496,0.1,-3.0915,3.9855,-0.0305,310.474,0.1,-3.0555,3.971,-0.016,310.462,0.1,-3.0404999999999998,3.955,-0.0095,310.458,0.1,-3.0455,3.9335,-0.0025,310.458,0.1,
-2.9915000000000003,4.400499999999999,0.1185,310.451,0.1,-3.0055,4.362500000000001,0.1145,310.465,0.1,-3.025,4.3055,0.1005,310.478,0.1,-3.0505,4.2405,0.073,310.49,0.1,-3.0705,4.188000000000001,0.046,310.498,0.1,-3.077,4.1525,0.028999999999999998,310.501,0.1,-3.0774999999999997,4.1240000000000006,0.0225,310.505,0.1,-3.085,4.093500000000001,0.025500000000000002,310.509,0.1,-3.1075,4.051500000000001,0.0325,310.516,0.1,-3.1395,4.0009999999999994,0.03,310.523,0.1,-3.1574999999999998,3.963,0.0085,310.518,0.1,-3.1355,3.9589999999999996,-0.0165,310.493,0.1,-3.076,3.9749999999999996,-0.026500000000000003,310.46,0.1,-3.0125,3.9825,-0.028499999999999998,310.435,0.1,-2.9779999999999998,3.987,-0.031,310.417,0.1,-2.982,3.982,-0.0275,310.409,0.1,
-2.9725,4.406,0.139,310.447,0.1,-3.0,4.3575,0.148,310.459,0.1,-3.0385,4.287000000000001,0.14300000000000002,310.478,0.1,-3.076,4.212,0.12,310.497,0.1,-3.0965,4.1545000000000005,0.091,310.508,0.1,-3.1005000000000003,4.1165,0.07050000000000001,310.511,0.1,-3.1029999999999998,4.082,0.0615,310.514,0.1,-3.117,4.042,0.062,310.518,0.1,-3.1445,3.9935,0.065,310.525,0.1,-3.1734999999999998,3.944,0.0595,310.528,0.1,-3.1825,3.9145,0.036500000000000005,310.519,0.1,-3.1529999999999996,3.9204999999999997,0.0055,310.492,0.1,-3.0885,3.944,-0.0175,310.459,0.1,-3.017,3.9604999999999997,-0.036500000000000005,310.433,0.1,-2.9684999999999997,3.976,-0.0545,310.409,0.1,-2.957,3.987,-0.062,310.394,0.1,
-2.9485,4.400499999999999,0.1485,310.435,0.1,-2.99,4.343500000000001,0.164,310.447,0.1,-3.0454999999999997,4.264,0.16999999999999998,310.471,0.1,-3.0919999999999996,4.188000000000001,0.1585,310.495,0.1,-3.114,4.1325,0.136,310.508,0.1,-3.1174999999999997,4.0969999999999995,0.1175,310.512,0.1,-3.122,4.060499999999999,0.106,310.513,0.1,-3.139,4.0125,0.1015,310.518,0.1,-3.1654999999999998,3.9560000000000004,0.0985,310.522,0.1,-3.1885000000000003,3.904,0.0865,310.523,0.1,-3.1925,3.8754999999999997,0.06,310.513,0.1,-3.168,3.88,0.027,310.492,0.1,-3.1180000000000003,3.8970000000000002,0.0,310.468,0.1,-3.06,3.909,-0.027,310.45,0.1,-3.0135,3.92,-0.0565,310.432,0.1,-2.9859999999999998,3.9335,-0.081,310.415,0.1,
-2.9215,4.368,0.138,310.416,0.1,-2.975,4.310499999999999,0.157,310.43,0.1,-3.0389999999999997,4.2355,0.1735,310.458,0.1,-3.088,4.17,0.177,310.483,0.1,-3.1109999999999998,4.122,0.169,310.498,0.1,-3.117,4.0865,0.1565,310.501,0.1,-3.1254999999999997,4.0455,0.143,310.503,0.1,-3.1465,3.989,0.133,310.507,0.1,-3.1715,3.926,0.1255,310.511,0.1,-3.187,3.873,0.109,310.51,0.1,-3.1864999999999997,3.8440000000000003,0.0795,310.501,0.1,-3.1704999999999997,3.8385,0.0465,310.487,0.1,-3.1425,3.838,0.0225,310.476,0.1,-3.1094999999999997,3.8315,-0.0005,310.471,0.1,-3.0785,3.825,-0.0315,310.465,0.1,-3.0495,3.8285,-0.069,310.455,0.1,
-2.9575,4.2875,0.128,310.43,0.1,-3.009,4.241,0.145,310.443,0.1,-3.0599999999999996,4.1875,0.165,310.465,0.1,-3.094,4.1425,0.1785,310.481,0.1,-3.1105,4.1045,0.183,310.488,0.1,-3.12,4.0635,0.1795,310.492,0.1,-3.1365,4.0115,0.1695,310.495,0.1,-3.1625,3.949,0.158,310.499,0.1,-3.1865,3.8875,0.147,310.503,0.1,-3.197,3.84,0.1295,310.502,0.1,-3.1950000000000003,3.811,0.1005,310.496,0.1,-3.188,3.7910000000000004,0.07,310.49,0.1,-3.1790000000000003,3.7655000000000003,0.0505,310.491,0.1,-3.1675,3.732,0.035500000000000004,310.497,0.1,-3.1505,3.7035,0.011,310.501,0.1,-3.1245000000000003,3.6959999999999997,-0.029,310.499,0.1,
-3.0805,4.1925,0.14300000000000002,310.487,0.1,-3.1095,4.1625,0.151,310.493,0.1,-3.1310000000000002,4.1315,0.162,310.499,0.1,-3.1414999999999997,4.1025,0.173,310.497,0.1,-3.148,4.0695,0.1825,310.493,0.1,-3.159,4.0235,0.187,310.494,0.1,-3.177,3.966,0.1845,310.498,0.1,-3.2005,3.9055,0.1765,310.502,0.1,-3.222,3.8520000000000003,0.1655,310.506,0.1,-3.235,3.8115,0.15,310.506,0.1,-3.2415000000000003,3.7815000000000003,0.126,310.505,0.1,-3.2455,3.748,0.1005,310.507,0.1,-3.246,3.7005,0.08549999999999999,310.515,0.1,-3.2385,3.642,0.0755,310.527,0.1,-3.2190000000000003,3.5945,0.056999999999999995,310.537,0.1,-3.189,3.575,0.02,310.537,0.1,
-3.1535,4.153499999999999,0.1865,310.521,0.1,-3.1675,4.129,0.1805,310.52,0.1,-3.1814999999999998,4.1,0.1765,310.517,0.1,-3.1905,4.069000000000001,0.1775,310.509,0.1,-3.1925,4.0335,0.185,310.499,0.1,-3.1905,3.9935,0.192,310.492,0.1,-3.1915,3.9485,0.1935,310.49,0.1,-3.2039999999999997,3.8975,0.188,310.492,0.1,-3.229,3.8475,0.1785,310.498,0.1,-3.257,3.8064999999999998,0.168,310.504,0.1,-3.2775,3.775,0.154,310.507,0.1,-3.2875,3.7375,0.138,310.512,0.1,-3.2865,3.6799999999999997,0.1265,310.522,0.1,-3.2735,3.6055,0.116,310.538,0.1,-3.2504999999999997,3.5395,0.096,310.551,0.1,-3.225,3.4985,0.0605,310.554,0.1,
-3.085,4.186999999999999,0.2575,310.491,0.1,-3.1155,4.1485,0.237,310.496,0.1,-3.157,4.1035,0.221,310.5,0.1,-3.1875,4.0615000000000006,0.2105,310.498,0.1,-3.189,4.0265,0.2085,310.488,0.1,-3.1635,4.001,0.21,310.47,0.1,-3.138,3.9735,0.208,310.456,0.1,-3.1414999999999997,3.9285,0.1995,310.455,0.1,-3.176,3.8745,0.1905,310.466,0.1,-3.2195,3.8295,0.1845,310.479,0.1,-3.2485,3.7995,0.1835,310.484,0.1,-3.258,3.768,0.1795,310.487,0.1,-3.2569999999999997,3.7115,0.173,310.496,0.1,-3.25,3.628,0.1595,310.514,0.1,-3.24,3.543,0.1325,310.533,0.1,-3.2329999999999997,3.4765,0.0935,310.547,0.1,
-2.95,4.2585,0.3465,310.431,0.1,-3.0045,4.199,0.3175,310.446,0.1,-3.0685000000000002,4.141500000000001,0.2905,310.457,0.1,-3.1125,4.0975,0.27,310.457,0.1,-3.118,4.0685,0.2555,310.445,0.1,-3.0915,4.048500000000001,0.245,310.425,0.1,-3.065,4.0205,0.2335,310.412,0.1,-3.068,3.9705000000000004,0.2205,310.414,0.1,-3.1005000000000003,3.9145,0.2085,310.427,0.1,-3.1390000000000002,3.8739999999999997,0.2025,310.439,0.1,-3.164,3.8525,0.208,310.442,0.1,-3.1775,3.8289999999999997,0.2145,310.441,0.1,-3.1895,3.7755,0.215,310.45,0.1,-3.2,3.6864999999999997,0.202,310.473,0.1,-3.204,3.59,0.1705,310.501,0.1,-3.2025,3.5125,0.125,310.522,0.1,
-2.7824999999999998,4.299,0.422,310.356,0.1,-2.8395,4.23,0.389,310.371,0.1,-2.9015,4.17,0.355,310.379,0.1,-2.9495,4.129,0.33,310.376,0.1,-2.9735,4.103,0.3085,310.367,0.1,-2.979,4.081,0.2875,310.36,0.1,-2.98,4.046,0.267,310.362,0.1,-2.9855,3.991,0.245,310.371,0.1,-2.9965,3.936,0.2235,310.38,0.1,-3.0084999999999997,3.901,0.211,310.381,0.1,-3.022,3.886,0.214,310.376,0.1,-3.0445,3.866,0.224,310.375,0.1,-3.077,3.813,0.231,310.388,0.1,-3.1055,3.722,0.2235,310.418,0.1,-3.114,3.623,0.194,310.45,0.1,-3.1045,3.546,0.1455,310.471,0.1,
-3.4349999999999996,3.9345,0.0755,310.731,0.1,-3.4035,3.92,0.0455,310.722,0.1,-3.404,3.9189999999999996,0.0335,310.711,0.1,-3.4335,3.9139999999999997,0.041999999999999996,310.705,0.1,-3.468,3.8865,0.0645,310.706,0.1,-3.4855,3.842,0.081,310.71,0.1,-3.48,3.8025,0.0795,310.709,0.1,-3.456,3.7765,0.063,310.705,0.1,-3.4234999999999998,3.7615,0.035,310.701,0.1,-3.3955,3.7515,-0.001,310.695,0.1,-3.3745000000000003,3.74,-0.026500000000000003,310.688,0.1,-3.356,3.7175000000000002,-0.027999999999999997,310.684,0.1,-3.3415,3.675,-0.029,310.682,0.1,-3.33,3.6295,-0.0345,310.669,0.1,-3.3135,3.59,-0.024,310.653,0.1,-3.2904999999999998,3.5475,-0.018000000000000002,310.647,0.1,
-3.415,3.922,0.096,310.722,0.1,-3.3775,3.899,0.056,310.715,0.1,-3.3705,3.894,0.0315,310.699,0.1,-3.3985,3.8979999999999997,0.028999999999999998,310.679,0.1,-3.4385,3.8925,0.0445,310.668,0.1,-3.4615,3.8689999999999998,0.0615,310.666,0.1,-3.4560000000000004,3.835,0.067,310.67,0.1,-3.427,3.799,0.0555,310.677,0.1,-3.3875,3.773,0.0305,310.679,0.1,-3.3545,3.7575000000000003,-0.0075,310.673,0.1,-3.339,3.738,-0.0395,310.666,0.1,-3.339,3.699,-0.0485,310.664,0.1,-3.35,3.6260000000000003,-0.051000000000000004,310.671,0.1,-3.3600000000000003,3.5435,-0.056499999999999995,310.675,0.1,-3.348,3.487,-0.0455,310.67,0.1,-3.3135000000000003,3.463,-0.032,310.661,0.1,
-3.3815,3.931,0.098,310.697,0.1,-3.3515,3.9044999999999996,0.056,310.694,0.1,-3.348,3.8899999999999997,0.025500000000000002,310.681,0.1,-3.375,3.888,0.0145,310.659,0.1,-3.412,3.8905000000000003,0.02,310.641,0.1,-3.4325,3.8815,0.03,310.637,0.1,-3.425,3.8535000000000004,0.036,310.645,0.1,-3.3935000000000004,3.8155,0.0305,310.657,0.1,-3.3550000000000004,3.7830000000000004,0.0115,310.663,0.1,-3.3315,3.7555,-0.024,310.66,0.1,-3.3325,3.717,-0.058499999999999996,310.657,0.1,-3.3535,3.6585,-0.0675,310.659,0.1,-3.3865,3.567,-0.061,310.672,0.1,-3.4145,3.465,-0.056499999999999995,310.691,0.1,-3.4130000000000003,3.4005,-0.045,310.698,0.1,-3.3810000000000002,3.383,-0.0315,310.691,0.1,
-3.3594999999999997,3.9524999999999997,0.09,310.67,0.1,-3.341,3.925,0.054,310.671,0.1,-3.342,3.899,0.0235,310.664,0.1,-3.3655,3.8815,0.006,310.65,0.1,-3.396,3.874,0.001,310.636,0.1,-3.4130000000000003,3.865,0.003,310.632,0.1,-3.4055,3.8425000000000002,0.006500000000000001,310.64,0.1,-3.3775,3.809,0.006,310.653,0.1,-3.349,3.773,-0.0025,310.658,0.1,-3.3425000000000002,3.7305,-0.0295,310.659,0.1,-3.363,3.673,-0.064,310.661,0.1,-3.3985000000000003,3.605,-0.0725,310.665,0.1,-3.4370000000000003,3.5205,-0.055,310.677,0.1,-3.467,3.4305,-0.0385,310.697,0.1,-3.473,3.372,-0.026000000000000002,310.71,0.1,-3.4515000000000002,3.35,-0.017,310.706,0.1,
-3.3605,3.9749999999999996,0.09,310.654,0.1,-3.3505000000000003,3.945,0.062,310.658,0.1,-3.3529999999999998,3.9059999999999997,0.035500000000000004,310.656,0.1,-3.3725,3.8675,0.0115,310.651,0.1,-3.398,3.8390000000000004,-0.002,310.647,0.1,-3.412,3.8179999999999996,-0.006999999999999999,310.647,0.1,-3.4055,3.7975,-0.006,310.652,0.1,-3.386,3.7705,-0.0025,310.658,0.1,-3.3735,3.7335000000000003,-0.0015,310.663,0.1,-3.3865,3.6799999999999997,-0.017,310.667,0.1,-3.4219999999999997,3.615,-0.0485,310.673,0.1,-3.457,3.5549999999999997,-0.0605,310.674,0.1,-3.4765,3.499,-0.042,310.674,0.1,-3.4845,3.4444999999999997,-0.0205,310.682,0.1,-3.4855,3.4050000000000002,-0.0085,310.689,0.1,-3.4764999999999997,3.3775,-0.0025,310.689,0.1,
-3.37,3.988,0.1025,310.645,0.1,-3.3685,3.9509999999999996,0.086,310.652,0.1,-3.3745,3.8975,0.0645,310.657,0.1,-3.3925,3.8385,0.036500000000000005,310.661,0.1,-3.4130000000000003,3.7904999999999998,0.014499999999999999,310.663,0.1,-3.4234999999999998,3.7565,0.0035,310.665,0.1,-3.42,3.732,0.0015,310.667,0.1,-3.4135,3.707,0.0085,310.668,0.1,-3.4215,3.669,0.0165,310.672,0.1,-3.4515000000000002,3.6135,0.0085,310.679,0.1,-3.489,3.5545,-0.019,310.684,0.1,-3.5054999999999996,3.516,-0.0395,310.676,0.1,-3.4905,3.4945000000000004,-0.034,310.662,0.1,-3.463,3.476,-0.019999999999999997,310.652,0.1,-3.4465000000000003,3.4615,-0.0125,310.646,0.1,-3.444,3.4385,-0.0055,310.645,0.1,
-3.372,3.9855,0.1215,310.641,0.1,-3.3819999999999997,3.937,0.1195,310.65,0.1,-3.3975,3.8695,0.1055,310.66,0.1,-3.4175,3.7969999999999997,0.077,310.669,0.1,-3.434,3.7385,0.048,310.674,0.1,-3.4415,3.6985,0.031,310.675,0.1,-3.444,3.6685,0.027000000000000003,310.675,0.1,-3.4524999999999997,3.6390000000000002,0.033,310.677,0.1,-3.4770000000000003,3.5975,0.041499999999999995,310.682,0.1,-3.5140000000000002,3.545,0.037500000000000006,310.688,0.1,-3.543,3.4985,0.012,310.688,0.1,-3.5375,3.481,-0.0175,310.671,0.1,-3.492,3.4850000000000003,-0.031,310.647,0.1,-3.4335,3.49,-0.0335,310.626,0.1,-3.395,3.495,-0.036500000000000005,310.61,0.1,-3.3890000000000002,3.487,-0.032,310.603,0.1,
-3.37,3.9690000000000003,0.143,310.638,0.1,-3.3914999999999997,3.909,0.1535,310.647,0.1,-3.4215,3.831,0.149,310.66,0.1,-3.45,3.7535,0.1245,310.673,0.1,-3.4665,3.6950000000000003,0.093,310.678,0.1,-3.472,3.6565000000000003,0.072,310.678,0.1,-3.4779999999999998,3.6235,0.0645,310.678,0.1,-3.4955,3.5860000000000003,0.0675,310.681,0.1,-3.5265,3.5380000000000003,0.07150000000000001,310.686,0.1,-3.5614999999999997,3.4859999999999998,0.0645,310.691,0.1,-3.5805,3.4485,0.039,310.686,0.1,-3.563,3.442,0.0045000000000000005,310.668,0.1,-3.5075000000000003,3.4555,-0.020999999999999998,310.643,0.1,-3.4379999999999997,3.469,-0.041499999999999995,310.622,0.1,-3.385,3.481,-0.059,310.604,0.1,-3.365,3.4865,-0.0655,310.592,0.1,
-3.3674999999999997,3.942,0.153,310.63,0.1,-3.4005,3.8765,0.16999999999999998,310.638,0.1,-3.4435000000000002,3.7954999999999997,0.1765,310.653,0.1,-3.481,3.721,0.1635,310.669,0.1,-3.501,3.668,0.1385,310.676,0.1,-3.5075,3.633,0.1185,310.676,0.1,-3.516,3.5975,0.1075,310.676,0.1,-3.536,3.551,0.1045,310.68,0.1,-3.564,3.4945,0.10200000000000001,310.684,0.1,-3.59,3.4405,0.0895,310.686,0.1,-3.6005000000000003,3.405,0.0615,310.681,0.1,-3.583,3.3979999999999997,0.027,310.667,0.1,-3.5359999999999996,3.407,-0.002,310.65,0.1,-3.4755,3.4145,-0.028999999999999998,310.637,0.1,-3.4225,3.421,-0.0575,310.625,0.1,-3.3884999999999996,3.428,-0.0805,310.613,0.1,
-3.3674999999999997,3.8890000000000002,0.1435,310.614,0.1,-3.4105,3.83,0.163,310.623,0.1,-3.4604999999999997,3.7584999999999997,0.179,310.642,0.1,-3.5004999999999997,3.6959999999999997,0.181,310.658,0.1,-3.5229999999999997,3.6494999999999997,0.17099999999999999,310.666,0.1,-3.5335,3.6135,0.1575,310.668,0.1,-3.545,3.5715000000000003,0.1445,310.669,0.1,-3.5655,3.5164999999999997,0.135,310.673,0.1,-3.5885,3.4545,0.128,310.677,0.1,-3.6035000000000004,3.4005,0.111,310.677,0.1,-3.6045,3.3644999999999996,0.0805,310.673,0.1,-3.589,3.3495,0.047,310.665,0.1,-3.5575,3.343,0.022,310.659,0.1,-3.5175,3.3325,0.0005,310.656,0.1,-3.4795,3.323,-0.027999999999999997,310.653,0.1,-3.447,3.322,-0.0635,310.646,0.1,
-3.4245,3.7925,0.134,310.625,0.1,-3.4655,3.7504999999999997,0.1495,310.632,0.1,-3.5060000000000002,3.7015000000000002,0.169,310.646,0.1,-3.536,3.658,0.182,310.655,0.1,-3.5549999999999997,3.6189999999999998,0.1855,310.66,0.1,-3.5675,3.577,0.181,310.662,0.1,-3.5825,3.5250000000000004,0.1705,310.665,0.1,-3.6035000000000004,3.4645,0.16,310.669,0.1,-3.622,3.405,0.1505,310.673,0.1,-3.6285,3.356,0.132,310.675,0.1,-3.6225,3.32,0.1015,310.673,0.1,-3.609,3.293,0.07,310.671,0.1,-3.5915,3.2645,0.0515,310.673,0.1,-3.5715,3.23,0.0385,310.678,0.1,-3.5495,3.2025,0.0175,310.681,0.1,-3.5244999999999997,3.194,-0.021,310.679,0.1,
-3.56,3.6895,0.149,310.669,0.1,-3.5845000000000002,3.6639999999999997,0.1555,310.67,0.1,-3.6035000000000004,3.6355,0.1665,310.671,0.1,-3.6155,3.6055,0.1775,310.669,0.1,-3.6245000000000003,3.5715,0.186,310.666,0.1,-3.6345,3.526,0.189,310.667,0.1,-3.6475,3.471,0.186,310.67,0.1,-3.663,3.413,0.1795,310.674,0.1,-3.6765,3.3605,0.17049999999999998,310.679,0.1,-3.6814999999999998,3.3165,0.1545,310.682,0.1,-3.678,3.2805,0.1285,310.683,0.1,-3.6704999999999997,3.2424999999999997,0.1015,310.686,0.1,-3.6605,3.1950000000000003,0.0865,310.691,0.1,-3.6464999999999996,3.1399999999999997,0.079,310.699,0.1,-3.625,3.098,0.063,310.705,0.1,-3.5975,3.082,0.0275,310.701,0.1,
-3.6485000000000003,3.65,0.1915,310.692,0.1,-3.665,3.626,0.186,310.689,0.1,-3.681,3.597,0.1835,310.685,0.1,-3.6900000000000004,3.5655,0.1845,310.679,0.1,-3.6895,3.5309999999999997,0.189,310.671,0.1,-3.6825,3.4924999999999997,0.1935,310.665,0.1,-3.6765,3.4495,0.195,310.664,0.1,-3.681,3.4005,0.192,310.667,0.1,-3.6975,3.3499999999999996,0.185,310.673,0.1,-3.716,3.3045,0.1745,310.68,0.1,-3.7265,3.268,0.158,310.683,0.1,-3.726,3.2279999999999998,0.1395,310.687,0.1,-3.716,3.1725000000000003,0.127,310.694,0.1,-3.697,3.1045,0.118,310.703,0.1,-3.6705,3.0469999999999997,0.1,310.709,0.1,-3.6455,3.0140000000000002,0.0655,310.708,0.1,
-3.6014999999999997,3.6870000000000003,0.2605,310.666,0.1,-3.633,3.6470000000000002,0.2425,310.668,0.1,-3.6719999999999997,3.6020000000000003,0.2285,310.671,0.1,-3.6985,3.5625,0.2175,310.669,0.1,-3.6965,3.5285,0.212,310.66,0.1,-3.668,3.502,0.2105,310.647,0.1,-3.6375,3.473,0.208,310.636,0.1,-3.6325,3.4290000000000003,0.2025,310.636,0.1,-3.658,3.3745,0.1955,310.646,0.1,-3.6945,3.3265000000000002,0.1895,310.657,0.1,-3.7190000000000003,3.2915,0.1865,310.662,0.1,-3.724,3.257,0.18,310.664,0.1,-3.716,3.2030000000000003,0.173,310.669,0.1,-3.7,3.127,0.16,310.681,0.1,-3.6805,3.0534999999999997,0.1335,310.691,0.1,-3.6665,2.9985,0.094,310.696,0.1,
-3.4850000000000003,3.765,0.346,310.618,0.1,-3.534,3.7065,0.3205,310.628,0.1,-3.591,3.6515000000000004,0.2955,310.635,0.1,-3.6310000000000002,3.6094999999999997,0.274,310.634,0.1,-3.6375,3.5785,0.257,310.625,0.1,-3.613,3.5545,0.245,310.611,0.1,-3.583,3.523,0.234,310.601,0.1,-3.5765000000000002,3.474,0.2215,310.602,0.1,-3.5999999999999996,3.4189999999999996,0.2095,310.613,0.1,-3.635,3.3760000000000003,0.20350000000000001,310.623,0.1,-3.6615,3.3484999999999996,0.2075,310.626,0.1,-3.675,3.3205,0.2135,310.625,0.1,-3.6799999999999997,3.2685,0.2145,310.63,0.1,-3.677,3.1879999999999997,0.202,310.644,0.1,-3.665,3.1055,0.169,310.66,0.1,-3.6494999999999997,3.0415,0.1215,310.671,0.1,
-3.3365,3.81,0.418,310.558,0.1,-3.384,3.744,0.389,310.567,0.1,-3.4395,3.688,0.357,310.572,0.1,-3.4865,3.647,0.332,310.569,0.1,-3.5134999999999996,3.617,0.3095,310.562,0.1,-3.5195,3.59,0.289,310.557,0.1,-3.5145,3.552,0.2685,310.559,0.1,-3.511,3.498,0.2455,310.566,0.1,-3.515,3.445,0.222,310.573,0.1,-3.5265,3.407,0.2085,310.575,0.1,-3.5439999999999996,3.385,0.212,310.571,0.1,-3.5665,3.36,0.224,310.57,0.1,-3.5905,3.308,0.2325,310.578,0.1,-3.604,3.226,0.2245,310.597,0.1,-3.596,3.142,0.1925,310.617,0.1,-3.573,3.079,0.14100000000000001,310.63,0.1,
-3.733,3.5855,0.0765,310.927,0.1,-3.7125000000000004,3.5615,0.048,310.919,0.1,-3.7205000000000004,3.551,0.039,310.909,0.1,-3.755,3.534,0.0485,310.903,0.1,-3.794,3.49,0.07,310.903,0.1,-3.815,3.4290000000000003,0.0835,310.905,0.1,-3.8105,3.3785,0.08,310.904,0.1,-3.7875,3.352,0.063,310.899,0.1,-3.7590000000000003,3.3440000000000003,0.034,310.891,0.1,-3.7365000000000004,3.34,-0.0035,310.881,0.1,-3.7215,3.3265000000000002,-0.0295,310.872,0.1,-3.706,3.2925,-0.031,310.868,0.1,-3.6879999999999997,3.2375,-0.028,310.867,0.1,-3.6689999999999996,3.1820000000000004,-0.028999999999999998,310.863,0.1,-3.6435,3.133,-0.0175,310.857,0.1,-3.6115000000000004,3.0795,-0.0135,310.858,0.1,
-3.7235,3.5725,0.096,310.916,0.1,-3.6935000000000002,3.545,0.056,310.909,0.1,-3.6950000000000003,3.533,0.0345,310.893,0.1,-3.7325,3.525,0.035,310.875,0.1,-3.7815,3.502,0.0505,310.867,0.1,-3.809,3.464,0.065,310.867,0.1,-3.8040000000000003,3.4234999999999998,0.067,310.869,0.1,-3.774,3.3890000000000002,0.054,310.871,0.1,-3.734,3.367,0.028499999999999998,310.868,0.1,-3.7024999999999997,3.349,-0.009000000000000001,310.86,0.1,-3.687,3.3195,-0.04,310.852,0.1,-3.684,3.266,-0.0475,310.852,0.1,-3.6895,3.1805000000000003,-0.047,310.861,0.1,-3.6935000000000002,3.0869999999999997,-0.0495,310.871,0.1,-3.678,3.0170000000000003,-0.038000000000000006,310.873,0.1,-3.6425,2.9785,-0.026500000000000003,310.869,0.1,
-3.699,3.583,0.097,310.89,0.1,-3.6725000000000003,3.5545,0.0545,310.883,0.1,-3.678,3.533,0.027,310.868,0.1,-3.7175000000000002,3.518,0.0195,310.852,0.1,-3.766,3.503,0.0265,310.841,0.1,-3.793,3.48,0.034,310.839,0.1,-3.786,3.4475,0.036,310.845,0.1,-3.752,3.4074999999999998,0.0295,310.852,0.1,-3.71,3.373,0.0115,310.852,0.1,-3.682,3.3369999999999997,-0.022,310.847,0.1,-3.6775,3.285,-0.055,310.844,0.1,-3.6925,3.2115,-0.063,310.848,0.1,-3.7215,3.108,-0.055499999999999994,310.864,0.1,-3.7495,2.9945,-0.05,310.884,0.1,-3.751,2.915,-0.038500000000000006,310.892,0.1,-3.7235,2.8845,-0.026000000000000002,310.887,0.1,
-3.6885,3.5985,0.0885,310.861,0.1,-3.671,3.5685000000000002,0.0525,310.856,0.1,-3.679,3.535,0.0245,310.847,0.1,-3.7135,3.503,0.010499999999999999,310.838,0.1,-3.755,3.4795,0.0075,310.832,0.1,-3.7785,3.4575,0.008,310.832,0.1,-3.7729999999999997,3.428,0.0085,310.838,0.1,-3.7439999999999998,3.3895,0.0075,310.845,0.1,-3.71,3.3475,0.0005,310.846,0.1,-3.6955,3.296,-0.0245,310.844,0.1,-3.708,3.2255,-0.057499999999999996,310.846,0.1,-3.7395,3.1435,-0.0675,310.852,0.1,-3.7815,3.0460000000000003,-0.051500000000000004,310.867,0.1,-3.8185000000000002,2.9455,-0.035,310.886,0.1,-3.8305,2.876,-0.022,310.897,0.1,-3.8135,2.846,-0.0135,310.892,0.1,
-3.7045000000000003,3.605,0.09,310.842,0.1,-3.694,3.57,0.062,310.84,0.1,-3.7015000000000002,3.5225,0.037,310.838,0.1,-3.7279999999999998,3.4699999999999998,0.016,310.837,0.1,-3.76,3.4275,0.0035,310.838,0.1,-3.7785,3.396,-0.0015,310.839,0.1,-3.7744999999999997,3.3665000000000003,-0.002,310.842,0.1,-3.7545,3.334,0.002,310.844,0.1,-3.7365,3.2915,0.005,310.844,0.1,-3.742,3.2314999999999996,-0.0095,310.846,0.1,-3.7744999999999997,3.1559999999999997,-0.041499999999999995,310.852,0.1,-3.815,3.0825,-0.056499999999999995,310.857,0.1,-3.847,3.0125,-0.042,310.862,0.1,-3.8659999999999997,2.95,-0.0215,310.87,0.1,-3.8705,2.9074999999999998,-0.0085,310.874,0.1,-3.8600000000000003,2.877,-0.002,310.871,0.1,
-3.7335000000000003,3.5965,0.1045,310.834,0.1,-3.7295,3.551,0.0885,310.836,0.1,-3.7359999999999998,3.488,0.068,310.839,0.1,-3.7545,3.417,0.040499999999999994,310.843,0.1,-3.776,3.358,0.019,310.846,0.1,-3.7885,3.3165,0.0075,310.848,0.1,-3.787,3.2855,0.0065,310.847,0.1,-3.7800000000000002,3.2575000000000003,0.015,310.845,0.1,-3.785,3.2175000000000002,0.025,310.845,0.1,-3.814,3.1585,0.017,310.85,0.1,-3.8575,3.091,-0.013000000000000001,310.857,0.1,-3.8884999999999996,3.0380000000000003,-0.038,310.856,0.1,-3.8895,3.0035,-0.0375,310.849,0.1,-3.8705,2.981,-0.024,310.842,0.1,-3.8529999999999998,2.9675000000000002,-0.0155,310.835,0.1,-3.8434999999999997,2.9435000000000002,-0.008,310.832,0.1,
-3.753,3.5709999999999997,0.125,310.83,0.1,-3.759,3.511,0.1245,310.835,0.1,-3.77,3.4345,0.111,310.841,0.1,-3.785,3.3535000000000004,0.0815,310.847,0.1,-3.7984999999999998,3.2885,0.051000000000000004,310.85,0.1,-3.806,3.245,0.0335,310.849,0.1,-3.8105,3.2135,0.031,310.846,0.1,-3.821,3.184,0.039999999999999994,310.844,0.1,-3.8465,3.1435,0.05,310.847,0.1,-3.888,3.089,0.045,310.854,0.1,-3.9284999999999997,3.0345,0.0165,310.857,0.1,-3.939,3.0025,-0.018,310.849,0.1,-3.9074999999999998,2.9955,-0.035,310.833,0.1,-3.8545,2.9985,-0.039,310.816,0.1,-3.8125,3.003,-0.041499999999999995,310.803,0.1,-3.7969999999999997,2.992,-0.036000000000000004,310.798,0.1,
-3.768,3.532,0.1475,310.83,0.1,-3.7835,3.46,0.1595,310.834,0.1,-3.8045,3.3754999999999997,0.1555,310.842,0.1,-3.8245,3.295,0.13,310.848,0.1,-3.837,3.235,0.096,310.849,0.1,-3.8435,3.1965,0.074,310.845,0.1,-3.8529999999999998,3.1654999999999998,0.0675,310.842,0.1,-3.8739999999999997,3.129,0.07250000000000001,310.843,0.1,-3.9085,3.0825,0.078,310.848,0.1,-3.949,3.0285,0.07050000000000001,310.854,0.1,-3.9775,2.9825,0.041999999999999996,310.853,0.1,-3.9725,2.963,0.0045000000000000005,310.843,0.1,-3.9265,2.9675000000000002,-0.0245,310.827,0.1,-3.859,2.9775,-0.046,310.811,0.1,-3.8015,2.987,-0.0625,310.798,0.1,-3.7729999999999997,2.9865,-0.0685,310.791,0.1,
-3.786,3.4835,0.158,310.824,0.1,-3.8115,3.41,0.1765,310.828,0.1,-3.842,3.3265000000000002,0.1835,310.836,0.1,-3.8695,3.2545,0.1685,310.843,0.1,-3.8869999999999996,3.2030000000000003,0.14150000000000001,310.843,0.1,-3.897,3.1689999999999996,0.12,310.84,0.1,-3.9095,3.135,0.109,310.838,0.1,-3.9320000000000004,3.0885,0.1075,310.842,0.1,-3.962,3.0335,0.106,310.846,0.1,-3.9909999999999997,2.977,0.093,310.849,0.1,-4.0075,2.9335,0.064,310.848,0.1,-3.997,2.916,0.028,310.842,0.1,-3.9535,2.917,-0.003,310.833,0.1,-3.8905000000000003,2.92,-0.0305,310.825,0.1,-3.8310000000000004,2.9225,-0.058,310.817,0.1,-3.7910000000000004,2.9225,-0.0795,310.81,0.1,
-3.8135,3.4105,0.1495,310.812,0.1,-3.8465,3.3495,0.16899999999999998,310.816,0.1,-3.882,3.2805,0.185,310.825,0.1,-3.9130000000000003,3.223,0.1855,310.832,0.1,-3.9355,3.1775,0.1735,310.834,0.1,-3.9495,3.1405,0.159,310.834,0.1,-3.9635,3.0985,0.1455,310.835,0.1,-3.9835000000000003,3.0435,0.1375,310.838,0.1,-4.0045,2.9835000000000003,0.1305,310.843,0.1,-4.019,2.9275,0.1135,310.845,0.1,-4.022,2.885,0.082,310.845,0.1,-4.0075,2.8609999999999998,0.048,310.843,0.1,-3.973,2.8475,0.0225,310.842,0.1,-3.9265,2.8339999999999996,0.002,310.842,0.1,-3.8805,2.8215,-0.024,310.841,0.1,-3.8445,2.815,-0.057999999999999996,310.838,0.1,
-3.891,3.2975,0.14100000000000001,310.82,0.1,-3.9215,3.2590000000000003,0.155,310.821,0.1,-3.9525,3.2145,0.1735,310.826,0.1,-3.979,3.1734999999999998,0.1855,310.829,0.1,-4.0,3.134,0.188,310.831,0.1,-4.0155,3.09,0.183,310.833,0.1,-4.0295000000000005,3.0385,0.172,310.835,0.1,-4.045,2.9805,0.162,310.839,0.1,-4.0575,2.9225,0.1535,310.844,0.1,-4.0600000000000005,2.8715,0.1345,310.848,0.1,-4.05,2.83,0.103,310.85,0.1,-4.029999999999999,2.7954999999999997,0.07050000000000001,310.852,0.1,-4.004,2.763,0.0525,310.855,0.1,-3.976,2.7285,0.041999999999999996,310.859,0.1,-3.949,2.7015000000000002,0.0235,310.861,0.1,-3.924,2.692,-0.014,310.858,0.1,
-4.039,3.186,0.1555,310.851,0.1,-4.059,3.165,0.161,310.846,0.1,-4.076499999999999,3.1385,0.17149999999999999,310.844,0.1,-4.09,3.108,0.182,310.841,0.1,-4.1005,3.073,0.1895,310.839,0.1,-4.109,3.0285,0.191,310.839,0.1,-4.117000000000001,2.9755,0.1875,310.842,0.1,-4.125,2.9210000000000003,0.1825,310.846,0.1,-4.1305,2.8685,0.1755,310.852,0.1,-4.128,2.821,0.159,310.857,0.1,-4.115,2.7794999999999996,0.131,310.861,0.1,-4.0954999999999995,2.737,0.1025,310.864,0.1,-4.075,2.6895,0.087,310.868,0.1,-4.054,2.6385,0.082,310.872,0.1,-4.0305,2.601,0.068,310.872,0.1,-4.0065,2.5885,0.034,310.866,0.1,
-4.1434999999999995,3.146,0.197,310.864,0.1,-4.162,3.1235,0.1915,310.858,0.1,-4.18,3.0940000000000003,0.1905,310.854,0.1,-4.1895,3.0625,0.191,310.849,0.1,-4.1865000000000006,3.028,0.1925,310.843,0.1,-4.1745,2.9915000000000003,0.1945,310.838,0.1,-4.1615,2.9505,0.196,310.838,0.1,-4.1575,2.9035,0.195,310.841,0.1,-4.1655,2.852,0.1905,310.849,0.1,-4.1754999999999995,2.803,0.1805,310.856,0.1,-4.176,2.761,0.162,310.86,0.1,-4.165,2.718,0.1405,310.863,0.1,-4.146,2.665,0.127,310.865,0.1,-4.1205,2.604,0.119,310.868,0.1,-4.090999999999999,2.5545,0.103,310.868,0.1,-4.0665,2.5285,0.0695,310.862,0.1,
-4.1175,3.186,0.2635,310.842,0.1,-4.1505,3.1455,0.2475,310.841,0.1,-4.186999999999999,3.1014999999999997,0.2355,310.841,0.1,-4.2095,3.0635,0.2235,310.839,0.1,-4.204,3.0300000000000002,0.215,310.833,0.1,-4.172499999999999,3.0025,0.2105,310.823,0.1,-4.1370000000000005,2.973,0.2075,310.816,0.1,-4.1235,2.9295,0.2045,310.818,0.1,-4.1395,2.875,0.1995,310.827,0.1,-4.1690000000000005,2.8235,0.194,310.836,0.1,-4.189,2.784,0.189,310.84,0.1,-4.1899999999999995,2.7465,0.18,310.841,0.1,-4.1754999999999995,2.694,0.172,310.843,0.1,-4.15,2.6265,0.159,310.847,0.1,-4.121,2.5635000000000003,0.1335,310.848,0.1,-4.1,2.52,0.0935,310.845,0.1,
-4.0205,3.2705,0.34450000000000003,310.805,0.1,-4.0635,3.2135,0.322,310.809,0.1,-4.112500000000001,3.1615,0.2995,310.813,0.1,-4.1495,3.121,0.277,310.811,0.1,-4.1579999999999995,3.088,0.258,310.805,0.1,-4.134499999999999,3.0595,0.244,310.796,0.1,-4.101,3.026,0.233,310.789,0.1,-4.0855,2.9779999999999998,0.2215,310.79,0.1,-4.099,2.9234999999999998,0.2095,310.798,0.1,-4.1305,2.877,0.20350000000000001,310.807,0.1,-4.1585,2.8449999999999998,0.207,310.81,0.1,-4.172,2.8129999999999997,0.2125,310.81,0.1,-4.1705000000000005,2.7615,0.213,310.811,0.1,-4.1535,2.69,0.2,310.816,0.1,-4.125500000000001,2.6205,0.166,310.819,0.1,-4.096500000000001,2.5705,0.11699999999999999,310.82,0.1,
-3.8914999999999997,3.32,0.413,310.76,0.1,-3.9290000000000003,3.258,0.3875,310.763,0.1,-3.9775,3.205,0.358,310.764,0.1,-4.024,3.165,0.3325,310.761,0.1,-4.0545,3.131,0.3095,310.756,0.1,-4.0605,3.098,0.2895,310.754,0.1,-4.049,3.058,0.268,310.755,0.1,-4.036,3.006,0.244,310.76,0.1,-4.0335,2.953,0.219,310.765,0.1,-4.045,2.912,0.20500000000000002,310.768,0.1,-4.0655,2.885,0.2095,310.766,0.1,-4.088,2.855,0.223,310.765,0.1,-4.104,2.804,0.2325,310.768,0.1,-4.1025,2.731,0.224,310.777,0.1,-4.0785,2.661,0.1895,310.785,0.1,-4.042,2.612,0.1355,310.789,0.1,
-3.9985,3.2190000000000003,0.0775,311.047,0.1,-3.984,3.194,0.0505,311.04,0.1,-3.998,3.181,0.045,311.031,0.1,-4.0365,3.1605,0.055999999999999994,311.025,0.1,-4.077,3.112,0.076,311.024,0.1,-4.0969999999999995,3.0469999999999997,0.0865,311.026,0.1,-4.0905000000000005,2.9925,0.08,311.024,0.1,-4.065,2.962,0.0615,311.02,0.1,-4.035,2.95,0.0315,311.011,0.1,-4.012499999999999,2.9444999999999997,-0.006500000000000001,311.001,0.1,-3.997,2.9265,-0.0325,310.993,0.1,-3.981,2.8865,-0.032,310.989,0.1,-3.963,2.8265000000000002,-0.025,310.988,0.1,-3.9435000000000002,2.766,-0.0215,310.987,0.1,-3.9185,2.7125,-0.0095,310.985,0.1,-3.888,2.6574999999999998,-0.0085,310.986,0.1,
-4.0009999999999994,3.2065,0.0955,311.035,0.1,-3.9745,3.178,0.056,311.027,0.1,-3.98,3.1645,0.0375,311.013,0.1,-4.0205,3.1515,0.041499999999999995,310.999,0.1,-4.0705,3.1225,0.057499999999999996,310.993,0.1,-4.098,3.0789999999999997,0.069,310.993,0.1,-4.0915,3.035,0.0665,310.995,0.1,-4.059,2.9985,0.051500000000000004,310.994,0.1,-4.018000000000001,2.974,0.025,310.99,0.1,-3.9865000000000004,2.953,-0.011,310.981,0.1,-3.972,2.9175,-0.04,310.974,0.1,-3.9705,2.8565,-0.044,310.974,0.1,-3.9770000000000003,2.768,-0.039999999999999994,310.982,0.1,-3.982,2.6734999999999998,-0.0395,310.992,0.1,-3.9690000000000003,2.6020000000000003,-0.029,310.994,0.1,-3.936,2.562,-0.020999999999999998,310.991,0.1,
-3.9879999999999995,3.215,0.0955,311.01,0.1,-3.9615,3.186,0.053,311.001,0.1,-3.9675000000000002,3.1624999999999996,0.0285,310.989,0.1,-4.009,3.1420000000000003,0.025,310.976,0.1,-4.060499999999999,3.12,0.034,310.969,0.1,-4.089499999999999,3.0919999999999996,0.039,310.969,0.1,-4.083,3.0564999999999998,0.0365,310.973,0.1,-4.0489999999999995,3.0155000000000003,0.028,310.977,0.1,-4.0075,2.9785,0.010499999999999999,310.975,0.1,-3.9805,2.9375,-0.0205,310.969,0.1,-3.977,2.8785,-0.0505,310.966,0.1,-3.9924999999999997,2.798,-0.055999999999999994,310.97,0.1,-4.0205,2.694,-0.0475,310.982,0.1,-4.0465,2.583,-0.041499999999999995,310.997,0.1,-4.047499999999999,2.505,-0.031,311.003,0.1,-4.0195,2.4745,-0.020999999999999998,310.998,0.1,
-3.988,3.2245,0.0875,310.983,0.1,-3.968,3.194,0.051000000000000004,310.976,0.1,-3.9755000000000003,3.158,0.025500000000000002,310.968,0.1,-4.012,3.1215,0.016,310.962,0.1,-4.057,3.0925000000000002,0.0155,310.959,0.1,-4.0845,3.066,0.014499999999999999,310.961,0.1,-4.082000000000001,3.0345,0.0115,310.965,0.1,-4.055,2.995,0.009000000000000001,310.968,0.1,-4.023,2.95,0.003,310.967,0.1,-4.009,2.893,-0.0195,310.964,0.1,-4.02,2.8165,-0.05,310.964,0.1,-4.048,2.729,-0.0595,310.97,0.1,-4.085000000000001,2.6315,-0.046,310.98,0.1,-4.117,2.534,-0.031,310.994,0.1,-4.124499999999999,2.468,-0.018500000000000003,311.001,0.1,-4.1045,2.439,-0.010499999999999999,310.995,0.1,
-4.016,3.2215,0.0905,310.965,0.1,-4.003,3.186,0.0625,310.962,0.1,-4.0095,3.1365,0.0395,310.959,0.1,-4.0375,3.082,0.022,310.96,0.1,-4.072,3.037,0.0115,310.961,0.1,-4.0945,3.0025,0.0055,310.963,0.1,-4.095000000000001,2.9715,0.003,310.965,0.1,-4.077500000000001,2.9375,0.0065,310.965,0.1,-4.060499999999999,2.8925,0.011,310.962,0.1,-4.0634999999999994,2.8295,-0.0025,310.961,0.1,-4.0895,2.7504999999999997,-0.0335,310.965,0.1,-4.1235,2.6719999999999997,-0.051000000000000004,310.969,0.1,-4.151,2.6005000000000003,-0.041,310.973,0.1,-4.165,2.5385,-0.0225,310.977,0.1,-4.1645,2.498,-0.0095,310.978,0.1,-4.1515,2.4685,-0.002,310.974,0.1,
-4.0605,3.2015000000000002,0.1075,310.957,0.1,-4.055,3.1565000000000003,0.092,310.957,0.1,-4.0600000000000005,3.093,0.07200000000000001,310.959,0.1,-4.077,3.024,0.0465,310.962,0.1,-4.0985,2.965,0.025500000000000002,310.965,0.1,-4.1129999999999995,2.9225000000000003,0.013500000000000002,310.966,0.1,-4.114,2.891,0.012,310.964,0.1,-4.1075,2.8615,0.020999999999999998,310.96,0.1,-4.109500000000001,2.8209999999999997,0.0325,310.958,0.1,-4.132,2.762,0.025,310.96,0.1,-4.1685,2.6935000000000002,-0.006,310.964,0.1,-4.1955,2.6355,-0.036000000000000004,310.964,0.1,-4.1955,2.596,-0.0405,310.958,0.1,-4.176,2.5709999999999997,-0.028999999999999998,310.951,0.1,-4.157,2.5555000000000003,-0.019000000000000003,310.945,0.1,-4.146000000000001,2.5300000000000002,-0.010499999999999999,310.942,0.1,
-4.099,3.1639999999999997,0.1295,310.953,0.1,-4.103,3.1065,0.13,310.955,0.1,-4.111,3.0324999999999998,0.1175,310.959,0.1,-4.121499999999999,2.956,0.0875,310.963,0.1,-4.131,2.8935,0.055999999999999994,310.964,0.1,-4.1365,2.8505000000000003,0.037500000000000006,310.962,0.1,-4.138999999999999,2.8195,0.035500000000000004,310.957,0.1,-4.1455,2.79,0.046,310.954,0.1,-4.166,2.751,0.057499999999999996,310.954,0.1,-4.2015,2.698,0.053000000000000005,310.957,0.1,-4.237,2.6435000000000004,0.022,310.959,0.1,-4.2475000000000005,2.607,-0.017,310.954,0.1,-4.220000000000001,2.5925000000000002,-0.039,310.942,0.1,-4.170999999999999,2.59,-0.045,310.929,0.1,-4.1315,2.5895,-0.046,310.918,0.1,-4.117,2.573,-0.039,310.914,0.1,
-4.131,3.116,0.1525,310.951,0.1,-4.1434999999999995,3.0469999999999997,0.166,310.953,0.1,-4.1585,2.968,0.163,310.957,0.1,-4.1705000000000005,2.893,0.1365,310.96,0.1,-4.1765,2.8369999999999997,0.1,310.959,0.1,-4.179,2.8,0.076,310.954,0.1,-4.1850000000000005,2.7695,0.07050000000000001,310.949,0.1,-4.2010000000000005,2.7350000000000003,0.0775,310.948,0.1,-4.229,2.6905,0.08399999999999999,310.95,0.1,-4.2645,2.6384999999999996,0.077,310.953,0.1,-4.2925,2.5925000000000002,0.047,310.953,0.1,-4.291499999999999,2.569,0.006,310.946,0.1,-4.252,2.5665,-0.0265,310.935,0.1,-4.191,2.5705,-0.0495,310.923,0.1,-4.1385000000000005,2.574,-0.0655,310.913,0.1,-4.1129999999999995,2.567,-0.07050000000000001,310.908,0.1,
-4.165,3.0625,0.1645,310.945,0.1,-4.1850000000000005,2.992,0.1835,310.947,0.1,-4.2075,2.915,0.1905,310.95,0.1,-4.2275,2.8485,0.174,310.952,0.1,-4.2395,2.801,0.145,310.949,0.1,-4.2455,2.768,0.122,310.944,0.1,-4.254,2.7344999999999997,0.111,310.942,0.1,-4.271,2.691,0.111,310.943,0.1,-4.295,2.6384999999999996,0.1105,310.945,0.1,-4.3205,2.5845000000000002,0.0975,310.947,0.1,-4.3385,2.5404999999999998,0.068,310.946,0.1,-4.333500000000001,2.5185,0.0305,310.942,0.1,-4.297000000000001,2.5149999999999997,-0.0025,310.936,0.1,-4.24,2.5145,-0.0305,310.93,0.1,-4.1845,2.5135,-0.0575,310.924,0.1,-4.1465,2.51,-0.078,310.919,0.1,
-4.2085,2.988,0.1575,310.934,0.1,-4.2355,2.931,0.1755,310.934,0.1,-4.2635000000000005,2.8674999999999997,0.191,310.938,0.1,-4.2885,2.8135,0.1905,310.939,0.1,-4.307,2.7705,0.177,310.938,0.1,-4.318,2.734,0.161,310.936,0.1,-4.327500000000001,2.6935000000000002,0.147,310.935,0.1,-4.341,2.642,0.14,310.937,0.1,-4.3565000000000005,2.5854999999999997,0.1335,310.939,0.1,-4.369,2.532,0.11649999999999999,310.94,0.1,-4.372999999999999,2.4885,0.08449999999999999,310.94,0.1,-4.3614999999999995,2.4610000000000003,0.05,310.94,0.1,-4.3309999999999995,2.4459999999999997,0.0245,310.939,0.1,-4.2865,2.433,0.005,310.938,0.1,-4.241,2.422,-0.0195,310.937,0.1,-4.2044999999999995,2.417,-0.052500000000000005,310.934,0.1,
-4.300000000000001,2.8775000000000004,0.1495,310.936,0.1,-4.3255,2.843,0.1615,310.933,0.1,-4.35,2.802,0.1785,310.933,0.1,-4.372,2.7625,0.189,310.933,0.1,-4.391,2.723,0.191,310.932,0.1,-4.4030000000000005,2.681,0.185,310.932,0.1,-4.4115,2.632,0.1735,310.932,0.1,-4.4205000000000005,2.5785,0.1645,310.934,0.1,-4.4275,2.525,0.1565,310.936,0.1,-4.427,2.476,0.1375,310.939,0.1,-4.416,2.434,0.105,310.941,0.1,-4.394500000000001,2.3994999999999997,0.0715,310.943,0.1,-4.3655,2.3689999999999998,0.054,310.945,0.1,-4.334,2.3395,0.0455,310.947,0.1,-4.3035,2.318,0.028999999999999998,310.946,0.1,-4.2765,2.3125,-0.008,310.943,0.1,
-4.4535,2.7695,0.163,310.952,0.1,-4.47,2.7525,0.167,310.945,0.1,-4.484,2.7275,0.1765,310.941,0.1,-4.4945,2.698,0.1865,310.937,0.1,-4.502,2.6630000000000003,0.1925,310.934,0.1,-4.506,2.621,0.1925,310.933,0.1,-4.5075,2.5709999999999997,0.1885,310.933,0.1,-4.509,2.5215,0.185,310.935,0.1,-4.5095,2.474,0.1795,310.939,0.1,-4.503,2.4290000000000003,0.163,310.943,0.1,-4.484999999999999,2.3890000000000002,0.1335,310.946,0.1,-4.458,2.3499999999999996,0.103,310.948,0.1,-4.429,2.308,0.0875,310.95,0.1,-4.4015,2.2655,0.0835,310.951,0.1,-4.3740000000000006,2.2350000000000003,0.07150000000000001,310.949,0.1,-4.3475,2.2265,0.039,310.942,0.1,
-4.5625,2.73,0.203,310.955,0.1,-4.5785,2.7115,0.197,310.948,0.1,-4.593,2.685,0.197,310.943,0.1,-4.5985,2.6555,0.197,310.938,0.1,-4.590999999999999,2.623,0.1955,310.933,0.1,-4.573499999999999,2.5875,0.195,310.928,0.1,-4.5545,2.548,0.196,310.927,0.1,-4.545,2.5055,0.197,310.929,0.1,-4.548,2.459,0.195,310.933,0.1,-4.5525,2.4135,0.1855,310.938,0.1,-4.545999999999999,2.3754999999999997,0.1655,310.942,0.1,-4.525499999999999,2.338,0.1415,310.943,0.1,-4.4955,2.2925,0.1265,310.944,0.1,-4.461,2.2415000000000003,0.1185,310.944,0.1,-4.4265,2.2005,0.104,310.94,0.1,-4.3995,2.1795,0.0715,310.933,0.1,
-4.547499999999999,2.768,0.266,310.935,0.1,-4.5735,2.733,0.2515,310.932,0.1,-4.603,2.6950000000000003,0.2415,310.931,0.1,-4.6195,2.6615,0.2285,310.928,0.1,-4.609999999999999,2.6305,0.2165,310.922,0.1,-4.576499999999999,2.602,0.209,310.914,0.1,-4.537,2.5715,0.206,310.909,0.1,-4.5169999999999995,2.5315000000000003,0.2045,310.909,0.1,-4.5265,2.482,0.2015,310.915,0.1,-4.5495,2.4355,0.1975,310.921,0.1,-4.5634999999999994,2.4005,0.1915,310.924,0.1,-4.5575,2.368,0.18,310.924,0.1,-4.533,2.3235,0.1695,310.924,0.1,-4.497,2.2665,0.1565,310.924,0.1,-4.459,2.214,0.131,310.92,0.1,-4.4315,2.1775,0.091,310.913,0.1,
-4.4615,2.8529999999999998,0.341,310.907,0.1,-4.4935,2.8040000000000003,0.3215,310.907,0.1,-4.5329999999999995,2.7595,0.3015,310.908,0.1,-4.564,2.724,0.2785,310.904,0.1,-4.57,2.692,0.2575,310.898,0.1,-4.5465,2.6615,0.242,310.892,0.1,-4.51,2.6275,0.23,310.887,0.1,-4.4875,2.5835,0.219,310.887,0.1,-4.493499999999999,2.534,0.2075,310.892,0.1,-4.519,2.492,0.2025,310.897,0.1,-4.542999999999999,2.463,0.2065,310.899,0.1,-4.552,2.434,0.211,310.898,0.1,-4.542,2.3895,0.21,310.896,0.1,-4.514,2.329,0.1955,310.895,0.1,-4.474500000000001,2.2705,0.1605,310.892,0.1,-4.4355,2.2285000000000004,0.11,310.887,0.1,
-4.346,2.904,0.40549999999999997,310.871,0.1,-4.3725000000000005,2.851,0.383,310.871,0.1,-4.412,2.806,0.356,310.869,0.1,-4.453,2.77,0.331,310.865,0.1,-4.4805,2.736,0.308,310.861,0.1,-4.484,2.701,0.2875,310.859,0.1,-4.4670000000000005,2.662,0.265,310.859,0.1,-4.4465,2.615,0.239,310.861,0.1,-4.438,2.567,0.2135,310.865,0.1,-4.4455,2.529,0.2,310.866,0.1,-4.464,2.504,0.206,310.864,0.1,-4.483,2.476,0.2205,310.861,0.1,-4.4905,2.431,0.2305,310.86,0.1,-4.4775,2.369,0.2205,310.861,0.1,-4.4425,2.31,0.1835,310.861,0.1,-4.3965,2.269,0.1275,310.86,0.1,
-4.2405,2.841,0.0785,311.114,0.1,-4.2295,2.8194999999999997,0.0535,311.107,0.1,-4.2485,2.809,0.051000000000000004,311.099,0.1,-4.29,2.7904999999999998,0.064,311.094,0.1,-4.33,2.747,0.082,311.093,0.1,-4.346500000000001,2.6870000000000003,0.0895,311.094,0.1,-4.335000000000001,2.6334999999999997,0.08,311.093,0.1,-4.305,2.5949999999999998,0.059,311.089,0.1,-4.27,2.5735,0.027999999999999997,311.082,0.1,-4.2415,2.5595,-0.01,311.074,0.1,-4.221500000000001,2.5365,-0.035500000000000004,311.068,0.1,-4.2044999999999995,2.4935,-0.0325,311.065,0.1,-4.189,2.4314999999999998,-0.0215,311.065,0.1,-4.1745,2.37,-0.013000000000000001,311.063,0.1,-4.156499999999999,2.318,-0.001,311.059,0.1,-4.134,2.2675,-0.0035,311.057,0.1,
-4.256,2.8289999999999997,0.095,311.1,0.1,-4.23,2.8025,0.056,311.092,0.1,-4.2364999999999995,2.7895,0.0405,311.081,0.1,-4.276,2.7775,0.048,311.07,0.1,-4.321999999999999,2.7504999999999997,0.0645,311.067,0.1,-4.345,2.709,0.0725,311.067,0.1,-4.335,2.6639999999999997,0.0655,311.068,0.1,-4.3004999999999995,2.622,0.048,311.067,0.1,-4.258,2.591,0.0215,311.063,0.1,-4.225,2.566,-0.0135,311.056,0.1,-4.212,2.5265,-0.0395,311.051,0.1,-4.2165,2.4635,-0.04,311.051,0.1,-4.2295,2.377,-0.032,311.056,0.1,-4.24,2.2885,-0.0285,311.061,0.1,-4.2325,2.225,-0.0195,311.059,0.1,-4.204000000000001,2.192,-0.015,311.053,0.1,
-4.2565,2.834,0.094,311.077,0.1,-4.2275,2.8040000000000003,0.0515,311.07,0.1,-4.229,2.7809999999999997,0.03,311.06,0.1,-4.2655,2.7615,0.031,311.051,0.1,-4.3125,2.7405,0.041499999999999995,311.046,0.1,-4.339499999999999,2.7135,0.0445,311.047,0.1,-4.334,2.677,0.037,311.049,0.1,-4.3025,2.6345,0.026000000000000002,311.051,0.1,-4.264,2.595,0.0095,311.049,0.1,-4.2415,2.5519999999999996,-0.0195,311.044,0.1,-4.2445,2.49,-0.0455,311.041,0.1,-4.266,2.409,-0.048,311.043,0.1,-4.296,2.311,-0.038,311.05,0.1,-4.319,2.212,-0.032,311.057,0.1,-4.3155,2.1465,-0.023,311.058,0.1,-4.2835,2.1245,-0.0165,311.051,0.1,
-4.266500000000001,2.8369999999999997,0.0865,311.056,0.1,-4.2425,2.8049999999999997,0.0495,311.05,0.1,-4.243,2.771,0.027,311.044,0.1,-4.274,2.737,0.022,311.039,0.1,-4.317,2.71,0.024,311.037,0.1,-4.346500000000001,2.6865,0.0215,311.038,0.1,-4.3485,2.6565000000000003,0.014499999999999999,311.04,0.1,-4.327,2.617,0.010499999999999999,311.042,0.1,-4.301500000000001,2.572,0.0055,311.041,0.1,-4.2940000000000005,2.5134999999999996,-0.0145,311.037,0.1,-4.3085,2.4355,-0.041999999999999996,311.036,0.1,-4.334,2.349,-0.0505,311.036,0.1,-4.361,2.2595,-0.03949999999999999,311.04,0.1,-4.379,2.1755,-0.026500000000000003,311.046,0.1,-4.3745,2.121,-0.015,311.047,0.1,-4.346500000000001,2.0995,-0.008,311.041,0.1,
-4.304,2.828,0.0915,311.042,0.1,-4.287,2.7935,0.0635,311.038,0.1,-4.288,2.7489999999999997,0.041999999999999996,311.036,0.1,-4.3125,2.7,0.028,311.035,0.1,-4.3475,2.66,0.02,311.036,0.1,-4.3735,2.6310000000000002,0.013000000000000001,311.037,0.1,-4.379,2.604,0.0085,311.038,0.1,-4.3675,2.5705,0.011,311.037,0.1,-4.355,2.525,0.0165,311.034,0.1,-4.358499999999999,2.4615,0.004999999999999999,311.03,0.1,-4.378,2.383,-0.0245,311.029,0.1,-4.3975,2.3075,-0.045,311.028,0.1,-4.4065,2.2415000000000003,-0.0395,311.027,0.1,-4.405,2.1879999999999997,-0.0235,311.026,0.1,-4.395,2.152,-0.010499999999999999,311.024,0.1,-4.3774999999999995,2.1254999999999997,-0.0025,311.021,0.1,
-4.362,2.8034999999999997,0.1105,311.033,0.1,-4.355,2.7645,0.0955,311.032,0.1,-4.356999999999999,2.7104999999999997,0.0765,311.033,0.1,-4.371499999999999,2.6505,0.053000000000000005,311.035,0.1,-4.393,2.5995,0.033,311.036,0.1,-4.409,2.5635,0.0205,311.036,0.1,-4.412,2.5355,0.018000000000000002,311.034,0.1,-4.406000000000001,2.5069999999999997,0.027,311.029,0.1,-4.4045000000000005,2.466,0.039,311.025,0.1,-4.4175,2.4085,0.033,311.023,0.1,-4.438000000000001,2.3434999999999997,0.0015,311.021,0.1,-4.446,2.2889999999999997,-0.0335,311.017,0.1,-4.4315,2.25,-0.0435,311.01,0.1,-4.4055,2.2235,-0.0345,311.002,0.1,-4.386,2.2045,-0.0235,310.996,0.1,-4.379,2.1765,-0.013000000000000001,310.994,0.1,
-4.4190000000000005,2.763,0.1345,311.026,0.1,-4.422499999999999,2.7165,0.136,311.027,0.1,-4.4285,2.6559999999999997,0.124,311.029,0.1,-4.4350000000000005,2.5915,0.0945,311.032,0.1,-4.4395,2.5380000000000003,0.062,311.032,0.1,-4.441,2.5,0.042499999999999996,311.029,0.1,-4.4395,2.471,0.04,311.024,0.1,-4.439,2.4429999999999996,0.052000000000000005,311.019,0.1,-4.448,2.4050000000000002,0.065,311.016,0.1,-4.468500000000001,2.356,0.061,311.014,0.1,-4.4885,2.3064999999999998,0.028,311.012,0.1,-4.487,2.2725,-0.0155,311.005,0.1,-4.4544999999999995,2.2545,-0.043,310.994,0.1,-4.4085,2.2439999999999998,-0.051000000000000004,310.984,0.1,-4.378,2.2344999999999997,-0.0505,310.976,0.1,-4.3740000000000006,2.2125,-0.041499999999999995,310.974,0.1,
-4.468999999999999,2.7155,0.158,311.02,0.1,-4.479,2.66,0.1725,311.021,0.1,-4.49,2.5955,0.17049999999999998,311.024,0.1,-4.496,2.533,0.14300000000000002,311.026,0.1,-4.4945,2.484,0.1045,311.024,0.1,-4.4885,2.45,0.0785,311.018,0.1,-4.484500000000001,2.4210000000000003,0.0735,311.013,0.1,-4.4885,2.388,0.0825,311.009,0.1,-4.503,2.347,0.0905,311.007,0.1,-4.526,2.3005,0.08349999999999999,311.006,0.1,-4.5455,2.2590000000000003,0.052500000000000005,311.003,0.1,-4.5425,2.237,0.008,310.996,0.1,-4.5075,2.23,-0.028,310.986,0.1,-4.4559999999999995,2.2264999999999997,-0.053,310.977,0.1,-4.416,2.221,-0.0685,310.97,0.1,-4.402,2.2085,-0.0715,310.966,0.1,
-4.5145,2.6685,0.17099999999999999,311.012,0.1,-4.531000000000001,2.6100000000000003,0.1905,311.012,0.1,-4.548500000000001,2.545,0.1975,311.014,0.1,-4.562,2.488,0.18,311.014,0.1,-4.5665,2.444,0.149,311.011,0.1,-4.5634999999999994,2.413,0.124,311.005,0.1,-4.561,2.3815,0.1135,311.001,0.1,-4.566,2.341,0.1145,310.998,0.1,-4.579,2.2935,0.11549999999999999,310.997,0.1,-4.5965,2.245,0.10250000000000001,310.995,0.1,-4.612,2.2045000000000003,0.07200000000000001,310.992,0.1,-4.6115,2.1835,0.0335,310.987,0.1,-4.5845,2.1775,-0.001,310.981,0.1,-4.5395,2.1745,-0.03,310.975,0.1,-4.496,2.1704999999999997,-0.0565,310.969,0.1,-4.4670000000000005,2.1654999999999998,-0.0755,310.964,0.1,
-4.568,2.606,0.166,311.0,0.1,-4.5915,2.557,0.183,310.998,0.1,-4.6155,2.5004999999999997,0.197,310.999,0.1,-4.635999999999999,2.4515000000000002,0.1955,310.998,0.1,-4.6485,2.4105,0.1805,310.995,0.1,-4.651,2.3765,0.1635,310.99,0.1,-4.6505,2.339,0.149,310.987,0.1,-4.654,2.2925,0.1425,310.985,0.1,-4.661,2.242,0.137,310.983,0.1,-4.6690000000000005,2.193,0.1195,310.981,0.1,-4.6745,2.1525,0.0875,310.979,0.1,-4.6695,2.1265,0.0525,310.976,0.1,-4.6475,2.113,0.027,310.973,0.1,-4.6114999999999995,2.104,0.0085,310.97,0.1,-4.572,2.098,-0.015,310.966,0.1,-4.537,2.0975,-0.0475,310.961,0.1,
-4.667999999999999,2.5105000000000004,0.1585,310.994,0.1,-4.6915,2.48,0.16849999999999998,310.99,0.1,-4.7125,2.4415,0.184,310.988,0.1,-4.73,2.4044999999999996,0.1935,310.985,0.1,-4.742000000000001,2.367,0.1945,310.981,0.1,-4.746,2.328,0.187,310.978,0.1,-4.746,2.2835,0.175,310.975,0.1,-4.7475000000000005,2.2355,0.167,310.973,0.1,-4.749499999999999,2.189,0.1595,310.971,0.1,-4.7475000000000005,2.145,0.14,310.97,0.1,-4.737500000000001,2.1075,0.1065,310.969,0.1,-4.718,2.077,0.0725,310.968,0.1,-4.691000000000001,2.053,0.056,310.967,0.1,-4.66,2.0324999999999998,0.049,310.965,0.1,-4.6274999999999995,2.021,0.0345,310.963,0.1,-4.5954999999999995,2.0220000000000002,-0.002,310.958,0.1,
-4.8235,2.414,0.17049999999999998,310.997,0.1,-4.837,2.3985000000000003,0.173,310.99,0.1,-4.8465,2.3760000000000003,0.182,310.985,0.1,-4.8505,2.349,0.1915,310.979,0.1,-4.85,2.3165,0.1955,310.974,0.1,-4.846500000000001,2.277,0.1935,310.97,0.1,-4.841,2.232,0.1895,310.967,0.1,-4.837,2.1879999999999997,0.1875,310.964,0.1,-4.835,2.1475,0.183,310.964,0.1,-4.8275,2.11,0.167,310.963,0.1,-4.807499999999999,2.0775,0.136,310.964,0.1,-4.7765,2.0475000000000003,0.1035,310.964,0.1,-4.741,2.016,0.088,310.964,0.1,-4.7055,1.9845000000000002,0.08499999999999999,310.962,0.1,-4.670999999999999,1.964,0.0745,310.959,0.1,-4.638999999999999,1.9605000000000001,0.043,310.953,0.1,
-4.9305,2.375,0.209,310.992,0.1,-4.9395,2.3605,0.203,310.984,0.1,-4.946,2.3405,0.20350000000000001,310.978,0.1,-4.944000000000001,2.3155,0.2025,310.972,0.1,-4.9295,2.2859999999999996,0.1985,310.966,0.1,-4.906,2.252,0.195,310.96,0.1,-4.8825,2.216,0.1955,310.956,0.1,-4.869,2.178,0.199,310.954,0.1,-4.869,2.1395,0.1995,310.954,0.1,-4.871,2.104,0.1905,310.955,0.1,-4.859500000000001,2.076,0.169,310.955,0.1,-4.83,2.0505,0.1425,310.956,0.1,-4.7885,2.017,0.1255,310.956,0.1,-4.743,1.978,0.1175,310.954,0.1,-4.7005,1.946,0.1035,310.95,0.1,-4.668,1.9289999999999998,0.0725,310.943,0.1,
-4.917,2.407,0.268,310.972,0.1,-4.932,2.382,0.255,310.968,0.1,-4.9505,2.3545,0.2465,310.964,0.1,-4.9585,2.3275,0.23299999999999998,310.959,0.1,-4.9445,2.299,0.2175,310.952,0.1,-4.9079999999999995,2.271,0.2075,310.945,0.1,-4.8655,2.242,0.20400000000000001,310.938,0.1,-4.8415,2.207,0.204,310.936,0.1,-4.8454999999999995,2.1665,0.203,310.938,0.1,-4.862500000000001,2.1310000000000002,0.201,310.94,0.1,-4.869,2.1065,0.194,310.941,0.1,-4.8535,2.085,0.18,310.94,0.1,-4.818,2.0525,0.167,310.939,0.1,-4.771000000000001,2.0085,0.153,310.936,0.1,-4.724,1.9655,0.127,310.931,0.1,-4.689,1.934,0.0875,310.923,0.1,
-4.836,2.4885,0.337,310.948,0.1,-4.8545,2.4530000000000003,0.32,310.946,0.1,-4.8825,2.42,0.302,310.943,0.1,-4.9055,2.391,0.279,310.938,0.1,-4.907,2.3615,0.2565,310.931,0.1,-4.8805,2.3325,0.2395,310.924,0.1,-4.8405000000000005,2.3005,0.2265,310.918,0.1,-4.8125,2.2625,0.215,310.916,0.1,-4.8115,2.222,0.20450000000000002,310.918,0.1,-4.829,2.1895,0.201,310.92,0.1,-4.8454999999999995,2.169,0.2055,310.92,0.1,-4.8465,2.149,0.209,310.916,0.1,-4.8275,2.1159999999999997,0.206,310.912,0.1,-4.79,2.068,0.19,310.908,0.1,-4.742,2.0185,0.153,310.902,0.1,-4.696,1.9815,0.10200000000000001,310.894,0.1,
-4.731,2.539,0.3965,310.919,0.1,-4.745,2.5,0.377,310.917,0.1,-4.7735,2.466,0.3525,310.913,0.1,-4.806,2.436,0.3285,310.908,0.1,-4.8260000000000005,2.405,0.3055,310.902,0.1,-4.823,2.373,0.2845,310.898,0.1,-4.8004999999999995,2.337,0.261,310.895,0.1,-4.7745,2.296,0.23299999999999998,310.895,0.1,-4.7595,2.257,0.20650000000000002,310.896,0.1,-4.761,2.227,0.194,310.896,0.1,-4.7735,2.209,0.202,310.892,0.1,-4.7855,2.189,0.2175,310.885,0.1,-4.7855,2.155,0.227,310.88,0.1,-4.763999999999999,2.105,0.2155,310.875,0.1,-4.721,2.054,0.1765,310.871,0.1,-4.668,2.017,0.1185,310.867,0.1,
-4.4830000000000005,2.463,0.0795,311.182,0.1,-4.4755,2.4450000000000003,0.0565,311.174,0.1,-4.4990000000000006,2.4365,0.056999999999999995,311.167,0.1,-4.5440000000000005,2.421,0.07200000000000001,311.162,0.1,-4.583,2.3819999999999997,0.0885,311.162,0.1,-4.595000000000001,2.327,0.0925,311.162,0.1,-4.579000000000001,2.2735,0.08,311.161,0.1,-4.545,2.229,0.0565,311.157,0.1,-4.5055,2.1975,0.0245,311.152,0.1,-4.4715,2.1745,-0.0135,311.146,0.1,-4.4465,2.146,-0.038,311.143,0.1,-4.428,2.101,-0.0335,311.142,0.1,-4.415,2.0374999999999996,-0.018500000000000003,311.142,0.1,-4.406000000000001,1.9740000000000002,-0.0055,311.14,0.1,-4.3955,1.9224999999999999,0.006500000000000001,311.134,0.1,-4.380000000000001,1.8775,0.001,311.128,0.1,
-4.5115,2.4515000000000002,0.094,311.165,0.1,-4.4865,2.4265,0.0555,311.157,0.1,-4.493,2.414,0.0435,311.148,0.1,-4.531000000000001,2.4029999999999996,0.0545,311.142,0.1,-4.5735,2.3785,0.07150000000000001,311.14,0.1,-4.5915,2.3385,0.076,311.141,0.1,-4.5785,2.2925,0.0645,311.141,0.1,-4.5425,2.2455,0.0445,311.14,0.1,-4.497999999999999,2.2089999999999996,0.018000000000000002,311.136,0.1,-4.464,2.178,-0.016,311.131,0.1,-4.452500000000001,2.1355,-0.039,311.128,0.1,-4.462,2.0715,-0.036000000000000004,311.127,0.1,-4.482,1.9865,-0.024,311.13,0.1,-4.4985,1.9035000000000002,-0.0185,311.13,0.1,-4.496499999999999,1.8475,-0.011,311.124,0.1,-4.4719999999999995,1.8225,-0.01,311.116,0.1,
-4.525,2.452,0.092,311.145,0.1,-4.494,2.4219999999999997,0.05,311.139,0.1,-4.491,2.399,0.0315,311.132,0.1,-4.522,2.3804999999999996,0.037000000000000005,311.126,0.1,-4.5649999999999995,2.3609999999999998,0.049,311.124,0.1,-4.5905000000000005,2.3345000000000002,0.0495,311.124,0.1,-4.5855,2.298,0.0375,311.125,0.1,-4.5555,2.2535,0.0245,311.125,0.1,-4.52,2.2119999999999997,0.0085,311.123,0.1,-4.5024999999999995,2.166,-0.018000000000000002,311.119,0.1,-4.5120000000000005,2.1014999999999997,-0.040499999999999994,311.116,0.1,-4.5395,2.0205,-0.040499999999999994,311.116,0.1,-4.5715,1.928,-0.029,311.117,0.1,-4.5915,1.8410000000000002,-0.0235,311.117,0.1,-4.5835,1.7879999999999998,-0.016,311.112,0.1,-4.547499999999999,1.775,-0.012,311.103,0.1,
-4.545,2.449,0.08549999999999999,311.128,0.1,-4.5169999999999995,2.4165,0.0485,311.124,0.1,-4.511,2.383,0.0285,311.119,0.1,-4.536,2.352,0.028,311.116,0.1,-4.577,2.328,0.0325,311.115,0.1,-4.608499999999999,2.307,0.0285,311.115,0.1,-4.6145,2.2785,0.018000000000000002,311.116,0.1,-4.598000000000001,2.24,0.012,311.116,0.1,-4.5795,2.1945,0.0075,311.114,0.1,-4.579000000000001,2.1334999999999997,-0.01,311.11,0.1,-4.5969999999999995,2.054,-0.0345,311.107,0.1,-4.6195,1.9695,-0.042499999999999996,311.103,0.1,-4.6365,1.888,-0.0335,311.1,0.1,-4.640499999999999,1.8165,-0.022,311.098,0.1,-4.6240000000000006,1.774,-0.012,311.094,0.1,-4.5885,1.7605,-0.006500000000000001,311.087,0.1,
-4.5920000000000005,2.4349999999999996,0.0925,311.118,0.1,-4.5715,2.402,0.064,311.114,0.1,-4.567,2.3609999999999998,0.0445,311.112,0.1,-4.5875,2.3179999999999996,0.034,311.111,0.1,-4.623,2.284,0.0285,311.111,0.1,-4.6530000000000005,2.2595,0.021,311.111,0.1,-4.6635,2.2355,0.014,311.111,0.1,-4.657,2.2035,0.015,311.109,0.1,-4.6495,2.1580000000000004,0.020999999999999998,311.105,0.1,-4.654,2.0934999999999997,0.0115,311.099,0.1,-4.666,2.016,-0.017,311.094,0.1,-4.6705,1.9435,-0.0395,311.087,0.1,-4.662,1.8835,-0.0385,311.081,0.1,-4.6455,1.8365,-0.025,311.075,0.1,-4.625500000000001,1.806,-0.012,311.07,0.1,-4.604,1.783,-0.0035,311.067,0.1,
-4.664,2.4059999999999997,0.114,311.109,0.1,-4.654999999999999,2.373,0.099,311.107,0.1,-4.654,2.328,0.0815,311.107,0.1,-4.666,2.2775,0.059,311.107,0.1,-4.6865000000000006,2.2344999999999997,0.040499999999999994,311.107,0.1,-4.704000000000001,2.204,0.027,311.106,0.1,-4.709,2.1795,0.0235,311.103,0.1,-4.704000000000001,2.1515000000000004,0.0325,311.098,0.1,-4.6995000000000005,2.1109999999999998,0.045,311.092,0.1,-4.702999999999999,2.0555,0.039999999999999994,311.086,0.1,-4.707,1.9939999999999998,0.0075,311.079,0.1,-4.6965,1.9425,-0.031,311.07,0.1,-4.6675,1.9045,-0.0465,311.061,0.1,-4.634,1.876,-0.039999999999999994,311.053,0.1,-4.6145,1.853,-0.027999999999999997,311.048,0.1,-4.6115,1.823,-0.015,311.047,0.1,
-4.7395,2.362,0.14,311.099,0.1,-4.7425,2.3265000000000002,0.14200000000000002,311.099,0.1,-4.7455,2.2794999999999996,0.1305,311.1,0.1,-4.747999999999999,2.227,0.101,311.1,0.1,-4.7485,2.1825,0.0675,311.099,0.1,-4.746,2.1495,0.0465,311.096,0.1,-4.7395,2.1225,0.044,311.091,0.1,-4.732,2.095,0.056999999999999995,311.085,0.1,-4.73,2.0585,0.07200000000000001,311.078,0.1,-4.7355,2.0135,0.068,311.071,0.1,-4.74,1.9695,0.0335,311.064,0.1,-4.727,1.938,-0.014499999999999999,311.055,0.1,-4.69,1.9169999999999998,-0.047,311.046,0.1,-4.647,1.8984999999999999,-0.056999999999999995,311.039,0.1,-4.6245,1.8795,-0.055,311.034,0.1,-4.6305,1.8515000000000001,-0.044,311.033,0.1,
-4.8065,2.3150000000000004,0.164,311.089,0.1,-4.8149999999999995,2.2729999999999997,0.1795,311.09,0.1,-4.822,2.223,0.1775,311.091,0.1,-4.8215,2.1725,0.149,311.091,0.1,-4.811999999999999,2.1315,0.1085,311.088,0.1,-4.797499999999999,2.1,0.081,311.083,0.1,-4.784,2.072,0.076,311.077,0.1,-4.7765,2.0410000000000004,0.0865,311.07,0.1,-4.7780000000000005,2.003,0.0965,311.064,0.1,-4.788,1.9615,0.09,311.059,0.1,-4.7985,1.9255,0.057499999999999996,311.053,0.1,-4.792999999999999,1.9049999999999998,0.010499999999999999,311.045,0.1,-4.762499999999999,1.8940000000000001,-0.03,311.038,0.1,-4.721,1.883,-0.0565,311.032,0.1,-4.6935,1.869,-0.07100000000000001,311.027,0.1,-4.6915,1.85,-0.0725,311.023,0.1,
-4.8645,2.2744999999999997,0.177,311.079,0.1,-4.877000000000001,2.2279999999999998,0.197,311.078,0.1,-4.8895,2.175,0.20400000000000001,311.078,0.1,-4.8965,2.1265,0.186,311.076,0.1,-4.8934999999999995,2.088,0.1525,311.072,0.1,-4.8815,2.058,0.126,311.066,0.1,-4.8685,2.0285,0.1155,311.059,0.1,-4.8615,1.9915,0.1175,311.054,0.1,-4.8629999999999995,1.949,0.1195,311.048,0.1,-4.8725,1.9055,0.107,311.043,0.1,-4.8855,1.869,0.0765,311.038,0.1,-4.889,1.8485,0.037000000000000005,311.032,0.1,-4.8715,1.84,0.0005,311.026,0.1,-4.839,1.8345,-0.03,311.02,0.1,-4.808,1.828,-0.0555,311.014,0.1,-4.788,1.8215,-0.074,311.008,0.1,
-4.927,2.2245,0.1735,311.066,0.1,-4.9475,2.183,0.19,311.062,0.1,-4.9670000000000005,2.1334999999999997,0.2025,311.06,0.1,-4.9825,2.0885,0.2,311.056,0.1,-4.989,2.051,0.1835,311.051,0.1,-4.984,2.019,0.1655,311.045,0.1,-4.974,1.9845000000000002,0.1505,311.039,0.1,-4.9670000000000005,1.9435,0.145,311.033,0.1,-4.965999999999999,1.8985,0.14,311.028,0.1,-4.97,1.855,0.1225,311.023,0.1,-4.976,1.8170000000000002,0.0905,311.018,0.1,-4.9765,1.7919999999999998,0.055,311.013,0.1,-4.963,1.78,0.028999999999999998,311.007,0.1,-4.936,1.7745000000000002,0.011,311.002,0.1,-4.9030000000000005,1.774,-0.0115,310.995,0.1,-4.8695,1.778,-0.043,310.988,0.1,
-5.0355,2.144,0.1665,311.053,0.1,-5.057499999999999,2.1165000000000003,0.175,311.047,0.1,-5.074999999999999,2.081,0.189,311.042,0.1,-5.0875,2.0454999999999997,0.1975,311.036,0.1,-5.093500000000001,2.0105,0.1975,311.03,0.1,-5.09,1.975,0.189,311.024,0.1,-5.0815,1.935,0.1765,311.018,0.1,-5.075,1.8935,0.169,311.012,0.1,-5.072,1.852,0.162,311.007,0.1,-5.068,1.8145,0.142,311.002,0.1,-5.059,1.7805,0.1075,310.997,0.1,-5.042,1.7545,0.073,310.993,0.1,-5.0165,1.737,0.057,310.989,0.1,-4.9855,1.726,0.052,310.984,0.1,-4.9510000000000005,1.7235,0.039,310.979,0.1,-4.914,1.7315,0.0035,310.973,0.1,
-5.193,2.058,0.1775,311.043,0.1,-5.204000000000001,2.044,0.179,311.035,0.1,-5.2085,2.0244999999999997,0.1875,311.028,0.1,-5.2059999999999995,1.9994999999999998,0.1955,311.021,0.1,-5.198,1.9689999999999999,0.198,311.014,0.1,-5.1865,1.9335,0.1945,311.007,0.1,-5.1745,1.8935,0.19,311.0,0.1,-5.166,1.855,0.1895,310.994,0.1,-5.161,1.8210000000000002,0.1865,310.989,0.1,-5.1525,1.7915,0.17,310.984,0.1,-5.131,1.766,0.137,310.981,0.1,-5.095,1.7445,0.103,310.979,0.1,-5.052,1.724,0.087,310.977,0.1,-5.009,1.7045,0.08549999999999999,310.974,0.1,-4.968,1.6925,0.077,310.97,0.1,-4.93,1.6945000000000001,0.0465,310.964,0.1,
-5.298,2.019,0.214,311.028,0.1,-5.300000000000001,2.0095,0.2085,311.021,0.1,-5.2989999999999995,1.9955,0.2095,311.013,0.1,-5.2895,1.9755,0.207,311.006,0.1,-5.2684999999999995,1.9485000000000001,0.2005,310.999,0.1,-5.239,1.9169999999999998,0.1945,310.992,0.1,-5.2105,1.8835,0.1945,310.985,0.1,-5.1935,1.8505,0.2,310.979,0.1,-5.191,1.8205,0.203,310.974,0.1,-5.1905,1.795,0.195,310.971,0.1,-5.1735,1.7774999999999999,0.17149999999999999,310.969,0.1,-5.134,1.7625000000000002,0.142,310.969,0.1,-5.0805,1.742,0.1235,310.968,0.1,-5.0245,1.7149999999999999,0.1155,310.965,0.1,-4.9745,1.6915,0.10200000000000001,310.96,0.1,-4.9365000000000006,1.6789999999999998,0.073,310.953,0.1,
-5.287,2.0454999999999997,0.269,311.01,0.1,-5.289999999999999,2.031,0.2575,311.003,0.1,-5.298,2.0135,0.2505,310.997,0.1,-5.2985,1.9935,0.236,310.99,0.1,-5.279,1.968,0.2175,310.983,0.1,-5.239,1.94,0.2055,310.975,0.1,-5.194,1.912,0.2015,310.968,0.1,-5.166,1.8820000000000001,0.203,310.963,0.1,-5.1645,1.851,0.2045,310.96,0.1,-5.176,1.8265,0.20400000000000001,310.959,0.1,-5.1754999999999995,1.8130000000000002,0.196,310.957,0.1,-5.1495,1.8025,0.1795,310.955,0.1,-5.1025,1.7825,0.164,310.953,0.1,-5.045,1.7505,0.1485,310.949,0.1,-4.989,1.7175,0.1225,310.942,0.1,-4.947,1.6905000000000001,0.08349999999999999,310.932,0.1,
-5.211,2.1239999999999997,0.3325,310.99,0.1,-5.2155000000000005,2.1020000000000003,0.3175,310.985,0.1,-5.232,2.0805,0.3015,310.979,0.1,-5.247,2.0585,0.2785,310.972,0.1,-5.2435,2.032,0.2545,310.964,0.1,-5.214,2.003,0.236,310.956,0.1,-5.1705,1.9735,0.222,310.95,0.1,-5.1370000000000005,1.9415,0.21,310.946,0.1,-5.128500000000001,1.9100000000000001,0.2005,310.944,0.1,-5.139,1.8875,0.1985,310.943,0.1,-5.149,1.875,0.20400000000000001,310.94,0.1,-5.1419999999999995,1.8645,0.2065,310.935,0.1,-5.1129999999999995,1.8424999999999998,0.2015,310.928,0.1,-5.0655,1.8065,0.1835,310.921,0.1,-5.009,1.767,0.145,310.911,0.1,-4.956,1.7335,0.0935,310.902,0.1,
-5.116,2.174,0.387,310.968,0.1,-5.1175,2.149,0.3705,310.962,0.1,-5.135,2.126,0.349,310.957,0.1,-5.1585,2.103,0.325,310.95,0.1,-5.1715,2.075,0.302,310.943,0.1,-5.162,2.044,0.28049999999999997,310.937,0.1,-5.134,2.012,0.256,310.932,0.1,-5.1025,1.978,0.2265,310.93,0.1,-5.0815,1.947,0.199,310.928,0.1,-5.0765,1.926,0.1875,310.925,0.1,-5.0825,1.914,0.197,310.919,0.1,-5.088,1.902,0.214,310.91,0.1,-5.08,1.878,0.223,310.899,0.1,-5.0504999999999995,1.84,0.21,310.889,0.1,-5.0,1.798,0.16899999999999998,310.881,0.1,-4.9395,1.764,0.109,310.874,0.1,
-4.684,2.1475,0.08,311.234,0.1,-4.678,2.1319999999999997,0.059,311.226,0.1,-4.704,2.1260000000000003,0.063,311.219,0.1,-4.749499999999999,2.1145,0.08,311.216,0.1,-4.786,2.0825,0.095,311.216,0.1,-4.7940000000000005,2.034,0.095,311.216,0.1,-4.775,1.983,0.0795,311.214,0.1,-4.74,1.935,0.0535,311.211,0.1,-4.7005,1.8969999999999998,0.020999999999999998,311.206,0.1,-4.6665,1.8690000000000002,-0.017,311.201,0.1,-4.641500000000001,1.838,-0.0405,311.198,0.1,-4.623,1.7934999999999999,-0.0345,311.198,0.1,-4.6105,1.7345,-0.0155,311.197,0.1,-4.603,1.6760000000000002,0.0005,311.194,0.1,-4.595,1.6295000000000002,0.0125,311.188,0.1,-4.582,1.592,0.004,311.181,0.1,
-4.724500000000001,2.138,0.092,311.216,0.1,-4.6995000000000005,2.1145,0.054,311.208,0.1,-4.7059999999999995,2.1035000000000004,0.046,311.201,0.1,-4.742,2.0945,0.061,311.198,0.1,-4.7805,2.074,0.0785,311.197,0.1,-4.7955000000000005,2.0385,0.0795,311.199,0.1,-4.781000000000001,1.9935,0.0635,311.198,0.1,-4.746,1.9455,0.040999999999999995,311.195,0.1,-4.7044999999999995,1.9055,0.014,311.191,0.1,-4.672499999999999,1.8725,-0.018000000000000002,311.187,0.1,-4.662,1.8290000000000002,-0.039,311.184,0.1,-4.6715,1.7675,-0.0325,311.183,0.1,-4.6905,1.6905000000000001,-0.0175,311.183,0.1,-4.7059999999999995,1.619,-0.0105,311.18,0.1,-4.7045,1.5735000000000001,-0.004,311.173,0.1,-4.682,1.5554999999999999,-0.006500000000000001,311.164,0.1,
-4.749499999999999,2.1390000000000002,0.09,311.198,0.1,-4.7165,2.1095,0.047,311.192,0.1,-4.7105,2.088,0.032,311.187,0.1,-4.7379999999999995,2.0709999999999997,0.043,311.184,0.1,-4.7785,2.0535,0.057499999999999996,311.184,0.1,-4.8035,2.0300000000000002,0.0545,311.184,0.1,-4.800000000000001,1.9945,0.0385,311.184,0.1,-4.773,1.952,0.023,311.182,0.1,-4.741,1.9095,0.007,311.178,0.1,-4.726,1.8635000000000002,-0.017,311.175,0.1,-4.7355,1.8005,-0.036500000000000005,311.172,0.1,-4.76,1.7240000000000002,-0.0345,311.169,0.1,-4.785,1.642,-0.0225,311.166,0.1,-4.797000000000001,1.5699999999999998,-0.0175,311.161,0.1,-4.7844999999999995,1.5299999999999998,-0.0115,311.154,0.1,-4.7475000000000005,1.5225,-0.009000000000000001,311.145,0.1,
-4.779,2.136,0.084,311.185,0.1,-4.748,2.1035000000000004,0.047,311.181,0.1,-4.7385,2.0725,0.0295,311.178,0.1,-4.761,2.0435,0.034,311.176,0.1,-4.801500000000001,2.0220000000000002,0.041499999999999995,311.175,0.1,-4.834,2.0035,0.035500000000000004,311.174,0.1,-4.8420000000000005,1.9780000000000002,0.0215,311.174,0.1,-4.829000000000001,1.9425,0.013,311.172,0.1,-4.8134999999999994,1.8975,0.0085,311.169,0.1,-4.813,1.8385,-0.007,311.164,0.1,-4.826499999999999,1.7625,-0.028999999999999998,311.159,0.1,-4.8395,1.683,-0.037000000000000005,311.152,0.1,-4.843500000000001,1.6115,-0.03,311.145,0.1,-4.835,1.5535,-0.02,311.138,0.1,-4.8100000000000005,1.5215,-0.011,311.131,0.1,-4.7715,1.5125,-0.006,311.125,0.1,
-4.834,2.1215,0.093,311.176,0.1,-4.8115,2.0895,0.0645,311.173,0.1,-4.8045,2.0525,0.0475,311.171,0.1,-4.823,2.0135,0.039999999999999994,311.169,0.1,-4.8585,1.984,0.037000000000000005,311.168,0.1,-4.890000000000001,1.964,0.0285,311.167,0.1,-4.902,1.944,0.019000000000000003,311.166,0.1,-4.896,1.915,0.018000000000000002,311.162,0.1,-4.887499999999999,1.871,0.024,311.158,0.1,-4.8870000000000005,1.81,0.015,311.151,0.1,-4.888,1.7375,-0.013000000000000001,311.142,0.1,-4.8785,1.67,-0.037,311.132,0.1,-4.856,1.6155,-0.0395,311.122,0.1,-4.827999999999999,1.5745,-0.0275,311.114,0.1,-4.8025,1.548,-0.013999999999999999,311.108,0.1,-4.7805,1.5285,-0.0045000000000000005,311.105,0.1,
-4.915,2.0905,0.118,311.167,0.1,-4.9055,2.0615,0.10300000000000001,311.165,0.1,-4.9025,2.0235,0.086,311.163,0.1,-4.9125,1.98,0.0645,311.162,0.1,-4.9315,1.944,0.0465,311.161,0.1,-4.9475,1.919,0.033,311.159,0.1,-4.9505,1.8985,0.027999999999999997,311.155,0.1,-4.942,1.8735,0.036000000000000004,311.15,0.1,-4.9315,1.8355000000000001,0.049,311.142,0.1,-4.9245,1.785,0.0445,311.133,0.1,-4.915,1.73,0.011,311.122,0.1,-4.891500000000001,1.6825,-0.031,311.111,0.1,-4.8535,1.6440000000000001,-0.051000000000000004,311.101,0.1,-4.8175,1.613,-0.046,311.093,0.1,-4.7995,1.5870000000000002,-0.032,311.089,0.1,-4.7995,1.5575,-0.017,311.089,0.1,
-5.0024999999999995,2.0435,0.146,311.155,0.1,-5.005,2.0165,0.1485,311.153,0.1,-5.006,1.98,0.1365,311.153,0.1,-5.0045,1.938,0.1065,311.152,0.1,-5.0,1.9009999999999998,0.07150000000000001,311.15,0.1,-4.992,1.873,0.0495,311.146,0.1,-4.9795,1.8490000000000002,0.047,311.141,0.1,-4.964,1.8245,0.0605,311.133,0.1,-4.9515,1.792,0.0765,311.124,0.1,-4.9455,1.7534999999999998,0.073,311.115,0.1,-4.939,1.7165,0.038,311.105,0.1,-4.9185,1.6875,-0.014,311.095,0.1,-4.881,1.663,-0.051500000000000004,311.087,0.1,-4.843500000000001,1.638,-0.063,311.08,0.1,-4.8285,1.612,-0.059,311.078,0.1,-4.8405000000000005,1.581,-0.046,311.078,0.1,
-5.08,1.9965,0.16949999999999998,311.141,0.1,-5.0865,1.9655,0.186,311.14,0.1,-5.0895,1.9285,0.184,311.14,0.1,-5.083500000000001,1.8895,0.1545,311.139,0.1,-5.067500000000001,1.8555,0.1115,311.136,0.1,-5.045,1.828,0.0825,311.131,0.1,-5.0225,1.802,0.0775,311.124,0.1,-5.004,1.7745,0.089,311.115,0.1,-4.9935,1.7415,0.101,311.107,0.1,-4.994,1.7069999999999999,0.0955,311.098,0.1,-4.999499999999999,1.678,0.063,311.091,0.1,-4.9945,1.6595,0.014,311.083,0.1,-4.970000000000001,1.646,-0.031,311.076,0.1,-4.938000000000001,1.63,-0.0595,311.071,0.1,-4.9205000000000005,1.61,-0.0735,311.067,0.1,-4.9254999999999995,1.5875,-0.074,311.063,0.1,
-5.1455,1.9625,0.1825,311.128,0.1,-5.155,1.9255,0.2025,311.125,0.1,-5.163,1.885,0.2095,311.124,0.1,-5.164,1.8465,0.191,311.121,0.1,-5.153499999999999,1.8145,0.155,311.116,0.1,-5.133,1.7875,0.127,311.11,0.1,-5.11,1.7605,0.116,311.102,0.1,-5.0920000000000005,1.7285,0.1195,311.094,0.1,-5.0835,1.6920000000000002,0.1225,311.086,0.1,-5.0865,1.6549999999999998,0.111,311.079,0.1,-5.098000000000001,1.624,0.0815,311.072,0.1,-5.105,1.6059999999999999,0.040999999999999995,311.065,0.1,-5.095000000000001,1.5985,0.002,311.058,0.1,-5.072,1.593,-0.03,311.052,0.1,-5.050000000000001,1.5855000000000001,-0.056,311.045,0.1,-5.036,1.578,-0.0745,311.037,0.1,
-5.215,1.9260000000000002,0.18,311.112,0.1,-5.231,1.891,0.195,311.107,0.1,-5.2455,1.85,0.207,311.102,0.1,-5.2555,1.8125,0.20350000000000001,311.097,0.1,-5.2555,1.78,0.186,311.091,0.1,-5.242,1.752,0.1665,311.083,0.1,-5.221500000000001,1.722,0.151,311.075,0.1,-5.2045,1.6875,0.146,311.066,0.1,-5.196,1.65,0.142,311.059,0.1,-5.196,1.612,0.125,311.052,0.1,-5.2015,1.578,0.093,311.045,0.1,-5.2044999999999995,1.556,0.057,311.038,0.1,-5.1955,1.548,0.0305,311.031,0.1,-5.173500000000001,1.548,0.012,311.023,0.1,-5.1455,1.5525,-0.01,311.015,0.1,-5.115,1.5594999999999999,-0.0415,311.007,0.1,
-5.3225,1.8655,0.173,311.093,0.1,-5.34,1.8415,0.1795,311.086,0.1,-5.3525,1.8105,0.1925,311.079,0.1,-5.359,1.779,0.2,311.072,0.1,-5.3580000000000005,1.748,0.1995,311.064,0.1,-5.346500000000001,1.7175,0.19,311.056,0.1,-5.329000000000001,1.6840000000000002,0.1765,311.047,0.1,-5.314,1.65,0.1695,311.038,0.1,-5.305,1.6165,0.1635,311.03,0.1,-5.2985,1.5845,0.1435,311.023,0.1,-5.2885,1.5550000000000002,0.1075,311.016,0.1,-5.2705,1.5335,0.07150000000000001,311.01,0.1,-5.244,1.522,0.0555,311.004,0.1,-5.212,1.5194999999999999,0.052,310.998,0.1,-5.177,1.525,0.041,310.992,0.1,-5.140000000000001,1.537,0.006500000000000001,310.985,0.1,
-5.4655000000000005,1.7985,0.183,311.074,0.1,-5.4725,1.7865,0.1835,311.066,0.1,-5.471500000000001,1.77,0.191,311.058,0.1,-5.463,1.7475,0.1975,311.05,0.1,-5.448,1.7205,0.199,311.042,0.1,-5.4285,1.6885,0.194,311.033,0.1,-5.4079999999999995,1.655,0.189,311.023,0.1,-5.3925,1.624,0.1895,311.014,0.1,-5.384,1.5975000000000001,0.1885,311.006,0.1,-5.3735,1.5755,0.17149999999999999,310.999,0.1,-5.3495,1.557,0.136,310.994,0.1,-5.3095,1.5425,0.0995,310.991,0.1,-5.2605,1.529,0.08299999999999999,310.988,0.1,-5.2115,1.518,0.083,310.984,0.1,-5.167999999999999,1.513,0.077,310.979,0.1,-5.1295,1.5175,0.0485,310.974,0.1,
-5.557,1.7654999999999998,0.217,311.054,0.1,-5.5525,1.76,0.2115,311.046,0.1,-5.544499999999999,1.7515,0.2125,311.038,0.1,-5.528499999999999,1.7355,0.209,311.03,0.1,-5.502,1.7115,0.2,311.022,0.1,-5.4670000000000005,1.6815,0.192,311.014,0.1,-5.4325,1.6515,0.192,311.005,0.1,-5.4105,1.624,0.199,310.996,0.1,-5.404,1.6015000000000001,0.2045,310.989,0.1,-5.4,1.5865,0.1975,310.983,0.1,-5.379,1.5785,0.17149999999999999,310.98,0.1,-5.333,1.572,0.139,310.979,0.1,-5.271000000000001,1.5590000000000002,0.1185,310.978,0.1,-5.208,1.54,0.1105,310.975,0.1,-5.154,1.522,0.0985,310.97,0.1,-5.114,1.512,0.072,310.963,0.1,
-5.5495,1.7850000000000001,0.268,311.035,0.1,-5.5415,1.7795,0.2575,311.028,0.1,-5.5395,1.7715,0.2515,311.02,0.1,-5.5325,1.758,0.2365,311.012,0.1,-5.5085,1.7355,0.2155,311.004,0.1,-5.465999999999999,1.708,0.201,310.996,0.1,-5.4185,1.6804999999999999,0.197,310.988,0.1,-5.386,1.654,0.1995,310.981,0.1,-5.378500000000001,1.631,0.20350000000000001,310.976,0.1,-5.3835,1.6179999999999999,0.2045,310.972,0.1,-5.3765,1.615,0.196,310.969,0.1,-5.343500000000001,1.613,0.177,310.968,0.1,-5.288,1.601,0.1585,310.965,0.1,-5.2225,1.578,0.14200000000000002,310.96,0.1,-5.1605,1.5505,0.11599999999999999,310.952,0.1,-5.1135,1.5270000000000001,0.0775,310.942,0.1,
-5.484999999999999,1.8555000000000001,0.326,311.018,0.1,-5.476,1.8455,0.313,311.011,0.1,-5.48,1.8345,0.299,311.003,0.1,-5.4855,1.8199999999999998,0.2765,310.995,0.1,-5.4765,1.797,0.2505,310.987,0.1,-5.444,1.7694999999999999,0.2305,310.979,0.1,-5.3985,1.7415,0.215,310.971,0.1,-5.3605,1.7134999999999998,0.203,310.966,0.1,-5.3445,1.69,0.1945,310.962,0.1,-5.3469999999999995,1.6764999999999999,0.1945,310.959,0.1,-5.3495,1.673,0.201,310.955,0.1,-5.3355,1.67,0.2025,310.95,0.1,-5.299,1.6560000000000001,0.1955,310.942,0.1,-5.244,1.6295000000000002,0.176,310.932,0.1,-5.1805,1.5965,0.136,310.921,0.1,-5.121499999999999,1.5665,0.08349999999999999,310.909,0.1,
-5.402,1.903,0.3755,310.999,0.1,-5.391,1.89,0.362,310.993,0.1,-5.3965,1.877,0.3435,310.986,0.1,-5.409,1.861,0.3205,310.979,0.1,-5.413,1.837,0.297,310.971,0.1,-5.3975,1.809,0.274,310.963,0.1,-5.365,1.78,0.248,310.957,0.1,-5.3285,1.751,0.2175,310.952,0.1,-5.302,1.728,0.19,310.949,0.1,-5.2915,1.714,0.1795,310.945,0.1,-5.291,1.709,0.191,310.938,0.1,-5.289,1.704,0.2095,310.928,0.1,-5.2735,1.688,0.218,310.915,0.1,-5.2364999999999995,1.659,0.203,310.902,0.1,-5.18,1.624,0.1595,310.89,0.1,-5.1145,1.593,0.0975,310.88,0.1,
-4.8075,1.9485000000000001,0.0805,311.257,0.1,-4.7995,1.9365,0.0615,311.249,0.1,-4.822,1.9355,0.069,311.243,0.1,-4.862500000000001,1.9315,0.0875,311.241,0.1,-4.8934999999999995,1.9095,0.101,311.241,0.1,-4.8975,1.8705,0.0975,311.241,0.1,-4.878,1.8255,0.078,311.239,0.1,-4.8475,1.7814999999999999,0.0505,311.235,0.1,-4.817500000000001,1.7454999999999998,0.0165,311.228,0.1,-4.795,1.7165,-0.020999999999999998,311.222,0.1,-4.779,1.686,-0.043,311.217,0.1,-4.765000000000001,1.6480000000000001,-0.035,311.214,0.1,-4.752000000000001,1.601,-0.013000000000000001,311.212,0.1,-4.74,1.5575,0.0055,311.209,0.1,-4.7255,1.5245,0.017,311.204,0.1,-4.7035,1.5,0.0055,311.199,0.1,
-4.855,1.9455,0.0895,311.239,0.1,-4.8285,1.9255,0.0525,311.232,0.1,-4.833,1.918,0.048,311.226,0.1,-4.867,1.915,0.0675,311.223,0.1,-4.9030000000000005,1.903,0.08549999999999999,311.223,0.1,-4.9165,1.876,0.083,311.223,0.1,-4.9045000000000005,1.8385,0.0625,311.221,0.1,-4.8765,1.796,0.037000000000000005,311.217,0.1,-4.8455,1.7585,0.01,311.212,0.1,-4.8225,1.7255,-0.020499999999999997,311.206,0.1,-4.8125,1.685,-0.0385,311.202,0.1,-4.813000000000001,1.6335000000000002,-0.0295,311.2,0.1,-4.817500000000001,1.573,-0.0125,311.199,0.1,-4.8195,1.5205,-0.004,311.196,0.1,-4.8095,1.4889999999999999,0.0015,311.19,0.1,-4.7829999999999995,1.48,-0.0035,311.183,0.1,
-4.889,1.958,0.0875,311.223,0.1,-4.8545,1.9325,0.0435,311.217,0.1,-4.8475,1.914,0.0325,311.212,0.1,-4.875500000000001,1.9015,0.049,311.209,0.1,-4.917,1.891,0.066,311.208,0.1,-4.943,1.8735,0.06,311.208,0.1,-4.942,1.8445,0.0395,311.206,0.1,-4.9205,1.807,0.020999999999999998,311.203,0.1,-4.893,1.768,0.005,311.198,0.1,-4.875500000000001,1.725,-0.017,311.193,0.1,-4.873,1.6695,-0.0335,311.189,0.1,-4.8785,1.606,-0.0295,311.186,0.1,-4.883,1.5405,-0.0175,311.183,0.1,-4.879,1.486,-0.0125,311.179,0.1,-4.8605,1.457,-0.008,311.174,0.1,-4.827500000000001,1.454,-0.0075,311.168,0.1,
-4.926500000000001,1.9689999999999999,0.082,311.21,0.1,-4.8955,1.94,0.045,311.206,0.1,-4.8870000000000005,1.9115,0.0305,311.202,0.1,-4.911,1.8864999999999998,0.039999999999999994,311.2,0.1,-4.9535,1.8695,0.05,311.198,0.1,-4.987,1.8555000000000001,0.041999999999999996,311.197,0.1,-4.994,1.835,0.0245,311.195,0.1,-4.978,1.8045,0.0135,311.191,0.1,-4.9565,1.7645,0.0095,311.186,0.1,-4.9435,1.7125,-0.005,311.181,0.1,-4.938000000000001,1.648,-0.025,311.175,0.1,-4.9315,1.5815000000000001,-0.033,311.168,0.1,-4.919499999999999,1.521,-0.028,311.162,0.1,-4.901,1.4735,-0.0195,311.157,0.1,-4.8755,1.448,-0.011,311.153,0.1,-4.8445,1.4409999999999998,-0.006,311.149,0.1,
-4.9864999999999995,1.9655,0.0935,311.2,0.1,-4.965,1.936,0.0655,311.197,0.1,-4.959,1.9015,0.05,311.194,0.1,-4.9785,1.866,0.046,311.192,0.1,-5.014,1.8395000000000001,0.0445,311.19,0.1,-5.042,1.8235000000000001,0.035500000000000004,311.188,0.1,-5.0465,1.8085,0.023,311.185,0.1,-5.031,1.785,0.02,311.18,0.1,-5.01,1.7485,0.025500000000000002,311.173,0.1,-4.9935,1.6975,0.0175,311.165,0.1,-4.979,1.638,-0.011,311.157,0.1,-4.957,1.579,-0.037,311.148,0.1,-4.928,1.5285,-0.041999999999999996,311.139,0.1,-4.9,1.49,-0.031,311.133,0.1,-4.8774999999999995,1.4655,-0.0165,311.129,0.1,-4.861000000000001,1.4485000000000001,-0.006,311.127,0.1,
-5.067,1.939,0.122,311.189,0.1,-5.058,1.9125,0.107,311.186,0.1,-5.055,1.8775,0.09,311.184,0.1,-5.0625,1.838,0.0695,311.182,0.1,-5.077,1.8054999999999999,0.052000000000000005,311.18,0.1,-5.086,1.785,0.0385,311.177,0.1,-5.079,1.7694999999999999,0.032,311.172,0.1,-5.0585,1.7515,0.0385,311.165,0.1,-5.035,1.7229999999999999,0.051500000000000004,311.157,0.1,-5.016500000000001,1.6835,0.0475,311.147,0.1,-4.9990000000000006,1.64,0.0125,311.138,0.1,-4.9725,1.597,-0.033,311.128,0.1,-4.9375,1.557,-0.056499999999999995,311.118,0.1,-4.907,1.523,-0.052000000000000005,311.111,0.1,-4.894,1.4965,-0.036000000000000004,311.107,0.1,-4.8965,1.4705,-0.019,311.107,0.1,
-5.148,1.891,0.152,311.174,0.1,-5.1495,1.8679999999999999,0.155,311.172,0.1,-5.1485,1.837,0.14200000000000002,311.171,0.1,-5.143000000000001,1.802,0.111,311.169,0.1,-5.133,1.77,0.075,311.166,0.1,-5.1175,1.7465,0.052,311.161,0.1,-5.0954999999999995,1.7285,0.049,311.155,0.1,-5.0695,1.7115,0.063,311.147,0.1,-5.047499999999999,1.689,0.0795,311.139,0.1,-5.0355,1.661,0.077,311.129,0.1,-5.0275,1.6335,0.041499999999999995,311.12,0.1,-5.010999999999999,1.608,-0.014,311.111,0.1,-4.981999999999999,1.581,-0.056,311.103,0.1,-4.9544999999999995,1.5514999999999999,-0.0685,311.095,0.1,-4.946,1.5245,-0.063,311.091,0.1,-4.957000000000001,1.4969999999999999,-0.048,311.09,0.1,
-5.2225,1.842,0.175,311.157,0.1,-5.228,1.8175,0.192,311.155,0.1,-5.2275,1.7905,0.19,311.154,0.1,-5.217,1.7625000000000002,0.159,311.151,0.1,-5.1955,1.7365,0.114,311.148,0.1,-5.166,1.7135,0.0835,311.142,0.1,-5.1345,1.6935,0.078,311.135,0.1,-5.106999999999999,1.6735,0.091,311.127,0.1,-5.089,1.65,0.1045,311.119,0.1,-5.0855,1.625,0.1,311.111,0.1,-5.0925,1.604,0.0685,311.104,0.1,-5.094,1.5895000000000001,0.0175,311.096,0.1,-5.0785,1.578,-0.031,311.088,0.1,-5.0555,1.561,-0.0625,311.08,0.1,-5.0435,1.541,-0.0765,311.074,0.1,-5.047,1.521,-0.0765,311.068,0.1,
-5.291,1.811,0.1875,311.139,0.1,-5.297499999999999,1.783,0.2075,311.135,0.1,-5.3004999999999995,1.7545000000000002,0.214,311.132,0.1,-5.2955000000000005,1.73,0.1945,311.129,0.1,-5.2775,1.709,0.157,311.124,0.1,-5.2485,1.6885,0.127,311.117,0.1,-5.2165,1.6675,0.116,311.11,0.1,-5.1899999999999995,1.6435,0.1205,311.101,0.1,-5.1745,1.6155,0.125,311.094,0.1,-5.1735,1.5865,0.1145,311.086,0.1,-5.185,1.5625,0.086,311.079,0.1,-5.1945,1.5505,0.0455,311.072,0.1,-5.1875,1.5495,0.004,311.064,0.1,-5.168,1.549,-0.0305,311.056,0.1,-5.1495,1.5445,-0.0575,311.047,0.1,-5.1375,1.5385,-0.076,311.037,0.1,
-5.362,1.789,0.1855,311.118,0.1,-5.371,1.7625,0.1985,311.112,0.1,-5.377,1.7325,0.2105,311.107,0.1,-5.378,1.7080000000000002,0.2065,311.102,0.1,-5.3685,1.6875,0.1885,311.096,0.1,-5.3455,1.6684999999999999,0.1675,311.088,0.1,-5.316000000000001,1.647,0.151,311.079,0.1,-5.2905,1.621,0.1465,311.07,0.1,-5.275,1.592,0.1435,311.062,0.1,-5.27,1.5615,0.1265,311.055,0.1,-5.2715,1.534,0.0945,311.048,0.1,-5.27,1.519,0.058499999999999996,311.04,0.1,-5.2575,1.519,0.0315,311.033,0.1,-5.235,1.5270000000000001,0.0125,311.026,0.1,-5.2095,1.5365,-0.0095,311.017,0.1,-5.1845,1.544,-0.042,311.008,0.1,
-5.453,1.7565,0.1785,311.097,0.1,-5.4605,1.7374999999999998,0.183,311.09,0.1,-5.463,1.714,0.195,311.082,0.1,-5.46,1.691,0.202,311.075,0.1,-5.4485,1.67,0.2005,311.067,0.1,-5.426500000000001,1.6495,0.19,311.059,0.1,-5.399,1.627,0.176,311.05,0.1,-5.3755,1.6025,0.169,311.041,0.1,-5.359999999999999,1.5785,0.164,311.032,0.1,-5.348,1.5545,0.144,311.024,0.1,-5.332,1.5314999999999999,0.1065,311.017,0.1,-5.3075,1.5154999999999998,0.0685,311.011,0.1,-5.2755,1.5099999999999998,0.052000000000000005,311.006,0.1,-5.241,1.5135,0.0505,311.001,0.1,-5.2085,1.5230000000000001,0.041,310.996,0.1,-5.1785,1.535,0.0075,310.99,0.1,
-5.5545,1.7185000000000001,0.1875,311.078,0.1,-5.5525,1.7095,0.1865,311.07,0.1,-5.5440000000000005,1.6975,0.193,311.062,0.1,-5.5285,1.6800000000000002,0.199,311.053,0.1,-5.5055,1.6595,0.199,311.045,0.1,-5.476,1.636,0.1925,311.036,0.1,-5.445,1.612,0.187,311.027,0.1,-5.4205,1.5905,0.189,311.018,0.1,-5.4055,1.5735000000000001,0.1895,311.009,0.1,-5.391500000000001,1.56,0.172,311.002,0.1,-5.3645,1.549,0.134,310.997,0.1,-5.319,1.538,0.0945,310.994,0.1,-5.265000000000001,1.5274999999999999,0.077,310.992,0.1,-5.215,1.5185,0.079,310.99,0.1,-5.175000000000001,1.5145,0.075,310.987,0.1,-5.144,1.5185,0.049,310.982,0.1,
-5.615,1.699,0.219,311.06,0.1,-5.603,1.6975,0.213,311.052,0.1,-5.589,1.6945000000000001,0.214,311.044,0.1,-5.567500000000001,1.6840000000000002,0.2095,311.035,0.1,-5.535,1.6644999999999999,0.198,311.026,0.1,-5.4935,1.6389999999999998,0.188,311.017,0.1,-5.4515,1.6135000000000002,0.188,311.008,0.1,-5.4215,1.5925,0.197,311.0,0.1,-5.4079999999999995,1.579,0.205,310.993,0.1,-5.3995,1.5735000000000001,0.1985,310.987,0.1,-5.375500000000001,1.5739999999999998,0.1705,310.985,0.1,-5.3265,1.5715,0.1345,310.984,0.1,-5.2620000000000005,1.56,0.1115,310.984,0.1,-5.198499999999999,1.5405,0.10350000000000001,310.983,0.1,-5.147,1.5215,0.0935,310.979,0.1,-5.1105,1.51,0.0695,310.972,0.1,
-5.612,1.714,0.2655,311.04,0.1,-5.5945,1.7149999999999999,0.256,311.033,0.1,-5.5825,1.7155,0.251,311.025,0.1,-5.5665,1.71,0.2355,311.017,0.1,-5.5365,1.692,0.2125,311.008,0.1,-5.490500000000001,1.6665,0.1955,310.999,0.1,-5.439500000000001,1.6395,0.191,310.99,0.1,-5.4015,1.6165,0.1945,310.982,0.1,-5.386,1.6015000000000001,0.201,310.978,0.1,-5.383,1.5985,0.204,310.975,0.1,-5.3705,1.6045,0.1945,310.974,0.1,-5.334,1.6084999999999998,0.173,310.973,0.1,-5.2755,1.5985,0.1515,310.972,0.1,-5.2085,1.575,0.1335,310.968,0.1,-5.146,1.5465,0.108,310.961,0.1,-5.0965,1.5225,0.07100000000000001,310.951,0.1,
-5.5655,1.7705000000000002,0.3175,311.021,0.1,-5.5440000000000005,1.7690000000000001,0.3065,311.013,0.1,-5.5344999999999995,1.7685,0.295,311.006,0.1,-5.5275,1.763,0.273,310.998,0.1,-5.509,1.7465,0.246,310.989,0.1,-5.471500000000001,1.7225000000000001,0.2235,310.98,0.1,-5.423,1.695,0.20650000000000002,310.972,0.1,-5.381,1.671,0.1945,310.966,0.1,-5.3580000000000005,1.6535000000000002,0.1875,310.962,0.1,-5.3515,1.6484999999999999,0.1895,310.961,0.1,-5.3465,1.6525,0.197,310.959,0.1,-5.327,1.6555,0.1975,310.956,0.1,-5.286,1.645,0.189,310.95,0.1,-5.2275,1.6204999999999998,0.16749999999999998,310.941,0.1,-5.161,1.589,0.126,310.93,0.1,-5.098,1.561,0.07250000000000001,310.918,0.1,
-5.4995,1.81,0.362,311.0,0.1,-5.4735,1.806,0.352,310.993,0.1,-5.4645,1.804,0.336,310.986,0.1,-5.4635,1.797,0.315,310.98,0.1,-5.455,1.781,0.291,310.972,0.1,-5.4305,1.758,0.266,310.965,0.1,-5.3925,1.731,0.238,310.958,0.1,-5.352,1.707,0.20600000000000002,310.952,0.1,-5.321,1.689,0.1795,310.949,0.1,-5.3045,1.682,0.17049999999999998,310.946,0.1,-5.298,1.683,0.1845,310.941,0.1,-5.2895,1.683,0.20400000000000001,310.934,0.1,-5.266500000000001,1.671,0.212,310.923,0.1,-5.2235,1.646,0.195,310.91,0.1,-5.1635,1.615,0.1485,310.897,0.1,-5.096,1.587,0.08449999999999999,310.886,0.1,
-4.9315,1.75,0.081,311.281,0.1,-4.9215,1.7405,0.064,311.273,0.1,-4.9405,1.7445,0.0745,311.267,0.1,-4.9755,1.749,0.095,311.266,0.1,-5.0005,1.737,0.107,311.266,0.1,-5.0,1.7075,0.1,311.266,0.1,-4.98,1.6680000000000001,0.0765,311.264,0.1,-4.955,1.6280000000000001,0.047,311.258,0.1,-4.935,1.594,0.012,311.251,0.1,-4.9235,1.564,-0.025,311.242,0.1,-4.917,1.5345,-0.0455,311.236,0.1,-4.9075,1.5019999999999998,-0.035500000000000004,311.231,0.1,-4.893,1.467,-0.011,311.228,0.1,-4.8765,1.438,0.010499999999999999,311.224,0.1,-4.8555,1.4195,0.0215,311.22,0.1,-4.8245000000000005,1.408,0.007,311.217,0.1,
-4.9855,1.7534999999999998,0.087,311.263,0.1,-4.958,1.7365,0.051000000000000004,311.256,0.1,-4.961,1.7325,0.0505,311.25,0.1,-4.992,1.7360000000000002,0.074,311.247,0.1,-5.025,1.7315,0.0925,311.248,0.1,-5.0375,1.714,0.0865,311.248,0.1,-5.0275,1.683,0.0615,311.245,0.1,-5.007,1.6465,0.033,311.24,0.1,-4.987,1.612,0.006,311.232,0.1,-4.9719999999999995,1.5785,-0.023,311.225,0.1,-4.9625,1.541,-0.038,311.219,0.1,-4.9544999999999995,1.499,-0.026500000000000003,311.216,0.1,-4.945,1.455,-0.007,311.214,0.1,-4.933,1.4209999999999998,0.0025,311.211,0.1,-4.914,1.4045,0.007,311.207,0.1,-4.8835,1.404,-0.001,311.203,0.1,
-5.0280000000000005,1.777,0.08449999999999999,311.248,0.1,-4.9925,1.756,0.0405,311.242,0.1,-4.9855,1.7405,0.033,311.237,0.1,-5.0135000000000005,1.733,0.055,311.234,0.1,-5.0555,1.7275,0.07400000000000001,311.233,0.1,-5.083,1.717,0.0655,311.232,0.1,-5.0845,1.694,0.04,311.229,0.1,-5.0675,1.662,0.019,311.224,0.1,-5.045,1.6265,0.0035,311.217,0.1,-5.026,1.5865,-0.0165,311.211,0.1,-5.0115,1.5385,-0.0305,311.206,0.1,-4.9975000000000005,1.488,-0.0245,311.202,0.1,-4.981,1.4395,-0.0125,311.199,0.1,-4.961,1.402,-0.0075,311.196,0.1,-4.937,1.384,-0.0045000000000000005,311.193,0.1,-4.907500000000001,1.385,-0.006,311.19,0.1,
-5.0745000000000005,1.801,0.0805,311.235,0.1,-5.043,1.777,0.043,311.231,0.1,-5.035,1.7515,0.032,311.227,0.1,-5.0615000000000006,1.7295,0.046,311.224,0.1,-5.106,1.7165,0.058499999999999996,311.222,0.1,-5.1395,1.7075,0.0485,311.22,0.1,-5.145,1.6920000000000002,0.0275,311.217,0.1,-5.127,1.6655,0.014,311.211,0.1,-5.1,1.631,0.01,311.204,0.1,-5.074,1.5870000000000002,-0.0025,311.197,0.1,-5.050000000000001,1.5339999999999998,-0.0215,311.191,0.1,-5.024,1.4795,-0.0295,311.184,0.1,-4.9955,1.4315,-0.026000000000000002,311.178,0.1,-4.9670000000000005,1.3944999999999999,-0.0185,311.175,0.1,-4.941000000000001,1.3745,-0.011,311.174,0.1,-4.9175,1.3690000000000002,-0.006,311.173,0.1,
-5.1385000000000005,1.809,0.0945,311.224,0.1,-5.118,1.7825,0.0665,311.22,0.1,-5.114000000000001,1.7505,0.0525,311.217,0.1,-5.1345,1.7175,0.052000000000000005,311.214,0.1,-5.1690000000000005,1.6949999999999998,0.052000000000000005,311.212,0.1,-5.1935,1.6835,0.042499999999999996,311.209,0.1,-5.191000000000001,1.673,0.0275,311.204,0.1,-5.1655,1.6545,0.0225,311.197,0.1,-5.132,1.626,0.027,311.189,0.1,-5.1,1.586,0.02,311.18,0.1,-5.0695,1.5385,-0.0085,311.172,0.1,-5.035500000000001,1.488,-0.037,311.163,0.1,-5.0,1.4420000000000002,-0.0445,311.156,0.1,-4.971,1.4055,-0.0345,311.151,0.1,-4.952,1.3825,-0.0195,311.149,0.1,-4.941000000000001,1.368,-0.0075,311.15,0.1,
-5.218500000000001,1.787,0.1265,311.211,0.1,-5.2095,1.7635,0.1115,311.208,0.1,-5.2065,1.7315,0.0945,311.205,0.1,-5.2125,1.6955,0.0745,311.202,0.1,-5.2225,1.6669999999999998,0.057499999999999996,311.199,0.1,-5.224,1.6505,0.0435,311.195,0.1,-5.207,1.641,0.036000000000000004,311.189,0.1,-5.1739999999999995,1.6295000000000002,0.041499999999999995,311.181,0.1,-5.138,1.6105,0.054,311.171,0.1,-5.1085,1.5830000000000002,0.05,311.162,0.1,-5.083,1.55,0.013999999999999999,311.153,0.1,-5.053,1.512,-0.0345,311.144,0.1,-5.0205,1.4700000000000002,-0.0615,311.135,0.1,-4.9965,1.4325,-0.057999999999999996,311.129,0.1,-4.9885,1.405,-0.04,311.126,0.1,-4.9935,1.384,-0.020999999999999998,311.126,0.1,
-5.294499999999999,1.7374999999999998,0.1585,311.193,0.1,-5.294499999999999,1.7195,0.1615,311.191,0.1,-5.291,1.6945000000000001,0.148,311.189,0.1,-5.282,1.6655,0.11549999999999999,311.186,0.1,-5.2665,1.6389999999999998,0.0785,311.182,0.1,-5.2435,1.62,0.0545,311.176,0.1,-5.212,1.608,0.051500000000000004,311.169,0.1,-5.175,1.5985,0.0655,311.161,0.1,-5.1434999999999995,1.5855000000000001,0.083,311.153,0.1,-5.125500000000001,1.569,0.081,311.144,0.1,-5.1165,1.5505,0.0445,311.136,0.1,-5.104,1.529,-0.0135,311.128,0.1,-5.0835,1.4985,-0.06,311.119,0.1,-5.066,1.4655,-0.074,311.11,0.1,-5.0634999999999994,1.4365,-0.067,311.105,0.1,-5.074,1.414,-0.05,311.103,0.1,
-5.3645,1.6869999999999998,0.181,311.172,0.1,-5.369,1.6695,0.1985,311.17,0.1,-5.3655,1.6524999999999999,0.1955,311.167,0.1,-5.3505,1.635,0.163,311.164,0.1,-5.3235,1.617,0.116,311.16,0.1,-5.287000000000001,1.6,0.084,311.153,0.1,-5.247,1.585,0.0785,311.146,0.1,-5.21,1.5725,0.093,311.138,0.1,-5.183999999999999,1.5579999999999998,0.1075,311.131,0.1,-5.177,1.5430000000000001,0.1045,311.124,0.1,-5.186,1.5295,0.0735,311.117,0.1,-5.1935,1.5205,0.020999999999999998,311.109,0.1,-5.186999999999999,1.5095,-0.0315,311.099,0.1,-5.1735,1.4925,-0.0655,311.089,0.1,-5.1665,1.4725000000000001,-0.08,311.08,0.1,-5.1685,1.4545,-0.079,311.072,0.1,
-5.4365000000000006,1.66,0.1925,311.149,0.1,-5.4405,1.6400000000000001,0.212,311.145,0.1,-5.438,1.6245,0.2185,311.141,0.1,-5.426,1.613,0.198,311.137,0.1,-5.401,1.6030000000000002,0.159,311.132,0.1,-5.3645,1.5905,0.1275,311.125,0.1,-5.3235,1.575,0.116,311.117,0.1,-5.2875,1.558,0.1215,311.109,0.1,-5.265000000000001,1.539,0.127,311.101,0.1,-5.261,1.5185,0.118,311.094,0.1,-5.272,1.5015,0.0905,311.087,0.1,-5.2835,1.4954999999999998,0.05,311.079,0.1,-5.2805,1.5005,0.006,311.07,0.1,-5.2645,1.5055,-0.031,311.06,0.1,-5.2490000000000006,1.5045000000000002,-0.058499999999999996,311.049,0.1,-5.239000000000001,1.498,-0.0775,311.036,0.1,
-5.5095,1.653,0.191,311.125,0.1,-5.5105,1.6335,0.202,311.118,0.1,-5.5085,1.6155,0.2135,311.112,0.1,-5.5009999999999994,1.603,0.2095,311.106,0.1,-5.482,1.5950000000000002,0.191,311.1,0.1,-5.449,1.586,0.1685,311.093,0.1,-5.41,1.572,0.151,311.084,0.1,-5.3765,1.554,0.147,311.074,0.1,-5.3545,1.5339999999999998,0.1445,311.066,0.1,-5.3445,1.5114999999999998,0.128,311.057,0.1,-5.3415,1.491,0.096,311.05,0.1,-5.336,1.4815,0.06,311.043,0.1,-5.32,1.4895,0.032,311.036,0.1,-5.296,1.5065,0.013,311.028,0.1,-5.273,1.521,-0.009,311.019,0.1,-5.254,1.5285,-0.042,311.009,0.1,
-5.5835,1.6475,0.184,311.101,0.1,-5.580500000000001,1.6335,0.187,311.093,0.1,-5.573,1.6175000000000002,0.197,311.085,0.1,-5.560499999999999,1.6035,0.20350000000000001,311.078,0.1,-5.5395,1.5925,0.2015,311.07,0.1,-5.507,1.5825,0.19,311.062,0.1,-5.469,1.5695000000000001,0.1755,311.052,0.1,-5.4365000000000006,1.5550000000000002,0.169,311.043,0.1,-5.4145,1.5405,0.1645,311.034,0.1,-5.3975,1.5245,0.144,311.025,0.1,-5.376,1.508,0.105,311.018,0.1,-5.3445,1.4965000000000002,0.0655,311.013,0.1,-5.305999999999999,1.4969999999999999,0.0485,311.009,0.1,-5.269,1.5074999999999998,0.049,311.005,0.1,-5.24,1.521,0.041,311.001,0.1,-5.218,1.534,0.0085,310.995,0.1,
-5.6434999999999995,1.6385,0.192,311.082,0.1,-5.633,1.6324999999999998,0.1895,311.074,0.1,-5.6175,1.625,0.195,311.065,0.1,-5.5945,1.6135000000000002,0.2005,311.057,0.1,-5.563000000000001,1.5995,0.199,311.048,0.1,-5.523,1.584,0.1915,311.039,0.1,-5.481,1.569,0.1855,311.03,0.1,-5.448,1.557,0.1885,311.021,0.1,-5.427,1.5495,0.19,311.012,0.1,-5.409,1.545,0.1725,311.005,0.1,-5.3785,1.54,0.132,311.0,0.1,-5.3285,1.533,0.089,310.998,0.1,-5.269500000000001,1.525,0.07100000000000001,310.997,0.1,-5.218,1.5185,0.0745,310.996,0.1,-5.182,1.516,0.073,310.994,0.1,-5.1585,1.5205,0.049,310.99,0.1,
-5.673,1.6335,0.221,311.065,0.1,-5.6535,1.6355,0.215,311.058,0.1,-5.6335,1.6375,0.216,311.049,0.1,-5.6065000000000005,1.6324999999999998,0.21,311.04,0.1,-5.568,1.6185,0.196,311.03,0.1,-5.52,1.597,0.1845,311.021,0.1,-5.4704999999999995,1.576,0.1845,311.012,0.1,-5.4325,1.561,0.195,311.003,0.1,-5.412,1.556,0.2055,310.996,0.1,-5.3985,1.561,0.1995,310.991,0.1,-5.371,1.569,0.1695,310.989,0.1,-5.319,1.5710000000000002,0.1295,310.99,0.1,-5.252,1.5605,0.10450000000000001,310.991,0.1,-5.1884999999999994,1.5405,0.0965,310.991,0.1,-5.1395,1.5205,0.0885,310.988,0.1,-5.106,1.509,0.0665,310.981,0.1,
-5.674,1.6435,0.263,311.045,0.1,-5.6465,1.6515,0.254,311.038,0.1,-5.625,1.6600000000000001,0.2505,311.03,0.1,-5.6005,1.661,0.2345,311.021,0.1,-5.564500000000001,1.649,0.209,311.011,0.1,-5.5155,1.6255,0.19,311.001,0.1,-5.461,1.5990000000000002,0.185,310.992,0.1,-5.417,1.5785,0.1895,310.984,0.1,-5.3934999999999995,1.5715,0.199,310.979,0.1,-5.3825,1.579,0.20350000000000001,310.977,0.1,-5.3645,1.5945,0.1935,310.978,0.1,-5.3245000000000005,1.604,0.169,310.979,0.1,-5.2635000000000005,1.596,0.145,310.979,0.1,-5.1945,1.572,0.125,310.976,0.1,-5.1305,1.5425,0.0995,310.97,0.1,-5.079000000000001,1.5185,0.0645,310.96,0.1,
-5.646,1.6855,0.309,311.023,0.1,-5.6114999999999995,1.6935,0.3,311.016,0.1,-5.589,1.7025000000000001,0.2905,311.008,0.1,-5.57,1.705,0.269,311.001,0.1,-5.5425,1.6960000000000002,0.2415,310.992,0.1,-5.5,1.6755,0.2165,310.982,0.1,-5.448,1.6495000000000002,0.198,310.973,0.1,-5.401,1.6275,0.1855,310.966,0.1,-5.371,1.6175000000000002,0.1805,310.963,0.1,-5.3565000000000005,1.6204999999999998,0.1845,310.962,0.1,-5.344,1.6325,0.193,310.963,0.1,-5.3185,1.641,0.193,310.962,0.1,-5.273,1.634,0.1825,310.958,0.1,-5.2105,1.6115,0.1585,310.95,0.1,-5.1405,1.5815000000000001,0.11549999999999999,310.939,0.1,-5.0745000000000005,1.5550000000000002,0.0615,310.927,0.1,
-5.597,1.717,0.34850000000000003,311.001,0.1,-5.557,1.723,0.3415,310.993,0.1,-5.533,1.73,0.3285,310.987,0.1,-5.5175,1.732,0.309,310.98,0.1,-5.496499999999999,1.725,0.285,310.974,0.1,-5.462999999999999,1.707,0.258,310.967,0.1,-5.419499999999999,1.683,0.228,310.959,0.1,-5.375500000000001,1.662,0.1945,310.952,0.1,-5.3405000000000005,1.651,0.16849999999999998,310.948,0.1,-5.3185,1.65,0.1615,310.947,0.1,-5.3055,1.657,0.1775,310.945,0.1,-5.2895,1.662,0.1985,310.94,0.1,-5.259,1.654,0.20600000000000002,310.931,0.1,-5.2105,1.633,0.187,310.918,0.1,-5.147,1.605,0.138,310.905,0.1,-5.077,1.58,0.07200000000000001,310.892,0.1,
-5.055,1.552,0.0795,311.304,0.1,-5.042999999999999,1.5455,0.0645,311.296,0.1,-5.0585,1.554,0.0785,311.292,0.1,-5.088,1.5655000000000001,0.1015,311.291,0.1,-5.106999999999999,1.564,0.112,311.292,0.1,-5.103,1.5434999999999999,0.1005,311.292,0.1,-5.083,1.5110000000000001,0.074,311.289,0.1,-5.0625,1.475,0.042499999999999996,311.282,0.1,-5.052,1.4425,0.008,311.273,0.1,-5.052,1.4115,-0.028499999999999998,311.263,0.1,-5.0545,1.3825,-0.048,311.254,0.1,-5.0495,1.356,-0.0365,311.248,0.1,-5.0344999999999995,1.333,-0.01,311.243,0.1,-5.013,1.319,0.013,311.239,0.1,-4.985,1.314,0.0235,311.236,0.1,-4.946,1.316,0.006500000000000001,311.235,0.1,
-5.1155,1.5615,0.08299999999999999,311.287,0.1,-5.0865,1.548,0.047,311.28,0.1,-5.088,1.5474999999999999,0.0515,311.274,0.1,-5.117,1.556,0.079,311.272,0.1,-5.1475,1.5605,0.098,311.273,0.1,-5.1585,1.551,0.0885,311.272,0.1,-5.1505,1.528,0.0595,311.269,0.1,-5.1370000000000005,1.4969999999999999,0.028999999999999998,311.262,0.1,-5.128,1.465,0.002,311.253,0.1,-5.122,1.4315,-0.025500000000000002,311.244,0.1,-5.1129999999999995,1.3975,-0.039,311.237,0.1,-5.096,1.3650000000000002,-0.025500000000000002,311.233,0.1,-5.072,1.338,-0.0045000000000000005,311.23,0.1,-5.046,1.3225,0.006,311.227,0.1,-5.0184999999999995,1.32,0.0095,311.225,0.1,-4.9845,1.328,-0.0005,311.223,0.1,
-5.167999999999999,1.596,0.0795,311.273,0.1,-5.1305,1.579,0.036000000000000004,311.267,0.1,-5.1225,1.567,0.0315,311.262,0.1,-5.151,1.5635,0.0595,311.259,0.1,-5.1935,1.5645,0.0805,311.257,0.1,-5.222,1.56,0.0695,311.256,0.1,-5.2265,1.544,0.04,311.252,0.1,-5.215,1.517,0.0165,311.245,0.1,-5.1975,1.485,0.001,311.237,0.1,-5.1765,1.448,-0.0175,311.228,0.1,-5.15,1.4085,-0.03,311.223,0.1,-5.1165,1.37,-0.0225,311.218,0.1,-5.079,1.3385,-0.010499999999999999,311.215,0.1,-5.0435,1.318,-0.006,311.213,0.1,-5.0135000000000005,1.3115,-0.0035,311.213,0.1,-4.987,1.316,-0.0055,311.212,0.1,
-5.2219999999999995,1.634,0.0775,311.26,0.1,-5.1899999999999995,1.6135,0.0395,311.256,0.1,-5.183,1.591,0.032,311.251,0.1,-5.212,1.5725,0.0505,311.248,0.1,-5.2585,1.564,0.066,311.246,0.1,-5.292,1.559,0.0545,311.243,0.1,-5.295999999999999,1.549,0.029,311.238,0.1,-5.2755,1.5274999999999999,0.013000000000000001,311.23,0.1,-5.243,1.4975,0.009000000000000001,311.221,0.1,-5.2044999999999995,1.461,-0.0025,311.213,0.1,-5.162,1.42,-0.0215,311.206,0.1,-5.1165,1.3780000000000001,-0.0295,311.2,0.1,-5.0715,1.3410000000000002,-0.026500000000000003,311.195,0.1,-5.0335,1.315,-0.019999999999999997,311.194,0.1,-5.007,1.3014999999999999,-0.0125,311.195,0.1,-4.9905,1.2974999999999999,-0.006500000000000001,311.197,0.1,
-5.2915,1.6524999999999999,0.0945,311.248,0.1,-5.2715,1.629,0.066,311.244,0.1,-5.269,1.5995,0.054,311.24,0.1,-5.291,1.5695000000000001,0.056,311.237,0.1,-5.324999999999999,1.5505,0.058499999999999996,311.234,0.1,-5.345,1.543,0.048,311.23,0.1,-5.3355,1.5375,0.0305,311.224,0.1,-5.3004999999999995,1.525,0.023,311.214,0.1,-5.254,1.5030000000000001,0.026500000000000003,311.204,0.1,-5.2065,1.4740000000000002,0.0195,311.195,0.1,-5.16,1.439,-0.0095,311.187,0.1,-5.114,1.3975,-0.039999999999999994,311.179,0.1,-5.0725,1.355,-0.049,311.173,0.1,-5.0425,1.321,-0.039,311.17,0.1,-5.0265,1.3005,-0.023,311.17,0.1,-5.0215,1.2879999999999998,-0.009000000000000001,311.172,0.1,
-5.37,1.635,0.13,311.233,0.1,-5.3614999999999995,1.6139999999999999,0.115,311.229,0.1,-5.358,1.5855000000000001,0.0975,311.226,0.1,-5.362,1.5535,0.078,311.222,0.1,-5.368,1.5285,0.061,311.219,0.1,-5.362500000000001,1.5165,0.047,311.213,0.1,-5.335000000000001,1.5125,0.0385,311.206,0.1,-5.29,1.508,0.042499999999999996,311.196,0.1,-5.242,1.498,0.054,311.186,0.1,-5.2010000000000005,1.4825,0.05,311.177,0.1,-5.167,1.4605000000000001,0.013,311.169,0.1,-5.134,1.427,-0.038000000000000006,311.161,0.1,-5.104,1.3835000000000002,-0.068,311.153,0.1,-5.086,1.342,-0.0645,311.146,0.1,-5.083500000000001,1.3145,-0.0445,311.144,0.1,-5.0905000000000005,1.297,-0.023,311.145,0.1,
-5.4405,1.585,0.164,311.213,0.1,-5.4395,1.5705,0.167,311.21,0.1,-5.4335,1.552,0.1525,311.207,0.1,-5.4205000000000005,1.5299999999999998,0.1185,311.203,0.1,-5.3995,1.509,0.0795,311.198,0.1,-5.369,1.494,0.0555,311.191,0.1,-5.327999999999999,1.4875,0.052,311.184,0.1,-5.281,1.4855,0.066,311.175,0.1,-5.24,1.4825,0.084,311.167,0.1,-5.2155000000000005,1.4769999999999999,0.083,311.159,0.1,-5.205,1.468,0.0465,311.152,0.1,-5.1965,1.4495,-0.014499999999999999,311.144,0.1,-5.1845,1.417,-0.065,311.135,0.1,-5.177,1.379,-0.081,311.125,0.1,-5.1805,1.3490000000000002,-0.07200000000000001,311.118,0.1,-5.1899999999999995,1.33,-0.0535,311.115,0.1,
-5.507,1.5325,0.1855,311.188,0.1,-5.5105,1.5215,0.20350000000000001,311.184,0.1,-5.5035,1.514,0.1995,311.181,0.1,-5.484,1.5074999999999998,0.165,311.177,0.1,-5.4515,1.4985,0.116,311.172,0.1,-5.408,1.4865,0.0825,311.165,0.1,-5.359,1.4765000000000001,0.077,311.158,0.1,-5.3125,1.4715,0.0925,311.15,0.1,-5.279,1.4665,0.1085,311.143,0.1,-5.2684999999999995,1.4609999999999999,0.1075,311.136,0.1,-5.279,1.4555,0.0775,311.13,0.1,-5.293,1.451,0.0235,311.122,0.1,-5.295999999999999,1.441,-0.033,311.111,0.1,-5.291499999999999,1.424,-0.07,311.099,0.1,-5.2895,1.404,-0.08499999999999999,311.086,0.1,-5.29,1.388,-0.0825,311.076,0.1,
-5.5815,1.5085,0.1955,311.16,0.1,-5.5825,1.4969999999999999,0.214,311.155,0.1,-5.575,1.4935,0.221,311.15,0.1,-5.557,1.4955,0.2,311.145,0.1,-5.525,1.4969999999999999,0.159,311.14,0.1,-5.48,1.492,0.126,311.133,0.1,-5.4305,1.482,0.1135,311.125,0.1,-5.385999999999999,1.4725000000000001,0.12,311.117,0.1,-5.356,1.4625,0.1265,311.109,0.1,-5.348,1.4505,0.1195,311.102,0.1,-5.359,1.44,0.094,311.094,0.1,-5.3725000000000005,1.4405000000000001,0.053,311.086,0.1,-5.3725000000000005,1.4515,0.007,311.076,0.1,-5.361000000000001,1.4625,-0.0325,311.064,0.1,-5.349,1.464,-0.0615,311.05,0.1,-5.3405000000000005,1.4580000000000002,-0.0805,311.036,0.1,
-5.6565,1.516,0.1935,311.131,0.1,-5.6505,1.5045,0.20350000000000001,311.123,0.1,-5.640000000000001,1.498,0.214,311.116,0.1,-5.6240000000000006,1.498,0.21,311.111,0.1,-5.5954999999999995,1.5015,0.191,311.105,0.1,-5.5525,1.5025,0.167,311.098,0.1,-5.5045,1.4965,0.149,311.088,0.1,-5.4625,1.487,0.145,311.078,0.1,-5.4335,1.476,0.1435,311.069,0.1,-5.4185,1.4615,0.1275,311.06,0.1,-5.4115,1.447,0.096,311.053,0.1,-5.401999999999999,1.444,0.06,311.045,0.1,-5.3825,1.4605000000000001,0.031,311.038,0.1,-5.3575,1.486,0.012,311.03,0.1,-5.337,1.5055,-0.009999999999999998,311.021,0.1,-5.323499999999999,1.513,-0.0435,311.01,0.1,
-5.7135,1.538,0.187,311.105,0.1,-5.7005,1.529,0.188,311.096,0.1,-5.6835,1.521,0.197,311.088,0.1,-5.6615,1.5154999999999998,0.2025,311.081,0.1,-5.63,1.5139999999999998,0.2005,311.074,0.1,-5.5865,1.5150000000000001,0.1885,311.065,0.1,-5.5385,1.5125,0.173,311.055,0.1,-5.4975000000000005,1.508,0.1675,311.045,0.1,-5.469,1.5025,0.1635,311.035,0.1,-5.447,1.495,0.1425,311.026,0.1,-5.42,1.484,0.101,311.019,0.1,-5.3815,1.478,0.0605,311.014,0.1,-5.3365,1.4845000000000002,0.044,311.011,0.1,-5.297499999999999,1.5015,0.0465,311.009,0.1,-5.2715,1.5194999999999999,0.0405,311.006,0.1,-5.257,1.5325,0.0085,311.0,0.1,
-5.7325,1.558,0.1935,311.086,0.1,-5.7135,1.555,0.19,311.078,0.1,-5.6905,1.5525,0.1945,311.069,0.1,-5.661,1.5465,0.1985,311.06,0.1,-5.621,1.5385,0.196,311.051,0.1,-5.5705,1.532,0.188,311.043,0.1,-5.518000000000001,1.526,0.1825,311.034,0.1,-5.4755,1.524,0.186,311.024,0.1,-5.4485,1.526,0.189,311.015,0.1,-5.4275,1.5305,0.17149999999999999,311.008,0.1,-5.393000000000001,1.5314999999999999,0.128,311.003,0.1,-5.3375,1.5285,0.08149999999999999,311.001,0.1,-5.274,1.5230000000000001,0.063,311.001,0.1,-5.221500000000001,1.519,0.069,311.002,0.1,-5.189,1.5175,0.07050000000000001,311.002,0.1,-5.172499999999999,1.522,0.049,310.998,0.1,
-5.731,1.5670000000000002,0.22,311.07,0.1,-5.7044999999999995,1.573,0.214,311.063,0.1,-5.678,1.581,0.2145,311.055,0.1,-5.6455,1.5815000000000001,0.2075,311.045,0.1,-5.6015,1.5715,0.1915,311.034,0.1,-5.545999999999999,1.5550000000000002,0.179,311.025,0.1,-5.4885,1.5385,0.179,311.015,0.1,-5.443,1.5299999999999998,0.1915,311.007,0.1,-5.416,1.5335,0.20450000000000002,311.0,0.1,-5.398,1.5485,0.199,310.995,0.1,-5.3675,1.5645,0.1665,310.994,0.1,-5.311999999999999,1.5705,0.1225,310.995,0.1,-5.2425,1.561,0.0955,310.997,0.1,-5.179,1.5415,0.0885,310.999,0.1,-5.1325,1.5194999999999999,0.08249999999999999,310.997,0.1,-5.1025,1.508,0.063,310.989,0.1,
-5.7364999999999995,1.5725,0.2585,311.05,0.1,-5.699,1.587,0.25,311.043,0.1,-5.667,1.6045,0.2475,311.035,0.1,-5.634,1.613,0.231,311.026,0.1,-5.592499999999999,1.6059999999999999,0.20350000000000001,311.015,0.1,-5.54,1.5845,0.1825,311.004,0.1,-5.4825,1.559,0.177,310.993,0.1,-5.433,1.5415,0.183,310.985,0.1,-5.401,1.5415,0.195,310.981,0.1,-5.382,1.5594999999999999,0.2015,310.98,0.1,-5.358499999999999,1.5845,0.191,310.982,0.1,-5.3149999999999995,1.5995,0.164,310.985,0.1,-5.2515,1.593,0.1375,310.986,0.1,-5.181,1.5695000000000001,0.11599999999999999,310.985,0.1,-5.1155,1.538,0.09,310.979,0.1,-5.0615000000000006,1.514,0.056499999999999995,310.969,0.1,
-5.7265,1.6005,0.3,311.026,0.1,-5.679,1.617,0.2925,311.018,0.1,-5.643000000000001,1.6360000000000001,0.2845,311.011,0.1,-5.612,1.648,0.264,311.003,0.1,-5.575,1.6455,0.235,310.994,0.1,-5.5275,1.6280000000000001,0.20800000000000002,310.984,0.1,-5.473000000000001,1.604,0.188,310.974,0.1,-5.4215,1.585,0.175,310.966,0.1,-5.3835,1.581,0.17149999999999999,310.963,0.1,-5.361,1.593,0.1785,310.964,0.1,-5.3420000000000005,1.613,0.188,310.967,0.1,-5.3105,1.6265,0.188,310.968,0.1,-5.2595,1.6225,0.175,310.966,0.1,-5.1935,1.6025,0.149,310.959,0.1,-5.121,1.574,0.10450000000000001,310.949,0.1,-5.051,1.5485,0.0495,310.936,0.1,
-5.695,1.624,0.335,311.002,0.1,-5.640499999999999,1.639,0.33,310.994,0.1,-5.601,1.656,0.3205,310.987,0.1,-5.571,1.668,0.302,310.981,0.1,-5.5385,1.668,0.27749999999999997,310.976,0.1,-5.496499999999999,1.655,0.2485,310.968,0.1,-5.4475,1.635,0.2165,310.96,0.1,-5.399,1.618,0.182,310.952,0.1,-5.359500000000001,1.612,0.156,310.948,0.1,-5.3325,1.619,0.1515,310.948,0.1,-5.313000000000001,1.632,0.16949999999999998,310.948,0.1,-5.2895,1.641,0.1925,310.946,0.1,-5.252000000000001,1.637,0.1995,310.939,0.1,-5.198,1.62,0.1785,310.927,0.1,-5.1305,1.596,0.127,310.912,0.1,-5.058,1.573,0.059,310.898,0.1,
-4.948,1.5765,0.076,311.354,0.1,-4.936,1.5659999999999998,0.063,311.344,0.1,-4.9475,1.572,0.0815,311.339,0.1,-4.97,1.5855000000000001,0.107,311.338,0.1,-4.981,1.591,0.1155,311.34,0.1,-4.9715,1.5785,0.0995,311.341,0.1,-4.949,1.5525,0.07,311.338,0.1,-4.926,1.5219999999999998,0.037500000000000006,311.331,0.1,-4.9115,1.492,0.0035,311.322,0.1,-4.904999999999999,1.4609999999999999,-0.0315,311.312,0.1,-4.898999999999999,1.4329999999999998,-0.05,311.304,0.1,-4.888,1.4095,-0.0375,311.299,0.1,-4.8735,1.39,-0.010499999999999999,311.295,0.1,-4.859999999999999,1.377,0.013,311.292,0.1,-4.843500000000001,1.3715,0.0225,311.288,0.1,-4.812,1.3725,0.003,311.286,0.1,
-4.9955,1.5985,0.0765,311.338,0.1,-4.968500000000001,1.5815000000000001,0.041499999999999995,311.329,0.1,-4.9705,1.576,0.05,311.322,0.1,-4.996,1.585,0.0825,311.32,0.1,-5.0195,1.5955,0.10200000000000001,311.321,0.1,-5.022,1.594,0.0895,311.322,0.1,-5.006500000000001,1.577,0.0565,311.319,0.1,-4.987500000000001,1.5499999999999998,0.0245,311.312,0.1,-4.9745,1.518,-0.002,311.303,0.1,-4.965,1.4815,-0.028499999999999998,311.294,0.1,-4.951499999999999,1.4465,-0.041,311.288,0.1,-4.9305,1.4165,-0.0265,311.284,0.1,-4.9055,1.394,-0.005,311.282,0.1,-4.883,1.3815,0.006,311.281,0.1,-4.8635,1.38,0.009,311.279,0.1,-4.839,1.3875,-0.002,311.275,0.1,
-5.036,1.6385,0.07300000000000001,311.324,0.1,-5.000500000000001,1.619,0.0295,311.317,0.1,-4.9935,1.602,0.028499999999999998,311.31,0.1,-5.02,1.598,0.062,311.307,0.1,-5.057,1.6030000000000002,0.08549999999999999,311.306,0.1,-5.077,1.605,0.0725,311.306,0.1,-5.0735,1.5939999999999999,0.0395,311.303,0.1,-5.0585,1.5699999999999998,0.0135,311.296,0.1,-5.042,1.5375,-0.0025,311.288,0.1,-5.0235,1.499,-0.02,311.279,0.1,-4.9965,1.4605000000000001,-0.032,311.273,0.1,-4.959,1.4249999999999998,-0.024,311.269,0.1,-4.916,1.398,-0.012,311.267,0.1,-4.8765,1.3815,-0.008,311.268,0.1,-4.849,1.3765,-0.005,311.268,0.1,-4.83,1.381,-0.006500000000000001,311.266,0.1,
-5.080500000000001,1.676,0.073,311.312,0.1,-5.0489999999999995,1.6545,0.0345,311.306,0.1,-5.0405,1.6285,0.0295,311.3,0.1,-5.066,1.609,0.0535,311.297,0.1,-5.108499999999999,1.6030000000000002,0.07200000000000001,311.295,0.1,-5.1370000000000005,1.6035,0.0595,311.293,0.1,-5.1375,1.5979999999999999,0.0295,311.288,0.1,-5.1185,1.58,0.011,311.281,0.1,-5.0920000000000005,1.5514999999999999,0.006500000000000001,311.272,0.1,-5.0600000000000005,1.5175,-0.0055,311.263,0.1,-5.0195,1.48,-0.0245,311.257,0.1,-4.971,1.44,-0.033,311.251,0.1,-4.9185,1.4049999999999998,-0.0305,311.248,0.1,-4.871,1.3815,-0.0235,311.249,0.1,-4.839,1.3705,-0.0155,311.252,0.1,-4.823,1.3690000000000002,-0.008,311.252,0.1,
-5.139,1.6945000000000001,0.093,311.3,0.1,-5.1195,1.671,0.0645,311.295,0.1,-5.1135,1.6400000000000001,0.0535,311.29,0.1,-5.131,1.609,0.058499999999999996,311.286,0.1,-5.1615,1.592,0.0635,311.284,0.1,-5.18,1.5885,0.052000000000000005,311.281,0.1,-5.172,1.589,0.0315,311.275,0.1,-5.143,1.5805,0.0215,311.266,0.1,-5.1055,1.5630000000000002,0.0235,311.256,0.1,-5.0649999999999995,1.5394999999999999,0.016,311.247,0.1,-5.0205,1.509,-0.0145,311.24,0.1,-4.9725,1.4685000000000001,-0.046,311.233,0.1,-4.9254999999999995,1.424,-0.055499999999999994,311.227,0.1,-4.8865,1.39,-0.0445,311.225,0.1,-4.861000000000001,1.3719999999999999,-0.026500000000000003,311.226,0.1,-4.849,1.3665,-0.011,311.228,0.1,
-5.2075,1.681,0.1325,311.286,0.1,-5.197,1.6604999999999999,0.11699999999999999,311.281,0.1,-5.1899999999999995,1.6325,0.0985,311.277,0.1,-5.1905,1.6005,0.0795,311.273,0.1,-5.195,1.5775000000000001,0.063,311.269,0.1,-5.191,1.5685,0.049,311.264,0.1,-5.1685,1.5705,0.039,311.258,0.1,-5.13,1.5710000000000002,0.0415,311.25,0.1,-5.087999999999999,1.5665,0.052,311.24,0.1,-5.051,1.5575,0.0475,311.232,0.1,-5.0175,1.541,0.0095,311.226,0.1,-4.9835,1.509,-0.044,311.219,0.1,-4.9505,1.4625,-0.076,311.21,0.1,-4.926,1.42,-0.07150000000000001,311.202,0.1,-4.9145,1.394,-0.049,311.199,0.1,-4.9115,1.384,-0.025500000000000002,311.2,0.1,
-5.2755,1.6385,0.1685,311.264,0.1,-5.266500000000001,1.625,0.17099999999999999,311.262,0.1,-5.253500000000001,1.609,0.155,311.259,0.1,-5.237500000000001,1.589,0.119,311.255,0.1,-5.218,1.5705,0.0785,311.25,0.1,-5.191,1.5579999999999998,0.054,311.245,0.1,-5.153499999999999,1.556,0.05,311.238,0.1,-5.1095,1.5590000000000002,0.064,311.231,0.1,-5.0705,1.561,0.0825,311.224,0.1,-5.046,1.562,0.083,311.219,0.1,-5.0329999999999995,1.5594999999999999,0.047,311.213,0.1,-5.0205,1.545,-0.017,311.206,0.1,-5.0055,1.513,-0.07100000000000001,311.195,0.1,-4.996,1.4745,-0.0885,311.184,0.1,-4.996,1.4449999999999998,-0.078,311.175,0.1,-4.9985,1.4304999999999999,-0.057999999999999996,311.172,0.1,
-5.337,1.596,0.1885,311.238,0.1,-5.327,1.586,0.2065,311.236,0.1,-5.3095,1.5825,0.202,311.235,0.1,-5.285,1.5805,0.165,311.232,0.1,-5.2535,1.5750000000000002,0.114,311.228,0.1,-5.214,1.5655000000000001,0.079,311.222,0.1,-5.1675,1.5594999999999999,0.073,311.215,0.1,-5.1205,1.558,0.089,311.209,0.1,-5.0835,1.5579999999999998,0.107,311.204,0.1,-5.067,1.557,0.108,311.2,0.1,-5.0695,1.5579999999999998,0.0805,311.196,0.1,-5.0755,1.5594999999999999,0.025,311.189,0.1,-5.0745000000000005,1.5545,-0.035500000000000004,311.178,0.1,-5.071,1.539,-0.076,311.164,0.1,-5.0725,1.5190000000000001,-0.091,311.15,0.1,-5.0755,1.504,-0.088,311.139,0.1,
-5.396000000000001,1.5830000000000002,0.196,311.213,0.1,-5.3835,1.572,0.214,311.209,0.1,-5.3645,1.5725,0.221,311.206,0.1,-5.3405000000000005,1.581,0.1995,311.204,0.1,-5.3075,1.588,0.157,311.201,0.1,-5.2635000000000005,1.5865,0.1215,311.194,0.1,-5.2135,1.581,0.1085,311.187,0.1,-5.165,1.5750000000000002,0.11549999999999999,311.181,0.1,-5.1275,1.569,0.1235,311.176,0.1,-5.109,1.5594999999999999,0.1185,311.172,0.1,-5.1085,1.5525,0.0955,311.167,0.1,-5.112500000000001,1.5575,0.055,311.161,0.1,-5.1085,1.574,0.006500000000000001,311.151,0.1,-5.0995,1.589,-0.036000000000000004,311.139,0.1,-5.096,1.5915,-0.0665,311.124,0.1,-5.0985,1.585,-0.086,311.109,0.1,
-5.4510000000000005,1.5995,0.1925,311.187,0.1,-5.4350000000000005,1.589,0.202,311.181,0.1,-5.415,1.5870000000000002,0.212,311.177,0.1,-5.3919999999999995,1.594,0.208,311.173,0.1,-5.359,1.605,0.1885,311.17,0.1,-5.3135,1.6105,0.163,311.164,0.1,-5.2620000000000005,1.6085,0.1445,311.156,0.1,-5.2135,1.6030000000000002,0.1405,311.148,0.1,-5.1754999999999995,1.595,0.14,311.143,0.1,-5.15,1.581,0.1245,311.137,0.1,-5.132,1.566,0.0935,311.132,0.1,-5.114,1.5635,0.057499999999999996,311.125,0.1,-5.0915,1.5825,0.028999999999999998,311.119,0.1,-5.07,1.6125,0.009999999999999998,311.111,0.1,-5.058,1.6345,-0.0125,311.102,0.1,-5.0555,1.643,-0.0465,311.09,0.1,
-5.484,1.629,0.1865,311.166,0.1,-5.4645,1.6225,0.1865,311.158,0.1,-5.4405,1.6205,0.1945,311.152,0.1,-5.4125,1.6219999999999999,0.1995,311.147,0.1,-5.375,1.6275,0.197,311.142,0.1,-5.3260000000000005,1.6325,0.1845,311.136,0.1,-5.272,1.6325,0.169,311.128,0.1,-5.2235,1.63,0.1645,311.121,0.1,-5.186,1.6265,0.1605,311.115,0.1,-5.154999999999999,1.6185,0.139,311.109,0.1,-5.1205,1.6055000000000001,0.095,311.104,0.1,-5.077500000000001,1.5965,0.053000000000000005,311.098,0.1,-5.032,1.6025,0.038000000000000006,311.094,0.1,-4.996,1.6219999999999999,0.043,311.091,0.1,-4.976,1.6429999999999998,0.0395,311.088,0.1,-4.968,1.6585,0.008,311.082,0.1,
-5.470000000000001,1.6595,0.192,311.153,0.1,-5.4495000000000005,1.659,0.1875,311.146,0.1,-5.4239999999999995,1.663,0.191,311.139,0.1,-5.3905,1.664,0.193,311.131,0.1,-5.345000000000001,1.6615,0.1905,311.125,0.1,-5.288,1.657,0.1825,311.118,0.1,-5.2275,1.651,0.1775,311.112,0.1,-5.1775,1.6465,0.1825,311.106,0.1,-5.144,1.648,0.187,311.1,0.1,-5.1165,1.653,0.1685,311.095,0.1,-5.077,1.654,0.1215,311.091,0.1,-5.019,1.6484999999999999,0.07200000000000001,311.087,0.1,-4.9565,1.6405,0.053000000000000005,311.085,0.1,-4.9085,1.636,0.0625,311.084,0.1,-4.8815,1.636,0.0675,311.083,0.1,-4.8695,1.6425,0.049,311.08,0.1,
-5.446,1.6815,0.216,311.142,0.1,-5.4195,1.6895,0.21,311.135,0.1,-5.3919999999999995,1.703,0.21,311.128,0.1,-5.3565000000000005,1.7105000000000001,0.202,311.121,0.1,-5.3085,1.705,0.1845,311.112,0.1,-5.2485,1.6885,0.17099999999999999,311.104,0.1,-5.1855,1.6680000000000001,0.17149999999999999,311.097,0.1,-5.1335,1.6535,0.1865,311.09,0.1,-5.1005,1.6535,0.202,311.085,0.1,-5.077500000000001,1.6684999999999999,0.197,311.082,0.1,-5.042999999999999,1.6875,0.162,311.081,0.1,-4.9864999999999995,1.694,0.11399999999999999,311.08,0.1,-4.9190000000000005,1.683,0.08499999999999999,311.079,0.1,-4.8595,1.6615,0.079,311.079,0.1,-4.8175,1.6385,0.0755,311.077,0.1,-4.79,1.6265,0.059,311.072,0.1,
-5.455500000000001,1.6975,0.252,311.12,0.1,-5.4155,1.714,0.244,311.114,0.1,-5.3795,1.7365,0.242,311.109,0.1,-5.3415,1.7515,0.225,311.103,0.1,-5.295999999999999,1.7485,0.196,311.096,0.1,-5.2425,1.7265000000000001,0.1735,311.086,0.1,-5.1855,1.6945000000000001,0.16699999999999998,311.074,0.1,-5.133,1.669,0.175,311.065,0.1,-5.093,1.662,0.1895,311.062,0.1,-5.066,1.678,0.198,311.063,0.1,-5.0375,1.706,0.187,311.065,0.1,-4.9925,1.724,0.1575,311.066,0.1,-4.931,1.7200000000000002,0.1285,311.066,0.1,-4.8635,1.6960000000000002,0.10600000000000001,311.065,0.1,-4.7995,1.6635,0.08,311.06,0.1,-4.743,1.637,0.0475,311.054,0.1,
-5.4625,1.73,0.2895,311.093,0.1,-5.41,1.7494999999999998,0.28300000000000003,311.088,0.1,-5.367,1.7730000000000001,0.2775,311.084,0.1,-5.3285,1.7905,0.2575,311.081,0.1,-5.287,1.7919999999999998,0.227,311.075,0.1,-5.24,1.774,0.198,311.066,0.1,-5.188,1.7435,0.1765,311.054,0.1,-5.134499999999999,1.716,0.1635,311.044,0.1,-5.087,1.7035,0.161,311.04,0.1,-5.052,1.711,0.17099999999999999,311.042,0.1,-5.0245,1.732,0.182,311.046,0.1,-4.9895,1.7505,0.1815,311.048,0.1,-4.938000000000001,1.7525,0.1675,311.047,0.1,-4.8725000000000005,1.7355,0.139,311.044,0.1,-4.7995,1.7075,0.093,311.037,0.1,-4.727499999999999,1.679,0.037,311.029,0.1,
-5.4445,1.754,0.321,311.068,0.1,-5.384499999999999,1.773,0.318,311.063,0.1,-5.339499999999999,1.794,0.3115,311.06,0.1,-5.3035,1.811,0.294,311.058,0.1,-5.265,1.815,0.269,311.055,0.1,-5.218999999999999,1.801,0.2375,311.049,0.1,-5.167,1.775,0.20350000000000001,311.04,0.1,-5.1129999999999995,1.75,0.16799999999999998,311.031,0.1,-5.0635,1.736,0.14200000000000002,311.026,0.1,-5.0245,1.737,0.14,311.026,0.1,-4.9945,1.75,0.161,311.027,0.1,-4.9635,1.765,0.1855,311.028,0.1,-4.920999999999999,1.768,0.1925,311.026,0.1,-4.865,1.756,0.16949999999999998,311.02,0.1,-4.8,1.733,0.11499999999999999,311.01,0.1,-4.733499999999999,1.707,0.0445,310.999,0.1,
-4.8285,1.612,0.0725,311.406,0.1,-4.8155,1.5995,0.0615,311.394,0.1,-4.8225,1.6025,0.08449999999999999,311.387,0.1,-4.8385,1.618,0.1125,311.387,0.1,-4.843,1.629,0.1185,311.39,0.1,-4.827999999999999,1.624,0.0985,311.391,0.1,-4.8015,1.605,0.066,311.388,0.1,-4.7755,1.5805,0.0325,311.381,0.1,-4.756,1.5535,-0.001,311.372,0.1,-4.7415,1.523,-0.035,311.363,0.1,-4.7275,1.494,-0.052,311.356,0.1,-4.712,1.472,-0.0385,311.352,0.1,-4.699999999999999,1.455,-0.011,311.349,0.1,-4.6955,1.4425,0.013,311.346,0.1,-4.689500000000001,1.436,0.0215,311.341,0.1,-4.6665,1.4369999999999998,-0.001,311.338,0.1,
-4.861,1.647,0.07,311.39,0.1,-4.836,1.6275,0.036000000000000004,311.379,0.1,-4.838,1.617,0.0485,311.37,0.1,-4.86,1.6265,0.086,311.368,0.1,-4.8765,1.643,0.106,311.371,0.1,-4.871,1.649,0.09,311.373,0.1,-4.8475,1.638,0.0535,311.37,0.1,-4.822,1.6155,0.019999999999999997,311.364,0.1,-4.804,1.583,-0.006,311.356,0.1,-4.7905,1.544,-0.0315,311.347,0.1,-4.774,1.5065,-0.042499999999999996,311.34,0.1,-4.750500000000001,1.4775,-0.0275,311.338,0.1,-4.726,1.4580000000000002,-0.0055,311.337,0.1,-4.708,1.448,0.006,311.336,0.1,-4.696999999999999,1.447,0.0085,311.334,0.1,-4.682499999999999,1.454,-0.0035,311.329,0.1,
-4.888,1.693,0.0665,311.377,0.1,-4.853999999999999,1.6715,0.0225,311.369,0.1,-4.848,1.6495,0.025500000000000002,311.36,0.1,-4.8725000000000005,1.645,0.0645,311.356,0.1,-4.904,1.6545,0.091,311.357,0.1,-4.915,1.6629999999999998,0.0755,311.357,0.1,-4.9025,1.6564999999999999,0.0385,311.355,0.1,-4.8825,1.636,0.010499999999999999,311.349,0.1,-4.867,1.6025,-0.0055,311.34,0.1,-4.8515,1.5625,-0.0225,311.331,0.1,-4.8255,1.5234999999999999,-0.034,311.325,0.1,-4.7865,1.49,-0.026000000000000002,311.322,0.1,-4.7405,1.4655,-0.013999999999999999,311.322,0.1,-4.6995000000000005,1.4515,-0.0095,311.324,0.1,-4.6745,1.448,-0.007,311.325,0.1,-4.6615,1.4525000000000001,-0.0075,311.322,0.1,
-4.922499999999999,1.7309999999999999,0.0685,311.365,0.1,-4.890499999999999,1.708,0.03,311.359,0.1,-4.88,1.6789999999999998,0.027,311.352,0.1,-4.902,1.6585,0.0565,311.347,0.1,-4.939,1.6549999999999998,0.078,311.346,0.1,-4.9615,1.661,0.064,311.345,0.1,-4.958,1.6595,0.0305,311.341,0.1,-4.9405,1.6455,0.009000000000000001,311.334,0.1,-4.9215,1.6185,0.0035,311.325,0.1,-4.897,1.586,-0.0085,311.315,0.1,-4.8605,1.5510000000000002,-0.027999999999999997,311.309,0.1,-4.811,1.5125,-0.037000000000000005,311.305,0.1,-4.753,1.478,-0.035,311.303,0.1,-4.698,1.4555,-0.027000000000000003,311.307,0.1,-4.66,1.4465,-0.018500000000000003,311.31,0.1,-4.643000000000001,1.448,-0.009999999999999998,311.309,0.1,
-4.967499999999999,1.7494999999999998,0.0915,311.354,0.1,-4.9475,1.7255,0.063,311.348,0.1,-4.9375,1.693,0.053,311.342,0.1,-4.949,1.6615,0.061,311.337,0.1,-4.9755,1.646,0.0685,311.335,0.1,-4.993,1.6475,0.056,311.333,0.1,-4.987500000000001,1.653,0.0325,311.328,0.1,-4.966,1.6495,0.02,311.32,0.1,-4.9385,1.6360000000000001,0.020499999999999997,311.31,0.1,-4.906000000000001,1.617,0.012,311.302,0.1,-4.8655,1.5910000000000002,-0.0195,311.295,0.1,-4.8175,1.5505,-0.052000000000000005,311.289,0.1,-4.765499999999999,1.504,-0.0625,311.284,0.1,-4.7170000000000005,1.4689999999999999,-0.05,311.283,0.1,-4.681,1.4535,-0.03,311.284,0.1,-4.662,1.4540000000000002,-0.013000000000000001,311.286,0.1,
-5.0245,1.7395,0.135,311.34,0.1,-5.010999999999999,1.7200000000000002,0.119,311.335,0.1,-4.999,1.6925,0.1,311.33,0.1,-4.9955,1.661,0.0805,311.325,0.1,-4.999499999999999,1.6389999999999998,0.065,311.322,0.1,-4.997999999999999,1.6345,0.0505,311.318,0.1,-4.981,1.642,0.039,311.313,0.1,-4.9505,1.6475,0.04,311.306,0.1,-4.916,1.6484999999999999,0.05,311.297,0.1,-4.884,1.6455,0.045,311.291,0.1,-4.8525,1.634,0.006,311.286,0.1,-4.817,1.603,-0.0505,311.279,0.1,-4.7805,1.554,-0.08399999999999999,311.27,0.1,-4.749499999999999,1.5095,-0.079,311.261,0.1,-4.728,1.486,-0.0535,311.257,0.1,-4.715,1.4825,-0.028499999999999998,311.258,0.1,
-5.089,1.705,0.1735,311.317,0.1,-5.0715,1.693,0.175,311.315,0.1,-5.051500000000001,1.6795,0.1575,311.313,0.1,-5.0315,1.6625,0.1195,311.31,0.1,-5.013,1.645,0.0775,311.305,0.1,-4.991,1.6364999999999998,0.0525,311.301,0.1,-4.959,1.6385,0.0485,311.296,0.1,-4.9190000000000005,1.646,0.062,311.29,0.1,-4.882,1.6535,0.081,311.285,0.1,-4.856999999999999,1.6600000000000001,0.083,311.281,0.1,-4.8415,1.6629999999999998,0.047,311.278,0.1,-4.8255,1.653,-0.0195,311.272,0.1,-4.807,1.6219999999999999,-0.0775,311.26,0.1,-4.7940000000000005,1.583,-0.096,311.246,0.1,-4.789,1.555,-0.08399999999999999,311.235,0.1,-4.785,1.5434999999999999,-0.062,311.232,0.1,
-5.1455,1.674,0.1915,311.291,0.1,-5.121499999999999,1.6640000000000001,0.2095,311.29,0.1,-5.093,1.664,0.20350000000000001,311.291,0.1,-5.063000000000001,1.6675,0.165,311.29,0.1,-5.032,1.665,0.112,311.287,0.1,-4.9965,1.659,0.075,311.282,0.1,-4.9535,1.6560000000000001,0.069,311.276,0.1,-4.906499999999999,1.659,0.08549999999999999,311.272,0.1,-4.866,1.6625,0.105,311.269,0.1,-4.843500000000001,1.666,0.1085,311.267,0.1,-4.838,1.6724999999999999,0.0835,311.266,0.1,-4.8355,1.6804999999999999,0.027,311.261,0.1,-4.829000000000001,1.6804999999999999,-0.0385,311.249,0.1,-4.8255,1.667,-0.082,311.233,0.1,-4.8305,1.6480000000000001,-0.0975,311.217,0.1,-4.837,1.6324999999999998,-0.094,311.207,0.1,
-5.188000000000001,1.672,0.196,311.268,0.1,-5.161,1.6604999999999999,0.214,311.266,0.1,-5.131,1.665,0.2205,311.266,0.1,-5.1,1.6800000000000002,0.1985,311.267,0.1,-5.0649999999999995,1.6925,0.155,311.265,0.1,-5.0225,1.695,0.11699999999999999,311.259,0.1,-4.9725,1.6925,0.10350000000000001,311.253,0.1,-4.9205,1.691,0.111,311.249,0.1,-4.8755,1.6875,0.1205,311.247,0.1,-4.8465,1.681,0.1175,311.246,0.1,-4.834,1.677,0.097,311.244,0.1,-4.827500000000001,1.6865,0.057,311.24,0.1,-4.819,1.7085,0.006,311.232,0.1,-4.813000000000001,1.727,-0.0395,311.218,0.1,-4.8185,1.7305000000000001,-0.07150000000000001,311.202,0.1,-4.832000000000001,1.7235,-0.0915,311.187,0.1,
-5.2235,1.6965,0.192,311.246,0.1,-5.1965,1.6865,0.2,311.242,0.1,-5.166,1.6895,0.21,311.24,0.1,-5.135,1.7035,0.206,311.24,0.1,-5.098,1.7215,0.1855,311.239,0.1,-5.0504999999999995,1.7320000000000002,0.1585,311.234,0.1,-4.9955,1.733,0.1395,311.227,0.1,-4.941,1.7309999999999999,0.136,311.223,0.1,-4.894,1.725,0.136,311.221,0.1,-4.857,1.7125,0.1215,311.219,0.1,-4.828,1.6960000000000002,0.0905,311.216,0.1,-4.802,1.6935,0.055,311.211,0.1,-4.776999999999999,1.7155,0.027,311.205,0.1,-4.759,1.7485,0.0075,311.198,0.1,-4.7555,1.7730000000000001,-0.015,311.187,0.1,-4.763999999999999,1.783,-0.0495,311.175,0.1,
-5.233499999999999,1.7315,0.1855,311.23,0.1,-5.208,1.727,0.185,311.224,0.1,-5.1765,1.7309999999999999,0.1915,311.22,0.1,-5.141,1.7405,0.196,311.218,0.1,-5.0975,1.7530000000000001,0.1935,311.215,0.1,-5.043,1.762,0.18,311.211,0.1,-4.9825,1.764,0.165,311.206,0.1,-4.927,1.7625,0.161,311.202,0.1,-4.8815,1.7595,0.1575,311.2,0.1,-4.840999999999999,1.752,0.135,311.198,0.1,-4.798,1.736,0.089,311.194,0.1,-4.75,1.7245,0.0455,311.188,0.1,-4.7044999999999995,1.73,0.0315,311.182,0.1,-4.672499999999999,1.7505,0.0395,311.178,0.1,-4.6585,1.7745,0.0385,311.175,0.1,-4.657,1.794,0.008,311.17,0.1,
-5.1895,1.7690000000000001,0.19,311.224,0.1,-5.1675,1.772,0.185,311.217,0.1,-5.1385000000000005,1.7825,0.187,311.212,0.1,-5.1005,1.7919999999999998,0.1875,311.207,0.1,-5.0495,1.795,0.185,311.202,0.1,-4.984999999999999,1.7919999999999998,0.177,311.198,0.1,-4.917,1.7850000000000001,0.1725,311.195,0.1,-4.86,1.778,0.179,311.192,0.1,-4.8195,1.7785,0.185,311.189,0.1,-4.785,1.784,0.1655,311.187,0.1,-4.74,1.7835,0.11499999999999999,311.184,0.1,-4.68,1.7765,0.062,311.178,0.1,-4.619,1.7665000000000002,0.0435,311.173,0.1,-4.575,1.7605,0.055499999999999994,311.17,0.1,-4.5535,1.7614999999999998,0.0645,311.169,0.1,-4.5455000000000005,1.771,0.0485,311.167,0.1,
-5.1455,1.8035,0.212,311.216,0.1,-5.119,1.814,0.206,311.209,0.1,-5.09,1.834,0.20550000000000002,311.205,0.1,-5.0515,1.849,0.1955,311.2,0.1,-4.9990000000000006,1.8479999999999999,0.1775,311.194,0.1,-4.9335,1.8315000000000001,0.1635,311.188,0.1,-4.8645,1.807,0.1645,311.182,0.1,-4.8065,1.7865,0.181,311.177,0.1,-4.7669999999999995,1.7825,0.1995,311.174,0.1,-4.7379999999999995,1.7974999999999999,0.1955,311.174,0.1,-4.7,1.8165,0.1575,311.173,0.1,-4.6425,1.8245,0.10550000000000001,311.17,0.1,-4.577,1.8130000000000002,0.07450000000000001,311.166,0.1,-4.522,1.7885,0.0695,311.164,0.1,-4.484,1.7650000000000001,0.0685,311.162,0.1,-4.4575,1.752,0.055,311.159,0.1,
-5.1579999999999995,1.8325,0.2455,311.193,0.1,-5.1155,1.851,0.238,311.188,0.1,-5.074999999999999,1.8785,0.2365,311.187,0.1,-5.031499999999999,1.8995,0.219,311.185,0.1,-4.982,1.9009999999999998,0.1885,311.18,0.1,-4.9275,1.879,0.1645,311.171,0.1,-4.8695,1.8415,0.157,311.159,0.1,-4.813,1.807,0.167,311.15,0.1,-4.766,1.7925,0.184,311.148,0.1,-4.731,1.8054999999999999,0.1945,311.15,0.1,-4.6975,1.834,0.183,311.153,0.1,-4.6515,1.8565,0.1505,311.152,0.1,-4.5915,1.855,0.119,311.151,0.1,-4.527,1.831,0.0955,311.149,0.1,-4.464,1.7974999999999999,0.0695,311.147,0.1,-4.404999999999999,1.7675,0.0385,311.144,0.1,
-5.18,1.871,0.27849999999999997,311.164,0.1,-5.122,1.8935,0.2735,311.161,0.1,-5.073,1.9215,0.27,311.161,0.1,-5.0280000000000005,1.944,0.2505,311.162,0.1,-4.9815000000000005,1.9495,0.219,311.16,0.1,-4.9345,1.931,0.188,311.152,0.1,-4.884,1.8955,0.165,311.138,0.1,-4.8265,1.859,0.152,311.127,0.1,-4.769500000000001,1.837,0.151,311.123,0.1,-4.7235,1.8385,0.163,311.126,0.1,-4.6875,1.8595,0.176,311.13,0.1,-4.6485,1.8835,0.175,311.133,0.1,-4.5955,1.8915000000000002,0.16,311.133,0.1,-4.53,1.8784999999999998,0.129,311.133,0.1,-4.4575,1.8504999999999998,0.08099999999999999,311.131,0.1,-4.3845,1.818,0.025,311.128,0.1,
-5.1754999999999995,1.896,0.3065,311.137,0.1,-5.1105,1.918,0.306,311.135,0.1,-5.0600000000000005,1.944,0.3025,311.137,0.1,-5.017,1.966,0.2865,311.139,0.1,-4.9725,1.973,0.2605,311.139,0.1,-4.923,1.958,0.2265,311.134,0.1,-4.868,1.928,0.1905,311.124,0.1,-4.8075,1.895,0.154,311.115,0.1,-4.746499999999999,1.871,0.1285,311.109,0.1,-4.695,1.865,0.128,311.109,0.1,-4.6555,1.878,0.1525,311.111,0.1,-4.6175,1.898,0.179,311.115,0.1,-4.57,1.909,0.1855,311.117,0.1,-4.5120000000000005,1.902,0.1605,311.118,0.1,-4.449,1.88,0.10300000000000001,311.115,0.1,-4.3885000000000005,1.85,0.03,311.107,0.1,
-4.709,1.648,0.068,311.457,0.1,-4.6955,1.6325,0.0595,311.443,0.1,-4.698,1.6335,0.0865,311.435,0.1,-4.7065,1.6505,0.11649999999999999,311.436,0.1,-4.704000000000001,1.6675,0.121,311.44,0.1,-4.684,1.67,0.0965,311.442,0.1,-4.654,1.6585,0.061,311.439,0.1,-4.624499999999999,1.6395,0.027,311.432,0.1,-4.6,1.615,-0.0055,311.423,0.1,-4.5785,1.585,-0.0385,311.414,0.1,-4.557,1.556,-0.054,311.407,0.1,-4.537,1.5350000000000001,-0.0395,311.405,0.1,-4.526999999999999,1.5205,-0.0115,311.403,0.1,-4.5305,1.508,0.0125,311.4,0.1,-4.5355,1.5,0.0205,311.394,0.1,-4.5215,1.5005000000000002,-0.0045000000000000005,311.389,0.1,
-4.727,1.696,0.063,311.443,0.1,-4.7035,1.6735,0.0295,311.429,0.1,-4.705,1.6585,0.047,311.419,0.1,-4.7235,1.6684999999999999,0.089,311.417,0.1,-4.733499999999999,1.6909999999999998,0.1095,311.421,0.1,-4.7195,1.704,0.0895,311.424,0.1,-4.688000000000001,1.7,0.05,311.422,0.1,-4.656000000000001,1.6804999999999999,0.015,311.417,0.1,-4.6335,1.648,-0.010499999999999999,311.408,0.1,-4.6165,1.6065,-0.0345,311.4,0.1,-4.596,1.567,-0.044,311.393,0.1,-4.5705,1.5390000000000001,-0.028999999999999998,311.391,0.1,-4.5465,1.522,-0.006500000000000001,311.391,0.1,-4.5329999999999995,1.514,0.0055,311.391,0.1,-4.531000000000001,1.513,0.008,311.389,0.1,-4.526,1.5205,-0.005,311.383,0.1,
-4.74,1.748,0.0595,311.43,0.1,-4.7075,1.7245,0.0155,311.421,0.1,-4.7025,1.6975,0.022,311.41,0.1,-4.725,1.6920000000000002,0.067,311.406,0.1,-4.75,1.706,0.096,311.407,0.1,-4.7525,1.7205,0.078,311.409,0.1,-4.7315000000000005,1.72,0.037,311.407,0.1,-4.707,1.7015,0.006999999999999999,311.402,0.1,-4.6925,1.6675,-0.009,311.393,0.1,-4.68,1.6255,-0.025,311.383,0.1,-4.6555,1.5859999999999999,-0.036000000000000004,311.377,0.1,-4.6145,1.5550000000000002,-0.028499999999999998,311.375,0.1,-4.5645,1.5335,-0.0165,311.377,0.1,-4.5215,1.522,-0.0115,311.381,0.1,-4.499499999999999,1.519,-0.009000000000000001,311.383,0.1,-4.493,1.5245,-0.009000000000000001,311.378,0.1,
-4.7635000000000005,1.786,0.0635,311.418,0.1,-4.7315000000000005,1.762,0.025,311.411,0.1,-4.7195,1.7295,0.0245,311.403,0.1,-4.7375,1.7075,0.058499999999999996,311.398,0.1,-4.7695,1.7065000000000001,0.08349999999999999,311.396,0.1,-4.786,1.718,0.068,311.396,0.1,-4.778499999999999,1.722,0.031,311.393,0.1,-4.7635,1.711,0.006500000000000001,311.387,0.1,-4.7515,1.6855,0.0,311.377,0.1,-4.734500000000001,1.6545,-0.012,311.368,0.1,-4.702,1.6215,-0.032,311.362,0.1,-4.6515,1.585,-0.041499999999999995,311.358,0.1,-4.588,1.5514999999999999,-0.0395,311.359,0.1,-4.525,1.53,-0.0315,311.364,0.1,-4.4815000000000005,1.523,-0.022,311.368,0.1,-4.464,1.5270000000000001,-0.012,311.367,0.1,
-4.795999999999999,1.804,0.09,311.408,0.1,-4.775499999999999,1.7799999999999998,0.061,311.401,0.1,-4.7620000000000005,1.7465000000000002,0.052,311.394,0.1,-4.768000000000001,1.7145000000000001,0.0625,311.389,0.1,-4.79,1.6995,0.0725,311.386,0.1,-4.806,1.7065000000000001,0.06,311.385,0.1,-4.803,1.717,0.0335,311.381,0.1,-4.789,1.719,0.018000000000000002,311.374,0.1,-4.7715,1.709,0.0175,311.364,0.1,-4.747,1.695,0.008,311.356,0.1,-4.7105,1.673,-0.0245,311.351,0.1,-4.662,1.6325,-0.058499999999999996,311.346,0.1,-4.605,1.584,-0.0695,311.342,0.1,-4.547000000000001,1.548,-0.055999999999999994,311.341,0.1,-4.500500000000001,1.5354999999999999,-0.0345,311.342,0.1,-4.4745,1.5415,-0.016,311.344,0.1,
-4.8415,1.798,0.137,311.394,0.1,-4.824999999999999,1.7795,0.12,311.389,0.1,-4.8085,1.7530000000000001,0.1005,311.383,0.1,-4.801,1.7225000000000001,0.081,311.377,0.1,-4.8045,1.701,0.066,311.374,0.1,-4.8055,1.7005,0.0515,311.372,0.1,-4.7935,1.713,0.039,311.368,0.1,-4.7705,1.725,0.038,311.362,0.1,-4.744,1.7305000000000001,0.0475,311.354,0.1,-4.7170000000000005,1.7335,0.042499999999999996,311.349,0.1,-4.6865000000000006,1.7275,0.002,311.346,0.1,-4.6505,1.6965,-0.057499999999999996,311.34,0.1,-4.6105,1.6455000000000002,-0.0925,311.329,0.1,-4.5725,1.599,-0.087,311.32,0.1,-4.541499999999999,1.578,-0.059,311.315,0.1,-4.5184999999999995,1.5815000000000001,-0.032,311.316,0.1,
-4.9035,1.7715,0.177,311.37,0.1,-4.8765,1.7605,0.178,311.369,0.1,-4.8485,1.75,0.159,311.367,0.1,-4.8255,1.736,0.119,311.364,0.1,-4.808999999999999,1.7205,0.076,311.36,0.1,-4.791,1.7145000000000001,0.0505,311.357,0.1,-4.7635000000000005,1.721,0.0465,311.353,0.1,-4.728,1.7335,0.0595,311.349,0.1,-4.6935,1.7455,0.079,311.345,0.1,-4.6685,1.758,0.0825,311.343,0.1,-4.6505,1.7675,0.0465,311.343,0.1,-4.6305,1.7610000000000001,-0.023,311.337,0.1,-4.6080000000000005,1.7309999999999999,-0.08449999999999999,311.324,0.1,-4.5915,1.6909999999999998,-0.10450000000000001,311.307,0.1,-4.5825,1.6645,-0.091,311.295,0.1,-4.572,1.6575000000000002,-0.067,311.291,0.1,
-4.9544999999999995,1.751,0.1935,311.343,0.1,-4.9155,1.742,0.211,311.345,0.1,-4.8759999999999994,1.746,0.204,311.347,0.1,-4.841,1.754,0.1645,311.349,0.1,-4.811,1.7555,0.109,311.346,0.1,-4.7795,1.752,0.07050000000000001,311.342,0.1,-4.7395,1.7530000000000001,0.0645,311.337,0.1,-4.6925,1.7595,0.0815,311.335,0.1,-4.649,1.767,0.10200000000000001,311.334,0.1,-4.6205,1.7755,0.1085,311.334,0.1,-4.6065000000000005,1.788,0.08549999999999999,311.336,0.1,-4.596,1.802,0.028,311.332,0.1,-4.5845,1.807,-0.041999999999999996,311.32,0.1,-4.5809999999999995,1.795,-0.089,311.302,0.1,-4.5895,1.776,-0.10450000000000001,311.285,0.1,-4.5985,1.7610000000000001,-0.1,311.274,0.1,
-4.9805,1.7605,0.195,311.322,0.1,-4.939,1.749,0.213,311.322,0.1,-4.897,1.7574999999999998,0.2195,311.326,0.1,-4.859,1.7785,0.197,311.33,0.1,-4.823,1.7970000000000002,0.152,311.329,0.1,-4.7825,1.8035,0.112,311.325,0.1,-4.7325,1.8050000000000002,0.0975,311.319,0.1,-4.6765,1.807,0.1055,311.317,0.1,-4.624,1.807,0.11649999999999999,311.318,0.1,-4.5845,1.8025,0.1155,311.32,0.1,-4.5600000000000005,1.8014999999999999,0.0975,311.321,0.1,-4.543,1.8155000000000001,0.058,311.319,0.1,-4.529,1.8435000000000001,0.005,311.312,0.1,-4.526,1.8655,-0.043,311.298,0.1,-4.541,1.8695,-0.0765,311.281,0.1,-4.566,1.861,-0.097,311.265,0.1,
-4.994999999999999,1.7930000000000001,0.1905,311.306,0.1,-4.9575,1.7835,0.1975,311.303,0.1,-4.9175,1.791,0.207,311.304,0.1,-4.879,1.8125,0.20350000000000001,311.307,0.1,-4.838,1.8375,0.182,311.308,0.1,-4.788,1.853,0.1535,311.304,0.1,-4.7295,1.858,0.134,311.299,0.1,-4.6690000000000005,1.859,0.131,311.298,0.1,-4.612,1.8559999999999999,0.1315,311.299,0.1,-4.5634999999999994,1.843,0.1175,311.301,0.1,-4.524,1.826,0.087,311.3,0.1,-4.49,1.8235000000000001,0.0525,311.297,0.1,-4.462,1.8485,0.025,311.291,0.1,-4.448,1.885,0.0055,311.284,0.1,-4.4535,1.912,-0.017,311.273,0.1,-4.4725,1.9220000000000002,-0.0525,311.26,0.1,
-4.9825,1.8330000000000002,0.184,311.294,0.1,-4.9505,1.8315000000000001,0.1825,311.289,0.1,-4.912000000000001,1.8415,0.1875,311.288,0.1,-4.8695,1.859,0.1915,311.288,0.1,-4.8195,1.8780000000000001,0.1895,311.288,0.1,-4.759,1.891,0.1755,311.287,0.1,-4.693,1.8955,0.1605,311.284,0.1,-4.6305,1.895,0.157,311.283,0.1,-4.5760000000000005,1.8935,0.1545,311.285,0.1,-4.5265,1.8855,0.1305,311.287,0.1,-4.4755,1.8675,0.08249999999999999,311.284,0.1,-4.423,1.852,0.038000000000000006,311.277,0.1,-4.3774999999999995,1.857,0.025,311.27,0.1,-4.3495,1.879,0.036500000000000005,311.266,0.1,-4.3415,1.9064999999999999,0.0375,311.262,0.1,-4.346,1.9285,0.008,311.257,0.1,
-4.909,1.8785,0.1875,311.294,0.1,-4.8855,1.885,0.182,311.287,0.1,-4.8535,1.9025,0.1825,311.285,0.1,-4.811,1.9195,0.1815,311.282,0.1,-4.754,1.928,0.1785,311.28,0.1,-4.682,1.927,0.17049999999999998,311.279,0.1,-4.6065000000000005,1.9195,0.167,311.278,0.1,-4.5425,1.9104999999999999,0.175,311.278,0.1,-4.4955,1.9095,0.1825,311.279,0.1,-4.4544999999999995,1.915,0.1625,311.28,0.1,-4.403499999999999,1.914,0.108,311.277,0.1,-4.340999999999999,1.904,0.051500000000000004,311.269,0.1,-4.282,1.8915,0.0335,311.261,0.1,-4.2425,1.8845,0.0485,311.256,0.1,-4.2255,1.8875,0.0615,311.255,0.1,-4.221,1.899,0.048,311.254,0.1,
-4.8454999999999995,1.9255,0.2075,311.29,0.1,-4.8195,1.939,0.2015,311.284,0.1,-4.788,1.965,0.2,311.281,0.1,-4.7455,1.9865,0.1885,311.279,0.1,-4.689,1.9905,0.16949999999999998,311.276,0.1,-4.6185,1.9745,0.1555,311.271,0.1,-4.5435,1.9465,0.1565,311.268,0.1,-4.4795,1.9195,0.175,311.264,0.1,-4.434,1.9115,0.1965,311.264,0.1,-4.399,1.9255,0.1935,311.266,0.1,-4.3565000000000005,1.9465,0.1525,311.265,0.1,-4.298,1.9555,0.096,311.259,0.1,-4.234999999999999,1.942,0.0635,311.253,0.1,-4.184,1.916,0.06,311.248,0.1,-4.15,1.891,0.061,311.247,0.1,-4.125,1.878,0.051000000000000004,311.246,0.1,
-4.8605,1.967,0.238,311.266,0.1,-4.8155,1.988,0.23149999999999998,311.262,0.1,-4.77,2.0205,0.2305,311.264,0.1,-4.7215,2.0475000000000003,0.2125,311.266,0.1,-4.6685,2.0535,0.1805,311.265,0.1,-4.6125,2.0309999999999997,0.155,311.257,0.1,-4.554,1.988,0.147,311.245,0.1,-4.494,1.9445000000000001,0.1585,311.235,0.1,-4.439500000000001,1.9235,0.178,311.233,0.1,-4.396,1.9325,0.191,311.237,0.1,-4.356999999999999,1.963,0.1785,311.24,0.1,-4.3100000000000005,1.9889999999999999,0.14350000000000002,311.239,0.1,-4.252000000000001,1.9895,0.1095,311.235,0.1,-4.1905,1.966,0.08449999999999999,311.234,0.1,-4.129,1.9304999999999999,0.058499999999999996,311.233,0.1,-4.0675,1.8984999999999999,0.029,311.235,0.1,
-4.897,2.0115,0.2675,311.234,0.1,-4.8345,2.037,0.2645,311.234,0.1,-4.779,2.07,0.2625,311.238,0.1,-4.727,2.098,0.2435,311.244,0.1,-4.6765,2.107,0.2105,311.245,0.1,-4.629,2.088,0.1775,311.238,0.1,-4.579,2.0465,0.153,311.223,0.1,-4.5184999999999995,2.0015,0.1395,311.21,0.1,-4.452,1.9709999999999999,0.14,311.206,0.1,-4.394,1.9665,0.1545,311.209,0.1,-4.3495,1.9874999999999998,0.16949999999999998,311.214,0.1,-4.307,2.016,0.16849999999999998,311.217,0.1,-4.2535,2.0305,0.152,311.22,0.1,-4.188,2.0215,0.119,311.223,0.1,-4.115,1.993,0.069,311.225,0.1,-4.041,1.957,0.0125,311.226,0.1,
-4.906000000000001,2.037,0.292,311.206,0.1,-4.836,2.063,0.294,311.208,0.1,-4.7805,2.094,0.2935,311.214,0.1,-4.7315000000000005,2.121,0.279,311.22,0.1,-4.6805,2.131,0.2515,311.222,0.1,-4.627,2.116,0.2155,311.219,0.1,-4.569,2.08,0.177,311.209,0.1,-4.502000000000001,2.039,0.1395,311.199,0.1,-4.43,2.006,0.11449999999999999,311.193,0.1,-4.3655,1.994,0.11599999999999999,311.192,0.1,-4.3155,2.006,0.14300000000000002,311.196,0.1,-4.271,2.031,0.172,311.202,0.1,-4.219,2.05,0.1785,311.209,0.1,-4.1585,2.049,0.151,311.216,0.1,-4.098,2.027,0.0905,311.219,0.1,-4.0435,1.993,0.016,311.215,0.1,
-4.4915,1.683,0.0615,311.518,0.1,-4.476000000000001,1.6684999999999999,0.055,311.503,0.1,-4.474500000000001,1.668,0.086,311.495,0.1,-4.4765,1.6855,0.1185,311.496,0.1,-4.466,1.705,0.121,311.502,0.1,-4.4405,1.711,0.092,311.504,0.1,-4.409,1.7035,0.053500000000000006,311.501,0.1,-4.3805,1.6915,0.0195,311.493,0.1,-4.356,1.674,-0.0115,311.484,0.1,-4.33,1.649,-0.042499999999999996,311.475,0.1,-4.3,1.6244999999999998,-0.056,311.469,0.1,-4.271,1.6085,-0.041,311.468,0.1,-4.255,1.5985,-0.0125,311.468,0.1,-4.2575,1.588,0.0115,311.466,0.1,-4.265499999999999,1.5785,0.019,311.462,0.1,-4.2545,1.5765,-0.008,311.457,0.1,
-4.496,1.737,0.0545,311.506,0.1,-4.474500000000001,1.7165,0.0215,311.491,0.1,-4.4765,1.7015,0.044,311.48,0.1,-4.4915,1.7120000000000002,0.09,311.478,0.1,-4.4945,1.7365,0.111,311.483,0.1,-4.4735,1.7535,0.087,311.487,0.1,-4.4365000000000006,1.7525,0.0445,311.485,0.1,-4.4005,1.738,0.0085,311.48,0.1,-4.374499999999999,1.7109999999999999,-0.0155,311.471,0.1,-4.352,1.673,-0.038,311.463,0.1,-4.3235,1.6364999999999998,-0.0465,311.457,0.1,-4.2885,1.611,-0.031,311.456,0.1,-4.257,1.5965,-0.0085,311.459,0.1,-4.241,1.5885,0.004,311.461,0.1,-4.2435,1.5845,0.007,311.459,0.1,-4.2475000000000005,1.5895000000000001,-0.006500000000000001,311.453,0.1,
-4.499499999999999,1.7905,0.051500000000000004,311.494,0.1,-4.468500000000001,1.7695,0.0075,311.483,0.1,-4.4645,1.744,0.0175,311.472,0.1,-4.4855,1.7389999999999999,0.0675,311.467,0.1,-4.5055,1.7545,0.099,311.469,0.1,-4.5,1.7725,0.079,311.472,0.1,-4.4704999999999995,1.775,0.0345,311.471,0.1,-4.4395,1.761,0.0025,311.466,0.1,-4.4215,1.7315,-0.013,311.457,0.1,-4.406000000000001,1.693,-0.027999999999999997,311.448,0.1,-4.3759999999999994,1.6564999999999999,-0.039,311.442,0.1,-4.327999999999999,1.627,-0.0325,311.442,0.1,-4.271,1.607,-0.020499999999999997,311.446,0.1,-4.2235,1.5945,-0.015,311.452,0.1,-4.205,1.5895000000000001,-0.0115,311.454,0.1,-4.2095,1.5945,-0.011,311.448,0.1,
-4.5175,1.8285,0.057999999999999996,311.482,0.1,-4.4845,1.808,0.019,311.474,0.1,-4.47,1.7774999999999999,0.020499999999999997,311.465,0.1,-4.484,1.7565,0.058499999999999996,311.46,0.1,-4.5105,1.7559999999999998,0.0875,311.459,0.1,-4.521,1.7694999999999999,0.07100000000000001,311.459,0.1,-4.507,1.7774999999999999,0.0305,311.457,0.1,-4.487,1.7705,0.0035,311.452,0.1,-4.4745,1.75,-0.004,311.443,0.1,-4.458,1.7225000000000001,-0.0165,311.434,0.1,-4.4239999999999995,1.6925,-0.037000000000000005,311.429,0.1,-4.3705,1.658,-0.0475,311.427,0.1,-4.302,1.6265,-0.045,311.429,0.1,-4.234,1.6059999999999999,-0.036500000000000005,311.436,0.1,-4.1905,1.6,-0.026500000000000003,311.44,0.1,-4.179,1.6055000000000001,-0.0155,311.437,0.1,
-4.5425,1.849,0.0875,311.472,0.1,-4.5195,1.8290000000000002,0.057999999999999996,311.464,0.1,-4.5005,1.7974999999999999,0.049,311.456,0.1,-4.5,1.766,0.062,311.451,0.1,-4.516,1.751,0.075,311.449,0.1,-4.5275,1.7585,0.063,311.449,0.1,-4.522,1.7734999999999999,0.0335,311.446,0.1,-4.5075,1.7785,0.015,311.44,0.1,-4.4925,1.774,0.0135,311.431,0.1,-4.4705,1.7635,0.003,311.425,0.1,-4.4345,1.7445,-0.0305,311.421,0.1,-4.386,1.707,-0.066,311.418,0.1,-4.327500000000001,1.6625,-0.077,311.414,0.1,-4.266500000000001,1.631,-0.063,311.413,0.1,-4.2170000000000005,1.6225,-0.040499999999999994,311.414,0.1,-4.189500000000001,1.6315,-0.020499999999999997,311.415,0.1,
-4.5785,1.8495,0.1375,311.458,0.1,-4.5585,1.834,0.119,311.452,0.1,-4.536,1.8094999999999999,0.0985,311.446,0.1,-4.5215,1.7785,0.0795,311.441,0.1,-4.5195,1.7565,0.0655,311.438,0.1,-4.518,1.7559999999999998,0.0515,311.437,0.1,-4.5055,1.771,0.038,311.435,0.1,-4.484500000000001,1.786,0.035500000000000004,311.429,0.1,-4.461,1.7959999999999998,0.044,311.423,0.1,-4.436,1.803,0.0385,311.42,0.1,-4.407,1.8014999999999999,-0.003,311.419,0.1,-4.3715,1.775,-0.065,311.414,0.1,-4.332000000000001,1.73,-0.10200000000000001,311.403,0.1,-4.293,1.6905000000000001,-0.0955,311.392,0.1,-4.257,1.6749999999999998,-0.066,311.386,0.1,-4.227,1.6825,-0.037500000000000006,311.387,0.1,
-4.6335,1.8330000000000002,0.178,311.434,0.1,-4.599,1.8235000000000001,0.1785,311.433,0.1,-4.564,1.814,0.158,311.431,0.1,-4.535,1.799,0.11649999999999999,311.43,0.1,-4.5145,1.7825,0.073,311.426,0.1,-4.4955,1.7759999999999998,0.047,311.424,0.1,-4.468500000000001,1.7835,0.042499999999999996,311.422,0.1,-4.4335,1.798,0.056,311.419,0.1,-4.4,1.813,0.076,311.417,0.1,-4.374499999999999,1.8290000000000002,0.0805,311.417,0.1,-4.3545,1.845,0.045,311.419,0.1,-4.3335,1.845,-0.0275,311.414,0.1,-4.311,1.8225,-0.093,311.4,0.1,-4.2940000000000005,1.791,-0.11449999999999999,311.382,0.1,-4.282,1.7694999999999999,-0.0995,311.368,0.1,-4.265,1.7665,-0.07350000000000001,311.364,0.1,
-4.676,1.822,0.1925,311.407,0.1,-4.625,1.813,0.21,311.41,0.1,-4.5755,1.8165,0.2025,311.414,0.1,-4.5344999999999995,1.8239999999999998,0.162,311.417,0.1,-4.5025,1.825,0.10400000000000001,311.416,0.1,-4.470000000000001,1.8215,0.0645,311.412,0.1,-4.429,1.8235000000000001,0.057999999999999996,311.409,0.1,-4.381,1.831,0.075,311.408,0.1,-4.3355,1.8395000000000001,0.097,311.409,0.1,-4.303000000000001,1.85,0.1065,311.411,0.1,-4.284000000000001,1.8679999999999999,0.08549999999999999,311.415,0.1,-4.2684999999999995,1.8900000000000001,0.027,311.413,0.1,-4.2535,1.903,-0.047,311.401,0.1,-4.249499999999999,1.899,-0.0975,311.382,0.1,-4.2585,1.8845,-0.112,311.364,0.1,-4.266,1.8719999999999999,-0.1065,311.353,0.1,
-4.6865000000000006,1.8370000000000002,0.1915,311.388,0.1,-4.6315,1.8239999999999998,0.2095,311.39,0.1,-4.5785,1.8325,0.2165,311.395,0.1,-4.5344999999999995,1.854,0.1935,311.402,0.1,-4.496,1.8735,0.1465,311.404,0.1,-4.454000000000001,1.8815,0.10450000000000001,311.4,0.1,-4.4025,1.885,0.089,311.396,0.1,-4.3435,1.888,0.0975,311.395,0.1,-4.286,1.8875000000000002,0.1095,311.398,0.1,-4.24,1.883,0.111,311.402,0.1,-4.208,1.8845,0.096,311.405,0.1,-4.1845,1.904,0.0575,311.406,0.1,-4.1665,1.939,0.003,311.399,0.1,-4.162,1.9665,-0.0475,311.385,0.1,-4.1785,1.9739999999999998,-0.0815,311.368,0.1,-4.2065,1.967,-0.10250000000000001,311.353,0.1,
-4.6825,1.8705,0.1865,311.374,0.1,-4.633,1.8595,0.193,311.373,0.1,-4.5835,1.8685,0.202,311.377,0.1,-4.539,1.892,0.199,311.383,0.1,-4.494,1.9195,0.177,311.386,0.1,-4.442,1.9375,0.147,311.384,0.1,-4.3815,1.945,0.1265,311.38,0.1,-4.316000000000001,1.9475,0.1245,311.381,0.1,-4.253,1.9435,0.125,311.384,0.1,-4.1975,1.9285,0.111,311.388,0.1,-4.150499999999999,1.91,0.082,311.39,0.1,-4.1105,1.9085,0.0485,311.389,0.1,-4.0794999999999995,1.9369999999999998,0.0225,311.384,0.1,-4.0649999999999995,1.977,0.004,311.377,0.1,-4.0715,2.0054999999999996,-0.0185,311.367,0.1,-4.093999999999999,2.018,-0.0545,311.355,0.1,
-4.65,1.9085,0.181,311.366,0.1,-4.609999999999999,1.9075,0.1785,311.363,0.1,-4.564,1.92,0.1815,311.365,0.1,-4.516500000000001,1.94,0.1855,311.368,0.1,-4.463,1.9625,0.1835,311.37,0.1,-4.3995,1.978,0.16999999999999998,311.371,0.1,-4.33,1.9835,0.155,311.37,0.1,-4.263,1.984,0.1525,311.371,0.1,-4.202500000000001,1.982,0.15,311.376,0.1,-4.1465,1.9705,0.1245,311.379,0.1,-4.09,1.9475,0.075,311.379,0.1,-4.0335,1.93,0.029500000000000002,311.373,0.1,-3.9865000000000004,1.935,0.019,311.365,0.1,-3.9585,1.9595,0.034,311.361,0.1,-3.951,1.9874999999999998,0.0375,311.359,0.1,-3.957,2.013,0.009000000000000001,311.355,0.1,
-4.553,1.9529999999999998,0.1835,311.37,0.1,-4.5275,1.9625,0.1775,311.365,0.1,-4.4935,1.9825,0.176,311.365,0.1,-4.4485,2.0015,0.1735,311.365,0.1,-4.3885000000000005,2.013,0.17049999999999998,311.365,0.1,-4.3125,2.0135,0.163,311.366,0.1,-4.231999999999999,2.0055,0.1605,311.367,0.1,-4.1635,1.9955,0.17049999999999998,311.369,0.1,-4.112,1.9935,0.1795,311.373,0.1,-4.0665,1.9949999999999999,0.159,311.376,0.1,-4.0115,1.9895,0.1,311.374,0.1,-3.9459999999999997,1.9769999999999999,0.0405,311.366,0.1,-3.886,1.9635,0.023,311.357,0.1,-3.8475,1.9575,0.041999999999999996,311.352,0.1,-3.833,1.9609999999999999,0.059,311.352,0.1,-3.8305,1.976,0.0485,311.351,0.1,
-4.4755,2.004,0.2015,311.368,0.1,-4.4505,2.021,0.196,311.364,0.1,-4.42,2.049,0.1935,311.364,0.1,-4.377000000000001,2.072,0.1805,311.365,0.1,-4.318,2.077,0.1595,311.364,0.1,-4.2435,2.0620000000000003,0.14550000000000002,311.361,0.1,-4.164,2.0330000000000004,0.1475,311.358,0.1,-4.0954999999999995,2.0035,0.16849999999999998,311.357,0.1,-4.045999999999999,1.9915,0.193,311.358,0.1,-4.0075,2.002,0.1905,311.362,0.1,-3.9615,2.021,0.1465,311.363,0.1,-3.9005,2.0294999999999996,0.086,311.357,0.1,-3.8375,2.0170000000000003,0.052000000000000005,311.349,0.1,-3.7889999999999997,1.991,0.0495,311.344,0.1,-3.758,1.9665,0.053000000000000005,311.343,0.1,-3.7350000000000003,1.955,0.0465,311.342,0.1,
-4.4945,2.0525,0.2295,311.345,0.1,-4.45,2.0765000000000002,0.2245,311.343,0.1,-4.4045000000000005,2.1105,0.2235,311.347,0.1,-4.354,2.1375,0.20450000000000002,311.353,0.1,-4.298,2.1435,0.17099999999999999,311.354,0.1,-4.2405,2.122,0.14400000000000002,311.348,0.1,-4.1805,2.0785,0.136,311.336,0.1,-4.116,2.0309999999999997,0.1485,311.326,0.1,-4.0545,2.003,0.17149999999999999,311.326,0.1,-4.005,2.0084999999999997,0.1865,311.332,0.1,-3.9625,2.0385,0.1735,311.336,0.1,-3.9135,2.068,0.136,311.335,0.1,-3.856,2.072,0.0995,311.332,0.1,-3.7969999999999997,2.05,0.07300000000000001,311.33,0.1,-3.7375,2.0145,0.047,311.331,0.1,-3.676,1.9815,0.019,311.333,0.1,
-4.5445,2.1025,0.2565,311.312,0.1,-4.4805,2.1310000000000002,0.255,311.314,0.1,-4.422499999999999,2.165,0.2545,311.322,0.1,-4.367,2.192,0.236,311.331,0.1,-4.3135,2.2005,0.2015,311.335,0.1,-4.265000000000001,2.181,0.16599999999999998,311.329,0.1,-4.2135,2.1384999999999996,0.1405,311.314,0.1,-4.148,2.089,0.1265,311.3,0.1,-4.073,2.052,0.128,311.297,0.1,-4.0065,2.043,0.14450000000000002,311.302,0.1,-3.957,2.0645,0.162,311.309,0.1,-3.9124999999999996,2.099,0.1615,311.314,0.1,-3.859,2.1185,0.14350000000000002,311.318,0.1,-3.7945,2.113,0.1085,311.323,0.1,-3.722,2.085,0.0565,311.327,0.1,-3.6465,2.0475000000000003,-0.001,311.33,0.1,
-4.5665,2.13,0.27749999999999997,311.285,0.1,-4.494,2.159,0.28200000000000003,311.289,0.1,-4.435499999999999,2.191,0.28400000000000003,311.298,0.1,-4.382,2.217,0.2705,311.307,0.1,-4.327,2.226,0.2425,311.312,0.1,-4.269500000000001,2.209,0.20450000000000002,311.31,0.1,-4.2059999999999995,2.171,0.1635,311.301,0.1,-4.132,2.126,0.1245,311.291,0.1,-4.0515,2.088,0.099,311.285,0.1,-3.979,2.071,0.10300000000000001,311.286,0.1,-3.924,2.084,0.133,311.291,0.1,-3.8765,2.115,0.1645,311.3,0.1,-3.822,2.14,0.17099999999999999,311.31,0.1,-3.76,2.143,0.14100000000000001,311.321,0.1,-3.6995,2.122,0.078,311.327,0.1,-3.6464999999999996,2.087,0.0019999999999999996,311.325,0.1,
-4.127,1.7160000000000002,0.054000000000000006,311.594,0.1,-4.1080000000000005,1.7075,0.049,311.578,0.1,-4.102,1.7095,0.084,311.571,0.1,-4.098000000000001,1.725,0.119,311.574,0.1,-4.080500000000001,1.74,0.119,311.581,0.1,-4.0495,1.744,0.086,311.585,0.1,-4.0184999999999995,1.7389999999999999,0.0445,311.58,0.1,-3.996,1.734,0.010499999999999999,311.571,0.1,-3.9775,1.7285,-0.0185,311.56,0.1,-3.9524999999999997,1.717,-0.047,311.551,0.1,-3.9165,1.7029999999999998,-0.057999999999999996,311.547,0.1,-3.876,1.696,-0.042499999999999996,311.547,0.1,-3.8445,1.694,-0.0135,311.55,0.1,-3.832,1.6885,0.009999999999999998,311.551,0.1,-3.8295,1.6775,0.017,311.55,0.1,-3.8135,1.67,-0.0115,311.548,0.1,
-4.1205,1.7655,0.045,311.584,0.1,-4.1,1.7545,0.013000000000000001,311.569,0.1,-4.102,1.7465000000000002,0.0395,311.558,0.1,-4.114,1.7570000000000001,0.0905,311.557,0.1,-4.1114999999999995,1.779,0.111,311.563,0.1,-4.085,1.7925,0.083,311.568,0.1,-4.045,1.792,0.037500000000000006,311.566,0.1,-4.008,1.7850000000000001,0.0015,311.559,0.1,-3.98,1.7705,-0.020999999999999998,311.55,0.1,-3.951,1.7469999999999999,-0.041499999999999995,311.542,0.1,-3.91,1.7195,-0.0495,311.538,0.1,-3.859,1.6989999999999998,-0.0335,311.54,0.1,-3.811,1.685,-0.011,311.546,0.1,-3.783,1.673,0.002,311.55,0.1,-3.7824999999999998,1.663,0.0055,311.551,0.1,-3.793,1.6635,-0.008,311.547,0.1,
-4.119,1.8145,0.042499999999999996,311.575,0.1,-4.089,1.8039999999999998,-0.001,311.563,0.1,-4.085,1.7885,0.0125,311.551,0.1,-4.104,1.7854999999999999,0.067,311.546,0.1,-4.12,1.7999999999999998,0.101,311.549,0.1,-4.1080000000000005,1.8145,0.079,311.553,0.1,-4.07,1.818,0.0315,311.553,0.1,-4.0305,1.8115,-0.0025,311.548,0.1,-4.0035,1.794,-0.017,311.539,0.1,-3.9764999999999997,1.7675,-0.032,311.531,0.1,-3.9335,1.737,-0.043,311.528,0.1,-3.873,1.71,-0.037000000000000005,311.53,0.1,-3.806,1.6875,-0.025,311.537,0.1,-3.7545,1.669,-0.019000000000000003,311.544,0.1,-3.741,1.6585,-0.014499999999999999,311.546,0.1,-3.759,1.6615,-0.013000000000000001,311.541,0.1,
-4.1370000000000005,1.8535,0.051500000000000004,311.563,0.1,-4.101,1.843,0.0125,311.554,0.1,-4.082,1.8225,0.016,311.544,0.1,-4.090999999999999,1.804,0.058,311.539,0.1,-4.1129999999999995,1.8025,0.09,311.539,0.1,-4.116,1.8130000000000002,0.073,311.541,0.1,-4.0905000000000005,1.8225,0.028999999999999998,311.54,0.1,-4.0575,1.822,0.0,311.535,0.1,-4.032500000000001,1.8094999999999999,-0.0085,311.528,0.1,-4.0055,1.7894999999999999,-0.020999999999999998,311.522,0.1,-3.9635,1.7625000000000002,-0.042499999999999996,311.52,0.1,-3.9055,1.732,-0.054,311.52,0.1,-3.8355,1.7035,-0.051000000000000004,311.523,0.1,-3.771,1.6844999999999999,-0.041999999999999996,311.529,0.1,-3.7385,1.678,-0.032,311.531,0.1,-3.742,1.683,-0.019999999999999997,311.527,0.1,
-4.1625,1.8795000000000002,0.08399999999999999,311.551,0.1,-4.1335,1.869,0.054,311.543,0.1,-4.105,1.8455,0.045,311.535,0.1,-4.0945,1.815,0.0605,311.53,0.1,-4.1015,1.7974999999999999,0.0765,311.53,0.1,-4.104,1.802,0.0645,311.531,0.1,-4.088,1.8165,0.0325,311.529,0.1,-4.062,1.825,0.0115,311.524,0.1,-4.037000000000001,1.8239999999999998,0.009,311.518,0.1,-4.0085,1.8170000000000002,-0.0025,311.515,0.1,-3.9705,1.8005,-0.037500000000000006,311.515,0.1,-3.924,1.771,-0.07400000000000001,311.513,0.1,-3.871,1.7389999999999999,-0.08499999999999999,311.509,0.1,-3.8175,1.7200000000000002,-0.07050000000000001,311.507,0.1,-3.777,1.7185000000000001,-0.047,311.506,0.1,-3.7584999999999997,1.7275,-0.026000000000000002,311.505,0.1,
-4.191,1.8895,0.1365,311.537,0.1,-4.1655,1.8820000000000001,0.11699999999999999,311.531,0.1,-4.133,1.861,0.0955,311.525,0.1,-4.106,1.828,0.0765,311.521,0.1,-4.0915,1.801,0.064,311.519,0.1,-4.0794999999999995,1.796,0.051,311.52,0.1,-4.058,1.8085,0.0365,311.519,0.1,-4.029,1.823,0.0325,311.515,0.1,-4.000500000000001,1.8335,0.04,311.512,0.1,-3.974,1.8425,0.034,311.512,0.1,-3.9459999999999997,1.845,-0.0085,311.514,0.1,-3.9145000000000003,1.83,-0.07300000000000001,311.51,0.1,-3.882,1.8035,-0.1115,311.498,0.1,-3.851,1.7835,-0.10450000000000001,311.486,0.1,-3.8205,1.7805,-0.07400000000000001,311.478,0.1,-3.7910000000000004,1.7890000000000001,-0.0445,311.479,0.1,
-4.232,1.8855,0.1775,311.514,0.1,-4.1915,1.88,0.1775,311.513,0.1,-4.148,1.8679999999999999,0.1555,311.512,0.1,-4.109,1.8465,0.113,311.511,0.1,-4.077999999999999,1.823,0.0685,311.51,0.1,-4.047499999999999,1.8105,0.042499999999999996,311.509,0.1,-4.0115,1.8145,0.038,311.508,0.1,-3.972,1.8265,0.051500000000000004,311.506,0.1,-3.9370000000000003,1.8395000000000001,0.07200000000000001,311.506,0.1,-3.912,1.857,0.078,311.509,0.1,-3.8935,1.8784999999999998,0.042499999999999996,311.514,0.1,-3.875,1.891,-0.0325,311.51,0.1,-3.8565,1.887,-0.10250000000000001,311.496,0.1,-3.8434999999999997,1.875,-0.125,311.477,0.1,-3.832,1.8675000000000002,-0.1085,311.462,0.1,-3.811,1.8679999999999999,-0.081,311.459,0.1,
-4.2615,1.8824999999999998,0.19,311.489,0.1,-4.199999999999999,1.8719999999999999,0.2075,311.492,0.1,-4.1425,1.8695,0.2,311.497,0.1,-4.0945,1.8679999999999999,0.1575,311.502,0.1,-4.0535,1.861,0.098,311.503,0.1,-4.0120000000000005,1.8525,0.056999999999999995,311.5,0.1,-3.9645,1.8515000000000001,0.0495,311.498,0.1,-3.9135,1.8555000000000001,0.067,311.497,0.1,-3.868,1.8605,0.0905,311.499,0.1,-3.836,1.8695,0.10300000000000001,311.504,0.1,-3.817,1.8925,0.085,311.51,0.1,-3.8015,1.9255,0.025500000000000002,311.51,0.1,-3.786,1.9525000000000001,-0.053000000000000005,311.498,0.1,-3.7794999999999996,1.964,-0.106,311.479,0.1,-3.7835,1.9609999999999999,-0.1205,311.462,0.1,-3.784,1.9545,-0.1135,311.452,0.1,
-4.258,1.8944999999999999,0.1865,311.47,0.1,-4.189,1.877,0.20450000000000002,311.473,0.1,-4.127000000000001,1.879,0.2115,311.481,0.1,-4.0765,1.893,0.1885,311.489,0.1,-4.032500000000001,1.9060000000000001,0.14,311.494,0.1,-3.9855,1.9115,0.0955,311.492,0.1,-3.9299999999999997,1.9140000000000001,0.079,311.488,0.1,-3.8695,1.913,0.088,311.487,0.1,-3.8120000000000003,1.9075,0.101,311.49,0.1,-3.7655000000000003,1.8984999999999999,0.105,311.495,0.1,-3.733,1.9015,0.0935,311.501,0.1,-3.7085,1.9285,0.0565,311.504,0.1,-3.6865,1.9725000000000001,0.0005,311.498,0.1,-3.6745,2.0095,-0.052500000000000005,311.486,0.1,-3.6814999999999998,2.0229999999999997,-0.087,311.47,0.1,-3.7,2.0215,-0.1075,311.457,0.1,
-4.2395,1.9180000000000001,0.1815,311.457,0.1,-4.1754999999999995,1.9024999999999999,0.187,311.458,0.1,-4.116,1.906,0.196,311.464,0.1,-4.066000000000001,1.9245,0.1935,311.473,0.1,-4.018,1.9485000000000001,0.17099999999999999,311.479,0.1,-3.964,1.965,0.139,311.479,0.1,-3.9025,1.973,0.118,311.476,0.1,-3.8365,1.9725000000000001,0.11699999999999999,311.476,0.1,-3.7725,1.963,0.11699999999999999,311.48,0.1,-3.7155,1.9420000000000002,0.10350000000000001,311.485,0.1,-3.667,1.9209999999999998,0.0755,311.488,0.1,-3.625,1.9224999999999999,0.044,311.489,0.1,-3.5895,1.956,0.02,311.487,0.1,-3.567,1.9994999999999998,0.0025,311.482,0.1,-3.5629999999999997,2.0285,-0.0195,311.474,0.1,-3.5759999999999996,2.0435,-0.0555,311.465,0.1,
-4.1915,1.945,0.177,311.45,0.1,-4.1419999999999995,1.9415,0.173,311.45,0.1,-4.0895,1.9489999999999998,0.175,311.455,0.1,-4.0385,1.9649999999999999,0.1785,311.461,0.1,-3.9835000000000003,1.9845,0.1765,311.467,0.1,-3.92,1.9985,0.1635,311.469,0.1,-3.8505000000000003,2.005,0.149,311.468,0.1,-3.783,2.005,0.1475,311.47,0.1,-3.722,1.9985,0.1445,311.474,0.1,-3.6639999999999997,1.9795,0.118,311.479,0.1,-3.605,1.9505,0.0665,311.48,0.1,-3.5465,1.9315,0.0205,311.477,0.1,-3.4955,1.9385,0.0135,311.472,0.1,-3.461,1.964,0.032,311.47,0.1,-3.4459999999999997,1.9905,0.0385,311.47,0.1,-3.4465000000000003,2.0175,0.010499999999999999,311.467,0.1,
-4.0855,1.9775,0.1785,311.454,0.1,-4.057,1.9885,0.1725,311.453,0.1,-4.0215,2.004,0.16849999999999998,311.456,0.1,-3.9764999999999997,2.0175,0.1645,311.459,0.1,-3.9165,2.025,0.161,311.462,0.1,-3.8405,2.025,0.155,311.464,0.1,-3.7595,2.0185,0.154,311.466,0.1,-3.6900000000000004,2.0105,0.166,311.468,0.1,-3.638,2.0045,0.1765,311.473,0.1,-3.5915,1.9979999999999998,0.1545,311.477,0.1,-3.5345,1.9835,0.092,311.478,0.1,-3.4654999999999996,1.9665,0.029,311.472,0.1,-3.401,1.9545,0.013,311.466,0.1,-3.358,1.9505,0.036000000000000004,311.464,0.1,-3.339,1.955,0.057,311.464,0.1,-3.3354999999999997,1.9735,0.049,311.464,0.1,
-4.006,2.018,0.1945,311.452,0.1,-3.9835000000000003,2.041,0.1895,311.452,0.1,-3.9565,2.065,0.186,311.455,0.1,-3.9154999999999998,2.0795000000000003,0.17099999999999999,311.459,0.1,-3.8565,2.0795,0.149,311.46,0.1,-3.7800000000000002,2.0655,0.135,311.459,0.1,-3.6975,2.0404999999999998,0.138,311.458,0.1,-3.6265,2.0134999999999996,0.1615,311.456,0.1,-3.5755,1.9975,0.1895,311.459,0.1,-3.536,2.0,0.188,311.465,0.1,-3.488,2.011,0.14,311.469,0.1,-3.423,2.0175,0.07550000000000001,311.466,0.1,-3.356,2.008,0.04,311.461,0.1,-3.3055000000000003,1.9855,0.039,311.457,0.1,-3.275,1.9645000000000001,0.045,311.456,0.1,-3.255,1.956,0.041499999999999995,311.454,0.1,
-4.029,2.064,0.2205,311.431,0.1,-3.989,2.0945,0.217,311.432,0.1,-3.9485,2.124,0.2165,311.44,0.1,-3.9005,2.1414999999999997,0.196,311.447,0.1,-3.8440000000000003,2.1405,0.1605,311.45,0.1,-3.783,2.1205,0.132,311.446,0.1,-3.7169999999999996,2.0825,0.1245,311.435,0.1,-3.646,2.0374999999999996,0.138,311.427,0.1,-3.5805,2.0055,0.164,311.428,0.1,-3.529,2.0045,0.1815,311.437,0.1,-3.4845,2.0315,0.168,311.446,0.1,-3.433,2.064,0.1275,311.448,0.1,-3.3735,2.073,0.0885,311.447,0.1,-3.3155,2.0545,0.061,311.446,0.1,-3.26,2.0220000000000002,0.035,311.445,0.1,-3.2030000000000003,1.989,0.0085,311.445,0.1,
-4.0885,2.1185,0.245,311.401,0.1,-4.027,2.1505,0.245,311.405,0.1,-3.9725,2.18,0.246,311.415,0.1,-3.9195,2.1975,0.228,311.426,0.1,-3.865,2.1975,0.192,311.432,0.1,-3.8120000000000003,2.177,0.1545,311.427,0.1,-3.753,2.1375,0.1275,311.413,0.1,-3.6785,2.09,0.11299999999999999,311.402,0.1,-3.5965,2.0505,0.11549999999999999,311.401,0.1,-3.527,2.0395000000000003,0.134,311.41,0.1,-3.4775,2.0625,0.154,311.421,0.1,-3.434,2.1029999999999998,0.1545,311.429,0.1,-3.3815,2.128,0.1345,311.434,0.1,-3.3185000000000002,2.125,0.0975,311.438,0.1,-3.248,2.098,0.0435,311.441,0.1,-3.173,2.0605,-0.0145,311.443,0.1,
-4.122,2.149,0.2625,311.377,0.1,-4.05,2.18,0.2695,311.382,0.1,-3.992,2.208,0.274,311.393,0.1,-3.9385000000000003,2.224,0.262,311.404,0.1,-3.8805,2.224,0.23299999999999998,311.41,0.1,-3.817,2.204,0.1935,311.41,0.1,-3.7455,2.167,0.1505,311.403,0.1,-3.6624999999999996,2.123,0.1095,311.395,0.1,-3.5755,2.084,0.08349999999999999,311.393,0.1,-3.5025,2.068,0.089,311.396,0.1,-3.4505,2.084,0.1225,311.404,0.1,-3.4059999999999997,2.122,0.157,311.414,0.1,-3.3535,2.152,0.163,311.425,0.1,-3.291,2.157,0.131,311.436,0.1,-3.2264999999999997,2.136,0.066,311.442,0.1,-3.1675,2.102,-0.012,311.44,0.1,
-3.7625,1.7485,0.0465,311.669,0.1,-3.7395,1.7469999999999999,0.043,311.654,0.1,-3.7295,1.751,0.082,311.648,0.1,-3.719,1.764,0.1195,311.652,0.1,-3.694,1.7755,0.11699999999999999,311.661,0.1,-3.6585,1.7765,0.0795,311.666,0.1,-3.6285,1.7734999999999999,0.036000000000000004,311.66,0.1,-3.6115,1.776,0.002,311.649,0.1,-3.599,1.7835,-0.025500000000000002,311.637,0.1,-3.5755,1.7845,-0.051500000000000004,311.628,0.1,-3.5335,1.7814999999999999,-0.06,311.624,0.1,-3.4805,1.7835,-0.0435,311.626,0.1,-3.4335,1.7894999999999999,-0.014499999999999999,311.631,0.1,-3.4065000000000003,1.789,0.0085,311.635,0.1,-3.394,1.777,0.015,311.637,0.1,-3.373,1.7625,-0.015,311.639,0.1,
-3.745,1.7934999999999999,0.035500000000000004,311.663,0.1,-3.725,1.792,0.0045,311.647,0.1,-3.7270000000000003,1.7915,0.035,311.636,0.1,-3.7359999999999998,1.8025,0.091,311.636,0.1,-3.7285,1.822,0.111,311.644,0.1,-3.697,1.831,0.079,311.649,0.1,-3.654,1.831,0.031,311.647,0.1,-3.616,1.8315000000000001,-0.005,311.639,0.1,-3.5860000000000003,1.8305,-0.026500000000000003,311.629,0.1,-3.5505,1.8205,-0.045,311.621,0.1,-3.497,1.8025,-0.0525,311.619,0.1,-3.429,1.7865,-0.036500000000000005,311.624,0.1,-3.3644999999999996,1.7734999999999999,-0.0135,311.633,0.1,-3.3255,1.7574999999999998,0.0005,311.64,0.1,-3.3225,1.741,0.0045000000000000005,311.643,0.1,-3.3385,1.737,-0.0095,311.64,0.1,
-3.738,1.839,0.0335,311.655,0.1,-3.7085,1.838,-0.0095,311.642,0.1,-3.705,1.8325,0.007,311.63,0.1,-3.723,1.832,0.067,311.625,0.1,-3.7344999999999997,1.8450000000000002,0.103,311.63,0.1,-3.7155,1.8570000000000002,0.079,311.634,0.1,-3.6695,1.861,0.028499999999999998,311.634,0.1,-3.6215,1.862,-0.006999999999999999,311.629,0.1,-3.5854999999999997,1.8570000000000002,-0.0215,311.621,0.1,-3.5469999999999997,1.8415,-0.035500000000000004,311.615,0.1,-3.491,1.818,-0.047,311.615,0.1,-3.4185,1.7925,-0.041499999999999995,311.619,0.1,-3.3415,1.768,-0.0295,311.627,0.1,-3.2855,1.7435,-0.023,311.636,0.1,-3.277,1.727,-0.0175,311.639,0.1,-3.3085,1.729,-0.015,311.633,0.1,
-3.757,1.8784999999999998,0.045,311.643,0.1,-3.718,1.8780000000000001,0.006,311.634,0.1,-3.6945,1.867,0.0115,311.624,0.1,-3.699,1.851,0.0575,311.618,0.1,-3.716,1.848,0.0925,311.619,0.1,-3.711,1.8570000000000002,0.075,311.622,0.1,-3.674,1.8679999999999999,0.0275,311.622,0.1,-3.6275,1.8735,-0.004,311.619,0.1,-3.59,1.87,-0.013,311.613,0.1,-3.5525,1.8559999999999999,-0.025500000000000002,311.609,0.1,-3.503,1.833,-0.048,311.61,0.1,-3.4405,1.8054999999999999,-0.06,311.613,0.1,-3.3689999999999998,1.7810000000000001,-0.056999999999999995,311.616,0.1,-3.308,1.763,-0.048,311.622,0.1,-3.2855,1.756,-0.037500000000000006,311.623,0.1,-3.3040000000000003,1.7605,-0.024,311.618,0.1,
-3.7824999999999998,1.9095,0.0805,311.63,0.1,-3.748,1.9095,0.05,311.623,0.1,-3.7105,1.8935,0.040999999999999995,311.614,0.1,-3.689,1.864,0.059,311.61,0.1,-3.6870000000000003,1.844,0.078,311.611,0.1,-3.6805000000000003,1.8450000000000002,0.066,311.613,0.1,-3.6535,1.8595000000000002,0.032,311.613,0.1,-3.6159999999999997,1.8715,0.0085,311.609,0.1,-3.581,1.875,0.0045000000000000005,311.606,0.1,-3.5465,1.8704999999999998,-0.0075,311.605,0.1,-3.5065,1.8565,-0.044,311.608,0.1,-3.4619999999999997,1.834,-0.08199999999999999,311.608,0.1,-3.4139999999999997,1.8155000000000001,-0.093,311.604,0.1,-3.3685,1.8094999999999999,-0.0775,311.6,0.1,-3.3375,1.8145,-0.053500000000000006,311.597,0.1,-3.3274999999999997,1.8225,-0.032,311.595,0.1,
-3.8034999999999997,1.9300000000000002,0.1355,311.615,0.1,-3.7725,1.9300000000000002,0.115,311.61,0.1,-3.73,1.9125,0.0925,311.604,0.1,-3.6905,1.8775,0.0735,311.601,0.1,-3.6639999999999997,1.8465,0.0625,311.601,0.1,-3.6414999999999997,1.836,0.0505,311.603,0.1,-3.6109999999999998,1.8455,0.035,311.603,0.1,-3.5745,1.8595000000000002,0.0295,311.601,0.1,-3.5404999999999998,1.8715,0.036500000000000005,311.6,0.1,-3.5115,1.882,0.03,311.604,0.1,-3.4845,1.889,-0.014,311.608,0.1,-3.4575,1.884,-0.081,311.606,0.1,-3.432,1.877,-0.121,311.594,0.1,-3.409,1.8775,-0.11399999999999999,311.58,0.1,-3.3835,1.8860000000000001,-0.08199999999999999,311.571,0.1,-3.3545,1.8955000000000002,-0.051500000000000004,311.57,0.1,
-3.8305,1.939,0.1765,311.594,0.1,-3.784,1.936,0.1765,311.593,0.1,-3.7325,1.922,0.153,311.592,0.1,-3.683,1.8940000000000001,0.109,311.593,0.1,-3.6405000000000003,1.8639999999999999,0.064,311.593,0.1,-3.5995,1.8455,0.038,311.593,0.1,-3.5549999999999997,1.8455,0.0335,311.594,0.1,-3.511,1.8545,0.0465,311.593,0.1,-3.474,1.866,0.068,311.595,0.1,-3.4485,1.8849999999999998,0.0755,311.602,0.1,-3.4314999999999998,1.9125,0.04,311.608,0.1,-3.4154999999999998,1.936,-0.038000000000000006,311.606,0.1,-3.4015,1.9515,-0.1115,311.592,0.1,-3.393,1.96,-0.1355,311.571,0.1,-3.382,1.9655,-0.1175,311.556,0.1,-3.3565,1.9700000000000002,-0.0885,311.553,0.1,
-3.8465,1.943,0.1875,311.571,0.1,-3.7750000000000004,1.931,0.205,311.574,0.1,-3.7095000000000002,1.9224999999999999,0.1975,311.58,0.1,-3.654,1.912,0.153,311.586,0.1,-3.605,1.897,0.092,311.589,0.1,-3.5540000000000003,1.884,0.0495,311.588,0.1,-3.4995000000000003,1.8795000000000002,0.040999999999999995,311.587,0.1,-3.4465,1.88,0.059,311.587,0.1,-3.401,1.881,0.08399999999999999,311.59,0.1,-3.3689999999999998,1.8895,0.0995,311.596,0.1,-3.3505000000000003,1.917,0.0845,311.605,0.1,-3.3354999999999997,1.96,0.024,311.606,0.1,-3.319,2.0025,-0.059,311.595,0.1,-3.31,2.029,-0.11449999999999999,311.576,0.1,-3.309,2.0375,-0.1295,311.559,0.1,-3.302,2.037,-0.1205,311.551,0.1,
-3.83,1.9515,0.1815,311.552,0.1,-3.747,1.9300000000000002,0.1995,311.556,0.1,-3.675,1.9255,0.207,311.566,0.1,-3.618,1.9325,0.1835,311.577,0.1,-3.5685000000000002,1.939,0.1335,311.584,0.1,-3.516,1.9420000000000002,0.0865,311.583,0.1,-3.457,1.9425,0.069,311.58,0.1,-3.395,1.9385,0.078,311.58,0.1,-3.3369999999999997,1.927,0.0925,311.583,0.1,-3.2904999999999998,1.9140000000000001,0.099,311.589,0.1,-3.258,1.9184999999999999,0.0905,311.596,0.1,-3.232,1.9525000000000001,0.0555,311.601,0.1,-3.206,2.0065,-0.002,311.597,0.1,-3.1870000000000003,2.052,-0.057499999999999996,311.586,0.1,-3.184,2.072,-0.0925,311.572,0.1,-3.1925,2.0765000000000002,-0.1125,311.562,0.1,
-3.796,1.9655,0.1765,311.539,0.1,-3.7175,1.9455,0.1815,311.542,0.1,-3.6485,1.9435,0.19,311.552,0.1,-3.593,1.958,0.188,311.564,0.1,-3.542,1.9775,0.1645,311.573,0.1,-3.4859999999999998,1.9925000000000002,0.131,311.574,0.1,-3.4234999999999998,2.0,0.11,311.572,0.1,-3.357,1.9979999999999998,0.109,311.572,0.1,-3.2915,1.9825,0.109,311.576,0.1,-3.2329999999999997,1.9555,0.096,311.581,0.1,-3.183,1.932,0.069,311.586,0.1,-3.1395,1.936,0.0395,311.59,0.1,-3.1,1.975,0.018000000000000002,311.59,0.1,-3.069,2.0220000000000002,0.0015,311.587,0.1,-3.0549999999999997,2.0515,-0.0205,311.581,0.1,-3.059,2.0694999999999997,-0.057,311.575,0.1,
-3.7335000000000003,1.981,0.173,311.534,0.1,-3.6734999999999998,1.9755,0.1675,311.536,0.1,-3.6145,1.9780000000000002,0.16849999999999998,311.544,0.1,-3.5605,1.99,0.17149999999999999,311.554,0.1,-3.5045,2.0065,0.16949999999999998,311.563,0.1,-3.441,2.019,0.1565,311.566,0.1,-3.3715,2.0255,0.14300000000000002,311.566,0.1,-3.3034999999999997,2.026,0.14250000000000002,311.568,0.1,-3.2409999999999997,2.0155000000000003,0.1395,311.573,0.1,-3.1814999999999998,1.9895,0.1115,311.578,0.1,-3.121,1.9529999999999998,0.057999999999999996,311.582,0.1,-3.0595,1.932,0.012,311.581,0.1,-3.004,1.9425,0.008,311.579,0.1,-2.963,1.9685000000000001,0.03,311.579,0.1,-2.9405,1.9935,0.0395,311.581,0.1,-2.9355,2.0225,0.012,311.58,0.1,
-3.6180000000000003,2.0015,0.1735,311.538,0.1,-3.5865,2.015,0.167,311.541,0.1,-3.5495,2.026,0.1615,311.547,0.1,-3.504,2.033,0.1555,311.554,0.1,-3.4450000000000003,2.037,0.1515,311.559,0.1,-3.3689999999999998,2.0365,0.147,311.563,0.1,-3.287,2.0315,0.1475,311.565,0.1,-3.2169999999999996,2.0255,0.1615,311.567,0.1,-3.1645,2.0164999999999997,0.1735,311.572,0.1,-3.117,2.001,0.15,311.578,0.1,-3.0575,1.9765000000000001,0.08399999999999999,311.581,0.1,-2.9850000000000003,1.9555,0.0175,311.579,0.1,-2.9165,1.9465,0.003,311.575,0.1,-2.8685,1.944,0.03,311.575,0.1,-2.8455,1.9485000000000001,0.055,311.577,0.1,-2.8415,1.971,0.0495,311.577,0.1,
-3.536,2.0324999999999998,0.1875,311.537,0.1,-3.5155000000000003,2.061,0.183,311.54,0.1,-3.4925,2.081,0.1785,311.547,0.1,-3.4535,2.0869999999999997,0.1615,311.553,0.1,-3.394,2.0815,0.1385,311.556,0.1,-3.316,2.069,0.1245,311.557,0.1,-3.231,2.048,0.1285,311.557,0.1,-3.1574999999999998,2.024,0.1545,311.556,0.1,-3.1055,2.004,0.186,311.56,0.1,-3.065,1.9975,0.1855,311.568,0.1,-3.0140000000000002,2.001,0.134,311.575,0.1,-2.9445,2.0055,0.0645,311.575,0.1,-2.8735,1.9994999999999998,0.028,311.572,0.1,-2.8215000000000003,1.9805000000000001,0.0285,311.57,0.1,-2.792,1.9615,0.037000000000000005,311.569,0.1,-2.7755,1.9569999999999999,0.036500000000000005,311.566,0.1,
-3.564,2.0755,0.2115,311.517,0.1,-3.5275,2.1115,0.209,311.521,0.1,-3.492,2.1375,0.209,311.532,0.1,-3.447,2.145,0.1875,311.541,0.1,-3.3899999999999997,2.137,0.15,311.546,0.1,-3.3255,2.1185,0.1205,311.544,0.1,-3.254,2.086,0.11299999999999999,311.534,0.1,-3.177,2.0445,0.128,311.527,0.1,-3.1065,2.008,0.1565,311.53,0.1,-3.053,2.0005,0.176,311.542,0.1,-3.007,2.0255,0.1625,311.555,0.1,-2.9525,2.06,0.119,311.561,0.1,-2.8915,2.074,0.0775,311.562,0.1,-2.8345000000000002,2.059,0.049,311.561,0.1,-2.7824999999999998,2.0285,0.0225,311.559,0.1,-2.73,1.9969999999999999,-0.0025,311.557,0.1,
-3.6325000000000003,2.1334999999999997,0.23349999999999999,311.49,0.1,-3.574,2.1695,0.235,311.496,0.1,-3.523,2.1955,0.238,311.509,0.1,-3.472,2.2030000000000003,0.22,311.521,0.1,-3.4165,2.194,0.182,311.529,0.1,-3.359,2.1725,0.14300000000000002,311.525,0.1,-3.2925,2.137,0.11449999999999999,311.513,0.1,-3.2089999999999996,2.091,0.0995,311.504,0.1,-3.1195,2.0495,0.10250000000000001,311.505,0.1,-3.0475000000000003,2.036,0.124,311.517,0.1,-2.999,2.061,0.146,311.532,0.1,-2.956,2.1065,0.147,311.543,0.1,-2.904,2.137,0.1255,311.55,0.1,-2.8425000000000002,2.1365,0.086,311.554,0.1,-2.7735000000000003,2.1105,0.0305,311.556,0.1,-2.6985,2.0735,-0.028000000000000004,311.555,0.1,
-3.677,2.167,0.2475,311.468,0.1,-3.6055,2.201,0.257,311.475,0.1,-3.5484999999999998,2.225,0.2645,311.487,0.1,-3.495,2.232,0.254,311.501,0.1,-3.4345,2.222,0.2235,311.509,0.1,-3.365,2.199,0.1825,311.51,0.1,-3.2845,2.164,0.137,311.505,0.1,-3.193,2.12,0.0945,311.5,0.1,-3.1005000000000003,2.081,0.068,311.501,0.1,-3.026,2.065,0.07500000000000001,311.507,0.1,-2.9770000000000003,2.084,0.112,311.517,0.1,-2.9365,2.128,0.149,311.529,0.1,-2.8855,2.163,0.155,311.541,0.1,-2.822,2.17,0.1215,311.55,0.1,-2.754,2.15,0.0535,311.556,0.1,-2.689,2.117,-0.026000000000000002,311.555,0.1,
-3.3985,1.7814999999999999,0.039,311.744,0.1,-3.3715,1.786,0.036500000000000005,311.73,0.1,-3.357,1.7925,0.0795,311.724,0.1,-3.3405,1.8035,0.1195,311.73,0.1,-3.308,1.811,0.1145,311.741,0.1,-3.267,1.8094999999999999,0.07250000000000001,311.746,0.1,-3.2375,1.809,0.0275,311.74,0.1,-3.2270000000000003,1.8185,-0.0065,311.727,0.1,-3.221,1.838,-0.033,311.714,0.1,-3.1980000000000004,1.8525,-0.056999999999999995,311.704,0.1,-3.1500000000000004,1.8599999999999999,-0.0635,311.702,0.1,-3.0855,1.871,-0.045,311.705,0.1,-3.023,1.885,-0.016,311.712,0.1,-2.981,1.889,0.0075,311.72,0.1,-2.958,1.876,0.0135,311.725,0.1,-2.9314999999999998,1.8559999999999999,-0.0175,311.731,0.1,
-3.3695,1.822,0.027,311.742,0.1,-3.35,1.8295,-0.004,311.726,0.1,-3.3515,1.8365,0.031,311.715,0.1,-3.358,1.8479999999999999,0.0905,311.715,0.1,-3.3449999999999998,1.8645,0.1105,311.724,0.1,-3.308,1.87,0.0745,311.73,0.1,-3.2625,1.871,0.024,311.727,0.1,-3.224,1.8780000000000001,-0.012,311.718,0.1,-3.1925,1.8905,-0.0325,311.708,0.1,-3.1500000000000004,1.8944999999999999,-0.05,311.701,0.1,-3.0835,1.8849999999999998,-0.056999999999999995,311.701,0.1,-2.9995000000000003,1.874,-0.04,311.708,0.1,-2.919,1.862,-0.0165,311.72,0.1,-2.8680000000000003,1.842,-0.0005,311.729,0.1,-2.8615000000000004,1.8195000000000001,0.0035,311.735,0.1,-2.8834999999999997,1.811,-0.01,311.733,0.1,
-3.3575,1.863,0.025500000000000002,311.735,0.1,-3.3289999999999997,1.8719999999999999,-0.018,311.722,0.1,-3.3255,1.877,0.0015,311.709,0.1,-3.3415,1.879,0.0665,311.704,0.1,-3.349,1.8904999999999998,0.1045,311.71,0.1,-3.3235,1.899,0.078,311.716,0.1,-3.269,1.9045,0.024,311.716,0.1,-3.2119999999999997,1.9125,-0.0125,311.711,0.1,-3.1665,1.92,-0.026500000000000003,311.703,0.1,-3.1174999999999997,1.916,-0.0395,311.698,0.1,-3.0495,1.898,-0.052000000000000005,311.701,0.1,-2.964,1.8755000000000002,-0.0465,311.708,0.1,-2.8760000000000003,1.8490000000000002,-0.034,311.718,0.1,-2.8155,1.818,-0.026500000000000003,311.728,0.1,-2.8125,1.796,-0.020999999999999998,311.731,0.1,-2.8579999999999997,1.796,-0.017,311.726,0.1,
-3.377,1.9035,0.039,311.723,0.1,-3.3345000000000002,1.9125,-0.0005,311.713,0.1,-3.3064999999999998,1.912,0.0055,311.703,0.1,-3.3064999999999998,1.8984999999999999,0.056,311.698,0.1,-3.318,1.894,0.095,311.7,0.1,-3.3055000000000003,1.9005,0.0765,311.704,0.1,-3.2575000000000003,1.9129999999999998,0.025500000000000002,311.705,0.1,-3.198,1.9249999999999998,-0.0085,311.703,0.1,-3.1479999999999997,1.9300000000000002,-0.0175,311.698,0.1,-3.0999999999999996,1.9224999999999999,-0.03,311.697,0.1,-3.0425,1.9035,-0.053,311.701,0.1,-2.9755000000000003,1.8795,-0.0655,311.705,0.1,-2.903,1.8585,-0.0625,311.71,0.1,-2.8455000000000004,1.8415,-0.054,311.715,0.1,-2.833,1.8345,-0.0435,311.714,0.1,-2.866,1.8375,-0.028999999999999998,311.708,0.1,
-3.4025,1.94,0.0765,311.709,0.1,-3.362,1.9489999999999998,0.045,311.702,0.1,-3.3155,1.9409999999999998,0.035500000000000004,311.694,0.1,-3.284,1.9129999999999998,0.0555,311.689,0.1,-3.2725,1.89,0.0785,311.691,0.1,-3.257,1.888,0.0675,311.695,0.1,-3.2195,1.9024999999999999,0.031,311.696,0.1,-3.1704999999999997,1.918,0.005,311.693,0.1,-3.1254999999999997,1.9255,0.0,311.693,0.1,-3.0845000000000002,1.9235,-0.012,311.696,0.1,-3.0425,1.9125,-0.0495,311.701,0.1,-2.9995000000000003,1.8969999999999998,-0.089,311.703,0.1,-2.9565,1.892,-0.1,311.699,0.1,-2.919,1.899,-0.08449999999999999,311.694,0.1,-2.8975,1.911,-0.0605,311.689,0.1,-2.896,1.9180000000000001,-0.038500000000000006,311.685,0.1,
-3.4154999999999998,1.9705,0.1325,311.694,0.1,-3.3795,1.9775,0.1115,311.688,0.1,-3.3280000000000003,1.9635,0.088,311.683,0.1,-3.2755,1.927,0.069,311.681,0.1,-3.2365,1.891,0.06,311.683,0.1,-3.2030000000000003,1.876,0.049,311.686,0.1,-3.1630000000000003,1.8825,0.033,311.687,0.1,-3.1189999999999998,1.8969999999999998,0.026500000000000003,311.686,0.1,-3.08,1.9095,0.0335,311.688,0.1,-3.0495,1.9215,0.027,311.695,0.1,-3.0235000000000003,1.932,-0.019000000000000003,311.703,0.1,-3.0005,1.938,-0.089,311.702,0.1,-2.9825,1.9505,-0.131,311.689,0.1,-2.967,1.9714999999999998,-0.1235,311.674,0.1,-2.9465000000000003,1.992,-0.0895,311.663,0.1,-2.918,2.002,-0.057999999999999996,311.661,0.1,
-3.429,1.992,0.1735,311.674,0.1,-3.377,1.9915,0.1735,311.673,0.1,-3.3175,1.9755,0.1495,311.673,0.1,-3.2575000000000003,1.9415,0.10400000000000001,311.675,0.1,-3.2035,1.9045,0.059,311.677,0.1,-3.1515,1.881,0.033,311.678,0.1,-3.099,1.8765,0.028,311.68,0.1,-3.0505,1.8824999999999998,0.041499999999999995,311.681,0.1,-3.0115,1.893,0.064,311.685,0.1,-2.9855,1.913,0.073,311.694,0.1,-2.9695,1.946,0.038,311.703,0.1,-2.9565,1.9815,-0.0435,311.702,0.1,-2.9465000000000003,2.016,-0.121,311.687,0.1,-2.942,2.045,-0.146,311.666,0.1,-2.932,2.064,-0.126,311.65,0.1,-2.902,2.072,-0.095,311.647,0.1,
-3.4314999999999998,2.0035,0.1825,311.652,0.1,-3.3505000000000003,1.9895,0.201,311.656,0.1,-3.277,1.9755,0.1935,311.663,0.1,-3.214,1.9555,0.1485,311.671,0.1,-3.1559999999999997,1.933,0.08549999999999999,311.676,0.1,-3.096,1.9155,0.041499999999999995,311.677,0.1,-3.035,1.9085,0.032,311.676,0.1,-2.979,1.9045,0.0505,311.677,0.1,-2.933,1.9015,0.0775,311.681,0.1,-2.9015,1.909,0.096,311.689,0.1,-2.8834999999999997,1.9409999999999998,0.084,311.7,0.1,-2.8685,1.995,0.0225,311.703,0.1,-2.8514999999999997,2.0519999999999996,-0.065,311.693,0.1,-2.84,2.0945,-0.1235,311.673,0.1,-2.8345000000000002,2.1145,-0.137,311.656,0.1,-2.8205,2.12,-0.1265,311.649,0.1,
-3.402,2.0090000000000003,0.1745,311.634,0.1,-3.3049999999999997,1.9835,0.1935,311.64,0.1,-3.2235,1.9725000000000001,0.202,311.651,0.1,-3.1605,1.971,0.178,311.665,0.1,-3.1055,1.9715,0.1265,311.674,0.1,-3.0475,1.972,0.0775,311.675,0.1,-2.9844999999999997,1.972,0.058499999999999996,311.673,0.1,-2.9204999999999997,1.964,0.0675,311.672,0.1,-2.862,1.9465,0.08299999999999999,311.676,0.1,-2.8155,1.9295,0.0925,311.683,0.1,-2.783,1.935,0.0875,311.692,0.1,-2.7560000000000002,1.977,0.0545,311.699,0.1,-2.726,2.0404999999999998,-0.004,311.696,0.1,-2.6995,2.0949999999999998,-0.0615,311.686,0.1,-2.6870000000000003,2.122,-0.0965,311.674,0.1,-2.686,2.1310000000000002,-0.116,311.666,0.1,
-3.3525,2.013,0.17049999999999998,311.621,0.1,-3.26,1.9885000000000002,0.1745,311.627,0.1,-3.181,1.9809999999999999,0.183,311.639,0.1,-3.12,1.9905,0.1815,311.654,0.1,-3.066,2.0060000000000002,0.158,311.666,0.1,-3.0085,2.0205,0.123,311.67,0.1,-2.9445,2.0275,0.1015,311.668,0.1,-2.877,2.0229999999999997,0.1005,311.668,0.1,-2.811,2.0025,0.1005,311.672,0.1,-2.751,1.9689999999999999,0.087,311.678,0.1,-2.6995,1.943,0.062,311.685,0.1,-2.654,1.9500000000000002,0.0345,311.691,0.1,-2.6105,1.9945,0.016,311.693,0.1,-2.572,2.044,0.001,311.691,0.1,-2.547,2.075,-0.021,311.688,0.1,-2.5410000000000004,2.0949999999999998,-0.0575,311.684,0.1,
-3.2755,2.0175,0.168,311.617,0.1,-3.206,2.0090000000000003,0.1615,311.623,0.1,-3.1395,2.007,0.1605,311.634,0.1,-3.082,2.0149999999999997,0.1635,311.647,0.1,-3.0255,2.0285,0.1625,311.659,0.1,-2.9619999999999997,2.0404999999999998,0.1495,311.664,0.1,-2.8925,2.0465,0.137,311.664,0.1,-2.824,2.0469999999999997,0.137,311.666,0.1,-2.76,2.033,0.134,311.671,0.1,-2.6985,1.9985,0.10400000000000001,311.678,0.1,-2.636,1.956,0.0485,311.684,0.1,-2.5725,1.933,0.0025,311.686,0.1,-2.5135,1.946,0.002,311.686,0.1,-2.466,1.9725000000000001,0.0285,311.688,0.1,-2.436,1.996,0.0405,311.692,0.1,-2.4255,2.027,0.013999999999999999,311.693,0.1,
-3.1505,2.026,0.168,311.622,0.1,-3.1159999999999997,2.0410000000000004,0.161,311.629,0.1,-3.0774999999999997,2.0475000000000003,0.154,311.638,0.1,-3.032,2.049,0.146,311.648,0.1,-2.973,2.0495,0.14250000000000002,311.655,0.1,-2.8965,2.0484999999999998,0.139,311.661,0.1,-2.814,2.045,0.14,311.664,0.1,-2.7435,2.0404999999999998,0.1565,311.666,0.1,-2.69,2.0285,0.17049999999999998,311.672,0.1,-2.6414999999999997,2.0035,0.146,311.68,0.1,-2.58,1.9705,0.07500000000000001,311.685,0.1,-2.504,1.945,0.005,311.685,0.1,-2.431,1.9375,-0.008,311.684,0.1,-2.3785,1.9369999999999998,0.0235,311.686,0.1,-2.3520000000000003,1.942,0.052000000000000005,311.689,0.1,-2.3470000000000004,1.968,0.0495,311.69,0.1,
-3.0665,2.0469999999999997,0.1805,311.621,0.1,-3.0484999999999998,2.0810000000000004,0.177,311.629,0.1,-3.029,2.0970000000000004,0.17149999999999999,311.639,0.1,-2.992,2.0945,0.152,311.647,0.1,-2.9325,2.0839999999999996,0.1275,311.653,0.1,-2.8525,2.072,0.11349999999999999,311.656,0.1,-2.7645,2.056,0.119,311.656,0.1,-2.6885000000000003,2.034,0.1475,311.655,0.1,-2.635,2.0105,0.1825,311.66,0.1,-2.5934999999999997,1.995,0.183,311.671,0.1,-2.5404999999999998,1.9915,0.1275,311.681,0.1,-2.467,1.9935,0.0525,311.685,0.1,-2.3920000000000003,1.9905,0.014499999999999999,311.684,0.1,-2.338,1.9749999999999999,0.0165,311.683,0.1,-2.309,1.959,0.028,311.682,0.1,-2.2954999999999997,1.9580000000000002,0.0305,311.678,0.1,
-3.098,2.0875,0.2025,311.603,0.1,-3.066,2.1295,0.202,311.611,0.1,-3.0365,2.151,0.202,311.624,0.1,-2.9939999999999998,2.1485000000000003,0.179,311.636,0.1,-2.936,2.134,0.1395,311.642,0.1,-2.868,2.1159999999999997,0.109,311.641,0.1,-2.7904999999999998,2.0905,0.101,311.633,0.1,-2.707,2.051,0.1175,311.628,0.1,-2.6325000000000003,2.0105,0.149,311.632,0.1,-2.577,1.9965000000000002,0.17099999999999999,311.647,0.1,-2.529,2.019,0.157,311.665,0.1,-2.472,2.056,0.11,311.674,0.1,-2.409,2.075,0.066,311.676,0.1,-2.3529999999999998,2.0635,0.036,311.676,0.1,-2.3045,2.035,0.0095,311.673,0.1,-2.2565,2.005,-0.014,311.669,0.1,
-3.176,2.1494999999999997,0.2215,311.579,0.1,-3.12,2.1895,0.225,311.587,0.1,-3.0730000000000004,2.211,0.23,311.602,0.1,-3.0245,2.208,0.212,311.617,0.1,-2.968,2.191,0.1725,311.626,0.1,-2.9055,2.1675,0.1315,311.623,0.1,-2.8315,2.1365,0.10200000000000001,311.613,0.1,-2.7395,2.0925000000000002,0.0865,311.606,0.1,-2.643,2.0484999999999998,0.0895,311.61,0.1,-2.568,2.032,0.11349999999999999,311.625,0.1,-2.5195,2.0595,0.1385,311.644,0.1,-2.4775,2.1105,0.1395,311.658,0.1,-2.4265,2.1464999999999996,0.11649999999999999,311.666,0.1,-2.3665000000000003,2.1485000000000003,0.07450000000000001,311.67,0.1,-2.2995,2.123,0.018000000000000002,311.67,0.1,-2.2249999999999996,2.0865,-0.042,311.668,0.1,
-3.232,2.186,0.23199999999999998,311.56,0.1,-3.1615,2.223,0.245,311.568,0.1,-3.1045,2.243,0.2555,311.582,0.1,-3.051,2.239,0.246,311.597,0.1,-2.9885,2.22,0.215,311.607,0.1,-2.9130000000000003,2.193,0.172,311.609,0.1,-2.824,2.16,0.1245,311.607,0.1,-2.7234999999999996,2.118,0.07999999999999999,311.605,0.1,-2.625,2.078,0.0525,311.609,0.1,-2.55,2.061,0.0615,311.617,0.1,-2.504,2.085,0.10250000000000001,311.63,0.1,-2.4665,2.135,0.14200000000000002,311.644,0.1,-2.417,2.175,0.148,311.656,0.1,-2.3529999999999998,2.184,0.1125,311.665,0.1,-2.2815000000000003,2.164,0.041499999999999995,311.671,0.1,-2.21,2.132,-0.0395,311.67,0.1,
-3.0995,1.5905,0.031,311.801,0.1,-3.0645,1.6065,0.0295,311.789,0.1,-3.042,1.6139999999999999,0.076,311.784,0.1,-3.017,1.6135000000000002,0.118,311.791,0.1,-2.9745,1.601,0.111,311.803,0.1,-2.9219999999999997,1.5865,0.0655,311.81,0.1,-2.8810000000000002,1.5865,0.018,311.806,0.1,-2.862,1.6045,-0.0155,311.796,0.1,-2.8525,1.6320000000000001,-0.040999999999999995,311.784,0.1,-2.8295,1.6535000000000002,-0.064,311.774,0.1,-2.782,1.666,-0.069,311.771,0.1,-2.7145,1.6804999999999999,-0.048,311.776,0.1,-2.6435,1.6965,-0.018000000000000002,311.784,0.1,-2.5895,1.7005,0.006500000000000001,311.793,0.1,-2.5575,1.6865,0.0125,311.8,0.1,-2.5285,1.669,-0.018,311.807,0.1,
-3.073,1.6175,0.0195,311.795,0.1,-3.0415,1.634,-0.0115,311.782,0.1,-3.031,1.6440000000000001,0.027000000000000003,311.774,0.1,-3.027,1.647,0.09,311.775,0.1,-3.0035,1.645,0.109,311.786,0.1,-2.956,1.637,0.0695,311.795,0.1,-2.903,1.6385,0.016,311.795,0.1,-2.8615000000000004,1.658,-0.02,311.788,0.1,-2.8280000000000003,1.6875,-0.03949999999999999,311.778,0.1,-2.782,1.7055,-0.056999999999999995,311.771,0.1,-2.7105,1.7045,-0.0635,311.77,0.1,-2.6205,1.693,-0.045,311.776,0.1,-2.5315000000000003,1.6735,-0.019,311.788,0.1,-2.4695,1.646,-0.0015,311.799,0.1,-2.4539999999999997,1.6219999999999999,0.003,311.807,0.1,-2.4715,1.6225,-0.01,311.808,0.1,
-3.0564999999999998,1.645,0.018,311.787,0.1,-3.0155000000000003,1.66,-0.026,311.775,0.1,-2.999,1.6684999999999999,-0.004,311.765,0.1,-3.005,1.665,0.066,311.763,0.1,-3.0025000000000004,1.6640000000000001,0.1055,311.771,0.1,-2.9655,1.663,0.0755,311.78,0.1,-2.903,1.6715,0.018000000000000002,311.783,0.1,-2.8440000000000003,1.695,-0.0195,311.78,0.1,-2.7975,1.725,-0.032,311.774,0.1,-2.7439999999999998,1.7385000000000002,-0.0445,311.77,0.1,-2.6685,1.7280000000000002,-0.057999999999999996,311.772,0.1,-2.5755,1.7015,-0.052000000000000005,311.778,0.1,-2.4814999999999996,1.6629999999999998,-0.038,311.787,0.1,-2.4139999999999997,1.62,-0.0295,311.797,0.1,-2.4025,1.597,-0.0245,311.802,0.1,-2.4425,1.6105,-0.0195,311.799,0.1,
-3.069,1.6764999999999999,0.0325,311.776,0.1,-3.0145,1.6895,-0.008,311.767,0.1,-2.973,1.692,-0.0015,311.759,0.1,-2.9619999999999997,1.6755,0.0535,311.756,0.1,-2.965,1.6635,0.0965,311.76,0.1,-2.9425,1.665,0.077,311.768,0.1,-2.885,1.6840000000000002,0.022,311.771,0.1,-2.8205,1.7135,-0.014,311.771,0.1,-2.7685,1.7415,-0.0225,311.769,0.1,-2.718,1.7495,-0.0335,311.769,0.1,-2.6550000000000002,1.734,-0.056999999999999995,311.775,0.1,-2.581,1.706,-0.07050000000000001,311.779,0.1,-2.5035,1.6749999999999998,-0.0675,311.783,0.1,-2.4425,1.6495,-0.06,311.786,0.1,-2.4255,1.643,-0.0505,311.785,0.1,-2.4535,1.6595,-0.035500000000000004,311.78,0.1,
-3.0895,1.707,0.07150000000000001,311.763,0.1,-3.034,1.7200000000000002,0.038500000000000006,311.757,0.1,-2.9715,1.716,0.028,311.751,0.1,-2.9265,1.6869999999999998,0.05,311.749,0.1,-2.9065,1.6585,0.077,311.752,0.1,-2.8845,1.654,0.0675,311.759,0.1,-2.8405,1.6775,0.028499999999999998,311.761,0.1,-2.786,1.712,0.001,311.761,0.1,-2.738,1.7395,-0.004,311.763,0.1,-2.6959999999999997,1.7469999999999999,-0.0155,311.769,0.1,-2.6515,1.735,-0.0535,311.777,0.1,-2.6029999999999998,1.7155,-0.0945,311.779,0.1,-2.5555,1.7069999999999999,-0.1065,311.775,0.1,-2.5164999999999997,1.7155,-0.092,311.768,0.1,-2.4935,1.733,-0.068,311.761,0.1,-2.489,1.749,-0.046,311.758,0.1,
-3.091,1.733,0.1275,311.747,0.1,-3.0380000000000003,1.745,0.106,311.743,0.1,-2.9705000000000004,1.736,0.081,311.741,0.1,-2.9050000000000002,1.701,0.0625,311.741,0.1,-2.857,1.6615,0.055,311.745,0.1,-2.8195,1.6455,0.046,311.75,0.1,-2.7775,1.661,0.03,311.753,0.1,-2.732,1.6925,0.0235,311.753,0.1,-2.693,1.7205,0.0305,311.758,0.1,-2.6625,1.7375,0.025,311.768,0.1,-2.6340000000000003,1.7425000000000002,-0.0225,311.778,0.1,-2.6045,1.742,-0.096,311.778,0.1,-2.58,1.7570000000000001,-0.1405,311.766,0.1,-2.5614999999999997,1.789,-0.1325,311.749,0.1,-2.5404999999999998,1.8210000000000002,-0.097,311.738,0.1,-2.5115,1.8355000000000001,-0.0645,311.737,0.1,
-3.089,1.7545000000000002,0.1675,311.725,0.1,-3.024,1.7574999999999998,0.1675,311.726,0.1,-2.9530000000000003,1.744,0.14350000000000002,311.729,0.1,-2.883,1.7115,0.0975,311.734,0.1,-2.822,1.6755,0.052500000000000005,311.739,0.1,-2.7675,1.6549999999999998,0.026,311.742,0.1,-2.7145,1.6575,0.022,311.745,0.1,-2.6654999999999998,1.6755,0.036500000000000005,311.747,0.1,-2.6275,1.697,0.0605,311.753,0.1,-2.6035000000000004,1.7195,0.0715,311.765,0.1,-2.5865,1.7435,0.0365,311.777,0.1,-2.566,1.7694999999999999,-0.0485,311.778,0.1,-2.5454999999999997,1.8065,-0.131,311.764,0.1,-2.533,1.85,-0.156,311.743,0.1,-2.5195,1.884,-0.1335,311.727,0.1,-2.489,1.8944999999999999,-0.1005,311.726,0.1,
-3.082,1.7690000000000001,0.174,311.703,0.1,-2.9939999999999998,1.7555,0.1945,311.708,0.1,-2.915,1.7385000000000002,0.188,311.717,0.1,-2.846,1.7175,0.14300000000000002,311.728,0.1,-2.784,1.6985000000000001,0.0785,311.737,0.1,-2.7235,1.69,0.032,311.74,0.1,-2.6625,1.6905000000000001,0.022,311.74,0.1,-2.6045,1.693,0.040999999999999995,311.741,0.1,-2.5564999999999998,1.6955,0.07,311.746,0.1,-2.525,1.7029999999999998,0.0925,311.757,0.1,-2.5069999999999997,1.725,0.0835,311.77,0.1,-2.4875,1.7665,0.020999999999999998,311.776,0.1,-2.4595000000000002,1.8225,-0.07050000000000001,311.767,0.1,-2.435,1.8765,-0.132,311.75,0.1,-2.4205,1.9104999999999999,-0.14300000000000002,311.735,0.1,-2.4025,1.9184999999999999,-0.1305,311.73,0.1,
-3.0485,1.7774999999999999,0.165,311.686,0.1,-2.9475,1.749,0.1855,311.693,0.1,-2.8659999999999997,1.7315,0.1955,311.706,0.1,-2.8025,1.726,0.1725,311.721,0.1,-2.7465,1.729,0.119,311.734,0.1,-2.689,1.7414999999999998,0.068,311.738,0.1,-2.6275,1.752,0.0475,311.738,0.1,-2.5635000000000003,1.748,0.056,311.737,0.1,-2.5015,1.73,0.07250000000000001,311.74,0.1,-2.4505,1.709,0.08449999999999999,311.747,0.1,-2.4145,1.7035,0.08399999999999999,311.758,0.1,-2.384,1.7325,0.0535,311.768,0.1,-2.3475,1.7925,-0.006,311.769,0.1,-2.31,1.854,-0.0645,311.761,0.1,-2.2855,1.8895,-0.099,311.753,0.1,-2.2744999999999997,1.9020000000000001,-0.118,311.748,0.1,
-3.0,1.781,0.1625,311.675,0.1,-2.9044999999999996,1.7530000000000001,0.1655,311.682,0.1,-2.8274999999999997,1.7375,0.175,311.695,0.1,-2.7705,1.741,0.1745,311.712,0.1,-2.7199999999999998,1.7574999999999998,0.1515,311.726,0.1,-2.6639999999999997,1.782,0.11499999999999999,311.733,0.1,-2.6014999999999997,1.8014999999999999,0.0925,311.734,0.1,-2.5355,1.8025,0.091,311.734,0.1,-2.468,1.779,0.0905,311.737,0.1,-2.402,1.7374999999999998,0.0765,311.741,0.1,-2.343,1.698,0.053500000000000006,311.749,0.1,-2.2915,1.6935,0.0295,311.757,0.1,-2.2435,1.7345,0.014499999999999999,311.764,0.1,-2.1995,1.7875,0.001,311.767,0.1,-2.166,1.8215,-0.02,311.768,0.1,-2.1485000000000003,1.8455,-0.0565,311.766,0.1,
-2.934,1.7759999999999998,0.162,311.671,0.1,-2.8635,1.7685,0.154,311.679,0.1,-2.799,1.76,0.151,311.691,0.1,-2.746,1.7614999999999998,0.1545,311.705,0.1,-2.6944999999999997,1.7734999999999999,0.155,311.719,0.1,-2.6334999999999997,1.7919999999999998,0.14250000000000002,311.727,0.1,-2.5655,1.81,0.1305,311.73,0.1,-2.4985,1.819,0.131,311.733,0.1,-2.4345,1.8050000000000002,0.1275,311.738,0.1,-2.3685,1.7614999999999998,0.0955,311.743,0.1,-2.2965,1.7045,0.0375,311.748,0.1,-2.2235,1.6715,-0.0085,311.752,0.1,-2.1595,1.681,-0.0045000000000000005,311.756,0.1,-2.1094999999999997,1.7080000000000002,0.0275,311.763,0.1,-2.0745,1.734,0.0415,311.771,0.1,-2.0555,1.7695,0.0155,311.774,0.1,
-2.8285,1.7719999999999998,0.1625,311.674,0.1,-2.795,1.7925,0.1555,311.684,0.1,-2.758,1.7965,0.1455,311.696,0.1,-2.714,1.7919999999999998,0.1355,311.706,0.1,-2.6585,1.7885,0.133,311.715,0.1,-2.586,1.791,0.1305,311.723,0.1,-2.505,1.798,0.1325,311.728,0.1,-2.4345,1.8045,0.1515,311.732,0.1,-2.3810000000000002,1.7965,0.1675,311.739,0.1,-2.33,1.7645,0.14200000000000002,311.748,0.1,-2.261,1.719,0.065,311.754,0.1,-2.175,1.6855,-0.009000000000000001,311.755,0.1,-2.0945,1.6745,-0.0205,311.755,0.1,-2.0375,1.6735,0.016,311.76,0.1,-2.007,1.6825,0.048,311.766,0.1,-1.9969999999999999,1.7155,0.048,311.769,0.1,
-2.758,1.7925,0.174,311.673,0.1,-2.7435,1.8319999999999999,0.172,311.684,0.1,-2.727,1.847,0.165,311.696,0.1,-2.691,1.8385,0.14200000000000002,311.706,0.1,-2.6325,1.8225,0.11649999999999999,311.713,0.1,-2.554,1.8135,0.10200000000000001,311.717,0.1,-2.465,1.8085,0.1085,311.72,0.1,-2.386,1.798,0.1405,311.721,0.1,-2.3315,1.7785,0.1795,311.729,0.1,-2.29,1.7574999999999998,0.181,311.743,0.1,-2.2335000000000003,1.7445,0.1205,311.756,0.1,-2.1535,1.741,0.039,311.759,0.1,-2.0715,1.736,-0.0005,311.758,0.1,-2.011,1.721,0.0035,311.758,0.1,-1.9765000000000001,1.7095,0.0175,311.757,0.1,-1.959,1.717,0.023,311.755,0.1,
-2.79,1.8465,0.1935,311.658,0.1,-2.763,1.8904999999999998,0.1955,311.668,0.1,-2.7395,1.9089999999999998,0.196,311.684,0.1,-2.7015000000000002,1.899,0.17099999999999999,311.697,0.1,-2.6445,1.8785,0.129,311.705,0.1,-2.5735,1.8639999999999999,0.097,311.706,0.1,-2.49,1.8495,0.0885,311.7,0.1,-2.4005,1.819,0.10650000000000001,311.696,0.1,-2.324,1.7810000000000001,0.14150000000000001,311.703,0.1,-2.271,1.7625,0.1665,311.722,0.1,-2.224,1.7795,0.151,311.743,0.1,-2.1635,1.8135,0.1,311.754,0.1,-2.0955,1.831,0.053,311.755,0.1,-2.0345,1.819,0.022,311.754,0.1,-1.9815,1.794,-0.0035,311.75,0.1,-1.93,1.7715,-0.026500000000000003,311.745,0.1,
-2.8644999999999996,1.9235,0.20900000000000002,311.638,0.1,-2.814,1.9625,0.215,311.649,0.1,-2.7735,1.9779999999999998,0.222,311.666,0.1,-2.731,1.9669999999999999,0.20450000000000002,311.681,0.1,-2.6765,1.9435,0.1635,311.691,0.1,-2.61,1.92,0.121,311.691,0.1,-2.528,1.895,0.09,311.683,0.1,-2.428,1.8565,0.07350000000000001,311.678,0.1,-2.3285,1.8155000000000001,0.07650000000000001,311.685,0.1,-2.2560000000000002,1.7995,0.10300000000000001,311.702,0.1,-2.2105,1.826,0.1315,311.723,0.1,-2.1685,1.8755,0.1325,311.739,0.1,-2.116,1.908,0.1075,311.747,0.1,-2.055,1.9055,0.064,311.75,0.1,-1.9860000000000002,1.881,0.006,311.75,0.1,-1.908,1.8519999999999999,-0.0555,311.746,0.1,
-2.9210000000000003,1.966,0.2165,311.622,0.1,-2.8545,2.001,0.23299999999999998,311.633,0.1,-2.8015,2.014,0.247,311.649,0.1,-2.752,2.002,0.2385,311.665,0.1,-2.6915,1.976,0.2075,311.676,0.1,-2.6145,1.946,0.1625,311.68,0.1,-2.521,1.915,0.11349999999999999,311.679,0.1,-2.4145000000000003,1.877,0.0665,311.68,0.1,-2.3114999999999997,1.841,0.038,311.686,0.1,-2.2355,1.828,0.048,311.695,0.1,-2.191,1.853,0.0935,311.709,0.1,-2.1565,1.902,0.136,311.724,0.1,-2.1094999999999997,1.937,0.14200000000000002,311.736,0.1,-2.0465,1.939,0.10450000000000001,311.746,0.1,-1.9745,1.919,0.0315,311.753,0.1,-1.899,1.895,-0.052000000000000005,311.752,0.1,
-2.8289999999999997,1.302,0.0235,311.849,0.1,-2.7855,1.331,0.0225,311.841,0.1,-2.7535,1.338,0.07200000000000001,311.838,0.1,-2.7185,1.3205,0.116,311.844,0.1,-2.6639999999999997,1.2814999999999999,0.107,311.857,0.1,-2.5965,1.251,0.057999999999999996,311.867,0.1,-2.5389999999999997,1.2515,0.0085,311.867,0.1,-2.5060000000000002,1.2765,-0.0245,311.86,0.1,-2.488,1.3105,-0.049,311.85,0.1,-2.464,1.3355000000000001,-0.07150000000000001,311.841,0.1,-2.4204999999999997,1.3525,-0.0745,311.838,0.1,-2.3545,1.3719999999999999,-0.051500000000000004,311.843,0.1,-2.2775,1.39,-0.0195,311.851,0.1,-2.2125,1.3940000000000001,0.0055,311.861,0.1,-2.1719999999999997,1.3784999999999998,0.012,311.87,0.1,-2.141,1.365,-0.018,311.877,0.1,
-2.81,1.3105,0.012,311.838,0.1,-2.7615,1.335,-0.0185,311.829,0.1,-2.7350000000000003,1.345,0.0225,311.824,0.1,-2.7175000000000002,1.334,0.0895,311.827,0.1,-2.681,1.3065,0.107,311.84,0.1,-2.6205,1.2814999999999999,0.064,311.852,0.1,-2.5575,1.2845,0.0085,311.857,0.1,-2.5115,1.3185,-0.028,311.853,0.1,-2.476,1.3664999999999998,-0.047,311.845,0.1,-2.428,1.399,-0.0645,311.837,0.1,-2.355,1.4064999999999999,-0.07050000000000001,311.834,0.1,-2.263,1.396,-0.0505,311.838,0.1,-2.1685,1.3685,-0.0215,311.848,0.1,-2.0955000000000004,1.3335,-0.0025,311.862,0.1,-2.068,1.3105,0.0035,311.872,0.1,-2.0775,1.3245,-0.01,311.875,0.1,
-2.791,1.3185,0.0105,311.826,0.1,-2.7315,1.3370000000000002,-0.034,311.818,0.1,-2.697,1.345,-0.0095,311.811,0.1,-2.689,1.3325,0.0655,311.813,0.1,-2.6734999999999998,1.313,0.1065,311.824,0.1,-2.6235,1.2995,0.073,311.837,0.1,-2.5534999999999997,1.3115,0.012,311.844,0.1,-2.4945,1.355,-0.0265,311.844,0.1,-2.4505,1.412,-0.038000000000000006,311.84,0.1,-2.396,1.4465,-0.05,311.836,0.1,-2.315,1.4445000000000001,-0.0635,311.836,0.1,-2.216,1.415,-0.057999999999999996,311.839,0.1,-2.1165000000000003,1.3615,-0.042499999999999996,311.847,0.1,-2.04,1.3065,-0.033,311.858,0.1,-2.0145,1.2865,-0.027999999999999997,311.864,0.1,-2.041,1.3185,-0.0225,311.864,0.1,
-2.7935,1.335,0.025500000000000002,311.816,0.1,-2.7225,1.3490000000000002,-0.016,311.81,0.1,-2.6639999999999997,1.3505,-0.009,311.805,0.1,-2.6399999999999997,1.3279999999999998,0.0505,311.805,0.1,-2.6325,1.3035,0.0975,311.812,0.1,-2.599,1.299,0.0765,311.823,0.1,-2.5335,1.3265,0.018000000000000002,311.83,0.1,-2.4675000000000002,1.38,-0.02,311.833,0.1,-2.4185,1.4369999999999998,-0.0275,311.832,0.1,-2.3689999999999998,1.465,-0.037000000000000005,311.835,0.1,-2.3005,1.455,-0.061,311.841,0.1,-2.218,1.4209999999999998,-0.0755,311.844,0.1,-2.1334999999999997,1.375,-0.07250000000000001,311.846,0.1,-2.065,1.3385,-0.066,311.849,0.1,-2.0365,1.3365,-0.057499999999999996,311.847,0.1,-2.0515,1.3704999999999998,-0.041999999999999996,311.845,0.1,
-2.8075,1.3535,0.066,311.806,0.1,-2.7329999999999997,1.3665,0.0315,311.802,0.1,-2.651,1.364,0.02,311.799,0.1,-2.591,1.3319999999999999,0.044,311.799,0.1,-2.5625,1.295,0.075,311.804,0.1,-2.5355,1.2885,0.0665,311.813,0.1,-2.4875,1.3255,0.025500000000000002,311.819,0.1,-2.4305000000000003,1.387,-0.0035,311.821,0.1,-2.3834999999999997,1.4409999999999998,-0.008,311.825,0.1,-2.343,1.4620000000000002,-0.018000000000000002,311.833,0.1,-2.294,1.4485000000000001,-0.056999999999999995,311.844,0.1,-2.2359999999999998,1.4205,-0.1,311.847,0.1,-2.1795,1.402,-0.113,311.841,0.1,-2.1345,1.407,-0.0995,311.832,0.1,-2.1055,1.432,-0.076,311.825,0.1,-2.093,1.4605,-0.053500000000000006,311.824,0.1,
-2.7945,1.3685,0.122,311.787,0.1,-2.7205000000000004,1.3805,0.0995,311.787,0.1,-2.635,1.3765,0.07350000000000001,311.788,0.1,-2.5555,1.3435000000000001,0.05499999999999999,311.791,0.1,-2.5004999999999997,1.3014999999999999,0.0495,311.797,0.1,-2.4615,1.2865,0.041999999999999996,311.805,0.1,-2.4210000000000003,1.3165,0.026500000000000003,311.809,0.1,-2.377,1.3735,0.019999999999999997,311.812,0.1,-2.34,1.424,0.028,311.819,0.1,-2.3115,1.4465,0.023,311.832,0.1,-2.2785,1.4415,-0.025500000000000002,311.845,0.1,-2.237,1.428,-0.10250000000000001,311.846,0.1,-2.199,1.4375,-0.1495,311.833,0.1,-2.173,1.4765000000000001,-0.14150000000000001,311.816,0.1,-2.1494999999999997,1.521,-0.10450000000000001,311.805,0.1,-2.1185,1.5415,-0.07100000000000001,311.807,0.1,
-2.7765,1.383,0.16,311.761,0.1,-2.6959999999999997,1.3864999999999998,0.161,311.766,0.1,-2.6125,1.3780000000000001,0.137,311.773,0.1,-2.533,1.3495,0.0905,311.782,0.1,-2.467,1.318,0.045,311.791,0.1,-2.4130000000000003,1.3050000000000002,0.0185,311.797,0.1,-2.363,1.3205,0.0155,311.8,0.1,-2.3165,1.3565,0.0315,311.803,0.1,-2.2809999999999997,1.3944999999999999,0.057499999999999996,311.812,0.1,-2.2595,1.4195,0.07050000000000001,311.827,0.1,-2.24,1.4275,0.035500000000000004,311.841,0.1,-2.208,1.4344999999999999,-0.054,311.844,0.1,-2.17,1.4665,-0.1405,311.83,0.1,-2.1435,1.5225,-0.16649999999999998,311.811,0.1,-2.125,1.5710000000000002,-0.1405,311.797,0.1,-2.095,1.584,-0.1055,311.797,0.1,
-2.763,1.399,0.164,311.739,0.1,-2.6704999999999997,1.384,0.187,311.746,0.1,-2.5875,1.367,0.182,311.758,0.1,-2.5135,1.3465,0.137,311.773,0.1,-2.449,1.3365,0.07100000000000001,311.786,0.1,-2.391,1.343,0.022,311.792,0.1,-2.3335,1.3559999999999999,0.0115,311.793,0.1,-2.275,1.3679999999999999,0.0315,311.794,0.1,-2.224,1.38,0.0625,311.8,0.1,-2.1915,1.3895,0.089,311.812,0.1,-2.1734999999999998,1.3940000000000001,0.083,311.828,0.1,-2.1475,1.4129999999999998,0.019,311.837,0.1,-2.1035,1.4615,-0.076,311.832,0.1,-2.061,1.5255,-0.14,311.817,0.1,-2.0355,1.5715,-0.149,311.805,0.1,-2.0140000000000002,1.582,-0.134,311.803,0.1,
-2.729,1.4144999999999999,0.155,311.724,0.1,-2.6295,1.3820000000000001,0.177,311.732,0.1,-2.552,1.3575,0.1885,311.745,0.1,-2.4915000000000003,1.3475000000000001,0.167,311.763,0.1,-2.4370000000000003,1.3585,0.1115,311.779,0.1,-2.3825000000000003,1.3885,0.057499999999999996,311.788,0.1,-2.325,1.4140000000000001,0.036000000000000004,311.789,0.1,-2.2615,1.4165,0.044,311.788,0.1,-2.1945,1.4015,0.061,311.79,0.1,-2.1365,1.3775,0.076,311.797,0.1,-2.096,1.3545,0.08,311.81,0.1,-2.0615,1.3615,0.0525,311.823,0.1,-2.0165,1.413,-0.0075,311.828,0.1,-1.966,1.4795,-0.0675,311.826,0.1,-1.9289999999999998,1.5234999999999999,-0.1015,311.821,0.1,-1.908,1.5385,-0.1195,311.82,0.1,
-2.69,1.423,0.1535,311.715,0.1,-2.597,1.3904999999999998,0.1565,311.723,0.1,-2.5275,1.3655,0.1665,311.736,0.1,-2.4795,1.361,0.1675,311.754,0.1,-2.435,1.3805,0.14400000000000002,311.771,0.1,-2.382,1.419,0.1065,311.782,0.1,-2.3225,1.456,0.08349999999999999,311.786,0.1,-2.259,1.466,0.08099999999999999,311.787,0.1,-2.189,1.4425,0.0795,311.787,0.1,-2.115,1.392,0.0655,311.79,0.1,-2.0454999999999997,1.3335,0.045,311.797,0.1,-1.9855,1.3105,0.0245,311.808,0.1,-1.9335,1.3435000000000001,0.013000000000000001,311.819,0.1,-1.8855,1.399,0.0015,311.828,0.1,-1.844,1.4385,-0.0185,311.834,0.1,-1.8145,1.4649999999999999,-0.0555,311.835,0.1,
-2.6455,1.414,0.1555,311.711,0.1,-2.5780000000000003,1.4055,0.1455,311.721,0.1,-2.52,1.3904999999999998,0.14100000000000001,311.733,0.1,-2.4755000000000003,1.3835,0.14500000000000002,311.747,0.1,-2.4325,1.3929999999999998,0.147,311.762,0.1,-2.3765,1.4195,0.1355,311.773,0.1,-2.3099999999999996,1.4545,0.1235,311.781,0.1,-2.2445,1.4765000000000001,0.125,311.786,0.1,-2.181,1.465,0.1205,311.79,0.1,-2.1094999999999997,1.412,0.0865,311.793,0.1,-2.0244999999999997,1.3365,0.026500000000000003,311.796,0.1,-1.939,1.2890000000000001,-0.0195,311.8,0.1,-1.8695,1.2915,-0.011,311.809,0.1,-1.8185,1.319,0.026000000000000002,311.822,0.1,-1.7805,1.3485,0.043,311.835,0.1,-1.7525,1.3885,0.017,311.84,0.1,
-2.5700000000000003,1.402,0.1575,311.713,0.1,-2.54,1.4260000000000002,0.15,311.725,0.1,-2.5055,1.4285,0.1365,311.738,0.1,-2.4645,1.416,0.125,311.748,0.1,-2.4154999999999998,1.4064999999999999,0.123,311.758,0.1,-2.349,1.4125,0.1215,311.768,0.1,-2.27,1.4344999999999999,0.125,311.776,0.1,-2.1995,1.457,0.1465,311.783,0.1,-2.1455,1.4555,0.1645,311.792,0.1,-2.0915,1.417,0.1375,311.801,0.1,-2.0140000000000002,1.357,0.055,311.807,0.1,-1.9155000000000002,1.3125,-0.0235,311.807,0.1,-1.8255,1.2959999999999998,-0.0335,311.808,0.1,-1.7650000000000001,1.294,0.008,311.816,0.1,-1.7320000000000002,1.307,0.044,311.826,0.1,-1.7155,1.3475000000000001,0.046,311.831,0.1,
-2.5164999999999997,1.4255,0.168,311.712,0.1,-2.5075,1.469,0.1675,311.725,0.1,-2.4945,1.484,0.159,311.74,0.1,-2.4595000000000002,1.468,0.1325,311.751,0.1,-2.4035,1.445,0.10500000000000001,311.757,0.1,-2.3280000000000003,1.4385,0.0905,311.763,0.1,-2.239,1.447,0.0975,311.768,0.1,-2.1585,1.4515,0.1335,311.772,0.1,-2.1035000000000004,1.4395,0.1765,311.782,0.1,-2.0620000000000003,1.4144999999999999,0.179,311.8,0.1,-2.003,1.391,0.1135,311.816,0.1,-1.9155000000000002,1.3795,0.025500000000000002,311.819,0.1,-1.824,1.37,-0.016,311.816,0.1,-1.755,1.354,-0.01,311.815,0.1,-1.713,1.3475000000000001,0.006500000000000001,311.816,0.1,-1.6885,1.3645,0.015,311.815,0.1,
-2.549,1.4955,0.1845,311.7,0.1,-2.5279999999999996,1.5405000000000002,0.1885,311.713,0.1,-2.5119999999999996,1.5565,0.19,311.73,0.1,-2.479,1.5390000000000001,0.163,311.745,0.1,-2.424,1.512,0.1185,311.754,0.1,-2.3514999999999997,1.5005,0.08449999999999999,311.755,0.1,-2.2625,1.4969999999999999,0.07600000000000001,311.752,0.1,-2.1675,1.4775,0.0955,311.751,0.1,-2.0905,1.445,0.134,311.761,0.1,-2.0415,1.424,0.162,311.783,0.1,-1.9975,1.4340000000000002,0.1455,311.806,0.1,-1.935,1.4615,0.09,311.818,0.1,-1.8605,1.474,0.0395,311.818,0.1,-1.7915,1.4595,0.008,311.815,0.1,-1.73,1.4380000000000002,-0.017,311.81,0.1,-1.6705,1.4249999999999998,-0.039,311.805,0.1,
-2.6159999999999997,1.5905,0.1965,311.683,0.1,-2.572,1.6265,0.20500000000000002,311.697,0.1,-2.54,1.6365,0.2145,311.716,0.1,-2.505,1.6165,0.197,311.732,0.1,-2.4539999999999997,1.5865,0.1545,311.743,0.1,-2.3855,1.5635,0.1105,311.744,0.1,-2.2969999999999997,1.5434999999999999,0.078,311.739,0.1,-2.1905,1.5115,0.0605,311.737,0.1,-2.089,1.4745,0.0635,311.746,0.1,-2.02,1.46,0.093,311.765,0.1,-1.9795,1.4849999999999999,0.1245,311.788,0.1,-1.939,1.5295,0.1255,311.804,0.1,-1.8845,1.5539999999999998,0.0985,311.811,0.1,-1.8205,1.544,0.0535,311.814,0.1,-1.7475,1.5195,-0.0065,311.813,0.1,-1.6640000000000001,1.5005,-0.069,311.809,0.1,
-2.668,1.641,0.201,311.671,0.1,-2.6075,1.671,0.221,311.685,0.1,-2.561,1.677,0.2385,311.703,0.1,-2.518,1.655,0.23199999999999998,311.72,0.1,-2.4625000000000004,1.622,0.2,311.732,0.1,-2.3865,1.59,0.1535,311.737,0.1,-2.2904999999999998,1.56,0.10250000000000001,311.738,0.1,-2.181,1.526,0.054,311.741,0.1,-2.075,1.494,0.024,311.748,0.1,-1.9969999999999999,1.486,0.0345,311.758,0.1,-1.9529999999999998,1.513,0.08399999999999999,311.773,0.1,-1.9205,1.558,0.13,311.788,0.1,-1.8765,1.583,0.1365,311.801,0.1,-1.8165,1.574,0.0975,311.811,0.1,-1.7454999999999998,1.552,0.022,311.818,0.1,-1.6669999999999998,1.539,-0.064,311.819,0.1,
-2.5585,1.0135,0.016,311.897,0.1,-2.5060000000000002,1.0550000000000002,0.0155,311.893,0.1,-2.4645,1.0619999999999998,0.068,311.891,0.1,-2.42,1.0274999999999999,0.114,311.897,0.1,-2.354,0.962,0.10300000000000001,311.912,0.1,-2.2715,0.916,0.0505,311.924,0.1,-2.1975,0.916,-0.0005,311.927,0.1,-2.1505,0.948,-0.0335,311.924,0.1,-2.1245,0.988,-0.056999999999999995,311.916,0.1,-2.099,1.018,-0.079,311.908,0.1,-2.0585,1.0394999999999999,-0.08,311.905,0.1,-1.994,1.064,-0.0545,311.91,0.1,-1.911,1.084,-0.020999999999999998,311.919,0.1,-1.8345,1.087,0.0045000000000000005,311.93,0.1,-1.7854999999999999,1.0715,0.012,311.94,0.1,-1.7530000000000001,1.061,-0.018,311.947,0.1,
-2.5475000000000003,1.0030000000000001,0.0045000000000000005,311.88,0.1,-2.482,1.0354999999999999,-0.026,311.876,0.1,-2.4385,1.0459999999999998,0.018000000000000002,311.874,0.1,-2.4074999999999998,1.0205,0.0885,311.879,0.1,-2.358,0.968,0.1055,311.894,0.1,-2.2845000000000004,0.9265000000000001,0.057999999999999996,311.91,0.1,-2.212,0.9305,0.001,311.918,0.1,-2.1615,0.9784999999999999,-0.036000000000000004,311.918,0.1,-2.1239999999999997,1.0455,-0.05499999999999999,311.912,0.1,-2.0735,1.093,-0.07200000000000001,311.904,0.1,-1.9985,1.109,-0.0775,311.898,0.1,-1.905,1.0995,-0.0555,311.899,0.1,-1.8054999999999999,1.064,-0.0245,311.909,0.1,-1.722,1.0215,-0.003,311.924,0.1,-1.682,1.0,0.004,311.936,0.1,-1.6829999999999998,1.0259999999999998,-0.01,311.942,0.1,
-2.5255,0.992,0.003,311.865,0.1,-2.4485,1.0135,-0.041999999999999996,311.86,0.1,-2.396,1.0215,-0.015,311.857,0.1,-2.373,0.9995,0.0645,311.863,0.1,-2.3435,0.9615,0.1075,311.877,0.1,-2.2805,0.9355,0.07050000000000001,311.894,0.1,-2.2030000000000003,0.952,0.006,311.904,0.1,-2.145,1.0155,-0.0335,311.908,0.1,-2.1045,1.1,-0.044,311.906,0.1,-2.0484999999999998,1.1549999999999998,-0.0555,311.902,0.1,-1.9615,1.1615,-0.069,311.9,0.1,-1.8565,1.1280000000000001,-0.0635,311.901,0.1,-1.751,1.0605,-0.047,311.907,0.1,-1.665,0.994,-0.036500000000000005,311.918,0.1,-1.626,0.976,-0.0315,311.926,0.1,-1.6395,1.0265,-0.025500000000000002,311.929,0.1,
-2.519,0.994,0.0185,311.857,0.1,-2.431,1.008,-0.024,311.852,0.1,-2.355,1.0085,-0.0165,311.85,0.1,-2.318,0.98,0.0475,311.853,0.1,-2.3,0.9435,0.0985,311.864,0.1,-2.2555,0.9325,0.076,311.879,0.1,-2.182,0.969,0.0135,311.89,0.1,-2.115,1.0465,-0.026000000000000002,311.894,0.1,-2.0685000000000002,1.1335,-0.0325,311.896,0.1,-2.019,1.181,-0.0405,311.901,0.1,-1.9455,1.1760000000000002,-0.065,311.907,0.1,-1.8544999999999998,1.1349999999999998,-0.08,311.91,0.1,-1.763,1.075,-0.0775,311.91,0.1,-1.6875,1.028,-0.07200000000000001,311.911,0.1,-1.648,1.0295,-0.0645,311.91,0.1,-1.65,1.082,-0.0485,311.91,0.1,
-2.525,1.0,0.06,311.848,0.1,-2.432,1.013,0.0245,311.847,0.1,-2.331,1.0114999999999998,0.012,311.846,0.1,-2.2560000000000002,0.977,0.038000000000000006,311.849,0.1,-2.2184999999999997,0.932,0.073,311.856,0.1,-2.1864999999999997,0.923,0.066,311.868,0.1,-2.1345,0.974,0.0225,311.876,0.1,-2.075,1.0615,-0.008,311.881,0.1,-2.029,1.1425,-0.012,311.886,0.1,-1.9900000000000002,1.177,-0.020499999999999997,311.898,0.1,-1.937,1.162,-0.0605,311.911,0.1,-1.869,1.125,-0.1055,311.914,0.1,-1.803,1.097,-0.1195,311.908,0.1,-1.752,1.099,-0.1065,311.897,0.1,-1.717,1.131,-0.08399999999999999,311.889,0.1,-1.6965,1.1720000000000002,-0.061,311.89,0.1,
-2.4985,1.0034999999999998,0.11599999999999999,311.828,0.1,-2.403,1.0165,0.093,311.831,0.1,-2.2984999999999998,1.0175,0.066,311.835,0.1,-2.2055,0.9864999999999999,0.0475,311.841,0.1,-2.144,0.9415,0.0445,311.85,0.1,-2.104,0.928,0.0385,311.859,0.1,-2.0645,0.9724999999999999,0.0235,311.866,0.1,-2.0220000000000002,1.0545,0.0165,311.87,0.1,-1.987,1.1265,0.025500000000000002,311.88,0.1,-1.96,1.1555,0.020999999999999998,311.896,0.1,-1.923,1.1404999999999998,-0.028999999999999998,311.911,0.1,-1.8695,1.1135000000000002,-0.1095,311.914,0.1,-1.8185,1.119,-0.1585,311.901,0.1,-1.7845,1.1644999999999999,-0.1505,311.883,0.1,-1.758,1.2205,-0.112,311.873,0.1,-1.726,1.2475,-0.0775,311.876,0.1,
-2.464,1.012,0.152,311.798,0.1,-2.368,1.016,0.1545,311.806,0.1,-2.2720000000000002,1.012,0.131,311.817,0.1,-2.183,0.988,0.08399999999999999,311.831,0.1,-2.1125,0.961,0.037500000000000006,311.843,0.1,-2.0595,0.9555,0.0115,311.851,0.1,-2.0125,0.983,0.0085,311.855,0.1,-1.968,1.0375,0.026500000000000003,311.859,0.1,-1.9344999999999999,1.092,0.054,311.871,0.1,-1.9155,1.1195,0.069,311.888,0.1,-1.8940000000000001,1.112,0.034,311.905,0.1,-1.85,1.099,-0.0595,311.909,0.1,-1.7945,1.127,-0.15,311.897,0.1,-1.754,1.1945000000000001,-0.177,311.879,0.1,-1.7295,1.258,-0.148,311.866,0.1,-1.701,1.2734999999999999,-0.1105,311.868,0.1,
-2.444,1.0295,0.1545,311.774,0.1,-2.3465,1.0125,0.1795,311.783,0.1,-2.2590000000000003,0.9944999999999999,0.176,311.798,0.1,-2.1799999999999997,0.9755,0.131,311.817,0.1,-2.1135,0.9744999999999999,0.063,311.834,0.1,-2.0585,0.9954999999999999,0.0125,311.843,0.1,-2.0045,1.021,0.001,311.845,0.1,-1.9455,1.0434999999999999,0.022,311.847,0.1,-1.8915000000000002,1.0655000000000001,0.05499999999999999,311.853,0.1,-1.858,1.0755,0.08499999999999999,311.868,0.1,-1.8395000000000001,1.0635,0.0825,311.887,0.1,-1.807,1.0594999999999999,0.0175,311.899,0.1,-1.7475,1.1,-0.082,311.896,0.1,-1.6869999999999998,1.1735,-0.148,311.884,0.1,-1.6505,1.2334999999999998,-0.155,311.875,0.1,-1.626,1.245,-0.1375,311.875,0.1,
-2.4095,1.0514999999999999,0.14500000000000002,311.761,0.1,-2.3115,1.014,0.16849999999999998,311.77,0.1,-2.238,0.983,0.182,311.785,0.1,-2.1799999999999997,0.969,0.161,311.805,0.1,-2.1275,0.987,0.10400000000000001,311.825,0.1,-2.0765000000000002,1.035,0.047,311.838,0.1,-2.023,1.0765,0.0245,311.841,0.1,-1.9595,1.085,0.032,311.84,0.1,-1.8875,1.073,0.0495,311.84,0.1,-1.8235000000000001,1.045,0.068,311.847,0.1,-1.778,1.005,0.0765,311.862,0.1,-1.7389999999999999,0.991,0.0515,311.878,0.1,-1.686,1.033,-0.009000000000000001,311.888,0.1,-1.623,1.1045,-0.07050000000000001,311.89,0.1,-1.573,1.158,-0.104,311.889,0.1,-1.5415,1.1749999999999998,-0.1205,311.891,0.1,
-2.379,1.0645,0.14450000000000002,311.755,0.1,-2.2889999999999997,1.028,0.1475,311.764,0.1,-2.2270000000000003,0.9934999999999999,0.1575,311.778,0.1,-2.1875,0.982,0.1605,311.796,0.1,-2.1494999999999997,1.0025,0.1365,311.815,0.1,-2.1,1.056,0.098,311.83,0.1,-2.043,1.111,0.07450000000000001,311.838,0.1,-1.9815,1.129,0.07100000000000001,311.84,0.1,-1.9100000000000001,1.1055000000000001,0.0685,311.838,0.1,-1.8285,1.0455,0.055,311.838,0.1,-1.748,0.9684999999999999,0.036500000000000005,311.845,0.1,-1.68,0.9275,0.0195,311.858,0.1,-1.624,0.9530000000000001,0.0115,311.874,0.1,-1.572,1.0105,0.0025,311.89,0.1,-1.5225,1.0554999999999999,-0.0175,311.9,0.1,-1.48,1.0855,-0.0545,311.904,0.1,
-2.357,1.0514999999999999,0.149,311.751,0.1,-2.292,1.0430000000000001,0.137,311.763,0.1,-2.24,1.0215,0.131,311.775,0.1,-2.2045,1.0055,0.1355,311.789,0.1,-2.17,1.012,0.1395,311.805,0.1,-2.1189999999999998,1.047,0.1285,311.82,0.1,-2.0545,1.0985,0.11649999999999999,311.832,0.1,-1.9905,1.134,0.1185,311.839,0.1,-1.9275,1.1255000000000002,0.1135,311.842,0.1,-1.8505,1.062,0.0775,311.843,0.1,-1.7530000000000001,0.9684999999999999,0.0155,311.844,0.1,-1.6545,0.906,-0.0305,311.848,0.1,-1.5795,0.902,-0.0175,311.861,0.1,-1.528,0.9295,0.0245,311.881,0.1,-1.4865,0.963,0.0445,311.898,0.1,-1.449,1.008,0.0185,311.906,0.1,
-2.311,1.0314999999999999,0.152,311.751,0.1,-2.2845,1.0594999999999999,0.144,311.767,0.1,-2.253,1.061,0.128,311.781,0.1,-2.216,1.0394999999999999,0.11449999999999999,311.791,0.1,-2.1725000000000003,1.0245,0.11299999999999999,311.8,0.1,-2.112,1.0345,0.113,311.812,0.1,-2.0355,1.0710000000000002,0.1175,311.825,0.1,-1.9645000000000001,1.1095000000000002,0.14150000000000001,311.835,0.1,-1.9104999999999999,1.115,0.1615,311.844,0.1,-1.8535,1.0695000000000001,0.133,311.854,0.1,-1.7665000000000002,0.9949999999999999,0.045,311.86,0.1,-1.6555,0.9395,-0.038,311.859,0.1,-1.557,0.917,-0.0465,311.861,0.1,-1.4929999999999999,0.9135,0.0,311.873,0.1,-1.4569999999999999,0.931,0.04,311.887,0.1,-1.434,0.9795,0.044,311.894,0.1,
-2.2755,1.0575,0.1615,311.751,0.1,-2.2714999999999996,1.1059999999999999,0.1625,311.767,0.1,-2.2615,1.121,0.1525,311.784,0.1,-2.2285,1.0979999999999999,0.123,311.795,0.1,-2.175,1.068,0.0935,311.802,0.1,-2.1020000000000003,1.064,0.079,311.809,0.1,-2.013,1.086,0.087,311.816,0.1,-1.9304999999999999,1.1055000000000001,0.126,311.823,0.1,-1.875,1.1,0.1735,311.836,0.1,-1.834,1.071,0.177,311.857,0.1,-1.772,1.037,0.1065,311.875,0.1,-1.677,1.0175,0.012,311.878,0.1,-1.5765,1.004,-0.0315,311.873,0.1,-1.4995,0.9865,-0.0235,311.872,0.1,-1.4500000000000002,0.9845,-0.0045000000000000005,311.875,0.1,-1.4184999999999999,1.012,0.006999999999999999,311.875,0.1,
-2.3075,1.1444999999999999,0.1755,311.741,0.1,-2.2925,1.1905000000000001,0.182,311.757,0.1,-2.2835,1.2035,0.184,311.776,0.1,-2.2560000000000002,1.1795,0.155,311.792,0.1,-2.203,1.146,0.1075,311.802,0.1,-2.129,1.1365,0.07200000000000001,311.805,0.1,-2.035,1.1445,0.0635,311.803,0.1,-1.9344999999999999,1.1364999999999998,0.08449999999999999,311.805,0.1,-1.857,1.108,0.126,311.818,0.1,-1.812,1.085,0.1575,311.844,0.1,-1.771,1.088,0.14,311.87,0.1,-1.7065000000000001,1.1095,0.0795,311.882,0.1,-1.6255000000000002,1.117,0.026500000000000003,311.881,0.1,-1.5485,1.0995,-0.006,311.876,0.1,-1.4785,1.0815000000000001,-0.031,311.87,0.1,-1.4115,1.0790000000000002,-0.051500000000000004,311.865,0.1,
-2.368,1.258,0.1835,311.729,0.1,-2.33,1.2905,0.1955,311.746,0.1,-2.3064999999999998,1.294,0.20700000000000002,311.766,0.1,-2.2795,1.266,0.1895,311.783,0.1,-2.2325,1.2295,0.1455,311.795,0.1,-2.1615,1.206,0.1,311.798,0.1,-2.066,1.1920000000000002,0.066,311.795,0.1,-1.9529999999999998,1.166,0.0475,311.796,0.1,-1.85,1.1335,0.051000000000000004,311.807,0.1,-1.7845,1.121,0.08299999999999999,311.828,0.1,-1.748,1.1444999999999999,0.1175,311.852,0.1,-1.709,1.184,0.1185,311.869,0.1,-1.653,1.1995,0.0895,311.876,0.1,-1.5859999999999999,1.182,0.042499999999999996,311.878,0.1,-1.509,1.158,-0.019,311.876,0.1,-1.42,1.149,-0.08299999999999999,311.871,0.1,
-2.416,1.316,0.185,311.72,0.1,-2.3615,1.341,0.20900000000000002,311.738,0.1,-2.3209999999999997,1.339,0.23,311.757,0.1,-2.284,1.308,0.2255,311.775,0.1,-2.2329999999999997,1.268,0.1925,311.787,0.1,-2.1585,1.233,0.14450000000000002,311.794,0.1,-2.0605,1.205,0.0915,311.797,0.1,-1.9469999999999998,1.174,0.0415,311.802,0.1,-1.8375,1.148,0.009500000000000001,311.811,0.1,-1.758,1.145,0.0215,311.822,0.1,-1.715,1.174,0.07450000000000001,311.836,0.1,-1.685,1.214,0.1245,311.852,0.1,-1.6440000000000001,1.228,0.131,311.865,0.1,-1.5865,1.209,0.09,311.876,0.1,-1.516,1.185,0.012,311.884,0.1,-1.4344999999999999,1.182,-0.07600000000000001,311.885,0.1,
-2.2885,0.7255,0.009000000000000001,311.945,0.1,-2.2264999999999997,0.7795000000000001,0.0085,311.945,0.1,-2.175,0.7865,0.0645,311.944,0.1,-2.121,0.7344999999999999,0.1135,311.95,0.1,-2.0435,0.6425000000000001,0.0995,311.966,0.1,-1.9460000000000002,0.5805,0.044,311.98,0.1,-1.8555000000000001,0.5805,-0.008,311.988,0.1,-1.7945,0.62,-0.040499999999999994,311.988,0.1,-1.7605,0.6659999999999999,-0.0645,311.982,0.1,-1.7345000000000002,0.7,-0.0865,311.975,0.1,-1.697,0.726,-0.0865,311.972,0.1,-1.6335000000000002,0.7555000000000001,-0.058499999999999996,311.977,0.1,-1.545,0.778,-0.0235,311.986,0.1,-1.4575,0.7809999999999999,0.003,311.998,0.1,-1.4,0.7635000000000001,0.0115,312.009,0.1,-1.3655,0.757,-0.0185,312.017,0.1,
-2.285,0.696,-0.0015,311.923,0.1,-2.2030000000000003,0.7364999999999999,-0.033,311.923,0.1,-2.1425,0.7475,0.014499999999999999,311.925,0.1,-2.0975,0.707,0.089,311.931,0.1,-2.0355,0.63,0.1045,311.949,0.1,-1.9489999999999998,0.571,0.052500000000000005,311.967,0.1,-1.8664999999999998,0.5765,-0.006500000000000001,311.98,0.1,-1.8115,0.639,-0.0435,311.983,0.1,-1.7725,0.7244999999999999,-0.062,311.979,0.1,-1.72,0.7865,-0.0805,311.97,0.1,-1.643,0.8115,-0.086,311.962,0.1,-1.5474999999999999,0.802,-0.0615,311.961,0.1,-1.4425,0.7595000000000001,-0.0275,311.969,0.1,-1.3479999999999999,0.7095,-0.0035,311.986,0.1,-1.2959999999999998,0.6890000000000001,0.0035,312.001,0.1,-1.289,0.728,-0.010499999999999999,312.009,0.1,
-2.2595,0.6655,-0.0035,311.904,0.1,-2.1645,0.6910000000000001,-0.05,311.902,0.1,-2.094,0.698,-0.020999999999999998,311.903,0.1,-2.057,0.6665,0.064,311.912,0.1,-2.0145,0.6105,0.109,311.931,0.1,-1.9385,0.5714999999999999,0.067,311.95,0.1,-1.8535,0.592,-0.0005,311.965,0.1,-1.7955,0.6755,-0.040499999999999994,311.972,0.1,-1.7575,0.7875,-0.0495,311.971,0.1,-1.7000000000000002,0.863,-0.061,311.968,0.1,-1.6075,0.8785000000000001,-0.0765,311.965,0.1,-1.4975,0.841,-0.07,311.963,0.1,-1.3865,0.7595000000000001,-0.051500000000000004,311.967,0.1,-1.291,0.6805000000000001,-0.0395,311.979,0.1,-1.2385000000000002,0.666,-0.035,311.988,0.1,-1.2385000000000002,0.7344999999999999,-0.028499999999999998,311.994,0.1,
-2.2439999999999998,0.653,0.0115,311.897,0.1,-2.1395,0.6675,-0.033,311.895,0.1,-2.0465,0.6665000000000001,-0.025500000000000002,311.895,0.1,-1.996,0.6325000000000001,0.0435,311.902,0.1,-1.967,0.5834999999999999,0.0995,311.916,0.1,-1.912,0.5660000000000001,0.075,311.934,0.1,-1.8305,0.6114999999999999,0.008,311.949,0.1,-1.762,0.713,-0.033,311.956,0.1,-1.7185000000000001,0.829,-0.037500000000000006,311.96,0.1,-1.67,0.8965000000000001,-0.0435,311.966,0.1,-1.591,0.897,-0.069,311.973,0.1,-1.4914999999999998,0.85,-0.08449999999999999,311.975,0.1,-1.3925,0.775,-0.082,311.973,0.1,-1.3094999999999999,0.7170000000000001,-0.077,311.973,0.1,-1.259,0.7230000000000001,-0.07100000000000001,311.972,0.1,-1.248,0.7929999999999999,-0.055499999999999994,311.974,0.1,
-2.2430000000000003,0.647,0.053500000000000006,311.891,0.1,-2.1305,0.6595,0.0165,311.892,0.1,-2.01,0.659,0.002,311.893,0.1,-1.9205,0.622,0.030000000000000002,311.899,0.1,-1.8745,0.5685,0.07,311.908,0.1,-1.8375,0.5575000000000001,0.0645,311.923,0.1,-1.7814999999999999,0.6225,0.019000000000000003,311.934,0.1,-1.7195,0.737,-0.013000000000000001,311.94,0.1,-1.674,0.844,-0.016,311.948,0.1,-1.6365,0.8915,-0.023,311.962,0.1,-1.58,0.8755,-0.0635,311.978,0.1,-1.5025,0.8294999999999999,-0.1105,311.982,0.1,-1.4275,0.792,-0.1255,311.974,0.1,-1.37,0.7905,-0.112,311.961,0.1,-1.3285,0.8295,-0.091,311.953,0.1,-1.2999999999999998,0.8835,-0.068,311.957,0.1,
-2.202,0.639,0.109,311.868,0.1,-2.0854999999999997,0.653,0.086,311.875,0.1,-1.963,0.6585000000000001,0.056999999999999995,311.882,0.1,-1.8559999999999999,0.629,0.0385,311.892,0.1,-1.787,0.5814999999999999,0.037000000000000005,311.903,0.1,-1.746,0.569,0.0335,311.914,0.1,-1.7080000000000002,0.6285000000000001,0.019,311.922,0.1,-1.667,0.736,0.0125,311.929,0.1,-1.6345,0.83,0.0225,311.941,0.1,-1.609,0.8645,0.0195,311.96,0.1,-1.5675,0.8394999999999999,-0.032,311.978,0.1,-1.502,0.7989999999999999,-0.11599999999999999,311.981,0.1,-1.4380000000000002,0.7995000000000001,-0.167,311.968,0.1,-1.3965,0.852,-0.158,311.95,0.1,-1.367,0.9195,-0.118,311.94,0.1,-1.3330000000000002,0.954,-0.082,311.945,0.1,
-2.152,0.6405000000000001,0.14300000000000002,311.835,0.1,-2.04,0.646,0.1475,311.845,0.1,-1.931,0.646,0.1245,311.861,0.1,-1.8319999999999999,0.626,0.077,311.879,0.1,-1.7574999999999998,0.604,0.029,311.895,0.1,-1.706,0.6054999999999999,0.003,311.905,0.1,-1.6615,0.646,0.0005,311.91,0.1,-1.619,0.7184999999999999,0.0205,311.916,0.1,-1.5885,0.79,0.05,311.929,0.1,-1.5725,0.8200000000000001,0.0675,311.95,0.1,-1.548,0.796,0.033,311.969,0.1,-1.4914999999999998,0.764,-0.0645,311.975,0.1,-1.4184999999999999,0.787,-0.16,311.964,0.1,-1.3645,0.8665,-0.1865,311.947,0.1,-1.335,0.945,-0.154,311.936,0.1,-1.3075,0.9635,-0.113,311.94,0.1,
-2.125,0.6595,0.14400000000000002,311.81,0.1,-2.0229999999999997,0.6415,0.1725,311.821,0.1,-1.9315,0.6225,0.17099999999999999,311.839,0.1,-1.847,0.6045,0.1255,311.862,0.1,-1.778,0.6125,0.055499999999999994,311.883,0.1,-1.726,0.6485000000000001,0.0025,311.895,0.1,-1.6755,0.687,-0.01,311.898,0.1,-1.616,0.719,0.0115,311.9,0.1,-1.5590000000000002,0.751,0.047,311.907,0.1,-1.5245,0.7615000000000001,0.081,311.924,0.1,-1.506,0.7324999999999999,0.082,311.945,0.1,-1.467,0.7055,0.0165,311.96,0.1,-1.3915000000000002,0.7384999999999999,-0.088,311.96,0.1,-1.3130000000000002,0.8215,-0.156,311.951,0.1,-1.2654999999999998,0.8955,-0.16,311.944,0.1,-1.238,0.9079999999999999,-0.139,311.947,0.1,
-2.09,0.6885,0.134,311.799,0.1,-1.9935,0.647,0.16,311.809,0.1,-1.924,0.609,0.1765,311.825,0.1,-1.869,0.591,0.156,311.847,0.1,-1.818,0.616,0.0975,311.871,0.1,-1.7705,0.6815,0.038000000000000006,311.887,0.1,-1.721,0.739,0.0135,311.893,0.1,-1.6575,0.754,0.02,311.891,0.1,-1.581,0.745,0.038,311.889,0.1,-1.5105,0.713,0.059,311.897,0.1,-1.46,0.6559999999999999,0.07250000000000001,311.913,0.1,-1.4165,0.6194999999999999,0.0505,311.933,0.1,-1.3555000000000001,0.653,-0.010499999999999999,311.948,0.1,-1.28,0.73,-0.0735,311.954,0.1,-1.2175,0.7925,-0.106,311.957,0.1,-1.1755,0.8115,-0.121,311.963,0.1,
-2.0685000000000002,0.7064999999999999,0.1355,311.795,0.1,-1.9809999999999999,0.6655,0.138,311.805,0.1,-1.9264999999999999,0.6214999999999999,0.149,311.819,0.1,-1.896,0.6025,0.154,311.838,0.1,-1.8645,0.625,0.1315,311.859,0.1,-1.8185,0.692,0.091,311.879,0.1,-1.7645,0.765,0.066,311.89,0.1,-1.705,0.7925,0.0615,311.892,0.1,-1.6315,0.7695000000000001,0.056999999999999995,311.889,0.1,-1.542,0.7,0.044,311.887,0.1,-1.451,0.604,0.027,311.893,0.1,-1.375,0.544,0.013500000000000002,311.908,0.1,-1.3145,0.562,0.0095,311.93,0.1,-1.2585,0.623,0.003,311.951,0.1,-1.201,0.6725,-0.0165,311.966,0.1,-1.146,0.7055,-0.054,311.974,0.1,
-2.0685000000000002,0.6890000000000001,0.14250000000000002,311.791,0.1,-2.0065,0.68,0.1285,311.805,0.1,-1.9605000000000001,0.652,0.1205,311.817,0.1,-1.9335,0.6275,0.1265,311.831,0.1,-1.908,0.6305000000000001,0.133,311.848,0.1,-1.862,0.6739999999999999,0.1225,311.866,0.1,-1.799,0.7424999999999999,0.1105,311.882,0.1,-1.737,0.792,0.1125,311.892,0.1,-1.6745,0.786,0.107,311.894,0.1,-1.5915,0.712,0.0685,311.892,0.1,-1.4809999999999999,0.6005,0.0035,311.892,0.1,-1.37,0.523,-0.043,311.896,0.1,-1.2894999999999999,0.512,-0.025500000000000002,311.914,0.1,-1.237,0.5409999999999999,0.0225,311.94,0.1,-1.1925,0.5775,0.0445,311.962,0.1,-1.1455,0.627,0.0185,311.972,0.1,
-2.052,0.661,0.147,311.789,0.1,-2.0294999999999996,0.6935,0.1385,311.808,0.1,-2.0004999999999997,0.6930000000000001,0.1195,311.824,0.1,-1.9665,0.664,0.10350000000000001,311.833,0.1,-1.9295,0.6425000000000001,0.10350000000000001,311.843,0.1,-1.875,0.6565000000000001,0.10500000000000001,311.857,0.1,-1.8005,0.7075,0.11,311.873,0.1,-1.729,0.7625,0.1365,311.886,0.1,-1.6745,0.774,0.1595,311.897,0.1,-1.615,0.7215,0.1295,311.907,0.1,-1.5190000000000001,0.633,0.035,311.913,0.1,-1.3955000000000002,0.567,-0.0535,311.911,0.1,-1.288,0.538,-0.061,311.914,0.1,-1.2205,0.534,-0.009000000000000001,311.929,0.1,-1.1815,0.5555,0.035,311.947,0.1,-1.1515,0.6114999999999999,0.040999999999999995,311.956,0.1,
-2.0345,0.6905,0.1555,311.789,0.1,-2.035,0.7435,0.159,311.809,0.1,-2.0285,0.7585,0.1475,311.827,0.1,-1.997,0.728,0.11399999999999999,311.839,0.1,-1.9460000000000002,0.6910000000000001,0.08249999999999999,311.846,0.1,-1.8765,0.69,0.0675,311.855,0.1,-1.788,0.725,0.0765,311.864,0.1,-1.7029999999999998,0.7595000000000001,0.119,311.874,0.1,-1.6465,0.761,0.172,311.89,0.1,-1.6055000000000001,0.7275,0.177,311.915,0.1,-1.5405000000000002,0.6835,0.1005,311.935,0.1,-1.4385,0.6565,-0.0019999999999999996,311.938,0.1,-1.329,0.6379999999999999,-0.0475,311.931,0.1,-1.2435,0.619,-0.037,311.929,0.1,-1.1865,0.6225,-0.016,311.933,0.1,-1.148,0.6599999999999999,-0.002,311.936,0.1,
-2.0665,0.7935,0.1665,311.783,0.1,-2.0575,0.8405,0.1765,311.801,0.1,-2.056,0.851,0.1795,311.822,0.1,-2.034,0.8195,0.149,311.839,0.1,-1.983,0.7795,0.098,311.85,0.1,-1.907,0.7735,0.061,311.855,0.1,-1.8075,0.792,0.051500000000000004,311.855,0.1,-1.7015,0.7949999999999999,0.07450000000000001,311.859,0.1,-1.6235,0.772,0.1195,311.875,0.1,-1.5825,0.746,0.155,311.905,0.1,-1.544,0.743,0.136,311.934,0.1,-1.4769999999999999,0.7575000000000001,0.0695,311.947,0.1,-1.3905,0.76,0.0135,311.943,0.1,-1.306,0.7395,-0.019,311.937,0.1,-1.2269999999999999,0.7255,-0.044,311.93,0.1,-1.1524999999999999,0.7335,-0.0645,311.924,0.1,
-2.1205,0.925,0.17049999999999998,311.774,0.1,-2.0885,0.9544999999999999,0.186,311.794,0.1,-2.073,0.952,0.2005,311.816,0.1,-2.0540000000000003,0.9155,0.184,311.834,0.1,-2.0105,0.8725,0.1385,311.847,0.1,-1.9365,0.849,0.0915,311.851,0.1,-1.8344999999999998,0.84,0.055999999999999994,311.851,0.1,-1.716,0.8205,0.035500000000000004,311.854,0.1,-1.611,0.7925,0.04,311.869,0.1,-1.549,0.7815000000000001,0.075,311.891,0.1,-1.5175,0.804,0.112,311.917,0.1,-1.479,0.8380000000000001,0.1125,311.934,0.1,-1.4209999999999998,0.8454999999999999,0.0815,311.941,0.1,-1.3515,0.8205,0.0335,311.942,0.1,-1.2705,0.7965,-0.029500000000000002,311.938,0.1,-1.1755,0.798,-0.0955,311.934,0.1,
-2.163,0.991,0.16949999999999998,311.769,0.1,-2.1144999999999996,1.011,0.1975,311.79,0.1,-2.08,1.002,0.2225,311.812,0.1,-2.05,0.961,0.2195,311.83,0.1,-2.0045,0.914,0.1865,311.843,0.1,-1.9304999999999999,0.876,0.137,311.851,0.1,-1.83,0.85,0.08249999999999999,311.856,0.1,-1.713,0.823,0.0305,311.863,0.1,-1.6,0.801,-0.0034999999999999996,311.873,0.1,-1.5190000000000001,0.803,0.01,311.885,0.1,-1.4775,0.834,0.0675,311.9,0.1,-1.4500000000000002,0.87,0.121,311.916,0.1,-1.4115,0.874,0.1275,311.93,0.1,-1.357,0.844,0.08449999999999999,311.941,0.1,-1.2875,0.818,0.004,311.95,0.1,-1.202,0.826,-0.0865,311.952,0.1,
-2.086,0.2915,0.003,312.01,0.1,-2.02,0.356,0.0025,312.005,0.1,-1.968,0.3775,0.062,312.003,0.1,-1.9155,0.328,0.114,312.013,0.1,-1.839,0.23049999999999998,0.097,312.035,0.1,-1.7425,0.16399999999999998,0.0385,312.054,0.1,-1.6524999999999999,0.16449999999999998,-0.0135,312.062,0.1,-1.5895000000000001,0.2105,-0.0455,312.061,0.1,-1.5514999999999999,0.2645,-0.07100000000000001,312.055,0.1,-1.5234999999999999,0.3055,-0.094,312.048,0.1,-1.49,0.33799999999999997,-0.0935,312.047,0.1,-1.435,0.3755,-0.063,312.054,0.1,-1.3515,0.405,-0.026000000000000002,312.064,0.1,-1.2595,0.41500000000000004,0.001,312.073,0.1,-1.1925,0.40349999999999997,0.009999999999999998,312.081,0.1,-1.1520000000000001,0.4,-0.019,312.089,0.1,
-2.0835,0.26649999999999996,-0.006,311.989,0.1,-1.9975,0.3155,-0.039,311.983,0.1,-1.9344999999999999,0.3355,0.0115,311.981,0.1,-1.8895,0.29700000000000004,0.091,311.992,0.1,-1.826,0.215,0.104,312.016,0.1,-1.7365,0.1515,0.0475,312.04,0.1,-1.6524999999999999,0.1535,-0.013000000000000001,312.055,0.1,-1.5979999999999999,0.2185,-0.0495,312.058,0.1,-1.5605,0.3105,-0.0685,312.053,0.1,-1.5105,0.38,-0.0895,312.044,0.1,-1.4375,0.41300000000000003,-0.0965,312.035,0.1,-1.35,0.4165,-0.069,312.035,0.1,-1.256,0.387,-0.0305,312.044,0.1,-1.168,0.34850000000000003,-0.0045000000000000005,312.06,0.1,-1.112,0.3325,0.0025,312.073,0.1,-1.0935000000000001,0.3715,-0.011,312.08,0.1,
-2.0629999999999997,0.244,-0.0085,311.968,0.1,-1.9634999999999998,0.277,-0.057999999999999996,311.962,0.1,-1.8865,0.2885,-0.0275,311.958,0.1,-1.848,0.2555,0.064,311.97,0.1,-1.8054999999999999,0.193,0.111,311.996,0.1,-1.7269999999999999,0.148,0.0635,312.022,0.1,-1.6405,0.16349999999999998,-0.008,312.039,0.1,-1.5845,0.247,-0.0475,312.046,0.1,-1.5505,0.365,-0.055,312.045,0.1,-1.4965000000000002,0.4495,-0.067,312.042,0.1,-1.407,0.475,-0.08549999999999999,312.037,0.1,-1.3025,0.453,-0.0775,312.035,0.1,-1.202,0.388,-0.056,312.04,0.1,-1.1155,0.322,-0.043,312.052,0.1,-1.0619999999999998,0.3085,-0.039,312.06,0.1,-1.0505,0.372,-0.032,312.064,0.1,
-2.053,0.241,0.0045000000000000005,311.958,0.1,-1.9449999999999998,0.262,-0.043,311.953,0.1,-1.843,0.264,-0.036500000000000005,311.948,0.1,-1.7879999999999998,0.22649999999999998,0.038000000000000006,311.955,0.1,-1.759,0.16899999999999998,0.1,311.977,0.1,-1.7055,0.14300000000000002,0.073,312.003,0.1,-1.6275,0.184,0.0015,312.021,0.1,-1.5635,0.2845,-0.040499999999999994,312.028,0.1,-1.5245,0.40549999999999997,-0.041999999999999996,312.032,0.1,-1.4769999999999999,0.481,-0.0465,312.038,0.1,-1.3955000000000002,0.491,-0.073,312.044,0.1,-1.2955,0.4585,-0.0895,312.045,0.1,-1.2025000000000001,0.40049999999999997,-0.086,312.045,0.1,-1.1275,0.35350000000000004,-0.081,312.047,0.1,-1.0775000000000001,0.35950000000000004,-0.0775,312.044,0.1,-1.057,0.4205,-0.062,312.044,0.1,
-2.055,0.2455,0.046,311.952,0.1,-1.9425,0.2625,0.007,311.95,0.1,-1.8144999999999998,0.265,-0.0105,311.947,0.1,-1.7165,0.225,0.019,311.95,0.1,-1.6684999999999999,0.163,0.065,311.965,0.1,-1.6360000000000001,0.14400000000000002,0.0615,311.987,0.1,-1.5885,0.20500000000000002,0.014,312.003,0.1,-1.5365,0.3175,-0.0195,312.01,0.1,-1.498,0.426,-0.019999999999999997,312.018,0.1,-1.4585,0.478,-0.0245,312.032,0.1,-1.392,0.46799999999999997,-0.066,312.046,0.1,-1.3045,0.4325,-0.115,312.049,0.1,-1.2269999999999999,0.407,-0.13,312.042,0.1,-1.175,0.4145,-0.11599999999999999,312.032,0.1,-1.138,0.454,-0.096,312.025,0.1,-1.1059999999999999,0.5,-0.074,312.028,0.1,
-2.0155000000000003,0.246,0.1005,311.936,0.1,-1.903,0.263,0.0775,311.938,0.1,-1.7770000000000001,0.271,0.047,311.941,0.1,-1.6615000000000002,0.241,0.027000000000000003,311.946,0.1,-1.5885,0.1885,0.027,311.957,0.1,-1.553,0.173,0.026,311.972,0.1,-1.5265,0.22999999999999998,0.013000000000000001,311.986,0.1,-1.496,0.3325,0.0075,311.995,0.1,-1.4685000000000001,0.422,0.0195,312.008,0.1,-1.441,0.45499999999999996,0.0185,312.027,0.1,-1.3905,0.433,-0.0335,312.045,0.1,-1.312,0.398,-0.122,312.047,0.1,-1.2385000000000002,0.403,-0.175,312.033,0.1,-1.1965,0.4605,-0.164,312.016,0.1,-1.1724999999999999,0.53,-0.121,312.009,0.1,-1.1425,0.5615,-0.084,312.016,0.1,
-1.956,0.2485,0.133,311.909,0.1,-1.8519999999999999,0.258,0.1405,311.918,0.1,-1.7485,0.2635,0.1175,311.93,0.1,-1.651,0.2475,0.0685,311.943,0.1,-1.5775000000000001,0.22649999999999998,0.019,311.954,0.1,-1.531,0.23,-0.0075,311.962,0.1,-1.4945,0.26949999999999996,-0.0085,311.968,0.1,-1.4569999999999999,0.3345,0.013500000000000002,311.975,0.1,-1.4255,0.39549999999999996,0.046,311.991,0.1,-1.4064999999999999,0.4185,0.0665,312.014,0.1,-1.3784999999999998,0.39449999999999996,0.033,312.037,0.1,-1.3155000000000001,0.365,-0.069,312.044,0.1,-1.2345000000000002,0.3885,-0.16949999999999998,312.029,0.1,-1.1760000000000002,0.4675,-0.1955,312.011,0.1,-1.149,0.5475000000000001,-0.1575,312.002,0.1,-1.127,0.5665,-0.113,312.009,0.1,
-1.9180000000000001,0.263,0.1315,311.887,0.1,-1.8235000000000001,0.2505,0.165,311.899,0.1,-1.745,0.2425,0.167,311.916,0.1,-1.6749999999999998,0.236,0.121,311.936,0.1,-1.617,0.2505,0.0485,311.952,0.1,-1.5715,0.28900000000000003,-0.008,311.957,0.1,-1.5234999999999999,0.32599999999999996,-0.022,311.956,0.1,-1.4625,0.35050000000000003,0.0005,311.956,0.1,-1.4020000000000001,0.3705,0.0385,311.964,0.1,-1.3639999999999999,0.374,0.0765,311.984,0.1,-1.3445,0.3425,0.0825,312.011,0.1,-1.3054999999999999,0.31699999999999995,0.016,312.031,0.1,-1.2285,0.34950000000000003,-0.094,312.031,0.1,-1.147,0.4295,-0.164,312.018,0.1,-1.098,0.501,-0.164,312.01,0.1,-1.073,0.512,-0.1385,312.015,0.1,
-1.8900000000000001,0.2885,0.1215,311.877,0.1,-1.7995,0.2535,0.1515,311.888,0.1,-1.7425000000000002,0.229,0.17149999999999999,311.907,0.1,-1.7035,0.2265,0.153,311.929,0.1,-1.6665,0.26,0.093,311.949,0.1,-1.6255000000000002,0.327,0.03,311.959,0.1,-1.577,0.382,0.0025,311.958,0.1,-1.513,0.39249999999999996,0.0075,311.952,0.1,-1.4344999999999999,0.3765,0.025500000000000002,311.948,0.1,-1.361,0.34199999999999997,0.0495,311.955,0.1,-1.311,0.2845,0.068,311.974,0.1,-1.271,0.249,0.0495,312.0,0.1,-1.2115,0.2815,-0.012,312.019,0.1,-1.1345,0.35450000000000004,-0.077,312.024,0.1,-1.069,0.41000000000000003,-0.1075,312.025,0.1,-1.025,0.4215,-0.1205,312.03,0.1,
-1.8904999999999998,0.3055,0.126,311.875,0.1,-1.807,0.271,0.1275,311.887,0.1,-1.7585,0.2395,0.1405,311.902,0.1,-1.7365,0.23249999999999998,0.149,311.923,0.1,-1.7120000000000002,0.2615,0.1285,311.944,0.1,-1.669,0.33,0.08549999999999999,311.959,0.1,-1.616,0.402,0.058499999999999996,311.966,0.1,-1.559,0.43,0.052000000000000005,311.965,0.1,-1.4895,0.4075,0.0455,311.958,0.1,-1.4035,0.3415,0.032,311.953,0.1,-1.315,0.2505,0.0165,311.956,0.1,-1.242,0.194,0.006,311.971,0.1,-1.1835,0.2115,0.006500000000000001,311.996,0.1,-1.1255,0.2655,0.0025,312.02,0.1,-1.064,0.3045,-0.0155,312.035,0.1,-1.0065,0.3255,-0.0535,312.043,0.1,
-1.9165,0.28900000000000003,0.136,311.875,0.1,-1.857,0.2845,0.1195,311.891,0.1,-1.808,0.265,0.109,311.904,0.1,-1.7774999999999999,0.247,0.11699999999999999,311.918,0.1,-1.75,0.2525,0.1275,311.935,0.1,-1.702,0.2965,0.118,311.953,0.1,-1.6385,0.368,0.105,311.968,0.1,-1.58,0.4225,0.107,311.976,0.1,-1.5255,0.423,0.1005,311.979,0.1,-1.452,0.357,0.06,311.976,0.1,-1.3495,0.2555,-0.0095,311.97,0.1,-1.2429999999999999,0.1865,-0.0575,311.968,0.1,-1.1625,0.177,-0.035,311.98,0.1,-1.107,0.1975,0.018500000000000003,312.006,0.1,-1.0594999999999999,0.222,0.0435,312.03,0.1,-1.012,0.2595,0.0175,312.042,0.1,
-1.917,0.2635,0.14250000000000002,311.878,0.1,-1.8955,0.295,0.1335,311.899,0.1,-1.8595,0.2975,0.111,311.915,0.1,-1.8155000000000001,0.27149999999999996,0.0925,311.924,0.1,-1.7705000000000002,0.25,0.0945,311.932,0.1,-1.711,0.265,0.0975,311.947,0.1,-1.635,0.3215,0.10250000000000001,311.963,0.1,-1.567,0.3845,0.132,311.977,0.1,-1.5194999999999999,0.40449999999999997,0.1585,311.992,0.1,-1.4675,0.3605,0.127,312.006,0.1,-1.38,0.28300000000000003,0.025,312.011,0.1,-1.2635,0.2285,-0.07,311.999,0.1,-1.157,0.204,-0.07700000000000001,311.99,0.1,-1.0865,0.194,-0.0195,311.999,0.1,-1.0465,0.20550000000000002,0.0285,312.016,0.1,-1.02,0.253,0.036000000000000004,312.026,0.1,
-1.8995,0.2925,0.1505,311.878,0.1,-1.9,0.3375,0.1565,311.9,0.1,-1.888,0.348,0.144,311.922,0.1,-1.848,0.31799999999999995,0.1065,311.935,0.1,-1.791,0.2845,0.07200000000000001,311.94,0.1,-1.7185000000000001,0.2875,0.056999999999999995,311.947,0.1,-1.6285,0.3285,0.066,311.956,0.1,-1.5445,0.371,0.1125,311.965,0.1,-1.4914999999999998,0.38,0.172,311.985,0.1,-1.454,0.3535,0.179,312.017,0.1,-1.391,0.318,0.0955,312.041,0.1,-1.2905000000000002,0.3015,-0.016,312.038,0.1,-1.1835,0.28900000000000003,-0.064,312.021,0.1,-1.101,0.269,-0.0515,312.01,0.1,-1.0485,0.2675,-0.028,312.008,0.1,-1.0165,0.30300000000000005,-0.012,312.006,0.1,
-1.9169999999999998,0.388,0.1575,311.869,0.1,-1.9045,0.4225,0.17149999999999999,311.889,0.1,-1.901,0.42000000000000004,0.177,311.915,0.1,-1.8775,0.38449999999999995,0.1455,311.937,0.1,-1.827,0.352,0.09,311.949,0.1,-1.7530000000000001,0.35550000000000004,0.051000000000000004,311.951,0.1,-1.6535,0.382,0.0405,311.948,0.1,-1.5455,0.3905,0.065,311.949,0.1,-1.4675,0.3725,0.115,311.965,0.1,-1.4275,0.3525,0.155,312.0,0.1,-1.388,0.356,0.134,312.035,0.1,-1.3185,0.379,0.061,312.048,0.1,-1.232,0.388,0.001,312.04,0.1,-1.153,0.371,-0.031,312.027,0.1,-1.0835,0.35950000000000004,-0.056,312.013,0.1,-1.0185,0.37250000000000005,-0.077,312.001,0.1,
-1.9635,0.5065,0.1575,311.855,0.1,-1.9260000000000002,0.5235,0.1765,311.876,0.1,-1.908,0.502,0.1955,311.902,0.1,-1.8900000000000001,0.4565,0.1805,311.928,0.1,-1.85,0.42000000000000004,0.1335,311.946,0.1,-1.7805,0.41100000000000003,0.08499999999999999,311.95,0.1,-1.6795,0.413,0.048,311.946,0.1,-1.5575,0.398,0.025500000000000002,311.946,0.1,-1.4505,0.372,0.030000000000000002,311.956,0.1,-1.3900000000000001,0.3655,0.069,311.978,0.1,-1.3605,0.395,0.109,312.008,0.1,-1.3225,0.4365,0.1085,312.029,0.1,-1.263,0.45099999999999996,0.075,312.036,0.1,-1.194,0.4335,0.026,312.036,0.1,-1.119,0.4185,-0.038000000000000006,312.03,0.1,-1.034,0.4305,-0.10600000000000001,312.02,0.1,
-2.0175,0.565,0.1545,311.842,0.1,-1.9625,0.574,0.1865,311.864,0.1,-1.923,0.544,0.2155,311.888,0.1,-1.8905,0.492,0.2145,311.911,0.1,-1.8455,0.45,0.182,311.931,0.1,-1.7734999999999999,0.428,0.132,311.943,0.1,-1.675,0.414,0.076,311.948,0.1,-1.5585,0.392,0.022,311.952,0.1,-1.4445000000000001,0.371,-0.013499999999999998,311.957,0.1,-1.3635,0.376,0.0005,311.966,0.1,-1.3239999999999998,0.415,0.0625,311.981,0.1,-1.2985,0.458,0.1195,312.001,0.1,-1.2585000000000002,0.469,0.1265,312.019,0.1,-1.2005,0.449,0.0815,312.034,0.1,-1.1315,0.434,-0.0015,312.042,0.1,-1.053,0.455,-0.0945,312.043,0.1,
