-0.138,5.282,-0.07,309.241,1.588,-0.43399999999999994,4.305,0.0185,309.472,1.347,-0.635,4.561999999999999,-0.0315,309.288,1.331,-0.735,4.6825,-0.032,309.381,1.365,-0.5205,4.901999999999999,-0.0245,309.357,1.502,0.8305,5.6455,-0.10099999999999999,309.061,1.583,1.9180000000000001,5.8475,-0.119,309.019,1.706,1.392,4.7895,0.019,309.455,1.658,0.3625,3.904,0.037000000000000005,309.528,1.248,-0.16799999999999998,3.466,-0.0025,309.389,1.017,-0.141,3.5665,-0.0235,309.298,0.978,0.5289999999999999,3.9850000000000003,-0.055499999999999994,309.16,1.016,1.6665,4.677,-0.076,308.985,1.225,2.2515,5.0145,-0.0625,308.932,1.534,1.5495,4.612500000000001,0.022,309.285,1.523,0.5065,4.4405,0.054,309.567,1.535,
-0.39249999999999996,5.3614999999999995,-0.07400000000000001,309.165,1.676,-0.46599999999999997,4.595,-0.0045000000000000005,309.454,1.391,-0.581,4.8149999999999995,-0.0115,309.339,1.449,-0.499,4.9254999999999995,-0.033,309.271,1.387,-0.34950000000000003,4.885999999999999,-0.02,309.337,1.403,0.8435,5.379,-0.08199999999999999,309.144,1.477,1.9925,5.785,-0.11199999999999999,309.033,1.698,1.3014999999999999,4.7204999999999995,0.026,309.474,1.626,0.109,4.035,0.043000000000000003,309.523,1.235,-0.10350000000000001,4.0885,-0.0685,309.169,0.968,0.14900000000000002,4.037,-0.048,309.289,0.995,0.748,4.5655,-0.059,309.236,1.145,1.7915,5.314500000000001,-0.0785,309.013,1.452,2.3435,5.448,-0.035,309.007,1.757,1.7715,4.7135,0.0285,309.347,1.626,0.826,4.151,0.041499999999999995,309.549,1.433,
-0.4845,5.0815,-0.033,309.311,1.682,-0.4065,4.8215,-0.0245,309.404,1.43,-0.5945,4.9595,-0.0045000000000000005,309.475,1.498,-0.5615,5.153499999999999,-0.0085,309.323,1.513,-0.2265,5.2669999999999995,-0.034,309.23,1.433,0.9865,5.4,-0.07,309.166,1.43,2.0975,5.6895,-0.094,309.056,1.67,1.2525,4.675,0.0235,309.496,1.602,-0.06299999999999999,4.242,0.0505,309.61,1.286,0.067,5.0815,-0.0785,309.097,1.261,0.714,5.1155,-0.08600000000000001,309.213,1.177,1.2965,5.4094999999999995,-0.0805,309.175,1.367,1.877,5.6995000000000005,-0.0545,309.139,1.715,1.9175,5.371,-0.0085,309.303,1.831,1.439,4.6395,-0.002,309.457,1.467,1.0110000000000001,4.0344999999999995,-0.0035,309.42,1.333,
-0.318,4.643000000000001,-0.0014999999999999996,309.474,1.536,-0.2565,4.8115000000000006,-0.007,309.439,1.5,-0.463,5.1240000000000006,-0.025500000000000002,309.473,1.508,-0.716,5.185499999999999,0.020999999999999998,309.541,1.582,-0.27449999999999997,5.769,-0.035500000000000004,309.176,1.61,1.0925,5.721,-0.053,309.154,1.527,2.2439999999999998,5.638,-0.0765,309.105,1.626,1.613,4.66,0.005,309.469,1.551,0.208,4.367,0.0485,309.72,1.36,0.07700000000000001,5.436999999999999,-0.0085,309.351,1.602,1.0474999999999999,6.0600000000000005,-0.081,309.16,1.591,1.8525,6.156499999999999,-0.089,309.106,1.735,1.7325,5.574,-0.0135,309.374,1.843,1.1025,5.045,-0.009,309.571,1.614,0.8560000000000001,4.7669999999999995,-0.0745,309.395,1.333,1.0859999999999999,4.38,-0.0785,309.224,1.239,
0.2435,4.4704999999999995,-0.0165,309.396,1.358,0.041499999999999995,4.5985,0.019500000000000003,309.563,1.476,-0.173,5.1425,-0.024,309.423,1.577,-0.5940000000000001,5.1355,0.031,309.684,1.607,-0.3765,5.9835,-0.014,309.302,1.766,0.855,5.981,-0.025,309.213,1.706,2.154,5.765000000000001,-0.066,309.18,1.58,2.1959999999999997,4.8575,-0.029500000000000002,309.337,1.503,1.0115,4.4704999999999995,0.038000000000000006,309.698,1.487,0.311,4.99,0.053,309.712,1.704,0.995,5.9045000000000005,-0.013999999999999999,309.309,2.002,1.7395,6.003,-0.038,309.247,1.975,1.1705,5.0495,0.015000000000000001,309.609,1.768,0.255,4.839499999999999,-0.013500000000000002,309.648,1.47,0.3345,5.1945,-0.11499999999999999,309.251,1.394,1.0865,5.223,-0.1325,309.132,1.283,
0.913,4.6235,-0.047,309.219,1.317,0.64,4.4595,0.013000000000000001,309.549,1.446,0.195,4.748,0.019,309.565,1.667,-0.312,5.0035,0.0385,309.734,1.605,-0.43899999999999995,5.8580000000000005,0.008,309.527,1.773,0.30200000000000005,5.9275,0.0055,309.406,1.766,1.688,6.0365,-0.053,309.207,1.636,2.5075,5.2835,-0.0495,309.262,1.53,1.9589999999999999,4.5600000000000005,0.028999999999999998,309.601,1.557,1.1275,4.4345,0.050499999999999996,309.801,1.566,1.073,4.96,0.0385,309.642,1.807,1.181,5.0009999999999994,0.034,309.602,1.936,0.567,4.431,0.0325,309.716,1.629,-0.14450000000000002,4.791,-0.01,309.693,1.45,0.05149999999999999,5.521,-0.081,309.429,1.571,0.9375,5.73,-0.0935,309.208,1.663,
1.234,4.798500000000001,-0.055,309.137,1.323,1.4045,4.4755,-0.0135,309.367,1.416,0.665,4.1865000000000006,0.0545,309.734,1.536,-0.114,4.6905,0.063,309.81,1.572,-0.448,5.621,0.0165,309.65,1.72,-0.1005,5.6015,0.029,309.601,1.72,1.148,6.067500000000001,-0.0285,309.283,1.761,2.2495,5.4655000000000005,-0.024,309.376,1.628,2.325,4.5525,0.0255,309.589,1.54,2.0225,4.231,0.008,309.577,1.474,1.6019999999999999,4.354,0.0355,309.647,1.595,0.9215,4.116,0.0695,309.775,1.574,0.35050000000000003,3.9895,0.0465,309.623,1.388,0.237,4.7795000000000005,-0.004,309.118,0.65,0.4685,5.4785,-0.024,309.13,0.8,0.8525,5.3995,0.0005,309.513,1.728,
1.186,4.868,-0.0505,309.142,1.321,1.9555,4.5809999999999995,-0.044500000000000005,309.186,1.343,1.138,3.9154999999999998,0.0565,309.666,1.404,0.0050000000000000044,4.307499999999999,0.084,309.888,1.478,-0.3525,5.41,0.009000000000000001,309.63,1.614,-0.06949999999999999,5.157,0.034999999999999996,309.72,1.59,0.7795,5.628500000000001,-0.004999999999999999,309.49,1.713,1.4825,5.1235,0.02,309.605,1.614,1.9065,4.523,0.02,309.56,1.383,2.4195,4.4559999999999995,-0.044000000000000004,309.263,1.4,2.1265,4.5815,0.008,309.484,1.621,0.962,3.9145000000000003,0.077,309.771,1.405,0.321,3.956,0.0475,309.549,1.28,0.8195,4.804,-0.0035000000000000005,308.714,0.531,1.4260000000000002,5.3045,-0.0175,308.654,0.669,1.2285,4.971500000000001,0.036000000000000004,309.586,1.658,
1.0755000000000001,5.162000000000001,-0.055,309.108,1.338,2.146,4.958,-0.07400000000000001,309.071,1.362,1.344,4.0085,0.054,309.547,1.411,0.03849999999999998,4.015,0.08499999999999999,309.887,1.359,-0.1995,5.1815,-0.0055,309.551,1.494,0.1245,4.7405,0.0285,309.721,1.468,0.495,5.0665,0.0025,309.62,1.532,0.6425000000000001,4.692,0.042499999999999996,309.688,1.459,1.3305,4.709,0.004999999999999999,309.4,1.283,2.67,5.035,-0.0765,309.119,1.364,2.6464999999999996,5.1235,0.0125,308.919,0.784,1.1215,4.0685,0.088,309.144,0.617,0.2345,4.23,0.041999999999999996,308.932,0.484,1.061,5.0,-0.011500000000000002,308.385,0.446,2.3449999999999998,5.4175,-0.052500000000000005,308.198,0.531,2.1475,5.134,0.0085,308.691,0.752,
0.9585,5.962,-0.0315,309.03,1.495,1.9874999999999998,5.6995000000000005,-0.0465,309.083,1.516,1.0955,4.282,0.0785,309.593,1.456,-0.0905,3.8564999999999996,0.079,309.79,1.271,-0.118,4.8555,-0.001,309.479,1.396,0.17850000000000002,4.4315,0.041,309.687,1.372,0.252,4.827,0.012,309.57,1.409,0.20850000000000002,4.6375,0.053,309.604,1.337,1.1244999999999998,5.1635,-0.004,309.23,1.327,2.626,5.651,-0.055499999999999994,309.139,1.575,2.411,5.224,0.0575,308.65,0.808,0.8274999999999999,4.0745000000000005,0.097,308.533,0.505,0.0445,4.390000000000001,0.0455,308.338,0.405,0.9480000000000001,5.313,-0.003000000000000001,308.166,0.472,2.5675,5.816000000000001,-0.0555,308.0,0.57,2.6665,5.5965,-0.0065,308.21,0.782,
0.7525000000000001,6.6594999999999995,0.046,309.147,1.883,1.347,6.202,0.0525,309.326,1.803,0.39549999999999996,4.6825,0.1095,309.697,1.479,-0.27049999999999996,4.031,0.056999999999999995,309.549,1.18,0.021000000000000005,4.5329999999999995,0.0035000000000000005,309.402,1.25,0.187,4.2765,0.065,309.682,1.305,0.0985,4.8705,0.041,309.513,1.444,0.2085,4.8505,0.0625,309.513,1.355,1.255,5.594,-0.007000000000000001,309.162,1.468,2.3235,5.9254999999999995,-0.006500000000000001,309.242,1.772,1.7525,4.939500000000001,0.0835,309.228,1.827,0.46399999999999997,4.0245,0.083,309.132,1.265,0.0775,4.336,0.041499999999999995,308.843,1.162,1.029,5.422,0.0145,308.178,0.61,2.544,5.974,-0.010499999999999999,307.978,0.721,2.7915,5.6945,0.0155,307.877,0.742,
0.427,6.1765,0.0725,309.202,1.041,0.252,5.7585,0.0945,309.697,1.9,-0.5755,5.061999999999999,0.091,309.696,1.529,-0.384,4.821,-0.005500000000000001,309.2,1.247,0.43100000000000005,4.737,-0.0495,309.223,1.141,0.3905,4.4865,0.052500000000000005,309.647,1.272,-0.031999999999999994,4.914,0.0445,309.576,1.482,0.27,4.9465,0.026500000000000003,309.478,1.402,1.4995,5.7545,-0.059,309.148,1.552,2.1175,5.8415,0.0015000000000000005,309.292,1.883,1.24,4.798500000000001,0.067,309.516,1.645,0.2245,4.23,0.041,309.374,1.219,0.2595,4.3795,-0.002,309.125,1.141,1.212,5.337999999999999,-0.0275,308.721,1.497,2.1239999999999997,5.676,0.0085,308.648,1.758,2.2794999999999996,5.341,0.0275,308.649,1.833,
0.37,4.714,0.0045,309.009,0.808,-0.5015000000000001,4.6785,0.0425,309.969,1.673,-1.3645,5.0969999999999995,0.0335,309.738,1.633,-0.534,5.66,-0.041,309.085,1.61,0.8975,5.928,-0.1485,308.968,1.318,0.6765,5.1905,0.009,309.567,1.43,-0.24200000000000002,5.0755,0.006,309.648,1.452,0.25949999999999995,5.031499999999999,-0.0605,309.388,1.354,1.7454999999999998,5.8975,-0.14600000000000002,309.059,1.566,1.9395,5.6775,-0.016,309.329,1.948,0.7655000000000001,4.8925,0.034499999999999996,309.625,1.617,0.018500000000000003,4.6915,-0.0165,309.399,1.238,0.5870000000000001,4.8045,-0.07150000000000001,309.165,1.201,1.6705,5.547,-0.10999999999999999,308.902,1.457,1.9275,5.3535,-0.003,309.089,1.738,1.879,5.077999999999999,0.0155,309.171,1.585,
0.6595,3.816,-0.068,309.181,1.132,-0.07350000000000001,3.9845,-0.0085,309.823,1.269,-1.117,4.8835,-0.0045000000000000005,309.865,1.513,-0.5955,5.484500000000001,0.0045000000000000005,309.53,1.831,0.941,7.0809999999999995,-0.17500000000000002,308.951,1.885,0.592,5.8629999999999995,-0.0005000000000000004,309.6,1.731,-0.48350000000000004,5.6225000000000005,-0.024,309.574,1.543,0.442,5.688000000000001,-0.135,309.179,1.381,2.005,6.265000000000001,-0.151,308.999,1.689,1.6925,5.5489999999999995,0.0,309.464,1.927,0.2875,4.9945,0.02,309.704,1.613,-0.20950000000000002,5.2555,-0.0445,309.409,1.381,0.8170000000000001,5.548500000000001,-0.0995,309.132,1.379,2.041,6.076499999999999,-0.135,308.86,1.718,1.8965,5.2745,0.01,309.314,1.727,1.5775000000000001,5.2725,-0.01,309.339,1.506,
1.191,4.3255,-0.10700000000000001,309.035,1.001,1.1085,4.191000000000001,-0.037,309.505,1.163,0.169,4.748,-0.02,309.811,1.409,-0.049000000000000016,4.5185,0.0395,309.955,1.564,0.616,6.6370000000000005,-0.095,309.353,2.196,-0.026000000000000023,5.8565000000000005,0.018500000000000003,309.829,1.969,-0.549,6.0809999999999995,-0.015,309.484,1.82,0.9395,6.5215,-0.1335,309.082,1.723,2.0460000000000003,6.407,-0.0675,309.176,1.982,1.2115,5.374499999999999,0.013999999999999999,309.688,1.825,-0.058499999999999996,4.923500000000001,0.014500000000000002,309.789,1.59,-0.2145,5.6065000000000005,-0.0455,309.463,1.581,1.01,5.9985,-0.07500000000000001,309.241,1.667,2.064,6.1274999999999995,-0.079,309.039,1.962,1.7280000000000002,5.2535,0.0275,309.535,1.711,1.393,5.768000000000001,-0.0655,309.337,1.592,
1.569,4.921,-0.0925,309.042,1.349,1.892,4.517,-0.0485,309.465,1.365,1.292,4.722,-0.052500000000000005,309.679,1.422,0.7415,3.996,0.009500000000000001,309.843,1.384,0.517,5.898,-0.019,309.759,1.808,-0.20450000000000002,5.641,0.0125,310.048,1.874,-0.26,6.159,0.004,309.702,1.994,0.947,6.808,-0.057,309.414,2.017,1.4085,6.318,-0.025500000000000002,309.575,1.95,0.6940000000000001,5.265,-0.0315,309.735,1.637,0.02500000000000001,4.828,-0.009,309.802,1.515,0.27699999999999997,5.671,-0.066,309.551,1.613,1.2409999999999999,6.036,-0.058499999999999996,309.503,1.764,1.4945,5.899,-0.016,309.516,1.874,0.9844999999999999,5.22,0.011000000000000001,309.752,1.708,0.992,6.043,-0.1355,309.338,1.705,
-0.022000000000000006,7.452,-0.157,308.449,1.25,-0.515,6.1985,0.074,308.602,1.226,-0.8440000000000001,6.443,-0.0805,308.457,1.158,-0.964,6.8615,-0.0335,308.496,1.232,-0.4665,7.468500000000001,-0.011,308.375,1.341,1.086,8.3215,-0.21499999999999997,308.092,1.122,2.3205,8.6105,-0.2825,308.066,1.201,1.9385,7.343999999999999,0.099,308.48,1.477,0.73,5.7829999999999995,0.1545,308.644,1.158,-0.0665,5.0945,0.036000000000000004,308.565,0.903,0.011999999999999983,5.276,-0.059500000000000004,308.44,0.824,0.902,5.670999999999999,-0.1575,308.306,0.8,2.228,6.411,-0.218,308.188,0.936,2.9400000000000004,6.963,-0.2055,308.112,1.182,2.0925000000000002,6.7010000000000005,0.0645,308.382,1.252,0.8014999999999999,6.643,0.2005,308.623,1.416,
-0.446,7.5954999999999995,-0.1845,308.345,1.305,-0.5920000000000001,6.5625,0.0275,308.579,1.239,-0.6655,6.822,-0.036500000000000005,308.451,1.269,-0.5885,7.027,-0.0835,308.417,1.197,-0.3005,7.243,-0.01,308.403,1.243,1.1144999999999998,8.0035,-0.175,308.154,1.077,2.4945,8.5695,-0.2835,308.051,1.21,1.9365,7.2405,0.11399999999999999,308.485,1.423,0.45299999999999996,5.8115000000000006,0.17550000000000002,308.658,1.125,-0.1275,5.573,-0.165,308.402,0.744,0.20800000000000002,5.836499999999999,-0.1385,308.41,0.801,1.0445,6.448499999999999,-0.156,308.342,0.886,2.305,7.2485,-0.2195,308.197,1.101,3.2065,7.7315000000000005,-0.14100000000000001,308.109,1.351,2.6275,7.0760000000000005,0.079,308.358,1.367,1.233,6.305,0.1515,308.638,1.305,
-0.558,7.3765,-0.06,308.406,1.38,-0.5475,6.882,-0.0445,308.538,1.247,-0.6755,7.0280000000000005,0.018000000000000002,308.569,1.328,-0.483,7.378,-0.0495,308.408,1.303,-0.10900000000000001,7.475,-0.0695,308.36,1.189,1.259,7.86,-0.179,308.192,1.061,2.6635,8.3995,-0.2595,308.072,1.181,1.8555000000000001,7.1695,0.10550000000000001,308.507,1.356,0.24,6.1335,0.21550000000000002,308.721,1.205,0.1745,6.833,-0.2295,308.278,0.923,0.839,7.021,-0.23700000000000002,308.327,0.833,1.488,7.4245,-0.203,308.327,1.006,2.4290000000000003,7.992,-0.1475,308.239,1.329,2.9459999999999997,7.9435,-0.008,308.269,1.499,2.396,7.0205,0.052,308.458,1.306,1.4855,6.1335,0.03,308.545,1.173,
-0.4275,6.804,0.0515,308.573,1.34,-0.3425,6.9885,-0.025500000000000002,308.525,1.337,-0.574,7.162,-0.02,308.627,1.297,-0.6275,7.5285,0.0475,308.57,1.417,-0.0965,8.038499999999999,-0.096,308.322,1.255,1.4229999999999998,8.1135,-0.176,308.225,1.131,2.917,8.235,-0.2335,308.129,1.132,2.17,7.074,0.0435,308.502,1.265,0.4325,6.376,0.21550000000000002,308.819,1.285,0.38,7.704000000000001,-0.0335,308.405,1.284,1.3825,8.313500000000001,-0.2195,308.253,1.072,2.172,8.541,-0.2385,308.222,1.192,2.4645,8.229,-0.0025,308.373,1.515,2.109,7.5755,0.07550000000000001,308.541,1.451,1.6175,6.913,-0.092,308.498,1.15,1.5345,6.3155,-0.155,308.4,1.012,
0.19,6.430999999999999,0.0075000000000000015,308.573,1.163,0.0465,6.818,0.056,308.62,1.384,-0.204,7.2695,-0.0375,308.587,1.347,-0.591,7.491,0.103,308.735,1.468,-0.207,8.4475,-0.041499999999999995,308.398,1.381,1.3005,8.489,-0.118,308.287,1.306,2.9130000000000003,8.2165,-0.213,308.219,1.09,2.827,7.0895,-0.0825,308.423,1.164,1.283,6.5405,0.14550000000000002,308.818,1.291,0.5619999999999999,7.468999999999999,0.1745,308.719,1.537,1.4135,8.5655,-0.027999999999999997,308.359,1.604,2.365,8.847000000000001,-0.10049999999999999,308.251,1.539,1.9525000000000001,7.769,0.113,308.579,1.585,0.9235,7.182,0.08800000000000001,308.7,1.355,0.8240000000000001,7.245,-0.20800000000000002,308.402,1.128,1.5350000000000001,7.136,-0.2895,308.274,0.932,
1.0865,6.523,-0.1015,308.415,1.047,0.7055,6.651,0.0505,308.64,1.322,0.3095,6.9990000000000006,0.0655,308.643,1.524,-0.27199999999999996,7.349,0.1265,308.797,1.489,-0.298,8.4445,0.0305,308.587,1.442,0.7685000000000001,8.589,-0.026,308.432,1.394,2.3765,8.387,-0.1815,308.298,1.143,3.242,7.475,-0.1885,308.342,1.081,2.503,6.7875,0.0625,308.694,1.266,1.364,6.77,0.177,308.889,1.43,1.428,7.579,0.119,308.661,1.608,1.8805,7.7410000000000005,0.114,308.55,1.736,1.1265,6.8675,0.1545,308.751,1.508,0.10149999999999999,6.951499999999999,0.063,308.752,1.289,0.361,7.6935,-0.158,308.469,1.253,1.4345,8.02,-0.2025,308.29,1.294,
1.6724999999999999,6.744,-0.1485,308.314,1.022,1.596,6.6865000000000006,-0.0445,308.495,1.141,0.895,6.3505,0.16649999999999998,308.797,1.488,0.04550000000000001,6.975,0.1845,308.86,1.477,-0.32699999999999996,8.175,0.056999999999999995,308.731,1.417,0.20149999999999998,8.306000000000001,0.05,308.609,1.441,1.6475,8.5115,-0.11499999999999999,308.376,1.296,3.0895,7.9295,-0.148,308.389,1.195,3.2664999999999997,6.9655000000000005,0.034,308.622,1.299,2.5845000000000002,6.388,0.0355,308.764,1.24,2.0635000000000003,6.5845,0.0845,308.77,1.423,1.5135,6.296,0.2165,308.83,1.513,0.6769999999999999,6.0329999999999995,0.152,308.753,1.268,0.1855,6.677,0.018500000000000003,308.585,0.752,0.482,7.6805,-0.057499999999999996,308.516,0.884,1.234,8.071,0.012,308.535,1.49,
1.7559999999999998,6.864,-0.1455,308.301,1.013,2.368,6.818,-0.154,308.314,1.015,1.5225,5.875,0.16849999999999998,308.785,1.263,0.252,6.465,0.2465,308.952,1.399,-0.28600000000000003,7.865500000000001,0.028999999999999998,308.752,1.303,0.0325,7.7575,0.0725,308.749,1.4,1.1935,8.189499999999999,-0.036,308.543,1.365,2.447,7.781499999999999,-0.0075,308.577,1.367,3.011,6.888999999999999,0.0305,308.64,1.221,3.2305,6.524,-0.1445,308.516,1.073,2.8520000000000003,6.497,-0.0195,308.627,1.338,1.5835,5.664,0.2315,308.869,1.31,0.652,5.6114999999999995,0.132,308.683,1.118,0.833,6.41,-0.035500000000000004,308.375,0.512,1.367,7.32,-0.078,308.375,0.638,1.4675,7.4765,0.0845,308.694,1.493,
1.6605,7.134,-0.1495,308.305,1.011,2.717,7.1155,-0.2575,308.172,0.975,1.8975,5.922,0.147,308.655,1.197,0.3075,6.1185,0.26,308.981,1.281,-0.1845,7.593,-0.0155,308.696,1.194,0.21150000000000002,7.1475,0.054000000000000006,308.789,1.354,0.9450000000000001,7.481999999999999,-0.001,308.707,1.328,1.5470000000000002,7.154999999999999,0.0775,308.731,1.368,2.226,6.8435,-0.0135,308.592,1.079,3.326,7.166,-0.27699999999999997,308.306,0.932,3.333,7.052,-0.027,308.396,0.861,1.739,5.711,0.2545,308.701,0.817,0.6719999999999999,5.625500000000001,0.1055,308.515,0.603,1.307,6.3995,-0.0805,308.208,0.385,2.4635,7.157500000000001,-0.1835,308.141,0.401,2.403,7.1465,-0.012,308.402,0.759,
1.458,7.8855,-0.1415,308.272,1.069,2.6125,7.852499999999999,-0.257,308.127,1.045,1.7449999999999999,6.324999999999999,0.191,308.638,1.265,0.0905,5.963,0.2305,308.912,1.178,-0.16349999999999998,7.2545,-0.025,308.624,1.122,0.34349999999999997,6.6739999999999995,0.061,308.776,1.307,0.7095,6.962999999999999,0.0,308.731,1.266,0.8705,6.833,0.08449999999999999,308.731,1.216,1.7385,7.182,-0.067,308.46,0.983,3.316,8.053,-0.27049999999999996,308.196,1.062,3.3404999999999996,7.5255,0.0875,308.282,0.84,1.5859999999999999,5.875,0.2725,308.502,0.591,0.5345,5.9,0.08449999999999999,308.332,0.38,1.3195000000000001,6.7075,-0.0785,308.113,0.366,2.9215,7.4825,-0.22799999999999998,307.995,0.399,3.1855,7.4965,-0.0945,308.076,0.631,
1.1295,8.8855,-0.0495,308.297,1.29,2.0125,8.6845,-0.04650000000000001,308.295,1.299,0.9750000000000001,6.789,0.243,308.749,1.329,-0.2845,5.9830000000000005,0.1235,308.747,1.028,-0.1495,6.849,-0.044,308.552,0.978,0.3405,6.432,0.093,308.774,1.259,0.5425,6.922499999999999,0.0325,308.687,1.259,0.6875,7.0585,0.0785,308.641,1.16,1.738,7.754,-0.0995,308.352,1.009,3.223,8.6645,-0.158,308.216,1.249,2.8729999999999998,7.537,0.1925,308.4,1.471,1.159,5.99,0.23450000000000001,308.511,1.01,0.41900000000000004,6.1985,0.052,308.297,0.814,1.2919999999999998,7.1175,-0.0525,308.06,0.475,2.9939999999999998,8.041,-0.1545,307.925,0.489,3.5145,8.058,-0.045500000000000006,307.899,0.567,
0.7505000000000001,8.9565,0.068,308.45,1.035,0.8425,8.631,0.176,308.654,1.586,-0.22799999999999998,7.196,0.216,308.827,1.315,-0.5295,6.627000000000001,-0.0925,308.482,0.945,0.1615,6.8535,-0.1835,308.44,0.814,0.49450000000000005,6.572,0.058,308.761,1.181,0.4275,7.1015,0.0775,308.699,1.298,0.6855,7.3285,0.0325,308.569,1.147,1.933,8.131499999999999,-0.191,308.283,1.034,3.0455,8.702,-0.077,308.276,1.462,2.2255000000000003,7.2895,0.214,308.556,1.457,0.739,6.1955,0.132,308.549,1.013,0.521,6.4175,-0.039,308.323,0.864,1.5405,7.3535,-0.1115,308.128,1.017,2.9364999999999997,8.276,-0.06,308.021,1.192,3.2995,8.131499999999999,0.0495,308.016,1.321,
0.4285,7.5120000000000005,0.055999999999999994,308.594,0.909,-0.3444999999999999,7.4635,0.1905,308.999,1.561,-1.298,7.3575,0.156,308.86,1.363,-0.6085,7.827,-0.1805,308.284,1.172,0.6924999999999999,7.856,-0.409,308.257,0.789,0.7955,7.322,-0.022,308.706,1.207,0.21150000000000002,7.345000000000001,0.067,308.754,1.293,0.5965,7.337,-0.10300000000000001,308.502,1.048,2.1715,8.2805,-0.3535,308.199,1.029,2.8195,8.422,-0.035500000000000004,308.321,1.573,1.5330000000000001,7.188,0.1875,308.676,1.418,0.41600000000000004,6.6685,-0.006499999999999999,308.536,1.007,0.8504999999999999,6.7875,-0.1775,308.307,0.878,2.0540000000000003,7.58,-0.265,308.157,0.987,2.8495,8.1095,-0.0155,308.179,1.378,2.8235,7.7745,0.084,308.249,1.303,
0.585,6.0095,-0.088,308.561,0.903,-0.3265,6.2305,0.057,308.996,1.213,-1.3319999999999999,7.1805,0.10149999999999999,308.966,1.334,-0.5475,8.199,0.028000000000000004,308.528,1.487,0.971,9.3735,-0.453,308.157,1.035,0.835,8.38,0.0095,308.691,1.39,-0.11400000000000002,7.926,0.0105,308.734,1.3,0.6455,7.7005,-0.2965,308.372,0.948,2.5205,8.6375,-0.3995,308.089,1.063,2.5415,8.222,0.0565,308.429,1.559,0.8450000000000001,7.318,0.161,308.771,1.41,0.126,7.395,-0.088,308.514,1.077,1.1360000000000001,7.5825000000000005,-0.25,308.258,0.963,2.5535,8.1935,-0.352,308.081,1.162,2.8449999999999998,7.968,0.0335,308.292,1.429,2.4485,7.6325,0.043,308.404,1.22,
1.1,6.047499999999999,-0.2565,308.314,0.688,0.9635,6.0585,-0.09849999999999999,308.714,0.981,0.0015000000000000013,7.042999999999999,0.027000000000000003,308.946,1.227,-0.03649999999999998,7.1685,0.20400000000000001,308.966,1.524,0.8720000000000001,9.641,-0.20400000000000001,308.409,1.533,0.394,8.858,0.1305,308.82,1.679,-0.326,8.7145,-0.0005000000000000004,308.626,1.454,1.082,8.749500000000001,-0.372,308.234,1.094,2.753,9.107,-0.2165,308.162,1.375,2.0255,8.073,0.129,308.645,1.531,0.2945,7.3605,0.123,308.851,1.43,-0.027000000000000024,7.965,-0.086,308.538,1.229,1.2895,8.3975,-0.197,308.3,1.179,2.8120000000000003,8.64,-0.2285,308.112,1.42,2.817,7.9125,0.104,308.458,1.477,2.1959999999999997,8.019,-0.077,308.46,1.193,
1.6805,6.548,-0.282,308.189,0.884,2.2775,6.33,-0.1515,308.56,1.049,1.5945,7.058,-0.0655,308.797,1.176,0.9055,6.396,0.125,308.984,1.291,0.8015,9.193,0.036500000000000005,308.761,1.565,-0.0615,8.829,0.1615,309.04,1.717,-0.22099999999999997,9.075,0.071,308.69,1.693,1.46,9.387,-0.164,308.388,1.491,2.3055000000000003,9.279,-0.031,308.49,1.555,1.2405000000000002,7.972,0.035500000000000004,308.799,1.372,0.1705,7.302,0.047,308.871,1.378,0.3275,8.131,-0.0905,308.623,1.273,1.581,8.694,-0.11249999999999999,308.489,1.384,2.548,8.651,0.0024999999999999996,308.452,1.609,2.1334999999999997,7.865,0.128,308.705,1.585,1.6560000000000001,8.339,-0.226,308.467,1.208,
0.1375,8.0095,-0.23099999999999998,308.273,1.123,-0.441,6.724,0.1405,308.385,1.27,-0.8105,6.918,-0.1365,308.265,1.15,-0.864,7.4795,-0.018,308.276,1.198,-0.304,8.196,0.006999999999999999,308.137,1.238,1.0435,8.8935,-0.3415,307.881,0.786,2.138,9.219000000000001,-0.477,307.857,0.844,1.933,8.060500000000001,0.196,308.236,1.403,0.92,6.401,0.32699999999999996,308.412,1.178,0.1565,5.707,0.117,308.355,0.898,0.221,5.8165,-0.10950000000000001,308.243,0.751,1.1320000000000001,6.1235,-0.3075,308.111,0.687,2.4059999999999997,6.866,-0.403,308.022,0.798,2.96,7.473,-0.396,307.944,1.027,2.082,7.2305,0.118,308.177,1.144,0.9175,7.2795000000000005,0.41000000000000003,308.372,1.429,
-0.3815,8.104,-0.313,308.172,1.162,-0.5465,7.0695,0.078,308.362,1.246,-0.6005,7.299,-0.082,308.236,1.264,-0.507,7.593999999999999,-0.14100000000000001,308.213,1.159,-0.14500000000000002,7.9565,0.006,308.167,1.162,1.141,8.6115,-0.2775,307.931,0.761,2.394,9.1925,-0.4945,307.825,0.856,2.024,7.924,0.2265,308.241,1.319,0.6595,6.3175,0.358,308.438,1.149,-0.055,6.0009999999999994,-0.2565,308.242,0.632,0.2665,6.410500000000001,-0.2645,308.208,0.671,1.1975,6.9625,-0.294,308.125,0.734,2.414,7.656000000000001,-0.40449999999999997,308.028,0.938,3.2504999999999997,8.1935,-0.305,307.92,1.159,2.699,7.6445,0.1335,308.134,1.212,1.336,6.9835,0.3175,308.402,1.291,
-0.5325,7.913,-0.097,308.202,1.269,-0.5235,7.3725000000000005,-0.058499999999999996,308.328,1.229,-0.5655,7.5235,0.046,308.335,1.324,-0.33299999999999996,7.916,-0.11649999999999999,308.188,1.256,0.0655,8.1015,-0.109,308.146,1.086,1.3285,8.4475,-0.308,307.977,0.787,2.6095,8.9875,-0.471,307.845,0.824,1.9835,7.8085,0.21950000000000003,308.273,1.205,0.509,6.6370000000000005,0.43800000000000006,308.493,1.251,0.2465,7.125500000000001,-0.42400000000000004,308.105,0.773,0.7935,7.529999999999999,-0.43000000000000005,308.113,0.61,1.472,7.926,-0.352,308.123,0.82,2.4185,8.436,-0.2815,308.034,1.165,3.066,8.497,-0.0315,308.03,1.31,2.6189999999999998,7.685,0.1355,308.21,1.174,1.5995,6.8605,0.10149999999999999,308.332,1.109,
-0.4095,7.391500000000001,0.1315,308.351,1.294,-0.3305,7.5055,-0.057999999999999996,308.304,1.328,-0.478,7.629,0.0075,308.407,1.282,-0.394,8.078,0.0615,308.319,1.394,0.1285,8.568999999999999,-0.17049999999999998,308.121,1.105,1.5030000000000001,8.628499999999999,-0.3365,308.017,0.888,2.8855,8.749500000000001,-0.4435,307.917,0.776,2.2225,7.6565,0.10699999999999998,308.286,1.061,0.6365000000000001,6.9565,0.45399999999999996,308.581,1.332,0.5705,8.0945,-0.0955,308.185,1.161,1.398,8.701,-0.39849999999999997,308.018,0.777,2.044,8.953,-0.4235,308.009,0.91,2.474,8.785499999999999,-0.0025,308.124,1.354,2.4240000000000004,8.2335,0.192,308.266,1.342,1.9715,7.557499999999999,-0.0755,308.265,1.047,1.6564999999999999,6.9795,-0.2215,308.222,0.89,
0.1595,7.0025,0.0655,308.373,1.124,0.078,7.4065,0.09,308.376,1.408,-0.1145,7.7524999999999995,-0.0475,308.379,1.334,-0.35250000000000004,8.054,0.1875,308.478,1.476,0.03950000000000001,8.940999999999999,-0.0785,308.186,1.206,1.411,8.9695,-0.2535,308.089,1.078,2.9295,8.678,-0.41100000000000003,308.011,0.737,2.7755,7.6,-0.14150000000000001,308.234,0.933,1.2995,7.140000000000001,0.305,308.593,1.272,0.746,8.099,0.322,308.464,1.493,1.526,9.0335,-0.053500000000000006,308.145,1.41,2.33,9.343,-0.192,308.012,1.292,2.1155,8.4555,0.2495,308.313,1.469,1.3425,7.8345,0.248,308.438,1.323,1.1665,7.743,-0.2975,308.207,1.02,1.646,7.603,-0.468,308.073,0.748,
1.0415,7.062,-0.14950000000000002,308.235,0.947,0.7065,7.289,0.10400000000000001,308.406,1.319,0.417,7.6259999999999994,0.112,308.402,1.562,-0.051500000000000004,7.9495000000000005,0.24,308.541,1.511,-0.046,8.969999999999999,0.062,308.356,1.279,0.964,9.112,-0.087,308.207,1.177,2.467,8.804,-0.35150000000000003,308.081,0.844,3.1825,7.8995,-0.37749999999999995,308.135,0.811,2.4045,7.3425,0.097,308.484,1.131,1.3635,7.506,0.362,308.64,1.419,1.5015,8.2655,0.2245,308.415,1.526,2.0135,8.4435,0.20750000000000002,308.284,1.621,1.366,7.6135,0.33899999999999997,308.492,1.466,0.40750000000000003,7.5809999999999995,0.1895,308.504,1.251,0.6255,8.119,-0.252,308.24,1.116,1.576,8.4025,-0.34550000000000003,308.068,1.147,
1.6975,7.269,-0.258,308.127,0.874,1.5055,7.345,-0.07100000000000001,308.297,1.02,0.968,7.084,0.304,308.531,1.577,0.275,7.6295,0.3405,308.595,1.513,-0.0605,8.7495,0.12,308.496,1.268,0.453,8.9105,0.058499999999999996,308.361,1.282,1.7605,8.927,-0.23299999999999998,308.162,1.054,3.083,8.378,-0.3435,308.139,0.95,3.255,7.574,0.016,308.401,1.122,2.5225,7.115,0.099,308.566,1.147,2.0500000000000003,7.337,0.1525,308.537,1.402,1.694,7.0215,0.4095,308.564,1.56,0.8695,6.7225,0.312,308.528,1.262,0.274,7.3225,0.0735,308.414,0.802,0.5875,8.224499999999999,-0.10600000000000001,308.321,0.901,1.375,8.654,0.0075,308.286,1.375,
1.9104999999999999,7.3535,-0.2645,308.109,0.852,2.2859999999999996,7.486,-0.28400000000000003,308.13,0.8,1.5454999999999999,6.5395,0.316,308.558,1.276,0.4625,7.128,0.457,308.69,1.447,-0.0565,8.468499999999999,0.07100000000000001,308.531,1.147,0.22200000000000003,8.446000000000002,0.1075,308.494,1.302,1.3025000000000002,8.722999999999999,-0.08399999999999999,308.31,1.182,2.6235,8.427,-0.08600000000000001,308.311,1.196,3.2775,7.634,0.022000000000000002,308.408,1.076,3.316,7.2585,-0.2515,308.366,0.886,2.864,7.154,-0.061,308.431,1.258,1.7615,6.2655,0.4375,308.632,1.365,0.8125,6.1735,0.258,308.475,1.105,0.776,7.024,-0.062,308.259,0.504,1.211,8.053,-0.1555,308.244,0.615,1.4425,8.312000000000001,0.136,308.451,1.415,
1.9375,7.6025,-0.2655,308.119,0.839,2.74,7.7115,-0.4855,307.975,0.719,1.9449999999999998,6.4535,0.2635,308.452,1.136,0.48800000000000004,6.779,0.4945,308.739,1.306,-0.049,8.221499999999999,-0.0135,308.493,1.029,0.3035,7.888,0.07200000000000001,308.54,1.329,1.129,8.149999999999999,-0.0085,308.467,1.239,1.999,7.9445,0.092,308.472,1.313,2.733,7.6,-0.042499999999999996,308.398,0.958,3.496,7.888,-0.5235,308.154,0.639,3.3609999999999998,7.6265,-0.1035,308.25,0.91,1.9225,6.2575,0.4725,308.534,0.964,0.89,6.060499999999999,0.198,308.373,0.7,1.32,6.8870000000000005,-0.16649999999999998,308.129,0.353,2.233,7.94,-0.3405,308.086,0.319,2.2055,8.0015,-0.041,308.299,0.767,
1.837,8.277000000000001,-0.265,308.112,0.866,2.7104999999999997,8.2815,-0.5545,307.902,0.78,1.859,6.846,0.3195,308.419,1.192,0.24349999999999997,6.692,0.44000000000000006,308.688,1.167,-0.11850000000000001,7.945,-0.0475,308.429,0.95,0.422,7.415,0.0565,308.533,1.334,1.001,7.624,-0.021500000000000002,308.514,1.252,1.426,7.5555,0.099,308.507,1.192,2.2235,7.787,-0.148,308.309,0.785,3.4555,8.696000000000002,-0.5599999999999999,307.993,0.705,3.4524999999999997,8.123,0.08299999999999999,308.148,0.834,1.8725,6.45,0.5065,308.411,0.663,0.8535,6.274,0.1315,308.268,0.387,1.5045,7.0425,-0.1885,308.055,0.312,2.8575,8.1095,-0.4455,307.967,0.295,3.0495,8.17,-0.22449999999999998,308.042,0.559,
1.4205,9.148,-0.1845,308.121,1.018,2.162,9.067499999999999,-0.2475,308.026,1.05,1.2000000000000002,7.407,0.398,308.507,1.285,-0.21799999999999997,6.779,0.23349999999999999,308.557,0.968,-0.22449999999999998,7.612500000000001,-0.10500000000000001,308.363,0.786,0.4335,7.1485,0.0825,308.536,1.301,0.8825000000000001,7.4945,-0.002,308.489,1.252,1.1675,7.6575,0.0665,308.44,1.084,2.0700000000000003,8.211500000000001,-0.22100000000000003,308.192,0.727,3.3605,9.243500000000001,-0.3915,307.959,0.894,3.13,8.2085,0.302,308.201,1.244,1.516,6.575,0.4515,308.38,0.886,0.7415,6.623,0.047,308.206,0.631,1.5315,7.41,-0.165,308.027,0.408,3.0380000000000003,8.52,-0.368,307.916,0.338,3.471,8.6205,-0.161,307.897,0.429,
0.9289999999999999,9.5495,0.006499999999999999,308.27,0.938,1.1444999999999999,9.2665,0.23049999999999998,308.376,1.42,0.133,7.8355,0.3655,308.598,1.28,-0.5740000000000001,7.3025,-0.182,308.343,0.815,-0.09,7.5885,-0.34299999999999997,308.282,0.574,0.529,7.2435,0.016,308.538,1.182,0.7769999999999999,7.6754999999999995,0.0895,308.488,1.271,1.0725,7.9345,0.022,308.365,0.988,2.1295,8.561499999999999,-0.35,308.103,0.68,3.2039999999999997,9.286999999999999,-0.21599999999999997,308.028,1.166,2.5435,7.9655000000000005,0.40700000000000003,308.324,1.315,1.0425,6.740500000000001,0.27749999999999997,308.382,0.902,0.7395,6.9445,-0.101,308.177,0.659,1.7115,7.746,-0.23049999999999998,308.042,0.767,3.051,8.817499999999999,-0.19,307.943,0.86,3.383,8.767,0.0565,307.934,0.948,
0.5135000000000001,8.7985,0.1,308.427,0.879,0.027500000000000024,8.4225,0.396,308.72,1.507,-0.8580000000000001,7.9605,0.321,308.644,1.3,-0.6265000000000001,8.333,-0.37649999999999995,308.15,0.976,0.3355,8.3535,-0.693,308.213,0.478,0.763,7.899,-0.11349999999999999,308.504,1.145,0.599,8.0085,0.138,308.521,1.25,0.9495,7.997999999999999,-0.1375,308.306,0.828,2.2825,8.7015,-0.5854999999999999,308.016,0.641,2.983,9.0015,-0.081,308.098,1.316,1.841,7.7925,0.4185,308.44,1.328,0.6445,7.1625,0.0265,308.353,0.878,0.9620000000000001,7.317,-0.311,308.133,0.648,2.1115000000000004,8.01,-0.443,308.029,0.697,2.9745,8.769,-0.058,308.017,1.097,2.9545000000000003,8.476500000000001,0.1855,308.079,1.013,
0.4505,7.391500000000001,-0.07050000000000001,308.438,0.76,-0.23900000000000002,7.2059999999999995,0.171,308.773,1.209,-1.032,7.7865,0.26749999999999996,308.741,1.273,-0.43599999999999994,8.7975,0.021500000000000002,308.317,1.299,0.698,9.61,-0.7585,308.155,0.628,0.8574999999999999,8.913,-0.030000000000000002,308.483,1.261,0.366,8.583,0.0645,308.514,1.218,0.9765,8.183,-0.46,308.208,0.653,2.5655,8.9295,-0.7050000000000001,307.924,0.682,2.6795,8.756,0.122,308.199,1.325,1.1235,7.894,0.3835,308.537,1.346,0.3715,7.8534999999999995,-0.14150000000000001,308.303,0.913,1.2555,7.984500000000001,-0.438,308.061,0.714,2.544,8.512,-0.616,307.936,0.84,2.939,8.6365,0.039,308.069,1.195,2.6005000000000003,8.2745,0.14600000000000002,308.194,0.99,
0.8035,6.858499999999999,-0.3905,308.259,0.527,0.7065,6.7379999999999995,-0.182,308.544,0.91,0.035999999999999976,7.6455,0.112,308.732,1.152,0.0955,7.947000000000001,0.4225,308.716,1.477,0.8205,9.9855,-0.3235,308.268,1.072,0.63,9.547,0.2545,308.574,1.515,0.1915,9.318999999999999,0.0165,308.424,1.305,1.2965,8.9925,-0.6665000000000001,308.074,0.726,2.7560000000000002,9.351500000000001,-0.4405,307.959,1.013,2.152,8.6325,0.296,308.405,1.316,0.5255,8.015,0.29,308.611,1.385,0.23199999999999998,8.4325,-0.1415,308.314,1.041,1.421,8.743,-0.356,308.074,0.916,2.816,8.982,-0.4415,307.922,1.126,2.9705000000000004,8.5775,0.1815,308.188,1.282,2.4080000000000004,8.548,-0.039,308.249,0.947,
1.3675000000000002,7.01,-0.512,308.062,0.599,1.964,6.818,-0.3185,308.354,0.901,1.5234999999999999,7.648,-0.065,308.59,1.014,0.944,7.222,0.3145,308.763,1.293,0.8785,9.726,0.1275,308.551,1.296,0.22399999999999998,9.656,0.391,308.767,1.592,0.11049999999999999,9.681,0.1545,308.452,1.518,1.5699999999999998,9.575,-0.33399999999999996,308.151,1.201,2.383,9.576,-0.05,308.25,1.224,1.365,8.58,0.1765,308.572,1.192,0.3085,8.02,0.133,308.629,1.349,0.474,8.62,-0.10500000000000001,308.399,1.083,1.659,9.066,-0.1765,308.248,1.145,2.7775,9.091,0.006999999999999999,308.196,1.467,2.565,8.546,0.294,308.416,1.469,1.9365,8.812,-0.277,308.27,0.893,
0.2575,8.2545,-0.2635,308.204,1.07,-0.351,6.970000000000001,0.189,308.294,1.313,-0.733,7.1205,-0.176,308.187,1.162,-0.724,7.7225,-0.008,308.188,1.188,-0.16949999999999998,8.470500000000001,0.0115,308.05,1.172,0.9515,9.083,-0.4485,307.813,0.583,1.9145,9.415500000000002,-0.6499999999999999,307.79,0.645,1.855,8.3335,0.27,308.144,1.367,1.0425,6.6975,0.498,308.316,1.19,0.371,6.077999999999999,0.21750000000000003,308.262,0.887,0.4415,6.1185,-0.161,308.161,0.687,1.327,6.364000000000001,-0.466,308.034,0.602,2.497,7.132,-0.579,307.96,0.705,2.886,7.774000000000001,-0.565,307.88,0.936,2.0065,7.470000000000001,0.174,308.1,1.086,0.9864999999999999,7.5280000000000005,0.6134999999999999,308.272,1.446,
-0.3,8.3045,-0.40900000000000003,308.11,1.107,-0.4725,7.2915,0.1175,308.272,1.272,-0.5235,7.481999999999999,-0.1305,308.148,1.283,-0.404,7.838,-0.193,308.129,1.149,-0.00899999999999998,8.267,0.0095,308.076,1.11,1.1135,8.837,-0.3685,307.855,0.574,2.2285,9.3665,-0.6819999999999999,307.753,0.65,2.0065,8.1655,0.3215,308.153,1.26,0.808,6.5440000000000005,0.526,308.346,1.165,0.07250000000000001,6.2605,-0.3075,308.174,0.54,0.365,6.7065,-0.3905,308.129,0.559,1.3010000000000002,7.2015,-0.4455,308.042,0.622,2.445,7.82,-0.5800000000000001,307.969,0.833,3.1795,8.369,-0.46950000000000003,307.854,1.064,2.6340000000000003,7.8355,0.176,308.052,1.132,1.366,7.261,0.4905,308.311,1.284,
-0.495,8.097999999999999,-0.133,308.126,1.23,-0.46799999999999997,7.5685,-0.067,308.24,1.241,-0.45899999999999996,7.7025,0.061,308.237,1.35,-0.21150000000000002,8.1235,-0.182,308.1,1.246,0.21800000000000003,8.3915,-0.1535,308.061,1.029,1.3685,8.686,-0.422,307.9,0.6,2.497,9.122,-0.6619999999999999,307.775,0.609,2.0140000000000002,8.019,0.3295,308.193,1.112,0.74,6.8395,0.632,308.397,1.285,0.3705,7.221500000000001,-0.5920000000000001,308.052,0.683,0.7725,7.741,-0.603,308.048,0.437,1.4344999999999999,8.1355,-0.49250000000000005,308.043,0.704,2.3485,8.557,-0.419,307.958,1.096,3.01,8.6415,-0.081,307.943,1.225,2.63,7.905,0.209,308.118,1.085,1.6244999999999998,7.193,0.1905,308.253,1.055,
-0.376,7.62,0.203,308.265,1.284,-0.2895,7.6935,-0.091,308.212,1.346,-0.368,7.797,0.036000000000000004,308.313,1.309,-0.2105,8.259,0.062,308.216,1.404,0.3165,8.782499999999999,-0.2425,308.041,1.033,1.5550000000000002,8.816500000000001,-0.479,307.951,0.752,2.782,8.827,-0.642,307.846,0.538,2.2085,7.849,0.177,308.214,0.944,0.827,7.2065,0.6755,308.483,1.37,0.7235,8.157,-0.1805,308.106,1.118,1.3559999999999999,8.7655,-0.56,307.973,0.633,1.8954999999999997,9.043,-0.5840000000000001,307.937,0.768,2.37,8.922,-0.02,308.026,1.29,2.485,8.4365,0.28200000000000003,308.157,1.286,2.1125,7.813000000000001,-0.048,308.174,0.961,1.7055,7.316,-0.258,308.156,0.789,
0.1645,7.263,0.1305,308.294,1.112,0.11800000000000001,7.627000000000001,0.1095,308.276,1.438,-0.016,7.917,-0.055499999999999994,308.29,1.365,-0.139,8.233,0.2525,308.37,1.512,0.2525,9.0835,-0.1135,308.104,1.133,1.456,9.099,-0.38,308.025,0.964,2.808,8.722999999999999,-0.602,307.937,0.492,2.6285,7.784,-0.1885,308.164,0.796,1.3005,7.426,0.467,308.502,1.276,0.8815,8.301,0.4355,308.368,1.486,1.5625,9.0905,-0.0865,308.076,1.339,2.218,9.3945,-0.2825,307.923,1.203,2.1075,8.648,0.3715,308.21,1.416,1.552,8.0725,0.3975,308.331,1.299,1.389,7.9475,-0.368,308.13,0.947,1.6995,7.808,-0.6160000000000001,308.007,0.643,
1.0110000000000001,7.317500000000001,-0.1825,308.165,0.899,0.728,7.557,0.1545,308.313,1.324,0.512,7.866,0.1395,308.302,1.613,0.1515,8.158,0.3365,308.432,1.554,0.182,9.100999999999999,0.0935,308.264,1.22,1.071,9.2365,-0.154,308.122,1.081,2.3955,8.849499999999999,-0.51,308.006,0.681,2.9859999999999998,8.04,-0.5515,308.052,0.644,2.254,7.5845,0.1325,308.406,1.061,1.3655,7.824,0.5425,308.54,1.426,1.541,8.4815,0.319,308.322,1.505,2.016,8.632,0.27949999999999997,308.188,1.574,1.4585,7.883000000000001,0.5255,308.395,1.436,0.6265,7.829000000000001,0.319,308.403,1.233,0.8200000000000001,8.2445,-0.34299999999999997,308.149,1.051,1.6295000000000002,8.472,-0.48450000000000004,307.982,1.092,
1.669,7.5105,-0.355,308.055,0.79,1.441,7.6530000000000005,-0.0795,308.221,0.958,1.0255,7.426,0.419,308.419,1.64,0.467,7.8919999999999995,0.48050000000000004,308.482,1.55,0.175,8.9175,0.1865,308.4,1.212,0.6435000000000001,9.079,0.053,308.261,1.215,1.7915,8.9885,-0.34199999999999997,308.081,0.945,2.9585,8.4765,-0.54,308.042,0.832,3.114,7.7725,-0.023,308.321,1.024,2.416,7.4605,0.179,308.486,1.106,2.002,7.685,0.226,308.441,1.4,1.7534999999999998,7.3285,0.5845,308.458,1.593,0.9804999999999999,7.0329999999999995,0.4845,308.44,1.248,0.378,7.6005,0.1425,308.342,0.811,0.6885,8.364,-0.1645,308.237,0.907,1.4395,8.773499999999999,-0.019,308.185,1.341,
1.9455,7.57,-0.3775,308.033,0.756,2.169,7.813000000000001,-0.3835,308.064,0.667,1.529,6.879,0.4575,308.464,1.29,0.62,7.4185,0.6525000000000001,308.58,1.486,0.1495,8.682500000000001,0.125,308.441,1.077,0.40549999999999997,8.686,0.1285,308.387,1.261,1.377,8.8525,-0.1335,308.216,1.114,2.623,8.594999999999999,-0.191,308.203,1.11,3.2925,7.8955,-0.016,308.324,0.966,3.2584999999999997,7.6175,-0.3295,308.31,0.761,2.7800000000000002,7.503,-0.0905,308.355,1.22,1.82,6.5575,0.6305000000000001,308.533,1.404,0.9165000000000001,6.4575,0.394,308.393,1.088,0.78,7.3215,-0.0685,308.21,0.48,1.1595,8.3015,-0.234,308.189,0.582,1.4285,8.6135,0.172,308.354,1.368,
2.053,7.7785,-0.3835,308.041,0.741,2.6755,7.974,-0.6685,307.91,0.562,1.9155,6.6925,0.3775,308.378,1.098,0.6054999999999999,7.068,0.718,308.641,1.319,0.08449999999999999,8.472999999999999,0.0055,308.412,0.94,0.4085,8.2005,0.0775,308.433,1.317,1.229,8.3935,-0.0235,308.365,1.205,2.184,8.2505,0.0745,308.368,1.259,2.9530000000000003,7.955,-0.08349999999999999,308.322,0.842,3.5220000000000002,8.2195,-0.7264999999999999,308.124,0.459,3.281,7.9025,-0.1785,308.196,0.922,1.985,6.4990000000000006,0.675,308.461,1.039,1.024,6.2775,0.2965,308.312,0.739,1.3235000000000001,7.148,-0.237,308.094,0.321,2.0665,8.277000000000001,-0.47850000000000004,308.06,0.253,2.0380000000000003,8.409,-0.063,308.254,0.749,
2.0625,8.400500000000001,-0.369,308.05,0.75,2.724,8.393,-0.8180000000000001,307.846,0.637,1.8645,7.031,0.429,308.344,1.145,0.3415,7.031000000000001,0.646,308.601,1.147,-0.05499999999999999,8.237,-0.054,308.353,0.847,0.481,7.766,0.031,308.43,1.344,1.1735,7.927,-0.048,308.422,1.249,1.779,7.9085,0.091,308.416,1.154,2.549,8.1135,-0.22,308.258,0.637,3.5015,8.9225,-0.8075,307.984,0.547,3.4015,8.3385,0.0595,308.104,0.821,1.9745,6.679,0.731,308.365,0.706,1.056,6.4335,0.18,308.234,0.394,1.6189999999999998,7.2170000000000005,-0.296,308.03,0.276,2.755,8.405999999999999,-0.63,307.97,0.235,2.8645,8.512,-0.3375,308.041,0.524,
1.6744999999999999,9.174,-0.2815,308.07,0.899,2.226,9.0915,-0.47,307.94,0.945,1.2745000000000002,7.657,0.5289999999999999,308.421,1.246,-0.15899999999999997,7.218500000000001,0.3655,308.483,0.911,-0.2385,7.9595,-0.15100000000000002,308.291,0.654,0.494,7.4975000000000005,0.036500000000000005,308.437,1.319,1.108,7.7620000000000005,-0.0455,308.409,1.259,1.5345,7.945,0.039,308.362,1.03,2.348,8.3925,-0.325,308.157,0.559,3.4035,9.3705,-0.6045,307.917,0.721,3.1695,8.4175,0.38149999999999995,308.137,1.123,1.6925,6.811,0.6745,308.331,0.811,0.984,6.784,0.0365,308.175,0.531,1.7240000000000002,7.518000000000001,-0.2885,308.014,0.369,3.0330000000000004,8.7025,-0.563,307.936,0.279,3.342,8.84,-0.275,307.909,0.366,
1.0685,9.613,-0.068,308.211,0.884,1.3175,9.404,0.23249999999999998,308.269,1.365,0.363,8.137,0.497,308.506,1.249,-0.5640000000000001,7.711,-0.214,308.312,0.745,-0.21150000000000002,7.96,-0.47450000000000003,308.236,0.406,0.5665,7.5665,-0.0645,308.448,1.174,1.0085,7.904,0.0765,308.406,1.269,1.3824999999999998,8.174,-0.0015000000000000005,308.29,0.888,2.3185,8.606,-0.48550000000000004,308.06,0.462,3.247,9.398,-0.355,307.956,1.02,2.6535,8.1885,0.581,308.244,1.223,1.23,6.971500000000001,0.441,308.324,0.825,0.9265000000000001,7.162,-0.1685,308.13,0.53,1.8664999999999998,7.8740000000000006,-0.3605,308.017,0.646,3.0865,8.979,-0.3285,307.936,0.69,3.32,8.9585,0.0505,307.918,0.744,
0.594,9.24,0.0985,308.367,0.796,0.3175,8.8055,0.5780000000000001,308.61,1.472,-0.466,8.224499999999999,0.465,308.559,1.276,-0.5495,8.557500000000001,-0.5395,308.164,0.912,0.1715,8.606,-0.9095,308.236,0.262,0.761,8.163,-0.2445,308.424,1.107,0.845,8.277000000000001,0.1755,308.429,1.229,1.235,8.2645,-0.17049999999999998,308.233,0.684,2.4005,8.668,-0.7785,308.003,0.471,3.0175,9.1305,-0.1345,308.03,1.182,1.9725000000000001,8.004999999999999,0.6455,308.354,1.272,0.7925,7.362500000000001,0.07450000000000001,308.288,0.786,1.0385,7.5455000000000005,-0.436,308.075,0.496,2.142,8.154,-0.607,307.992,0.528,2.9785,8.9875,-0.11299999999999999,307.971,0.938,2.915,8.708,0.27849999999999997,308.029,0.832,
0.4105,8.1495,-0.045,308.386,0.633,-0.07250000000000001,7.728,0.294,308.679,1.177,-0.6855,8.026,0.419,308.653,1.26,-0.26649999999999996,8.961500000000001,-0.0165,308.262,1.217,0.573,9.6225,-0.9785,308.233,0.176,0.8865,9.099,-0.1245,308.401,1.206,0.706,8.8895,0.0965,308.421,1.166,1.2774999999999999,8.3825,-0.5840000000000001,308.18,0.483,2.6175,8.8165,-0.9675,307.957,0.187,2.6870000000000003,8.870000000000001,0.1735,308.131,1.208,1.261,8.092,0.6085,308.449,1.318,0.5215,8.002,-0.194,308.224,0.817,1.2875,8.1055,-0.609,308.006,0.574,2.4735,8.555,-0.849,307.908,0.67,2.8835,8.8575,0.0295,307.996,1.051,2.5665,8.5105,0.2515,308.122,0.842,
0.6145,7.4465,-0.45999999999999996,308.279,0.396,0.5894999999999999,7.1455,-0.255,308.48,0.835,0.143,7.8845,0.1935,308.646,1.107,0.24350000000000002,8.222999999999999,0.6060000000000001,308.62,1.44,0.782,9.9345,-0.40449999999999997,308.274,0.886,0.7945,9.738499999999998,0.3225,308.483,1.443,0.616,9.5725,0.0185,308.344,1.23,1.5085000000000002,8.983,-0.9139999999999999,308.095,0.559,2.6995,9.1985,-0.6635,307.942,0.842,2.133,8.752,0.451,308.326,1.213,0.661,8.2485,0.456,308.519,1.37,0.419,8.551,-0.2075,308.227,0.947,1.4895,8.758,-0.5065,308.003,0.793,2.7279999999999998,8.959,-0.6505000000000001,307.866,0.964,2.9135,8.772,0.23049999999999998,308.088,1.168,2.418,8.7375,0.022,308.17,0.799,
1.133,7.385,-0.688,308.103,0.486,1.6955,7.103,-0.5015,308.286,0.813,1.4515,7.88,-0.07150000000000001,308.512,0.918,0.9864999999999999,7.567,0.5105,308.678,1.284,0.911,9.739,0.2185,308.487,1.157,0.4535,9.889,0.6054999999999999,308.666,1.51,0.434,9.886,0.2145,308.367,1.435,1.6335,9.45,-0.5135,308.105,1.109,2.299,9.434,-0.094,308.171,1.065,1.359,8.723,0.3305,308.492,1.102,0.4085,8.29,0.212,308.533,1.334,0.619,8.737,-0.127,308.312,0.996,1.7160000000000002,9.058,-0.242,308.157,1.044,2.787,9.084,-0.017,308.101,1.424,2.672,8.737,0.441,308.31,1.364,2.0465,8.97,-0.28400000000000003,308.198,0.704,
0.365,8.419,-0.2665,308.161,1.032,-0.251,7.148,0.221,308.235,1.34,-0.634,7.253,-0.1995,308.137,1.166,-0.569,7.855,-0.01,308.132,1.177,-0.04050000000000001,8.6155,0.0035,308.001,1.109,0.8634999999999999,9.1705,-0.5349999999999999,307.805,0.448,1.698,9.4795,-0.8,307.773,0.504,1.7614999999999998,8.4855,0.3235,308.089,1.332,1.144,6.895,0.6579999999999999,308.254,1.189,0.6015,6.372999999999999,0.3235,308.199,0.858,0.715,6.3965,-0.212,308.107,0.612,1.5379999999999998,6.603,-0.6194999999999999,307.989,0.509,2.5374999999999996,7.3795,-0.74,307.93,0.616,2.7560000000000002,8.0405,-0.7070000000000001,307.852,0.866,1.9085,7.6505,0.2335,308.053,1.027,1.052,7.672000000000001,0.8005,308.21,1.448,
-0.204,8.436499999999999,-0.471,308.072,1.066,-0.38049999999999995,7.445,0.14100000000000001,308.213,1.289,-0.4335,7.5920000000000005,-0.174,308.091,1.292,-0.2875,7.9895,-0.242,308.076,1.136,0.1305,8.461500000000001,-0.0015,308.021,1.06,1.086,8.969000000000001,-0.4485,307.827,0.415,2.052,9.379,-0.8415,307.745,0.518,1.9545,8.287500000000001,0.40049999999999997,308.103,1.207,0.9550000000000001,6.689500000000001,0.6719999999999999,308.287,1.162,0.27749999999999997,6.4704999999999995,-0.329,308.132,0.447,0.5395,6.9415,-0.5085,308.075,0.435,1.397,7.3715,-0.5975,307.995,0.494,2.4145,7.942,-0.7404999999999999,307.938,0.72,3.0445,8.4955,-0.621,307.816,0.976,2.5229999999999997,7.9425,0.21300000000000002,308.003,1.065,1.3784999999999998,7.4254999999999995,0.6599999999999999,308.254,1.27,
-0.4415,8.2025,-0.1595,308.08,1.199,-0.395,7.693,-0.076,308.182,1.248,-0.34850000000000003,7.800000000000001,0.0655,308.172,1.368,-0.093,8.242,-0.241,308.044,1.232,0.36100000000000004,8.586,-0.20600000000000002,308.009,0.979,1.3920000000000001,8.835,-0.5209999999999999,307.882,0.452,2.3635,9.064499999999999,-0.8275,307.775,0.476,2.0005,8.1125,0.4345,308.149,1.032,0.945,6.9585,0.7895,308.336,1.298,0.538,7.2745,-0.7305,308.048,0.612,0.7905,7.8605,-0.7495,308.034,0.279,1.367,8.2285,-0.6215,308.005,0.601,2.225,8.587,-0.5525,307.909,1.037,2.8945,8.684000000000001,-0.145,307.889,1.157,2.576,8.0,0.26949999999999996,308.062,1.011,1.6225,7.3965,0.2855,308.205,1.001,
-0.334,7.756,0.26649999999999996,308.212,1.27,-0.235,7.802,-0.1215,308.152,1.355,-0.248,7.8875,0.059500000000000004,308.25,1.332,-0.04400000000000001,8.342500000000001,0.055499999999999994,308.15,1.407,0.47550000000000003,8.907,-0.313,307.993,0.975,1.5765000000000002,8.92,-0.599,307.942,0.654,2.636,8.715,-0.8205,307.854,0.4,2.154,7.929500000000001,0.2485,308.176,0.849,1.002,7.3665,0.864,308.42,1.388,0.874,8.149000000000001,-0.2755,308.08,1.085,1.3085,8.7365,-0.6970000000000001,307.98,0.316,1.7305000000000001,9.013,-0.7190000000000001,307.913,0.665,2.219,8.938500000000001,-0.0465,307.963,1.238,2.452,8.505500000000001,0.345,308.087,1.241,2.1630000000000003,7.942,-0.022000000000000002,308.118,0.882,1.7295,7.5205,-0.273,308.119,0.694,
0.1865,7.4415,0.194,308.245,1.098,0.16649999999999998,7.7515,0.12,308.21,1.452,0.093,8.0005,-0.062,308.23,1.39,0.06849999999999999,8.3095,0.30000000000000004,308.298,1.538,0.459,9.129,-0.14550000000000002,308.053,1.077,1.4749999999999999,9.135,-0.49050000000000005,307.994,0.875,2.6025,8.613,-0.776,307.943,0.343,2.4175,7.8725000000000005,-0.22649999999999998,308.132,0.697,1.297,7.6385000000000005,0.6165,308.445,1.273,1.006,8.3915,0.5155000000000001,308.311,1.473,1.5765,9.036,-0.1215,308.044,1.295,2.084,9.32,-0.36450000000000005,307.879,1.146,2.0380000000000003,8.705,0.479,308.145,1.37,1.6645,8.190000000000001,0.5265,308.263,1.27,1.538,8.060500000000001,-0.42600000000000005,308.084,0.877,1.7305,7.9015,-0.734,307.981,0.555,
0.9975,7.500500000000001,-0.20550000000000002,308.123,0.855,0.7615000000000001,7.721,0.199,308.253,1.321,0.608,7.9975000000000005,0.1545,308.236,1.648,0.358,8.2605,0.4135,308.359,1.585,0.425,9.1265,0.123,308.204,1.178,1.1684999999999999,9.25,-0.2205,308.068,1.011,2.253,8.774999999999999,-0.6519999999999999,307.992,0.574,2.7125,8.1105,-0.7045,308.035,0.52,2.0825,7.7765,0.16849999999999998,308.36,0.993,1.377,8.0245,0.7070000000000001,308.477,1.426,1.5775000000000001,8.560500000000001,0.399,308.264,1.492,1.9845,8.6785,0.33499999999999996,308.128,1.536,1.4985,8.014,0.7045,308.335,1.403,0.8025,7.974,0.4405,308.339,1.207,0.9764999999999999,8.2975,-0.428,308.092,0.99,1.6425,8.443999999999999,-0.6125,307.935,1.05,
1.6364999999999998,7.678,-0.44,308.01,0.72,1.4024999999999999,7.8575,-0.0775,308.175,0.909,1.084,7.649,0.5135000000000001,308.347,1.676,0.6515,8.0455,0.601,308.407,1.571,0.4215,8.98,0.2515,308.336,1.174,0.848,9.127500000000001,0.0365,308.194,1.164,1.819,8.9465,-0.439,308.036,0.869,2.7975000000000003,8.499500000000001,-0.7210000000000001,308.003,0.73,2.932,7.8975,-0.07,308.274,0.939,2.3085,7.6995000000000005,0.263,308.435,1.078,1.9595,7.910500000000001,0.2995,308.379,1.396,1.778,7.511,0.7375,308.391,1.607,1.0594999999999999,7.2275,0.6585,308.385,1.221,0.48250000000000004,7.775,0.2165,308.296,0.799,0.782,8.4115,-0.2295,308.181,0.894,1.4705,8.768999999999998,-0.059,308.118,1.313,
1.9415,7.7165,-0.48250000000000004,307.984,0.678,2.0524999999999998,8.0365,-0.4565,308.026,0.561,1.5099999999999998,7.125,0.5905,308.404,1.293,0.7645,7.605,0.8295,308.508,1.506,0.36,8.7965,0.1835,308.381,1.026,0.609,8.8045,0.1365,308.314,1.227,1.4714999999999998,8.87,-0.1825,308.153,1.064,2.597,8.6405,-0.3055,308.136,1.036,3.2359999999999998,8.016,-0.0735,308.274,0.873,3.153,7.8645,-0.38749999999999996,308.276,0.659,2.6710000000000003,7.7705,-0.10650000000000001,308.307,1.182,1.8415,6.7615,0.8045,308.469,1.423,1.0015,6.6615,0.5315,308.343,1.055,0.8069999999999999,7.5175,-0.061,308.179,0.448,1.1444999999999999,8.42,-0.315,308.152,0.542,1.4205,8.7525,0.1945,308.292,1.329,
2.099,7.8835,-0.5005000000000001,307.991,0.663,2.567,8.148499999999999,-0.8095,307.886,0.444,1.863,6.8629999999999995,0.49,308.336,1.055,0.706,7.253,0.9245,308.578,1.316,0.2225,8.6245,0.036,308.36,0.869,0.5315,8.392,0.07250000000000001,308.36,1.298,1.326,8.513,-0.046,308.295,1.177,2.2845,8.407,0.0335,308.302,1.201,3.027,8.1425,-0.137,308.279,0.732,3.441,8.4375,-0.891,308.111,0.31,3.1445,8.115,-0.242,308.162,0.917,2.008,6.661,0.859,308.413,1.077,1.142,6.442,0.39449999999999996,308.271,0.744,1.346,7.3305,-0.29400000000000004,308.072,0.284,1.949,8.472999999999999,-0.6025,308.044,0.2,1.9060000000000001,8.6615,-0.0785,308.225,0.725,
2.177,8.443999999999999,-0.46599999999999997,308.008,0.664,2.6805000000000003,8.436499999999999,-1.037,307.846,0.319,1.835,7.1370000000000005,0.524,308.304,1.094,0.4195,7.248,0.8405,308.548,1.117,0.016999999999999987,8.4185,-0.0475,308.306,0.762,0.5455,8.002,-0.008,308.362,1.335,1.306,8.121,-0.082,308.361,1.236,2.0025,8.143,0.064,308.361,1.1,2.7110000000000003,8.322,-0.28600000000000003,308.231,0.52,3.442,9.0485,-1.0105,307.994,0.278,3.2815000000000003,8.472,0.033,308.078,0.805,2.0220000000000002,6.8134999999999994,0.9395,308.333,0.728,1.2309999999999999,6.5489999999999995,0.22599999999999998,308.211,0.388,1.7229999999999999,7.353,-0.398,308.019,0.241,2.6535,8.6045,-0.784,307.98,0.165,2.6755,8.746500000000001,-0.429,308.048,0.493,
1.8565,9.1435,-0.35050000000000003,308.05,0.815,2.2525,9.036,-0.6875,307.921,0.849,1.3005,7.801,0.6345000000000001,308.372,1.196,-0.10899999999999999,7.5275,0.506,308.439,0.849,-0.22849999999999998,8.182500000000001,-0.185,308.248,0.548,0.5515,7.742,-0.032,308.375,1.313,1.283,7.9485,-0.095,308.36,1.253,1.7999999999999998,8.152000000000001,0.002,308.317,0.966,2.529,8.508500000000002,-0.41200000000000003,308.148,0.431,3.388,9.3995,-0.7865,307.922,0.351,3.137,8.5145,0.44399999999999995,308.102,1.035,1.803,6.9465,0.891,308.301,0.753,1.196,6.89,0.020499999999999997,308.157,0.457,1.8895,7.606999999999999,-0.416,308.013,0.332,3.0,8.826,-0.7315,307.962,0.171,3.1845,8.971,-0.3725,307.928,0.208,
1.206,9.572,-0.1345,308.181,0.828,1.4495,9.408999999999999,0.1965,308.209,1.323,0.544,8.337499999999999,0.607,308.451,1.206,-0.51,8.019,-0.2,308.304,0.694,-0.2625,8.1995,-0.5835,308.22,0.285,0.6104999999999999,7.79,-0.168,308.393,1.151,1.19,8.0495,0.0475,308.357,1.257,1.624,8.32,-0.0325,308.247,0.8,2.4675,8.596,-0.601,308.064,0.313,3.258,9.400500000000001,-0.48,307.931,0.893,2.7015000000000002,8.2915,0.7355,308.199,1.147,1.384,7.1129999999999995,0.607,308.291,0.758,1.1204999999999998,7.3045,-0.23750000000000002,308.107,0.428,2.021,7.9505,-0.49649999999999994,308.007,0.552,3.097,9.061499999999999,-0.4615,307.947,0.339,3.215,9.035499999999999,0.0435,307.919,0.612,
0.6715,9.372,0.068,308.333,0.726,0.5685,8.996500000000001,0.728,308.543,1.438,-0.07400000000000001,8.402,0.5840000000000001,308.508,1.243,-0.353,8.7035,-0.661,308.198,0.874,0.15499999999999997,8.750499999999999,-1.0745,308.248,0.162,0.7869999999999999,8.333499999999999,-0.3915,308.377,1.067,1.029,8.4265,0.1825,308.372,1.202,1.467,8.407499999999999,-0.20550000000000002,308.194,0.571,2.503,8.573,-0.9405,308.033,0.245,3.0175,9.149000000000001,-0.1835,307.997,1.08,2.0475,8.111,0.8585,308.304,1.22,0.9265,7.484999999999999,0.129,308.251,0.7,1.12,7.6955,-0.5469999999999999,308.047,0.376,2.1595,8.212,-0.7605,307.974,0.388,2.9425,9.099499999999999,-0.17149999999999999,307.949,0.815,2.8295,8.8095,0.36150000000000004,308.005,0.7,
0.41800000000000004,8.52,-0.029500000000000002,308.356,0.524,0.11300000000000002,8.0685,0.416,308.621,1.134,-0.3045,8.174,0.5455,308.597,1.245,0.019500000000000017,9.011,-0.0685,308.254,1.166,0.6125,9.574,-1.1280000000000001,308.262,0.105,0.9285,9.198,-0.247,308.352,1.159,0.9295,9.07,0.1015,308.363,1.113,1.488,8.4995,-0.6799999999999999,308.168,0.362,2.6265,8.628499999999999,-1.1880000000000002,308.021,0.105,2.6414999999999997,8.879,0.22,308.097,1.121,1.342,8.1905,0.821,308.396,1.29,0.628,8.071,-0.245,308.179,0.733,1.255,8.1625,-0.756,307.987,0.477,2.327,8.512,-1.0534999999999999,307.913,0.335,2.753,8.967500000000001,0.016,307.954,0.934,2.4775,8.632000000000001,0.347,308.081,0.726,
0.5095,7.844,-0.493,308.288,0.293,0.5455,7.4510000000000005,-0.312,308.443,0.756,0.2895,8.035499999999999,0.2625,308.593,1.062,0.4385,8.3515,0.753,308.565,1.399,0.8175,9.809999999999999,-0.4465,308.287,0.426,0.9225,9.8125,0.347,308.428,1.385,0.915,9.7265,0.004999999999999999,308.298,1.157,1.6405,8.9495,-1.1115,308.119,0.338,2.591,8.937000000000001,-0.869,307.982,0.404,2.0564999999999998,8.7585,0.5905,308.283,1.136,0.7569999999999999,8.368500000000001,0.6085,308.462,1.355,0.56,8.578,-0.28049999999999997,308.175,0.87,1.4949999999999999,8.699,-0.643,307.979,0.695,2.5759999999999996,8.8325,-0.8435,307.862,0.465,2.7725,8.846,0.2635,308.028,1.071,2.3605,8.832,0.0865,308.124,0.685,
0.976,7.714,-0.815,308.147,0.255,1.4969999999999999,7.332,-0.6805,308.255,0.726,1.396,8.032,-0.086,308.466,0.831,1.0375,7.764,0.6975,308.624,1.261,0.9465,9.645,0.3095,308.454,1.057,0.648,9.974,0.7929999999999999,308.606,1.439,0.7015,10.003,0.2555,308.319,1.358,1.643,9.311,-0.6825,308.1,1.03,2.1455,9.16,-0.1555,308.138,0.948,1.303,8.743,0.47750000000000004,308.444,1.038,0.497,8.434,0.27849999999999997,308.473,1.314,0.7585,8.756,-0.15899999999999997,308.258,0.928,1.7639999999999998,8.958,-0.3075,308.106,0.97,2.7359999999999998,8.951,-0.058,308.048,1.393,2.6630000000000003,8.799,0.567,308.247,1.264,2.081,9.04,-0.267,308.157,0.561,
0.467,8.5485,-0.25,308.128,1.0,-0.1465,7.3,0.241,308.189,1.357,-0.5245,7.3580000000000005,-0.2105,308.098,1.165,-0.406,7.939,-0.024,308.088,1.165,0.0945,8.7,-0.015,307.966,1.044,0.7949999999999999,9.220500000000001,-0.6034999999999999,307.815,0.307,1.4994999999999998,9.481,-0.929,307.773,0.359,1.6655,8.584,0.3605,308.048,1.296,1.2365,7.050000000000001,0.8045,308.207,1.181,0.8425,6.6265,0.427,308.15,0.812,1.0065,6.6625,-0.262,308.063,0.523,1.7365,6.8225,-0.7609999999999999,307.966,0.415,2.533,7.6005,-0.8855,307.915,0.535,2.5885,8.2795,-0.8240000000000001,307.841,0.805,1.7995,7.807499999999999,0.29500000000000004,308.018,0.967,1.1195,7.774,0.97,308.162,1.442,
-0.0995,8.54,-0.5035000000000001,308.045,1.03,-0.27949999999999997,7.5725,0.149,308.166,1.3,-0.3355,7.6745,-0.21100000000000002,308.046,1.294,-0.165,8.099499999999999,-0.29000000000000004,308.034,1.12,0.268,8.602,-0.025500000000000002,307.981,1.008,1.0585,9.065999999999999,-0.5175000000000001,307.823,0.286,1.874,9.314,-0.9755,307.76,0.363,1.887,8.354500000000002,0.4665,308.068,1.157,1.0995,6.801500000000001,0.7965,308.241,1.15,0.518,6.657500000000001,-0.332,308.103,0.363,0.7404999999999999,7.138999999999999,-0.616,308.04,0.319,1.472,7.4975000000000005,-0.7415,307.974,0.369,2.3395,8.0345,-0.8845,307.923,0.62,2.8705,8.591000000000001,-0.7565,307.797,0.888,2.388,8.017,0.248,307.966,0.999,1.383,7.545999999999999,0.8215,308.211,1.252,
-0.378,8.276,-0.1725,308.045,1.168,-0.3125,7.79,-0.0885,308.136,1.25,-0.234,7.866,0.0635,308.121,1.379,0.022999999999999993,8.3215,-0.29300000000000004,308.002,1.214,0.49,8.7335,-0.2655,307.97,0.929,1.397,8.947,-0.6065,307.886,0.328,2.2125,8.931000000000001,-0.9695,307.801,0.331,1.9585,8.152000000000001,0.5349999999999999,308.12,0.959,1.1245,7.0425,0.911,308.288,1.299,0.7095,7.3205,-0.8445,308.052,0.54,0.812,7.9355,-0.8714999999999999,308.036,0.165,1.272,8.261,-0.738,307.986,0.433,2.0635,8.566500000000001,-0.6799999999999999,307.879,0.988,2.7435,8.6765,-0.2165,307.849,1.091,2.492,8.045,0.3185,308.02,0.942,1.6099999999999999,7.5465,0.3805,308.171,0.947,
-0.2855,7.8555,0.3245,308.171,1.252,-0.1725,7.8795,-0.14900000000000002,308.106,1.357,-0.122,7.948,0.07600000000000001,308.2,1.349,0.11299999999999999,8.385000000000002,0.046,308.099,1.403,0.6105,8.9865,-0.38149999999999995,307.957,0.92,1.565,8.9835,-0.6985,307.948,0.569,2.4459999999999997,8.5535,-0.9775,307.888,0.272,2.061,7.967499999999999,0.31899999999999995,308.151,0.763,1.156,7.4905,1.0154999999999998,308.372,1.397,1.0085,8.125,-0.3735,308.07,1.054,1.2429999999999999,8.673,-0.8105,307.994,0.108,1.5445,8.9285,-0.8320000000000001,307.905,0.483,2.04,8.894,-0.079,307.917,1.19,2.378,8.514,0.385,308.032,1.199,2.174,8.0155,-0.001,308.076,0.807,1.7425,7.664,-0.2735,308.093,0.603,
0.2175,7.5865,0.2535,308.207,1.081,0.219,7.8385,0.126,308.159,1.456,0.20650000000000002,8.0535,-0.068,308.182,1.408,0.27,8.345,0.33299999999999996,308.241,1.557,0.652,9.128,-0.176,308.015,1.025,1.469,9.123000000000001,-0.5840000000000001,307.976,0.8,2.342,8.4735,-0.929,307.968,0.224,2.1630000000000003,7.9399999999999995,-0.258,308.118,0.613,1.2885,7.827,0.746,308.403,1.265,1.121,8.4405,0.5685,308.269,1.456,1.575,8.939499999999999,-0.156,308.024,1.262,1.9395,9.193999999999999,-0.4355,307.856,1.099,1.9405000000000001,8.703,0.575,308.096,1.324,1.7285,8.255500000000001,0.634,308.21,1.239,1.6429999999999998,8.128499999999999,-0.476,308.05,0.808,1.746,7.941000000000001,-0.8275,307.966,0.406,
0.9944999999999999,7.6525,-0.222,308.092,0.81,0.8005,7.841,0.2365,308.208,1.312,0.7030000000000001,8.085,0.1615,308.185,1.671,0.563,8.32,0.473,308.3,1.609,0.6755,9.106,0.14850000000000002,308.157,1.138,1.2715,9.207,-0.28400000000000003,308.025,0.948,2.0860000000000003,8.6695,-0.7769999999999999,307.991,0.414,2.4025,8.174,-0.837,308.043,0.394,1.9015,7.958,0.2025,308.327,0.924,1.3940000000000001,8.177,0.853,308.429,1.421,1.6124999999999998,8.582,0.46599999999999997,308.22,1.479,1.94,8.665,0.379,308.084,1.5,1.513,8.088,0.875,308.289,1.368,0.9470000000000001,8.0765,0.5515,308.29,1.175,1.101,8.317,-0.506,308.051,0.928,1.6315,8.373000000000001,-0.7285,307.903,1.016,
1.609,7.813000000000001,-0.5145,307.977,0.655,1.38,8.0135,-0.0695,308.142,0.86,1.1435,7.8185,0.5915,308.291,1.699,0.832,8.153,0.7035,308.349,1.582,0.6779999999999999,8.9985,0.312,308.284,1.139,1.068,9.1215,0.0115,308.139,1.115,1.854,8.866499999999998,-0.526,308.006,0.806,2.625,8.504999999999999,-0.8815,307.989,0.531,2.7344999999999997,8.004,-0.1175,308.24,0.855,2.206,7.8945,0.346,308.396,1.053,1.924,8.0815,0.37,308.331,1.389,1.788,7.638999999999999,0.871,308.339,1.613,1.1225,7.373,0.8295,308.343,1.186,0.5815,7.906499999999999,0.29200000000000004,308.26,0.775,0.864,8.4245,-0.2975,308.137,0.87,1.48,8.716000000000001,-0.10700000000000001,308.066,1.286,
1.9224999999999999,7.833500000000001,-0.5785,307.948,0.606,1.943,8.212,-0.51,308.001,0.466,1.4945,7.329,0.7150000000000001,308.358,1.289,0.9045000000000001,7.748,0.9884999999999999,308.452,1.516,0.5745,8.869499999999999,0.2435,308.334,0.98,0.8255000000000001,8.872499999999999,0.1335,308.254,1.192,1.5845000000000002,8.8425,-0.23099999999999998,308.103,1.018,2.571,8.6415,-0.42,308.086,0.964,3.151,8.0895,-0.141,308.238,0.785,3.025,8.061499999999999,-0.4315,308.25,0.569,2.5525,7.9955,-0.112,308.27,1.144,1.8465,6.928,0.9605,308.419,1.431,1.0755,6.8315,0.6675,308.305,1.013,0.8425,7.667999999999999,-0.0435,308.156,0.411,1.1435,8.4895,-0.398,308.124,0.494,1.4125,8.8255,0.20650000000000002,308.243,1.292,
2.1125,7.962000000000001,-0.6135,307.953,0.592,2.439,8.291,-0.9179999999999999,307.878,0.331,1.802,7.0085,0.6015,308.307,1.009,0.8005,7.3965,1.1145,308.531,1.306,0.363,8.7345,0.0745,308.32,0.803,0.6619999999999999,8.531500000000001,0.059000000000000004,308.302,1.272,1.427,8.581499999999998,-0.076,308.239,1.148,2.3569999999999998,8.501000000000001,-0.024,308.251,1.14,3.0395,8.264,-0.1995,308.249,0.626,3.309,8.5975,-1.0265,308.103,0.199,2.9815,8.288499999999999,-0.29300000000000004,308.137,0.907,2.0140000000000002,6.7915,1.0255,308.374,1.099,1.254,6.586,0.48850000000000005,308.24,0.728,1.3825,7.476,-0.3405,308.056,0.244,1.86,8.608,-0.7155,308.034,0.157,1.7935,8.84,-0.0885,308.203,0.701,
2.238,8.458,-0.562,307.976,0.59,2.6045,8.466,-1.2155,307.866,0.109,1.7895,7.215999999999999,0.61,308.278,1.041,0.4895,7.4135,1.022,308.508,1.081,0.093,8.5525,-0.032,308.269,0.682,0.615,8.185500000000001,-0.0565,308.309,1.314,1.4235,8.267,-0.124,308.314,1.216,2.166,8.3205,0.0235,308.32,1.038,2.79,8.4775,-0.348,308.212,0.417,3.3245,9.1195,-1.1775,308.003,0.107,3.1275,8.562,0.0095,308.062,0.789,2.0469999999999997,6.9105,1.1320000000000001,308.308,0.739,1.3965,6.653499999999999,0.26649999999999996,308.192,0.375,1.8275000000000001,7.4775,-0.495,308.015,0.208,2.5635000000000003,8.752500000000001,-0.9135,307.989,0.117,2.497,8.9175,-0.501,308.056,0.466,
1.9914999999999998,9.090499999999999,-0.405,308.038,0.746,2.2569999999999997,8.959,-0.89,307.93,0.623,1.3065,7.900499999999999,0.7190000000000001,308.34,1.14,-0.06250000000000003,7.768,0.6479999999999999,308.408,0.786,-0.20650000000000002,8.3525,-0.21100000000000002,308.217,0.453,0.6100000000000001,7.9384999999999994,-0.115,308.327,1.294,1.4315,8.097999999999999,-0.149,308.324,1.237,2.002,8.318,-0.04,308.284,0.895,2.642,8.604,-0.485,308.144,0.323,3.3295,9.381499999999999,-0.941,307.936,0.11,3.0679999999999996,8.5625,0.498,308.079,0.962,1.8889999999999998,7.041,1.096,308.28,0.7,1.3984999999999999,6.986,-0.001,308.146,0.389,2.0380000000000003,7.6995000000000005,-0.5429999999999999,308.019,0.294,2.949,8.915,-0.8755,307.984,0.102,3.016,9.05,-0.45099999999999996,307.947,0.104,
1.333,9.497499999999999,-0.1885,308.165,0.771,1.559,9.3635,0.1355,308.172,1.282,0.699,8.491,0.6955,308.411,1.155,-0.434,8.265,-0.155,308.303,0.65,-0.274,8.3835,-0.6759999999999999,308.214,0.196,0.6605,7.9704999999999995,-0.28300000000000003,308.353,1.12,1.342,8.160499999999999,0.008,308.322,1.236,1.8165,8.4265,-0.0665,308.217,0.712,2.579,8.591000000000001,-0.7015,308.077,0.201,3.245,9.3585,-0.5895,307.926,0.642,2.7190000000000003,8.345500000000001,0.876,308.167,1.078,1.524,7.218500000000001,0.7669999999999999,308.267,0.694,1.3105,7.425,-0.3055,308.094,0.339,2.1515,8.0105,-0.633,308.005,0.471,3.075,9.1005,-0.585,307.958,0.11,3.084,9.057500000000001,0.0415,307.926,0.437,
0.7464999999999999,9.3995,0.025,308.309,0.661,0.7905,9.108,0.8485,308.493,1.402,0.2955,8.545,0.679,308.469,1.203,-0.1165,8.809000000000001,-0.746,308.228,0.842,0.20249999999999996,8.85,-1.2045,308.263,0.111,0.8275,8.465499999999999,-0.539,308.344,1.024,1.1785,8.527000000000001,0.16499999999999998,308.331,1.17,1.6494999999999997,8.495000000000001,-0.242,308.168,0.468,2.5725,8.493500000000001,-1.0805,308.065,0.105,2.9945000000000004,9.124,-0.22349999999999998,307.979,0.987,2.098,8.174,1.0565,308.268,1.168,1.0550000000000002,7.5765,0.1845,308.225,0.616,1.2015,7.816,-0.643,308.032,0.277,2.1595,8.233,-0.9055,307.964,0.266,2.8755,9.152000000000001,-0.231,307.937,0.714,2.7175000000000002,8.854,0.4355,307.99,0.588,
0.43699999999999994,8.737,-0.029,308.336,0.424,0.296,8.3275,0.5325,308.576,1.086,0.0765,8.29,0.6459999999999999,308.554,1.225,0.3405,9.0165,-0.1245,308.257,1.121,0.7165,9.504,-1.2285,308.281,0.1,0.9764999999999999,9.2625,-0.3775,308.318,1.114,1.091,9.191,0.0815,308.32,1.06,1.6324999999999998,8.5655,-0.756,308.161,0.264,2.5925000000000002,8.453,-1.3745,308.073,0.1,2.564,8.847000000000001,0.266,308.078,1.052,1.395,8.25,1.0170000000000001,308.357,1.261,0.714,8.108,-0.29300000000000004,308.149,0.652,1.1995,8.198,-0.8795,307.98,0.344,2.146,8.437999999999999,-1.2345,307.923,0.116,2.5835,9.021,0.0019999999999999996,307.928,0.831,2.364,8.704,0.4295,308.052,0.624,
0.44,8.1405,-0.5115000000000001,308.293,0.21,0.532,7.705500000000001,-0.35350000000000004,308.416,0.677,0.451,8.153500000000001,0.317,308.552,1.015,0.6535,8.4225,0.87,308.525,1.355,0.892,9.6655,-0.4585,308.302,0.126,1.026,9.841999999999999,0.34450000000000003,308.389,1.329,1.126,9.8315,-0.020999999999999998,308.264,1.085,1.7005,8.8955,-1.267,308.139,0.177,2.4345,8.6655,-1.054,308.029,0.113,1.944,8.721499999999999,0.7170000000000001,308.255,1.069,0.8295,8.443999999999999,0.7435,308.419,1.337,0.6695,8.568,-0.35650000000000004,308.139,0.796,1.4565000000000001,8.619,-0.7655,307.97,0.508,2.3760000000000003,8.674,-1.02,307.877,0.127,2.5835,8.870000000000001,0.29000000000000004,307.987,0.979,2.2750000000000004,8.8855,0.145,308.09,0.584,
0.869,7.993,-0.9085,308.184,0.106,1.3424999999999998,7.53,-0.845,308.24,0.635,1.3519999999999999,8.153,-0.107,308.432,0.744,1.0935000000000001,7.901,0.871,308.584,1.229,0.988,9.52,0.40049999999999997,308.432,0.971,0.8140000000000001,10.003,0.9555,308.561,1.372,0.9139999999999999,10.081,0.2845,308.286,1.279,1.6075,9.167,-0.833,308.107,0.768,1.953,8.859,-0.228,308.124,0.845,1.2235,8.716,0.6100000000000001,308.409,0.984,0.5795,8.528,0.3325,308.428,1.291,0.8860000000000001,8.735,-0.199,308.217,0.866,1.7965,8.831,-0.373,308.071,0.904,2.6525,8.777,-0.10750000000000001,308.017,1.366,2.6005,8.811,0.677,308.201,1.165,2.0815,9.073,-0.2385,308.128,0.44,
0.5640000000000001,8.6485,-0.2175,308.102,0.971,-0.037500000000000006,7.4315,0.249,308.153,1.364,-0.40449999999999997,7.44,-0.21,308.069,1.157,-0.23349999999999999,7.9825,-0.053,308.055,1.149,0.24200000000000002,8.732,-0.0465,307.944,0.976,0.7555,9.242,-0.651,307.835,0.141,1.3265,9.427,-1.029,307.782,0.192,1.5695000000000001,8.637,0.38,308.02,1.258,1.3205,7.167,0.9319999999999999,308.17,1.166,1.0945,6.839,0.52,308.112,0.746,1.3105,6.917,-0.3095,308.025,0.414,1.912,7.014,-0.879,307.967,0.32,2.476,7.788,-1.0070000000000001,307.915,0.466,2.38,8.488499999999998,-0.909,307.844,0.75,1.6795,7.9465,0.355,307.994,0.904,1.1905000000000001,7.842,1.115,308.126,1.426,
0.012500000000000004,8.622,-0.5035000000000001,308.026,0.997,-0.17049999999999998,7.681,0.1405,308.129,1.305,-0.22949999999999998,7.734,-0.24,308.012,1.288,-0.037500000000000006,8.1725,-0.3375,308.003,1.1,0.4015,8.695,-0.066,307.953,0.953,1.032,9.135,-0.5725,307.84,0.195,1.698,9.18,-1.076,307.792,0.152,1.8085,8.3745,0.5175000000000001,308.044,1.109,1.2429999999999999,6.8845,0.893,308.205,1.13,0.7889999999999999,6.823,-0.321,308.084,0.291,0.9595,7.297499999999999,-0.706,308.028,0.218,1.5190000000000001,7.5785,-0.8655,307.983,0.253,2.217,8.094999999999999,-1.0045,307.925,0.539,2.6565,8.652999999999999,-0.8685,307.797,0.799,2.2305,8.0685,0.28200000000000003,307.94,0.933,1.383,7.6305,0.97,308.178,1.23,
-0.303,8.3265,-0.16549999999999998,308.02,1.136,-0.221,7.8665,-0.1075,308.1,1.246,-0.1155,7.9065,0.0545,308.081,1.381,0.137,8.3665,-0.3355,307.97,1.19,0.6015,8.836500000000001,-0.3305,307.943,0.878,1.3785,9.0285,-0.6755,307.905,0.229,2.0425,8.7375,-1.0795,307.85,0.146,1.8875,8.143999999999998,0.628,308.103,0.892,1.273,7.098,0.9834999999999999,308.251,1.289,0.876,7.365500000000001,-0.929,308.059,0.463,0.8295,7.9685,-0.9615,308.046,0.112,1.147,8.237,-0.8340000000000001,307.982,0.167,1.8635000000000002,8.4955,-0.796,307.871,0.95,2.558,8.622,-0.2935,307.821,1.022,2.382,8.05,0.356,307.989,0.875,1.589,7.652,0.47250000000000003,308.146,0.892,
-0.23049999999999998,7.926,0.3775,308.141,1.229,-0.103,7.933,-0.173,308.069,1.351,0.007999999999999997,7.983499999999999,0.083,308.16,1.359,0.261,8.394,0.035,308.06,1.391,0.7205,9.0225,-0.4445,307.932,0.867,1.5135,9.0125,-0.773,307.961,0.494,2.201,8.3695,-1.1015000000000001,307.94,0.134,1.9205,7.9725,0.385,308.138,0.683,1.2825,7.5865,1.109,308.336,1.395,1.119,8.095,-0.46699999999999997,308.071,1.023,1.1515,8.583,-0.8945000000000001,308.004,0.101,1.331,8.796,-0.9179999999999999,307.905,0.177,1.831,8.7915,-0.1165,307.886,1.142,2.2664999999999997,8.4695,0.3965,307.99,1.157,2.15,8.038499999999999,0.0115,308.046,0.736,1.7465000000000002,7.755000000000001,-0.261,308.076,0.515,
0.2575,7.7035,0.307,308.179,1.059,0.276,7.8955,0.128,308.12,1.451,0.3245,8.0805,-0.0745,308.144,1.418,0.46399999999999997,8.3475,0.3495,308.195,1.565,0.8275,9.085,-0.20500000000000002,307.987,0.975,1.4344999999999999,9.067499999999999,-0.655,307.968,0.736,2.024,8.332,-1.0485,307.997,0.124,1.8639999999999999,8.003,-0.28200000000000003,308.123,0.539,1.2755,8.0,0.837,308.371,1.252,1.226,8.458,0.593,308.24,1.432,1.5565,8.812000000000001,-0.187,308.013,1.238,1.7845,9.026,-0.492,307.848,1.056,1.8175,8.651,0.6579999999999999,308.06,1.276,1.7454999999999998,8.277000000000001,0.712,308.169,1.205,1.704,8.154,-0.517,308.026,0.741,1.746,7.932,-0.8935,307.956,0.161,
1.003,7.7780000000000005,-0.23199999999999998,308.069,0.763,0.845,7.923500000000001,0.2645,308.174,1.297,0.798,8.135,0.1625,308.146,1.683,0.767,8.3445,0.511,308.254,1.622,0.9345,9.046,0.165,308.12,1.099,1.3845,9.1135,-0.34199999999999997,307.993,0.887,1.9004999999999999,8.55,-0.877,307.992,0.162,2.0595,8.2455,-0.9385,308.071,0.256,1.7135,8.1375,0.23049999999999998,308.306,0.852,1.4165,8.288,0.972,308.392,1.412,1.646,8.557500000000001,0.5165,308.187,1.465,1.887,8.6035,0.4115,308.053,1.462,1.5055,8.116,1.033,308.255,1.33,1.0575,8.144,0.6455,308.253,1.136,1.189,8.308,-0.5740000000000001,308.021,0.863,1.595,8.2635,-0.8280000000000001,307.883,0.987,
1.5885,7.9195,-0.5760000000000001,307.953,0.593,1.373,8.124500000000001,-0.059,308.119,0.809,1.204,7.9415,0.651,308.248,1.71,1.0085,8.222,0.7835,308.303,1.583,0.944,8.981,0.36250000000000004,308.243,1.104,1.306,9.068,-0.0235,308.093,1.066,1.902,8.757,-0.6005,307.986,0.755,2.4475,8.504000000000001,-1.009,307.997,0.187,2.5265000000000004,8.102,-0.15799999999999997,308.218,0.771,2.1095,8.0525,0.42300000000000004,308.365,1.031,1.896,8.204,0.43100000000000005,308.295,1.38,1.7865,7.7219999999999995,0.982,308.3,1.608,1.17,7.477,0.9930000000000001,308.311,1.145,0.673,8.0015,0.36650000000000005,308.233,0.739,0.9335,8.411,-0.367,308.103,0.832,1.4689999999999999,8.623000000000001,-0.1625,308.027,1.257,
1.892,7.925000000000001,-0.6605,307.922,0.539,1.8435000000000001,8.3445,-0.5445,307.986,0.381,1.4835,7.496499999999999,0.8265,308.323,1.28,1.0390000000000001,7.853999999999999,1.1244999999999998,308.409,1.516,0.7915000000000001,8.908999999999999,0.30100000000000005,308.296,0.937,1.055,8.898,0.11699999999999999,308.204,1.153,1.7189999999999999,8.776499999999999,-0.28,308.065,0.971,2.5505,8.609,-0.528,308.054,0.891,3.0425,8.1295,-0.211,308.213,0.7,2.8775,8.2155,-0.4605,308.23,0.491,2.4284999999999997,8.1785,-0.1085,308.242,1.105,1.8399999999999999,7.062,1.093,308.38,1.428,1.1400000000000001,6.9715,0.798,308.277,0.961,0.8835,7.7775,-0.0155,308.139,0.368,1.1524999999999999,8.5195,-0.48150000000000004,308.103,0.438,1.403,8.844000000000001,0.2085,308.206,1.255,
2.097,8.0195,-0.7155,307.925,0.525,2.2945,8.410499999999999,-0.992,307.883,0.216,1.735,7.135,0.71,308.289,0.961,0.89,7.5065,1.283,308.495,1.288,0.5065,8.81,0.1205,308.29,0.741,0.8015000000000001,8.626999999999999,0.036000000000000004,308.255,1.238,1.5350000000000001,8.6045,-0.11699999999999999,308.195,1.115,2.4105,8.5425,-0.096,308.214,1.075,3.0004999999999997,8.331,-0.267,308.229,0.527,3.13,8.7025,-1.1280000000000001,308.095,0.134,2.793,8.4205,-0.329,308.12,0.893,2.0045,6.895,1.1680000000000001,308.343,1.105,1.363,6.7125,0.573,308.216,0.69,1.4344999999999999,7.5885,-0.376,308.045,0.201,1.7985,8.6905,-0.8160000000000001,308.029,0.126,1.701,8.950500000000002,-0.0925,308.187,0.677,
2.249,8.4505,-0.655,307.952,0.524,2.496,8.4925,-1.347,307.897,0.102,1.729,7.276,0.688,308.265,0.986,0.5525,7.5355,1.185,308.479,1.04,0.173,8.646,-0.0075,308.243,0.607,0.6900000000000001,8.323,-0.11399999999999999,308.268,1.282,1.5285000000000002,8.3705,-0.177,308.278,1.189,2.274,8.4475,-0.0295,308.291,0.967,2.7910000000000004,8.585,-0.405,308.199,0.329,3.1515,9.1355,-1.304,308.006,0.101,2.9429999999999996,8.609,-0.006500000000000001,308.053,0.775,2.0545,6.9775,1.3014999999999999,308.287,0.74,1.555,6.752,0.2945,308.177,0.354,1.9340000000000002,7.5954999999999995,-0.5855,308.017,0.176,2.4885,8.854,-1.0165,307.998,0.103,2.3345000000000002,9.023,-0.5489999999999999,308.065,0.444,
2.0755,9.0205,-0.45099999999999996,308.033,0.687,2.2385,8.872499999999999,-1.0665,307.961,0.207,1.2965,7.962999999999999,0.7795000000000001,308.319,1.08,-0.01899999999999999,7.943,0.7865,308.387,0.72,-0.173,8.477,-0.22899999999999998,308.197,0.366,0.672,8.093,-0.21050000000000002,308.292,1.261,1.5535,8.216000000000001,-0.2085,308.298,1.212,2.138,8.4485,-0.08349999999999999,308.263,0.815,2.683,8.6875,-0.544,308.138,0.233,3.223,9.318999999999999,-1.064,307.953,0.102,2.9635,8.568999999999999,0.5465,308.065,0.902,1.9565000000000001,7.102,1.279,308.264,0.653,1.5945,7.0794999999999995,-0.031,308.138,0.325,2.1675,7.803,-0.6625,308.03,0.25,2.8785,8.971499999999999,-0.9884999999999999,307.997,0.1,2.8385,9.076,-0.5045,307.964,0.101,
1.4460000000000002,9.402000000000001,-0.22649999999999998,308.16,0.713,1.6465,9.279499999999999,0.054,308.156,1.239,0.8294999999999999,8.6025,0.756,308.383,1.098,-0.33549999999999996,8.4465,-0.0835,308.302,0.611,-0.246,8.5215,-0.75,308.215,0.139,0.7165,8.1155,-0.4015,308.325,1.08,1.4635,8.2445,-0.041,308.297,1.206,1.9545,8.502500000000001,-0.099,308.198,0.623,2.646,8.6085,-0.7849999999999999,308.09,0.122,3.208,9.28,-0.681,307.935,0.21,2.7095000000000002,8.359,1.003,308.145,1.014,1.6509999999999998,7.2935,0.911,308.25,0.633,1.4925,7.532,-0.371,308.09,0.26,2.2485,8.061,-0.7609999999999999,308.009,0.4,3.0135,9.099,-0.6930000000000001,307.965,0.102,2.9284999999999997,9.031,0.048,307.935,0.181,
0.8200000000000001,9.3555,-0.0195,308.294,0.599,0.9804999999999999,9.1525,0.9319999999999999,308.456,1.364,0.632,8.659500000000001,0.7435,308.44,1.155,0.1485,8.876999999999999,-0.7925,308.249,0.812,0.305,8.911999999999999,-1.2999999999999998,308.283,0.102,0.881,8.565,-0.673,308.324,0.979,1.2919999999999998,8.588000000000001,0.1235,308.301,1.133,1.7734999999999999,8.533999999999999,-0.277,308.154,0.371,2.5995,8.451,-1.1955,308.087,0.101,2.9475,9.064,-0.253,307.975,0.898,2.1270000000000002,8.2,1.2335,308.243,1.118,1.1800000000000002,7.642,0.236,308.208,0.534,1.2835,7.913500000000001,-0.72,308.029,0.2,2.1374999999999997,8.2225,-1.0345,307.959,0.165,2.7744999999999997,9.147,-0.29000000000000004,307.933,0.637,2.58,8.849,0.498,307.981,0.493,
0.4605,8.8305,-0.0445,308.325,0.332,0.46950000000000003,8.515,0.637,308.541,1.035,0.4495,8.381499999999999,0.712,308.519,1.199,0.6839999999999999,8.989999999999998,-0.179,308.268,1.075,0.871,9.418,-1.2835,308.3,0.1,1.029,9.2975,-0.49950000000000006,308.297,1.068,1.1935,9.258,0.0345,308.289,1.008,1.706,8.577,-0.8115,308.155,0.185,2.5084999999999997,8.314,-1.5195,308.103,0.1,2.4539999999999997,8.782,0.3135,308.072,0.997,1.422,8.276,1.185,308.329,1.229,0.7815,8.119,-0.33499999999999996,308.132,0.573,1.1275,8.218,-0.973,307.98,0.149,1.936,8.3415,-1.3835,307.935,0.106,2.3775000000000004,9.0205,-0.011000000000000001,307.916,0.744,2.2295,8.733,0.48950000000000005,308.033,0.534,
0.402,8.3405,-0.527,308.296,0.151,0.5445,7.9125000000000005,-0.3745,308.396,0.599,0.6245,8.2455,0.35150000000000003,308.521,0.967,0.886,8.448,0.9535,308.497,1.306,1.0045,9.5105,-0.44,308.316,0.117,1.103,9.837499999999999,0.322,308.361,1.271,1.2414999999999998,9.8915,-0.0605,308.241,1.014,1.6795,8.816500000000001,-1.374,308.151,0.115,2.223,8.4085,-1.208,308.074,0.102,1.794,8.6505,0.8265,308.239,1.01,0.8795,8.4825,0.8495,308.387,1.316,0.746,8.528500000000001,-0.4305,308.116,0.724,1.3699999999999999,8.5275,-0.8674999999999999,307.971,0.183,2.1225,8.4945,-1.1705,307.906,0.105,2.346,8.850999999999999,0.313,307.962,0.889,2.1655,8.9035,0.187,308.067,0.494,
0.815,8.214,-0.9735,308.208,0.101,1.2355,7.698,-0.982,308.238,0.54,1.323,8.25,-0.133,308.409,0.655,1.155,7.988,1.0245,308.554,1.189,1.0385,9.377,0.49250000000000005,308.419,0.895,0.9505,9.991,1.0875,308.529,1.306,1.062,10.126,0.3035,308.266,1.197,1.5195,9.019,-0.9545,308.121,0.239,1.7200000000000002,8.554,-0.3095,308.129,0.752,1.12,8.652,0.7185,308.384,0.936,0.654,8.581,0.3675,308.394,1.264,0.998,8.682,-0.246,308.188,0.804,1.81,8.688,-0.4375,308.052,0.842,2.5374999999999996,8.573,-0.162,308.006,1.342,2.489,8.783,0.772,308.169,1.066,2.0515,9.072,-0.20750000000000002,308.109,0.341,
0.6585,8.7225,-0.1765,308.082,0.945,0.079,7.5515,0.249,308.124,1.359,-0.2685,7.5075,-0.202,308.045,1.143,-0.051000000000000004,7.9955,-0.0935,308.028,1.126,0.39899999999999997,8.712,-0.0875,307.932,0.901,0.7525,9.212499999999999,-0.6839999999999999,307.849,0.103,1.194,9.3375,-1.1059999999999999,307.79,0.132,1.48,8.6515,0.3875,307.999,1.218,1.3784999999999998,7.253,1.0445,308.141,1.143,1.294,6.9990000000000006,0.601,308.087,0.635,1.5445,7.0985,-0.354,308.006,0.318,2.019,7.155,-0.9764999999999999,307.978,0.231,2.3605,7.922000000000001,-1.1095000000000002,307.918,0.418,2.141,8.637,-0.9704999999999999,307.852,0.703,1.5585,8.065000000000001,0.41200000000000003,307.978,0.839,1.2635,7.884,1.24,308.098,1.399,
0.136,8.6855,-0.481,308.012,0.964,-0.05,7.7795,0.121,308.099,1.3,-0.109,7.779999999999999,-0.2625,307.985,1.273,0.0985,8.213000000000001,-0.38449999999999995,307.977,1.074,0.5315,8.744,-0.118,307.935,0.894,1.0215,9.137,-0.617,307.858,0.143,1.549,9.034,-1.1505,307.816,0.104,1.7285,8.353000000000002,0.5589999999999999,308.028,1.062,1.3555,6.946,0.9685,308.177,1.099,1.0105,6.963,-0.3035,308.069,0.233,1.117,7.4135,-0.7805,308.029,0.162,1.5135,7.6215,-0.97,308.0,0.173,2.0455,8.120000000000001,-1.1055,307.928,0.525,2.3905000000000003,8.661000000000001,-0.961,307.81,0.502,2.0425,8.100000000000001,0.3155,307.923,0.864,1.3795,7.692,1.1075,308.153,1.204,
-0.2095,8.3625,-0.14350000000000002,308.002,1.1,-0.11699999999999999,7.933,-0.1315,308.07,1.233,0.013500000000000002,7.933,0.04,308.049,1.372,0.2525,8.3805,-0.371,307.946,1.16,0.689,8.891,-0.39849999999999997,307.925,0.825,1.3315000000000001,9.04,-0.732,307.926,0.161,1.85,8.581,-1.1655,307.887,0.103,1.7865000000000002,8.103,0.7150000000000001,308.094,0.834,1.3775,7.134,1.0185,308.223,1.268,1.004,7.4175,-0.9929999999999999,308.06,0.358,0.8245,7.9885,-1.0275,308.054,0.101,1.0045000000000002,8.1835,-0.9125,307.987,0.106,1.6395,8.3855,-0.9019999999999999,307.874,0.914,2.3385,8.507000000000001,-0.373,307.811,0.958,2.2455,8.026,0.3855,307.966,0.805,1.5635,7.718999999999999,0.56,308.128,0.838,
-0.164,7.9795,0.4285,308.117,1.196,-0.023999999999999997,7.974,-0.1945,308.04,1.335,0.14400000000000002,8.005,0.083,308.127,1.358,0.40399999999999997,8.376999999999999,0.0225,308.029,1.369,0.8089999999999999,9.008,-0.502,307.914,0.817,1.4264999999999999,8.9815,-0.829,307.973,0.315,1.901,8.253,-1.1985000000000001,307.974,0.102,1.7255,7.9704999999999995,0.44599999999999995,308.136,0.618,1.3705,7.6585,1.1545,308.308,1.382,1.2075,8.076,-0.5535,308.074,0.975,1.0635,8.493,-0.9570000000000001,308.009,0.1,1.1235,8.648,-0.9835,307.911,0.107,1.6015,8.6395,-0.1565,307.873,1.096,2.1195,8.369,0.387,307.959,1.108,2.1,8.0215,0.0175,308.023,0.667,1.7445,7.7940000000000005,-0.241,308.067,0.436,
0.3075,7.8025,0.35550000000000004,308.157,1.03,0.3405,7.9355,0.1275,308.09,1.434,0.4455,8.093,-0.0815,308.113,1.416,0.647,8.3285,0.3545,308.159,1.559,0.9885,9.0005,-0.23249999999999998,307.966,0.927,1.405,8.9665,-0.71,307.962,0.682,1.7189999999999999,8.2425,-1.1395,308.011,0.102,1.58,8.074,-0.301,308.135,0.472,1.2755,8.1495,0.8935,308.348,1.227,1.318,8.4585,0.599,308.22,1.402,1.525,8.674,-0.21500000000000002,308.004,1.216,1.6275,8.8405,-0.5375000000000001,307.849,0.991,1.6720000000000002,8.5555,0.732,308.034,1.222,1.715,8.2615,0.7665,308.137,1.167,1.7165,8.139,-0.5515,308.01,0.68,1.7275,7.8835,-0.9405,307.947,0.105,
1.0230000000000001,7.8835,-0.2375,308.053,0.712,0.8955,7.981,0.28600000000000003,308.148,1.273,0.894,8.158999999999999,0.16,308.115,1.682,0.9595,8.345500000000001,0.534,308.216,1.623,1.178,8.9545,0.1735,308.09,1.056,1.5070000000000001,8.98,-0.39549999999999996,307.969,0.832,1.7605,8.4455,-0.956,307.99,0.105,1.776,8.323,-1.0145,308.095,0.178,1.565,8.3045,0.252,308.293,0.779,1.4449999999999998,8.366,1.0695000000000001,308.365,1.394,1.6735,8.5015,0.554,308.162,1.445,1.8279999999999998,8.509,0.437,308.03,1.419,1.4769999999999999,8.107,1.1815,308.229,1.284,1.125,8.185,0.7250000000000001,308.224,1.085,1.23,8.27,-0.634,308.002,0.8,1.5345,8.132,-0.9159999999999999,307.869,0.947,
1.5805,8.003,-0.628,307.937,0.533,1.381,8.2005,-0.0485,308.103,0.734,1.266,8.025,0.698,308.215,1.708,1.1764999999999999,8.2615,0.847,308.267,1.571,1.2085,8.937999999999999,0.403,308.209,1.064,1.5495,8.978,-0.066,308.055,1.009,1.968,8.637,-0.6655,307.972,0.702,2.2975000000000003,8.504,-1.109,308.014,0.108,2.3360000000000003,8.197500000000002,-0.191,308.206,0.687,2.0245,8.182,0.49350000000000005,308.34,1.007,1.8755000000000002,8.2835,0.48350000000000004,308.266,1.366,1.7785,7.7684999999999995,1.076,308.27,1.591,1.204,7.541,1.15,308.29,1.095,0.7505,8.066,0.4385,308.212,0.689,0.982,8.378499999999999,-0.4365,308.076,0.78,1.431,8.507,-0.222,307.997,1.222,
1.858,7.998,-0.731,307.903,0.476,1.76,8.4375,-0.5665,307.98,0.311,1.4809999999999999,7.631,0.9265,308.295,1.264,1.169,7.9315,1.2435,308.375,1.504,1.012,8.924,0.354,308.266,0.892,1.2945,8.8925,0.091,308.161,1.104,1.8719999999999999,8.689,-0.32999999999999996,308.035,0.917,2.541,8.563500000000001,-0.6275,308.038,0.813,2.915,8.161000000000001,-0.27849999999999997,308.196,0.617,2.712,8.343499999999999,-0.479,308.214,0.428,2.3025,8.316500000000001,-0.1005,308.219,1.064,1.8225000000000002,7.1690000000000005,1.2069999999999999,308.349,1.414,1.191,7.069,0.9219999999999999,308.258,0.897,0.9239999999999999,7.851,0.0185,308.126,0.319,1.1640000000000001,8.533999999999999,-0.5645,308.088,0.377,1.3865,8.8265,0.20350000000000001,308.177,1.216,
2.0625,8.065000000000001,-0.8065,307.905,0.462,2.146,8.503,-1.0434999999999999,307.893,0.152,1.6704999999999999,7.2485,0.8155,308.279,0.914,0.979,7.5945,1.435,308.467,1.263,0.6535,8.856,0.16999999999999998,308.266,0.68,0.9495,8.689,0.0065,308.216,1.191,1.6555,8.5975,-0.16649999999999998,308.159,1.072,2.4565,8.5505,-0.176,308.188,1.001,2.9245,8.367,-0.33499999999999996,308.216,0.436,2.92,8.782499999999999,-1.2055,308.087,0.112,2.5869999999999997,8.5095,-0.35450000000000004,308.109,0.873,1.972,6.977,1.292,308.318,1.098,1.4555,6.8095,0.6485000000000001,308.202,0.626,1.492,7.672000000000001,-0.40449999999999997,308.04,0.168,1.7570000000000001,8.756499999999999,-0.9075,308.027,0.111,1.6244999999999998,9.015,-0.0925,308.175,0.656,
2.231,8.4285,-0.745,307.936,0.454,2.3645,8.519,-1.4455,307.929,0.1,1.658,7.329,0.761,308.261,0.93,0.611,7.629,1.3335,308.457,0.994,0.2585,8.711,0.0225,308.222,0.537,0.776,8.4215,-0.1775,308.235,1.238,1.63,8.439,-0.239,308.25,1.152,2.3455000000000004,8.530000000000001,-0.0895,308.271,0.891,2.7435,8.65,-0.45799999999999996,308.191,0.256,2.944,9.130500000000001,-1.4020000000000001,308.005,0.1,2.733,8.615,-0.016,308.05,0.76,2.0415,7.0215,1.4525000000000001,308.271,0.731,1.6945000000000001,6.844,0.311,308.167,0.318,2.0255,7.7075,-0.671,308.022,0.15,2.4185,8.94,-1.1015,308.005,0.1,2.19,9.0825,-0.5794999999999999,308.071,0.426,
2.112,8.932500000000001,-0.495,308.033,0.63,2.191,8.794,-1.22,307.999,0.11,1.2715,7.999,0.823,308.309,1.017,0.025999999999999995,8.0675,0.9205,308.372,0.657,-0.1205,8.572,-0.242,308.185,0.292,0.744,8.212,-0.3135,308.267,1.215,1.653,8.3045,-0.27249999999999996,308.28,1.174,2.217,8.5415,-0.126,308.249,0.73,2.664,8.746500000000001,-0.5934999999999999,308.134,0.175,3.0725,9.229,-1.165,307.965,0.1,2.825,8.534500000000001,0.5934999999999999,308.06,0.855,2.0,7.140000000000001,1.4435,308.252,0.607,1.755,7.1745,-0.0685,308.137,0.272,2.2525,7.923,-0.774,308.041,0.199,2.792,9.0115,-1.0785,308.004,0.1,2.6675,9.058499999999999,-0.539,307.975,0.1,
1.5365000000000002,9.286999999999999,-0.2535,308.163,0.659,1.707,9.1765,-0.0385,308.157,1.189,0.9445,8.673,0.7955,308.365,1.037,-0.19499999999999998,8.579,0.0019999999999999983,308.303,0.572,-0.15899999999999997,8.615,-0.8115,308.223,0.116,0.786,8.231,-0.5185,308.307,1.029,1.5525,8.3065,-0.096,308.28,1.162,2.03,8.5535,-0.129,308.186,0.534,2.6435,8.621500000000001,-0.8565,308.096,0.103,3.113,9.1595,-0.7605,307.954,0.111,2.6555,8.3345,1.121,308.132,0.954,1.7515,7.3475,1.04,308.239,0.569,1.641,7.628,-0.4345,308.096,0.204,2.2945,8.128,-0.878,308.015,0.264,2.9165,9.062000000000001,-0.788,307.966,0.101,2.761,8.953,0.0615,307.942,0.206,
0.8875,9.2805,-0.06,308.285,0.538,1.1295,9.145,0.988,308.43,1.319,0.917,8.7475,0.786,308.418,1.099,0.4245,8.927,-0.8145,308.262,0.776,0.457,8.93,-1.373,308.302,0.1,0.9515,8.637,-0.7909999999999999,308.313,0.927,1.3735,8.622,0.067,308.281,1.086,1.8359999999999999,8.542,-0.309,308.147,0.293,2.5605,8.4145,-1.2930000000000001,308.1,0.1,2.8495,8.9635,-0.275,307.985,0.551,2.1205,8.195,1.3955000000000002,308.226,1.067,1.2885,7.6899999999999995,0.28300000000000003,308.197,0.456,1.3535,7.9885,-0.7835,308.032,0.155,2.0775,8.224,-1.1484999999999999,307.956,0.125,2.623,9.0885,-0.348,307.931,0.578,2.4139999999999997,8.786000000000001,0.5515,307.978,0.421,
0.48650000000000004,8.8745,-0.0695,308.314,0.269,0.616,8.6435,0.7305,308.516,0.98,0.7705,8.46,0.753,308.492,1.16,1.0005,8.9565,-0.23049999999999998,308.275,1.028,1.046,9.321000000000002,-1.3105,308.315,0.1,1.0935000000000001,9.3085,-0.6080000000000001,308.287,1.017,1.2605,9.282499999999999,-0.0305,308.266,0.955,1.718,8.5455,-0.853,308.156,0.142,2.363,8.215,-1.634,308.12,0.1,2.2955,8.693,0.36250000000000004,308.075,0.952,1.413,8.278,1.3295,308.309,1.195,0.8280000000000001,8.1175,-0.3715,308.126,0.501,1.0435,8.2235,-1.0445,307.984,0.104,1.676,8.278500000000001,-1.5070000000000001,307.938,0.162,2.089,8.9775,-0.023,307.915,0.67,2.047,8.7135,0.5305,308.019,0.45,
0.384,8.4925,-0.5455000000000001,308.297,0.123,0.5734999999999999,8.0835,-0.381,308.382,0.523,0.7909999999999999,8.3265,0.3705,308.497,0.913,1.1059999999999999,8.4535,1.014,308.477,1.25,1.1315,9.366,-0.402,308.326,0.291,1.162,9.807500000000001,0.29100000000000004,308.342,1.207,1.2915,9.9025,-0.10900000000000001,308.226,0.948,1.5990000000000002,8.7105,-1.4465,308.166,0.101,1.964,8.222999999999999,-1.337,308.104,0.101,1.609,8.5655,0.923,308.233,0.957,0.905,8.4975,0.931,308.362,1.29,0.7855000000000001,8.4755,-0.5,308.105,0.651,1.2309999999999999,8.4345,-0.9535,307.979,0.107,1.7994999999999999,8.3555,-1.299,307.93,0.107,2.0454999999999997,8.809000000000001,0.33499999999999996,307.955,0.812,2.0345,8.89,0.21350000000000002,308.051,0.415,
0.782,8.397,-1.024,308.228,0.1,1.1585,7.847,-1.0945,308.247,0.357,1.3065,8.338,-0.16149999999999998,308.393,0.57,1.22,8.048,1.162,308.532,1.126,1.0979999999999999,9.243,0.5855,308.41,0.825,1.0550000000000002,9.949,1.1985000000000001,308.504,1.236,1.1475,10.124,0.3175,308.255,1.114,1.3905,8.862,-1.052,308.138,0.115,1.4585,8.324,-0.395,308.141,0.663,0.9995,8.575,0.8065,308.365,0.885,0.7190000000000001,8.608,0.3865,308.368,1.23,1.0805,8.612,-0.29700000000000004,308.169,0.74,1.782,8.547,-0.501,308.045,0.775,2.379,8.398,-0.2175,308.008,1.314,2.3369999999999997,8.738,0.857,308.147,0.962,2.004,9.048,-0.1785,308.096,0.27,
0.7525,8.7895,-0.1325,308.063,0.92,0.198,7.668,0.243,308.098,1.351,-0.1275,7.572,-0.1885,308.023,1.127,0.1345,8.0005,-0.146,308.002,1.101,0.558,8.677499999999998,-0.139,307.923,0.825,0.7595000000000001,9.1685,-0.7,307.861,0.1,1.0739999999999998,9.2385,-1.1549999999999998,307.798,0.101,1.392,8.654499999999999,0.385,307.981,1.177,1.428,7.3294999999999995,1.139,308.115,1.119,1.4785,7.1434999999999995,0.665,308.066,0.512,1.759,7.26,-0.39449999999999996,307.992,0.225,2.1069999999999998,7.281499999999999,-1.049,307.991,0.143,2.2285,8.0415,-1.189,307.923,0.377,1.893,8.769,-1.0035,307.861,0.657,1.4365,8.179,0.46099999999999997,307.964,0.773,1.3365,7.9185,1.338,308.073,1.369,
0.264,8.743500000000001,-0.437,308.0,0.931,0.074,7.875,0.0925,308.07,1.293,0.014499999999999999,7.8225,-0.28,307.96,1.255,0.23600000000000002,8.2445,-0.4295,307.953,1.046,0.6605,8.78,-0.1795,307.919,0.833,1.0155,9.1205,-0.6485000000000001,307.875,0.101,1.407,8.885,-1.195,307.838,0.1,1.6480000000000001,8.32,0.59,308.014,1.017,1.459,7.002,1.0194999999999999,308.152,1.067,1.2174999999999998,7.0954999999999995,-0.28300000000000003,308.055,0.179,1.258,7.5184999999999995,-0.836,308.033,0.119,1.4935,7.654,-1.0474999999999999,308.019,0.102,1.8605,8.1355,-1.1829999999999998,307.932,0.528,2.1109999999999998,8.655000000000001,-1.025,307.827,0.151,1.846,8.127,0.347,307.909,0.794,1.375,7.7475000000000005,1.2275,308.13,1.177,
-0.1115,8.3945,-0.10450000000000001,307.985,1.064,-0.010000000000000002,7.995,-0.15899999999999997,308.042,1.219,0.14500000000000002,7.9555,0.02,308.019,1.36,0.36950000000000005,8.385,-0.39849999999999997,307.923,1.128,0.7709999999999999,8.931999999999999,-0.4635,307.908,0.771,1.2765,9.032499999999999,-0.773,307.946,0.102,1.6515,8.4345,-1.2205,307.922,0.1,1.6775,8.0525,0.7895,308.086,0.777,1.4695,7.165,1.0095,308.197,1.242,1.1215,7.471,-1.0354999999999999,308.06,0.245,0.8145,8.004999999999999,-1.0665,308.062,0.1,0.858,8.1215,-0.9684999999999999,307.995,0.1,1.409,8.265,-0.9914999999999999,307.88,0.878,2.1094999999999997,8.3755,-0.45199999999999996,307.805,0.897,2.101,7.995,0.40449999999999997,307.946,0.735,1.5365,7.7755,0.6395,308.112,0.785,
-0.0945,8.0285,0.477,308.096,1.161,0.057999999999999996,8.0105,-0.2135,308.013,1.315,0.2815,8.0225,0.07300000000000001,308.096,1.354,0.546,8.3525,0.008,308.002,1.344,0.892,8.9795,-0.5485,307.898,0.768,1.33,8.9345,-0.8645,307.985,0.109,1.5865,8.153500000000001,-1.259,308.003,0.1,1.5154999999999998,7.965,0.496,308.137,0.556,1.4475,7.724,1.138,308.283,1.366,1.2890000000000001,8.0595,-0.624,308.077,0.922,0.9755,8.404,-0.995,308.013,0.1,0.9164999999999999,8.495000000000001,-1.0245,307.917,0.1,1.366,8.474,-0.197,307.865,1.05,1.964,8.252,0.351,307.93,1.058,2.044,7.9935,0.0165,308.003,0.6,1.7415,7.819,-0.21450000000000002,308.06,0.36,
0.36050000000000004,7.896,0.397,308.137,0.999,0.40700000000000003,7.971,0.1245,308.061,1.414,0.5675,8.100999999999999,-0.0895,308.084,1.41,0.8285,8.303,0.34550000000000003,308.125,1.549,1.1455,8.904,-0.259,307.947,0.88,1.376,8.8535,-0.7464999999999999,307.956,0.629,1.4180000000000001,8.1655,-1.193,308.022,0.1,1.3005,8.1475,-0.3135,308.149,0.407,1.2785000000000002,8.293,0.9025000000000001,308.328,1.198,1.4065,8.4545,0.591,308.201,1.37,1.4895,8.5335,-0.239,307.997,1.194,1.4689999999999999,8.65,-0.567,307.852,0.919,1.5205,8.4475,0.7955,308.012,1.167,1.6715,8.2355,0.7905,308.107,1.128,1.716,8.112,-0.579,307.995,0.62,1.705,7.8245000000000005,-0.968,307.94,0.1,
1.0459999999999998,7.984,-0.238,308.038,0.66,0.9475,8.031500000000001,0.299,308.124,1.248,0.9904999999999999,8.175,0.155,308.086,1.676,1.149,8.3385,0.5395000000000001,308.18,1.619,1.4175,8.8545,0.16949999999999998,308.062,1.012,1.6324999999999998,8.836500000000001,-0.445,307.948,0.779,1.6320000000000001,8.3445,-1.0075,307.986,0.1,1.5085000000000002,8.402999999999999,-1.0590000000000002,308.117,0.116,1.428,8.468499999999999,0.2645,308.282,0.705,1.4755,8.435,1.1415000000000002,308.339,1.375,1.7000000000000002,8.436,0.5754999999999999,308.138,1.423,1.7675,8.4055,0.4565,308.011,1.374,1.4425,8.087,1.318,308.205,1.236,1.1804999999999999,8.219,0.7865,308.199,1.031,1.258,8.222999999999999,-0.6839999999999999,307.985,0.736,1.467,7.9945,-0.9895,307.856,0.905,
1.5755,8.0815,-0.6675,307.922,0.474,1.393,8.2665,-0.039,308.088,0.653,1.3285,8.097000000000001,0.731,308.184,1.703,1.3425,8.292000000000002,0.8925000000000001,308.233,1.555,1.473,8.8885,0.427,308.176,1.022,1.795,8.878499999999999,-0.11699999999999999,308.019,0.952,2.0395,8.5145,-0.719,307.959,0.649,2.1550000000000002,8.5045,-1.1735,308.034,0.1,2.1494999999999997,8.293,-0.2095,308.197,0.603,1.9425,8.304,0.5529999999999999,308.317,0.983,1.8584999999999998,8.350999999999999,0.523,308.239,1.35,1.7690000000000001,7.805,1.1505,308.241,1.57,1.234,7.593,1.2974999999999999,308.271,1.043,0.8245,8.122499999999999,0.506,308.193,0.636,1.0255,8.340499999999999,-0.505,308.051,0.724,1.387,8.385000000000002,-0.28400000000000003,307.969,1.186,
1.8235000000000001,8.066,-0.785,307.886,0.413,1.682,8.52,-0.5765,307.976,0.245,1.4815,7.756,1.011,308.27,1.247,1.298,8.0005,1.342,308.344,1.488,1.2334999999999998,8.931999999999999,0.39849999999999997,308.238,0.847,1.5365,8.878499999999999,0.0545,308.119,1.052,2.0295,8.594999999999999,-0.38249999999999995,308.008,0.861,2.534,8.515,-0.7125,308.026,0.732,2.783,8.190000000000001,-0.33299999999999996,308.181,0.533,2.5425,8.465,-0.4855,308.198,0.371,2.1765,8.442499999999999,-0.089,308.197,1.023,1.802,7.268000000000001,1.2985,308.32,1.396,1.2385,7.154,1.037,308.242,0.829,0.9644999999999999,7.9145,0.056499999999999995,308.116,0.268,1.1755,8.544,-0.646,308.075,0.314,1.3675000000000002,8.799,0.191,308.149,1.177,
2.0215,8.106,-0.879,307.888,0.399,1.9954999999999998,8.589,-1.0715,307.906,0.102,1.6059999999999999,7.3585,0.9145,308.271,0.867,1.0675,7.6754999999999995,1.5645,308.441,1.235,0.801,8.8935,0.2225,308.244,0.619,1.099,8.742,-0.029500000000000002,308.179,1.141,1.779,8.5815,-0.227,308.125,1.027,2.501,8.549,-0.26,308.164,0.924,2.8395,8.394,-0.397,308.204,0.346,2.7024999999999997,8.8555,-1.2555,308.078,0.1,2.3765,8.587,-0.367,308.099,0.852,1.9324999999999999,7.0525,1.392,308.293,1.086,1.543,6.898,0.7110000000000001,308.191,0.554,1.5514999999999999,7.747,-0.4275,308.036,0.139,1.721,8.818,-0.9874999999999999,308.026,0.1,1.5525,9.0665,-0.087,308.164,0.635,
2.205,8.401499999999999,-0.8260000000000001,307.923,0.383,2.226,8.5465,-1.508,307.96,0.1,1.584,7.3805,0.8275,308.259,0.874,0.6695,7.714,1.464,308.437,0.946,0.34650000000000003,8.768,0.055999999999999994,308.203,0.467,0.8645,8.509,-0.247,308.206,1.19,1.73,8.4985,-0.311,308.225,1.111,2.4065,8.6005,-0.1525,308.254,0.812,2.6825,8.704,-0.5045,308.184,0.187,2.7275,9.119,-1.468,308.003,0.1,2.516,8.61,-0.016,308.048,0.745,2.0235,7.059,1.576,308.255,0.718,1.8295,6.934,0.313,308.158,0.279,2.113,7.8175,-0.7505,308.029,0.126,2.3499999999999996,9.0225,-1.1665,308.011,0.1,2.05,9.1295,-0.5905,308.077,0.408,
2.137,8.8385,-0.54,308.034,0.573,2.1365,8.7175,-1.3425,308.04,0.1,1.2425000000000002,8.027,0.8485,308.3,0.954,0.07200000000000001,8.178,1.0445,308.359,0.594,-0.063,8.658999999999999,-0.251,308.174,0.222,0.818,8.3205,-0.4205,308.244,1.165,1.746,8.3855,-0.33999999999999997,308.264,1.133,2.2800000000000002,8.624500000000001,-0.16399999999999998,308.238,0.642,2.629,8.799,-0.6325000000000001,308.13,0.126,2.911,9.132000000000001,-1.241,307.977,0.1,2.678,8.489,0.641,308.057,0.811,2.0375,7.170999999999999,1.5785,308.241,0.561,1.9055,7.269500000000001,-0.1135,308.138,0.222,2.3245,8.047,-0.8725,308.051,0.146,2.7,9.0475,-1.143,308.009,0.1,2.497,9.029,-0.5505,307.985,0.1,
1.621,9.166,-0.2725,308.167,0.606,1.76,9.067499999999999,-0.1355,308.161,1.137,1.0550000000000002,8.732,0.8105,308.349,0.973,-0.04400000000000001,8.698,0.0915,308.304,0.532,-0.056499999999999995,8.697,-0.8585,308.231,0.103,0.8595,8.338000000000001,-0.6275,308.292,0.975,1.6324999999999998,8.3625,-0.1535,308.266,1.116,2.088,8.5975,-0.1535,308.177,0.446,2.6224999999999996,8.633,-0.912,308.1,0.1,3.0025,9.028500000000001,-0.8260000000000001,307.975,0.1,2.5885,8.299499999999998,1.229,308.12,0.895,1.8445,7.395,1.143,308.229,0.504,1.7810000000000001,7.7205,-0.49350000000000005,308.105,0.154,2.3265,8.1995,-0.9735,308.021,0.11,2.8099999999999996,9.016,-0.864,307.965,0.101,2.5915,8.8615,0.0845,307.947,0.308,
0.9545000000000001,9.197,-0.0905,308.278,0.477,1.268,9.1235,1.0135,308.406,1.271,1.1885,8.828,0.804,308.398,1.042,0.7035,8.9725,-0.8165,308.271,0.739,0.6215,8.936,-1.4235,308.32,0.1,1.0255,8.701,-0.8855,308.306,0.874,1.4465,8.6485,0.0,308.262,1.036,1.883,8.5425,-0.33499999999999996,308.142,0.22,2.5045,8.38,-1.3675000000000002,308.11,0.1,2.7385,8.8515,-0.29,307.998,0.138,2.1045000000000003,8.181000000000001,1.5335,308.21,1.016,1.393,7.7330000000000005,0.3205,308.188,0.379,1.4205,8.057,-0.831,308.037,0.117,2.0060000000000002,8.23,-1.237,307.954,0.101,2.4565,9.0165,-0.402,307.928,0.525,2.2385,8.707,0.589,307.976,0.355,
0.5135000000000001,8.905000000000001,-0.0985,308.302,0.215,0.7545,8.756,0.8045,308.494,0.924,1.076,8.5345,0.7675000000000001,308.466,1.117,1.3085,8.921,-0.27649999999999997,308.282,0.98,1.2254999999999998,9.2205,-1.315,308.328,0.1,1.16,9.313,-0.6950000000000001,308.279,0.965,1.3165,9.295,-0.1085,308.246,0.902,1.7125,8.503499999999999,-0.878,308.159,0.109,2.2,8.1265,-1.7135,308.133,0.101,2.1235,8.597,0.4105,308.08,0.91,1.395,8.273,1.4365,308.291,1.161,0.8694999999999999,8.112,-0.397,308.124,0.432,0.956,8.224499999999999,-1.0925,307.989,0.1,1.402,8.2255,-1.596,307.94,0.237,1.777,8.923,-0.0345,307.917,0.599,1.85,8.68,0.539,308.006,0.369,
0.37150000000000005,8.631,-0.569,308.297,0.102,0.607,8.244499999999999,-0.3745,308.369,0.448,0.956,8.404499999999999,0.372,308.475,0.858,1.3235,8.453,1.0525,308.459,1.193,1.263,9.224499999999999,-0.34850000000000003,308.335,0.51,1.216,9.7705,0.2595,308.325,1.141,1.324,9.8995,-0.163,308.213,0.884,1.5030000000000001,8.597999999999999,-1.4845000000000002,308.182,0.1,1.692,8.0565,-1.4335,308.13,0.103,1.4135,8.4765,1.0015,308.23,0.905,0.923,8.506,0.9755,308.34,1.261,0.8140000000000001,8.418,-0.5569999999999999,308.098,0.579,1.0775000000000001,8.34,-1.0205,307.989,0.1,1.4575,8.228,-1.396,307.952,0.115,1.7269999999999999,8.760000000000002,0.3575,307.952,0.737,1.897,8.868,0.21050000000000002,308.036,0.34,
0.755,8.569,-1.0645,308.245,0.1,1.09,7.991,-1.173,308.259,0.15,1.294,8.423,-0.1895,308.38,0.487,1.2855,8.101,1.2805,308.513,1.057,1.159,9.112,0.6779999999999999,308.403,0.756,1.1505,9.898,1.288,308.482,1.166,1.216,10.109,0.3285,308.245,1.031,1.251,8.703,-1.12,308.156,0.1,1.19,8.115,-0.479,308.154,0.574,0.8745,8.494,0.8654999999999999,308.349,0.834,0.781,8.628,0.385,308.345,1.195,1.1545,8.537,-0.34850000000000003,308.152,0.676,1.7425000000000002,8.405,-0.5625,308.041,0.708,2.208,8.232,-0.267,308.014,1.286,2.1734999999999998,8.688,0.933,308.128,0.858,1.952,9.018,-0.16,308.084,0.206,
0.8435,8.8265,-0.0875,308.049,0.897,0.3265,7.775499999999999,0.23299999999999998,308.076,1.33,0.034999999999999996,7.6315,-0.172,308.006,1.103,0.324,7.99,-0.2085,307.98,1.064,0.71,8.597,-0.199,307.922,0.746,0.7885,9.091999999999999,-0.702,307.874,0.1,0.9910000000000001,9.142,-1.1795,307.804,0.1,1.3185,8.623000000000001,0.375,307.968,1.133,1.44,7.377000000000001,1.218,308.094,1.087,1.5675,7.217499999999999,0.7144999999999999,308.054,0.405,1.869,7.349,-0.431,307.989,0.178,2.1185,7.362,-1.0995,308.003,0.121,2.0585,8.1285,-1.248,307.929,0.353,1.6555,8.841000000000001,-1.012,307.867,0.614,1.339,8.265,0.502,307.956,0.706,1.399,7.927,1.4125,308.054,1.325,
0.403,8.777999999999999,-0.37649999999999995,307.992,0.899,0.21300000000000002,7.9655,0.057999999999999996,308.047,1.273,0.161,7.8605,-0.2935,307.94,1.227,0.382,8.246,-0.47250000000000003,307.933,1.01,0.7675000000000001,8.7615,-0.2485,307.912,0.766,1.005,9.055499999999999,-0.6685000000000001,307.896,0.101,1.2875,8.7705,-1.214,307.852,0.1,1.5699999999999998,8.252500000000001,0.6114999999999999,308.006,0.973,1.5225,7.0445,1.0495,308.132,1.024,1.3535,7.188,-0.2615,308.048,0.149,1.3250000000000002,7.587999999999999,-0.8755,308.039,0.109,1.425,7.6655,-1.1015,308.035,0.101,1.662,8.1445,-1.24,307.935,0.538,1.8365,8.597000000000001,-1.063,307.841,0.356,1.6535,8.135,0.3765,307.903,0.727,1.3679999999999999,7.7875,1.3315000000000001,308.113,1.142,
0.012,8.413499999999999,-0.0505,307.975,1.023,0.114,8.0535,-0.189,308.019,1.194,0.2895,7.973,-0.0045000000000000005,307.994,1.334,0.4885,8.36,-0.4195,307.906,1.088,0.82,8.908000000000001,-0.5235000000000001,307.899,0.718,1.1789999999999998,8.966000000000001,-0.8005,307.968,0.101,1.4344999999999999,8.342500000000001,-1.2485,307.941,0.1,1.5550000000000002,7.986000000000001,0.8514999999999999,308.084,0.726,1.514,7.1935,0.963,308.177,1.202,1.183,7.5275,-1.0594999999999999,308.06,0.183,0.7715000000000001,8.006499999999999,-1.083,308.07,0.1,0.7055,8.0515,-1.005,308.002,0.1,1.1844999999999999,8.1445,-1.0655000000000001,307.887,0.836,1.865,8.1835,-0.5289999999999999,307.816,0.831,1.9335,7.9425,0.4155,307.933,0.661,1.506,7.836,0.7115,308.1,0.737,
-0.004499999999999999,8.066500000000001,0.5235000000000001,308.08,1.116,0.1555,8.0415,-0.22999999999999998,307.992,1.285,0.4225,8.032,0.0555,308.071,1.335,0.685,8.309000000000001,-0.0085,307.981,1.305,0.9585,8.8935,-0.585,307.887,0.721,1.2160000000000002,8.833,-0.883,307.993,0.104,1.2934999999999999,8.0945,-1.2875,308.019,0.1,1.3215,7.9635,0.5345,308.144,0.494,1.464,7.772500000000001,1.0675,308.265,1.336,1.304,8.0565,-0.6799999999999999,308.078,0.845,0.875,8.311,-1.012,308.015,0.1,0.7205,8.347999999999999,-1.0445,307.922,0.1,1.1285,8.2865,-0.237,307.871,0.995,1.7775,8.0745,0.29200000000000004,307.914,0.995,1.949,7.9315,0.009,307.989,0.528,1.7185000000000001,7.858,-0.1835,308.047,0.343,
0.42900000000000005,7.9750000000000005,0.433,308.122,0.957,0.486,7.9965,0.1195,308.04,1.382,0.6904999999999999,8.099,-0.099,308.06,1.39,0.9934999999999999,8.266,0.3245,308.098,1.52,1.2865,8.7745,-0.2845,307.933,0.834,1.373,8.706,-0.7675000000000001,307.948,0.579,1.2175,8.099499999999999,-1.2135,308.029,0.1,1.123,8.21,-0.32,308.159,0.349,1.2894999999999999,8.3925,0.87,308.314,1.154,1.453,8.439,0.573,308.189,1.33,1.4375,8.3915,-0.259,307.991,1.171,1.3175,8.4655,-0.582,307.859,0.513,1.3575,8.309999999999999,0.85,308.002,1.106,1.5835,8.1705,0.7885,308.084,1.078,1.669,8.045,-0.6,307.985,0.567,1.6625,7.774,-0.979,307.929,0.106,
1.0815000000000001,8.0655,-0.23349999999999999,308.029,0.6,1.0074999999999998,8.061499999999999,0.305,308.106,1.211,1.087,8.1705,0.1485,308.064,1.654,1.314,8.3155,0.53,308.152,1.598,1.6265,8.7375,0.154,308.041,0.962,1.7685,8.678,-0.49050000000000005,307.931,0.719,1.591,8.2415,-1.0354999999999999,307.988,0.1,1.3685,8.4595,-1.0755,308.128,0.108,1.3615,8.593499999999999,0.2685,308.275,0.634,1.506,8.472000000000001,1.191,308.32,1.347,1.7149999999999999,8.353000000000002,0.5834999999999999,308.121,1.395,1.7055,8.2865,0.472,307.999,1.323,1.391,8.0445,1.4435,308.187,1.175,1.19,8.231,0.8325,308.179,0.96,1.24,8.1475,-0.7255,307.974,0.674,1.383,7.861000000000001,-1.0505,307.845,0.509,
1.585,8.1395,-0.696,307.914,0.418,1.4180000000000001,8.3,-0.031,308.079,0.565,1.392,8.132,0.7525,308.161,1.684,1.4855,8.295,0.9225000000000001,308.206,1.524,1.7015,8.8225,0.436,308.151,0.971,2.0045,8.7685,-0.1755,307.992,0.889,2.1029999999999998,8.3945,-0.7625,307.958,0.586,2.0505,8.5035,-1.2075,308.057,0.1,2.0020000000000002,8.3805,-0.2145,308.194,0.525,1.876,8.397,0.603,308.299,0.956,1.845,8.378499999999999,0.55,308.218,1.328,1.7515,7.810499999999999,1.209,308.22,1.534,1.2510000000000001,7.624499999999999,1.4365,308.252,0.958,0.882,8.155999999999999,0.5700000000000001,308.179,0.57,1.042,8.2835,-0.573,308.033,0.658,1.317,8.257,-0.348,307.95,1.143,
1.794,8.1195,-0.825,307.876,0.357,1.6245,8.567,-0.577,307.976,0.196,1.494,7.846,1.0819999999999999,308.251,1.223,1.4175,8.041,1.423,308.32,1.459,1.4355,8.9185,0.4355,308.215,0.797,1.751,8.845500000000001,0.009000000000000001,308.085,0.989,2.163,8.501999999999999,-0.4375,307.994,0.793,2.509,8.474,-0.784,308.035,0.418,2.6305,8.224499999999999,-0.3745,308.173,0.452,2.37,8.567499999999999,-0.4825,308.183,0.337,2.063,8.515,-0.07550000000000001,308.18,0.982,1.7775,7.338,1.3704999999999998,308.297,1.364,1.2775,7.2165,1.145,308.228,0.738,1.0135,7.9535,0.0975,308.109,0.223,1.1925,8.536000000000001,-0.726,308.058,0.272,1.337,8.748000000000001,0.173,308.128,1.131,
1.9715,8.1385,-0.9335,307.879,0.335,1.859,8.65,-1.0795,307.922,0.101,1.5545,7.455500000000001,1.0065,308.267,0.823,1.158,7.736,1.675,308.422,1.197,0.948,8.911000000000001,0.277,308.227,0.558,1.253,8.7635,-0.07050000000000001,308.149,1.075,1.9144999999999999,8.5495,-0.2975,308.102,0.965,2.536,8.5315,-0.346,308.153,0.836,2.7215,8.4185,-0.45199999999999996,308.198,0.284,2.4775,8.911,-1.282,308.065,0.1,2.1795,8.611,-0.368,308.092,0.828,1.8860000000000001,7.1055,1.4705,308.274,1.06,1.6155,6.963,0.762,308.184,0.474,1.6155,7.808,-0.4465,308.037,0.123,1.7025000000000001,8.8585,-1.0575,308.025,0.1,1.4929999999999999,9.081,-0.0765,308.155,0.616,
2.152,8.3635,-0.8975,307.927,0.315,2.075,8.577,-1.5405,307.992,0.1,1.5105,7.4325,0.888,308.265,0.824,0.7250000000000001,7.774,1.5795,308.426,0.892,0.4425,8.799,0.0925,308.19,0.407,0.97,8.5565,-0.32099999999999995,308.184,1.13,1.834,8.526,-0.39149999999999996,308.209,1.058,2.441,8.633,-0.2175,308.244,0.728,2.5825,8.7395,-0.5445,308.179,0.165,2.4975,9.0915,-1.5070000000000001,307.998,0.1,2.3035,8.561,-0.0075,308.049,0.727,1.9940000000000002,7.0760000000000005,1.6749999999999998,308.242,0.692,1.9285,7.0024999999999995,0.3025,308.153,0.235,2.1685,7.914499999999999,-0.825,308.035,0.113,2.282,9.073,-1.2145000000000001,308.015,0.1,1.9305,9.135000000000002,-0.5845,308.081,0.392,
2.1075,8.7265,-0.5854999999999999,308.046,0.517,2.0475,8.6625,-1.4380000000000002,308.078,0.1,1.207,8.0365,0.8585,308.299,0.891,0.12900000000000003,8.243500000000001,1.159,308.352,0.537,0.0305,8.693000000000001,-0.257,308.169,0.183,0.915,8.389,-0.5295,308.231,1.102,1.819,8.4345,-0.41000000000000003,308.256,1.079,2.2904999999999998,8.672,-0.1975,308.232,0.557,2.5365,8.822,-0.662,308.126,0.113,2.7075,9.025500000000001,-1.2959999999999998,307.985,0.1,2.5045,8.406,0.6895,308.06,0.776,2.0415,7.1795,1.6865,308.233,0.518,1.9845000000000002,7.3465,-0.165,308.139,0.188,2.322,8.154499999999999,-0.958,308.053,0.124,2.5875,9.0415,-1.186,308.009,0.1,2.3434999999999997,8.956,-0.5425,307.991,0.101,
1.6669999999999998,9.026,-0.2855,308.177,0.557,1.774,8.957,-0.2345,308.176,1.061,1.1495,8.745999999999999,0.804,308.34,0.91,0.16200000000000003,8.7685,0.182,308.306,0.49,0.13,8.7155,-0.893,308.247,0.101,0.9595,8.410499999999999,-0.7275,308.287,0.91,1.6804999999999999,8.395,-0.213,308.258,1.055,2.0915,8.6205,-0.172,308.173,0.373,2.534,8.619,-0.9530000000000001,308.105,0.1,2.8265000000000002,8.879999999999999,-0.8795,307.996,0.1,2.4749999999999996,8.225999999999999,1.3285,308.118,0.849,1.8925,7.4215,1.222,308.225,0.429,1.8504999999999998,7.798,-0.5485,308.11,0.133,2.2824999999999998,8.2645,-1.049,308.018,0.113,2.656,8.915,-0.923,307.96,0.177,2.4080000000000004,8.7125,0.1155,307.952,0.299,
1.0125,9.1065,-0.1115,308.277,0.421,1.355,9.0665,1.013,308.391,1.211,1.3875,8.872,0.801,308.384,0.98,0.9715,9.003,-0.803,308.276,0.69,0.8300000000000001,8.903500000000001,-1.4555,308.336,0.1,1.126,8.734,-0.9590000000000001,308.31,0.807,1.498,8.651499999999999,-0.074,308.251,0.973,1.8755,8.5225,-0.3545,308.142,0.177,2.3674999999999997,8.332,-1.4205,308.122,0.1,2.544,8.708,-0.2995,308.019,0.131,2.0335,8.133,1.6495000000000002,308.202,0.968,1.4674999999999998,7.7675,0.34950000000000003,308.184,0.311,1.459,8.113,-0.8645,308.04,0.108,1.8809999999999998,8.24,-1.302,307.951,0.1,2.2245,8.880500000000001,-0.4515,307.928,0.48,2.0300000000000002,8.5485,0.6125,307.977,0.306,
0.5285,8.924,-0.129,308.299,0.182,0.852,8.8215,0.86,308.475,0.842,1.299,8.596499999999999,0.76,308.447,1.059,1.5474999999999999,8.8965,-0.3175,308.285,0.925,1.399,9.1175,-1.3014999999999999,308.338,0.1,1.244,9.288499999999999,-0.762,308.283,0.896,1.3455,9.267,-0.1955,308.233,0.846,1.6400000000000001,8.433,-0.8895,308.17,0.104,1.9594999999999998,8.063500000000001,-1.7625000000000002,308.144,0.159,1.8889999999999998,8.482,0.45699999999999996,308.094,0.871,1.353,8.2475,1.51,308.278,1.122,0.909,8.113,-0.4125,308.128,0.266,0.8560000000000001,8.2255,-1.12,307.993,0.1,1.082,8.2025,-1.6545,307.942,0.263,1.4115,8.8305,-0.0455,307.927,0.531,1.6324999999999998,8.561,0.517,308.002,0.305,
0.3795,8.7265,-0.597,308.294,0.101,0.651,8.3705,-0.3575,308.361,0.37,1.0915,8.468499999999999,0.359,308.46,0.794,1.496,8.448,1.072,308.446,1.128,1.3895,9.09,-0.2835,308.341,0.486,1.267,9.7085,0.22949999999999998,308.317,1.066,1.3185,9.838000000000001,-0.221,308.207,0.828,1.37,8.470500000000001,-1.4945,308.201,0.1,1.3995,7.973,-1.5005,308.144,0.221,1.202,8.392,1.0635,308.233,0.85,0.9205,8.500499999999999,0.987,308.324,1.224,0.8145,8.3655,-0.6025,308.102,0.514,0.896,8.2625,-1.0705,308.004,0.1,1.0575,8.158000000000001,-1.464,307.965,0.318,1.3170000000000002,8.708,0.38,307.961,0.658,1.6985000000000001,8.7845,0.1805,308.024,0.278,
0.7444999999999999,8.68,-1.097,308.257,0.1,1.054,8.112,-1.2215,308.277,0.124,1.296,8.484,-0.21700000000000003,308.372,0.41,1.3435000000000001,8.133,1.383,308.498,0.952,1.22,8.98,0.77,308.398,0.694,1.22,9.824,1.359,308.466,1.086,1.242,10.03,0.338,308.244,0.954,1.1075,8.545,-1.1625,308.175,0.1,0.9435,8.014,-0.56,308.167,0.497,0.765,8.425,0.899,308.339,0.775,0.8320000000000001,8.633,0.366,308.328,1.15,1.1865,8.46,-0.399,308.144,0.605,1.6520000000000001,8.286,-0.621,308.048,0.408,1.987,8.128,-0.311,308.024,1.248,1.9649999999999999,8.645,1.0025,308.119,0.749,1.875,8.946,-0.153,308.077,0.173,
0.9339999999999999,8.862,-0.0475,308.034,0.874,0.45599999999999996,7.8825,0.2225,308.055,1.308,0.199,7.6915,-0.1575,307.989,1.079,0.5125,7.9795,-0.27549999999999997,307.959,1.026,0.86,8.515,-0.264,307.922,0.667,0.8180000000000001,9.014,-0.6925,307.888,0.1,0.9099999999999999,9.0455,-1.1840000000000002,307.809,0.1,1.2454999999999998,8.590499999999999,0.3625,307.956,1.09,1.4515,7.423500000000001,1.2825,308.073,1.054,1.6560000000000001,7.291,0.751,308.042,0.3,1.9769999999999999,7.436,-0.4655,307.986,0.132,2.1275,7.4405,-1.1320000000000001,308.015,0.101,1.888,8.213999999999999,-1.2879999999999998,307.936,0.326,1.42,8.9115,-1.002,307.872,0.571,1.2429999999999999,8.35,0.5335000000000001,307.947,0.64,1.4605000000000001,7.933999999999999,1.4615,308.035,1.281,
0.5429999999999999,8.811,-0.307,307.985,0.866,0.354,8.0555,0.0235,308.023,1.252,0.309,7.899,-0.3065,307.92,1.199,0.528,8.245000000000001,-0.5115000000000001,307.913,0.973,0.872,8.74,-0.3175,307.906,0.698,0.9924999999999999,8.9885,-0.678,307.917,0.1,1.1685,8.657499999999999,-1.2115,307.867,0.1,1.4925000000000002,8.185,0.6234999999999999,307.998,0.93,1.585,7.087,1.0630000000000002,308.113,0.98,1.487,7.2805,-0.242,308.041,0.12,1.3900000000000001,7.656000000000001,-0.9,308.046,0.1,1.355,7.676,-1.1335,308.052,0.1,1.4635,8.152999999999999,-1.2795,307.937,0.547,1.5635,8.539,-1.0745,307.855,0.551,1.462,8.143,0.40549999999999997,307.899,0.66,1.3615,7.8260000000000005,1.413,308.096,1.107,
0.1365,8.431999999999999,0.013000000000000001,307.966,0.983,0.2395,8.112,-0.2175,307.997,1.169,0.435,7.99,-0.0335,307.97,1.307,0.608,8.3335,-0.4345,307.889,1.047,0.8674999999999999,8.880500000000001,-0.5725,307.891,0.664,1.08,8.8975,-0.8145,307.991,0.1,1.2185,8.251999999999999,-1.2505000000000002,307.961,0.1,1.4329999999999998,7.92,0.8925000000000001,308.081,0.675,1.5565,7.2225,0.8899999999999999,308.158,1.162,1.242,7.585,-1.0695000000000001,308.059,0.123,0.7275,8.007000000000001,-1.08,308.078,0.1,0.5535,7.9805,-1.024,308.009,0.1,0.9610000000000001,8.024999999999999,-1.123,307.893,0.793,1.619,7.991499999999999,-0.5974999999999999,307.827,0.765,1.764,7.891,0.4195,307.92,0.586,1.476,7.895,0.7705,308.089,0.689,
0.0865,8.1045,0.567,308.065,1.07,0.253,8.072500000000002,-0.243,307.971,1.253,0.5635,8.041,0.031,308.046,1.315,0.8245,8.2655,-0.0275,307.961,1.266,1.0250000000000001,8.805,-0.6105,307.876,0.675,1.104,8.7295,-0.886,308.0,0.1,1.006,8.036,-1.285,308.034,0.1,1.1315,7.962,0.555,308.151,0.433,1.4775,7.821,0.9584999999999999,308.247,1.305,1.315,8.0535,-0.7204999999999999,308.079,0.757,0.774,8.2185,-1.0114999999999998,308.017,0.1,0.5255000000000001,8.2,-1.046,307.927,0.1,0.8925000000000001,8.1,-0.273,307.876,0.939,1.5915,7.8965,0.21350000000000002,307.899,0.932,1.8545,7.869,-0.004,307.975,0.456,1.6960000000000002,7.8955,-0.15150000000000002,308.035,0.326,
0.498,8.054,0.46299999999999997,308.107,0.915,0.5655,8.0215,0.1135,308.018,1.349,0.813,8.097000000000001,-0.11099999999999999,308.038,1.369,1.1575,8.2285,0.29500000000000004,308.072,1.49,1.427,8.6445,-0.31,307.918,0.788,1.3725,8.557500000000001,-0.778,307.941,0.529,1.0245000000000002,8.033999999999999,-1.2045,308.036,0.1,0.9520000000000001,8.271,-0.3235,308.17,0.292,1.3005,8.489999999999998,0.8069999999999999,308.301,1.109,1.4975,8.4225,0.5515,308.177,1.29,1.385,8.25,-0.27549999999999997,307.985,1.149,1.167,8.2805,-0.583,307.866,0.126,1.1960000000000002,8.172,0.896,307.992,1.045,1.495,8.1045,0.763,308.062,1.027,1.621,7.9765,-0.615,307.975,0.514,1.6195,7.7235,-0.9775,307.918,0.116,
1.117,8.1465,-0.224,308.02,0.541,1.068,8.0905,0.3055,308.089,1.174,1.1840000000000002,8.165,0.14,308.043,1.632,1.478,8.2915,0.51,308.124,1.576,1.8335,8.621,0.126,308.019,0.912,1.9035000000000002,8.52,-0.534,307.914,0.658,1.553,8.1395,-1.0415,307.991,0.1,1.234,8.5155,-1.071,308.139,0.1,1.297,8.716,0.267,308.268,0.564,1.5354999999999999,8.5075,1.221,308.3,1.318,1.73,8.27,0.5785,308.103,1.366,1.6444999999999999,8.1675,0.487,307.988,1.272,1.3399999999999999,8.0015,1.5575,308.169,1.115,1.1985000000000001,8.242,0.8634999999999999,308.161,0.888,1.2205,8.0705,-0.7595000000000001,307.963,0.613,1.2985,7.7285,-1.0995,307.835,0.128,
1.595,8.197,-0.7115,307.905,0.363,1.4435,8.333,-0.0245,308.071,0.478,1.456,8.165,0.764,308.138,1.665,1.6275,8.2975,0.9390000000000001,308.18,1.493,1.927,8.756499999999999,0.429,308.126,0.92,2.21,8.659,-0.24,307.965,0.826,2.1645000000000003,8.275500000000001,-0.796,307.958,0.516,1.9475000000000002,8.503499999999999,-1.216,308.08,0.1,1.8570000000000002,8.468499999999999,-0.20650000000000002,308.192,0.448,1.8105,8.489,0.64,308.28,0.929,1.8315,8.405,0.563,308.198,1.305,1.7334999999999998,7.8155,1.254,308.198,1.498,1.2675,7.6555,1.5665,308.234,0.871,0.9385,8.188500000000001,0.6285000000000001,308.165,0.503,1.057,8.2255,-0.639,308.015,0.591,1.246,8.1295,-0.41100000000000003,307.931,1.099,
1.766,8.1735,-0.849,307.865,0.301,1.5685,8.6135,-0.57,307.977,0.149,1.5070000000000001,7.9345,1.139,308.232,1.2,1.5365,8.0805,1.486,308.296,1.429,1.6360000000000001,8.904,0.46399999999999997,308.194,0.747,1.963,8.8115,-0.044,308.051,0.925,2.293,8.409500000000001,-0.49550000000000005,307.982,0.713,2.48,8.4345,-0.838,308.046,0.12,2.4749999999999996,8.263,-0.399,308.165,0.373,2.197,8.67,-0.476,308.169,0.304,1.9505,8.584499999999998,-0.063,308.164,0.942,1.7530000000000001,7.407,1.4245,308.274,1.331,1.3165,7.2780000000000005,1.244,308.214,0.646,1.063,7.9925,0.137,308.103,0.178,1.2085,8.528,-0.802,308.042,0.232,1.3050000000000002,8.6965,0.15050000000000002,308.107,1.086,
1.9215,8.1715,-0.9664999999999999,307.87,0.27,1.723,8.7105,-1.0735000000000001,307.938,0.1,1.5030000000000001,7.5525,1.088,308.264,0.778,1.2475,7.795,1.7665,308.402,1.159,1.0945,8.9275,0.32999999999999996,308.211,0.498,1.4075000000000002,8.7835,-0.11699999999999999,308.119,1.008,2.049,8.517,-0.377,308.08,0.902,2.5655,8.514,-0.42500000000000004,308.143,0.747,2.5975,8.4475,-0.4925,308.191,0.223,2.252,8.966000000000001,-1.2925,308.053,0.102,1.9845,8.632,-0.36,308.085,0.804,1.8395,7.157500000000001,1.527,308.255,1.032,1.688,7.027,0.8009999999999999,308.177,0.395,1.6800000000000002,7.8695,-0.4655,308.037,0.109,1.6840000000000002,8.8985,-1.1165,308.023,0.1,1.4340000000000002,9.094,-0.062,308.147,0.598,
2.0970000000000004,8.3245,-0.952,307.933,0.247,1.924,8.608,-1.5505,308.024,0.1,1.4385,7.4855,0.94,308.27,0.774,0.7815000000000001,7.8335,1.6795,308.414,0.836,0.5405,8.8285,0.1285,308.177,0.347,1.0785,8.6025,-0.398,308.162,1.07,1.9385,8.552,-0.47650000000000003,308.193,1.003,2.4715,8.664000000000001,-0.277,308.234,0.644,2.4785,8.777000000000001,-0.573,308.173,0.144,2.2675,9.0625,-1.525,307.992,0.102,2.0919999999999996,8.5105,0.01,308.051,0.709,1.964,7.0920000000000005,1.7469999999999999,308.229,0.666,2.026,7.07,0.2825,308.148,0.191,2.2225,8.0115,-0.8935,308.041,0.1,2.214,9.122,-1.249,308.02,0.1,1.812,9.139,-0.563,308.084,0.377,
2.077,8.612,-0.628,308.059,0.456,1.9585,8.6085,-1.5065,308.117,0.1,1.1735,8.0465,0.854,308.299,0.829,0.19199999999999998,8.308,1.259,308.344,0.48,0.1315,8.725,-0.2625,308.164,0.144,1.0155,8.4555,-0.633,308.218,1.039,1.8915,8.4815,-0.478,308.248,1.024,2.298,8.718,-0.22449999999999998,308.226,0.472,2.441,8.844000000000001,-0.68,308.122,0.101,2.503,8.9175,-1.3319999999999999,307.993,0.1,2.3305,8.3215,0.739,308.064,0.741,2.0435,7.1865000000000006,1.7635,308.225,0.474,2.06,7.4235,-0.2185,308.141,0.155,2.3165,8.2615,-1.029,308.054,0.105,2.474,9.033,-1.211,308.008,0.102,2.191,8.881499999999999,-0.5165,307.997,0.104,
1.7115,8.8845,-0.297,308.188,0.507,1.7865,8.847000000000001,-0.3265,308.19,0.969,1.2445,8.7585,0.78,308.332,0.846,0.372,8.837499999999999,0.261,308.307,0.447,0.3215,8.732,-0.919,308.263,0.1,1.0614999999999999,8.48,-0.8125,308.282,0.843,1.7269999999999999,8.4255,-0.26849999999999996,308.251,0.993,2.092,8.642,-0.185,308.17,0.3,2.4425,8.6035,-0.9775,308.11,0.1,2.6479999999999997,8.731,-0.9205000000000001,308.017,0.1,2.3594999999999997,8.150500000000001,1.416,308.116,0.803,1.939,7.447,1.273,308.221,0.355,1.9175,7.8755,-0.5974999999999999,308.114,0.112,2.234,8.3285,-1.101,308.014,0.117,2.4985,8.809999999999999,-0.963,307.956,0.25,2.2235,8.5615,0.1515,307.956,0.289,
1.07,9.0155,-0.1245,308.275,0.366,1.439,9.009,0.9915,308.376,1.15,1.5825,8.913499999999999,0.783,308.37,0.919,1.2374999999999998,9.033,-0.785,308.281,0.64,1.0379999999999998,8.87,-1.4740000000000002,308.351,0.1,1.2265,8.7635,-1.0125,308.315,0.74,1.5485,8.652999999999999,-0.1455,308.241,0.91,1.865,8.5015,-0.366,308.143,0.135,2.226,8.283000000000001,-1.45,308.134,0.1,2.3455,8.564499999999999,-0.3045,308.041,0.138,1.96,8.0835,1.738,308.193,0.919,1.5405,7.8015,0.3675,308.18,0.244,1.496,8.1685,-0.8855,308.043,0.1,1.754,8.249500000000001,-1.3395000000000001,307.949,0.1,1.9905,8.7405,-0.4935,307.928,0.436,1.8205,8.387,0.6185,307.978,0.258,
0.544,8.941500000000001,-0.1545,308.296,0.149,0.948,8.886,0.894,308.457,0.758,1.5175,8.657499999999999,0.7375,308.428,1.0,1.7814999999999999,8.873000000000001,-0.354,308.288,0.868,1.5699999999999998,9.014,-1.2770000000000001,308.348,0.1,1.3275,9.262,-0.8109999999999999,308.288,0.827,1.3725,9.237,-0.2815,308.221,0.788,1.565,8.362,-0.888,308.182,0.1,1.7174999999999998,8.0,-1.783,308.156,0.213,1.654,8.3675,0.498,308.108,0.832,1.3105,8.221,1.5445,308.266,1.084,0.9480000000000001,8.1135,-0.4175,308.132,0.108,0.757,8.2275,-1.13,307.998,0.1,0.7649999999999999,8.18,-1.681,307.944,0.288,1.049,8.736,-0.058499999999999996,307.937,0.464,1.416,8.437999999999999,0.45999999999999996,307.999,0.243,
0.388,8.8185,-0.624,308.292,0.1,0.6955,8.495000000000001,-0.3365,308.353,0.293,1.226,8.5315,0.33599999999999997,308.444,0.73,1.6665,8.4435,1.0785,308.433,1.062,1.5154999999999998,8.955,-0.2135,308.347,0.453,1.319,9.6455,0.20500000000000002,308.309,0.991,1.3135,9.7735,-0.27649999999999997,308.201,0.773,1.2365,8.343,-1.483,308.221,0.1,1.107,7.8915,-1.541,308.157,0.332,0.9914999999999999,8.308499999999999,1.1055000000000001,308.237,0.795,0.9175,8.493500000000001,0.9664999999999999,308.308,1.186,0.8135,8.312999999999999,-0.631,308.107,0.444,0.714,8.1875,-1.1055000000000001,308.02,0.1,0.66,8.089,-1.5015,307.978,0.513,0.9115,8.655999999999999,0.402,307.97,0.579,1.5025,8.698,0.118,308.012,0.218,
0.734,8.786,-1.123,308.269,0.1,1.0175,8.231,-1.2440000000000002,308.295,0.101,1.297,8.543,-0.2405,308.365,0.334,1.4005,8.164,1.4705,308.484,0.847,1.2805,8.848,0.859,308.394,0.631,1.2879999999999998,9.749,1.416,308.451,1.006,1.267,9.948,0.347,308.243,0.877,0.966,8.387,-1.183,308.195,0.1,0.7010000000000001,7.917,-0.6325000000000001,308.179,0.42,0.6575,8.357,0.906,308.328,0.717,0.881,8.636,0.33199999999999996,308.312,1.104,1.2145000000000001,8.383,-0.445,308.137,0.534,1.5585,8.17,-0.6755,308.056,0.119,1.7639999999999998,8.025,-0.3435,308.034,1.21,1.755,8.603,1.0665,308.111,0.641,1.7965,8.872,-0.16199999999999998,308.07,0.142,
1.0185,8.870000000000001,-0.012,308.023,0.852,0.598,7.9830000000000005,0.211,308.038,1.274,0.381,7.761,-0.14500000000000002,307.974,1.048,0.6799999999999999,7.9815,-0.346,307.94,0.973,0.9704999999999999,8.4125,-0.3335,307.925,0.595,0.8434999999999999,8.922,-0.6715,307.903,0.1,0.8474999999999999,8.955,-1.1695,307.816,0.1,1.182,8.5355,0.34750000000000003,307.947,1.046,1.4655,7.4485,1.3330000000000002,308.057,1.016,1.7345,7.359,0.775,308.029,0.242,2.046,7.4895,-0.4985,307.984,0.118,2.09,7.496,-1.148,308.03,0.1,1.7185,8.2675,-1.31,307.947,0.218,1.238,8.9495,-0.9744999999999999,307.876,0.527,1.1869999999999998,8.409500000000001,0.5569999999999999,307.942,0.576,1.5074999999999998,7.9185,1.486,308.021,1.226,
0.6905,8.82,-0.229,307.98,0.835,0.5165,8.1435,-0.0115,308.003,1.218,0.4845,7.9465,-0.319,307.902,1.163,0.6695,8.2285,-0.5469999999999999,307.896,0.927,0.9345,8.655000000000001,-0.386,307.907,0.624,0.958,8.897,-0.678,307.939,0.1,1.0595,8.567,-1.1885,307.878,0.1,1.416,8.104000000000001,0.627,307.992,0.888,1.625,7.1240000000000006,1.0615,308.098,0.928,1.5875,7.3774999999999995,-0.224,308.034,0.112,1.425,7.7005,-0.9105000000000001,308.055,0.1,1.267,7.671,-1.1440000000000001,308.07,0.1,1.27,8.156,-1.303,307.942,0.533,1.3165,8.4845,-1.061,307.864,0.542,1.294,8.1485,0.4345,307.9,0.595,1.355,7.851,1.4735,308.083,1.066,
0.28200000000000003,8.440999999999999,0.08499999999999999,307.962,0.943,0.3865,8.17,-0.2445,307.977,1.134,0.6015,8.0125,-0.0665,307.948,1.269,0.7385,8.288499999999999,-0.444,307.875,0.996,0.8935,8.781,-0.6114999999999999,307.885,0.604,0.9664999999999999,8.7945,-0.8154999999999999,308.011,0.1,1.0354999999999999,8.184999999999999,-1.2280000000000002,307.976,0.1,1.341,7.859500000000001,0.913,308.081,0.627,1.571,7.2625,0.7925,308.144,1.105,1.254,7.65,-1.0670000000000002,308.061,0.112,0.6605000000000001,7.9925,-1.0585,308.089,0.1,0.40900000000000003,7.8919999999999995,-1.0265,308.018,0.1,0.753,7.9335,-1.165,307.899,0.739,1.3515000000000001,7.8155,-0.6585,307.843,0.698,1.564,7.849,0.416,307.914,0.517,1.4420000000000002,7.9350000000000005,0.8180000000000001,308.08,0.657,
0.203,8.138,0.6074999999999999,308.054,1.016,0.37,8.103,-0.253,307.954,1.213,0.7070000000000001,8.049,-0.0005000000000000004,308.025,1.28,0.9610000000000001,8.214500000000001,-0.048,307.947,1.214,1.0885,8.673,-0.626,307.867,0.629,1.021,8.594000000000001,-0.8745,308.004,0.1,0.8305,7.987,-1.2534999999999998,308.047,0.1,1.038,7.9665,0.559,308.157,0.385,1.457,7.867000000000001,0.8135,308.234,1.256,1.258,8.0555,-0.746,308.08,0.447,0.654,8.125,-0.9944999999999999,308.019,0.1,0.352,8.0475,-1.0305,307.933,0.1,0.6885,7.938000000000001,-0.305,307.885,0.877,1.4055,7.708,0.1165,307.896,0.857,1.751,7.803000000000001,-0.0225,307.967,0.383,1.6724999999999999,7.9155,-0.11800000000000001,308.029,0.331,
0.5835,8.1205,0.487,308.095,0.862,0.6595,8.044,0.106,308.002,1.305,0.936,8.091000000000001,-0.1255,308.019,1.334,1.308,8.188500000000001,0.257,308.051,1.443,1.5635,8.506,-0.33599999999999997,307.907,0.74,1.4184999999999999,8.398,-0.778,307.933,0.472,0.965,7.9704999999999995,-1.168,308.046,0.1,0.8975,8.312999999999999,-0.3245,308.176,0.244,1.297,8.544,0.7150000000000001,308.292,1.051,1.4855,8.3925,0.526,308.167,1.245,1.315,8.118,-0.2885,307.98,1.124,1.0314999999999999,8.11,-0.5705,307.874,0.113,1.0465,8.0365,0.9345,307.99,0.982,1.3805,8.0145,0.7144999999999999,308.046,0.96,1.5425,7.8855,-0.625,307.966,0.463,1.5630000000000002,7.680999999999999,-0.964,307.908,0.196,
1.1600000000000001,8.214500000000001,-0.2105,308.014,0.477,1.138,8.114,0.3,308.076,1.125,1.2835,8.1485,0.1305,308.026,1.595,1.617,8.258,0.48050000000000004,308.102,1.538,1.9994999999999998,8.509,0.0865,308.002,0.858,2.026,8.372,-0.5755,307.907,0.593,1.5745,8.0445,-1.0270000000000001,308.007,0.1,1.194,8.5495,-1.0474999999999999,308.147,0.1,1.2734999999999999,8.786000000000001,0.261,308.264,0.503,1.5535,8.514,1.233,308.285,1.282,1.73,8.184000000000001,0.5615,308.089,1.331,1.5845,8.053,0.5005,307.983,1.218,1.284,7.9475,1.6604999999999999,308.156,1.043,1.1735,8.233,0.881,308.147,0.805,1.166,7.9719999999999995,-0.7865,307.955,0.55,1.1995,7.6205,-1.137,307.826,0.115,
1.6185,8.2515,-0.715,307.901,0.315,1.479,8.355,-0.019999999999999997,308.065,0.417,1.522,8.171,0.7665,308.119,1.634,1.7435,8.2775,0.9435,308.159,1.449,2.1005,8.687000000000001,0.4065,308.106,0.863,2.357,8.5545,-0.3095,307.953,0.751,2.196,8.1705,-0.8205,307.982,0.318,1.8650000000000002,8.5155,-1.2005,308.106,0.1,1.7465000000000002,8.564499999999999,-0.1855,308.195,0.383,1.759,8.564499999999999,0.6645000000000001,308.265,0.9,1.82,8.403,0.5625,308.181,1.274,1.7155,7.802,1.286,308.181,1.447,1.272,7.6645,1.6875,308.224,0.762,0.9715,8.2065,0.6815,308.158,0.421,1.0474999999999999,8.161999999999999,-0.7030000000000001,307.999,0.519,1.1600000000000001,8.0135,-0.47350000000000003,307.918,1.045,
1.7610000000000001,8.2305,-0.8574999999999999,307.856,0.246,1.5365000000000002,8.642,-0.5565,307.978,0.129,1.528,7.9925,1.183,308.217,1.172,1.6440000000000001,8.0945,1.532,308.277,1.386,1.8090000000000002,8.875,0.4835,308.176,0.695,2.126,8.760000000000002,-0.10350000000000001,308.026,0.85,2.3605,8.332,-0.5565,307.996,0.423,2.385,8.425,-0.8755,308.083,0.11,2.2675,8.3835,-0.40700000000000003,308.164,0.314,2.0164999999999997,8.769,-0.4665,308.153,0.292,1.8530000000000002,8.6085,-0.051000000000000004,308.15,0.903,1.7275,7.4510000000000005,1.4615,308.256,1.285,1.3559999999999999,7.3145,1.334,308.206,0.544,1.1195,8.027000000000001,0.1755,308.096,0.154,1.2145,8.522,-0.874,308.034,0.209,1.2555,8.6345,0.1235,308.091,1.036,
1.8695,8.2065,-0.9795,307.879,0.198,1.6065,8.756,-1.054,307.955,0.1,1.4655,7.638,1.1600000000000001,308.262,0.737,1.3319999999999999,7.8435,1.839,308.39,1.114,1.238,8.925999999999998,0.38249999999999995,308.199,0.44,1.577,8.77,-0.16899999999999998,308.091,0.924,2.17,8.485,-0.4645,308.078,0.822,2.493,8.504,-0.497,308.153,0.652,2.3605,8.5625,-0.52,308.171,0.204,2.0105,9.0055,-1.287,308.037,0.135,1.8250000000000002,8.608,-0.3435,308.08,0.778,1.7985,7.1905,1.563,308.24,0.99,1.749,7.073,0.829,308.172,0.328,1.7469999999999999,7.9345,-0.484,308.038,0.104,1.6749999999999998,8.9275,-1.166,308.021,0.1,1.3815,9.081,-0.044,308.14,0.58,
2.004,8.2715,-0.99,307.964,0.177,1.771,8.6465,-1.54,308.055,0.1,1.3775,7.5445,0.9834999999999999,308.278,0.727,0.845,7.8885,1.7650000000000001,308.404,0.764,0.6745,8.8295,0.16349999999999998,308.165,0.295,1.2495,8.6105,-0.47750000000000004,308.146,0.999,2.0555,8.555499999999999,-0.5655,308.19,0.928,2.4195,8.6765,-0.33099999999999996,308.232,0.56,2.2880000000000003,8.8415,-0.5914999999999999,308.151,0.132,2.0335,9.006499999999999,-1.5225,307.986,0.128,1.9115,8.428,0.036000000000000004,308.055,0.689,1.9300000000000002,7.0969999999999995,1.7930000000000001,308.219,0.628,2.083,7.1274999999999995,0.253,308.144,0.163,2.2405,8.1005,-0.956,308.045,0.1,2.143,9.134,-1.271,308.02,0.1,1.7125,9.106,-0.527,308.085,0.361,
2.0164999999999997,8.4635,-0.6685,308.086,0.287,1.8455,8.5815,-1.5495,308.153,0.1,1.1715,8.0525,0.8365,308.303,0.77,0.37050000000000005,8.353,1.3445,308.339,0.432,0.375,8.715,-0.2675,308.173,0.126,1.1885,8.482,-0.7310000000000001,308.216,0.965,1.956,8.4985,-0.544,308.247,0.959,2.2555,8.741,-0.2455,308.223,0.4,2.2965,8.8475,-0.6875,308.117,0.101,2.2779999999999996,8.7925,-1.35,308.001,0.105,2.1449999999999996,8.213000000000001,0.7889999999999999,308.072,0.709,2.012,7.1899999999999995,1.8105,308.218,0.433,2.0775,7.4975000000000005,-0.274,308.139,0.137,2.2590000000000003,8.343,-1.0865,308.049,0.135,2.345,8.97,-1.219,308.004,0.133,2.0515,8.7635,-0.474,308.0,0.16,
1.7345,8.713000000000001,-0.307,308.2,0.46,1.7650000000000001,8.750499999999999,-0.41100000000000003,308.208,0.56,1.3385,8.7405,0.74,308.328,0.787,0.663,8.877500000000001,0.3295,308.308,0.398,0.623,8.717500000000001,-0.937,308.28,0.1,1.21,8.506,-0.8835,308.288,0.76,1.752,8.434000000000001,-0.31999999999999995,308.248,0.922,2.046,8.647,-0.193,308.169,0.241,2.2984999999999998,8.5695,-0.9864999999999999,308.121,0.1,2.419,8.575,-0.9495,308.035,0.102,2.2045,8.0485,1.4925,308.12,0.761,1.9455,7.467499999999999,1.2974999999999999,308.216,0.307,1.929,7.952500000000001,-0.641,308.112,0.106,2.118,8.376999999999999,-1.131,308.005,0.137,2.286,8.64,-0.985,307.951,0.258,2.024,8.364,0.1925,307.96,0.268,
1.1179999999999999,8.908000000000001,-0.1295,308.276,0.32,1.4765,8.937999999999999,0.95,308.367,1.076,1.7014999999999998,8.9205,0.7515000000000001,308.36,0.857,1.4605,9.048,-0.763,308.285,0.58,1.2465,8.825,-1.4805000000000001,308.363,0.1,1.3295,8.748000000000001,-1.048,308.33,0.664,1.5710000000000002,8.629,-0.215,308.235,0.833,1.808,8.469,-0.3705,308.146,0.12,2.0285,8.2295,-1.4575,308.152,0.1,2.089,8.408999999999999,-0.3055,308.061,0.376,1.8485,8.0105,1.7999999999999998,308.191,0.873,1.5835,7.8265,0.3745,308.177,0.2,1.4975,8.2215,-0.8945000000000001,308.042,0.1,1.5805,8.261,-1.3505,307.946,0.1,1.708,8.524000000000001,-0.529,307.931,0.394,1.5975000000000001,8.1745,0.607,307.98,0.222,
0.5615,8.933,-0.176,308.292,0.138,1.0110000000000001,8.9225,0.9075,308.446,0.649,1.6564999999999999,8.7055,0.7005,308.414,0.929,1.9365,8.853,-0.3865,308.29,0.797,1.702,8.904499999999999,-1.2429999999999999,308.358,0.1,1.4085,9.195,-0.8434999999999999,308.304,0.747,1.3860000000000001,9.158999999999999,-0.3665,308.213,0.719,1.4489999999999998,8.2815,-0.8734999999999999,308.203,0.1,1.434,7.9465,-1.7774999999999999,308.171,0.216,1.392,8.2455,0.534,308.124,0.789,1.2555,8.184000000000001,1.5419999999999998,308.258,1.039,0.9835,8.1145,-0.4125,308.132,0.104,0.6825,8.2345,-1.124,308.001,0.1,0.5185,8.167,-1.6775,307.949,0.287,0.7655,8.5845,-0.07350000000000001,307.95,0.397,1.241,8.250499999999999,0.3695,307.999,0.203,
0.41750000000000004,8.8555,-0.6495,308.288,0.1,0.748,8.596,-0.312,308.353,0.232,1.332,8.5885,0.304,308.433,0.652,1.7945000000000002,8.442,1.073,308.424,0.991,1.633,8.8155,-0.1385,308.354,0.284,1.3845,9.5535,0.185,308.307,0.907,1.3065,9.643,-0.32999999999999996,308.202,0.717,1.0925,8.215499999999999,-1.4505,308.244,0.1,0.8325,7.8515,-1.557,308.169,0.323,0.8089999999999999,8.239,1.1284999999999998,308.242,0.737,0.9035,8.482,0.9155,308.296,1.137,0.7845,8.2745,-0.643,308.116,0.281,0.5335,8.1355,-1.126,308.036,0.1,0.3365,8.046,-1.5110000000000001,307.99,0.518,0.622,8.589500000000001,0.424,307.984,0.505,1.362,8.5365,0.023999999999999997,308.01,0.178,
0.7295,8.821,-1.143,308.28,0.1,0.985,8.335,-1.242,308.312,0.1,1.298,8.59,-0.2595,308.359,0.27,1.4540000000000002,8.192,1.544,308.475,0.742,1.3425,8.713,0.9450000000000001,308.391,0.571,1.345,9.652,1.46,308.44,0.919,1.284,9.796,0.3555,308.25,0.81,0.8560000000000001,8.238,-1.183,308.215,0.1,0.525,7.883,-0.6970000000000001,308.187,0.359,0.5965,8.315,0.8875,308.322,0.654,0.9059999999999999,8.633,0.2845,308.3,1.048,1.1795,8.325,-0.48650000000000004,308.143,0.469,1.4064999999999999,8.086,-0.7264999999999999,308.079,0.11,1.5005,7.96,-0.3645,308.046,1.148,1.5175,8.565,1.126,308.11,0.543,1.688,8.723,-0.186,308.064,0.128,
1.1025,8.878499999999999,0.0155,308.012,0.829,0.7395,8.0835,0.2005,308.021,1.24,0.5625,7.830500000000001,-0.139,307.96,1.016,0.847,7.983499999999999,-0.4105,307.922,0.92,1.0805,8.3095,-0.39849999999999997,307.928,0.523,0.8685,8.83,-0.6435,307.917,0.1,0.7855000000000001,8.8655,-1.1400000000000001,307.823,0.1,1.1195,8.4805,0.3335,307.939,1.001,1.48,7.474,1.371,308.042,0.979,1.8130000000000002,7.427,0.787,308.016,0.184,2.1155,7.542999999999999,-0.529,307.982,0.105,2.0535,7.551,-1.1484999999999999,308.046,0.1,1.5495,8.3215,-1.315,307.959,0.11,1.0565,8.987,-0.9390000000000001,307.88,0.483,1.1315,8.4695,0.5745,307.937,0.513,1.5545,7.9025,1.4835,308.007,1.172,
0.838,8.8295,-0.1505,307.976,0.803,0.6799999999999999,8.2315,-0.0425,307.983,1.184,0.6605000000000001,7.9935,-0.333,307.884,1.127,0.8109999999999999,8.212,-0.5745,307.878,0.881,0.9964999999999999,8.5695,-0.444,307.908,0.551,0.9229999999999999,8.8055,-0.6685000000000001,307.961,0.1,0.9505,8.476500000000001,-1.1505,307.89,0.1,1.339,8.0235,0.621,307.987,0.845,1.665,7.162,1.0495,308.082,0.876,1.688,7.4745,-0.2105,308.028,0.103,1.459,7.7455,-0.9085000000000001,308.065,0.1,1.178,7.6655,-1.1360000000000001,308.087,0.1,1.0755,8.158999999999999,-1.314,307.946,0.518,1.0685,8.43,-1.0270000000000001,307.873,0.533,1.126,8.154,0.4655,307.901,0.531,1.3485,7.8759999999999994,1.5030000000000001,308.07,1.024,
0.4275,8.4495,0.159,307.958,0.904,0.5329999999999999,8.2275,-0.266,307.958,1.099,0.768,8.035,-0.10250000000000001,307.927,1.23,0.8694999999999999,8.244,-0.449,307.86,0.945,0.9199999999999999,8.681000000000001,-0.636,307.879,0.544,0.853,8.692,-0.802,308.032,0.1,0.8525,8.117,-1.186,307.99,0.1,1.2485,7.7995,0.9075,308.08,0.579,1.585,7.303,0.6865,308.13,1.049,1.2665000000000002,7.715,-1.0554999999999999,308.063,0.101,0.5945,7.9785,-1.021,308.1,0.1,0.265,7.803,-1.0150000000000001,308.028,0.1,0.5455,7.842,-1.1945000000000001,307.904,0.685,1.0845,7.638999999999999,-0.7024999999999999,307.86,0.63,1.3645,7.807,0.4085,307.908,0.447,1.409,7.975,0.844,308.072,0.625,
0.3195,8.171,0.6425000000000001,308.043,0.961,0.487,8.1325,-0.2595,307.938,1.172,0.8500000000000001,8.057,-0.036000000000000004,308.004,1.246,1.0975000000000001,8.163499999999999,-0.07100000000000001,307.932,1.162,1.1524999999999999,8.541,-0.634,307.858,0.584,0.938,8.459,-0.8494999999999999,308.009,0.1,0.6545,7.9375,-1.2,308.06,0.1,0.9435,7.971,0.5415000000000001,308.163,0.337,1.436,7.9125,0.6579999999999999,308.221,1.207,1.2015,8.057500000000001,-0.7595000000000001,308.081,0.137,0.5345,8.031500000000001,-0.9644999999999999,308.022,0.1,0.1785,7.895,-1.0025,307.939,0.1,0.4845,7.775499999999999,-0.33299999999999996,307.893,0.816,1.22,7.5184999999999995,0.014500000000000002,307.894,0.782,1.6485,7.737,-0.044,307.959,0.309,1.6495000000000002,7.935,-0.0885,308.024,0.336,
0.6695,8.186499999999999,0.505,308.084,0.808,0.754,8.065999999999999,0.0965,307.986,1.262,1.0585,8.0845,-0.14300000000000002,308.001,1.299,1.458,8.1485,0.214,308.03,1.396,1.7005,8.368,-0.3655,307.895,0.693,1.4645000000000001,8.2385,-0.771,307.926,0.416,0.905,7.907,-1.112,308.056,0.1,0.843,8.3545,-0.327,308.183,0.197,1.2934999999999999,8.597000000000001,0.6140000000000001,308.283,0.994,1.4729999999999999,8.363,0.4985,308.158,1.201,1.2445,7.984999999999999,-0.299,307.974,1.1,0.896,7.9399999999999995,-0.546,307.881,0.101,0.8975,7.900499999999999,0.9655,307.987,0.918,1.2665,7.9235,0.651,308.03,0.892,1.464,7.794,-0.6305000000000001,307.957,0.412,1.5065,7.6385000000000005,-0.9425,307.898,0.276,
1.2025000000000001,8.281500000000001,-0.1925,308.008,0.413,1.2075,8.1375,0.29,308.063,1.076,1.3824999999999998,8.131499999999999,0.119,308.01,1.558,1.7554999999999998,8.224499999999999,0.4455,308.079,1.499,2.1654999999999998,8.3975,0.035,307.985,0.805,2.148,8.224,-0.616,307.9,0.528,1.5955,7.949999999999999,-0.996,308.022,0.1,1.154,8.5835,-1.0135,308.156,0.1,1.2495,8.8555,0.253,308.261,0.441,1.5710000000000002,8.5215,1.229,308.269,1.247,1.7295,8.0975,0.534,308.074,1.296,1.524,7.939,0.515,307.977,1.163,1.2285,7.893,1.7525,308.143,0.971,1.149,8.2235,0.8875,308.133,0.721,1.1115,7.8735,-0.808,307.947,0.488,1.101,7.5125,-1.1629999999999998,307.818,0.101,
1.642,8.306000000000001,-0.7055,307.896,0.267,1.5145,8.3765,-0.0165,308.059,0.356,1.588,8.177,0.762,308.101,1.604,1.8599999999999999,8.2575,0.938,308.138,1.404,2.274,8.6175,0.37,308.087,0.806,2.5035,8.45,-0.381,307.94,0.677,2.2275,8.066,-0.835,308.006,0.121,1.7835,8.5275,-1.1684999999999999,308.132,0.1,1.6360000000000001,8.66,-0.157,308.198,0.318,1.7069999999999999,8.6405,0.673,308.249,0.871,1.8085,8.401,0.55,308.164,1.244,1.697,7.7885,1.3085,308.164,1.397,1.2765,7.6735,1.7985,308.214,0.653,1.0045,8.224,0.7275,308.151,0.339,1.0375,8.099,-0.763,307.982,0.447,1.0735000000000001,7.897500000000001,-0.532,307.904,0.992,
1.756,8.2875,-0.85,307.847,0.19,1.504,8.67,-0.538,307.978,0.109,1.548,8.05,1.2145000000000001,308.203,1.144,1.7515,8.109,1.561,308.258,1.343,1.983,8.846499999999999,0.495,308.159,0.642,2.2895000000000003,8.7085,-0.168,308.001,0.774,2.428,8.2545,-0.6165,308.011,0.134,2.29,8.415,-0.891,308.12,0.1,2.06,8.503499999999999,-0.401,308.163,0.255,1.836,8.868,-0.4615,308.137,0.28,1.756,8.6325,-0.040999999999999995,308.135,0.865,1.7025000000000001,7.495,1.4855,308.238,1.24,1.3955000000000002,7.3515,1.4140000000000001,308.199,0.442,1.1755,8.061,0.20750000000000002,308.089,0.129,1.2195,8.516,-0.9395,308.027,0.186,1.2054999999999998,8.572500000000002,0.095,308.074,0.986,
1.818,8.2405,-0.9704999999999999,307.888,0.125,1.4905,8.8015,-1.0265,307.972,0.1,1.4285,7.7235,1.2195,308.261,0.695,1.4165,7.891500000000001,1.8940000000000001,308.377,1.068,1.3815,8.925,0.4305,308.186,0.382,1.7465,8.756499999999999,-0.227,308.064,0.839,2.291,8.453,-0.5525,308.076,0.742,2.4204999999999997,8.493500000000001,-0.548,308.164,0.556,2.1235,8.677499999999998,-0.5315000000000001,308.152,0.186,1.7694999999999999,9.045,-1.2734999999999999,308.021,0.168,1.6655,8.5835,-0.3205,308.075,0.751,1.7565,7.2235,1.5819999999999999,308.224,0.948,1.8090000000000002,7.119,0.8474999999999999,308.167,0.261,1.814,7.999499999999999,-0.5045,308.039,0.1,1.6665,8.957,-1.2055,308.02,0.1,1.329,9.0685,-0.022000000000000002,308.133,0.562,
1.9105,8.218,-1.0055,307.995,0.107,1.618,8.684999999999999,-1.5165,308.086,0.1,1.316,7.6045,1.016,308.286,0.68,0.908,7.9435,1.8325,308.393,0.691,0.8085,8.8305,0.192,308.154,0.243,1.4205,8.619,-0.5545,308.13,0.928,2.173,8.558499999999999,-0.6495,308.188,0.853,2.3680000000000003,8.689,-0.3695,308.23,0.475,2.0975,8.9065,-0.5954999999999999,308.13,0.12,1.7999999999999998,8.951,-1.5055,307.979,0.154,1.732,8.344999999999999,0.0675,308.059,0.668,1.8965,7.102,1.8130000000000002,308.209,0.589,2.14,7.185499999999999,0.219,308.141,0.135,2.2584999999999997,8.189,-1.011,308.05,0.1,2.072,9.146,-1.282,308.021,0.101,1.6135,9.0735,-0.479,308.086,0.346,
1.956,8.3155,-0.7004999999999999,308.114,0.118,1.733,8.555,-1.5705,308.19,0.1,1.169,8.0595,0.8095,308.307,0.712,0.549,8.3985,1.4060000000000001,308.334,0.384,0.619,8.705,-0.277,308.182,0.108,1.361,8.5095,-0.8165,308.214,0.891,2.0195,8.515,-0.6005,308.247,0.894,2.213,8.7635,-0.2575,308.221,0.328,2.152,8.8515,-0.6819999999999999,308.112,0.1,2.052,8.668,-1.3515000000000001,308.009,0.11,1.9595,8.105,0.837,308.079,0.677,1.9809999999999999,7.193,1.826,308.212,0.392,2.0949999999999998,7.5725,-0.3265,308.136,0.119,2.2015000000000002,8.4245,-1.1275,308.044,0.166,2.216,8.906500000000001,-1.2120000000000002,307.999,0.165,1.9124999999999999,8.6455,-0.4185,308.004,0.217,
1.7565,8.542,-0.317,308.212,0.412,1.7425000000000002,8.6545,-0.482,308.227,0.151,1.4325,8.7225,0.6895,308.325,0.727,0.9544999999999999,8.9175,0.3775,308.309,0.348,0.9245000000000001,8.703,-0.9515,308.297,0.1,1.3585,8.532499999999999,-0.938,308.294,0.676,1.7770000000000001,8.442,-0.363,308.245,0.85,2.0,8.651,-0.194,308.169,0.181,2.1545,8.536,-0.9784999999999999,308.131,0.1,2.1900000000000004,8.4185,-0.964,308.052,0.103,2.049,7.9465,1.5525,308.123,0.719,1.952,7.4879999999999995,1.295,308.211,0.258,1.9405000000000001,8.03,-0.6765,308.11,0.1,2.0010000000000003,8.426,-1.14,307.996,0.156,2.0730000000000004,8.4695,-0.987,307.945,0.266,1.824,8.166,0.23349999999999999,307.964,0.246,
1.166,8.8005,-0.1305,308.276,0.274,1.514,8.867,0.8955,308.357,1.002,1.8205,8.9265,0.71,308.35,0.795,1.6835,9.063,-0.744,308.289,0.52,1.455,8.779499999999999,-1.4769999999999999,308.374,0.1,1.4325,8.733,-1.069,308.346,0.589,1.5935000000000001,8.604,-0.275,308.23,0.756,1.7505000000000002,8.435500000000001,-0.364,308.15,0.106,1.83,8.1765,-1.4415,308.17,0.1,1.832,8.253,-0.3015,308.08,0.614,1.7365,7.936999999999999,1.829,308.189,0.828,1.6255000000000002,7.852499999999999,0.3695,308.175,0.156,1.499,8.275,-0.8915,308.041,0.1,1.4075,8.2725,-1.3375,307.944,0.1,1.4260000000000002,8.306999999999999,-0.5569999999999999,307.934,0.352,1.375,7.9615,0.5785,307.983,0.186,
0.5795,8.924,-0.1905,308.288,0.128,1.0735000000000001,8.959499999999998,0.9005000000000001,308.435,0.54,1.795,8.752500000000001,0.654,308.399,0.858,2.0915,8.8335,-0.4155,308.292,0.725,1.834,8.7945,-1.2015,308.369,0.1,1.4889999999999999,9.128499999999999,-0.8645,308.32,0.668,1.399,9.0805,-0.44199999999999995,308.206,0.65,1.333,8.2,-0.8454999999999999,308.223,0.1,1.1505,7.893000000000001,-1.748,308.186,0.219,1.1305,8.123999999999999,0.558,308.141,0.747,1.201,8.147499999999999,1.5055,308.249,0.994,1.019,8.116,-0.4,308.132,0.1,0.6074999999999999,8.2415,-1.103,308.004,0.1,0.2715,8.154499999999999,-1.6505,307.954,0.285,0.48200000000000004,8.433,-0.0985,307.964,0.331,1.0665,8.0635,0.258,307.999,0.163,
0.4475,8.892,-0.668,308.284,0.1,0.8015,8.698,-0.2875,308.353,0.171,1.4385,8.6455,0.26749999999999996,308.422,0.574,1.9224999999999999,8.441500000000001,1.0590000000000002,308.416,0.92,1.7505,8.6765,-0.0625,308.362,0.115,1.4495,9.461500000000001,0.16999999999999998,308.305,0.824,1.2995,9.512,-0.3785,308.203,0.661,0.9490000000000001,8.087,-1.4020000000000001,308.266,0.1,0.5575,7.811999999999999,-1.552,308.18,0.314,0.626,8.17,1.1265,308.248,0.678,0.889,8.471,0.8460000000000001,308.284,1.089,0.7555,8.2355,-0.64,308.125,0.118,0.3535,8.083,-1.1335,308.052,0.1,0.012999999999999998,8.003,-1.4965000000000002,308.002,0.524,0.333,8.523,0.4345,307.998,0.431,1.222,8.376,-0.0895,308.009,0.138,
0.725,8.856,-1.1545,308.29,0.1,0.953,8.44,-1.2235,308.33,0.1,1.2999999999999998,8.638,-0.2735,308.353,0.206,1.508,8.221,1.6055,308.465,0.637,1.4045,8.579,1.0255,308.388,0.511,1.4020000000000001,9.555,1.4925,308.43,0.832,1.3005,9.643,0.3615,308.257,0.743,0.7455,8.088,-1.1655,308.236,0.1,0.34850000000000003,7.85,-0.7505,308.195,0.297,0.5355,8.273,0.845,308.315,0.591,0.931,8.63,0.2305,308.287,0.992,1.1440000000000001,8.266,-0.5195000000000001,308.149,0.404,1.2545,8.002,-0.773,308.101,0.101,1.2374999999999998,7.894,-0.373,308.059,1.085,1.2799999999999998,8.527,1.178,308.109,0.444,1.579,8.575,-0.2225,308.057,0.114,
1.175,8.8605,0.034,308.003,0.805,0.8965000000000001,8.178,0.191,308.007,1.195,0.7765,7.9239999999999995,-0.1395,307.947,0.977,1.007,8.0175,-0.46950000000000003,307.902,0.85,1.1524999999999999,8.253499999999999,-0.45899999999999996,307.924,0.463,0.8815,8.748000000000001,-0.6085,307.933,0.1,0.734,8.7785,-1.0950000000000002,307.838,0.1,1.0615,8.414,0.32,307.933,0.955,1.4855,7.486,1.396,308.028,0.93,1.8645,7.4775,0.786,308.006,0.16,2.1385,7.5655,-0.5569999999999999,307.987,0.102,1.9765000000000001,7.583,-1.133,308.07,0.1,1.397,8.3485,-1.3025,307.979,0.103,0.9355,9.004999999999999,-0.8945000000000001,307.885,0.44,1.1085,8.499500000000001,0.585,307.932,0.456,1.5835,7.8625,1.4525000000000001,307.997,1.11,
0.988,8.814499999999999,-0.07150000000000001,307.973,0.769,0.874,8.318,-0.0695,307.965,1.137,0.875,8.061,-0.34850000000000003,307.868,1.083,0.95,8.202,-0.593,307.858,0.819,1.016,8.475,-0.49150000000000005,307.905,0.487,0.866,8.715,-0.6485000000000001,307.983,0.1,0.851,8.404499999999999,-1.097,307.908,0.1,1.264,7.948,0.605,307.984,0.802,1.678,7.199999999999999,1.026,308.07,0.817,1.746,7.561,-0.2015,308.023,0.102,1.463,7.7645,-0.8925000000000001,308.08,0.1,1.0775000000000001,7.645,-1.109,308.108,0.1,0.891,8.150500000000001,-1.311,307.956,0.481,0.847,8.418,-0.972,307.879,0.495,0.984,8.164,0.499,307.905,0.474,1.343,7.89,1.4985,308.06,0.978,
0.6065,8.452,0.23550000000000001,307.958,0.864,0.716,8.29,-0.28200000000000003,307.94,1.054,0.946,8.0685,-0.14150000000000001,307.909,1.18,0.9955,8.2005,-0.449,307.849,0.885,0.9415,8.54,-0.6455,307.875,0.489,0.7685,8.568,-0.7735000000000001,308.049,0.1,0.7344999999999999,8.067499999999999,-1.1235,308.009,0.1,1.19,7.755,0.875,308.081,0.535,1.5765,7.355,0.571,308.12,0.977,1.2465,7.7735,-1.0339999999999998,308.069,0.1,0.5255,7.9475,-0.9664999999999999,308.113,0.1,0.1385,7.7095,-0.988,308.038,0.1,0.3455,7.777,-1.2105000000000001,307.909,0.624,0.8029999999999999,7.573,-0.729,307.876,0.564,1.153,7.781000000000001,0.3975,307.912,0.388,1.3719999999999999,8.0245,0.8465,308.065,0.603,
0.487,8.203,0.672,308.035,0.9,0.6435,8.169,-0.2625,307.923,1.119,0.9975,8.0685,-0.0765,307.987,1.196,1.238,8.117,-0.097,307.922,1.094,1.2405,8.379000000000001,-0.634,307.856,0.534,0.9219999999999999,8.292,-0.81,308.014,0.1,0.5920000000000001,7.896,-1.123,308.078,0.1,0.9205,7.977499999999999,0.501,308.166,0.3,1.3995,7.9595,0.49149999999999994,308.212,1.142,1.1115,8.0455,-0.76,308.085,0.112,0.4145,7.9335,-0.921,308.025,0.1,0.0365,7.7505,-0.961,307.946,0.1,0.2845,7.653499999999999,-0.357,307.9,0.746,0.9410000000000001,7.3995,-0.0925,307.901,0.702,1.4295,7.654,-0.068,307.95,0.265,1.5775000000000001,7.979,-0.064,308.014,0.349,
0.7735000000000001,8.243,0.5165,308.074,0.745,0.8685,8.0905,0.08549999999999999,307.973,1.209,1.1824999999999999,8.0795,-0.16299999999999998,307.988,1.249,1.604,8.1115,0.165,308.014,1.335,1.839,8.224499999999999,-0.399,307.892,0.636,1.5395,8.056000000000001,-0.7565,307.933,0.36,0.924,7.8575,-1.0345,308.078,0.1,0.849,8.3855,-0.3315,308.189,0.167,1.2715,8.6235,0.503,308.278,0.922,1.417,8.3105,0.46950000000000003,308.15,1.153,1.157,7.861000000000001,-0.307,307.969,1.073,0.78,7.789,-0.509,307.889,0.1,0.76,7.7825,0.9875,307.988,0.851,1.096,7.833,0.5715,308.019,0.807,1.308,7.6685,-0.631,307.944,0.356,1.4065,7.632,-0.9125000000000001,307.887,0.229,
1.252,8.344000000000001,-0.16949999999999998,308.005,0.357,1.2854999999999999,8.157499999999999,0.27549999999999997,308.055,1.017,1.4855,8.1105,0.10500000000000001,307.998,1.506,1.8860000000000001,8.184999999999999,0.40449999999999997,308.061,1.446,2.311,8.291,-0.028999999999999998,307.972,0.745,2.2485,8.0655,-0.656,307.921,0.35,1.626,7.8934999999999995,-0.9475,308.061,0.1,1.146,8.619499999999999,-0.9684999999999999,308.172,0.1,1.2345,8.8945,0.243,308.259,0.389,1.5715,8.501999999999999,1.2075,308.256,1.204,1.713,8.015,0.4955,308.062,1.256,1.4665,7.836,0.5305,307.974,1.105,1.1764999999999999,7.8345,1.833,308.134,0.891,1.1019999999999999,8.1985,0.8815,308.124,0.634,1.029,7.7545,-0.8234999999999999,307.94,0.328,0.9929999999999999,7.443,-1.1764999999999999,307.811,0.1,
1.6745,8.365,-0.6815,307.896,0.229,1.5514999999999999,8.39,-0.013999999999999999,308.056,0.302,1.6520000000000001,8.163499999999999,0.7495,308.087,1.562,1.961,8.221499999999999,0.9215,308.121,1.349,2.3994999999999997,8.5485,0.3195,308.071,0.747,2.5679999999999996,8.332,-0.45499999999999996,307.96,0.439,2.195,8.0145,-0.838,308.061,0.106,1.6935,8.574,-1.119,308.161,0.1,1.544,8.761,-0.1205,308.201,0.27,1.6665,8.685,0.664,308.236,0.841,1.793,8.3795,0.5255000000000001,308.15,1.207,1.669,7.765000000000001,1.3205,308.15,1.334,1.2799999999999998,7.678,1.8984999999999999,308.205,0.571,1.0385,8.2335,0.7655000000000001,308.144,0.287,1.0145,8.022,-0.8185,307.975,0.304,0.9764999999999999,7.804,-0.5855,307.897,0.92,
1.778,8.344999999999999,-0.825,307.856,0.157,1.49,8.682500000000001,-0.514,307.983,0.104,1.5705,8.08,1.2325,308.191,1.112,1.84,8.105,1.572,308.243,1.289,2.1065,8.804,0.4985,308.146,0.589,2.3685,8.6235,-0.23850000000000002,307.997,0.696,2.3890000000000002,8.220500000000001,-0.6755,308.075,0.111,2.123,8.471,-0.884,308.167,0.1,1.8565,8.6465,-0.38,308.162,0.211,1.6985000000000001,8.921,-0.4605,308.123,0.276,1.683,8.622,-0.0335,308.124,0.828,1.675,7.519500000000001,1.4955,308.224,1.182,1.4449999999999998,7.394,1.4835,308.192,0.371,1.265,8.096499999999999,0.23199999999999998,308.085,0.118,1.2425,8.4885,-0.9984999999999999,308.018,0.176,1.1495,8.509,0.0655,308.062,0.934,
1.7610000000000001,8.2775,-0.9375,307.915,0.112,1.393,8.8305,-0.9914999999999999,307.991,0.1,1.4095,7.7955000000000005,1.2655,308.259,0.656,1.5025,7.9215,1.9304999999999999,308.364,0.994,1.5365000000000002,8.879999999999999,0.474,308.175,0.33,1.9165,8.692,-0.29200000000000004,308.051,0.748,2.3425000000000002,8.433,-0.6415,308.136,0.477,2.2830000000000004,8.5445,-0.5774999999999999,308.203,0.365,1.9145,8.783000000000001,-0.5255000000000001,308.142,0.159,1.5975000000000001,9.0305,-1.2515,308.012,0.195,1.5505,8.530999999999999,-0.29100000000000004,308.072,0.723,1.726,7.2425,1.5819999999999999,308.211,0.894,1.8664999999999998,7.1785,0.8554999999999999,308.161,0.219,1.8824999999999998,8.0725,-0.527,308.042,0.1,1.6655,8.9525,-1.234,308.017,0.1,1.2810000000000001,9.0335,0.004000000000000001,308.127,0.542,
1.781,8.1845,-0.997,308.038,0.102,1.451,8.7285,-1.479,308.116,0.1,1.25,7.672,1.0375,308.295,0.636,1.021,7.980499999999999,1.881,308.388,0.611,1.0594999999999999,8.768999999999998,0.21400000000000002,308.157,0.201,1.6695000000000002,8.566500000000001,-0.63,308.142,0.85,2.2615,8.5395,-0.728,308.223,0.768,2.2675,8.720500000000001,-0.392,308.244,0.384,1.9195000000000002,8.929,-0.5834999999999999,308.121,0.113,1.6185,8.8565,-1.4735,307.979,0.205,1.603,8.245000000000001,0.1055,308.061,0.645,1.8795,7.1025,1.806,308.202,0.535,2.1695,7.257,0.181,308.137,0.123,2.2365000000000004,8.276499999999999,-1.0579999999999998,308.052,0.1,1.987,9.111,-1.2810000000000001,308.02,0.133,1.524,9.004,-0.41800000000000004,308.086,0.331,
1.857,8.193,-0.723,308.15,0.105,1.596,8.558,-1.568,308.224,0.1,1.17,8.0755,0.772,308.315,0.66,0.786,8.4295,1.4420000000000002,308.333,0.345,0.9540000000000001,8.657499999999999,-0.2905,308.2,0.105,1.59,8.467500000000001,-0.889,308.236,0.803,2.066,8.497,-0.6475,308.259,0.816,2.1205,8.7695,-0.2605,308.22,0.261,1.98,8.8165,-0.663,308.114,0.1,1.8365,8.526,-1.336,308.017,0.215,1.8159999999999998,7.9805,0.8835,308.086,0.646,1.974,7.194,1.808,308.209,0.34,2.084,7.6535,-0.3755,308.134,0.112,2.0965,8.49,-1.152,308.037,0.181,2.0595,8.804,-1.1895,307.993,0.168,1.7745,8.497499999999999,-0.34850000000000003,308.005,0.216,
1.7485,8.3845,-0.327,308.227,0.37,1.6895,8.586,-0.5389999999999999,308.247,0.118,1.476,8.696,0.628,308.325,0.673,1.1975,8.941500000000001,0.404,308.309,0.301,1.2075,8.681000000000001,-0.962,308.307,0.1,1.5030000000000001,8.4845,-0.975,308.312,0.589,1.7865,8.4215,-0.396,308.244,0.771,1.9175,8.6295,-0.188,308.17,0.152,1.9540000000000002,8.486999999999998,-0.9524999999999999,308.149,0.1,1.9185,8.253499999999999,-0.963,308.066,0.242,1.8915000000000002,7.829,1.5945,308.13,0.678,1.948,7.5024999999999995,1.263,308.209,0.222,1.903,8.1085,-0.7024999999999999,308.104,0.1,1.8305,8.466000000000001,-1.126,307.984,0.157,1.8345,8.2895,-0.968,307.941,0.255,1.6355,7.9765,0.274,307.968,0.226,
1.201,8.696000000000002,-0.1275,308.278,0.243,1.5185,8.7985,0.8280000000000001,308.353,0.916,1.8719999999999999,8.916,0.6575,308.343,0.737,1.827,9.0655,-0.7275,308.295,0.344,1.6084999999999998,8.7335,-1.463,308.387,0.1,1.5139999999999998,8.643,-1.0745,308.373,0.384,1.5884999999999998,8.5455,-0.32399999999999995,308.228,0.664,1.642,8.3825,-0.346,308.174,0.103,1.5804999999999998,8.126999999999999,-1.4015,308.196,0.1,1.5465,8.091,-0.292,308.099,0.61,1.6155,7.859999999999999,1.8225,308.19,0.78,1.6440000000000001,7.8735,0.352,308.174,0.138,1.464,8.329,-0.876,308.037,0.1,1.226,8.294,-1.299,307.942,0.1,1.1755,8.0755,-0.5765,307.937,0.312,1.1949999999999998,7.792,0.5325,307.984,0.166,
0.6005,8.905000000000001,-0.197,308.284,0.125,1.1175000000000002,8.9695,0.8725,308.424,0.458,1.8820000000000001,8.780999999999999,0.5974999999999999,308.389,0.782,2.1855,8.8165,-0.4405,308.298,0.464,1.923,8.686,-1.1524999999999999,308.386,0.1,1.5554999999999999,8.996,-0.8734999999999999,308.349,0.431,1.3980000000000001,8.9465,-0.5075000000000001,308.212,0.575,1.2105000000000001,8.113,-0.8035,308.249,0.1,0.9079999999999999,7.849,-1.6925,308.208,0.169,0.9235,8.007,0.569,308.157,0.701,1.1615000000000002,8.1155,1.4329999999999998,308.243,0.941,1.0565,8.125,-0.38,308.132,0.1,0.582,8.251999999999999,-1.0659999999999998,308.009,0.1,0.16699999999999998,8.1565,-1.5979999999999999,307.964,0.209,0.35850000000000004,8.2375,-0.1345,307.974,0.275,0.9470000000000001,7.9165,0.1245,307.998,0.143,
0.4865,8.89,-0.679,308.279,0.1,0.8465,8.76,-0.2625,308.355,0.143,1.51,8.6755,0.22599999999999998,308.416,0.485,2.008,8.436499999999999,1.0365,308.41,0.844,1.8435,8.5405,0.014499999999999999,308.372,0.105,1.5135,9.3275,0.16,308.312,0.742,1.303,9.317,-0.42100000000000004,308.219,0.603,0.8474999999999999,7.966,-1.3365,308.293,0.1,0.386,7.7885,-1.5245,308.195,0.285,0.5305,8.122,1.0975000000000001,308.251,0.624,0.875,8.459,0.7565,308.275,1.028,0.72,8.2225,-0.6205,308.134,0.105,0.2425,8.0535,-1.1280000000000001,308.069,0.1,-0.114,7.9795,-1.4565000000000001,308.017,0.351,0.258,8.4235,0.4325,308.012,0.293,1.1255,8.2315,-0.22399999999999998,308.013,0.123,
0.7335,8.834,-1.157,308.301,0.1,0.9375,8.506,-1.1875,308.346,0.1,1.3014999999999999,8.655,-0.28200000000000003,308.352,0.169,1.5495,8.231,1.6535,308.46,0.544,1.4635,8.448,1.0995,308.387,0.455,1.4580000000000002,9.432,1.513,308.421,0.741,1.334,9.43,0.365,308.272,0.683,0.6955,7.95,-1.13,308.26,0.1,0.2605,7.84,-0.7929999999999999,308.201,0.257,0.525,8.26,0.7765,308.312,0.528,0.929,8.621,0.17,308.279,0.923,1.058,8.242,-0.544,308.176,0.278,1.093,7.957,-0.8145,308.133,0.1,1.065,7.855,-0.368,308.072,0.688,1.1695,8.476,1.2215,308.112,0.367,1.49,8.431,-0.272,308.062,0.108,
1.2469999999999999,8.841000000000001,0.0465,307.994,0.781,1.0545,8.271,0.179,307.993,1.15,0.9924999999999999,8.019,-0.14650000000000002,307.934,0.937,1.1665,8.054,-0.519,307.882,0.778,1.222,8.1995,-0.508,307.919,0.405,0.893,8.6665,-0.5715,307.95,0.1,0.6825,8.692,-1.041,307.852,0.1,1.0045,8.347000000000001,0.3065,307.927,0.909,1.4915,7.4975000000000005,1.4115,308.015,0.879,1.9145,7.5275,0.7735000000000001,307.997,0.139,2.1580000000000004,7.5855,-0.582,307.993,0.101,1.8970000000000002,7.6145,-1.1059999999999999,308.094,0.1,1.246,8.374500000000001,-1.278,308.001,0.101,0.8185,9.022,-0.8494999999999999,307.89,0.396,1.087,8.5275,0.592,307.928,0.399,1.6105,7.82,1.399,307.987,1.047,
1.1385,8.798,0.0024999999999999988,307.97,0.735,1.0699999999999998,8.404,-0.093,307.948,1.089,1.091,8.1295,-0.3635,307.852,1.038,1.0885,8.193000000000001,-0.603,307.839,0.757,1.0335,8.380500000000001,-0.5245,307.902,0.423,0.808,8.625,-0.621,308.005,0.1,0.7525,8.334,-1.0365,307.925,0.1,1.1895,7.873,0.5814999999999999,307.981,0.759,1.6895,7.2385,0.9964999999999999,308.058,0.757,1.802,7.6475,-0.197,308.019,0.1,1.4649999999999999,7.7815,-0.8665,308.096,0.1,0.976,7.624,-1.0699999999999998,308.129,0.1,0.7070000000000001,8.1415,-1.297,307.966,0.443,0.6265000000000001,8.4085,-0.9099999999999999,307.885,0.456,0.8435,8.1745,0.531,307.91,0.418,1.3370000000000002,7.903499999999999,1.4625,308.05,0.932,
0.788,8.454,0.3065,307.959,0.824,0.9005000000000001,8.352,-0.293,307.922,1.008,1.1245,8.103000000000002,-0.1785,307.89,1.129,1.121,8.157,-0.447,307.839,0.824,0.9624999999999999,8.3975,-0.6435,307.871,0.435,0.6855,8.4435,-0.7324999999999999,308.065,0.1,0.6205,8.0195,-1.052,308.028,0.1,1.1345,7.712,0.8240000000000001,308.081,0.491,1.5675,7.4079999999999995,0.4565,308.11,0.905,1.2255,7.8315,-1.0055,308.075,0.1,0.45699999999999996,7.9155,-0.9019999999999999,308.127,0.1,0.013500000000000002,7.615,-0.9525,308.048,0.1,0.14650000000000002,7.714,-1.217,307.914,0.562,0.5205,7.513,-0.74,307.892,0.497,0.9405,7.756,0.384,307.915,0.33,1.335,8.075,0.8255,308.058,0.582,
0.6575,8.235,0.6945,308.027,0.839,0.802,8.205,-0.2625,307.908,1.066,1.1455,8.0795,-0.117,307.969,1.146,1.3795000000000002,8.071,-0.1255,307.912,1.024,1.331,8.215499999999999,-0.6305000000000001,307.853,0.483,0.9105000000000001,8.1235,-0.7605,308.019,0.1,0.5365,7.855499999999999,-1.036,308.097,0.1,0.9015,7.9845,0.44599999999999995,308.168,0.264,1.362,8.006,0.33099999999999996,308.204,1.076,1.0205,8.032499999999999,-0.7515000000000001,308.089,0.103,0.2945,7.8355,-0.871,308.029,0.1,-0.10450000000000001,7.606,-0.9125,307.953,0.1,0.084,7.535,-0.379,307.907,0.675,0.656,7.284000000000001,-0.19,307.909,0.621,1.204,7.57,-0.092,307.941,0.223,1.5030000000000001,8.024000000000001,-0.048,308.003,0.363,
0.8785000000000001,8.299,0.523,308.066,0.681,0.9844999999999999,8.115,0.07250000000000001,307.962,1.156,1.3075,8.074,-0.1835,307.974,1.199,1.75,8.075,0.113,307.998,1.273,1.9785,8.081,-0.435,307.888,0.579,1.617,7.872,-0.7375,307.94,0.304,0.9475,7.808999999999999,-0.9485,308.101,0.1,0.859,8.416,-0.33999999999999997,308.195,0.138,1.249,8.648,0.396,308.274,0.85,1.359,8.256499999999999,0.439,308.142,1.105,1.069,7.737500000000001,-0.3145,307.964,1.046,0.6659999999999999,7.640000000000001,-0.4655,307.897,0.1,0.624,7.666,1.0030000000000001,307.988,0.784,0.9215,7.7415,0.488,308.009,0.721,1.146,7.5405,-0.627,307.931,0.3,1.3035,7.6274999999999995,-0.878,307.875,0.175,
1.3010000000000002,8.406,-0.14400000000000002,308.002,0.302,1.3635000000000002,8.1775,0.258,308.046,0.957,1.589,8.088999999999999,0.091,307.987,1.454,2.0165,8.1455,0.36150000000000004,308.043,1.392,2.456,8.186,-0.0995,307.96,0.684,2.3475,7.906499999999999,-0.6910000000000001,307.943,0.166,1.657,7.8385,-0.8905000000000001,308.101,0.1,1.141,8.6555,-0.9225,308.189,0.1,1.2205,8.931999999999999,0.23299999999999998,308.257,0.337,1.5705,8.481,1.172,308.242,1.161,1.695,7.932500000000001,0.4505,308.049,1.216,1.409,7.734500000000001,0.547,307.972,1.046,1.1245,7.775,1.9045,308.125,0.81,1.053,8.172,0.867,308.116,0.547,0.9445,7.634,-0.8334999999999999,307.933,0.162,0.884,7.377,-1.1804999999999999,307.804,0.1,
1.708,8.4245,-0.647,307.896,0.192,1.5885,8.4025,-0.01,308.053,0.249,1.7155,8.148499999999999,0.733,308.074,1.52,2.061,8.1845,0.8985000000000001,308.104,1.293,2.5225,8.4805,0.261,308.056,0.687,2.628,8.213000000000001,-0.5255000000000001,307.982,0.192,2.159,7.965,-0.831,308.117,0.101,1.6025,8.6225,-1.0630000000000002,308.189,0.1,1.4529999999999998,8.8625,-0.08499999999999999,308.203,0.223,1.6275,8.7285,0.6415,308.223,0.812,1.7774999999999999,8.357,0.4945,308.136,1.169,1.6400000000000001,7.7405,1.327,308.136,1.27,1.283,7.6815,1.9895,308.195,0.493,1.072,8.242,0.7945,308.138,0.238,0.9904999999999999,7.945,-0.868,307.967,0.156,0.879,7.712999999999999,-0.6325000000000001,307.889,0.848,
1.802,8.4025,-0.787,307.866,0.127,1.4775,8.693000000000001,-0.487,307.988,0.101,1.5935,8.1085,1.2400000000000002,308.179,1.08,1.927,8.099499999999999,1.5699999999999998,308.229,1.234,2.2270000000000003,8.7615,0.4955,308.133,0.535,2.443,8.536000000000001,-0.311,307.996,0.618,2.344,8.187999999999999,-0.7244999999999999,308.142,0.103,1.9514999999999998,8.530999999999999,-0.862,308.214,0.1,1.6535,8.7905,-0.35450000000000004,308.16,0.167,1.564,8.972,-0.464,308.109,0.272,1.611,8.609,-0.026,308.113,0.791,1.647,7.5425,1.4975,308.209,1.124,1.495,7.4365000000000006,1.5434999999999999,308.184,0.303,1.3575,8.132000000000001,0.249,308.08,0.108,1.267,8.46,-1.0514999999999999,308.009,0.168,1.0925,8.446,0.0375,308.05,0.881,
1.7035,8.314499999999999,-0.889,307.943,0.103,1.2965,8.8575,-0.9545,308.01,0.1,1.3915,7.8675,1.2995,308.258,0.617,1.5885,7.9505,1.952,308.35,0.919,1.6920000000000002,8.833,0.5095000000000001,308.163,0.278,2.0860000000000003,8.624,-0.36,308.039,0.657,2.3890000000000002,8.413499999999999,-0.7185,308.2,0.203,2.1414999999999997,8.5985,-0.5874999999999999,308.244,0.17,1.7069999999999999,8.8875,-0.512,308.133,0.132,1.4289999999999998,9.0135,-1.2245,308.002,0.222,1.4375,8.475999999999999,-0.2575,308.068,0.694,1.6960000000000002,7.261,1.5705,308.198,0.839,1.924,7.239000000000001,0.857,308.155,0.178,1.951,8.146,-0.55,308.045,0.1,1.6644999999999999,8.946,-1.2555,308.013,0.1,1.2325,8.997499999999999,0.033,308.121,0.522,
1.6495,8.1525,-0.9695,308.082,0.1,1.2825,8.7715,-1.4369999999999998,308.146,0.1,1.1829999999999998,7.741,1.049,308.303,0.593,1.1364999999999998,8.0165,1.9104999999999999,308.383,0.53,1.3175,8.704,0.2265,308.161,0.16,1.923,8.5105,-0.7,308.155,0.77,2.3484999999999996,8.5195,-0.7909999999999999,308.26,0.682,2.1645,8.753,-0.3985,308.258,0.292,1.742,8.949,-0.5635,308.113,0.106,1.4395,8.761,-1.433,307.979,0.257,1.4769999999999999,8.144,0.14600000000000002,308.064,0.622,1.8639999999999999,7.103,1.78,308.195,0.48,2.1975,7.33,0.14350000000000002,308.134,0.112,2.2125,8.363,-1.0955,308.055,0.1,1.9015,9.0735,-1.272,308.019,0.168,1.435,8.931999999999999,-0.349,308.085,0.317,
1.756,8.0715,-0.7335,308.187,0.101,1.4585,8.562999999999999,-1.5495,308.258,0.1,1.1715,8.0925,0.7295,308.322,0.608,1.0259999999999998,8.46,1.4535,308.332,0.307,1.2934999999999999,8.6085,-0.3085,308.219,0.102,1.8210000000000002,8.422,-0.948,308.261,0.714,2.1105,8.4765,-0.6825,308.271,0.736,2.0244999999999997,8.775500000000001,-0.2535,308.22,0.195,1.8054999999999999,8.7795,-0.635,308.117,0.1,1.621,8.3835,-1.3090000000000002,308.024,0.325,1.6749999999999998,7.855499999999999,0.9235,308.093,0.616,1.9675,7.195,1.7665000000000002,308.207,0.287,2.0700000000000003,7.734500000000001,-0.41700000000000004,308.132,0.106,1.9885000000000002,8.5535,-1.1635,308.029,0.195,1.901,8.6995,-1.158,307.987,0.17,1.6360000000000001,8.347,-0.273,308.007,0.211,
1.7389999999999999,8.227,-0.3365,308.241,0.328,1.6345,8.519,-0.582,308.267,0.104,1.517,8.669,0.5635,308.325,0.619,1.4375,8.965,0.412,308.309,0.254,1.4885,8.658999999999999,-0.9704999999999999,308.316,0.1,1.647,8.4335,-0.9984999999999999,308.331,0.501,1.795,8.399000000000001,-0.42,308.244,0.692,1.833,8.6075,-0.1755,308.171,0.125,1.7515,8.4375,-0.9155,308.167,0.1,1.645,8.088,-0.951,308.08,0.387,1.734,7.7105,1.6165,308.137,0.638,1.944,7.516,1.212,308.207,0.186,1.8624999999999998,8.1865,-0.7195,308.099,0.1,1.657,8.5055,-1.0975000000000001,307.972,0.158,1.5945,8.109,-0.938,307.937,0.243,1.447,7.7865,0.3085,307.971,0.205,
1.2355,8.591000000000001,-0.125,308.279,0.213,1.521,8.7295,0.7555000000000001,308.349,0.829,1.9205,8.905000000000001,0.599,308.336,0.679,1.9674999999999998,9.068,-0.715,308.301,0.163,1.7599999999999998,8.6875,-1.4425,308.399,0.1,1.5939999999999999,8.5505,-1.0715,308.4,0.174,1.581,8.4855,-0.362,308.228,0.57,1.53,8.3285,-0.321,308.199,0.101,1.3279999999999998,8.0775,-1.347,308.223,0.1,1.2595,7.9295,-0.281,308.117,0.595,1.494,7.7829999999999995,1.7885,308.191,0.731,1.661,7.894,0.327,308.173,0.121,1.427,8.3825,-0.851,308.034,0.1,1.0445,8.315999999999999,-1.246,307.94,0.1,0.9275,7.843,-0.5914999999999999,307.941,0.271,1.018,7.6245,0.479,307.986,0.146,
0.622,8.885,-0.1995,308.281,0.122,1.1600000000000001,8.978,0.8315,308.413,0.378,1.9665000000000001,8.8085,0.5345,308.378,0.705,2.2775,8.8,-0.46299999999999997,308.305,0.196,2.0105,8.578,-1.0995,308.403,0.1,1.621,8.86,-0.8775,308.378,0.187,1.396,8.809999999999999,-0.5609999999999999,308.219,0.5,1.0875,8.025500000000001,-0.752,308.276,0.1,0.6675,7.8055,-1.6215,308.23,0.116,0.7195,7.8915,0.5660000000000001,308.172,0.654,1.123,8.084,1.343,308.237,0.888,1.094,8.135,-0.3575,308.132,0.1,0.5595,8.2625,-1.019,308.015,0.1,0.07150000000000001,8.158999999999999,-1.5335,307.975,0.129,0.24549999999999997,8.04,-0.183,307.985,0.22,0.8315,7.772,-0.007499999999999996,307.998,0.124,
0.5265,8.8865,-0.681,308.274,0.1,0.8915,8.819500000000001,-0.24,308.357,0.118,1.5795,8.704,0.1825,308.41,0.396,2.092,8.4315,1.0105,308.405,0.769,1.937,8.4055,0.0895,308.383,0.101,1.5775000000000001,9.1905,0.151,308.321,0.659,1.306,9.1185,-0.4585,308.237,0.544,0.7475,7.845000000000001,-1.262,308.319,0.1,0.22049999999999997,7.766,-1.483,308.209,0.254,0.44,8.076,1.046,308.254,0.569,0.8600000000000001,8.447,0.6635,308.266,0.966,0.6835,8.211500000000001,-0.5925,308.143,0.101,0.135,8.026,-1.1139999999999999,308.085,0.1,-0.22899999999999998,7.9575,-1.405,308.032,0.168,0.19749999999999998,8.3225,0.41200000000000003,308.025,0.152,1.0325,8.088000000000001,-0.3545,308.017,0.11,
0.7424999999999999,8.81,-1.1509999999999998,308.312,0.1,0.923,8.569,-1.143,308.361,0.1,1.3025,8.671,-0.287,308.35,0.135,1.5899999999999999,8.241,1.6925,308.455,0.451,1.5225,8.318,1.166,308.386,0.4,1.514,9.307,1.5245,308.413,0.649,1.3685,9.213,0.363,308.288,0.624,0.649,7.812,-1.085,308.283,0.1,0.178,7.831,-0.826,308.207,0.217,0.5185,8.249,0.6910000000000001,308.308,0.464,0.9259999999999999,8.612,0.11050000000000001,308.27,0.854,0.9685,8.221,-0.5595,308.205,0.148,0.931,7.915,-0.8525,308.166,0.1,0.8995,7.818,-0.3555,308.085,0.269,1.0685,8.424,1.2525,308.115,0.292,1.403,8.287,-0.3215,308.068,0.102,
1.3065,8.806000000000001,0.051000000000000004,307.987,0.755,1.2069999999999999,8.358,0.16499999999999998,307.981,1.097,1.2029999999999998,8.131,-0.162,307.922,0.888,1.3225,8.114,-0.5545,307.869,0.702,1.2945,8.158,-0.541,307.922,0.305,0.9099999999999999,8.588999999999999,-0.5315000000000001,307.974,0.1,0.6395,8.607,-0.9755,307.877,0.1,0.952,8.28,0.294,307.922,0.861,1.4935,7.5065,1.4140000000000001,308.004,0.816,1.948,7.5665,0.7455,307.989,0.129,2.145,7.58,-0.603,308.008,0.1,1.7955,7.6295,-1.0635,308.129,0.1,1.1155,8.376999999999999,-1.2375,308.032,0.1,0.741,9.012,-0.8045,307.895,0.303,1.077,8.525500000000001,0.5945,307.924,0.351,1.6139999999999999,7.7615,1.3155000000000001,307.98,0.982,
1.291,8.7655,0.069,307.968,0.701,1.279,8.484,-0.11199999999999999,307.93,1.031,1.3135,8.21,-0.3785,307.836,0.981,1.2425000000000002,8.2015,-0.6014999999999999,307.826,0.687,1.075,8.271999999999998,-0.537,307.902,0.318,0.7689999999999999,8.527999999999999,-0.5834999999999999,308.03,0.1,0.6705,8.281500000000001,-0.9664999999999999,307.955,0.1,1.1195,7.808999999999999,0.5475,307.979,0.714,1.686,7.2885,0.9584999999999999,308.048,0.693,1.8335,7.7275,-0.199,308.018,0.1,1.4455,7.7775,-0.8285,308.119,0.1,0.862,7.589,-1.015,308.154,0.1,0.515,8.109,-1.2694999999999999,307.984,0.337,0.4135,8.421,-0.8395,307.891,0.414,0.724,8.198,0.56,307.914,0.365,1.319,7.9065,1.384,308.041,0.885,
1.017,8.4545,0.369,307.964,0.782,1.13,8.4125,-0.296,307.904,0.951,1.3235000000000001,8.145,-0.21250000000000002,307.872,1.067,1.2734999999999999,8.129,-0.442,307.839,0.757,1.0225,8.2335,-0.626,307.879,0.328,0.6485,8.302499999999998,-0.6745,308.082,0.1,0.548,7.992,-0.9685,308.059,0.1,1.082,7.681,0.748,308.082,0.451,1.5325,7.481999999999999,0.344,308.101,0.814,1.1865,7.8774999999999995,-0.968,308.087,0.1,0.395,7.87,-0.8245,308.142,0.1,-0.101,7.5205,-0.9065000000000001,308.06,0.1,-0.058,7.6445,-1.2109999999999999,307.922,0.417,0.252,7.534000000000001,-0.73,307.904,0.429,0.7605,7.805,0.367,307.922,0.276,1.288,8.1195,0.7725,308.053,0.558,
0.8665,8.2675,0.7064999999999999,308.022,0.776,1.001,8.243500000000001,-0.258,307.898,1.006,1.3115,8.098500000000001,-0.1575,307.955,1.084,1.5355,8.035,-0.15749999999999997,307.91,0.943,1.4415,8.043,-0.622,307.875,0.363,0.94,7.9555,-0.698,308.036,0.1,0.532,7.8375,-0.9359999999999999,308.128,0.1,0.8925000000000001,7.997,0.372,308.171,0.23,1.3005,8.061499999999999,0.1805,308.198,0.993,0.9125,7.999,-0.731,308.096,0.1,0.1825,7.7355,-0.812,308.033,0.1,-0.23149999999999998,7.4765,-0.8554999999999999,307.961,0.1,-0.1065,7.428,-0.3975,307.914,0.497,0.40499999999999997,7.2405,-0.2735,307.92,0.457,1.0085,7.5735,-0.11549999999999999,307.937,0.185,1.412,8.0805,-0.043,307.993,0.361,
0.9949999999999999,8.3545,0.523,308.058,0.611,1.129,8.143,0.0565,307.953,1.092,1.461,8.076,-0.20500000000000002,307.965,1.137,1.9075000000000002,8.0395,0.057499999999999996,307.985,1.197,2.0985,7.9355,-0.47350000000000003,307.909,0.431,1.674,7.7219999999999995,-0.7124999999999999,307.977,0.233,0.9814999999999999,7.7995,-0.8525,308.142,0.1,0.88,8.4545,-0.3535,308.206,0.122,1.214,8.663,0.2965,308.272,0.776,1.28,8.183499999999999,0.406,308.135,1.056,0.972,7.622,-0.3215,307.958,1.016,0.5555,7.511,-0.41400000000000003,307.905,0.1,0.495,7.564,1.0105,307.99,0.716,0.766,7.672,0.4,308.002,0.632,1.0,7.4755,-0.618,307.921,0.241,1.1825,7.660500000000001,-0.839,307.866,0.142,
1.3559999999999999,8.4825,-0.115,308.0,0.255,1.4489999999999998,8.204,0.2365,308.04,0.892,1.7005,8.069500000000001,0.07650000000000001,307.98,1.387,2.141,8.100999999999999,0.3145,308.028,1.328,2.543,8.0765,-0.179,307.96,0.622,2.3585000000000003,7.7825,-0.7195,308.001,0.108,1.6395,7.8375,-0.8220000000000001,308.162,0.1,1.1295,8.7065,-0.875,308.214,0.1,1.2035,8.95,0.223,308.257,0.289,1.5565000000000002,8.446,1.119,308.23,1.113,1.6625,7.856,0.39749999999999996,308.037,1.173,1.351,7.6434999999999995,0.5655,307.97,0.987,1.0795,7.723,1.964,308.117,0.729,1.002,8.145999999999999,0.8414999999999999,308.111,0.465,0.8514999999999999,7.5495,-0.8354999999999999,307.931,0.107,0.7565,7.35,-1.1715,307.803,0.1,
1.7625000000000002,8.5035,-0.599,307.911,0.158,1.6320000000000001,8.4175,-0.0035,308.05,0.211,1.777,8.124,0.711,308.063,1.471,2.1544999999999996,8.1375,0.866,308.09,1.231,2.598,8.404,0.192,308.043,0.622,2.612,8.091,-0.5905,308.039,0.112,2.0705,7.9635,-0.8115,308.193,0.1,1.499,8.686499999999999,-0.998,308.218,0.1,1.373,8.933499999999999,-0.051000000000000004,308.204,0.189,1.5955,8.751000000000001,0.6005,308.212,0.779,1.758,8.326,0.4555,308.123,1.127,1.6084999999999998,7.7105,1.3265,308.124,1.2,1.2865,7.683,2.0685000000000002,308.189,0.425,1.1,8.250499999999999,0.8115,308.134,0.201,0.954,7.8795,-0.909,307.968,0.106,0.77,7.6395,-0.67,307.887,0.625,
1.8355,8.4665,-0.732,307.897,0.112,1.4729999999999999,8.690000000000001,-0.4555,307.996,0.1,1.6145,8.117,1.234,308.169,1.045,2.0025,8.0815,1.551,308.215,1.171,2.3280000000000003,8.6965,0.484,308.122,0.481,2.4785000000000004,8.417,-0.38549999999999995,308.038,0.455,2.2510000000000003,8.187000000000001,-0.76,308.223,0.1,1.778,8.6085,-0.8200000000000001,308.246,0.1,1.4985,8.893,-0.3245,308.157,0.142,1.4689999999999999,8.99,-0.47350000000000003,308.099,0.268,1.5485,8.5785,-0.0185,308.104,0.755,1.6165,7.5535,1.4895,308.196,1.058,1.55,7.4765,1.5895000000000001,308.179,0.251,1.4625,8.1715,0.2555,308.077,0.104,1.295,8.42,-1.0955,308.005,0.148,1.03,8.38,0.0115,308.04,0.826,
1.6165,8.361,-0.8200000000000001,307.985,0.1,1.1975,8.865,-0.9155,308.03,0.1,1.3679999999999999,7.9245,1.317,308.257,0.581,1.6815,7.9785,1.9535,308.342,0.824,1.8820000000000001,8.764,0.533,308.152,0.235,2.232,8.533000000000001,-0.43100000000000005,308.075,0.573,2.347,8.408000000000001,-0.778,308.279,0.114,1.9635,8.665,-0.5705,308.281,0.109,1.5350000000000001,8.9485,-0.4885,308.127,0.118,1.3,8.965,-1.1915,307.996,0.236,1.342,8.406500000000001,-0.219,308.065,0.666,1.6675,7.2715,1.5445,308.187,0.778,1.969,7.3075,0.8494999999999999,308.149,0.154,1.9995,8.2235,-0.5740000000000001,308.048,0.1,1.6515,8.910499999999999,-1.2675,308.013,0.1,1.183,8.9435,0.066,308.116,0.5,
1.48,8.146,-0.917,308.132,0.1,1.1065,8.813500000000001,-1.389,308.177,0.1,1.1280000000000001,7.813,1.0470000000000002,308.311,0.552,1.2774999999999999,8.0705,1.9135,308.379,0.471,1.5855000000000001,8.655000000000001,0.2255,308.168,0.137,2.1125,8.4485,-0.762,308.193,0.693,2.3235,8.4905,-0.833,308.319,0.499,2.0015,8.768,-0.383,308.287,0.23,1.5695,8.934000000000001,-0.533,308.112,0.102,1.2839999999999998,8.648,-1.3815,307.98,0.283,1.3715,8.0335,0.1885,308.066,0.598,1.8465,7.1015,1.729,308.189,0.427,2.193,7.417,0.107,308.132,0.107,2.1455,8.4405,-1.121,308.054,0.106,1.7934999999999999,9.0045,-1.2525,308.016,0.181,1.349,8.838000000000001,-0.27,308.085,0.302,
1.642,7.975,-0.7275,308.226,0.1,1.3094999999999999,8.592,-1.5110000000000001,308.294,0.1,1.166,8.127,0.681,308.331,0.561,1.2485,8.507,1.432,308.331,0.279,1.583,8.595500000000001,-0.3335,308.233,0.101,1.9705,8.368500000000001,-0.9884999999999999,308.288,0.632,2.0709999999999997,8.43,-0.7004999999999999,308.292,0.659,1.8765,8.7305,-0.23299999999999998,308.239,0.157,1.6125,8.722000000000001,-0.596,308.128,0.1,1.409,8.242,-1.2675,308.032,0.365,1.5425,7.7275,0.954,308.099,0.584,1.9474999999999998,7.2005,1.694,308.204,0.251,2.033,7.823499999999999,-0.4485,308.129,0.103,1.8624999999999998,8.598,-1.1575,308.023,0.206,1.7285,8.5885,-1.1145,307.979,0.167,1.499,8.204,-0.1905,308.008,0.203,
1.7269999999999999,8.084,-0.34450000000000003,308.256,0.293,1.564,8.482,-0.6065,308.289,0.1,1.5275,8.6545,0.49550000000000005,308.327,0.568,1.6219999999999999,8.984,0.395,308.305,0.213,1.7025000000000001,8.6455,-0.9764999999999999,308.325,0.1,1.737,8.3665,-1.0045,308.351,0.367,1.7585000000000002,8.342500000000001,-0.4325,308.245,0.606,1.7035,8.536,-0.1545,308.193,0.112,1.5234999999999999,8.384,-0.864,308.192,0.1,1.3820000000000001,7.941000000000001,-0.9245,308.091,0.421,1.593,7.603,1.6110000000000002,308.143,0.597,1.9185,7.54,1.1364999999999998,308.205,0.163,1.7885,8.263,-0.7244999999999999,308.091,0.1,1.479,8.5355,-1.051,307.961,0.153,1.3775,7.9735,-0.8935,307.932,0.226,1.2915,7.6530000000000005,0.33499999999999996,307.974,0.189,
1.265,8.491499999999998,-0.124,308.28,0.193,1.5074999999999998,8.6745,0.677,308.347,0.739,1.926,8.8905,0.5329999999999999,308.33,0.623,2.046,9.057500000000001,-0.7084999999999999,308.308,0.108,1.847,8.629,-1.4125,308.42,0.1,1.6235,8.4345,-1.0575,308.424,0.11,1.545,8.3765,-0.385,308.236,0.463,1.4085,8.256,-0.28600000000000003,308.227,0.1,1.098,8.036999999999999,-1.2734999999999999,308.256,0.1,1.026,7.797,-0.2685,308.131,0.552,1.408,7.724500000000001,1.718,308.191,0.683,1.666,7.925,0.29200000000000004,308.172,0.112,1.369,8.434000000000001,-0.8135,308.029,0.1,0.8885000000000001,8.348500000000001,-1.175,307.939,0.1,0.7475,7.6899999999999995,-0.601,307.942,0.238,0.892,7.5295000000000005,0.4155,307.986,0.136,
0.6439999999999999,8.857,-0.197,308.277,0.12,1.1869999999999998,8.9775,0.7725,308.406,0.309,2.0140000000000002,8.832,0.4635,308.369,0.63,2.3209999999999997,8.778,-0.4825,308.319,0.114,2.0425,8.4645,-1.041,308.428,0.1,1.6395,8.683499999999999,-0.875,308.404,0.112,1.367,8.6085,-0.5985,308.248,0.37,0.975,7.939,-0.688,308.305,0.1,0.49349999999999994,7.7675,-1.5310000000000001,308.261,0.101,0.588,7.805,0.544,308.183,0.61,1.1015000000000001,8.064,1.2305000000000001,308.232,0.829,1.1280000000000001,8.1555,-0.3325,308.133,0.1,0.5660000000000001,8.2705,-0.958,308.023,0.1,0.034,8.177,-1.4535,307.989,0.103,0.1725,7.9,-0.248,307.989,0.182,0.7124999999999999,7.6765,-0.135,307.998,0.114,
0.577,8.857,-0.6715,308.27,0.1,0.956,8.855,-0.2205,308.361,0.107,1.654,8.743500000000001,0.1375,308.404,0.329,2.151,8.422,0.98,308.404,0.693,1.9985,8.2725,0.1615,308.396,0.1,1.629,9.006499999999999,0.14350000000000002,308.333,0.482,1.3165,8.860499999999998,-0.49,308.265,0.405,0.692,7.7265,-1.1760000000000002,308.35,0.1,0.1355,7.734500000000001,-1.424,308.233,0.203,0.4045,8.0495,0.9645,308.256,0.519,0.8595,8.437000000000001,0.5675,308.259,0.897,0.674,8.2185,-0.5545,308.153,0.1,0.09749999999999999,7.9955,-1.089,308.105,0.1,-0.2615,7.945,-1.339,308.051,0.108,0.1575,8.2395,0.366,308.033,0.106,0.8955,7.9695,-0.477,308.027,0.104,
0.7625,8.751,-1.1335,308.327,0.1,0.9325000000000001,8.604,-1.0885,308.379,0.1,1.3165,8.707,-0.2875,308.349,0.119,1.627,8.243,1.72,308.45,0.38,1.5795,8.191,1.2229999999999999,308.385,0.303,1.5725,9.14,1.5230000000000001,308.408,0.566,1.4235,8.947,0.353,308.305,0.57,0.6579999999999999,7.676,-1.0275,308.31,0.1,0.15150000000000002,7.806,-0.846,308.219,0.175,0.5285,8.251,0.5845,308.306,0.403,0.9219999999999999,8.601,0.053000000000000005,308.263,0.776,0.885,8.223,-0.563,308.234,0.105,0.7865,7.873,-0.8865000000000001,308.195,0.1,0.773,7.789,-0.33399999999999996,308.1,0.129,0.9824999999999999,8.376,1.266,308.118,0.221,1.2715,8.161,-0.3695,308.08,0.1,
1.3610000000000002,8.7635,0.052,307.98,0.727,1.3585,8.442,0.14850000000000002,307.97,1.041,1.4115,8.25,-0.181,307.91,0.836,1.4765000000000001,8.184,-0.5814999999999999,307.858,0.624,1.3685,8.122,-0.562,307.929,0.188,0.929,8.5135,-0.49,308.0,0.1,0.5994999999999999,8.5215,-0.9039999999999999,307.907,0.1,0.902,8.2135,0.2815,307.918,0.813,1.494,7.513,1.4085,307.994,0.748,1.974,7.601000000000001,0.708,307.98,0.124,2.1180000000000003,7.5634999999999994,-0.6205,308.027,0.1,1.6840000000000002,7.639,-1.0115,308.168,0.1,0.9935,8.369,-1.1880000000000002,308.067,0.1,0.6815,8.99,-0.7615000000000001,307.9,0.189,1.0725,8.5105,0.5914999999999999,307.92,0.306,1.6075,7.695,1.216,307.974,0.916,
1.445,8.7255,0.128,307.967,0.667,1.4929999999999999,8.560500000000001,-0.1295,307.914,0.97,1.537,8.2955,-0.3925,307.821,0.918,1.402,8.218,-0.5934999999999999,307.817,0.616,1.1265,8.157499999999999,-0.5355000000000001,307.905,0.194,0.7375,8.4285,-0.5385,308.056,0.1,0.5955,8.236,-0.893,307.989,0.1,1.0525,7.7505,0.5085,307.978,0.669,1.6760000000000002,7.343,0.9145,308.038,0.627,1.8545,7.8055,-0.20500000000000002,308.019,0.1,1.4180000000000001,7.7635000000000005,-0.784,308.146,0.1,0.7435,7.549,-0.9515,308.18,0.1,0.3195,8.065999999999999,-1.233,308.005,0.202,0.2045,8.442499999999999,-0.7685,307.898,0.37,0.6145,8.2275,0.582,307.918,0.314,1.295,7.904,1.284,308.034,0.837,
1.2665,8.454,0.42300000000000004,307.97,0.738,1.379,8.471499999999999,-0.2955,307.886,0.89,1.532,8.192,-0.245,307.854,1.0,1.4385,8.108,-0.435,307.843,0.687,1.0995,8.0595,-0.5994999999999999,307.892,0.198,0.631,8.154499999999999,-0.607,308.1,0.1,0.493,7.974,-0.881,308.095,0.1,1.03,7.656000000000001,0.6605,308.082,0.412,1.486,7.5649999999999995,0.23349999999999999,308.093,0.715,1.1400000000000001,7.918,-0.9245,308.101,0.1,0.335,7.818,-0.7415,308.159,0.1,-0.21200000000000002,7.426500000000001,-0.856,308.071,0.1,-0.265,7.572,-1.197,307.931,0.237,-0.010999999999999996,7.5905000000000005,-0.71,307.914,0.359,0.5944999999999999,7.8870000000000005,0.34550000000000003,307.93,0.225,1.2374999999999998,8.161,0.7045,308.048,0.533,
1.0925,8.3005,0.7115,308.018,0.712,1.2175,8.282499999999999,-0.2525,307.89,0.943,1.4849999999999999,8.1215,-0.1975,307.941,1.016,1.697,8.004000000000001,-0.1905,307.911,0.858,1.5605,7.8665,-0.61,307.907,0.213,0.9875,7.788,-0.63,308.057,0.1,0.5489999999999999,7.83,-0.8325,308.165,0.1,0.887,8.0115,0.2885,308.173,0.198,1.2285,8.121,0.0395,308.193,0.904,0.798,7.955,-0.7035,308.105,0.1,0.07450000000000001,7.6345,-0.75,308.037,0.1,-0.353,7.3535,-0.796,307.969,0.1,-0.2935,7.327,-0.4135,307.921,0.273,0.16849999999999998,7.2285,-0.346,307.932,0.255,0.826,7.6165,-0.1375,307.934,0.148,1.3145,8.1415,-0.042499999999999996,307.982,0.353,
1.1164999999999998,8.41,0.5185,308.051,0.539,1.286,8.1725,0.038,307.947,1.022,1.6275,8.081,-0.22599999999999998,307.958,1.07,2.0694999999999997,8.004999999999999,0.0005000000000000004,307.973,1.115,2.2095,7.789,-0.511,307.939,0.243,1.7214999999999998,7.5855,-0.683,308.028,0.157,1.0190000000000001,7.806,-0.754,308.191,0.1,0.906,8.495999999999999,-0.371,308.218,0.112,1.1735,8.6745,0.20400000000000001,308.27,0.7,1.1915,8.1005,0.371,308.128,1.008,0.8715,7.511,-0.329,307.953,0.986,0.4475,7.391,-0.359,307.912,0.1,0.3695,7.468999999999999,1.012,307.991,0.647,0.618,7.612,0.312,307.996,0.543,0.86,7.439,-0.605,307.914,0.181,1.0534999999999999,7.7095,-0.7965,307.857,0.117,
1.415,8.567,-0.08549999999999999,307.998,0.211,1.5394999999999999,8.2335,0.21350000000000002,308.035,0.823,1.8175,8.051,0.0625,307.975,1.314,2.2635,8.055,0.265,308.013,1.259,2.6045,7.965,-0.2595,307.966,0.559,2.332,7.672000000000001,-0.7415,308.073,0.103,1.6015000000000001,7.8580000000000005,-0.749,308.232,0.1,1.1155,8.7635,-0.8280000000000001,308.243,0.1,1.185,8.9605,0.2125,308.256,0.244,1.536,8.402999999999999,1.056,308.218,1.063,1.624,7.782500000000001,0.34099999999999997,308.026,1.13,1.2934999999999999,7.558,0.5845,307.969,0.927,1.0375,7.6735,2.016,308.111,0.646,0.95,8.120000000000001,0.81,308.107,0.384,0.7555000000000001,7.481999999999999,-0.8314999999999999,307.931,0.103,0.621,7.3405000000000005,-1.1545,307.804,0.1,
1.828,8.592,-0.5445,307.934,0.125,1.679,8.433499999999999,0.0045,308.047,0.179,1.838,8.0945,0.6865,308.053,1.419,2.246,8.086500000000001,0.8275,308.077,1.166,2.653,8.3235,0.1185,308.031,0.556,2.563,7.9670000000000005,-0.648,308.112,0.105,1.96,7.9825,-0.7835000000000001,308.278,0.1,1.3895,8.756499999999999,-0.9295,308.247,0.1,1.298,8.9925,-0.0195,308.204,0.161,1.568,8.763,0.5489999999999999,308.203,0.744,1.7365,8.2915,0.4135,308.11,1.083,1.5755,7.679,1.322,308.112,1.128,1.29,7.683,2.1390000000000002,308.185,0.362,1.1244999999999998,8.2585,0.8205,308.131,0.171,0.9105,7.82,-0.9425,307.972,0.103,0.6545,7.574,-0.7010000000000001,307.887,0.332,
1.8744999999999998,8.5325,-0.6685,307.938,0.105,1.4729999999999999,8.681000000000001,-0.4215,308.005,0.1,1.635,8.116499999999998,1.2200000000000002,308.16,1.009,2.072,8.058,1.5225,308.203,1.103,2.419,8.6205,0.46499999999999997,308.112,0.426,2.4965,8.283999999999999,-0.45799999999999996,308.101,0.255,2.137,8.2,-0.7835000000000001,308.312,0.1,1.603,8.6935,-0.7685,308.271,0.1,1.3635000000000002,8.9785,-0.2955,308.153,0.125,1.391,8.993,-0.484,308.09,0.265,1.49,8.5405,-0.010499999999999999,308.096,0.721,1.5845,7.5595,1.4765000000000001,308.184,0.989,1.607,7.515499999999999,1.6265,308.175,0.208,1.5735000000000001,8.212,0.2555,308.074,0.102,1.3245,8.375,-1.133,308.002,0.121,0.964,8.3125,-0.012,308.031,0.77,
1.5175,8.411000000000001,-0.741,308.034,0.1,1.0975,8.8645,-0.878,308.05,0.1,1.3415,7.9755,1.323,308.256,0.546,1.7785000000000002,8.006,1.943,308.335,0.72,2.088,8.685,0.546,308.14,0.195,2.3674999999999997,8.4315,-0.5005000000000001,308.133,0.493,2.266,8.408000000000001,-0.821,308.366,0.106,1.7690000000000001,8.7365,-0.54,308.317,0.104,1.3780000000000001,8.9915,-0.46199999999999997,308.122,0.11,1.1875,8.9025,-1.1545,307.991,0.246,1.254,8.33,-0.1775,308.061,0.636,1.6404999999999998,7.2795000000000005,1.5105,308.176,0.714,2.009,7.3805,0.8365,308.144,0.137,2.039,8.301,-0.5965,308.05,0.1,1.633,8.862,-1.274,308.014,0.1,1.1325,8.881,0.1005,308.111,0.479,
1.294,8.150500000000001,-0.8505,308.184,0.1,0.9259999999999999,8.855,-1.3385,308.209,0.1,1.0775000000000001,7.8870000000000005,1.0365,308.319,0.513,1.4295,8.1325,1.9005,308.375,0.421,1.8584999999999998,8.6125,0.215,308.177,0.122,2.2755,8.3835,-0.8160000000000001,308.242,0.615,2.2504999999999997,8.457,-0.8585,308.387,0.273,1.812,8.775500000000001,-0.356,308.322,0.18,1.3985,8.904,-0.498,308.114,0.101,1.1385,8.5285,-1.323,307.983,0.297,1.2755,7.918,0.22999999999999998,308.068,0.572,1.8285,7.1,1.6655,308.184,0.375,2.1734999999999998,7.511,0.0725,308.13,0.104,2.06,8.5135,-1.138,308.051,0.115,1.6760000000000002,8.922,-1.227,308.013,0.184,1.264,8.734,-0.187,308.083,0.288,
1.522,7.888999999999999,-0.71,308.266,0.1,1.1545,8.631,-1.461,308.332,0.1,1.1564999999999999,8.169,0.6295,308.341,0.515,1.463,8.562000000000001,1.3904999999999998,308.331,0.255,1.8504999999999998,8.597,-0.3615,308.244,0.1,2.085,8.3105,-1.0165,308.316,0.553,1.9965000000000002,8.372499999999999,-0.707,308.316,0.583,1.7065000000000001,8.665,-0.20650000000000002,308.267,0.131,1.4115,8.655000000000001,-0.552,308.143,0.1,1.1985000000000001,8.100999999999999,-1.2185000000000001,308.039,0.376,1.413,7.598,0.9764999999999999,308.105,0.553,1.92,7.2075,1.6059999999999999,308.201,0.222,1.9845000000000002,7.914999999999999,-0.473,308.127,0.102,1.729,8.635000000000002,-1.1415,308.017,0.216,1.5499999999999998,8.4755,-1.0659999999999998,307.971,0.162,1.363,8.064499999999999,-0.107,308.009,0.194,
1.7145000000000001,7.9465,-0.35,308.271,0.26,1.487,8.4575,-0.619,308.312,0.1,1.5255,8.6445,0.4275,308.33,0.519,1.7835,9.0015,0.364,308.3,0.175,1.889,8.636,-0.9795,308.334,0.1,1.8045,8.2915,-0.9994999999999999,308.371,0.214,1.703,8.2725,-0.438,308.246,0.518,1.556,8.444500000000001,-0.131,308.224,0.105,1.2855,8.328,-0.8055,308.22,0.1,1.1235,7.801,-0.891,308.101,0.41,1.4595,7.499499999999999,1.5870000000000002,308.149,0.555,1.883,7.568,1.0495,308.203,0.146,1.6985000000000001,8.3385,-0.721,308.084,0.1,1.2985,8.562000000000001,-0.9954999999999999,307.951,0.145,1.1709999999999998,7.8580000000000005,-0.8445,307.928,0.207,1.1509999999999998,7.545,0.356,307.976,0.174,
1.2925,8.394,-0.125,308.281,0.178,1.487,8.625,0.597,308.347,0.649,1.915,8.874500000000001,0.46299999999999997,308.326,0.568,2.1005000000000003,9.0415,-0.7055,308.314,0.103,1.9085,8.5655,-1.3765,308.444,0.1,1.6320000000000001,8.3085,-1.036,308.446,0.104,1.496,8.2475,-0.398,308.248,0.35,1.2825000000000002,8.1755,-0.2465,308.257,0.1,0.8780000000000001,7.9990000000000006,-1.1905000000000001,308.292,0.1,0.8165,7.6765,-0.2565,308.142,0.498,1.338,7.6739999999999995,1.6275,308.192,0.634,1.6655,7.960500000000001,0.2525,308.172,0.107,1.3014999999999999,8.485,-0.769,308.024,0.1,0.744,8.385,-1.0955,307.938,0.1,0.5980000000000001,7.572,-0.6085,307.943,0.207,0.7885,7.4670000000000005,0.34850000000000003,307.985,0.129,
0.6665,8.826,-0.193,308.273,0.12,1.2085,8.972999999999999,0.7045,308.399,0.244,2.0465,8.8545,0.38749999999999996,308.362,0.554,2.344,8.754000000000001,-0.5005,308.335,0.105,2.051,8.347999999999999,-0.9794999999999999,308.457,0.1,1.6375,8.4905,-0.868,308.428,0.105,1.3255,8.379000000000001,-0.6255,308.286,0.216,0.8665,7.8525,-0.6174999999999999,308.337,0.1,0.34750000000000003,7.731,-1.431,308.296,0.1,0.487,7.731,0.51,308.191,0.567,1.087,8.0495,1.109,308.228,0.768,1.1604999999999999,8.1805,-0.3075,308.135,0.1,0.586,8.277000000000001,-0.8895,308.032,0.1,0.022500000000000006,8.2005,-1.366,308.005,0.101,0.11750000000000001,7.7855,-0.3205,307.991,0.151,0.593,7.6025,-0.254,307.999,0.108,
0.633,8.818000000000001,-0.654,308.267,0.1,1.0295,8.879999999999999,-0.203,308.364,0.103,1.7305000000000001,8.788499999999999,0.092,308.398,0.273,2.201,8.4115,0.9475,308.404,0.617,2.0484999999999998,8.1395,0.23,308.41,0.1,1.6749999999999998,8.8025,0.136,308.348,0.266,1.329,8.5765,-0.519,308.298,0.232,0.655,7.6095,-1.0845,308.383,0.1,0.08549999999999999,7.698499999999999,-1.3555,308.26,0.143,0.3935,8.032,0.8674999999999999,308.256,0.471,0.865,8.428,0.47250000000000003,308.253,0.824,0.6755,8.2335,-0.512,308.162,0.1,0.09,7.964,-1.0575,308.127,0.1,-0.258,7.936,-1.267,308.071,0.103,0.127,8.1645,0.30600000000000005,308.038,0.102,0.7395,7.8614999999999995,-0.5885,308.039,0.102,
0.7869999999999999,8.679,-1.109,308.344,0.1,0.952,8.627,-1.0295,308.397,0.1,1.336,8.752,-0.2855,308.348,0.111,1.662,8.243,1.741,308.445,0.318,1.6355,8.064,1.2730000000000001,308.384,0.187,1.6320000000000001,8.954,1.5125,308.404,0.488,1.487,8.66,0.33699999999999997,308.323,0.519,0.6900000000000001,7.542,-0.9645,308.339,0.1,0.14850000000000002,7.773,-0.8574999999999999,308.235,0.132,0.5465,8.259,0.469,308.304,0.344,0.9175,8.59,-0.0014999999999999996,308.257,0.694,0.8035,8.236,-0.5575,308.264,0.102,0.6505,7.832,-0.9185000000000001,308.222,0.1,0.6655,7.763,-0.3085,308.115,0.112,0.9039999999999999,8.33,1.2675,308.12,0.153,1.1195,8.042,-0.4115,308.093,0.1,
1.4104999999999999,8.7185,0.0485,307.973,0.698,1.4985,8.5185,0.126,307.96,0.982,1.608,8.361,-0.20450000000000002,307.899,0.78,1.6255000000000002,8.254,-0.5945,307.86,0.515,1.4385,8.091999999999999,-0.5605,307.947,0.106,0.944,8.44,-0.4455,308.032,0.1,0.563,8.437999999999999,-0.8255,307.944,0.1,0.8560000000000001,8.1455,0.2665,307.915,0.763,1.494,7.523,1.39,307.985,0.678,1.995,7.632,0.653,307.973,0.12,2.08,7.5344999999999995,-0.6295,308.057,0.1,1.5705,7.6434999999999995,-0.9450000000000001,308.213,0.1,0.879,8.3505,-1.1255000000000002,308.108,0.1,0.6275,8.9445,-0.724,307.908,0.12,1.0685,8.499500000000001,0.576,307.916,0.265,1.5875,7.6195,1.0939999999999999,307.969,0.849,
1.5865,8.682,0.17049999999999998,307.965,0.633,1.691,8.623000000000001,-0.14500000000000002,307.898,0.904,1.7429999999999999,8.371500000000001,-0.4025,307.807,0.852,1.553,8.2345,-0.576,307.822,0.511,1.1795,8.0555,-0.5105,307.919,0.107,0.709,8.3275,-0.48150000000000004,308.083,0.1,0.5215,8.1995,-0.8175,308.033,0.1,0.9844999999999999,7.694,0.46199999999999997,307.978,0.623,1.6615,7.409,0.86,308.028,0.559,1.865,7.8765,-0.218,308.022,0.1,1.3795,7.737,-0.729,308.176,0.1,0.624,7.5,-0.8765000000000001,308.209,0.1,0.1305,8.011,-1.1795,308.031,0.108,0.0175,8.456,-0.7025,307.905,0.326,0.5275,8.275,0.5825,307.922,0.261,1.2545,7.897,1.1555,308.027,0.79,
1.5035,8.45,0.4575,307.975,0.693,1.624,8.5185,-0.291,307.871,0.826,1.7389999999999999,8.239,-0.27349999999999997,307.84,0.927,1.6,8.092500000000001,-0.425,307.864,0.575,1.1775,7.908,-0.558,307.92,0.107,0.622,8.014,-0.5249999999999999,308.12,0.1,0.44300000000000006,7.971,-0.7915,308.141,0.1,0.9710000000000001,7.635999999999999,0.5595,308.082,0.375,1.4260000000000002,7.6605,0.129,308.09,0.615,1.0845,7.947,-0.87,308.12,0.1,0.27999999999999997,7.7585,-0.653,308.177,0.1,-0.306,7.328,-0.8,308.085,0.1,-0.44599999999999995,7.4905,-1.1684999999999999,307.941,0.111,-0.224,7.6530000000000005,-0.677,307.922,0.294,0.46749999999999997,7.986000000000001,0.313,307.939,0.18,1.162,8.194500000000001,0.6194999999999999,308.043,0.509,
1.312,8.3295,0.7024999999999999,308.014,0.65,1.452,8.3205,-0.2475,307.886,0.877,1.6895,8.156,-0.2355,307.936,0.944,1.8655,7.9785,-0.22249999999999998,307.933,0.717,1.6615,7.711,-0.59,307.956,0.109,1.0225,7.645,-0.554,308.089,0.1,0.5640000000000001,7.8445,-0.7290000000000001,308.211,0.1,0.8720000000000001,8.039,0.193,308.179,0.17,1.139,8.186,-0.0805,308.195,0.814,0.6739999999999999,7.898,-0.6635,308.116,0.1,-0.024500000000000022,7.534000000000001,-0.687,308.041,0.1,-0.4515,7.235,-0.7344999999999999,307.978,0.1,-0.44499999999999995,7.2235,-0.4265,307.928,0.115,-0.018500000000000016,7.221,-0.397,307.94,0.113,0.6715,7.6690000000000005,-0.1555,307.932,0.12,1.1895,8.193999999999999,-0.0465,307.972,0.342,
1.2374999999999998,8.463000000000001,0.5055000000000001,308.044,0.467,1.458,8.2075,0.0145,307.944,0.95,1.814,8.096,-0.2445,307.96,0.997,2.224,7.9685,-0.0565,307.972,1.029,2.283,7.648,-0.541,307.988,0.112,1.734,7.48,-0.646,308.094,0.104,1.0425,7.8375,-0.6575,308.248,0.1,0.9265,8.5495,-0.396,308.241,0.104,1.124,8.686499999999999,0.127,308.27,0.622,1.0935000000000001,8.009,0.33299999999999996,308.122,0.958,0.7685,7.405,-0.338,307.947,0.953,0.34500000000000003,7.279,-0.3015,307.92,0.1,0.2565,7.3745,1.004,307.993,0.582,0.4855,7.5329999999999995,0.2295,307.99,0.437,0.723,7.410500000000001,-0.5834999999999999,307.907,0.134,0.9065,7.7585,-0.7475,307.85,0.1,
1.4755,8.648499999999999,-0.057499999999999996,307.998,0.173,1.633,8.2655,0.1885,308.031,0.753,1.9380000000000002,8.0345,0.052500000000000005,307.973,1.234,2.3775,8.004,0.2115,308.001,1.185,2.634,7.835,-0.3355,307.991,0.466,2.271,7.584,-0.747,308.16,0.1,1.5470000000000002,7.9,-0.6739999999999999,308.305,0.1,1.096,8.821,-0.7845,308.276,0.1,1.1635,8.968,0.2015,308.256,0.205,1.5095,8.356,0.9750000000000001,308.206,1.01,1.5765,7.712,0.28049999999999997,308.015,1.085,1.23,7.476,0.604,307.967,0.868,0.992,7.623,2.0535,308.106,0.567,0.895,8.059,0.7685,308.098,0.308,0.656,7.4239999999999995,-0.8165,307.931,0.1,0.475,7.3385,-1.1235,307.808,0.1,
1.8805,8.674499999999998,-0.482,307.958,0.101,1.7255,8.445,0.0165,308.045,0.152,1.899,8.062,0.6595,308.045,1.363,2.332,8.033000000000001,0.779,308.065,1.099,2.6879999999999997,8.203,0.0405,308.029,0.491,2.487,7.856,-0.688,308.193,0.1,1.831,8.018,-0.7415,308.362,0.1,1.2734999999999999,8.8185,-0.8594999999999999,308.272,0.1,1.2245,9.0425,0.0025,308.203,0.138,1.541,8.768,0.48350000000000004,308.194,0.707,1.709,8.2535,0.37,308.099,1.038,1.5385,7.6455,1.3135,308.101,1.053,1.3005,7.682,2.1935000000000002,308.18,0.306,1.1555,8.245000000000001,0.8145,308.123,0.145,0.865,7.769,-0.9604999999999999,307.978,0.1,0.532,7.513999999999999,-0.7195,307.89,0.122,
1.8840000000000001,8.591,-0.5940000000000001,307.981,0.1,1.467,8.663,-0.385,308.014,0.1,1.6549999999999998,8.109,1.1905000000000001,308.152,0.971,2.1435,8.031500000000001,1.48,308.192,1.034,2.5065,8.5055,0.4305,308.104,0.372,2.4945,8.163499999999999,-0.522,308.168,0.113,2.004,8.221499999999999,-0.7805,308.394,0.1,1.428,8.761,-0.7065,308.289,0.1,1.2415,9.046,-0.273,308.147,0.112,1.3225,8.9835,-0.4945,308.081,0.26,1.4300000000000002,8.496,0.001,308.087,0.686,1.55,7.561999999999999,1.457,308.172,0.917,1.661,7.5555,1.6475,308.171,0.173,1.669,8.249,0.2445,308.07,0.101,1.334,8.3305,-1.157,308.004,0.102,0.8915,8.241,-0.0315,308.025,0.715,
1.4015,8.46,-0.6515,308.086,0.1,0.997,8.856,-0.844,308.073,0.1,1.317,8.0205,1.3079999999999998,308.255,0.511,1.8719999999999999,8.027000000000001,1.913,308.329,0.625,2.2775,8.591000000000001,0.534,308.134,0.162,2.4685,8.344999999999999,-0.562,308.194,0.398,2.161,8.4055,-0.8294999999999999,308.439,0.1,1.581,8.7805,-0.49250000000000005,308.339,0.103,1.236,9.0115,-0.435,308.117,0.104,1.084,8.83,-1.109,307.988,0.25,1.1724999999999999,8.250499999999999,-0.133,308.058,0.607,1.617,7.285,1.4665,308.168,0.646,2.0425,7.458,0.8160000000000001,308.138,0.124,2.0595,8.3785,-0.615,308.052,0.102,1.5955,8.8055,-1.2715,308.016,0.1,1.0745,8.807,0.1365,308.106,0.456,
1.1105,8.17,-0.764,308.238,0.1,0.7525,8.893,-1.286,308.246,0.1,1.0275,7.9635,1.01,308.327,0.474,1.57,8.187000000000001,1.858,308.371,0.374,2.099,8.575,0.1845,308.191,0.11,2.3895,8.331,-0.851,308.291,0.508,2.15,8.41,-0.8505,308.44,0.115,1.6324999999999998,8.756,-0.314,308.344,0.14,1.2435,8.8585,-0.4595,308.119,0.1,1.0025,8.408000000000001,-1.255,307.986,0.304,1.187,7.804499999999999,0.26749999999999996,308.069,0.546,1.8094999999999999,7.098,1.5835,308.179,0.328,2.1445,7.612,0.0435,308.13,0.101,1.961,8.5825,-1.1385,308.048,0.12,1.5470000000000002,8.835,-1.193,308.009,0.185,1.1745,8.626000000000001,-0.09999999999999999,308.082,0.274,
1.4060000000000001,7.8260000000000005,-0.6705,308.309,0.1,1.0045,8.6735,-1.3925,308.372,0.1,1.1355,8.221499999999999,0.5740000000000001,308.351,0.471,1.646,8.6085,1.3175,308.332,0.233,2.0745,8.602,-0.394,308.259,0.1,2.1525,8.261500000000002,-1.0215,308.346,0.451,1.8970000000000002,8.2905,-0.6935,308.338,0.513,1.546,8.585,-0.1725,308.289,0.112,1.2285,8.586500000000001,-0.503,308.162,0.1,1.0075,7.968,-1.1575,308.047,0.378,1.3005,7.4765,0.9804999999999999,308.109,0.521,1.8905,7.2155000000000005,1.4975,308.198,0.196,1.9235000000000002,8.01,-0.4825,308.125,0.101,1.5859999999999999,8.667,-1.1099999999999999,308.01,0.221,1.369,8.374500000000001,-1.012,307.962,0.156,1.2315,7.939500000000001,-0.027000000000000003,308.01,0.184,
1.701,7.824,-0.3495,308.288,0.221,1.4085,8.443999999999999,-0.611,308.337,0.1,1.5095,8.6445,0.362,308.334,0.472,1.9115,9.006,0.3115,308.297,0.145,2.0335,8.617,-0.976,308.347,0.1,1.83,8.224,-0.9764999999999999,308.394,0.109,1.6195,8.1815,-0.4325,308.254,0.433,1.408,8.353,-0.1055,308.255,0.1,1.0685,8.277999999999999,-0.7384999999999999,308.252,0.1,0.8985000000000001,7.675,-0.849,308.11,0.391,1.348,7.41,1.53,308.154,0.515,1.8425,7.598,0.9505,308.201,0.131,1.599,8.41,-0.7024999999999999,308.077,0.1,1.1225,8.5855,-0.929,307.94,0.137,0.979,7.773,-0.7935,307.922,0.189,1.0255,7.461,0.365,307.978,0.162,
1.3165,8.2995,-0.1305,308.282,0.166,1.462,8.5815,0.5175000000000001,308.347,0.562,1.8935,8.861,0.38749999999999996,308.322,0.512,2.1355,9.011,-0.709,308.323,0.1,1.946,8.4875,-1.331,308.474,0.1,1.612,8.1855,-1.001,308.47,0.1,1.4220000000000002,8.120000000000001,-0.3965,308.265,0.251,1.1515,8.1025,-0.2025,308.288,0.1,0.6795,7.968,-1.0965,308.332,0.1,0.6395,7.571999999999999,-0.249,308.152,0.44,1.28,7.635,1.5085000000000002,308.192,0.585,1.653,7.9990000000000006,0.20950000000000002,308.171,0.102,1.2245,8.530000000000001,-0.714,308.018,0.1,0.6065,8.4215,-1.006,307.937,0.1,0.4615,7.492,-0.614,307.943,0.18,0.6905,7.423,0.28200000000000003,307.983,0.123,
0.6910000000000001,8.7895,-0.1885,308.269,0.119,1.228,8.958,0.6255,308.392,0.192,2.0665,8.8705,0.3035,308.355,0.483,2.349,8.7195,-0.516,308.36,0.1,2.04,8.224,-0.9139999999999999,308.489,0.1,1.616,8.288499999999999,-0.854,308.452,0.1,1.2725,8.164000000000001,-0.635,308.323,0.109,0.764,7.775,-0.5389999999999999,308.368,0.1,0.22449999999999998,7.6975,-1.3185,308.335,0.1,0.40750000000000003,7.670999999999999,0.45699999999999996,308.199,0.525,1.074,8.04,0.9804999999999999,308.225,0.706,1.1825,8.2085,-0.2835,308.136,0.1,0.601,8.282,-0.8109999999999999,308.042,0.1,0.008000000000000007,8.224499999999999,-1.2705,308.024,0.1,0.05049999999999999,7.7010000000000005,-0.4,307.993,0.127,0.45899999999999996,7.5395,-0.34850000000000003,308.001,0.103,
0.6855,8.7675,-0.6234999999999999,308.265,0.1,1.0935,8.8865,-0.189,308.37,0.1,1.792,8.8235,0.0455,308.393,0.223,2.2325,8.394,0.914,308.409,0.509,2.079,8.008,0.29200000000000004,308.425,0.1,1.708,8.5795,0.126,308.363,0.117,1.338,8.3005,-0.543,308.33,0.11,0.6295,7.5,-0.9875,308.417,0.1,0.053500000000000006,7.6530000000000005,-1.272,308.294,0.101,0.389,8.0215,0.75,308.256,0.425,0.873,8.4205,0.383,308.248,0.749,0.6855,8.246500000000001,-0.4645,308.173,0.1,0.0965,7.926499999999999,-1.0155,308.153,0.1,-0.2505,7.9265,-1.1885,308.096,0.1,0.07749999999999999,8.1035,0.226,308.042,0.101,0.5625,7.7615,-0.671,308.054,0.1,
0.8105,8.593,-1.0735000000000001,308.364,0.1,0.9715,8.632,-0.964,308.417,0.1,1.354,8.788,-0.28049999999999997,308.348,0.105,1.691,8.237,1.7525,308.441,0.264,1.686,7.942,1.3090000000000002,308.383,0.106,1.6915,8.747,1.486,308.401,0.416,1.5594999999999999,8.375,0.307,308.339,0.468,0.7485,7.414,-0.896,308.37,0.1,0.16799999999999998,7.722,-0.855,308.258,0.102,0.564,8.269,0.346,308.302,0.292,0.9165,8.579,-0.050499999999999996,308.251,0.609,0.7395,8.242,-0.5355000000000001,308.294,0.1,0.5355,7.778,-0.9475,308.249,0.1,0.573,7.737,-0.28049999999999997,308.131,0.1,0.8220000000000001,8.29,1.2475,308.122,0.109,0.955,7.93,-0.437,308.109,0.1,
1.447,8.666,0.040999999999999995,307.968,0.665,1.613,8.5765,0.0995,307.952,0.916,1.7805,8.454,-0.23149999999999998,307.89,0.715,1.7635,8.3275,-0.5974999999999999,307.888,0.335,1.4969999999999999,8.079,-0.543,307.988,0.103,0.9495,8.370000000000001,-0.39849999999999997,308.075,0.1,0.5355,8.3585,-0.7424999999999999,307.998,0.1,0.8215,8.073,0.25,307.912,0.712,1.4945,7.539,1.362,307.978,0.606,2.005,7.656000000000001,0.5855,307.965,0.118,2.0185,7.478999999999999,-0.6325000000000001,308.112,0.1,1.451,7.640000000000001,-0.869,308.274,0.1,0.7795,8.308499999999999,-1.054,308.161,0.1,0.587,8.846499999999999,-0.69,307.923,0.153,1.0655000000000001,8.497,0.5515,307.914,0.235,1.5355,7.523,0.9564999999999999,307.967,0.783,
1.7015,8.630500000000001,0.202,307.961,0.6,1.8525,8.649999999999999,-0.159,307.884,0.827,1.9085,8.4265,-0.40900000000000003,307.798,0.775,1.6840000000000002,8.254000000000001,-0.5515,307.859,0.333,1.2345,7.9815000000000005,-0.46950000000000003,307.957,0.104,0.6865,8.223,-0.41600000000000004,308.115,0.1,0.4515,8.1805,-0.74,308.098,0.1,0.915,7.641,0.4105,307.979,0.573,1.6355,7.502,0.798,308.018,0.484,1.851,7.931,-0.236,308.032,0.1,1.3175,7.6815,-0.667,308.217,0.1,0.505,7.434,-0.7935,308.244,0.1,-0.0435,7.9275,-1.1145,308.068,0.104,-0.1185,8.4525,-0.64,307.913,0.285,0.49199999999999994,8.364,0.5680000000000001,307.925,0.205,1.1735,7.879,1.0070000000000001,308.021,0.745,
1.7094999999999998,8.440000000000001,0.47850000000000004,307.977,0.645,1.8599999999999999,8.535,-0.28300000000000003,307.86,0.752,1.945,8.2895,-0.2985,307.833,0.843,1.755,8.089500000000001,-0.413,307.922,0.369,1.2574999999999998,7.805,-0.5065,307.981,0.104,0.631,7.891500000000001,-0.433,308.146,0.1,0.402,8.0015,-0.7005,308.21,0.1,0.892,7.6295,0.4485,308.08,0.341,1.3335,7.7875,0.028999999999999998,308.102,0.511,1.008,7.95,-0.808,308.149,0.1,0.2345,7.679,-0.5609999999999999,308.197,0.1,-0.36300000000000004,7.2225,-0.74,308.101,0.1,-0.5695,7.3870000000000005,-1.13,307.954,0.106,-0.3245,7.7315000000000005,-0.635,307.924,0.238,0.43100000000000005,8.1235,0.273,307.949,0.152,1.03,8.2105,0.5225,308.039,0.483,
1.5165,8.350999999999999,0.683,308.01,0.589,1.729,8.353000000000002,-0.243,307.892,0.802,1.964,8.216999999999999,-0.27249999999999996,307.947,0.858,2.0465,7.965,-0.2535,308.002,0.451,1.7225000000000001,7.6025,-0.5645,308.046,0.105,1.03,7.558999999999999,-0.47250000000000003,308.144,0.1,0.5715,7.907500000000001,-0.625,308.277,0.1,0.8334999999999999,8.0975,0.089,308.19,0.15,1.0095,8.266,-0.1855,308.214,0.724,0.5295,7.811,-0.615,308.132,0.1,-0.10300000000000001,7.433999999999999,-0.623,308.046,0.1,-0.498,7.128,-0.671,307.987,0.1,-0.5145,7.115,-0.4375,307.934,0.108,-0.08999999999999998,7.225,-0.4325,307.939,0.107,0.5825,7.7435,-0.17049999999999998,307.932,0.111,1.0025,8.229,-0.054000000000000006,307.961,0.326,
1.359,8.5105,0.486,308.039,0.397,1.665,8.2545,-0.012,307.95,0.87,2.0460000000000003,8.1345,-0.2615,307.984,0.913,2.3595,7.928,-0.11349999999999999,307.998,0.933,2.2715,7.5205,-0.5655,308.078,0.106,1.6695,7.4445,-0.6034999999999999,308.196,0.102,1.0345,7.923,-0.5625,308.323,0.1,0.9325,8.629999999999999,-0.4255,308.285,0.102,1.052,8.701,0.0615,308.273,0.539,0.9725,7.896999999999999,0.29300000000000004,308.116,0.904,0.6595,7.313,-0.348,307.941,0.918,0.2565,7.1865000000000006,-0.242,307.926,0.1,0.17400000000000002,7.2829999999999995,0.9895,307.995,0.521,0.3885,7.405,0.1505,307.983,0.292,0.5920000000000001,7.4030000000000005,-0.5565,307.902,0.119,0.718,7.8085,-0.6950000000000001,307.844,0.1,
1.5425,8.724,-0.0305,308.001,0.15,1.737,8.3045,0.16149999999999998,308.03,0.676,2.0685000000000002,8.023,0.0455,307.98,1.138,2.472,7.943,0.1545,307.993,1.096,2.5905,7.6625,-0.4085,308.06,0.308,2.1315,7.545,-0.741,308.278,0.1,1.4529999999999998,7.99,-0.5975,308.387,0.1,1.0635,8.881,-0.7435,308.315,0.1,1.135,8.969999999999999,0.1905,308.256,0.181,1.467,8.299,0.8815,308.194,0.952,1.5085000000000002,7.6505,0.217,308.004,1.04,1.153,7.405,0.624,307.966,0.811,0.9359999999999999,7.572,2.0805,308.102,0.495,0.833,7.9075,0.72,308.076,0.243,0.55,7.391500000000001,-0.793,307.935,0.1,0.3035,7.354,-1.0825,307.819,0.1,
1.9024999999999999,8.741,-0.41400000000000003,307.984,0.101,1.7694999999999999,8.4445,0.0315,308.045,0.138,1.9595,8.0185,0.6305000000000001,308.039,1.301,2.4074999999999998,7.976,0.7235,308.054,1.028,2.677,7.9855,-0.04,308.054,0.434,2.348,7.7755,-0.716,308.291,0.1,1.661,8.091999999999999,-0.6905,308.441,0.1,1.142,8.864,-0.788,308.289,0.1,1.1545,9.0735,0.0175,308.198,0.127,1.5154999999999998,8.7575,0.40800000000000003,308.184,0.666,1.6640000000000001,8.2105,0.3255,308.088,0.991,1.4900000000000002,7.609,1.303,308.092,0.976,1.3285,7.6785,2.2359999999999998,308.175,0.267,1.202,8.175999999999998,0.7975000000000001,308.102,0.131,0.815,7.7405,-0.9675,307.99,0.1,0.393,7.468,-0.7284999999999999,307.902,0.112,
1.824,8.6275,-0.512,308.03,0.1,1.4475,8.622499999999999,-0.347,308.025,0.1,1.6720000000000002,8.082,1.15,308.145,0.929,2.2175000000000002,8.0,1.4275,308.183,0.958,2.585,8.294,0.385,308.098,0.316,2.4480000000000004,8.0745,-0.5795,308.247,0.107,1.83,8.263,-0.76,308.463,0.1,1.2525,8.792,-0.637,308.292,0.1,1.146,9.074,-0.2545,308.137,0.107,1.274,8.9465,-0.5055000000000001,308.074,0.252,1.3664999999999998,8.438500000000001,0.015,308.081,0.653,1.51,7.556,1.4335,308.162,0.839,1.7085,7.5975,1.657,308.165,0.159,1.7254999999999998,8.276,0.22599999999999998,308.065,0.1,1.293,8.289,-1.1715,308.018,0.101,0.8005,8.160499999999999,-0.0485,308.024,0.659,
1.246,8.504,-0.5545,308.147,0.1,0.898,8.831,-0.812,308.101,0.1,1.2985,8.0505,1.278,308.255,0.478,1.9569999999999999,8.033000000000001,1.869,308.325,0.552,2.4290000000000003,8.460999999999999,0.5045,308.143,0.142,2.4930000000000003,8.292,-0.6174999999999999,308.261,0.268,2.0025,8.395,-0.8140000000000001,308.482,0.1,1.4064999999999999,8.765,-0.4335,308.333,0.111,1.1275,8.982,-0.40700000000000003,308.113,0.102,1.002,8.733,-1.057,307.987,0.241,1.1075,8.1615,-0.0865,308.056,0.576,1.6025,7.2865,1.415,308.164,0.571,2.0615,7.547,0.7895000000000001,308.134,0.12,2.035,8.453,-0.6305000000000001,308.053,0.108,1.5114999999999998,8.7295,-1.2625,308.023,0.1,0.9989999999999999,8.706499999999998,0.173,308.1,0.432,
0.9325,8.2225,-0.6635,308.299,0.1,0.595,8.9245,-1.232,308.295,0.1,0.9795,8.0465,0.9724999999999999,308.336,0.438,1.684,8.222999999999999,1.794,308.37,0.333,2.267,8.55,0.14,308.217,0.106,2.3945,8.3045,-0.873,308.34,0.331,1.9869999999999999,8.33,-0.8195,308.457,0.108,1.475,8.677,-0.26149999999999995,308.338,0.125,1.124,8.7805,-0.4185,308.13,0.1,0.886,8.282499999999999,-1.1804999999999999,307.992,0.292,1.1135000000000002,7.6935,0.303,308.07,0.519,1.7875,7.0975,1.4889999999999999,308.176,0.29,2.0935,7.7285,0.018,308.129,0.101,1.831,8.641,-1.1275,308.043,0.116,1.3925,8.737,-1.153,308.003,0.182,1.076,8.5085,-0.010499999999999999,308.079,0.26,
1.2974999999999999,7.8155,-0.616,308.359,0.1,0.8645,8.7255,-1.312,308.419,0.1,1.088,8.2985,0.516,308.363,0.431,1.7585000000000002,8.6365,1.222,308.332,0.212,2.202,8.615,-0.43,308.279,0.1,2.116,8.229,-1.0110000000000001,308.379,0.298,1.742,8.157,-0.667,308.355,0.453,1.4024999999999999,8.474499999999999,-0.134,308.3,0.107,1.0835,8.513,-0.4505,308.189,0.1,0.8614999999999999,7.8505,-1.089,308.054,0.359,1.2265,7.3740000000000006,0.9715,308.112,0.489,1.854,7.2275,1.3744999999999998,308.196,0.178,1.8315000000000001,8.1105,-0.482,308.125,0.1,1.4205,8.6885,-1.0675,308.003,0.217,1.1825,8.3025,-0.954,307.952,0.149,1.112,7.848000000000001,0.0515,308.011,0.175,
1.6835,7.736,-0.34450000000000003,308.312,0.168,1.327,8.456,-0.589,308.364,0.1,1.464,8.6665,0.29800000000000004,308.339,0.428,1.9685000000000001,8.9845,0.245,308.296,0.133,2.0905,8.5795,-0.968,308.371,0.1,1.768,8.1685,-0.9410000000000001,308.421,0.105,1.4769999999999999,8.049,-0.4195,308.278,0.355,1.2595,8.2625,-0.078,308.286,0.1,0.8965,8.237,-0.6655,308.292,0.1,0.747,7.578,-0.8009999999999999,308.115,0.355,1.288,7.352,1.4495,308.155,0.476,1.79,7.633,0.843,308.199,0.124,1.4755,8.472999999999999,-0.6739999999999999,308.072,0.1,0.9570000000000001,8.603,-0.8554999999999999,307.929,0.13,0.823,7.757,-0.741,307.913,0.174,0.937,7.433,0.3655,307.979,0.154,
1.3315,8.213000000000001,-0.1395,308.283,0.158,1.426,8.551,0.4385,308.349,0.481,1.8505,8.853,0.3085,308.319,0.456,2.1325000000000003,8.9515,-0.717,308.337,0.1,1.9344999999999999,8.38,-1.279,308.514,0.1,1.5310000000000001,8.067499999999999,-0.9575,308.498,0.1,1.2935,7.998,-0.3855,308.295,0.185,1.01,8.046,-0.155,308.322,0.1,0.529,7.9495000000000005,-0.995,308.38,0.1,0.5355000000000001,7.5009999999999994,-0.2445,308.158,0.377,1.25,7.622,1.3695,308.191,0.536,1.613,8.0435,0.16399999999999998,308.171,0.101,1.1265,8.565,-0.652,308.013,0.1,0.486,8.4555,-0.9099999999999999,307.938,0.1,0.35350000000000004,7.497,-0.618,307.94,0.162,0.6025,7.423,0.2165,307.979,0.12,
0.7195,8.7405,-0.183,308.265,0.118,1.244,8.918,0.538,308.384,0.168,2.06,8.8705,0.21500000000000002,308.349,0.421,2.316,8.665,-0.53,308.4,0.1,1.9895,8.085,-0.8465,308.527,0.1,1.553,8.0665,-0.8354999999999999,308.474,0.1,1.1935,7.9830000000000005,-0.6325000000000001,308.354,0.105,0.6729999999999999,7.7170000000000005,-0.4545,308.401,0.1,0.1495,7.6695,-1.198,308.383,0.1,0.3735,7.6419999999999995,0.39049999999999996,308.203,0.486,1.063,8.041,0.847,308.222,0.642,1.1795,8.241499999999998,-0.26,308.137,0.1,0.603,8.283999999999999,-0.7245,308.054,0.1,-0.013499999999999998,8.247,-1.1695,308.051,0.1,-0.04400000000000001,7.683999999999999,-0.484,307.996,0.117,0.2915,7.5035,-0.42600000000000005,308.008,0.102,
0.7325,8.690999999999999,-0.5845,308.267,0.1,1.1365,8.852,-0.1775,308.379,0.1,1.8195000000000001,8.835,-0.0015000000000000013,308.391,0.189,2.226,8.363,0.8805000000000001,308.424,0.331,2.069,7.879,0.35,308.443,0.1,1.713,8.312000000000001,0.11449999999999999,308.378,0.111,1.3395000000000001,8.044,-0.5635,308.359,0.106,0.627,7.407,-0.8865000000000001,308.458,0.1,0.060000000000000005,7.5865,-1.178,308.341,0.1,0.40149999999999997,8.026,0.6185,308.256,0.385,0.8885,8.415500000000002,0.2975,308.244,0.67,0.7155,8.2545,-0.41400000000000003,308.185,0.1,0.13599999999999998,7.875,-0.9664999999999999,308.186,0.1,-0.2335,7.914,-1.1059999999999999,308.129,0.1,-0.018000000000000002,8.0745,0.1315,308.044,0.104,0.335,7.6795,-0.733,308.077,0.1,
0.8315,8.477,-1.0305,308.391,0.1,0.9895,8.601,-0.894,308.443,0.1,1.367,8.804,-0.2735,308.354,0.103,1.705,8.218,1.757,308.438,0.227,1.7229999999999999,7.827,1.3355000000000001,308.382,0.103,1.7505000000000002,8.49,1.4475,308.398,0.359,1.6520000000000001,8.096,0.267,308.354,0.42,0.8654999999999999,7.3,-0.8240000000000001,308.408,0.1,0.23850000000000002,7.632,-0.843,308.298,0.101,0.582,8.28,0.21749999999999997,308.301,0.254,0.9225,8.569,-0.095,308.247,0.514,0.7130000000000001,8.235,-0.5025,308.324,0.1,0.46900000000000003,7.696,-0.9744999999999999,308.277,0.1,0.5185,7.707,-0.251,308.148,0.1,0.7324999999999999,8.264,1.2125,308.122,0.125,0.7595,7.833,-0.451,308.131,0.1,
1.483,8.614,0.031,307.963,0.631,1.7269999999999999,8.634,0.06899999999999999,307.945,0.849,1.952,8.547,-0.257,307.88,0.651,1.9015,8.400500000000001,-0.59,307.917,0.155,1.5554999999999999,8.0655,-0.5095000000000001,308.029,0.101,0.9545,8.3,-0.34750000000000003,308.117,0.1,0.508,8.279,-0.6595,308.052,0.1,0.7865,8.0015,0.22949999999999998,307.91,0.662,1.495,7.555,1.32,307.971,0.534,2.0155,7.679,0.507,307.958,0.116,1.9565,7.423,-0.6245,308.168,0.1,1.3315000000000001,7.636,-0.7845,308.334,0.1,0.6805,8.2665,-0.9745,308.215,0.1,0.546,8.7485,-0.6595,307.938,0.186,1.062,8.495000000000001,0.504,307.912,0.205,1.484,7.427,0.821,307.966,0.716,
1.8159999999999998,8.579,0.218,307.958,0.566,2.0135,8.677499999999998,-0.173,307.871,0.75,2.0735,8.481,-0.411,307.788,0.699,1.8145,8.273,-0.518,307.896,0.155,1.2894999999999999,7.907,-0.41700000000000004,307.995,0.101,0.664,8.118500000000001,-0.34450000000000003,308.146,0.1,0.381,8.161999999999999,-0.6619999999999999,308.163,0.1,0.8454999999999999,7.589,0.34950000000000003,307.98,0.523,1.609,7.5945,0.7235,308.008,0.409,1.8370000000000002,7.985,-0.254,308.042,0.1,1.256,7.6259999999999994,-0.599,308.258,0.1,0.3855,7.367,-0.7050000000000001,308.279,0.1,-0.2175,7.8435,-1.0365,308.104,0.101,-0.2535,8.4485,-0.591,307.92,0.244,0.45749999999999996,8.453,0.526,307.929,0.149,1.0924999999999998,7.861,0.8680000000000001,308.016,0.699,
1.9145,8.43,0.483,307.979,0.598,2.0955000000000004,8.552499999999998,-0.2795,307.849,0.679,2.1505,8.34,-0.3195,307.827,0.759,1.9095,8.086500000000001,-0.393,307.98,0.164,1.337,7.7025,-0.4475,308.042,0.101,0.6395,7.769,-0.34099999999999997,308.171,0.1,0.3615,8.032,-0.6125,308.279,0.1,0.8135,7.623,0.3315,308.078,0.307,1.241,7.9145,-0.0615,308.114,0.407,0.9315,7.953,-0.737,308.178,0.1,0.18849999999999997,7.6005,-0.473,308.217,0.1,-0.42000000000000004,7.116,-0.679,308.117,0.1,-0.6925,7.2825,-1.081,307.967,0.101,-0.425,7.808999999999999,-0.5945,307.926,0.182,0.3945,8.2615,0.226,307.958,0.124,0.8975,8.2265,0.438,308.035,0.458,
1.7205,8.3735,0.652,308.007,0.528,2.006,8.3865,-0.248,307.898,0.727,2.2385,8.279,-0.3055,307.959,0.772,2.2279999999999998,7.952,-0.272,308.071,0.185,1.7835,7.4945,-0.5275000000000001,308.136,0.101,1.0375,7.473,-0.395,308.198,0.1,0.5800000000000001,7.9705,-0.5309999999999999,308.344,0.1,0.7955,8.155,-0.014000000000000002,308.202,0.13,0.8795,8.346,-0.26849999999999996,308.233,0.634,0.3845,7.724,-0.5595,308.148,0.1,-0.1815,7.334,-0.5655,308.05,0.1,-0.545,7.0205,-0.611,307.996,0.1,-0.5840000000000001,7.006,-0.4475,307.941,0.102,-0.1605,7.2285,-0.4535,307.937,0.101,0.494,7.818999999999999,-0.179,307.932,0.102,0.815,8.2635,-0.0565,307.95,0.31,
1.4805000000000001,8.5585,0.4555,308.034,0.328,1.8725,8.302,-0.0435,307.957,0.79,2.279,8.1735,-0.274,308.007,0.828,2.496,7.8875,-0.16149999999999998,308.023,0.837,2.2605,7.3925,-0.572,308.169,0.101,1.605,7.4085,-0.5565,308.298,0.1,1.026,8.008000000000001,-0.48,308.398,0.1,0.9385,8.7105,-0.4515,308.33,0.101,0.9805,8.715,0.007000000000000001,308.276,0.455,0.8515,7.7844999999999995,0.2495,308.11,0.851,0.55,7.22,-0.3615,307.935,0.882,0.167,7.094,-0.1845,307.932,0.1,0.0905,7.1915,0.965,307.997,0.461,0.29100000000000004,7.2765,0.08,307.975,0.146,0.4615,7.396,-0.522,307.897,0.104,0.53,7.858,-0.637,307.839,0.1,
1.6095,8.799,-0.013000000000000001,308.005,0.126,1.841,8.343,0.136,308.029,0.6,2.1995,8.0115,0.042499999999999996,307.987,1.042,2.5665,7.881,0.0955,307.985,1.007,2.5460000000000003,7.4895,-0.4635,308.129,0.149,1.9914999999999998,7.5055,-0.717,308.397,0.1,1.3595000000000002,8.0795,-0.527,308.469,0.1,1.0315,8.942,-0.702,308.355,0.1,1.107,8.971499999999999,0.1735,308.257,0.157,1.4249999999999998,8.241,0.778,308.182,0.893,1.4405000000000001,7.5885,0.153,307.993,0.994,1.076,7.333500000000001,0.644,307.965,0.754,0.88,7.521,2.0925000000000002,308.098,0.424,0.7705,7.7555,0.6655,308.053,0.178,0.444,7.359,-0.7595000000000001,307.939,0.1,0.1325,7.369999999999999,-1.0295,307.83,0.1,
1.924,8.807500000000001,-0.349,308.01,0.1,1.814,8.443999999999999,0.049,308.045,0.124,2.021,7.975,0.6005,308.034,1.239,2.483,7.9185,0.6599999999999999,308.044,0.956,2.6660000000000004,7.768000000000001,-0.11499999999999999,308.079,0.376,2.21,7.6945,-0.7215,308.39,0.1,1.492,8.1665,-0.6335,308.52,0.1,1.0115,8.91,-0.7175,308.307,0.1,1.085,9.104,0.021,308.193,0.116,1.49,8.7465,0.32799999999999996,308.173,0.624,1.619,8.167,0.28300000000000003,308.077,0.945,1.441,7.5715,1.2915,308.082,0.899,1.3555000000000001,7.675,2.2625,308.169,0.227,1.248,8.107,0.769,308.08,0.118,0.7645,7.712,-0.9595,308.003,0.1,0.2535,7.422499999999999,-0.727,307.913,0.102,
1.7635,8.665,-0.432,308.079,0.1,1.428,8.5825,-0.312,308.035,0.1,1.6895,8.0545,1.0995,308.138,0.888,2.291,7.9685,1.3655,308.175,0.883,2.6630000000000003,8.083,0.3255,308.092,0.261,2.401,7.984999999999999,-0.6185,308.326,0.101,1.6555,8.305,-0.7204999999999999,308.532,0.1,1.0765,8.823,-0.5680000000000001,308.295,0.1,1.0495,9.1025,-0.241,308.128,0.103,1.2255,8.91,-0.5105,308.068,0.244,1.3035,8.381,0.032,308.074,0.62,1.47,7.5495,1.407,308.152,0.76,1.756,7.640000000000001,1.6535,308.16,0.145,1.7825,8.303,0.2025,308.059,0.1,1.252,8.248000000000001,-1.1720000000000002,308.032,0.1,0.7095,8.08,-0.063,308.023,0.604,
1.0915,8.5485,-0.4615,308.209,0.1,0.7995,8.8065,-0.7845,308.129,0.1,1.2795,8.0805,1.2315,308.255,0.445,2.042,8.039,1.8094999999999999,308.32,0.479,2.5805,8.331,0.4535,308.151,0.123,2.5175,8.2395,-0.655,308.329,0.139,1.8445,8.385,-0.772,308.525,0.1,1.2315,8.7495,-0.3745,308.327,0.12,1.0185,8.9525,-0.3785,308.109,0.1,0.9199999999999999,8.637,-0.9974999999999999,307.986,0.232,1.0425,8.073,-0.04,308.054,0.545,1.588,7.2875,1.3585,308.159,0.495,2.08,7.636,0.758,308.129,0.115,2.01,8.527999999999999,-0.638,308.054,0.115,1.428,8.654,-1.2445,308.029,0.1,0.9239999999999999,8.606,0.20700000000000002,308.094,0.408,
0.7549999999999999,8.275500000000001,-0.5589999999999999,308.36,0.1,0.4375,8.9565,-1.1745,308.343,0.1,0.9315,8.129999999999999,0.9219999999999999,308.344,0.402,1.798,8.259,1.7085,308.37,0.292,2.4345,8.524000000000001,0.08299999999999999,308.244,0.101,2.399,8.279,-0.874,308.39,0.154,1.8239999999999998,8.251000000000001,-0.7655000000000001,308.474,0.101,1.3170000000000002,8.597999999999999,-0.2115,308.331,0.109,1.004,8.7015,-0.376,308.141,0.1,0.77,8.1575,-1.1005,307.998,0.28,1.041,7.5825,0.3305,308.071,0.492,1.7654999999999998,7.096500000000001,1.3885,308.172,0.253,2.042,7.8445,-0.0029999999999999996,308.129,0.1,1.701,8.7005,-1.102,308.039,0.112,1.2385,8.639,-1.1095000000000002,307.998,0.178,0.9775,8.391,0.07400000000000001,308.076,0.246,
1.19,7.8055,-0.5475,308.408,0.1,0.7245,8.7775,-1.2195,308.466,0.1,1.0394999999999999,8.375499999999999,0.4565,308.375,0.39,1.87,8.6645,1.109,308.332,0.191,2.3289999999999997,8.627500000000001,-0.4645,308.299,0.1,2.0795,8.1975,-0.9815,308.412,0.145,1.5875,8.0235,-0.627,308.371,0.394,1.2599999999999998,8.364,-0.0995,308.311,0.101,0.939,8.438500000000001,-0.39649999999999996,308.215,0.1,0.7155,7.7325,-1.0185,308.062,0.341,1.153,7.271,0.944,308.114,0.456,1.818,7.239,1.2475,308.193,0.159,1.739,8.210999999999999,-0.46950000000000003,308.125,0.1,1.255,8.71,-1.0155,307.996,0.213,0.997,8.2305,-0.8985000000000001,307.941,0.142,0.9935,7.756500000000001,0.1205,308.012,0.166,
1.6665,7.6475,-0.3315,308.335,0.115,1.245,8.468,-0.554,308.391,0.1,1.4175,8.687999999999999,0.2375,308.344,0.385,2.025,8.963000000000001,0.17099999999999999,308.294,0.121,2.1470000000000002,8.5425,-0.9495,308.395,0.1,1.705,8.113,-0.891,308.448,0.101,1.334,7.9155,-0.40249999999999997,308.302,0.277,1.1105,8.172,-0.054,308.317,0.1,0.724,8.1955,-0.5905,308.332,0.1,0.5955,7.48,-0.7545,308.121,0.319,1.2275,7.292999999999999,1.3475000000000001,308.157,0.437,1.7375,7.667,0.7365,308.197,0.116,1.3525,8.536,-0.6335,308.067,0.1,0.7915,8.6205,-0.78,307.919,0.124,0.667,7.7415,-0.6935,307.905,0.159,0.849,7.4055,0.357,307.979,0.146,
1.347,8.125499999999999,-0.152,308.285,0.151,1.3900000000000001,8.52,0.36450000000000005,308.351,0.4,1.8075,8.8445,0.228,308.316,0.399,2.1295,8.8925,-0.7255,308.351,0.1,1.923,8.273,-1.218,308.554,0.1,1.4505,7.949,-0.901,308.526,0.1,1.166,7.875,-0.3675,308.324,0.118,0.869,7.9895,-0.1085,308.356,0.1,0.379,7.9305,-0.8905,308.428,0.1,0.4325,7.43,-0.2485,308.164,0.314,1.22,7.608499999999999,1.22,308.19,0.487,1.573,8.0875,0.121,308.17,0.1,1.0285,8.599499999999999,-0.5845,308.008,0.1,0.365,8.4905,-0.812,307.94,0.1,0.246,7.503,-0.618,307.938,0.144,0.515,7.423,0.155,307.975,0.116,
0.7475,8.6915,-0.18,308.261,0.118,1.2590000000000001,8.8775,0.449,308.377,0.144,2.0525,8.8705,0.1245,308.344,0.36,2.282,8.6105,-0.5405,308.44,0.1,1.9385,7.9464999999999995,-0.7789999999999999,308.564,0.1,1.49,7.844,-0.8085,308.495,0.1,1.1139999999999999,7.8015,-0.616,308.386,0.101,0.5815,7.659000000000001,-0.3675,308.434,0.1,0.07450000000000001,7.641,-1.073,308.432,0.1,0.339,7.6135,0.312,308.208,0.446,1.0515,8.042,0.7150000000000001,308.219,0.577,1.1764999999999999,8.2745,-0.2375,308.139,0.1,0.605,8.285499999999999,-0.634,308.066,0.1,-0.0345,8.2705,-1.0645,308.078,0.1,-0.1375,7.667,-0.5575,307.999,0.108,0.1245,7.467499999999999,-0.483,308.014,0.101,
0.7789999999999999,8.6155,-0.538,308.27,0.1,1.1784999999999999,8.817499999999999,-0.16849999999999998,308.389,0.1,1.8465,8.846499999999999,-0.0475,308.389,0.155,2.2195,8.3315,0.8485,308.44,0.153,2.059,7.7509999999999994,0.39949999999999997,308.461,0.1,1.7175,8.0445,0.0975,308.392,0.104,1.3405,7.7875,-0.5774999999999999,308.388,0.101,0.625,7.3134999999999994,-0.7855,308.498,0.1,0.067,7.519500000000001,-1.0725,308.388,0.1,0.4135,8.030999999999999,0.486,308.256,0.344,0.9035,8.41,0.2155,308.24,0.59,0.745,8.262,-0.36350000000000005,308.198,0.1,0.1755,7.824,-0.9079999999999999,308.22,0.1,-0.21650000000000003,7.902,-1.0234999999999999,308.162,0.1,-0.11350000000000002,8.045,0.036000000000000004,308.045,0.106,0.10849999999999999,7.5985,-0.7715000000000001,308.1,0.1,
0.8525,8.362,-0.9804999999999999,308.417,0.1,1.0074999999999998,8.57,-0.8200000000000001,308.469,0.1,1.38,8.82,-0.2645,308.36,0.101,1.7185000000000001,8.199,1.7545,308.436,0.19,1.7595,7.713,1.35,308.381,0.101,1.809,8.234,1.3900000000000001,308.396,0.303,1.744,7.817,0.216,308.368,0.372,0.9825,7.185,-0.7565,308.446,0.1,0.3085,7.541,-0.8175,308.338,0.1,0.599,8.292,0.104,308.299,0.217,0.9285,8.558,-0.13,308.242,0.419,0.6875,8.227,-0.45899999999999996,308.353,0.1,0.403,7.615,-0.995,308.305,0.1,0.4645,7.677,-0.22499999999999998,308.165,0.1,0.644,8.238,1.166,308.123,0.141,0.5645,7.737,-0.4515,308.152,0.1,
1.514,8.565000000000001,0.018000000000000002,307.96,0.593,1.8005,8.668500000000002,0.034,307.938,0.769,2.0315000000000003,8.582,-0.28049999999999997,307.881,0.486,1.932,8.404499999999999,-0.569,307.991,0.11,1.5394999999999999,8.0365,-0.45599999999999996,308.106,0.1,0.9395,8.221,-0.29200000000000004,308.172,0.1,0.5025,8.2135,-0.5760000000000001,308.133,0.1,0.764,7.937,0.203,307.908,0.609,1.486,7.5755,1.259,307.963,0.465,2.01,7.6855,0.4135,307.952,0.113,1.883,7.3865,-0.602,308.245,0.1,1.2269999999999999,7.635,-0.6885,308.406,0.1,0.5954999999999999,8.198,-0.885,308.285,0.1,0.493,8.5505,-0.6335,307.99,0.167,1.011,8.3125,0.4265,307.931,0.18,1.354,7.32,0.6875,307.973,0.655,
1.8860000000000001,8.534,0.2135,307.951,0.53,2.1094999999999997,8.6715,-0.187,307.86,0.671,2.1384999999999996,8.4805,-0.4075,307.823,0.52,1.83,8.241499999999998,-0.474,307.992,0.11,1.2810000000000001,7.8535,-0.35,308.072,0.1,0.6315,8.024000000000001,-0.2665,308.187,0.1,0.3035,8.166,-0.5835,308.249,0.1,0.7715000000000001,7.6579999999999995,0.27549999999999997,307.985,0.474,1.5705,7.7105,0.633,308.004,0.335,1.7765,7.9875,-0.272,308.079,0.1,1.164,7.548,-0.523,308.31,0.1,0.3005,7.29,-0.6095,308.32,0.1,-0.2875,7.726,-0.9415,308.152,0.1,-0.2415,8.324,-0.5585,307.936,0.213,0.4985,8.405000000000001,0.448,307.935,0.128,0.9904999999999999,7.8195,0.7405,308.012,0.655,
2.0385,8.4175,0.4655,307.976,0.548,2.2435,8.553999999999998,-0.28200000000000003,307.852,0.506,2.2275,8.349,-0.3355,307.91,0.562,1.8965,8.0435,-0.3625,308.095,0.112,1.3035,7.654,-0.3785,308.134,0.1,0.607,7.7155,-0.2495,308.216,0.1,0.29400000000000004,8.1,-0.528,308.365,0.1,0.7275,7.8309999999999995,0.20700000000000002,308.136,0.277,1.145,8.027999999999999,-0.13949999999999999,308.16,0.304,0.8325,7.893,-0.6545,308.219,0.1,0.1355,7.4925,-0.39,308.238,0.1,-0.447,6.994,-0.6174999999999999,308.144,0.1,-0.7175,7.139,-1.018,307.991,0.1,-0.4035,7.773999999999999,-0.556,307.916,0.153,0.36,8.268,0.16999999999999998,307.954,0.113,0.6890000000000001,8.183499999999999,0.37050000000000005,308.027,0.431,
1.8459999999999999,8.382,0.606,308.002,0.471,2.165,8.4455,-0.2645,307.944,0.541,2.307,8.306999999999999,-0.33399999999999996,308.08,0.572,2.1565000000000003,7.882,-0.275,308.202,0.117,1.6635,7.4495000000000005,-0.47550000000000003,308.252,0.1,0.9730000000000001,7.5015,-0.32199999999999995,308.284,0.1,0.563,8.08,-0.44999999999999996,308.432,0.1,0.7245,8.3675,-0.115,308.305,0.12,0.7185,8.35,-0.3225,308.288,0.471,0.23650000000000002,7.6005,-0.494,308.167,0.1,-0.235,7.228,-0.517,308.052,0.1,-0.555,6.904,-0.5555,308.012,0.1,-0.6125,6.861000000000001,-0.4565,307.954,0.1,-0.22450000000000003,7.1815,-0.456,307.927,0.1,0.33749999999999997,7.811,-0.1785,307.919,0.1,0.5285,8.2275,-0.051500000000000004,307.937,0.294,
1.5935000000000001,8.599499999999999,0.4105,308.032,0.277,2.051,8.3965,-0.08249999999999999,308.009,0.588,2.393,8.1855,-0.28049999999999997,308.109,0.613,2.448,7.77,-0.197,308.14,0.617,2.0905,7.3225,-0.5549999999999999,308.294,0.1,1.468,7.4855,-0.504,308.419,0.1,0.987,8.124500000000001,-0.4135,308.485,0.1,0.881,8.817,-0.47350000000000003,308.417,0.1,0.8385,8.641,-0.0335,308.3,0.386,0.694,7.6615,0.2015,308.107,0.791,0.436,7.1370000000000005,-0.38,307.927,0.836,0.0955,7.0055,-0.1305,307.94,0.1,0.0265,7.079000000000001,0.9275,308.003,0.351,0.1815,7.1594999999999995,0.021500000000000002,307.973,0.107,0.28600000000000003,7.3755,-0.478,307.893,0.1,0.28700000000000003,7.855,-0.5720000000000001,307.839,0.1,
1.7,8.8755,-0.0075,308.012,0.115,1.9914999999999998,8.4015,0.11299999999999999,308.043,0.531,2.3375,7.981,0.045,308.03,0.774,2.586,7.7525,0.0345,308.03,0.745,2.3949999999999996,7.368,-0.495,308.237,0.108,1.798,7.5625,-0.6695,308.516,0.1,1.241,8.1705,-0.4645,308.547,0.1,0.948,8.9545,-0.6595,308.395,0.1,1.0265,8.9155,0.14950000000000002,308.259,0.141,1.3455,8.18,0.6599999999999999,308.171,0.831,1.345,7.531000000000001,0.088,307.981,0.945,0.9925,7.269,0.6635,307.965,0.7,0.837,7.4615,2.085,308.096,0.37,0.7235,7.627000000000001,0.6025,308.044,0.147,0.33499999999999996,7.3385,-0.713,307.951,0.1,-0.064,7.3625,-0.9605,307.853,0.1,
1.9365,8.8695,-0.28800000000000003,308.045,0.1,1.8655,8.4265,0.0695,308.048,0.118,2.09,7.917,0.569,308.034,1.17,2.526,7.830500000000001,0.5855,308.038,0.877,2.5765000000000002,7.601,-0.1835,308.153,0.289,2.019,7.698,-0.698,308.49,0.1,1.3239999999999998,8.215499999999999,-0.5685,308.585,0.1,0.9035,8.8845,-0.649,308.322,0.1,1.0335,9.091,0.01,308.187,0.111,1.459,8.712,0.2425,308.166,0.582,1.5539999999999998,8.1135,0.244,308.066,0.901,1.381,7.5344999999999995,1.278,308.074,0.823,1.377,7.6675,2.2675,308.162,0.205,1.294,8.0505,0.7244999999999999,308.071,0.111,0.7244999999999999,7.686999999999999,-0.9315,308.021,0.1,0.10300000000000001,7.3675,-0.7115,307.937,0.1,
1.6755,8.6945,-0.35450000000000004,308.143,0.1,1.406,8.528500000000001,-0.281,308.05,0.1,1.7094999999999998,8.015,1.0345,308.132,0.84,2.347,7.9315,1.291,308.167,0.799,2.6645000000000003,7.9285,0.248,308.135,0.207,2.273,7.952500000000001,-0.6335,308.411,0.1,1.4845,8.304,-0.6559999999999999,308.583,0.1,0.9664999999999999,8.776,-0.49950000000000006,308.305,0.1,0.9964999999999999,9.072,-0.2345,308.126,0.101,1.1764999999999999,8.8255,-0.5075000000000001,308.064,0.231,1.236,8.308,0.053000000000000005,308.067,0.587,1.433,7.541,1.376,308.144,0.677,1.7975,7.681,1.6320000000000001,308.154,0.139,1.822,8.3325,0.172,308.059,0.1,1.1975,8.1975,-1.1535,308.048,0.1,0.6125,7.978,-0.07400000000000001,308.029,0.458,
0.9544999999999999,8.594999999999999,-0.3735,308.289,0.1,0.726,8.775,-0.7625,308.186,0.1,1.2615,8.104,1.1635,308.256,0.414,2.1035,8.0465,1.7295,308.317,0.417,2.6470000000000002,8.2485,0.3735,308.19,0.113,2.4450000000000003,8.2025,-0.669,308.398,0.106,1.6844999999999999,8.3295,-0.6970000000000001,308.555,0.1,1.1244999999999998,8.6665,-0.31599999999999995,308.337,0.115,0.9475,8.8665,-0.349,308.128,0.1,0.8365,8.504,-0.9279999999999999,307.994,0.192,0.978,7.98,0.006,308.052,0.512,1.5735000000000001,7.2885,1.296,308.155,0.432,2.082,7.7255,0.72,308.125,0.114,1.9529999999999998,8.594,-0.6355,308.054,0.115,1.3045,8.571,-1.215,308.035,0.118,0.835,8.4815,0.238,308.09,0.388,
0.647,8.3585,-0.45,308.435,0.1,0.3415,8.9595,-1.1124999999999998,308.42,0.1,0.9039999999999999,8.221,0.854,308.353,0.368,1.885,8.3,1.5939999999999999,308.37,0.264,2.5140000000000002,8.5085,0.0085,308.279,0.1,2.3285,8.2455,-0.848,308.441,0.11,1.6735000000000002,8.1525,-0.6815,308.492,0.1,1.217,8.4855,-0.16499999999999998,308.346,0.104,0.9225000000000001,8.597,-0.3315,308.178,0.1,0.679,8.0305,-1.0145,308.015,0.226,0.987,7.484,0.34750000000000003,308.072,0.462,1.739,7.0975,1.28,308.169,0.227,1.9745000000000001,7.9624999999999995,-0.0175,308.127,0.1,1.55,8.745999999999999,-1.0575,308.036,0.108,1.0545,8.560500000000001,-1.0615,307.989,0.173,0.872,8.282,0.1525,308.072,0.233,
1.1225,7.859,-0.46099999999999997,308.466,0.1,0.6385000000000001,8.7955,-1.1115,308.521,0.1,1.0075,8.4725,0.39549999999999996,308.389,0.354,1.9355000000000002,8.6915,0.9730000000000001,308.332,0.178,2.3725,8.6235,-0.4975,308.334,0.1,2.0015,8.157,-0.9275,308.462,0.108,1.455,7.9125,-0.5700000000000001,308.405,0.301,1.154,8.2565,-0.0695,308.346,0.1,0.8325,8.3645,-0.34099999999999997,308.266,0.1,0.624,7.640499999999999,-0.9450000000000001,308.08,0.268,1.1155,7.193,0.8925000000000001,308.115,0.426,1.7730000000000001,7.2575,1.1155,308.192,0.149,1.624,8.311499999999999,-0.4405,308.126,0.1,1.072,8.721499999999999,-0.9510000000000001,307.989,0.194,0.8,8.217500000000001,-0.8454999999999999,307.928,0.136,0.88,7.705,0.177,308.011,0.159,
1.6305,7.614,-0.308,308.374,0.102,1.1855,8.474,-0.5025,308.419,0.1,1.3925,8.720500000000001,0.181,308.349,0.346,2.0525,8.908,0.0865,308.293,0.115,2.1470000000000002,8.4815,-0.9175,308.445,0.1,1.625,8.051,-0.823,308.499,0.1,1.2105000000000001,7.821999999999999,-0.3805,308.352,0.214,0.9815,8.095500000000001,-0.0355,308.368,0.1,0.597,8.1595,-0.513,308.389,0.1,0.5165,7.4190000000000005,-0.71,308.134,0.249,1.2029999999999998,7.259,1.2175,308.158,0.4,1.6749999999999998,7.7115,0.6315,308.195,0.113,1.2225,8.589500000000001,-0.5765,308.071,0.1,0.6435,8.628,-0.702,307.915,0.116,0.538,7.8149999999999995,-0.6525000000000001,307.896,0.149,0.7835,7.4175,0.33599999999999997,307.978,0.14,
1.345,8.035499999999999,-0.16899999999999998,308.301,0.135,1.3479999999999999,8.4865,0.2975,308.353,0.337,1.7679999999999998,8.8115,0.1455,308.314,0.34,2.101,8.762,-0.735,308.39,0.1,1.8625,8.126000000000001,-1.146,308.613,0.1,1.347,7.824,-0.8280000000000001,308.569,0.1,1.0415,7.7855,-0.34099999999999997,308.37,0.103,0.745,7.943,-0.064,308.401,0.1,0.28300000000000003,7.914,-0.7825,308.486,0.1,0.39,7.4,-0.264,308.171,0.243,1.1945000000000001,7.6114999999999995,1.057,308.189,0.44,1.502,8.138,0.082,308.167,0.1,0.9205,8.617,-0.51,308.014,0.1,0.2615,8.5075,-0.712,307.953,0.1,0.15650000000000003,7.5920000000000005,-0.6125,307.94,0.132,0.439,7.4505,0.099,307.974,0.112,
0.782,8.592500000000001,-0.18,308.259,0.118,1.2645,8.798,0.35850000000000004,308.368,0.133,2.0095,8.8085,0.031,308.367,0.276,2.1955,8.486,-0.546,308.507,0.1,1.843,7.763,-0.7115,308.603,0.1,1.399,7.6114999999999995,-0.7715000000000001,308.525,0.1,1.021,7.651,-0.582,308.429,0.1,0.5005,7.6195,-0.2775,308.473,0.1,0.031,7.614000000000001,-0.942,308.491,0.1,0.327,7.6295,0.21850000000000003,308.211,0.409,1.0274999999999999,8.0545,0.5855,308.218,0.512,1.1415,8.3085,-0.2165,308.139,0.1,0.5885,8.285,-0.5385,308.085,0.1,-0.0635,8.2665,-0.9550000000000001,308.122,0.1,-0.236,7.6875,-0.617,308.026,0.104,-0.032499999999999994,7.4510000000000005,-0.513,308.031,0.1,
0.8945000000000001,8.496,-0.48150000000000004,308.276,0.1,1.293,8.735,-0.1615,308.412,0.1,1.8945,8.779,-0.0925,308.44,0.134,2.1775,8.2625,0.8185,308.483,0.11,2.014,7.6045,0.4385,308.476,0.1,1.7065000000000001,7.7615,0.073,308.401,0.136,1.3210000000000002,7.561,-0.5834999999999999,308.43,0.1,0.6065,7.2509999999999994,-0.685,308.55,0.1,0.07050000000000001,7.429,-0.9525,308.452,0.1,0.4205,8.041,0.3515,308.257,0.311,0.9095,8.3895,0.138,308.235,0.507,0.771,8.2625,-0.3125,308.212,0.1,0.22950000000000004,7.7875,-0.8365,308.264,0.1,-0.182,7.8615,-0.94,308.212,0.1,-0.2,8.012,-0.06,308.072,0.105,-0.097,7.5305,-0.779,308.132,0.1,
0.8915,8.221,-0.9215,308.452,0.1,1.042,8.504,-0.7404999999999999,308.503,0.1,1.3955,8.754,-0.253,308.389,0.1,1.716,8.16,1.7425000000000002,308.437,0.173,1.782,7.6,1.3479999999999999,308.379,0.1,1.8584999999999998,7.96,1.3085,308.39,0.267,1.8115,7.565,0.151,308.39,0.288,1.0885,7.104,-0.6950000000000001,308.498,0.1,0.397,7.402,-0.774,308.405,0.1,0.619,8.269,0.011,308.297,0.189,0.9305,8.507,-0.153,308.246,0.335,0.6875,8.206,-0.40149999999999997,308.387,0.1,0.374,7.55,-1.0070000000000001,308.351,0.1,0.4265,7.622,-0.20400000000000001,308.189,0.1,0.562,8.197,1.1035,308.127,0.143,0.396,7.651,-0.434,308.179,0.1,
1.5434999999999999,8.517,0.004,307.956,0.553,1.861,8.696,-0.0025000000000000005,307.932,0.685,2.0835,8.599,-0.303,307.886,0.293,1.9315,8.3875,-0.5435000000000001,308.078,0.105,1.5015,8.003,-0.39749999999999996,308.193,0.1,0.9179999999999999,8.1395,-0.236,308.23,0.1,0.5045,8.1525,-0.49250000000000005,308.223,0.1,0.746,7.874499999999999,0.174,307.906,0.556,1.4735,7.598,1.1909999999999998,307.955,0.398,2.0,7.6865000000000006,0.3165,307.945,0.111,1.8065,7.3555,-0.5745,308.329,0.1,1.1260000000000001,7.635,-0.5900000000000001,308.48,0.1,0.5135000000000001,8.122,-0.792,308.361,0.1,0.4355,8.324,-0.608,308.052,0.133,0.9445,8.076,0.3405,307.958,0.157,1.1995,7.21,0.556,307.982,0.597,
1.9420000000000002,8.491,0.203,307.944,0.492,2.185,8.655999999999999,-0.201,307.851,0.591,2.1734999999999998,8.4635,-0.4015,307.871,0.309,1.811,8.193999999999999,-0.4265,308.105,0.105,1.2525,7.8055,-0.28,308.16,0.1,0.596,7.933,-0.1885,308.23,0.1,0.2245,8.177,-0.5045000000000001,308.342,0.1,0.696,7.7645,0.198,307.991,0.426,1.5274999999999999,7.8345,0.5385,308.002,0.262,1.702,7.974499999999999,-0.28800000000000003,308.126,0.1,1.063,7.4635,-0.4455,308.365,0.1,0.22549999999999998,7.21,-0.512,308.362,0.1,-0.3275,7.598,-0.841,308.205,0.1,-0.1865,8.165,-0.5305,307.955,0.184,0.5625,8.315999999999999,0.36050000000000004,307.942,0.117,0.882,7.771000000000001,0.6180000000000001,308.009,0.611,
2.1375,8.404,0.4405,307.971,0.497,2.3645,8.5505,-0.287,307.859,0.303,2.2664999999999997,8.346,-0.349,308.019,0.331,1.8339999999999999,7.9879999999999995,-0.32799999999999996,308.226,0.106,1.236,7.6205,-0.3075,308.235,0.1,0.562,7.681,-0.16099999999999998,308.266,0.1,0.218,8.178,-0.4455,308.458,0.1,0.6385000000000001,8.105,0.08199999999999999,308.213,0.248,1.0474999999999999,8.138,-0.212,308.216,0.201,0.727,7.8145,-0.569,308.265,0.1,0.0805,7.376,-0.3095,308.259,0.1,-0.46449999999999997,6.8665,-0.556,308.173,0.1,-0.7124999999999999,6.9830000000000005,-0.9505,308.018,0.1,-0.346,7.7059999999999995,-0.5185,307.903,0.132,0.3255,8.2345,0.11199999999999999,307.947,0.106,0.45699999999999996,8.1235,0.30900000000000005,308.018,0.404,
1.946,8.386,0.554,307.997,0.414,2.2865,8.512,-0.2845,308.003,0.321,2.313,8.325,-0.3595,308.235,0.336,2.011,7.795,-0.2725,308.351,0.108,1.4915,7.422,-0.4195,308.375,0.1,0.8885000000000001,7.561,-0.2525,308.377,0.1,0.5389999999999999,8.201,-0.3735,308.525,0.1,0.643,8.6265,-0.21250000000000002,308.437,0.113,0.5475,8.3315,-0.367,308.355,0.285,0.08700000000000001,7.466,-0.42700000000000005,308.186,0.1,-0.28049999999999997,7.1195,-0.472,308.052,0.1,-0.5535,6.784000000000001,-0.5015000000000001,308.031,0.1,-0.6285,6.705,-0.46499999999999997,307.969,0.1,-0.2855,7.1195,-0.4535,307.914,0.1,0.1605,7.778499999999999,-0.175,307.903,0.1,0.21150000000000002,8.17,-0.044,307.924,0.278,
1.7035,8.6385,0.36050000000000004,308.03,0.232,2.221,8.506499999999999,-0.1225,308.076,0.346,2.471,8.19,-0.2845,308.236,0.358,2.3455,7.628500000000001,-0.22749999999999998,308.286,0.36,1.876,7.2684999999999995,-0.53,308.429,0.1,1.311,7.593999999999999,-0.4495,308.546,0.1,0.9390000000000001,8.249,-0.35250000000000004,308.575,0.1,0.8049999999999999,8.931000000000001,-0.4925,308.515,0.1,0.675,8.54,-0.06999999999999999,308.33,0.322,0.5245,7.5355,0.153,308.105,0.728,0.3195,7.0555,-0.4,307.918,0.787,0.029000000000000005,6.9175,-0.0785,307.948,0.1,-0.0325,6.9595,0.8855,308.009,0.225,0.067,7.0465,-0.033,307.972,0.104,0.097,7.3525,-0.4315,307.891,0.1,0.0285,7.8355,-0.505,307.839,0.1,
1.7975,8.952,-0.0055,308.021,0.109,2.1565,8.467500000000001,0.0915,308.062,0.464,2.4775,7.945499999999999,0.0485,308.084,0.449,2.582,7.602,-0.026500000000000003,308.093,0.427,2.2115,7.261,-0.518,308.357,0.104,1.589,7.648,-0.615,308.635,0.1,1.116,8.2625,-0.40549999999999997,308.624,0.1,0.849,8.9535,-0.6165,308.436,0.1,0.929,8.841999999999999,0.123,308.261,0.128,1.254,8.118500000000001,0.5389999999999999,308.16,0.767,1.2405,7.4745,0.0225,307.968,0.895,0.907,7.2059999999999995,0.6825,307.964,0.647,0.7985,7.399,2.0700000000000003,308.094,0.323,0.6815,7.507,0.5375,308.04,0.127,0.2255,7.323,-0.6619999999999999,307.967,0.1,-0.26849999999999996,7.3485,-0.886,307.881,0.1,
1.945,8.929,-0.229,308.082,0.1,1.919,8.404499999999999,0.09,308.052,0.114,2.1625,7.855,0.5365,308.036,1.1,2.559,7.7330000000000005,0.5075000000000001,308.034,0.795,2.4625,7.4495000000000005,-0.2485,308.242,0.194,1.8125,7.727,-0.6655,308.59,0.1,1.156,8.2585,-0.5025,308.645,0.1,0.8025,8.839500000000001,-0.5815,308.337,0.1,0.988,9.065999999999999,-0.0045000000000000005,308.18,0.109,1.426,8.6705,0.1565,308.159,0.538,1.4825,8.057,0.20600000000000002,308.055,0.858,1.3175,7.4975000000000005,1.2639999999999998,308.065,0.746,1.3965,7.6594999999999995,2.2645,308.155,0.189,1.3395000000000001,8.0,0.675,308.065,0.106,0.6875,7.663,-0.897,308.042,0.1,-0.051500000000000004,7.3100000000000005,-0.6910000000000001,307.965,0.1,
1.578,8.721,-0.279,308.21,0.1,1.383,8.469999999999999,-0.252,308.066,0.1,1.73,7.9715,0.9655,308.127,0.79,2.3970000000000002,7.8934999999999995,1.212,308.158,0.711,2.6420000000000003,7.7925,0.16599999999999998,308.194,0.153,2.121,7.9365000000000006,-0.64,308.498,0.1,1.314,8.292,-0.5855,308.628,0.1,0.874,8.708,-0.4325,308.318,0.1,0.9550000000000001,9.025500000000001,-0.229,308.126,0.101,1.127,8.7275,-0.5015000000000001,308.061,0.217,1.1669999999999998,8.23,0.07450000000000001,308.06,0.553,1.3975,7.531499999999999,1.3435000000000001,308.137,0.592,1.8375,7.7225,1.605,308.147,0.136,1.8555000000000001,8.3645,0.14,308.061,0.1,1.1385,8.144,-1.129,308.066,0.1,0.514,7.869,-0.08349999999999999,308.038,0.28,
0.8240000000000001,8.641,-0.2885,308.376,0.1,0.661,8.7415,-0.741,308.253,0.1,1.244,8.125,1.0885,308.258,0.383,2.1575,8.054,1.6425,308.315,0.359,2.6870000000000003,8.181,0.2855,308.238,0.106,2.344,8.1695,-0.6745000000000001,308.467,0.103,1.524,8.262,-0.613,308.582,0.1,1.0365,8.5655,-0.2595,308.35,0.107,0.887,8.7645,-0.3185,308.152,0.1,0.752,8.361,-0.8554999999999999,308.005,0.144,0.913,7.8855,0.051,308.05,0.478,1.5579999999999998,7.2895,1.2315,308.151,0.373,2.0775,7.8155,0.6795,308.121,0.113,1.8845,8.658000000000001,-0.629,308.054,0.112,1.1680000000000001,8.486,-1.1815,308.04,0.141,0.743,8.348500000000001,0.267,308.086,0.369,
0.5585,8.4495,-0.3415,308.513,0.1,0.2635,8.9545,-1.0485,308.505,0.1,0.883,8.3145,0.7815,308.362,0.335,1.9635,8.3415,1.47,308.37,0.24,2.567,8.4955,-0.07,308.317,0.1,2.2365,8.2095,-0.8135,308.493,0.105,1.5265,8.0485,-0.5895,308.509,0.1,1.133,8.3635,-0.12,308.367,0.102,0.852,8.4845,-0.28700000000000003,308.223,0.1,0.595,7.9025,-0.9275,308.035,0.16,0.938,7.389,0.361,308.072,0.432,1.7105,7.099,1.17,308.167,0.205,1.9015,8.081,-0.0305,308.125,0.1,1.3925,8.788,-1.007,308.033,0.104,0.8620000000000001,8.488,-1.012,307.98,0.166,0.7655000000000001,8.1745,0.2285,308.068,0.219,
1.066,7.931,-0.3705,308.525,0.1,0.5675,8.8035,-0.999,308.577,0.1,0.9795,8.576,0.33399999999999996,308.403,0.319,1.9865,8.718499999999999,0.8305,308.331,0.166,2.3914999999999997,8.6145,-0.5295000000000001,308.372,0.1,1.9115,8.1145,-0.866,308.516,0.104,1.3285,7.807,-0.509,308.443,0.198,1.0585,8.1495,-0.042,308.387,0.1,0.737,8.289,-0.2855,308.322,0.1,0.5489999999999999,7.5555,-0.8714999999999999,308.1,0.18,1.0899999999999999,7.1225000000000005,0.8340000000000001,308.116,0.397,1.7255,7.277,0.9824999999999999,308.19,0.142,1.5015,8.413,-0.40700000000000003,308.128,0.1,0.883,8.73,-0.883,307.983,0.172,0.599,8.222999999999999,-0.7935,307.915,0.131,0.7685,7.6645,0.22899999999999998,308.011,0.153,
1.589,7.596,-0.281,308.419,0.101,1.1325,8.4785,-0.44599999999999995,308.447,0.1,1.373,8.756499999999999,0.126,308.354,0.309,2.0725,8.844999999999999,0.000499999999999997,308.291,0.11,2.1325,8.415500000000002,-0.8805000000000001,308.502,0.1,1.541,7.987500000000001,-0.7495,308.556,0.1,1.0925,7.7395,-0.3565,308.409,0.155,0.8574999999999999,8.022499999999999,-0.0185,308.425,0.1,0.4815,8.123999999999999,-0.4355,308.45,0.1,0.4575,7.368,-0.6675,308.148,0.171,1.189,7.231999999999999,1.0795,308.157,0.364,1.609,7.7585,0.528,308.193,0.112,1.0905,8.6415,-0.5145,308.078,0.1,0.5015000000000001,8.6325,-0.624,307.913,0.108,0.41700000000000004,7.9165,-0.614,307.886,0.14,0.7244999999999999,7.4405,0.311,307.976,0.134,
1.3375,7.944,-0.187,308.322,0.117,1.305,8.453,0.2335,308.355,0.279,1.7305,8.7725,0.0635,308.311,0.281,2.067,8.613,-0.7435,308.434,0.1,1.7905,7.9705,-1.0695000000000001,308.678,0.1,1.2385,7.6975,-0.7505,308.615,0.1,0.919,7.7055,-0.312,308.421,0.101,0.626,7.8985,-0.0205,308.45,0.1,0.20149999999999998,7.8985,-0.6745,308.548,0.1,0.3655,7.381500000000001,-0.28300000000000003,308.177,0.17,1.1715,7.6195,0.891,308.187,0.394,1.4215,8.1905,0.0445,308.163,0.1,0.8095000000000001,8.6295,-0.4335,308.024,0.1,0.163,8.5195,-0.6120000000000001,307.969,0.1,0.07150000000000001,7.707,-0.604,307.944,0.122,0.367,7.4865,0.045,307.974,0.108,
0.8180000000000001,8.479,-0.1805,308.256,0.118,1.2665,8.708,0.2685,308.358,0.126,1.956,8.7295,-0.0615,308.397,0.186,2.0955,8.342500000000001,-0.5495000000000001,308.582,0.1,1.7355,7.569,-0.6455,308.641,0.1,1.299,7.3755,-0.7315,308.557,0.1,0.9225,7.509,-0.5425,308.475,0.1,0.421,7.585,-0.1875,308.512,0.1,-0.0049999999999999975,7.588,-0.81,308.553,0.1,0.32,7.6595,0.121,308.214,0.372,0.999,8.071,0.457,308.216,0.447,1.096,8.343,-0.1955,308.138,0.1,0.5655,8.2835,-0.4425,308.107,0.1,-0.0945,8.2545,-0.8445,308.171,0.1,-0.33499999999999996,7.718999999999999,-0.6699999999999999,308.061,0.102,-0.1865,7.442,-0.5345,308.052,0.1,
1.03,8.3645,-0.42200000000000004,308.283,0.1,1.4285,8.639,-0.155,308.439,0.1,1.9489999999999998,8.687999999999999,-0.137,308.507,0.116,2.1265,8.182500000000001,0.789,308.535,0.105,1.96,7.4535,0.473,308.49,0.1,1.6905000000000001,7.4735,0.046,308.408,0.177,1.295,7.343500000000001,-0.5865,308.476,0.1,0.583,7.1975,-0.585,308.604,0.1,0.0725,7.332,-0.829,308.521,0.1,0.425,8.0525,0.21899999999999997,308.258,0.28,0.9119999999999999,8.3645,0.063,308.23,0.423,0.7955,8.2605,-0.262,308.226,0.1,0.2875,7.7555000000000005,-0.761,308.31,0.1,-0.14250000000000002,7.8135,-0.8565,308.268,0.1,-0.28400000000000003,7.977499999999999,-0.1545,308.107,0.102,-0.295,7.468,-0.777,308.167,0.1,
0.935,8.073,-0.8594999999999999,308.49,0.1,1.081,8.428,-0.659,308.54,0.1,1.412,8.663,-0.2415,308.426,0.1,1.7085,8.115,1.7265000000000001,308.439,0.162,1.7999999999999998,7.487,1.3399999999999999,308.377,0.1,1.9060000000000001,7.682,1.2189999999999999,308.383,0.237,1.872,7.322,0.082,308.415,0.193,1.1905000000000001,7.033,-0.636,308.555,0.1,0.491,7.249,-0.725,308.481,0.1,0.6405,8.234,-0.07400000000000001,308.293,0.163,0.9319999999999999,8.444,-0.172,308.253,0.255,0.696,8.18,-0.34099999999999997,308.421,0.1,0.3575,7.49,-1.0150000000000001,308.402,0.1,0.3945,7.561,-0.185,308.215,0.1,0.483,8.152,1.0354999999999999,308.133,0.141,0.2365,7.569,-0.4115,308.208,0.1,
1.5735000000000001,8.471,-0.012,307.953,0.513,1.9170000000000003,8.713999999999999,-0.039,307.926,0.596,2.1255,8.606,-0.315,307.9,0.117,1.92,8.364,-0.501,308.173,0.1,1.4565000000000001,7.9670000000000005,-0.3315,308.284,0.1,0.8905000000000001,8.054,-0.1835,308.29,0.1,0.496,8.0945,-0.41300000000000003,308.317,0.1,0.722,7.8149999999999995,0.1325,307.911,0.497,1.462,7.625500000000001,1.093,307.947,0.332,1.9849999999999999,7.683999999999999,0.223,307.947,0.108,1.7249999999999999,7.3285,-0.528,308.416,0.1,1.0274999999999999,7.6345,-0.48950000000000005,308.555,0.1,0.4345,8.043,-0.6895,308.44,0.1,0.36850000000000005,8.093499999999999,-0.579,308.121,0.102,0.8545,7.8260000000000005,0.238,307.989,0.136,1.0325,7.0935,0.4435,307.994,0.539,
1.994,8.449000000000002,0.178,307.937,0.455,2.25,8.635,-0.217,307.849,0.505,2.1925,8.439499999999999,-0.3855,307.935,0.119,1.7765,8.142499999999998,-0.367,308.226,0.1,1.2185,7.76,-0.2125,308.254,0.1,0.5685,7.8475,-0.126,308.278,0.1,0.156,8.189,-0.42700000000000005,308.438,0.1,0.6225,7.875,0.113,308.011,0.374,1.4785,7.9585,0.436,308.007,0.191,1.617,7.952500000000001,-0.28800000000000003,308.178,0.1,0.958,7.3785,-0.3665,308.42,0.1,0.155,7.133,-0.41200000000000003,308.406,0.1,-0.36550000000000005,7.4695,-0.728,308.26,0.1,-0.15300000000000002,7.9895,-0.5145,307.98,0.157,0.5875,8.198,0.259,307.95,0.108,0.7535000000000001,7.7065,0.525,308.005,0.566,
2.2249999999999996,8.394,0.39549999999999996,307.965,0.444,2.4655,8.548,-0.3015,307.881,0.118,2.2824999999999998,8.337,-0.34750000000000003,308.143,0.121,1.7559999999999998,7.93,-0.278,308.364,0.1,1.166,7.593,-0.2385,308.342,0.1,0.5345,7.6605,-0.099,308.323,0.1,0.167,8.254999999999999,-0.374,308.552,0.1,0.5575,8.3605,-0.027499999999999997,308.299,0.218,0.9445,8.2345,-0.2555,308.277,0.107,0.617,7.7315000000000005,-0.48,308.311,0.1,0.025999999999999995,7.2575,-0.242,308.28,0.1,-0.4805,6.742,-0.49450000000000005,308.206,0.1,-0.7144999999999999,6.827999999999999,-0.869,308.049,0.1,-0.316,7.619,-0.4885,307.893,0.112,0.261,8.1745,0.058,307.937,0.101,0.219,8.048,0.269,308.006,0.376,
2.0425,8.404,0.47950000000000004,307.992,0.358,2.3935,8.578,-0.311,308.073,0.12,2.301,8.328,-0.3625,308.396,0.122,1.8569999999999998,7.7065,-0.248,308.5,0.1,1.323,7.404,-0.35450000000000004,308.5,0.1,0.8194999999999999,7.632,-0.20350000000000001,308.477,0.1,0.5315,8.317,-0.3165,308.62,0.1,0.5660000000000001,8.850000000000001,-0.2815,308.564,0.106,0.3785,8.298,-0.3795,308.421,0.116,-0.056499999999999995,7.3365,-0.362,308.206,0.1,-0.32299999999999995,7.009499999999999,-0.439,308.056,0.1,-0.5515,6.663,-0.4565,308.051,0.1,-0.649,6.5489999999999995,-0.4715,307.988,0.1,-0.3605,7.05,-0.44,307.903,0.1,-0.027000000000000003,7.733,-0.16449999999999998,307.886,0.1,-0.101,8.1,-0.0325,307.91,0.259,
1.819,8.690999999999999,0.29300000000000004,308.031,0.189,2.375,8.6075,-0.154,308.149,0.123,2.524,8.174,-0.27649999999999997,308.364,0.124,2.231,7.4879999999999995,-0.238,308.431,0.125,1.6655,7.229,-0.482,308.564,0.1,1.1635,7.707000000000001,-0.39549999999999996,308.673,0.1,0.895,8.362,-0.3105,308.667,0.1,0.7265,9.014,-0.4925,308.604,0.1,0.5095000000000001,8.434000000000001,-0.099,308.357,0.26,0.35350000000000004,7.413,0.10650000000000001,308.105,0.653,0.2005,6.971,-0.425,307.913,0.722,-0.037,6.827,-0.036,307.957,0.1,-0.0895,6.839,0.8245,308.016,0.109,-0.0475,6.935499999999999,-0.0755,307.973,0.1,-0.093,7.326499999999999,-0.38,307.89,0.1,-0.23,7.8055,-0.4335,307.842,0.1,
1.8995,9.0245,-0.0115,308.034,0.103,2.3125,8.5195,0.0805,308.084,0.394,2.6020000000000003,7.897,0.0485,308.138,0.158,2.5665,7.451499999999999,-0.08,308.164,0.133,2.028,7.1705000000000005,-0.509,308.48,0.1,1.386,7.734500000000001,-0.5445,308.751,0.1,0.9954999999999999,8.338999999999999,-0.36,308.702,0.1,0.754,8.934000000000001,-0.5705,308.474,0.1,0.8285,8.7675,0.08399999999999999,308.263,0.116,1.1480000000000001,8.049,0.4245,308.149,0.704,1.1215,7.409,-0.043,307.955,0.845,0.8165,7.1415,0.697,307.964,0.595,0.7625,7.3355,2.0235,308.092,0.278,0.644,7.39,0.4675,308.036,0.109,0.11950000000000001,7.307499999999999,-0.601,307.984,0.1,-0.46749999999999997,7.327999999999999,-0.7949999999999999,307.911,0.1,
1.949,8.974499999999999,-0.1805,308.121,0.1,1.971,8.375,0.10500000000000001,308.057,0.111,2.234,7.7895,0.498,308.039,1.03,2.5845000000000002,7.633,0.42100000000000004,308.036,0.704,2.3415,7.3125,-0.2915,308.337,0.106,1.6085,7.7575,-0.6074999999999999,308.689,0.1,0.998,8.2875,-0.44099999999999995,308.707,0.1,0.7115,8.783000000000001,-0.5205,308.359,0.1,0.9395,9.0335,-0.027499999999999997,308.175,0.107,1.376,8.612,0.0835,308.152,0.495,1.3965,7.9885,0.16699999999999998,308.044,0.817,1.249,7.4595,1.2469999999999999,308.057,0.671,1.417,7.6505,2.231,308.147,0.173,1.3885,7.9505,0.613,308.061,0.101,0.6555,7.6395,-0.8445,308.063,0.1,-0.2,7.2509999999999994,-0.6535,307.995,0.1,
1.4765,8.7405,-0.222,308.28,0.1,1.359,8.4125,-0.23399999999999999,308.088,0.1,1.7505,7.9275,0.8885000000000001,308.122,0.739,2.4415,7.854,1.1155,308.15,0.623,2.6085000000000003,7.6655,0.0835,308.258,0.103,1.9649999999999999,7.922,-0.617,308.586,0.1,1.152,8.2695,-0.5065000000000001,308.674,0.1,0.7909999999999999,8.629999999999999,-0.3765,308.341,0.1,0.91,8.967,-0.22,308.132,0.1,1.064,8.6155,-0.48150000000000004,308.061,0.203,1.089,8.145,0.09,308.053,0.519,1.3595000000000002,7.522,1.3054999999999999,308.13,0.509,1.8765,7.7645,1.559,308.141,0.132,1.8895,8.395499999999998,0.1065,308.063,0.1,1.083,8.0915,-1.0835,308.083,0.1,0.41600000000000004,7.759499999999999,-0.0885,308.047,0.115,
0.7015,8.6875,-0.22549999999999998,308.466,0.1,0.599,8.706,-0.7144999999999999,308.326,0.1,1.226,8.147,0.9975,308.26,0.352,2.2075,8.061,1.5305,308.313,0.302,2.715,8.1145,0.1895,308.289,0.1,2.2355,8.1345,-0.652,308.538,0.1,1.369,8.1885,-0.5155,308.608,0.1,0.9544999999999999,8.4575,-0.21550000000000002,308.372,0.1,0.8260000000000001,8.6545,-0.28400000000000003,308.182,0.1,0.665,8.2155,-0.7769999999999999,308.02,0.101,0.8480000000000001,7.7905,0.087,308.048,0.444,1.5435,7.291,1.1635,308.147,0.316,2.072,7.906499999999999,0.633,308.118,0.112,1.815,8.7195,-0.6085,308.054,0.11,1.0315,8.4025,-1.133,308.046,0.161,0.6505,8.2165,0.2875,308.083,0.351,
0.486,8.5405,-0.2485,308.594,0.1,0.1965,8.937999999999999,-0.97,308.592,0.1,0.8645,8.408999999999999,0.6970000000000001,308.372,0.298,2.036,8.381499999999999,1.319,308.371,0.217,2.6065,8.477,-0.1475,308.358,0.1,2.1375,8.1695,-0.7545,308.548,0.1,1.3835000000000002,7.946,-0.489,308.53,0.1,1.0515,8.241499999999998,-0.089,308.394,0.1,0.7829999999999999,8.370000000000001,-0.244,308.274,0.1,0.5155,7.7825,-0.8435,308.06,0.101,0.892,7.295999999999999,0.3605,308.073,0.401,1.6815000000000002,7.101,1.0619999999999998,308.164,0.184,1.8275000000000001,8.1985,-0.039,308.122,0.1,1.2355,8.8275,-0.9385,308.031,0.1,0.669,8.4185,-0.9590000000000001,307.972,0.16,0.6585,8.0725,0.2875,308.065,0.205,
1.0195,8.004999999999999,-0.281,308.585,0.1,0.5075000000000001,8.795,-0.876,308.634,0.1,0.9545,8.6735,0.274,308.418,0.284,2.0315,8.742,0.6765,308.33,0.155,2.3994999999999997,8.598500000000001,-0.5505,308.416,0.1,1.8170000000000002,8.068,-0.7865,308.575,0.1,1.203,7.7065,-0.442,308.486,0.107,0.9625,8.0465,-0.025500000000000002,308.432,0.1,0.6455,8.214500000000001,-0.235,308.384,0.1,0.4815,7.4855,-0.8055,308.127,0.102,1.068,7.054,0.755,308.116,0.368,1.6789999999999998,7.297499999999999,0.8555,308.188,0.135,1.382,8.512,-0.361,308.131,0.1,0.698,8.737,-0.806,307.981,0.15,0.39949999999999997,8.232,-0.748,307.903,0.125,0.6575,7.6345,0.261,308.01,0.147,
1.544,7.5845,-0.247,308.466,0.1,1.0845,8.4665,-0.381,308.476,0.1,1.3575,8.779499999999999,0.0765,308.36,0.269,2.0875,8.775500000000001,-0.076,308.297,0.106,2.107,8.346,-0.8235,308.566,0.1,1.4495,7.9215,-0.6645,308.616,0.1,0.9715,7.6579999999999995,-0.3295,308.472,0.103,0.735,7.951499999999999,-0.008,308.484,0.1,0.374,8.09,-0.36250000000000004,308.516,0.1,0.406,7.336,-0.636,308.17,0.101,1.1765,7.207,0.9275,308.158,0.328,1.5445,7.805999999999999,0.4345,308.191,0.111,0.9644999999999999,8.6905,-0.4405,308.087,0.1,0.365,8.6345,-0.5489999999999999,307.918,0.101,0.2975,8.0215,-0.5825,307.881,0.131,0.6665,7.475,0.273,307.973,0.129,
1.3285,7.8535,-0.2015,308.352,0.101,1.2685,8.405000000000001,0.1805,308.36,0.223,1.6975,8.719,-0.010499999999999999,308.316,0.224,2.026,8.4525,-0.738,308.49,0.1,1.7055,7.8115,-0.9775,308.747,0.1,1.121,7.573499999999999,-0.6599999999999999,308.664,0.1,0.7929999999999999,7.6265,-0.279,308.476,0.1,0.5105,7.8545,0.015000000000000001,308.501,0.1,0.1285,7.8835,-0.5705,308.613,0.1,0.3455,7.3805,-0.3135,308.19,0.104,1.1465,7.6285,0.7250000000000001,308.186,0.348,1.339,8.243500000000001,0.016,308.159,0.1,0.7010000000000001,8.6385,-0.355,308.037,0.1,0.0695,8.5275,-0.5155000000000001,307.992,0.1,-0.008500000000000008,7.8260000000000005,-0.5825,307.953,0.112,0.3005,7.529999999999999,-0.005000000000000001,307.976,0.105,
0.867,8.3605,-0.1825,308.266,0.118,1.273,8.61,0.1885,308.358,0.119,1.8945,8.6365,-0.13999999999999999,308.437,0.106,1.9825000000000002,8.183,-0.5465,308.658,0.1,1.6179999999999999,7.368,-0.5860000000000001,308.68,0.1,1.1909999999999998,7.149,-0.6799999999999999,308.593,0.1,0.8215,7.3765,-0.488,308.524,0.1,0.34750000000000003,7.5545,-0.1045,308.554,0.1,-0.033,7.5625,-0.6795,308.618,0.1,0.3165,7.6925,0.0225,308.223,0.33,0.9690000000000001,8.0855,0.337,308.214,0.384,1.0470000000000002,8.378,-0.175,308.138,0.1,0.5425,8.280999999999999,-0.35150000000000003,308.132,0.1,-0.1215,8.238499999999998,-0.732,308.224,0.1,-0.427,7.75,-0.6905,308.101,0.1,-0.3305,7.4365,-0.5335000000000001,308.074,0.1,
1.1635,8.2345,-0.357,308.297,0.1,1.5430000000000001,8.542,-0.14600000000000002,308.473,0.1,1.9745,8.5845,-0.1755,308.574,0.101,2.06,8.09,0.757,308.584,0.101,1.9035000000000002,7.2985,0.486,308.503,0.101,1.67,7.1965,0.011,308.418,0.21,1.2625,7.140499999999999,-0.5745,308.525,0.1,0.5589999999999999,7.151,-0.48750000000000004,308.662,0.1,0.0775,7.24,-0.6995,308.593,0.1,0.427,8.05,0.11,308.266,0.247,0.9075,8.334,0.002999999999999999,308.228,0.34,0.8165,8.259,-0.218,308.242,0.1,0.348,7.728,-0.6759999999999999,308.358,0.1,-0.0975,7.7615,-0.7755,308.326,0.1,-0.35950000000000004,7.936,-0.233,308.147,0.1,-0.48250000000000004,7.406,-0.7505,308.204,0.1,
0.9684999999999999,7.933,-0.7875,308.53,0.1,1.101,8.353,-0.5705,308.578,0.1,1.412,8.561,-0.23349999999999999,308.457,0.1,1.695,8.062,1.6935,308.441,0.151,1.8175,7.374,1.3119999999999998,308.375,0.102,1.9505,7.413,1.1019999999999999,308.375,0.208,1.9224999999999999,7.093,0.006999999999999999,308.444,0.107,1.2814999999999999,6.969,-0.585,308.615,0.1,0.5800000000000001,7.105,-0.6599999999999999,308.56,0.1,0.6565000000000001,8.18,-0.1205,308.3,0.139,0.927,8.374,-0.177,308.266,0.179,0.7045,8.155,-0.28200000000000003,308.457,0.1,0.3445,7.437,-0.9995,308.455,0.1,0.3675,7.496,-0.177,308.243,0.1,0.41400000000000003,8.098,0.955,308.142,0.138,0.089,7.486,-0.382,308.239,0.1,
1.6045,8.443999999999999,-0.03,307.953,0.47,1.9260000000000002,8.6345,-0.075,307.923,0.451,2.0700000000000003,8.5115,-0.3175,308.008,0.111,1.7995,8.278500000000001,-0.44299999999999995,308.339,0.1,1.3405,7.9125,-0.259,308.414,0.1,0.8015000000000001,7.933,-0.1345,308.378,0.1,0.376,8.065,-0.33699999999999997,308.454,0.1,0.633,7.785,0.0795,308.002,0.356,1.46,7.7115,0.9665,307.937,0.276,1.9235,7.6395,0.133,308.056,0.105,1.596,7.339499999999999,-0.4645,308.53,0.1,0.9495,7.6305,-0.3865,308.64,0.1,0.375,7.9405,-0.579,308.547,0.1,0.19899999999999998,7.8245000000000005,-0.5465,308.249,0.101,0.5175,7.452,0.1205,308.057,0.128,0.718,6.91,0.349,308.032,0.49,
2.0035,8.418,0.14,307.934,0.418,2.2095000000000002,8.5565,-0.235,307.915,0.361,2.0595,8.3475,-0.361,308.148,0.112,1.597,8.0525,-0.2965,308.42,0.1,1.1255000000000002,7.731999999999999,-0.1475,308.398,0.1,0.609,7.8065,-0.078,308.37,0.1,0.19449999999999998,8.212,-0.351,308.563,0.1,0.5785,8.026499999999999,0.020500000000000004,308.193,0.277,1.3655,8.0825,0.3265,308.098,0.159,1.434,7.841,-0.2735,308.287,0.1,0.819,7.29,-0.2855,308.484,0.1,0.1255,7.080500000000001,-0.31,308.463,0.1,-0.386,7.333,-0.6040000000000001,308.338,0.1,-0.32299999999999995,7.664,-0.5095000000000001,308.058,0.136,0.219,7.810499999999999,0.14500000000000002,307.958,0.108,0.40700000000000003,7.478,0.45899999999999996,307.997,0.514,
2.1955,8.4305,0.3325,307.953,0.374,2.3695,8.5495,-0.3245,308.055,0.111,2.088,8.265,-0.3325,308.409,0.113,1.5345,7.8485,-0.214,308.562,0.1,1.0675,7.6129999999999995,-0.17099999999999999,308.5,0.1,0.656,7.747999999999999,-0.061,308.44,0.1,0.3525,8.3205,-0.3115,308.663,0.1,0.5579999999999999,8.431999999999999,-0.123,308.487,0.175,0.7769999999999999,8.189,-0.272,308.392,0.104,0.4675,7.6005,-0.3875,308.364,0.1,-0.017499999999999988,7.1185,-0.186,308.301,0.1,-0.4785,6.6405,-0.43300000000000005,308.265,0.1,-0.7705,6.6825,-0.7755,308.113,0.1,-0.5349999999999999,7.346500000000001,-0.4655,307.91,0.108,-0.0985,7.8629999999999995,0.008,307.91,0.102,-0.0845,7.825,0.249,307.973,0.339,
2.1015,8.6035,0.3845,308.0,0.315,2.3425000000000002,8.628,-0.34299999999999997,308.264,0.113,2.104,8.1785,-0.34550000000000003,308.612,0.114,1.6225,7.604,-0.20400000000000001,308.657,0.1,1.1840000000000002,7.464,-0.2815,308.644,0.1,0.8775,7.7940000000000005,-0.1725,308.624,0.1,0.6659999999999999,8.3855,-0.27749999999999997,308.725,0.1,0.527,8.745999999999999,-0.3245,308.655,0.104,0.218,8.117,-0.362,308.471,0.11,-0.14850000000000002,7.259,-0.29800000000000004,308.237,0.1,-0.33,6.881,-0.41700000000000004,308.079,0.1,-0.54,6.535500000000001,-0.4195,308.092,0.1,-0.717,6.396,-0.4765,308.037,0.1,-0.573,6.899,-0.4165,307.91,0.1,-0.319,7.5625,-0.14750000000000002,307.871,0.1,-0.3665,7.9030000000000005,-0.017,307.892,0.221,
2.0084999999999997,8.923,0.20900000000000002,308.067,0.169,2.37,8.594999999999999,-0.178,308.293,0.114,2.326,7.936,-0.257,308.501,0.115,1.996,7.359500000000001,-0.23,308.569,0.116,1.4875,7.314,-0.4135,308.697,0.1,1.098,7.8555,-0.34199999999999997,308.805,0.1,0.884,8.3795,-0.2855,308.766,0.1,0.6275000000000001,8.835999999999999,-0.47550000000000003,308.615,0.1,0.3195,8.2775,-0.1215,308.363,0.224,0.15450000000000003,7.339,0.0615,308.131,0.457,0.05,6.8445,-0.45499999999999996,307.934,0.503,-0.101,6.7155000000000005,-0.0024999999999999996,307.971,0.1,-0.133,6.705500000000001,0.7455,308.033,0.106,-0.16849999999999998,6.8485,-0.1065,307.99,0.1,-0.294,7.2735,-0.32399999999999995,307.91,0.1,-0.481,7.661,-0.358,307.868,0.1,
2.0465,9.057,-0.025,308.099,0.102,2.348,8.3995,0.079,308.147,0.29,2.5355,7.6935,0.045,308.19,0.263,2.416,7.301500000000001,-0.126,308.331,0.121,1.8315000000000001,7.2379999999999995,-0.471,308.632,0.1,1.2335,7.834,-0.45899999999999996,308.849,0.1,0.9135,8.299,-0.326,308.789,0.1,0.6905,8.771999999999998,-0.522,308.493,0.1,0.6755,8.6835,0.033999999999999996,308.255,0.111,0.8705,7.895,0.315,308.14,0.639,0.847,7.239000000000001,-0.10899999999999999,307.941,0.79,0.6779999999999999,7.0615000000000006,0.707,307.964,0.548,0.761,7.2585,1.9485000000000001,308.092,0.254,0.6625,7.321,0.393,308.049,0.106,0.0605,7.302,-0.5315,308.018,0.1,-0.6035,7.243,-0.6890000000000001,307.969,0.1,
1.8815,8.852,-0.14100000000000001,308.182,0.1,1.9969999999999999,8.2575,0.11449999999999999,308.07,0.11,2.303,7.6850000000000005,0.4535,308.043,0.953,2.5305,7.507,0.3265,308.125,0.492,2.147,7.33,-0.314,308.486,0.104,1.4205,7.8035,-0.526,308.777,0.1,0.915,8.2145,-0.38249999999999995,308.777,0.1,0.7065,8.638,-0.4655,308.433,0.1,0.8535,8.943000000000001,-0.057999999999999996,308.182,0.104,1.1360000000000001,8.3755,0.0225,308.135,0.457,1.143,7.7875,0.1275,308.026,0.785,1.129,7.412000000000001,1.2265000000000001,308.048,0.606,1.462,7.640000000000001,2.169,308.138,0.169,1.49,7.926500000000001,0.5389999999999999,308.066,0.101,0.6910000000000001,7.631,-0.7755000000000001,308.093,0.1,-0.2705,7.1705000000000005,-0.6,308.047,0.1,
1.3205,8.673,-0.182,308.377,0.1,1.3265,8.369,-0.2255,308.188,0.1,1.7715,7.885,0.804,308.119,0.678,2.4154999999999998,7.802,1.0025,308.15,0.546,2.458,7.6445,0.0010000000000000009,308.371,0.102,1.772,7.906499999999999,-0.567,308.679,0.1,1.0605,8.1665,-0.4195,308.723,0.1,0.783,8.475999999999999,-0.3295,308.444,0.1,0.8220000000000001,8.812000000000001,-0.20800000000000002,308.18,0.1,0.857,8.374500000000001,-0.4485,308.079,0.182,0.911,7.981999999999999,0.1,308.042,0.488,1.302,7.507,1.262,308.122,0.453,1.9135,7.8185,1.4954999999999998,308.136,0.131,1.924,8.4255,0.072,308.068,0.1,1.0605,8.051,-1.018,308.106,0.1,0.3275,7.637499999999999,-0.089,308.067,0.109,
0.6665,8.73,-0.1825,308.587,0.1,0.5675,8.655000000000001,-0.6835,308.477,0.1,1.21,8.175999999999998,0.8919999999999999,308.26,0.325,2.218,8.0635,1.3955000000000002,308.311,0.267,2.6180000000000003,8.064,0.08600000000000001,308.366,0.1,2.052,8.073,-0.6034999999999999,308.621,0.1,1.2555,8.07,-0.406,308.638,0.1,0.917,8.3005,-0.1825,308.464,0.1,0.7545,8.4765,-0.246,308.265,0.1,0.5485,8.0525,-0.6935,308.076,0.1,0.7765,7.6905,0.1145,308.047,0.403,1.53,7.295,1.0924999999999998,308.144,0.28,2.0505,8.002500000000001,0.581,308.113,0.11,1.7265,8.7615,-0.5760000000000001,308.057,0.106,0.895,8.336500000000001,-1.0710000000000002,308.057,0.139,0.5675,8.092500000000001,0.3005,308.083,0.331,
0.558,8.627,-0.16999999999999998,308.693,0.1,0.22799999999999998,8.822,-0.8785000000000001,308.7,0.1,0.8705,8.51,0.6015,308.4,0.228,2.0475,8.403500000000001,1.1435,308.373,0.198,2.521,8.4,-0.2245,308.43,0.1,1.9785,8.096499999999999,-0.6735,308.626,0.1,1.2694999999999999,7.855499999999999,-0.3805,308.57,0.1,0.988,8.119499999999999,-0.07050000000000001,308.471,0.1,0.7275,8.236999999999998,-0.202,308.371,0.1,0.473,7.73,-0.7625,308.133,0.101,0.8664999999999999,7.2285,0.34750000000000003,308.075,0.371,1.6385,7.1065000000000005,0.956,308.161,0.173,1.7405,8.299,-0.043,308.117,0.1,1.0805,8.844999999999999,-0.8535,308.034,0.1,0.4685,8.381,-0.903,307.966,0.152,0.5475,8.031,0.3305,308.06,0.194,
1.0514999999999999,8.0935,-0.1925,308.648,0.1,0.5429999999999999,8.6475,-0.744,308.688,0.1,0.957,8.7295,0.216,308.432,0.256,2.0175,8.7345,0.512,308.327,0.143,2.3099999999999996,8.5185,-0.562,308.519,0.1,1.677,7.993,-0.6915,308.668,0.1,1.0805,7.645,-0.37,308.567,0.104,0.8655,7.974499999999999,-0.0185,308.509,0.1,0.5880000000000001,8.1465,-0.1885,308.483,0.1,0.479,7.534000000000001,-0.7464999999999999,308.205,0.101,1.0785,7.0095,0.6575,308.118,0.342,1.6440000000000001,7.3155,0.734,308.187,0.131,1.299,8.5855,-0.30300000000000005,308.14,0.1,0.5535,8.725999999999999,-0.7205,308.018,0.132,0.20700000000000002,8.278500000000001,-0.708,307.904,0.116,0.5475,7.713,0.2745,308.004,0.142,
1.4665,7.625,-0.20750000000000002,308.543,0.1,1.081,8.306999999999999,-0.3085,308.507,0.1,1.3815,8.701,0.0315,308.368,0.208,2.0735,8.6615,-0.144,308.366,0.104,2.0075000000000003,8.254,-0.7484999999999999,308.684,0.1,1.3075,7.8375,-0.5695,308.702,0.1,0.8260000000000001,7.59,-0.3005,308.578,0.102,0.618,7.8985,-0.004,308.565,0.1,0.3285,8.067,-0.29400000000000004,308.61,0.1,0.423,7.4575,-0.614,308.245,0.101,1.181,7.1965,0.7625,308.159,0.3,1.4935,7.8555,0.34950000000000003,308.189,0.11,0.8975,8.713999999999999,-0.355,308.119,0.1,0.28250000000000003,8.6095,-0.47750000000000004,307.994,0.101,0.1885,8.163,-0.5575,307.918,0.12,0.612,7.625,0.223,307.968,0.125,
1.299,7.769,-0.213,308.469,0.101,1.2885,8.225999999999999,0.138,308.393,0.189,1.7095,8.546,-0.078,308.382,0.179,1.9435,8.2105,-0.7204999999999999,308.619,0.1,1.537,7.6385,-0.872,308.84,0.1,0.9424999999999999,7.4665,-0.558,308.723,0.1,0.6419999999999999,7.5575,-0.243,308.562,0.1,0.4215,7.814,0.043000000000000003,308.569,0.1,0.12100000000000001,7.8765,-0.47,308.698,0.1,0.367,7.5245,-0.354,308.259,0.103,1.1059999999999999,7.645,0.5595,308.188,0.31,1.2334999999999998,8.302,-0.004,308.153,0.1,0.6174999999999999,8.619499999999999,-0.275,308.083,0.1,0.0295,8.495000000000001,-0.4225,308.075,0.1,-0.037000000000000005,7.982,-0.5495,308.014,0.108,0.295,7.656000000000001,-0.050499999999999996,307.99,0.103,
1.0305,8.197,-0.185,308.376,0.111,1.321,8.4405,0.1175,308.445,0.112,1.774,8.424,-0.2055,308.558,0.104,1.781,7.896,-0.5375000000000001,308.75,0.1,1.43,7.1225,-0.532,308.717,0.1,1.0185,6.9885,-0.618,308.651,0.1,0.69,7.3175,-0.4205,308.594,0.1,0.31,7.5595,-0.028,308.61,0.1,-0.0014999999999999979,7.547499999999999,-0.55,308.701,0.1,0.33599999999999997,7.747,-0.077,308.285,0.248,0.92,8.0845,0.22500000000000003,308.212,0.332,0.9650000000000001,8.41,-0.155,308.142,0.1,0.5145,8.2695,-0.2645,308.182,0.1,-0.106,8.176,-0.6180000000000001,308.315,0.1,-0.4335,7.7705,-0.6815,308.197,0.1,-0.365,7.473,-0.512,308.12,0.1,
1.2715,8.114,-0.2875,308.38,0.1,1.4649999999999999,8.4355,-0.1345,308.575,0.1,1.748,8.366,-0.20850000000000002,308.645,0.1,1.864,7.8805,0.723,308.616,0.113,1.8290000000000002,7.108499999999999,0.4805,308.502,0.105,1.6105,7.013,-0.0315,308.45,0.17,1.1745,7.0645,-0.55,308.609,0.1,0.536,7.169499999999999,-0.393,308.742,0.1,0.111,7.1965,-0.5645,308.69,0.1,0.397,7.9035,0.022000000000000002,308.336,0.194,0.825,8.2495,-0.043500000000000004,308.255,0.273,0.7965,8.253,-0.1805,308.271,0.1,0.42600000000000005,7.7485,-0.5815,308.421,0.1,0.0059999999999999915,7.6655,-0.6970000000000001,308.413,0.1,-0.33,7.807499999999999,-0.2965,308.245,0.1,-0.5465,7.3535,-0.702,308.262,0.1,
0.9145,7.855,-0.7070000000000001,308.595,0.1,0.9425,8.29,-0.475,308.625,0.1,1.2429999999999999,8.351,-0.2285,308.441,0.1,1.613,7.919,1.6445,308.442,0.147,1.83,7.25,1.266,308.367,0.117,1.9735,7.242,0.96,308.369,0.193,1.8885,6.999,-0.07300000000000001,308.521,0.104,1.2685,6.97,-0.5409999999999999,308.709,0.1,0.6195,7.042,-0.5800000000000001,308.669,0.1,0.6214999999999999,7.916,-0.1315,308.414,0.126,0.8605,8.232,-0.16899999999999998,308.345,0.15,0.712,8.13,-0.224,308.511,0.1,0.3695,7.469,-0.9624999999999999,308.54,0.1,0.39999999999999997,7.391,-0.179,308.285,0.1,0.46149999999999997,7.927,0.863,308.176,0.125,0.07899999999999999,7.397,-0.346,308.284,0.1,
1.6355,8.417,-0.0485,307.953,0.426,1.9355,8.5545,-0.109,307.919,0.306,2.015,8.4175,-0.315,308.116,0.104,1.6795,8.193999999999999,-0.38249999999999995,308.505,0.1,1.225,7.858499999999999,-0.19,308.545,0.1,0.7130000000000001,7.8125,-0.091,308.466,0.1,0.256,8.0355,-0.265,308.59,0.1,0.544,7.7555,0.0265,308.094,0.216,1.4575,7.797499999999999,0.837,307.928,0.221,1.8615,7.5954999999999995,0.049999999999999996,308.164,0.102,1.4675,7.351,-0.4,308.645,0.1,0.8714999999999999,7.6265,-0.28700000000000003,308.726,0.1,0.3155,7.8385,-0.46699999999999997,308.655,0.1,0.0305,7.556,-0.5085,308.376,0.1,0.18100000000000002,7.077,0.009999999999999998,308.126,0.119,0.404,6.727,0.2585,308.071,0.44,
2.0135,8.387,0.1005,307.931,0.381,2.17,8.478,-0.252,307.982,0.217,1.927,8.255,-0.33299999999999996,308.362,0.105,1.4180000000000001,7.9625,-0.227,308.614,0.1,1.0325,7.705,-0.0885,308.541,0.1,0.6495,7.765499999999999,-0.039,308.462,0.1,0.23349999999999999,8.2355,-0.279,308.689,0.1,0.535,8.178,-0.0655,308.376,0.179,1.2530000000000001,8.2075,0.2225,308.189,0.126,1.2515,7.73,-0.2555,308.397,0.1,0.6799999999999999,7.201499999999999,-0.20800000000000002,308.547,0.1,0.0955,7.028499999999999,-0.20950000000000002,308.52,0.1,-0.4065,7.197,-0.47950000000000004,308.417,0.1,-0.493,7.339,-0.501,308.136,0.116,-0.1495,7.422000000000001,0.0365,307.966,0.108,0.061,7.2505,0.394,307.989,0.463,
2.165,8.4665,0.267,307.94,0.305,2.2729999999999997,8.551,-0.3435,308.228,0.105,1.894,8.1925,-0.311,308.674,0.106,1.314,7.766,-0.1515,308.761,0.1,0.9695,7.6335,-0.10900000000000001,308.657,0.1,0.7775000000000001,7.836,-0.032,308.558,0.1,0.5385,8.386,-0.2535,308.775,0.1,0.5589999999999999,8.504000000000001,-0.20650000000000002,308.675,0.133,0.609,8.1435,-0.28200000000000003,308.508,0.102,0.317,7.47,-0.2995,308.416,0.1,-0.061500000000000006,6.9795,-0.1335,308.323,0.1,-0.477,6.539,-0.37050000000000005,308.325,0.1,-0.8275,6.5375,-0.6795,308.177,0.1,-0.7545,7.0745000000000005,-0.4415,307.928,0.104,-0.4575,7.551,-0.039,307.883,0.103,-0.3875,7.602,0.22949999999999998,307.94,0.301,
2.16,8.802,0.29000000000000004,308.008,0.272,2.2915,8.6785,-0.3675,308.454,0.105,1.9075000000000002,8.028500000000001,-0.3215,308.828,0.106,1.388,7.5005,-0.159,308.813,0.1,1.045,7.524,-0.212,308.789,0.1,0.9359999999999999,7.9559999999999995,-0.14550000000000002,308.771,0.1,0.8015,8.4535,-0.242,308.831,0.1,0.48849999999999993,8.642,-0.3565,308.746,0.102,0.057499999999999996,7.936,-0.33999999999999997,308.522,0.104,-0.2405,7.182,-0.238,308.268,0.1,-0.33699999999999997,6.7524999999999995,-0.3945,308.103,0.1,-0.5285,6.4079999999999995,-0.385,308.133,0.1,-0.7855,6.243,-0.478,308.087,0.1,-0.7855,6.7485,-0.393,307.918,0.1,-0.611,7.3919999999999995,-0.1305,307.856,0.1,-0.6325000000000001,7.7055,-0.0014999999999999996,307.873,0.184,
2.1975,9.1545,0.128,308.102,0.149,2.365,8.583,-0.1965,308.437,0.106,2.129,7.6975,-0.2345,308.638,0.107,1.762,7.231,-0.218,308.707,0.107,1.3094999999999999,7.399,-0.344,308.829,0.1,1.032,8.004,-0.28900000000000003,308.938,0.1,0.873,8.3965,-0.2625,308.865,0.1,0.5285,8.657499999999999,-0.4545,308.625,0.1,0.13,8.121,-0.14150000000000001,308.369,0.188,-0.0435,7.2645,0.0205,308.157,0.262,-0.10049999999999999,6.718,-0.4815,307.955,0.283,-0.16599999999999998,6.6035,0.024,307.986,0.1,-0.1765,6.572,0.6625,308.05,0.102,-0.289,6.7620000000000005,-0.1355,308.007,0.1,-0.495,7.221,-0.26849999999999996,307.929,0.1,-0.7324999999999999,7.5165,-0.2815,307.893,0.1,
2.193,9.089,-0.0385,308.164,0.101,2.3834999999999997,8.279499999999999,0.0765,308.209,0.186,2.4695,7.4905,0.039,308.242,0.369,2.2655000000000003,7.152,-0.16649999999999998,308.499,0.109,1.635,7.3055,-0.42700000000000005,308.785,0.1,1.081,7.934,-0.374,308.947,0.1,0.831,8.2585,-0.29400000000000004,308.876,0.1,0.627,8.61,-0.47450000000000003,308.512,0.1,0.5235000000000001,8.598500000000001,-0.013499999999999998,308.248,0.106,0.593,7.741,0.21250000000000002,308.131,0.574,0.5720000000000001,7.069,-0.1735,307.926,0.735,0.5395,6.981,0.711,307.964,0.501,0.76,7.1815,1.8635000000000002,308.092,0.23,0.6815,7.252000000000001,0.3185,308.062,0.102,0.0020000000000000018,7.2975,-0.46199999999999997,308.052,0.1,-0.739,7.1585,-0.5805,308.028,0.1,
1.8145,8.7285,-0.106,308.244,0.1,2.0235000000000003,8.1395,0.119,308.082,0.109,2.3725,7.5809999999999995,0.406,308.047,0.876,2.476,7.3815,0.23550000000000001,308.214,0.28,1.9515,7.3469999999999995,-0.3275,308.634,0.102,1.2325,7.85,-0.4435,308.865,0.1,0.8325,8.141,-0.3265,308.847,0.1,0.702,8.493500000000001,-0.41300000000000003,308.507,0.1,0.768,8.852,-0.08499999999999999,308.189,0.102,0.8955,8.14,-0.031,308.118,0.42,0.889,7.5865,0.08549999999999999,308.007,0.753,1.0085,7.3645,1.202,308.039,0.541,1.506,7.629,2.098,308.129,0.164,1.5915,7.9025,0.46299999999999997,308.072,0.1,0.727,7.623,-0.704,308.123,0.1,-0.3415,7.0905000000000005,-0.5429999999999999,308.099,0.1,
1.165,8.6055,-0.14700000000000002,308.473,0.1,1.294,8.3245,-0.2175,308.287,0.1,1.7925,7.842499999999999,0.7185,308.116,0.617,2.3895,7.7505,0.8875,308.149,0.468,2.307,7.6225000000000005,-0.0735,308.484,0.101,1.5785,7.8919999999999995,-0.5135000000000001,308.772,0.1,0.9690000000000001,8.062999999999999,-0.3355,308.772,0.1,0.7755000000000001,8.3225,-0.28500000000000003,308.546,0.1,0.7344999999999999,8.657,-0.1945,308.228,0.1,0.6505,8.1345,-0.41200000000000003,308.097,0.161,0.733,7.8185,0.1055,308.031,0.456,1.244,7.4925,1.216,308.114,0.397,1.9495,7.872,1.427,308.131,0.13,1.9585,8.455,0.038,308.074,0.1,1.039,8.011,-0.9475,308.129,0.1,0.2395,7.515499999999999,-0.089,308.088,0.104,
0.6315000000000001,8.773,-0.14450000000000002,308.708,0.1,0.5365,8.604,-0.647,308.628,0.1,1.194,8.2055,0.7849999999999999,308.26,0.297,2.2285,8.066,1.2555,308.309,0.231,2.521,8.0125,-0.010499999999999999,308.443,0.1,1.8679999999999999,8.012,-0.5509999999999999,308.705,0.1,1.1415,7.951,-0.3005,308.669,0.1,0.8795,8.1435,-0.15200000000000002,308.556,0.1,0.6825,8.298,-0.20950000000000002,308.347,0.1,0.432,7.8895,-0.6114999999999999,308.132,0.1,0.7055,7.59,0.1365,308.046,0.363,1.517,7.2989999999999995,1.0205,308.141,0.245,2.029,8.099,0.5275000000000001,308.109,0.109,1.638,8.8025,-0.541,308.059,0.103,0.7585,8.271,-1.0045,308.068,0.117,0.484,7.968,0.3095,308.082,0.312,
0.63,8.7135,-0.0995,308.792,0.1,0.2595,8.707,-0.7835,308.808,0.1,0.877,8.6115,0.5065000000000001,308.428,0.158,2.0595,8.4255,0.9665,308.375,0.179,2.4355,8.322500000000002,-0.2945,308.502,0.1,1.82,8.0235,-0.5900000000000001,308.704,0.1,1.1560000000000001,7.765000000000001,-0.2755,308.61,0.1,0.925,7.9975000000000005,-0.0545,308.549,0.1,0.672,8.1035,-0.16399999999999998,308.467,0.1,0.43000000000000005,7.677,-0.6839999999999999,308.206,0.1,0.841,7.160500000000001,0.3285,308.076,0.34,1.5955,7.1114999999999995,0.8500000000000001,308.158,0.162,1.6535,8.3995,-0.0475,308.113,0.1,0.9255,8.8625,-0.766,308.038,0.1,0.2675,8.343499999999999,-0.845,307.961,0.145,0.436,7.989,0.3665,308.056,0.183,
1.084,8.182500000000001,-0.11249999999999999,308.711,0.1,0.5785,8.500499999999999,-0.615,308.742,0.1,0.9595,8.785,0.1595,308.446,0.228,2.004,8.7275,0.35250000000000004,308.324,0.131,2.2215,8.438500000000001,-0.5674999999999999,308.622,0.1,1.5375,7.9175,-0.595,308.762,0.1,0.9575,7.5835,-0.29900000000000004,308.648,0.102,0.7685,7.902,-0.0135,308.586,0.1,0.531,8.078,-0.14600000000000002,308.582,0.1,0.477,7.583,-0.69,308.283,0.1,1.09,6.965,0.5565,308.119,0.317,1.609,7.333,0.6140000000000001,308.186,0.128,1.2149999999999999,8.658999999999999,-0.2455,308.15,0.1,0.40850000000000003,8.7155,-0.634,308.055,0.114,0.014499999999999999,8.325,-0.6679999999999999,307.906,0.107,0.4375,7.792,0.281,307.998,0.138,
1.389,7.666,-0.17049999999999998,308.619,0.1,1.0775000000000001,8.148,-0.24,308.539,0.1,1.4055,8.622,-0.012,308.377,0.147,2.06,8.5475,-0.20350000000000001,308.434,0.102,1.9085,8.161999999999999,-0.6685,308.801,0.1,1.166,7.7525,-0.47550000000000003,308.788,0.1,0.6815,7.522,-0.271,308.683,0.101,0.502,7.8454999999999995,-0.0025,308.645,0.1,0.2835,8.043,-0.2295,308.705,0.1,0.44,7.579,-0.593,308.319,0.1,1.1855,7.187,0.599,308.161,0.272,1.442,7.9045000000000005,0.268,308.187,0.108,0.8294999999999999,8.7375,-0.27,308.151,0.1,0.1995,8.584,-0.40700000000000003,308.07,0.1,0.08,8.304,-0.5325,307.955,0.108,0.5579999999999999,7.7755,0.16999999999999998,307.962,0.121,
1.27,7.685,-0.2215,308.586,0.1,1.3079999999999998,8.048,0.0965,308.427,0.156,1.7215,8.3725,-0.139,308.448,0.134,1.8615,7.968,-0.696,308.749,0.1,1.3685,7.4655000000000005,-0.7615,308.934,0.1,0.7645,7.3585,-0.45699999999999996,308.783,0.1,0.491,7.4879999999999995,-0.20800000000000002,308.649,0.1,0.3325,7.774,0.065,308.637,0.1,0.114,7.8685,-0.373,308.783,0.1,0.3885,7.667999999999999,-0.39149999999999996,308.328,0.101,1.0655000000000001,7.6625,0.39949999999999997,308.189,0.272,1.1285,8.36,-0.021500000000000002,308.148,0.1,0.535,8.6,-0.198,308.129,0.1,-0.01050000000000001,8.462,-0.3315,308.158,0.1,-0.066,8.1375,-0.513,308.076,0.103,0.29000000000000004,7.782,-0.094,308.004,0.101,
1.1945000000000001,8.034,-0.185,308.487,0.105,1.3695,8.272,0.051500000000000004,308.531,0.105,1.654,8.2105,-0.26149999999999995,308.678,0.102,1.58,7.609,-0.5275000000000001,308.842,0.1,1.2414999999999998,6.8774999999999995,-0.48,308.755,0.1,0.846,6.827500000000001,-0.5525,308.709,0.1,0.5589999999999999,7.258,-0.353,308.665,0.1,0.27199999999999996,7.564,0.040499999999999994,308.665,0.1,0.028999999999999998,7.531499999999999,-0.4245,308.783,0.1,0.355,7.8015,-0.16849999999999998,308.346,0.165,0.8714999999999999,8.0835,0.11900000000000001,308.21,0.28,0.8835,8.442,-0.136,308.146,0.1,0.487,8.2575,-0.1825,308.233,0.1,-0.09000000000000001,8.1135,-0.505,308.405,0.1,-0.44,7.7905,-0.6625000000000001,308.294,0.1,-0.39949999999999997,7.509499999999999,-0.4855,308.165,0.1,
1.3795000000000002,7.993,-0.2175,308.462,0.1,1.3865,8.3295,-0.12,308.678,0.1,1.521,8.1465,-0.2375,308.715,0.1,1.6680000000000001,7.6705000000000005,0.6825,308.648,0.125,1.754,6.919499999999999,0.4655,308.501,0.109,1.5505,6.829000000000001,-0.0725,308.483,0.13,1.0865,6.9879999999999995,-0.5205,308.693,0.1,0.5125,7.186999999999999,-0.3005,308.822,0.1,0.14400000000000002,7.1525,-0.433,308.788,0.1,0.3675,7.7565,-0.055499999999999994,308.406,0.141,0.7424999999999999,8.165,-0.08549999999999999,308.283,0.205,0.776,8.2475,-0.14800000000000002,308.3,0.1,0.5035,7.7684999999999995,-0.487,308.483,0.1,0.10849999999999999,7.57,-0.6194999999999999,308.499,0.1,-0.301,7.6785,-0.35350000000000004,308.343,0.1,-0.6105,7.3015,-0.649,308.32,0.1,
0.8605,7.776,-0.622,308.659,0.1,0.784,8.227,-0.3785,308.672,0.1,1.074,8.14,-0.226,308.425,0.1,1.5315,7.775,1.5865,308.443,0.143,1.843,7.127,1.2115,308.359,0.132,1.996,7.07,0.815,308.362,0.177,1.854,6.904,-0.1485,308.598,0.102,1.2555,6.97,-0.4945,308.804,0.1,0.6595,6.979,-0.49850000000000005,308.778,0.1,0.5865,7.651,-0.136,308.528,0.112,0.7935,8.091,-0.1605,308.425,0.122,0.7195,8.105,-0.16999999999999998,308.565,0.1,0.395,7.501,-0.9165,308.624,0.1,0.4325,7.287,-0.1845,308.327,0.1,0.5085,7.756,0.7665,308.209,0.111,0.0695,7.309,-0.3105,308.33,0.1,
1.6775,8.3445,-0.068,308.012,0.368,1.9215,8.4295,-0.1365,307.998,0.192,1.919,8.3055,-0.2945,308.295,0.1,1.5274999999999999,8.1035,-0.311,308.689,0.1,1.1004999999999998,7.8155,-0.1315,308.689,0.1,0.663,7.745,-0.068,308.603,0.1,0.2165,8.0235,-0.20850000000000002,308.754,0.1,0.48850000000000005,7.7379999999999995,-0.024,308.257,0.111,1.3960000000000001,7.835500000000001,0.6955,307.995,0.173,1.727,7.537,-0.0055,308.311,0.1,1.3145,7.351,-0.3315,308.757,0.1,0.7915,7.596,-0.198,308.815,0.1,0.2545,7.736,-0.3505,308.772,0.1,-0.11800000000000001,7.3580000000000005,-0.45399999999999996,308.52,0.1,-0.0905,6.8215,-0.077,308.228,0.112,0.168,6.612,0.18,308.137,0.377,
1.9885000000000002,8.3555,0.054,307.998,0.331,2.072,8.386,-0.2645,308.151,0.111,1.75,8.1415,-0.2905,308.622,0.1,1.2325,7.878,-0.1605,308.806,0.1,0.9470000000000001,7.704000000000001,-0.0495,308.706,0.1,0.7065,7.779,-0.0315,308.612,0.1,0.3155,8.273499999999999,-0.222,308.838,0.1,0.504,8.2625,-0.1265,308.58,0.107,1.0965,8.2375,0.13749999999999998,308.321,0.102,1.042,7.6075,-0.22549999999999998,308.513,0.1,0.547,7.133,-0.14300000000000002,308.605,0.1,0.07300000000000001,6.9879999999999995,-0.115,308.58,0.1,-0.4225,7.089,-0.354,308.511,0.1,-0.6405000000000001,7.0865,-0.479,308.255,0.101,-0.44899999999999995,7.1225000000000005,-0.0515,308.014,0.107,-0.20099999999999998,7.0805,0.3355,308.007,0.396,
2.1055,8.5175,0.1915,308.0,0.24,2.112,8.5105,-0.348,308.467,0.1,1.6505,8.082,-0.26749999999999996,308.945,0.1,1.102,7.7044999999999995,-0.093,308.948,0.1,0.898,7.6805,-0.0665,308.835,0.1,0.887,7.942,-0.033,308.724,0.1,0.692,8.4455,-0.21100000000000002,308.901,0.1,0.5425,8.5135,-0.245,308.845,0.102,0.4515,8.061,-0.26749999999999996,308.625,0.1,0.19799999999999998,7.355499999999999,-0.227,308.475,0.1,-0.08449999999999999,6.888999999999999,-0.093,308.357,0.1,-0.46499999999999997,6.47,-0.30500000000000005,308.397,0.1,-0.8634999999999999,6.433,-0.5745,308.266,0.1,-0.9265,6.851,-0.4155,307.999,0.101,-0.739,7.288,-0.0755,307.896,0.104,-0.6205,7.4205000000000005,0.21150000000000002,307.938,0.259,
2.1799999999999997,8.9285,0.197,308.071,0.228,2.1719999999999997,8.6195,-0.3655,308.669,0.1,1.674,7.863,-0.27149999999999996,309.03,0.1,1.176,7.448,-0.11050000000000001,308.97,0.1,0.948,7.6075,-0.154,308.95,0.1,0.9835,8.094000000000001,-0.133,308.938,0.1,0.8885000000000001,8.486999999999998,-0.219,308.944,0.1,0.445,8.522,-0.35,308.826,0.1,-0.052500000000000005,7.7915,-0.30300000000000005,308.578,0.1,-0.28049999999999997,7.1205,-0.1915,308.315,0.1,-0.321,6.6690000000000005,-0.3705,308.158,0.1,-0.5065000000000001,6.2935,-0.36,308.198,0.1,-0.823,6.118,-0.469,308.163,0.1,-0.9305,6.6185,-0.3665,307.962,0.1,-0.8240000000000001,7.2355,-0.11449999999999999,307.877,0.1,-0.837,7.531000000000001,0.014499999999999999,307.894,0.151,
2.3105,9.224,0.06,308.178,0.131,2.3064999999999998,8.454,-0.1945,308.59,0.1,1.9265,7.4905,-0.201,308.778,0.1,1.5455,7.1785,-0.191,308.855,0.1,1.1615,7.5024999999999995,-0.272,308.97,0.1,0.975,8.1065,-0.2395,309.069,0.1,0.852,8.3715,-0.247,308.975,0.1,0.4435,8.4785,-0.4175,308.656,0.1,-0.0155,7.986000000000001,-0.1515,308.395,0.157,-0.2025,7.192,-0.0085,308.202,0.117,-0.23349999999999999,6.617,-0.4965,308.013,0.12,-0.2155,6.483499999999999,0.026500000000000003,308.01,0.1,-0.1935,6.4445,0.5640000000000001,308.079,0.1,-0.356,6.681,-0.1575,308.041,0.1,-0.6214999999999999,7.1665,-0.217,307.971,0.1,-0.904,7.3825,-0.20350000000000001,307.952,0.1,
2.2605,9.0045,-0.0505,308.265,0.1,2.377,8.1175,0.07050000000000001,308.307,0.107,2.3725,7.327999999999999,0.0245,308.347,0.417,2.0895,7.08,-0.185,308.679,0.1,1.449,7.393,-0.36250000000000004,308.933,0.1,0.958,7.986000000000001,-0.2925,309.041,0.1,0.764,8.1845,-0.2685,308.978,0.1,0.5579999999999999,8.433,-0.4285,308.573,0.1,0.365,8.4695,-0.053000000000000005,308.267,0.102,0.3135,7.588,0.139,308.143,0.49,0.28700000000000003,6.9155,-0.23199999999999998,307.94,0.644,0.4,6.897,0.6930000000000001,307.964,0.455,0.7675000000000001,7.103,1.7385000000000002,308.093,0.21,0.723,7.1835,0.2425,308.079,0.1,0.0010000000000000009,7.292,-0.393,308.095,0.1,-0.788,7.08,-0.4625,308.104,0.1,
1.741,8.595500000000001,-0.089,308.358,0.1,2.0365,8.037,0.105,308.164,0.108,2.4025,7.496,0.34650000000000003,308.124,0.76,2.38,7.297000000000001,0.158,308.359,0.119,1.755,7.3845,-0.31,308.79,0.1,1.0775000000000001,7.8575,-0.35950000000000004,308.954,0.1,0.763,8.041,-0.27849999999999997,308.93,0.1,0.6685000000000001,8.327,-0.3695,308.622,0.1,0.6445000000000001,8.6875,-0.10300000000000001,308.23,0.1,0.6345000000000001,7.9215,-0.058499999999999996,308.129,0.366,0.626,7.404,0.0345,307.997,0.71,0.8879999999999999,7.3235,1.1625,308.029,0.479,1.5474999999999999,7.618,1.9895,308.12,0.16,1.6905000000000001,7.8755,0.3805,308.078,0.1,0.7929999999999999,7.6205,-0.6245,308.156,0.1,-0.333,7.0145,-0.47250000000000003,308.159,0.1,
1.064,8.545,-0.132,308.612,0.1,1.2890000000000001,8.2835,-0.213,308.431,0.1,1.8250000000000002,7.8075,0.6275,308.17,0.533,2.3425000000000002,7.697,0.764,308.203,0.385,2.135,7.6080000000000005,-0.1185,308.616,0.1,1.4,7.852,-0.4475,308.872,0.1,0.885,7.948,-0.262,308.831,0.1,0.7435,8.1605,-0.25,308.677,0.1,0.632,8.4575,-0.1755,308.311,0.1,0.457,7.931,-0.365,308.147,0.141,0.5720000000000001,7.6685,0.0925,308.021,0.424,1.1935,7.4785,1.162,308.107,0.344,1.983,7.922499999999999,1.337,308.126,0.128,1.991,8.4775,0.0045000000000000005,308.08,0.1,1.0345,7.9785,-0.8580000000000001,308.155,0.1,0.19849999999999998,7.397,-0.087,308.112,0.1,
0.648,8.7575,-0.1245,308.84,0.1,0.5445,8.5175,-0.5905,308.79,0.1,1.2,8.216000000000001,0.673,308.294,0.261,2.2165,8.060500000000001,1.0955,308.311,0.2,2.3890000000000002,7.957000000000001,-0.0805,308.539,0.1,1.6835,7.9405,-0.485,308.803,0.1,1.0355,7.8435,-0.21050000000000002,308.716,0.1,0.8280000000000001,7.997,-0.13,308.669,0.1,0.6060000000000001,8.116,-0.1775,308.458,0.1,0.334,7.7715,-0.5335,308.219,0.1,0.6495,7.505,0.138,308.045,0.32,1.5034999999999998,7.3035,0.9455,308.137,0.213,2.006,8.192,0.4675,308.105,0.107,1.5564999999999998,8.833,-0.495,308.068,0.1,0.635,8.209,-0.9199999999999999,308.084,0.1,0.41200000000000003,7.849,0.303,308.083,0.292,
0.722,8.704,-0.0565,308.877,0.1,0.3235,8.5335,-0.6755,308.914,0.1,0.8995,8.6395,0.4125,308.456,0.114,2.0445,8.432500000000001,0.7835,308.376,0.16,2.3075,8.231000000000002,-0.33799999999999997,308.602,0.1,1.6455,7.9495000000000005,-0.499,308.8,0.1,1.041,7.6965,-0.1855,308.674,0.1,0.849,7.8915,-0.0475,308.643,0.1,0.6034999999999999,7.98,-0.1375,308.586,0.1,0.3815,7.664,-0.614,308.313,0.1,0.813,7.1475,0.2885,308.083,0.298,1.5465,7.161,0.7444999999999999,308.154,0.152,1.5670000000000002,8.502,-0.053500000000000006,308.116,0.1,0.7865,8.8665,-0.6679999999999999,308.054,0.1,0.08500000000000002,8.3,-0.78,307.969,0.136,0.3335,7.953,0.3755,308.052,0.172,
1.1095,8.215,-0.0615,308.77,0.1,0.651,8.312999999999999,-0.49650000000000005,308.804,0.1,0.9994999999999999,8.751,0.10750000000000001,308.474,0.2,1.9615,8.680499999999999,0.21050000000000002,308.37,0.12,2.0725,8.332,-0.5525,308.757,0.1,1.3635,7.837,-0.49450000000000005,308.869,0.1,0.8234999999999999,7.5395,-0.2315,308.748,0.1,0.6685,7.8385,-0.0165,308.674,0.1,0.4645,8.012,-0.11699999999999999,308.698,0.1,0.4385,7.6579999999999995,-0.6415,308.397,0.1,1.043,7.029999999999999,0.4425,308.135,0.292,1.5265,7.444000000000001,0.5,308.189,0.124,1.1215,8.732500000000002,-0.19,308.172,0.1,0.285,8.688,-0.542,308.115,0.101,-0.1485,8.344000000000001,-0.6285000000000001,307.936,0.1,0.346,7.872,0.2615,307.992,0.133,
1.301,7.7245,-0.14200000000000002,308.712,0.1,1.099,8.006499999999999,-0.187,308.609,0.1,1.4465,8.498999999999999,-0.051000000000000004,308.447,0.104,2.005,8.4085,-0.23299999999999998,308.559,0.1,1.753,8.061,-0.5725,308.935,0.1,0.9964999999999999,7.659000000000001,-0.384,308.885,0.1,0.5355,7.462999999999999,-0.2395,308.806,0.1,0.402,7.7940000000000005,-0.009,308.736,0.1,0.242,8.013,-0.177,308.811,0.1,0.411,7.7085,-0.575,308.432,0.1,1.109,7.304,0.441,308.186,0.245,1.3359999999999999,8.0295,0.1995,308.199,0.107,0.7585,8.751000000000001,-0.188,308.2,0.1,0.1335,8.535499999999999,-0.3395,308.182,0.1,-0.014499999999999999,8.39,-0.508,308.037,0.1,0.505,7.918,0.106,307.969,0.117,
1.213,7.668,-0.2195,308.73,0.1,1.3165,7.9305,0.058499999999999996,308.52,0.129,1.7045,8.192499999999999,-0.1785,308.581,0.102,1.732,7.737500000000001,-0.647,308.905,0.1,1.1705,7.324,-0.6355,309.03,0.1,0.583,7.269,-0.358,308.855,0.1,0.3575,7.43,-0.178,308.759,0.1,0.27549999999999997,7.734999999999999,0.0675,308.722,0.1,0.118,7.8565000000000005,-0.28700000000000003,308.878,0.1,0.365,7.7989999999999995,-0.419,308.438,0.1,0.9565,7.766,0.259,308.217,0.235,0.994,8.4345,-0.029,308.16,0.1,0.466,8.565,-0.1315,308.198,0.1,-0.03,8.4065,-0.248,308.275,0.1,-0.088,8.2395,-0.46399999999999997,308.182,0.1,0.2765,7.8985,-0.1315,308.049,0.1,
1.2795,7.937,-0.1765,308.633,0.1,1.36,8.142,0.0055000000000000005,308.657,0.101,1.4975,7.989,-0.2855,308.812,0.1,1.3555000000000001,7.329,-0.5145,308.941,0.1,1.028,6.6690000000000005,-0.4335,308.815,0.1,0.6535,6.7235,-0.47650000000000003,308.786,0.1,0.43300000000000005,7.2295,-0.2855,308.755,0.1,0.2665,7.5775,0.08299999999999999,308.741,0.1,0.078,7.531499999999999,-0.3135,308.877,0.1,0.336,7.842499999999999,-0.22949999999999998,308.449,0.105,0.769,8.11,0.035500000000000004,308.238,0.229,0.787,8.457,-0.121,308.171,0.1,0.47150000000000003,8.236,-0.119,308.302,0.1,-0.056499999999999995,8.0435,-0.3955,308.513,0.1,-0.425,7.792,-0.608,308.415,0.1,-0.413,7.547,-0.4425,308.239,0.1,
1.4100000000000001,7.9190000000000005,-0.1455,308.568,0.1,1.251,8.212,-0.0945,308.779,0.1,1.262,7.913,-0.254,308.77,0.1,1.457,7.4505,0.62,308.675,0.134,1.6445,6.7455,0.4195,308.513,0.111,1.4380000000000002,6.692,-0.1075,308.55,0.102,0.9670000000000001,6.9510000000000005,-0.474,308.798,0.1,0.488,7.224,-0.2135,308.914,0.1,0.1795,7.1475,-0.314,308.894,0.1,0.326,7.638,-0.096,308.502,0.103,0.65,8.0885,-0.1105,308.337,0.151,0.7575000000000001,8.2285,-0.132,308.355,0.1,0.5855,7.7935,-0.39449999999999996,308.557,0.1,0.215,7.4755,-0.5449999999999999,308.599,0.1,-0.2525,7.5415,-0.386,308.461,0.1,-0.639,7.2515,-0.5795,308.398,0.1,
0.778,7.739,-0.5225,308.731,0.1,0.6094999999999999,8.132,-0.279,308.707,0.1,0.8835,7.916,-0.23199999999999998,308.426,0.1,1.4315,7.62,1.4945,308.442,0.139,1.842,7.011,1.1265,308.351,0.143,1.9935,6.921,0.659,308.383,0.16,1.783,6.844,-0.20800000000000002,308.702,0.1,1.1945000000000001,6.994,-0.4385,308.912,0.1,0.653,6.963,-0.41000000000000003,308.895,0.1,0.54,7.447,-0.11800000000000001,308.648,0.102,0.7395,7.963,-0.1485,308.521,0.101,0.7375,8.075,-0.1315,308.635,0.1,0.433,7.546,-0.837,308.717,0.1,0.477,7.182,-0.2025,308.384,0.1,0.572,7.567,0.6539999999999999,308.255,0.101,0.088,7.217,-0.278,308.388,0.1,
1.748,8.1515,-0.088,308.227,0.271,1.849,8.184000000000001,-0.1595,308.294,0.159,1.7205,8.148,-0.2615,308.657,0.1,1.2959999999999998,8.0,-0.231,308.916,0.1,0.953,7.8025,-0.081,308.865,0.1,0.7070000000000001,7.807,-0.06,308.854,0.1,0.391,8.0545,-0.16349999999999998,308.988,0.1,0.527,7.759,-0.07250000000000001,308.625,0.107,1.161,7.736000000000001,0.5449999999999999,308.294,0.146,1.3875000000000002,7.4425,-0.0405,308.572,0.1,1.0985,7.322,-0.2605,308.866,0.1,0.7070000000000001,7.5009999999999994,-0.11599999999999999,308.914,0.1,0.1915,7.635,-0.23149999999999998,308.911,0.1,-0.21,7.3345,-0.388,308.707,0.1,-0.185,6.8755,-0.1465,308.416,0.107,0.139,6.687,0.10999999999999999,308.279,0.277,
1.8719999999999999,8.3225,0.002,308.245,0.247,1.8235000000000001,8.256499999999999,-0.2735,308.592,0.107,1.4585,7.9745,-0.2375,309.002,0.1,1.03,7.8095,-0.096,308.995,0.1,0.8795,7.7695,-0.0245,308.925,0.1,0.8025,7.9255,-0.0465,308.904,0.1,0.513,8.350000000000001,-0.176,309.043,0.1,0.509,8.166,-0.16999999999999998,308.844,0.104,0.821,8.004000000000001,0.067,308.571,0.101,0.762,7.457,-0.1865,308.65,0.1,0.4315,7.1145,-0.087,308.648,0.1,0.06949999999999999,6.9795,-0.025,308.646,0.1,-0.427,7.053,-0.22799999999999998,308.642,0.1,-0.7284999999999999,7.0184999999999995,-0.447,308.474,0.101,-0.5609999999999999,7.0504999999999995,-0.1245,308.163,0.105,-0.23049999999999998,7.071,0.28200000000000003,308.097,0.288,
1.9685,8.6055,0.1085,308.25,0.189,1.7805,8.355,-0.3415,308.88,0.1,1.28,7.872,-0.208,309.228,0.1,0.9145,7.696,-0.0375,309.11,0.1,0.8939999999999999,7.7935,-0.038,309.064,0.1,0.9664999999999999,8.0935,-0.0555,309.009,0.1,0.7635,8.491,-0.1795,309.065,0.1,0.4805,8.3565,-0.251,308.967,0.101,0.319,7.8805,-0.2345,308.745,0.1,0.1545,7.2829999999999995,-0.1655,308.55,0.1,-0.057499999999999996,6.922499999999999,-0.061,308.425,0.1,-0.4275,6.486000000000001,-0.23700000000000002,308.504,0.1,-0.849,6.4345,-0.46299999999999997,308.42,0.1,-0.979,6.754,-0.388,308.203,0.101,-0.8160000000000001,7.152,-0.1045,308.013,0.102,-0.663,7.3495,0.1945,308.019,0.201,
2.0955,8.844000000000001,0.105,308.289,0.182,1.8719999999999999,8.261,-0.34450000000000003,308.947,0.1,1.3435000000000001,7.6579999999999995,-0.2025,309.195,0.1,1.0170000000000001,7.5265,-0.059500000000000004,309.126,0.1,0.9505,7.75,-0.10400000000000001,309.153,0.1,1.005,8.176,-0.1305,309.152,0.1,0.8594999999999999,8.438500000000001,-0.20500000000000002,309.077,0.1,0.392,8.36,-0.316,308.876,0.1,-0.031000000000000007,7.744999999999999,-0.255,308.651,0.1,-0.1865,7.1015,-0.1545,308.406,0.1,-0.246,6.704,-0.34550000000000003,308.296,0.1,-0.45699999999999996,6.212,-0.3415,308.323,0.1,-0.7785,6.068,-0.453,308.31,0.1,-0.8975,6.5445,-0.33799999999999997,308.104,0.1,-0.8295,7.1165,-0.099,307.997,0.1,-0.8775,7.416,0.031,308.018,0.132,
2.205,8.821,0.0014999999999999996,308.369,0.12,2.1005,7.9945,-0.177,308.767,0.1,1.7134999999999998,7.3735,-0.159,308.927,0.1,1.376,7.33,-0.1535,309.03,0.1,1.0855000000000001,7.651,-0.198,309.133,0.1,0.94,8.097999999999999,-0.1925,309.198,0.1,0.8075000000000001,8.2475,-0.2365,309.11,0.1,0.3945,8.2995,-0.369,308.734,0.1,-0.043000000000000003,7.909,-0.1545,308.475,0.136,-0.2545,7.127000000000001,-0.028999999999999998,308.294,0.111,-0.3195,6.585,-0.503,308.17,0.113,-0.225,6.339,0.0115,308.061,0.1,-0.136,6.3325,0.4535,308.142,0.1,-0.2725,6.6175,-0.1745,308.124,0.1,-0.544,7.106999999999999,-0.16849999999999998,308.077,0.1,-0.8615,7.2775,-0.124,308.102,0.1,
2.0934999999999997,8.5785,-0.062,308.47,0.1,2.247,7.8345,0.062,308.511,0.105,2.191,7.2844999999999995,0.003,308.599,0.303,1.8465000000000003,7.229,-0.187,308.895,0.1,1.2875,7.5335,-0.2835,309.066,0.1,0.9045,7.92,-0.2135,309.125,0.1,0.7315,8.0305,-0.247,309.117,0.1,0.47250000000000003,8.221,-0.3835,308.734,0.1,0.19,8.227,-0.087,308.359,0.101,0.029,7.439500000000001,0.0865,308.218,0.35,-0.027,6.8095,-0.28600000000000003,308.036,0.45,0.2595,6.802,0.659,307.96,0.411,0.804,7.0184999999999995,1.584,308.096,0.199,0.8305,7.115500000000001,0.16599999999999998,308.114,0.1,0.16499999999999998,7.2885,-0.3245,308.165,0.1,-0.5940000000000001,7.0215,-0.3375,308.23,0.1,
1.6505,8.4285,-0.08549999999999999,308.621,0.1,2.008,7.9815000000000005,0.0765,308.45,0.105,2.3135,7.471,0.27749999999999997,308.42,0.526,2.1635,7.336,0.0905,308.672,0.112,1.5510000000000002,7.477,-0.26949999999999996,308.964,0.1,1.0,7.768,-0.274,309.045,0.1,0.722,7.877000000000001,-0.2355,309.042,0.1,0.5615,8.109,-0.33199999999999996,308.831,0.1,0.422,8.336500000000001,-0.11449999999999999,308.357,0.1,0.3155,7.7509999999999994,-0.0675,308.214,0.27,0.33399999999999996,7.2745,-0.023,308.008,0.632,0.766,7.302,1.1115,308.021,0.426,1.5815000000000001,7.6075,1.8525,308.109,0.158,1.784,7.837000000000001,0.29300000000000004,308.088,0.1,0.9510000000000001,7.636,-0.5389999999999999,308.2,0.1,-0.09350000000000003,6.9535,-0.392,308.245,0.1,
1.117,8.5045,-0.132,308.868,0.1,1.3639999999999999,8.2555,-0.2105,308.705,0.1,1.8905,7.7975,0.532,308.402,0.379,2.2355,7.6395,0.6339999999999999,308.423,0.283,1.9035,7.609500000000001,-0.14200000000000002,308.802,0.1,1.255,7.7485,-0.372,308.993,0.1,0.8175,7.803000000000001,-0.196,308.913,0.1,0.6535,7.978999999999999,-0.22149999999999997,308.874,0.1,0.4955,8.148,-0.153,308.476,0.1,0.3005,7.823,-0.311,308.279,0.126,0.4595,7.555,0.066,308.016,0.391,1.166,7.4685,1.1015,308.104,0.302,2.0060000000000002,7.967,1.2315,308.121,0.126,2.015,8.4775,-0.027999999999999997,308.09,0.1,1.083,7.968,-0.7545,308.19,0.1,0.3025,7.289,-0.0825,308.15,0.1,
0.8035,8.594000000000001,-0.11699999999999999,308.999,0.1,0.6625,8.344,-0.519,308.981,0.1,1.2695,8.1795,0.5569999999999999,308.428,0.203,2.1435,8.0315,0.9205,308.324,0.181,2.1615,7.8870000000000005,-0.131,308.688,0.1,1.493,7.8420000000000005,-0.40900000000000003,308.938,0.1,0.9470000000000001,7.7625,-0.1315,308.804,0.1,0.7424999999999999,7.8740000000000006,-0.11349999999999999,308.832,0.1,0.519,7.9254999999999995,-0.14900000000000002,308.636,0.1,0.28350000000000003,7.764,-0.45799999999999996,308.386,0.1,0.634,7.46,0.124,308.046,0.274,1.4895,7.311,0.8685,308.135,0.196,1.9780000000000002,8.2775,0.403,308.101,0.106,1.4945,8.831499999999998,-0.4415,308.093,0.1,0.5485,8.158999999999999,-0.8220000000000001,308.117,0.1,0.374,7.744,0.28500000000000003,308.088,0.272,
0.8644999999999999,8.455,-0.033,308.927,0.1,0.473,8.221499999999999,-0.5585,309.017,0.1,0.9675,8.4785,0.319,308.485,0.141,1.959,8.3995,0.5965,308.374,0.143,2.0695,8.104,-0.362,308.774,0.1,1.4304999999999999,7.8715,-0.40249999999999997,308.939,0.1,0.9225000000000001,7.682,-0.1065,308.794,0.1,0.7415,7.821,-0.0465,308.777,0.1,0.502,7.8805,-0.1185,308.757,0.1,0.3175,7.747,-0.55,308.502,0.1,0.776,7.2775,0.23399999999999999,308.103,0.226,1.4795,7.334,0.6395,308.149,0.147,1.4825,8.6105,-0.061,308.143,0.1,0.6920000000000001,8.832999999999998,-0.5615,308.106,0.1,-0.046,8.241,-0.71,308.015,0.122,0.2585,7.9335,0.3645,308.049,0.165,
1.1155,8.1085,-0.031,308.82,0.1,0.8140000000000001,8.0295,-0.386,308.886,0.1,1.133,8.492,0.059000000000000004,308.541,0.173,1.8465,8.535,0.08199999999999999,308.544,0.113,1.778,8.163499999999999,-0.5235000000000001,308.971,0.1,1.1095,7.744,-0.3915,309.008,0.1,0.6639999999999999,7.536,-0.1665,308.89,0.1,0.562,7.7945,-0.025500000000000002,308.789,0.1,0.377,7.9515,-0.0965,308.853,0.1,0.3085,7.795,-0.598,308.598,0.1,0.84,7.380000000000001,0.32,308.192,0.268,1.314,7.8065,0.39,308.207,0.118,1.0005000000000002,8.806999999999999,-0.1355,308.23,0.1,0.2175,8.6155,-0.446,308.235,0.101,-0.2315,8.2905,-0.589,308.046,0.1,0.3075,7.957000000000001,0.2225,307.982,0.127,
1.1885,7.8245000000000005,-0.12,308.845,0.1,1.1825,7.9085,-0.14550000000000002,308.771,0.1,1.5310000000000001,8.2695,-0.0865,308.667,0.102,1.8565,8.2105,-0.2405,308.821,0.1,1.4705,7.9375,-0.46499999999999997,309.104,0.1,0.764,7.5455000000000005,-0.29400000000000004,309.009,0.1,0.3865,7.423500000000001,-0.20650000000000002,308.97,0.1,0.3395,7.747,-0.0215,308.848,0.1,0.209,7.968,-0.1325,308.943,0.1,0.266,7.8555,-0.5589999999999999,308.637,0.1,0.8210000000000001,7.75,0.2875,308.272,0.22,1.0845,8.3535,0.14,308.246,0.105,0.677,8.736999999999998,-0.1075,308.295,0.1,0.1105,8.4255,-0.27449999999999997,308.389,0.1,-0.0715,8.327,-0.484,308.242,0.1,0.454,8.04,0.034,308.007,0.111,
1.0910000000000002,7.8165,-0.21,308.936,0.1,1.299,7.967499999999999,0.0235,308.76,0.118,1.623,7.995000000000001,-0.20350000000000001,308.872,0.101,1.5005,7.5335,-0.581,309.123,0.1,0.9104999999999999,7.2475000000000005,-0.499,309.134,0.1,0.39449999999999996,7.2195,-0.26,308.956,0.1,0.262,7.398,-0.15200000000000002,308.923,0.1,0.2915,7.6985,0.056499999999999995,308.846,0.1,0.1495,7.8365,-0.20900000000000002,308.995,0.1,0.229,7.8965,-0.439,308.649,0.1,0.6725,8.0955,0.133,308.313,0.203,0.7855000000000001,8.55,-0.0295,308.217,0.1,0.43400000000000005,8.4875,-0.073,308.325,0.1,0.0050000000000000044,8.291,-0.17049999999999998,308.482,0.1,-0.0905,8.1935,-0.4065,308.404,0.1,0.2415,7.987,-0.16449999999999998,308.178,0.1,
1.1635,8.004,-0.162,308.868,0.1,1.205,8.112,-0.026000000000000002,308.883,0.1,1.256,7.7435,-0.2865,308.979,0.1,1.0785,7.0634999999999994,-0.4995,309.056,0.1,0.7569999999999999,6.5375,-0.39049999999999996,308.922,0.1,0.416,6.749499999999999,-0.39349999999999996,308.908,0.1,0.3185,7.2765,-0.218,308.894,0.1,0.33299999999999996,7.609999999999999,0.1075,308.865,0.1,0.16649999999999998,7.5695,-0.21200000000000002,308.997,0.1,0.215,7.8475,-0.269,308.655,0.103,0.524,8.2095,-0.0315,308.347,0.182,0.653,8.425,-0.109,308.254,0.1,0.48850000000000005,8.1875,-0.0695,308.423,0.1,0.025499999999999995,7.952,-0.2885,308.667,0.1,-0.35,7.739000000000001,-0.528,308.603,0.1,-0.3695,7.583500000000001,-0.387,308.392,0.1,
1.2475,7.96,-0.07200000000000001,308.734,0.1,0.9715,8.0645,-0.0615,308.878,0.1,0.9219999999999999,7.6415,-0.262,308.786,0.1,1.2105000000000001,7.2010000000000005,0.5425,308.687,0.134,1.4540000000000002,6.6075,0.352,308.553,0.107,1.198,6.667,-0.1385,308.7,0.101,0.7715000000000001,7.0145,-0.4155,308.954,0.1,0.46199999999999997,7.3065,-0.1305,309.036,0.1,0.221,7.2375,-0.20350000000000001,309.02,0.1,0.2555,7.5969999999999995,-0.1095,308.668,0.102,0.532,8.0345,-0.1235,308.465,0.132,0.7415,8.173,-0.128,308.478,0.1,0.676,7.8309999999999995,-0.3035,308.661,0.1,0.3305,7.3825,-0.47250000000000003,308.736,0.1,-0.151,7.3765,-0.40049999999999997,308.634,0.1,-0.569,7.205,-0.498,308.533,0.1,
0.624,7.804,-0.41300000000000003,308.818,0.1,0.39249999999999996,7.954,-0.177,308.713,0.1,0.6325000000000001,7.656,-0.244,308.472,0.1,1.2795,7.429,1.3780000000000001,308.435,0.135,1.805,6.916,1.0194999999999999,308.343,0.141,1.9249999999999998,6.83,0.49549999999999994,308.477,0.138,1.6204999999999998,6.875,-0.2555,308.875,0.1,1.0125,7.076,-0.37549999999999994,309.051,0.1,0.522,7.066,-0.3165,309.031,0.1,0.4615,7.409,-0.084,308.787,0.101,0.7210000000000001,7.874,-0.1335,308.663,0.101,0.7845,8.031,-0.1045,308.751,0.1,0.5065000000000001,7.629,-0.7330000000000001,308.832,0.1,0.556,7.075,-0.22949999999999998,308.482,0.1,0.683,7.322,0.53,308.333,0.1,0.189,7.114,-0.2475,308.482,0.1,
1.8185,7.9575,-0.10450000000000001,308.442,0.174,1.776,7.939,-0.176,308.59,0.125,1.521,7.9915,-0.22599999999999998,309.02,0.1,1.064,7.897499999999999,-0.1565,309.144,0.1,0.8055,7.7895,-0.038,309.042,0.1,0.751,7.8685,-0.0555,309.106,0.1,0.5655,8.086,-0.124,309.221,0.1,0.5655,7.7795000000000005,-0.1145,308.994,0.103,0.9265,7.6365,0.40249999999999997,308.592,0.12,1.049,7.348000000000001,-0.07050000000000001,308.832,0.1,0.883,7.2925,-0.1965,308.974,0.1,0.623,7.406,-0.044,309.013,0.1,0.129,7.5329999999999995,-0.119,309.051,0.1,-0.3025,7.311,-0.318,308.894,0.1,-0.27949999999999997,6.929,-0.20350000000000001,308.604,0.103,0.11049999999999999,6.7615,0.044,308.421,0.176,
1.755,8.2895,-0.045,308.492,0.164,1.5745,8.126999999999999,-0.2755,309.033,0.103,1.167,7.8075,-0.185,309.382,0.1,0.8285,7.7415,-0.0395,309.183,0.1,0.813,7.835,-0.0055,309.144,0.1,0.8995,8.0715,-0.063,309.197,0.1,0.7110000000000001,8.425999999999998,-0.1355,309.248,0.1,0.514,8.068999999999999,-0.203,309.109,0.102,0.5449999999999999,7.771,0.004,308.821,0.1,0.4815,7.306,-0.15100000000000002,308.786,0.1,0.316,7.0954999999999995,-0.040499999999999994,308.691,0.1,0.066,6.97,0.056,308.712,0.1,-0.4315,7.0169999999999995,-0.109,308.773,0.1,-0.8165,6.95,-0.4065,308.693,0.1,-0.6735,6.978,-0.1875,308.313,0.102,-0.2605,7.0615,0.227,308.186,0.18,
1.8315,8.6945,0.033,308.499,0.137,1.4495,8.1995,-0.326,309.293,0.1,0.9105000000000001,7.661,-0.149,309.511,0.1,0.727,7.6875,0.009500000000000001,309.271,0.1,0.8895,7.906000000000001,-0.015,309.293,0.1,1.046,8.244,-0.0775,309.293,0.1,0.835,8.535499999999999,-0.15100000000000002,309.229,0.1,0.4185,8.199,-0.2485,309.09,0.101,0.187,7.7,-0.2015,308.865,0.1,0.11200000000000002,7.21,-0.1125,308.624,0.1,-0.029999999999999992,6.9559999999999995,-0.033,308.493,0.1,-0.3905,6.5009999999999994,-0.1685,308.611,0.1,-0.835,6.437,-0.353,308.574,0.1,-1.032,6.657500000000001,-0.357,308.407,0.1,-0.894,7.016,-0.131,308.13,0.101,-0.706,7.279,0.175,308.101,0.144,
2.011,8.76,0.0235,308.507,0.135,1.5715,7.9025,-0.3155,309.226,0.1,1.013,7.452500000000001,-0.136,309.36,0.1,0.8585,7.605,-0.014000000000000002,309.282,0.1,0.9535,7.891500000000001,-0.0595,309.356,0.1,1.0270000000000001,8.2575,-0.1265,309.367,0.1,0.8305,8.3895,-0.189,309.21,0.1,0.339,8.198,-0.278,308.926,0.1,-0.009999999999999998,7.6985,-0.20850000000000002,308.724,0.1,-0.093,7.082000000000001,-0.121,308.496,0.1,-0.171,6.739000000000001,-0.315,308.434,0.1,-0.4075,6.13,-0.321,308.449,0.1,-0.734,6.0185,-0.4315,308.458,0.1,-0.8645,6.471500000000001,-0.31,308.247,0.1,-0.835,6.997999999999999,-0.0865,308.116,0.1,-0.9179999999999999,7.3015,0.045,308.143,0.113,
2.0995,8.4175,-0.0485,308.559,0.108,1.8944999999999999,7.5344999999999995,-0.157,308.944,0.1,1.5,7.256,-0.11850000000000001,309.076,0.1,1.206,7.4815000000000005,-0.116,309.205,0.1,1.0095,7.798500000000001,-0.13,309.296,0.1,0.9045000000000001,8.089500000000001,-0.14800000000000002,309.328,0.1,0.763,8.123999999999999,-0.2225,309.245,0.1,0.34600000000000003,8.120000000000001,-0.3205,308.813,0.1,-0.07,7.8315,-0.154,308.554,0.115,-0.306,7.062,-0.045,308.387,0.104,-0.40549999999999997,6.5535,-0.498,308.328,0.105,-0.23450000000000001,6.1945,-0.0105,308.112,0.1,-0.078,6.2205,0.34450000000000003,308.205,0.1,-0.189,6.5545,-0.1895,308.208,0.1,-0.46699999999999997,7.047499999999999,-0.1245,308.184,0.1,-0.8185,7.173,-0.049,308.251,0.1,
1.9255,8.152,-0.07250000000000001,308.675,0.1,2.1165000000000003,7.551,0.051000000000000004,308.714,0.102,2.009,7.2405,-0.0165,308.852,0.189,1.6025,7.378500000000001,-0.1825,309.111,0.1,1.1255,7.673,-0.20750000000000002,309.2,0.1,0.851,7.8545,-0.141,309.208,0.1,0.6990000000000001,7.8774999999999995,-0.22299999999999998,309.255,0.1,0.3875,8.008500000000002,-0.33799999999999997,308.895,0.1,0.0155,7.9845,-0.11549999999999999,308.45,0.1,-0.2555,7.291,0.0405,308.293,0.211,-0.3405,6.704,-0.33099999999999996,308.133,0.256,0.12000000000000002,6.707000000000001,0.613,307.957,0.367,0.8415,6.9345,1.422,308.099,0.189,0.938,7.048,0.092,308.148,0.1,0.328,7.284000000000001,-0.2605,308.235,0.1,-0.40049999999999997,6.962999999999999,-0.21700000000000003,308.356,0.1,
1.5605,8.2615,-0.08499999999999999,308.884,0.1,1.9805000000000001,7.926,0.0455,308.735,0.102,2.2255000000000003,7.4455,0.2105,308.716,0.292,1.947,7.375500000000001,0.032,308.985,0.105,1.346,7.5695,-0.226,309.137,0.1,0.9219999999999999,7.6795,-0.195,309.137,0.1,0.6815,7.7135,-0.1945,309.154,0.1,0.45499999999999996,7.8905,-0.29300000000000004,309.041,0.1,0.1995,7.986,-0.123,308.483,0.1,-0.004,7.5805,-0.073,308.3,0.173,0.041999999999999996,7.145,-0.0785,308.02,0.555,0.6445,7.28,1.0505,308.012,0.372,1.6149999999999998,7.5969999999999995,1.7055,308.098,0.157,1.8769999999999998,7.7985,0.20600000000000002,308.099,0.1,1.1085,7.6505,-0.4545,308.244,0.1,0.14500000000000002,6.8925,-0.311,308.331,0.1,
1.1705,8.4635,-0.133,309.124,0.1,1.44,8.227,-0.207,308.979,0.1,1.957,7.7865,0.437,308.633,0.224,2.129,7.582,0.509,308.642,0.181,1.672,7.612,-0.1575,308.987,0.1,1.11,7.645,-0.2995,309.113,0.1,0.7505,7.6579999999999995,-0.1365,308.995,0.1,0.5635,7.797499999999999,-0.192,309.071,0.1,0.358,7.838,-0.132,308.642,0.1,0.144,7.715,-0.259,308.41,0.111,0.3475,7.4415,0.0355,308.01,0.357,1.1385,7.458,1.0335,308.1,0.259,2.029,8.011,1.1195,308.116,0.124,2.0389999999999997,8.477,-0.059,308.1,0.1,1.1315,7.957000000000001,-0.6485,308.225,0.1,0.4065,7.180999999999999,-0.077,308.187,0.1,
0.9585,8.43,-0.1105,309.159,0.1,0.781,8.17,-0.4465,309.172,0.1,1.339,8.142,0.445,308.562,0.145,2.0700000000000003,8.0025,0.7495,308.338,0.163,1.9340000000000002,7.8175,-0.17049999999999998,308.837,0.1,1.302,7.743,-0.3355,309.073,0.1,0.858,7.6815,-0.0615,308.893,0.1,0.6565,7.752,-0.0975,308.995,0.1,0.4315,7.734500000000001,-0.124,308.814,0.1,0.23299999999999998,7.757,-0.38549999999999995,308.553,0.1,0.618,7.415,0.10300000000000001,308.046,0.228,1.4755,7.319,0.7865,308.132,0.179,1.9505,8.363,0.33699999999999997,308.098,0.104,1.432,8.8295,-0.389,308.118,0.1,0.4615,8.1085,-0.7195,308.149,0.1,0.3355,7.6385,0.263,308.093,0.253,
1.0065,8.2055,-0.0155,308.977,0.1,0.622,7.91,-0.446,309.119,0.1,1.0350000000000001,8.317499999999999,0.231,308.514,0.169,1.874,8.367,0.42200000000000004,308.372,0.125,1.832,7.9765,-0.3745,308.946,0.1,1.216,7.793,-0.3115,309.079,0.1,0.8045,7.667,-0.036000000000000004,308.914,0.1,0.634,7.7515,-0.048,308.912,0.1,0.40049999999999997,7.7805,-0.10300000000000001,308.929,0.1,0.254,7.83,-0.485,308.692,0.1,0.7395,7.407500000000001,0.176,308.122,0.154,1.413,7.508,0.5335,308.144,0.141,1.3984999999999999,8.718499999999999,-0.069,308.169,0.1,0.5974999999999999,8.799,-0.457,308.157,0.1,-0.17700000000000002,8.1815,-0.637,308.062,0.109,0.183,7.9135,0.34450000000000003,308.047,0.157,
1.1219999999999999,8.0015,-0.009000000000000001,308.87,0.1,0.9775,7.747,-0.28500000000000003,308.967,0.1,1.2665,8.234,0.014500000000000002,308.607,0.146,1.7309999999999999,8.39,-0.031,308.718,0.105,1.483,7.995,-0.488,309.185,0.1,0.8554999999999999,7.65,-0.29500000000000004,309.147,0.1,0.5045,7.532,-0.10700000000000001,309.033,0.1,0.4555,7.750500000000001,-0.0375,308.903,0.1,0.2895,7.8905,-0.07999999999999999,309.008,0.1,0.179,7.932,-0.55,308.798,0.1,0.6379999999999999,7.7305,0.202,308.249,0.245,1.1019999999999999,8.1695,0.28500000000000003,308.224,0.112,0.8795,8.8805,-0.08549999999999999,308.287,0.1,0.14999999999999997,8.543,-0.35050000000000003,308.355,0.1,-0.315,8.2365,-0.5449999999999999,308.156,0.1,0.2685,8.0415,0.1775,307.972,0.122,
1.0755,7.925,-0.1,308.978,0.1,1.2654999999999998,7.8105,-0.11,308.932,0.1,1.6155,8.0405,-0.11699999999999999,308.887,0.101,1.708,8.012,-0.241,309.083,0.1,1.1885,7.8145,-0.3625,309.272,0.1,0.532,7.4315,-0.2115,309.133,0.1,0.238,7.384,-0.1745,309.133,0.1,0.278,7.6995000000000005,-0.0375,308.961,0.1,0.17600000000000002,7.923500000000001,-0.093,309.075,0.1,0.1205,8.003,-0.536,308.841,0.1,0.5325,8.1965,0.145,308.357,0.195,0.8325,8.678,0.08449999999999999,308.292,0.103,0.5954999999999999,8.7225,-0.0345,308.391,0.1,0.088,8.3155,-0.2105,308.596,0.1,-0.128,8.264,-0.4555,308.446,0.1,0.403,8.161,-0.035500000000000004,308.046,0.105,
0.969,7.9655000000000005,-0.196,309.143,0.1,1.281,8.004,-0.009500000000000001,309.001,0.108,1.5415,7.798,-0.2205,309.164,0.101,1.2690000000000001,7.3285,-0.5105,309.341,0.1,0.6505,7.170999999999999,-0.3705,309.237,0.1,0.20650000000000002,7.17,-0.17149999999999999,309.056,0.1,0.166,7.3655,-0.13,309.086,0.1,0.307,7.6625,0.0395,308.971,0.1,0.1805,7.817,-0.138,309.112,0.1,0.092,7.9944999999999995,-0.4485,308.86,0.1,0.388,8.4245,0.019000000000000003,308.409,0.172,0.577,8.6665,-0.031,308.275,0.1,0.4015,8.410499999999999,-0.0225,308.452,0.1,0.03899999999999999,8.175,-0.098,308.688,0.1,-0.093,8.148499999999999,-0.34850000000000003,308.626,0.1,0.2075,8.0755,-0.193,308.308,0.1,
1.0485,8.0715,-0.14550000000000002,309.103,0.1,1.05,8.082,-0.052500000000000005,309.109,0.1,1.014,7.497999999999999,-0.28,309.147,0.1,0.8015000000000001,6.797499999999999,-0.4805,309.171,0.1,0.48650000000000004,6.406000000000001,-0.347,309.028,0.1,0.1785,6.776,-0.3135,309.029,0.1,0.20299999999999999,7.3225,-0.1575,309.032,0.1,0.399,7.6435,0.123,308.989,0.1,0.2555,7.6075,-0.12,309.117,0.1,0.0945,7.8535,-0.298,308.861,0.101,0.279,8.3085,-0.0905,308.456,0.135,0.5185,8.394,-0.1005,308.337,0.1,0.5055000000000001,8.14,-0.028499999999999998,308.544,0.1,0.10750000000000001,7.859999999999999,-0.186,308.821,0.1,-0.275,7.686999999999999,-0.4445,308.791,0.1,-0.32499999999999996,7.6205,-0.3315,308.545,0.1,
1.085,8.0015,-0.005000000000000001,308.9,0.1,0.692,7.917,-0.03,308.976,0.1,0.5820000000000001,7.3695,-0.2655,308.802,0.1,0.9645,6.952,0.45999999999999996,308.698,0.135,1.2635,6.4695,0.28200000000000003,308.593,0.103,0.9584999999999999,6.6425,-0.16299999999999998,308.851,0.101,0.5760000000000001,7.077,-0.355,309.11,0.1,0.4355,7.3895,-0.0535,309.158,0.1,0.2625,7.327999999999999,-0.1025,309.147,0.1,0.185,7.556,-0.1185,308.834,0.101,0.4135,7.9805,-0.1335,308.592,0.114,0.7255,8.118,-0.127,308.6,0.1,0.767,7.8685,-0.218,308.765,0.1,0.446,7.29,-0.4,308.873,0.1,-0.0495,7.212,-0.4065,308.807,0.1,-0.499,7.1585,-0.41700000000000004,308.668,0.1,
0.47050000000000003,7.869,-0.306,308.906,0.1,0.175,7.776,-0.0835,308.72,0.1,0.381,7.396,-0.255,308.517,0.1,1.1280000000000001,7.239,1.2495,308.428,0.13,1.7690000000000001,6.821,0.9039999999999999,308.336,0.138,1.8565,6.739,0.3425,308.571,0.116,1.4569999999999999,6.905,-0.2905,309.048,0.1,0.8305,7.158,-0.309,309.191,0.1,0.392,7.17,-0.2265,309.167,0.1,0.3835,7.37,-0.052000000000000005,308.926,0.101,0.7025,7.785,-0.1195,308.805,0.1,0.8320000000000001,7.987,-0.08149999999999999,308.867,0.1,0.5805,7.711,-0.6245,308.947,0.1,0.635,6.969,-0.255,308.581,0.1,0.7935,7.077,0.40700000000000003,308.41,0.1,0.289,7.011,-0.21700000000000003,308.576,0.1,
1.7555,7.837,-0.11,308.756,0.107,1.6059999999999999,7.771,-0.172,308.956,0.102,1.2919999999999998,7.8685,-0.1835,309.374,0.1,0.8785,7.8100000000000005,-0.099,309.389,0.1,0.713,7.779,-0.017,309.285,0.1,0.758,7.9094999999999995,-0.0615,309.38,0.1,0.63,8.0595,-0.101,309.427,0.1,0.524,7.7385,-0.1325,309.303,0.1,0.6845,7.5440000000000005,0.28700000000000003,308.892,0.101,0.744,7.2780000000000005,-0.084,309.081,0.1,0.6875,7.249499999999999,-0.155,309.092,0.1,0.5625,7.3065,-0.001,309.12,0.1,0.152,7.4615,-0.026000000000000002,309.198,0.1,-0.269,7.3385,-0.23650000000000002,309.113,0.1,-0.28450000000000003,7.0295000000000005,-0.2225,308.848,0.1,0.09099999999999998,6.846,-0.0085,308.613,0.106,
1.5964999999999998,8.217,-0.07550000000000001,308.809,0.106,1.2995,7.965,-0.255,309.442,0.1,0.9075,7.678,-0.1335,309.698,0.1,0.6910000000000001,7.699,-0.0075,309.408,0.1,0.7685,7.87,-0.0045000000000000005,309.41,0.1,0.9159999999999999,8.128,-0.08399999999999999,309.478,0.1,0.768,8.3865,-0.11149999999999999,309.416,0.1,0.4445,7.9399999999999995,-0.202,309.329,0.1,0.2945,7.606,-0.035,309.074,0.1,0.246,7.2355,-0.128,308.962,0.1,0.22949999999999998,7.1205,-0.022,308.785,0.1,0.12,7.006,0.1095,308.801,0.1,-0.3185,7.031000000000001,-0.011,308.93,0.1,-0.761,6.9415,-0.3405,308.962,0.1,-0.6845,6.942,-0.219,308.55,0.1,-0.2535,7.039,0.1695,308.33,0.104,
1.6705,8.6385,-0.0195,308.8,0.102,1.147,7.9990000000000006,-0.2835,309.631,0.1,0.641,7.519,-0.0925,309.74,0.1,0.6145,7.6925,0.0325,309.475,0.1,0.8654999999999999,7.960000000000001,-0.0085,309.546,0.1,1.0270000000000001,8.2735,-0.0965,309.548,0.1,0.8075,8.467,-0.13,309.369,0.1,0.32899999999999996,8.030000000000001,-0.219,309.206,0.1,0.067,7.5775,-0.16949999999999998,309.021,0.1,0.0675,7.217,-0.08449999999999999,308.772,0.1,0.005499999999999998,7.061,-0.0175,308.618,0.1,-0.2975,6.603,-0.0995,308.74,0.1,-0.7235,6.496,-0.249,308.769,0.1,-0.9775,6.6114999999999995,-0.3155,308.69,0.1,-0.8745,6.906499999999999,-0.15,308.347,0.1,-0.6485,7.197,0.14700000000000002,308.235,0.104,
1.8729999999999998,8.591999999999999,-0.0235,308.783,0.103,1.2965,7.631,-0.2615,309.474,0.1,0.7735000000000001,7.3535,-0.0765,309.521,0.1,0.7515000000000001,7.677,0.015,309.47,0.1,0.923,7.957000000000001,-0.0315,309.568,0.1,0.977,8.233,-0.1185,309.557,0.1,0.754,8.2775,-0.16899999999999998,309.344,0.1,0.28800000000000003,8.031500000000001,-0.2295,309.015,0.1,0.021,7.638999999999999,-0.16649999999999998,308.84,0.1,0.004999999999999999,7.1129999999999995,-0.099,308.648,0.1,-0.083,6.846500000000001,-0.26749999999999996,308.617,0.1,-0.34600000000000003,6.1485,-0.29400000000000004,308.629,0.1,-0.671,6.0215,-0.392,308.663,0.1,-0.7969999999999999,6.426,-0.28400000000000003,308.469,0.1,-0.764,6.901999999999999,-0.08399999999999999,308.306,0.1,-0.8165,7.204000000000001,0.052,308.307,0.1,
1.9365,8.0945,-0.07,308.828,0.1,1.6520000000000001,7.259,-0.129,309.165,0.1,1.282,7.2425,-0.081,309.257,0.1,1.05,7.609,-0.0785,309.395,0.1,0.9335,7.8655,-0.079,309.468,0.1,0.8545,8.0155,-0.111,309.46,0.1,0.696,7.9830000000000005,-0.199,309.388,0.1,0.305,7.9505,-0.27,308.959,0.1,-0.04700000000000001,7.718500000000001,-0.14250000000000002,308.677,0.101,-0.278,7.023,-0.0495,308.529,0.1,-0.416,6.582000000000001,-0.45699999999999996,308.533,0.1,-0.22999999999999998,6.111,-0.054000000000000006,308.259,0.1,-0.051500000000000004,6.128,0.2425,308.334,0.1,-0.13,6.4990000000000006,-0.1995,308.349,0.1,-0.35550000000000004,7.006,-0.098,308.325,0.1,-0.66,7.1185,0.010000000000000002,308.412,0.1,
1.7305000000000001,7.8405000000000005,-0.08,308.961,0.1,1.896,7.3825,0.0315,308.984,0.1,1.749,7.259,-0.029,309.127,0.109,1.3485,7.4945,-0.1575,309.324,0.1,0.9905,7.734999999999999,-0.14100000000000001,309.349,0.1,0.8140000000000001,7.76,-0.0885,309.326,0.1,0.653,7.7325,-0.194,309.4,0.1,0.3075,7.8260000000000005,-0.2905,309.103,0.1,-0.08549999999999999,7.7524999999999995,-0.1265,308.6,0.1,-0.4265,7.159,0.017,308.42,0.112,-0.5529999999999999,6.639,-0.347,308.303,0.118,0.02350000000000002,6.6235,0.528,308.008,0.314,0.8525,6.8365,1.2334999999999998,308.123,0.174,0.988,6.974,0.026000000000000002,308.224,0.1,0.46249999999999997,7.29,-0.21250000000000002,308.324,0.1,-0.17200000000000001,6.9755,-0.1115,308.48,0.1,
1.4405000000000001,8.084999999999999,-0.0935,309.187,0.1,1.8409999999999997,7.849,0.007500000000000001,309.051,0.1,2.01,7.4315,0.15,309.025,0.124,1.6775,7.4,0.0025,309.264,0.1,1.161,7.605,-0.1745,309.314,0.1,0.8634999999999999,7.586,-0.136,309.273,0.1,0.634,7.577,-0.15999999999999998,309.287,0.1,0.34099999999999997,7.7095,-0.25,309.257,0.1,0.020500000000000004,7.7055,-0.124,308.669,0.1,-0.249,7.4275,-0.0685,308.443,0.106,-0.19949999999999998,7.0344999999999995,-0.128,308.132,0.463,0.5485,7.2524999999999995,0.9555,308.01,0.312,1.638,7.5794999999999995,1.5225,308.083,0.156,1.9224999999999999,7.7445,0.123,308.141,0.1,1.218,7.6675,-0.3745,308.304,0.1,0.3575,6.899,-0.227,308.424,0.1,
1.17,8.3265,-0.1365,309.379,0.1,1.423,8.123000000000001,-0.1995,309.254,0.1,1.8885,7.745,0.34550000000000003,308.882,0.113,1.9369999999999998,7.531499999999999,0.4,308.88,0.107,1.4409999999999998,7.595,-0.14700000000000002,309.187,0.1,0.9769999999999999,7.5495,-0.2365,309.272,0.1,0.6725,7.539,-0.096,309.12,0.1,0.4445,7.640499999999999,-0.15999999999999998,309.259,0.1,0.19849999999999998,7.619,-0.11549999999999999,308.852,0.1,-0.026,7.6305,-0.21400000000000002,308.595,0.1,0.20950000000000002,7.3595,-0.008500000000000002,308.106,0.311,1.095,7.4864999999999995,0.9405,308.092,0.222,2.0484999999999998,8.08,0.9825,308.107,0.121,2.055,8.454,-0.0875,308.14,0.1,1.1685,7.9405,-0.532,308.273,0.1,0.495,7.1105,-0.067,308.249,0.1,
1.033,8.221,-0.108,309.338,0.1,0.8545,7.9864999999999995,-0.371,309.374,0.1,1.3435,8.0665,0.34650000000000003,308.738,0.104,1.9184999999999999,7.958500000000001,0.593,308.461,0.145,1.6715,7.7524999999999995,-0.1755,309.032,0.1,1.0939999999999999,7.643,-0.27,309.238,0.1,0.742,7.593500000000001,-0.018,309.033,0.1,0.5415,7.631,-0.08299999999999999,309.165,0.1,0.30100000000000005,7.609,-0.108,309.025,0.1,0.1145,7.7705,-0.3225,308.769,0.1,0.5195,7.4415,0.06,308.154,0.187,1.4055,7.4375,0.6875,308.157,0.161,1.9095,8.474499999999999,0.264,308.142,0.103,1.391,8.799,-0.3375,308.183,0.1,0.413,8.045,-0.6020000000000001,308.204,0.1,0.3145,7.539,0.226,308.113,0.226,
1.065,7.9910000000000005,-0.0175,309.115,0.1,0.7284999999999999,7.6945,-0.347,309.285,0.1,1.0619999999999998,8.1665,0.1615,308.644,0.179,1.705,8.293500000000002,0.2895,308.501,0.111,1.529,7.856,-0.351,309.156,0.1,0.9665,7.699999999999999,-0.2375,309.239,0.1,0.665,7.618,0.008,309.082,0.1,0.5295,7.6635,-0.0555,309.09,0.1,0.295,7.704,-0.0975,309.127,0.1,0.1415,7.9025,-0.41800000000000004,308.925,0.1,0.6164999999999999,7.5815,0.1065,308.258,0.105,1.2774999999999999,7.747,0.4255,308.224,0.134,1.2915,8.7995,-0.0785,308.275,0.1,0.5275,8.7355,-0.359,308.26,0.1,-0.2525,8.1,-0.5535,308.168,0.1,0.14,7.885999999999999,0.29500000000000004,308.048,0.147,
1.088,7.9195,-0.010499999999999999,309.037,0.1,1.0419999999999998,7.5745000000000005,-0.21,309.159,0.1,1.2795,8.032499999999999,-0.019,308.801,0.125,1.5070000000000001,8.2255,-0.0955,308.964,0.1,1.1305,7.814500000000001,-0.43400000000000005,309.403,0.1,0.5935,7.563,-0.217,309.306,0.1,0.3685,7.5120000000000005,-0.063,309.22,0.1,0.389,7.6845,-0.059,309.088,0.1,0.236,7.82,-0.075,309.186,0.1,0.056999999999999995,8.0015,-0.489,309.033,0.1,0.4165,7.9925,0.09849999999999999,308.408,0.216,0.8685,8.4315,0.1955,308.337,0.108,0.751,8.872,-0.05,308.413,0.1,0.099,8.4405,-0.2565,308.522,0.1,-0.366,8.1475,-0.489,308.35,0.1,0.238,8.1015,0.11349999999999999,308.011,0.116,
0.9710000000000001,7.968500000000001,-0.08549999999999999,309.185,0.1,1.223,7.7055,-0.091,309.188,0.1,1.512,7.85,-0.133,309.186,0.1,1.4335,7.8515,-0.22149999999999997,309.354,0.1,0.8775000000000001,7.673,-0.27549999999999997,309.44,0.1,0.328,7.3605,-0.149,309.299,0.1,0.1385,7.3655,-0.14550000000000002,309.338,0.1,0.261,7.642,-0.0635,309.141,0.1,0.1815,7.8535,-0.0685,309.226,0.1,0.0085,8.0345,-0.492,309.072,0.1,0.271,8.428,0.037,308.523,0.171,0.6020000000000001,8.808499999999999,0.0435,308.412,0.101,0.533,8.6295,0.014499999999999999,308.533,0.1,0.09000000000000001,8.176,-0.1495,308.831,0.1,-0.17099999999999999,8.15,-0.4135,308.713,0.1,0.3335,8.225999999999999,-0.098,308.18,0.1,
0.844,7.986000000000001,-0.16849999999999998,309.357,0.1,1.154,7.9045,-0.036000000000000004,309.273,0.1,1.3094999999999999,7.6165,-0.21400000000000002,309.457,0.1,0.9704999999999999,7.2355,-0.428,309.552,0.1,0.4315,7.16,-0.2625,309.366,0.1,0.0925,7.1754999999999995,-0.10750000000000001,309.219,0.1,0.1155,7.354,-0.1185,309.296,0.1,0.331,7.615,0.006,309.147,0.1,0.224,7.766500000000001,-0.0865,309.246,0.1,-0.0034999999999999996,7.9765,-0.4265,309.093,0.1,0.1575,8.536,-0.058,308.583,0.145,0.41400000000000003,8.645499999999998,-0.0345,308.415,0.1,0.403,8.3015,0.0035,308.628,0.1,0.10500000000000001,8.047,-0.0405,308.919,0.1,-0.0825,8.0485,-0.28800000000000003,308.89,0.1,0.157,8.0955,-0.2075,308.521,0.1,
0.89,7.991,-0.122,309.31,0.1,0.872,7.9030000000000005,-0.0625,309.311,0.1,0.7635000000000001,7.297,-0.2515,309.312,0.1,0.518,6.6675,-0.44999999999999996,309.332,0.1,0.2485,6.431,-0.3025,309.205,0.1,0.023500000000000004,6.869999999999999,-0.241,309.206,0.1,0.14100000000000001,7.373,-0.118,309.217,0.1,0.44500000000000006,7.643000000000001,0.111,309.148,0.1,0.328,7.609500000000001,-0.0555,309.256,0.1,0.028999999999999998,7.7935,-0.29300000000000004,309.095,0.1,0.11200000000000002,8.286999999999999,-0.124,308.655,0.103,0.423,8.315,-0.10300000000000001,308.528,0.1,0.5249999999999999,8.093499999999999,-0.0135,308.725,0.1,0.19349999999999998,7.797,-0.098,308.998,0.1,-0.18200000000000002,7.6274999999999995,-0.352,309.01,0.1,-0.2605,7.621,-0.27649999999999997,308.761,0.1,
0.8895,7.9395,0.041999999999999996,309.059,0.1,0.483,7.705,-0.004,309.083,0.1,0.344,7.161,-0.254,308.887,0.1,0.724,6.7715,0.361,308.77,0.131,1.0075,6.436999999999999,0.20600000000000002,308.735,0.1,0.7065,6.7075,-0.16899999999999998,309.064,0.1,0.4115,7.1705000000000005,-0.29000000000000004,309.294,0.1,0.41300000000000003,7.452500000000001,0.005000000000000001,309.293,0.1,0.3115,7.394,-0.0305,309.3,0.1,0.175,7.508,-0.11449999999999999,309.055,0.1,0.35750000000000004,7.893000000000001,-0.1345,308.811,0.101,0.7190000000000001,8.0455,-0.1355,308.819,0.1,0.8295,7.9079999999999995,-0.15,308.919,0.1,0.5255000000000001,7.265000000000001,-0.32699999999999996,309.038,0.1,0.03900000000000001,7.096,-0.385,309.02,0.1,-0.39949999999999997,7.1185,-0.3385,308.854,0.1,
0.329,7.871,-0.20650000000000002,309.016,0.1,0.025499999999999995,7.587,-0.0145,308.798,0.1,0.1875,7.193,-0.2625,308.659,0.1,0.9755,7.066,1.081,308.425,0.125,1.6655000000000002,6.763,0.7615000000000001,308.38,0.133,1.6925,6.746,0.22050000000000003,308.749,0.101,1.2275,6.994,-0.28600000000000003,309.25,0.1,0.6485000000000001,7.247,-0.2305,309.342,0.1,0.313,7.264,-0.146,309.335,0.1,0.3655,7.349,-0.027999999999999997,309.127,0.1,0.714,7.69,-0.1085,309.021,0.1,0.8859999999999999,7.924,-0.0715,309.042,0.1,0.6675,7.789,-0.5005,309.09,0.1,0.6945,6.944,-0.276,308.739,0.1,0.8365,6.894,0.2875,308.555,0.1,0.34750000000000003,6.93,-0.187,308.716,0.1,
1.4064999999999999,7.871,-0.108,309.281,0.105,1.2309999999999999,7.768,-0.1545,309.471,0.101,1.001,7.817500000000001,-0.1365,309.708,0.1,0.784,7.756,-0.0525,309.673,0.1,0.7264999999999999,7.773,-0.0105,309.663,0.1,0.6910000000000001,7.910500000000001,-0.07450000000000001,309.698,0.1,0.4615,7.917999999999999,-0.0895,309.578,0.1,0.299,7.5595,-0.1335,309.48,0.1,0.4245,7.4635,0.191,309.195,0.101,0.5125,7.259,-0.086,309.305,0.1,0.5329999999999999,7.1765,-0.129,309.231,0.1,0.548,7.1975,0.0225,309.243,0.1,0.34600000000000003,7.4475,0.054,309.361,0.1,0.02550000000000001,7.470000000000001,-0.1475,309.397,0.1,-0.095,7.2265,-0.215,309.212,0.1,0.095,6.9515,-0.0515,308.92,0.104,
1.3505,8.0585,-0.095,309.275,0.104,0.9670000000000001,7.732,-0.219,309.781,0.1,0.7105,7.628500000000001,-0.0825,309.882,0.1,0.6855,7.708,0.0075,309.708,0.1,0.7715,7.843999999999999,-0.016,309.773,0.1,0.7725,8.012,-0.108,309.739,0.1,0.5285,8.119499999999999,-0.099,309.512,0.1,0.21000000000000002,7.7395,-0.1785,309.451,0.1,0.0965,7.5895,-0.057,309.333,0.1,0.10450000000000001,7.332000000000001,-0.11449999999999999,309.225,0.1,0.20049999999999998,7.2355,-0.0225,308.983,0.1,0.28700000000000003,7.133,0.14450000000000002,308.936,0.1,0.033000000000000015,7.147,0.07300000000000001,309.139,0.1,-0.407,7.056,-0.257,309.334,0.1,-0.478,6.98,-0.229,308.973,0.1,-0.16449999999999998,6.9879999999999995,0.11050000000000001,308.594,0.103,
1.4585,8.2605,-0.055999999999999994,309.212,0.101,0.903,7.702,-0.2225,309.811,0.1,0.575,7.519500000000001,-0.037,309.857,0.1,0.652,7.723,0.039,309.764,0.1,0.8035,7.8955,-0.0135,309.846,0.1,0.8160000000000001,8.07,-0.11349999999999999,309.746,0.1,0.581,8.178999999999998,-0.11449999999999999,309.461,0.1,0.1825,7.835,-0.17049999999999998,309.31,0.1,-0.0255,7.5809999999999995,-0.1385,309.256,0.1,0.021,7.3885000000000005,-0.07350000000000001,309.069,0.1,0.06,7.317,-0.01,308.861,0.1,-0.087,6.888,-0.031,308.915,0.1,-0.409,6.678,-0.14900000000000002,309.051,0.1,-0.6985,6.672499999999999,-0.26649999999999996,309.134,0.1,-0.646,6.852,-0.1635,308.776,0.1,-0.366,7.0885,0.113,308.486,0.102,
1.615,8.232,-0.047,309.192,0.102,1.0739999999999998,7.553000000000001,-0.1905,309.657,0.1,0.7205,7.4785,-0.021,309.673,0.1,0.748,7.7355,0.0335,309.721,0.1,0.828,7.869999999999999,-0.014499999999999999,309.798,0.1,0.7915,8.008,-0.108,309.702,0.1,0.5875,8.047,-0.14650000000000002,309.478,0.1,0.2435,7.855,-0.174,309.186,0.1,0.07200000000000001,7.553,-0.128,309.049,0.1,0.11200000000000002,7.2515,-0.08449999999999999,308.927,0.1,0.03400000000000001,7.1125,-0.2085,308.895,0.1,-0.2585,6.3835,-0.2625,308.928,0.1,-0.5665,6.1419999999999995,-0.3405,308.994,0.1,-0.653,6.4445,-0.2595,308.865,0.1,-0.526,6.8565000000000005,-0.0875,308.65,0.1,-0.402,7.143,0.0535,308.555,0.1,
1.6404999999999998,7.959999999999999,-0.072,309.279,0.1,1.3295,7.4045000000000005,-0.0955,309.487,0.1,1.0534999999999999,7.4575,-0.0445,309.506,0.1,0.923,7.684,-0.041499999999999995,309.614,0.1,0.8585,7.7695,-0.0385,309.656,0.1,0.776,7.818,-0.0785,309.6,0.1,0.586,7.810499999999999,-0.16899999999999998,309.546,0.1,0.28400000000000003,7.798,-0.2185,309.236,0.1,0.088,7.53,-0.124,308.895,0.101,-0.072,7.0440000000000005,-0.046,308.778,0.1,-0.259,6.7475,-0.39149999999999996,308.846,0.1,-0.1955,6.1615,-0.11150000000000002,308.618,0.1,-0.096,6.079,0.14500000000000002,308.615,0.1,-0.1285,6.462,-0.20600000000000002,308.627,0.1,-0.16899999999999998,7.006,-0.08399999999999999,308.545,0.1,-0.243,7.1775,0.0585,308.598,0.1,
1.4705,7.798,-0.08549999999999999,309.439,0.1,1.4685,7.484999999999999,0.0065,309.41,0.1,1.3145,7.422,-0.036500000000000005,309.452,0.106,1.069,7.535500000000001,-0.11850000000000001,309.53,0.1,0.907,7.633,-0.0815,309.531,0.1,0.81,7.6105,-0.0495,309.51,0.1,0.5835,7.6035,-0.16199999999999998,309.558,0.1,0.2435,7.6975,-0.242,309.399,0.1,-0.017,7.543,-0.126,308.872,0.1,-0.3325,7.0655,0.009,308.67,0.107,-0.5315000000000001,6.6685,-0.34299999999999997,308.647,0.112,0.028500000000000025,6.5649999999999995,0.416,308.183,0.239,0.8005,6.704,1.0265,308.199,0.148,0.8975,6.883,-0.034,308.404,0.1,0.527,7.3195,-0.176,308.461,0.1,0.1335,7.156499999999999,-0.016,308.597,0.1,
1.2495,7.888,-0.10900000000000001,309.58,0.1,1.4335,7.725,-0.035,309.437,0.1,1.4914999999999998,7.444,0.094,309.362,0.115,1.282,7.391500000000001,-0.0065,309.462,0.1,1.014,7.516500000000001,-0.1175,309.497,0.1,0.843,7.486,-0.09,309.498,0.1,0.5735,7.492,-0.1295,309.461,0.1,0.2135,7.5975,-0.20450000000000002,309.486,0.1,-0.060500000000000005,7.568,-0.1195,308.978,0.1,-0.324,7.3125,-0.056999999999999995,308.72,0.104,-0.32,6.9665,-0.174,308.478,0.338,0.5185,7.212,0.8365,308.023,0.239,1.6345,7.5455000000000005,1.313,308.056,0.157,1.8479999999999999,7.6505,0.0425,308.264,0.1,1.207,7.688000000000001,-0.2975,308.401,0.1,0.5055000000000001,7.0715,-0.14150000000000001,308.534,0.1,
1.0465,7.9785,-0.14200000000000002,309.632,0.1,1.1840000000000002,7.8515,-0.1885,309.528,0.1,1.4895,7.6285,0.256,309.177,0.109,1.5390000000000001,7.4975000000000005,0.302,309.161,0.105,1.209,7.535500000000001,-0.119,309.419,0.1,0.8665,7.4715,-0.1795,309.508,0.1,0.5735,7.4685,-0.0675,309.329,0.1,0.26749999999999996,7.529,-0.1255,309.432,0.1,-0.006999999999999992,7.5815,-0.10200000000000001,309.154,0.1,-0.22599999999999998,7.595000000000001,-0.174,308.895,0.1,0.008500000000000008,7.343,-0.0615,308.429,0.238,1.0115,7.6095,0.8300000000000001,308.072,0.198,2.059,8.212,0.8275,308.089,0.116,2.051,8.372,-0.1145,308.26,0.1,1.179,7.907500000000001,-0.408,308.353,0.1,0.5465,7.133,-0.0535,308.369,0.1,
0.9380000000000001,7.9145,-0.108,309.557,0.1,0.8305,7.7780000000000005,-0.2935,309.599,0.1,1.194,7.902,0.2575,309.012,0.102,1.584,7.879,0.4465,308.846,0.129,1.331,7.697,-0.1565,309.33,0.1,0.853,7.5395,-0.21,309.465,0.1,0.5755,7.4915,0.008,309.27,0.1,0.37,7.5115,-0.069,309.352,0.1,0.0835,7.6129999999999995,-0.098,309.301,0.1,-0.14900000000000002,7.8255,-0.26549999999999996,309.088,0.1,0.2315,7.6185,0.002,308.497,0.157,1.2025000000000001,7.8155,0.5765,308.247,0.139,1.8355000000000001,8.650500000000001,0.1865,308.304,0.102,1.4,8.6975,-0.28700000000000003,308.348,0.1,0.457,7.948,-0.47350000000000003,308.316,0.1,0.3345,7.452,0.1785,308.171,0.182,
0.9575,7.846,-0.0325,309.431,0.1,0.751,7.6605,-0.2575,309.574,0.1,0.998,8.0355,0.10450000000000001,308.994,0.151,1.3545,8.1305,0.187,308.93,0.107,1.09,7.7490000000000006,-0.3035,309.446,0.1,0.649,7.5755,-0.1745,309.441,0.1,0.48450000000000004,7.505,0.0345,309.34,0.1,0.4305,7.5425,-0.0665,309.352,0.1,0.18150000000000002,7.673,-0.0985,309.379,0.1,-0.073,7.952,-0.34950000000000003,309.248,0.1,0.3025,7.8495,0.029,308.644,0.103,0.9855,8.139,0.3165,308.497,0.122,1.134,8.821,-0.089,308.565,0.1,0.5135,8.603,-0.265,308.482,0.1,-0.19899999999999998,7.965,-0.4625,308.408,0.1,0.17450000000000002,7.8405,0.2245,308.058,0.131,
0.9790000000000001,7.8875,-0.027499999999999997,309.433,0.1,0.9115,7.6080000000000005,-0.1525,309.556,0.1,1.04,7.945500000000001,-0.045,309.26,0.116,1.057,8.0215,-0.1265,309.36,0.1,0.665,7.6135,-0.36750000000000005,309.629,0.1,0.316,7.484500000000001,-0.1515,309.502,0.1,0.2735,7.4625,-0.028499999999999998,309.489,0.1,0.39549999999999996,7.5785,-0.0865,309.402,0.1,0.249,7.7315000000000005,-0.077,309.408,0.1,-0.0495,7.936999999999999,-0.41900000000000004,309.335,0.1,0.1545,8.0705,0.005999999999999998,308.786,0.175,0.5875,8.474499999999999,0.11649999999999999,308.664,0.105,0.604,8.684,-0.024,308.688,0.1,0.08449999999999999,8.270499999999998,-0.16399999999999998,308.794,0.1,-0.346,7.9775,-0.42500000000000004,308.73,0.1,0.22249999999999998,8.1085,0.036,308.162,0.11,
0.8855,7.9005,-0.07500000000000001,309.537,0.1,0.935,7.583,-0.08299999999999999,309.621,0.1,1.041,7.734500000000001,-0.1385,309.641,0.1,0.92,7.759,-0.188,309.643,0.1,0.515,7.5009999999999994,-0.1985,309.607,0.1,0.1755,7.364000000000001,-0.0995,309.539,0.1,0.1315,7.3845,-0.1185,309.617,0.1,0.33,7.565,-0.0965,309.444,0.1,0.261,7.737,-0.0535,309.412,0.1,-0.037000000000000005,7.8405,-0.43400000000000005,309.355,0.1,0.0665,8.207,-0.047,308.86,0.145,0.419,8.5215,0.012,308.689,0.101,0.512,8.366,0.0475,308.776,0.1,0.14600000000000002,7.9735,-0.0905,309.127,0.1,-0.1835,7.922000000000001,-0.362,309.12,0.1,0.21950000000000003,8.1645,-0.1555,308.532,0.1,
0.7145,7.7509999999999994,-0.132,309.587,0.1,0.8180000000000001,7.529999999999999,-0.058,309.609,0.1,0.798,7.464,-0.192,309.752,0.1,0.5509999999999999,7.340999999999999,-0.33799999999999997,309.751,0.1,0.28500000000000003,7.262499999999999,-0.16749999999999998,309.538,0.1,0.11249999999999999,7.2775,-0.0585,309.492,0.1,0.148,7.38,-0.1135,309.592,0.1,0.3715,7.5465,-0.0375,309.418,0.1,0.2925,7.6585,-0.0475,309.408,0.1,-0.0155,7.728999999999999,-0.384,309.369,0.1,0.04050000000000001,8.1845,-0.11000000000000001,308.925,0.129,0.348,8.334,-0.039,308.73,0.1,0.476,8.123999999999999,0.0125,308.909,0.1,0.23800000000000002,7.893,0.006499999999999999,309.203,0.1,-0.042499999999999996,7.827500000000001,-0.226,309.247,0.1,0.07150000000000001,7.9605,-0.213,308.927,0.1,
0.646,7.6114999999999995,-0.094,309.46,0.1,0.6475,7.4205,-0.0615,309.468,0.1,0.496,7.183999999999999,-0.20850000000000002,309.473,0.1,0.2225,6.791499999999999,-0.4115,309.576,0.1,0.07050000000000001,6.737,-0.257,309.5,0.1,0.0245,7.091,-0.173,309.482,0.1,0.17900000000000002,7.432,-0.0915,309.491,0.1,0.45100000000000007,7.579,0.081,309.375,0.1,0.37150000000000005,7.542,-0.009000000000000001,309.432,0.1,0.0815,7.599,-0.2655,309.386,0.1,0.112,8.004999999999999,-0.1405,309.045,0.102,0.4095,8.1355,-0.1125,308.951,0.1,0.5505,8.050999999999998,-0.017,309.036,0.1,0.29050000000000004,7.794499999999999,-0.019999999999999997,309.227,0.1,-0.0475,7.5525,-0.2535,309.3,0.1,-0.1485,7.5395,-0.221,309.118,0.1,
0.6275,7.6675,0.0765,309.205,0.1,0.4155,7.3629999999999995,0.0185,309.21,0.1,0.3105,7.084,-0.23199999999999998,309.11,0.1,0.5,6.731,0.2515,308.96,0.12,0.6265000000000001,6.605499999999999,0.126,309.068,0.1,0.4315,6.959,-0.163,309.399,0.1,0.3095,7.327500000000001,-0.2215,309.535,0.1,0.3985,7.4785,0.051,309.454,0.1,0.379,7.4135,0.022,309.504,0.1,0.2975,7.4455,-0.101,309.39,0.1,0.4355,7.731999999999999,-0.1295,309.23,0.101,0.731,7.9350000000000005,-0.151,309.243,0.1,0.8305,7.951499999999999,-0.0945,309.18,0.1,0.524,7.3885000000000005,-0.253,309.265,0.1,0.096,7.0915,-0.345,309.326,0.1,-0.2335,7.0920000000000005,-0.261,309.155,0.1,
0.213,7.745,-0.112,309.171,0.1,0.016500000000000008,7.376,0.0385,309.02,0.1,0.119,7.113,-0.267,309.012,0.1,0.8254999999999999,6.934,0.885,308.433,0.116,1.4205,6.784,0.601,308.536,0.121,1.3265,6.968,0.11950000000000001,309.109,0.101,0.8594999999999999,7.205,-0.254,309.514,0.1,0.46599999999999997,7.351,-0.14300000000000002,309.518,0.1,0.345,7.341,-0.0725,309.568,0.1,0.482,7.365,-0.0095,309.467,0.1,0.7925,7.582,-0.0995,309.4,0.1,0.956,7.817,-0.07050000000000001,309.342,0.1,0.787,7.857,-0.3655,309.294,0.1,0.7090000000000001,7.099,-0.2945,309.031,0.1,0.7210000000000001,6.855,0.17,308.855,0.1,0.3085,6.897,-0.15699999999999997,308.965,0.1,
1.058,7.905,-0.1045,309.806,0.102,0.8554999999999999,7.7645,-0.136,309.986,0.101,0.7095,7.7665,-0.092,310.043,0.1,0.6895,7.702500000000001,-0.011000000000000001,309.956,0.1,0.74,7.7675,-0.006500000000000001,310.041,0.1,0.6234999999999999,7.911,-0.08499999999999999,310.015,0.1,0.2925,7.7765,-0.0775,309.73,0.1,0.074,7.38,-0.132,309.656,0.1,0.164,7.3835,0.10099999999999999,309.498,0.1,0.281,7.240500000000001,-0.0875,309.53,0.1,0.379,7.1045,-0.10700000000000001,309.371,0.1,0.534,7.0885,0.039,309.366,0.1,0.5405,7.434,0.1245,309.524,0.1,0.32,7.6015,-0.0605,309.682,0.1,0.0945,7.4239999999999995,-0.201,309.576,0.1,0.09899999999999999,7.0575,-0.09,309.226,0.102,
1.1035,7.8995,-0.1105,309.74,0.102,0.6345000000000001,7.499,-0.1815,310.121,0.1,0.5145,7.579,-0.036000000000000004,310.065,0.1,0.6799999999999999,7.718,0.019,310.008,0.1,0.7745,7.818,-0.028,310.135,0.1,0.629,7.896,-0.126,309.999,0.1,0.2885,7.853,-0.0865,309.608,0.1,-0.024,7.539,-0.154,309.572,0.1,-0.1005,7.573,-0.077,309.593,0.1,-0.037,7.429,-0.10300000000000001,309.488,0.1,0.1715,7.3505,-0.0275,309.181,0.1,0.4545,7.2605,0.17149999999999999,309.071,0.1,0.385,7.263,0.1495,309.348,0.1,-0.05249999999999999,7.1705,-0.1725,309.706,0.1,-0.27149999999999996,7.018000000000001,-0.233,309.396,0.1,-0.07549999999999998,6.9375,0.054,308.858,0.101,
1.2465000000000002,7.882,-0.0875,309.623,0.101,0.6595,7.404999999999999,-0.1625,309.991,0.1,0.509,7.5195,0.013000000000000001,309.973,0.1,0.6890000000000001,7.7545,0.042,310.052,0.1,0.741,7.8309999999999995,-0.018500000000000003,310.147,0.1,0.6045,7.8675,-0.1255,309.945,0.1,0.354,7.892,-0.099,309.553,0.1,0.036000000000000004,7.64,-0.124,309.413,0.1,-0.118,7.584,-0.1095,309.491,0.1,-0.026000000000000002,7.5605,-0.065,309.366,0.1,0.114,7.5725,-0.004,309.105,0.1,0.124,7.1739999999999995,0.034,309.091,0.1,-0.0935,6.859999999999999,-0.054,309.334,0.1,-0.4185,6.734,-0.2165,309.579,0.1,-0.4175,6.797000000000001,-0.175,309.206,0.1,-0.0845,6.9805,0.079,308.738,0.101,
1.3565,7.872,-0.067,309.6,0.101,0.851,7.475,-0.123,309.839,0.1,0.6665,7.6025,0.0285,309.825,0.1,0.7444999999999999,7.795,0.0485,309.972,0.1,0.7335,7.7829999999999995,0.001,310.027,0.1,0.6055,7.7829999999999995,-0.096,309.848,0.1,0.42100000000000004,7.817,-0.123,309.612,0.1,0.199,7.678,-0.121,309.357,0.1,0.123,7.466,-0.093,309.257,0.1,0.21900000000000003,7.3905,-0.07100000000000001,309.206,0.1,0.15000000000000002,7.378,-0.149,309.172,0.1,-0.17149999999999999,6.6185,-0.22749999999999998,309.226,0.1,-0.4615,6.263,-0.2885,309.326,0.1,-0.5085000000000001,6.463,-0.235,309.262,0.1,-0.28750000000000003,6.811,-0.093,308.994,0.1,0.013499999999999991,7.082000000000001,0.0525,308.803,0.1,
1.3445,7.824999999999999,-0.0725,309.73,0.1,1.0074999999999998,7.550000000000001,-0.063,309.808,0.1,0.8260000000000001,7.672000000000001,-0.011,309.755,0.1,0.7965,7.759,-0.008,309.832,0.1,0.784,7.673,-0.001999999999999999,309.844,0.1,0.698,7.62,-0.048,309.74,0.1,0.47550000000000003,7.6375,-0.138,309.705,0.1,0.2625,7.6455,-0.16899999999999998,309.514,0.1,0.223,7.341,-0.10700000000000001,309.112,0.1,0.134,7.0649999999999995,-0.041999999999999996,309.027,0.1,-0.1025,6.9125,-0.32199999999999995,309.159,0.1,-0.162,6.2115,-0.165,308.976,0.1,-0.141,6.031000000000001,0.052000000000000005,308.896,0.1,-0.127,6.425,-0.211,308.905,0.1,0.017,7.006,-0.074,308.765,0.1,0.17350000000000002,7.237,0.1015,308.785,0.1,
1.2105,7.755,-0.0895,309.917,0.1,1.0414999999999999,7.5875,-0.016,309.836,0.1,0.8795,7.5855,-0.041,309.777,0.102,0.789,7.5755,-0.08,309.737,0.1,0.8235,7.531000000000001,-0.0275,309.712,0.1,0.806,7.4605,-0.014499999999999999,309.694,0.1,0.5135,7.474,-0.1295,309.716,0.1,0.1785,7.569,-0.194,309.695,0.1,0.0505,7.333,-0.1255,309.144,0.1,-0.23900000000000002,6.9725,0.002,308.92,0.103,-0.5095000000000001,6.6985,-0.332,308.99,0.105,0.033499999999999974,6.506,0.302,308.359,0.164,0.748,6.5715,0.8225,308.275,0.122,0.8075,6.792999999999999,-0.091,308.584,0.1,0.592,7.3485,-0.14300000000000002,308.597,0.1,0.439,7.3375,0.07300000000000001,308.715,0.1,
1.0585,7.6915,-0.122,309.974,0.1,1.0255,7.6015,-0.073,309.822,0.1,0.9724999999999999,7.457,0.043000000000000003,309.7,0.107,0.887,7.382,-0.0125,309.66,0.1,0.8674999999999999,7.428,-0.065,309.679,0.1,0.8220000000000001,7.3855,-0.048,309.724,0.1,0.513,7.406499999999999,-0.1,309.635,0.1,0.08650000000000001,7.4855,-0.159,309.716,0.1,-0.14100000000000001,7.4305,-0.1155,309.288,0.1,-0.39849999999999997,7.1975,-0.045,308.996,0.102,-0.441,6.899,-0.21350000000000002,308.823,0.212,0.48799999999999993,7.1715,0.7125,308.035,0.166,1.631,7.5105,1.1035,308.029,0.158,1.7735,7.557499999999999,-0.034999999999999996,308.387,0.1,1.1965,7.708,-0.224,308.499,0.1,0.654,7.244,-0.059000000000000004,308.644,0.1,
0.9235,7.631,-0.1455,309.885,0.1,0.9455,7.5805,-0.176,309.803,0.1,1.0915,7.512499999999999,0.17149999999999999,309.471,0.104,1.1415000000000002,7.4635,0.21050000000000002,309.442,0.102,0.9765,7.476,-0.0925,309.65,0.1,0.756,7.3934999999999995,-0.1265,309.743,0.1,0.47550000000000003,7.3975,-0.041499999999999995,309.537,0.1,0.091,7.4175,-0.092,309.604,0.1,-0.213,7.544499999999999,-0.0895,309.456,0.1,-0.42700000000000005,7.558999999999999,-0.135,309.194,0.1,-0.1925,7.326499999999999,-0.11,308.751,0.164,0.929,7.7325,0.716,308.053,0.174,2.07,8.343499999999999,0.673,308.071,0.111,2.0469999999999997,8.291,-0.1405,308.38,0.1,1.189,7.874499999999999,-0.287,308.434,0.1,0.597,7.156499999999999,-0.039,308.49,0.1,
0.843,7.608499999999999,-0.1065,309.776,0.1,0.806,7.569,-0.22,309.823,0.1,1.044,7.7375,0.173,309.286,0.101,1.2494999999999998,7.8004999999999995,0.3075,309.231,0.113,0.9904999999999999,7.641,-0.1375,309.628,0.1,0.612,7.436,-0.154,309.693,0.1,0.40900000000000003,7.389,0.03,309.508,0.1,0.199,7.3919999999999995,-0.056,309.539,0.1,-0.133,7.617,-0.0895,309.577,0.1,-0.4115,7.8805,-0.2095,309.406,0.1,-0.055999999999999994,7.795999999999999,-0.053,308.84,0.126,0.9995,8.1935,0.46499999999999997,308.338,0.118,1.762,8.8265,0.11099999999999999,308.466,0.101,1.4095,8.596499999999999,-0.2385,308.512,0.1,0.5015000000000001,7.851,-0.346,308.427,0.1,0.355,7.366,0.1315,308.229,0.139,
0.8500000000000001,7.701499999999999,-0.047,309.747,0.1,0.773,7.626,-0.1745,309.864,0.1,0.933,7.904,0.051,309.345,0.123,1.0030000000000001,7.9675,0.0925,309.359,0.103,0.651,7.641500000000001,-0.256,309.736,0.1,0.332,7.451499999999999,-0.1175,309.643,0.1,0.304,7.391500000000001,0.0565,309.598,0.1,0.33199999999999996,7.4215,-0.078,309.615,0.1,0.069,7.641500000000001,-0.1005,309.63,0.1,-0.28700000000000003,8.0015,-0.281,309.57,0.1,-0.01150000000000001,8.117999999999999,-0.044,309.029,0.101,0.693,8.531,0.21050000000000002,308.771,0.11,0.9764999999999999,8.842500000000001,-0.0995,308.855,0.1,0.5,8.471,-0.1755,308.705,0.1,-0.146,7.830500000000001,-0.37,308.648,0.1,0.20850000000000002,7.795,0.154,308.068,0.114,
0.87,7.855,-0.044,309.83,0.1,0.7805,7.642,-0.1,309.953,0.1,0.8005,7.858499999999999,-0.068,309.718,0.107,0.6074999999999999,7.817,-0.1525,309.757,0.1,0.199,7.4125,-0.30200000000000005,309.855,0.1,0.0385,7.406499999999999,-0.0935,309.697,0.1,0.179,7.413,0.001,309.758,0.1,0.402,7.4725,-0.1135,309.716,0.1,0.262,7.6425,-0.081,309.63,0.1,-0.156,7.8725,-0.34750000000000003,309.638,0.1,-0.10750000000000001,8.148,-0.0785,309.163,0.134,0.3065,8.517,0.0415,308.991,0.102,0.45699999999999996,8.495999999999999,-0.0019999999999999996,308.963,0.1,0.06949999999999998,8.100999999999999,-0.076,309.065,0.1,-0.326,7.8085,-0.358,309.109,0.1,0.20750000000000002,8.1145,-0.0375,308.313,0.105,
0.8,7.832000000000001,-0.0645,309.889,0.1,0.6475,7.461,-0.075,310.054,0.1,0.5705,7.619,-0.1415,310.095,0.1,0.406,7.6665,-0.1565,309.931,0.1,0.152,7.3285,-0.129,309.773,0.1,0.023,7.368,-0.056499999999999995,309.78,0.1,0.124,7.404,-0.0945,309.896,0.1,0.399,7.488,-0.1295,309.747,0.1,0.341,7.6205,-0.043,309.597,0.1,-0.08249999999999999,7.646,-0.373,309.638,0.1,-0.13799999999999998,7.9855,-0.1225,309.197,0.12,0.23600000000000002,8.2345,-0.019000000000000003,308.966,0.1,0.491,8.1025,0.07400000000000001,309.02,0.1,0.202,7.7705,-0.0355,309.424,0.1,-0.196,7.695,-0.30800000000000005,309.526,0.1,0.10549999999999998,8.1025,-0.20650000000000002,308.883,0.1,
0.585,7.516500000000001,-0.097,309.817,0.1,0.482,7.1555,-0.078,309.944,0.1,0.287,7.311999999999999,-0.17049999999999998,310.048,0.1,0.132,7.447,-0.2525,309.949,0.1,0.1385,7.364,-0.08349999999999999,309.711,0.1,0.1325,7.3805,-0.0165,309.764,0.1,0.181,7.4065,-0.1105,309.889,0.1,0.41200000000000003,7.4775,-0.08049999999999999,309.69,0.1,0.36100000000000004,7.5504999999999995,-0.015,309.571,0.1,-0.026999999999999996,7.481,-0.33899999999999997,309.645,0.1,-0.076,7.8335,-0.155,309.266,0.113,0.2825,8.022499999999999,-0.045,309.044,0.1,0.5489999999999999,7.9465,0.0165,309.189,0.1,0.3705,7.7385,0.0485,309.486,0.1,-0.0030000000000000027,7.6075,-0.166,309.604,0.1,-0.013999999999999999,7.8255,-0.215,309.333,0.1,
0.402,7.2330000000000005,-0.0685,309.611,0.1,0.423,6.9375,-0.0615,309.624,0.1,0.22799999999999998,7.0715,-0.16799999999999998,309.633,0.1,-0.0735,6.9155,-0.3705,309.82,0.1,-0.1075,7.042,-0.21300000000000002,309.795,0.1,0.025500000000000002,7.3125,-0.1125,309.758,0.1,0.2175,7.491,-0.07050000000000001,309.765,0.1,0.45749999999999996,7.5145,0.049,309.603,0.1,0.415,7.474500000000001,0.0305,309.608,0.1,0.134,7.4045000000000005,-0.2365,309.677,0.1,0.112,7.7235,-0.154,309.436,0.101,0.39649999999999996,7.9559999999999995,-0.122,309.374,0.1,0.576,8.009,-0.024,309.347,0.1,0.387,7.7925,0.052000000000000005,309.456,0.1,0.08750000000000001,7.4785,-0.159,309.589,0.1,-0.036,7.458,-0.16849999999999998,309.475,0.1,
0.366,7.396,0.10400000000000001,309.35,0.1,0.34850000000000003,7.021000000000001,0.0365,309.336,0.1,0.27749999999999997,7.0065,-0.20850000000000002,309.334,0.1,0.276,6.6899999999999995,0.14650000000000002,309.151,0.109,0.245,6.7735,0.0515,309.401,0.1,0.1555,7.21,-0.156,309.733,0.1,0.2065,7.484999999999999,-0.1575,309.777,0.1,0.38349999999999995,7.5045,0.0895,309.615,0.1,0.4465,7.4325,0.0675,309.708,0.1,0.4195,7.383,-0.0875,309.725,0.1,0.5135,7.5705,-0.1245,309.65,0.1,0.743,7.8245000000000005,-0.16599999999999998,309.667,0.1,0.8305,7.9955,-0.044000000000000004,309.442,0.1,0.5225,7.512499999999999,-0.1795,309.493,0.1,0.1535,7.0875,-0.30300000000000005,309.632,0.1,-0.068,7.0655,-0.189,309.457,0.1,
0.0965,7.619,-0.026000000000000002,309.326,0.1,0.008000000000000007,7.166,0.08399999999999999,309.242,0.1,0.051000000000000004,7.032,-0.267,309.364,0.1,0.6755,6.802,0.6915,308.441,0.107,1.1755,6.805,0.445,308.691,0.109,0.9604999999999999,7.189,0.027000000000000003,309.468,0.1,0.49149999999999994,7.417,-0.219,309.778,0.1,0.284,7.455,-0.061,309.695,0.1,0.377,7.417,-0.004999999999999999,309.801,0.1,0.5974999999999999,7.381,0.007,309.807,0.1,0.8705,7.473,-0.092,309.779,0.1,1.026,7.71,-0.07150000000000001,309.642,0.1,0.906,7.925,-0.235,309.499,0.1,0.7230000000000001,7.254,-0.308,309.323,0.1,0.6060000000000001,6.816,0.059000000000000004,309.155,0.1,0.2705,6.864,-0.129,309.214,0.1,
0.7055,7.856,-0.094,310.284,0.1,0.5095,7.701499999999999,-0.1125,310.444,0.1,0.441,7.6815,-0.0615,310.37,0.1,0.559,7.6185,0.008,310.256,0.1,0.676,7.7155000000000005,-0.013999999999999999,310.394,0.1,0.5105,7.87,-0.08549999999999999,310.312,0.1,0.13399999999999998,7.6434999999999995,-0.064,309.929,0.1,-0.10800000000000001,7.241,-0.118,309.883,0.1,-0.04650000000000001,7.3260000000000005,0.0395,309.825,0.1,0.0895,7.2415,-0.0865,309.791,0.1,0.2465,7.067,-0.10300000000000001,309.584,0.1,0.512,7.0235,0.027,309.56,0.1,0.687,7.414,0.157,309.719,0.1,0.5485,7.6605,0.017,309.964,0.1,0.2375,7.535,-0.1605,309.934,0.1,0.0865,7.1265,-0.10400000000000001,309.563,0.1,
0.832,7.7305,-0.10750000000000001,310.176,0.1,0.355,7.307499999999999,-0.1395,310.437,0.1,0.349,7.519,-0.009,310.285,0.1,0.6335,7.678000000000001,0.0155,310.321,0.1,0.7185,7.7490000000000006,-0.0405,310.465,0.1,0.46950000000000003,7.7745,-0.1215,310.258,0.1,0.07949999999999999,7.6240000000000006,-0.07250000000000001,309.781,0.1,-0.205,7.369999999999999,-0.125,309.759,0.1,-0.245,7.537,-0.08549999999999999,309.88,0.1,-0.144,7.4885,-0.101,309.786,0.1,0.13449999999999998,7.4245,-0.0495,309.449,0.1,0.5575,7.349,0.16399999999999998,309.274,0.1,0.645,7.3465,0.1925,309.583,0.1,0.233,7.2415,-0.0855,310.073,0.1,-0.102,7.034,-0.21100000000000002,309.84,0.1,-0.016499999999999994,6.8934999999999995,0.009000000000000001,309.203,0.1,
0.9944999999999999,7.5705,-0.096,310.032,0.1,0.44799999999999995,7.1925,-0.1095,310.203,0.1,0.4455,7.509,0.038000000000000006,310.154,0.1,0.6839999999999999,7.729,0.032,310.351,0.1,0.6555,7.734500000000001,-0.023,310.426,0.1,0.40700000000000003,7.6785,-0.11599999999999999,310.167,0.1,0.14900000000000002,7.640499999999999,-0.08099999999999999,309.735,0.1,-0.08800000000000001,7.467,-0.0865,309.599,0.1,-0.1855,7.55,-0.0905,309.765,0.1,-0.0675,7.656499999999999,-0.0685,309.696,0.1,0.1375,7.7379999999999995,-0.008,309.397,0.1,0.27749999999999997,7.3915,0.0815,309.312,0.1,0.164,7.016,0.0165,309.643,0.1,-0.176,6.79,-0.163,310.034,0.1,-0.23099999999999998,6.754,-0.1775,309.687,0.1,0.11900000000000001,6.8885000000000005,0.042499999999999996,309.093,0.1,
1.066,7.5809999999999995,-0.07150000000000001,310.014,0.1,0.638,7.426,-0.0695,310.067,0.1,0.5965,7.6805,0.051500000000000004,310.041,0.1,0.7075,7.792999999999999,0.0475,310.24,0.1,0.631,7.677,0.010499999999999999,310.261,0.1,0.43600000000000005,7.579,-0.078,310.04,0.1,0.262,7.6105,-0.0955,309.816,0.1,0.1385,7.5175,-0.0805,309.604,0.1,0.1465,7.3765,-0.07300000000000001,309.526,0.1,0.28099999999999997,7.4785,-0.065,309.525,0.1,0.22,7.57,-0.087,309.479,0.1,-0.0985,6.833,-0.1765,309.562,0.1,-0.351,6.4015,-0.2345,309.699,0.1,-0.3705,6.4965,-0.21200000000000002,309.701,0.1,-0.10250000000000001,6.768000000000001,-0.10650000000000001,309.41,0.1,0.312,7.013,0.04,309.148,0.1,
1.0285,7.704000000000001,-0.068,310.169,0.1,0.705,7.661,-0.0345,310.138,0.1,0.6094999999999999,7.811999999999999,0.0085,310.036,0.1,0.6605000000000001,7.7780000000000005,0.011,310.077,0.1,0.6890000000000001,7.569,0.0185,310.062,0.1,0.607,7.446,-0.028,309.933,0.1,0.37,7.487,-0.10250000000000001,309.906,0.1,0.2255,7.502,-0.125,309.828,0.1,0.31,7.1915,-0.097,309.401,0.1,0.28800000000000003,7.093,-0.037000000000000005,309.328,0.1,0.018000000000000002,7.053,-0.23199999999999998,309.508,0.1,-0.145,6.285,-0.2,309.408,0.1,-0.1845,6.0355,-0.0155,309.264,0.1,-0.1295,6.412000000000001,-0.2105,309.25,0.1,0.15050000000000002,6.987,-0.08199999999999999,309.062,0.1,0.475,7.2475000000000005,0.11599999999999999,309.051,0.1,
0.9315,7.7044999999999995,-0.088,310.357,0.1,0.653,7.661,-0.026,310.237,0.1,0.499,7.692,-0.0345,310.1,0.1,0.534,7.582000000000001,-0.046,309.972,0.1,0.713,7.428,0.0025,309.937,0.1,0.7595000000000001,7.329,0.003,309.917,0.1,0.445,7.3605,-0.0955,309.907,0.1,0.1335,7.4384999999999994,-0.14600000000000002,309.996,0.1,0.1105,7.166,-0.1245,309.475,0.1,-0.14550000000000002,6.919499999999999,0.0005,309.233,0.1,-0.471,6.7385,-0.2865,309.393,0.1,0.017000000000000015,6.457,0.179,308.668,0.104,0.651,6.473,0.6335,308.485,0.101,0.6839999999999999,6.719,-0.1305,308.844,0.1,0.6065,7.3420000000000005,-0.1295,308.802,0.1,0.6525000000000001,7.444,0.1275,308.896,0.1,
0.8405,7.529999999999999,-0.123,310.34,0.1,0.645,7.499499999999999,-0.09,310.19,0.1,0.5115,7.4544999999999995,0.017,310.032,0.1,0.528,7.356,-0.004,309.895,0.1,0.7,7.3335,-0.033,309.907,0.1,0.7545,7.2875,-0.0235,309.97,0.1,0.44699999999999995,7.3135,-0.075,309.847,0.1,0.012499999999999997,7.364,-0.114,309.959,0.1,-0.16849999999999998,7.297000000000001,-0.1145,309.635,0.1,-0.4325,7.102,-0.0325,309.338,0.1,-0.5309999999999999,6.8475,-0.221,309.249,0.11,0.4285,7.1125,0.5609999999999999,308.191,0.105,1.5465,7.4544999999999995,0.895,308.134,0.156,1.6219999999999999,7.4495000000000005,-0.0945,308.599,0.1,1.125,7.6875,-0.16999999999999998,308.655,0.1,0.738,7.358499999999999,0.0105,308.814,0.1,
0.7575,7.3575,-0.1375,310.154,0.1,0.6855,7.3629999999999995,-0.157,310.088,0.1,0.7005,7.4030000000000005,0.113,309.785,0.1,0.7505,7.403499999999999,0.15050000000000002,309.758,0.1,0.7285,7.3919999999999995,-0.07300000000000001,309.917,0.1,0.6180000000000001,7.304,-0.09,309.998,0.1,0.375,7.3035,-0.027,309.793,0.1,-0.017,7.2989999999999995,-0.062,309.822,0.1,-0.318,7.4655000000000005,-0.084,309.779,0.1,-0.5525,7.4775,-0.10200000000000001,309.549,0.1,-0.363,7.2780000000000005,-0.1385,309.171,0.106,0.8045,7.788,0.579,308.181,0.152,1.9735,8.383,0.523,308.192,0.107,1.9344999999999999,8.1655,-0.1615,308.584,0.1,1.133,7.816,-0.184,308.577,0.1,0.6054999999999999,7.162,-0.0185,308.691,0.1,
0.6875,7.35,-0.1,310.04,0.1,0.698,7.383,-0.1625,310.076,0.1,0.8305,7.571,0.1105,309.604,0.1,0.891,7.683,0.2075,309.641,0.1,0.6565,7.548,-0.1185,309.947,0.1,0.3875,7.3245000000000005,-0.11649999999999999,309.952,0.1,0.261,7.2735,0.036000000000000004,309.796,0.1,0.079,7.2684999999999995,-0.046,309.787,0.1,-0.2555,7.561,-0.086,309.87,0.1,-0.577,7.826499999999999,-0.16,309.756,0.1,-0.293,7.8420000000000005,-0.0945,309.272,0.102,0.7685,8.4055,0.3505,308.568,0.101,1.597,8.8595,0.044,308.733,0.1,1.3275000000000001,8.443000000000001,-0.2015,308.75,0.1,0.4965,7.7455,-0.22599999999999998,308.622,0.1,0.3465,7.276,0.087,308.412,0.103,
0.673,7.53,-0.059,310.088,0.1,0.687,7.539,-0.117,310.169,0.1,0.7775,7.7395,0.0135,309.726,0.101,0.647,7.7835,0.035500000000000004,309.792,0.1,0.272,7.5205,-0.20850000000000002,310.044,0.1,0.0775,7.329000000000001,-0.086,309.897,0.1,0.1545,7.271,0.0595,309.899,0.1,0.241,7.2895,-0.089,309.923,0.1,-0.008000000000000007,7.5615000000000006,-0.1055,309.899,0.1,-0.425,7.9345,-0.2145,309.902,0.1,-0.26249999999999996,8.197500000000002,-0.096,309.47,0.1,0.41500000000000004,8.711500000000001,0.121,309.124,0.1,0.796,8.743,-0.1105,309.201,0.1,0.45599999999999996,8.292,-0.10850000000000001,308.987,0.1,-0.1165,7.6754999999999995,-0.269,308.974,0.1,0.2105,7.707,0.08499999999999999,308.245,0.101,
0.6890000000000001,7.739,-0.057999999999999996,310.215,0.1,0.586,7.59,-0.065,310.323,0.1,0.5265,7.718,-0.079,310.157,0.1,0.2105,7.618,-0.156,310.143,0.1,-0.159,7.2545,-0.243,310.112,0.1,-0.1615,7.322,-0.0625,309.952,0.1,0.0975,7.333,0.010499999999999999,310.058,0.1,0.3705,7.340999999999999,-0.14,310.053,0.1,0.248,7.5255,-0.093,309.876,0.1,-0.23099999999999998,7.745,-0.27,309.946,0.1,-0.31,8.094000000000001,-0.128,309.578,0.103,0.073,8.4375,-0.013000000000000001,309.363,0.1,0.3395,8.2625,0.001,309.283,0.1,0.08,7.906499999999999,-0.0085,309.369,0.1,-0.294,7.6015,-0.2765,309.532,0.1,0.16749999999999998,8.027,-0.091,308.61,0.1,
0.6445000000000001,7.699999999999999,-0.054,310.227,0.1,0.3655,7.322,-0.0665,310.436,0.1,0.16999999999999998,7.4805,-0.1345,310.494,0.1,-0.0050000000000000044,7.5555,-0.1325,310.23,0.1,-0.1265,7.197,-0.089,310.003,0.1,-0.0925,7.34,-0.035500000000000004,310.063,0.1,0.1045,7.3705,-0.081,310.193,0.1,0.412,7.374,-0.16299999999999998,310.069,0.1,0.3715,7.4895,-0.049,309.82,0.1,-0.1155,7.455,-0.3015,309.939,0.1,-0.2905,7.7395,-0.1585,309.583,0.1,0.089,7.9415,-0.044,309.307,0.1,0.4775,7.8485,0.07150000000000001,309.316,0.1,0.27599999999999997,7.573,0.003,309.731,0.1,-0.174,7.4445,-0.2435,309.935,0.1,0.0010000000000000009,7.9445,-0.225,309.301,0.1,
0.4145,7.314,-0.0665,310.074,0.1,0.1845,6.8795,-0.0885,310.271,0.1,-0.10149999999999999,7.191000000000001,-0.14900000000000002,310.331,0.1,-0.1755,7.496,-0.183,310.177,0.1,0.009500000000000001,7.4094999999999995,-0.0405,309.955,0.1,0.1185,7.4185,-0.0015,310.067,0.1,0.1805,7.383,-0.11399999999999999,310.199,0.1,0.4135,7.378,-0.123,309.989,0.1,0.40249999999999997,7.436999999999999,-0.0075,309.782,0.1,-0.020500000000000004,7.2695,-0.28200000000000003,309.95,0.1,-0.157,7.5075,-0.16949999999999998,309.658,0.1,0.221,7.7285,-0.057,309.421,0.1,0.5965,7.7745,-0.002,309.514,0.1,0.4875,7.589,0.0665,309.781,0.1,0.0505,7.38,-0.1145,309.96,0.1,-0.084,7.628,-0.2,309.749,0.1,
0.154,6.9655000000000005,-0.052000000000000005,309.838,0.1,0.201,6.617,-0.064,309.849,0.1,0.005500000000000005,7.014,-0.137,309.855,0.1,-0.28500000000000003,7.0265,-0.3205,310.093,0.1,-0.237,7.2575,-0.1755,310.111,0.1,0.010000000000000002,7.448,-0.07949999999999999,310.061,0.1,0.221,7.496,-0.07100000000000001,310.064,0.1,0.4425,7.4285,0.009500000000000001,309.869,0.1,0.4535,7.403,0.041999999999999996,309.832,0.1,0.19399999999999998,7.2355,-0.201,309.995,0.1,0.1155,7.45,-0.1515,309.853,0.1,0.36750000000000005,7.7545,-0.133,309.814,0.1,0.5785,7.9345,-0.0455,309.68,0.1,0.46499999999999997,7.765499999999999,0.098,309.703,0.1,0.1995,7.3885,-0.08600000000000001,309.892,0.1,0.044500000000000005,7.3375,-0.131,309.839,0.1,
0.1035,7.1905,0.10300000000000001,309.598,0.1,0.238,6.797,0.034999999999999996,309.568,0.1,0.20350000000000001,6.976,-0.1785,309.629,0.1,0.06999999999999999,6.6975,0.0585,309.433,0.1,-0.062,6.9235,-0.0004999999999999987,309.77,0.1,-0.062,7.389,-0.14500000000000002,310.076,0.1,0.119,7.5745000000000005,-0.112,310.04,0.1,0.3695,7.4995,0.098,309.828,0.1,0.5055000000000001,7.433,0.08399999999999999,309.951,0.1,0.514,7.3065,-0.077,310.069,0.1,0.5555,7.391500000000001,-0.118,310.066,0.1,0.719,7.676,-0.178,310.074,0.1,0.7975,7.9845,-0.015,309.717,0.1,0.5065,7.6005,-0.10949999999999999,309.746,0.1,0.1935,7.0905000000000005,-0.2515,309.954,0.1,0.05450000000000001,7.03,-0.14250000000000002,309.779,0.1,
-0.02149999999999999,7.496,0.024499999999999997,309.562,0.1,-0.026499999999999996,7.02,0.096,309.541,0.1,-0.0365,6.989,-0.245,309.763,0.1,0.4865,6.729,0.5085,308.614,0.1,0.891,6.85,0.3075,308.976,0.1,0.6145,7.355,-0.026,309.839,0.1,0.1955,7.558,-0.1685,310.052,0.1,0.158,7.519,-0.0009999999999999992,309.91,0.1,0.40650000000000003,7.463,0.037,310.057,0.1,0.6665000000000001,7.359,0.0125,310.143,0.1,0.894,7.339,-0.0905,310.145,0.1,1.0430000000000001,7.571,-0.08149999999999999,309.939,0.1,0.9650000000000001,7.936,-0.1255,309.721,0.1,0.6955,7.379,-0.2965,309.655,0.1,0.477,6.815,-0.0175,309.514,0.1,0.22199999999999998,6.846,-0.111,309.507,0.1,
0.3395,7.519500000000001,-0.078,310.603,0.1,0.26249999999999996,7.43,-0.08499999999999999,310.708,0.1,0.2485,7.482,-0.041999999999999996,310.667,0.1,0.318,7.4365000000000006,0.009999999999999998,310.613,0.1,0.3745,7.5184999999999995,-0.0305,310.668,0.1,0.2565,7.702,-0.078,310.548,0.1,0.013499999999999998,7.538,-0.05,310.278,0.1,-0.1255,7.25,-0.0945,310.293,0.1,-0.061500000000000006,7.359500000000001,0.0010000000000000009,310.25,0.1,0.041499999999999995,7.319,-0.0835,310.194,0.1,0.1825,7.15,-0.11299999999999999,310.042,0.1,0.4665,7.092,-0.007,309.974,0.1,0.6825,7.3725000000000005,0.161,310.011,0.1,0.5555,7.4775,0.0875,310.237,0.1,0.2145,7.3415,-0.099,310.269,0.1,0.014000000000000002,7.0595,-0.0985,310.018,0.1,
0.471,7.527,-0.0905,310.509,0.1,0.2505,7.2585,-0.094,310.674,0.1,0.28500000000000003,7.4245,0.0029999999999999996,310.622,0.1,0.4545,7.4805,0.001,310.674,0.1,0.47750000000000004,7.543,-0.054,310.691,0.1,0.2615,7.6365,-0.1,310.511,0.1,-0.024,7.510999999999999,-0.057,310.198,0.1,-0.189,7.3134999999999994,-0.0925,310.185,0.1,-0.196,7.4315,-0.0845,310.272,0.1,-0.1345,7.4239999999999995,-0.107,310.208,0.1,0.071,7.3629999999999995,-0.08449999999999999,309.942,0.1,0.451,7.301,0.13,309.694,0.1,0.6015,7.318,0.20950000000000002,309.902,0.1,0.28350000000000003,7.163,0.0034999999999999996,310.42,0.1,-0.07,6.971,-0.16899999999999998,310.363,0.1,-0.076,6.877,-0.0265,309.859,0.1,
0.599,7.5045,-0.0865,310.431,0.1,0.34450000000000003,7.2705,-0.0625,310.523,0.1,0.392,7.465,0.0445,310.546,0.1,0.5455,7.5245,0.0115,310.682,0.1,0.4965,7.5344999999999995,-0.027000000000000003,310.638,0.1,0.252,7.531499999999999,-0.0905,310.461,0.1,0.015,7.497999999999999,-0.061,310.195,0.1,-0.1295,7.3705,-0.055499999999999994,310.073,0.1,-0.16399999999999998,7.3855,-0.079,310.174,0.1,-0.092,7.495,-0.08099999999999999,310.135,0.1,0.05499999999999999,7.589,-0.02,309.856,0.1,0.22999999999999998,7.3675,0.115,309.697,0.1,0.2165,7.077999999999999,0.0675,310.048,0.1,-0.0625,6.8285,-0.10650000000000001,310.524,0.1,-0.1995,6.750500000000001,-0.1725,310.351,0.1,0.016,6.8565000000000005,0.004,309.844,0.1,
0.65,7.5555,-0.0645,310.45,0.1,0.4565,7.4745,-0.0265,310.45,0.1,0.47250000000000003,7.6005,0.055,310.463,0.1,0.563,7.5925,0.035,310.564,0.1,0.505,7.5085,0.0155,310.51,0.1,0.3175,7.435499999999999,-0.056,310.371,0.1,0.125,7.475,-0.065,310.23,0.1,0.022500000000000003,7.41,-0.0495,310.105,0.1,0.0725,7.2780000000000005,-0.0645,310.009,0.1,0.182,7.3885000000000005,-0.065,309.979,0.1,0.12,7.49,-0.0235,309.887,0.1,-0.081,6.973,-0.11299999999999999,310.037,0.1,-0.223,6.6114999999999995,-0.179,310.227,0.1,-0.2595,6.589,-0.19,310.299,0.1,-0.117,6.732,-0.1255,310.089,0.1,0.17200000000000001,6.909000000000001,0.0175,309.853,0.1,
0.6305000000000001,7.639,-0.0595,310.56,0.1,0.47000000000000003,7.638,-0.0095,310.499,0.1,0.433,7.684,0.018,310.424,0.1,0.4965,7.606,0.0195,310.406,0.1,0.533,7.4395,0.0275,310.377,0.1,0.47550000000000003,7.3415,-0.016,310.285,0.1,0.27749999999999997,7.4005,-0.0635,310.23,0.1,0.133,7.384499999999999,-0.08499999999999999,310.257,0.1,0.2185,7.1805,-0.0925,309.948,0.1,0.243,7.154999999999999,-0.031,309.827,0.1,0.0025000000000000022,7.0969999999999995,-0.126,309.991,0.1,-0.1945,6.45,-0.22,310.117,0.1,-0.2255,6.2669999999999995,-0.063,309.979,0.1,-0.1485,6.5009999999999994,-0.206,309.865,0.1,0.08000000000000002,6.8885000000000005,-0.10450000000000001,309.661,0.1,0.3335,7.0605,0.108,309.626,0.1,
0.579,7.625,-0.082,310.652,0.1,0.4095,7.622,-0.025500000000000002,310.54,0.1,0.317,7.5845,-0.02,310.417,0.1,0.368,7.464,-0.016,310.313,0.1,0.52,7.3205,0.014,310.302,0.1,0.5855,7.254,0.006999999999999999,310.257,0.1,0.3825,7.292,-0.06,310.193,0.1,0.1475,7.2995,-0.098,310.315,0.1,0.134,7.146,-0.124,310.017,0.1,-0.05149999999999999,7.026999999999999,0.004,309.803,0.1,-0.362,6.818,-0.2135,310.04,0.1,-0.098,6.4485,0.0495,309.515,0.102,0.35150000000000003,6.5329999999999995,0.4565,309.294,0.101,0.4165,6.7204999999999995,-0.1555,309.461,0.1,0.4175,7.178,-0.1325,309.293,0.1,0.49950000000000006,7.234999999999999,0.155,309.335,0.1,
0.5225,7.494,-0.11449999999999999,310.6,0.1,0.373,7.4805,-0.09,310.485,0.1,0.278,7.391500000000001,0.011,310.344,0.1,0.308,7.2605,0.016,310.273,0.1,0.4655,7.2155000000000005,-0.017,310.288,0.1,0.542,7.197,-0.013,310.283,0.1,0.3665,7.198,-0.053000000000000005,310.176,0.1,0.11549999999999999,7.212,-0.07050000000000001,310.246,0.1,-0.004,7.179,-0.1155,310.109,0.1,-0.3025,7.0825,-0.0195,309.938,0.1,-0.491,6.8575,-0.2025,310.001,0.107,0.22699999999999998,6.9735,0.387,308.977,0.104,1.0795,7.295999999999999,0.6875,308.883,0.138,1.1195,7.277,-0.139,309.22,0.1,0.7855,7.484500000000001,-0.1315,309.067,0.1,0.5485,7.215999999999999,0.069,309.243,0.1,
0.4375,7.339,-0.121,310.48,0.1,0.345,7.3355,-0.1325,310.412,0.1,0.3385,7.319,0.075,310.183,0.1,0.38849999999999996,7.2365,0.115,310.216,0.1,0.4275,7.2204999999999995,-0.059,310.309,0.1,0.39549999999999996,7.1775,-0.066,310.313,0.1,0.27,7.141,-0.020999999999999998,310.193,0.1,0.0975,7.157,-0.034,310.176,0.1,-0.07700000000000001,7.2515,-0.084,310.176,0.1,-0.403,7.2379999999999995,-0.0735,310.106,0.1,-0.4155,7.11,-0.151,309.969,0.104,0.48150000000000004,7.556,0.4235,308.97,0.135,1.377,8.0055,0.3765,308.983,0.105,1.3345,7.846,-0.1785,309.171,0.1,0.7835000000000001,7.646000000000001,-0.0965,308.994,0.1,0.4205,7.089,0.007,309.252,0.1,
0.32899999999999996,7.250500000000001,-0.0895,310.451,0.1,0.286,7.2755,-0.11750000000000001,310.426,0.1,0.365,7.3975,0.0655,310.089,0.1,0.435,7.415,0.13849999999999998,310.15,0.1,0.33999999999999997,7.3235,-0.099,310.344,0.1,0.2135,7.1865000000000006,-0.0935,310.314,0.1,0.17049999999999998,7.117,0.03,310.234,0.1,0.1255,7.133,-0.038000000000000006,310.225,0.1,-0.05750000000000001,7.313000000000001,-0.086,310.217,0.1,-0.39449999999999996,7.406499999999999,-0.116,310.216,0.1,-0.33849999999999997,7.414,-0.1255,310.032,0.101,0.41450000000000004,7.9505,0.23349999999999999,309.382,0.101,1.04,8.2985,-0.016,309.461,0.1,0.8605,8.071,-0.1745,309.302,0.1,0.28200000000000003,7.6035,-0.1115,309.169,0.1,0.1985,7.172000000000001,0.045,309.145,0.102,
0.28049999999999997,7.2765,-0.069,310.511,0.1,0.2375,7.2989999999999995,-0.079,310.52,0.1,0.2885,7.465,-0.0115,310.218,0.101,0.259,7.5215,0.008499999999999999,310.238,0.1,0.086,7.3475,-0.1615,310.412,0.1,0.015,7.209,-0.07350000000000001,310.318,0.1,0.096,7.1285,0.048,310.329,0.1,0.175,7.1265,-0.0995,310.37,0.1,0.035500000000000004,7.329000000000001,-0.113,310.223,0.1,-0.298,7.484999999999999,-0.1495,310.261,0.1,-0.2815,7.608499999999999,-0.1315,310.105,0.1,0.19,8.0735,0.045000000000000005,309.792,0.1,0.5235,8.1715,-0.1215,309.769,0.1,0.29,7.929,-0.059000000000000004,309.514,0.1,-0.1865,7.4405,-0.1615,309.64,0.1,0.057499999999999996,7.448,0.017499999999999998,309.12,0.101,
0.294,7.366,-0.07,310.565,0.1,0.195,7.29,-0.0435,310.616,0.1,0.1385,7.4095,-0.0805,310.529,0.1,-0.018999999999999996,7.435499999999999,-0.14150000000000001,310.494,0.1,-0.1875,7.216,-0.189,310.468,0.1,-0.133,7.2195,-0.052000000000000005,310.384,0.1,0.055499999999999994,7.166,0.006,310.449,0.1,0.22449999999999998,7.1325,-0.16599999999999998,310.457,0.1,0.15,7.32,-0.11049999999999999,310.195,0.1,-0.1995,7.4135,-0.1885,310.271,0.1,-0.2965,7.579,-0.15000000000000002,310.127,0.102,0.02149999999999999,7.8945,-0.0515,309.905,0.1,0.33399999999999996,7.8575,-0.0115,309.77,0.1,0.1835,7.6195,0.0425,309.797,0.1,-0.2185,7.2505,-0.1835,310.118,0.1,0.013500000000000012,7.571,-0.1285,309.491,0.1,
0.27749999999999997,7.3735,-0.044,310.527,0.1,0.1035,7.1395,-0.057999999999999996,310.672,0.1,-0.018500000000000003,7.27,-0.1195,310.723,0.1,-0.11800000000000001,7.394,-0.11399999999999999,310.559,0.1,-0.17099999999999999,7.1795,-0.07100000000000001,310.413,0.1,-0.1075,7.2265,-0.031,310.463,0.1,0.0485,7.1850000000000005,-0.0755,310.545,0.1,0.2625,7.1515,-0.197,310.445,0.1,0.255,7.315,-0.0665,310.151,0.1,-0.10350000000000001,7.2705,-0.222,310.298,0.1,-0.2585,7.4079999999999995,-0.163,310.14,0.1,0.07500000000000001,7.623,-0.064,309.879,0.1,0.491,7.628,0.046,309.807,0.1,0.4185,7.3955,0.029,310.08,0.1,-0.018500000000000003,7.1065000000000005,-0.17049999999999998,310.354,0.1,-0.0695,7.411,-0.2175,309.975,0.1,
0.12,7.2170000000000005,-0.0395,310.415,0.1,-0.0005000000000000004,6.9265,-0.092,310.568,0.1,-0.1445,7.167,-0.127,310.579,0.1,-0.1805,7.3875,-0.1245,310.485,0.1,-0.0775,7.3065,-0.028,310.384,0.1,0.006999999999999999,7.2765,-0.0065,310.451,0.1,0.08499999999999999,7.2115,-0.122,310.553,0.1,0.303,7.189,-0.16449999999999998,310.367,0.1,0.36550000000000005,7.3095,-0.018,310.133,0.1,0.052000000000000005,7.171,-0.2165,310.346,0.1,-0.113,7.272,-0.16,310.227,0.1,0.175,7.4975000000000005,-0.07350000000000001,310.022,0.1,0.5529999999999999,7.622,-0.0375,309.995,0.1,0.5469999999999999,7.457,0.0655,310.114,0.1,0.156,7.1275,-0.07,310.312,0.1,-0.0955,7.188000000000001,-0.172,310.206,0.1,
-0.10750000000000001,7.055,-0.042499999999999996,310.311,0.1,-0.013500000000000002,6.830500000000001,-0.068,310.301,0.1,-0.08750000000000001,7.1385000000000005,-0.11349999999999999,310.264,0.1,-0.267,7.111000000000001,-0.263,310.445,0.1,-0.23850000000000002,7.2235,-0.14250000000000002,310.479,0.1,-0.05650000000000001,7.3255,-0.0665,310.439,0.1,0.1225,7.3325,-0.087,310.437,0.1,0.367,7.2775,-0.035500000000000004,310.254,0.1,0.479,7.3205,0.032,310.197,0.1,0.28200000000000003,7.1485,-0.16099999999999998,310.396,0.1,0.1335,7.2065,-0.137,310.364,0.1,0.283,7.476,-0.14500000000000002,310.312,0.1,0.498,7.7435,-0.078,310.095,0.1,0.4745,7.647,0.1235,310.017,0.1,0.2265,7.242,-0.030500000000000003,310.241,0.1,0.0049999999999999975,7.066,-0.105,310.227,0.1,
-0.159,7.195499999999999,0.0805,310.177,0.1,-0.0165,6.959,0.019,310.147,0.1,-0.005999999999999998,7.109500000000001,-0.14350000000000002,310.162,0.1,-0.085,6.8825,-0.0165,310.017,0.1,-0.14150000000000001,7.025,-0.0355,310.246,0.1,-0.0975,7.3245000000000005,-0.1315,310.447,0.1,0.07949999999999999,7.442,-0.08,310.37,0.1,0.3565,7.397,0.08449999999999999,310.201,0.1,0.533,7.371499999999999,0.078,310.312,0.1,0.506,7.178,-0.0685,310.446,0.1,0.4645,7.147,-0.1105,310.472,0.1,0.5635,7.393000000000001,-0.1875,310.423,0.1,0.641,7.773,-0.0034999999999999996,310.041,0.1,0.438,7.553,-0.041999999999999996,310.093,0.1,0.16949999999999998,7.1274999999999995,-0.1925,310.339,0.1,0.012999999999999998,6.958,-0.11549999999999999,310.181,0.1,
-0.1495,7.379,0.047,310.063,0.1,-0.15,7.087,0.08149999999999999,310.092,0.1,-0.195,7.083,-0.20500000000000002,310.328,0.1,0.154,6.889,0.33399999999999996,309.45,0.1,0.4645,6.98,0.1845,309.728,0.1,0.3355,7.316,-0.048,310.249,0.1,0.139,7.459,-0.10600000000000001,310.362,0.1,0.21600000000000003,7.453,0.0425,310.254,0.1,0.4205,7.406,0.059000000000000004,310.388,0.1,0.5609999999999999,7.201,0.009999999999999998,310.466,0.1,0.7164999999999999,7.111,-0.0935,310.466,0.1,0.8665,7.32,-0.099,310.224,0.1,0.799,7.738,-0.033,310.006,0.1,0.509,7.386,-0.265,310.142,0.1,0.29500000000000004,6.969,-0.067,310.111,0.1,0.135,6.885,-0.1005,309.977,0.1,
-0.0265,7.183,-0.062,310.922,0.1,0.015,7.1585,-0.057499999999999996,310.973,0.1,0.0555,7.2825,-0.022,310.965,0.1,0.076,7.2545,0.012,310.97,0.1,0.073,7.322,-0.047,310.943,0.1,0.002999999999999999,7.5344999999999995,-0.07050000000000001,310.785,0.1,-0.1065,7.4325,-0.0355,310.627,0.1,-0.14300000000000002,7.2585,-0.07150000000000001,310.703,0.1,-0.077,7.393,-0.0375,310.675,0.1,-0.006500000000000001,7.396,-0.081,310.597,0.1,0.1185,7.2330000000000005,-0.1225,310.501,0.1,0.421,7.1615,-0.041,310.388,0.1,0.6775,7.3309999999999995,0.1645,310.303,0.1,0.562,7.2945,0.158,310.511,0.1,0.1915,7.148,-0.037000000000000005,310.605,0.1,-0.058,6.993,-0.093,310.474,0.1,
0.1105,7.3225,-0.07350000000000001,310.843,0.1,0.147,7.21,-0.048499999999999995,310.91,0.1,0.2215,7.33,0.015,310.959,0.1,0.275,7.2835,-0.013500000000000002,311.026,0.1,0.2355,7.3375,-0.0675,310.916,0.1,0.05349999999999999,7.4985,-0.0785,310.763,0.1,-0.127,7.398,-0.0415,310.615,0.1,-0.173,7.257,-0.06,310.61,0.1,-0.14750000000000002,7.3260000000000005,-0.084,310.663,0.1,-0.1255,7.359,-0.1125,310.63,0.1,0.007000000000000006,7.3015,-0.1195,310.436,0.1,0.34400000000000003,7.2535,0.096,310.115,0.1,0.558,7.289,0.22649999999999998,310.22,0.1,0.3345,7.085,0.0925,310.768,0.1,-0.0375,6.9079999999999995,-0.127,310.886,0.1,-0.135,6.86,-0.062,310.516,0.1,
0.20400000000000001,7.4384999999999994,-0.077,310.83,0.1,0.2405,7.349,-0.0155,310.843,0.1,0.3375,7.421,0.051000000000000004,310.937,0.1,0.4065,7.32,-0.009,311.013,0.1,0.33699999999999997,7.335,-0.031,310.85,0.1,0.096,7.385,-0.065,310.756,0.1,-0.12,7.3555,-0.041499999999999995,310.655,0.1,-0.172,7.2735,-0.024,310.546,0.1,-0.14300000000000002,7.221,-0.067,310.584,0.1,-0.11599999999999999,7.333500000000001,-0.0935,310.575,0.1,-0.027,7.4399999999999995,-0.032,310.314,0.1,0.182,7.343,0.14900000000000002,310.082,0.1,0.269,7.1395,0.1185,310.452,0.1,0.051000000000000004,6.8675,-0.05,311.015,0.1,-0.16849999999999998,6.747,-0.1675,311.014,0.1,-0.0875,6.8245000000000005,-0.034,310.595,0.1,
0.2345,7.529999999999999,-0.057499999999999996,310.886,0.1,0.27549999999999997,7.5235,0.016,310.834,0.1,0.34950000000000003,7.5205,0.058499999999999996,310.886,0.1,0.4185,7.3915,0.0225,310.887,0.1,0.3785,7.3405000000000005,0.020499999999999997,310.758,0.1,0.1985,7.293,-0.0335,310.703,0.1,-0.012499999999999997,7.3395,-0.035,310.644,0.1,-0.0935,7.3025,-0.018500000000000003,310.605,0.1,-0.0010000000000000009,7.179,-0.055999999999999994,310.491,0.1,0.08349999999999999,7.298500000000001,-0.065,310.434,0.1,0.020499999999999997,7.41,0.039999999999999994,310.296,0.1,-0.063,7.1129999999999995,-0.0495,310.511,0.1,-0.095,6.8215,-0.123,310.755,0.1,-0.1485,6.682,-0.16749999999999998,310.897,0.1,-0.132,6.696,-0.14500000000000002,310.768,0.1,0.03150000000000001,6.8055,-0.005,310.559,0.1,
0.23299999999999998,7.5735,-0.051000000000000004,310.951,0.1,0.235,7.615,0.015,310.859,0.1,0.2565,7.556,0.0275,310.812,0.1,0.33199999999999996,7.433,0.028,310.735,0.1,0.377,7.311,0.036500000000000005,310.692,0.1,0.345,7.237500000000001,-0.004,310.637,0.1,0.185,7.314500000000001,-0.024999999999999998,310.554,0.1,0.04,7.268,-0.045,310.687,0.1,0.127,7.169499999999999,-0.088,310.496,0.1,0.198,7.2170000000000005,-0.025,310.327,0.1,-0.013499999999999998,7.141,-0.019999999999999997,310.475,0.1,-0.2445,6.6155,-0.24,310.825,0.1,-0.2665,6.4985,-0.1105,310.693,0.1,-0.167,6.59,-0.202,310.479,0.1,0.009500000000000001,6.7895,-0.127,310.259,0.1,0.192,6.873,0.1,310.2,0.1,
0.22649999999999998,7.5455000000000005,-0.0755,310.946,0.1,0.16549999999999998,7.583,-0.0245,310.843,0.1,0.1345,7.477,-0.0055,310.733,0.1,0.2015,7.345000000000001,0.014,310.654,0.1,0.3265,7.2135,0.025500000000000002,310.667,0.1,0.4115,7.179,0.011,310.597,0.1,0.32,7.2235,-0.0245,310.48,0.1,0.162,7.1615,-0.050499999999999996,310.634,0.1,0.158,7.1265,-0.1235,310.559,0.1,0.042499999999999996,7.1345,0.0075,310.372,0.1,-0.253,6.8975,-0.14049999999999999,310.687,0.1,-0.213,6.4395,-0.07999999999999999,310.363,0.101,0.05249999999999999,6.593,0.27949999999999997,310.102,0.101,0.1495,6.721,-0.181,310.079,0.1,0.22799999999999998,7.013999999999999,-0.1355,309.785,0.1,0.346,7.026,0.183,309.775,0.1,
0.20550000000000002,7.4585,-0.106,310.86,0.1,0.10149999999999999,7.4625,-0.09,310.78,0.1,0.045,7.327999999999999,0.005,310.655,0.1,0.089,7.164,0.0365,310.651,0.1,0.23149999999999998,7.0969999999999995,-0.0004999999999999996,310.669,0.1,0.329,7.106,-0.0025,310.596,0.1,0.28500000000000003,7.082,-0.031,310.504,0.1,0.21800000000000003,7.061,-0.027,310.533,0.1,0.16,7.061,-0.1165,310.584,0.1,-0.17300000000000001,7.063000000000001,-0.0065,310.537,0.1,-0.451,6.8675,-0.1835,310.752,0.104,0.025499999999999995,6.834,0.213,309.763,0.102,0.6125,7.1375,0.4805,309.632,0.12,0.617,7.1045,-0.183,309.841,0.1,0.446,7.2825,-0.093,309.479,0.1,0.35950000000000004,7.074,0.1275,309.672,0.1,
0.11800000000000001,7.321,-0.10450000000000001,310.805,0.1,0.005500000000000001,7.309,-0.1075,310.736,0.1,-0.0225,7.234,0.0375,310.581,0.1,0.027000000000000003,7.069,0.0795,310.674,0.1,0.126,7.0489999999999995,-0.045,310.701,0.1,0.1725,7.051,-0.041999999999999996,310.629,0.1,0.1655,6.978,-0.015,310.593,0.1,0.21250000000000002,7.015499999999999,-0.006,310.53,0.1,0.1645,7.038,-0.084,310.573,0.1,-0.253,6.998,-0.045,310.663,0.1,-0.46799999999999997,6.9415,-0.163,310.767,0.102,0.15850000000000003,7.3245,0.26849999999999996,309.758,0.118,0.78,7.6274999999999995,0.22949999999999998,309.774,0.102,0.734,7.527,-0.196,309.758,0.1,0.43399999999999994,7.4765,-0.008999999999999998,309.411,0.1,0.235,7.016,0.0325,309.812,0.1,
-0.0295,7.151,-0.079,310.862,0.1,-0.1255,7.1685,-0.07250000000000001,310.775,0.1,-0.09999999999999999,7.224,0.020499999999999997,310.575,0.1,-0.020999999999999998,7.1475,0.069,310.66,0.1,0.023,7.1,-0.0795,310.742,0.1,0.039,7.0485,-0.07,310.676,0.1,0.08,6.9605,0.024,310.673,0.1,0.1715,6.997,-0.03,310.662,0.1,0.1395,7.066,-0.0865,310.564,0.1,-0.2125,6.9864999999999995,-0.07200000000000001,310.675,0.1,-0.38349999999999995,6.9855,-0.15649999999999997,310.791,0.101,0.061,7.4955,0.11649999999999999,310.195,0.1,0.48250000000000004,7.737,-0.0755,310.189,0.1,0.3935,7.6995000000000005,-0.14750000000000002,309.855,0.1,0.0685,7.461,0.002999999999999999,309.716,0.1,0.051000000000000004,7.0685,0.003000000000000001,309.878,0.101,
-0.11199999999999999,7.023,-0.079,310.935,0.1,-0.212,7.0595,-0.041499999999999995,310.871,0.1,-0.2005,7.1905,-0.036500000000000005,310.71,0.1,-0.1285,7.2595,-0.0185,310.684,0.1,-0.0995,7.175,-0.1145,310.78,0.1,-0.0475,7.0885,-0.061,310.738,0.1,0.0375,6.987,0.036500000000000005,310.758,0.1,0.10849999999999999,6.963,-0.11,310.816,0.1,0.0785,7.0969999999999995,-0.121,310.546,0.1,-0.17099999999999999,7.0365,-0.0845,310.621,0.1,-0.3005,7.019,-0.16649999999999998,310.741,0.1,-0.0345,7.4355,-0.031000000000000003,310.46,0.1,0.252,7.6,-0.133,310.337,0.1,0.125,7.567,-0.009000000000000001,310.04,0.1,-0.256,7.2055,-0.054,310.305,0.1,-0.095,7.189,-0.05,309.995,0.1,
-0.10149999999999999,6.993,-0.08149999999999999,310.915,0.1,-0.1965,6.9905,-0.0225,310.908,0.1,-0.2495,7.1005,-0.082,310.901,0.1,-0.248,7.252000000000001,-0.127,310.844,0.1,-0.2155,7.178,-0.1345,310.823,0.1,-0.104,7.1165,-0.041999999999999996,310.816,0.1,0.014,7.0,0.0015,310.84,0.1,0.0785,6.9239999999999995,-0.1915,310.86,0.1,0.051500000000000004,7.115,-0.1275,310.513,0.1,-0.1685,7.0825,-0.1075,310.597,0.1,-0.2835,7.0634999999999994,-0.17149999999999999,310.676,0.101,-0.0305,7.352,-0.09,310.446,0.1,0.32799999999999996,7.4525,-0.024,310.257,0.1,0.2865,7.3335,0.0935,310.224,0.1,-0.14300000000000002,6.9,-0.0905,310.705,0.1,-0.1405,7.1145,-0.16599999999999998,310.372,0.1,
-0.089,7.047,-0.034,310.826,0.1,-0.158,6.957,-0.0495,310.907,0.1,-0.20650000000000002,7.0595,-0.10400000000000001,310.952,0.1,-0.23099999999999998,7.232,-0.0955,310.889,0.1,-0.2155,7.162,-0.0535,310.822,0.1,-0.1225,7.1129999999999995,-0.027000000000000003,310.863,0.1,-0.007999999999999997,6.999499999999999,-0.07,310.896,0.1,0.1125,6.9295,-0.23049999999999998,310.82,0.1,0.1385,7.1405,-0.08399999999999999,310.481,0.1,-0.09100000000000001,7.086,-0.1425,310.657,0.1,-0.2265,7.076499999999999,-0.1675,310.697,0.1,0.0605,7.305,-0.08399999999999999,310.45,0.1,0.5045,7.4075,0.02,310.297,0.1,0.5605,7.218,0.05500000000000001,310.428,0.1,0.1365,6.769,-0.0975,310.773,0.1,-0.14,6.877,-0.21,310.649,0.1,
-0.175,7.12,-0.012499999999999999,310.757,0.1,-0.185,6.973,-0.0955,310.866,0.1,-0.1865,7.1425,-0.10550000000000001,310.826,0.1,-0.185,7.279,-0.067,310.794,0.1,-0.16449999999999998,7.202500000000001,-0.016,310.814,0.1,-0.104,7.1355,-0.0115,310.835,0.1,-0.010500000000000002,7.039,-0.13,310.907,0.1,0.192,7.0009999999999994,-0.20500000000000002,310.744,0.1,0.328,7.1815,-0.0285,310.484,0.1,0.124,7.0725,-0.1515,310.741,0.1,-0.069,7.036,-0.1505,310.796,0.1,0.1295,7.266500000000001,-0.09,310.622,0.1,0.51,7.468999999999999,-0.073,310.476,0.1,0.6065,7.324,0.0645,310.447,0.1,0.262,6.875500000000001,-0.025500000000000002,310.663,0.1,-0.106,6.747,-0.14400000000000002,310.663,0.1,
-0.3685,7.144500000000001,-0.033,310.785,0.1,-0.22749999999999998,7.0440000000000005,-0.07200000000000001,310.753,0.1,-0.1805,7.2625,-0.0905,310.674,0.1,-0.2495,7.1955,-0.20550000000000002,310.798,0.1,-0.24,7.189500000000001,-0.1105,310.846,0.1,-0.1225,7.2035,-0.0535,310.816,0.1,0.0235,7.168,-0.10300000000000001,310.811,0.1,0.2905,7.127,-0.081,310.639,0.1,0.504,7.2379999999999995,0.022,310.562,0.1,0.37,7.062,-0.121,310.798,0.1,0.1515,6.9625,-0.123,310.875,0.1,0.1985,7.1975,-0.157,310.809,0.1,0.41800000000000004,7.552,-0.1105,310.509,0.1,0.48450000000000004,7.528499999999999,0.14850000000000002,310.33,0.1,0.2535,7.0955,0.024999999999999998,310.591,0.1,-0.034999999999999996,6.7940000000000005,-0.079,310.615,0.1,
-0.4215,7.2005,0.058,310.756,0.1,-0.2705,7.122,0.0029999999999999996,310.725,0.1,-0.216,7.2425,-0.108,310.696,0.1,-0.2405,7.067500000000001,-0.0915,310.601,0.1,-0.2205,7.1265,-0.0705,310.723,0.1,-0.132,7.26,-0.1185,310.818,0.1,0.041,7.309,-0.048,310.701,0.1,0.34400000000000003,7.2940000000000005,0.07100000000000001,310.574,0.1,0.5605,7.3095,0.07150000000000001,310.673,0.1,0.4985,7.0504999999999995,-0.06,310.822,0.1,0.3745,6.9025,-0.10350000000000001,310.878,0.1,0.409,7.1105,-0.197,310.771,0.1,0.485,7.5615000000000006,0.008,310.365,0.1,0.3695,7.506,0.0255,310.44,0.1,0.145,7.1645,-0.1335,310.724,0.1,-0.0295,6.886,-0.0885,310.583,0.1,
-0.27749999999999997,7.262,0.0695,310.563,0.1,-0.27349999999999997,7.155,0.067,310.644,0.1,-0.3535,7.176,-0.16499999999999998,310.894,0.1,-0.1785,7.049,0.16,310.287,0.1,0.038,7.109,0.062,310.479,0.1,0.056499999999999995,7.277,-0.07050000000000001,310.659,0.1,0.082,7.36,-0.0435,310.672,0.1,0.274,7.386,0.086,310.597,0.1,0.4355,7.348,0.081,310.718,0.1,0.456,7.044,0.0075,310.79,0.1,0.539,6.883,-0.0965,310.787,0.1,0.69,7.069,-0.11649999999999999,310.508,0.1,0.6325000000000001,7.54,0.059,310.29,0.1,0.3225,7.393,-0.23349999999999999,310.63,0.1,0.1135,7.123,-0.11699999999999999,310.708,0.1,0.0475,6.924,-0.09,310.447,0.1,
-0.39249999999999996,6.846500000000001,-0.056,311.241,0.1,-0.23199999999999998,6.8870000000000005,-0.046,311.237,0.1,-0.137,7.0835,-0.0145,311.262,0.1,-0.16549999999999998,7.072,0.0085,311.327,0.1,-0.22849999999999998,7.124499999999999,-0.06,311.218,0.1,-0.2505,7.365,-0.0615,311.023,0.1,-0.2265,7.327,-0.021,310.976,0.1,-0.16,7.2675,-0.057999999999999996,311.113,0.1,-0.0925,7.427,-0.064,311.101,0.1,-0.055,7.4735,-0.0795,311.0,0.1,0.0535,7.3155,-0.1285,310.959,0.1,0.3735,7.228,-0.0755,310.801,0.1,0.6719999999999999,7.288,0.14950000000000002,310.595,0.1,0.569,7.112500000000001,0.21050000000000002,310.785,0.1,0.1685,6.9544999999999995,0.025500000000000002,310.94,0.1,-0.1305,6.926,-0.0745,310.929,0.1,
-0.25,7.1185,-0.065,311.176,0.1,0.043,7.161,-0.0265,311.147,0.1,0.15749999999999997,7.236000000000001,0.015,311.296,0.1,0.0955,7.086,-0.0245,311.379,0.1,-0.006999999999999999,7.131,-0.074,311.142,0.1,-0.1555,7.358499999999999,-0.052000000000000005,311.016,0.1,-0.23049999999999998,7.285,-0.024,311.033,0.1,-0.157,7.2010000000000005,-0.039999999999999994,311.036,0.1,-0.0985,7.221,-0.081,311.055,0.1,-0.116,7.294499999999999,-0.1125,311.052,0.1,-0.057,7.24,-0.1385,310.93,0.1,0.23700000000000002,7.205500000000001,0.06,310.535,0.1,0.5145,7.2605,0.22349999999999998,310.539,0.1,0.38549999999999995,7.007,0.1585,311.116,0.1,-0.005499999999999991,6.845,-0.08,311.409,0.1,-0.1945,6.843500000000001,-0.0795,311.172,0.1,
-0.1915,7.3725000000000005,-0.0725,311.229,0.1,0.13699999999999998,7.427,0.0045000000000000005,311.162,0.1,0.284,7.377000000000001,0.047,311.328,0.1,0.26849999999999996,7.116,-0.022,311.345,0.1,0.178,7.1345,-0.0295,311.062,0.1,-0.060000000000000005,7.2364999999999995,-0.034999999999999996,311.05,0.1,-0.2545,7.212,-0.024,311.114,0.1,-0.21349999999999997,7.177,-0.0055,311.02,0.1,-0.1215,7.0565,-0.057999999999999996,310.993,0.1,-0.1405,7.172,-0.0995,311.014,0.1,-0.109,7.291499999999999,-0.035500000000000004,310.773,0.1,0.135,7.3185,0.1655,310.467,0.1,0.322,7.2015,0.1455,310.856,0.1,0.165,6.906499999999999,-0.005999999999999999,311.505,0.1,-0.137,6.744,-0.153,311.678,0.1,-0.1905,6.793,-0.06,311.346,0.1,
-0.1815,7.504,-0.058499999999999996,311.322,0.1,0.094,7.572,0.0335,311.217,0.1,0.2255,7.4405,0.054,311.309,0.1,0.27349999999999997,7.1915,0.011,311.21,0.1,0.2505,7.1715,0.026000000000000002,311.006,0.1,0.07749999999999999,7.148,-0.012,311.034,0.1,-0.1505,7.201499999999999,-0.014499999999999999,311.056,0.1,-0.20950000000000002,7.195,0.0025,311.106,0.1,-0.07500000000000001,7.08,-0.0535,310.974,0.1,-0.016,7.208,-0.0635,310.888,0.1,-0.0795,7.33,0.0915,310.704,0.1,-0.0445,7.2525,0.0105,310.985,0.1,0.034,7.031000000000001,-0.081,311.282,0.1,-0.037,6.775,-0.1485,311.495,0.1,-0.147,6.6594999999999995,-0.158,311.446,0.1,-0.10899999999999999,6.7015,-0.0245,311.264,0.1,
-0.16549999999999998,7.5075,-0.0495,311.342,0.1,0.0,7.5920000000000005,0.028499999999999998,311.22,0.1,0.08,7.428,0.0305,311.2,0.1,0.167,7.2605,0.0285,311.064,0.1,0.2195,7.1815,0.0415,311.007,0.1,0.21050000000000002,7.131,0.004,310.988,0.1,0.09050000000000001,7.2245,0.001,310.878,0.1,-0.052500000000000005,7.1495,-0.0145,311.116,0.1,0.0355,7.1585,-0.089,311.043,0.1,0.153,7.278499999999999,-0.020499999999999997,310.826,0.1,-0.028999999999999998,7.185,0.0675,310.959,0.1,-0.294,6.7805,-0.2265,311.534,0.1,-0.3075,6.729,-0.1355,311.408,0.1,-0.1855,6.6785,-0.1965,311.094,0.1,-0.060500000000000005,6.69,-0.14900000000000002,310.858,0.1,0.051,6.6855,0.08399999999999999,310.775,0.1,
-0.126,7.4655000000000005,-0.0675,311.24,0.1,-0.078,7.5440000000000005,-0.0165,311.146,0.1,-0.0475,7.3695,0.0065,311.05,0.1,0.0355,7.2265,0.0305,310.994,0.1,0.1325,7.106,0.0275,311.032,0.1,0.23399999999999999,7.103,0.011,310.937,0.1,0.254,7.151,0.0045000000000000005,310.768,0.1,0.175,7.021000000000001,-0.0165,310.953,0.1,0.1815,7.1075,-0.1245,311.1,0.1,0.1365,7.242,0.011,310.942,0.1,-0.14400000000000002,6.977,-0.0695,311.335,0.1,-0.3275,6.431,-0.16799999999999998,311.21,0.1,-0.2465,6.6525,0.148,310.911,0.1,-0.11800000000000001,6.721500000000001,-0.193,310.696,0.1,0.03899999999999999,6.849500000000001,-0.14400000000000002,310.276,0.1,0.193,6.817,0.191,310.214,0.1,
-0.1125,7.423,-0.091,311.121,0.1,-0.1705,7.4435,-0.077,311.075,0.1,-0.1885,7.265000000000001,0.007,310.966,0.1,-0.1305,7.0685,0.0495,311.029,0.1,-0.0024999999999999953,6.979,0.002,311.05,0.1,0.11499999999999999,7.0155,0.001,310.909,0.1,0.2005,6.964,-0.0085,310.834,0.1,0.3185,6.908,-0.0005,310.821,0.1,0.324,6.9435,-0.119,311.059,0.1,-0.04299999999999998,7.0440000000000005,0.0075,311.137,0.1,-0.4105,6.8774999999999995,-0.1485,311.504,0.1,-0.1765,6.6955,0.0665,310.549,0.1,0.1455,6.9795,0.3155,310.381,0.102,0.11499999999999999,6.9315,-0.2075,310.462,0.1,0.107,7.0795,-0.07150000000000001,309.891,0.1,0.17049999999999998,6.9315,0.16699999999999998,310.101,0.1,
-0.20199999999999999,7.303,-0.08449999999999999,311.131,0.1,-0.3345,7.282,-0.0815,311.06,0.1,-0.384,7.15,0.018000000000000002,310.979,0.1,-0.33499999999999996,6.902,0.056499999999999995,311.132,0.1,-0.175,6.8774999999999995,-0.0435,311.094,0.1,-0.051000000000000004,6.925000000000001,-0.031,310.944,0.1,0.058499999999999996,6.814500000000001,-0.0085,310.993,0.1,0.3255,6.8725000000000005,0.008,310.886,0.1,0.405,6.824,-0.0875,310.97,0.1,-0.10350000000000001,6.759,-0.0195,311.219,0.1,-0.521,6.7735,-0.15200000000000002,311.564,0.1,-0.165,7.093500000000001,0.1345,310.546,0.101,0.1835,7.250500000000001,0.11399999999999999,310.565,0.1,0.134,7.208,-0.2055,310.344,0.1,0.08449999999999999,7.3065,0.05,309.828,0.1,0.0495,6.943,0.058499999999999996,310.373,0.1,
-0.38749999999999996,7.051,-0.0675,311.273,0.1,-0.5365,7.0605,-0.0415,311.125,0.1,-0.565,7.051,-0.005,311.061,0.1,-0.47750000000000004,6.8795,0.021,311.169,0.1,-0.29400000000000004,6.8755,-0.07350000000000001,311.139,0.1,-0.1355,6.911,-0.0605,311.038,0.1,-0.011999999999999997,6.803,0.015,311.112,0.1,0.217,6.8605,-0.025500000000000002,311.1,0.1,0.33699999999999997,6.818,-0.089,310.91,0.1,-0.0305,6.5665,-0.037500000000000006,311.135,0.1,-0.429,6.5575,-0.16099999999999998,311.551,0.1,-0.2935,7.041,0.0235,311.009,0.1,-0.0755,7.176,-0.123,310.917,0.1,-0.074,7.328,-0.13,310.407,0.1,-0.14600000000000002,7.319,0.091,310.263,0.1,-0.0975,6.965,-0.0185,310.611,0.1,
-0.504,6.7695,-0.0835,311.357,0.1,-0.661,6.82,-0.02,311.222,0.1,-0.6890000000000001,6.916,-0.049,311.201,0.1,-0.516,6.997,-0.0395,311.13,0.1,-0.2855,7.0024999999999995,-0.0905,311.148,0.1,-0.111,6.967499999999999,-0.0615,311.158,0.1,-0.022000000000000002,6.843,0.0205,311.187,0.1,0.042,6.799,-0.1125,311.263,0.1,0.1215,6.8645,-0.127,310.87,0.1,-0.044,6.587,-0.0375,310.981,0.1,-0.3195,6.43,-0.1765,311.377,0.1,-0.2595,6.798,-0.087,311.127,0.1,-0.020499999999999997,7.0285,-0.15000000000000002,310.905,0.1,-0.0405,7.204000000000001,0.018000000000000002,310.566,0.1,-0.326,6.9704999999999995,0.0405,310.971,0.1,-0.248,6.9305,-0.087,310.87,0.1,
-0.4955,6.6215,-0.088,311.265,0.1,-0.5865,6.6935,-0.012,311.201,0.1,-0.6375,6.7915,-0.08,311.274,0.1,-0.47750000000000004,7.068,-0.1175,311.195,0.1,-0.246,7.1355,-0.10400000000000001,311.179,0.1,-0.0795,7.01,-0.044,311.247,0.1,-0.031,6.8309999999999995,-0.01,311.23,0.1,-0.069,6.7145,-0.2025,311.263,0.1,-0.047,6.9085,-0.14300000000000002,310.832,0.1,-0.137,6.751,-0.0505,310.923,0.1,-0.27049999999999996,6.5489999999999995,-0.175,311.224,0.1,-0.08249999999999999,6.8095,-0.1195,310.988,0.1,0.322,7.048,-0.0485,310.745,0.1,0.39,7.0465,0.11449999999999999,310.652,0.1,-0.0665,6.5485,-0.008499999999999999,311.292,0.1,-0.29400000000000004,6.6585,-0.1735,311.254,0.1,
-0.4555,6.721500000000001,-0.0285,311.125,0.1,-0.42,6.776,-0.041999999999999996,311.144,0.1,-0.395,6.8485,-0.093,311.182,0.1,-0.346,7.067500000000001,-0.088,311.218,0.1,-0.264,7.134,-0.0485,311.229,0.1,-0.14200000000000002,6.9935,-0.031,311.26,0.1,-0.068,6.811999999999999,-0.07150000000000001,311.247,0.1,-0.03900000000000001,6.7055,-0.25,311.196,0.1,0.022,6.963,-0.1075,310.813,0.1,-0.0785,6.9015,-0.087,311.016,0.1,-0.1945,6.7455,-0.162,311.254,0.1,0.046500000000000014,6.9864999999999995,-0.10400000000000001,311.022,0.1,0.518,7.188,-0.016,310.787,0.1,0.7025,7.04,0.0585,310.777,0.1,0.29100000000000004,6.4305,-0.0375,311.192,0.1,-0.211,6.343500000000001,-0.1845,311.323,0.1,
-0.469,7.023,0.001,311.098,0.1,-0.371,7.019500000000001,-0.096,311.164,0.1,-0.236,7.1165,-0.0955,311.075,0.1,-0.2,7.1645,-0.037000000000000005,311.103,0.1,-0.257,7.0895,-0.018,311.239,0.1,-0.21750000000000003,6.9885,-0.024,311.217,0.1,-0.1085,6.866,-0.138,311.26,0.1,0.078,6.810499999999999,-0.23349999999999999,311.122,0.1,0.289,7.051,-0.053,310.836,0.1,0.196,6.974,-0.1075,311.137,0.1,-0.025500000000000002,6.8004999999999995,-0.137,311.365,0.1,0.08349999999999999,7.035,-0.10550000000000001,311.222,0.1,0.4665,7.3165,-0.1085,310.956,0.1,0.666,7.1915,0.05,310.781,0.1,0.3675,6.623,0.007000000000000001,311.015,0.1,-0.117,6.3065,-0.1125,311.12,0.1,
-0.63,7.234,-0.0315,311.258,0.1,-0.4425,7.2575,-0.08199999999999999,311.205,0.1,-0.278,7.3855,-0.08349999999999999,311.083,0.1,-0.241,7.276,-0.16049999999999998,311.15,0.1,-0.249,7.149,-0.0935,311.213,0.1,-0.192,7.079,-0.057,311.193,0.1,-0.0775,7.003500000000001,-0.122,311.184,0.1,0.2115,6.975,-0.119,311.024,0.1,0.527,7.1545000000000005,-0.002,310.926,0.1,0.4575,6.9755,-0.093,311.2,0.1,0.16899999999999998,6.718999999999999,-0.10850000000000001,311.387,0.1,0.11349999999999999,6.9190000000000005,-0.1635,311.307,0.1,0.3375,7.3605,-0.136,310.924,0.1,0.494,7.41,0.155,310.644,0.1,0.28,6.9495000000000005,0.06,310.941,0.1,-0.075,6.5225,-0.058499999999999996,311.004,0.1,
-0.6845,7.2055,0.032,311.335,0.1,-0.525,7.285,-0.0195,311.304,0.1,-0.4255,7.3759999999999994,-0.08299999999999999,311.229,0.1,-0.396,7.2524999999999995,-0.1285,311.185,0.1,-0.3,7.2255,-0.089,311.198,0.1,-0.167,7.1955,-0.11549999999999999,311.188,0.1,0.0010000000000000009,7.176,-0.038,311.032,0.1,0.33,7.191000000000001,0.0435,310.947,0.1,0.5875,7.248,0.054000000000000006,311.034,0.1,0.491,6.922499999999999,-0.051000000000000004,311.198,0.1,0.2845,6.6579999999999995,-0.0985,311.285,0.1,0.254,6.827999999999999,-0.2015,311.119,0.1,0.3285,7.35,0.016,310.69,0.1,0.301,7.458500000000001,0.0785,310.788,0.1,0.121,7.202,-0.0865,311.109,0.1,-0.071,6.815,-0.0755,310.985,0.1,
-0.405,7.145,0.069,311.064,0.1,-0.3975,7.223,0.0405,311.195,0.1,-0.5125000000000001,7.27,-0.123,311.46,0.1,-0.511,7.209,0.049499999999999995,311.124,0.1,-0.389,7.239,-0.015,311.231,0.1,-0.223,7.238,-0.08449999999999999,311.069,0.1,0.025499999999999995,7.261,-0.0025,310.983,0.1,0.33199999999999996,7.32,0.1,310.941,0.1,0.4495,7.291,0.088,311.048,0.1,0.3505,6.886,0.0055,311.113,0.1,0.362,6.655,-0.10350000000000001,311.108,0.1,0.514,6.818,-0.133,310.793,0.1,0.46599999999999997,7.342,0.126,310.575,0.1,0.1355,7.4,-0.187,311.117,0.1,-0.0685,7.277,-0.137,311.305,0.1,-0.0395,6.964,-0.0915,310.916,0.1,
-0.7605,6.6285,-0.0605,311.62,0.1,-0.6134999999999999,6.6985,-0.0505,311.585,0.1,-0.5075000000000001,6.868,-0.0195,311.578,0.1,-0.494,6.872999999999999,-0.0005,311.613,0.1,-0.5265,6.8975,-0.07050000000000001,311.54,0.1,-0.5415000000000001,7.048,-0.05,311.389,0.1,-0.5105,6.9945,-0.006500000000000001,311.374,0.1,-0.435,6.966,-0.054,311.485,0.1,-0.362,7.115,-0.078,311.458,0.1,-0.331,7.172,-0.078,311.383,0.1,-0.251,7.013,-0.131,311.376,0.1,0.006000000000000005,6.9079999999999995,-0.1105,311.244,0.1,0.236,6.922499999999999,0.116,311.062,0.1,0.12349999999999998,6.7515,0.2455,311.248,0.1,-0.22799999999999998,6.5835,0.0885,311.457,0.1,-0.476,6.5344999999999995,-0.0435,311.484,0.1,
-0.6575,6.8205,-0.065,311.561,0.1,-0.4165,6.898,-0.028,311.503,0.1,-0.28900000000000003,6.9765,0.0034999999999999996,311.584,0.1,-0.2905,6.89,-0.031,311.624,0.1,-0.3415,6.9175,-0.0735,311.444,0.1,-0.4305,7.0675,-0.019999999999999997,311.346,0.1,-0.46599999999999997,6.975,-0.004,311.406,0.1,-0.395,6.9265,-0.033,311.426,0.1,-0.3395,6.9830000000000005,-0.0745,311.418,0.1,-0.379,7.047,-0.107,311.414,0.1,-0.388,6.9325,-0.14200000000000002,311.353,0.1,-0.178,6.841,0.0225,311.053,0.1,0.0635,6.8765,0.2,311.047,0.1,-0.026499999999999996,6.673500000000001,0.201,311.532,0.1,-0.35650000000000004,6.519,-0.0275,311.831,0.1,-0.529,6.509,-0.0775,311.679,0.1,
-0.5935,7.002000000000001,-0.074,311.576,0.1,-0.3345,7.066,-0.0025,311.491,0.1,-0.1875,7.04,0.0325,311.585,0.1,-0.162,6.872,-0.0285,311.579,0.1,-0.201,6.892,-0.023,311.362,0.1,-0.3365,6.970000000000001,-0.0009999999999999992,311.357,0.1,-0.445,6.9190000000000005,-0.0085,311.445,0.1,-0.402,6.8759999999999994,0.0,311.405,0.1,-0.3365,6.8165,-0.051500000000000004,311.389,0.1,-0.3965,6.919,-0.098,311.382,0.1,-0.4515,6.9205000000000005,-0.03,311.214,0.1,-0.294,6.867,0.164,311.004,0.1,-0.11,6.818,0.1475,311.314,0.1,-0.1945,6.599,0.026000000000000002,311.83,0.1,-0.4385,6.46,-0.1285,311.996,0.1,-0.507,6.5035,-0.07300000000000001,311.762,0.1,
-0.5665,7.1045,-0.067,311.615,0.1,-0.35,7.144,0.0265,311.513,0.1,-0.2195,7.0355,0.041999999999999996,311.566,0.1,-0.1585,6.859999999999999,0.0015,311.486,0.1,-0.1555,6.861000000000001,0.032,311.326,0.1,-0.247,6.862,0.007500000000000001,311.361,0.1,-0.3655,6.8955,-0.004,311.384,0.1,-0.383,6.845000000000001,0.014,311.451,0.1,-0.303,6.749499999999999,-0.0565,311.398,0.1,-0.31,6.8835,-0.0605,311.29,0.1,-0.4085,6.9125,0.1295,311.143,0.1,-0.3975,6.7865,0.067,311.41,0.1,-0.316,6.682,-0.053000000000000005,311.659,0.1,-0.347,6.502000000000001,-0.133,311.827,0.1,-0.43300000000000005,6.414,-0.1635,311.792,0.1,-0.40800000000000003,6.4605,-0.041,311.638,0.1,
-0.55,7.117,-0.055499999999999994,311.602,0.1,-0.41300000000000003,7.1535,0.031,311.507,0.1,-0.3245,7.0009999999999994,0.0275,311.503,0.1,-0.235,6.8645,0.0215,311.402,0.1,-0.1835,6.8175,0.042499999999999996,311.351,0.1,-0.184,6.7965,0.008,311.352,0.1,-0.2345,6.880000000000001,0.0155,311.261,0.1,-0.2975,6.7865,0.006999999999999999,311.454,0.1,-0.2485,6.7509999999999994,-0.095,311.456,0.1,-0.1965,6.8919999999999995,-0.018000000000000002,311.257,0.1,-0.34149999999999997,6.7835,0.135,311.364,0.1,-0.5389999999999999,6.4285,-0.178,311.861,0.1,-0.5515,6.4465,-0.1375,311.764,0.1,-0.4625,6.426500000000001,-0.1895,311.534,0.1,-0.368,6.445,-0.17099999999999999,311.337,0.1,-0.2615,6.4495000000000005,0.0595,311.233,0.1,
-0.5285,7.0794999999999995,-0.058499999999999996,311.513,0.1,-0.473,7.1205,-0.0009999999999999996,311.454,0.1,-0.42000000000000004,6.964,0.015,311.404,0.1,-0.326,6.8375,0.0335,311.37,0.1,-0.242,6.7485,0.0205,311.396,0.1,-0.1895,6.749499999999999,0.006999999999999999,311.331,0.1,-0.1755,6.791,0.028,311.215,0.1,-0.2005,6.6835,0.004,311.369,0.1,-0.185,6.7125,-0.1275,311.498,0.1,-0.20600000000000002,6.859999999999999,0.015,311.353,0.1,-0.402,6.609,-0.0005000000000000004,311.691,0.1,-0.5575,6.145,-0.21150000000000002,311.671,0.1,-0.5095,6.3715,0.065,311.384,0.1,-0.41800000000000004,6.445,-0.1905,311.221,0.1,-0.2975,6.553,-0.159,310.868,0.1,-0.146,6.5235,0.1775,310.783,0.1,
-0.523,7.0245,-0.0685,311.434,0.1,-0.5475000000000001,7.035500000000001,-0.0505,311.417,0.1,-0.526,6.897,0.0175,311.349,0.1,-0.4415,6.7415,0.0545,311.404,0.1,-0.3305,6.67,-0.01,311.426,0.1,-0.27,6.693,-0.003,311.317,0.1,-0.2425,6.6355,0.014499999999999999,311.301,0.1,-0.162,6.593500000000001,0.0085,311.322,0.1,-0.128,6.624499999999999,-0.1235,311.472,0.1,-0.333,6.739,0.022,311.498,0.1,-0.5815,6.5295000000000005,-0.0965,311.826,0.1,-0.4465,6.3075,-0.050499999999999996,311.188,0.1,-0.222,6.5969999999999995,0.1965,310.963,0.1,-0.255,6.577500000000001,-0.2105,311.022,0.1,-0.26,6.6895,-0.067,310.539,0.1,-0.16999999999999998,6.568,0.186,310.697,0.1,
-0.5715,6.924,-0.0615,311.452,0.1,-0.6625,6.904,-0.05500000000000001,311.424,0.1,-0.671,6.805,0.017,311.379,0.1,-0.5905,6.628,0.0455,311.494,0.1,-0.4475,6.608,-0.0545,311.467,0.1,-0.3625,6.6395,-0.033,311.345,0.1,-0.3215,6.5245,-0.001,311.425,0.1,-0.1715,6.558,0.0085,311.384,0.1,-0.099,6.5615000000000006,-0.0945,311.417,0.1,-0.391,6.557,0.004,311.561,0.1,-0.658,6.474,-0.1165,311.855,0.1,-0.41550000000000004,6.609,0.023,311.142,0.1,-0.1725,6.792,0.032499999999999994,311.082,0.1,-0.2435,6.759,-0.2065,310.903,0.1,-0.2925,6.811999999999999,0.0785,310.481,0.1,-0.279,6.5125,0.08499999999999999,310.935,0.1,
-0.6719999999999999,6.763,-0.054,311.551,0.1,-0.7805,6.757,-0.0245,311.467,0.1,-0.7929999999999999,6.7245,-0.010499999999999999,311.457,0.1,-0.6950000000000001,6.603,-0.0045000000000000005,311.537,0.1,-0.528,6.603,-0.081,311.497,0.1,-0.395,6.6245,-0.0655,311.413,0.1,-0.318,6.5205,0.0034999999999999996,311.486,0.1,-0.2025,6.5425,-0.0245,311.515,0.1,-0.1385,6.546,-0.0935,311.382,0.1,-0.362,6.404,-0.0125,311.515,0.1,-0.607,6.3335,-0.1375,311.841,0.1,-0.48750000000000004,6.6165,-0.0445,311.441,0.1,-0.3255,6.7485,-0.15799999999999997,311.319,0.1,-0.35750000000000004,6.853,-0.1225,310.898,0.1,-0.441,6.8,0.1505,310.809,0.1,-0.40349999999999997,6.4605,-0.0175,311.142,0.1,
-0.7370000000000001,6.6015,-0.0825,311.603,0.1,-0.8380000000000001,6.6255,-0.0145,311.515,0.1,-0.858,6.6455,-0.048,311.548,0.1,-0.7175,6.6825,-0.054,311.508,0.1,-0.522,6.682,-0.0895,311.496,0.1,-0.3645,6.65,-0.07400000000000001,311.493,0.1,-0.27949999999999997,6.552,-0.0004999999999999996,311.51,0.1,-0.263,6.4945,-0.107,311.597,0.1,-0.2525,6.541,-0.1315,311.35,0.1,-0.3745,6.3575,-0.009,311.42,0.1,-0.5509999999999999,6.2155000000000005,-0.161,311.73,0.1,-0.4745,6.471500000000001,-0.1215,311.512,0.1,-0.267,6.6665,-0.1725,311.286,0.1,-0.272,6.811,0.020999999999999998,310.966,0.1,-0.5155000000000001,6.5745000000000005,0.1205,311.328,0.1,-0.5125,6.4190000000000005,-0.0915,311.326,0.1,
-0.748,6.511,-0.09,311.539,0.1,-0.7809999999999999,6.564,-0.012,311.487,0.1,-0.8065,6.59,-0.074,311.575,0.1,-0.6859999999999999,6.7385,-0.113,311.538,0.1,-0.497,6.763999999999999,-0.0975,311.512,0.1,-0.3405,6.664,-0.058499999999999996,311.549,0.1,-0.275,6.531499999999999,-0.027999999999999997,311.533,0.1,-0.3185,6.4239999999999995,-0.2,311.584,0.1,-0.345,6.5385,-0.157,311.307,0.1,-0.4215,6.411,-0.0175,311.38,0.1,-0.517,6.2490000000000006,-0.1605,311.622,0.1,-0.3695,6.475,-0.14,311.412,0.1,-0.027999999999999997,6.709,-0.086,311.159,0.1,0.0715,6.7625,0.10400000000000001,311.014,0.1,-0.28350000000000003,6.3295,0.0625,311.547,0.1,-0.526,6.276,-0.14900000000000002,311.577,0.1,
-0.7464999999999999,6.546,-0.028,311.457,0.1,-0.6805,6.602499999999999,-0.035500000000000004,311.46,0.1,-0.6485000000000001,6.633,-0.0865,311.498,0.1,-0.603,6.743,-0.0915,311.532,0.1,-0.5125,6.757,-0.055,311.539,0.1,-0.389,6.637499999999999,-0.0435,311.56,0.1,-0.3235,6.487500000000001,-0.0805,311.56,0.1,-0.3255,6.3975,-0.2565,311.539,0.1,-0.3025,6.5725,-0.136,311.267,0.1,-0.36,6.5024999999999995,-0.055499999999999994,311.428,0.1,-0.4365,6.3655,-0.14550000000000002,311.618,0.1,-0.271,6.5905000000000005,-0.1235,311.428,0.1,0.0995,6.8335,-0.062,311.2,0.1,0.2855,6.797499999999999,0.039,311.127,0.1,-0.014499999999999985,6.287000000000001,0.009500000000000001,311.466,0.1,-0.43399999999999994,6.119999999999999,-0.1405,311.604,0.1,
-0.7625,6.6985,0.001,311.467,0.1,-0.6739999999999999,6.7155,-0.094,311.504,0.1,-0.5725,6.781499999999999,-0.0965,311.426,0.1,-0.5225,6.8105,-0.033,311.429,0.1,-0.5205,6.7285,-0.0335,311.543,0.1,-0.46099999999999997,6.63,-0.0435,311.545,0.1,-0.38549999999999995,6.506500000000001,-0.1465,311.589,0.1,-0.27649999999999997,6.4585,-0.2505,311.484,0.1,-0.122,6.662,-0.0905,311.249,0.1,-0.1455,6.589499999999999,-0.08449999999999999,311.475,0.1,-0.273,6.4305,-0.1185,311.655,0.1,-0.196,6.644,-0.12,311.546,0.1,0.086,6.944,-0.14400000000000002,311.326,0.1,0.26,6.901,0.022,311.135,0.1,0.053000000000000005,6.4285,0.027,311.329,0.1,-0.3305,6.1305,-0.077,311.447,0.1,
-0.8700000000000001,6.8115000000000006,-0.038500000000000006,311.595,0.1,-0.7375,6.8345,-0.098,311.542,0.1,-0.625,6.9345,-0.092,311.439,0.1,-0.572,6.875,-0.127,311.476,0.1,-0.538,6.774,-0.091,311.538,0.1,-0.47050000000000003,6.7065,-0.0765,311.537,0.1,-0.3845,6.6245,-0.14350000000000002,311.53,0.1,-0.18250000000000002,6.589499999999999,-0.14950000000000002,311.396,0.1,0.066,6.773,-0.04,311.277,0.1,0.0665,6.631,-0.07650000000000001,311.476,0.1,-0.097,6.42,-0.0935,311.636,0.1,-0.132,6.6065000000000005,-0.1645,311.576,0.1,0.022000000000000006,6.9895,-0.153,311.27,0.1,0.15500000000000003,7.027,0.14200000000000002,311.016,0.1,0.006000000000000005,6.6505,0.07350000000000001,311.269,0.1,-0.289,6.287000000000001,-0.044,311.365,0.1,
-0.9099999999999999,6.8075,0.0015000000000000005,311.638,0.1,-0.7629999999999999,6.8614999999999995,-0.0485,311.591,0.1,-0.6895,6.939,-0.0685,311.531,0.1,-0.6759999999999999,6.835,-0.1275,311.534,0.1,-0.5875,6.827500000000001,-0.091,311.53,0.1,-0.4625,6.811,-0.1225,311.518,0.1,-0.3295,6.7995,-0.0495,311.387,0.1,-0.08549999999999999,6.785,0.0025000000000000005,311.323,0.1,0.131,6.858,0.025500000000000002,311.334,0.1,0.1125,6.598,-0.040999999999999995,311.458,0.1,-0.0045000000000000005,6.4025,-0.0955,311.547,0.1,-0.045,6.5785,-0.2005,311.414,0.1,-0.012499999999999999,6.9905,0.0195,311.058,0.1,-0.01,7.0285,0.117,311.145,0.1,-0.13999999999999999,6.8215,-0.051500000000000004,311.415,0.1,-0.323,6.4835,-0.0775,311.363,0.1,
-0.7205,6.787,0.044,311.429,0.1,-0.646,6.84,0.002,311.499,0.1,-0.7030000000000001,6.884,-0.079,311.68,0.1,-0.7415,6.793,0.0055,311.506,0.1,-0.6615,6.836,-0.0455,311.555,0.1,-0.508,6.853,-0.09,311.411,0.1,-0.3065,6.891,0.016,311.315,0.1,-0.0785,6.903,0.08449999999999999,311.297,0.1,0.0345,6.89,0.0805,311.353,0.1,0.016999999999999998,6.563,0.0045000000000000005,311.416,0.1,0.044,6.403,-0.11449999999999999,311.419,0.1,0.1085,6.583,-0.149,311.148,0.1,0.0345,6.987,0.16749999999999998,310.964,0.1,-0.1945,6.971,-0.1245,311.454,0.1,-0.34299999999999997,6.871,-0.125,311.584,0.1,-0.34450000000000003,6.583,-0.10500000000000001,311.312,0.1,
-1.129,6.412,-0.0655,312.0,0.1,-0.997,6.5105,-0.0555,311.935,0.1,-0.8795,6.6530000000000005,-0.0245,311.894,0.1,-0.823,6.6745,-0.0095,311.9,0.1,-0.8245,6.671,-0.08099999999999999,311.861,0.1,-0.832,6.731,-0.0385,311.756,0.1,-0.7975,6.6625,0.0085,311.773,0.1,-0.7190000000000001,6.656499999999999,-0.05,311.856,0.1,-0.6415,6.79,-0.0915,311.812,0.1,-0.612,6.8605,-0.0765,311.766,0.1,-0.5555,6.7065,-0.133,311.794,0.1,-0.361,6.587,-0.14500000000000002,311.686,0.1,-0.2005,6.555,0.082,311.529,0.1,-0.3275,6.3895,0.28049999999999997,311.712,0.1,-0.6345000000000001,6.209,0.1515,311.978,0.1,-0.829,6.1315,-0.012,312.041,0.1,
-1.0655,6.5205,-0.065,311.947,0.1,-0.8785000000000001,6.6315,-0.03,311.861,0.1,-0.737,6.7165,-0.008,311.871,0.1,-0.6775,6.6945,-0.037000000000000005,311.868,0.1,-0.6765,6.7045,-0.073,311.746,0.1,-0.705,6.776,0.0125,311.676,0.1,-0.704,6.6655,0.016,311.779,0.1,-0.641,6.6465,-0.0265,311.815,0.1,-0.5874999999999999,6.741,-0.068,311.779,0.1,-0.6445,6.797499999999999,-0.1015,311.775,0.1,-0.7204999999999999,6.622,-0.146,311.776,0.1,-0.5955,6.473,-0.015000000000000001,311.572,0.1,-0.392,6.4864999999999995,0.1765,311.556,0.1,-0.4465,6.336,0.243,311.948,0.1,-0.7184999999999999,6.187,0.024999999999999998,312.25,0.1,-0.875,6.1625,-0.075,312.18,0.1,
-0.9944999999999999,6.622999999999999,-0.076,311.923,0.1,-0.8085,6.6985,-0.01,311.821,0.1,-0.6599999999999999,6.702,0.0175,311.841,0.1,-0.5925,6.628,-0.035,311.813,0.1,-0.5805,6.6495,-0.0165,311.662,0.1,-0.6134999999999999,6.702500000000001,0.033,311.664,0.1,-0.636,6.625500000000001,0.006500000000000001,311.776,0.1,-0.5935,6.5715,0.0055,311.788,0.1,-0.556,6.575,-0.045,311.785,0.1,-0.656,6.665,-0.096,311.749,0.1,-0.798,6.545,-0.0245,311.655,0.1,-0.731,6.4045000000000005,0.1625,311.545,0.1,-0.5525,6.422,0.149,311.772,0.1,-0.5645,6.2825,0.057999999999999996,312.153,0.1,-0.7495,6.1675,-0.10350000000000001,312.306,0.1,-0.831,6.2044999999999995,-0.08549999999999999,312.165,0.1,
-0.949,6.6925,-0.0755,311.905,0.1,-0.7965,6.708,0.019,311.807,0.1,-0.6659999999999999,6.6274999999999995,0.03,311.823,0.1,-0.5905,6.5280000000000005,-0.008,311.761,0.1,-0.562,6.550000000000001,0.038500000000000006,311.646,0.1,-0.5720000000000001,6.5755,0.027,311.687,0.1,-0.581,6.589,0.006500000000000001,311.712,0.1,-0.558,6.493,0.025500000000000002,311.793,0.1,-0.534,6.414,-0.06,311.82,0.1,-0.6085,6.551500000000001,-0.057499999999999996,311.691,0.1,-0.7445,6.484,0.16699999999999998,311.583,0.1,-0.763,6.300000000000001,0.1235,311.834,0.1,-0.6825,6.310499999999999,-0.025500000000000002,312.031,0.1,-0.6705,6.214499999999999,-0.1175,312.149,0.1,-0.7275,6.1605,-0.16899999999999998,312.127,0.1,-0.7130000000000001,6.2135,-0.057,312.001,0.1,
-0.9339999999999999,6.7155000000000005,-0.062,311.857,0.1,-0.8285,6.704000000000001,0.033,311.792,0.1,-0.7305,6.568,0.0245,311.804,0.1,-0.6375,6.4645,0.014499999999999999,311.74,0.1,-0.587,6.452500000000001,0.043,311.695,0.1,-0.5785,6.4625,0.0125,311.717,0.1,-0.5585,6.536,0.03,311.643,0.1,-0.5435000000000001,6.423,0.028499999999999998,311.792,0.1,-0.539,6.334,-0.1005,311.866,0.1,-0.5585,6.4855,-0.0155,311.685,0.1,-0.6655,6.361,0.2015,311.767,0.1,-0.792,6.054,-0.1285,312.174,0.1,-0.8055,6.1345,-0.1385,312.105,0.1,-0.751,6.154999999999999,-0.1825,311.964,0.1,-0.685,6.1925,-0.193,311.811,0.1,-0.5805,6.211,0.0345,311.686,0.1,
-0.9325,6.6850000000000005,-0.049,311.785,0.1,-0.872,6.684,0.015,311.763,0.1,-0.7965,6.548,0.0235,311.76,0.1,-0.69,6.44,0.036500000000000005,311.746,0.1,-0.6174999999999999,6.388,0.013500000000000002,311.759,0.1,-0.6134999999999999,6.396000000000001,0.0035,311.726,0.1,-0.6054999999999999,6.431,0.051500000000000004,311.662,0.1,-0.581,6.3465,0.0245,311.785,0.1,-0.5660000000000001,6.3100000000000005,-0.13,311.893,0.1,-0.571,6.4544999999999995,0.019000000000000003,311.757,0.1,-0.6795,6.2170000000000005,0.068,312.031,0.1,-0.793,5.8425,-0.2525,312.113,0.1,-0.7695000000000001,6.064500000000001,-0.015,311.834,0.1,-0.7184999999999999,6.149,-0.1875,311.741,0.1,-0.6405,6.2475000000000005,-0.1745,311.466,0.1,-0.49349999999999994,6.225,0.163,311.359,0.1,
-0.9365,6.618,-0.046,311.75,0.1,-0.9279999999999999,6.6155,-0.0235,311.761,0.1,-0.8674999999999999,6.515,0.028,311.735,0.1,-0.7555,6.4055,0.059,311.78,0.1,-0.659,6.3575,-0.0225,311.803,0.1,-0.6545000000000001,6.3695,-0.006999999999999999,311.725,0.1,-0.6855,6.307,0.0375,311.768,0.1,-0.649,6.279,0.017499999999999998,311.822,0.1,-0.5985,6.302,-0.128,311.885,0.1,-0.6419999999999999,6.422499999999999,0.0365,311.848,0.1,-0.764,6.1635,-0.044000000000000004,312.125,0.1,-0.721,5.9030000000000005,-0.1655,311.817,0.1,-0.5820000000000001,6.196,0.0815,311.53,0.1,-0.615,6.2095,-0.212,311.577,0.1,-0.628,6.2865,-0.0635,311.202,0.1,-0.5195,6.189500000000001,0.20400000000000001,311.303,0.1,
-0.942,6.5395,-0.038,311.773,0.1,-0.99,6.5195,-0.0285,311.788,0.1,-0.9550000000000001,6.449,0.017,311.779,0.1,-0.8425,6.3495,0.035,311.852,0.1,-0.718,6.336,-0.066,311.841,0.1,-0.6735,6.3535,-0.035,311.746,0.1,-0.702,6.234999999999999,0.006500000000000001,311.857,0.1,-0.6735,6.243,0.009,311.883,0.1,-0.6174999999999999,6.297499999999999,-0.1015,311.865,0.1,-0.6925,6.355,0.0275,311.897,0.1,-0.7989999999999999,6.1685,-0.0795,312.123,0.1,-0.661,6.108499999999999,-0.087,311.724,0.1,-0.5105,6.3265,-0.0465,311.576,0.1,-0.604,6.301,-0.207,311.46,0.1,-0.671,6.297499999999999,0.105,311.149,0.1,-0.6185,6.0575,0.1115,311.497,0.1,
-0.9555,6.4735,-0.0405,311.827,0.1,-1.02,6.452500000000001,-0.007,311.809,0.1,-1.0105,6.3934999999999995,-0.0155,311.85,0.1,-0.9035,6.3260000000000005,-0.029500000000000002,311.899,0.1,-0.7595,6.3294999999999995,-0.0885,311.855,0.1,-0.655,6.3385,-0.07,311.787,0.1,-0.625,6.2385,-0.008,311.86,0.1,-0.624,6.2245,-0.023,311.929,0.1,-0.622,6.2735,-0.098,311.853,0.1,-0.7050000000000001,6.245,0.012,311.895,0.1,-0.789,6.1155,-0.113,312.117,0.1,-0.672,6.192,-0.11149999999999999,311.851,0.1,-0.556,6.327,-0.1915,311.7,0.1,-0.6295,6.372,-0.11549999999999999,311.385,0.1,-0.7415,6.26,0.208,311.356,0.1,-0.7225,5.931,-0.015,311.66,0.1,
-0.97,6.4335,-0.081,311.849,0.1,-1.0125,6.431,-0.009000000000000001,311.809,0.1,-1.0194999999999999,6.374499999999999,-0.0465,311.891,0.1,-0.9139999999999999,6.367,-0.0685,311.883,0.1,-0.7585,6.3614999999999995,-0.089,311.844,0.1,-0.6180000000000001,6.333,-0.0865,311.828,0.1,-0.537,6.2620000000000005,-0.0215,311.834,0.1,-0.5680000000000001,6.1905,-0.1015,311.932,0.1,-0.6305000000000001,6.2170000000000005,-0.1365,311.831,0.1,-0.7135,6.1305,0.0185,311.861,0.1,-0.788,6.010999999999999,-0.14450000000000002,312.075,0.1,-0.6890000000000001,6.158,-0.155,311.885,0.1,-0.512,6.313,-0.196,311.657,0.1,-0.5065,6.416,0.023,311.359,0.1,-0.712,6.17,0.2,311.67,0.1,-0.7849999999999999,5.8934999999999995,-0.094,311.758,0.1,
-1.0,6.4,-0.092,311.813,0.1,-0.9755,6.4345,-0.012,311.773,0.1,-0.974,6.388,-0.0675,311.875,0.1,-0.8925,6.4085,-0.1085,311.88,0.1,-0.7475,6.393,-0.0905,311.846,0.1,-0.6015,6.318,-0.07300000000000001,311.85,0.1,-0.5185,6.2325,-0.046,311.835,0.1,-0.5680000000000001,6.134,-0.1975,311.904,0.1,-0.645,6.1675,-0.17099999999999999,311.781,0.1,-0.7115,6.072,0.0155,311.839,0.1,-0.771,5.955,-0.14500000000000002,312.017,0.1,-0.6655,6.1485,-0.1605,311.832,0.1,-0.392,6.372999999999999,-0.124,311.571,0.1,-0.264,6.4785,0.092,311.375,0.1,-0.513,6.1155,0.1335,311.789,0.1,-0.762,5.8955,-0.123,311.873,0.1,
-1.0365,6.37,-0.028,311.789,0.1,-0.9405,6.429,-0.028999999999999998,311.775,0.1,-0.902,6.4175,-0.08,311.814,0.1,-0.86,6.4185,-0.0945,311.846,0.1,-0.7605,6.3805,-0.0615,311.848,0.1,-0.6355,6.281499999999999,-0.0565,311.86,0.1,-0.579,6.1635,-0.089,311.872,0.1,-0.612,6.089,-0.263,311.882,0.1,-0.627,6.182,-0.16399999999999998,311.721,0.1,-0.644,6.104,-0.0245,311.84,0.1,-0.685,5.9845,-0.1285,311.977,0.1,-0.597,6.193,-0.14250000000000002,311.83,0.1,-0.3315,6.476,-0.10850000000000001,311.611,0.1,-0.15050000000000002,6.553,0.019,311.477,0.1,-0.3385,6.1505,0.056,311.734,0.1,-0.664,5.909,-0.0955,311.868,0.1,
-1.056,6.3735,0.001,311.837,0.1,-0.9764999999999999,6.409,-0.092,311.845,0.1,-0.909,6.447,-0.0975,311.776,0.1,-0.8454999999999999,6.4555,-0.028999999999999998,311.755,0.1,-0.784,6.3675,-0.049,311.848,0.1,-0.7045,6.272,-0.063,311.874,0.1,-0.662,6.1475,-0.1555,311.917,0.1,-0.63,6.105499999999999,-0.267,311.846,0.1,-0.5325,6.2735,-0.128,311.662,0.1,-0.491,6.2035,-0.0615,311.812,0.1,-0.5265,6.058,-0.1,311.939,0.1,-0.48050000000000004,6.2490000000000006,-0.1345,311.863,0.1,-0.3035,6.5655,-0.18,311.692,0.1,-0.1605,6.6055,-0.006500000000000001,311.49,0.1,-0.277,6.2364999999999995,0.047,311.643,0.1,-0.5525,5.9655000000000005,-0.040999999999999995,311.769,0.1,
-1.1105,6.3865,-0.0455,311.932,0.1,-1.0335,6.4055,-0.11349999999999999,311.878,0.1,-0.972,6.48,-0.1005,311.795,0.1,-0.9025,6.471,-0.093,311.801,0.1,-0.827,6.3985,-0.089,311.864,0.1,-0.749,6.335,-0.096,311.88,0.1,-0.6910000000000001,6.2445,-0.16499999999999998,311.875,0.1,-0.5765,6.2035,-0.1805,311.768,0.1,-0.39749999999999996,6.391500000000001,-0.078,311.629,0.1,-0.3315,6.2829999999999995,-0.06,311.752,0.1,-0.3705,6.1205,-0.07899999999999999,311.88,0.1,-0.382,6.293,-0.166,311.839,0.1,-0.3,6.6129999999999995,-0.16949999999999998,311.615,0.1,-0.195,6.636,0.1285,311.39,0.1,-0.279,6.3469999999999995,0.0865,311.595,0.1,-0.51,6.054,-0.03,311.725,0.1,
-1.1360000000000001,6.406499999999999,-0.028999999999999998,311.94,0.1,-1.0015,6.431,-0.0775,311.876,0.1,-0.9544999999999999,6.492,-0.0535,311.831,0.1,-0.957,6.4005,-0.1265,311.882,0.1,-0.875,6.4215,-0.0935,311.863,0.1,-0.758,6.422499999999999,-0.1295,311.847,0.1,-0.661,6.42,-0.061,311.741,0.1,-0.502,6.378500000000001,-0.0385,311.698,0.1,-0.33,6.466,-0.003000000000000001,311.633,0.1,-0.274,6.269,-0.031,311.715,0.1,-0.2995,6.147,-0.0925,311.806,0.1,-0.34850000000000003,6.3294999999999995,-0.1995,311.707,0.1,-0.359,6.6259999999999994,0.0225,311.426,0.1,-0.3295,6.5855,0.1545,311.503,0.1,-0.41000000000000003,6.423500000000001,-0.017,311.717,0.1,-0.583,6.1425,-0.0805,311.74,0.1,
-1.0379999999999998,6.427,0.0185,311.794,0.1,-0.897,6.45,-0.036500000000000005,311.8,0.1,-0.8939999999999999,6.485,-0.035,311.891,0.1,-0.969,6.348,-0.035500000000000004,311.866,0.1,-0.9305,6.418,-0.074,311.867,0.1,-0.7929999999999999,6.459,-0.0955,311.751,0.1,-0.6405000000000001,6.517,0.0345,311.648,0.1,-0.492,6.485,0.069,311.653,0.1,-0.387,6.485,0.07300000000000001,311.657,0.1,-0.32299999999999995,6.235,0.004,311.72,0.1,-0.278,6.151,-0.126,311.73,0.1,-0.3035,6.348,-0.16449999999999998,311.504,0.1,-0.406,6.627,0.20850000000000002,311.357,0.1,-0.5305,6.525,-0.061,311.785,0.1,-0.6214999999999999,6.439,-0.11149999999999999,311.847,0.1,-0.6595,6.185,-0.119,311.705,0.1,
-1.4969999999999999,6.195,-0.07150000000000001,312.379,0.1,-1.3795,6.323,-0.0635,312.285,0.1,-1.2505,6.4375,-0.0315,312.211,0.1,-1.1515,6.4755,-0.019,312.187,0.1,-1.1225,6.4435,-0.089,312.182,0.1,-1.123,6.414,-0.0325,312.123,0.1,-1.0845,6.33,0.016,312.171,0.1,-1.0025,6.3469999999999995,-0.051000000000000004,312.228,0.1,-0.9205,6.464,-0.10450000000000001,312.166,0.1,-0.8925000000000001,6.548,-0.077,312.148,0.1,-0.8605,6.401,-0.1305,312.211,0.1,-0.7284999999999999,6.266,-0.16799999999999998,312.129,0.1,-0.6375,6.1884999999999994,0.0545,311.995,0.1,-0.779,6.0275,0.3075,312.177,0.1,-1.041,5.834,0.203,312.498,0.1,-1.182,5.7285,0.013,312.599,0.1,
-1.474,6.220000000000001,-0.0685,312.333,0.1,-1.341,6.3655,-0.037,312.218,0.1,-1.1855,6.4559999999999995,-0.0195,312.158,0.1,-1.065,6.497999999999999,-0.041999999999999996,312.112,0.1,-1.012,6.4905,-0.07150000000000001,312.049,0.1,-0.9804999999999999,6.4845,0.036,312.006,0.1,-0.942,6.355499999999999,0.0305,312.152,0.1,-0.886,6.367,-0.0235,312.204,0.1,-0.8354999999999999,6.4990000000000006,-0.064,312.141,0.1,-0.911,6.547499999999999,-0.0945,312.137,0.1,-1.0535,6.3125,-0.1385,312.198,0.1,-1.0130000000000001,6.1045,-0.039,312.091,0.1,-0.847,6.0969999999999995,0.1555,312.066,0.1,-0.8654999999999999,5.9985,0.273,312.365,0.1,-1.08,5.855,0.06849999999999999,312.67,0.1,-1.221,5.8155,-0.07200000000000001,312.681,0.1,
-1.3955,6.2445,-0.0795,312.269,0.1,-1.2825,6.3315,-0.02,312.15,0.1,-1.1320000000000001,6.364,0.005,312.098,0.1,-1.0225,6.3835,-0.0375,312.048,0.1,-0.9595,6.407,-0.01,311.962,0.1,-0.89,6.435,0.060000000000000005,311.971,0.1,-0.827,6.3325,0.019,312.107,0.1,-0.785,6.2675,0.01,312.171,0.1,-0.775,6.334,-0.038000000000000006,312.181,0.1,-0.915,6.411,-0.089,312.116,0.1,-1.145,6.17,-0.012,312.096,0.1,-1.1684999999999999,5.942,0.161,312.085,0.1,-0.995,6.0255,0.1465,312.231,0.1,-0.9345,5.966,0.08199999999999999,312.475,0.1,-1.061,5.8755,-0.0795,312.616,0.1,-1.156,5.906000000000001,-0.0925,312.568,0.1,
-1.3319999999999999,6.2805,-0.08299999999999999,312.194,0.1,-1.2429999999999999,6.272,0.0095,312.101,0.1,-1.113,6.22,0.020999999999999998,312.079,0.1,-1.023,6.1955,-0.0135,312.036,0.1,-0.9684999999999999,6.2395,0.044,311.965,0.1,-0.897,6.289,0.0445,312.014,0.1,-0.796,6.283,0.016,312.041,0.1,-0.7324999999999999,6.1419999999999995,0.035500000000000004,312.136,0.1,-0.765,6.079000000000001,-0.0595,312.243,0.1,-0.907,6.219,-0.051000000000000004,312.092,0.1,-1.08,6.0555,0.1975,312.023,0.1,-1.1275,5.8135,0.16649999999999998,312.257,0.1,-1.049,5.939,-0.006500000000000001,312.403,0.1,-0.9944999999999999,5.926500000000001,-0.10500000000000001,312.471,0.1,-1.022,5.906499999999999,-0.16899999999999998,312.461,0.1,-1.0185,5.9670000000000005,-0.066,312.363,0.1,
-1.3170000000000002,6.313000000000001,-0.066,312.113,0.1,-1.244,6.2545,0.032,312.078,0.1,-1.1375,6.136,0.022,312.105,0.1,-1.041,6.0645,0.009,312.078,0.1,-0.991,6.088,0.043,312.039,0.1,-0.973,6.128,0.018000000000000002,312.081,0.1,-0.883,6.192,0.041499999999999995,312.026,0.1,-0.79,6.0595,0.0455,312.13,0.1,-0.8295,5.9175,-0.1015,312.276,0.1,-0.9199999999999999,6.079000000000001,-0.013000000000000001,312.114,0.1,-0.989,5.9385,0.2505,312.169,0.1,-1.0445,5.68,-0.08399999999999999,312.488,0.1,-1.0594999999999999,5.823,-0.139,312.445,0.1,-1.04,5.883,-0.1765,312.394,0.1,-1.0025,5.9399999999999995,-0.208,312.285,0.1,-0.8999999999999999,5.9719999999999995,0.016,312.14,0.1,
-1.3365,6.29,-0.041499999999999995,312.057,0.1,-1.2715,6.2475000000000005,0.0265,312.071,0.1,-1.174,6.133,0.0285,312.115,0.1,-1.054,6.043,0.035500000000000004,312.122,0.1,-0.992,6.0280000000000005,0.007,312.122,0.1,-1.037,6.0425,0.0015,312.12,0.1,-1.0350000000000001,6.0715,0.07,312.109,0.1,-0.9610000000000001,6.0085,0.038500000000000006,312.2,0.1,-0.9470000000000001,5.9075,-0.13,312.287,0.1,-0.9355,6.050000000000001,0.02,312.161,0.1,-0.956,5.825,0.119,312.372,0.1,-1.0285,5.541,-0.276,312.554,0.1,-1.0305,5.7575,-0.081,312.284,0.1,-1.02,5.853,-0.1825,312.26,0.1,-0.9844999999999999,5.943,-0.1845,312.064,0.1,-0.8415,5.926,0.149,311.935,0.1,
-1.3505,6.212,-0.029500000000000002,312.065,0.1,-1.3085,6.196,-0.002,312.104,0.1,-1.2085,6.1335,0.034,312.121,0.1,-1.069,6.0695,0.057999999999999996,312.155,0.1,-0.9875,6.044499999999999,-0.0335,312.179,0.1,-1.04,6.0465,-0.011,312.134,0.1,-1.129,5.979,0.056,312.234,0.1,-1.1360000000000001,5.964499999999999,0.0215,312.322,0.1,-1.069,5.98,-0.1305,312.298,0.1,-0.9515,6.106,0.0455,312.199,0.1,-0.9470000000000001,5.798,-0.003999999999999999,312.423,0.1,-0.9955,5.4985,-0.254,312.445,0.1,-0.942,5.7955,-0.0155,312.098,0.1,-0.9755,5.8420000000000005,-0.20800000000000002,312.132,0.1,-0.9964999999999999,5.884,-0.0595,311.866,0.1,-0.869,5.810499999999999,0.2145,311.909,0.1,
-1.312,6.1555,-0.0215,312.094,0.1,-1.3165,6.135,-0.008,312.153,0.1,-1.2385,6.093,0.016,312.179,0.1,-1.0945,6.071,0.0245,312.21,0.1,-0.9889999999999999,6.064,-0.0755,312.214,0.1,-0.9849999999999999,6.067,-0.038,312.146,0.1,-1.0819999999999999,5.9455,0.012,312.289,0.1,-1.175,5.9285,0.0065,312.382,0.1,-1.1360000000000001,6.0344999999999995,-0.1065,312.313,0.1,-0.9935,6.1530000000000005,0.044,312.232,0.1,-0.9395,5.8629999999999995,-0.0495,312.391,0.1,-0.9059999999999999,5.6080000000000005,-0.1755,312.307,0.1,-0.848,5.862,-0.1125,312.071,0.1,-0.965,5.844,-0.203,312.017,0.1,-1.0499999999999998,5.783,0.1245,311.817,0.1,-0.958,5.602,0.1335,312.058,0.1,
-1.2395,6.1835,-0.0315,312.103,0.1,-1.26,6.1475,0.0045000000000000005,312.151,0.1,-1.229,6.061999999999999,-0.019,312.242,0.1,-1.113,6.0489999999999995,-0.0495,312.261,0.1,-0.992,6.056,-0.095,312.212,0.1,-0.915,6.0515,-0.0745,312.161,0.1,-0.9315,5.9559999999999995,-0.0185,312.235,0.1,-1.0455,5.906499999999999,-0.0225,312.344,0.1,-1.1055000000000001,6.0009999999999994,-0.0995,312.325,0.1,-1.048,6.0865,0.031,312.274,0.1,-0.9704999999999999,5.8975,-0.0895,312.392,0.1,-0.8565,5.768000000000001,-0.16399999999999998,312.262,0.1,-0.787,5.9055,-0.22,312.081,0.1,-0.9015,5.8919999999999995,-0.1105,311.872,0.1,-1.0425,5.720000000000001,0.252,311.902,0.1,-1.0415,5.401,-0.007,312.178,0.1,
-1.2025000000000001,6.265000000000001,-0.0795,312.095,0.1,-1.186,6.2364999999999995,-0.007,312.102,0.1,-1.1800000000000002,6.103,-0.045,312.234,0.1,-1.1099999999999999,6.051500000000001,-0.0805,312.259,0.1,-0.995,6.0405,-0.0915,312.191,0.1,-0.871,6.015000000000001,-0.0965,312.163,0.1,-0.794,5.971,-0.039,312.157,0.1,-0.8734999999999999,5.886,-0.0955,312.267,0.1,-1.0085,5.893,-0.137,312.312,0.1,-1.0525,5.904,0.0385,312.302,0.1,-1.025,5.8065,-0.126,312.42,0.1,-0.9035,5.845000000000001,-0.1805,312.257,0.1,-0.7575000000000001,5.959,-0.218,312.029,0.1,-0.741,6.021,0.018000000000000002,311.753,0.1,-0.908,5.765499999999999,0.26149999999999995,312.012,0.1,-1.0575,5.368,-0.0875,312.19,0.1,
-1.252,6.2895,-0.0935,312.087,0.1,-1.169,6.305,-0.0135,312.059,0.1,-1.141,6.186,-0.0625,312.176,0.1,-1.0995,6.078,-0.106,312.223,0.1,-0.9984999999999999,6.022,-0.089,312.179,0.1,-0.863,5.971500000000001,-0.08449999999999999,312.152,0.1,-0.763,5.933,-0.06,312.138,0.1,-0.8175,5.843,-0.1915,312.225,0.1,-0.9445,5.797499999999999,-0.18,312.256,0.1,-1.001,5.733499999999999,0.035500000000000004,312.297,0.1,-1.025,5.660500000000001,-0.131,312.411,0.1,-0.9615,5.822,-0.1765,312.251,0.1,-0.7555000000000001,6.0365,-0.15799999999999997,311.984,0.1,-0.5994999999999999,6.194,0.074,311.735,0.1,-0.7424999999999999,5.901,0.1875,312.031,0.1,-0.998,5.516,-0.0955,312.169,0.1,
-1.327,6.1945,-0.03,312.121,0.1,-1.201,6.2555,-0.025500000000000002,312.09,0.1,-1.1555,6.201499999999999,-0.075,312.13,0.1,-1.1165,6.094,-0.0985,312.16,0.1,-1.0085000000000002,6.0035,-0.069,312.157,0.1,-0.8825000000000001,5.926,-0.0665,312.16,0.1,-0.8345,5.839499999999999,-0.095,312.185,0.1,-0.8985,5.7805,-0.2635,312.225,0.1,-0.9515,5.792,-0.187,312.174,0.1,-0.9285,5.705500000000001,-0.008,312.252,0.1,-0.9345,5.603,-0.11699999999999999,312.337,0.1,-0.9239999999999999,5.795,-0.158,312.231,0.1,-0.7635000000000001,6.1185,-0.14700000000000002,312.021,0.1,-0.5865,6.308,-0.0025000000000000005,311.828,0.1,-0.662,6.0135000000000005,0.091,312.003,0.1,-0.894,5.6985,-0.055499999999999994,312.132,0.1,
-1.349,6.048,-0.0025,312.206,0.1,-1.2795,6.102,-0.091,312.186,0.1,-1.246,6.1125,-0.0985,312.127,0.1,-1.1685,6.1015,-0.031,312.081,0.1,-1.0470000000000002,6.006,-0.063,312.153,0.1,-0.9475,5.914,-0.07999999999999999,312.202,0.1,-0.9390000000000001,5.7885,-0.1625,312.246,0.1,-0.984,5.753500000000001,-0.2765,312.208,0.1,-0.9424999999999999,5.885,-0.16099999999999998,312.075,0.1,-0.8355,5.818,-0.0505,312.15,0.1,-0.78,5.6845,-0.0885,312.224,0.1,-0.766,5.8545,-0.146,312.179,0.1,-0.6935,6.1875,-0.20500000000000002,312.059,0.1,-0.581,6.3100000000000005,-0.031,311.846,0.1,-0.607,6.0440000000000005,0.0625,311.956,0.1,-0.7745,5.8004999999999995,-0.01,312.091,0.1,
-1.3505,5.9615,-0.053000000000000005,312.268,0.1,-1.3290000000000002,5.976,-0.128,312.215,0.1,-1.319,6.0255,-0.11,312.151,0.1,-1.233,6.0675,-0.07050000000000001,312.126,0.1,-1.115,6.023,-0.0925,312.19,0.1,-1.0270000000000001,5.9625,-0.11549999999999999,312.224,0.1,-0.998,5.865,-0.1845,312.22,0.1,-0.9705,5.818,-0.20400000000000001,312.14,0.1,-0.8605,6.0105,-0.111,311.98,0.1,-0.7295,5.9350000000000005,-0.0505,312.027,0.1,-0.644,5.821,-0.07,312.124,0.1,-0.632,5.9805,-0.1655,312.103,0.1,-0.6225,6.237,-0.177,311.959,0.1,-0.5455,6.2455,0.11699999999999999,311.763,0.1,-0.5640000000000001,6.042999999999999,0.096,311.922,0.1,-0.7304999999999999,5.8205,-0.016,312.086,0.1,
-1.361,6.0065,-0.0535,312.242,0.1,-1.2389999999999999,6.0009999999999994,-0.10400000000000001,312.16,0.1,-1.219,6.0445,-0.0485,312.13,0.1,-1.238,5.9665,-0.121,312.229,0.1,-1.163,6.016,-0.099,312.196,0.1,-1.0539999999999998,6.0335,-0.139,312.177,0.1,-0.992,6.041,-0.078,312.096,0.1,-0.9175,5.9715,-0.074,312.074,0.1,-0.7909999999999999,6.0745000000000005,-0.0265,311.932,0.1,-0.6605,5.939500000000001,-0.022,311.973,0.1,-0.5934999999999999,5.8915,-0.0905,312.065,0.1,-0.6515,6.081,-0.1955,312.0,0.1,-0.705,6.262499999999999,0.029500000000000002,311.795,0.1,-0.6479999999999999,6.1425,0.1835,311.861,0.1,-0.6795,6.025,0.01,312.02,0.1,-0.843,5.801,-0.08,312.117,0.1,
-1.3545,6.068,-0.0045,312.158,0.1,-1.1480000000000001,6.061,-0.072,312.1,0.1,-1.0859999999999999,6.086,-0.0055,312.102,0.1,-1.197,5.904,-0.061,312.226,0.1,-1.1995,6.001,-0.094,312.179,0.1,-1.0775000000000001,6.065,-0.1015,312.091,0.1,-0.974,6.143,0.040499999999999994,311.981,0.1,-0.906,6.066,0.0495,312.009,0.1,-0.8085,6.08,0.0655,311.962,0.1,-0.6625,5.907,0.0035,312.023,0.1,-0.5994999999999999,5.898,-0.135,312.04,0.1,-0.715,6.113,-0.1725,311.861,0.1,-0.847,6.268,0.2415,311.75,0.1,-0.867,6.079,-0.0045000000000000005,312.117,0.1,-0.8999999999999999,6.006,-0.0985,312.11,0.1,-0.9744999999999999,5.787,-0.129,312.098,0.1,
-1.814,5.788,-0.0795,312.63,0.1,-1.7189999999999999,5.92,-0.07600000000000001,312.536,0.1,-1.607,6.0125,-0.041999999999999996,312.462,0.1,-1.508,6.045,-0.03,312.436,0.1,-1.472,5.991,-0.0935,312.447,0.1,-1.4585,5.925000000000001,-0.035,312.408,0.1,-1.403,5.8495,0.012,312.456,0.1,-1.3235000000000001,5.882,-0.0615,312.501,0.1,-1.264,5.974,-0.11699999999999999,312.446,0.1,-1.258,6.037,-0.0805,312.441,0.1,-1.252,5.8934999999999995,-0.121,312.506,0.1,-1.1655,5.779,-0.173,312.445,0.1,-1.1,5.7375,0.037,312.336,0.1,-1.2075,5.603,0.3215,312.493,0.1,-1.4100000000000001,5.3855,0.235,312.803,0.1,-1.5145,5.255,0.025500000000000002,312.912,0.1,
-1.8075,5.77,-0.0775,312.592,0.1,-1.704,5.917,-0.0525,312.48,0.1,-1.562,6.003,-0.031,312.403,0.1,-1.4415,6.0600000000000005,-0.045,312.354,0.1,-1.3855,6.0375,-0.0675,312.325,0.1,-1.3315000000000001,5.996,0.045,312.298,0.1,-1.2625000000000002,5.879,0.035500000000000004,312.433,0.1,-1.2000000000000002,5.9175,-0.027,312.477,0.1,-1.1615,6.05,-0.0635,312.411,0.1,-1.2485,6.077,-0.08499999999999999,312.409,0.1,-1.413,5.816,-0.112,312.489,0.1,-1.4205,5.5969999999999995,-0.040499999999999994,312.441,0.1,-1.283,5.618,0.138,312.416,0.1,-1.2654999999999998,5.573,0.2835,312.64,0.1,-1.4235,5.429,0.0975,312.91,0.1,-1.546,5.3685,-0.067,312.957,0.1,
-1.7435,5.765499999999999,-0.08549999999999999,312.524,0.1,-1.6564999999999999,5.8485,-0.034499999999999996,312.413,0.1,-1.516,5.890000000000001,-0.004,312.341,0.1,-1.407,5.9405,-0.034,312.293,0.1,-1.343,5.9575,-0.0035,312.249,0.1,-1.256,5.959,0.07600000000000001,312.268,0.1,-1.1644999999999999,5.851,0.0275,312.392,0.1,-1.1059999999999999,5.813000000000001,0.013000000000000001,312.451,0.1,-1.094,5.912,-0.029500000000000002,312.451,0.1,-1.235,5.9725,-0.07400000000000001,312.384,0.1,-1.4775,5.6805,0.013000000000000001,312.404,0.1,-1.5354999999999999,5.417999999999999,0.1595,312.446,0.1,-1.3824999999999998,5.534,0.1365,312.546,0.1,-1.2995,5.527,0.092,312.707,0.1,-1.3940000000000001,5.4535,-0.0565,312.826,0.1,-1.4895,5.468,-0.0885,312.82,0.1,
-1.6875,5.789,-0.0875,312.441,0.1,-1.6179999999999999,5.776,-0.003,312.361,0.1,-1.492,5.742,0.0165,312.33,0.1,-1.4015,5.751,-0.0115,312.3,0.1,-1.3450000000000002,5.797499999999999,0.0475,312.258,0.1,-1.271,5.8294999999999995,0.058499999999999996,312.313,0.1,-1.162,5.7875,0.0225,312.346,0.1,-1.0825,5.664,0.0435,312.421,0.1,-1.1095,5.6485,-0.051500000000000004,312.524,0.1,-1.2469999999999999,5.782,-0.039,312.378,0.1,-1.4045,5.577,0.215,312.342,0.1,-1.4460000000000002,5.3145,0.186,312.553,0.1,-1.373,5.4715,-0.0015,312.661,0.1,-1.321,5.49,-0.097,312.705,0.1,-1.3575,5.484,-0.159,312.701,0.1,-1.375,5.536,-0.0625,312.627,0.1,
-1.673,5.821999999999999,-0.067,312.359,0.1,-1.6085,5.7595,0.025500000000000002,312.34,0.1,-1.501,5.6625,0.02,312.372,0.1,-1.409,5.6175,0.006,312.363,0.1,-1.3575,5.6575,0.041999999999999996,312.33,0.1,-1.3445,5.6875,0.025500000000000002,312.377,0.1,-1.267,5.6965,0.049,312.349,0.1,-1.1705,5.5675,0.055499999999999994,312.426,0.1,-1.2105000000000001,5.4605,-0.095,312.565,0.1,-1.2945,5.6274999999999995,-0.011,312.421,0.1,-1.3145,5.4905,0.267,312.461,0.1,-1.319,5.261,-0.0475,312.712,0.1,-1.3285,5.41,-0.1385,312.683,0.1,-1.3345,5.4665,-0.172,312.674,0.1,-1.3365,5.5165,-0.21,312.594,0.1,-1.2725,5.5455000000000005,0.0095,312.463,0.1,
-1.6875,5.8085,-0.0375,312.316,0.1,-1.621,5.7595,0.0305,312.343,0.1,-1.5195,5.6665,0.027000000000000003,312.401,0.1,-1.4075000000000002,5.5995,0.0285,312.417,0.1,-1.3525,5.612,0.0015,312.408,0.1,-1.401,5.6255,0.002,312.415,0.1,-1.409,5.6125,0.08149999999999999,312.43,0.1,-1.3485,5.534,0.042,312.51,0.1,-1.348,5.442,-0.1255,312.576,0.1,-1.3155000000000001,5.591,0.0155,312.466,0.1,-1.267,5.403499999999999,0.138,312.623,0.1,-1.2959999999999998,5.18,-0.2685,312.82,0.1,-1.3054999999999999,5.372,-0.12,312.588,0.1,-1.3175,5.449,-0.174,312.589,0.1,-1.317,5.511,-0.185,312.446,0.1,-1.2109999999999999,5.4935,0.1355,312.326,0.1,
-1.6925,5.75,-0.023,312.334,0.1,-1.6355,5.7265,0.01,312.382,0.1,-1.528,5.682,0.0325,312.417,0.1,-1.397,5.646,0.0485,312.444,0.1,-1.334,5.6425,-0.040999999999999995,312.461,0.1,-1.3895,5.6515,-0.0155,312.427,0.1,-1.4735,5.579000000000001,0.0675,312.532,0.1,-1.5074999999999998,5.531000000000001,0.017,312.629,0.1,-1.4674999999999998,5.534,-0.1305,312.589,0.1,-1.3025,5.6615,0.0435,312.481,0.1,-1.2255,5.377,0.013500000000000002,312.656,0.1,-1.2865,5.1075,-0.293,312.802,0.1,-1.27,5.3825,-0.078,312.472,0.1,-1.3050000000000002,5.4285,-0.193,312.49,0.1,-1.3345,5.4305,-0.054,312.299,0.1,-1.218,5.372,0.2115,312.312,0.1,
-1.6404999999999998,5.725,-0.0175,312.355,0.1,-1.6139999999999999,5.6975,0.001,312.426,0.1,-1.5225,5.6625,0.013,312.469,0.1,-1.389,5.6715,0.013,312.483,0.1,-1.315,5.6685,-0.0815,312.49,0.1,-1.322,5.678,-0.043,312.435,0.1,-1.4075000000000002,5.5825,0.015,312.56,0.1,-1.526,5.534000000000001,0.0,312.667,0.1,-1.5175,5.6185,-0.108,312.603,0.1,-1.322,5.741,0.0485,312.499,0.1,-1.204,5.4415,-0.032,312.617,0.1,-1.2005,5.1625,-0.22399999999999998,312.663,0.1,-1.1800000000000002,5.427,-0.15450000000000003,312.412,0.1,-1.2970000000000002,5.412,-0.1905,312.383,0.1,-1.383,5.3045,0.1325,312.259,0.1,-1.284,5.161,0.1465,312.428,0.1,
-1.5525,5.782,-0.029,312.345,0.1,-1.5325,5.74,0.0055,312.41,0.1,-1.4845000000000002,5.647,-0.0195,312.515,0.1,-1.3860000000000001,5.651,-0.0605,312.525,0.1,-1.3065,5.6515,-0.1005,312.48,0.1,-1.256,5.646,-0.079,312.44,0.1,-1.2685,5.583,-0.026000000000000002,312.496,0.1,-1.3860000000000001,5.5295000000000005,-0.0235,312.6,0.1,-1.4580000000000002,5.6080000000000005,-0.096,312.61,0.1,-1.3639999999999999,5.707,0.040999999999999995,312.543,0.1,-1.241,5.4990000000000006,-0.0675,312.616,0.1,-1.1405,5.324,-0.191,312.555,0.1,-1.0905,5.4855,-0.239,312.37,0.1,-1.202,5.462,-0.1095,312.22,0.1,-1.3345,5.25,0.2695,312.281,0.1,-1.344,4.949,0.0115,312.52,0.1,
-1.5125000000000002,5.864000000000001,-0.0775,312.333,0.1,-1.459,5.8325,-0.010499999999999999,312.354,0.1,-1.4295,5.688000000000001,-0.042499999999999996,312.488,0.1,-1.384,5.6235,-0.088,312.524,0.1,-1.3175,5.605,-0.099,312.455,0.1,-1.2325,5.579000000000001,-0.10200000000000001,312.43,0.1,-1.161,5.5585,-0.0505,312.419,0.1,-1.2185,5.502000000000001,-0.0885,312.508,0.1,-1.3359999999999999,5.505,-0.13,312.594,0.1,-1.3519999999999999,5.5365,0.0465,312.582,0.1,-1.301,5.4335,-0.10500000000000001,312.662,0.1,-1.202,5.4275,-0.191,312.537,0.1,-1.0875,5.547000000000001,-0.2375,312.325,0.1,-1.052,5.6129999999999995,0.001,312.077,0.1,-1.1675,5.352,0.29,312.291,0.1,-1.3335,4.9125,-0.0655,312.5,0.1,
-1.5625,5.859500000000001,-0.0935,312.344,0.1,-1.471,5.8695,-0.018000000000000002,312.325,0.1,-1.4224999999999999,5.745,-0.06,312.43,0.1,-1.3955,5.6055,-0.1075,312.484,0.1,-1.3365,5.5405,-0.096,312.441,0.1,-1.2425000000000002,5.502000000000001,-0.091,312.411,0.1,-1.1555,5.4855,-0.067,312.401,0.1,-1.1835,5.4355,-0.181,312.474,0.1,-1.274,5.394,-0.1805,312.545,0.1,-1.2925,5.354,0.0345,312.581,0.1,-1.3050000000000002,5.2885,-0.12,312.671,0.1,-1.2925,5.405,-0.1845,312.551,0.1,-1.1524999999999999,5.6035,-0.185,312.309,0.1,-0.986,5.7915,0.0445,312.057,0.1,-1.043,5.5405,0.212,312.269,0.1,-1.264,5.0905000000000005,-0.065,312.427,0.1,
-1.6295000000000002,5.7364999999999995,-0.036000000000000004,312.394,0.1,-1.5255,5.784,-0.026500000000000003,312.369,0.1,-1.4885000000000002,5.7145,-0.0725,312.409,0.1,-1.4515,5.58,-0.10350000000000001,312.434,0.1,-1.3575,5.4855,-0.0775,312.424,0.1,-1.2605,5.4305,-0.07200000000000001,312.423,0.1,-1.23,5.372999999999999,-0.097,312.45,0.1,-1.2865000000000002,5.3445,-0.255,312.49,0.1,-1.314,5.358,-0.202,312.474,0.1,-1.2445,5.3025,-0.0165,312.526,0.1,-1.2305000000000001,5.217499999999999,-0.115,312.592,0.1,-1.276,5.367,-0.1675,312.528,0.1,-1.2005,5.659,-0.17099999999999999,312.351,0.1,-1.0394999999999999,5.882,-0.027,312.149,0.1,-1.033,5.6535,0.106,312.263,0.1,-1.1795,5.3115000000000006,-0.025,312.38,0.1,
-1.6440000000000001,5.5785,-0.012,312.479,0.1,-1.599,5.618,-0.092,312.46,0.1,-1.599,5.59,-0.099,312.424,0.1,-1.5310000000000001,5.5595,-0.043,312.382,0.1,-1.3995000000000002,5.477,-0.07450000000000001,312.432,0.1,-1.3054999999999999,5.408,-0.092,312.476,0.1,-1.3159999999999998,5.308999999999999,-0.1655,312.514,0.1,-1.3835,5.2895,-0.275,312.487,0.1,-1.3495,5.416,-0.187,312.383,0.1,-1.201,5.389,-0.0595,312.413,0.1,-1.1035,5.2925,-0.089,312.462,0.1,-1.121,5.433999999999999,-0.1515,312.447,0.1,-1.1275,5.714,-0.212,312.369,0.1,-1.048,5.846500000000001,-0.047,312.176,0.1,-1.0155,5.646000000000001,0.07,312.248,0.1,-1.0939999999999999,5.4205000000000005,0.012499999999999999,312.366,0.1,
-1.6345,5.487,-0.0615,312.527,0.1,-1.6335,5.493,-0.14100000000000001,312.48,0.1,-1.6524999999999999,5.499,-0.1205,312.44,0.1,-1.58,5.531499999999999,-0.066,312.416,0.1,-1.4569999999999999,5.500500000000001,-0.10500000000000001,312.471,0.1,-1.3655,5.4605,-0.1345,312.502,0.1,-1.351,5.3759999999999994,-0.1995,312.497,0.1,-1.368,5.3294999999999995,-0.216,312.433,0.1,-1.295,5.5095,-0.1365,312.282,0.1,-1.133,5.484500000000001,-0.051500000000000004,312.287,0.1,-0.992,5.4275,-0.0695,312.355,0.1,-0.9834999999999999,5.577999999999999,-0.1615,312.349,0.1,-1.0325,5.7575,-0.16849999999999998,312.266,0.1,-0.992,5.741,0.1075,312.113,0.1,-0.977,5.599500000000001,0.1,312.232,0.1,-1.079,5.418,-0.0014999999999999996,312.383,0.1,
-1.653,5.5245,-0.0695,312.501,0.1,-1.5394999999999999,5.524,-0.126,312.412,0.1,-1.5194999999999999,5.553,-0.0595,312.387,0.1,-1.537,5.4715,-0.10850000000000001,312.495,0.1,-1.475,5.514,-0.1095,312.469,0.1,-1.3785,5.545999999999999,-0.1525,312.45,0.1,-1.3315000000000001,5.5545,-0.10300000000000001,312.383,0.1,-1.301,5.4675,-0.101,312.369,0.1,-1.213,5.554,-0.043,312.22,0.1,-1.0625,5.479,-0.015,312.237,0.1,-0.9570000000000001,5.487,-0.0905,312.311,0.1,-1.0170000000000001,5.68,-0.186,312.26,0.1,-1.0985,5.779,0.0425,312.119,0.1,-1.053,5.6155,0.1975,312.192,0.1,-1.0705,5.5455000000000005,0.025,312.316,0.1,-1.206,5.3645,-0.07400000000000001,312.427,0.1,
-1.6880000000000002,5.581,-0.024,312.455,0.1,-1.4725000000000001,5.589,-0.10200000000000001,312.368,0.1,-1.365,5.623,-0.0015,312.319,0.1,-1.4485000000000001,5.435,-0.058499999999999996,312.485,0.1,-1.468,5.514,-0.099,312.432,0.1,-1.3765,5.587,-0.1085,312.368,0.1,-1.302,5.662,0.024999999999999998,312.263,0.1,-1.266,5.557,0.0235,312.295,0.1,-1.1829999999999998,5.555,0.059,312.24,0.1,-1.029,5.445,0.003,312.299,0.1,-0.976,5.484,-0.1395,312.315,0.1,-1.1124999999999998,5.706,-0.16799999999999998,312.161,0.1,-1.232,5.783,0.261,312.079,0.1,-1.218,5.55,0.0395,312.403,0.1,-1.2475,5.513,-0.08549999999999999,312.379,0.1,-1.339,5.332,-0.1325,312.419,0.1,
-2.097,5.25,-0.088,312.792,0.1,-2.029,5.3705,-0.09,312.72,0.1,-1.9525000000000001,5.4485,-0.054,312.67,0.1,-1.8815,5.462,-0.041499999999999995,312.662,0.1,-1.8535,5.394,-0.096,312.676,0.1,-1.8225,5.329000000000001,-0.040499999999999994,312.643,0.1,-1.7435,5.2745,0.0035,312.67,0.1,-1.673,5.304500000000001,-0.07600000000000001,312.702,0.1,-1.6555,5.359500000000001,-0.129,312.67,0.1,-1.6825,5.384,-0.08499999999999999,312.666,0.1,-1.699,5.2515,-0.1085,312.72,0.1,-1.645,5.185499999999999,-0.17099999999999999,312.683,0.1,-1.5785,5.2330000000000005,0.0225,312.597,0.1,-1.6215000000000002,5.137499999999999,0.3305,312.713,0.1,-1.7530000000000001,4.884,0.259,312.955,0.1,-1.8315000000000001,4.728,0.033,313.041,0.1,
-2.0915,5.2155000000000005,-0.0885,312.766,0.1,-2.0,5.3445,-0.07150000000000001,312.676,0.1,-1.8900000000000001,5.422000000000001,-0.042499999999999996,312.62,0.1,-1.811,5.463,-0.047,312.594,0.1,-1.7845,5.4295,-0.0625,312.585,0.1,-1.7325,5.3825,0.049,312.568,0.1,-1.6385,5.295999999999999,0.037,312.654,0.1,-1.5619999999999998,5.3475,-0.033,312.666,0.1,-1.5415,5.4515,-0.0645,312.615,0.1,-1.634,5.4545,-0.07500000000000001,312.619,0.1,-1.79,5.1945,-0.0785,312.693,0.1,-1.8215,4.994999999999999,-0.033,312.68,0.1,-1.7054999999999998,5.077500000000001,0.122,312.662,0.1,-1.6515,5.0875,0.286,312.819,0.1,-1.7530000000000001,4.9365000000000006,0.12,313.021,0.1,-1.8535,4.8445,-0.0605,313.058,0.1,
-2.0549999999999997,5.215,-0.093,312.717,0.1,-1.964,5.2875,-0.0515,312.63,0.1,-1.842,5.326499999999999,-0.012,312.575,0.1,-1.7614999999999998,5.3685,-0.028499999999999998,312.546,0.1,-1.73,5.375500000000001,0.0035,312.527,0.1,-1.6795,5.3525,0.0875,312.558,0.1,-1.6,5.2515,0.0345,312.648,0.1,-1.5185,5.255,0.015,312.658,0.1,-1.483,5.362500000000001,-0.021,312.633,0.1,-1.597,5.4065,-0.056,312.584,0.1,-1.8005,5.1114999999999995,0.043000000000000003,312.62,0.1,-1.8535,4.851,0.1585,312.68,0.1,-1.7305000000000001,4.9719999999999995,0.124,312.758,0.1,-1.6595,4.9990000000000006,0.0965,312.875,0.1,-1.7425,4.9365000000000006,-0.034,312.964,0.1,-1.83,4.9254999999999995,-0.0795,312.957,0.1,
-2.0244999999999997,5.24,-0.0905,312.658,0.1,-1.944,5.24,-0.017,312.598,0.1,-1.8264999999999998,5.218,0.0135,312.577,0.1,-1.7465,5.2330000000000005,-0.0065,312.557,0.1,-1.7029999999999998,5.2725,0.0505,312.533,0.1,-1.6745,5.263,0.07100000000000001,312.594,0.1,-1.627,5.176,0.028,312.637,0.1,-1.5545,5.1025,0.0505,312.667,0.1,-1.5345,5.15,-0.04,312.704,0.1,-1.617,5.269500000000001,-0.025,312.584,0.1,-1.721,5.0615000000000006,0.227,312.574,0.1,-1.7305,4.807,0.1955,312.753,0.1,-1.666,4.929,-0.002,312.834,0.1,-1.649,4.938000000000001,-0.0915,312.871,0.1,-1.7225,4.932,-0.14550000000000002,312.871,0.1,-1.7694999999999999,4.964499999999999,-0.054000000000000006,312.818,0.1,
-2.0095,5.266,-0.0665,312.599,0.1,-1.9385,5.2325,0.017,312.586,0.1,-1.8365,5.1615,0.018000000000000002,312.616,0.1,-1.7545000000000002,5.138,0.0035,312.612,0.1,-1.7015,5.185,0.04,312.587,0.1,-1.7025000000000001,5.1815,0.034,312.632,0.1,-1.6895,5.109,0.0545,312.637,0.1,-1.6425,4.9935,0.0625,312.694,0.1,-1.6575,4.975,-0.08499999999999999,312.765,0.1,-1.6789999999999998,5.1405,-0.009000000000000001,312.638,0.1,-1.6404999999999998,5.022,0.2695,312.669,0.1,-1.6105,4.8065,-0.015,312.868,0.1,-1.61,4.912,-0.137,312.841,0.1,-1.633,4.932,-0.1685,312.832,0.1,-1.6825,4.9559999999999995,-0.206,312.775,0.1,-1.685,4.9715,0.008,312.685,0.1,
-1.9995,5.265000000000001,-0.035,312.564,0.1,-1.933,5.235,0.031,312.588,0.1,-1.8425,5.1625,0.023,312.638,0.1,-1.7535,5.1225000000000005,0.019,312.653,0.1,-1.7025000000000001,5.1575,-0.0035,312.643,0.1,-1.7275,5.1685,0.0035,312.647,0.1,-1.748,5.093,0.09,312.674,0.1,-1.7415,4.9719999999999995,0.042,312.751,0.1,-1.7645,4.9325,-0.1185,312.79,0.1,-1.7075,5.089,0.0085,312.692,0.1,-1.6044999999999998,4.958500000000001,0.14250000000000002,312.8,0.1,-1.5915,4.771,-0.247,312.942,0.1,-1.5945,4.9165,-0.14650000000000002,312.766,0.1,-1.613,4.9535,-0.1645,312.756,0.1,-1.642,4.9735,-0.1815,312.651,0.1,-1.5985,4.952500000000001,0.122,312.568,0.1,
-1.9825,5.2485,-0.0215,312.569,0.1,-1.9215,5.2219999999999995,0.018,312.612,0.1,-1.8304999999999998,5.177,0.0275,312.644,0.1,-1.7345,5.1555,0.035,312.667,0.1,-1.6925,5.176,-0.0475,312.678,0.1,-1.7160000000000002,5.2085,-0.020499999999999997,312.646,0.1,-1.7555,5.1335,0.076,312.724,0.1,-1.8025,5.021,0.009,312.813,0.1,-1.8155000000000001,5.0025,-0.129,312.794,0.1,-1.689,5.119999999999999,0.036500000000000005,312.71,0.1,-1.5830000000000002,4.9125,0.0205,312.836,0.1,-1.59,4.728,-0.3085,312.924,0.1,-1.57,4.9585,-0.124,312.671,0.1,-1.6095000000000002,4.975,-0.173,312.674,0.1,-1.647,4.9350000000000005,-0.0485,312.537,0.1,-1.5665,4.8835,0.2025,312.544,0.1,
-1.9385,5.2620000000000005,-0.0185,312.575,0.1,-1.8885,5.2235,0.0055,312.634,0.1,-1.8065,5.1754999999999995,0.0095,312.673,0.1,-1.714,5.177,0.001,312.69,0.1,-1.678,5.184,-0.0865,312.695,0.1,-1.676,5.22,-0.049,312.649,0.1,-1.6989999999999998,5.172499999999999,0.017,312.73,0.1,-1.776,5.0885,-0.0085,312.815,0.1,-1.8014999999999999,5.099500000000001,-0.1085,312.785,0.1,-1.6724999999999999,5.178,0.048,312.715,0.1,-1.5685,4.9315,-0.02,312.809,0.1,-1.5379999999999998,4.763,-0.254,312.825,0.1,-1.507,5.019,-0.185,312.616,0.1,-1.6035,5.0009999999999994,-0.174,312.585,0.1,-1.676,4.8575,0.1355,312.508,0.1,-1.5985,4.7325,0.155,312.63,0.1,
-1.8845,5.3065,-0.0295,312.564,0.1,-1.8275000000000001,5.266500000000001,0.0025,312.614,0.1,-1.7685,5.170999999999999,-0.0185,312.698,0.1,-1.7065000000000001,5.1605,-0.0675,312.713,0.1,-1.678,5.154999999999999,-0.1055,312.685,0.1,-1.65,5.162,-0.083,312.656,0.1,-1.6244999999999998,5.152,-0.0325,312.686,0.1,-1.6720000000000002,5.1155,-0.0245,312.753,0.1,-1.7200000000000002,5.134,-0.0905,312.769,0.1,-1.6615000000000002,5.173,0.047,312.733,0.1,-1.582,4.967499999999999,-0.046,312.801,0.1,-1.5070000000000001,4.865,-0.20650000000000002,312.752,0.1,-1.4555,5.067,-0.2535,312.583,0.1,-1.5270000000000001,5.0735,-0.1105,312.453,0.1,-1.6195,4.837,0.275,312.521,0.1,-1.6315,4.5634999999999994,0.0345,312.711,0.1,
-1.8715000000000002,5.313000000000001,-0.075,312.567,0.1,-1.799,5.3004999999999995,-0.016,312.579,0.1,-1.744,5.1754999999999995,-0.0395,312.678,0.1,-1.7135,5.115,-0.094,312.706,0.1,-1.698,5.092,-0.1085,312.662,0.1,-1.6635,5.066,-0.106,312.651,0.1,-1.5975,5.07,-0.059,312.64,0.1,-1.5895000000000001,5.067,-0.0815,312.689,0.1,-1.629,5.075,-0.12,312.746,0.1,-1.6235,5.0715,0.049,312.752,0.1,-1.6075,4.938000000000001,-0.08249999999999999,312.828,0.1,-1.5685,4.9295,-0.195,312.744,0.1,-1.4849999999999999,5.089,-0.256,312.56,0.1,-1.423,5.196,-0.021500000000000002,312.347,0.1,-1.478,4.9325,0.3035,312.52,0.1,-1.6095,4.516500000000001,-0.036,312.709,0.1,
-1.9075,5.228,-0.0925,312.591,0.1,-1.842,5.25,-0.0245,312.58,0.1,-1.7825,5.15,-0.057999999999999996,312.655,0.1,-1.752,5.041,-0.1105,312.688,0.1,-1.73,4.99,-0.10650000000000001,312.657,0.1,-1.6960000000000002,4.957,-0.0955,312.641,0.1,-1.6400000000000001,4.948,-0.07150000000000001,312.639,0.1,-1.623,4.954000000000001,-0.16899999999999998,312.679,0.1,-1.6235,4.970000000000001,-0.1775,312.714,0.1,-1.586,4.948,0.025500000000000002,312.748,0.1,-1.6045,4.86,-0.11,312.832,0.1,-1.65,4.9190000000000005,-0.189,312.761,0.1,-1.5755,5.098,-0.20900000000000002,312.57,0.1,-1.413,5.3004999999999995,0.01,312.351,0.1,-1.4005,5.0695,0.224,312.506,0.1,-1.554,4.631,-0.033,312.655,0.1,
-1.9395,5.1015,-0.0435,312.632,0.1,-1.891,5.1295,-0.028999999999999998,312.626,0.1,-1.8719999999999999,5.0585,-0.07100000000000001,312.666,0.1,-1.8345,4.9535,-0.109,312.681,0.1,-1.766,4.8865,-0.086,312.667,0.1,-1.717,4.8535,-0.0765,312.663,0.1,-1.7105000000000001,4.819,-0.097,312.687,0.1,-1.7365,4.8294999999999995,-0.243,312.707,0.1,-1.7005,4.8975,-0.214,312.678,0.1,-1.583,4.8985,-0.034999999999999996,312.71,0.1,-1.561,4.828,-0.1175,312.772,0.1,-1.6475,4.9165,-0.174,312.748,0.1,-1.6425,5.1255,-0.189,312.62,0.1,-1.5055,5.323,-0.052500000000000005,312.449,0.1,-1.44,5.1259999999999994,0.112,312.516,0.1,-1.51,4.7875,0.0014999999999999996,312.614,0.1,
-1.94,5.0169999999999995,-0.024,312.692,0.1,-1.9289999999999998,5.019500000000001,-0.0935,312.692,0.1,-1.9625,4.9515,-0.0995,312.688,0.1,-1.917,4.909,-0.059,312.667,0.1,-1.802,4.8535,-0.08549999999999999,312.695,0.1,-1.73,4.8149999999999995,-0.10200000000000001,312.72,0.1,-1.7535,4.753500000000001,-0.167,312.744,0.1,-1.8105,4.7565,-0.269,312.716,0.1,-1.754,4.8965,-0.21050000000000002,312.625,0.1,-1.5815000000000001,4.932,-0.07650000000000001,312.629,0.1,-1.4775,4.8855,-0.095,312.668,0.1,-1.5265,4.9955,-0.1545,312.68,0.1,-1.5935000000000001,5.1715,-0.2115,312.638,0.1,-1.549,5.261,-0.0595,312.489,0.1,-1.4835,5.0954999999999995,0.0735,312.525,0.1,-1.4905,4.8740000000000006,0.031,312.604,0.1,
-1.9475,4.98,-0.07050000000000001,312.733,0.1,-1.944,4.973000000000001,-0.153,312.698,0.1,-1.9780000000000002,4.927,-0.1315,312.687,0.1,-1.936,4.914,-0.068,312.684,0.1,-1.8295,4.891,-0.121,312.728,0.1,-1.741,4.8774999999999995,-0.1535,312.742,0.1,-1.734,4.816000000000001,-0.2125,312.73,0.1,-1.7675,4.7765,-0.224,312.675,0.1,-1.7094999999999998,4.9315,-0.159,312.554,0.1,-1.5415,4.963,-0.056499999999999995,312.537,0.1,-1.3940000000000001,4.965999999999999,-0.073,312.579,0.1,-1.408,5.1114999999999995,-0.1565,312.583,0.1,-1.506,5.203,-0.153,312.545,0.1,-1.5085,5.1530000000000005,0.099,312.446,0.1,-1.4855,5.053,0.10200000000000001,312.531,0.1,-1.5245000000000002,4.8865,0.013500000000000002,312.631,0.1,
-1.9899999999999998,4.989,-0.08199999999999999,312.73,0.1,-1.883,5.0145,-0.14650000000000002,312.642,0.1,-1.8450000000000002,5.031000000000001,-0.07650000000000001,312.616,0.1,-1.848,4.9350000000000005,-0.0935,312.705,0.1,-1.8025,4.949,-0.122,312.704,0.1,-1.721,4.99,-0.16749999999999998,312.686,0.1,-1.6755,4.995,-0.1305,312.628,0.1,-1.6635,4.9005,-0.1255,312.612,0.1,-1.6085,4.9495000000000005,-0.0565,312.501,0.1,-1.4755,4.9239999999999995,-0.0085,312.506,0.1,-1.371,4.974,-0.0915,312.547,0.1,-1.4275,5.1695,-0.1745,312.494,0.1,-1.5265,5.208500000000001,0.0575,312.411,0.1,-1.5230000000000001,5.0245,0.20500000000000002,312.504,0.1,-1.5525000000000002,5.004,0.0345,312.608,0.1,-1.6465,4.8545,-0.0655,312.685,0.1,
-2.0309999999999997,5.01,-0.042499999999999996,312.706,0.1,-1.849,5.06,-0.1295,312.614,0.1,-1.7109999999999999,5.115,-0.0085,312.541,0.1,-1.7205,4.948,-0.0435,312.662,0.1,-1.7365,4.978,-0.0975,312.643,0.1,-1.686,5.047,-0.11599999999999999,312.599,0.1,-1.626,5.106,0.0004999999999999996,312.511,0.1,-1.589,4.988,-0.005,312.535,0.1,-1.524,4.95,0.053000000000000005,312.502,0.1,-1.415,4.885,0.003,312.555,0.1,-1.3925,4.951,-0.142,312.563,0.1,-1.4985,5.174,-0.158,312.42,0.1,-1.576,5.206,0.275,312.36,0.1,-1.5825,4.956,0.078,312.656,0.1,-1.6505,4.971,-0.07250000000000001,312.653,0.1,-1.7429999999999999,4.83,-0.1335,312.684,0.1,
-2.3795,4.7115,-0.0965,312.954,0.1,-2.3395,4.821,-0.10400000000000001,312.904,0.1,-2.2984999999999998,4.8845,-0.0655,312.878,0.1,-2.2554999999999996,4.8795,-0.052500000000000005,312.887,0.1,-2.2355,4.797,-0.0985,312.905,0.1,-2.186,4.7330000000000005,-0.046,312.878,0.1,-2.0835,4.699,-0.004999999999999999,312.884,0.1,-2.0225,4.727499999999999,-0.09,312.904,0.1,-2.0475,4.7455,-0.14150000000000001,312.893,0.1,-2.1075,4.73,-0.0895,312.892,0.1,-2.1464999999999996,4.609500000000001,-0.096,312.933,0.1,-2.125,4.5915,-0.1685,312.921,0.1,-2.0564999999999998,4.7285,0.0085,312.859,0.1,-2.0345,4.6715,0.3395,312.933,0.1,-2.0955000000000004,4.383,0.28300000000000003,313.108,0.1,-2.1485000000000003,4.201,0.040999999999999995,313.17,0.1,
-2.375,4.661,-0.0995,312.939,0.1,-2.2965,4.7715,-0.09,312.872,0.1,-2.2184999999999997,4.8415,-0.0535,312.837,0.1,-2.1799999999999997,4.867,-0.049,312.834,0.1,-2.183,4.821999999999999,-0.057499999999999996,312.845,0.1,-2.133,4.769,0.053,312.837,0.1,-2.0145,4.7135,0.0385,312.875,0.1,-1.9249999999999998,4.7775,-0.039,312.855,0.1,-1.9224999999999999,4.8535,-0.0655,312.818,0.1,-2.0205,4.832000000000001,-0.065,312.829,0.1,-2.1675,4.5725,-0.0455,312.897,0.1,-2.2225,4.393,-0.025,312.919,0.1,-2.128,4.5375,0.10650000000000001,312.908,0.1,-2.037,4.601,0.288,312.998,0.1,-2.082,4.4435,0.14250000000000002,313.133,0.1,-2.161,4.3205,-0.054,313.16,0.1,
-2.367,4.6645,-0.101,312.91,0.1,-2.2720000000000002,4.726,-0.068,312.847,0.1,-2.1685,4.763,-0.0195,312.81,0.1,-2.117,4.797000000000001,-0.0235,312.799,0.1,-2.1175,4.794499999999999,0.01,312.806,0.1,-2.1025,4.7455,0.0985,312.848,0.1,-2.0345,4.652,0.041499999999999995,312.904,0.1,-1.9300000000000002,4.6965,0.017,312.864,0.1,-1.8715000000000002,4.8134999999999994,-0.0125,312.814,0.1,-1.9585000000000001,4.841,-0.038,312.784,0.1,-2.123,4.543,0.073,312.837,0.1,-2.171,4.2835,0.158,312.914,0.1,-2.0785,4.411,0.11149999999999999,312.97,0.1,-2.0199999999999996,4.471,0.1015,313.044,0.1,-2.091,4.4190000000000005,-0.0115,313.102,0.1,-2.17,4.3835,-0.07100000000000001,313.095,0.1,
-2.3615,4.6905,-0.0935,312.874,0.1,-2.2705,4.704,-0.0305,312.835,0.1,-2.161,4.6935,0.010499999999999999,312.824,0.1,-2.092,4.715,-0.002,312.814,0.1,-2.0614999999999997,4.7475000000000005,0.053,312.808,0.1,-2.078,4.6955,0.08299999999999999,312.876,0.1,-2.0915,4.564,0.034,312.928,0.1,-2.0255,4.5405,0.057999999999999996,312.914,0.1,-1.959,4.652,-0.0285,312.885,0.1,-1.9869999999999999,4.7575,-0.010499999999999999,312.79,0.1,-2.0374999999999996,4.5465,0.2385,312.805,0.1,-2.0145,4.2989999999999995,0.20500000000000002,312.953,0.1,-1.9585,4.387499999999999,-0.0025,313.006,0.1,-1.9765000000000001,4.386,-0.086,313.038,0.1,-2.0869999999999997,4.38,-0.132,313.04,0.1,-2.1639999999999997,4.394,-0.0455,313.009,0.1,
-2.3465,4.71,-0.066,312.838,0.1,-2.2685,4.7055,0.0085,312.833,0.1,-2.1719999999999997,4.661,0.016,312.86,0.1,-2.0999999999999996,4.6585,0.001,312.861,0.1,-2.045,4.712,0.0385,312.844,0.1,-2.06,4.6754999999999995,0.041999999999999996,312.886,0.1,-2.1125,4.5215,0.06,312.925,0.1,-2.1155,4.4190000000000005,0.069,312.963,0.1,-2.105,4.489000000000001,-0.07500000000000001,312.965,0.1,-2.064,4.6545,-0.007,312.854,0.1,-1.967,4.553,0.272,312.877,0.1,-1.902,4.3525,0.017,313.024,0.1,-1.891,4.415,-0.1355,312.998,0.1,-1.931,4.3965,-0.165,312.991,0.1,-2.029,4.396,-0.202,312.957,0.1,-2.098,4.3975,0.006,312.908,0.1,
-2.3114999999999997,4.721500000000001,-0.0325,312.812,0.1,-2.2455,4.7105,0.0315,312.834,0.1,-2.1654999999999998,4.6594999999999995,0.018500000000000003,312.875,0.1,-2.0999999999999996,4.6455,0.0095,312.888,0.1,-2.053,4.703,-0.009000000000000001,312.879,0.1,-2.0540000000000003,4.712,0.005,312.878,0.1,-2.0875000000000004,4.5735,0.0975,312.918,0.1,-2.135,4.41,0.042,312.993,0.1,-2.181,4.422000000000001,-0.1115,313.004,0.1,-2.1,4.587999999999999,0.0015,312.918,0.1,-1.942,4.513,0.147,312.977,0.1,-1.886,4.3629999999999995,-0.22549999999999998,313.064,0.1,-1.8835,4.4615,-0.173,312.943,0.1,-1.9085,4.4575,-0.155,312.923,0.1,-1.966,4.436,-0.178,312.857,0.1,-1.9849999999999999,4.4105,0.1085,312.81,0.1,
-2.2720000000000002,4.747,-0.02,312.804,0.1,-2.2075,4.7175,0.025500000000000002,312.842,0.1,-2.133,4.672,0.0225,312.871,0.1,-2.072,4.665,0.0215,312.891,0.1,-2.051,4.7095,-0.054,312.895,0.1,-2.043,4.766,-0.025500000000000002,312.865,0.1,-2.038,4.6885,0.08349999999999999,312.916,0.1,-2.097,4.5115,0.001,312.997,0.1,-2.1625,4.4704999999999995,-0.1275,313.0,0.1,-2.075,4.5794999999999995,0.0295,312.94,0.1,-1.9405000000000001,4.448,0.0275,313.015,0.1,-1.8935,4.349,-0.324,313.046,0.1,-1.87,4.5344999999999995,-0.16999999999999998,312.87,0.1,-1.9135,4.5215,-0.1525,312.859,0.1,-1.959,4.4384999999999994,-0.043,312.775,0.1,-1.9144999999999999,4.394,0.1935,312.777,0.1,
-2.237,4.799,-0.0195,312.794,0.1,-2.1635,4.7490000000000006,0.01,312.842,0.1,-2.09,4.688,0.006500000000000001,312.878,0.1,-2.0389999999999997,4.6825,-0.011000000000000001,312.897,0.1,-2.042,4.699,-0.091,312.901,0.1,-2.0300000000000002,4.7625,-0.055,312.863,0.1,-1.9895,4.763,0.019,312.9,0.1,-2.0255,4.643,-0.017,312.962,0.1,-2.0854999999999997,4.5805,-0.109,312.967,0.1,-2.0229999999999997,4.615,0.0475,312.932,0.1,-1.9335,4.421,-0.008,313.001,0.1,-1.876,4.3635,-0.2835,312.987,0.1,-1.834,4.611000000000001,-0.21500000000000002,312.819,0.1,-1.9100000000000001,4.59,-0.1575,312.786,0.1,-1.969,4.41,0.138,312.756,0.1,-1.9125,4.3035,0.1635,312.831,0.1,
-2.216,4.8315,-0.0305,312.783,0.1,-2.1224999999999996,4.793,-0.0005,312.818,0.1,-2.0525,4.695,-0.018,312.881,0.1,-2.027,4.669499999999999,-0.0745,312.9,0.1,-2.0495,4.6579999999999995,-0.1105,312.889,0.1,-2.044,4.678,-0.087,312.871,0.1,-1.9805000000000001,4.721500000000001,-0.039,312.875,0.1,-1.9575,4.7010000000000005,-0.026000000000000002,312.905,0.1,-1.982,4.6605,-0.08499999999999999,312.928,0.1,-1.9595,4.6385000000000005,0.052500000000000005,312.924,0.1,-1.923,4.4350000000000005,-0.0245,312.987,0.1,-1.874,4.406499999999999,-0.2215,312.949,0.1,-1.8205,4.6485,-0.2685,312.795,0.1,-1.851,4.685,-0.1115,312.686,0.1,-1.9035,4.4245,0.28049999999999997,312.76,0.1,-1.919,4.1775,0.0575,312.902,0.1,
-2.23,4.762499999999999,-0.0725,312.801,0.1,-2.138,4.769500000000001,-0.0215,312.805,0.1,-2.0585,4.6625,-0.036500000000000005,312.868,0.1,-2.043,4.606,-0.1,312.888,0.1,-2.0774999999999997,4.579000000000001,-0.1175,312.869,0.1,-2.094,4.553,-0.1095,312.873,0.1,-2.0345,4.582000000000001,-0.067,312.862,0.1,-1.961,4.6325,-0.0745,312.87,0.1,-1.9224999999999999,4.6455,-0.11,312.898,0.1,-1.8955,4.606999999999999,0.051000000000000004,312.923,0.1,-1.9135,4.442,-0.06,312.995,0.1,-1.934,4.432,-0.1985,312.951,0.1,-1.8824999999999998,4.631,-0.27449999999999997,312.795,0.1,-1.7945,4.779,-0.044,312.616,0.1,-1.7890000000000001,4.513,0.317,312.748,0.1,-1.8865,4.12,-0.006500000000000001,312.917,0.1,
-2.2525,4.5965,-0.0915,312.837,0.1,-2.213,4.6315,-0.0305,312.834,0.1,-2.1425,4.555,-0.0565,312.879,0.1,-2.108,4.4765,-0.113,312.892,0.1,-2.123,4.439500000000001,-0.11699999999999999,312.873,0.1,-2.149,4.4115,-0.0995,312.872,0.1,-2.1245000000000003,4.411,-0.0755,312.877,0.1,-2.0625,4.4735,-0.157,312.884,0.1,-1.9725000000000001,4.546,-0.1745,312.884,0.1,-1.879,4.542,0.016,312.914,0.1,-1.903,4.4315,-0.1,312.994,0.1,-2.0065,4.4335,-0.1935,312.97,0.1,-1.9975,4.592499999999999,-0.23299999999999998,312.83,0.1,-1.8395000000000001,4.8095,-0.0245,312.645,0.1,-1.7574999999999998,4.598,0.236,312.742,0.1,-1.8439999999999999,4.170999999999999,-0.0010000000000000009,312.882,0.1,
-2.2485,4.4665,-0.051000000000000004,312.869,0.1,-2.2555,4.4755,-0.031,312.884,0.1,-2.255,4.4030000000000005,-0.069,312.923,0.1,-2.217,4.3265,-0.1145,312.929,0.1,-2.1745,4.288,-0.094,312.909,0.1,-2.1734999999999998,4.2765,-0.081,312.904,0.1,-2.191,4.266,-0.097,312.923,0.1,-2.1870000000000003,4.3155,-0.23049999999999998,312.924,0.1,-2.0875000000000004,4.437,-0.226,312.883,0.1,-1.9220000000000002,4.494,-0.053,312.893,0.1,-1.892,4.439,-0.12,312.953,0.1,-2.0195,4.4665,-0.1805,312.968,0.1,-2.0845000000000002,4.592,-0.20650000000000002,312.89,0.1,-1.971,4.763999999999999,-0.0775,312.749,0.1,-1.847,4.5985,0.118,312.77,0.1,-1.841,4.2635000000000005,0.028,312.848,0.1,
-2.2365,4.4555,-0.036000000000000004,312.905,0.1,-2.2590000000000003,4.420999999999999,-0.0945,312.924,0.1,-2.3255,4.3134999999999994,-0.1,312.953,0.1,-2.302,4.258,-0.07450000000000001,312.952,0.1,-2.2045,4.231,-0.096,312.959,0.1,-2.155,4.223,-0.112,312.963,0.1,-2.1915,4.1985,-0.169,312.974,0.1,-2.2380000000000004,4.2235,-0.263,312.945,0.1,-2.1585,4.3775,-0.23249999999999998,312.867,0.1,-1.962,4.475,-0.0935,312.845,0.1,-1.851,4.4795,-0.101,312.874,0.1,-1.9315,4.5575,-0.158,312.912,0.1,-2.06,4.629,-0.2105,312.906,0.1,-2.0505,4.675,-0.07250000000000001,312.803,0.1,-1.9515,4.5445,0.077,312.801,0.1,-1.8864999999999998,4.3285,0.0495,312.843,0.1,
-2.2605,4.473,-0.0795,312.94,0.1,-2.2545,4.4535,-0.165,312.916,0.1,-2.3035,4.355499999999999,-0.14200000000000002,312.933,0.1,-2.2915,4.2965,-0.07050000000000001,312.952,0.1,-2.2015000000000002,4.2815,-0.137,312.986,0.1,-2.1165000000000003,4.295,-0.172,312.981,0.1,-2.1165000000000003,4.2555,-0.2255,312.962,0.1,-2.1665,4.2225,-0.23199999999999998,312.917,0.1,-2.1245000000000003,4.3535,-0.181,312.826,0.1,-1.95,4.441,-0.061,312.786,0.1,-1.7955,4.505,-0.077,312.802,0.1,-1.833,4.645,-0.152,312.816,0.1,-1.9805000000000001,4.648,-0.1375,312.824,0.1,-2.0255,4.5645,0.091,312.778,0.1,-1.994,4.506,0.104,312.829,0.1,-1.97,4.355,0.028499999999999998,312.879,0.1,
-2.3274999999999997,4.4535,-0.094,312.959,0.1,-2.2264999999999997,4.506,-0.16699999999999998,312.873,0.1,-2.17,4.5085,-0.0935,312.845,0.1,-2.1585,4.3985,-0.07849999999999999,312.916,0.1,-2.1304999999999996,4.383,-0.1345,312.939,0.1,-2.0645,4.433999999999999,-0.1825,312.923,0.1,-2.0205,4.4345,-0.15799999999999997,312.872,0.1,-2.0265,4.3325,-0.14950000000000002,312.856,0.1,-2.004,4.344,-0.069,312.783,0.1,-1.8885,4.3685,-0.002,312.775,0.1,-1.7850000000000001,4.4605,-0.0925,312.783,0.1,-1.8385,4.6585,-0.163,312.729,0.1,-1.9545,4.638,0.07250000000000001,312.703,0.1,-1.9925000000000002,4.434,0.213,312.816,0.1,-2.035,4.463,0.0435,312.9,0.1,-2.088,4.3445,-0.056999999999999995,312.942,0.1,
-2.375,4.439,-0.061,312.957,0.1,-2.226,4.532,-0.156,312.86,0.1,-2.0564999999999998,4.606,-0.0155,312.763,0.1,-1.992,4.461,-0.027999999999999997,312.839,0.1,-2.005,4.441,-0.0965,312.853,0.1,-1.9954999999999998,4.507,-0.1235,312.829,0.1,-1.9500000000000002,4.549,-0.024,312.759,0.1,-1.9125,4.418,-0.033,312.775,0.1,-1.8655,4.344,0.0465,312.763,0.1,-1.801,4.325,0.003,312.81,0.1,-1.809,4.417,-0.1445,312.811,0.1,-1.8845,4.642,-0.1475,312.68,0.1,-1.92,4.63,0.289,312.642,0.1,-1.9475,4.363,0.1165,312.908,0.1,-2.0535,4.43,-0.06,312.927,0.1,-2.1465,4.329,-0.134,312.949,0.1,
-2.66,4.1745,-0.099,313.116,0.1,-2.6449999999999996,4.272,-0.1125,313.086,0.1,-2.6355,4.3215,-0.076,313.083,0.1,-2.6165000000000003,4.298,-0.064,313.108,0.1,-2.6020000000000003,4.201499999999999,-0.1005,313.129,0.1,-2.5380000000000003,4.1395,-0.051000000000000004,313.108,0.1,-2.419,4.125,-0.013499999999999998,313.094,0.1,-2.37,4.1515,-0.10250000000000001,313.104,0.1,-2.4355,4.1335,-0.155,313.116,0.1,-2.5229999999999997,4.0809999999999995,-0.097,313.116,0.1,-2.577,3.9745,-0.08549999999999999,313.143,0.1,-2.584,4.0015,-0.159,313.151,0.1,-2.5170000000000003,4.220000000000001,0.0055,313.112,0.1,-2.4385000000000003,4.2010000000000005,0.34299999999999997,313.148,0.1,-2.435,3.8815,0.297,313.259,0.1,-2.463,3.675,0.045,313.299,0.1,
-2.6565000000000003,4.109,-0.104,313.112,0.1,-2.5895,4.202,-0.101,313.067,0.1,-2.5404999999999998,4.263999999999999,-0.0625,313.051,0.1,-2.5389999999999997,4.2745,-0.053000000000000005,313.07,0.1,-2.5665,4.217499999999999,-0.055,313.099,0.1,-2.5185,4.1594999999999995,0.053,313.099,0.1,-2.3825000000000003,4.132,0.04,313.092,0.1,-2.2845,4.208,-0.0415,313.043,0.1,-2.299,4.2575,-0.069,313.021,0.1,-2.399,4.214,-0.06,313.037,0.1,-2.534,3.958,-0.0195,313.097,0.1,-2.6100000000000003,3.7965,-0.0115,313.153,0.1,-2.537,3.998,0.1015,313.148,0.1,-2.414,4.1129999999999995,0.289,313.175,0.1,-2.4080000000000004,3.9505,0.1585,313.245,0.1,-2.468,3.7965,-0.048,313.262,0.1,
-2.675,4.1155,-0.104,313.101,0.1,-2.576,4.168,-0.078,313.061,0.1,-2.4895,4.204,-0.025,313.04,0.1,-2.463,4.23,-0.0215,313.046,0.1,-2.4905,4.217,0.0125,313.077,0.1,-2.5084999999999997,4.144,0.103,313.129,0.1,-2.457,4.057,0.0505,313.153,0.1,-2.336,4.1385000000000005,0.0245,313.07,0.1,-2.2554999999999996,4.265000000000001,-0.003,312.996,0.1,-2.315,4.2775,-0.023,312.982,0.1,-2.44,3.9785,0.094,313.051,0.1,-2.4829999999999997,3.7199999999999998,0.1595,313.146,0.1,-2.4204999999999997,3.8520000000000003,0.105,313.18,0.1,-2.3745,3.9435000000000002,0.1065,313.211,0.1,-2.4355,3.903,0.007,313.239,0.1,-2.5085,3.841,-0.062,313.232,0.1,
-2.6950000000000003,4.1415,-0.0945,313.09,0.1,-2.5935,4.17,-0.0395,313.069,0.1,-2.4915000000000003,4.172,0.008,313.066,0.1,-2.4305,4.1995000000000005,0.0005,313.066,0.1,-2.4095,4.225,0.051500000000000004,313.076,0.1,-2.4655,4.133,0.0885,313.148,0.1,-2.5385,3.96,0.043,313.208,0.1,-2.4855,3.9805,0.068,313.156,0.1,-2.3775,4.1535,-0.012,313.065,0.1,-2.3529999999999998,4.2455,0.004,312.995,0.1,-2.3515,4.0325,0.2405,313.035,0.1,-2.297,3.7925,0.20400000000000001,313.152,0.1,-2.25,3.8465,-0.0055,313.178,0.1,-2.302,3.8345000000000002,-0.081,313.204,0.1,-2.4480000000000004,3.8295,-0.1185,313.208,0.1,-2.5545,3.8235,-0.037000000000000005,313.198,0.1,
-2.6799999999999997,4.154999999999999,-0.066,313.076,0.1,-2.5949999999999998,4.18,0.001,313.076,0.1,-2.5035,4.1605,0.0135,313.1,0.1,-2.44,4.1795,-0.0005,313.106,0.1,-2.3815,4.24,0.0345,313.095,0.1,-2.406,4.171,0.045,313.134,0.1,-2.519,3.9415,0.0635,313.201,0.1,-2.5755,3.8495,0.0735,313.224,0.1,-2.547,4.0035,-0.060000000000000005,313.163,0.1,-2.4465000000000003,4.168,-0.0005,313.07,0.1,-2.292,4.0845,0.264,313.084,0.1,-2.193,3.8979999999999997,0.029,313.179,0.1,-2.1725000000000003,3.9175,-0.139,313.156,0.1,-2.229,3.8609999999999998,-0.164,313.149,0.1,-2.3735,3.8360000000000003,-0.195,313.138,0.1,-2.5075000000000003,3.8235,0.006999999999999999,313.13,0.1,
-2.621,4.1795,-0.0335,313.058,0.1,-2.556,4.1865000000000006,0.028,313.077,0.1,-2.4859999999999998,4.1555,0.0135,313.109,0.1,-2.4415,4.1685,0.0025,313.121,0.1,-2.3975,4.2485,-0.014,313.11,0.1,-2.3735,4.254,0.003,313.104,0.1,-2.417,4.057,0.0945,313.155,0.1,-2.519,3.854,0.037500000000000006,313.227,0.1,-2.5935,3.9135,-0.10350000000000001,313.216,0.1,-2.492,4.0865,-0.0025,313.144,0.1,-2.2800000000000002,4.0675,0.14100000000000001,313.154,0.1,-2.181,3.9539999999999997,-0.2115,313.187,0.1,-2.1719999999999997,4.007,-0.194,313.121,0.1,-2.2035,3.9615,-0.151,313.091,0.1,-2.29,3.8985000000000003,-0.17149999999999999,313.062,0.1,-2.371,3.8685,0.0995,313.051,0.1,
-2.5605,4.246,-0.0245,313.037,0.1,-2.493,4.213,0.0235,313.07,0.1,-2.4345,4.167,0.016,313.097,0.1,-2.4065,4.175,0.011,313.113,0.1,-2.4044999999999996,4.243,-0.0565,313.109,0.1,-2.365,4.321,-0.0305,313.08,0.1,-2.316,4.241,0.078,313.106,0.1,-2.387,4.005,-0.0095,313.178,0.1,-2.507,3.941,-0.127,313.203,0.1,-2.4605,4.039,0.019,313.168,0.1,-2.2984999999999998,3.9835,0.025,313.194,0.1,-2.198,3.9695,-0.326,313.169,0.1,-2.17,4.111,-0.20400000000000001,313.069,0.1,-2.2175,4.068,-0.14,313.043,0.1,-2.272,3.9425,-0.035,313.013,0.1,-2.2634999999999996,3.9050000000000002,0.185,313.01,0.1,
-2.5324999999999998,4.3345,-0.026500000000000003,313.012,0.1,-2.4370000000000003,4.274,0.006,313.049,0.1,-2.373,4.2010000000000005,0.0005,313.082,0.1,-2.3625,4.189,-0.021,313.103,0.1,-2.401,4.214499999999999,-0.09,313.104,0.1,-2.3775,4.303,-0.0575,313.074,0.1,-2.2765,4.348000000000001,0.014499999999999999,313.069,0.1,-2.2735,4.1955,-0.027000000000000003,313.11,0.1,-2.3665,4.063000000000001,-0.1105,313.147,0.1,-2.371,4.054,0.038,313.146,0.1,-2.2975000000000003,3.912,-0.008,313.193,0.1,-2.213,3.964,-0.295,313.15,0.1,-2.161,4.202999999999999,-0.2375,313.023,0.1,-2.2165,4.179,-0.1455,312.988,0.1,-2.2615,3.9625,0.14150000000000001,313.005,0.1,-2.2265,3.875,0.16999999999999998,313.033,0.1,
-2.5425,4.354,-0.034,313.0,0.1,-2.4154999999999998,4.318,-0.007,313.021,0.1,-2.3360000000000003,4.219,-0.0215,313.064,0.1,-2.3449999999999998,4.1795,-0.0795,313.088,0.1,-2.4154999999999998,4.162,-0.1105,313.092,0.1,-2.4295,4.1945,-0.08449999999999999,313.083,0.1,-2.3289999999999997,4.287000000000001,-0.042499999999999996,313.062,0.1,-2.24,4.281499999999999,-0.031,313.058,0.1,-2.242,4.186,-0.0825,313.086,0.1,-2.255,4.1065000000000005,0.048,313.113,0.1,-2.263,3.9045,-0.018,313.172,0.1,-2.241,3.9475,-0.229,313.146,0.1,-2.1855,4.2295,-0.279,313.008,0.1,-2.1755,4.2965,-0.114,312.918,0.1,-2.188,4.0115,0.27949999999999997,313.0,0.1,-2.2060000000000004,3.792,0.0785,313.094,0.1,
-2.5789999999999997,4.2155000000000005,-0.0695,313.031,0.1,-2.4705,4.2405,-0.026500000000000003,313.027,0.1,-2.3705,4.1515,-0.037500000000000006,313.057,0.1,-2.3695,4.099,-0.1025,313.069,0.1,-2.45,4.069,-0.12,313.074,0.1,-2.512,4.0440000000000005,-0.10600000000000001,313.091,0.1,-2.4575,4.0955,-0.0695,313.08,0.1,-2.3235,4.1945,-0.072,313.05,0.1,-2.213,4.212,-0.1035,313.051,0.1,-2.1665,4.1425,0.0455,313.092,0.1,-2.2184999999999997,3.9465000000000003,-0.05,313.16,0.1,-2.2984999999999998,3.934,-0.199,313.157,0.1,-2.279,4.172,-0.2845,313.03,0.1,-2.1655,4.3605,-0.0625,312.886,0.1,-2.1,4.093,0.3145,312.976,0.1,-2.1635,3.724,0.018000000000000002,313.126,0.1,
-2.5865,3.9779999999999998,-0.0895,313.079,0.1,-2.572,4.025,-0.034,313.081,0.1,-2.4955,3.9684999999999997,-0.0555,313.1,0.1,-2.458,3.9189999999999996,-0.1125,313.095,0.1,-2.505,3.8985,-0.1195,313.085,0.1,-2.585,3.876,-0.0975,313.098,0.1,-2.59,3.8815,-0.0755,313.109,0.1,-2.487,3.9945000000000004,-0.149,313.086,0.1,-2.314,4.119,-0.17149999999999999,313.054,0.1,-2.1695,4.1335,0.0019999999999999996,313.08,0.1,-2.201,4.002,-0.097,313.155,0.1,-2.362,3.9480000000000004,-0.1935,313.178,0.1,-2.417,4.0865,-0.2435,313.089,0.1,-2.2640000000000002,4.317,-0.0495,312.938,0.1,-2.114,4.127,0.23199999999999998,312.978,0.1,-2.1335,3.7115,0.018000000000000002,313.11,0.1,
-2.5515,3.846,-0.056999999999999995,313.102,0.1,-2.6075,3.838,-0.0325,313.133,0.1,-2.6235,3.7640000000000002,-0.0655,313.173,0.1,-2.5845000000000002,3.716,-0.116,313.171,0.1,-2.5655,3.707,-0.0975,313.144,0.1,-2.609,3.716,-0.081,313.138,0.1,-2.6494999999999997,3.7245,-0.0955,313.153,0.1,-2.6185,3.808,-0.2195,313.137,0.1,-2.4625000000000004,3.9779999999999998,-0.2305,313.085,0.1,-2.2560000000000002,4.087,-0.07250000000000001,313.076,0.1,-2.2199999999999998,4.0485,-0.127,313.132,0.1,-2.387,4.016,-0.1835,313.186,0.1,-2.5205,4.0595,-0.2115,313.157,0.1,-2.4314999999999998,4.205500000000001,-0.092,313.045,0.1,-2.252,4.072,0.11549999999999999,313.022,0.1,-2.1715,3.74,0.039,313.081,0.1,
-2.5285,3.901,-0.044,313.116,0.1,-2.5805,3.833,-0.094,313.151,0.1,-2.6719999999999997,3.692,-0.097,313.209,0.1,-2.665,3.6285,-0.08399999999999999,313.226,0.1,-2.5860000000000003,3.6285,-0.10350000000000001,313.213,0.1,-2.5615,3.6479999999999997,-0.118,313.199,0.1,-2.6100000000000003,3.6559999999999997,-0.169,313.198,0.1,-2.646,3.701,-0.255,313.168,0.1,-2.549,3.865,-0.2425,313.104,0.1,-2.3355,4.018000000000001,-0.1095,313.058,0.1,-2.2205000000000004,4.0725,-0.11249999999999999,313.078,0.1,-2.3305,4.119,-0.162,313.142,0.1,-2.517,4.089,-0.203,313.171,0.1,-2.543,4.0915,-0.076,313.111,0.1,-2.415,3.995,0.078,313.075,0.1,-2.2815000000000003,3.783,0.057999999999999996,313.08,0.1,
-2.5685000000000002,3.9675000000000002,-0.083,313.145,0.1,-2.5605,3.9370000000000003,-0.17,313.132,0.1,-2.6185,3.793,-0.1475,313.174,0.1,-2.63,3.6935000000000002,-0.0765,313.21,0.1,-2.5564999999999998,3.6875,-0.15,313.233,0.1,-2.4795,3.724,-0.1855,313.214,0.1,-2.488,3.706,-0.23399999999999999,313.19,0.1,-2.5515,3.681,-0.235,313.152,0.1,-2.5265000000000004,3.7865,-0.191,313.09,0.1,-2.351,3.9225000000000003,-0.066,313.032,0.1,-2.1925,4.044499999999999,-0.08399999999999999,313.023,0.1,-2.252,4.18,-0.1495,313.047,0.1,-2.4455,4.0969999999999995,-0.121,313.099,0.1,-2.533,3.9799999999999995,0.09,313.105,0.1,-2.497,3.9604999999999997,0.107,313.124,0.1,-2.4130000000000003,3.8245,0.039999999999999994,313.127,0.1,
-2.6574999999999998,3.92,-0.0995,313.186,0.1,-2.5645,3.998,-0.179,313.101,0.1,-2.491,3.9895,-0.11049999999999999,313.072,0.1,-2.4635,3.866,-0.0755,313.124,0.1,-2.4495,3.8245,-0.147,313.17,0.1,-2.3994999999999997,3.883,-0.194,313.155,0.1,-2.3579999999999997,3.8815,-0.1795,313.112,0.1,-2.38,3.775,-0.165,313.094,0.1,-2.3905000000000003,3.75,-0.077,313.057,0.1,-2.2955,3.8175,-0.0005,313.041,0.1,-2.194,3.949,-0.0915,313.018,0.1,-2.2439999999999998,4.1505,-0.1495,312.962,0.1,-2.3760000000000003,4.071,0.086,312.991,0.1,-2.4555,3.846,0.2205,313.123,0.1,-2.512,3.9219999999999997,0.054,313.19,0.1,-2.5255,3.8360000000000003,-0.0445,313.199,0.1,
-2.711,3.871,-0.07200000000000001,313.205,0.1,-2.5975,4.005,-0.1735,313.104,0.1,-2.4,4.099,-0.033,312.984,0.1,-2.2634999999999996,3.974,-0.027500000000000004,313.017,0.1,-2.2725,3.907,-0.1015,313.062,0.1,-2.3025,3.969,-0.128,313.058,0.1,-2.271,3.997,-0.0435,313.004,0.1,-2.232,3.856,-0.053,313.011,0.1,-2.2025,3.748,0.0375,313.019,0.1,-2.1835,3.769,-0.001,313.064,0.1,-2.221,3.886,-0.14,313.057,0.1,-2.266,4.113,-0.1295,312.937,0.1,-2.262,4.056,0.296,312.921,0.1,-2.3114999999999997,3.771,0.14450000000000002,313.159,0.1,-2.4555,3.888,-0.047,313.201,0.1,-2.5495,3.829,-0.1245,313.214,0.1,
-2.8745,3.6625,-0.0955,313.266,0.1,-2.844,3.748,-0.11599999999999999,313.236,0.1,-2.804,3.777,-0.086,313.232,0.1,-2.758,3.7359999999999998,-0.07600000000000001,313.253,0.1,-2.739,3.6365,-0.10200000000000001,313.273,0.1,-2.708,3.575,-0.0545,313.264,0.1,-2.6375,3.5774999999999997,-0.022,313.259,0.1,-2.6014999999999997,3.6325000000000003,-0.11399999999999999,313.262,0.1,-2.633,3.6465,-0.16949999999999998,313.258,0.1,-2.676,3.6029999999999998,-0.107,313.248,0.1,-2.71,3.482,-0.077,313.268,0.1,-2.7295,3.479,-0.14250000000000002,313.275,0.1,-2.6905,3.6605,0.012,313.242,0.1,-2.6254999999999997,3.645,0.3405,313.278,0.1,-2.617,3.3585000000000003,0.301,313.387,0.1,-2.643,3.1864999999999997,0.045,313.435,0.1,
-2.8815,3.605,-0.10200000000000001,313.267,0.1,-2.815,3.7,-0.105,313.221,0.1,-2.745,3.7535,-0.0695,313.203,0.1,-2.707,3.745,-0.0595,313.216,0.1,-2.7024999999999997,3.674,-0.0545,313.239,0.1,-2.6639999999999997,3.6045,0.049,313.243,0.1,-2.581,3.5774999999999997,0.0415,313.247,0.1,-2.527,3.6625,-0.0405,313.212,0.1,-2.5365,3.741,-0.0745,313.185,0.1,-2.592,3.7225,-0.0595,313.187,0.1,-2.678,3.4935,-0.001,313.235,0.1,-2.734,3.339,0.007500000000000001,313.282,0.1,-2.6740000000000004,3.5069999999999997,0.1065,313.274,0.1,-2.569,3.5985,0.2885,313.3,0.1,-2.5700000000000003,3.4299999999999997,0.16749999999999998,313.372,0.1,-2.638,3.274,-0.041999999999999996,313.402,0.1,
-2.8970000000000002,3.6075,-0.1025,313.259,0.1,-2.8145,3.6745,-0.0815,313.218,0.1,-2.722,3.722,-0.028999999999999998,313.194,0.1,-2.665,3.7385,-0.023,313.196,0.1,-2.6479999999999997,3.708,0.011,313.217,0.1,-2.6399999999999997,3.621,0.1015,313.258,0.1,-2.6135,3.5244999999999997,0.061,313.285,0.1,-2.552,3.5940000000000003,0.037,313.231,0.1,-2.504,3.7355,0.0075,313.172,0.1,-2.535,3.7794999999999996,-0.011000000000000001,313.152,0.1,-2.6045,3.5315,0.10650000000000001,313.205,0.1,-2.6189999999999998,3.3049999999999997,0.1625,313.285,0.1,-2.5595,3.417,0.1045,313.308,0.1,-2.517,3.491,0.112,313.332,0.1,-2.5765,3.42,0.021,313.363,0.1,-2.6615,3.317,-0.052500000000000005,313.368,0.1,
-2.9025,3.635,-0.0935,313.246,0.1,-2.8280000000000003,3.6755,-0.044,313.224,0.1,-2.7335000000000003,3.7035,0.0055,313.214,0.1,-2.6555,3.7350000000000003,0.0015,313.21,0.1,-2.5995,3.7445,0.0465,313.216,0.1,-2.609,3.6445,0.088,313.271,0.1,-2.6625,3.467,0.055,313.323,0.1,-2.649,3.468,0.07999999999999999,313.294,0.1,-2.5934999999999997,3.633,0.0095,313.233,0.1,-2.5715,3.7504999999999997,0.0185,313.175,0.1,-2.5345,3.5945,0.23399999999999999,313.202,0.1,-2.459,3.394,0.1925,313.297,0.1,-2.414,3.4370000000000003,-0.01,313.315,0.1,-2.4615,3.4210000000000003,-0.077,313.332,0.1,-2.5905,3.3890000000000002,-0.10550000000000001,313.335,0.1,-2.6945,3.3315,-0.0285,313.33,0.1,
-2.877,3.661,-0.0665,313.23,0.1,-2.8185000000000002,3.6865,-0.0045000000000000005,313.229,0.1,-2.7415000000000003,3.6925,0.01,313.243,0.1,-2.6719999999999997,3.726,-0.002,313.243,0.1,-2.596,3.7720000000000002,0.0275,313.233,0.1,-2.5805,3.6985,0.043,313.263,0.1,-2.6465,3.4795,0.065,313.317,0.1,-2.6995,3.3810000000000002,0.076,313.342,0.1,-2.7095000000000002,3.5090000000000003,-0.04,313.308,0.1,-2.6414999999999997,3.674,0.01,313.243,0.1,-2.4875,3.6425,0.246,313.251,0.1,-2.3739999999999997,3.502,0.021,313.325,0.1,-2.3514999999999997,3.5145,-0.147,313.297,0.1,-2.4105,3.451,-0.166,313.287,0.1,-2.5435,3.4074999999999998,-0.1855,313.275,0.1,-2.661,3.362,0.010499999999999999,313.268,0.1,
-2.8225,3.6959999999999997,-0.039,313.213,0.1,-2.771,3.702,0.0195,313.227,0.1,-2.7175000000000002,3.6855,0.008,313.251,0.1,-2.6755,3.7115,-0.0025,313.258,0.1,-2.6235,3.7800000000000002,-0.018000000000000002,313.248,0.1,-2.577,3.7755,-0.0025,313.245,0.1,-2.5785,3.597,0.08149999999999999,313.285,0.1,-2.6465,3.4115,0.029,313.345,0.1,-2.724,3.4475,-0.094,313.341,0.1,-2.6585,3.594,-0.003,313.298,0.1,-2.476,3.6125,0.125,313.313,0.1,-2.3775000000000004,3.545,-0.20500000000000002,313.335,0.1,-2.3635,3.5985,-0.21000000000000002,313.265,0.1,-2.3965,3.545,-0.1535,313.23,0.1,-2.4825,3.463,-0.162,313.207,0.1,-2.5534999999999997,3.418,0.095,313.198,0.1,
-2.7775,3.754,-0.036000000000000004,313.199,0.1,-2.7115,3.734,0.012499999999999999,313.222,0.1,-2.6639999999999997,3.697,0.008,313.243,0.1,-2.6425,3.709,0.0025,313.253,0.1,-2.634,3.7695,-0.055,313.248,0.1,-2.583,3.8289999999999997,-0.035500000000000004,313.227,0.1,-2.5135,3.757,0.06,313.249,0.1,-2.5485,3.5525,-0.0225,313.307,0.1,-2.6445,3.4859999999999998,-0.127,313.326,0.1,-2.614,3.5525,0.005,313.306,0.1,-2.4865,3.5185,0.0125,313.34,0.1,-2.4105,3.529,-0.3135,313.321,0.1,-2.3865,3.6765,-0.22499999999999998,313.222,0.1,-2.42,3.646,-0.1355,313.185,0.1,-2.468,3.5084999999999997,-0.025,313.161,0.1,-2.4619999999999997,3.4610000000000003,0.1775,313.16,0.1,
-2.7565,3.8175,-0.0395,313.182,0.1,-2.667,3.782,-0.006,313.207,0.1,-2.607,3.729,-0.0085,313.233,0.1,-2.5995,3.7190000000000003,-0.029,313.249,0.1,-2.629,3.74,-0.08399999999999999,313.246,0.1,-2.5965,3.809,-0.056,313.221,0.1,-2.4930000000000003,3.841,0.0034999999999999996,313.219,0.1,-2.471,3.711,-0.039,313.252,0.1,-2.535,3.596,-0.1135,313.278,0.1,-2.5324999999999998,3.5715000000000003,0.02,313.28,0.1,-2.4805,3.4455,-0.02,313.329,0.1,-2.4365,3.49,-0.289,313.303,0.1,-2.4074999999999998,3.7215,-0.2525,313.19,0.1,-2.4415,3.732,-0.1385,313.142,0.1,-2.4610000000000003,3.536,0.1465,313.153,0.1,-2.4234999999999998,3.4455,0.1735,313.18,0.1,
-2.7504999999999997,3.833,-0.039999999999999994,313.17,0.1,-2.6445,3.8075,-0.017,313.188,0.1,-2.5705,3.742,-0.029,313.22,0.1,-2.576,3.7145,-0.0825,313.239,0.1,-2.633,3.697,-0.105,313.24,0.1,-2.636,3.7184999999999997,-0.076,313.23,0.1,-2.5415,3.786,-0.043,313.214,0.1,-2.457,3.777,-0.039,313.211,0.1,-2.4455,3.6995,-0.083,313.228,0.1,-2.441,3.625,0.034,313.248,0.1,-2.447,3.4435000000000002,-0.025500000000000002,313.303,0.1,-2.4565,3.4604999999999997,-0.2285,313.291,0.1,-2.4415,3.706,-0.2855,313.181,0.1,-2.4295,3.798,-0.1175,313.096,0.1,-2.4080000000000004,3.575,0.272,313.154,0.1,-2.4025,3.379,0.0975,313.235,0.1,
-2.76,3.7405,-0.066,313.188,0.1,-2.6715,3.7439999999999998,-0.0315,313.191,0.1,-2.588,3.678,-0.041999999999999996,313.216,0.1,-2.5845000000000002,3.649,-0.1015,313.224,0.1,-2.649,3.6295,-0.11599999999999999,313.227,0.1,-2.6959999999999997,3.6025,-0.096,313.241,0.1,-2.646,3.6319999999999997,-0.066,313.232,0.1,-2.534,3.7045,-0.0745,313.209,0.1,-2.436,3.721,-0.1005,313.206,0.1,-2.378,3.6654999999999998,0.0325,313.231,0.1,-2.407,3.4939999999999998,-0.052,313.287,0.1,-2.4885,3.4585,-0.197,313.288,0.1,-2.5095,3.6405000000000003,-0.2855,313.193,0.1,-2.428,3.8155,-0.07750000000000001,313.076,0.1,-2.3445,3.625,0.2955,313.143,0.1,-2.37,3.3165,0.0375,313.269,0.1,
-2.7685,3.5655,-0.0865,313.226,0.1,-2.7359999999999998,3.5865,-0.036000000000000004,313.228,0.1,-2.6710000000000003,3.5255,-0.0545,313.251,0.1,-2.6435,3.4935,-0.1095,313.248,0.1,-2.6814999999999998,3.4965,-0.1145,313.237,0.1,-2.7430000000000003,3.48,-0.09,313.249,0.1,-2.745,3.4705,-0.07200000000000001,313.262,0.1,-2.668,3.5475,-0.145,313.247,0.1,-2.5305,3.6455,-0.168,313.22,0.1,-2.396,3.6665,-0.016,313.23,0.1,-2.3985000000000003,3.5575,-0.101,313.282,0.1,-2.528,3.492,-0.1885,313.297,0.1,-2.6,3.5755,-0.2405,313.23,0.1,-2.4939999999999998,3.761,-0.0645,313.115,0.1,-2.3555,3.6310000000000002,0.21200000000000002,313.15,0.1,-2.3505000000000003,3.295,0.024,313.263,0.1,
-2.7634999999999996,3.45,-0.061,313.26,0.1,-2.7675,3.456,-0.0335,313.272,0.1,-2.758,3.3745000000000003,-0.06,313.31,0.1,-2.732,3.319,-0.1135,313.317,0.1,-2.725,3.3315,-0.096,313.292,0.1,-2.754,3.3609999999999998,-0.077,313.283,0.1,-2.7800000000000002,3.3655,-0.0925,313.297,0.1,-2.7645,3.4115,-0.21,313.291,0.1,-2.6515,3.5345000000000004,-0.228,313.251,0.1,-2.4775,3.632,-0.093,313.235,0.1,-2.4255,3.6109999999999998,-0.139,313.265,0.1,-2.5460000000000003,3.5745,-0.182,313.298,0.1,-2.6625,3.574,-0.20450000000000002,313.277,0.1,-2.6045,3.669,-0.096,313.194,0.1,-2.4555,3.57,0.10450000000000001,313.184,0.1,-2.38,3.3075,0.0345,313.241,0.1,
-2.753,3.4675000000000002,-0.048,313.286,0.1,-2.7640000000000002,3.4539999999999997,-0.0915,313.302,0.1,-2.7995,3.339,-0.0905,313.342,0.1,-2.7855,3.255,-0.0885,313.364,0.1,-2.7355,3.2525,-0.109,313.357,0.1,-2.717,3.299,-0.12,313.338,0.1,-2.7439999999999998,3.326,-0.167,313.331,0.1,-2.7729999999999997,3.348,-0.2455,313.306,0.1,-2.71,3.4530000000000003,-0.241,313.26,0.1,-2.5435,3.5745,-0.1245,313.219,0.1,-2.4355,3.641,-0.1295,313.22,0.1,-2.5035,3.686,-0.166,313.255,0.1,-2.6465,3.6275,-0.189,313.279,0.1,-2.6719999999999997,3.5875,-0.07,313.239,0.1,-2.5705,3.5,0.076,313.221,0.1,-2.459,3.334,0.056,313.236,0.1,
-2.761,3.495,-0.0805,313.313,0.1,-2.759,3.5145,-0.168,313.298,0.1,-2.7800000000000002,3.423,-0.1485,313.323,0.1,-2.76,3.3265000000000002,-0.08549999999999999,313.349,0.1,-2.7009999999999996,3.299,-0.1605,313.374,0.1,-2.652,3.3385,-0.1945,313.357,0.1,-2.6550000000000002,3.3535000000000004,-0.2385,313.325,0.1,-2.694,3.3449999999999998,-0.2335,313.281,0.1,-2.676,3.403,-0.189,313.233,0.1,-2.545,3.495,-0.07200000000000001,313.191,0.1,-2.4154999999999998,3.616,-0.0945,313.173,0.1,-2.4485,3.7495000000000003,-0.149,313.173,0.1,-2.5895,3.6595,-0.10300000000000001,313.212,0.1,-2.6494999999999997,3.5185,0.096,313.227,0.1,-2.615,3.479,0.111,313.253,0.1,-2.5475000000000003,3.363,0.0475,313.268,0.1,
-2.8005,3.442,-0.0985,313.349,0.1,-2.755,3.532,-0.183,313.279,0.1,-2.6959999999999997,3.558,-0.128,313.25,0.1,-2.6420000000000003,3.4749999999999996,-0.08499999999999999,313.278,0.1,-2.6130000000000004,3.4219999999999997,-0.159,313.313,0.1,-2.587,3.4524999999999997,-0.2015,313.305,0.1,-2.5655,3.4625000000000004,-0.195,313.265,0.1,-2.5695,3.4095,-0.1735,313.229,0.1,-2.558,3.3845,-0.081,313.192,0.1,-2.481,3.417,-0.0035,313.189,0.1,-2.4115,3.5275,-0.0885,313.169,0.1,-2.4530000000000003,3.715,-0.1345,313.108,0.1,-2.5415,3.646,0.098,313.125,0.1,-2.5780000000000003,3.435,0.2275,313.24,0.1,-2.6065,3.4699999999999998,0.066,313.301,0.1,-2.6185,3.3739999999999997,-0.027499999999999997,313.323,0.1,
-2.8245,3.399,-0.076,313.368,0.1,-2.769,3.523,-0.182,313.285,0.1,-2.626,3.63,-0.0605,313.18,0.1,-2.496,3.562,-0.0425,313.191,0.1,-2.48,3.496,-0.11299999999999999,313.218,0.1,-2.509,3.52,-0.1295,313.215,0.1,-2.502,3.539,-0.058499999999999996,313.175,0.1,-2.464,3.463,-0.065,313.167,0.1,-2.408,3.387,0.026500000000000003,313.159,0.1,-2.3745000000000003,3.385,-0.0095,313.2,0.1,-2.4195,3.471,-0.1285,313.198,0.1,-2.4705,3.673,-0.10400000000000001,313.096,0.1,-2.451,3.632,0.2965,313.078,0.1,-2.4615,3.386,0.162,313.275,0.1,-2.5605,3.456,-0.0335,313.311,0.1,-2.6355,3.371,-0.10550000000000001,313.333,0.1,
-3.088,3.1505,-0.092,313.415,0.1,-3.0425,3.223,-0.1195,313.385,0.1,-2.9725,3.2325,-0.096,313.38,0.1,-2.9,3.1745,-0.0875,313.397,0.1,-2.877,3.0709999999999997,-0.104,313.417,0.1,-2.879,3.01,-0.057999999999999996,313.42,0.1,-2.856,3.0295,-0.03,313.424,0.1,-2.8325,3.114,-0.1255,313.42,0.1,-2.8305,3.159,-0.184,313.4,0.1,-2.8295,3.1245000000000003,-0.1175,313.379,0.1,-2.8434999999999997,2.99,-0.069,313.393,0.1,-2.8754999999999997,2.957,-0.1255,313.398,0.1,-2.864,3.1020000000000003,0.018000000000000002,313.372,0.1,-2.8125,3.089,0.3375,313.407,0.1,-2.799,2.8354999999999997,0.305,313.514,0.1,-2.8225,2.6985,0.045,313.571,0.1,
-3.106,3.101,-0.0995,313.422,0.1,-3.0395000000000003,3.1975,-0.1095,313.376,0.1,-2.949,3.2435,-0.0765,313.356,0.1,-2.8745000000000003,3.216,-0.066,313.363,0.1,-2.838,3.1310000000000002,-0.054,313.379,0.1,-2.809,3.049,0.045,313.388,0.1,-2.779,3.023,0.043,313.402,0.1,-2.7695,3.117,-0.0395,313.382,0.1,-2.774,3.2235,-0.08,313.349,0.1,-2.7845,3.231,-0.059,313.337,0.1,-2.8215000000000003,3.0300000000000002,0.0175,313.373,0.1,-2.8575,2.8815,0.026000000000000002,313.41,0.1,-2.8105,3.0170000000000003,0.1115,313.401,0.1,-2.724,3.0835,0.288,313.425,0.1,-2.7325,2.91,0.177,313.5,0.1,-2.8085,2.7515,-0.036000000000000004,313.541,0.1,
-3.1185,3.1,-0.1015,313.417,0.1,-3.0525,3.1814999999999998,-0.08499999999999999,313.376,0.1,-2.9539999999999997,3.2405,-0.033,313.348,0.1,-2.8665000000000003,3.2475,-0.0245,313.345,0.1,-2.8049999999999997,3.1995,0.0095,313.357,0.1,-2.7714999999999996,3.098,0.1,313.388,0.1,-2.7705,2.9925,0.07150000000000001,313.418,0.1,-2.7685,3.0490000000000004,0.049,313.392,0.1,-2.753,3.205,0.018,313.348,0.1,-2.7555,3.2815000000000003,0.0005,313.322,0.1,-2.769,3.0854999999999997,0.119,313.36,0.1,-2.755,2.8895,0.1655,313.424,0.1,-2.699,2.982,0.104,313.437,0.1,-2.66,3.0385,0.1175,313.454,0.1,-2.7175,2.9379999999999997,0.035,313.487,0.1,-2.815,2.7935,-0.043,313.504,0.1,
-3.1105,3.1285,-0.0925,313.403,0.1,-3.063,3.1814999999999998,-0.0485,313.38,0.1,-2.9755000000000003,3.2350000000000003,0.0025,313.363,0.1,-2.88,3.271,0.002,313.355,0.1,-2.7889999999999997,3.2634999999999996,0.040999999999999995,313.356,0.1,-2.752,3.1555,0.0875,313.394,0.1,-2.786,2.9745,0.067,313.437,0.1,-2.8129999999999997,2.955,0.0925,313.432,0.1,-2.8105,3.1125,0.031,313.401,0.1,-2.7910000000000004,3.255,0.0335,313.356,0.1,-2.7185,3.1565,0.228,313.369,0.1,-2.6215,2.996,0.1815,313.442,0.1,-2.5780000000000003,3.027,-0.0145,313.451,0.1,-2.6205,3.0084999999999997,-0.0735,313.461,0.1,-2.733,2.949,-0.0925,313.461,0.1,-2.835,2.84,-0.0195,313.462,0.1,
-3.0735,3.1665,-0.0675,313.385,0.1,-3.042,3.1935000000000002,-0.01,313.381,0.1,-2.9805,3.2245,0.006500000000000001,313.385,0.1,-2.9050000000000002,3.2720000000000002,-0.0035,313.38,0.1,-2.8115,3.304,0.0205,313.372,0.1,-2.7555,3.2255,0.0405,313.392,0.1,-2.7744999999999997,3.0185,0.067,313.434,0.1,-2.8235,2.9125,0.078,313.461,0.1,-2.8715,3.0145,-0.02,313.452,0.1,-2.8365,3.18,0.020499999999999997,313.416,0.1,-2.6835,3.2,0.22749999999999998,313.419,0.1,-2.5549999999999997,3.1065,0.013000000000000001,313.471,0.1,-2.5294999999999996,3.112,-0.1555,313.438,0.1,-2.5915,3.042,-0.1675,313.425,0.1,-2.7135,2.98,-0.176,313.412,0.1,-2.8145,2.9005,0.014,313.406,0.1,
-3.0244999999999997,3.213,-0.0445,313.369,0.1,-2.9865,3.218,0.011,313.377,0.1,-2.949,3.215,0.002,313.393,0.1,-2.9095,3.2545,-0.0075,313.394,0.1,-2.85,3.3125,-0.022,313.386,0.1,-2.7805,3.2975,-0.0075,313.385,0.1,-2.7405,3.138,0.069,313.415,0.1,-2.7744999999999997,2.9690000000000003,0.0205,313.462,0.1,-2.855,2.981,-0.08449999999999999,313.467,0.1,-2.825,3.1020000000000003,-0.0035,313.451,0.1,-2.6710000000000003,3.1580000000000004,0.10850000000000001,313.471,0.1,-2.5725,3.136,-0.1985,313.484,0.1,-2.553,3.1915,-0.22649999999999998,313.408,0.1,-2.588,3.1295,-0.156,313.37,0.1,-2.6745,3.029,-0.152,313.352,0.1,-2.7359999999999998,2.968,0.0905,313.345,0.1,
-2.9945,3.2625,-0.0475,313.36,0.1,-2.9305,3.2555,0.0015,313.373,0.1,-2.8935,3.2265,0.0,313.389,0.1,-2.8785,3.2435,-0.006,313.393,0.1,-2.864,3.2960000000000003,-0.0535,313.388,0.1,-2.8015,3.3369999999999997,-0.040499999999999994,313.374,0.1,-2.7115,3.2735000000000003,0.041999999999999996,313.391,0.1,-2.7105,3.1005000000000003,-0.035500000000000004,313.436,0.1,-2.7830000000000004,3.031,-0.127,313.449,0.1,-2.7670000000000003,3.0655,-0.009000000000000001,313.445,0.1,-2.673,3.0545,-0.0005,313.487,0.1,-2.6215,3.088,-0.3,313.474,0.1,-2.601,3.242,-0.245,313.374,0.1,-2.6205,3.224,-0.131,313.325,0.1,-2.6625,3.075,-0.014499999999999999,313.307,0.1,-2.659,3.018,0.17049999999999998,313.31,0.1,
-2.9805,3.301,-0.052000000000000005,313.352,0.1,-2.8970000000000002,3.2904999999999998,-0.018000000000000002,313.365,0.1,-2.8405,3.257,-0.017,313.385,0.1,-2.8354999999999997,3.2489999999999997,-0.037000000000000005,313.395,0.1,-2.856,3.2649999999999997,-0.078,313.388,0.1,-2.8155,3.314,-0.0545,313.368,0.1,-2.71,3.3345000000000002,-0.007,313.369,0.1,-2.668,3.2270000000000003,-0.0505,313.394,0.1,-2.703,3.1285,-0.11649999999999999,313.409,0.1,-2.694,3.0885,0.0019999999999999996,313.413,0.1,-2.6615,2.9795,-0.032,313.466,0.1,-2.657,3.0155,-0.2825,313.457,0.1,-2.652,3.238,-0.267,313.357,0.1,-2.6645000000000003,3.2845,-0.131,313.296,0.1,-2.658,3.109,0.151,313.299,0.1,-2.6174999999999997,3.0164999999999997,0.177,313.326,0.1,
-2.958,3.3125,-0.046,313.34,0.1,-2.873,3.2969999999999997,-0.027,313.354,0.1,-2.8045,3.2649999999999997,-0.036500000000000005,313.376,0.1,-2.806,3.2489999999999997,-0.08499999999999999,313.391,0.1,-2.8505000000000003,3.2325,-0.0995,313.388,0.1,-2.8434999999999997,3.242,-0.068,313.377,0.1,-2.7545,3.2855,-0.0435,313.365,0.1,-2.674,3.2725,-0.047,313.363,0.1,-2.6485,3.2119999999999997,-0.0835,313.37,0.1,-2.626,3.144,0.02,313.382,0.1,-2.6295,2.9829999999999997,-0.033,313.434,0.1,-2.67,2.974,-0.228,313.437,0.1,-2.6965,3.1814999999999998,-0.2925,313.354,0.1,-2.6835,3.2995,-0.1205,313.274,0.1,-2.627,3.1385,0.264,313.306,0.1,-2.5955,2.9655,0.11599999999999999,313.375,0.1,
-2.9405,3.2655000000000003,-0.062,313.344,0.1,-2.872,3.248,-0.037000000000000005,313.354,0.1,-2.8055000000000003,3.2045,-0.046,313.375,0.1,-2.7995,3.199,-0.1005,313.379,0.1,-2.848,3.1905,-0.1125,313.38,0.1,-2.88,3.1605,-0.086,313.391,0.1,-2.835,3.169,-0.0625,313.385,0.1,-2.745,3.2145,-0.077,313.369,0.1,-2.6595,3.229,-0.0975,313.361,0.1,-2.59,3.1895,0.0195,313.37,0.1,-2.5955,3.0425,-0.054,313.413,0.1,-2.6785,2.9835000000000003,-0.1945,313.42,0.1,-2.74,3.1085000000000003,-0.2865,313.357,0.1,-2.6905,3.27,-0.0925,313.266,0.1,-2.589,3.1574999999999998,0.27649999999999997,313.309,0.1,-2.575,2.908,0.0565,313.411,0.1,
-2.9505,3.153,-0.083,313.374,0.1,-2.9,3.149,-0.038,313.374,0.1,-2.8465,3.083,-0.054,313.403,0.1,-2.8289999999999997,3.0685000000000002,-0.1065,313.402,0.1,-2.8575,3.0945,-0.1095,313.389,0.1,-2.9005,3.083,-0.08199999999999999,313.401,0.1,-2.9005,3.0595,-0.0685,313.414,0.1,-2.849,3.1,-0.1405,313.409,0.1,-2.7465,3.172,-0.164,313.386,0.1,-2.6225,3.2,-0.034,313.38,0.1,-2.596,3.113,-0.1045,313.409,0.1,-2.6944999999999997,3.0365,-0.1835,313.415,0.1,-2.784,3.064,-0.2375,313.372,0.1,-2.7245,3.2045000000000003,-0.07949999999999999,313.292,0.1,-2.597,3.1355,0.192,313.322,0.1,-2.5665,2.8775,0.0295,313.415,0.1,
-2.9755000000000003,3.0540000000000003,-0.0655,313.419,0.1,-2.928,3.0745,-0.0345,313.412,0.1,-2.8925,2.9859999999999998,-0.0545,313.446,0.1,-2.8795,2.922,-0.111,313.463,0.1,-2.8845,2.956,-0.0945,313.44,0.1,-2.8994999999999997,3.0055,-0.073,313.427,0.1,-2.9105,3.0065,-0.089,313.442,0.1,-2.9095,3.0145,-0.2,313.445,0.1,-2.8395,3.091,-0.226,313.417,0.1,-2.699,3.1769999999999996,-0.11349999999999999,313.394,0.1,-2.6315,3.1734999999999998,-0.151,313.399,0.1,-2.705,3.133,-0.1805,313.41,0.1,-2.8045,3.0885,-0.197,313.396,0.1,-2.777,3.1325000000000003,-0.1,313.343,0.1,-2.6585,3.0685000000000002,0.0935,313.347,0.1,-2.5875,2.8739999999999997,0.03,313.401,0.1,
-2.9770000000000003,3.0335,-0.052000000000000005,313.457,0.1,-2.948,3.0755,-0.089,313.452,0.1,-2.928,2.987,-0.08399999999999999,313.475,0.1,-2.9065000000000003,2.8815,-0.0935,313.503,0.1,-2.885,2.877,-0.1145,313.501,0.1,-2.8725,2.95,-0.1225,313.478,0.1,-2.8775000000000004,2.996,-0.165,313.464,0.1,-2.9000000000000004,2.995,-0.236,313.445,0.1,-2.8715,3.04,-0.239,313.416,0.1,-2.7510000000000003,3.1310000000000002,-0.1395,313.381,0.1,-2.6494999999999997,3.2095000000000002,-0.14650000000000002,313.361,0.1,-2.676,3.2525,-0.17049999999999998,313.369,0.1,-2.776,3.1665,-0.175,313.387,0.1,-2.8005,3.083,-0.064,313.366,0.1,-2.7249999999999996,3.0055,0.074,313.367,0.1,-2.6365,2.8845,0.054,313.392,0.1,
-2.9535,3.0220000000000002,-0.078,313.482,0.1,-2.9575,3.0919999999999996,-0.166,313.465,0.1,-2.941,3.053,-0.1495,313.473,0.1,-2.8895,2.96,-0.0945,313.488,0.1,-2.8455,2.9105,-0.17099999999999999,313.515,0.1,-2.825,2.9535,-0.20350000000000001,313.501,0.1,-2.823,3.0010000000000003,-0.2435,313.46,0.1,-2.8375,3.009,-0.232,313.409,0.1,-2.8259999999999996,3.019,-0.1875,313.376,0.1,-2.739,3.0675,-0.078,313.351,0.1,-2.638,3.1864999999999997,-0.10550000000000001,313.323,0.1,-2.6445,3.319,-0.149,313.299,0.1,-2.7335,3.223,-0.08449999999999999,313.325,0.1,-2.766,3.0564999999999998,0.10200000000000001,313.349,0.1,-2.7329999999999997,2.998,0.115,313.382,0.1,-2.6814999999999998,2.9015,0.05499999999999999,313.41,0.1,
-2.9435000000000002,2.9645,-0.0975,313.512,0.1,-2.9459999999999997,3.066,-0.187,313.457,0.1,-2.9015,3.1260000000000003,-0.14550000000000002,313.427,0.1,-2.8200000000000003,3.0845000000000002,-0.0945,313.432,0.1,-2.7755,3.0185,-0.17099999999999999,313.457,0.1,-2.7735000000000003,3.0225,-0.209,313.455,0.1,-2.7725,3.044,-0.21100000000000002,313.417,0.1,-2.7584999999999997,3.0439999999999996,-0.182,313.363,0.1,-2.725,3.019,-0.08499999999999999,313.328,0.1,-2.666,3.016,-0.006500000000000001,313.338,0.1,-2.6285,3.106,-0.08499999999999999,313.321,0.1,-2.6624999999999996,3.2795,-0.1195,313.254,0.1,-2.708,3.221,0.11,313.259,0.1,-2.7015000000000002,3.024,0.2345,313.356,0.1,-2.702,3.018,0.078,313.412,0.1,-2.7119999999999997,2.912,-0.010499999999999999,313.446,0.1,
-2.9385,2.928,-0.08,313.531,0.1,-2.941,3.042,-0.1905,313.466,0.1,-2.8515,3.161,-0.088,313.375,0.1,-2.7275,3.15,-0.058,313.366,0.1,-2.6875,3.084,-0.1245,313.375,0.1,-2.7165,3.071,-0.131,313.372,0.1,-2.733,3.081,-0.07350000000000001,313.347,0.1,-2.6955,3.07,-0.0765,313.322,0.1,-2.613,3.026,0.015,313.299,0.1,-2.5655,3.0,-0.018,313.336,0.1,-2.618,3.057,-0.11699999999999999,313.339,0.1,-2.6745,3.233,-0.078,313.254,0.1,-2.6399999999999997,3.207,0.297,313.236,0.1,-2.6109999999999998,3.001,0.1795,313.391,0.1,-2.665,3.024,-0.02,313.422,0.1,-2.721,2.913,-0.0865,313.452,0.1,
-3.3025,2.6384999999999996,-0.0885,313.565,0.1,-3.2415000000000003,2.6985,-0.1225,313.535,0.1,-3.141,2.688,-0.10600000000000001,313.529,0.1,-3.0415,2.6125,-0.0995,313.542,0.1,-3.0140000000000002,2.5065,-0.107,313.56,0.1,-3.0495,2.4450000000000003,-0.062,313.576,0.1,-3.0745,2.482,-0.037000000000000005,313.588,0.1,-3.0635000000000003,2.5949999999999998,-0.135,313.578,0.1,-3.028,2.6725000000000003,-0.1965,313.542,0.1,-2.983,2.6465,-0.1275,313.51,0.1,-2.9770000000000003,2.4985,-0.063,313.518,0.1,-3.021,2.4345,-0.11,313.522,0.1,-3.0374999999999996,2.5425,0.024,313.502,0.1,-3.0,2.532,0.333,313.537,0.1,-2.981,2.3125,0.3075,313.642,0.1,-3.002,2.21,0.046,313.707,0.1,
-3.331,2.5965,-0.097,313.576,0.1,-3.2649999999999997,2.695,-0.1135,313.531,0.1,-3.1535,2.7335000000000003,-0.08399999999999999,313.508,0.1,-3.042,2.6870000000000003,-0.07350000000000001,313.509,0.1,-2.974,2.5885,-0.056,313.518,0.1,-2.9545,2.4939999999999998,0.039999999999999994,313.532,0.1,-2.9770000000000003,2.468,0.0445,313.557,0.1,-3.0115,2.5715,-0.0375,313.551,0.1,-3.0115,2.707,-0.08449999999999999,313.512,0.1,-2.978,2.74,-0.0595,313.487,0.1,-2.9655,2.5665,0.032,313.511,0.1,-2.981,2.4240000000000004,0.0415,313.539,0.1,-2.9475,2.526,0.1155,313.527,0.1,-2.8795,2.5685000000000002,0.286,313.549,0.1,-2.8945,2.39,0.185,313.628,0.1,-2.9785,2.2285,-0.03,313.681,0.1,
-3.3405,2.592,-0.1005,313.575,0.1,-3.2910000000000004,2.6879999999999997,-0.0885,313.533,0.1,-3.1865,2.7595,-0.038000000000000006,313.501,0.1,-3.068,2.7565,-0.0275,313.494,0.1,-2.9625000000000004,2.691,0.0065,313.497,0.1,-2.9035,2.5745,0.0965,313.517,0.1,-2.9269999999999996,2.46,0.081,313.55,0.1,-2.9844999999999997,2.5045,0.0605,313.553,0.1,-3.002,2.675,0.0275,313.525,0.1,-2.976,2.784,0.010499999999999999,313.492,0.1,-2.9335,2.6395,0.1275,313.514,0.1,-2.891,2.4745,0.1665,313.563,0.1,-2.8385,2.5465,0.103,313.565,0.1,-2.803,2.5865,0.1215,313.576,0.1,-2.8585,2.4555,0.048,313.611,0.1,-2.968,2.269,-0.034,313.64,0.1,
-3.318,2.6225,-0.0925,313.56,0.1,-3.298,2.6870000000000003,-0.053,313.535,0.1,-3.2175000000000002,2.7664999999999997,-0.001,313.511,0.1,-3.105,2.8070000000000004,0.0005,313.499,0.1,-2.9785,2.7830000000000004,0.034,313.496,0.1,-2.8949999999999996,2.6665,0.08499999999999999,313.516,0.1,-2.91,2.482,0.077,313.551,0.1,-2.9764999999999997,2.4425,0.10350000000000001,313.57,0.1,-3.027,2.5915,0.051000000000000004,313.569,0.1,-3.01,2.76,0.047,313.536,0.1,-2.902,2.719,0.2195,313.536,0.1,-2.7845,2.5975,0.16899999999999998,313.588,0.1,-2.7430000000000003,2.617,-0.019000000000000003,313.587,0.1,-2.7805,2.5955,-0.0695,313.589,0.1,-2.8754999999999997,2.5084999999999997,-0.07999999999999999,313.588,0.1,-2.975,2.348,-0.0115,313.594,0.1,
-3.271,2.673,-0.0685,313.539,0.1,-3.2655,2.7005,-0.016,313.533,0.1,-3.219,2.7560000000000002,0.003,313.528,0.1,-3.1375,2.819,-0.0055,313.517,0.1,-3.026,2.8360000000000003,0.013500000000000002,313.51,0.1,-2.9299999999999997,2.753,0.036500000000000005,313.521,0.1,-2.902,2.557,0.0665,313.55,0.1,-2.9475,2.444,0.079,313.579,0.1,-3.034,2.5195,-0.0015,313.596,0.1,-3.0315000000000003,2.686,0.0305,313.588,0.1,-2.879,2.758,0.20900000000000002,313.586,0.1,-2.7355,2.7105,0.0045,313.617,0.1,-2.708,2.7095000000000002,-0.163,313.58,0.1,-2.773,2.633,-0.168,313.563,0.1,-2.8840000000000003,2.552,-0.1655,313.549,0.1,-2.968,2.439,0.0175,313.544,0.1,
-3.2255000000000003,2.7305,-0.05,313.524,0.1,-3.2015000000000002,2.7345,0.003,313.528,0.1,-3.181,2.7445,-0.0035,313.535,0.1,-3.144,2.7975000000000003,-0.0125,313.53,0.1,-3.0765000000000002,2.8440000000000003,-0.026000000000000002,313.524,0.1,-2.984,2.819,-0.013999999999999999,313.525,0.1,-2.902,2.678,0.0555,313.545,0.1,-2.902,2.5265,0.0115,313.579,0.1,-2.9855,2.5145,-0.076,313.593,0.1,-2.9915,2.6094999999999997,-0.004,313.604,0.1,-2.8665,2.7030000000000003,0.093,313.629,0.1,-2.7675,2.7265,-0.1925,313.632,0.1,-2.743,2.784,-0.241,313.551,0.1,-2.7800000000000002,2.7145,-0.159,313.509,0.1,-2.8665000000000003,2.5945,-0.14200000000000002,313.496,0.1,-2.919,2.5175,0.086,313.491,0.1,
-3.211,2.7714999999999996,-0.057999999999999996,313.522,0.1,-3.149,2.777,-0.0095,313.524,0.1,-3.123,2.7560000000000002,-0.0075,313.535,0.1,-3.1145,2.778,-0.013000000000000001,313.534,0.1,-3.0934999999999997,2.822,-0.0525,313.527,0.1,-3.02,2.845,-0.0455,313.52,0.1,-2.9095,2.7889999999999997,0.0235,313.534,0.1,-2.872,2.6479999999999997,-0.0485,313.565,0.1,-2.9204999999999997,2.576,-0.127,313.572,0.1,-2.9195,2.5789999999999997,-0.022,313.583,0.1,-2.859,2.59,-0.012,313.633,0.1,-2.832,2.646,-0.28700000000000003,313.628,0.1,-2.8155,2.8064999999999998,-0.263,313.526,0.1,-2.8209999999999997,2.802,-0.128,313.465,0.1,-2.857,2.6414999999999997,-0.0055,313.454,0.1,-2.8565,2.5745,0.1635,313.459,0.1,
-3.2045,2.7845,-0.0635,313.522,0.1,-3.1265,2.7990000000000004,-0.029500000000000002,313.523,0.1,-3.074,2.785,-0.025500000000000002,313.536,0.1,-3.072,2.7795,-0.044,313.541,0.1,-3.0835,2.7895000000000003,-0.07250000000000001,313.53,0.1,-3.0345,2.8200000000000003,-0.0535,313.515,0.1,-2.926,2.827,-0.0175,313.519,0.1,-2.865,2.7424999999999997,-0.0615,313.536,0.1,-2.8715,2.6615,-0.1195,313.54,0.1,-2.8555,2.606,-0.0155,313.547,0.1,-2.843,2.5135,-0.043,313.603,0.1,-2.8775,2.5404999999999998,-0.2755,313.61,0.1,-2.896,2.7545,-0.27949999999999997,313.523,0.1,-2.888,2.8369999999999997,-0.1245,313.45,0.1,-2.856,2.682,0.154,313.445,0.1,-2.8114999999999997,2.588,0.1795,313.472,0.1,
-3.1654999999999998,2.7915,-0.051500000000000004,313.511,0.1,-3.1025,2.787,-0.036500000000000005,313.521,0.1,-3.0395,2.788,-0.0435,313.533,0.1,-3.037,2.784,-0.0875,313.542,0.1,-3.0685000000000002,2.7670000000000003,-0.0945,313.536,0.1,-3.0505,2.766,-0.0605,313.524,0.1,-2.967,2.784,-0.0445,313.517,0.1,-2.891,2.768,-0.0545,313.515,0.1,-2.852,2.7255000000000003,-0.08499999999999999,313.512,0.1,-2.8114999999999997,2.6630000000000003,0.006,313.516,0.1,-2.8125,2.5220000000000002,-0.040999999999999995,313.564,0.1,-2.8840000000000003,2.487,-0.2275,313.582,0.1,-2.951,2.6574999999999998,-0.2975,313.527,0.1,-2.9370000000000003,2.801,-0.1235,313.451,0.1,-2.8465,2.7015000000000002,0.255,313.458,0.1,-2.7889999999999997,2.5525,0.1325,313.515,0.1,
-3.1215,2.791,-0.059,313.501,0.1,-3.072,2.7515,-0.041999999999999996,313.518,0.1,-3.0225,2.731,-0.05,313.535,0.1,-3.0140000000000002,2.7489999999999997,-0.0995,313.533,0.1,-3.0465,2.7510000000000003,-0.1085,313.534,0.1,-3.064,2.7190000000000003,-0.077,313.541,0.1,-3.0235000000000003,2.705,-0.0595,313.538,0.1,-2.9555,2.725,-0.0795,313.529,0.1,-2.883,2.7375,-0.0955,313.516,0.1,-2.8025,2.713,0.006,313.509,0.1,-2.784,2.59,-0.057499999999999996,313.539,0.1,-2.8685,2.5084999999999997,-0.192,313.551,0.1,-2.971,2.577,-0.286,313.52,0.1,-2.953,2.7249999999999996,-0.10550000000000001,313.456,0.1,-2.8335,2.6895,0.257,313.475,0.1,-2.7800000000000002,2.5,0.07400000000000001,313.553,0.1,
-3.1325000000000003,2.7409999999999997,-0.0795,313.522,0.1,-3.0645,2.7110000000000003,-0.04,313.521,0.1,-3.0220000000000002,2.6405000000000003,-0.0535,313.554,0.1,-3.0140000000000002,2.643,-0.10300000000000001,313.555,0.1,-3.0335,2.692,-0.10400000000000001,313.542,0.1,-3.0585,2.6870000000000003,-0.075,313.552,0.1,-3.0555000000000003,2.6485000000000003,-0.0665,313.567,0.1,-3.0295,2.653,-0.1365,313.57,0.1,-2.9625000000000004,2.6980000000000004,-0.161,313.552,0.1,-2.8495,2.733,-0.0515,313.53,0.1,-2.7935,2.6685,-0.109,313.536,0.1,-2.8605,2.5815,-0.1795,313.534,0.1,-2.9675000000000002,2.5525,-0.23399999999999999,313.514,0.1,-2.9545,2.6485,-0.0925,313.469,0.1,-2.8385,2.6399999999999997,0.172,313.495,0.1,-2.7824999999999998,2.4610000000000003,0.034,313.567,0.1,
-3.1879999999999997,2.658,-0.069,313.578,0.1,-3.0885,2.693,-0.036000000000000004,313.551,0.1,-3.027,2.5970000000000004,-0.0505,313.583,0.1,-3.027,2.5250000000000004,-0.1075,313.609,0.1,-3.0439999999999996,2.5795,-0.092,313.587,0.1,-3.0445,2.6505,-0.0695,313.572,0.1,-3.0410000000000004,2.6475,-0.087,313.586,0.1,-3.0555000000000003,2.6174999999999997,-0.1915,313.598,0.1,-3.0285,2.6475,-0.224,313.584,0.1,-2.9210000000000003,2.7225,-0.1325,313.553,0.1,-2.837,2.7359999999999998,-0.163,313.532,0.1,-2.8635,2.692,-0.181,313.522,0.1,-2.9465000000000003,2.6025,-0.19,313.516,0.1,-2.95,2.596,-0.103,313.492,0.1,-2.862,2.567,0.08249999999999999,313.51,0.1,-2.795,2.4415,0.025500000000000002,313.561,0.1,
-3.2015000000000002,2.5999999999999996,-0.0545,313.628,0.1,-3.132,2.6965,-0.087,313.602,0.1,-3.056,2.6345,-0.0795,313.609,0.1,-3.027,2.508,-0.0985,313.641,0.1,-3.035,2.5004999999999997,-0.119,313.646,0.1,-3.0285,2.601,-0.1245,313.618,0.1,-3.011,2.666,-0.1635,313.596,0.1,-3.0265,2.642,-0.2275,313.583,0.1,-3.0324999999999998,2.628,-0.237,313.572,0.1,-2.9589999999999996,2.6885,-0.1525,313.543,0.1,-2.864,2.778,-0.1625,313.503,0.1,-2.8485,2.819,-0.1755,313.482,0.1,-2.9055,2.705,-0.163,313.495,0.1,-2.9290000000000003,2.5789999999999997,-0.058499999999999996,313.494,0.1,-2.88,2.511,0.07100000000000001,313.514,0.1,-2.814,2.436,0.051000000000000004,313.548,0.1,
-3.1455,2.55,-0.075,313.65,0.1,-3.1559999999999997,2.6689999999999996,-0.1625,313.632,0.1,-3.1025,2.6835,-0.1505,313.622,0.1,-3.0195,2.593,-0.10450000000000001,313.628,0.1,-2.9895,2.5214999999999996,-0.18,313.656,0.1,-2.9975,2.5679999999999996,-0.2105,313.644,0.1,-2.9905,2.649,-0.247,313.595,0.1,-2.9805,2.6734999999999998,-0.231,313.537,0.1,-2.976,2.6355,-0.1865,313.518,0.1,-2.933,2.6405000000000003,-0.08399999999999999,313.51,0.1,-2.8609999999999998,2.758,-0.11449999999999999,313.472,0.1,-2.8415,2.8884999999999996,-0.1485,313.425,0.1,-2.878,2.786,-0.068,313.439,0.1,-2.8825000000000003,2.5945,0.107,313.471,0.1,-2.851,2.5170000000000003,0.1175,313.511,0.1,-2.8155,2.4405,0.061,313.551,0.1,
-3.0869999999999997,2.487,-0.0955,313.675,0.1,-3.1375,2.5999999999999996,-0.1885,313.635,0.1,-3.1075,2.6945,-0.16,313.604,0.1,-2.9989999999999997,2.6935000000000002,-0.10450000000000001,313.586,0.1,-2.9385,2.6155,-0.1825,313.601,0.1,-2.9604999999999997,2.5919999999999996,-0.215,313.606,0.1,-2.98,2.6255,-0.2235,313.57,0.1,-2.948,2.6785,-0.1895,313.498,0.1,-2.892,2.6535,-0.09,313.464,0.1,-2.8505000000000003,2.6155,-0.010499999999999999,313.487,0.1,-2.846,2.6849999999999996,-0.0805,313.473,0.1,-2.872,2.8445,-0.10450000000000001,313.4,0.1,-2.8739999999999997,2.7965,0.1205,313.394,0.1,-2.8245,2.613,0.24,313.473,0.1,-2.7965,2.566,0.089,313.523,0.1,-2.8045,2.45,0.005,313.57,0.1,
-3.052,2.456,-0.0835,313.694,0.1,-3.113,2.561,-0.197,313.647,0.1,-3.0774999999999997,2.692,-0.11299999999999999,313.571,0.1,-2.96,2.738,-0.07400000000000001,313.54,0.1,-2.895,2.673,-0.136,313.531,0.1,-2.9234999999999998,2.622,-0.133,313.528,0.1,-2.9645,2.623,-0.0865,313.518,0.1,-2.9275,2.676,-0.0865,313.477,0.1,-2.8185,2.665,0.0024999999999999996,313.439,0.1,-2.7565,2.616,-0.027,313.473,0.1,-2.8165,2.643,-0.10550000000000001,313.48,0.1,-2.879,2.793,-0.053000000000000005,313.413,0.1,-2.8289999999999997,2.783,0.296,313.392,0.1,-2.761,2.617,0.1955,313.507,0.1,-2.77,2.592,-0.006,313.532,0.1,-2.8064999999999998,2.455,-0.0685,313.572,0.1,
-3.4755000000000003,2.193,-0.08499999999999999,313.719,0.1,-3.4085,2.2405,-0.1255,313.692,0.1,-3.2935,2.2195,-0.11599999999999999,313.683,0.1,-3.1795,2.14,-0.11199999999999999,313.69,0.1,-3.1435,2.0415,-0.11349999999999999,313.702,0.1,-3.1895,1.9835,-0.065,313.721,0.1,-3.243,2.0185,-0.04,313.742,0.1,-3.2485,2.1315,-0.138,313.735,0.1,-3.1985,2.2249999999999996,-0.2025,313.694,0.1,-3.1265,2.2135,-0.1365,313.654,0.1,-3.1055,2.072,-0.0635,313.653,0.1,-3.1555,1.9955,-0.099,313.656,0.1,-3.1895,2.075,0.028999999999999998,313.641,0.1,-3.158,2.0675,0.323,313.676,0.1,-3.1315,1.8765,0.304,313.778,0.1,-3.1505,1.794,0.0495,313.849,0.1,
-3.5075000000000003,2.1635,-0.095,313.733,0.1,-3.446,2.255,-0.116,313.691,0.1,-3.3275,2.286,-0.0925,313.667,0.1,-3.1975,2.233,-0.08449999999999999,313.661,0.1,-3.1085000000000003,2.1355,-0.0635,313.661,0.1,-3.0875000000000004,2.0425,0.032,313.673,0.1,-3.1365,2.0125,0.045,313.702,0.1,-3.201,2.1014999999999997,-0.033,313.71,0.1,-3.2039999999999997,2.242,-0.08499999999999999,313.676,0.1,-3.1455,2.293,-0.062,313.645,0.1,-3.1005000000000003,2.1555,0.033,313.657,0.1,-3.1014999999999997,2.0295,0.048,313.676,0.1,-3.0785,2.1065,0.117,313.664,0.1,-3.023,2.132,0.279,313.685,0.1,-3.037,1.956,0.1875,313.765,0.1,-3.1205,1.7925,-0.024,313.826,0.1,
-3.5145,2.162,-0.1005,313.734,0.1,-3.4770000000000003,2.2605,-0.091,313.694,0.1,-3.374,2.333,-0.0455,313.662,0.1,-3.2435,2.3255,-0.0365,313.65,0.1,-3.1145,2.2575,-0.003,313.643,0.1,-3.0355,2.146,0.0875,313.651,0.1,-3.0650000000000004,2.0324999999999998,0.085,313.681,0.1,-3.1545,2.054,0.0695,313.704,0.1,-3.1955,2.214,0.035,313.692,0.1,-3.1574999999999998,2.3345000000000002,0.015,313.66,0.1,-3.0825,2.2365,0.1235,313.672,0.1,-3.0225,2.106,0.159,313.707,0.1,-2.9749999999999996,2.165,0.1,313.702,0.1,-2.9425,2.191,0.1235,313.709,0.1,-2.9909999999999997,2.0445,0.057499999999999996,313.746,0.1,-3.0999999999999996,1.834,-0.0275,313.783,0.1,
-3.4865000000000004,2.1959999999999997,-0.094,313.718,0.1,-3.481,2.2655000000000003,-0.056999999999999995,313.694,0.1,-3.407,2.355,-0.0075,313.668,0.1,-3.2895000000000003,2.3945,-0.006,313.654,0.1,-3.1495,2.3644999999999996,0.0235,313.646,0.1,-3.0404999999999998,2.258,0.07600000000000001,313.65,0.1,-3.0355,2.088,0.0795,313.675,0.1,-3.1165000000000003,2.0309999999999997,0.109,313.704,0.1,-3.1965000000000003,2.1535,0.065,313.725,0.1,-3.185,2.3205,0.0555,313.707,0.1,-3.0615,2.319,0.20450000000000002,313.702,0.1,-2.936,2.2350000000000003,0.1525,313.736,0.1,-2.899,2.2485,-0.023,313.729,0.1,-2.9325,2.2255000000000003,-0.063,313.725,0.1,-3.011,2.122,-0.0675,313.724,0.1,-3.101,1.9305,-0.0055,313.736,0.1,
-3.4375,2.2555,-0.07150000000000001,313.698,0.1,-3.4455,2.2830000000000004,-0.0225,313.69,0.1,-3.407,2.3520000000000003,-0.0025,313.679,0.1,-3.324,2.4175,-0.01,313.668,0.1,-3.208,2.4255,0.005,313.661,0.1,-3.094,2.3499999999999996,0.027500000000000004,313.664,0.1,-3.0355,2.1805000000000003,0.0595,313.68,0.1,-3.069,2.0705,0.076,313.705,0.1,-3.1710000000000003,2.1135,0.0115,313.737,0.1,-3.1895,2.2590000000000003,0.039,313.75,0.1,-3.0455,2.356,0.1905,313.749,0.1,-2.9000000000000004,2.3445,-0.0055,313.765,0.1,-2.875,2.3395,-0.168,313.725,0.1,-2.941,2.262,-0.1665,313.705,0.1,-3.0395000000000003,2.1695,-0.153,313.692,0.1,-3.1065,2.035,0.020499999999999997,313.69,0.1,
-3.3994999999999997,2.3200000000000003,-0.056499999999999995,313.686,0.1,-3.383,2.3230000000000004,-0.0055,313.684,0.1,-3.3689999999999998,2.3425000000000002,-0.008,313.685,0.1,-3.331,2.3994999999999997,-0.0165,313.678,0.1,-3.2605,2.436,-0.0305,313.676,0.1,-3.1605,2.4085,-0.023,313.679,0.1,-3.0585,2.2935,0.038,313.69,0.1,-3.034,2.1665,0.001,313.709,0.1,-3.1094999999999997,2.1335,-0.07,313.725,0.1,-3.1340000000000003,2.1955,-0.0025,313.753,0.1,-3.0325,2.2995,0.07999999999999999,313.784,0.1,-2.9400000000000004,2.3495,-0.1885,313.781,0.1,-2.9165,2.404,-0.249,313.697,0.1,-2.956,2.332,-0.1635,313.653,0.1,-3.04,2.2035,-0.1325,313.645,0.1,-3.0825,2.1159999999999997,0.0825,313.643,0.1,
-3.3955,2.3565,-0.0665,313.688,0.1,-3.338,2.3685,-0.02,313.683,0.1,-3.317,2.3535,-0.014,313.69,0.1,-3.307,2.378,-0.017,313.685,0.1,-3.2775,2.415,-0.052,313.68,0.1,-3.2005,2.4245,-0.051000000000000004,313.68,0.1,-3.0869999999999997,2.3795,0.0045000000000000005,313.691,0.1,-3.0300000000000002,2.2705,-0.061,313.709,0.1,-3.0570000000000004,2.199,-0.127,313.706,0.1,-3.0595,2.176,-0.031,313.724,0.1,-3.0205,2.191,-0.0195,313.778,0.1,-3.0134999999999996,2.2504999999999997,-0.2755,313.78,0.1,-3.005,2.4029999999999996,-0.2725,313.68,0.1,-3.0025,2.4085,-0.13,313.611,0.1,-3.0324999999999998,2.248,-0.0015,313.604,0.1,-3.033,2.1755,0.1565,313.613,0.1,
-3.391,2.3565,-0.07100000000000001,313.693,0.1,-3.3215000000000003,2.3845,-0.039,313.687,0.1,-3.274,2.38,-0.0335,313.695,0.1,-3.2695,2.377,-0.048,313.696,0.1,-3.2675,2.387,-0.068,313.684,0.1,-3.2119999999999997,2.4015,-0.053,313.676,0.1,-3.1109999999999998,2.399,-0.029,313.683,0.1,-3.0460000000000003,2.334,-0.07250000000000001,313.692,0.1,-3.0335,2.269,-0.1225,313.684,0.1,-3.008,2.2055,-0.03,313.689,0.1,-3.004,2.122,-0.051500000000000004,313.743,0.1,-3.0645,2.1305,-0.2675,313.763,0.1,-3.1025,2.3209999999999997,-0.2845,313.687,0.1,-3.082,2.4234999999999998,-0.123,313.606,0.1,-3.0335,2.291,0.151,313.596,0.1,-2.988,2.2,0.178,313.623,0.1,
-3.3425000000000002,2.363,-0.0555,313.684,0.1,-3.2960000000000003,2.367,-0.0435,313.69,0.1,-3.241,2.3819999999999997,-0.0505,313.695,0.1,-3.234,2.385,-0.09,313.701,0.1,-3.2495,2.374,-0.0895,313.694,0.1,-3.2195,2.3655,-0.055,313.684,0.1,-3.1435,2.3635,-0.0465,313.682,0.1,-3.08,2.3425000000000002,-0.0615,313.68,0.1,-3.0385,2.3135,-0.088,313.668,0.1,-2.9859999999999998,2.2584999999999997,-0.0085,313.664,0.1,-2.9795,2.1355,-0.05,313.704,0.1,-3.0665,2.0765000000000002,-0.225,313.73,0.1,-3.16,2.2065,-0.296,313.696,0.1,-3.1470000000000002,2.3565,-0.1245,313.625,0.1,-3.0375,2.303,0.242,313.615,0.1,-2.9655,2.1790000000000003,0.14150000000000001,313.662,0.1,
-3.2845,2.3905,-0.058499999999999996,313.669,0.1,-3.2485,2.346,-0.046,313.687,0.1,-3.212,2.3345000000000002,-0.053,313.698,0.1,-3.2015000000000002,2.3645,-0.099,313.695,0.1,-3.2184999999999997,2.3765,-0.10350000000000001,313.696,0.1,-3.2199999999999998,2.3455000000000004,-0.07050000000000001,313.703,0.1,-3.1814999999999998,2.316,-0.058,313.702,0.1,-3.1345,2.3120000000000003,-0.082,313.7,0.1,-3.08,2.3205,-0.0965,313.684,0.1,-2.998,2.306,-0.009000000000000001,313.664,0.1,-2.9619999999999997,2.2039999999999997,-0.0655,313.681,0.1,-3.0395000000000003,2.1075,-0.191,313.692,0.1,-3.162,2.1315,-0.28,313.681,0.1,-3.165,2.258,-0.1115,313.638,0.1,-3.0380000000000003,2.2725,0.2355,313.643,0.1,-2.963,2.1325000000000003,0.08449999999999999,313.703,0.1,
-3.2955,2.3785,-0.0775,313.689,0.1,-3.2195,2.341,-0.0435,313.685,0.1,-3.1845,2.2705,-0.053,313.715,0.1,-3.182,2.2845000000000004,-0.097,313.715,0.1,-3.1935000000000002,2.3465,-0.0965,313.703,0.1,-3.2015000000000002,2.3445,-0.07,313.715,0.1,-3.1925,2.298,-0.0675,313.73,0.1,-3.1835,2.274,-0.135,313.74,0.1,-3.1470000000000002,2.2955,-0.16,313.727,0.1,-3.052,2.3285,-0.068,313.695,0.1,-2.981,2.2800000000000002,-0.118,313.682,0.1,-3.0214999999999996,2.19,-0.1795,313.67,0.1,-3.1304999999999996,2.1260000000000003,-0.2285,313.663,0.1,-3.1435,2.1835,-0.099,313.643,0.1,-3.036,2.211,0.152,313.665,0.1,-2.9675000000000002,2.088,0.035500000000000004,313.725,0.1,
-3.362,2.307,-0.069,313.753,0.1,-3.24,2.3525,-0.0395,313.715,0.1,-3.1665,2.2615,-0.0505,313.74,0.1,-3.1725,2.194,-0.1015,313.766,0.1,-3.194,2.26,-0.086,313.745,0.1,-3.1835,2.3360000000000003,-0.0675,313.731,0.1,-3.167,2.329,-0.09,313.745,0.1,-3.186,2.2744999999999997,-0.188,313.761,0.1,-3.1879999999999997,2.269,-0.222,313.756,0.1,-3.113,2.3245,-0.147,313.723,0.1,-3.0285,2.3455,-0.175,313.685,0.1,-3.0235000000000003,2.302,-0.186,313.658,0.1,-3.0875000000000004,2.19,-0.186,313.655,0.1,-3.104,2.1494999999999997,-0.1035,313.648,0.1,-3.0324999999999998,2.141,0.07100000000000001,313.673,0.1,-2.9695,2.059,0.019,313.724,0.1,
-3.377,2.2279999999999998,-0.053,313.807,0.1,-3.2915,2.3535000000000004,-0.08449999999999999,313.771,0.1,-3.189,2.316,-0.0795,313.767,0.1,-3.1574999999999998,2.1905,-0.10300000000000001,313.797,0.1,-3.1805,2.186,-0.121,313.8,0.1,-3.1765,2.293,-0.1245,313.771,0.1,-3.1449999999999996,2.3625,-0.1635,313.747,0.1,-3.151,2.3245,-0.2245,313.736,0.1,-3.1734999999999998,2.2715,-0.235,313.734,0.1,-3.135,2.3005,-0.161,313.71,0.1,-3.0549999999999997,2.387,-0.1745,313.66,0.1,-3.017,2.425,-0.182,313.621,0.1,-3.0425,2.2995,-0.156,313.627,0.1,-3.058,2.153,-0.0545,313.639,0.1,-3.018,2.0945,0.066,313.668,0.1,-2.9635,2.0465,0.0445,313.709,0.1,
-3.3,2.1595,-0.0685,313.822,0.1,-3.318,2.3005,-0.1545,313.807,0.1,-3.2485,2.3475,-0.15,313.789,0.1,-3.1535,2.2685,-0.11649999999999999,313.787,0.1,-3.1345,2.1925,-0.1865,313.81,0.1,-3.1595,2.2355,-0.212,313.797,0.1,-3.15,2.3289999999999997,-0.2455,313.745,0.1,-3.122,2.362,-0.232,313.684,0.1,-3.115,2.2955,-0.187,313.671,0.1,-3.099,2.267,-0.0885,313.672,0.1,-3.0525,2.3705,-0.118,313.631,0.1,-3.0215,2.4909999999999997,-0.1465,313.571,0.1,-3.024,2.3899999999999997,-0.057999999999999996,313.575,0.1,-3.0069999999999997,2.193,0.108,313.613,0.1,-2.9695,2.1094999999999997,0.11499999999999999,313.656,0.1,-2.9375,2.0475000000000003,0.061,313.702,0.1,
-3.2095,2.1014999999999997,-0.0905,313.839,0.1,-3.291,2.2115,-0.1825,313.814,0.1,-3.2775,2.317,-0.167,313.787,0.1,-3.162,2.3415,-0.1185,313.755,0.1,-3.096,2.2645,-0.192,313.758,0.1,-3.1325000000000003,2.2235,-0.217,313.762,0.1,-3.1660000000000004,2.2605,-0.226,313.729,0.1,-3.1245000000000003,2.3440000000000003,-0.194,313.651,0.1,-3.052,2.322,-0.098,313.614,0.1,-3.0170000000000003,2.2615,-0.017,313.64,0.1,-3.0315000000000003,2.3095,-0.07350000000000001,313.628,0.1,-3.0545,2.4465,-0.088,313.557,0.1,-3.0305,2.4065,0.126,313.545,0.1,-2.9530000000000003,2.2424999999999997,0.241,313.611,0.1,-2.9025,2.173,0.096,313.656,0.1,-2.9025,2.058,0.014,313.709,0.1,
-3.1565,2.078,-0.084,313.856,0.1,-3.255,2.167,-0.196,313.825,0.1,-3.2635,2.291,-0.129,313.766,0.1,-3.1615,2.367,-0.091,313.723,0.1,-3.084,2.31,-0.148,313.698,0.1,-3.11,2.237,-0.1355,313.69,0.1,-3.165,2.231,-0.0915,313.689,0.1,-3.1319999999999997,2.322,-0.0915,313.642,0.1,-3.0095,2.335,-0.0125,313.594,0.1,-2.9355,2.273,-0.0385,313.619,0.1,-2.993,2.276,-0.0955,313.627,0.1,-3.056,2.396,-0.0305,313.576,0.1,-2.9985,2.393,0.291,313.559,0.1,-2.906,2.263,0.20700000000000002,313.643,0.1,-2.883,2.209,0.0085,313.666,0.1,-2.9015,2.065,-0.054,313.71,0.1,
-3.5595,1.89,-0.081,313.884,0.1,-3.5084999999999997,1.9215,-0.1285,313.863,0.1,-3.4139999999999997,1.905,-0.126,313.85,0.1,-3.311,1.8485,-0.1245,313.845,0.1,-3.259,1.776,-0.122,313.841,0.1,-3.269,1.7195,-0.0675,313.847,0.1,-3.303,1.724,-0.04,313.872,0.1,-3.324,1.794,-0.1355,313.891,0.1,-3.303,1.8715,-0.20400000000000001,313.868,0.1,-3.246,1.8845,-0.145,313.824,0.1,-3.2235,1.7835,-0.069,313.811,0.1,-3.2695,1.7215,-0.0915,313.811,0.1,-3.2995,1.788,0.033,313.798,0.1,-3.255,1.7890000000000001,0.309,313.832,0.1,-3.209,1.6385,0.2965,313.932,0.1,-3.224,1.558,0.0545,314.003,0.1,
-3.5815,1.8824999999999998,-0.093,313.895,0.1,-3.535,1.9445000000000001,-0.118,313.862,0.1,-3.4400000000000004,1.9655,-0.1015,313.838,0.1,-3.3295000000000003,1.93,-0.0975,313.823,0.1,-3.2415000000000003,1.8639999999999999,-0.07450000000000001,313.809,0.1,-3.1959999999999997,1.7930000000000001,0.022,313.805,0.1,-3.2115,1.7565,0.045,313.827,0.1,-3.2670000000000003,1.799,-0.0265,313.848,0.1,-3.2935,1.8925,-0.0835,313.841,0.1,-3.26,1.944,-0.0665,313.818,0.1,-3.2190000000000003,1.8565,0.025500000000000002,313.819,0.1,-3.217,1.7690000000000001,0.048,313.831,0.1,-3.199,1.8385,0.1165,313.821,0.1,-3.1425,1.8635000000000002,0.2685,313.845,0.1,-3.133,1.72,0.1865,313.924,0.1,-3.1915,1.57,-0.0175,313.984,0.1,
-3.5865,1.9055,-0.1015,313.894,0.1,-3.5549999999999997,1.9705,-0.0935,313.862,0.1,-3.4715,2.0195,-0.054000000000000006,313.836,0.1,-3.365,2.016,-0.0495,313.819,0.1,-3.255,1.9745,-0.0165,313.801,0.1,-3.1695,1.901,0.07450000000000001,313.793,0.1,-3.1635,1.8125,0.08549999999999999,313.809,0.1,-3.223,1.807,0.0765,313.831,0.1,-3.269,1.9055,0.040999999999999995,313.838,0.1,-3.2555,1.9909999999999999,0.015,313.826,0.1,-3.1965000000000003,1.9289999999999998,0.1105,313.836,0.1,-3.144,1.8445,0.14550000000000002,313.862,0.1,-3.105,1.9060000000000001,0.096,313.857,0.1,-3.0755,1.928,0.1245,313.867,0.1,-3.104,1.7999999999999998,0.0645,313.908,0.1,-3.1785,1.6115,-0.0225,313.945,0.1,
-3.569,1.956,-0.0965,313.882,0.1,-3.5564999999999998,2.0025,-0.061,313.86,0.1,-3.4905,2.0635,-0.0165,313.841,0.1,-3.395,2.0895,-0.016,313.829,0.1,-3.2845,2.072,0.0105,313.814,0.1,-3.1885000000000003,2.0060000000000002,0.0625,313.807,0.1,-3.1605,1.8855,0.077,313.815,0.1,-3.2015000000000002,1.8345,0.1115,313.833,0.1,-3.2605,1.907,0.07500000000000001,313.856,0.1,-3.2605,2.0115,0.061,313.857,0.1,-3.165,2.009,0.185,313.863,0.1,-3.0620000000000003,1.959,0.1335,313.891,0.1,-3.035,1.9845,-0.027000000000000003,313.883,0.1,-3.0675,1.9645000000000001,-0.055499999999999994,313.881,0.1,-3.1305,1.865,-0.0545,313.885,0.1,-3.1915,1.6925,-0.001,313.899,0.1,
-3.536,2.019,-0.076,313.869,0.1,-3.5305,2.041,-0.028999999999999998,313.856,0.1,-3.4865,2.09,-0.009000000000000001,313.85,0.1,-3.414,2.1319999999999997,-0.016,313.845,0.1,-3.324,2.134,-0.005,313.839,0.1,-3.2365,2.0845000000000002,0.0145,313.835,0.1,-3.1805,1.9695,0.0485,313.838,0.1,-3.184,1.8945,0.07050000000000001,313.847,0.1,-3.246,1.9169999999999998,0.0205,313.867,0.1,-3.2545,2.001,0.047,313.887,0.1,-3.138,2.0595,0.17149999999999999,313.901,0.1,-3.0225,2.056,-0.0165,313.917,0.1,-3.0105,2.0585,-0.17149999999999999,313.879,0.1,-3.075,1.994,-0.1635,313.861,0.1,-3.161,1.903,-0.1395,313.852,0.1,-3.21,1.7774999999999999,0.0235,313.854,0.1,
-3.5084999999999997,2.0785,-0.064,313.864,0.1,-3.4855,2.086,-0.014499999999999999,313.856,0.1,-3.4585,2.104,-0.012,313.856,0.1,-3.416,2.141,-0.0195,313.856,0.1,-3.357,2.159,-0.035500000000000004,313.858,0.1,-3.284,2.1340000000000003,-0.0335,313.859,0.1,-3.206,2.0555,0.0185,313.863,0.1,-3.1755,1.9754999999999998,-0.0105,313.868,0.1,-3.214,1.952,-0.066,313.868,0.1,-3.2115,1.9805000000000001,0.0,313.89,0.1,-3.1185,2.0365,0.0685,313.926,0.1,-3.049,2.064,-0.186,313.931,0.1,-3.0439999999999996,2.1025,-0.253,313.855,0.1,-3.088,2.0445,-0.1685,313.811,0.1,-3.1630000000000003,1.9304999999999999,-0.1235,313.805,0.1,-3.196,1.846,0.0795,313.808,0.1,
-3.502,2.113,-0.07400000000000001,313.866,0.1,-3.452,2.1254999999999997,-0.030000000000000002,313.861,0.1,-3.4219999999999997,2.121,-0.0195,313.864,0.1,-3.3979999999999997,2.1399999999999997,-0.0195,313.861,0.1,-3.3645,2.159,-0.0525,313.863,0.1,-3.3045,2.153,-0.056999999999999995,313.866,0.1,-3.223,2.1165000000000003,-0.015000000000000001,313.874,0.1,-3.181,2.0454999999999997,-0.07350000000000001,313.881,0.1,-3.1895,2.0,-0.127,313.866,0.1,-3.1635,1.9765000000000001,-0.037000000000000005,313.871,0.1,-3.1105,1.966,-0.0245,313.92,0.1,-3.1085000000000003,1.9875,-0.265,313.928,0.1,-3.1185,2.0934999999999997,-0.2755,313.839,0.1,-3.128,2.0985,-0.1365,313.773,0.1,-3.1559999999999997,1.9675,-0.001,313.766,0.1,-3.153,1.903,0.1495,313.779,0.1,
-3.493,2.1185,-0.0755,313.866,0.1,-3.4349999999999996,2.1405000000000003,-0.0475,313.864,0.1,-3.3914999999999997,2.141,-0.039999999999999994,313.873,0.1,-3.3735,2.1455,-0.05,313.873,0.1,-3.3555,2.149,-0.0645,313.866,0.1,-3.3045,2.1435,-0.0535,313.864,0.1,-3.2315,2.128,-0.0405,313.872,0.1,-3.1925,2.0789999999999997,-0.08349999999999999,313.875,0.1,-3.182,2.0385,-0.1255,313.857,0.1,-3.1390000000000002,1.9945,-0.041999999999999996,313.85,0.1,-3.109,1.9184999999999999,-0.057999999999999996,313.893,0.1,-3.1525,1.8985,-0.2585,313.912,0.1,-3.197,2.0275,-0.2835,313.845,0.1,-3.1925,2.104,-0.125,313.77,0.1,-3.1555,2.0005,0.14300000000000002,313.76,0.1,-3.114,1.9335,0.174,313.789,0.1,
-3.4535,2.1265,-0.057999999999999996,313.862,0.1,-3.409,2.132,-0.0485,313.864,0.1,-3.3625,2.1425,-0.056999999999999995,313.872,0.1,-3.351,2.15,-0.0925,313.88,0.1,-3.3485,2.143,-0.08499999999999999,313.875,0.1,-3.3095,2.124,-0.051000000000000004,313.87,0.1,-3.2485,2.1029999999999998,-0.0495,313.873,0.1,-3.2125,2.076,-0.0685,313.871,0.1,-3.1895,2.057,-0.092,313.854,0.1,-3.1365,2.0229999999999997,-0.023,313.841,0.1,-3.108,1.928,-0.06,313.867,0.1,-3.1654999999999998,1.864,-0.221,313.885,0.1,-3.245,1.9449999999999998,-0.29,313.852,0.1,-3.2409999999999997,2.0505,-0.124,313.789,0.1,-3.152,2.0065,0.2255,313.784,0.1,-3.0925000000000002,1.919,0.1445,313.831,0.1,
-3.4105,2.1414999999999997,-0.0595,313.863,0.1,-3.372,2.1145,-0.05,313.867,0.1,-3.3360000000000003,2.107,-0.055,313.873,0.1,-3.327,2.13,-0.0985,313.874,0.1,-3.3339999999999996,2.1405,-0.098,313.879,0.1,-3.3179999999999996,2.1115000000000004,-0.0655,313.888,0.1,-3.277,2.0735,-0.058,313.891,0.1,-3.2485,2.0525,-0.084,313.892,0.1,-3.2205,2.053,-0.099,313.879,0.1,-3.1559999999999997,2.0465,-0.025,313.856,0.1,-3.113,1.974,-0.0765,313.86,0.1,-3.1615,1.8925,-0.191,313.859,0.1,-3.254,1.8969999999999998,-0.27,313.841,0.1,-3.249,1.9815,-0.113,313.801,0.1,-3.1375,1.983,0.21250000000000002,313.812,0.1,-3.0815,1.8735,0.0895,313.874,0.1,
-3.419,2.115,-0.076,313.895,0.1,-3.3565,2.097,-0.0485,313.882,0.1,-3.3200000000000003,2.0515,-0.053,313.896,0.1,-3.3135,2.0645,-0.0895,313.891,0.1,-3.32,2.1105,-0.0875,313.885,0.1,-3.315,2.1075,-0.0665,313.901,0.1,-3.2925,2.0645,-0.07050000000000001,313.915,0.1,-3.283,2.0294999999999996,-0.1345,313.926,0.1,-3.2664999999999997,2.0309999999999997,-0.1595,313.92,0.1,-3.2015000000000002,2.0525,-0.08349999999999999,313.893,0.1,-3.1445,2.021,-0.1295,313.874,0.1,-3.169,1.953,-0.1825,313.85,0.1,-3.2435,1.898,-0.2215,313.831,0.1,-3.232,1.934,-0.101,313.807,0.1,-3.1224999999999996,1.941,0.1315,313.832,0.1,-3.0685000000000002,1.8279999999999998,0.034,313.896,0.1,
-3.463,2.044,-0.067,313.96,0.1,-3.3745000000000003,2.0895,-0.044,313.925,0.1,-3.315,2.0315000000000003,-0.0535,313.935,0.1,-3.3135,1.9875,-0.0945,313.943,0.1,-3.325,2.0405,-0.078,313.92,0.1,-3.3095,2.098,-0.0665,313.916,0.1,-3.2835,2.089,-0.0955,313.93,0.1,-3.287,2.0365,-0.188,313.941,0.1,-3.2895,2.0140000000000002,-0.22,313.938,0.1,-3.2415000000000003,2.0435,-0.1585,313.915,0.1,-3.186,2.0595,-0.187,313.882,0.1,-3.186,2.031,-0.1935,313.849,0.1,-3.2275,1.944,-0.184,313.835,0.1,-3.2119999999999997,1.9104999999999999,-0.10200000000000001,313.82,0.1,-3.1185,1.8935,0.059,313.841,0.1,-3.0549999999999997,1.8035,0.011,313.896,0.1,
-3.456,1.984,-0.049,314.003,0.1,-3.403,2.0845000000000002,-0.0815,313.98,0.1,-3.3310000000000004,2.064,-0.083,313.972,0.1,-3.3064999999999998,1.9745,-0.107,313.984,0.1,-3.319,1.9795,-0.1205,313.972,0.1,-3.3105,2.0620000000000003,-0.123,313.948,0.1,-3.2785,2.1115,-0.1645,313.933,0.1,-3.2695,2.0765000000000002,-0.2255,313.917,0.1,-3.274,2.0220000000000002,-0.233,313.906,0.1,-3.243,2.028,-0.1665,313.888,0.1,-3.1935000000000002,2.088,-0.184,313.852,0.1,-3.178,2.1195000000000004,-0.1905,313.817,0.1,-3.199,2.0215,-0.1525,313.816,0.1,-3.189,1.9064999999999999,-0.052,313.821,0.1,-3.1165000000000003,1.863,0.0595,313.84,0.1,-3.0435,1.8050000000000002,0.035500000000000004,313.88,0.1,
-3.3725,1.9475,-0.06,314.003,0.1,-3.4015,2.0505,-0.14350000000000002,314.003,0.1,-3.3635,2.0845000000000002,-0.1485,313.992,0.1,-3.2965,2.027,-0.13,313.983,0.1,-3.2809999999999997,1.9765000000000001,-0.1915,313.986,0.1,-3.3,2.0100000000000002,-0.21,313.967,0.1,-3.2925,2.0765000000000002,-0.2405,313.926,0.1,-3.2605000000000004,2.0985,-0.23399999999999999,313.869,0.1,-3.2325,2.0425,-0.1885,313.842,0.1,-3.2030000000000003,2.011,-0.0915,313.836,0.1,-3.1719999999999997,2.081,-0.118,313.808,0.1,-3.1654999999999998,2.1685,-0.144,313.762,0.1,-3.1745,2.0860000000000003,-0.052000000000000005,313.766,0.1,-3.1485000000000003,1.9304999999999999,0.106,313.801,0.1,-3.0875000000000004,1.8785,0.109,313.836,0.1,-3.028,1.8245,0.056999999999999995,313.873,0.1,
-3.287,1.9184999999999999,-0.08299999999999999,314.006,0.1,-3.363,1.996,-0.172,313.997,0.1,-3.371,2.0635000000000003,-0.169,313.985,0.1,-3.292,2.0805,-0.1355,313.955,0.1,-3.2424999999999997,2.0265,-0.2,313.942,0.1,-3.2735,1.9935,-0.2165,313.931,0.1,-3.307,2.012,-0.2225,313.903,0.1,-3.2735000000000003,2.0735,-0.1965,313.838,0.1,-3.1945,2.0605,-0.108,313.794,0.1,-3.1395,2.016,-0.025,313.803,0.1,-3.1455,2.044,-0.064,313.791,0.1,-3.177,2.135,-0.07050000000000001,313.739,0.1,-3.1639999999999997,2.0965,0.128,313.735,0.1,-3.0945,1.968,0.239,313.801,0.1,-3.037,1.927,0.0995,313.845,0.1,-3.012,1.843,0.018500000000000003,313.886,0.1,
-3.24,1.906,-0.082,314.018,0.1,-3.3295,1.97,-0.19,313.997,0.1,-3.351,2.047,-0.139,313.959,0.1,-3.285,2.1,-0.1095,313.925,0.1,-3.23,2.061,-0.16,313.89,0.1,-3.2504999999999997,2.002,-0.1385,313.865,0.1,-3.2995,1.984,-0.0905,313.859,0.1,-3.2785,2.051,-0.0925,313.826,0.1,-3.1685,2.069,-0.03,313.783,0.1,-3.0845000000000002,2.029,-0.051500000000000004,313.791,0.1,-3.1165,2.024,-0.086,313.785,0.1,-3.1685,2.097,-0.0095,313.747,0.1,-3.1215,2.086,0.2825,313.746,0.1,-3.041,1.985,0.2155,313.832,0.1,-3.0175,1.953,0.0235,313.862,0.1,-3.0205,1.849,-0.042499999999999996,313.895,0.1,
-3.6435,1.587,-0.0775,314.049,0.1,-3.6085,1.6035,-0.1315,314.034,0.1,-3.535,1.59,-0.136,314.017,0.1,-3.443,1.557,-0.1375,314.0,0.1,-3.374,1.5105,-0.1305,313.98,0.1,-3.348,1.4565000000000001,-0.07050000000000001,313.973,0.1,-3.363,1.4289999999999998,-0.04,314.002,0.1,-3.4,1.4565000000000001,-0.133,314.046,0.1,-3.4085,1.5185,-0.2055,314.043,0.1,-3.3665,1.556,-0.1535,313.995,0.1,-3.3419999999999996,1.495,-0.075,313.969,0.1,-3.3834999999999997,1.4465,-0.08399999999999999,313.966,0.1,-3.41,1.5005000000000002,0.037000000000000005,313.955,0.1,-3.352,1.5105,0.295,313.989,0.1,-3.286,1.4,0.2895,314.086,0.1,-3.2975000000000003,1.3215,0.0595,314.158,0.1,
-3.6555,1.6025,-0.091,314.057,0.1,-3.6239999999999997,1.635,-0.12,314.033,0.1,-3.5519999999999996,1.645,-0.1105,314.009,0.1,-3.461,1.6275,-0.1105,313.985,0.1,-3.3745000000000003,1.5924999999999998,-0.086,313.958,0.1,-3.3040000000000003,1.544,0.0125,313.938,0.1,-3.286,1.4994999999999998,0.045,313.951,0.1,-3.333,1.4965000000000002,-0.0195,313.986,0.1,-3.383,1.5434999999999999,-0.082,314.005,0.1,-3.3745,1.5945,-0.07100000000000001,313.992,0.1,-3.3375,1.5585,0.018,313.981,0.1,-3.332,1.5075,0.048,313.986,0.1,-3.319,1.5705,0.1155,313.979,0.1,-3.2615,1.5945,0.258,314.005,0.1,-3.2285,1.483,0.1855,314.083,0.1,-3.263,1.3479999999999999,-0.011,314.142,0.1,
-3.6585,1.6495000000000002,-0.1025,314.055,0.1,-3.633,1.6815,-0.096,314.03,0.1,-3.5694999999999997,1.7069999999999999,-0.0625,314.01,0.1,-3.4875,1.7065000000000001,-0.062,313.988,0.1,-3.3955,1.6915,-0.0295,313.958,0.1,-3.3035,1.6560000000000001,0.0615,313.935,0.1,-3.2625,1.592,0.0865,313.937,0.1,-3.2915,1.5605,0.08349999999999999,313.958,0.1,-3.3419999999999996,1.5975000000000001,0.047,313.984,0.1,-3.3529999999999998,1.647,0.0155,313.993,0.1,-3.3105,1.6219999999999999,0.0975,314.001,0.1,-3.2649999999999997,1.583,0.1325,314.017,0.1,-3.235,1.6475,0.092,314.013,0.1,-3.2089999999999996,1.6644999999999999,0.1255,314.026,0.1,-3.2165,1.5550000000000002,0.07150000000000001,314.07,0.1,-3.2565,1.389,-0.0175,314.107,0.1,
-3.651,1.7165,-0.099,314.046,0.1,-3.632,1.74,-0.065,314.025,0.1,-3.5745,1.7725,-0.025500000000000002,314.015,0.1,-3.501,1.7845,-0.026500000000000003,314.004,0.1,-3.4195,1.779,-0.0024999999999999996,313.982,0.1,-3.3365,1.7535,0.0495,313.963,0.1,-3.2855,1.6835,0.075,313.955,0.1,-3.286,1.6385,0.114,313.961,0.1,-3.324,1.6600000000000001,0.08449999999999999,313.988,0.1,-3.3360000000000003,1.703,0.067,314.008,0.1,-3.269,1.699,0.16549999999999998,314.024,0.1,-3.189,1.6835,0.11449999999999999,314.046,0.1,-3.1719999999999997,1.721,-0.0315,314.038,0.1,-3.2030000000000003,1.7029999999999998,-0.048,314.037,0.1,-3.25,1.6085,-0.0415,314.046,0.1,-3.2824999999999998,1.4540000000000002,0.003,314.063,0.1,
-3.6345,1.783,-0.0805,314.04,0.1,-3.6159999999999997,1.799,-0.035500000000000004,314.023,0.1,-3.5665,1.8285,-0.0155,314.021,0.1,-3.5045,1.846,-0.022,314.023,0.1,-3.4405,1.842,-0.015,314.016,0.1,-3.3795,1.819,0.002,314.005,0.1,-3.3255,1.7595,0.0375,313.995,0.1,-3.2984999999999998,1.7189999999999999,0.065,313.988,0.1,-3.321,1.7200000000000002,0.029500000000000002,313.998,0.1,-3.3200000000000003,1.7435,0.05499999999999999,314.024,0.1,-3.2305,1.763,0.1525,314.053,0.1,-3.145,1.7675,-0.0275,314.07,0.1,-3.1465,1.778,-0.1745,314.034,0.1,-3.2095000000000002,1.7255,-0.1605,314.016,0.1,-3.2824999999999998,1.6375,-0.126,314.011,0.1,-3.3135,1.52,0.026500000000000003,314.018,0.1,
-3.6180000000000003,1.8370000000000002,-0.07150000000000001,314.042,0.1,-3.588,1.849,-0.0235,314.029,0.1,-3.5475,1.866,-0.0165,314.027,0.1,-3.501,1.8825,-0.0225,314.033,0.1,-3.4535,1.8815,-0.040499999999999994,314.04,0.1,-3.4065000000000003,1.8599999999999999,-0.044,314.04,0.1,-3.3529999999999998,1.8185,-0.001,314.035,0.1,-3.3165,1.7845,-0.0215,314.026,0.1,-3.3185000000000002,1.7705000000000002,-0.062,314.012,0.1,-3.29,1.7654999999999998,0.0025,314.026,0.1,-3.205,1.7734999999999999,0.057499999999999996,314.068,0.1,-3.158,1.7785,-0.1835,314.081,0.1,-3.1719999999999997,1.8014999999999999,-0.2565,314.013,0.1,-3.2205,1.7570000000000001,-0.173,313.97,0.1,-3.286,1.658,-0.11499999999999999,313.966,0.1,-3.3095,1.5765,0.077,313.972,0.1,
-3.609,1.8695,-0.0815,314.044,0.1,-3.566,1.8824999999999998,-0.04,314.039,0.1,-3.527,1.8885,-0.0245,314.038,0.1,-3.4885,1.9024999999999999,-0.022,314.038,0.1,-3.451,1.9024999999999999,-0.053,314.046,0.1,-3.4085,1.8815,-0.063,314.053,0.1,-3.3585000000000003,1.854,-0.0345,314.057,0.1,-3.3315,1.8205,-0.086,314.053,0.1,-3.322,1.8010000000000002,-0.1275,314.025,0.1,-3.268,1.7774999999999999,-0.0435,314.019,0.1,-3.2005,1.7415,-0.0295,314.062,0.1,-3.2025,1.724,-0.255,314.076,0.1,-3.232,1.7835,-0.2785,313.999,0.1,-3.2545,1.7879999999999998,-0.14300000000000002,313.935,0.1,-3.2800000000000002,1.6869999999999998,-0.0005,313.928,0.1,-3.2735000000000003,1.631,0.14250000000000002,313.944,0.1,
-3.5955000000000004,1.881,-0.08,314.04,0.1,-3.5484999999999998,1.896,-0.055999999999999994,314.041,0.1,-3.5084999999999997,1.9015,-0.0465,314.051,0.1,-3.4775,1.914,-0.052,314.051,0.1,-3.4445,1.9104999999999999,-0.061,314.047,0.1,-3.3975,1.885,-0.054,314.052,0.1,-3.3515,1.8575,-0.051500000000000004,314.061,0.1,-3.3385,1.8245,-0.094,314.059,0.1,-3.33,1.8085,-0.1285,314.031,0.1,-3.269,1.7845,-0.054,314.012,0.1,-3.2135,1.7155,-0.0645,314.043,0.1,-3.2409999999999997,1.6665,-0.2495,314.061,0.1,-3.292,1.7335,-0.2825,314.003,0.1,-3.3034999999999997,1.7845,-0.127,313.934,0.1,-3.2775,1.71,0.1355,313.925,0.1,-3.2394999999999996,1.6665,0.16999999999999998,313.955,0.1,
-3.5650000000000004,1.8900000000000001,-0.0605,314.04,0.1,-3.5220000000000002,1.896,-0.054,314.038,0.1,-3.484,1.9024999999999999,-0.063,314.049,0.1,-3.468,1.915,-0.0955,314.06,0.1,-3.4475,1.9115,-0.081,314.056,0.1,-3.3995,1.8815,-0.047,314.057,0.1,-3.3535000000000004,1.8425,-0.0525,314.064,0.1,-3.3449999999999998,1.81,-0.0755,314.062,0.1,-3.3405,1.8014999999999999,-0.096,314.04,0.1,-3.2865,1.7885,-0.0375,314.017,0.1,-3.2355,1.721,-0.07,314.031,0.1,-3.2634999999999996,1.6524999999999999,-0.2175,314.04,0.1,-3.3295,1.6840000000000002,-0.28400000000000003,314.008,0.1,-3.3345000000000002,1.745,-0.1235,313.953,0.1,-3.266,1.71,0.20900000000000002,313.953,0.1,-3.2190000000000003,1.6585,0.1475,313.999,0.1,
-3.537,1.892,-0.06,314.057,0.1,-3.496,1.883,-0.054,314.048,0.1,-3.4604999999999997,1.879,-0.057499999999999996,314.048,0.1,-3.452,1.8955,-0.098,314.054,0.1,-3.449,1.9045,-0.0925,314.062,0.1,-3.4165,1.8775,-0.06,314.072,0.1,-3.373,1.83,-0.058,314.079,0.1,-3.3625,1.7934999999999999,-0.086,314.084,0.1,-3.3605,1.786,-0.1015,314.073,0.1,-3.314,1.7875,-0.041,314.047,0.1,-3.2645,1.7445,-0.0875,314.038,0.1,-3.2835,1.678,-0.1905,314.025,0.1,-3.346,1.663,-0.2605,314.0,0.1,-3.3335,1.705,-0.1145,313.965,0.1,-3.237,1.6935,0.19,313.982,0.1,-3.1995,1.615,0.0945,314.045,0.1,
-3.5435,1.8515000000000001,-0.074,314.101,0.1,-3.4939999999999998,1.8530000000000002,-0.0535,314.079,0.1,-3.4555,1.8325,-0.0525,314.076,0.1,-3.4450000000000003,1.8439999999999999,-0.08199999999999999,314.067,0.1,-3.447,1.8755,-0.078,314.067,0.1,-3.4285,1.871,-0.0635,314.087,0.1,-3.3925,1.831,-0.0735,314.1,0.1,-3.383,1.7850000000000001,-0.134,314.112,0.1,-3.386,1.7665,-0.159,314.113,0.1,-3.351,1.7765,-0.0985,314.092,0.1,-3.308,1.762,-0.1405,314.066,0.1,-3.3165,1.7160000000000002,-0.185,314.03,0.1,-3.357,1.67,-0.2145,313.999,0.1,-3.3209999999999997,1.684,-0.103,313.972,0.1,-3.209,1.6705,0.111,313.999,0.1,-3.1695,1.569,0.0325,314.068,0.1,
-3.5645,1.7815,-0.0645,314.166,0.1,-3.5095,1.8265,-0.048,314.136,0.1,-3.4635,1.802,-0.0565,314.131,0.1,-3.455,1.781,-0.0875,314.12,0.1,-3.4565,1.822,-0.07,314.096,0.1,-3.436,1.8599999999999999,-0.0655,314.101,0.1,-3.401,1.8495,-0.101,314.115,0.1,-3.3890000000000002,1.798,-0.188,314.121,0.1,-3.3914999999999997,1.7595,-0.218,314.12,0.1,-3.37,1.7625,-0.16949999999999998,314.108,0.1,-3.3434999999999997,1.7734999999999999,-0.199,314.08,0.1,-3.348,1.76,-0.201,314.041,0.1,-3.3665000000000003,1.6985000000000001,-0.182,314.015,0.1,-3.3195,1.6705,-0.1005,313.992,0.1,-3.2045,1.646,0.047,314.008,0.1,-3.1405,1.5485,0.003,314.067,0.1,
-3.5345,1.7405,-0.045,314.2,0.1,-3.5135,1.8159999999999998,-0.0785,314.188,0.1,-3.4725,1.8115,-0.0865,314.177,0.1,-3.4560000000000004,1.7595,-0.1115,314.171,0.1,-3.4585,1.773,-0.12,314.145,0.1,-3.4450000000000003,1.831,-0.1215,314.126,0.1,-3.4125,1.8599999999999999,-0.1655,314.119,0.1,-3.388,1.828,-0.2265,314.097,0.1,-3.374,1.7730000000000001,-0.231,314.078,0.1,-3.3505000000000003,1.7559999999999998,-0.17149999999999999,314.066,0.1,-3.3315,1.7885,-0.194,314.043,0.1,-3.3385,1.8135,-0.199,314.012,0.1,-3.3550000000000004,1.7435,-0.1495,314.005,0.1,-3.3200000000000003,1.659,-0.0495,314.003,0.1,-3.215,1.632,0.052500000000000005,314.013,0.1,-3.1235,1.564,0.0265,314.051,0.1,
-3.4445,1.7355,-0.051500000000000004,314.184,0.1,-3.4855,1.8005,-0.1325,314.198,0.1,-3.4785,1.821,-0.1475,314.195,0.1,-3.439,1.7865,-0.14350000000000002,314.18,0.1,-3.4275,1.7595,-0.197,314.162,0.1,-3.441,1.7839999999999998,-0.2075,314.137,0.1,-3.4355,1.823,-0.235,314.108,0.1,-3.399,1.8355000000000001,-0.236,314.054,0.1,-3.35,1.7894999999999999,-0.1895,314.014,0.1,-3.3075,1.7555,-0.0945,314.001,0.1,-3.292,1.791,-0.118,313.985,0.1,-3.3095,1.8450000000000002,-0.14150000000000001,313.953,0.1,-3.3255,1.782,-0.0455,313.956,0.1,-3.2904999999999998,1.6675,0.104,313.988,0.1,-3.205,1.6475,0.10350000000000001,314.016,0.1,-3.118,1.6019999999999999,0.052500000000000005,314.045,0.1,
-3.364,1.7355,-0.0755,314.172,0.1,-3.4345,1.7810000000000001,-0.1615,314.18,0.1,-3.4645,1.8105,-0.1705,314.183,0.1,-3.4225000000000003,1.8205,-0.152,314.156,0.1,-3.3895,1.7875,-0.208,314.127,0.1,-3.415,1.7625,-0.2155,314.1,0.1,-3.449,1.763,-0.219,314.077,0.1,-3.423,1.8035,-0.1995,314.024,0.1,-3.3369999999999997,1.7985,-0.118,313.975,0.1,-3.262,1.77,-0.033,313.966,0.1,-3.2595,1.7785,-0.054,313.955,0.1,-3.3,1.8235000000000001,-0.0535,313.92,0.1,-3.2975,1.7865,0.13,313.925,0.1,-3.2355,1.694,0.237,313.99,0.1,-3.1710000000000003,1.6804999999999999,0.10300000000000001,314.034,0.1,-3.121,1.6284999999999998,0.023,314.063,0.1,
-3.323,1.734,-0.08,314.179,0.1,-3.403,1.774,-0.184,314.169,0.1,-3.438,1.804,-0.149,314.151,0.1,-3.409,1.834,-0.128,314.127,0.1,-3.3765,1.811,-0.172,314.083,0.1,-3.391,1.766,-0.14150000000000001,314.039,0.1,-3.434,1.737,-0.0895,314.029,0.1,-3.425,1.78,-0.0935,314.009,0.1,-3.3280000000000003,1.802,-0.0475,313.972,0.1,-3.2345,1.784,-0.0645,313.963,0.1,-3.2405,1.772,-0.076,313.944,0.1,-3.281,1.799,0.0115,313.918,0.1,-3.245,1.778,0.274,313.933,0.1,-3.1765,1.708,0.224,314.021,0.1,-3.152,1.696,0.0385,314.057,0.1,-3.1395,1.634,-0.031,314.081,0.1,
-3.7279999999999998,1.2839999999999998,-0.075,314.215,0.1,-3.709,1.2850000000000001,-0.1345,314.206,0.1,-3.6555,1.2755,-0.1465,314.184,0.1,-3.5745,1.2650000000000001,-0.1505,314.155,0.1,-3.489,1.245,-0.1395,314.12,0.1,-3.427,1.193,-0.075,314.099,0.1,-3.423,1.1345,-0.041499999999999995,314.133,0.1,-3.476,1.1185,-0.131,314.201,0.1,-3.5140000000000002,1.1655,-0.206,314.218,0.1,-3.487,1.2269999999999999,-0.1615,314.166,0.1,-3.46,1.2065000000000001,-0.08199999999999999,314.127,0.1,-3.497,1.1724999999999999,-0.078,314.121,0.1,-3.52,1.2125,0.0395,314.113,0.1,-3.4485,1.232,0.28049999999999997,314.146,0.1,-3.3625,1.1615,0.28049999999999997,314.241,0.1,-3.3705,1.085,0.063,314.313,0.1,
-3.7295,1.3215,-0.0905,314.218,0.1,-3.7125000000000004,1.3245,-0.123,314.204,0.1,-3.6639999999999997,1.3245,-0.1205,314.181,0.1,-3.593,1.3245,-0.1245,314.147,0.1,-3.5075000000000003,1.321,-0.098,314.106,0.1,-3.412,1.295,0.0015,314.07,0.1,-3.3605,1.2429999999999999,0.041999999999999996,314.076,0.1,-3.399,1.1935,-0.015,314.124,0.1,-3.473,1.1945000000000001,-0.0805,314.17,0.1,-3.4895,1.2454999999999998,-0.0755,314.166,0.1,-3.4560000000000004,1.2595,0.009000000000000001,314.143,0.1,-3.447,1.2469999999999999,0.0465,314.141,0.1,-3.439,1.3025,0.1135,314.136,0.1,-3.3805,1.326,0.2465,314.166,0.1,-3.324,1.2469999999999999,0.183,314.243,0.1,-3.334,1.125,-0.006,314.3,0.1,
-3.731,1.393,-0.104,314.216,0.1,-3.711,1.3915,-0.0995,314.199,0.1,-3.6665,1.3935,-0.07300000000000001,314.184,0.1,-3.609,1.3975,-0.07550000000000001,314.157,0.1,-3.536,1.408,-0.043,314.116,0.1,-3.4375,1.4115,0.0475,314.078,0.1,-3.3609999999999998,1.3719999999999999,0.08399999999999999,314.064,0.1,-3.36,1.3135,0.0875,314.085,0.1,-3.4154999999999998,1.2890000000000001,0.0505,314.13,0.1,-3.4505,1.3035,0.015,314.159,0.1,-3.424,1.315,0.08449999999999999,314.165,0.1,-3.3865,1.3215,0.1185,314.172,0.1,-3.3655,1.389,0.087,314.169,0.1,-3.3425000000000002,1.4015,0.125,314.185,0.1,-3.3295000000000003,1.3105,0.077,314.231,0.1,-3.335,1.1665,-0.0135,314.269,0.1,
-3.7335000000000003,1.4765,-0.1015,314.209,0.1,-3.7075,1.4765,-0.07050000000000001,314.191,0.1,-3.658,1.4805,-0.035,314.188,0.1,-3.6065,1.4795,-0.0375,314.18,0.1,-3.5540000000000003,1.486,-0.016,314.151,0.1,-3.484,1.5015,0.036,314.119,0.1,-3.4105,1.4815,0.07050000000000001,314.095,0.1,-3.371,1.4425,0.113,314.09,0.1,-3.388,1.4135,0.091,314.119,0.1,-3.4115,1.3940000000000001,0.07050000000000001,314.158,0.1,-3.373,1.3900000000000001,0.14600000000000002,314.185,0.1,-3.3155,1.4075,0.095,314.201,0.1,-3.3085,1.4565000000000001,-0.036000000000000004,314.192,0.1,-3.3385,1.4415,-0.040999999999999995,314.192,0.1,-3.3695000000000004,1.3519999999999999,-0.030000000000000002,314.207,0.1,-3.3735,1.2165,0.006999999999999999,314.227,0.1,
-3.733,1.5465,-0.08499999999999999,314.211,0.1,-3.7005,1.557,-0.042499999999999996,314.189,0.1,-3.646,1.5659999999999998,-0.0225,314.192,0.1,-3.5949999999999998,1.5594999999999999,-0.0285,314.2,0.1,-3.5564999999999998,1.5499999999999998,-0.025,314.194,0.1,-3.5220000000000002,1.5535,-0.01,314.176,0.1,-3.4705,1.5485,0.027,314.153,0.1,-3.4135,1.5430000000000001,0.058499999999999996,314.13,0.1,-3.396,1.5235,0.036000000000000004,314.129,0.1,-3.385,1.4855,0.06,314.161,0.1,-3.323,1.467,0.133,314.204,0.1,-3.2675,1.4785,-0.038,314.223,0.1,-3.282,1.4965000000000002,-0.1765,314.189,0.1,-3.343,1.4569999999999999,-0.157,314.171,0.1,-3.4035,1.3719999999999999,-0.11249999999999999,314.171,0.1,-3.417,1.263,0.028999999999999998,314.181,0.1,
-3.7270000000000003,1.5955,-0.0775,314.22,0.1,-3.691,1.6124999999999998,-0.032,314.201,0.1,-3.637,1.627,-0.0215,314.197,0.1,-3.5854999999999997,1.6235,-0.026500000000000003,314.21,0.1,-3.55,1.604,-0.046,314.223,0.1,-3.53,1.586,-0.053500000000000006,314.221,0.1,-3.5004999999999997,1.581,-0.0185,314.208,0.1,-3.458,1.5935000000000001,-0.032,314.185,0.1,-3.4234999999999998,1.589,-0.059,314.155,0.1,-3.3680000000000003,1.5505,0.0035,314.163,0.1,-3.291,1.5105,0.046,314.211,0.1,-3.267,1.4925,-0.1805,314.232,0.1,-3.2995,1.5,-0.2585,314.171,0.1,-3.3525,1.4695,-0.1765,314.128,0.1,-3.409,1.3860000000000001,-0.1065,314.126,0.1,-3.423,1.3065,0.0745,314.137,0.1,
-3.715,1.626,-0.088,314.221,0.1,-3.6795,1.6395,-0.049,314.217,0.1,-3.6319999999999997,1.6555,-0.0295,314.212,0.1,-3.5795,1.665,-0.025,314.214,0.1,-3.5374999999999996,1.6465,-0.054,314.229,0.1,-3.5119999999999996,1.6095000000000002,-0.069,314.239,0.1,-3.4945,1.5915,-0.051000000000000004,314.24,0.1,-3.4825,1.5955,-0.096,314.225,0.1,-3.4545000000000003,1.602,-0.1275,314.185,0.1,-3.372,1.578,-0.05,314.167,0.1,-3.29,1.5165,-0.035500000000000004,314.204,0.1,-3.2965,1.4609999999999999,-0.245,314.224,0.1,-3.3449999999999998,1.4735,-0.28,314.159,0.1,-3.38,1.4780000000000002,-0.148,314.096,0.1,-3.4035,1.407,0.0,314.09,0.1,-3.394,1.3585,0.135,314.109,0.1,
-3.6975,1.6435,-0.08449999999999999,314.214,0.1,-3.6615,1.6520000000000001,-0.0635,314.218,0.1,-3.6255,1.662,-0.053500000000000006,314.229,0.1,-3.582,1.6825,-0.0545,314.228,0.1,-3.533,1.6724999999999999,-0.058499999999999996,314.229,0.1,-3.49,1.6265,-0.0555,314.241,0.1,-3.4715,1.5870000000000002,-0.0615,314.251,0.1,-3.4850000000000003,1.5695000000000001,-0.10200000000000001,314.242,0.1,-3.4785000000000004,1.5785,-0.1305,314.204,0.1,-3.3994999999999997,1.5735000000000001,-0.065,314.174,0.1,-3.3185000000000002,1.512,-0.07150000000000001,314.193,0.1,-3.3295000000000003,1.4344999999999999,-0.241,314.21,0.1,-3.387,1.44,-0.28,314.161,0.1,-3.4139999999999997,1.465,-0.128,314.098,0.1,-3.399,1.4195,0.1275,314.09,0.1,-3.365,1.4,0.165,314.121,0.1,
-3.676,1.6535,-0.064,314.218,0.1,-3.635,1.661,-0.06,314.212,0.1,-3.6050000000000004,1.6625,-0.069,314.226,0.1,-3.5845000000000002,1.6795,-0.0975,314.239,0.1,-3.5465,1.6804999999999999,-0.0775,314.237,0.1,-3.4895,1.64,-0.045,314.244,0.1,-3.4585,1.582,-0.0555,314.256,0.1,-3.4775,1.5434999999999999,-0.0805,314.253,0.1,-3.4915000000000003,1.5455,-0.0985,314.227,0.1,-3.437,1.5535,-0.0505,314.194,0.1,-3.3635,1.5139999999999998,-0.08,314.194,0.1,-3.362,1.4405000000000001,-0.2145,314.196,0.1,-3.4145000000000003,1.4235,-0.277,314.164,0.1,-3.428,1.439,-0.122,314.117,0.1,-3.38,1.4135,0.193,314.122,0.1,-3.346,1.3984999999999999,0.15,314.167,0.1,
-3.6630000000000003,1.643,-0.061,314.25,0.1,-3.6195000000000004,1.6520000000000001,-0.057999999999999996,314.228,0.1,-3.5845000000000002,1.6515,-0.06,314.223,0.1,-3.5774999999999997,1.6615,-0.0975,314.233,0.1,-3.5645,1.669,-0.088,314.245,0.1,-3.5145,1.644,-0.0565,314.257,0.1,-3.4684999999999997,1.5870000000000002,-0.0595,314.268,0.1,-3.4764999999999997,1.534,-0.0875,314.276,0.1,-3.501,1.5185,-0.103,314.267,0.1,-3.472,1.5285,-0.0545,314.238,0.1,-3.4154999999999998,1.515,-0.098,314.217,0.1,-3.4055,1.4635,-0.1905,314.191,0.1,-3.4379999999999997,1.4295,-0.2515,314.159,0.1,-3.4175,1.428,-0.115,314.128,0.1,-3.3360000000000003,1.4045,0.16849999999999998,314.152,0.1,-3.3175,1.3559999999999999,0.099,314.215,0.1,
-3.6675,1.5885,-0.07150000000000001,314.307,0.1,-3.6310000000000002,1.6095000000000002,-0.057999999999999996,314.276,0.1,-3.591,1.6135,-0.0525,314.257,0.1,-3.5765000000000002,1.6245,-0.0755,314.242,0.1,-3.574,1.6400000000000001,-0.07050000000000001,314.249,0.1,-3.5425,1.6349999999999998,-0.062,314.272,0.1,-3.4925,1.5975000000000001,-0.0775,314.285,0.1,-3.4825,1.541,-0.1345,314.299,0.1,-3.5060000000000002,1.5015,-0.1585,314.306,0.1,-3.5015,1.501,-0.1115,314.29,0.1,-3.4720000000000004,1.5030000000000001,-0.1505,314.258,0.1,-3.4640000000000004,1.479,-0.188,314.209,0.1,-3.47,1.4425,-0.2085,314.166,0.1,-3.409,1.4335,-0.1055,314.136,0.1,-3.2954999999999997,1.4009999999999998,0.0915,314.165,0.1,-3.271,1.3090000000000002,0.0315,314.24,0.1,
-3.6654999999999998,1.5190000000000001,-0.061,314.373,0.1,-3.6445,1.5635,-0.052000000000000005,314.346,0.1,-3.612,1.572,-0.0595,314.327,0.1,-3.5965,1.5745,-0.082,314.297,0.1,-3.588,1.6030000000000002,-0.064,314.271,0.1,-3.562,1.6225,-0.065,314.285,0.1,-3.5175,1.6099999999999999,-0.107,314.301,0.1,-3.4905,1.5605,-0.1895,314.301,0.1,-3.4930000000000003,1.504,-0.2165,314.302,0.1,-3.498,1.4820000000000002,-0.179,314.3,0.1,-3.5010000000000003,1.488,-0.209,314.277,0.1,-3.5105,1.489,-0.208,314.233,0.1,-3.5065,1.4525000000000001,-0.1805,314.195,0.1,-3.428,1.4304999999999999,-0.1,314.163,0.1,-3.291,1.3984999999999999,0.035,314.175,0.1,-3.226,1.2930000000000001,-0.0045000000000000005,314.239,0.1,
-3.613,1.4969999999999999,-0.040499999999999994,314.396,0.1,-3.6245000000000003,1.5474999999999999,-0.0755,314.396,0.1,-3.614,1.5594999999999999,-0.09,314.383,0.1,-3.6050000000000004,1.5434999999999999,-0.11599999999999999,314.358,0.1,-3.5970000000000004,1.5670000000000002,-0.1205,314.317,0.1,-3.579,1.6,-0.1205,314.304,0.1,-3.5465,1.6095000000000002,-0.166,314.305,0.1,-3.5069999999999997,1.58,-0.228,314.277,0.1,-3.474,1.524,-0.2305,314.249,0.1,-3.458,1.4835,-0.1765,314.244,0.1,-3.4699999999999998,1.4895,-0.2015,314.235,0.1,-3.4995000000000003,1.508,-0.20500000000000002,314.208,0.1,-3.511,1.4655,-0.1465,314.194,0.1,-3.4505,1.412,-0.0475,314.185,0.1,-3.3135000000000003,1.4005,0.0445,314.185,0.1,-3.2035,1.323,0.017,314.223,0.1,
-3.5164999999999997,1.5234999999999999,-0.044,314.365,0.1,-3.5685000000000002,1.5505,-0.122,314.393,0.1,-3.5935,1.5575,-0.1465,314.398,0.1,-3.582,1.545,-0.1555,314.376,0.1,-3.574,1.5430000000000001,-0.2015,314.339,0.1,-3.582,1.5579999999999998,-0.20450000000000002,314.307,0.1,-3.5789999999999997,1.5705,-0.2285,314.289,0.1,-3.5385,1.5725,-0.237,314.239,0.1,-3.468,1.537,-0.1915,314.185,0.1,-3.4115,1.4994999999999998,-0.0985,314.166,0.1,-3.4115,1.5015,-0.1175,314.163,0.1,-3.453,1.5225,-0.1375,314.144,0.1,-3.4755000000000003,1.4785,-0.0395,314.146,0.1,-3.4320000000000004,1.405,0.1005,314.176,0.1,-3.323,1.4165,0.0965,314.197,0.1,-3.2089999999999996,1.379,0.0465,314.217,0.1,
-3.4415,1.552,-0.069,314.339,0.1,-3.5065,1.565,-0.151,314.363,0.1,-3.5575,1.5565,-0.1705,314.381,0.1,-3.552,1.56,-0.16599999999999998,314.357,0.1,-3.536,1.549,-0.215,314.311,0.1,-3.556,1.532,-0.2145,314.269,0.1,-3.59,1.5145,-0.214,314.251,0.1,-3.572,1.5335,-0.2005,314.211,0.1,-3.479,1.537,-0.1275,314.155,0.1,-3.384,1.524,-0.041499999999999995,314.128,0.1,-3.373,1.513,-0.046,314.118,0.1,-3.4219999999999997,1.512,-0.037,314.102,0.1,-3.431,1.477,0.1315,314.115,0.1,-3.3765,1.4195,0.23299999999999998,314.179,0.1,-3.3049999999999997,1.4344999999999999,0.1045,314.223,0.1,-3.2305,1.4129999999999998,0.025500000000000002,314.24,0.1,
-3.4065000000000003,1.561,-0.0785,314.341,0.1,-3.477,1.577,-0.1775,314.341,0.1,-3.526,1.56,-0.156,314.344,0.1,-3.533,1.568,-0.14350000000000002,314.33,0.1,-3.5225,1.562,-0.1825,314.275,0.1,-3.5309999999999997,1.531,-0.1445,314.214,0.1,-3.5685000000000002,1.49,-0.089,314.199,0.1,-3.5725,1.509,-0.094,314.193,0.1,-3.4875,1.536,-0.0635,314.161,0.1,-3.3840000000000003,1.539,-0.0775,314.134,0.1,-3.365,1.519,-0.0685,314.103,0.1,-3.394,1.5,0.0295,314.089,0.1,-3.368,1.471,0.2655,314.12,0.1,-3.311,1.43,0.23,314.21,0.1,-3.286,1.44,0.051500000000000004,314.253,0.1,-3.2584999999999997,1.418,-0.021,314.267,0.1,
-3.8325,1.086,-0.075,314.391,0.1,-3.821,1.0765,-0.1375,314.386,0.1,-3.7795,1.0685,-0.157,314.362,0.1,-3.71,1.069,-0.1635,314.327,0.1,-3.6254999999999997,1.066,-0.149,314.285,0.1,-3.55,1.0235,-0.08249999999999999,314.259,0.1,-3.5300000000000002,0.9535,-0.047,314.291,0.1,-3.5805,0.907,-0.1295,314.366,0.1,-3.628,0.935,-0.20400000000000001,314.39,0.1,-3.6115000000000004,1.0025,-0.16849999999999998,314.339,0.1,-3.5905,1.0074999999999998,-0.0925,314.296,0.1,-3.629,0.988,-0.077,314.29,0.1,-3.652,1.0245,0.039,314.286,0.1,-3.5755,1.0525,0.2635,314.319,0.1,-3.4779999999999998,1.0115,0.2675,314.408,0.1,-3.479,0.9425,0.063,314.475,0.1,
-3.832,1.1375000000000002,-0.093,314.394,0.1,-3.8209999999999997,1.124,-0.128,314.384,0.1,-3.783,1.1175,-0.1325,314.361,0.1,-3.724,1.1235,-0.14,314.322,0.1,-3.6465,1.1345,-0.11099999999999999,314.276,0.1,-3.5469999999999997,1.125,-0.0135,314.235,0.1,-3.4795,1.075,0.032,314.234,0.1,-3.5055,1.0,-0.0165,314.284,0.1,-3.5825,0.971,-0.0805,314.34,0.1,-3.609,1.016,-0.0805,314.339,0.1,-3.582,1.0545,-0.0015,314.312,0.1,-3.5765000000000002,1.0635,0.040999999999999995,314.307,0.1,-3.5745,1.116,0.1085,314.307,0.1,-3.5185,1.1440000000000001,0.23199999999999998,314.339,0.1,-3.4495,1.0905,0.1765,314.414,0.1,-3.4435000000000002,0.9844999999999999,-0.0035,314.469,0.1,
-3.834,1.22,-0.1075,314.392,0.1,-3.8165,1.2029999999999998,-0.106,314.379,0.1,-3.7805,1.193,-0.0865,314.366,0.1,-3.734,1.1965,-0.091,314.336,0.1,-3.673,1.2165,-0.058,314.289,0.1,-3.5795,1.2389999999999999,0.0305,314.246,0.1,-3.4915000000000003,1.2175,0.07400000000000001,314.226,0.1,-3.4725,1.1480000000000001,0.08299999999999999,314.242,0.1,-3.5225,1.0899999999999999,0.048,314.293,0.1,-3.5645,1.0815000000000001,0.0115,314.33,0.1,-3.5465,1.1075,0.07050000000000001,314.334,0.1,-3.516,1.1364999999999998,0.10250000000000001,314.337,0.1,-3.5035,1.2025000000000001,0.0805,314.336,0.1,-3.4850000000000003,1.2155,0.121,314.355,0.1,-3.4610000000000003,1.1425,0.079,314.404,0.1,-3.4465000000000003,1.0185,-0.0115,314.442,0.1,
-3.841,1.309,-0.105,314.388,0.1,-3.8135000000000003,1.3,-0.0785,314.372,0.1,-3.7695,1.2905,-0.047,314.372,0.1,-3.7275,1.2825000000000002,-0.05,314.362,0.1,-3.6870000000000003,1.2934999999999999,-0.03,314.329,0.1,-3.627,1.3265,0.021,314.291,0.1,-3.5495,1.333,0.061,314.262,0.1,-3.493,1.3,0.10550000000000001,314.25,0.1,-3.4955,1.2455,0.09,314.278,0.1,-3.518,1.1909999999999998,0.069,314.323,0.1,-3.4909999999999997,1.1825,0.1255,314.353,0.1,-3.4475,1.2149999999999999,0.07450000000000001,314.364,0.1,-3.4485,1.2645,-0.04,314.356,0.1,-3.478,1.251,-0.036000000000000004,314.36,0.1,-3.499,1.1695,-0.021,314.379,0.1,-3.487,1.051,0.0095,314.402,0.1,
-3.8485,1.379,-0.0885,314.394,0.1,-3.8120000000000003,1.387,-0.0505,314.37,0.1,-3.7575000000000003,1.387,-0.0305,314.375,0.1,-3.7125,1.37,-0.036500000000000005,314.385,0.1,-3.6845,1.3605,-0.036000000000000004,314.376,0.1,-3.66,1.376,-0.0215,314.353,0.1,-3.612,1.3965,0.0165,314.326,0.1,-3.546,1.408,0.05,314.297,0.1,-3.509,1.3775,0.036000000000000004,314.289,0.1,-3.4885,1.307,0.058499999999999996,314.321,0.1,-3.4379999999999997,1.2654999999999998,0.112,314.368,0.1,-3.3985000000000003,1.2774999999999999,-0.048,314.384,0.1,-3.4205,1.2915,-0.177,314.352,0.1,-3.4795,1.257,-0.1525,314.338,0.1,-3.5305,1.1764999999999999,-0.1,314.342,0.1,-3.532,1.0785,0.0305,314.356,0.1,
-3.8485,1.424,-0.082,314.408,0.1,-3.811,1.4415,-0.03949999999999999,314.385,0.1,-3.753,1.4555,-0.027,314.381,0.1,-3.7025,1.443,-0.0325,314.397,0.1,-3.6725000000000003,1.4195,-0.053000000000000005,314.409,0.1,-3.6615,1.4060000000000001,-0.062,314.404,0.1,-3.6414999999999997,1.4184999999999999,-0.031,314.387,0.1,-3.5985,1.4495,-0.039999999999999994,314.358,0.1,-3.548,1.4465,-0.058499999999999996,314.323,0.1,-3.479,1.391,0.0,314.325,0.1,-3.4059999999999997,1.3255,0.033,314.372,0.1,-3.392,1.2919999999999998,-0.177,314.392,0.1,-3.4314999999999998,1.281,-0.2575,314.336,0.1,-3.485,1.254,-0.1775,314.295,0.1,-3.5345,1.1804999999999999,-0.098,314.297,0.1,-3.542,1.108,0.07100000000000001,314.313,0.1,
-3.836,1.4525000000000001,-0.0925,314.411,0.1,-3.806,1.464,-0.0555,314.405,0.1,-3.755,1.484,-0.035,314.398,0.1,-3.6985,1.4905,-0.0305,314.402,0.1,-3.657,1.467,-0.057499999999999996,314.419,0.1,-3.6384999999999996,1.429,-0.0745,314.429,0.1,-3.6325,1.4175,-0.062,314.425,0.1,-3.6254999999999997,1.435,-0.1015,314.404,0.1,-3.5895,1.448,-0.126,314.36,0.1,-3.4965,1.4224999999999999,-0.055999999999999994,314.337,0.1,-3.409,1.35,-0.043,314.367,0.1,-3.4145,1.2719999999999998,-0.235,314.386,0.1,-3.4684999999999997,1.25,-0.277,314.327,0.1,-3.5065,1.2485,-0.1505,314.266,0.1,-3.5265,1.1945000000000001,-0.001,314.261,0.1,-3.5155000000000003,1.1535,0.1265,314.285,0.1,
-3.8155,1.4725000000000001,-0.089,314.402,0.1,-3.7875,1.476,-0.07,314.407,0.1,-3.754,1.4855,-0.0595,314.416,0.1,-3.705,1.508,-0.057499999999999996,314.415,0.1,-3.6515,1.4969999999999999,-0.0595,314.42,0.1,-3.6135,1.4475,-0.059,314.434,0.1,-3.607,1.407,-0.068,314.442,0.1,-3.6275,1.3955000000000002,-0.105,314.428,0.1,-3.6195,1.4095,-0.1295,314.387,0.1,-3.5355,1.41,-0.07300000000000001,314.352,0.1,-3.4444999999999997,1.3530000000000002,-0.0785,314.364,0.1,-3.4450000000000003,1.261,-0.23349999999999999,314.376,0.1,-3.502,1.2275,-0.2735,314.331,0.1,-3.533,1.2335,-0.1265,314.27,0.1,-3.5205,1.204,0.11699999999999999,314.261,0.1,-3.4885,1.1965,0.158,314.295,0.1,
-3.799,1.4835,-0.0685,314.409,0.1,-3.761,1.4905,-0.0655,314.401,0.1,-3.7355,1.485,-0.0735,314.415,0.1,-3.7119999999999997,1.501,-0.097,314.427,0.1,-3.667,1.5045,-0.0755,314.428,0.1,-3.6109999999999998,1.463,-0.047,314.438,0.1,-3.5895,1.403,-0.059,314.451,0.1,-3.618,1.364,-0.082,314.446,0.1,-3.636,1.366,-0.0975,314.417,0.1,-3.581,1.3784999999999998,-0.059,314.381,0.1,-3.499,1.35,-0.089,314.373,0.1,-3.483,1.275,-0.212,314.369,0.1,-3.527,1.229,-0.267,314.338,0.1,-3.5415,1.2185000000000001,-0.118,314.293,0.1,-3.5,1.1989999999999998,0.1765,314.297,0.1,-3.471,1.2015,0.15,314.341,0.1,
-3.7945,1.468,-0.063,314.448,0.1,-3.751,1.486,-0.062,314.419,0.1,-3.716,1.4815,-0.062,314.41,0.1,-3.708,1.4835,-0.095,314.421,0.1,-3.69,1.4895,-0.08499999999999999,314.436,0.1,-3.636,1.4675,-0.057499999999999996,314.45,0.1,-3.5945,1.412,-0.063,314.463,0.1,-3.6115000000000004,1.356,-0.088,314.472,0.1,-3.6445,1.335,-0.101,314.463,0.1,-3.622,1.3435000000000001,-0.063,314.433,0.1,-3.5620000000000003,1.339,-0.1065,314.404,0.1,-3.5365,1.294,-0.1925,314.372,0.1,-3.553,1.2475,-0.2435,314.336,0.1,-3.5285,1.2229999999999999,-0.114,314.307,0.1,-3.4539999999999997,1.1949999999999998,0.1495,314.33,0.1,-3.4415,1.1655,0.10200000000000001,314.39,0.1,
-3.7969999999999997,1.4104999999999999,-0.068,314.509,0.1,-3.7685,1.442,-0.0615,314.474,0.1,-3.7275,1.454,-0.054,314.446,0.1,-3.709,1.46,-0.07150000000000001,314.428,0.1,-3.7025,1.465,-0.067,314.439,0.1,-3.667,1.4580000000000002,-0.0635,314.464,0.1,-3.6165000000000003,1.424,-0.08349999999999999,314.478,0.1,-3.6100000000000003,1.3665,-0.136,314.491,0.1,-3.641,1.3195000000000001,-0.1565,314.501,0.1,-3.6479999999999997,1.3090000000000002,-0.119,314.488,0.1,-3.6239999999999997,1.3130000000000002,-0.157,314.452,0.1,-3.605,1.2974999999999999,-0.192,314.397,0.1,-3.592,1.2635,-0.2055,314.348,0.1,-3.5215,1.2405,-0.1085,314.318,0.1,-3.41,1.2,0.07450000000000001,314.345,0.1,-3.3899999999999997,1.121,0.0315,314.417,0.1,
-3.7835,1.3465,-0.055499999999999994,314.572,0.1,-3.7805,1.3900000000000001,-0.055,314.548,0.1,-3.755,1.4144999999999999,-0.0635,314.521,0.1,-3.733,1.428,-0.08,314.481,0.1,-3.7165,1.445,-0.062,314.456,0.1,-3.6885000000000003,1.449,-0.0665,314.475,0.1,-3.644,1.4325,-0.11399999999999999,314.492,0.1,-3.614,1.3860000000000001,-0.1935,314.49,0.1,-3.618,1.3245,-0.2165,314.492,0.1,-3.635,1.286,-0.1845,314.495,0.1,-3.6505,1.2825,-0.2135,314.474,0.1,-3.6595,1.2885,-0.2125,314.427,0.1,-3.6405000000000003,1.264,-0.1805,314.383,0.1,-3.5475000000000003,1.2425000000000002,-0.1015,314.348,0.1,-3.4045,1.2075,0.0225,314.357,0.1,-3.3395,1.106,-0.010499999999999999,314.419,0.1,
-3.7195,1.3330000000000002,-0.035500000000000004,314.59,0.1,-3.7475,1.3705,-0.0725,314.595,0.1,-3.753,1.393,-0.0945,314.58,0.1,-3.746,1.3995,-0.121,314.545,0.1,-3.729,1.423,-0.121,314.497,0.1,-3.707,1.4344999999999999,-0.119,314.488,0.1,-3.677,1.426,-0.166,314.494,0.1,-3.6345,1.397,-0.231,314.466,0.1,-3.595,1.3425,-0.2325,314.434,0.1,-3.5835,1.2875,-0.1815,314.431,0.1,-3.6109999999999998,1.2715,-0.204,314.43,0.1,-3.65,1.2835,-0.2065,314.406,0.1,-3.6550000000000002,1.2565,-0.144,314.387,0.1,-3.58,1.2215,-0.048,314.373,0.1,-3.4295,1.218,0.0345,314.369,0.1,-3.3129999999999997,1.1400000000000001,0.006,314.404,0.1,
-3.617,1.37,-0.0395,314.549,0.1,-3.676,1.3805,-0.1125,314.585,0.1,-3.717,1.3835,-0.145,314.594,0.1,-3.721,1.385,-0.1655,314.568,0.1,-3.713,1.3940000000000001,-0.20400000000000001,314.521,0.1,-3.7135,1.397,-0.2,314.486,0.1,-3.7105,1.3864999999999998,-0.2205,314.475,0.1,-3.6715,1.3785,-0.236,314.431,0.1,-3.5949999999999998,1.3495,-0.196,314.37,0.1,-3.5330000000000004,1.3075,-0.10550000000000001,314.345,0.1,-3.5410000000000004,1.2845,-0.1165,314.348,0.1,-3.5955000000000004,1.2835,-0.131,314.339,0.1,-3.6189999999999998,1.2519999999999998,-0.035,314.342,0.1,-3.5675,1.207,0.0935,314.368,0.1,-3.4455,1.2355,0.086,314.383,0.1,-3.3195,1.204,0.0365,314.398,0.1,
-3.5389999999999997,1.412,-0.065,314.511,0.1,-3.6045,1.4095,-0.14100000000000001,314.548,0.1,-3.6685,1.3835,-0.167,314.574,0.1,-3.685,1.3805,-0.1745,314.552,0.1,-3.6790000000000003,1.3815,-0.2205,314.498,0.1,-3.692,1.366,-0.2135,314.448,0.1,-3.721,1.3345,-0.20650000000000002,314.434,0.1,-3.7085,1.3355000000000001,-0.198,314.405,0.1,-3.6189999999999998,1.342,-0.136,314.346,0.1,-3.5164999999999997,1.335,-0.052000000000000005,314.306,0.1,-3.4985,1.31,-0.043,314.293,0.1,-3.55,1.2799999999999998,-0.023,314.29,0.1,-3.5645,1.2469999999999999,0.132,314.31,0.1,-3.5135,1.2160000000000002,0.224,314.372,0.1,-3.436,1.2465000000000002,0.1005,314.412,0.1,-3.3475,1.2435,0.0225,314.421,0.1,
-3.5015,1.428,-0.078,314.505,0.1,-3.5705,1.429,-0.16949999999999998,314.517,0.1,-3.6315,1.389,-0.156,314.535,0.1,-3.662,1.38,-0.1515,314.527,0.1,-3.666,1.384,-0.189,314.467,0.1,-3.6695,1.36,-0.1485,314.397,0.1,-3.6985,1.312,-0.0895,314.38,0.1,-3.708,1.311,-0.0945,314.385,0.1,-3.637,1.337,-0.0765,314.358,0.1,-3.534,1.35,-0.0895,314.318,0.1,-3.498,1.325,-0.067,314.276,0.1,-3.5155,1.277,0.040499999999999994,314.268,0.1,-3.4955,1.243,0.2565,314.312,0.1,-3.447,1.225,0.2305,314.401,0.1,-3.4185,1.247,0.059,314.446,0.1,-3.3785,1.249,-0.0165,314.453,0.1,
