0.8895,2.6405000000000003,-0.018000000000000002,299.838,0.45,0.904,2.557,-0.0155,299.894,0.428,0.919,2.476,-0.013499999999999998,299.937,0.431,0.9365,2.4545,-0.014499999999999999,299.971,0.43,0.949,2.4299999999999997,-0.0185,300.002,0.424,0.952,2.4085,-0.024,300.027,0.418,0.976,2.404,-0.024,300.033,0.412,1.0295,2.4825,-0.018000000000000002,300.012,0.435,1.0545,2.5275,-0.011,300.007,0.436,1.0375,2.477,-0.0045000000000000005,299.988,0.421,1.059,2.3715,-0.0005,299.943,0.405,1.1749999999999998,2.2735000000000003,-0.003,299.894,0.393,1.3215,2.278,-0.0075,299.85,0.417,1.41,2.2915,-0.009000000000000001,299.855,0.424,1.4705,2.237,-0.0095,299.907,0.415,1.5539999999999998,2.229,-0.012,299.934,0.43,
0.8795,2.6745,-0.021,299.841,0.456,0.8915,2.606,-0.017,299.881,0.438,0.906,2.4955,-0.0125,299.931,0.428,0.9339999999999999,2.4475,-0.009000000000000001,299.968,0.43,0.961,2.4245,-0.016,299.999,0.425,0.9744999999999999,2.4219999999999997,-0.0215,300.019,0.427,0.9954999999999999,2.4175,-0.0185,300.031,0.426,1.043,2.475,-0.013999999999999999,300.028,0.435,1.081,2.5389999999999997,-0.013499999999999998,300.028,0.443,1.0725,2.522,-0.009000000000000001,300.027,0.434,1.0605,2.436,-0.0025,299.995,0.415,1.124,2.3275,-0.0055,299.949,0.399,1.262,2.2969999999999997,-0.0095,299.9,0.4,1.396,2.3440000000000003,-0.008,299.875,0.43,1.478,2.3455,-0.008,299.895,0.433,1.5314999999999999,2.2635,-0.011,299.935,0.435,
0.86,2.683,-0.018000000000000002,299.856,0.459,0.872,2.6399999999999997,-0.0155,299.88,0.452,0.881,2.556,-0.0115,299.927,0.429,0.9085000000000001,2.4695,-0.0085,299.965,0.427,0.9610000000000001,2.439,-0.0135,299.99,0.425,1.005,2.4444999999999997,-0.014499999999999999,300.007,0.432,1.029,2.4305,-0.01,300.03,0.428,1.0565,2.447,-0.011,300.041,0.432,1.09,2.513,-0.014499999999999999,300.047,0.442,1.106,2.541,-0.0105,300.052,0.441,1.0955,2.491,-0.005,300.037,0.426,1.107,2.3994999999999997,-0.0085,300.001,0.411,1.209,2.3280000000000003,-0.013,299.963,0.397,1.363,2.3985000000000003,-0.0155,299.914,0.435,1.4465,2.4285,-0.017,299.909,0.451,1.4765000000000001,2.3295,-0.0185,299.955,0.43,
0.8585,2.6715,-0.0115,299.882,0.459,0.873,2.6525,-0.011,299.895,0.457,0.874,2.614,-0.0105,299.923,0.443,0.8875,2.5205,-0.01,299.961,0.428,0.9390000000000001,2.4735,-0.0095,299.988,0.428,1.0,2.46,-0.006,300.005,0.432,1.0345,2.4349999999999996,-0.004,300.027,0.425,1.0535,2.4175,-0.0085,300.053,0.422,1.0925,2.4775,-0.0115,300.062,0.436,1.1435,2.5389999999999997,-0.008,300.068,0.444,1.1535,2.5250000000000004,-0.0075,300.068,0.438,1.1415,2.4515000000000002,-0.010499999999999999,300.048,0.424,1.21,2.3675,-0.0165,300.017,0.412,1.3465,2.3979999999999997,-0.025,299.964,0.441,1.423,2.4130000000000003,-0.0315,299.951,0.455,1.4500000000000002,2.3810000000000002,-0.0305,299.973,0.437,
0.872,2.6345,-0.006,299.914,0.458,0.88,2.629,-0.006500000000000001,299.921,0.458,0.8755,2.6239999999999997,-0.0075,299.935,0.457,0.8775,2.558,-0.008,299.969,0.433,0.9085000000000001,2.5115,-0.005,299.998,0.433,0.9675,2.484,-0.002,300.014,0.43,1.0175,2.4475,-0.0005,300.032,0.422,1.0505,2.417,-0.004,300.06,0.414,1.101,2.4560000000000004,-0.004,300.069,0.431,1.1675,2.5244999999999997,-0.0025,300.077,0.442,1.2029999999999998,2.5355,-0.005,300.087,0.443,1.1949999999999998,2.4845,-0.01,300.083,0.433,1.1989999999999998,2.4130000000000003,-0.0165,300.062,0.423,1.254,2.38,-0.027500000000000004,300.036,0.414,1.335,2.355,-0.0365,300.016,0.418,1.406,2.3665000000000003,-0.0335,300.001,0.435,
0.8895,2.5695,-0.0035,299.955,0.452,0.8935,2.5725,-0.0025,299.953,0.453,0.889,2.5865,-0.002,299.959,0.454,0.885,2.5555000000000003,-0.0015,299.99,0.438,0.9025000000000001,2.537,-0.001,300.013,0.437,0.95,2.5195,0.0005,300.028,0.434,1.0005,2.481,0.0015,300.044,0.426,1.044,2.4525,0.0015,300.064,0.422,1.101,2.4605,0.0025,300.082,0.42,1.1745,2.5065,0.004,300.085,0.439,1.2349999999999999,2.527,0.001,300.098,0.445,1.2595,2.507,-0.004,300.108,0.442,1.2425000000000002,2.4459999999999997,-0.0105,300.1,0.435,1.218,2.4635,-0.0225,300.09,0.429,1.2565,2.4105,-0.028499999999999998,300.077,0.419,1.342,2.3135,-0.023,300.055,0.423,
0.8755,2.5055,-0.0005,300.004,0.429,0.89,2.5175,0.0015,299.997,0.431,0.898,2.5365,0.004,299.997,0.435,0.904,2.5355,0.0045000000000000005,300.017,0.44,0.923,2.5475,0.0035,300.034,0.442,0.96,2.549,0.004,300.05,0.441,1.0045,2.5285,0.004,300.061,0.434,1.0474999999999999,2.502,0.005,300.076,0.431,1.092,2.49,0.006500000000000001,300.092,0.431,1.1515,2.502,0.008,300.105,0.432,1.2235,2.543,0.006,300.108,0.432,1.2930000000000001,2.543,0.0045000000000000005,300.11,0.445,1.3415,2.4855,-0.0005,300.121,0.441,1.3439999999999999,2.6275,-0.009,300.028,0.241,1.3239999999999998,2.6035000000000004,-0.0095,299.99,0.236,1.3319999999999999,2.335,-0.006,300.064,0.416,
0.869,2.489,0.0005,300.05,0.426,0.894,2.489,0.0035,300.037,0.429,0.913,2.5025,0.006500000000000001,300.034,0.434,0.9325,2.5235000000000003,0.006500000000000001,300.044,0.44,0.9584999999999999,2.5495,0.006500000000000001,300.058,0.447,0.9934999999999999,2.5665,0.0055,300.072,0.448,1.0299999999999998,2.566,0.0055,300.081,0.445,1.0615,2.543,0.007,300.096,0.441,1.097,2.529,0.0085,300.11,0.44,1.147,2.5235,0.009000000000000001,300.118,0.439,1.2065000000000001,2.6525,0.006,300.143,0.449,1.2725,2.6545,0.006,300.157,0.446,1.355,2.6045,0.0035,300.172,0.451,1.42,2.746,0.0045000000000000005,300.03,0.244,1.404,2.761,0.008,299.95,0.238,1.358,2.4765,0.005,300.064,0.436,
0.8975,2.5195,0.002,300.06,0.428,0.9005000000000001,2.4800000000000004,0.0035,300.071,0.427,0.9275,2.4785000000000004,0.006999999999999999,300.066,0.433,0.957,2.5065,0.0055,300.07,0.441,0.989,2.536,0.006,300.08,0.449,1.026,2.567,0.005,300.091,0.454,1.0625,2.5785,0.006500000000000001,300.102,0.454,1.091,2.5735,0.010499999999999999,300.116,0.452,1.1364999999999998,2.5709999999999997,0.0135,300.129,0.451,1.218,2.557,0.0115,300.141,0.452,1.2995,2.7744999999999997,0.008,300.022,0.234,1.346,2.795,0.0055,300.017,0.227,1.3780000000000001,2.7625,0.0055,300.046,0.23,1.435,2.818,0.009,299.992,0.22,1.4565000000000001,2.7995,0.010499999999999999,299.9,0.215,1.3925,2.649,0.009000000000000001,299.955,0.23,
0.9239999999999999,2.6125,0.0165,300.033,0.43,0.908,2.5215,0.017,300.099,0.429,0.931,2.5025000000000004,0.0165,300.099,0.431,0.9644999999999999,2.5145,0.0125,300.095,0.44,1.0055,2.5315000000000003,0.011,300.101,0.448,1.0510000000000002,2.5665,0.0115,300.108,0.456,1.0955,2.589,0.017,300.122,0.461,1.134,2.609,0.0215,300.134,0.462,1.1695,2.6185,0.022,300.145,0.463,1.225,2.5955,0.0185,300.177,0.463,1.315,2.761,0.0165,299.934,0.234,1.411,2.807,0.015,299.848,0.24,1.4569999999999999,2.8049999999999997,0.013999999999999999,299.854,0.238,1.4489999999999998,2.875,0.013999999999999999,299.887,0.228,1.428,2.8045,0.0135,299.84,0.212,1.377,2.7560000000000002,0.0115,299.909,0.232,
0.9734999999999999,2.8605,0.036500000000000005,299.99,0.468,0.94,2.6695,0.0365,300.101,0.438,0.942,2.6310000000000002,0.0305,300.122,0.436,0.959,2.6125,0.025,300.116,0.44,0.9964999999999999,2.5985,0.0215,300.119,0.446,1.0505,2.63,0.0235,300.125,0.455,1.109,2.6625,0.0295,300.14,0.464,1.162,2.6799999999999997,0.031,300.153,0.469,1.178,2.6790000000000003,0.025500000000000002,300.161,0.473,1.1625,2.652,0.0215,300.197,0.472,1.1880000000000002,2.6870000000000003,0.019,300.09,0.474,1.2885,2.7095000000000002,0.0205,299.994,0.483,1.425,2.747,0.0195,299.971,0.498,1.5110000000000001,2.8609999999999998,0.0225,299.92,0.273,1.517,2.7735,0.022,299.91,0.266,1.4795,2.7225,0.015,299.815,0.231,
1.099,3.1475,0.0215,299.899,0.282,1.056,2.833,0.0235,300.065,0.491,1.0305,2.7575,0.0205,300.114,0.475,1.0175,2.723,0.019,300.117,0.462,1.032,2.6995,0.0185,300.123,0.458,1.0815000000000001,2.74,0.019,300.129,0.466,1.138,2.777,0.017,300.143,0.475,1.177,2.7525,0.0125,300.166,0.48,1.188,2.7264999999999997,0.006500000000000001,300.175,0.481,1.166,2.701,0.006,300.207,0.482,1.1644999999999999,2.6775,0.006500000000000001,300.18,0.469,1.237,2.653,0.006,300.123,0.455,1.343,2.6915,0.007,300.065,0.487,1.3860000000000001,2.7715,0.0085,300.031,0.514,1.367,2.6795,0.01,300.046,0.483,1.3715,2.5855,0.006500000000000001,299.99,0.464,
1.1965,3.1275,-0.019,299.828,0.297,1.104,2.849,-0.014499999999999999,300.035,0.508,1.0459999999999998,2.751,-0.01,300.135,0.476,1.0365,2.7270000000000003,-0.0045000000000000005,300.152,0.47,1.074,2.7285,0.0,300.146,0.467,1.137,2.769,-0.0025,300.137,0.485,1.1665,2.79,-0.013999999999999999,300.147,0.492,1.163,2.7355,-0.0215,300.185,0.487,1.173,2.7155,-0.022,300.197,0.485,1.1795,2.7055,-0.0175,300.216,0.487,1.1655,2.6835,-0.013999999999999999,300.227,0.484,1.181,2.6494999999999997,-0.016,300.202,0.471,1.2535,2.633,-0.0155,300.171,0.47,1.308,2.6665,-0.0155,300.114,0.474,1.291,2.6115000000000004,-0.0125,300.112,0.457,1.2985,2.5315000000000003,-0.0035,300.125,0.443,
1.1475,2.82,-0.0325,299.86,0.516,1.1205,2.7525,-0.026000000000000002,300.011,0.494,1.081,2.684,-0.023,300.143,0.472,1.066,2.673,-0.019,300.189,0.472,1.0895000000000001,2.687,-0.017,300.185,0.472,1.1255,2.6985,-0.0215,300.181,0.479,1.1364999999999998,2.695,-0.027999999999999997,300.185,0.484,1.142,2.6685,-0.028499999999999998,300.209,0.483,1.1760000000000002,2.684,-0.025,300.218,0.485,1.207,2.6885,-0.023,300.23,0.489,1.2095,2.6814999999999998,-0.0235,300.247,0.48,1.206,2.6645,-0.024,300.229,0.485,1.2185000000000001,2.613,-0.0215,300.215,0.475,1.249,2.616,-0.019,300.188,0.469,1.2494999999999998,2.6180000000000003,-0.017,300.167,0.469,1.221,2.6005000000000003,-0.0065,300.183,0.47,
1.1695,2.5805,-0.016,299.876,0.464,1.192,2.663,-0.014499999999999999,299.98,0.486,1.165,2.6325000000000003,-0.019,300.122,0.472,1.126,2.624,-0.0215,300.202,0.476,1.1070000000000002,2.6310000000000002,-0.025,300.224,0.473,1.106,2.6265,-0.026500000000000003,300.226,0.473,1.1215000000000002,2.6315,-0.023,300.222,0.475,1.161,2.652,-0.017,300.227,0.479,1.2085,2.677,-0.013999999999999999,300.234,0.486,1.2365,2.678,-0.018,300.247,0.489,1.246,2.6955,-0.0225,300.251,0.497,1.254,2.6915,-0.0215,300.243,0.492,1.2599999999999998,2.6535,-0.0165,300.233,0.483,1.2755,2.6315,-0.013999999999999999,300.223,0.48,1.291,2.6425,-0.016,300.199,0.483,1.255,2.6435,-0.0165,300.205,0.486,
1.2095,2.518,-0.003,299.906,0.461,1.2495,2.627,-0.013,299.964,0.48,1.23,2.607,-0.02,300.091,0.469,1.184,2.599,-0.0205,300.197,0.475,1.1425,2.603,-0.023,300.248,0.474,1.125,2.602,-0.024,300.263,0.473,1.149,2.624,-0.0215,300.256,0.475,1.1975,2.662,-0.0175,300.248,0.481,1.2315,2.678,-0.017,300.255,0.486,1.2469999999999999,2.674,-0.023,300.264,0.485,1.2614999999999998,2.704,-0.028999999999999998,300.261,0.499,1.2835,2.704,-0.0295,300.258,0.495,1.302,2.679,-0.0245,300.249,0.488,1.3005,2.648,-0.020999999999999998,300.249,0.484,1.286,2.648,-0.027500000000000004,300.24,0.484,1.2495,2.638,-0.039,300.242,0.478,
1.7955,4.2215,-0.033,299.588,0.404,1.84,4.1775,-0.027000000000000003,299.611,0.376,1.8679999999999999,4.1370000000000005,-0.022,299.642,0.397,1.895,4.0715,-0.022,299.673,0.399,1.9315,4.0305,-0.0275,299.702,0.39,1.968,3.991,-0.035,299.724,0.383,1.9965000000000002,3.937,-0.035500000000000004,299.731,0.369,1.9975,3.9299999999999997,-0.028,299.729,0.391,1.959,3.9035,-0.018000000000000002,299.728,0.379,1.9295,3.777,-0.008,299.714,0.361,1.9875,3.633,-0.0045000000000000005,299.669,0.351,2.152,3.569,-0.0125,299.617,0.332,2.367,3.5745,-0.0225,299.597,0.372,2.5645,3.5869999999999997,-0.024999999999999998,299.601,0.364,2.7075,3.6319999999999997,-0.0245,299.612,0.365,2.801,3.6425,-0.0225,299.642,0.382,
1.777,4.2745,-0.0355,299.595,0.405,1.8165,4.1955,-0.0295,299.616,0.378,1.851,4.1525,-0.022,299.637,0.393,1.8795000000000002,4.0755,-0.0155,299.67,0.403,1.9045,4.016500000000001,-0.0245,299.702,0.394,1.9295,3.9495,-0.031,299.731,0.395,1.9645000000000001,3.893,-0.026500000000000003,299.747,0.393,1.9979999999999998,3.9115,-0.020999999999999998,299.747,0.388,1.9945,3.9450000000000003,-0.019999999999999997,299.748,0.384,1.9625,3.87,-0.0135,299.747,0.372,1.9765000000000001,3.7199999999999998,-0.006,299.721,0.357,2.0925000000000002,3.622,-0.015,299.671,0.343,2.2889999999999997,3.6055,-0.0245,299.632,0.329,2.5025,3.633,-0.027,299.625,0.38,2.6639999999999997,3.6799999999999997,-0.0255,299.625,0.372,2.751,3.6805,-0.0245,299.645,0.39,
1.751,4.3025,-0.03,299.611,0.408,1.789,4.227,-0.026500000000000003,299.628,0.408,1.8325,4.179,-0.0205,299.638,0.381,1.866,4.1185,-0.017,299.665,0.397,1.888,4.0365,-0.0235,299.691,0.393,1.9104999999999999,3.935,-0.022,299.726,0.395,1.943,3.8680000000000003,-0.0155,299.752,0.387,1.983,3.8760000000000003,-0.016,299.763,0.384,2.0035,3.9295,-0.020499999999999997,299.767,0.387,1.9925000000000002,3.9185,-0.0155,299.772,0.379,1.9900000000000002,3.8105,-0.01,299.762,0.362,2.0570000000000004,3.6950000000000003,-0.017,299.725,0.352,2.221,3.6515,-0.027499999999999997,299.68,0.326,2.4405,3.6985,-0.036500000000000005,299.659,0.384,2.626,3.747,-0.037000000000000005,299.657,0.392,2.73,3.7545,-0.037,299.658,0.372,
1.74,4.295,-0.018000000000000002,299.637,0.41,1.774,4.252,-0.018000000000000002,299.645,0.41,1.8119999999999998,4.202999999999999,-0.0175,299.655,0.385,1.8455,4.1775,-0.019,299.664,0.385,1.8650000000000002,4.095000000000001,-0.019,299.687,0.395,1.8825,3.976,-0.013000000000000001,299.718,0.389,1.9115,3.8885,-0.0095,299.747,0.378,1.955,3.8600000000000003,-0.014499999999999999,299.769,0.371,2.0004999999999997,3.8895,-0.0175,299.781,0.385,2.0275,3.9245,-0.0125,299.788,0.381,2.0355,3.8815,-0.013000000000000001,299.79,0.368,2.072,3.7695,-0.018,299.773,0.361,2.197,3.6985,-0.0305,299.734,0.352,2.3945,3.734,-0.045,299.708,0.388,2.58,3.7895000000000003,-0.054000000000000006,299.702,0.395,2.702,3.809,-0.052500000000000005,299.693,0.375,
1.7389999999999999,4.257,-0.0095,299.668,0.413,1.7679999999999998,4.2405,-0.0095,299.67,0.413,1.7945,4.2135,-0.0115,299.679,0.414,1.8285,4.219,-0.014,299.679,0.38,1.861,4.1705000000000005,-0.0125,299.695,0.398,1.8864999999999998,4.07,-0.0095,299.714,0.391,1.9115,3.9715,-0.0075,299.739,0.375,1.9465,3.9045,-0.011,299.768,0.361,1.9995,3.8810000000000002,-0.0095,299.789,0.38,2.055,3.9145000000000003,-0.0065,299.799,0.378,2.088,3.9185,-0.01,299.807,0.374,2.1165000000000003,3.835,-0.017499999999999998,299.806,0.368,2.197,3.7439999999999998,-0.0285,299.782,0.363,2.3440000000000003,3.732,-0.0435,299.751,0.351,2.5045,3.7744999999999997,-0.0575,299.731,0.347,2.6375,3.8075,-0.054,299.727,0.375,
1.74,4.2115,-0.0045000000000000005,299.705,0.416,1.7694999999999999,4.2065,-0.0035,299.699,0.416,1.7965,4.208,-0.002,299.702,0.41,1.836,4.2315000000000005,-0.003,299.704,0.39,1.8820000000000001,4.2295,-0.005,299.71,0.397,1.9209999999999998,4.175,-0.006,299.719,0.391,1.9489999999999998,4.095,-0.0055,299.74,0.382,1.971,4.011,-0.005,299.767,0.378,2.008,3.94,-0.0015,299.792,0.357,2.0709999999999997,3.9295,0.001,299.805,0.375,2.1325000000000003,3.9379999999999997,-0.003,299.819,0.375,2.17,3.891,-0.010499999999999999,299.83,0.373,2.206,3.793,-0.0185,299.822,0.37,2.2775,3.7265,-0.0345,299.804,0.376,2.401,3.7235,-0.0435,299.781,0.371,2.5564999999999998,3.7535,-0.0375,299.767,0.37,
1.7625000000000002,4.192,-0.0025,299.731,0.384,1.7934999999999999,4.1865000000000006,0.0015,299.725,0.383,1.8235000000000001,4.199,0.006,299.723,0.387,1.8635000000000002,4.2305,0.006500000000000001,299.729,0.4,1.9144999999999999,4.26,0.0035,299.731,0.403,1.967,4.2524999999999995,0.0015,299.737,0.398,2.0084999999999997,4.2105,-0.0005,299.749,0.387,2.0324999999999998,4.1355,0.001,299.77,0.383,2.0505,4.0505,0.003,299.793,0.381,2.0885,3.996,0.0055,299.813,0.371,2.1515,3.9814999999999996,0.0025,299.822,0.355,2.21,3.9509999999999996,-0.0005,299.834,0.375,2.2365000000000004,3.856,-0.0065,299.842,0.372,2.252,3.758,-0.017,299.821,0.262,2.3235,3.705,-0.0185,299.794,0.26,2.4699999999999998,3.6925,-0.013000000000000001,299.789,0.364,
1.785,4.2105,-0.0025,299.758,0.394,1.8215,4.1935,0.003,299.751,0.392,1.8605,4.198499999999999,0.0085,299.746,0.396,1.9045,4.229,0.009000000000000001,299.749,0.404,1.9565000000000001,4.268000000000001,0.008,299.755,0.41,2.0135,4.292,0.005,299.762,0.407,2.0635,4.2805,0.004,299.768,0.397,2.0945,4.2285,0.006,299.783,0.393,2.1109999999999998,4.1625,0.0075,299.802,0.391,2.1334999999999997,4.093999999999999,0.0075,299.82,0.386,2.176,4.0615,0.002,299.836,0.382,2.2275,4.028,0.0,299.849,0.366,2.2545,3.944,-0.003,299.87,0.383,2.26,3.848,-0.0015,299.839,0.248,2.2969999999999997,3.7645,0.003,299.792,0.229,2.3890000000000002,3.6814999999999998,0.0035,299.801,0.365,
1.8119999999999998,4.239,0.0,299.78,0.388,1.8485,4.2175,0.0035,299.774,0.392,1.8905,4.214,0.0085,299.769,0.398,1.9395,4.2315000000000005,0.007,299.77,0.406,1.995,4.264,0.007,299.776,0.413,2.052,4.2985,0.0055,299.783,0.414,2.104,4.3015,0.008,299.791,0.41,2.146,4.276,0.0125,299.803,0.406,2.1785,4.2415,0.015,299.818,0.403,2.2045000000000003,4.178,0.013000000000000001,299.832,0.398,2.232,4.1415,0.006,299.831,0.262,2.2675,4.105499999999999,0.0,299.839,0.245,2.292,4.045,-0.0015,299.867,0.254,2.2945,3.973,0.004,299.855,0.223,2.2954999999999997,3.873,0.008,299.797,0.198,2.3175,3.735,0.0085,299.78,0.23,
1.8250000000000002,4.277,0.02,299.78,0.377,1.8585,4.2684999999999995,0.021,299.798,0.398,1.8984999999999999,4.267,0.0195,299.793,0.402,1.947,4.268000000000001,0.014499999999999999,299.791,0.41,2.005,4.2855,0.012,299.796,0.416,2.066,4.3155,0.0135,299.803,0.42,2.124,4.3275,0.021,299.814,0.423,2.176,4.324,0.0275,299.827,0.418,2.217,4.3085,0.027,299.838,0.415,2.243,4.2425,0.0235,299.86,0.417,2.266,4.2044999999999995,0.019,299.822,0.253,2.307,4.1715,0.013500000000000002,299.799,0.254,2.3535000000000004,4.1385000000000005,0.01,299.812,0.247,2.367,4.0920000000000005,0.011,299.835,0.222,2.3390000000000004,3.9825,0.0135,299.802,0.194,2.306,3.8285,0.011,299.769,0.215,
1.8525,4.384,0.0435,299.761,0.421,1.899,4.3725000000000005,0.046,299.806,0.388,1.9395,4.3695,0.0375,299.808,0.389,1.9755,4.3580000000000005,0.0295,299.803,0.396,2.0215,4.3635,0.0245,299.805,0.405,2.0815,4.391500000000001,0.026500000000000003,299.812,0.414,2.1475,4.420999999999999,0.035,299.828,0.421,2.2025,4.427,0.038,299.844,0.421,2.232,4.409000000000001,0.031,299.854,0.42,2.237,4.326499999999999,0.0275,299.886,0.428,2.248,4.2745,0.0235,299.853,0.39,2.3005,4.2465,0.0215,299.808,0.379,2.377,4.2275,0.0185,299.796,0.402,2.418,4.2010000000000005,0.022,299.803,0.273,2.398,4.0945,0.025,299.801,0.268,2.3529999999999998,3.939,0.016,299.756,0.234,
1.924,4.53,0.0235,299.723,0.294,1.955,4.4915,0.029,299.812,0.439,1.9855,4.4795,0.025,299.836,0.412,2.0164999999999997,4.4565,0.0225,299.827,0.392,2.0645,4.459,0.019999999999999997,299.818,0.391,2.1375,4.489,0.019999999999999997,299.82,0.396,2.215,4.5335,0.0175,299.832,0.401,2.2649999999999997,4.538,0.013,299.854,0.41,2.2755,4.5145,0.0055,299.865,0.416,2.26,4.4245,0.0055,299.898,0.429,2.257,4.349,0.006500000000000001,299.891,0.416,2.3,4.321,0.004,299.844,0.378,2.3765,4.3004999999999995,0.0035,299.823,0.424,2.4325,4.287,0.006500000000000001,299.812,0.421,2.4234999999999998,4.202,0.01,299.819,0.372,2.3689999999999998,4.0440000000000005,0.007,299.791,0.35,
1.992,4.5705,-0.025500000000000002,299.672,0.286,2.003,4.539,-0.020999999999999998,299.8,0.44,2.013,4.538,-0.0145,299.858,0.401,2.035,4.5115,-0.0085,299.859,0.398,2.0860000000000003,4.5145,-0.004,299.843,0.388,2.162,4.5329999999999995,-0.008,299.841,0.402,2.2359999999999998,4.559,-0.0215,299.85,0.401,2.282,4.557,-0.0305,299.871,0.415,2.295,4.547000000000001,-0.033,299.88,0.424,2.284,4.480499999999999,-0.0265,299.905,0.433,2.2755,4.3955,-0.0215,299.922,0.434,2.305,4.349,-0.025,299.894,0.411,2.371,4.3155,-0.0245,299.865,0.397,2.4245,4.303,-0.0235,299.842,0.386,2.418,4.262499999999999,-0.0195,299.839,0.378,2.3605,4.1305,-0.006500000000000001,299.844,0.385,
2.008,4.4605,-0.040999999999999995,299.653,0.424,2.0345,4.500500000000001,-0.036000000000000004,299.773,0.442,2.0469999999999997,4.541,-0.032,299.863,0.419,2.0605,4.5255,-0.0275,299.89,0.424,2.096,4.525499999999999,-0.0265,299.879,0.411,2.1435,4.516500000000001,-0.0325,299.873,0.411,2.189,4.5055,-0.040499999999999994,299.879,0.422,2.2335,4.5015,-0.041499999999999995,299.896,0.438,2.2725,4.5125,-0.037500000000000006,299.903,0.441,2.2885,4.4845,-0.034,299.919,0.442,2.2815,4.4115,-0.0345,299.939,0.428,2.2855,4.3405000000000005,-0.0345,299.932,0.442,2.322,4.2844999999999995,-0.0315,299.912,0.432,2.368,4.2655,-0.0285,299.888,0.411,2.3810000000000002,4.2755,-0.0265,299.867,0.405,2.35,4.207,-0.011,299.884,0.422,
2.045,4.282,-0.018500000000000003,299.651,0.418,2.1045,4.4085,-0.0185,299.742,0.44,2.127,4.496,-0.025,299.847,0.42,2.123,4.5035,-0.028499999999999998,299.907,0.437,2.124,4.502,-0.035,299.916,0.43,2.137,4.474,-0.038000000000000006,299.911,0.431,2.1639999999999997,4.452,-0.0345,299.909,0.438,2.21,4.4575,-0.027,299.917,0.442,2.2625,4.471500000000001,-0.0215,299.926,0.442,2.291,4.4615,-0.025500000000000002,299.938,0.443,2.2845,4.41,-0.0315,299.953,0.451,2.275,4.335,-0.0305,299.953,0.441,2.292,4.261,-0.0245,299.942,0.431,2.3295,4.226,-0.019999999999999997,299.928,0.428,2.3625,4.253500000000001,-0.0225,299.903,0.425,2.3655,4.243,-0.0235,299.909,0.428,
2.1,4.188,0.0005,299.663,0.419,2.1719999999999997,4.351,-0.012,299.718,0.434,2.198,4.459,-0.022,299.819,0.418,2.183,4.481,-0.024,299.906,0.445,2.1585,4.481,-0.0285,299.944,0.444,2.1525,4.45,-0.031,299.952,0.443,2.1795,4.433,-0.03,299.944,0.44,2.229,4.446,-0.025500000000000002,299.94,0.436,2.272,4.455,-0.023,299.948,0.438,2.2885,4.445,-0.0295,299.956,0.433,2.281,4.405,-0.0375,299.966,0.451,2.2715,4.335,-0.038,299.97,0.44,2.278,4.256,-0.0325,299.961,0.426,2.2984999999999998,4.209,-0.0265,299.957,0.422,2.3209999999999997,4.232,-0.0345,299.941,0.422,2.3280000000000003,4.242,-0.0505,299.935,0.42,
3.177,5.7765,-0.0475,299.741,0.394,3.0620000000000003,5.5920000000000005,-0.038,299.726,0.393,2.9619999999999997,5.390000000000001,-0.028999999999999998,299.715,0.397,2.9379999999999997,5.2015,-0.027000000000000003,299.725,0.395,2.99,5.121,-0.0345,299.757,0.384,3.048,5.0705,-0.044,299.786,0.377,3.043,4.9879999999999995,-0.0445,299.784,0.337,2.944,4.888999999999999,-0.036000000000000004,299.769,0.366,2.806,4.7325,-0.023,299.753,0.354,2.7795,4.5095,-0.011,299.732,0.339,2.973,4.3845,-0.012,299.701,0.334,3.3194999999999997,4.4765,-0.027999999999999997,299.693,0.317,3.6475,4.6594999999999995,-0.043,299.711,0.364,3.851,4.768000000000001,-0.047,299.718,0.373,3.936,4.781000000000001,-0.0435,299.711,0.364,3.9645,4.71,-0.0325,299.71,0.361,
3.2504999999999997,5.8715,-0.05,299.775,0.391,3.13,5.695,-0.040999999999999995,299.745,0.403,3.002,5.487,-0.03,299.724,0.399,2.926,5.263,-0.0215,299.721,0.403,2.9215,5.1205,-0.031,299.746,0.389,2.9545000000000003,5.0075,-0.037000000000000005,299.777,0.374,2.9850000000000003,4.915,-0.032,299.789,0.374,2.9585,4.872,-0.026500000000000003,299.787,0.365,2.8495,4.798,-0.0235,299.778,0.357,2.7664999999999997,4.6135,-0.015,299.766,0.343,2.872,4.439500000000001,-0.013000000000000001,299.741,0.335,3.176,4.4485,-0.0305,299.723,0.324,3.532,4.607,-0.047,299.732,0.34,3.793,4.7765,-0.053000000000000005,299.743,0.372,3.8955,4.838,-0.0485,299.739,0.376,3.8855,4.755000000000001,-0.041,299.714,0.385,
3.307,5.9275,-0.041499999999999995,299.809,0.393,3.206,5.787000000000001,-0.036500000000000005,299.775,0.4,3.08,5.599,-0.028,299.748,0.4,2.9655,5.3785,-0.025,299.732,0.399,2.8905000000000003,5.1715,-0.0305,299.741,0.39,2.8695000000000004,4.98,-0.0275,299.763,0.379,2.8955,4.865500000000001,-0.020499999999999997,299.782,0.367,2.9085,4.8335,-0.020999999999999998,299.795,0.361,2.849,4.792,-0.0235,299.793,0.359,2.773,4.6754999999999995,-0.017,299.788,0.348,2.8205,4.5280000000000005,-0.016,299.779,0.333,3.0614999999999997,4.464,-0.031,299.76,0.33,3.4255,4.571,-0.0495,299.755,0.303,3.7545,4.784,-0.0635,299.779,0.375,3.9165,4.899,-0.0635,299.785,0.377,3.9124999999999996,4.8475,-0.059000000000000004,299.75,0.367,
3.338,5.9265,-0.0245,299.838,0.398,3.2755,5.8405000000000005,-0.0235,299.812,0.401,3.168,5.695,-0.023,299.782,0.41,3.0295,5.5085,-0.027,299.761,0.396,2.8945,5.2765,-0.026500000000000003,299.747,0.396,2.8225,5.0395,-0.0205,299.75,0.363,2.8280000000000003,4.897,-0.017499999999999998,299.771,0.351,2.851,4.834,-0.022,299.795,0.339,2.836,4.765000000000001,-0.0225,299.804,0.357,2.7984999999999998,4.6985,-0.015,299.805,0.348,2.8165,4.6125,-0.018500000000000003,299.807,0.335,2.9859999999999998,4.511,-0.0305,299.795,0.334,3.318,4.5425,-0.0505,299.784,0.324,3.677,4.7315000000000005,-0.07,299.809,0.38,3.9025,4.8855,-0.0805,299.824,0.382,3.9505,4.906000000000001,-0.076,299.803,0.378,
3.3245,5.8614999999999995,-0.0125,299.854,0.405,3.3064999999999998,5.8285,-0.012,299.837,0.406,3.2285000000000004,5.7395,-0.013999999999999999,299.813,0.41,3.1029999999999998,5.605,-0.018000000000000002,299.793,0.403,2.969,5.4055,-0.019000000000000003,299.768,0.4,2.8845,5.1795,-0.019,299.76,0.387,2.8575,5.02,-0.019,299.777,0.36,2.8475,4.9135,-0.020999999999999998,299.799,0.331,2.8355,4.792,-0.016,299.812,0.352,2.8289999999999997,4.723000000000001,-0.011,299.817,0.344,2.8455,4.6765,-0.016,299.824,0.338,2.9475,4.5765,-0.028,299.822,0.336,3.189,4.5255,-0.044,299.812,0.335,3.5075000000000003,4.6185,-0.063,299.816,0.345,3.7725,4.7725,-0.079,299.83,0.359,3.9055,4.8735,-0.07400000000000001,299.833,0.374,
3.2545,5.749,-0.006500000000000001,299.855,0.416,3.2815,5.754,-0.004,299.847,0.414,3.2489999999999997,5.720000000000001,-0.0015,299.834,0.417,3.17,5.643,-0.003,299.818,0.414,3.0745,5.509,-0.0085,299.798,0.402,3.003,5.334,-0.014,299.789,0.387,2.9595000000000002,5.1850000000000005,-0.0165,299.797,0.375,2.917,5.055999999999999,-0.015,299.813,0.372,2.8815,4.9065,-0.0095,299.821,0.319,2.8775,4.800000000000001,-0.0055,299.828,0.338,2.8964999999999996,4.742,-0.009000000000000001,299.838,0.336,2.9395,4.6515,-0.0195,299.844,0.337,3.057,4.5425,-0.0295,299.838,0.339,3.2785,4.522,-0.048,299.828,0.347,3.5540000000000003,4.6225000000000005,-0.059000000000000004,299.831,0.364,3.785,4.748,-0.052,299.845,0.369,
3.158,5.6385,-0.0055,299.853,0.417,3.2175000000000002,5.656,0.001,299.85,0.419,3.2305,5.657,0.008,299.844,0.419,3.2015000000000002,5.6285,0.0085,299.834,0.42,3.1525,5.559,0.0035,299.824,0.41,3.1105,5.447,-0.0025,299.818,0.394,3.08,5.3285,-0.008,299.823,0.376,3.043,5.2055,-0.006500000000000001,299.832,0.372,2.9975,5.068,-0.004999999999999999,299.839,0.37,2.966,4.938000000000001,-0.0015,299.847,0.344,2.958,4.843500000000001,-0.004,299.846,0.307,2.9685,4.75,-0.009,299.853,0.333,3.0155000000000003,4.6185,-0.017,299.855,0.335,3.136,4.522,-0.028000000000000004,299.843,0.264,3.343,4.5305,-0.029,299.834,0.262,3.591,4.5855,-0.0205,299.84,0.354,
3.077,5.579,-0.006500000000000001,299.863,0.413,3.149,5.5755,0.0015,299.859,0.413,3.1955,5.5835,0.009999999999999998,299.853,0.416,3.208,5.583,0.0115,299.848,0.418,3.197,5.559,0.0095,299.843,0.416,3.1795,5.5015,0.0045000000000000005,299.843,0.403,3.1654999999999998,5.4145,0.0015,299.847,0.386,3.1500000000000004,5.3125,0.002,299.852,0.378,3.1215,5.207,0.0025,299.86,0.377,3.0815,5.0855,0.0025,299.866,0.372,3.0469999999999997,4.9775,-0.0035,299.867,0.357,3.0335,4.8895,-0.009,299.868,0.32,3.05,4.766,-0.0145,299.878,0.342,3.1020000000000003,4.6370000000000005,-0.013000000000000001,299.867,0.248,3.194,4.545999999999999,-0.0055,299.842,0.23,3.3365,4.4805,0.001,299.835,0.336,
3.0439999999999996,5.5785,-0.0025,299.886,0.403,3.0919999999999996,5.53,0.0025,299.876,0.404,3.1470000000000002,5.527,0.008,299.866,0.41,3.1870000000000003,5.531,0.0075,299.86,0.415,3.207,5.529999999999999,0.0075,299.858,0.416,3.21,5.5085,0.0055,299.86,0.409,3.209,5.447,0.009000000000000001,299.863,0.399,3.2135,5.371,0.0125,299.869,0.391,3.2145,5.295,0.014,299.878,0.387,3.2025,5.1855,0.0115,299.883,0.383,3.186,5.093,0.002,299.885,0.278,3.1775,5.0355,-0.009000000000000001,299.887,0.255,3.1740000000000004,4.9559999999999995,-0.0135,299.9,0.268,3.164,4.8265,-0.0075,299.896,0.237,3.1475,4.656000000000001,0.001,299.856,0.195,3.163,4.4965,0.0055,299.824,0.225,
3.0255,5.652,0.022,299.896,0.4,3.0355,5.550000000000001,0.0225,299.89,0.402,3.085,5.5215,0.019,299.881,0.403,3.135,5.513999999999999,0.0135,299.873,0.411,3.173,5.5169999999999995,0.010499999999999999,299.87,0.415,3.1950000000000003,5.514,0.013,299.871,0.415,3.2104999999999997,5.48,0.022,299.875,0.413,3.2264999999999997,5.4295,0.028999999999999998,299.884,0.404,3.237,5.369,0.028499999999999998,299.892,0.398,3.25,5.252000000000001,0.0245,299.898,0.4,3.282,5.1690000000000005,0.016,299.892,0.272,3.322,5.146,0.005,299.894,0.263,3.33,5.130000000000001,-0.001,299.908,0.256,3.285,5.0335,0.0025,299.913,0.252,3.21,4.827,0.0085,299.878,0.211,3.1565,4.626,0.0055,299.832,0.207,
3.074,5.833,0.0485,299.9,0.415,3.0505,5.676,0.05,299.911,0.396,3.0845000000000002,5.596,0.039,299.91,0.388,3.129,5.5625,0.0285,299.898,0.391,3.1704999999999997,5.557,0.022,299.891,0.396,3.207,5.5665,0.0245,299.889,0.403,3.2395,5.568,0.034,299.894,0.407,3.2569999999999997,5.5355,0.0385,299.904,0.403,3.246,5.477,0.032,299.909,0.4,3.2365000000000004,5.343,0.028,299.916,0.41,3.2795,5.2435,0.020499999999999997,299.906,0.346,3.3695,5.234,0.013,299.901,0.377,3.4345,5.261,0.009000000000000001,299.91,0.374,3.421,5.2185,0.014499999999999999,299.917,0.277,3.3585,5.029,0.0195,299.897,0.273,3.298,4.8105,0.0095,299.858,0.245,
3.2485,6.046,0.025,299.941,0.305,3.16,5.862,0.031,299.95,0.422,3.1414999999999997,5.7155000000000005,0.025500000000000002,299.951,0.418,3.1654999999999998,5.640499999999999,0.020499999999999997,299.939,0.401,3.2145,5.622,0.0165,299.926,0.392,3.2805,5.6425,0.016,299.924,0.393,3.338,5.669499999999999,0.0135,299.932,0.392,3.3545,5.6434999999999995,0.0095,299.94,0.39,3.3200000000000003,5.585,0.003,299.938,0.391,3.2785,5.451499999999999,0.0025,299.94,0.406,3.3005,5.327,0.002,299.935,0.395,3.3955,5.301,-0.004,299.924,0.358,3.49,5.332,-0.006,299.929,0.396,3.5075000000000003,5.3345,-0.001,299.927,0.39,3.456,5.2059999999999995,0.0035,299.914,0.37,3.3935,4.981,0.0015,299.886,0.352,
3.403,6.1265,-0.0295,299.959,0.289,3.2515,5.992,-0.0245,299.964,0.422,3.1685,5.8134999999999994,-0.018500000000000003,299.971,0.409,3.167,5.694,-0.014,299.963,0.393,3.2215,5.6594999999999995,-0.011,299.951,0.385,3.301,5.672499999999999,-0.016,299.951,0.399,3.3635,5.6905,-0.029,299.958,0.396,3.3819999999999997,5.662,-0.038000000000000006,299.96,0.392,3.354,5.6155,-0.0395,299.957,0.395,3.3064999999999998,5.5145,-0.033,299.957,0.408,3.3005,5.3825,-0.0285,299.958,0.41,3.3725,5.314,-0.0335,299.948,0.368,3.4775,5.3134999999999994,-0.0345,299.944,0.376,3.526,5.335,-0.0315,299.94,0.388,3.487,5.292,-0.0265,299.93,0.366,3.4255,5.1025,-0.011,299.912,0.368,
3.4265,6.0325,-0.0445,299.919,0.398,3.2945,6.0215,-0.0395,299.944,0.425,3.1849999999999996,5.8785,-0.036000000000000004,299.97,0.422,3.1529999999999996,5.727,-0.034,299.976,0.413,3.1875,5.6635,-0.035500000000000004,299.971,0.396,3.2395,5.6405,-0.042499999999999996,299.964,0.394,3.2755,5.626,-0.05,299.96,0.405,3.2965,5.6005,-0.05,299.961,0.417,3.302,5.575,-0.0445,299.962,0.415,3.2800000000000002,5.5169999999999995,-0.040499999999999994,299.965,0.416,3.2515,5.398,-0.040999999999999995,299.966,0.385,3.27,5.2855,-0.041999999999999996,299.961,0.402,3.3555,5.2330000000000005,-0.0395,299.951,0.391,3.439,5.242,-0.035500000000000004,299.946,0.385,3.437,5.2725,-0.032,299.938,0.384,3.3935,5.176,-0.015,299.926,0.379,
3.439,5.853,-0.0155,299.88,0.399,3.371,5.965,-0.0165,299.92,0.421,3.2584999999999997,5.903499999999999,-0.024,299.962,0.427,3.1805000000000003,5.7495,-0.0305,299.985,0.426,3.1645000000000003,5.6475,-0.040499999999999994,299.991,0.411,3.1765,5.5825,-0.0465,299.981,0.412,3.1950000000000003,5.545,-0.0435,299.968,0.42,3.2235,5.534,-0.0335,299.968,0.421,3.2510000000000003,5.519500000000001,-0.025,299.973,0.418,3.2455,5.483,-0.028999999999999998,299.977,0.416,3.2045,5.3845,-0.036000000000000004,299.978,0.408,3.1795,5.254,-0.035500000000000004,299.973,0.402,3.2195,5.1545000000000005,-0.028999999999999998,299.964,0.392,3.302,5.1205,-0.024,299.957,0.388,3.356,5.173,-0.025500000000000002,299.946,0.382,3.3725,5.18,-0.028499999999999998,299.942,0.383,
3.447,5.755,0.008,299.852,0.407,3.436,5.916,-0.004999999999999999,299.891,0.416,3.3339999999999996,5.901,-0.016,299.939,0.429,3.2195,5.756,-0.02,299.979,0.437,3.1550000000000002,5.635,-0.0275,300.002,0.428,3.1435,5.552,-0.0335,300.003,0.425,3.1665,5.509,-0.0345,299.992,0.421,3.2005,5.507,-0.028999999999999998,299.988,0.414,3.2215,5.493,-0.024,299.989,0.412,3.21,5.459,-0.03,299.987,0.394,3.165,5.371,-0.0385,299.989,0.41,3.116,5.24,-0.04,299.986,0.4,3.105,5.122,-0.0345,299.977,0.384,3.1535,5.06,-0.028999999999999998,299.97,0.378,3.2305,5.107,-0.037500000000000006,299.957,0.372,3.2855,5.158,-0.055499999999999994,299.952,0.367,
4.8215,7.0489999999999995,-0.058499999999999996,300.466,0.329,4.727,6.925,-0.047,300.407,0.334,4.653499999999999,6.7765,-0.0345,300.346,0.341,4.65,6.6285,-0.0315,300.31,0.346,4.7125,6.552,-0.041999999999999996,300.321,0.338,4.779,6.513,-0.0545,300.341,0.332,4.7945,6.439500000000001,-0.0545,300.335,0.241,4.7425,6.349500000000001,-0.044,300.301,0.293,4.667,6.211,-0.027000000000000003,300.232,0.302,4.675000000000001,6.0205,-0.0145,300.159,0.305,4.8355,5.8985,-0.02,300.138,0.298,5.0895,5.94,-0.043,300.184,0.259,5.319,6.0175,-0.062,300.25,0.324,5.458,6.055,-0.0685,300.288,0.322,5.5175,6.0120000000000005,-0.062,300.282,0.31,5.549,5.913,-0.043,300.26,0.288,
4.896,7.099500000000001,-0.0605,300.513,0.325,4.7885,6.984,-0.049,300.445,0.337,4.6785,6.8345,-0.035,300.372,0.34,4.622,6.6675,-0.026000000000000002,300.31,0.351,4.644,6.5415,-0.037000000000000005,300.299,0.342,4.708,6.475,-0.044,300.318,0.291,4.7620000000000005,6.415,-0.039,300.325,0.293,4.7635000000000005,6.361000000000001,-0.033,300.317,0.291,4.7075,6.2715,-0.027000000000000003,300.275,0.297,4.679,6.114,-0.016,300.205,0.304,4.782500000000001,5.9670000000000005,-0.0205,300.158,0.303,5.007,5.9535,-0.0465,300.182,0.276,5.2515,6.025,-0.069,300.241,0.305,5.426500000000001,6.096,-0.0765,300.295,0.327,5.493,6.0954999999999995,-0.07,300.308,0.325,5.492,5.986,-0.057,300.267,0.331,
4.9665,7.131500000000001,-0.05,300.557,0.326,4.8695,7.036,-0.043,300.495,0.334,4.7485,6.9030000000000005,-0.0325,300.418,0.34,4.6445,6.7405,-0.03,300.341,0.342,4.6,6.567,-0.035500000000000004,300.298,0.344,4.6275,6.4575,-0.033,300.292,0.306,4.693,6.401999999999999,-0.027,300.299,0.293,4.7315000000000005,6.368,-0.0285,300.308,0.289,4.709,6.294499999999999,-0.0275,300.289,0.298,4.683999999999999,6.1739999999999995,-0.0175,300.235,0.303,4.758,6.048500000000001,-0.0225,300.188,0.301,4.960000000000001,5.989,-0.047,300.191,0.289,5.221500000000001,6.046,-0.07300000000000001,300.242,0.226,5.438000000000001,6.135,-0.0875,300.314,0.335,5.5335,6.172499999999999,-0.088,300.35,0.328,5.523,6.087,-0.0795,300.312,0.314,
5.0169999999999995,7.1385000000000005,-0.0305,300.591,0.33,4.953,7.0695,-0.0275,300.544,0.334,4.843,6.964,-0.026000000000000002,300.475,0.343,4.7095,6.8245000000000005,-0.031,300.399,0.339,4.609999999999999,6.638,-0.031,300.323,0.346,4.6015,6.4925,-0.027,300.28,0.275,4.6615,6.4254999999999995,-0.0265,300.281,0.27,4.71,6.39,-0.031,300.299,0.258,4.708,6.314,-0.028,300.289,0.295,4.695,6.2170000000000005,-0.017,300.25,0.3,4.748,6.122,-0.024,300.216,0.299,4.918,6.0365,-0.046,300.202,0.296,5.1745,6.058,-0.07250000000000001,300.241,0.257,5.416,6.1315,-0.0935,300.317,0.345,5.551,6.185,-0.10450000000000001,300.371,0.335,5.566,6.154,-0.0975,300.362,0.329,
5.027,7.1145,-0.016,300.606,0.338,5.003500000000001,7.072,-0.013999999999999999,300.576,0.339,4.923,6.9955,-0.015,300.525,0.344,4.798,6.890000000000001,-0.019,300.458,0.344,4.68,6.734999999999999,-0.022,300.374,0.345,4.638,6.579,-0.026000000000000002,300.309,0.343,4.6705000000000005,6.4895,-0.030000000000000002,300.292,0.285,4.7095,6.433999999999999,-0.031,300.299,0.248,4.7170000000000005,6.3575,-0.023,300.288,0.286,4.7135,6.2705,-0.015,300.26,0.291,4.7485,6.1905,-0.0215,300.234,0.295,4.872,6.093500000000001,-0.0405,300.214,0.298,5.0785,6.0585,-0.0625,300.235,0.283,5.3004999999999995,6.086,-0.08449999999999999,300.285,0.313,5.470000000000001,6.128,-0.1,300.34,0.321,5.5504999999999995,6.1475,-0.093,300.371,0.327,
4.981,7.066000000000001,-0.01,300.594,0.351,4.997,7.0435,-0.005,300.581,0.348,4.9605,6.9935,-0.0005,300.549,0.349,4.88,6.923,-0.0015,300.499,0.351,4.7844999999999995,6.8175,-0.009,300.433,0.344,4.7225,6.682,-0.019000000000000003,300.369,0.336,4.7135,6.5809999999999995,-0.025500000000000002,300.334,0.331,4.734999999999999,6.5035,-0.024,300.317,0.336,4.7575,6.4285,-0.0175,300.302,0.234,4.766500000000001,6.343999999999999,-0.012,300.281,0.273,4.777,6.268,-0.0155,300.255,0.283,4.835,6.1685,-0.0285,300.23,0.295,4.9665,6.0785,-0.044,300.224,0.297,5.1419999999999995,6.048,-0.065,300.246,0.287,5.3205,6.057499999999999,-0.07650000000000001,300.286,0.33,5.464,6.0845,-0.0655,300.339,0.324,
4.897,7.022,-0.009,300.565,0.357,4.9399999999999995,7.0045,0.0,300.564,0.356,4.9475,6.9725,0.0095,300.548,0.354,4.9185,6.928,0.011,300.517,0.355,4.8655,6.8635,0.005,300.474,0.35,4.817500000000001,6.7675,-0.0045000000000000005,300.425,0.339,4.7940000000000005,6.673500000000001,-0.013,300.389,0.327,4.7925,6.5885,-0.013000000000000001,300.359,0.328,4.805,6.513,-0.012,300.333,0.335,4.8235,6.4285,-0.008,300.307,0.275,4.8355,6.3545,-0.01,300.283,0.234,4.8525,6.265499999999999,-0.017,300.254,0.278,4.9145,6.1505,-0.029,300.227,0.291,5.0325,6.0685,-0.0435,300.226,0.235,5.182,6.032,-0.0425,300.252,0.221,5.334,6.0195,-0.0275,300.29,0.317,
4.8294999999999995,7.01,-0.01,300.551,0.356,4.879,6.978,0.0,300.549,0.354,4.913,6.952,0.011,300.541,0.354,4.9225,6.92,0.0135,300.523,0.355,4.91,6.8795,0.0115,300.496,0.354,4.8865,6.8195,0.005,300.464,0.346,4.868,6.7415,0.0005,300.433,0.334,4.859999999999999,6.662,-0.001,300.403,0.33,4.8595,6.5905000000000005,-0.0015,300.373,0.335,4.868,6.509,-0.0015,300.342,0.337,4.8825,6.441,-0.008,300.314,0.303,4.9,6.3735,-0.017,300.283,0.257,4.9365000000000006,6.271,-0.027000000000000003,300.255,0.282,5.005,6.1594999999999995,-0.027500000000000004,300.242,0.217,5.0969999999999995,6.073499999999999,-0.0155,300.245,0.201,5.205,6.0055,-0.0015,300.253,0.279,
4.814,7.0329999999999995,-0.0035,300.568,0.35,4.8365,6.975,0.002,300.548,0.349,4.8725000000000005,6.9445,0.0075,300.536,0.351,4.9015,6.9145,0.0075,300.522,0.355,4.916,6.8835,0.0075,300.504,0.356,4.916,6.843,0.006,300.484,0.351,4.911,6.7815,0.01,300.459,0.345,4.9105,6.7145,0.013,300.433,0.34,4.917,6.6525,0.014,300.407,0.34,4.933999999999999,6.5725,0.010499999999999999,300.379,0.341,4.9605,6.513,-0.002,300.356,0.258,4.9845,6.468,-0.018,300.333,0.238,5.0055,6.4030000000000005,-0.026000000000000002,300.309,0.257,5.0365,6.2935,-0.02,300.284,0.235,5.074,6.166,-0.0075,300.262,0.163,5.1155,6.0555,0.001,300.239,0.195,
4.821,7.1005,0.025500000000000002,300.588,0.351,4.8085,7.017,0.025,300.553,0.349,4.8345,6.9719999999999995,0.0185,300.538,0.348,4.866,6.936,0.012,300.522,0.353,4.891,6.9055,0.009000000000000001,300.506,0.356,4.9055,6.872,0.0125,300.489,0.357,4.916,6.827,0.0235,300.467,0.358,4.927,6.7755,0.0305,300.449,0.352,4.9365000000000006,6.7215,0.0305,300.43,0.35,4.9595,6.6335,0.025,300.4,0.356,5.0095,6.5725,0.0115,300.379,0.252,5.065,6.5405,-0.0045,300.372,0.252,5.0920000000000005,6.5169999999999995,-0.012,300.365,0.248,5.093,6.438,-0.0065,300.335,0.246,5.094,6.2905,0.0005,300.289,0.215,5.1035,6.151,-0.0025,300.252,0.175,
4.894,7.229,0.054,300.63,0.362,4.85,7.1305,0.055,300.587,0.349,4.8555,7.0585,0.04,300.564,0.341,4.8765,7.0065,0.027,300.542,0.34,4.9,6.970000000000001,0.0195,300.523,0.342,4.925,6.942,0.023,300.505,0.347,4.952,6.916499999999999,0.034,300.489,0.351,4.968500000000001,6.875500000000001,0.039,300.477,0.35,4.964,6.821,0.0335,300.458,0.35,4.965,6.721,0.027,300.421,0.364,5.007,6.641500000000001,0.0155,300.393,0.253,5.084,6.612,0.0035,300.387,0.341,5.147,6.6125,-0.0005,300.397,0.337,5.162,6.573499999999999,0.0075,300.385,0.262,5.156499999999999,6.439,0.0115,300.334,0.266,5.166,6.272,-0.001,300.288,0.247,
5.0585,7.362,0.028499999999999998,300.715,0.268,4.975,7.273,0.034,300.66,0.369,4.936,7.1745,0.025500000000000002,300.618,0.37,4.934,7.101,0.0165,300.587,0.357,4.958,7.0555,0.012,300.561,0.347,5.0015,7.0344999999999995,0.012,300.547,0.346,5.046,7.0215,0.010499999999999999,300.541,0.344,5.0625,6.98,0.006500000000000001,300.528,0.338,5.039999999999999,6.917999999999999,0.0005,300.504,0.339,5.012499999999999,6.8165,-0.001,300.461,0.358,5.034,6.716,-0.004999999999999999,300.423,0.353,5.1125,6.6785,-0.013999999999999999,300.416,0.317,5.193,6.68,-0.016,300.433,0.355,5.2175,6.666,-0.0085,300.429,0.349,5.1975,6.572,-0.0045,300.383,0.339,5.1884999999999994,6.396,-0.0085,300.327,0.329,
5.189500000000001,7.3919999999999995,-0.031,300.77,0.25,5.075,7.35,-0.024,300.715,0.365,4.9925,7.256,-0.020999999999999998,300.658,0.361,4.9675,7.1705000000000005,-0.02,300.617,0.347,4.992,7.1185,-0.019,300.589,0.341,5.042999999999999,7.092499999999999,-0.024,300.58,0.352,5.087,7.069,-0.037500000000000006,300.577,0.348,5.1005,7.019,-0.046,300.559,0.339,5.077999999999999,6.9565,-0.0455,300.532,0.343,5.0425,6.87,-0.039,300.493,0.358,5.0435,6.7675,-0.037000000000000005,300.449,0.365,5.102,6.7095,-0.044,300.433,0.274,5.1825,6.6955,-0.0455,300.441,0.331,5.224,6.686,-0.040499999999999994,300.446,0.348,5.2065,6.638,-0.0335,300.422,0.327,5.189,6.5035,-0.018,300.366,0.331,
5.1815,7.3,-0.0455,300.723,0.334,5.0969999999999995,7.333,-0.0385,300.71,0.362,5.0120000000000005,7.2835,-0.0365,300.67,0.367,4.9725,7.202999999999999,-0.039,300.629,0.363,4.981,7.1434999999999995,-0.044,300.604,0.349,5.0055,7.096,-0.053000000000000005,300.588,0.345,5.023,7.0475,-0.0605,300.57,0.353,5.034,6.9955,-0.057999999999999996,300.548,0.364,5.0355,6.9435,-0.05,300.528,0.364,5.02,6.878,-0.046,300.5,0.366,5.01,6.792,-0.0485,300.458,0.299,5.039999999999999,6.713,-0.051500000000000004,300.429,0.322,5.1045,6.6775,-0.049,300.425,0.306,5.157,6.6625,-0.0435,300.431,0.317,5.1690000000000005,6.648,-0.036500000000000005,300.426,0.338,5.178,6.589499999999999,-0.02,300.394,0.282,
5.147,7.156000000000001,-0.013000000000000001,300.654,0.336,5.123,7.2515,-0.0105,300.686,0.355,5.0545,7.26,-0.0195,300.674,0.369,4.994,7.2005,-0.0305,300.641,0.372,4.965,7.133,-0.045,300.616,0.362,4.952999999999999,7.064500000000001,-0.05499999999999999,300.589,0.363,4.952999999999999,7.004,-0.052500000000000005,300.56,0.369,4.9695,6.96,-0.039,300.539,0.371,4.9915,6.9175,-0.0275,300.523,0.369,4.9965,6.862,-0.0315,300.502,0.367,4.9864999999999995,6.7955000000000005,-0.040999999999999995,300.469,0.319,4.9975000000000005,6.712,-0.041499999999999995,300.433,0.328,5.0495,6.659,-0.035,300.417,0.321,5.1129999999999995,6.635,-0.0295,300.42,0.312,5.154999999999999,6.634,-0.03,300.42,0.297,5.1845,6.629,-0.034,300.412,0.29,
5.102,7.081,0.0135,300.588,0.344,5.123,7.198,0.0025,300.638,0.35,5.073,7.234,-0.008,300.652,0.367,4.997999999999999,7.189,-0.014,300.637,0.379,4.9425,7.119,-0.026000000000000002,300.614,0.377,4.9195,7.043,-0.036000000000000004,300.588,0.378,4.9225,6.983,-0.039,300.563,0.374,4.938000000000001,6.944,-0.0315,300.544,0.366,4.952500000000001,6.904,-0.0245,300.522,0.365,4.959,6.849,-0.031,300.495,0.325,4.9585,6.791,-0.040999999999999995,300.472,0.33,4.9670000000000005,6.711,-0.0435,300.443,0.332,5.0065,6.651,-0.038000000000000006,300.419,0.322,5.071999999999999,6.622,-0.0345,300.407,0.312,5.1295,6.622,-0.045,300.406,0.291,5.1555,6.631,-0.063,300.409,0.273,
5.827,7.628,-0.0665,301.08,0.18,5.817500000000001,7.574,-0.0535,301.032,0.182,5.8215,7.5035,-0.0395,300.979,0.184,5.8629999999999995,7.4295,-0.036500000000000005,300.947,0.186,5.932499999999999,7.3875,-0.0495,300.952,0.183,5.992,7.3485,-0.0645,300.961,0.181,6.011,7.2905,-0.0645,300.95,0.183,5.9830000000000005,7.218999999999999,-0.051500000000000004,300.912,0.241,5.9435,7.1165,-0.0315,300.841,0.252,5.9615,6.976,-0.0195,300.768,0.257,6.072,6.8740000000000006,-0.0285,300.742,0.252,6.2395,6.8535,-0.056,300.77,0.217,6.4005,6.8695,-0.07899999999999999,300.815,0.179,6.5175,6.864,-0.0875,300.833,0.178,6.59,6.8165,-0.07899999999999999,300.818,0.173,6.6365,6.7355,-0.055,300.785,0.165,
5.859,7.638,-0.067,301.121,0.179,5.8405000000000005,7.591,-0.0545,301.067,0.183,5.823,7.5235,-0.0385,301.005,0.184,5.835,7.442500000000001,-0.03,300.952,0.188,5.8825,7.38,-0.042499999999999996,300.939,0.185,5.942,7.327999999999999,-0.051500000000000004,300.946,0.238,5.9879999999999995,7.2780000000000005,-0.047,300.945,0.24,5.997,7.2275,-0.039999999999999994,300.93,0.239,5.9704999999999995,7.1545000000000005,-0.031,300.884,0.247,5.9665,7.036,-0.019000000000000003,300.812,0.255,6.045,6.9245,-0.0285,300.765,0.255,6.1955,6.879,-0.061,300.776,0.231,6.359500000000001,6.891500000000001,-0.0875,300.82,0.171,6.489000000000001,6.9094999999999995,-0.0955,300.854,0.18,6.562,6.888,-0.0885,300.852,0.179,6.591,6.8085,-0.07200000000000001,300.808,0.181,
5.894,7.634,-0.055,301.158,0.179,5.877,7.5975,-0.0465,301.108,0.182,5.851,7.542999999999999,-0.035,301.046,0.184,5.8345,7.4675,-0.0335,300.982,0.185,5.843500000000001,7.387,-0.04,300.945,0.186,5.8855,7.32,-0.039,300.929,0.252,5.945,7.2755,-0.035,300.928,0.239,5.9815000000000005,7.2365,-0.037000000000000005,300.928,0.236,5.9765,7.172000000000001,-0.033,300.901,0.246,5.974,7.077500000000001,-0.0195,300.843,0.253,6.036,6.9795,-0.03,300.795,0.253,6.173,6.9155,-0.0625,300.791,0.242,6.343,6.917,-0.0925,300.83,0.144,6.489000000000001,6.9475,-0.10650000000000001,300.881,0.183,6.572,6.949,-0.10750000000000001,300.899,0.18,6.596,6.8875,-0.097,300.859,0.175,
5.9254999999999995,7.6195,-0.035,301.187,0.181,5.921,7.595,-0.03,301.148,0.182,5.896,7.5555,-0.0275,301.093,0.185,5.859999999999999,7.493,-0.033,301.031,0.184,5.8385,7.4115,-0.0345,300.97,0.186,5.86,7.3395,-0.033,300.927,0.22,5.9155,7.295,-0.035,300.919,0.216,5.9605,7.2565,-0.040499999999999994,300.923,0.206,5.9725,7.1905,-0.0345,300.904,0.244,5.981,7.111000000000001,-0.019999999999999997,300.861,0.251,6.034,7.0305,-0.0305,300.823,0.251,6.1545000000000005,6.957,-0.061,300.806,0.248,6.32,6.9350000000000005,-0.092,300.835,0.214,6.474500000000001,6.955,-0.11249999999999999,300.893,0.186,6.5725,6.968,-0.123,300.927,0.183,6.609,6.938000000000001,-0.11499999999999999,300.909,0.18,
5.944000000000001,7.5975,-0.0195,301.203,0.184,5.955,7.584,-0.016,301.175,0.184,5.9399999999999995,7.5555,-0.015,301.133,0.186,5.905,7.51,-0.019,301.078,0.185,5.875500000000001,7.4455,-0.024,301.013,0.186,5.8805,7.3795,-0.0315,300.959,0.185,5.916,7.333,-0.039,300.936,0.2,5.9510000000000005,7.291499999999999,-0.039999999999999994,300.93,0.19,5.970000000000001,7.229,-0.031,300.908,0.235,5.9879999999999995,7.1555,-0.02,300.874,0.242,6.0335,7.080500000000001,-0.028,300.843,0.247,6.13,7.0009999999999994,-0.0535,300.821,0.249,6.2715,6.9475,-0.07999999999999999,300.831,0.236,6.417999999999999,6.936999999999999,-0.10350000000000001,300.872,0.175,6.531,6.9445,-0.118,300.913,0.178,6.598,6.943,-0.109,300.929,0.18,
5.938,7.5725,-0.014,301.202,0.189,5.964,7.5665,-0.007,301.184,0.188,5.9670000000000005,7.547499999999999,-0.0005,301.154,0.187,5.952,7.5184999999999995,-0.001,301.112,0.188,5.933,7.4745,-0.0095,301.058,0.186,5.93,7.421,-0.023,301.009,0.183,5.9475,7.3775,-0.0325,300.978,0.181,5.9725,7.339,-0.0315,300.957,0.183,5.9935,7.2875,-0.025,300.931,0.181,6.0105,7.218999999999999,-0.0185,300.899,0.225,6.039,7.1425,-0.0225,300.864,0.235,6.101,7.056,-0.0385,300.835,0.247,6.204,6.9735,-0.059,300.824,0.248,6.33,6.9265,-0.08249999999999999,300.838,0.238,6.4535,6.9115,-0.0925,300.873,0.181,6.5545,6.915,-0.0775,300.913,0.179,
5.914,7.5555,-0.013,301.193,0.19,5.952,7.5535,-0.0025,301.181,0.19,5.975,7.542,0.0095,301.16,0.189,5.9825,7.524,0.012,301.129,0.19,5.981,7.494999999999999,0.006,301.09,0.188,5.984500000000001,7.456,-0.006500000000000001,301.052,0.184,5.9990000000000006,7.4195,-0.017,301.025,0.18,6.019500000000001,7.3875,-0.018500000000000003,301.0,0.18,6.0375,7.3485,-0.018000000000000002,300.971,0.183,6.05,7.2905,-0.014,300.936,0.171,6.063,7.218999999999999,-0.016,300.896,0.19,6.093999999999999,7.133,-0.025500000000000002,300.856,0.231,6.16,7.034000000000001,-0.0415,300.825,0.243,6.2575,6.9544999999999995,-0.0595,300.821,0.199,6.3715,6.907,-0.0565,300.841,0.188,6.4864999999999995,6.8870000000000005,-0.0345,300.876,0.176,
5.8975,7.5535,-0.0135,301.194,0.19,5.9375,7.5515,-0.002,301.183,0.189,5.9725,7.545,0.009999999999999998,301.165,0.189,5.9975000000000005,7.5335,0.0135,301.141,0.19,6.013,7.5135,0.0115,301.11,0.189,6.027,7.485,0.004,301.082,0.186,6.046,7.452999999999999,-0.0015,301.06,0.182,6.068,7.4254999999999995,-0.0035,301.039,0.181,6.087,7.397,-0.005,301.012,0.183,6.0995,7.353999999999999,-0.005,300.98,0.184,6.107,7.297499999999999,-0.0125,300.94,0.174,6.12,7.225,-0.025,300.895,0.154,6.156000000000001,7.129,-0.0385,300.853,0.233,6.2205,7.029999999999999,-0.042,300.834,0.185,6.304,6.95,-0.027000000000000003,300.834,0.174,6.3975,6.8925,-0.006500000000000001,300.842,0.232,
5.9075,7.563000000000001,-0.0045000000000000005,301.212,0.188,5.933999999999999,7.558,0.001,301.193,0.187,5.9685,7.557,0.0055,301.174,0.188,6.0015,7.5504999999999995,0.0055,301.152,0.189,6.029,7.536,0.0055,301.126,0.19,6.051500000000001,7.5125,0.005,301.101,0.188,6.0755,7.481999999999999,0.009000000000000001,301.08,0.186,6.1035,7.4565,0.012,301.063,0.184,6.132,7.4350000000000005,0.013000000000000001,301.044,0.185,6.157,7.401999999999999,0.009000000000000001,301.018,0.185,6.1745,7.3614999999999995,-0.0065,300.99,0.156,6.1850000000000005,7.309,-0.026,300.954,0.148,6.1995000000000005,7.234,-0.037000000000000005,300.914,0.155,6.231,7.1365,-0.0315,300.879,0.148,6.2765,7.032500000000001,-0.0175,300.852,0.145,6.329000000000001,6.9425,-0.006,300.83,0.168,
5.9265,7.596500000000001,0.0265,301.226,0.188,5.938000000000001,7.586,0.025500000000000002,301.203,0.187,5.9665,7.587,0.0165,301.186,0.187,5.999499999999999,7.584,0.0085,301.164,0.189,6.0305,7.5745000000000005,0.0055,301.139,0.19,6.058,7.555,0.01,301.113,0.19,6.0875,7.5280000000000005,0.0225,301.089,0.191,6.121,7.504,0.03,301.075,0.189,6.154,7.484,0.03,301.062,0.188,6.1875,7.4505,0.0235,301.04,0.19,6.2219999999999995,7.4155,0.006,301.019,0.153,6.249499999999999,7.38,-0.013499999999999998,301.0,0.154,6.263,7.3325,-0.0215,300.976,0.152,6.2715,7.2535,-0.0155,300.936,0.152,6.287,7.1405,-0.009000000000000001,300.887,0.141,6.310499999999999,7.0295000000000005,-0.012499999999999999,300.846,0.155,
5.976,7.673,0.0555,301.255,0.193,5.977,7.657500000000001,0.0565,301.23,0.187,5.9955,7.6515,0.0385,301.215,0.185,6.0205,7.6475,0.023,301.193,0.184,6.0489999999999995,7.641,0.015,301.168,0.185,6.0809999999999995,7.629,0.019,301.14,0.187,6.1175,7.612,0.0315,301.116,0.188,6.153,7.589,0.037000000000000005,301.102,0.188,6.179,7.561999999999999,0.032,301.087,0.188,6.202500000000001,7.5205,0.024,301.06,0.193,6.2379999999999995,7.4795,0.009,301.036,0.18,6.2825,7.452999999999999,-0.0055,301.025,0.185,6.3155,7.427,-0.0095,301.02,0.184,6.3275,7.372,0.0,300.993,0.157,6.3335,7.2669999999999995,0.0015,300.939,0.159,6.346500000000001,7.141500000000001,-0.013,300.888,0.152,
6.0595,7.7605,0.028999999999999998,301.32,0.159,6.047000000000001,7.747,0.0345,301.287,0.195,6.0495,7.731999999999999,0.023,301.263,0.195,6.064,7.724,0.011,301.24,0.19,6.090999999999999,7.7195,0.006,301.213,0.187,6.131,7.717499999999999,0.006500000000000001,301.191,0.187,6.175,7.71,0.0055,301.174,0.186,6.208,7.684,0.0015,301.154,0.184,6.224,7.646,-0.004,301.13,0.184,6.2364999999999995,7.596500000000001,-0.006,301.096,0.191,6.2675,7.547000000000001,-0.013000000000000001,301.066,0.189,6.317,7.5205,-0.024,301.058,0.176,6.3605,7.503500000000001,-0.025500000000000002,301.063,0.19,6.377,7.468500000000001,-0.016,301.045,0.188,6.3735,7.3855,-0.013499999999999998,300.995,0.184,6.3735,7.258,-0.02,300.937,0.181,
6.128,7.79,-0.031,301.364,0.152,6.102,7.792,-0.023,301.329,0.193,6.088,7.7805,-0.023,301.296,0.192,6.0945,7.773,-0.025500000000000002,301.271,0.187,6.1225000000000005,7.7735,-0.026000000000000002,301.248,0.184,6.1655,7.7765,-0.032,301.233,0.188,6.2075,7.7669999999999995,-0.0455,301.219,0.187,6.2355,7.734999999999999,-0.054000000000000006,301.194,0.184,6.248,7.693,-0.052000000000000005,301.164,0.185,6.257,7.644500000000001,-0.0455,301.127,0.191,6.282,7.593,-0.0465,301.091,0.193,6.329000000000001,7.5565,-0.055,301.077,0.178,6.377000000000001,7.536,-0.055999999999999994,301.081,0.181,6.398,7.5125,-0.0495,301.074,0.187,6.3885000000000005,7.46,-0.040499999999999994,301.039,0.18,6.381,7.359,-0.027,300.984,0.181,
6.1274999999999995,7.7475000000000005,-0.045,301.329,0.182,6.1145,7.7775,-0.035500000000000004,301.321,0.193,6.1035,7.7844999999999995,-0.035500000000000004,301.3,0.194,6.109500000000001,7.7825,-0.041999999999999996,301.28,0.192,6.1325,7.7865,-0.0505,301.266,0.187,6.16,7.786,-0.0615,301.249,0.186,6.1850000000000005,7.77,-0.07,301.225,0.189,6.21,7.7395,-0.066,301.195,0.193,6.234500000000001,7.7035,-0.055999999999999994,301.169,0.193,6.253500000000001,7.663,-0.052000000000000005,301.139,0.194,6.272,7.615,-0.056999999999999995,301.102,0.172,6.305,7.5665,-0.0615,301.074,0.263,6.351,7.5365,-0.058499999999999996,301.067,0.249,6.383,7.5169999999999995,-0.052000000000000005,301.07,0.191,6.3870000000000005,7.493,-0.041999999999999996,301.056,0.184,6.391,7.4395,-0.0265,301.017,0.226,
6.1145,7.6785,-0.0115,301.274,0.183,6.1295,7.7305,-0.005,301.298,0.19,6.128500000000001,7.7575,-0.015,301.296,0.194,6.128500000000001,7.7620000000000005,-0.028999999999999998,301.283,0.196,6.1345,7.763,-0.048,301.275,0.192,6.1425,7.758,-0.0615,301.256,0.193,6.157500000000001,7.746,-0.0595,301.226,0.195,6.1865000000000006,7.729,-0.0445,301.198,0.195,6.2225,7.7025,-0.031,301.175,0.195,6.2475000000000005,7.667,-0.035,301.149,0.194,6.26,7.621,-0.047,301.113,0.26,6.281499999999999,7.569,-0.0485,301.076,0.268,6.324,7.532,-0.042499999999999996,301.058,0.263,6.368499999999999,7.5120000000000005,-0.036500000000000005,301.058,0.254,6.3945,7.5024999999999995,-0.035500000000000004,301.055,0.241,6.411,7.483,-0.0395,301.038,0.232,
6.1005,7.644,0.015,301.222,0.186,6.1335,7.702,0.008,301.258,0.188,6.1355,7.737,-0.0005,301.271,0.194,6.128,7.745,-0.0085,301.268,0.198,6.125500000000001,7.743,-0.0235,301.263,0.198,6.133,7.737,-0.037,301.252,0.198,6.1525,7.731,-0.0415,301.235,0.197,6.1815,7.723,-0.0335,301.213,0.194,6.2135,7.701,-0.026000000000000002,301.183,0.194,6.237,7.666,-0.033,301.153,0.178,6.250500000000001,7.62,-0.0445,301.119,0.27,6.27,7.569,-0.048,301.084,0.272,6.3085,7.53,-0.043,301.058,0.264,6.3585,7.509,-0.041499999999999995,301.045,0.253,6.395,7.502,-0.053500000000000006,301.042,0.231,6.4055,7.491,-0.069,301.038,0.214,
6.277,7.8865,-0.07250000000000001,301.587,0.103,6.321,7.8675,-0.058499999999999996,301.545,0.102,6.3705,7.84,-0.044,301.498,0.102,6.4315,7.8100000000000005,-0.041499999999999995,301.467,0.102,6.497,7.788,-0.055999999999999994,301.464,0.102,6.5515,7.754,-0.07250000000000001,301.461,0.102,6.584,7.7105,-0.07250000000000001,301.443,0.138,6.595000000000001,7.6579999999999995,-0.057499999999999996,301.401,0.18,6.6055,7.586,-0.036500000000000005,301.335,0.187,6.6485,7.4905,-0.025500000000000002,301.27,0.192,6.734500000000001,7.412,-0.037500000000000006,301.244,0.188,6.843999999999999,7.369,-0.068,301.257,0.166,6.952,7.3545,-0.0935,301.282,0.102,7.0455000000000005,7.3309999999999995,-0.10350000000000001,301.282,0.102,7.121,7.2875,-0.094,301.256,0.102,7.179,7.2255,-0.067,301.215,0.102,
6.2795000000000005,7.877000000000001,-0.07150000000000001,301.626,0.103,6.319,7.862500000000001,-0.059,301.58,0.102,6.3605,7.8385,-0.041499999999999995,301.527,0.102,6.4115,7.8075,-0.034,301.48,0.102,6.468,7.781,-0.0475,301.464,0.102,6.521000000000001,7.7425,-0.057999999999999996,301.458,0.178,6.566000000000001,7.702500000000001,-0.0545,301.446,0.179,6.5945,7.663,-0.0465,301.423,0.178,6.6105,7.609,-0.035,301.375,0.184,6.644,7.5265,-0.0235,301.309,0.19,6.718,7.447,-0.037500000000000006,301.268,0.19,6.8215,7.3955,-0.07400000000000001,301.271,0.175,6.9275,7.379,-0.10300000000000001,301.3,0.101,7.0195,7.371,-0.11149999999999999,301.315,0.102,7.091,7.3445,-0.10400000000000001,301.3,0.102,7.142,7.29,-0.08549999999999999,301.251,0.102,
6.2865,7.854,-0.058499999999999996,301.657,0.103,6.323,7.846500000000001,-0.049,301.616,0.103,6.359999999999999,7.832,-0.037,301.565,0.102,6.398999999999999,7.805,-0.036500000000000005,301.512,0.102,6.4405,7.7765,-0.044,301.477,0.102,6.4885,7.737500000000001,-0.045,301.453,0.187,6.5425,7.702500000000001,-0.042499999999999996,301.442,0.178,6.5855,7.6690000000000005,-0.0445,301.431,0.177,6.609999999999999,7.621,-0.038,301.396,0.183,6.643,7.554,-0.0235,301.339,0.189,6.711,7.483499999999999,-0.038000000000000006,301.297,0.189,6.809,7.4265,-0.07650000000000001,301.291,0.182,6.9145,7.401,-0.10850000000000001,301.318,0.102,7.007,7.401,-0.122,301.35,0.102,7.0765,7.3885000000000005,-0.1225,301.352,0.102,7.1240000000000006,7.3485,-0.11149999999999999,301.307,0.102,
6.301,7.8255,-0.038,301.68,0.103,6.3365,7.825,-0.0315,301.648,0.103,6.3695,7.819,-0.0285,301.605,0.102,6.3985,7.7985,-0.0345,301.554,0.102,6.4285,7.7745,-0.0375,301.504,0.102,6.4695,7.744,-0.039,301.462,0.165,6.521,7.715,-0.043,301.444,0.163,6.5665,7.682,-0.049,301.435,0.156,6.6,7.634,-0.040999999999999995,301.406,0.182,6.6405,7.5794999999999995,-0.025,301.361,0.187,6.7075,7.5195,-0.038000000000000006,301.324,0.187,6.801,7.46,-0.07500000000000001,301.31,0.185,6.9045000000000005,7.419,-0.10800000000000001,301.33,0.164,6.9965,7.4115,-0.1275,301.372,0.102,7.0649999999999995,7.406000000000001,-0.137,301.389,0.102,7.1129999999999995,7.382,-0.1285,301.362,0.102,
6.3195,7.7995,-0.0225,301.694,0.103,6.3545,7.8035,-0.0175,301.669,0.103,6.3845,7.8015,-0.0155,301.635,0.103,6.4105,7.789,-0.0195,301.591,0.102,6.439500000000001,7.7725,-0.026500000000000003,301.539,0.102,6.476000000000001,7.7545,-0.036500000000000005,301.495,0.102,6.516,7.7335,-0.046,301.468,0.14,6.5535,7.705,-0.048,301.45,0.144,6.5905000000000005,7.662,-0.039,301.42,0.177,6.6370000000000005,7.6125,-0.0265,301.381,0.181,6.702,7.556,-0.036000000000000004,301.346,0.184,6.788,7.494,-0.066,301.325,0.186,6.886,7.4375,-0.095,301.331,0.178,6.977,7.4094999999999995,-0.1185,301.364,0.101,7.047499999999999,7.4,-0.1315,301.391,0.102,7.1015,7.388999999999999,-0.121,301.393,0.102,
6.333500000000001,7.7815,-0.0175,301.699,0.103,6.369,7.7875,-0.0095,301.678,0.103,6.401,7.7875,-0.0015,301.651,0.102,6.4305,7.782,-0.0015,301.615,0.102,6.462,7.771,-0.011,301.573,0.102,6.4975000000000005,7.761,-0.026500000000000003,301.536,0.102,6.5335,7.75,-0.0385,301.51,0.102,6.566000000000001,7.7335,-0.038500000000000006,301.484,0.102,6.597,7.702999999999999,-0.0325,301.45,0.138,6.6355,7.6579999999999995,-0.025500000000000002,301.411,0.17,6.691000000000001,7.6005,-0.03,301.37,0.177,6.7655,7.5344999999999995,-0.049,301.34,0.184,6.853,7.4670000000000005,-0.07300000000000001,301.328,0.185,6.9415,7.417,-0.0975,301.339,0.178,7.0205,7.390499999999999,-0.10550000000000001,301.368,0.102,7.087,7.3815,-0.0875,301.393,0.102,
6.343500000000001,7.774,-0.017,301.7,0.102,6.3805,7.7829999999999995,-0.006,301.683,0.102,6.4165,7.785500000000001,0.0075,301.658,0.102,6.4505,7.784000000000001,0.011,301.628,0.102,6.484,7.776,0.0045000000000000005,301.595,0.102,6.5205,7.768,-0.0095,301.568,0.102,6.559,7.763,-0.020999999999999998,301.549,0.102,6.595000000000001,7.7575,-0.024,301.527,0.102,6.625,7.7415,-0.0235,301.494,0.102,6.6515,7.709,-0.02,301.454,0.113,6.6865000000000006,7.657,-0.0225,301.406,0.148,6.7425,7.5920000000000005,-0.0345,301.361,0.174,6.8185,7.5184999999999995,-0.0545,301.332,0.182,6.9005,7.4510000000000005,-0.07400000000000001,301.328,0.156,6.981999999999999,7.4015,-0.0685,301.344,0.149,7.061999999999999,7.378500000000001,-0.042499999999999996,301.37,0.102,
6.354,7.774,-0.0165,301.71,0.102,6.3895,7.789,-0.005,301.693,0.102,6.428000000000001,7.797000000000001,0.006999999999999999,301.669,0.102,6.4665,7.7989999999999995,0.011,301.641,0.102,6.503500000000001,7.792999999999999,0.009,301.612,0.102,6.542,7.784,0.001,301.59,0.102,6.583,7.777,-0.005,301.576,0.102,6.6235,7.7745,-0.0075,301.56,0.102,6.6585,7.769,-0.009,301.535,0.102,6.6855,7.752,-0.0095,301.501,0.102,6.7095,7.715,-0.018000000000000002,301.456,0.105,6.743,7.661,-0.033,301.406,0.101,6.795,7.5895,-0.0495,301.362,0.175,6.8625,7.513999999999999,-0.0555,301.342,0.148,6.9375,7.446,-0.039,301.339,0.142,7.013999999999999,7.3995,-0.013999999999999999,301.345,0.175,
6.3725000000000005,7.7775,-0.006,301.727,0.102,6.401999999999999,7.7995,-0.001,301.71,0.102,6.4384999999999994,7.8165,0.002,301.688,0.102,6.4785,7.8245000000000005,0.0015,301.66,0.102,6.5184999999999995,7.8225,0.001,301.63,0.102,6.5585,7.811999999999999,0.0015,301.606,0.102,6.6005,7.7995,0.006,301.59,0.102,6.644,7.7945,0.009,301.58,0.102,6.6865000000000006,7.7925,0.01,301.564,0.102,6.7225,7.7855,0.0055,301.54,0.102,6.7495,7.763,-0.012,301.507,0.101,6.7735,7.724,-0.0335,301.466,0.101,6.8055,7.664,-0.0465,301.423,0.101,6.8515,7.592499999999999,-0.043,301.387,0.101,6.9085,7.516500000000001,-0.0285,301.358,0.125,6.9695,7.449,-0.014499999999999999,301.338,0.138,
6.3965,7.797000000000001,0.025,301.735,0.102,6.42,7.8215,0.0235,301.721,0.102,6.4510000000000005,7.846,0.013,301.706,0.102,6.4879999999999995,7.862,0.003,301.68,0.102,6.5280000000000005,7.8665,-0.0005,301.651,0.102,6.5685,7.858,0.0045000000000000005,301.622,0.102,6.612,7.8445,0.0175,301.6,0.102,6.6585,7.836,0.026000000000000002,301.59,0.102,6.704000000000001,7.8315,0.026500000000000003,301.581,0.102,6.7455,7.8260000000000005,0.019,301.564,0.102,6.779999999999999,7.808999999999999,-0.001,301.541,0.101,6.807,7.781499999999999,-0.0225,301.515,0.101,6.833,7.737500000000001,-0.0305,301.482,0.101,6.865500000000001,7.6765,-0.025,301.441,0.101,6.9055,7.6015,-0.0195,301.395,0.101,6.948499999999999,7.522500000000001,-0.023,301.355,0.131,
6.427,7.851,0.052500000000000005,301.754,0.103,6.449,7.8735,0.053000000000000005,301.743,0.102,6.474500000000001,7.8995,0.0335,301.734,0.102,6.5045,7.9205000000000005,0.0165,301.714,0.102,6.54,7.9315,0.008,301.685,0.102,6.5809999999999995,7.9305,0.012,301.654,0.102,6.6274999999999995,7.922499999999999,0.0245,301.628,0.102,6.6754999999999995,7.9115,0.0305,301.615,0.102,6.718999999999999,7.8995,0.0265,301.604,0.102,6.758,7.8865,0.018,301.585,0.102,6.7955000000000005,7.8675,0.001,301.562,0.131,6.8309999999999995,7.8465,-0.015,301.546,0.102,6.862,7.8165,-0.0185,301.529,0.102,6.891500000000001,7.7684999999999995,-0.009000000000000001,301.496,0.101,6.9239999999999995,7.6995000000000005,-0.0095,301.445,0.101,6.9555,7.615500000000001,-0.025,301.397,0.101,
6.457,7.9190000000000005,0.026000000000000002,301.807,0.101,6.4785,7.939,0.0315,301.789,0.103,6.5015,7.963,0.018500000000000003,301.778,0.102,6.526,7.986000000000001,0.0045000000000000005,301.761,0.102,6.557,8.004,-0.001,301.734,0.102,6.5985,8.0135,-0.0015,301.708,0.102,6.6465,8.012,-0.003,301.688,0.102,6.692500000000001,7.998,-0.0065,301.667,0.102,6.7330000000000005,7.975999999999999,-0.011,301.645,0.102,6.7715,7.952999999999999,-0.013000000000000001,301.618,0.102,6.811,7.93,-0.0215,301.593,0.102,6.849500000000001,7.91,-0.034,301.582,0.102,6.883,7.888,-0.0345,301.576,0.102,6.912,7.8535,-0.0245,301.55,0.102,6.939,7.794499999999999,-0.023,301.501,0.102,6.964,7.712,-0.0315,301.448,0.102,
6.4855,7.952,-0.0315,301.841,0.101,6.5024999999999995,7.971500000000001,-0.023,301.821,0.103,6.522,7.996,-0.025,301.805,0.102,6.545,8.024000000000001,-0.03,301.791,0.102,6.5755,8.051,-0.032,301.772,0.102,6.615,8.069500000000001,-0.03949999999999999,301.755,0.102,6.659,8.07,-0.053000000000000005,301.736,0.102,6.7005,8.052,-0.0615,301.71,0.102,6.7379999999999995,8.024999999999999,-0.058499999999999996,301.68,0.102,6.776,7.9985,-0.052500000000000005,301.647,0.102,6.817500000000001,7.9735,-0.05499999999999999,301.617,0.102,6.8605,7.949,-0.0645,301.603,0.121,6.898,7.927,-0.0655,301.601,0.102,6.923,7.9030000000000005,-0.057499999999999996,301.587,0.102,6.939,7.861,-0.0475,301.547,0.102,6.958,7.7945,-0.036500000000000005,301.496,0.102,
6.5024999999999995,7.9405,-0.0445,301.815,0.103,6.521,7.963,-0.033,301.81,0.103,6.542,7.991,-0.0345,301.803,0.102,6.5655,8.023,-0.0435,301.798,0.102,6.593,8.0565,-0.054,301.791,0.102,6.624,8.0795,-0.067,301.776,0.102,6.6575,8.0825,-0.0765,301.75,0.102,6.695,8.0675,-0.07250000000000001,301.718,0.102,6.736,8.0445,-0.0615,301.69,0.102,6.7775,8.021,-0.057999999999999996,301.661,0.102,6.8165,7.9945,-0.0645,301.629,0.105,6.8555,7.9645,-0.07,301.603,0.192,6.8965,7.939,-0.067,301.594,0.184,6.9275,7.9205000000000005,-0.0595,301.592,0.118,6.9425,7.899,-0.0475,301.571,0.102,6.96,7.86,-0.0335,301.531,0.169,
6.5169999999999995,7.916499999999999,-0.0115,301.773,0.103,6.5440000000000005,7.9399999999999995,-0.002,301.788,0.103,6.5685,7.968,-0.0115,301.793,0.102,6.591,7.996499999999999,-0.027,301.794,0.102,6.61,8.0275,-0.0485,301.796,0.102,6.628,8.053,-0.064,301.785,0.102,6.654,8.066,-0.0635,301.756,0.102,6.693,8.0655,-0.049,301.726,0.102,6.739,8.052,-0.035500000000000004,301.7,0.102,6.779,8.032,-0.0395,301.673,0.102,6.8105,8.001999999999999,-0.052000000000000005,301.639,0.191,6.844,7.9705,-0.055,301.605,0.196,6.8855,7.944,-0.049,301.587,0.192,6.925000000000001,7.927,-0.043,301.585,0.187,6.952,7.9175,-0.040499999999999994,301.577,0.178,6.9735,7.898,-0.0445,301.555,0.172,
6.5329999999999995,7.906,0.013999999999999999,301.733,0.103,6.564,7.928,0.0115,301.755,0.103,6.586,7.954,0.005,301.766,0.102,6.6055,7.979,-0.004,301.772,0.102,6.6225000000000005,8.006,-0.019999999999999997,301.78,0.102,6.638999999999999,8.033,-0.036000000000000004,301.779,0.102,6.663,8.053,-0.0415,301.766,0.102,6.7,8.062,-0.034,301.743,0.102,6.745,8.054,-0.0275,301.712,0.102,6.7835,8.035,-0.035,301.681,0.102,6.8115000000000006,8.003,-0.047,301.644,0.197,6.8420000000000005,7.972,-0.051500000000000004,301.611,0.199,6.884,7.946,-0.047,301.587,0.193,6.9295,7.929,-0.0475,301.576,0.186,6.9615,7.922,-0.058499999999999996,301.57,0.17,6.9755,7.907,-0.0715,301.559,0.159,
6.245,7.893000000000001,-0.0775,302.001,0.1,6.306,7.8740000000000006,-0.064,301.955,0.1,6.3645,7.8545,-0.0485,301.906,0.1,6.419499999999999,7.8355,-0.0465,301.87,0.1,6.471,7.817,-0.0615,301.854,0.1,6.523,7.7940000000000005,-0.078,301.84,0.1,6.58,7.7625,-0.0785,301.811,0.104,6.645,7.728,-0.0625,301.766,0.108,6.7215,7.683,-0.042499999999999996,301.707,0.109,6.8075,7.6255,-0.034,301.655,0.109,6.894500000000001,7.5745000000000005,-0.048,301.633,0.109,6.974,7.545,-0.0795,301.64,0.107,7.0435,7.529,-0.10550000000000001,301.652,0.1,7.108,7.5075,-0.11599999999999999,301.641,0.1,7.172499999999999,7.4735,-0.10600000000000001,301.604,0.1,7.2375,7.4254999999999995,-0.078,301.555,0.1,
6.231,7.883,-0.075,302.041,0.1,6.292,7.867,-0.063,301.995,0.1,6.3535,7.8469999999999995,-0.0455,301.941,0.1,6.411,7.827500000000001,-0.0385,301.894,0.1,6.461,7.807,-0.052000000000000005,301.868,0.1,6.5085,7.782,-0.063,301.849,0.108,6.562,7.7555,-0.0605,301.825,0.108,6.6240000000000006,7.731,-0.052500000000000005,301.792,0.108,6.697,7.6975,-0.039999999999999994,301.742,0.109,6.7835,7.647,-0.031,301.685,0.109,6.875500000000001,7.5969999999999995,-0.048,301.654,0.109,6.958,7.5635,-0.086,301.66,0.107,7.025,7.547499999999999,-0.11549999999999999,301.679,0.1,7.084,7.5365,-0.1235,301.681,0.1,7.143000000000001,7.5165,-0.11599999999999999,301.656,0.1,7.205,7.4765,-0.0965,301.599,0.1,
6.2225,7.858,-0.0605,302.069,0.1,6.279999999999999,7.8505,-0.051500000000000004,302.031,0.1,6.340999999999999,7.837,-0.04,301.982,0.1,6.399,7.819,-0.04,301.931,0.1,6.4495000000000005,7.797,-0.0475,301.891,0.1,6.4985,7.7735,-0.05,301.858,0.109,6.552,7.7524999999999995,-0.049,301.833,0.108,6.6105,7.7330000000000005,-0.0505,301.81,0.108,6.678,7.7065,-0.043,301.767,0.109,6.7620000000000005,7.667,-0.0305,301.712,0.109,6.8575,7.622999999999999,-0.0485,301.68,0.109,6.945,7.5845,-0.0895,301.681,0.108,7.0125,7.563000000000001,-0.1215,301.703,0.1,7.0655,7.5545,-0.1335,301.723,0.1,7.116,7.545,-0.133,301.714,0.1,7.1715,7.5175,-0.1215,301.662,0.1,
6.2235,7.824999999999999,-0.039,302.087,0.1,6.2755,7.827500000000001,-0.033,302.059,0.1,6.3315,7.8215,-0.0305,302.019,0.1,6.3870000000000005,7.8065,-0.036500000000000005,301.972,0.1,6.4395,7.788,-0.040999999999999995,301.921,0.1,6.492,7.7705,-0.0445,301.876,0.107,6.545,7.7545,-0.05,301.848,0.106,6.5985,7.7364999999999995,-0.0555,301.827,0.106,6.6615,7.7145,-0.047,301.788,0.108,6.744,7.6875,-0.0325,301.738,0.109,6.8420000000000005,7.6515,-0.048,301.705,0.109,6.9350000000000005,7.609,-0.0885,301.698,0.109,7.006,7.5765,-0.121,301.718,0.106,7.056,7.561,-0.1385,301.751,0.1,7.0975,7.553,-0.1465,301.76,0.1,7.144,7.536,-0.137,301.725,0.1,
6.234,7.792999999999999,-0.024,302.095,0.1,6.2805,7.802,-0.019,302.073,0.1,6.3305,7.801,-0.017,302.042,0.1,6.382,7.791,-0.0215,302.002,0.1,6.4345,7.7795000000000005,-0.0295,301.955,0.1,6.487,7.7684999999999995,-0.040999999999999995,301.911,0.1,6.5375,7.7575,-0.051500000000000004,301.88,0.104,6.588,7.743,-0.0545,301.852,0.104,6.6485,7.727,-0.046,301.813,0.108,6.7285,7.7095,-0.0345,301.767,0.108,6.8245000000000005,7.6805,-0.0455,301.729,0.109,6.9205000000000005,7.6370000000000005,-0.0785,301.712,0.109,6.9990000000000006,7.594,-0.108,301.723,0.108,7.0535,7.5665,-0.1295,301.752,0.1,7.091,7.55,-0.14,301.772,0.1,7.129,7.5365,-0.1285,301.764,0.1,
6.2485,7.769,-0.0195,302.096,0.1,6.2905,7.779999999999999,-0.0115,302.077,0.1,6.3365,7.782500000000001,-0.0035,302.051,0.1,6.385,7.7785,-0.0035,302.018,0.1,6.4355,7.772,-0.014,301.981,0.1,6.485,7.766,-0.0305,301.948,0.1,6.532500000000001,7.76,-0.0435,301.921,0.1,6.582,7.752,-0.0445,301.89,0.1,6.64,7.743,-0.039,301.85,0.104,6.712999999999999,7.731,-0.033,301.805,0.107,6.802,7.709,-0.039,301.759,0.108,6.898,7.6705000000000005,-0.0605,301.727,0.109,6.984999999999999,7.6245,-0.0865,301.721,0.109,7.0489999999999995,7.585,-0.1095,301.738,0.108,7.0905000000000005,7.5545,-0.11499999999999999,301.761,0.1,7.125,7.536,-0.095,301.775,0.1,
6.2620000000000005,7.7575,-0.02,302.096,0.1,6.301,7.7695,-0.0095,302.078,0.1,6.345000000000001,7.775,0.004,302.053,0.1,6.3925,7.776,0.0075,302.024,0.1,6.4415,7.7725,0.0005,301.996,0.1,6.4885,7.769,-0.0135,301.975,0.1,6.5335,7.765000000000001,-0.025500000000000002,301.958,0.1,6.5815,7.7615,-0.0295,301.932,0.1,6.6355,7.756,-0.028999999999999998,301.894,0.1,6.699,7.7485,-0.0265,301.849,0.101,6.7775,7.7355,-0.0305,301.799,0.105,6.8695,7.7095,-0.045,301.755,0.108,6.961,7.67,-0.0675,301.73,0.108,7.034,7.6235,-0.087,301.731,0.106,7.0855,7.5805,-0.079,301.747,0.105,7.1259999999999994,7.551500000000001,-0.051000000000000004,301.764,0.1,
6.2715,7.7565,-0.019,302.105,0.1,6.307,7.772,-0.009,302.087,0.1,6.35,7.782,0.0025,302.063,0.1,6.398,7.787,0.006,302.033,0.1,6.448,7.7865,0.004,302.007,0.1,6.496,7.7825,-0.004,301.99,0.1,6.541,7.777,-0.0095,301.98,0.1,6.586,7.772,-0.0125,301.964,0.1,6.635,7.7669999999999995,-0.014,301.934,0.1,6.691,7.763,-0.015,301.895,0.1,6.7585,7.758,-0.0245,301.848,0.1,6.8405000000000005,7.746,-0.041499999999999995,301.801,0.1,6.9275,7.7185,-0.0605,301.764,0.108,7.0055,7.675,-0.068,301.749,0.105,7.0705,7.628,-0.0505,301.747,0.104,7.125,7.5895,-0.023,301.749,0.108,
6.2825,7.7635000000000005,-0.008,302.118,0.1,6.3115,7.7825,-0.004,302.103,0.1,6.3515,7.7995,-0.0025,302.081,0.1,6.3995,7.8095,-0.004,302.052,0.1,6.451499999999999,7.8125,-0.0055,302.023,0.1,6.502,7.808,-0.0045000000000000005,302.002,0.1,6.5485,7.7995,0.0005,301.991,0.1,6.593,7.791499999999999,0.0035,301.981,0.1,6.639,7.786,0.0045000000000000005,301.963,0.1,6.6899999999999995,7.7825,0.0,301.934,0.1,6.7485,7.7795000000000005,-0.018000000000000002,301.899,0.1,6.817,7.7735,-0.040499999999999994,301.859,0.1,6.8934999999999995,7.7565,-0.055499999999999994,301.82,0.1,6.9719999999999995,7.7245,-0.054,301.79,0.1,7.047499999999999,7.682499999999999,-0.0395,301.767,0.102,7.114,7.640499999999999,-0.024,301.749,0.104,
6.3055,7.7895,0.0215,302.123,0.1,6.3255,7.808999999999999,0.0195,302.112,0.1,6.3565000000000005,7.8305,0.008,302.099,0.1,6.3985,7.8455,-0.0035,302.074,0.1,6.448499999999999,7.8525,-0.008,302.044,0.1,6.5015,7.8505,-0.0035,302.016,0.1,6.552,7.8425,0.009000000000000001,301.999,0.1,6.599,7.8345,0.018,301.992,0.1,6.645,7.827500000000001,0.0195,301.982,0.1,6.693,7.82,0.012,301.962,0.1,6.745,7.8125,-0.0085,301.935,0.1,6.8025,7.804,-0.0305,301.905,0.1,6.869,7.7915,-0.0395,301.873,0.1,6.9445,7.77,-0.035,301.836,0.1,7.0225,7.736,-0.0305,301.798,0.1,7.093,7.695,-0.0335,301.766,0.103,
6.3265,7.85,0.0465,302.14,0.1,6.3420000000000005,7.867,0.046,302.131,0.1,6.3645,7.8870000000000005,0.0265,302.126,0.1,6.3975,7.9035,0.0085,302.107,0.1,6.4405,7.9135,-0.001,302.079,0.1,6.4915,7.9165,0.002,302.048,0.1,6.546,7.9145,0.013000000000000001,302.026,0.1,6.598000000000001,7.9079999999999995,0.0195,302.015,0.1,6.6465,7.897,0.017,302.006,0.1,6.6935,7.8815,0.009000000000000001,301.986,0.1,6.741,7.8655,-0.0075,301.961,0.103,6.791,7.852,-0.0245,301.939,0.1,6.849,7.8395,-0.028,301.917,0.1,6.9195,7.8235,-0.0195,301.883,0.1,6.9965,7.795999999999999,-0.020499999999999997,301.84,0.1,7.066000000000001,7.755,-0.036500000000000005,301.802,0.1,
6.3365,7.922,0.020999999999999998,302.192,0.1,6.3505,7.9365000000000006,0.026000000000000002,302.178,0.1,6.368,7.952999999999999,0.0125,302.169,0.1,6.393000000000001,7.9695,-0.0025,302.153,0.1,6.428000000000001,7.9830000000000005,-0.0095,302.128,0.1,6.474,7.9925,-0.0115,302.102,0.1,6.5280000000000005,7.9955,-0.014,302.083,0.1,6.5825,7.9885,-0.017,302.067,0.1,6.634,7.971500000000001,-0.02,302.047,0.1,6.6825,7.949,-0.022,302.02,0.1,6.728,7.926,-0.0305,301.994,0.1,6.773,7.907,-0.043,301.977,0.1,6.825,7.8925,-0.0435,301.965,0.1,6.8895,7.879,-0.0335,301.937,0.1,6.961,7.856,-0.0325,301.893,0.1,7.029,7.816,-0.041999999999999996,301.847,0.1,
6.351,7.9595,-0.033,302.224,0.1,6.3629999999999995,7.9719999999999995,-0.024,302.205,0.1,6.377,7.989,-0.027,302.193,0.1,6.396,8.009,-0.0335,302.182,0.1,6.4245,8.029,-0.037500000000000006,302.165,0.1,6.4645,8.044,-0.046,302.148,0.1,6.5125,8.047,-0.0605,302.131,0.1,6.564,8.0365,-0.0685,302.107,0.1,6.6155,8.0165,-0.0655,302.08,0.1,6.666,7.994,-0.0595,302.049,0.1,6.7145,7.9704999999999995,-0.0625,302.019,0.1,6.7605,7.947,-0.07250000000000001,302.002,0.102,6.8085,7.9285,-0.07300000000000001,301.994,0.1,6.8625,7.915,-0.064,301.976,0.1,6.9215,7.897,-0.054,301.938,0.1,6.984999999999999,7.868,-0.045,301.891,0.1,
6.3919999999999995,7.9575,-0.0445,302.202,0.1,6.4005,7.968500000000001,-0.032,302.194,0.1,6.4085,7.987500000000001,-0.0345,302.189,0.1,6.4195,8.010000000000002,-0.044,302.185,0.1,6.4384999999999994,8.035,-0.0555,302.182,0.1,6.4695,8.052499999999998,-0.0695,302.169,0.1,6.5105,8.056000000000001,-0.08,302.143,0.1,6.557,8.046,-0.0775,302.113,0.1,6.6065000000000005,8.0295,-0.0675,302.087,0.1,6.6575,8.0125,-0.064,302.06,0.1,6.707,7.9925,-0.07050000000000001,302.029,0.1,6.755,7.969,-0.0765,302.005,0.109,6.8025,7.9475,-0.074,301.994,0.109,6.849,7.9335,-0.066,301.987,0.102,6.8975,7.922499999999999,-0.053000000000000005,301.962,0.1,6.9535,7.91,-0.040999999999999995,301.925,0.107,
6.433,7.945,-0.0125,302.166,0.1,6.445,7.955,-0.0015,302.172,0.1,6.452500000000001,7.9705,-0.0095,302.176,0.1,6.457,7.988,-0.025500000000000002,302.178,0.1,6.4635,8.009,-0.0465,302.183,0.1,6.479,8.027,-0.0625,302.174,0.1,6.509,8.036000000000001,-0.0645,302.147,0.1,6.552,8.035499999999999,-0.0525,302.117,0.1,6.602499999999999,8.0275,-0.040499999999999994,302.092,0.1,6.653,8.016,-0.0445,302.067,0.1,6.7005,8.0,-0.056,302.037,0.109,6.7490000000000006,7.9805,-0.0605,302.008,0.11,6.7995,7.9605,-0.055,301.993,0.11,6.848000000000001,7.9465,-0.049,301.988,0.109,6.8935,7.9405,-0.0455,301.976,0.108,6.941000000000001,7.936,-0.049,301.953,0.107,
6.4719999999999995,7.94,0.0115,302.133,0.1,6.4895,7.949,0.013,302.143,0.1,6.4990000000000006,7.961,0.008,302.149,0.1,6.5015,7.974,-0.0005,302.155,0.1,6.5,7.99,-0.016,302.164,0.1,6.502,8.008,-0.033,302.165,0.1,6.5175,8.021,-0.0395,302.152,0.1,6.553,8.027,-0.034,302.128,0.1,6.602499999999999,8.024,-0.028999999999999998,302.099,0.1,6.654,8.015,-0.037,302.07,0.1,6.7015,8.001,-0.0485,302.038,0.11,6.7490000000000006,7.984,-0.0535,302.01,0.11,6.802,7.966,-0.0505,301.992,0.11,6.8555,7.952,-0.051500000000000004,301.984,0.109,6.9,7.947,-0.0605,301.976,0.107,6.935,7.943,-0.0715,301.961,0.106,
6.0395,7.996,-0.0825,302.375,0.1,6.104,7.973000000000001,-0.0695,302.326,0.1,6.1645,7.95,-0.0535,302.272,0.1,6.2165,7.929,-0.051500000000000004,302.232,0.1,6.261,7.9135,-0.0665,302.213,0.1,6.3065,7.894,-0.082,302.196,0.1,6.3629999999999995,7.866,-0.083,302.163,0.1,6.436999999999999,7.8315,-0.068,302.112,0.101,6.5280000000000005,7.7829999999999995,-0.05,302.048,0.101,6.625,7.726000000000001,-0.044,301.995,0.101,6.714,7.68,-0.06,301.975,0.101,6.7865,7.657,-0.091,301.981,0.101,6.8454999999999995,7.6445,-0.11599999999999999,301.989,0.1,6.902,7.628500000000001,-0.1255,301.973,0.1,6.962,7.6005,-0.11599999999999999,301.934,0.1,7.026,7.5585,-0.088,301.885,0.1,
6.019,7.987500000000001,-0.0785,302.418,0.1,6.085,7.9675,-0.067,302.371,0.1,6.1515,7.9435,-0.05,302.314,0.1,6.2105,7.92,-0.0435,302.262,0.1,6.257,7.898,-0.056,302.231,0.1,6.297499999999999,7.875,-0.0665,302.207,0.101,6.3445,7.853,-0.065,302.179,0.101,6.407500000000001,7.8315,-0.057499999999999996,302.141,0.101,6.4915,7.798,-0.0465,302.087,0.101,6.5915,7.7490000000000006,-0.040999999999999995,302.031,0.101,6.689,7.702500000000001,-0.0605,302.002,0.101,6.766,7.673,-0.098,302.006,0.101,6.822,7.659,-0.126,302.02,0.1,6.871,7.652,-0.1325,302.017,0.1,6.9265,7.6375,-0.125,301.989,0.1,6.991,7.6045,-0.10500000000000001,301.933,0.1,
6.0065,7.966,-0.062,302.449,0.1,6.0675,7.9535,-0.0545,302.409,0.1,6.134,7.934,-0.044,302.358,0.1,6.1975,7.91,-0.044,302.304,0.1,6.25,7.883,-0.051000000000000004,302.256,0.1,6.2940000000000005,7.8585,-0.054,302.218,0.101,6.338,7.8425,-0.0545,302.189,0.101,6.391,7.8294999999999995,-0.0555,302.163,0.101,6.4645,7.8075,-0.049,302.118,0.101,6.5605,7.77,-0.04,302.063,0.101,6.6625,7.727,-0.0615,302.032,0.101,6.746499999999999,7.6905,-0.10250000000000001,302.032,0.101,6.803,7.6705000000000005,-0.132,302.048,0.1,6.8454999999999995,7.666,-0.14200000000000002,302.063,0.1,6.8919999999999995,7.6605,-0.1405,302.051,0.1,6.95,7.6385000000000005,-0.1285,301.998,0.1,
6.0055,7.936,-0.0395,302.467,0.1,6.058,7.932,-0.035500000000000004,302.437,0.1,6.1185,7.9185,-0.0335,302.397,0.1,6.181,7.8965,-0.04,302.347,0.1,6.2395,7.871,-0.045,302.289,0.1,6.291,7.85,-0.0495,302.239,0.101,6.336,7.838,-0.0555,302.208,0.101,6.382,7.8285,-0.0605,302.185,0.101,6.445,7.814,-0.053000000000000005,302.145,0.101,6.5335,7.7895,-0.041499999999999995,302.094,0.101,6.6355,7.753500000000001,-0.0605,302.062,0.101,6.726,7.7125,-0.1015,302.054,0.101,6.789,7.683,-0.1325,302.071,0.101,6.83,7.670999999999999,-0.147,302.098,0.1,6.867,7.6645,-0.153,302.101,0.1,6.9145,7.6495,-0.14300000000000002,302.062,0.1,
6.0165,7.9055,-0.0245,302.476,0.1,6.06,7.9075,-0.0205,302.451,0.1,6.1114999999999995,7.899,-0.019,302.418,0.1,6.1690000000000005,7.882,-0.0245,302.377,0.1,6.229,7.8635,-0.0335,302.326,0.1,6.285,7.848,-0.0455,302.278,0.1,6.332,7.838,-0.056499999999999995,302.243,0.1,6.3759999999999994,7.8295,-0.0595,302.214,0.1,6.432,7.8205,-0.052000000000000005,302.174,0.101,6.511,7.807,-0.043,302.126,0.101,6.6085,7.7805,-0.056999999999999995,302.089,0.101,6.704000000000001,7.7405,-0.0915,302.073,0.101,6.7780000000000005,7.702500000000001,-0.12,302.085,0.101,6.8260000000000005,7.6775,-0.1385,302.109,0.1,6.8585,7.66,-0.146,302.121,0.1,6.894500000000001,7.6445,-0.1335,302.105,0.1,
6.0355,7.882,-0.0205,302.478,0.1,6.0705,7.885999999999999,-0.013000000000000001,302.454,0.1,6.1145,7.882,-0.006,302.425,0.1,6.1665,7.872,-0.006999999999999999,302.393,0.1,6.2225,7.859999999999999,-0.018000000000000002,302.355,0.1,6.277,7.8495,-0.035,302.32,0.1,6.3255,7.8405000000000005,-0.048,302.288,0.1,6.371,7.833500000000001,-0.0495,302.254,0.1,6.423,7.827999999999999,-0.045,302.212,0.1,6.4915,7.822,-0.040499999999999994,302.166,0.101,6.579,7.807,-0.049,302.122,0.101,6.6754999999999995,7.7755,-0.07300000000000001,302.095,0.101,6.761,7.7355,-0.0995,302.093,0.101,6.8205,7.698,-0.12,302.107,0.101,6.857,7.665,-0.1225,302.121,0.1,6.8885000000000005,7.6415,-0.1015,302.123,0.1,
6.0535,7.872,-0.022,302.48,0.1,6.0845,7.8765,-0.012,302.456,0.1,6.1240000000000006,7.8765,0.0,302.428,0.1,6.1715,7.872,0.003,302.399,0.1,6.2235,7.864,-0.0045000000000000005,302.371,0.1,6.2745,7.856,-0.018500000000000003,302.348,0.1,6.322,7.8465,-0.0305,302.327,0.1,6.368,7.84,-0.0345,302.296,0.1,6.4165,7.8355,-0.0345,302.257,0.1,6.475,7.835,-0.033,302.212,0.1,6.5515,7.8315,-0.039,302.165,0.1,6.6434999999999995,7.814,-0.056499999999999995,302.126,0.101,6.7330000000000005,7.7805,-0.08049999999999999,302.108,0.101,6.802,7.7364999999999995,-0.0985,302.11,0.101,6.85,7.692,-0.0885,302.118,0.101,6.8885000000000005,7.6585,-0.059,302.124,0.1,
6.0649999999999995,7.875500000000001,-0.0215,302.491,0.1,6.093999999999999,7.8825,-0.0125,302.469,0.1,6.132,7.8865,-0.0025,302.44,0.1,6.1775,7.8855,0.0005,302.409,0.1,6.2275,7.8795,-0.0025,302.383,0.1,6.277,7.871,-0.01,302.365,0.1,6.324,7.859999999999999,-0.015,302.35,0.1,6.3695,7.852,-0.018000000000000002,302.329,0.1,6.415,7.846500000000001,-0.0195,302.298,0.1,6.4655000000000005,7.8475,-0.020999999999999998,302.259,0.1,6.53,7.851,-0.031,302.216,0.1,6.609999999999999,7.846,-0.0505,302.173,0.1,6.6935,7.824,-0.07150000000000001,302.142,0.101,6.7675,7.7844999999999995,-0.0795,302.13,0.101,6.830500000000001,7.7395,-0.0615,302.127,0.1,6.886,7.7,-0.033,302.123,0.101,
6.075,7.8895,-0.010499999999999999,302.506,0.1,6.1,7.9,-0.008,302.489,0.1,6.135,7.9085,-0.0075,302.463,0.1,6.1795,7.911,-0.0105,302.43,0.1,6.228999999999999,7.906499999999999,-0.0125,302.399,0.1,6.278499999999999,7.8975,-0.012,302.377,0.1,6.326499999999999,7.8855,-0.006999999999999999,302.363,0.1,6.3725,7.8765,-0.0035,302.35,0.1,6.417999999999999,7.87,-0.0025,302.33,0.1,6.465,7.8675,-0.006500000000000001,302.302,0.1,6.5175,7.869,-0.024,302.268,0.1,6.580500000000001,7.868,-0.0475,302.229,0.1,6.652,7.8555,-0.064,302.194,0.1,6.727,7.8285,-0.064,302.168,0.1,6.802,7.792,-0.0505,302.15,0.1,6.872,7.753,-0.0345,302.132,0.1,
6.093500000000001,7.923,0.017,302.513,0.1,6.112,7.935,0.014,302.502,0.1,6.140000000000001,7.9465,0.0015,302.485,0.1,6.179,7.952,-0.0105,302.456,0.1,6.226,7.9505,-0.0165,302.422,0.1,6.2765,7.943,-0.013,302.392,0.1,6.326499999999999,7.933,-0.001,302.373,0.1,6.375,7.925,0.0075,302.364,0.1,6.422499999999999,7.9165,0.01,302.354,0.1,6.4685,7.907500000000001,0.0035,302.333,0.1,6.513999999999999,7.8995,-0.0155,302.305,0.1,6.564,7.8934999999999995,-0.038000000000000006,302.273,0.1,6.6245,7.8855,-0.048,302.241,0.1,6.696,7.8695,-0.045,302.209,0.1,6.773,7.8420000000000005,-0.041499999999999995,302.179,0.1,6.846,7.8065,-0.0445,302.153,0.1,
6.1080000000000005,7.9885,0.03949999999999999,302.528,0.1,6.122,7.999499999999999,0.038000000000000006,302.522,0.1,6.143,8.0105,0.019,302.515,0.1,6.1739999999999995,8.017,0.0,302.492,0.1,6.215,8.018,-0.011,302.46,0.1,6.2635000000000005,8.0145,-0.01,302.428,0.1,6.316,8.0095,-0.0005,302.404,0.1,6.3685,8.002,0.006,302.393,0.1,6.4190000000000005,7.989000000000001,0.0055,302.382,0.1,6.4665,7.9704999999999995,-0.001,302.36,0.1,6.5095,7.951499999999999,-0.017,302.333,0.1,6.552,7.939,-0.0335,302.309,0.1,6.6035,7.930999999999999,-0.037500000000000006,302.286,0.1,6.6690000000000005,7.92,-0.030000000000000002,302.255,0.1,6.7425,7.897,-0.0315,302.218,0.1,6.8115000000000006,7.861000000000001,-0.0475,302.187,0.1,
6.1065000000000005,8.061499999999999,0.015,302.578,0.1,6.119,8.0715,0.02,302.568,0.1,6.136,8.082,0.006,302.56,0.1,6.1605,8.09,-0.0095,302.542,0.1,6.195,8.0945,-0.0185,302.514,0.1,6.239,8.096,-0.0225,302.486,0.1,6.2895,8.094,-0.026000000000000002,302.466,0.1,6.343500000000001,8.0835,-0.029,302.448,0.1,6.397,8.064,-0.0305,302.427,0.1,6.447,8.038499999999999,-0.0315,302.399,0.1,6.491,8.013,-0.0395,302.37,0.1,6.531000000000001,7.995,-0.051500000000000004,302.352,0.1,6.577500000000001,7.983499999999999,-0.052500000000000005,302.339,0.1,6.6375,7.9725,-0.043,302.311,0.1,6.705500000000001,7.951,-0.041999999999999996,302.27,0.1,6.7705,7.914,-0.051500000000000004,302.229,0.1,
6.1165,8.096,-0.035,302.606,0.1,6.126,8.1055,-0.026000000000000002,302.592,0.1,6.138,8.1195,-0.028999999999999998,302.584,0.1,6.156499999999999,8.134,-0.036500000000000005,302.574,0.1,6.1850000000000005,8.1465,-0.042499999999999996,302.555,0.1,6.2235,8.1525,-0.052500000000000005,302.535,0.1,6.2695,8.1475,-0.0675,302.516,0.1,6.32,8.131499999999999,-0.0755,302.491,0.1,6.372,8.1085,-0.07300000000000001,302.463,0.1,6.4239999999999995,8.0845,-0.067,302.431,0.1,6.4725,8.0595,-0.0695,302.401,0.1,6.515499999999999,8.0365,-0.079,302.384,0.1,6.5595,8.0195,-0.0795,302.375,0.1,6.6105,8.005500000000001,-0.07050000000000001,302.355,0.1,6.667,7.9864999999999995,-0.0605,302.316,0.1,6.726,7.9575,-0.053500000000000006,302.27,0.1,
6.1594999999999995,8.089,-0.045,302.579,0.1,6.165,8.0975,-0.0325,302.573,0.1,6.169499999999999,8.1145,-0.035,302.574,0.1,6.1775,8.1345,-0.044,302.575,0.1,6.195,8.1545,-0.056,302.573,0.1,6.226,8.164,-0.07050000000000001,302.558,0.1,6.2675,8.158000000000001,-0.082,302.53,0.1,6.314,8.1415,-0.082,302.498,0.1,6.3629999999999995,8.1215,-0.074,302.472,0.1,6.414,8.1035,-0.07,302.446,0.1,6.4645,8.0825,-0.076,302.416,0.1,6.5115,8.0585,-0.082,302.393,0.101,6.5555,8.036999999999999,-0.08,302.381,0.101,6.599,8.0205,-0.07200000000000001,302.37,0.1,6.645,8.0065,-0.059,302.342,0.1,6.696,7.991,-0.049,302.303,0.101,
6.205,8.072500000000002,-0.013999999999999999,302.54,0.1,6.2135,8.0775,-0.0025,302.546,0.1,6.216,8.09,-0.009,302.553,0.1,6.2155000000000005,8.1055,-0.024,302.562,0.1,6.218999999999999,8.124,-0.0435,302.57,0.1,6.234999999999999,8.1365,-0.0595,302.561,0.1,6.2665,8.1385,-0.064,302.533,0.1,6.31,8.131,-0.055,302.503,0.1,6.359999999999999,8.119,-0.0455,302.479,0.1,6.411,8.1055,-0.0495,302.456,0.1,6.4595,8.088000000000001,-0.06,302.427,0.101,6.507,8.066500000000001,-0.065,302.4,0.101,6.554,8.045,-0.0605,302.385,0.101,6.5985,8.029,-0.055,302.377,0.101,6.641,8.019,-0.0505,302.36,0.101,6.6835,8.0095,-0.0535,302.333,0.101,
6.2455,8.066,0.0085,302.507,0.1,6.26,8.068,0.013,302.514,0.1,6.2665,8.076,0.009999999999999998,302.52,0.1,6.265,8.086,0.003,302.531,0.1,6.259,8.101,-0.012,302.543,0.1,6.259,8.115,-0.028,302.547,0.1,6.275499999999999,8.123,-0.036000000000000004,302.535,0.1,6.3125,8.122,-0.0335,302.513,0.1,6.362500000000001,8.115,-0.0305,302.487,0.1,6.4135,8.103,-0.0385,302.459,0.1,6.4605,8.087,-0.05,302.429,0.101,6.5075,8.067,-0.055,302.402,0.101,6.5575,8.047,-0.0535,302.385,0.101,6.6065000000000005,8.032,-0.0545,302.377,0.101,6.6475,8.023,-0.0615,302.366,0.101,6.68,8.013,-0.07050000000000001,302.347,0.101,
5.808,8.117,-0.088,302.74,0.1,5.8740000000000006,8.0915,-0.0745,302.688,0.1,5.936,8.064499999999999,-0.059,302.631,0.1,5.9864999999999995,8.0415,-0.056499999999999995,302.588,0.1,6.026,8.026499999999999,-0.07100000000000001,302.567,0.1,6.0655,8.01,-0.08549999999999999,302.549,0.1,6.1195,7.984500000000001,-0.087,302.512,0.1,6.1975,7.948,-0.0745,302.455,0.1,6.297000000000001,7.895,-0.059,302.386,0.1,6.4015,7.8365,-0.056,302.332,0.1,6.491,7.793,-0.07300000000000001,302.311,0.1,6.5575,7.7745,-0.10250000000000001,302.315,0.1,6.609,7.766,-0.125,302.32,0.1,6.66,7.7535,-0.1335,302.302,0.1,6.7170000000000005,7.7295,-0.1245,302.261,0.1,6.7795000000000005,7.691,-0.097,302.213,0.1,
5.784000000000001,8.1095,-0.0825,302.786,0.1,5.8525,8.087,-0.07150000000000001,302.737,0.1,5.9215,8.059,-0.055,302.677,0.1,5.981,8.030999999999999,-0.0485,302.621,0.1,6.025,8.006499999999999,-0.0595,302.586,0.1,6.0595,7.984,-0.0695,302.56,0.1,6.1,7.9655000000000005,-0.069,302.529,0.1,6.162,7.946,-0.063,302.488,0.1,6.252000000000001,7.9105,-0.054000000000000006,302.43,0.1,6.36,7.8605,-0.0525,302.372,0.1,6.4605,7.8155,-0.07400000000000001,302.344,0.1,6.5335,7.7885,-0.1105,302.346,0.1,6.5815,7.7775,-0.1355,302.354,0.1,6.6235,7.7735,-0.1405,302.348,0.1,6.6765,7.763,-0.1325,302.319,0.1,6.742,7.733499999999999,-0.1125,302.264,0.1,
5.769,8.091000000000001,-0.0645,302.818,0.1,5.8315,8.0745,-0.057999999999999996,302.777,0.1,5.901,8.049499999999998,-0.0485,302.725,0.1,5.9675,8.0195,-0.0485,302.666,0.1,6.0205,7.987,-0.055,302.613,0.1,6.0600000000000005,7.961,-0.057999999999999996,302.571,0.1,6.0954999999999995,7.9485,-0.059,302.541,0.1,6.1434999999999995,7.9415,-0.0605,302.514,0.1,6.2195,7.9205000000000005,-0.055499999999999994,302.467,0.1,6.322,7.8825,-0.051000000000000004,302.411,0.1,6.427,7.8395,-0.07550000000000001,302.379,0.1,6.5075,7.8035,-0.11549999999999999,302.377,0.1,6.5565,7.786,-0.14200000000000002,302.388,0.1,6.5915,7.785,-0.15,302.397,0.1,6.6345,7.7835,-0.1465,302.383,0.1,6.6935,7.7635,-0.134,302.331,0.1,
5.7675,8.065000000000001,-0.0405,302.838,0.1,5.819,8.055,-0.038,302.806,0.1,5.8815,8.0345,-0.037000000000000005,302.764,0.1,5.948,8.006,-0.044,302.711,0.1,6.01,7.9735,-0.049,302.649,0.1,6.0600000000000005,7.9495000000000005,-0.054,302.594,0.1,6.0975,7.939500000000001,-0.06,302.562,0.1,6.136,7.9365000000000006,-0.0645,302.539,0.1,6.1965,7.9254999999999995,-0.058499999999999996,302.498,0.1,6.2875,7.9015,-0.051500000000000004,302.447,0.1,6.3915,7.864000000000001,-0.07450000000000001,302.414,0.1,6.4795,7.8235,-0.11499999999999999,302.404,0.1,6.5365,7.797000000000001,-0.14300000000000002,302.417,0.1,6.5715,7.7885,-0.155,302.439,0.1,6.6045,7.7844999999999995,-0.158,302.436,0.1,6.6515,7.77,-0.1475,302.394,0.1,
5.779,8.036999999999999,-0.0245,302.847,0.1,5.818,8.032,-0.0215,302.82,0.1,5.8695,8.0165,-0.022,302.786,0.1,5.931,7.9935,-0.028499999999999998,302.743,0.1,5.996,7.968,-0.0385,302.689,0.1,6.053,7.948,-0.051000000000000004,302.637,0.1,6.096,7.938000000000001,-0.061,302.6,0.1,6.1335,7.933,-0.0635,302.57,0.1,6.1835,7.928,-0.056999999999999995,302.53,0.1,6.2595,7.916,-0.051500000000000004,302.482,0.1,6.356,7.889,-0.0695,302.445,0.1,6.45,7.8515,-0.10500000000000001,302.43,0.1,6.5205,7.817500000000001,-0.132,302.441,0.1,6.564,7.794499999999999,-0.1475,302.46,0.1,6.593500000000001,7.777,-0.152,302.463,0.1,6.628500000000001,7.76,-0.1385,302.439,0.1,
5.8004999999999995,8.0145,-0.021,302.85,0.1,5.8295,8.0125,-0.014499999999999999,302.823,0.1,5.871,8.001999999999999,-0.0085,302.793,0.1,5.9245,7.9865,-0.011,302.76,0.1,5.9845,7.968999999999999,-0.023,302.721,0.1,6.042,7.952500000000001,-0.039999999999999994,302.683,0.1,6.09,7.9415,-0.052500000000000005,302.647,0.1,6.13,7.933,-0.054,302.611,0.1,6.1739999999999995,7.9305,-0.05,302.569,0.1,6.236,7.928,-0.0475,302.523,0.1,6.321,7.9155,-0.059,302.481,0.1,6.416,7.888,-0.086,302.459,0.1,6.4985,7.852,-0.11199999999999999,302.459,0.1,6.555,7.8149999999999995,-0.13,302.469,0.1,6.589499999999999,7.7805,-0.129,302.473,0.1,6.619999999999999,7.7535,-0.108,302.464,0.1,
5.8235,8.006499999999999,-0.0235,302.854,0.1,5.8469999999999995,8.005500000000001,-0.013999999999999999,302.827,0.1,5.8815,7.9995,-0.0035,302.796,0.1,5.928,7.9895,-0.0015,302.767,0.1,5.981999999999999,7.977,-0.01,302.739,0.1,6.036,7.9625,-0.024,302.714,0.1,6.0845,7.9495000000000005,-0.036000000000000004,302.688,0.1,6.127000000000001,7.9384999999999994,-0.0395,302.654,0.1,6.1685,7.936,-0.039,302.614,0.1,6.2195,7.939500000000001,-0.0385,302.571,0.1,6.291499999999999,7.941000000000001,-0.047,302.527,0.1,6.3805,7.9275,-0.0675,302.495,0.1,6.4655,7.896,-0.093,302.481,0.1,6.5305,7.8525,-0.109,302.481,0.1,6.577,7.807,-0.0975,302.482,0.1,6.6165,7.77,-0.0675,302.475,0.1,
5.838,8.0135,-0.024,302.868,0.1,5.86,8.0145,-0.0155,302.842,0.1,5.8919999999999995,8.0125,-0.006999999999999999,302.81,0.1,5.9345,8.004999999999999,-0.005,302.779,0.1,5.9835,7.994,-0.009000000000000001,302.752,0.1,6.0335,7.98,-0.0165,302.732,0.1,6.082,7.965,-0.0215,302.713,0.1,6.1274999999999995,7.952999999999999,-0.024,302.688,0.1,6.1690000000000005,7.949,-0.0245,302.657,0.1,6.213,7.953,-0.026000000000000002,302.62,0.1,6.2705,7.961,-0.037000000000000005,302.58,0.1,6.344,7.9585,-0.059,302.542,0.1,6.421,7.9365,-0.08149999999999999,302.516,0.1,6.4895,7.898,-0.0895,302.506,0.1,6.551,7.854,-0.07200000000000001,302.499,0.1,6.609,7.8134999999999994,-0.0435,302.488,0.1,
5.8475,8.032499999999999,-0.013000000000000001,302.886,0.1,5.8685,8.036999999999999,-0.0115,302.866,0.1,5.8985,8.038499999999999,-0.0125,302.836,0.1,5.938000000000001,8.033000000000001,-0.017,302.801,0.1,5.984,8.0225,-0.0195,302.769,0.1,6.032500000000001,8.0085,-0.02,302.745,0.1,6.081,7.9935,-0.015,302.728,0.1,6.128500000000001,7.9830000000000005,-0.011,302.712,0.1,6.173500000000001,7.977,-0.0095,302.692,0.1,6.2155000000000005,7.9755,-0.013000000000000001,302.665,0.1,6.26,7.978,-0.0295,302.632,0.1,6.314,7.9775,-0.054,302.595,0.1,6.377000000000001,7.9655000000000005,-0.07200000000000001,302.563,0.1,6.445,7.9399999999999995,-0.07350000000000001,302.542,0.1,6.517,7.906000000000001,-0.061,302.527,0.1,6.5895,7.8685,-0.045,302.508,0.1,
5.8629999999999995,8.0725,0.0125,302.894,0.1,5.8795,8.078,0.0085,302.883,0.1,5.9045000000000005,8.082,-0.0045000000000000005,302.863,0.1,5.9395,8.0785,-0.0175,302.83,0.1,5.981999999999999,8.0695,-0.025500000000000002,302.793,0.1,6.0295000000000005,8.056999999999999,-0.023,302.763,0.1,6.079000000000001,8.0455,-0.0115,302.741,0.1,6.129,8.036999999999999,-0.003,302.731,0.1,6.1775,8.028,0.0,302.719,0.1,6.221,8.0165,-0.004999999999999999,302.697,0.1,6.259,8.007,-0.0225,302.669,0.1,6.2995,8.0015,-0.045,302.637,0.1,6.351,7.995,-0.055999999999999994,302.606,0.1,6.4145,7.9805,-0.0545,302.579,0.1,6.4864999999999995,7.9559999999999995,-0.052000000000000005,302.556,0.1,6.5585,7.922000000000001,-0.0545,302.533,0.1,
5.872,8.142,0.033,302.91,0.1,5.885,8.1475,0.031,302.905,0.1,5.9035,8.151499999999999,0.0115,302.896,0.1,5.932,8.149000000000001,-0.008,302.869,0.1,5.97,8.142,-0.0205,302.835,0.1,6.015499999999999,8.133,-0.0215,302.8,0.1,6.0655,8.126000000000001,-0.0135,302.776,0.1,6.1175,8.117,-0.006999999999999999,302.764,0.1,6.1695,8.102,-0.006,302.751,0.1,6.2165,8.0805,-0.011,302.728,0.1,6.255000000000001,8.059,-0.026,302.699,0.1,6.29,8.047,-0.041999999999999996,302.674,0.1,6.3335,8.0415,-0.0465,302.651,0.1,6.391,8.031,-0.04,302.623,0.1,6.4565,8.009,-0.041999999999999996,302.592,0.1,6.52,7.974,-0.056999999999999995,302.566,0.1,
5.861,8.2145,0.0095,302.957,0.1,5.8725,8.221,0.014,302.95,0.1,5.888999999999999,8.225999999999999,0.0,302.943,0.1,5.9135,8.2275,-0.016,302.923,0.1,5.947,8.224499999999999,-0.027,302.891,0.1,5.9879999999999995,8.219000000000001,-0.0335,302.862,0.1,6.035,8.212,-0.0375,302.841,0.1,6.087,8.1985,-0.0405,302.823,0.1,6.141,8.1765,-0.041499999999999995,302.8,0.1,6.1915,8.1495,-0.040999999999999995,302.771,0.1,6.2330000000000005,8.122,-0.0485,302.742,0.1,6.2684999999999995,8.104,-0.06,302.722,0.1,6.308999999999999,8.094999999999999,-0.061,302.708,0.1,6.3614999999999995,8.083,-0.052500000000000005,302.681,0.1,6.4215,8.059000000000001,-0.051000000000000004,302.643,0.1,6.4795,8.022,-0.06,302.606,0.1,
5.867,8.245999999999999,-0.037,302.981,0.1,5.8740000000000006,8.2535,-0.028,302.972,0.1,5.8855,8.2645,-0.0315,302.967,0.1,5.9045000000000005,8.275500000000001,-0.04,302.957,0.1,5.9325,8.2815,-0.047,302.937,0.1,5.9695,8.279,-0.059,302.914,0.1,6.013,8.2665,-0.0745,302.893,0.1,6.061,8.2455,-0.08299999999999999,302.867,0.1,6.112500000000001,8.2205,-0.081,302.838,0.1,6.165,8.1955,-0.075,302.807,0.1,6.2125,8.17,-0.077,302.778,0.1,6.2524999999999995,8.147,-0.08549999999999999,302.761,0.1,6.292,8.1305,-0.0865,302.75,0.1,6.3375,8.1145,-0.0775,302.728,0.1,6.388,8.091000000000001,-0.067,302.689,0.1,6.4395,8.06,-0.0615,302.644,0.1,
5.91,8.2345,-0.0455,302.95,0.1,5.9125,8.2415,-0.0335,302.948,0.1,5.9145,8.257,-0.035,302.953,0.1,5.9215,8.275500000000001,-0.044,302.959,0.1,5.939,8.291,-0.056,302.956,0.1,5.97,8.293,-0.072,302.939,0.1,6.011,8.278500000000001,-0.08449999999999999,302.908,0.1,6.0565,8.2555,-0.0865,302.876,0.1,6.105,8.233,-0.08,302.849,0.1,6.1555,8.2135,-0.0765,302.825,0.1,6.2044999999999995,8.192499999999999,-0.082,302.797,0.1,6.249,8.1675,-0.0875,302.775,0.1,6.2895,8.145,-0.086,302.762,0.1,6.329000000000001,8.1265,-0.078,302.747,0.1,6.37,8.107500000000002,-0.065,302.716,0.1,6.413,8.0875,-0.056499999999999995,302.677,0.1,
5.957,8.2135,-0.0155,302.909,0.1,5.9625,8.215,-0.003,302.914,0.1,5.962,8.225,-0.0085,302.926,0.1,5.9595,8.2395,-0.0215,302.94,0.1,5.962,8.256,-0.04,302.95,0.1,5.9785,8.264,-0.0565,302.941,0.1,6.010999999999999,8.258500000000002,-0.0635,302.912,0.1,6.055,8.245000000000001,-0.057499999999999996,302.881,0.1,6.103999999999999,8.229,-0.0505,302.858,0.1,6.153499999999999,8.213000000000001,-0.0545,302.838,0.1,6.2005,8.1935,-0.064,302.811,0.1,6.245,8.1695,-0.0685,302.784,0.1,6.288,8.146999999999998,-0.0655,302.769,0.1,6.3285,8.1295,-0.0605,302.759,0.1,6.367,8.115,-0.055999999999999994,302.738,0.1,6.4030000000000005,8.099,-0.058499999999999996,302.709,0.1,
5.9965,8.205,0.006,302.875,0.1,6.0095,8.202,0.013,302.88,0.1,6.014,8.206,0.012,302.887,0.1,6.0095,8.215,0.006500000000000001,302.902,0.1,6.0015,8.229,-0.007,302.918,0.1,6.002000000000001,8.24,-0.0225,302.923,0.1,6.021,8.242,-0.032,302.912,0.1,6.0595,8.236,-0.0325,302.892,0.1,6.109,8.224,-0.032,302.868,0.1,6.1585,8.209,-0.04,302.843,0.1,6.2035,8.189,-0.0515,302.814,0.1,6.2475,8.166,-0.0565,302.787,0.1,6.292999999999999,8.145,-0.056,302.77,0.1,6.3365,8.129,-0.057,302.762,0.1,6.3735,8.116,-0.0625,302.75,0.1,6.4025,8.099,-0.0695,302.726,0.1,
5.528499999999999,8.288499999999999,-0.094,303.072,0.1,5.592499999999999,8.2665,-0.08,303.021,0.1,5.654,8.241,-0.0645,302.968,0.1,5.705,8.216000000000001,-0.062,302.928,0.1,5.744,8.1975,-0.075,302.909,0.1,5.782500000000001,8.1795,-0.0885,302.889,0.1,5.8365,8.155000000000001,-0.091,302.849,0.1,5.9165,8.121,-0.081,302.79,0.1,6.0185,8.0715,-0.069,302.72,0.1,6.122,8.015,-0.0695,302.664,0.1,6.2059999999999995,7.9725,-0.0865,302.638,0.1,6.2645,7.9525,-0.11349999999999999,302.637,0.1,6.3100000000000005,7.943,-0.1335,302.637,0.1,6.3580000000000005,7.928,-0.1405,302.618,0.1,6.4145,7.8985,-0.131,302.579,0.1,6.4775,7.8535,-0.10500000000000001,302.532,0.1,
5.5065,8.281500000000001,-0.087,303.119,0.1,5.5725,8.2605,-0.0765,303.07,0.1,5.640000000000001,8.233,-0.0605,303.012,0.1,5.6985,8.2025,-0.054,302.958,0.1,5.7415,8.175,-0.063,302.926,0.1,5.776,8.1525,-0.072,302.902,0.1,5.8185,8.136500000000002,-0.0725,302.871,0.1,5.8835,8.1195,-0.0685,302.829,0.1,5.9755,8.085,-0.0625,302.77,0.1,6.0815,8.0345,-0.0655,302.71,0.1,6.176,7.9895,-0.0885,302.676,0.1,6.242,7.964499999999999,-0.1225,302.671,0.1,6.2844999999999995,7.9565,-0.14450000000000002,302.674,0.1,6.323,7.9535,-0.1475,302.665,0.1,6.373,7.938000000000001,-0.139,302.637,0.1,6.436,7.898,-0.1195,302.583,0.1,
5.493,8.2635,-0.067,303.153,0.1,5.5535,8.246,-0.062,303.111,0.1,5.62,8.2205,-0.0535,303.058,0.1,5.684,8.189,-0.053,303.0,0.1,5.7365,8.155999999999999,-0.058499999999999996,302.951,0.1,5.777,8.132,-0.062,302.913,0.1,5.8145,8.122,-0.063,302.887,0.1,5.8645,8.116,-0.065,302.86,0.1,5.942,8.092500000000001,-0.0625,302.811,0.1,6.043,8.050999999999998,-0.063,302.753,0.1,6.1435,8.008000000000001,-0.09,302.717,0.1,6.219,7.9775,-0.1285,302.708,0.1,6.263,7.9665,-0.152,302.712,0.1,6.292,7.968,-0.1575,302.717,0.1,6.329000000000001,7.962,-0.152,302.701,0.1,6.384,7.9315,-0.1385,302.649,0.1,
5.49,8.238,-0.041,303.172,0.1,5.5405,8.225999999999999,-0.0405,303.14,0.1,5.601,8.2045,-0.040999999999999995,303.097,0.1,5.666,8.176,-0.048,303.044,0.1,5.728,8.145,-0.0535,302.985,0.1,5.7780000000000005,8.1235,-0.058499999999999996,302.937,0.1,5.8155,8.115,-0.064,302.91,0.1,5.855,8.111,-0.068,302.889,0.1,5.917,8.096,-0.064,302.846,0.1,6.0075,8.067,-0.0625,302.792,0.1,6.109500000000001,8.031,-0.089,302.757,0.1,6.195,7.997,-0.1285,302.744,0.1,6.247,7.9775,-0.1535,302.749,0.1,6.274,7.971,-0.1625,302.761,0.1,6.2989999999999995,7.9625,-0.1625,302.752,0.1,6.341,7.941,-0.151,302.709,0.1,
5.499,8.2105,-0.024,303.18,0.1,5.538,8.205,-0.023,303.155,0.1,5.59,8.189499999999999,-0.025500000000000002,303.121,0.1,5.6515,8.1675,-0.033,303.078,0.1,5.716,8.1425,-0.0435,303.025,0.1,5.772,8.123000000000001,-0.056499999999999995,302.978,0.1,5.813000000000001,8.1125,-0.0655,302.946,0.1,5.849,8.1065,-0.0665,302.92,0.1,5.8995,8.099,-0.0615,302.88,0.1,5.978,8.084499999999998,-0.0605,302.832,0.1,6.0760000000000005,8.0595,-0.08249999999999999,302.795,0.1,6.167999999999999,8.025500000000001,-0.119,302.779,0.1,6.233,7.9955,-0.14400000000000002,302.781,0.1,6.2684999999999995,7.9725,-0.156,302.788,0.1,6.2905,7.952,-0.1575,302.78,0.1,6.3205,7.9325,-0.143,302.751,0.1,
5.519500000000001,8.1885,-0.021,303.182,0.1,5.5475,8.189,-0.0155,303.158,0.1,5.5895,8.181000000000001,-0.0115,303.131,0.1,5.6445,8.166,-0.0155,303.099,0.1,5.7055,8.146,-0.028499999999999998,303.06,0.1,5.7615,8.127500000000001,-0.0455,303.022,0.1,5.806,8.114,-0.056999999999999995,302.989,0.1,5.843500000000001,8.1065,-0.057499999999999996,302.957,0.1,5.888,8.105,-0.054,302.919,0.1,5.9535,8.103,-0.054,302.876,0.1,6.0415,8.090499999999999,-0.0695,302.837,0.1,6.1345,8.061499999999999,-0.0995,302.815,0.1,6.2105,8.024999999999999,-0.1245,302.809,0.1,6.2595,7.9875,-0.139,302.806,0.1,6.2885,7.952999999999999,-0.1355,302.797,0.1,6.316,7.9265,-0.114,302.779,0.1,
5.542999999999999,8.179,-0.0245,303.185,0.1,5.564,8.184000000000001,-0.016,303.162,0.1,5.5985,8.182,-0.006999999999999999,303.136,0.1,5.6455,8.1725,-0.0065,303.109,0.1,5.699999999999999,8.155999999999999,-0.016,303.081,0.1,5.7535,8.138,-0.03,303.053,0.1,5.8004999999999995,8.123000000000001,-0.041499999999999995,303.027,0.1,5.8415,8.114,-0.044,302.998,0.1,5.883,8.115,-0.043,302.964,0.1,5.9365000000000006,8.120000000000001,-0.0435,302.925,0.1,6.01,8.118,-0.05499999999999999,302.885,0.1,6.096,8.0985,-0.0785,302.854,0.1,6.175,8.0635,-0.10450000000000001,302.837,0.1,6.234500000000001,8.0215,-0.1185,302.828,0.1,6.2780000000000005,7.978999999999999,-0.106,302.816,0.1,6.316,7.943,-0.0765,302.799,0.1,
5.5615,8.183,-0.025500000000000002,303.2,0.1,5.5794999999999995,8.190999999999999,-0.018500000000000003,303.176,0.1,5.6085,8.193000000000001,-0.011,303.149,0.1,5.649,8.1875,-0.010499999999999999,303.121,0.1,5.6975,8.1745,-0.0155,303.095,0.1,5.7485,8.158,-0.023,303.074,0.1,5.798,8.1435,-0.028,303.054,0.1,5.843500000000001,8.133,-0.03,303.032,0.1,5.885,8.131499999999999,-0.0295,303.005,0.1,5.929,8.1355,-0.0305,302.973,0.1,5.986000000000001,8.138000000000002,-0.043,302.935,0.1,6.057,8.1275,-0.067,302.9,0.1,6.1295,8.1015,-0.0905,302.875,0.1,6.1935,8.065999999999999,-0.099,302.861,0.1,6.252,8.026,-0.08199999999999999,302.846,0.1,6.307499999999999,7.986,-0.054,302.823,0.1,
5.5755,8.1995,-0.0155,303.221,0.1,5.591,8.207999999999998,-0.015,303.2,0.1,5.616,8.2135,-0.017,303.172,0.1,5.6515,8.210999999999999,-0.023,303.141,0.1,5.6955,8.2025,-0.027,303.112,0.1,5.7445,8.19,-0.028,303.09,0.1,5.795999999999999,8.1775,-0.0235,303.073,0.1,5.846,8.1675,-0.0195,303.058,0.1,5.890499999999999,8.160499999999999,-0.0165,303.039,0.1,5.93,8.156500000000001,-0.018500000000000003,303.014,0.1,5.9725,8.1545,-0.0345,302.982,0.1,6.026,8.148499999999999,-0.06,302.948,0.1,6.0875,8.1335,-0.0795,302.921,0.1,6.1515,8.109,-0.08249999999999999,302.903,0.1,6.218,8.0775,-0.07050000000000001,302.884,0.1,6.285,8.04,-0.0555,302.856,0.1,
5.594,8.2375,0.008,303.234,0.1,5.606,8.244,0.0035,303.219,0.1,5.625,8.2505,-0.01,303.197,0.1,5.654999999999999,8.250499999999999,-0.0245,303.166,0.1,5.6955,8.2465,-0.034,303.134,0.1,5.7425,8.239,-0.0325,303.108,0.1,5.793,8.2305,-0.0225,303.09,0.1,5.8445,8.222000000000001,-0.0135,303.079,0.1,5.8925,8.21,-0.0095,303.066,0.1,5.933,8.196,-0.0125,303.044,0.1,5.9695,8.184000000000001,-0.028999999999999998,303.017,0.1,6.0120000000000005,8.177499999999998,-0.051000000000000004,302.988,0.1,6.0645,8.169,-0.064,302.962,0.1,6.124499999999999,8.152000000000001,-0.0635,302.941,0.1,6.1884999999999994,8.126000000000001,-0.0615,302.918,0.1,6.2524999999999995,8.0915,-0.0635,302.89,0.1,
5.601,8.3045,0.027,303.255,0.1,5.611,8.3085,0.0245,303.245,0.1,5.6259999999999994,8.313500000000001,0.0045000000000000005,303.231,0.1,5.652,8.314499999999999,-0.016,303.204,0.1,5.688000000000001,8.3125,-0.030000000000000002,303.173,0.1,5.7315000000000005,8.309000000000001,-0.0325,303.144,0.1,5.779999999999999,8.305,-0.026000000000000002,303.124,0.1,5.8309999999999995,8.2965,-0.0195,303.112,0.1,5.8815,8.2805,-0.018000000000000002,303.098,0.1,5.9265,8.2585,-0.020999999999999998,303.075,0.1,5.9645,8.2385,-0.034,303.049,0.1,6.002000000000001,8.228,-0.05,303.026,0.1,6.0475,8.2195,-0.055499999999999994,303.006,0.1,6.1025,8.204,-0.05,302.983,0.1,6.161,8.177,-0.051500000000000004,302.955,0.1,6.216,8.1405,-0.065,302.927,0.1,
5.5855,8.375,0.0045000000000000005,303.302,0.1,5.5954999999999995,8.379000000000001,0.0085,303.293,0.1,5.611000000000001,8.384,-0.0055,303.282,0.1,5.6355,8.387,-0.0225,303.259,0.1,5.668,8.386500000000002,-0.035,303.229,0.1,5.707,8.3845,-0.044,303.202,0.1,5.7509999999999994,8.379999999999999,-0.049,303.184,0.1,5.7995,8.369,-0.051500000000000004,303.167,0.1,5.8515,8.350000000000001,-0.052000000000000005,303.146,0.1,5.901,8.326,-0.051000000000000004,303.119,0.1,5.942500000000001,8.302,-0.057499999999999996,303.093,0.1,5.979,8.286000000000001,-0.068,303.075,0.1,6.021,8.2735,-0.0695,303.061,0.1,6.0735,8.255500000000001,-0.061,303.037,0.1,6.129,8.2255,-0.059,303.002,0.1,6.1795,8.186,-0.0675,302.967,0.1,
5.587,8.408,-0.039,303.326,0.1,5.593999999999999,8.413,-0.0305,303.318,0.1,5.606,8.4225,-0.034,303.311,0.1,5.6265,8.431999999999999,-0.0435,303.298,0.1,5.6555,8.437000000000001,-0.051500000000000004,303.275,0.1,5.691,8.434999999999999,-0.065,303.252,0.1,5.7315000000000005,8.4245,-0.08199999999999999,303.232,0.1,5.777,8.408000000000001,-0.091,303.209,0.1,5.8265,8.389,-0.089,303.184,0.1,5.877000000000001,8.369499999999999,-0.08299999999999999,303.156,0.1,5.922000000000001,8.347000000000001,-0.08449999999999999,303.13,0.1,5.9605,8.3255,-0.092,303.113,0.1,6.000500000000001,8.307500000000001,-0.093,303.101,0.1,6.0475,8.286999999999999,-0.08399999999999999,303.08,0.1,6.0975,8.258,-0.07350000000000001,303.044,0.1,6.1445,8.223,-0.0685,303.003,0.1,
5.628,8.3995,-0.0465,303.296,0.1,5.629,8.404,-0.034,303.295,0.1,5.6315,8.417,-0.035,303.301,0.1,5.6405,8.432500000000001,-0.044,303.304,0.1,5.66,8.443999999999999,-0.056,303.298,0.1,5.692,8.443999999999999,-0.0735,303.278,0.1,5.7330000000000005,8.4305,-0.0875,303.248,0.1,5.7775,8.4115,-0.0915,303.218,0.1,5.8235,8.395,-0.0865,303.195,0.1,5.871,8.381,-0.08349999999999999,303.174,0.1,5.916499999999999,8.3625,-0.0875,303.149,0.1,5.957,8.338999999999999,-0.0925,303.128,0.1,5.996,8.317499999999999,-0.0915,303.114,0.1,6.0375,8.298,-0.08399999999999999,303.098,0.1,6.080500000000001,8.275500000000001,-0.07100000000000001,303.069,0.1,6.1215,8.2505,-0.064,303.034,0.1,
5.6739999999999995,8.378499999999999,-0.0165,303.256,0.1,5.6765,8.3775,-0.0035,303.262,0.1,5.6745,8.385,-0.0075,303.275,0.1,5.673,8.398,-0.018500000000000003,303.289,0.1,5.679,8.410499999999999,-0.036500000000000005,303.297,0.1,5.699999999999999,8.415,-0.0535,303.284,0.1,5.736,8.408000000000001,-0.0625,303.255,0.1,5.781,8.395,-0.0605,303.225,0.1,5.8285,8.382,-0.0555,303.204,0.1,5.8740000000000006,8.369,-0.0595,303.185,0.1,5.916,8.352,-0.0675,303.16,0.1,5.955,8.3305,-0.07200000000000001,303.136,0.1,5.994,8.311499999999999,-0.07,303.121,0.1,6.035,8.2965,-0.0655,303.111,0.1,6.0755,8.281500000000001,-0.0615,303.09,0.1,6.1105,8.261,-0.0635,303.065,0.1,
5.7125,8.369,0.004,303.224,0.1,5.7225,8.363,0.013,303.228,0.1,5.724,8.365,0.013999999999999999,303.236,0.1,5.718999999999999,8.374,0.01,303.252,0.1,5.714,8.385,-0.001,303.268,0.1,5.7204999999999995,8.392,-0.017,303.271,0.1,5.7455,8.391,-0.028499999999999998,303.259,0.1,5.7875,8.383,-0.032,303.237,0.1,5.837,8.372,-0.034,303.214,0.1,5.883,8.358,-0.041999999999999996,303.19,0.1,5.923,8.341,-0.052,303.163,0.1,5.961,8.321,-0.057,303.138,0.1,6.001,8.305,-0.057999999999999996,303.123,0.1,6.042,8.293,-0.0595,303.116,0.1,6.079000000000001,8.281,-0.0635,303.103,0.1,6.1085,8.26,-0.069,303.081,0.1,
5.252000000000001,8.452,-0.0995,303.393,0.1,5.314,8.434999999999999,-0.08499999999999999,303.344,0.1,5.375,8.411,-0.0695,303.293,0.1,5.426,8.3855,-0.0675,303.256,0.1,5.465,8.367,-0.079,303.238,0.1,5.5024999999999995,8.3485,-0.091,303.217,0.1,5.556,8.326,-0.0945,303.176,0.1,5.6365,8.2945,-0.0875,303.114,0.1,5.7385,8.2475,-0.0795,303.043,0.1,5.8405000000000005,8.193999999999999,-0.08249999999999999,302.986,0.1,5.92,8.153500000000001,-0.1,302.957,0.1,5.9725,8.134,-0.1245,302.951,0.1,6.013,8.125,-0.14200000000000002,302.949,0.1,6.059,8.108,-0.1475,302.929,0.1,6.1155,8.075,-0.1375,302.89,0.1,6.1775,8.0245,-0.113,302.844,0.1,
5.2335,8.443,-0.091,303.441,0.1,5.297000000000001,8.426,-0.081,303.392,0.1,5.362,8.4,-0.0655,303.335,0.1,5.4195,8.3695,-0.059,303.284,0.1,5.4625,8.3425,-0.0665,303.255,0.1,5.497,8.321,-0.0745,303.232,0.1,5.5395,8.307500000000001,-0.0755,303.201,0.1,5.6055,8.2925,-0.074,303.157,0.1,5.698,8.258500000000002,-0.07150000000000001,303.097,0.1,5.802,8.209,-0.0785,303.036,0.1,5.891500000000001,8.166,-0.10250000000000001,302.998,0.1,5.9510000000000005,8.1435,-0.134,302.988,0.1,5.989,8.14,-0.153,302.988,0.1,6.0245,8.1375,-0.1545,302.978,0.1,6.0725,8.118500000000001,-0.145,302.949,0.1,6.135,8.0705,-0.126,302.897,0.1,
5.221,8.4245,-0.0695,303.475,0.1,5.2795000000000005,8.4085,-0.066,303.433,0.1,5.343999999999999,8.384,-0.058499999999999996,303.379,0.1,5.406499999999999,8.3545,-0.057499999999999996,303.323,0.1,5.4585,8.3235,-0.062,303.278,0.1,5.4990000000000006,8.302,-0.0655,303.245,0.1,5.537000000000001,8.2945,-0.067,303.221,0.1,5.588,8.288499999999999,-0.0695,303.193,0.1,5.6655,8.263,-0.0695,303.142,0.1,5.765,8.220500000000001,-0.07550000000000001,303.081,0.1,5.8614999999999995,8.1795,-0.10450000000000001,303.043,0.1,5.9315,8.155000000000001,-0.14100000000000001,303.029,0.1,5.9704999999999995,8.15,-0.1615,303.029,0.1,5.9945,8.154,-0.164,303.03,0.1,6.027,8.1445,-0.157,303.013,0.1,6.08,8.107,-0.1435,302.961,0.1,
5.2175,8.3995,-0.0415,303.494,0.1,5.268000000000001,8.3875,-0.043,303.461,0.1,5.327,8.367,-0.0455,303.418,0.1,5.390499999999999,8.3415,-0.052500000000000005,303.365,0.1,5.4515,8.313500000000001,-0.058499999999999996,303.31,0.1,5.500500000000001,8.2945,-0.0635,303.268,0.1,5.5375,8.2875,-0.068,303.245,0.1,5.577500000000001,8.282499999999999,-0.07150000000000001,303.224,0.1,5.640499999999999,8.265,-0.07,303.179,0.1,5.731,8.234000000000002,-0.07350000000000001,303.124,0.1,5.8309999999999995,8.1995,-0.10350000000000001,303.087,0.1,5.9125,8.173,-0.14200000000000002,303.071,0.1,5.958,8.158999999999999,-0.164,303.07,0.1,5.9775,8.155,-0.16949999999999998,303.076,0.1,5.997,8.145,-0.167,303.063,0.1,6.036,8.119,-0.1545,303.02,0.1,
5.2245,8.3735,-0.024,303.502,0.1,5.2645,8.368500000000001,-0.025,303.478,0.1,5.317,8.3545,-0.028999999999999998,303.444,0.1,5.3785,8.334,-0.038000000000000006,303.4,0.1,5.442,8.311499999999999,-0.049,303.35,0.1,5.496,8.293,-0.0615,303.307,0.1,5.5344999999999995,8.2835,-0.0695,303.279,0.1,5.569,8.277000000000001,-0.0695,303.255,0.1,5.621,8.2685,-0.0665,303.215,0.1,5.701499999999999,8.253,-0.0695,303.166,0.1,5.8,8.229,-0.096,303.131,0.1,5.888999999999999,8.2,-0.1325,303.113,0.1,5.9465,8.173,-0.155,303.109,0.1,5.974,8.1525,-0.1635,303.106,0.1,5.99,8.132,-0.162,303.091,0.1,6.0169999999999995,8.111,-0.1475,303.06,0.1,
5.2425,8.3525,-0.0205,303.504,0.1,5.272,8.356,-0.017,303.483,0.1,5.3165,8.349499999999999,-0.015,303.457,0.1,5.3725,8.3345,-0.020499999999999997,303.425,0.1,5.4335,8.315,-0.034,303.385,0.1,5.487500000000001,8.2955,-0.051000000000000004,303.348,0.1,5.5285,8.282499999999999,-0.061,303.318,0.1,5.5635,8.2765,-0.0605,303.29,0.1,5.6085,8.2765,-0.057999999999999996,303.254,0.1,5.677,8.275500000000001,-0.061,303.214,0.1,5.766,8.2625,-0.08049999999999999,303.177,0.1,5.856,8.2335,-0.11249999999999999,303.155,0.1,5.925,8.197,-0.1365,303.143,0.1,5.9665,8.162500000000001,-0.147,303.131,0.1,5.991,8.129999999999999,-0.14200000000000002,303.113,0.1,6.016,8.1045,-0.1205,303.088,0.1,
5.2669999999999995,8.3425,-0.025,303.507,0.1,5.287,8.353,-0.0175,303.487,0.1,5.323,8.353,-0.010499999999999999,303.465,0.1,5.3725000000000005,8.343,-0.012,303.439,0.1,5.428000000000001,8.3255,-0.022,303.409,0.1,5.48,8.306000000000001,-0.036500000000000005,303.379,0.1,5.523999999999999,8.2905,-0.0465,303.353,0.1,5.5625,8.285,-0.0485,303.327,0.1,5.6035,8.2895,-0.047,303.298,0.1,5.6585,8.296,-0.0485,303.263,0.1,5.7330000000000005,8.291,-0.063,303.226,0.1,5.8165,8.267,-0.0895,303.197,0.1,5.8895,8.231,-0.11499999999999999,303.177,0.1,5.942500000000001,8.192,-0.127,303.161,0.1,5.982,8.154,-0.11399999999999999,303.14,0.1,6.0175,8.1205,-0.08549999999999999,303.114,0.1,
5.288,8.344999999999999,-0.027,303.522,0.1,5.303,8.3585,-0.020999999999999998,303.501,0.1,5.3315,8.363499999999998,-0.015,303.477,0.1,5.3725000000000005,8.358,-0.016,303.451,0.1,5.422000000000001,8.344999999999999,-0.0225,303.425,0.1,5.4735,8.328,-0.03,303.402,0.1,5.523,8.313500000000001,-0.035,303.382,0.1,5.5675,8.306000000000001,-0.036000000000000004,303.361,0.1,5.6075,8.307,-0.0345,303.338,0.1,5.651,8.311499999999999,-0.035,303.309,0.1,5.7075,8.31,-0.0485,303.273,0.1,5.7765,8.2945,-0.0745,303.24,0.1,5.8445,8.267,-0.0995,303.218,0.1,5.9030000000000005,8.2345,-0.1075,303.201,0.1,5.9565,8.1995,-0.091,303.179,0.1,6.0085,8.161999999999999,-0.064,303.148,0.1,
5.3055,8.359,-0.018000000000000002,303.545,0.1,5.317,8.371500000000001,-0.018000000000000002,303.523,0.1,5.339,8.3795,-0.020999999999999998,303.497,0.1,5.3735,8.3795,-0.028499999999999998,303.469,0.1,5.418,8.373,-0.0345,303.443,0.1,5.468500000000001,8.3625,-0.036000000000000004,303.422,0.1,5.5215,8.351500000000001,-0.0325,303.405,0.1,5.5715,8.342,-0.028,303.389,0.1,5.614,8.335,-0.0235,303.371,0.1,5.651,8.33,-0.0235,303.346,0.1,5.6925,8.326,-0.039,303.316,0.1,5.7455,8.317,-0.0655,303.285,0.1,5.805,8.3,-0.0865,303.262,0.1,5.8635,8.2775,-0.0905,303.246,0.1,5.9225,8.249500000000001,-0.079,303.224,0.1,5.984,8.2135,-0.0655,303.19,0.1,
5.3265,8.3935,0.004,303.561,0.1,5.3345,8.402000000000001,-0.001,303.543,0.1,5.35,8.410499999999999,-0.0155,303.52,0.1,5.3785,8.415,-0.0315,303.491,0.1,5.418,8.4145,-0.041999999999999996,303.465,0.1,5.4655000000000005,8.4115,-0.041999999999999996,303.442,0.1,5.5175,8.405000000000001,-0.033,303.424,0.1,5.5695,8.3955,-0.0245,303.412,0.1,5.6155,8.382,-0.019,303.397,0.1,5.6530000000000005,8.367,-0.02,303.375,0.1,5.689,8.3565,-0.035,303.349,0.1,5.7325,8.349,-0.057499999999999996,303.322,0.1,5.7844999999999995,8.3385,-0.07150000000000001,303.302,0.1,5.8395,8.3205,-0.07200000000000001,303.285,0.1,5.895,8.295,-0.0695,303.262,0.1,5.9515,8.262,-0.07200000000000001,303.231,0.1,
5.333,8.456,0.020999999999999998,303.584,0.1,5.3405000000000005,8.4605,0.018000000000000002,303.572,0.1,5.3535,8.467,-0.002,303.555,0.1,5.378,8.4725,-0.0235,303.528,0.1,5.413,8.475,-0.039,303.501,0.1,5.4559999999999995,8.4755,-0.043,303.476,0.1,5.504,8.472999999999999,-0.0375,303.458,0.1,5.5545,8.464500000000001,-0.032,303.445,0.1,5.6035,8.448,-0.029,303.43,0.1,5.646,8.427499999999998,-0.0305,303.407,0.1,5.6825,8.410499999999999,-0.041999999999999996,303.382,0.1,5.721,8.401,-0.057499999999999996,303.36,0.1,5.7675,8.3905,-0.064,303.344,0.1,5.8195,8.370999999999999,-0.059,303.325,0.1,5.8705,8.342,-0.06,303.299,0.1,5.917999999999999,8.307500000000001,-0.07250000000000001,303.27,0.1,
5.3149999999999995,8.5225,0.0,303.63,0.1,5.3245000000000005,8.526,0.0035,303.62,0.1,5.3395,8.531500000000001,-0.010499999999999999,303.606,0.1,5.364,8.536999999999999,-0.028499999999999998,303.582,0.1,5.3965,8.54,-0.042499999999999996,303.554,0.1,5.4335,8.5405,-0.053000000000000005,303.529,0.1,5.4755,8.5375,-0.06,303.513,0.1,5.523,8.528500000000001,-0.0625,303.498,0.1,5.5735,8.5125,-0.062,303.478,0.1,5.621,8.492,-0.0605,303.452,0.1,5.6605,8.471499999999999,-0.066,303.427,0.1,5.697,8.4575,-0.0755,303.41,0.1,5.7405,8.443,-0.078,303.396,0.1,5.791499999999999,8.421,-0.0695,303.375,0.1,5.842,8.388000000000002,-0.0665,303.345,0.1,5.8865,8.35,-0.0735,303.31,0.1,
5.314500000000001,8.555,-0.041,303.655,0.1,5.322,8.5595,-0.033,303.647,0.1,5.335,8.567499999999999,-0.036500000000000005,303.639,0.1,5.356,8.577,-0.046,303.623,0.1,5.385,8.5825,-0.056,303.599,0.1,5.4190000000000005,8.581,-0.07100000000000001,303.577,0.1,5.458,8.573,-0.089,303.558,0.1,5.5024999999999995,8.560500000000001,-0.0985,303.537,0.1,5.551,8.5465,-0.0965,303.515,0.1,5.5995,8.531,-0.091,303.49,0.1,5.641500000000001,8.512,-0.0915,303.465,0.1,5.6775,8.493,-0.098,303.448,0.1,5.7175,8.474,-0.0995,303.435,0.1,5.7655,8.4515,-0.0905,303.415,0.1,5.814,8.42,-0.08,303.384,0.1,5.8565000000000005,8.3855,-0.075,303.346,0.1,
5.353,8.549,-0.047,303.627,0.1,5.3545,8.5525,-0.034,303.627,0.1,5.3580000000000005,8.562999999999999,-0.035,303.633,0.1,5.3685,8.5765,-0.044,303.634,0.1,5.3895,8.586,-0.056,303.624,0.1,5.4215,8.5845,-0.0745,303.603,0.1,5.462,8.573,-0.0905,303.574,0.1,5.5065,8.5585,-0.0965,303.547,0.1,5.5515,8.5465,-0.093,303.526,0.1,5.596,8.5365,-0.0895,303.507,0.1,5.6370000000000005,8.520499999999998,-0.092,303.484,0.1,5.6735,8.5,-0.0965,303.463,0.1,5.711,8.4805,-0.0965,303.448,0.1,5.754,8.461500000000001,-0.09,303.433,0.1,5.798,8.4375,-0.0775,303.407,0.1,5.836,8.4115,-0.07100000000000001,303.376,0.1,
5.3975,8.528500000000001,-0.0175,303.588,0.1,5.399,8.526,-0.0035,303.595,0.1,5.397,8.5315,-0.006,303.609,0.1,5.397,8.5425,-0.0155,303.622,0.1,5.406,8.5525,-0.033,303.626,0.1,5.43,8.5545,-0.0505,303.612,0.1,5.468,8.5465,-0.062,303.583,0.1,5.5135000000000005,8.535499999999999,-0.063,303.555,0.1,5.5595,8.524999999999999,-0.06,303.535,0.1,5.602,8.5155,-0.0635,303.518,0.1,5.6395,8.500499999999999,-0.07,303.495,0.1,5.673500000000001,8.483,-0.0745,303.471,0.1,5.7095,8.468,-0.0735,303.456,0.1,5.750500000000001,8.456499999999998,-0.07050000000000001,303.445,0.1,5.7915,8.441500000000001,-0.066,303.427,0.1,5.825,8.419,-0.068,303.405,0.1,
5.434,8.518,0.0025,303.559,0.1,5.442500000000001,8.511,0.013,303.562,0.1,5.4435,8.511,0.0165,303.571,0.1,5.439500000000001,8.519,0.0145,303.587,0.1,5.438000000000001,8.528,0.0045000000000000005,303.602,0.1,5.449,8.532,-0.011,303.602,0.1,5.478,8.528,-0.025,303.588,0.1,5.5215,8.52,-0.0315,303.567,0.1,5.57,8.51,-0.035,303.545,0.1,5.6135,8.499,-0.043,303.522,0.1,5.6495,8.484,-0.0515,303.497,0.1,5.6825,8.469,-0.057,303.473,0.1,5.718,8.457,-0.059,303.46,0.1,5.757,8.45,-0.061,303.452,0.1,5.7940000000000005,8.439,-0.064,303.44,0.1,5.823,8.416,-0.0685,303.42,0.1,
4.986000000000001,8.593,-0.104,303.679,0.1,5.0465,8.582,-0.0895,303.632,0.1,5.1055,8.562999999999999,-0.0745,303.584,0.1,5.1555,8.5425,-0.07250000000000001,303.549,0.1,5.1935,8.528500000000001,-0.083,303.532,0.1,5.23,8.5155,-0.0935,303.51,0.1,5.282,8.498000000000001,-0.0975,303.467,0.1,5.359500000000001,8.4695,-0.094,303.404,0.1,5.4565,8.424,-0.09,303.333,0.1,5.5535,8.373000000000001,-0.0955,303.275,0.1,5.63,8.3375,-0.11299999999999999,303.246,0.1,5.682,8.3245,-0.1355,303.243,0.1,5.724,8.3205,-0.15,303.243,0.1,5.771,8.306000000000001,-0.1545,303.224,0.1,5.8260000000000005,8.272,-0.1445,303.184,0.1,5.8835,8.222999999999999,-0.121,303.135,0.1,
4.971500000000001,8.575,-0.095,303.725,0.1,5.033,8.564,-0.08499999999999999,303.676,0.1,5.096500000000001,8.5455,-0.07,303.621,0.1,5.1530000000000005,8.523,-0.0635,303.574,0.1,5.1955,8.5035,-0.07,303.548,0.1,5.2295,8.488,-0.077,303.526,0.1,5.27,8.4775,-0.0785,303.493,0.1,5.332,8.4625,-0.0795,303.447,0.1,5.42,8.429,-0.0805,303.385,0.1,5.52,8.383,-0.091,303.323,0.1,5.6065000000000005,8.3475,-0.11599999999999999,303.287,0.1,5.6635,8.3335,-0.14550000000000002,303.28,0.1,5.699,8.335,-0.161,303.283,0.1,5.734,8.334,-0.161,303.274,0.1,5.7829999999999995,8.313,-0.151,303.245,0.1,5.846,8.2655,-0.1325,303.19,0.1,
4.9625,8.5505,-0.072,303.759,0.1,5.0205,8.540500000000002,-0.0695,303.714,0.1,5.0835,8.525500000000001,-0.063,303.662,0.1,5.145,8.5055,-0.062,303.61,0.1,5.196,8.4835,-0.066,303.57,0.1,5.234,8.466999999999999,-0.0685,303.539,0.1,5.2684999999999995,8.461,-0.07050000000000001,303.514,0.1,5.317,8.454,-0.074,303.483,0.1,5.393000000000001,8.4295,-0.0765,303.428,0.1,5.4905,8.3915,-0.088,303.367,0.1,5.584,8.3585,-0.119,303.33,0.1,5.649,8.341999999999999,-0.153,303.319,0.1,5.681,8.341999999999999,-0.16999999999999998,303.322,0.1,5.7010000000000005,8.347000000000001,-0.16999999999999998,303.326,0.1,5.734999999999999,8.338000000000001,-0.1615,303.31,0.1,5.792,8.302,-0.148,303.257,0.1,
4.961,8.524000000000001,-0.042499999999999996,303.78,0.1,5.013,8.517,-0.0455,303.744,0.1,5.072,8.505500000000001,-0.05,303.699,0.1,5.1345,8.489,-0.057499999999999996,303.65,0.1,5.192500000000001,8.469,-0.0635,303.599,0.1,5.237500000000001,8.4545,-0.068,303.561,0.1,5.2705,8.4495,-0.07150000000000001,303.538,0.1,5.309,8.446,-0.0745,303.514,0.1,5.3735,8.4305,-0.0755,303.466,0.1,5.464499999999999,8.403500000000001,-0.08449999999999999,303.409,0.1,5.561,8.375499999999999,-0.118,303.375,0.1,5.6345,8.3545,-0.155,303.36,0.1,5.670999999999999,8.3455,-0.1735,303.361,0.1,5.6845,8.3445,-0.176,303.368,0.1,5.704000000000001,8.338000000000001,-0.17099999999999999,303.358,0.1,5.747,8.316,-0.158,303.317,0.1,
4.968,8.501,-0.024,303.791,0.1,5.0125,8.499,-0.027,303.764,0.1,5.067,8.4905,-0.0325,303.727,0.1,5.1274999999999995,8.4765,-0.043,303.684,0.1,5.1875,8.459499999999998,-0.0545,303.635,0.1,5.236000000000001,8.4465,-0.066,303.595,0.1,5.2705,8.441500000000001,-0.0725,303.57,0.1,5.305,8.440000000000001,-0.0725,303.544,0.1,5.359500000000001,8.435500000000001,-0.07150000000000001,303.503,0.1,5.441000000000001,8.4215,-0.079,303.454,0.1,5.535500000000001,8.3995,-0.1095,303.419,0.1,5.616,8.3735,-0.14600000000000002,303.401,0.1,5.6645,8.3525,-0.165,303.397,0.1,5.685499999999999,8.3385,-0.16999999999999998,303.395,0.1,5.699,8.325,-0.1665,303.383,0.1,5.727,8.309000000000001,-0.152,303.356,0.1,
4.984,8.4855,-0.02,303.795,0.1,5.019500000000001,8.49,-0.0185,303.774,0.1,5.068,8.484,-0.018500000000000003,303.745,0.1,5.125,8.472,-0.026000000000000002,303.709,0.1,5.1835,8.456,-0.039999999999999994,303.669,0.1,5.233,8.443,-0.056499999999999995,303.632,0.1,5.27,8.4375,-0.065,303.605,0.1,5.3035,8.439,-0.0635,303.579,0.1,5.3495,8.443,-0.062,303.543,0.1,5.4185,8.441500000000001,-0.0685,303.502,0.1,5.5045,8.4265,-0.0915,303.465,0.1,5.588,8.3995,-0.125,303.443,0.1,5.649,8.3705,-0.147,303.43,0.1,5.6835,8.3455,-0.155,303.418,0.1,5.703,8.321,-0.148,303.401,0.1,5.7255,8.3005,-0.127,303.381,0.1,
5.0045,8.4795,-0.025500000000000002,303.8,0.1,5.031000000000001,8.49,-0.019,303.781,0.1,5.072,8.4875,-0.014,303.756,0.1,5.125,8.478,-0.0175,303.727,0.1,5.182,8.463000000000001,-0.0285,303.694,0.1,5.2325,8.4495,-0.043,303.663,0.1,5.2725,8.442,-0.051500000000000004,303.638,0.1,5.307,8.4435,-0.053,303.614,0.1,5.3454999999999995,8.451,-0.051000000000000004,303.586,0.1,5.4,8.4565,-0.0535,303.55,0.1,5.474,8.45,-0.07100000000000001,303.512,0.1,5.554,8.4285,-0.1,303.484,0.1,5.6205,8.399999999999999,-0.125,303.466,0.1,5.6655,8.370999999999999,-0.135,303.449,0.1,5.697,8.340499999999999,-0.1215,303.428,0.1,5.7265,8.312,-0.094,303.404,0.1,
5.024,8.482,-0.0285,303.813,0.1,5.0425,8.496,-0.023,303.793,0.1,5.0760000000000005,8.499500000000001,-0.019000000000000003,303.77,0.1,5.1235,8.4945,-0.022,303.743,0.1,5.178000000000001,8.483,-0.0295,303.715,0.1,5.2315000000000005,8.469999999999999,-0.037500000000000006,303.689,0.1,5.2775,8.459499999999998,-0.042499999999999996,303.667,0.1,5.3155,8.456499999999998,-0.041999999999999996,303.646,0.1,5.3505,8.4605,-0.039,303.622,0.1,5.392,8.4665,-0.039,303.592,0.1,5.4495000000000005,8.4665,-0.0535,303.557,0.1,5.5184999999999995,8.454,-0.08199999999999999,303.527,0.1,5.5815,8.432500000000001,-0.108,303.508,0.1,5.63,8.407,-0.11499999999999999,303.491,0.1,5.673,8.379,-0.099,303.468,0.1,5.7175,8.347999999999999,-0.07400000000000001,303.437,0.1,
5.0415,8.492999999999999,-0.020499999999999997,303.832,0.1,5.054,8.5075,-0.020499999999999997,303.812,0.1,5.08,8.5175,-0.025,303.789,0.1,5.1215,8.5195,-0.034,303.763,0.1,5.1735,8.514,-0.041999999999999996,303.737,0.1,5.228,8.504,-0.044,303.713,0.1,5.279,8.491499999999998,-0.040999999999999995,303.692,0.1,5.3225,8.4835,-0.036000000000000004,303.672,0.1,5.358499999999999,8.48,-0.03,303.652,0.1,5.393,8.481,-0.028499999999999998,303.626,0.1,5.4365,8.482,-0.0435,303.597,0.1,5.491,8.475999999999999,-0.07100000000000001,303.571,0.1,5.5455,8.461500000000001,-0.0935,303.552,0.1,5.5935,8.442499999999999,-0.0975,303.537,0.1,5.6415,8.4205,-0.0865,303.514,0.1,5.695,8.3935,-0.07400000000000001,303.479,0.1,
5.0634999999999994,8.521,0.0,303.844,0.1,5.0715,8.5335,-0.005,303.828,0.1,5.09,8.5475,-0.020499999999999997,303.809,0.1,5.124,8.556000000000001,-0.038000000000000006,303.784,0.1,5.17,8.5565,-0.05,303.76,0.1,5.2219999999999995,8.5505,-0.051500000000000004,303.736,0.1,5.275,8.5395,-0.0435,303.714,0.1,5.3235,8.529,-0.035,303.696,0.1,5.364,8.52,-0.0285,303.678,0.1,5.3985,8.5135,-0.0275,303.655,0.1,5.434,8.5105,-0.040999999999999995,303.63,0.1,5.477,8.5055,-0.064,303.606,0.1,5.525,8.494,-0.079,303.589,0.1,5.5715,8.478,-0.0795,303.575,0.1,5.6175,8.459,-0.0765,303.552,0.1,5.667,8.4365,-0.0795,303.519,0.1,
5.074,8.573,0.0155,303.865,0.1,5.0815,8.5825,0.012,303.853,0.1,5.096,8.596,-0.008,303.839,0.1,5.122999999999999,8.6065,-0.0305,303.817,0.1,5.162,8.6105,-0.0475,303.793,0.1,5.2085,8.6085,-0.053000000000000005,303.769,0.1,5.259,8.602,-0.0485,303.748,0.1,5.3100000000000005,8.592,-0.0435,303.731,0.1,5.3565000000000005,8.5795,-0.0395,303.713,0.1,5.395,8.567,-0.0395,303.689,0.1,5.428,8.557500000000001,-0.0495,303.663,0.1,5.4645,8.55,-0.0645,303.642,0.1,5.5085,8.538,-0.07200000000000001,303.628,0.1,5.5545,8.521,-0.0675,303.612,0.1,5.598,8.5,-0.0675,303.589,0.1,5.64,8.477,-0.079,303.559,0.1,
5.0615000000000006,8.6295,-0.0045000000000000005,303.909,0.1,5.0725,8.637,-0.0015,303.898,0.1,5.0885,8.6475,-0.0155,303.885,0.1,5.1125,8.658,-0.034,303.864,0.1,5.145,8.664000000000001,-0.0495,303.839,0.1,5.184,8.665,-0.0615,303.818,0.1,5.2295,8.661,-0.0695,303.802,0.1,5.279999999999999,8.652000000000001,-0.07300000000000001,303.785,0.1,5.33,8.638,-0.07200000000000001,303.763,0.1,5.373,8.6225,-0.0695,303.736,0.1,5.4065,8.608,-0.07350000000000001,303.708,0.1,5.439,8.5965,-0.08249999999999999,303.689,0.1,5.481,8.5835,-0.08549999999999999,303.676,0.1,5.5295000000000005,8.564499999999999,-0.078,303.66,0.1,5.575,8.54,-0.07350000000000001,303.634,0.1,5.614,8.514,-0.079,303.601,0.1,
5.0634999999999994,8.658000000000001,-0.043,303.932,0.1,5.074,8.6645,-0.035,303.924,0.1,5.0885,8.6745,-0.039,303.916,0.1,5.109,8.686,-0.0485,303.9,0.1,5.1355,8.694500000000001,-0.06,303.879,0.1,5.1690000000000005,8.697,-0.0765,303.86,0.1,5.211,8.692,-0.095,303.844,0.1,5.259,8.681999999999999,-0.1055,303.825,0.1,5.3085,8.6685,-0.10400000000000001,303.802,0.1,5.353,8.6545,-0.0985,303.775,0.1,5.388,8.639,-0.098,303.747,0.1,5.42,8.624500000000001,-0.10350000000000001,303.726,0.1,5.4595,8.611,-0.106,303.712,0.1,5.5065,8.592500000000001,-0.0975,303.697,0.1,5.5515,8.568,-0.086,303.672,0.1,5.589,8.543,-0.0805,303.638,0.1,
5.0995,8.6525,-0.0475,303.908,0.1,5.106,8.657499999999999,-0.0345,303.908,0.1,5.1129999999999995,8.6675,-0.035,303.912,0.1,5.1240000000000006,8.6795,-0.0435,303.91,0.1,5.1434999999999995,8.690000000000001,-0.056,303.9,0.1,5.1739999999999995,8.693000000000001,-0.075,303.882,0.1,5.2145,8.6875,-0.093,303.858,0.1,5.261,8.677,-0.101,303.833,0.1,5.3075,8.665,-0.0985,303.813,0.1,5.3495,8.6545,-0.0945,303.793,0.1,5.385,8.6415,-0.096,303.767,0.1,5.417,8.6275,-0.1,303.743,0.1,5.454,8.6155,-0.101,303.726,0.1,5.4975,8.601500000000001,-0.0955,303.714,0.1,5.539,8.5825,-0.08349999999999999,303.694,0.1,5.5715,8.562000000000001,-0.077,303.668,0.1,
5.140499999999999,8.631499999999999,-0.018,303.875,0.1,5.146,8.631,-0.003,303.88,0.1,5.1495,8.636,-0.004,303.892,0.1,5.153499999999999,8.645,-0.0125,303.902,0.1,5.1635,8.653500000000001,-0.028999999999999998,303.903,0.1,5.1865000000000006,8.657,-0.0475,303.889,0.1,5.2235,8.654,-0.0615,303.863,0.1,5.268000000000001,8.6465,-0.0645,303.839,0.1,5.313000000000001,8.637,-0.0635,303.821,0.1,5.354,8.628499999999999,-0.0665,303.804,0.1,5.388,8.618500000000001,-0.072,303.78,0.1,5.4185,8.6075,-0.0755,303.754,0.1,5.4535,8.6005,-0.076,303.737,0.1,5.4945,8.594000000000001,-0.075,303.727,0.1,5.5335,8.582,-0.07050000000000001,303.712,0.1,5.562,8.563500000000001,-0.07200000000000001,303.695,0.1,
5.173,8.62,0.0015,303.85,0.1,5.183999999999999,8.615,0.0135,303.852,0.1,5.1899999999999995,8.616,0.019,303.86,0.1,5.1925,8.622,0.019000000000000003,303.873,0.1,5.1965,8.628,0.01,303.883,0.1,5.2095,8.632,-0.0055,303.88,0.1,5.237,8.631,-0.020999999999999998,303.865,0.1,5.2775,8.626,-0.03,303.846,0.1,5.323,8.618,-0.035,303.828,0.1,5.3655,8.61,-0.043,303.807,0.1,5.4,8.601,-0.0505,303.784,0.1,5.43,8.592,-0.056,303.76,0.1,5.4625,8.588,-0.059,303.744,0.1,5.4995,8.586,-0.0615,303.735,0.1,5.535,8.577,-0.064,303.724,0.1,5.5605,8.558,-0.0675,303.709,0.1,
4.726,8.7175,-0.1075,303.962,0.1,4.7844999999999995,8.7125,-0.0935,303.916,0.1,4.8415,8.6995,-0.0785,303.871,0.1,4.888999999999999,8.6845,-0.0765,303.839,0.1,4.925,8.676,-0.086,303.823,0.1,4.9605,8.669,-0.0955,303.8,0.1,5.011,8.657,-0.1005,303.756,0.1,5.0855,8.6325,-0.1,303.692,0.1,5.1775,8.591,-0.0995,303.621,0.1,5.2684999999999995,8.5445,-0.1075,303.563,0.1,5.34,8.5155,-0.125,303.537,0.1,5.388999999999999,8.509,-0.1455,303.537,0.1,5.4295,8.51,-0.1575,303.541,0.1,5.476,8.4985,-0.161,303.523,0.1,5.5295000000000005,8.466000000000001,-0.151,303.481,0.1,5.5825,8.4195,-0.1285,303.43,0.1,
4.7155000000000005,8.6915,-0.0985,304.004,0.1,4.775,8.687000000000001,-0.0885,303.956,0.1,4.836,8.676,-0.074,303.904,0.1,4.890499999999999,8.6615,-0.0675,303.861,0.1,4.9315,8.65,-0.073,303.838,0.1,4.964,8.641,-0.079,303.817,0.1,5.0025,8.6335,-0.0815,303.783,0.1,5.0615000000000006,8.620000000000001,-0.08399999999999999,303.734,0.1,5.146,8.588999999999999,-0.089,303.67,0.1,5.2415,8.5485,-0.10250000000000001,303.609,0.1,5.3225,8.5215,-0.1285,303.576,0.1,5.374499999999999,8.516,-0.1555,303.572,0.1,5.406,8.5225,-0.16849999999999998,303.579,0.1,5.438,8.523499999999999,-0.167,303.574,0.1,5.487,8.5035,-0.1565,303.544,0.1,5.5504999999999995,8.4585,-0.139,303.487,0.1,
4.7105,8.6615,-0.074,304.037,0.1,4.7669999999999995,8.658000000000001,-0.0725,303.991,0.1,4.827999999999999,8.651499999999999,-0.0665,303.94,0.1,4.8875,8.641,-0.066,303.893,0.1,4.9365000000000006,8.628,-0.069,303.858,0.1,4.9715,8.618,-0.07150000000000001,303.83,0.1,5.003,8.6135,-0.073,303.804,0.1,5.05,8.607,-0.0775,303.769,0.1,5.125500000000001,8.585,-0.08349999999999999,303.712,0.1,5.2204999999999995,8.553,-0.0995,303.651,0.1,5.308,8.5285,-0.132,303.617,0.1,5.365,8.5205,-0.164,303.61,0.1,5.3895,8.525500000000001,-0.177,303.616,0.1,5.403499999999999,8.533,-0.175,303.624,0.1,5.4365000000000006,8.526,-0.1655,303.609,0.1,5.4965,8.493500000000001,-0.1525,303.556,0.1,
4.711,8.633,-0.0435,304.059,0.1,4.763999999999999,8.631499999999999,-0.0485,304.02,0.1,4.8225,8.628,-0.0535,303.976,0.1,4.8835,8.6205,-0.0615,303.93,0.1,4.938,8.609,-0.0675,303.884,0.1,4.9775,8.6005,-0.07100000000000001,303.849,0.1,5.007,8.598500000000001,-0.074,303.827,0.1,5.0455000000000005,8.5965,-0.0775,303.8,0.1,5.1114999999999995,8.584,-0.081,303.749,0.1,5.202,8.5625,-0.0955,303.693,0.1,5.293,8.541,-0.1315,303.661,0.1,5.356999999999999,8.527000000000001,-0.16649999999999998,303.649,0.1,5.382999999999999,8.523,-0.181,303.652,0.1,5.388999999999999,8.526499999999999,-0.1805,303.661,0.1,5.406000000000001,8.5245,-0.174,303.655,0.1,5.4510000000000005,8.507,-0.162,303.616,0.1,
4.718500000000001,8.611999999999998,-0.024,304.073,0.1,4.766500000000001,8.613499999999998,-0.028999999999999998,304.043,0.1,4.8225,8.6105,-0.036000000000000004,304.005,0.1,4.882,8.6025,-0.0475,303.962,0.1,4.9375,8.592500000000001,-0.0595,303.916,0.1,4.98,8.586,-0.0695,303.879,0.1,5.01,8.586500000000001,-0.075,303.856,0.1,5.044499999999999,8.59,-0.075,303.83,0.1,5.1015,8.5885,-0.0765,303.787,0.1,5.1835,8.578,-0.0885,303.738,0.1,5.2735,8.559000000000001,-0.122,303.704,0.1,5.3445,8.538,-0.158,303.689,0.1,5.382,8.5235,-0.1735,303.684,0.1,5.394500000000001,8.5165,-0.175,303.684,0.1,5.404,8.510000000000002,-0.17049999999999998,303.675,0.1,5.430999999999999,8.499500000000001,-0.1555,303.652,0.1,
4.7330000000000005,8.6005,-0.02,304.079,0.1,4.7735,8.606,-0.02,304.057,0.1,4.824999999999999,8.6025,-0.022,304.026,0.1,4.883,8.593,-0.0315,303.988,0.1,4.9385,8.5825,-0.0455,303.946,0.1,4.9825,8.576,-0.061,303.912,0.1,5.015000000000001,8.5785,-0.068,303.887,0.1,5.047000000000001,8.587,-0.066,303.863,0.1,5.094,8.595,-0.066,303.828,0.1,5.163,8.594000000000001,-0.0755,303.786,0.1,5.246,8.579,-0.10250000000000001,303.75,0.1,5.3225,8.556000000000001,-0.1365,303.729,0.1,5.3740000000000006,8.535,-0.156,303.717,0.1,5.399,8.519,-0.161,303.705,0.1,5.4115,8.5035,-0.1525,303.69,0.1,5.43,8.489,-0.1325,303.674,0.1,
4.752000000000001,8.597,-0.026,304.085,0.1,4.7835,8.6075,-0.020999999999999998,304.066,0.1,4.829000000000001,8.605,-0.018000000000000002,304.04,0.1,4.8845,8.596,-0.023,304.007,0.1,4.941,8.5855,-0.035,303.972,0.1,4.9885,8.578,-0.0485,303.941,0.1,5.0235,8.5785,-0.056,303.918,0.1,5.053,8.586500000000001,-0.056,303.896,0.1,5.09,8.598,-0.054,303.868,0.1,5.145,8.604,-0.058499999999999996,303.832,0.1,5.218,8.597000000000001,-0.079,303.795,0.1,5.2935,8.579,-0.1095,303.769,0.1,5.352,8.5585,-0.134,303.753,0.1,5.3875,8.539000000000001,-0.14150000000000001,303.736,0.1,5.41,8.518,-0.127,303.715,0.1,5.433,8.496,-0.1015,303.693,0.1,
4.769,8.599,-0.029,304.096,0.1,4.791,8.6135,-0.025,304.078,0.1,4.8294999999999995,8.617,-0.023,304.054,0.1,4.882,8.6125,-0.028,304.026,0.1,4.9399999999999995,8.6045,-0.036500000000000005,303.997,0.1,4.993,8.595500000000001,-0.0445,303.969,0.1,5.0344999999999995,8.59,-0.0485,303.946,0.1,5.066,8.5915,-0.047,303.925,0.1,5.096,8.5995,-0.042499999999999996,303.901,0.1,5.1365,8.609,-0.042499999999999996,303.871,0.1,5.195,8.611,-0.059,303.838,0.1,5.2620000000000005,8.6015,-0.0895,303.812,0.1,5.3185,8.586,-0.11499999999999999,303.795,0.1,5.3575,8.568000000000001,-0.1215,303.779,0.1,5.389,8.5485,-0.1055,303.754,0.1,5.4245,8.525,-0.08249999999999999,303.724,0.1,
4.7875,8.6065,-0.0225,304.111,0.1,4.801,8.6235,-0.023,304.093,0.1,4.8309999999999995,8.6355,-0.028999999999999998,304.072,0.1,4.878,8.6395,-0.039999999999999994,304.048,0.1,4.9350000000000005,8.6365,-0.0495,304.022,0.1,4.9915,8.627,-0.052000000000000005,303.996,0.1,5.0395,8.6155,-0.049,303.971,0.1,5.077,8.609,-0.0435,303.95,0.1,5.1065000000000005,8.611,-0.035500000000000004,303.928,0.1,5.1385000000000005,8.619,-0.0325,303.903,0.1,5.183,8.6255,-0.048,303.875,0.1,5.237,8.622,-0.077,303.853,0.1,5.2865,8.61,-0.1,303.839,0.1,5.3245000000000005,8.595500000000001,-0.10350000000000001,303.825,0.1,5.3605,8.5815,-0.0925,303.8,0.1,5.404999999999999,8.563500000000001,-0.0815,303.765,0.1,
4.811,8.628,-0.004,304.119,0.1,4.819,8.645,-0.009,304.105,0.1,4.84,8.662500000000001,-0.025,304.089,0.1,4.878500000000001,8.6745,-0.044,304.068,0.1,4.9295,8.677499999999998,-0.057999999999999996,304.046,0.1,4.9845,8.670000000000002,-0.0605,304.021,0.1,5.0365,8.657,-0.053500000000000006,303.995,0.1,5.0805,8.6465,-0.0445,303.974,0.1,5.1155,8.643,-0.036500000000000005,303.954,0.1,5.1465,8.646,-0.0335,303.931,0.1,5.1815,8.650500000000001,-0.046,303.906,0.1,5.224,8.6475,-0.07,303.886,0.1,5.2675,8.6365,-0.086,303.874,0.1,5.305,8.623000000000001,-0.086,303.862,0.1,5.341,8.6125,-0.0825,303.839,0.1,5.3825,8.6005,-0.08549999999999999,303.806,0.1,
4.8245000000000005,8.6695,0.010499999999999999,304.138,0.1,4.8325,8.6835,0.0065,304.127,0.1,4.8485,8.7015,-0.0135,304.115,0.1,4.878,8.717,-0.036500000000000005,304.097,0.1,4.9190000000000005,8.724,-0.055499999999999994,304.076,0.1,4.968,8.721,-0.0625,304.053,0.1,5.02,8.712,-0.0595,304.03,0.1,5.0695,8.702,-0.054,304.01,0.1,5.112,8.6945,-0.0495,303.99,0.1,5.146,8.6905,-0.0475,303.966,0.1,5.176,8.689,-0.0555,303.94,0.1,5.21,8.6835,-0.07100000000000001,303.919,0.1,5.250500000000001,8.6725,-0.0795,303.908,0.1,5.291,8.658000000000001,-0.0755,303.897,0.1,5.327,8.646,-0.0735,303.876,0.1,5.362,8.6345,-0.08399999999999999,303.846,0.1,
4.8165,8.715,-0.009,304.18,0.1,4.829000000000001,8.7255,-0.0065,304.169,0.1,4.846,8.7405,-0.020499999999999997,304.157,0.1,4.87,8.755500000000001,-0.039,304.138,0.1,4.902,8.765,-0.055999999999999994,304.117,0.1,4.942,8.7675,-0.0695,304.098,0.1,4.9895,8.7635,-0.0785,304.082,0.1,5.041499999999999,8.755500000000001,-0.08249999999999999,304.064,0.1,5.09,8.7455,-0.081,304.042,0.1,5.1274999999999995,8.7355,-0.0775,304.013,0.1,5.1555,8.7275,-0.0795,303.984,0.1,5.1845,8.72,-0.0885,303.963,0.1,5.2235,8.7095,-0.0925,303.952,0.1,5.268000000000001,8.694500000000001,-0.08549999999999999,303.941,0.1,5.3075,8.6785,-0.0795,303.92,0.1,5.341,8.6645,-0.0835,303.889,0.1,
4.82,8.739,-0.045,304.203,0.1,4.8345,8.747,-0.037,304.194,0.1,4.8505,8.7585,-0.041,304.185,0.1,4.87,8.772,-0.051000000000000004,304.17,0.1,4.895,8.7835,-0.063,304.151,0.1,4.928,8.79,-0.0805,304.135,0.1,4.971,8.788499999999999,-0.1005,304.121,0.1,5.021,8.781500000000001,-0.1115,304.103,0.1,5.07,8.770499999999998,-0.111,304.081,0.1,5.109999999999999,8.758500000000002,-0.1045,304.053,0.1,5.138999999999999,8.748000000000001,-0.10250000000000001,304.022,0.1,5.1665,8.74,-0.108,303.998,0.1,5.204000000000001,8.7315,-0.1115,303.986,0.1,5.2490000000000006,8.718,-0.10400000000000001,303.976,0.1,5.2895,8.7005,-0.0915,303.957,0.1,5.321,8.6865,-0.08449999999999999,303.926,0.1,
4.8545,8.735,-0.048,304.182,0.1,4.865,8.7405,-0.035,304.181,0.1,4.875500000000001,8.748999999999999,-0.035,304.183,0.1,4.888,8.76,-0.042499999999999996,304.179,0.1,4.906,8.771,-0.0555,304.17,0.1,4.9345,8.7785,-0.0745,304.154,0.1,4.975,8.778500000000001,-0.0945,304.133,0.1,5.022,8.7725,-0.104,304.112,0.1,5.068,8.7625,-0.10250000000000001,304.093,0.1,5.106999999999999,8.753,-0.0985,304.071,0.1,5.1370000000000005,8.7445,-0.099,304.044,0.1,5.165,8.738,-0.1025,304.017,0.1,5.2005,8.7335,-0.1045,303.999,0.1,5.2425,8.724499999999999,-0.1005,303.991,0.1,5.2805,8.71,-0.0885,303.976,0.1,5.3065,8.698,-0.0815,303.955,0.1,
4.8919999999999995,8.714,-0.0175,304.153,0.1,4.901,8.715,-0.0025,304.157,0.1,4.909000000000001,8.719,-0.002,304.167,0.1,4.917,8.725,-0.0095,304.173,0.1,4.9285,8.7315,-0.025,304.172,0.1,4.9510000000000005,8.737,-0.044,304.159,0.1,4.986000000000001,8.7385,-0.0595,304.135,0.1,5.0285,8.735,-0.065,304.114,0.1,5.072,8.7285,-0.0655,304.099,0.1,5.1105,8.7235,-0.068,304.082,0.1,5.141500000000001,8.718,-0.0725,304.058,0.1,5.1690000000000005,8.715499999999999,-0.0755,304.031,0.1,5.201499999999999,8.716000000000001,-0.0775,304.012,0.1,5.2405,8.714,-0.078,304.003,0.1,5.2765,8.705,-0.074,303.993,0.1,5.2989999999999995,8.692,-0.0745,303.981,0.1,
4.9205000000000005,8.701,0.001,304.133,0.1,4.9345,8.699,0.015,304.133,0.1,4.946,8.7,0.0215,304.14,0.1,4.954,8.703,0.0235,304.15,0.1,4.962,8.706,0.0155,304.155,0.1,4.9765,8.71,0.0,304.15,0.1,5.002,8.712,-0.017,304.135,0.1,5.0395,8.71,-0.0275,304.118,0.1,5.083,8.706,-0.034,304.102,0.1,5.123,8.703,-0.041999999999999996,304.085,0.1,5.154999999999999,8.699,-0.0485,304.063,0.1,5.182,8.699,-0.0535,304.04,0.1,5.2115,8.702,-0.057999999999999996,304.022,0.1,5.246499999999999,8.704,-0.0615,304.012,0.1,5.2795,8.698,-0.0635,304.004,0.1,5.3004999999999995,8.683,-0.066,303.992,0.1,
4.492,8.7645,-0.111,304.225,0.1,4.547499999999999,8.7675,-0.0965,304.184,0.1,4.5995,8.7645,-0.082,304.144,0.1,4.640499999999999,8.7595,-0.08,304.116,0.1,4.67,8.758,-0.0885,304.103,0.1,4.701499999999999,8.757,-0.097,304.08,0.1,4.7505,8.751999999999999,-0.103,304.035,0.1,4.824,8.738499999999998,-0.1055,303.97,0.1,4.9125,8.7105,-0.1085,303.9,0.1,4.995,8.68,-0.1185,303.848,0.1,5.0535,8.663499999999999,-0.1365,303.83,0.1,5.0875,8.6645,-0.1545,303.84,0.1,5.115,8.67,-0.1645,303.852,0.1,5.1525,8.666,-0.167,303.838,0.1,5.2010000000000005,8.6455,-0.157,303.796,0.1,5.250500000000001,8.6125,-0.1355,303.741,0.1,
4.4879999999999995,8.7335,-0.1015,304.261,0.1,4.545,8.737,-0.0915,304.217,0.1,4.6015,8.7365,-0.0775,304.17,0.1,4.6485,8.7315,-0.07100000000000001,304.134,0.1,4.6815,8.727,-0.075,304.114,0.1,4.709,8.724499999999999,-0.0805,304.093,0.1,4.746499999999999,8.724,-0.084,304.058,0.1,4.807,8.7195,-0.0885,304.009,0.1,4.890000000000001,8.7005,-0.097,303.946,0.1,4.9775,8.6745,-0.11349999999999999,303.89,0.1,5.0440000000000005,8.66,-0.14,303.864,0.1,5.079000000000001,8.6625,-0.1645,303.87,0.1,5.0955,8.675,-0.175,303.886,0.1,5.117,8.683,-0.1725,303.887,0.1,5.16,8.6735,-0.1615,303.86,0.1,5.221,8.641,-0.1455,303.8,0.1,
4.489,8.7,-0.076,304.288,0.1,4.5440000000000005,8.7045,-0.075,304.246,0.1,4.6,8.7065,-0.07,304.201,0.1,4.6515,8.7035,-0.0695,304.159,0.1,4.692,8.6985,-0.07150000000000001,304.128,0.1,4.7219999999999995,8.697,-0.074,304.102,0.1,4.7524999999999995,8.7005,-0.0755,304.076,0.1,4.8015,8.702000000000002,-0.081,304.04,0.1,4.877000000000001,8.6905,-0.0905,303.985,0.1,4.965,8.6695,-0.1105,303.928,0.1,5.0385,8.657,-0.14400000000000002,303.901,0.1,5.077999999999999,8.658000000000001,-0.1735,303.902,0.1,5.086,8.671,-0.1835,303.916,0.1,5.0875,8.686,-0.179,303.931,0.1,5.112,8.6875,-0.169,303.922,0.1,5.168,8.666,-0.1575,303.871,0.1,
4.494,8.6685,-0.0445,304.308,0.1,4.5455000000000005,8.674,-0.051000000000000004,304.271,0.1,4.6,8.6765,-0.0565,304.23,0.1,4.654,8.6755,-0.065,304.188,0.1,4.699999999999999,8.673,-0.07050000000000001,304.148,0.1,4.733499999999999,8.675,-0.0735,304.116,0.1,4.761,8.6815,-0.076,304.095,0.1,4.801,8.6875,-0.08,304.068,0.1,4.868,8.684000000000001,-0.087,304.019,0.1,4.954,8.6705,-0.10650000000000001,303.967,0.1,5.0335,8.6585,-0.14450000000000002,303.94,0.1,5.0809999999999995,8.655000000000001,-0.177,303.935,0.1,5.089,8.661,-0.187,303.944,0.1,5.0785,8.6735,-0.184,303.961,0.1,5.083500000000001,8.68,-0.1765,303.962,0.1,5.1225000000000005,8.672,-0.1655,303.927,0.1,
4.505,8.6435,-0.0245,304.32,0.1,4.552,8.65,-0.031,304.29,0.1,4.604,8.652000000000001,-0.04,304.254,0.1,4.6579999999999995,8.652000000000001,-0.052000000000000005,304.213,0.1,4.707,8.651499999999999,-0.064,304.173,0.1,4.7425,8.6555,-0.0725,304.141,0.1,4.768000000000001,8.665,-0.0765,304.12,0.1,4.802,8.675999999999998,-0.077,304.095,0.1,4.8605,8.6815,-0.0815,304.053,0.1,4.941000000000001,8.6775,-0.098,304.008,0.1,5.0225,8.6665,-0.1345,303.98,0.1,5.0794999999999995,8.656500000000001,-0.16849999999999998,303.969,0.1,5.0995,8.652999999999999,-0.1805,303.97,0.1,5.0935,8.6565,-0.179,303.975,0.1,5.0875,8.660499999999999,-0.173,303.973,0.1,5.1055,8.66,-0.159,303.957,0.1,
4.522,8.626999999999999,-0.0205,304.325,0.1,4.5625,8.6355,-0.0225,304.301,0.1,4.6114999999999995,8.638,-0.026000000000000002,304.27,0.1,4.6655,8.6375,-0.036500000000000005,304.234,0.1,4.715,8.637,-0.051000000000000004,304.198,0.1,4.7509999999999994,8.64,-0.0645,304.169,0.1,4.776,8.650500000000001,-0.07,304.148,0.1,4.8045,8.666,-0.068,304.125,0.1,4.8525,8.68,-0.07,304.091,0.1,4.923500000000001,8.685500000000001,-0.08249999999999999,304.052,0.1,5.003,8.6785,-0.11299999999999999,304.022,0.1,5.0675,8.665500000000002,-0.147,304.006,0.1,5.1015,8.654499999999999,-0.1635,303.998,0.1,5.1080000000000005,8.6495,-0.1655,303.99,0.1,5.104,8.6465,-0.156,303.979,0.1,5.111000000000001,8.645,-0.137,303.969,0.1,
4.541499999999999,8.618,-0.026,304.329,0.1,4.574999999999999,8.631,-0.023,304.309,0.1,4.6205,8.6355,-0.022,304.282,0.1,4.6735,8.6355,-0.028999999999999998,304.251,0.1,4.7245,8.6335,-0.040999999999999995,304.219,0.1,4.763,8.634,-0.0535,304.193,0.1,4.7885,8.6415,-0.06,304.174,0.1,4.8125,8.657499999999999,-0.058499999999999996,304.154,0.1,4.8495,8.6765,-0.0565,304.128,0.1,4.907,8.690000000000001,-0.0635,304.095,0.1,4.9785,8.6905,-0.087,304.064,0.1,5.045,8.6795,-0.1185,304.045,0.1,5.088,8.666,-0.14150000000000001,304.032,0.1,5.106,8.657499999999999,-0.1465,304.017,0.1,5.112500000000001,8.65,-0.1315,303.997,0.1,5.123,8.6445,-0.108,303.98,0.1,
4.561,8.615,-0.0295,304.338,0.1,4.5865,8.6325,-0.027,304.32,0.1,4.6259999999999994,8.642,-0.027000000000000003,304.297,0.1,4.6765,8.645,-0.034,304.269,0.1,4.728999999999999,8.6435,-0.0435,304.241,0.1,4.7725,8.641,-0.051500000000000004,304.216,0.1,4.8035,8.643,-0.054,304.196,0.1,4.827500000000001,8.654499999999999,-0.051000000000000004,304.178,0.1,4.856,8.673,-0.0455,304.157,0.1,4.8985,8.691,-0.046,304.13,0.1,4.956,8.699,-0.0645,304.103,0.1,5.016,8.693,-0.0965,304.085,0.1,5.06,8.6815,-0.1215,304.073,0.1,5.0845,8.6735,-0.126,304.057,0.1,5.1025,8.668,-0.1105,304.032,0.1,5.125,8.663,-0.0895,304.005,0.1,
4.5805,8.618500000000001,-0.024,304.35,0.1,4.5985,8.6385,-0.025,304.334,0.1,4.630000000000001,8.654,-0.033,304.314,0.1,4.6754999999999995,8.6625,-0.0465,304.29,0.1,4.727499999999999,8.6645,-0.056999999999999995,304.264,0.1,4.7765,8.661,-0.0605,304.239,0.1,4.8155,8.658000000000001,-0.056999999999999995,304.217,0.1,4.8445,8.663,-0.05,304.199,0.1,4.8695,8.6775,-0.04,304.18,0.1,4.9,8.695,-0.036000000000000004,304.159,0.1,4.942,8.7065,-0.052000000000000005,304.137,0.1,4.9905,8.7055,-0.08299999999999999,304.122,0.1,5.031,8.696,-0.106,304.115,0.1,5.0585,8.689499999999999,-0.108,304.102,0.1,5.083,8.689499999999999,-0.0975,304.076,0.1,5.114,8.689,-0.088,304.041,0.1,
4.605,8.6345,-0.0075,304.357,0.1,4.6175,8.653500000000001,-0.0125,304.344,0.1,4.640000000000001,8.6725,-0.028999999999999998,304.329,0.1,4.677,8.686499999999999,-0.05,304.309,0.1,4.725,8.6935,-0.066,304.286,0.1,4.7755,8.692499999999999,-0.0695,304.261,0.1,4.8205,8.688500000000001,-0.063,304.238,0.1,4.856,8.689,-0.053500000000000006,304.22,0.1,4.883,8.6975,-0.0435,304.204,0.1,4.9079999999999995,8.7105,-0.0385,304.184,0.1,4.939,8.721499999999999,-0.0505,304.163,0.1,4.9775,8.7225,-0.0755,304.149,0.1,5.0145,8.714500000000001,-0.0925,304.145,0.1,5.0435,8.707999999999998,-0.0915,304.138,0.1,5.0695,8.7105,-0.087,304.114,0.1,5.0995,8.7135,-0.0905,304.08,0.1,
4.6195,8.666,0.0055,304.374,0.1,4.631,8.680499999999999,0.0015,304.363,0.1,4.648,8.6985,-0.018000000000000002,304.352,0.1,4.6765,8.715499999999999,-0.041999999999999996,304.335,0.1,4.7165,8.727,-0.0625,304.315,0.1,4.763,8.731,-0.07150000000000001,304.292,0.1,4.8100000000000005,8.73,-0.07,304.271,0.1,4.8515,8.7285,-0.0645,304.255,0.1,4.884,8.731,-0.058499999999999996,304.238,0.1,4.91,8.738,-0.0545,304.215,0.1,4.9350000000000005,8.745999999999999,-0.061,304.19,0.1,4.9655000000000005,8.7475,-0.077,304.176,0.1,5.0005,8.741,-0.087,304.174,0.1,5.032,8.733,-0.082,304.171,0.1,5.0585,8.733,-0.0785,304.151,0.1,5.0835,8.7355,-0.088,304.119,0.1,
4.612,8.7,-0.013,304.414,0.1,4.6274999999999995,8.71,-0.011,304.403,0.1,4.645,8.7235,-0.025,304.391,0.1,4.6690000000000005,8.7405,-0.043,304.374,0.1,4.7005,8.7545,-0.0615,304.354,0.1,4.7385,8.763,-0.0765,304.336,0.1,4.7815,8.7655,-0.087,304.322,0.1,4.8255,8.764,-0.0915,304.307,0.1,4.865,8.7625,-0.089,304.287,0.1,4.8955,8.7645,-0.08399999999999999,304.259,0.1,4.9190000000000005,8.769,-0.08449999999999999,304.23,0.1,4.9445,8.7715,-0.0935,304.213,0.1,4.977,8.767,-0.099,304.211,0.1,5.0115,8.7575,-0.092,304.21,0.1,5.041,8.753,-0.08449999999999999,304.193,0.1,5.066000000000001,8.753499999999999,-0.0865,304.161,0.1,
4.6145,8.7195,-0.047,304.437,0.1,4.632,8.725999999999999,-0.039,304.428,0.1,4.6505,8.7345,-0.043,304.418,0.1,4.6705000000000005,8.748000000000001,-0.0525,304.404,0.1,4.6945,8.762,-0.065,304.387,0.1,4.725,8.7725,-0.08399999999999999,304.372,0.1,4.7635000000000005,8.777000000000001,-0.1055,304.36,0.1,4.807,8.7765,-0.11699999999999999,304.344,0.1,4.8485,8.7735,-0.11649999999999999,304.323,0.1,4.882,8.774000000000001,-0.1095,304.297,0.1,4.907,8.7775,-0.106,304.267,0.1,4.9315,8.7805,-0.1115,304.245,0.1,4.962,8.778500000000001,-0.11599999999999999,304.239,0.1,4.996,8.77,-0.11,304.238,0.1,5.0255,8.7625,-0.0965,304.226,0.1,5.048500000000001,8.763,-0.088,304.196,0.1,
4.646,8.717500000000001,-0.048,304.418,0.1,4.6615,8.721,-0.035,304.416,0.1,4.676,8.725,-0.035,304.417,0.1,4.6895,8.7325,-0.0415,304.413,0.1,4.7059999999999995,8.7425,-0.0545,304.405,0.1,4.732,8.7525,-0.074,304.39,0.1,4.7684999999999995,8.758,-0.0955,304.37,0.1,4.810499999999999,8.7595,-0.1065,304.35,0.1,4.8505,8.758,-0.106,304.334,0.1,4.8835,8.7605,-0.1015,304.315,0.1,4.9094999999999995,8.7655,-0.1005,304.289,0.1,4.9345,8.770499999999998,-0.1035,304.262,0.1,4.964,8.7715,-0.1075,304.248,0.1,4.996,8.7665,-0.105,304.247,0.1,5.022,8.76,-0.093,304.24,0.1,5.0375,8.761,-0.08449999999999999,304.222,0.1,
4.682,8.6965,-0.017,304.392,0.1,4.6955,8.698,-0.0015,304.395,0.1,4.708,8.698,0.0,304.402,0.1,4.718500000000001,8.6985,-0.006500000000000001,304.408,0.1,4.7295,8.700500000000002,-0.020999999999999998,304.406,0.1,4.749,8.7065,-0.04,304.394,0.1,4.781,8.712499999999999,-0.057,304.371,0.1,4.82,8.7165,-0.065,304.351,0.1,4.858499999999999,8.7195,-0.0665,304.338,0.1,4.8915,8.724499999999999,-0.0685,304.325,0.1,4.917,8.732,-0.072,304.303,0.1,4.9405,8.741,-0.0745,304.277,0.1,4.969,8.747,-0.0785,304.259,0.1,5.000500000000001,8.748,-0.0805,304.254,0.1,5.025,8.7445,-0.0765,304.251,0.1,5.0355,8.742999999999999,-0.076,304.243,0.1,
4.71,8.682,0.001,304.374,0.1,4.7275,8.683,0.017,304.373,0.1,4.743,8.681,0.0245,304.377,0.1,4.754,8.678,0.027999999999999997,304.385,0.1,4.7625,8.675,0.020999999999999998,304.389,0.1,4.776,8.678,0.0055,304.383,0.1,4.800000000000001,8.684,-0.0125,304.369,0.1,4.834,8.689,-0.025,304.354,0.1,4.8725000000000005,8.695,-0.0325,304.341,0.1,4.907,8.701,-0.04,304.327,0.1,4.933,8.71,-0.0455,304.308,0.1,4.955,8.721,-0.0505,304.285,0.1,4.9805,8.73,-0.056,304.268,0.1,5.0105,8.735,-0.0605,304.262,0.1,5.0355,8.733,-0.0625,304.258,0.1,5.0465,8.729,-0.0635,304.25,0.1,
4.2575,8.811499999999999,-0.1135,304.488,0.1,4.3100000000000005,8.8225,-0.0985,304.451,0.1,4.3575,8.8295,-0.0845,304.416,0.1,4.3919999999999995,8.8345,-0.0825,304.394,0.1,4.415,8.84,-0.09,304.383,0.1,4.442,8.8445,-0.0975,304.36,0.1,4.49,8.8475,-0.1045,304.313,0.1,4.563000000000001,8.844,-0.11,304.248,0.1,4.648,8.8305,-0.11599999999999999,304.179,0.1,4.7215,8.8155,-0.128,304.132,0.1,4.7665,8.811499999999999,-0.1455,304.123,0.1,4.786,8.82,-0.162,304.144,0.1,4.800000000000001,8.83,-0.17049999999999998,304.164,0.1,4.8285,8.834,-0.172,304.154,0.1,4.8725000000000005,8.8245,-0.1615,304.11,0.1,4.9185,8.8055,-0.14150000000000001,304.052,0.1,
4.26,8.7745,-0.103,304.518,0.1,4.3155,8.788,-0.0935,304.478,0.1,4.3675,8.797,-0.0795,304.437,0.1,4.407,8.8015,-0.0735,304.406,0.1,4.4315,8.803999999999998,-0.076,304.39,0.1,4.454,8.8075,-0.081,304.369,0.1,4.491,8.814499999999999,-0.08549999999999999,304.333,0.1,4.553,8.8185,-0.0925,304.283,0.1,4.6345,8.812000000000001,-0.10400000000000001,304.222,0.1,4.7135,8.8005,-0.123,304.171,0.1,4.766,8.798,-0.1495,304.153,0.1,4.7844999999999995,8.8095,-0.172,304.168,0.1,4.786,8.8275,-0.18,304.192,0.1,4.797,8.843,-0.1765,304.2,0.1,4.834,8.842500000000001,-0.1655,304.175,0.1,4.8925,8.824000000000002,-0.151,304.114,0.1,
4.2669999999999995,8.738,-0.0775,304.54,0.1,4.321,8.7515,-0.0765,304.501,0.1,4.3725000000000005,8.7615,-0.0725,304.461,0.1,4.416,8.7665,-0.0715,304.425,0.1,4.4475,8.7695,-0.073,304.398,0.1,4.4715,8.776,-0.075,304.374,0.1,4.5015,8.786999999999999,-0.0775,304.347,0.1,4.553,8.7965,-0.08449999999999999,304.311,0.1,4.629,8.7955,-0.097,304.257,0.1,4.71,8.786999999999999,-0.12,304.206,0.1,4.769500000000001,8.785,-0.154,304.186,0.1,4.792,8.7955,-0.1805,304.194,0.1,4.7829999999999995,8.815999999999999,-0.188,304.216,0.1,4.771,8.8385,-0.1815,304.239,0.1,4.787,8.847999999999999,-0.17149999999999999,304.235,0.1,4.839499999999999,8.839,-0.1615,304.185,0.1,
4.276999999999999,8.704,-0.0455,304.557,0.1,4.3275,8.716000000000001,-0.0525,304.522,0.1,4.3774999999999995,8.725000000000001,-0.059,304.484,0.1,4.4239999999999995,8.731,-0.0675,304.447,0.1,4.4625,8.738,-0.0725,304.411,0.1,4.4895,8.749500000000001,-0.075,304.383,0.1,4.5145,8.7645,-0.0775,304.363,0.1,4.557,8.778500000000001,-0.082,304.336,0.1,4.625500000000001,8.783000000000001,-0.093,304.288,0.1,4.7065,8.778500000000001,-0.11599999999999999,304.24,0.1,4.7735,8.776499999999999,-0.155,304.219,0.1,4.8045,8.782499999999999,-0.1845,304.221,0.1,4.7955000000000005,8.799,-0.191,304.237,0.1,4.769,8.82,-0.1855,304.261,0.1,4.7615,8.8345,-0.178,304.269,0.1,4.7945,8.8375,-0.168,304.238,0.1,
4.2915,8.6755,-0.025,304.567,0.1,4.3375,8.686,-0.033,304.537,0.1,4.385999999999999,8.693999999999999,-0.043,304.502,0.1,4.435,8.7015,-0.055,304.465,0.1,4.4765,8.711,-0.067,304.429,0.1,4.5045,8.7255,-0.0745,304.403,0.1,4.526,8.744,-0.077,304.385,0.1,4.5595,8.762,-0.0785,304.36,0.1,4.619,8.774000000000001,-0.086,304.32,0.1,4.698,8.776499999999999,-0.107,304.277,0.1,4.772,8.774999999999999,-0.145,304.255,0.1,4.814500000000001,8.774999999999999,-0.177,304.25,0.1,4.816000000000001,8.783,-0.185,304.256,0.1,4.792,8.7965,-0.181,304.267,0.1,4.7715,8.81,-0.174,304.272,0.1,4.781000000000001,8.8205,-0.1615,304.261,0.1,
4.310499999999999,8.653500000000001,-0.021,304.571,0.1,4.3515,8.6655,-0.0245,304.546,0.1,4.399,8.674,-0.0295,304.515,0.1,4.4485,8.682500000000001,-0.0405,304.481,0.1,4.4915,8.6915,-0.0555,304.449,0.1,4.5195,8.7045,-0.067,304.426,0.1,4.537,8.7235,-0.071,304.409,0.1,4.5625,8.745000000000001,-0.0695,304.387,0.1,4.6114999999999995,8.765,-0.0735,304.354,0.1,4.6835,8.777,-0.0895,304.318,0.1,4.7595,8.778500000000001,-0.122,304.293,0.1,4.8125,8.7745,-0.155,304.284,0.1,4.829000000000001,8.774000000000001,-0.1685,304.28,0.1,4.817,8.780000000000001,-0.168,304.274,0.1,4.7965,8.7895,-0.1575,304.268,0.1,4.7925,8.800999999999998,-0.14,304.265,0.1,
4.332000000000001,8.6385,-0.0265,304.573,0.1,4.3675,8.655,-0.025,304.552,0.1,4.4125,8.666,-0.026000000000000002,304.525,0.1,4.4625,8.675,-0.034,304.495,0.1,4.5075,8.681999999999999,-0.046,304.466,0.1,4.5365,8.690000000000001,-0.057499999999999996,304.445,0.1,4.5525,8.7055,-0.062,304.43,0.1,4.5715,8.7285,-0.06,304.412,0.1,4.608499999999999,8.754999999999999,-0.059,304.387,0.1,4.6685,8.776,-0.068,304.357,0.1,4.739,8.7835,-0.094,304.333,0.1,4.7965,8.779,-0.126,304.32,0.1,4.8245000000000005,8.774000000000001,-0.1465,304.312,0.1,4.8255,8.775500000000001,-0.149,304.297,0.1,4.816,8.782499999999999,-0.1345,304.278,0.1,4.8134999999999994,8.793,-0.1125,304.267,0.1,
4.3525,8.6305,-0.0305,304.579,0.1,4.3815,8.651499999999999,-0.0285,304.562,0.1,4.422499999999999,8.667,-0.0305,304.539,0.1,4.471,8.677499999999998,-0.0395,304.512,0.1,4.5175,8.683,-0.0495,304.485,0.1,4.552,8.686,-0.056999999999999995,304.463,0.1,4.5725,8.696000000000002,-0.058499999999999996,304.447,0.1,4.5895,8.716999999999999,-0.054,304.431,0.1,4.6165,8.746500000000001,-0.048,304.413,0.1,4.660500000000001,8.7735,-0.0495,304.389,0.1,4.7170000000000005,8.7865,-0.0695,304.369,0.1,4.7695,8.783999999999999,-0.10200000000000001,304.358,0.1,4.8015,8.7775,-0.126,304.351,0.1,4.8125,8.778500000000001,-0.1285,304.336,0.1,4.816,8.788,-0.1135,304.309,0.1,4.824999999999999,8.8,-0.095,304.285,0.1,
4.3740000000000006,8.6305,-0.025500000000000002,304.589,0.1,4.3965,8.653500000000001,-0.027,304.575,0.1,4.43,8.6725,-0.036500000000000005,304.556,0.1,4.4735,8.686,-0.052000000000000005,304.532,0.1,4.5205,8.692499999999999,-0.064,304.506,0.1,4.561999999999999,8.6945,-0.0675,304.482,0.1,4.5920000000000005,8.700500000000002,-0.0635,304.463,0.1,4.6129999999999995,8.7165,-0.055,304.448,0.1,4.6335,8.744,-0.0435,304.433,0.1,4.662,8.772,-0.0395,304.415,0.1,4.7015,8.788,-0.056,304.398,0.1,4.744,8.788499999999999,-0.0875,304.392,0.1,4.7755,8.782,-0.11,304.39,0.1,4.793,8.784,-0.1105,304.379,0.1,4.8055,8.798,-0.1005,304.352,0.1,4.8235,8.814499999999999,-0.0925,304.318,0.1,
4.3995,8.642,-0.010499999999999999,304.595,0.1,4.416,8.661999999999999,-0.0155,304.583,0.1,4.4399999999999995,8.682,-0.0325,304.57,0.1,4.476,8.699000000000002,-0.0555,304.549,0.1,4.5205,8.7095,-0.07300000000000001,304.526,0.1,4.566,8.715,-0.0775,304.501,0.1,4.6045,8.720500000000001,-0.07150000000000001,304.481,0.1,4.632,8.731000000000002,-0.061,304.467,0.1,4.651,8.751999999999999,-0.0495,304.454,0.1,4.67,8.776,-0.043,304.436,0.1,4.697,8.793,-0.0545,304.419,0.1,4.7305,8.7975,-0.08,304.412,0.1,4.7615,8.7925,-0.0975,304.417,0.1,4.783,8.793500000000002,-0.0955,304.413,0.1,4.798500000000001,8.8085,-0.09,304.39,0.1,4.816,8.8275,-0.094,304.354,0.1,
4.4145,8.663,0.001,304.611,0.1,4.4295,8.677,-0.003,304.6,0.1,4.4475,8.695,-0.022,304.59,0.1,4.4755,8.714500000000001,-0.047,304.573,0.1,4.5135000000000005,8.7305,-0.069,304.553,0.1,4.5575,8.741,-0.0795,304.531,0.1,4.5995,8.748000000000001,-0.0785,304.512,0.1,4.6325,8.7545,-0.07350000000000001,304.5,0.1,4.6555,8.7675,-0.066,304.486,0.1,4.673500000000001,8.785499999999999,-0.06,304.464,0.1,4.694000000000001,8.803,-0.0655,304.441,0.1,4.721,8.812000000000001,-0.082,304.432,0.1,4.75,8.81,-0.093,304.439,0.1,4.7735,8.8085,-0.087,304.444,0.1,4.79,8.8195,-0.082,304.426,0.1,4.8045,8.837,-0.0905,304.392,0.1,
4.407,8.685500000000001,-0.017,304.649,0.1,4.426,8.693999999999999,-0.015,304.638,0.1,4.445,8.7065,-0.028499999999999998,304.625,0.1,4.468500000000001,8.725,-0.0465,304.61,0.1,4.4990000000000006,8.744499999999999,-0.0655,304.59,0.1,4.5355,8.759,-0.0825,304.573,0.1,4.574,8.7675,-0.094,304.561,0.1,4.609999999999999,8.771999999999998,-0.0985,304.549,0.1,4.64,8.779499999999999,-0.0955,304.532,0.1,4.663,8.793,-0.089,304.505,0.1,4.6825,8.8105,-0.0885,304.477,0.1,4.7044999999999995,8.823,-0.0975,304.463,0.1,4.730499999999999,8.825,-0.104,304.47,0.1,4.755,8.8215,-0.097,304.478,0.1,4.774,8.827,-0.0875,304.466,0.1,4.79,8.841999999999999,-0.088,304.433,0.1,
4.409,8.7005,-0.049,304.671,0.1,4.4305,8.7045,-0.041,304.661,0.1,4.4505,8.71,-0.0445,304.652,0.1,4.4704999999999995,8.7235,-0.053,304.639,0.1,4.4935,8.7405,-0.066,304.623,0.1,4.522,8.756,-0.0865,304.61,0.1,4.5565,8.7655,-0.1085,304.598,0.1,4.593500000000001,8.771,-0.121,304.584,0.1,4.6274999999999995,8.777000000000001,-0.1205,304.566,0.1,4.6545000000000005,8.789,-0.1125,304.541,0.1,4.6754999999999995,8.8065,-0.1085,304.512,0.1,4.6965,8.821000000000002,-0.1135,304.492,0.1,4.7204999999999995,8.826,-0.119,304.492,0.1,4.743499999999999,8.822500000000002,-0.1135,304.5,0.1,4.7615,8.8245,-0.099,304.494,0.1,4.7755,8.839,-0.0895,304.467,0.1,
4.4384999999999994,8.6995,-0.0475,304.654,0.1,4.4585,8.7015,-0.035,304.651,0.1,4.476,8.7005,-0.0345,304.651,0.1,4.4905,8.705,-0.04,304.647,0.1,4.5055,8.714500000000001,-0.052000000000000005,304.64,0.1,4.5285,8.727,-0.0725,304.627,0.1,4.562,8.738,-0.095,304.607,0.1,4.599500000000001,8.746,-0.1075,304.589,0.1,4.6335,8.754000000000001,-0.108,304.574,0.1,4.661,8.7675,-0.103,304.558,0.1,4.683,8.786000000000001,-0.1005,304.534,0.1,4.704,8.8025,-0.1035,304.508,0.1,4.7275,8.809999999999999,-0.109,304.497,0.1,4.7495,8.8085,-0.1075,304.503,0.1,4.763,8.81,-0.095,304.503,0.1,4.7684999999999995,8.824000000000002,-0.08549999999999999,304.489,0.1,
4.4719999999999995,8.679,-0.0165,304.63,0.1,4.49,8.6815,-0.0005,304.632,0.1,4.507,8.6775,0.002,304.638,0.1,4.5195,8.672,-0.0035,304.642,0.1,4.5295000000000005,8.6705,-0.0165,304.64,0.1,4.547000000000001,8.676,-0.035500000000000004,304.628,0.1,4.5760000000000005,8.686499999999999,-0.054,304.607,0.1,4.6114999999999995,8.6975,-0.0635,304.588,0.1,4.6455,8.71,-0.0665,304.578,0.1,4.672499999999999,8.725999999999999,-0.068,304.568,0.1,4.693,8.746,-0.07,304.548,0.1,4.7125,8.766,-0.0725,304.522,0.1,4.736,8.778500000000001,-0.078,304.506,0.1,4.76,8.782,-0.0815,304.506,0.1,4.7735,8.784,-0.0775,304.509,0.1,4.7725,8.7935,-0.0755,304.506,0.1,
4.4990000000000006,8.664,0.002,304.616,0.1,4.519500000000001,8.667,0.019,304.612,0.1,4.5395,8.663,0.027,304.615,0.1,4.5545,8.653,0.032,304.621,0.1,4.564,8.645,0.026500000000000003,304.623,0.1,4.576,8.646,0.0115,304.616,0.1,4.5975,8.655,-0.007,304.603,0.1,4.6285,8.668,-0.0215,304.59,0.1,4.663,8.683,-0.03,304.579,0.1,4.6915,8.7,-0.037000000000000005,304.569,0.1,4.711,8.721,-0.041499999999999995,304.553,0.1,4.728,8.743,-0.0465,304.531,0.1,4.75,8.759,-0.053,304.515,0.1,4.7755,8.766,-0.058499999999999996,304.511,0.1,4.7925,8.768,-0.06,304.513,0.1,4.7925,8.774,-0.059,304.509,0.1,
3.9965,8.731000000000002,-0.1145,304.75,0.1,4.0440000000000005,8.751999999999999,-0.0995,304.718,0.1,4.0855,8.7695,-0.086,304.686,0.1,4.115,8.782,-0.0835,304.665,0.1,4.134,8.7925,-0.09,304.655,0.1,4.1585,8.806000000000001,-0.097,304.634,0.1,4.205,8.8215,-0.1055,304.591,0.1,4.274,8.832,-0.114,304.533,0.1,4.351,8.833,-0.122,304.474,0.1,4.415,8.828,-0.1355,304.437,0.1,4.451499999999999,8.824,-0.153,304.436,0.1,4.4635,8.8235,-0.168,304.461,0.1,4.4715,8.827,-0.175,304.481,0.1,4.496,8.8325,-0.176,304.47,0.1,4.5385,8.834,-0.165,304.427,0.1,4.586,8.8295,-0.1465,304.368,0.1,
4.0065,8.689,-0.1035,304.773,0.1,4.057,8.711500000000001,-0.094,304.738,0.1,4.1035,8.731,-0.081,304.701,0.1,4.1375,8.744499999999999,-0.0745,304.673,0.1,4.158,8.754,-0.076,304.658,0.1,4.1785,8.7665,-0.0805,304.638,0.1,4.214,8.783000000000001,-0.086,304.604,0.1,4.2715,8.7985,-0.0955,304.56,0.1,4.343999999999999,8.806000000000001,-0.11,304.509,0.1,4.4105,8.806999999999999,-0.131,304.468,0.1,4.4505,8.808,-0.157,304.46,0.1,4.4605,8.8125,-0.1775,304.481,0.1,4.457,8.822,-0.1835,304.507,0.1,4.465,8.8325,-0.179,304.513,0.1,4.5015,8.837,-0.1685,304.488,0.1,4.561999999999999,8.8315,-0.1555,304.426,0.1,
4.021,8.6475,-0.078,304.789,0.1,4.0695,8.6695,-0.0775,304.755,0.1,4.116,8.689499999999999,-0.0735,304.719,0.1,4.154,8.7045,-0.0725,304.687,0.1,4.181,8.7165,-0.073,304.662,0.1,4.202500000000001,8.732,-0.075,304.638,0.1,4.2305,8.751000000000001,-0.0785,304.612,0.1,4.279,8.7695,-0.087,304.581,0.1,4.3475,8.7815,-0.10250000000000001,304.535,0.1,4.415,8.786,-0.128,304.493,0.1,4.458500000000001,8.7895,-0.162,304.484,0.1,4.468,8.7975,-0.1855,304.501,0.1,4.452500000000001,8.810500000000001,-0.19,304.527,0.1,4.438,8.8245,-0.1825,304.549,0.1,4.4544999999999995,8.8335,-0.173,304.544,0.1,4.511,8.833,-0.165,304.493,0.1,
4.039,8.6085,-0.046,304.799,0.1,4.084,8.628499999999999,-0.0535,304.769,0.1,4.129,8.648,-0.0605,304.736,0.1,4.17,8.6645,-0.0685,304.703,0.1,4.202500000000001,8.681000000000001,-0.0735,304.67,0.1,4.2255,8.7015,-0.0755,304.644,0.1,4.2490000000000006,8.723500000000001,-0.078,304.624,0.1,4.29,8.7445,-0.084,304.599,0.1,4.353,8.7605,-0.0985,304.557,0.1,4.421,8.7685,-0.124,304.519,0.1,4.470000000000001,8.773,-0.163,304.509,0.1,4.484500000000001,8.7805,-0.19,304.52,0.1,4.465,8.7925,-0.1925,304.541,0.1,4.4350000000000005,8.806999999999999,-0.185,304.567,0.1,4.429,8.819500000000001,-0.1775,304.573,0.1,4.4665,8.826,-0.17,304.542,0.1,
4.0605,8.5755,-0.025,304.803,0.1,4.101,8.5945,-0.0345,304.778,0.1,4.144,8.613,-0.045,304.748,0.1,4.1865000000000006,8.629999999999999,-0.057499999999999996,304.716,0.1,4.221,8.649000000000001,-0.0685,304.684,0.1,4.244,8.672,-0.075,304.66,0.1,4.264,8.6965,-0.077,304.642,0.1,4.298,8.721,-0.0795,304.618,0.1,4.355,8.7425,-0.09,304.581,0.1,4.4225,8.754999999999999,-0.11449999999999999,304.548,0.1,4.4775,8.7605,-0.153,304.535,0.1,4.5009999999999994,8.7645,-0.183,304.541,0.1,4.4895,8.7725,-0.187,304.553,0.1,4.4595,8.785499999999999,-0.1805,304.566,0.1,4.439,8.7995,-0.1735,304.571,0.1,4.452999999999999,8.810500000000001,-0.163,304.56,0.1,
4.0865,8.5505,-0.021,304.802,0.1,4.1215,8.57,-0.026000000000000002,304.781,0.1,4.1625,8.5885,-0.0325,304.755,0.1,4.205,8.6055,-0.044,304.726,0.1,4.2405,8.6235,-0.058499999999999996,304.699,0.1,4.2620000000000005,8.6445,-0.0685,304.679,0.1,4.2775,8.6695,-0.07050000000000001,304.662,0.1,4.305,8.697,-0.07,304.641,0.1,4.354,8.724499999999999,-0.0765,304.61,0.1,4.4175,8.743,-0.096,304.581,0.1,4.476,8.7505,-0.13,304.566,0.1,4.509,8.7515,-0.161,304.566,0.1,4.51,8.756,-0.17099999999999999,304.569,0.1,4.4895,8.767,-0.1675,304.566,0.1,4.4670000000000005,8.780999999999999,-0.157,304.561,0.1,4.465,8.7935,-0.142,304.559,0.1,
4.1145,8.5315,-0.027,304.801,0.1,4.144,8.5535,-0.027,304.783,0.1,4.1815,8.573,-0.0295,304.76,0.1,4.223,8.5905,-0.038,304.735,0.1,4.2595,8.6065,-0.0505,304.712,0.1,4.282,8.6235,-0.0605,304.694,0.1,4.295,8.6455,-0.0625,304.68,0.1,4.3155,8.6745,-0.0605,304.663,0.1,4.3545,8.7065,-0.061,304.64,0.1,4.409,8.731,-0.07200000000000001,304.615,0.1,4.4645,8.7415,-0.1,304.599,0.1,4.5024999999999995,8.7415,-0.1315,304.596,0.1,4.5135,8.7425,-0.1495,304.593,0.1,4.504,8.753,-0.149,304.581,0.1,4.49,8.7695,-0.135,304.565,0.1,4.4875,8.785,-0.1155,304.555,0.1,
4.1415,8.517,-0.031,304.805,0.1,4.1645,8.542000000000002,-0.0295,304.79,0.1,4.1965,8.563500000000001,-0.034,304.77,0.1,4.2355,8.5825,-0.044,304.747,0.1,4.273,8.597999999999999,-0.0545,304.726,0.1,4.3,8.6115,-0.0615,304.709,0.1,4.3165,8.629999999999999,-0.061,304.695,0.1,4.334,8.657499999999999,-0.056,304.681,0.1,4.3635,8.690999999999999,-0.05,304.663,0.1,4.404999999999999,8.719,-0.052,304.644,0.1,4.45,8.7325,-0.074,304.63,0.1,4.484500000000001,8.732,-0.1065,304.628,0.1,4.4985,8.73,-0.1285,304.627,0.1,4.497,8.741,-0.129,304.614,0.1,4.494,8.764,-0.1145,304.589,0.1,4.5005,8.786000000000001,-0.0985,304.567,0.1,
4.1655,8.5095,-0.0265,304.813,0.1,4.183,8.534,-0.0285,304.801,0.1,4.209,8.557500000000001,-0.0395,304.784,0.1,4.244,8.579,-0.056499999999999995,304.763,0.1,4.281499999999999,8.596499999999999,-0.0695,304.743,0.1,4.3134999999999994,8.6095,-0.07300000000000001,304.724,0.1,4.337,8.625499999999999,-0.0685,304.71,0.1,4.3565000000000005,8.6495,-0.058499999999999996,304.697,0.1,4.379,8.680499999999999,-0.0465,304.682,0.1,4.408,8.709,-0.041999999999999996,304.666,0.1,4.44,8.725,-0.0595,304.655,0.1,4.4665,8.724499999999999,-0.091,304.656,0.1,4.48,8.720500000000001,-0.1125,304.661,0.1,4.483499999999999,8.73,-0.1115,304.653,0.1,4.4875,8.758500000000002,-0.1015,304.626,0.1,4.5009999999999994,8.789,-0.0955,304.594,0.1,
4.1925,8.511,-0.0135,304.818,0.1,4.2059999999999995,8.532,-0.018000000000000002,304.808,0.1,4.225,8.5545,-0.035500000000000004,304.797,0.1,4.253,8.5785,-0.06,304.779,0.1,4.287,8.599,-0.079,304.76,0.1,4.322,8.6155,-0.08449999999999999,304.741,0.1,4.3515,8.6305,-0.0785,304.726,0.1,4.374499999999999,8.650500000000001,-0.067,304.715,0.1,4.3955,8.677,-0.054,304.702,0.1,4.417,8.704,-0.0465,304.685,0.1,4.4395,8.722,-0.057499999999999996,304.671,0.1,4.4595,8.724,-0.08399999999999999,304.672,0.1,4.4725,8.7185,-0.101,304.684,0.1,4.479,8.724,-0.098,304.684,0.1,4.484999999999999,8.752,-0.0915,304.66,0.1,4.497,8.788,-0.096,304.625,0.1,
4.208,8.518999999999998,-0.0035,304.833,0.1,4.2204999999999995,8.5345,-0.006500000000000001,304.825,0.1,4.234999999999999,8.554,-0.026000000000000002,304.818,0.1,4.257,8.5785,-0.051000000000000004,304.804,0.1,4.2855,8.602,-0.0745,304.787,0.1,4.3175,8.6215,-0.086,304.77,0.1,4.3485,8.6375,-0.086,304.756,0.1,4.375,8.6545,-0.0805,304.747,0.1,4.398,8.6765,-0.07150000000000001,304.733,0.1,4.419499999999999,8.7015,-0.064,304.712,0.1,4.4384999999999994,8.722,-0.0685,304.691,0.1,4.454000000000001,8.729,-0.08549999999999999,304.688,0.1,4.466,8.724,-0.097,304.703,0.1,4.4745,8.7245,-0.0905,304.712,0.1,4.4815000000000005,8.746,-0.0835,304.694,0.1,4.4895,8.780999999999999,-0.0915,304.66,0.1,
4.1985,8.529499999999999,-0.020999999999999998,304.873,0.1,4.2145,8.539,-0.018500000000000003,304.865,0.1,4.231,8.553,-0.031,304.856,0.1,4.250500000000001,8.5745,-0.049,304.843,0.1,4.2735,8.5985,-0.0685,304.827,0.1,4.2989999999999995,8.618500000000001,-0.087,304.813,0.1,4.3255,8.635000000000002,-0.0995,304.805,0.1,4.353,8.6515,-0.10350000000000001,304.796,0.1,4.381,8.671,-0.1,304.78,0.1,4.406499999999999,8.6945,-0.0925,304.754,0.1,4.426,8.7175,-0.091,304.727,0.1,4.439,8.7295,-0.1,304.717,0.1,4.449,8.7275,-0.1075,304.731,0.1,4.459,8.7245,-0.1005,304.745,0.1,4.469,8.738,-0.0885,304.734,0.1,4.4795,8.7685,-0.0885,304.699,0.1,
4.1995000000000005,8.5395,-0.0505,304.898,0.1,4.217499999999999,8.5435,-0.042499999999999996,304.891,0.1,4.234,8.549,-0.045,304.885,0.1,4.250500000000001,8.562999999999999,-0.053,304.876,0.1,4.2684999999999995,8.5825,-0.066,304.862,0.1,4.289,8.601500000000001,-0.087,304.851,0.1,4.313,8.618,-0.11,304.843,0.1,4.3405000000000005,8.6355,-0.123,304.832,0.1,4.3695,8.654,-0.123,304.815,0.1,4.3965,8.677,-0.114,304.791,0.1,4.417999999999999,8.7015,-0.109,304.762,0.1,4.432499999999999,8.718,-0.114,304.744,0.1,4.4425,8.720500000000001,-0.121,304.75,0.1,4.4510000000000005,8.7165,-0.115,304.765,0.1,4.4595,8.724499999999999,-0.0995,304.761,0.1,4.468500000000001,8.750499999999999,-0.089,304.732,0.1,
4.231999999999999,8.54,-0.047,304.882,0.1,4.2475,8.54,-0.035,304.881,0.1,4.259499999999999,8.5375,-0.0335,304.885,0.1,4.269,8.541,-0.038,304.885,0.1,4.2805,8.5515,-0.0485,304.881,0.1,4.300000000000001,8.567,-0.0695,304.869,0.1,4.3265,8.5845,-0.093,304.852,0.1,4.355,8.6025,-0.107,304.836,0.1,4.381,8.620999999999999,-0.108,304.823,0.1,4.404,8.6445,-0.103,304.808,0.1,4.425,8.671,-0.0995,304.783,0.1,4.443,8.692499999999999,-0.1025,304.758,0.1,4.4565,8.7,-0.109,304.752,0.1,4.464499999999999,8.697500000000002,-0.108,304.764,0.1,4.467,8.7025,-0.095,304.768,0.1,4.4655000000000005,8.724499999999999,-0.0845,304.753,0.1,
4.27,8.521,-0.015,304.859,0.1,4.284,8.521,0.001,304.862,0.1,4.2940000000000005,8.5145,0.004,304.871,0.1,4.3,8.5085,0.0,304.878,0.1,4.3065,8.508,-0.0115,304.88,0.1,4.322,8.517,-0.03,304.87,0.1,4.3475,8.5325,-0.0495,304.851,0.1,4.375500000000001,8.5495,-0.061,304.835,0.1,4.4,8.5695,-0.065,304.827,0.1,4.42,8.5945,-0.066,304.817,0.1,4.438000000000001,8.6245,-0.0665,304.797,0.1,4.455500000000001,8.651,-0.0695,304.771,0.1,4.471,8.665,-0.0765,304.758,0.1,4.4815000000000005,8.6665,-0.081,304.764,0.1,4.4825,8.67,-0.076,304.771,0.1,4.4735,8.686499999999999,-0.0725,304.768,0.1,
4.3015,8.506,0.0035,304.845,0.1,4.3195,8.507,0.020999999999999998,304.842,0.1,4.333500000000001,8.5,0.0295,304.847,0.1,4.3405000000000005,8.49,0.036000000000000004,304.855,0.1,4.3445,8.484,0.032,304.859,0.1,4.354,8.489,0.018000000000000002,304.855,0.1,4.3725000000000005,8.502,-0.0015,304.846,0.1,4.398,8.518,-0.017,304.836,0.1,4.4239999999999995,8.539,-0.026000000000000002,304.828,0.1,4.445,8.565,-0.0325,304.817,0.1,4.4605,8.597,-0.036500000000000005,304.8,0.1,4.4745,8.626,-0.041499999999999995,304.778,0.1,4.4905,8.644,-0.049,304.764,0.1,4.5045,8.648,-0.0555,304.766,0.1,4.509,8.651,-0.056,304.772,0.1,4.5009999999999994,8.664,-0.053000000000000005,304.769,0.1,
3.734,8.6465,-0.1145,305.012,0.1,3.7765,8.6775,-0.1,304.984,0.1,3.8125,8.7045,-0.0865,304.955,0.1,3.8365,8.724499999999999,-0.084,304.937,0.1,3.8520000000000003,8.7405,-0.089,304.928,0.1,3.875,8.7625,-0.0955,304.908,0.1,3.9195,8.7905,-0.1055,304.87,0.1,3.984,8.815999999999999,-0.11699999999999999,304.819,0.1,4.053,8.8315,-0.127,304.77,0.1,4.107,8.8355,-0.14200000000000002,304.743,0.1,4.1345,8.831,-0.1595,304.75,0.1,4.140000000000001,8.8225,-0.173,304.778,0.1,4.143000000000001,8.8185,-0.1785,304.798,0.1,4.1635,8.8255,-0.179,304.787,0.1,4.2044999999999995,8.837499999999999,-0.168,304.744,0.1,4.253,8.8475,-0.1505,304.685,0.1,
3.752,8.597999999999999,-0.104,305.029,0.1,3.7965,8.629999999999999,-0.094,304.999,0.1,3.8375,8.6595,-0.0815,304.965,0.1,3.8665,8.682,-0.075,304.939,0.1,3.8834999999999997,8.699,-0.0755,304.926,0.1,3.9015,8.719999999999999,-0.079,304.906,0.1,3.9349999999999996,8.747,-0.086,304.876,0.1,3.988,8.774000000000001,-0.098,304.838,0.1,4.0515,8.7955,-0.1145,304.795,0.1,4.106,8.808,-0.1375,304.765,0.1,4.134,8.8125,-0.163,304.767,0.1,4.1355,8.811,-0.1815,304.795,0.1,4.127000000000001,8.8115,-0.1855,304.822,0.1,4.1325,8.817499999999999,-0.1805,304.827,0.1,4.1690000000000005,8.8255,-0.17099999999999999,304.801,0.1,4.231999999999999,8.8335,-0.16,304.739,0.1,
3.774,8.5505,-0.0775,305.038,0.1,3.817,8.5815,-0.0775,305.009,0.1,3.8585000000000003,8.6115,-0.074,304.977,0.1,3.8914999999999997,8.637,-0.0725,304.948,0.1,3.9139999999999997,8.658999999999999,-0.0725,304.925,0.1,3.9325,8.683,-0.0745,304.901,0.1,3.959,8.71,-0.0785,304.878,0.1,4.004,8.7375,-0.089,304.851,0.1,4.064,8.7625,-0.107,304.812,0.1,4.1175,8.780000000000001,-0.1345,304.782,0.1,4.145,8.7895,-0.168,304.783,0.1,4.143,8.7945,-0.189,304.808,0.1,4.121,8.799,-0.191,304.838,0.1,4.104,8.8055,-0.183,304.859,0.1,4.122,8.813500000000001,-0.174,304.853,0.1,4.1825,8.822,-0.168,304.801,0.1,
3.8,8.507,-0.046,305.041,0.1,3.839,8.535499999999999,-0.054,305.016,0.1,3.8785,8.565,-0.0615,304.988,0.1,3.914,8.592500000000001,-0.069,304.959,0.1,3.941,8.620000000000001,-0.0735,304.929,0.1,3.9604999999999997,8.6485,-0.0755,304.904,0.1,3.9825,8.6765,-0.078,304.884,0.1,4.0215,8.7055,-0.08549999999999999,304.862,0.1,4.0785,8.733,-0.10250000000000001,304.826,0.1,4.1335,8.753,-0.1305,304.798,0.1,4.164,8.7645,-0.16949999999999998,304.799,0.1,4.162,8.773,-0.1935,304.819,0.1,4.1335,8.7805,-0.1925,304.846,0.1,4.1005,8.788499999999999,-0.184,304.872,0.1,4.096,8.799,-0.1765,304.877,0.1,4.139,8.8085,-0.17149999999999999,304.845,0.1,
3.829,8.470500000000001,-0.025,305.039,0.1,3.8635,8.497499999999999,-0.035,305.018,0.1,3.9015,8.526,-0.046,304.993,0.1,3.9375,8.5535,-0.0595,304.967,0.1,3.9645,8.583,-0.0695,304.939,0.1,3.982,8.613,-0.0745,304.917,0.1,4.0009999999999994,8.643,-0.0765,304.898,0.1,4.036,8.6745,-0.0805,304.875,0.1,4.09,8.7055,-0.094,304.843,0.1,4.1465,8.728,-0.1205,304.818,0.1,4.182499999999999,8.7405,-0.1595,304.817,0.1,4.1865,8.7485,-0.1865,304.832,0.1,4.162,8.7575,-0.187,304.851,0.1,4.1265,8.769,-0.1785,304.865,0.1,4.106,8.782499999999999,-0.17149999999999999,304.87,0.1,4.124499999999999,8.793,-0.164,304.859,0.1,
3.8625,8.442,-0.0205,305.033,0.1,3.891,8.468499999999999,-0.027,305.016,0.1,3.9255,8.496500000000001,-0.0345,304.994,0.1,3.9604999999999997,8.523,-0.047,304.972,0.1,3.9875,8.5505,-0.0605,304.95,0.1,4.003,8.579,-0.0685,304.932,0.1,4.0175,8.61,-0.0695,304.915,0.1,4.047000000000001,8.644,-0.07,304.893,0.1,4.0954999999999995,8.678,-0.079,304.866,0.1,4.150499999999999,8.704,-0.101,304.845,0.1,4.191,8.7175,-0.136,304.84,0.1,4.202999999999999,8.723,-0.165,304.849,0.1,4.1884999999999994,8.732,-0.17149999999999999,304.858,0.1,4.1605,8.748000000000001,-0.1655,304.858,0.1,4.135999999999999,8.765999999999998,-0.156,304.855,0.1,4.1370000000000005,8.779,-0.1435,304.852,0.1,
3.8979999999999997,8.419,-0.0265,305.028,0.1,3.9204999999999997,8.4455,-0.028,305.014,0.1,3.9495,8.474,-0.032,304.995,0.1,3.9825,8.500499999999999,-0.041499999999999995,304.975,0.1,4.01,8.525500000000001,-0.054,304.958,0.1,4.0255,8.551,-0.0625,304.944,0.1,4.0365,8.581,-0.063,304.931,0.1,4.059,8.616,-0.061,304.913,0.1,4.0995,8.651499999999999,-0.063,304.892,0.1,4.149,8.68,-0.076,304.874,0.1,4.189500000000001,8.6945,-0.1045,304.866,0.1,4.207,8.697500000000002,-0.135,304.871,0.1,4.2005,8.705,-0.1505,304.874,0.1,4.1805,8.724499999999999,-0.148,304.866,0.1,4.162,8.750499999999999,-0.1345,304.851,0.1,4.16,8.77,-0.118,304.843,0.1,
3.9290000000000003,8.398499999999999,-0.0305,305.03,0.1,3.9459999999999997,8.4255,-0.0305,305.018,0.1,3.9695,8.454,-0.0365,305.001,0.1,3.9989999999999997,8.4825,-0.0475,304.982,0.1,4.0275,8.5075,-0.059,304.967,0.1,4.0465,8.530999999999999,-0.065,304.955,0.1,4.059,8.5595,-0.063,304.944,0.1,4.078,8.593499999999999,-0.0575,304.93,0.1,4.109999999999999,8.629,-0.052,304.914,0.1,4.148999999999999,8.658,-0.0545,304.898,0.1,4.182,8.6725,-0.077,304.892,0.1,4.1975,8.6735,-0.1095,304.898,0.1,4.194,8.677,-0.1295,304.903,0.1,4.18,8.698,-0.128,304.892,0.1,4.17,8.7335,-0.1145,304.869,0.1,4.175000000000001,8.765,-0.101,304.849,0.1,
3.957,8.3825,-0.027,305.037,0.1,3.9690000000000003,8.4085,-0.029,305.027,0.1,3.987,8.435500000000001,-0.0415,305.012,0.1,4.0125,8.4665,-0.06,304.995,0.1,4.0405,8.494,-0.074,304.979,0.1,4.0635,8.519,-0.078,304.967,0.1,4.080500000000001,8.546,-0.0725,304.957,0.1,4.099,8.577,-0.0615,304.946,0.1,4.125,8.611,-0.049,304.931,0.1,4.1545,8.64,-0.0445,304.917,0.1,4.1775,8.655000000000001,-0.062,304.911,0.1,4.186999999999999,8.655000000000001,-0.0935,304.921,0.1,4.182499999999999,8.653,-0.114,304.932,0.1,4.172,8.671,-0.1115,304.926,0.1,4.1675,8.7125,-0.1015,304.9,0.1,4.1775,8.7575,-0.0975,304.87,0.1,
3.9865,8.373999999999999,-0.016,305.041,0.1,3.9965,8.3955,-0.0195,305.033,0.1,4.009,8.4205,-0.038,305.024,0.1,4.0285,8.452,-0.063,305.009,0.1,4.0525,8.4825,-0.0835,304.994,0.1,4.0765,8.510000000000002,-0.09,304.981,0.1,4.0969999999999995,8.5365,-0.08399999999999999,304.971,0.1,4.116,8.564499999999999,-0.07200000000000001,304.963,0.1,4.1385000000000005,8.596,-0.057999999999999996,304.95,0.1,4.163,8.626,-0.0495,304.934,0.1,4.181,8.6445,-0.06,304.924,0.1,4.1865000000000006,8.6455,-0.0865,304.932,0.1,4.1815,8.639,-0.103,304.951,0.1,4.1735,8.649000000000001,-0.099,304.954,0.1,4.17,8.689,-0.092,304.93,0.1,4.176,8.742,-0.097,304.897,0.1,
4.002,8.3695,-0.008,305.055,0.1,4.0120000000000005,8.385000000000002,-0.0095,305.05,0.1,4.0225,8.407,-0.028999999999999998,305.045,0.1,4.0375,8.4365,-0.054,305.034,0.1,4.056,8.468,-0.078,305.021,0.1,4.076499999999999,8.496,-0.091,305.008,0.1,4.096,8.522,-0.092,305.0,0.1,4.115500000000001,8.549,-0.086,304.993,0.1,4.139,8.58,-0.076,304.981,0.1,4.164,8.611999999999998,-0.0675,304.96,0.1,4.1815,8.6355,-0.07100000000000001,304.942,0.1,4.1855,8.6405,-0.088,304.945,0.1,4.18,8.6325,-0.0995,304.967,0.1,4.173500000000001,8.633500000000002,-0.0925,304.979,0.1,4.171,8.6655,-0.0845,304.962,0.1,4.173,8.718,-0.0915,304.928,0.1,
3.9895,8.3675,-0.0245,305.097,0.1,4.0035,8.378,-0.0215,305.092,0.1,4.0165,8.394,-0.033,305.087,0.1,4.031,8.418,-0.0505,305.077,0.1,4.0465,8.4465,-0.07100000000000001,305.063,0.1,4.0605,8.472999999999999,-0.09,305.053,0.1,4.0755,8.4975,-0.103,305.049,0.1,4.095,8.524999999999999,-0.1075,305.044,0.1,4.1205,8.557500000000001,-0.1035,305.028,0.1,4.1485,8.591,-0.095,305.002,0.1,4.168,8.619,-0.0925,304.977,0.1,4.172000000000001,8.6305,-0.1015,304.972,0.1,4.166,8.624500000000001,-0.109,304.992,0.1,4.161,8.6205,-0.102,305.011,0.1,4.162,8.642,-0.089,305.001,0.1,4.167,8.688500000000001,-0.088,304.965,0.1,
3.9895,8.372,-0.0515,305.124,0.1,4.004,8.3765,-0.0435,305.12,0.1,4.0169999999999995,8.3825,-0.045,305.118,0.1,4.0295,8.396999999999998,-0.0525,305.112,0.1,4.042,8.4185,-0.065,305.102,0.1,4.054,8.440999999999999,-0.0865,305.093,0.1,4.068,8.4655,-0.1105,305.088,0.1,4.087,8.494,-0.124,305.079,0.1,4.111,8.526,-0.1235,305.064,0.1,4.1370000000000005,8.559999999999999,-0.1145,305.04,0.1,4.1585,8.5915,-0.1085,305.012,0.1,4.167,8.61,-0.1135,304.997,0.1,4.1635,8.6095,-0.121,305.008,0.1,4.157500000000001,8.604500000000002,-0.115,305.029,0.1,4.1565,8.6175,-0.099,305.027,0.1,4.160500000000001,8.655999999999999,-0.088,304.996,0.1,
4.0255,8.3735,-0.0465,305.11,0.1,4.036,8.372,-0.034,305.111,0.1,4.0425,8.368,-0.032,305.118,0.1,4.047000000000001,8.3715,-0.035,305.122,0.1,4.0545,8.383,-0.045,305.121,0.1,4.0695,8.401,-0.066,305.112,0.1,4.09,8.4255,-0.0905,305.098,0.1,4.109999999999999,8.4525,-0.1055,305.083,0.1,4.1274999999999995,8.482,-0.107,305.073,0.1,4.146,8.516,-0.1015,305.058,0.1,4.166,8.550999999999998,-0.0975,305.033,0.1,4.1805,8.577,-0.1005,305.009,0.1,4.1835,8.584,-0.108,305.007,0.1,4.1775,8.58,-0.107,305.025,0.1,4.1690000000000005,8.5885,-0.0935,305.032,0.1,4.1615,8.618500000000001,-0.083,305.017,0.1,
4.0685,8.3565,-0.013000000000000001,305.087,0.1,4.077500000000001,8.3535,0.003,305.092,0.1,4.08,8.344999999999999,0.006500000000000001,305.104,0.1,4.079000000000001,8.338999999999999,0.0045000000000000005,305.114,0.1,4.0815,8.34,-0.006,305.119,0.1,4.0954999999999995,8.352,-0.024,305.112,0.1,4.1175,8.3725,-0.0445,305.096,0.1,4.137499999999999,8.395,-0.057999999999999996,305.082,0.1,4.1525,8.422,-0.062,305.076,0.1,4.166,8.457,-0.063,305.067,0.1,4.1815,8.4965,-0.063,305.046,0.1,4.197,8.5305,-0.066,305.02,0.1,4.205,8.545,-0.074,305.01,0.1,4.202,8.544,-0.079,305.022,0.1,4.19,8.549499999999998,-0.073,305.034,0.1,4.173500000000001,8.572500000000002,-0.0685,305.031,0.1,
4.104,8.342,0.005,305.073,0.1,4.1195,8.34,0.023,305.071,0.1,4.127000000000001,8.331,0.033,305.078,0.1,4.1259999999999994,8.321,0.040499999999999994,305.089,0.1,4.124499999999999,8.317,0.038000000000000006,305.096,0.1,4.131,8.325,0.024,305.095,0.1,4.147,8.342,0.004,305.089,0.1,4.1665,8.362,-0.0125,305.083,0.1,4.184,8.388,-0.022,305.077,0.1,4.198,8.424,-0.0275,305.066,0.1,4.2095,8.466,-0.031,305.047,0.1,4.221,8.504,-0.036000000000000004,305.025,0.1,4.23,8.522,-0.0445,305.013,0.1,4.2315000000000005,8.523,-0.052000000000000005,305.022,0.1,4.2235,8.527,-0.051000000000000004,305.032,0.1,4.2075,8.547,-0.0465,305.029,0.1,
3.4355,8.475999999999999,-0.113,305.284,0.1,3.475,8.5105,-0.099,305.258,0.1,3.508,8.542,-0.08549999999999999,305.233,0.1,3.5279999999999996,8.5665,-0.083,305.217,0.1,3.5395,8.586,-0.0865,305.211,0.1,3.56,8.613,-0.0925,305.193,0.1,3.6020000000000003,8.6475,-0.1045,305.157,0.1,3.662,8.6805,-0.118,305.111,0.1,3.723,8.7045,-0.1305,305.067,0.1,3.767,8.713999999999999,-0.1465,305.046,0.1,3.787,8.707,-0.164,305.056,0.1,3.7904999999999998,8.689,-0.177,305.083,0.1,3.7955,8.678999999999998,-0.1805,305.098,0.1,3.818,8.688500000000001,-0.1805,305.081,0.1,3.8594999999999997,8.711500000000001,-0.1695,305.034,0.1,3.9065,8.737,-0.153,304.975,0.1,
3.457,8.424499999999998,-0.103,305.296,0.1,3.4995000000000003,8.4605,-0.093,305.269,0.1,3.5385,8.4945,-0.0805,305.238,0.1,3.5645,8.522,-0.074,305.215,0.1,3.5785,8.5435,-0.0735,305.203,0.1,3.5949999999999998,8.5705,-0.077,305.185,0.1,3.626,8.6025,-0.08549999999999999,305.157,0.1,3.6734999999999998,8.6345,-0.0995,305.123,0.1,3.7275,8.663499999999999,-0.1175,305.087,0.1,3.769,8.683,-0.14100000000000001,305.063,0.1,3.7865,8.686,-0.1665,305.07,0.1,3.784,8.6765,-0.184,305.099,0.1,3.7775,8.6685,-0.1865,305.123,0.1,3.7874999999999996,8.671,-0.1815,305.122,0.1,3.8280000000000003,8.6845,-0.1725,305.089,0.1,3.8920000000000003,8.707,-0.163,305.025,0.1,
3.4844999999999997,8.375,-0.0765,305.301,0.1,3.525,8.41,-0.0765,305.275,0.1,3.564,8.445,-0.0735,305.245,0.1,3.5945,8.4755,-0.0715,305.218,0.1,3.6155,8.503,-0.07100000000000001,305.197,0.1,3.633,8.533000000000001,-0.073,305.175,0.1,3.6574999999999998,8.564,-0.0775,305.153,0.1,3.6975,8.5945,-0.09,305.13,0.1,3.7475,8.626000000000001,-0.11,305.097,0.1,3.787,8.650500000000001,-0.1385,305.073,0.1,3.8005,8.6595,-0.17099999999999999,305.081,0.1,3.79,8.6585,-0.1905,305.11,0.1,3.7685,8.655000000000001,-0.1905,305.139,0.1,3.7575000000000003,8.6545,-0.1825,305.154,0.1,3.7824999999999998,8.662500000000001,-0.1735,305.14,0.1,3.848,8.680499999999999,-0.17,305.084,0.1,
3.5164999999999997,8.3295,-0.045,305.299,0.1,3.5515,8.3625,-0.0535,305.276,0.1,3.589,8.397,-0.0615,305.25,0.1,3.623,8.43,-0.0685,305.224,0.1,3.6479999999999997,8.463000000000001,-0.0725,305.197,0.1,3.666,8.496500000000001,-0.074,305.173,0.1,3.6870000000000003,8.527999999999999,-0.0775,305.155,0.1,3.7235,8.5585,-0.0865,305.135,0.1,3.7725,8.5915,-0.1055,305.105,0.1,3.8120000000000003,8.617,-0.135,305.083,0.1,3.825,8.629,-0.173,305.091,0.1,3.811,8.634,-0.1935,305.117,0.1,3.7795,8.6355,-0.191,305.145,0.1,3.7515,8.6375,-0.1815,305.167,0.1,3.7560000000000002,8.6455,-0.175,305.165,0.1,3.8075,8.658999999999999,-0.1725,305.126,0.1,
3.551,8.2915,-0.024,305.293,0.1,3.581,8.323,-0.0345,305.275,0.1,3.6165,8.3565,-0.0465,305.252,0.1,3.65,8.39,-0.06,305.228,0.1,3.675,8.424,-0.0695,305.203,0.1,3.6915,8.4585,-0.0735,305.183,0.1,3.7095000000000002,8.491,-0.075,305.165,0.1,3.7435,8.5235,-0.081,305.144,0.1,3.792,8.5575,-0.097,305.117,0.1,3.8345000000000002,8.583,-0.125,305.098,0.1,3.8520000000000003,8.596499999999999,-0.163,305.104,0.1,3.8405,8.6035,-0.1865,305.124,0.1,3.8095,8.6095,-0.1845,305.145,0.1,3.7775,8.619,-0.175,305.157,0.1,3.7664999999999997,8.631499999999999,-0.1685,305.156,0.1,3.7945,8.6425,-0.164,305.139,0.1,
3.5905,8.2615,-0.0195,305.284,0.1,3.614,8.2925,-0.027,305.27,0.1,3.6445,8.3255,-0.035500000000000004,305.25,0.1,3.6765,8.3575,-0.049,305.23,0.1,3.7005,8.389,-0.0615,305.211,0.1,3.7135,8.421,-0.0675,305.195,0.1,3.7279999999999998,8.4535,-0.068,305.18,0.1,3.758,8.4885,-0.07,305.159,0.1,3.803,8.523,-0.081,305.136,0.1,3.8465,8.549,-0.1045,305.121,0.1,3.869,8.562999999999999,-0.139,305.123,0.1,3.8645,8.568999999999999,-0.1655,305.137,0.1,3.8415,8.578,-0.1695,305.148,0.1,3.8135,8.596,-0.162,305.146,0.1,3.796,8.6165,-0.1535,305.138,0.1,3.8064999999999998,8.6295,-0.144,305.131,0.1,
3.6310000000000002,8.2355,-0.025500000000000002,305.277,0.1,3.6479999999999997,8.2665,-0.028,305.265,0.1,3.6719999999999997,8.2995,-0.033,305.249,0.1,3.701,8.331,-0.044,305.232,0.1,3.7245,8.36,-0.056,305.217,0.1,3.737,8.3885,-0.063,305.205,0.1,3.748,8.42,-0.0625,305.193,0.1,3.7714999999999996,8.456,-0.061,305.177,0.1,3.8105,8.4905,-0.065,305.16,0.1,3.8505000000000003,8.5165,-0.079,305.148,0.1,3.8739999999999997,8.529499999999999,-0.1065,305.147,0.1,3.8745000000000003,8.533000000000001,-0.1355,305.157,0.1,3.858,8.542,-0.1485,305.161,0.1,3.8365,8.5655,-0.145,305.151,0.1,3.8225,8.5965,-0.1325,305.132,0.1,3.8289999999999997,8.619,-0.1195,305.12,0.1,
3.667,8.211,-0.0295,305.278,0.1,3.6775,8.241,-0.0305,305.269,0.1,3.6950000000000003,8.2735,-0.0375,305.254,0.1,3.7195,8.3065,-0.05,305.239,0.1,3.7430000000000003,8.3355,-0.062,305.226,0.1,3.758,8.363,-0.0665,305.216,0.1,3.77,8.393999999999998,-0.064,305.206,0.1,3.7904999999999998,8.429,-0.058499999999999996,305.194,0.1,3.822,8.462,-0.0535,305.18,0.1,3.854,8.487,-0.057,305.17,0.1,3.872,8.498999999999999,-0.0785,305.171,0.1,3.8705,8.499500000000001,-0.1095,305.181,0.1,3.856,8.504,-0.1275,305.187,0.1,3.8395,8.527999999999999,-0.1255,305.175,0.1,3.8315,8.569,-0.113,305.148,0.1,3.842,8.607,-0.103,305.125,0.1,
3.6980000000000004,8.1905,-0.0265,305.284,0.1,3.704,8.216999999999999,-0.0285,305.278,0.1,3.7155,8.247499999999999,-0.042,305.266,0.1,3.7344999999999997,8.282,-0.0615,305.251,0.1,3.7565,8.314,-0.077,305.239,0.1,3.7744999999999997,8.3435,-0.081,305.229,0.1,3.79,8.3745,-0.075,305.22,0.1,3.81,8.407,-0.064,305.21,0.1,3.8365,8.437999999999999,-0.051500000000000004,305.198,0.1,3.8609999999999998,8.4625,-0.047,305.188,0.1,3.8715,8.475,-0.0635,305.189,0.1,3.864,8.4735,-0.0935,305.203,0.1,3.847,8.471499999999999,-0.1125,305.216,0.1,3.833,8.489999999999998,-0.11,305.208,0.1,3.83,8.536000000000001,-0.1,305.179,0.1,3.844,8.5885,-0.0985,305.146,0.1,
3.7300000000000004,8.175,-0.0175,305.288,0.1,3.7335000000000003,8.1965,-0.0205,305.284,0.1,3.7395,8.2235,-0.039,305.278,0.1,3.7525000000000004,8.2575,-0.065,305.267,0.1,3.7705,8.292,-0.086,305.255,0.1,3.788,8.3245,-0.093,305.245,0.1,3.804,8.3555,-0.0875,305.236,0.1,3.823,8.3855,-0.0755,305.229,0.1,3.8475,8.416,-0.0615,305.218,0.1,3.8705,8.443,-0.052,305.205,0.1,3.879,8.4585,-0.062,305.2,0.1,3.8680000000000003,8.457999999999998,-0.087,305.213,0.1,3.848,8.45,-0.1025,305.234,0.1,3.834,8.459499999999998,-0.0985,305.237,0.1,3.832,8.501999999999999,-0.091,305.21,0.1,3.842,8.561,-0.0965,305.173,0.1,
3.745,8.160499999999999,-0.0115,305.305,0.1,3.7485,8.177,-0.0125,305.304,0.1,3.7525,8.1995,-0.0305,305.303,0.1,3.7619999999999996,8.231,-0.056,305.295,0.1,3.7744999999999997,8.265,-0.08,305.285,0.1,3.7875,8.297,-0.094,305.275,0.1,3.801,8.327,-0.0955,305.268,0.1,3.8185000000000002,8.357,-0.0895,305.263,0.1,3.8435,8.3895,-0.0795,305.252,0.1,3.8695,8.421,-0.07,305.233,0.1,3.881,8.442499999999999,-0.073,305.218,0.1,3.87,8.446,-0.089,305.226,0.1,3.8475,8.435500000000001,-0.1,305.251,0.1,3.8325,8.436499999999999,-0.093,305.264,0.1,3.8310000000000004,8.468499999999999,-0.0845,305.244,0.1,3.8375000000000004,8.525500000000001,-0.0905,305.206,0.1,
3.726,8.1495,-0.0275,305.354,0.1,3.7335000000000003,8.161,-0.024,305.352,0.1,3.7415000000000003,8.177499999999998,-0.0345,305.351,0.1,3.752,8.203,-0.0515,305.344,0.1,3.762,8.2325,-0.072,305.333,0.1,3.7685,8.26,-0.0915,305.326,0.1,3.7755,8.288,-0.1045,305.324,0.1,3.791,8.32,-0.1095,305.32,0.1,3.818,8.3555,-0.1055,305.304,0.1,3.848,8.391,-0.0965,305.279,0.1,3.8645,8.4185,-0.093,305.256,0.1,3.8565,8.428,-0.1015,305.255,0.1,3.8335,8.4205,-0.1085,305.279,0.1,3.8175,8.416,-0.101,305.298,0.1,3.8185000000000002,8.4375,-0.088,305.286,0.1,3.8295,8.487,-0.0865,305.245,0.1,
3.7215,8.15,-0.052,305.387,0.1,3.7295,8.155,-0.0435,305.385,0.1,3.737,8.161999999999999,-0.0445,305.388,0.1,3.7455,8.1775,-0.051000000000000004,305.385,0.1,3.753,8.198,-0.063,305.378,0.1,3.7584999999999997,8.219999999999999,-0.08499999999999999,305.372,0.1,3.766,8.247,-0.109,305.369,0.1,3.7805,8.280000000000001,-0.123,305.36,0.1,3.8040000000000003,8.3165,-0.1225,305.345,0.1,3.832,8.353000000000002,-0.1135,305.321,0.1,3.8520000000000003,8.385,-0.107,305.294,0.1,3.851,8.402000000000001,-0.1115,305.283,0.1,3.8315,8.401,-0.118,305.297,0.1,3.8135,8.3955,-0.112,305.319,0.1,3.8114999999999997,8.408999999999999,-0.096,305.315,0.1,3.8209999999999997,8.449,-0.086,305.279,0.1,
3.76,8.154,-0.045,305.373,0.1,3.7634999999999996,8.151499999999999,-0.0325,305.377,0.1,3.762,8.148,-0.0295,305.389,0.1,3.761,8.152000000000001,-0.031,305.397,0.1,3.7645,8.161999999999999,-0.040499999999999994,305.4,0.1,3.7755,8.178999999999998,-0.0615,305.394,0.1,3.792,8.2045,-0.0865,305.38,0.1,3.808,8.235,-0.10200000000000001,305.365,0.1,3.8225,8.2685,-0.104,305.354,0.1,3.841,8.3045,-0.0985,305.34,0.1,3.8605,8.340499999999999,-0.094,305.316,0.1,3.8680000000000003,8.366,-0.097,305.294,0.1,3.857,8.373000000000001,-0.1045,305.295,0.1,3.8375,8.369,-0.10350000000000001,305.315,0.1,3.824,8.3775,-0.09,305.321,0.1,3.8194999999999997,8.4085,-0.08,305.301,0.1,
3.8075,8.141,-0.0115,305.35,0.1,3.8095,8.136,0.005,305.357,0.1,3.804,8.127,0.0095,305.374,0.1,3.796,8.121500000000001,0.0095,305.388,0.1,3.7945,8.1225,0.0,305.397,0.1,3.806,8.134,-0.018000000000000002,305.392,0.1,3.8255,8.154,-0.0395,305.377,0.1,3.8419999999999996,8.178,-0.0535,305.364,0.1,3.8525,8.207,-0.057999999999999996,305.358,0.1,3.8635,8.243500000000001,-0.058499999999999996,305.348,0.1,3.878,8.2845,-0.057999999999999996,305.328,0.1,3.8885,8.3185,-0.0615,305.303,0.1,3.8845,8.333,-0.07,305.296,0.1,3.867,8.331,-0.0745,305.311,0.1,3.847,8.337,-0.0685,305.323,0.1,3.832,8.3625,-0.063,305.316,0.1,
3.8485,8.128,0.006500000000000001,305.335,0.1,3.8585000000000003,8.124,0.025,305.336,0.1,3.858,8.114,0.036500000000000005,305.346,0.1,3.8495,8.105,0.0455,305.36,0.1,3.843,8.102,0.0445,305.37,0.1,3.847,8.11,0.0305,305.372,0.1,3.8605,8.126,0.01,305.368,0.1,3.8765,8.146,-0.007,305.364,0.1,3.8899999999999997,8.173,-0.017,305.359,0.1,3.901,8.21,-0.022,305.347,0.1,3.911,8.254,-0.0245,305.327,0.1,3.918,8.292,-0.0295,305.305,0.1,3.9165,8.31,-0.039,305.297,0.1,3.9044999999999996,8.309,-0.0465,305.309,0.1,3.887,8.314,-0.044,305.32,0.1,3.8705,8.338,-0.0385,305.314,0.1,
3.112,8.2485,-0.1115,305.561,0.1,3.151,8.282499999999999,-0.097,305.538,0.1,3.183,8.315999999999999,-0.0845,305.516,0.1,3.1995,8.342,-0.0815,305.504,0.1,3.2065,8.363,-0.0835,305.5,0.1,3.224,8.392499999999998,-0.0895,305.484,0.1,3.2635,8.4315,-0.103,305.449,0.1,3.3185000000000002,8.468,-0.1185,305.406,0.1,3.371,8.496,-0.133,305.366,0.1,3.4055,8.508500000000002,-0.1495,305.346,0.1,3.42,8.497,-0.168,305.356,0.1,3.4245,8.471,-0.1805,305.381,0.1,3.435,8.457,-0.182,305.388,0.1,3.4635,8.4695,-0.181,305.362,0.1,3.507,8.503499999999999,-0.1705,305.308,0.1,3.5505,8.5455,-0.155,305.248,0.1,
3.136,8.196,-0.101,305.571,0.1,3.178,8.232,-0.0915,305.545,0.1,3.217,8.2685,-0.0795,305.516,0.1,3.2415000000000003,8.297,-0.0725,305.496,0.1,3.2535,8.321,-0.07100000000000001,305.486,0.1,3.268,8.3515,-0.0745,305.47,0.1,3.2960000000000003,8.3875,-0.084,305.444,0.1,3.3375000000000004,8.4205,-0.1,305.414,0.1,3.3810000000000002,8.452,-0.1195,305.382,0.1,3.4105,8.4745,-0.1435,305.361,0.1,3.419,8.474,-0.1695,305.369,0.1,3.415,8.4555,-0.186,305.398,0.1,3.4154999999999998,8.4415,-0.1875,305.415,0.1,3.435,8.442499999999999,-0.182,305.404,0.1,3.4815,8.461500000000001,-0.173,305.363,0.1,3.545,8.499,-0.1655,305.294,0.1,
3.1675,8.146,-0.075,305.573,0.1,3.2065,8.182500000000001,-0.0755,305.547,0.1,3.2455,8.219000000000001,-0.0725,305.518,0.1,3.2765,8.250499999999999,-0.07,305.494,0.1,3.297,8.281500000000001,-0.069,305.475,0.1,3.3135000000000003,8.3155,-0.07100000000000001,305.455,0.1,3.3360000000000003,8.348500000000001,-0.0765,305.435,0.1,3.3705,8.378499999999999,-0.0905,305.416,0.1,3.41,8.4115,-0.112,305.387,0.1,3.4349999999999996,8.438,-0.14100000000000001,305.367,0.1,3.4349999999999996,8.444500000000001,-0.173,305.378,0.1,3.4189999999999996,8.4355,-0.191,305.408,0.1,3.4025,8.425,-0.1895,305.433,0.1,3.403,8.4195,-0.181,305.44,0.1,3.4395,8.4285,-0.173,305.415,0.1,3.51,8.457,-0.172,305.351,0.1,
3.2035,8.100999999999999,-0.043,305.569,0.1,3.2359999999999998,8.136,-0.0525,305.546,0.1,3.2725,8.1715,-0.061,305.521,0.1,3.307,8.2055,-0.068,305.496,0.1,3.334,8.2425,-0.07100000000000001,305.47,0.1,3.3525,8.279,-0.072,305.448,0.1,3.372,8.311,-0.0765,305.433,0.1,3.4044999999999996,8.340499999999999,-0.087,305.417,0.1,3.4444999999999997,8.373,-0.108,305.39,0.1,3.4690000000000003,8.3995,-0.1385,305.373,0.1,3.4655,8.409,-0.1745,305.385,0.1,3.4415,8.408,-0.1925,305.413,0.1,3.411,8.403500000000001,-0.1885,305.439,0.1,3.394,8.4,-0.1785,305.454,0.1,3.4130000000000003,8.407,-0.1725,305.441,0.1,3.4745,8.4255,-0.173,305.393,0.1,
3.2425,8.063500000000001,-0.022,305.561,0.1,3.269,8.097000000000001,-0.034,305.543,0.1,3.3035,8.132,-0.047,305.52,0.1,3.3375000000000004,8.1665,-0.06,305.496,0.1,3.3630000000000004,8.2035,-0.0685,305.474,0.1,3.38,8.2395,-0.072,305.455,0.1,3.3985000000000003,8.2715,-0.073,305.44,0.1,3.431,8.303,-0.081,305.421,0.1,3.472,8.334499999999998,-0.099,305.398,0.1,3.4989999999999997,8.359,-0.1285,305.385,0.1,3.498,8.3695,-0.1645,305.395,0.1,3.474,8.372499999999999,-0.185,305.418,0.1,3.442,8.374500000000001,-0.181,305.438,0.1,3.4185,8.381,-0.17099999999999999,305.444,0.1,3.4215,8.393,-0.1655,305.434,0.1,3.4635,8.405000000000001,-0.1635,305.406,0.1,
3.2865,8.033000000000001,-0.018000000000000002,305.549,0.1,3.3055000000000003,8.065999999999999,-0.0265,305.536,0.1,3.3345000000000002,8.1015,-0.0365,305.517,0.1,3.3659999999999997,8.135,-0.0505,305.498,0.1,3.3899999999999997,8.1675,-0.062,305.48,0.1,3.404,8.2,-0.0665,305.466,0.1,3.4189999999999996,8.2315,-0.0665,305.451,0.1,3.4485,8.2645,-0.07,305.434,0.1,3.488,8.295,-0.083,305.416,0.1,3.5175,8.317499999999999,-0.1075,305.407,0.1,3.5220000000000002,8.328,-0.1405,305.414,0.1,3.5035,8.3315,-0.164,305.429,0.1,3.476,8.338000000000001,-0.166,305.438,0.1,3.454,8.3555,-0.158,305.432,0.1,3.449,8.377500000000001,-0.15,305.416,0.1,3.474,8.3905,-0.144,305.399,0.1,
3.3315,8.0055,-0.0245,305.54,0.1,3.343,8.038499999999999,-0.0275,305.531,0.1,3.3645,8.0745,-0.0335,305.516,0.1,3.3920000000000003,8.1075,-0.046,305.5,0.1,3.4145000000000003,8.1365,-0.057999999999999996,305.486,0.1,3.427,8.165,-0.0625,305.475,0.1,3.439,8.1955,-0.0615,305.464,0.1,3.4635,8.228,-0.061,305.45,0.1,3.498,8.257000000000001,-0.0665,305.438,0.1,3.526,8.278,-0.081,305.433,0.1,3.5324999999999998,8.286999999999999,-0.1075,305.438,0.1,3.518,8.288499999999999,-0.1345,305.449,0.1,3.4965,8.295,-0.1455,305.45,0.1,3.4795,8.3185,-0.14100000000000001,305.435,0.1,3.4749999999999996,8.352,-0.1295,305.409,0.1,3.4939999999999998,8.376000000000001,-0.1205,305.389,0.1,
3.3705,7.9785,-0.0285,305.541,0.1,3.375,8.01,-0.0295,305.535,0.1,3.3885,8.045,-0.038,305.523,0.1,3.4105,8.0795,-0.052,305.509,0.1,3.432,8.1085,-0.064,305.497,0.1,3.4459999999999997,8.136,-0.0675,305.487,0.1,3.459,8.166,-0.064,305.477,0.1,3.4815,8.1975,-0.059,305.467,0.1,3.511,8.224,-0.055,305.458,0.1,3.533,8.243,-0.059,305.455,0.1,3.534,8.25,-0.0795,305.461,0.1,3.5164999999999997,8.2485,-0.1085,305.474,0.1,3.496,8.250499999999999,-0.1245,305.477,0.1,3.4835000000000003,8.2725,-0.122,305.46,0.1,3.4835000000000003,8.3155,-0.111,305.426,0.1,3.504,8.356,-0.1045,305.396,0.1,
3.4045,7.9544999999999995,-0.026,305.547,0.1,3.4035,7.982,-0.0275,305.546,0.1,3.4095,8.0135,-0.042,305.537,0.1,3.4245,8.0495,-0.0625,305.525,0.1,3.4435000000000002,8.0815,-0.0785,305.514,0.1,3.46,8.1115,-0.083,305.504,0.1,3.476,8.142,-0.0765,305.494,0.1,3.4985,8.172,-0.0655,305.485,0.1,3.5255,8.1965,-0.054,305.477,0.1,3.543,8.214500000000001,-0.049,305.473,0.1,3.5375,8.2215,-0.064,305.48,0.1,3.5125,8.2185,-0.0925,305.496,0.1,3.4865,8.213999999999999,-0.11,305.508,0.1,3.475,8.2285,-0.1075,305.496,0.1,3.4805,8.2735,-0.0985,305.46,0.1,3.5035,8.3275,-0.099,305.42,0.1,
3.4395,7.934,-0.0185,305.551,0.1,3.4345,7.9559999999999995,-0.021,305.553,0.1,3.434,7.9830000000000005,-0.0395,305.552,0.1,3.442,8.0175,-0.066,305.543,0.1,3.4555,8.052,-0.0875,305.534,0.1,3.4705000000000004,8.085,-0.095,305.524,0.1,3.4865000000000004,8.1165,-0.0905,305.514,0.1,3.5075000000000003,8.145,-0.0785,305.507,0.1,3.534,8.17,-0.0645,305.499,0.1,3.5535,8.190000000000001,-0.0545,305.491,0.1,3.5484999999999998,8.2015,-0.0635,305.492,0.1,3.519,8.1995,-0.0865,305.508,0.1,3.4865,8.189499999999999,-0.1015,305.528,0.1,3.4725,8.1945,-0.0975,305.528,0.1,3.479,8.2325,-0.0895,305.496,0.1,3.4985,8.2905,-0.096,305.451,0.1,
3.4535,7.912000000000001,-0.013999999999999999,305.573,0.1,3.448,7.9285,-0.015,305.577,0.1,3.4450000000000003,7.951499999999999,-0.032,305.581,0.1,3.4495,7.9825,-0.0575,305.577,0.1,3.4575,8.0165,-0.0815,305.57,0.1,3.4665,8.0485,-0.096,305.561,0.1,3.4775,8.079,-0.098,305.554,0.1,3.4955,8.108,-0.0925,305.548,0.1,3.523,8.137,-0.0825,305.538,0.1,3.5490000000000004,8.162500000000001,-0.0725,305.522,0.1,3.5515,8.180499999999999,-0.0745,305.513,0.1,3.5229999999999997,8.182,-0.089,305.523,0.1,3.485,8.1705,-0.0995,305.548,0.1,3.466,8.168,-0.0925,305.559,0.1,3.472,8.195,-0.0835,305.536,0.1,3.49,8.247499999999999,-0.0895,305.49,0.1,
3.426,7.894,-0.03,305.632,0.1,3.424,7.906,-0.025500000000000002,305.634,0.1,3.4255,7.9235,-0.035500000000000004,305.637,0.1,3.432,7.9485,-0.052,305.634,0.1,3.4379999999999997,7.977,-0.072,305.626,0.1,3.4395,8.003499999999999,-0.092,305.621,0.1,3.4425,8.0305,-0.1055,305.62,0.1,3.4575,8.062000000000001,-0.1105,305.614,0.1,3.4875,8.096,-0.1065,305.598,0.1,3.5199999999999996,8.127500000000001,-0.0975,305.575,0.1,3.5309999999999997,8.151,-0.093,305.556,0.1,3.508,8.1585,-0.1,305.558,0.1,3.468,8.150500000000001,-0.107,305.582,0.1,3.4444999999999997,8.1445,-0.099,305.6,0.1,3.4515000000000002,8.1615,-0.086,305.583,0.1,3.4755000000000003,8.205,-0.08499999999999999,305.535,0.1,
3.4135,7.8925,-0.052,305.673,0.1,3.4135,7.898,-0.043,305.675,0.1,3.415,7.906499999999999,-0.0435,305.681,0.1,3.4195,7.9215,-0.049,305.682,0.1,3.423,7.9399999999999995,-0.061,305.678,0.1,3.4234999999999998,7.9595,-0.083,305.676,0.1,3.4265,7.984,-0.1065,305.673,0.1,3.4400000000000004,8.017,-0.1205,305.663,0.1,3.466,8.0525,-0.121,305.646,0.1,3.497,8.086,-0.112,305.622,0.1,3.5145,8.1145,-0.105,305.598,0.1,3.5015,8.1295,-0.1085,305.59,0.1,3.465,8.128,-0.1145,305.606,0.1,3.4364999999999997,8.122,-0.108,305.625,0.1,3.4375,8.133,-0.0925,305.616,0.1,3.46,8.167,-0.084,305.574,0.1,
3.454,7.8985,-0.0435,305.66,0.1,3.4495,7.896,-0.031,305.668,0.1,3.4405,7.894,-0.026500000000000003,305.685,0.1,3.4335,7.898,-0.027000000000000003,305.697,0.1,3.4325,7.906000000000001,-0.036000000000000004,305.704,0.1,3.4400000000000004,7.9195,-0.056499999999999995,305.701,0.1,3.4535,7.942,-0.082,305.687,0.1,3.468,7.972,-0.098,305.67,0.1,3.484,8.004000000000001,-0.1,305.657,0.1,3.505,8.036999999999999,-0.095,305.643,0.1,3.5235,8.07,-0.09,305.621,0.1,3.522,8.093,-0.0925,305.602,0.1,3.495,8.0985,-0.0995,305.605,0.1,3.4619999999999997,8.095,-0.0985,305.624,0.1,3.4475,8.103,-0.08549999999999999,305.625,0.1,3.4535,8.129,-0.0765,305.599,0.1,
3.507,7.8895,-0.009999999999999998,305.635,0.1,3.5,7.884,0.007,305.647,0.1,3.485,7.8759999999999994,0.013,305.669,0.1,3.4705,7.872,0.0145,305.688,0.1,3.4645,7.8715,0.006500000000000001,305.701,0.1,3.4735,7.8795,-0.012,305.699,0.1,3.4915000000000003,7.896000000000001,-0.034,305.684,0.1,3.5065,7.918,-0.0485,305.669,0.1,3.5164999999999997,7.9445,-0.0535,305.661,0.1,3.5285,7.978,-0.0535,305.651,0.1,3.543,8.0155,-0.052500000000000005,305.631,0.1,3.5465,8.0465,-0.056499999999999995,305.609,0.1,3.5275,8.058499999999999,-0.0655,305.606,0.1,3.4955,8.057500000000001,-0.0695,305.621,0.1,3.471,8.064499999999999,-0.063,305.629,0.1,3.4625000000000004,8.087,-0.057499999999999996,305.617,0.1,
3.5534999999999997,7.879,0.008,305.618,0.1,3.5555,7.874,0.0275,305.624,0.1,3.5460000000000003,7.865,0.04,305.639,0.1,3.531,7.858,0.051000000000000004,305.656,0.1,3.52,7.854,0.051000000000000004,305.669,0.1,3.521,7.859,0.037500000000000006,305.673,0.1,3.5324999999999998,7.871,0.016,305.672,0.1,3.5465,7.888,-0.0015,305.669,0.1,3.5585,7.912,-0.0115,305.662,0.1,3.5700000000000003,7.946,-0.016,305.649,0.1,3.5805,7.986,-0.0175,305.628,0.1,3.582,8.021,-0.0225,305.608,0.1,3.567,8.036,-0.033,305.604,0.1,3.5395000000000003,8.036,-0.039999999999999994,305.618,0.1,3.5149999999999997,8.043,-0.036500000000000005,305.627,0.1,3.5039999999999996,8.065,-0.03,305.616,0.1,
2.7775,8.0105,-0.109,305.847,0.1,2.8155,8.045,-0.0945,305.825,0.1,2.8455000000000004,8.079999999999998,-0.0825,305.804,0.1,2.8585000000000003,8.108,-0.079,305.796,0.1,2.8615,8.129999999999999,-0.0795,305.795,0.1,2.876,8.1615,-0.08549999999999999,305.781,0.1,2.913,8.202,-0.1,305.748,0.1,2.964,8.241499999999998,-0.118,305.707,0.1,3.01,8.2745,-0.134,305.67,0.1,3.0365,8.289000000000001,-0.1515,305.651,0.1,3.0460000000000003,8.2745,-0.17099999999999999,305.66,0.1,3.0515,8.242,-0.1825,305.681,0.1,3.0685000000000002,8.225,-0.1835,305.68,0.1,3.1035,8.241,-0.181,305.645,0.1,3.149,8.286000000000001,-0.17,305.586,0.1,3.1885000000000003,8.341999999999999,-0.155,305.525,0.1,
2.803,7.9575,-0.098,305.855,0.1,2.8445,7.994,-0.0895,305.829,0.1,2.883,8.032,-0.078,305.8,0.1,2.9065,8.062999999999999,-0.07050000000000001,305.782,0.1,2.9165,8.089,-0.068,305.776,0.1,2.9290000000000003,8.1225,-0.07100000000000001,305.761,0.1,2.954,8.159500000000001,-0.0815,305.737,0.1,2.99,8.193,-0.099,305.711,0.1,3.025,8.2275,-0.1195,305.682,0.1,3.0435,8.252,-0.1445,305.663,0.1,3.0435,8.248999999999999,-0.1705,305.673,0.1,3.0389999999999997,8.223500000000001,-0.1865,305.699,0.1,3.0465,8.204,-0.188,305.711,0.1,3.076,8.2045,-0.1825,305.69,0.1,3.1295,8.23,-0.173,305.639,0.1,3.1925,8.2805,-0.167,305.566,0.1,
2.838,7.908,-0.07200000000000001,305.854,0.1,2.8754999999999997,7.945,-0.0735,305.828,0.1,2.9145,7.983,-0.0715,305.799,0.1,2.9459999999999997,8.017,-0.068,305.777,0.1,2.967,8.051,-0.0665,305.759,0.1,2.983,8.088000000000001,-0.0685,305.74,0.1,3.0025,8.121500000000001,-0.075,305.723,0.1,3.0315,8.15,-0.0905,305.708,0.1,3.0620000000000003,8.184000000000001,-0.1125,305.683,0.1,3.0735,8.2125,-0.1415,305.666,0.1,3.0615,8.2165,-0.1725,305.679,0.1,3.0415,8.201,-0.1895,305.709,0.1,3.0305,8.1845,-0.1885,305.73,0.1,3.042,8.1755,-0.18,305.728,0.1,3.0895,8.186,-0.173,305.693,0.1,3.1645000000000003,8.223500000000001,-0.173,305.622,0.1,
2.8785,7.8635,-0.0405,305.847,0.1,2.9085,7.8995,-0.051000000000000004,305.825,0.1,2.9450000000000003,7.9365000000000006,-0.0605,305.799,0.1,2.9805,7.973,-0.067,305.774,0.1,3.0084999999999997,8.0125,-0.069,305.75,0.1,3.0275,8.0515,-0.07,305.729,0.1,3.0455,8.0835,-0.075,305.716,0.1,3.074,8.1105,-0.0865,305.704,0.1,3.1055,8.1425,-0.1085,305.682,0.1,3.1155,8.1695,-0.139,305.668,0.1,3.0965,8.1765,-0.173,305.684,0.1,3.0645,8.1705,-0.1895,305.713,0.1,3.037,8.160499999999999,-0.185,305.737,0.1,3.0305,8.154,-0.1755,305.744,0.1,3.0635000000000003,8.16,-0.1705,305.721,0.1,3.1345,8.182500000000001,-0.173,305.665,0.1,
2.9225000000000003,7.827,-0.0195,305.836,0.1,2.9450000000000003,7.8614999999999995,-0.033,305.819,0.1,2.9785,7.8985,-0.047,305.796,0.1,3.0134999999999996,7.9345,-0.06,305.773,0.1,3.0404999999999998,7.9735,-0.0675,305.751,0.1,3.0575,8.011,-0.0695,305.733,0.1,3.0755,8.0425,-0.07100000000000001,305.72,0.1,3.106,8.071,-0.0805,305.705,0.1,3.1399999999999997,8.1,-0.1,305.686,0.1,3.1535,8.1225,-0.1295,305.678,0.1,3.136,8.131,-0.163,305.692,0.1,3.1005000000000003,8.130500000000001,-0.181,305.716,0.1,3.068,8.129000000000001,-0.176,305.734,0.1,3.0540000000000003,8.1345,-0.167,305.735,0.1,3.0715,8.146,-0.1625,305.714,0.1,3.126,8.158,-0.163,305.678,0.1,
2.97,7.797000000000001,-0.0155,305.823,0.1,2.9855,7.8315,-0.025,305.812,0.1,3.0134999999999996,7.869,-0.037,305.792,0.1,3.045,7.9030000000000005,-0.0515,305.773,0.1,3.068,7.936999999999999,-0.0615,305.756,0.1,3.0815,7.970000000000001,-0.065,305.743,0.1,3.0975,8.0005,-0.0645,305.73,0.1,3.1260000000000003,8.030000000000001,-0.0695,305.715,0.1,3.16,8.055499999999999,-0.0845,305.702,0.1,3.1775,8.074000000000002,-0.1085,305.699,0.1,3.165,8.082,-0.139,305.71,0.1,3.1334999999999997,8.083,-0.16,305.727,0.1,3.1045,8.088000000000001,-0.161,305.733,0.1,3.0905,8.106,-0.1535,305.721,0.1,3.0985,8.1295,-0.147,305.697,0.1,3.137,8.142,-0.144,305.671,0.1,
3.019,7.769,-0.022,305.813,0.1,3.0255,7.8035,-0.026000000000000002,305.806,0.1,3.045,7.8415,-0.034,305.792,0.1,3.0715,7.875,-0.0475,305.776,0.1,3.093,7.9045000000000005,-0.059,305.763,0.1,3.105,7.9325,-0.0615,305.752,0.1,3.1174999999999997,7.962,-0.0605,305.742,0.1,3.142,7.990500000000001,-0.061,305.731,0.1,3.1725,8.013,-0.0675,305.724,0.1,3.189,8.028,-0.082,305.725,0.1,3.179,8.033999999999999,-0.1065,305.734,0.1,3.152,8.0335,-0.1315,305.746,0.1,3.1275,8.038499999999999,-0.14100000000000001,305.745,0.1,3.1165000000000003,8.0625,-0.1365,305.723,0.1,3.1235,8.099,-0.1275,305.69,0.1,3.1555,8.124500000000001,-0.122,305.662,0.1,
3.0605,7.7405,-0.026000000000000002,305.813,0.1,3.0595,7.7725,-0.0275,305.811,0.1,3.0694999999999997,7.8095,-0.0375,305.801,0.1,3.0895,7.8445,-0.053,305.788,0.1,3.109,7.8735,-0.065,305.776,0.1,3.122,7.9005,-0.068,305.766,0.1,3.136,7.9295,-0.064,305.756,0.1,3.1595,7.957000000000001,-0.0595,305.748,0.1,3.186,7.9765,-0.0565,305.744,0.1,3.198,7.9879999999999995,-0.06,305.748,0.1,3.1835,7.9915,-0.0785,305.759,0.1,3.152,7.9879999999999995,-0.1055,305.772,0.1,3.127,7.988,-0.1205,305.773,0.1,3.1205,8.009500000000001,-0.1185,305.749,0.1,3.1315,8.0535,-0.1095,305.708,0.1,3.1630000000000003,8.097000000000001,-0.106,305.671,0.1,
3.097,7.714,-0.024,305.82,0.1,3.0895,7.741,-0.026000000000000002,305.823,0.1,3.0905,7.774,-0.0415,305.818,0.1,3.102,7.8100000000000005,-0.063,305.807,0.1,3.1174999999999997,7.8415,-0.079,305.797,0.1,3.1325000000000003,7.872,-0.084,305.787,0.1,3.1494999999999997,7.902,-0.0775,305.776,0.1,3.1734999999999998,7.9285,-0.067,305.767,0.1,3.1995,7.9465,-0.056,305.764,0.1,3.2095000000000002,7.9559999999999995,-0.0505,305.767,0.1,3.1895,7.959,-0.0635,305.779,0.1,3.1485,7.954,-0.0895,305.797,0.1,3.1159999999999997,7.948,-0.1065,305.806,0.1,3.1094999999999997,7.9605,-0.1045,305.789,0.1,3.1254999999999997,8.003,-0.098,305.746,0.1,3.1595,8.0585,-0.1,305.699,0.1,
3.1340000000000003,7.6895,-0.018000000000000002,305.825,0.1,3.1215,7.711,-0.0205,305.832,0.1,3.1145,7.737500000000001,-0.0395,305.835,0.1,3.118,7.772,-0.066,305.829,0.1,3.128,7.8055,-0.088,305.822,0.1,3.1399999999999997,7.839499999999999,-0.096,305.812,0.1,3.1550000000000002,7.871,-0.092,305.801,0.1,3.1775,7.8975,-0.081,305.794,0.1,3.2045,7.9165,-0.0675,305.789,0.1,3.2195,7.9285,-0.057,305.787,0.1,3.2030000000000003,7.935499999999999,-0.0635,305.793,0.1,3.1574999999999998,7.932,-0.08399999999999999,305.81,0.1,3.114,7.9215,-0.0985,305.828,0.1,3.1014999999999997,7.923500000000001,-0.096,305.824,0.1,3.1185,7.9565,-0.0895,305.787,0.1,3.1500000000000004,8.012,-0.0965,305.736,0.1,
3.1465,7.6615,-0.0155,305.85,0.1,3.132,7.678,-0.016,305.86,0.1,3.122,7.6995000000000005,-0.033,305.869,0.1,3.122,7.73,-0.058,305.868,0.1,3.1260000000000003,7.762499999999999,-0.082,305.864,0.1,3.1305,7.795,-0.0965,305.857,0.1,3.1385,7.824999999999999,-0.0995,305.849,0.1,3.157,7.853,-0.095,305.842,0.1,3.1870000000000003,7.8775,-0.08549999999999999,305.833,0.1,3.212,7.897,-0.075,305.822,0.1,3.2060000000000004,7.91,-0.075,305.817,0.1,3.162,7.9105,-0.0875,305.828,0.1,3.1100000000000003,7.898999999999999,-0.0965,305.852,0.1,3.089,7.894,-0.091,305.861,0.1,3.1045,7.9155,-0.0835,305.832,0.1,3.1355000000000004,7.9625,-0.09,305.78,0.1,
3.1075,7.637499999999999,-0.031,305.92,0.1,3.0975,7.6495,-0.026,305.927,0.1,3.093,7.666499999999999,-0.035500000000000004,305.934,0.1,3.096,7.6905,-0.0515,305.934,0.1,3.0985,7.717499999999999,-0.0715,305.929,0.1,3.0945,7.7425,-0.091,305.926,0.1,3.093,7.7684999999999995,-0.105,305.926,0.1,3.107,7.7989999999999995,-0.1105,305.919,0.1,3.1390000000000002,7.830500000000001,-0.107,305.903,0.1,3.1734999999999998,7.8575,-0.098,305.882,0.1,3.18,7.8765,-0.093,305.866,0.1,3.1435000000000004,7.8825,-0.0975,305.87,0.1,3.0885,7.874499999999999,-0.10300000000000001,305.893,0.1,3.059,7.8675,-0.096,305.907,0.1,3.074,7.8805,-0.085,305.886,0.1,3.1135,7.917999999999999,-0.08499999999999999,305.831,0.1,
3.0865,7.634499999999999,-0.0515,305.969,0.1,3.079,7.640000000000001,-0.041999999999999996,305.975,0.1,3.074,7.6485,-0.041499999999999995,305.985,0.1,3.0745,7.6625,-0.0465,305.99,0.1,3.075,7.679,-0.058499999999999996,305.988,0.1,3.0709999999999997,7.695,-0.08,305.989,0.1,3.0695,7.718,-0.10300000000000001,305.987,0.1,3.0815,7.75,-0.11699999999999999,305.976,0.1,3.1094999999999997,7.784,-0.118,305.957,0.1,3.143,7.814,-0.11,305.934,0.1,3.158,7.837999999999999,-0.10250000000000001,305.913,0.1,3.1340000000000003,7.851,-0.1045,305.907,0.1,3.083,7.8495,-0.109,305.923,0.1,3.0465,7.843500000000001,-0.10300000000000001,305.939,0.1,3.0525,7.8525,-0.0895,305.924,0.1,3.09,7.881,-0.083,305.874,0.1,
3.1285,7.6434999999999995,-0.041999999999999996,305.957,0.1,3.116,7.641,-0.028499999999999998,305.969,0.1,3.099,7.639,-0.023,305.991,0.1,3.0865,7.6419999999999995,-0.023,306.008,0.1,3.082,7.647,-0.0315,306.018,0.1,3.0865,7.6565,-0.051500000000000004,306.017,0.1,3.098,7.6765,-0.077,306.003,0.1,3.1115,7.705,-0.093,305.984,0.1,3.128,7.7355,-0.0955,305.97,0.1,3.15,7.765499999999999,-0.0905,305.956,0.1,3.167,7.7935,-0.08549999999999999,305.936,0.1,3.1574999999999998,7.814,-0.087,305.92,0.1,3.1165,7.8195,-0.093,305.924,0.1,3.073,7.816,-0.092,305.94,0.1,3.0595,7.824,-0.081,305.935,0.1,3.077,7.8454999999999995,-0.0745,305.903,0.1,
3.187,7.6385000000000005,-0.008,305.93,0.1,3.1715,7.6325,0.0095,305.947,0.1,3.1475,7.625,0.017,305.975,0.1,3.126,7.6205,0.0195,305.998,0.1,3.1165000000000003,7.6175,0.0125,306.015,0.1,3.124,7.6225000000000005,-0.006,306.014,0.1,3.141,7.6355,-0.028499999999999998,305.999,0.1,3.1544999999999996,7.655,-0.0435,305.984,0.1,3.1635,7.679,-0.0485,305.974,0.1,3.176,7.709,-0.048,305.964,0.1,3.1895,7.742,-0.047,305.945,0.1,3.1864999999999997,7.769,-0.0505,305.925,0.1,3.1544999999999996,7.7795,-0.059,305.924,0.1,3.11,7.779,-0.063,305.938,0.1,3.0825,7.7875,-0.056999999999999995,305.941,0.1,3.0825,7.808,-0.053,305.924,0.1,
3.239,7.63,0.009999999999999998,305.912,0.1,3.2335000000000003,7.624,0.03,305.923,0.1,3.2155,7.616,0.044,305.942,0.1,3.1935000000000002,7.609,0.056499999999999995,305.963,0.1,3.179,7.603,0.056999999999999995,305.979,0.1,3.1784999999999997,7.606,0.0435,305.985,0.1,3.1879999999999997,7.614,0.0215,305.985,0.1,3.1995,7.628,0.0035,305.982,0.1,3.2105,7.649,-0.0065,305.975,0.1,3.2220000000000004,7.679,-0.01,305.961,0.1,3.2315,7.715,-0.011,305.939,0.1,3.2275,7.745,-0.0155,305.92,0.1,3.2,7.757,-0.026,305.92,0.1,3.159,7.758,-0.0325,305.935,0.1,3.13,7.767,-0.029,305.94,0.1,3.126,7.789,-0.023,305.923,0.1,
2.334,7.679,-0.105,306.207,0.1,2.3725,7.717499999999999,-0.0915,306.177,0.1,2.4025,7.757,-0.08,306.149,0.1,2.41,7.785,-0.0755,306.138,0.1,2.404,7.802,-0.0745,306.141,0.1,2.412,7.8245000000000005,-0.0805,306.132,0.1,2.449,7.8580000000000005,-0.0965,306.101,0.1,2.5060000000000002,7.897,-0.116,306.058,0.1,2.5614999999999997,7.9335,-0.1335,306.015,0.1,2.5975,7.9565,-0.152,305.988,0.1,2.613,7.949,-0.1725,305.989,0.1,2.6245000000000003,7.922499999999999,-0.184,306.002,0.1,2.6505,7.9125,-0.1845,305.994,0.1,2.6945,7.9375,-0.181,305.951,0.1,2.7425,7.988,-0.1685,305.888,0.1,2.7750000000000004,8.0435,-0.1535,305.833,0.1,
2.3594999999999997,7.6274999999999995,-0.094,306.217,0.1,2.4025,7.666,-0.0865,306.184,0.1,2.444,7.708,-0.076,306.147,0.1,2.4665,7.741,-0.0675,306.123,0.1,2.4699999999999998,7.765000000000001,-0.064,306.115,0.1,2.4755000000000003,7.791,-0.067,306.104,0.1,2.498,7.819,-0.079,306.085,0.1,2.5359999999999996,7.8475,-0.0975,306.061,0.1,2.577,7.882,-0.1185,306.03,0.1,2.6029999999999998,7.912,-0.1435,306.005,0.1,2.6085000000000003,7.915,-0.1695,306.006,0.1,2.6095,7.8955,-0.186,306.026,0.1,2.627,7.8825,-0.1885,306.03,0.1,2.6685,7.891500000000001,-0.183,306.0,0.1,2.7285,7.9239999999999995,-0.173,305.944,0.1,2.7875,7.978,-0.167,305.872,0.1,
2.3955,7.5815,-0.068,306.216,0.1,2.434,7.6175,-0.07050000000000001,306.185,0.1,2.4770000000000003,7.6579999999999995,-0.07,306.149,0.1,2.5105000000000004,7.6945,-0.066,306.119,0.1,2.5295,7.729,-0.0635,306.095,0.1,2.5404999999999998,7.7615,-0.0655,306.077,0.1,2.5545,7.7865,-0.073,306.066,0.1,2.582,7.8065,-0.089,306.056,0.1,2.615,7.8365,-0.1115,306.033,0.1,2.6304999999999996,7.867,-0.14,306.011,0.1,2.6224999999999996,7.875500000000001,-0.1695,306.018,0.1,2.6085000000000003,7.866,-0.1865,306.041,0.1,2.608,7.855499999999999,-0.187,306.053,0.1,2.633,7.853,-0.1795,306.044,0.1,2.69,7.871,-0.1725,306.002,0.1,2.7640000000000002,7.9145,-0.1735,305.928,0.1,
2.439,7.542999999999999,-0.037000000000000005,306.207,0.1,2.4685,7.5745000000000005,-0.049,306.183,0.1,2.508,7.612,-0.059,306.152,0.1,2.5469999999999997,7.65,-0.0655,306.12,0.1,2.576,7.6915,-0.067,306.088,0.1,2.592,7.729,-0.068,306.064,0.1,2.6045,7.7535,-0.073,306.055,0.1,2.629,7.7705,-0.08549999999999999,306.05,0.1,2.6595,7.7945,-0.108,306.032,0.1,2.67,7.82,-0.1375,306.017,0.1,2.6535,7.83,-0.169,306.028,0.1,2.628,7.8294999999999995,-0.1845,306.049,0.1,2.612,7.8255,-0.181,306.063,0.1,2.621,7.8245000000000005,-0.1725,306.063,0.1,2.6665,7.8375,-0.169,306.033,0.1,2.7375,7.866,-0.173,305.972,0.1,
2.4859999999999998,7.5135000000000005,-0.0165,306.196,0.1,2.5075000000000003,7.541499999999999,-0.031,306.178,0.1,2.5425,7.5765,-0.0465,306.151,0.1,2.5795,7.6125,-0.06,306.122,0.1,2.608,7.653499999999999,-0.066,306.093,0.1,2.6245000000000003,7.691000000000001,-0.067,306.071,0.1,2.6390000000000002,7.7170000000000005,-0.069,306.058,0.1,2.6645000000000003,7.734500000000001,-0.0795,306.05,0.1,2.6945,7.753,-0.1,306.038,0.1,2.7055,7.7705,-0.1285,306.031,0.1,2.6879999999999997,7.779999999999999,-0.159,306.041,0.1,2.659,7.7844999999999995,-0.175,306.056,0.1,2.6414999999999997,7.7895,-0.17049999999999998,306.063,0.1,2.6475,7.8004999999999995,-0.163,306.054,0.1,2.6799999999999997,7.818,-0.16,306.026,0.1,2.7344999999999997,7.836,-0.163,305.985,0.1,
2.535,7.491,-0.0125,306.182,0.1,2.5484999999999998,7.5184999999999995,-0.0235,306.171,0.1,2.577,7.551,-0.037,306.15,0.1,2.6094999999999997,7.5835,-0.052,306.127,0.1,2.634,7.6185,-0.061,306.104,0.1,2.6479999999999997,7.652,-0.063,306.085,0.1,2.6615,7.679,-0.062,306.071,0.1,2.685,7.6975,-0.069,306.061,0.1,2.713,7.711,-0.085,306.057,0.1,2.7255000000000003,7.7204999999999995,-0.108,306.057,0.1,2.7119999999999997,7.728,-0.1355,306.064,0.1,2.687,7.734,-0.154,306.07,0.1,2.675,7.7455,-0.155,306.066,0.1,2.6855,7.7684999999999995,-0.1485,306.043,0.1,2.7135,7.7965,-0.1445,306.007,0.1,2.755,7.8155,-0.1445,305.977,0.1,
2.582,7.471,-0.018500000000000003,306.173,0.1,2.5869999999999997,7.498,-0.024,306.168,0.1,2.6079999999999997,7.5285,-0.034,306.153,0.1,2.6355,7.5585,-0.0485,306.135,0.1,2.6565000000000003,7.5875,-0.059,306.117,0.1,2.668,7.617,-0.0605,306.101,0.1,2.6785,7.6434999999999995,-0.059,306.087,0.1,2.6975,7.663,-0.061,306.08,0.1,2.721,7.672000000000001,-0.0685,306.083,0.1,2.7325,7.6754999999999995,-0.082,306.089,0.1,2.7215,7.6785,-0.1035,306.094,0.1,2.699,7.683,-0.126,306.094,0.1,2.6900000000000004,7.695,-0.135,306.082,0.1,2.7065,7.7225,-0.132,306.049,0.1,2.7405,7.761,-0.126,306.004,0.1,2.7824999999999998,7.7915,-0.1235,305.967,0.1,
2.6195,7.45,-0.0225,306.176,0.1,2.6165000000000003,7.4745,-0.025,306.177,0.1,2.6285,7.503,-0.0365,306.166,0.1,2.649,7.5315,-0.0535,306.152,0.1,2.6675,7.559,-0.0655,306.137,0.1,2.6799999999999997,7.587,-0.068,306.122,0.1,2.692,7.6145,-0.064,306.108,0.1,2.7095000000000002,7.634,-0.0605,306.102,0.1,2.729,7.640499999999999,-0.057999999999999996,306.108,0.1,2.7365,7.6395,-0.0605,306.118,0.1,2.7205,7.6370000000000005,-0.076,306.125,0.1,2.6915,7.638,-0.1005,306.126,0.1,2.678,7.6455,-0.11549999999999999,306.115,0.1,2.697,7.669499999999999,-0.1155,306.082,0.1,2.7405,7.7125,-0.1085,306.03,0.1,2.7935,7.7565,-0.1085,305.982,0.1,
2.6479999999999997,7.43,-0.020499999999999997,306.187,0.1,2.6369999999999996,7.4505,-0.0235,306.193,0.1,2.641,7.4745,-0.04,306.188,0.1,2.655,7.5015,-0.0625,306.178,0.1,2.67,7.529999999999999,-0.079,306.165,0.1,2.683,7.5600000000000005,-0.084,306.15,0.1,2.697,7.59,-0.078,306.136,0.1,2.716,7.61,-0.069,306.129,0.1,2.7355,7.616,-0.057999999999999996,306.133,0.1,2.7405,7.6129999999999995,-0.052,306.142,0.1,2.7190000000000003,7.608499999999999,-0.062,306.152,0.1,2.6799999999999997,7.606,-0.08449999999999999,306.157,0.1,2.655,7.6075,-0.1015,306.154,0.1,2.6685,7.6235,-0.10200000000000001,306.128,0.1,2.717,7.6625,-0.098,306.078,0.1,2.7825,7.713,-0.10250000000000001,306.02,0.1,
2.6799999999999997,7.412,-0.0165,306.194,0.1,2.662,7.427,-0.019,306.206,0.1,2.6565,7.445,-0.0385,306.211,0.1,2.6624999999999996,7.468999999999999,-0.0655,306.206,0.1,2.6719999999999997,7.4975000000000005,-0.0875,306.198,0.1,2.682,7.5295,-0.096,306.185,0.1,2.6935000000000002,7.561,-0.0925,306.171,0.1,2.71,7.5825,-0.083,306.164,0.1,2.731,7.591,-0.07050000000000001,306.165,0.1,2.7424999999999997,7.5915,-0.0595,306.169,0.1,2.7249999999999996,7.59,-0.063,306.173,0.1,2.6805,7.5865,-0.08,306.178,0.1,2.642,7.5835,-0.094,306.182,0.1,2.644,7.591,-0.094,306.17,0.1,2.6895,7.6205,-0.0905,306.127,0.1,2.757,7.667,-0.098,306.069,0.1,
2.682,7.39,-0.016,306.225,0.1,2.6605,7.3995,-0.016,306.239,0.1,2.65,7.413,-0.033,306.252,0.1,2.6515,7.433,-0.0575,306.253,0.1,2.6555,7.458500000000001,-0.0815,306.249,0.1,2.6574999999999998,7.4879999999999995,-0.0955,306.24,0.1,2.6615,7.5169999999999995,-0.1,306.229,0.1,2.675,7.5405,-0.0965,306.223,0.1,2.6995,7.556,-0.088,306.219,0.1,2.7215,7.565,-0.0775,306.213,0.1,2.7155,7.5695,-0.0755,306.205,0.1,2.673,7.5685,-0.08399999999999999,306.206,0.1,2.625,7.5634999999999994,-0.092,306.215,0.1,2.6145,7.5655,-0.089,306.213,0.1,2.6535,7.585,-0.0845,306.18,0.1,2.7199999999999998,7.6225000000000005,-0.0915,306.123,0.1,
2.6215,7.371,-0.031,306.306,0.1,2.6045,7.3765,-0.026,306.317,0.1,2.599,7.385,-0.035,306.328,0.1,2.604,7.399,-0.0505,306.331,0.1,2.6065,7.4175,-0.07,306.325,0.1,2.6,7.439500000000001,-0.089,306.321,0.1,2.5945,7.463,-0.103,306.319,0.1,2.6045,7.4895,-0.1095,306.313,0.1,2.6335,7.513,-0.107,306.3,0.1,2.665,7.53,-0.0985,306.282,0.1,2.6704999999999997,7.541,-0.0925,306.265,0.1,2.636,7.545,-0.094,306.26,0.1,2.5860000000000003,7.5415,-0.0975,306.268,0.1,2.568,7.541,-0.0925,306.269,0.1,2.6045,7.554,-0.0845,306.239,0.1,2.6765,7.5835,-0.0865,306.181,0.1,
2.582,7.3735,-0.0505,306.364,0.1,2.5675,7.374,-0.04,306.374,0.1,2.5605,7.3735,-0.039,306.388,0.1,2.5629999999999997,7.377000000000001,-0.044,306.396,0.1,2.5645,7.384,-0.0555,306.395,0.1,2.559,7.396,-0.0765,306.393,0.1,2.555,7.4165,-0.099,306.389,0.1,2.5645,7.445,-0.113,306.377,0.1,2.59,7.4715,-0.1145,306.361,0.1,2.6205,7.492,-0.1075,306.341,0.1,2.6334999999999997,7.508,-0.0995,306.32,0.1,2.6105,7.518,-0.099,306.307,0.1,2.565,7.519500000000001,-0.1015,306.309,0.1,2.541,7.519,-0.0965,306.309,0.1,2.569,7.529,-0.0865,306.283,0.1,2.6355,7.551,-0.083,306.229,0.1,
2.6185,7.388999999999999,-0.04,306.354,0.1,2.5985,7.382999999999999,-0.025500000000000002,306.37,0.1,2.577,7.373,-0.019000000000000003,306.396,0.1,2.564,7.3645,-0.019000000000000003,306.419,0.1,2.561,7.359,-0.026500000000000003,306.431,0.1,2.5679999999999996,7.3625,-0.0465,306.427,0.1,2.581,7.3805,-0.07150000000000001,306.408,0.1,2.5935,7.406000000000001,-0.0875,306.387,0.1,2.606,7.4295,-0.0905,306.375,0.1,2.623,7.449999999999999,-0.08549999999999999,306.365,0.1,2.6365,7.47,-0.0805,306.346,0.1,2.6260000000000003,7.486,-0.081,306.324,0.1,2.589,7.493,-0.08499999999999999,306.316,0.1,2.558,7.495,-0.08399999999999999,306.316,0.1,2.5655,7.504,-0.0765,306.298,0.1,2.6075,7.52,-0.073,306.262,0.1,
2.677,7.390499999999999,-0.006,306.327,0.1,2.653,7.3825,0.0125,306.347,0.1,2.623,7.369,0.020999999999999998,306.38,0.1,2.6005000000000003,7.3535,0.0245,306.409,0.1,2.5935,7.3395,0.018000000000000002,306.429,0.1,2.6050000000000004,7.336,0.0,306.426,0.1,2.625,7.346,-0.0235,306.405,0.1,2.6384999999999996,7.362500000000001,-0.0385,306.386,0.1,2.6435,7.381,-0.0435,306.378,0.1,2.65,7.4015,-0.042499999999999996,306.372,0.1,2.659,7.4254999999999995,-0.040999999999999995,306.355,0.1,2.6525,7.447,-0.044,306.331,0.1,2.621,7.458,-0.051000000000000004,306.319,0.1,2.5869999999999997,7.463,-0.05499999999999999,306.319,0.1,2.5795,7.473000000000001,-0.051000000000000004,306.309,0.1,2.6020000000000003,7.4879999999999995,-0.0495,306.287,0.1,
2.7315,7.385,0.012,306.309,0.1,2.718,7.378,0.0325,306.321,0.1,2.6955,7.365,0.0485,306.344,0.1,2.6734999999999998,7.348,0.062,306.369,0.1,2.662,7.331,0.063,306.388,0.1,2.665,7.324,0.049,306.393,0.1,2.6765,7.328,0.026500000000000003,306.389,0.1,2.687,7.339,0.008,306.383,0.1,2.6944999999999997,7.355,-0.0015,306.376,0.1,2.7015000000000002,7.376,-0.004,306.365,0.1,2.706,7.402,-0.0045000000000000005,306.345,0.1,2.6965,7.426,-0.0085,306.324,0.1,2.6654999999999998,7.439,-0.018,306.316,0.1,2.6305,7.445,-0.0235,306.318,0.1,2.62,7.456,-0.021,306.311,0.1,2.6405000000000003,7.472,-0.0165,306.288,0.1,
1.8905,7.346500000000001,-0.101,306.567,0.1,1.9295,7.3895,-0.0885,306.529,0.1,1.959,7.4335,-0.077,306.494,0.1,1.9605000000000001,7.462,-0.07200000000000001,306.48,0.1,1.9460000000000002,7.474,-0.0695,306.486,0.1,1.9485000000000001,7.487500000000001,-0.076,306.483,0.1,1.9849999999999999,7.513999999999999,-0.093,306.455,0.1,2.0475000000000003,7.5515,-0.114,306.41,0.1,2.113,7.5935,-0.1325,306.361,0.1,2.1585,7.6235,-0.152,306.325,0.1,2.1799999999999997,7.622999999999999,-0.1735,306.318,0.1,2.197,7.6025,-0.1855,306.324,0.1,2.232,7.6,-0.1855,306.308,0.1,2.285,7.633,-0.181,306.257,0.1,2.335,7.6905,-0.1675,306.191,0.1,2.3609999999999998,7.7455,-0.152,306.141,0.1,
1.9155,7.297000000000001,-0.09,306.578,0.1,1.961,7.337,-0.0835,306.539,0.1,2.0055,7.3835,-0.074,306.494,0.1,2.026,7.417999999999999,-0.0645,306.463,0.1,2.0235000000000003,7.4405,-0.06,306.454,0.1,2.0225,7.460000000000001,-0.0635,306.447,0.1,2.0415,7.479,-0.0765,306.433,0.1,2.0815,7.5009999999999994,-0.096,306.411,0.1,2.129,7.5365,-0.1175,306.378,0.1,2.162,7.572,-0.1425,306.347,0.1,2.1725000000000003,7.5809999999999995,-0.1685,306.34,0.1,2.1795,7.5675,-0.1855,306.352,0.1,2.207,7.5615,-0.189,306.348,0.1,2.2605000000000004,7.577500000000001,-0.1835,306.311,0.1,2.3275,7.6185,-0.173,306.249,0.1,2.382,7.6754999999999995,-0.1665,306.177,0.1,
1.9525000000000001,7.255,-0.064,306.577,0.1,1.992,7.29,-0.068,306.542,0.1,2.0389999999999997,7.3325,-0.068,306.499,0.1,2.075,7.371499999999999,-0.064,306.461,0.1,2.092,7.4065,-0.0605,306.432,0.1,2.0975,7.4355,-0.0625,306.413,0.1,2.1065,7.4510000000000005,-0.0715,306.408,0.1,2.1325,7.462,-0.088,306.404,0.1,2.1685,7.4885,-0.1105,306.382,0.1,2.1879999999999997,7.5215,-0.138,306.357,0.1,2.1835,7.5344999999999995,-0.1665,306.357,0.1,2.1755,7.5305,-0.1835,306.372,0.1,2.185,7.5265,-0.185,306.376,0.1,2.2235,7.5305,-0.179,306.359,0.1,2.291,7.5565,-0.172,306.311,0.1,2.3635,7.605,-0.1735,306.234,0.1,
1.9994999999999998,7.2219999999999995,-0.0335,306.568,0.1,2.0285,7.2505,-0.047,306.541,0.1,2.0705,7.287000000000001,-0.0575,306.505,0.1,2.113,7.327500000000001,-0.064,306.466,0.1,2.1435,7.3705,-0.065,306.426,0.1,2.1565,7.406499999999999,-0.0655,306.399,0.1,2.1635,7.423,-0.07100000000000001,306.394,0.1,2.184,7.4295,-0.085,306.396,0.1,2.2140000000000004,7.4465,-0.1075,306.382,0.1,2.225,7.470000000000001,-0.1355,306.366,0.1,2.21,7.4830000000000005,-0.1645,306.372,0.1,2.1905,7.4879999999999995,-0.179,306.384,0.1,2.187,7.490500000000001,-0.177,306.39,0.1,2.2119999999999997,7.4955,-0.1705,306.381,0.1,2.269,7.5155,-0.168,306.344,0.1,2.3405,7.55,-0.173,306.28,0.1,
2.05,7.1995000000000005,-0.0135,306.555,0.1,2.0694999999999997,7.2225,-0.0295,306.537,0.1,2.106,7.254,-0.046,306.506,0.1,2.146,7.291,-0.0595,306.472,0.1,2.1765,7.333500000000001,-0.0645,306.436,0.1,2.192,7.371,-0.065,306.408,0.1,2.202,7.391,-0.067,306.397,0.1,2.2225,7.398,-0.079,306.395,0.1,2.249,7.4055,-0.1,306.389,0.1,2.2575000000000003,7.418,-0.127,306.384,0.1,2.24,7.428000000000001,-0.1545,306.39,0.1,2.2175000000000002,7.4384999999999994,-0.16849999999999998,306.396,0.1,2.215,7.45,-0.165,306.393,0.1,2.2405,7.4665,-0.1595,306.374,0.1,2.2885,7.490500000000001,-0.1585,306.337,0.1,2.3440000000000003,7.515,-0.163,306.292,0.1,
2.1,7.185499999999999,-0.0095,306.541,0.1,2.111,7.2055,-0.0225,306.531,0.1,2.141,7.233,-0.037,306.508,0.1,2.175,7.2635000000000005,-0.0525,306.481,0.1,2.2,7.2995,-0.0605,306.453,0.1,2.214,7.334,-0.061,306.428,0.1,2.2255000000000003,7.356999999999999,-0.0605,306.412,0.1,2.2435,7.3655,-0.069,306.407,0.1,2.2655,7.3655,-0.08549999999999999,306.411,0.1,2.274,7.3675,-0.1075,306.415,0.1,2.2595,7.373,-0.1315,306.418,0.1,2.2405,7.3845,-0.1475,306.414,0.1,2.245,7.4030000000000005,-0.149,306.398,0.1,2.2794999999999996,7.4305,-0.1445,306.364,0.1,2.3280000000000003,7.464,-0.143,306.318,0.1,2.373,7.4895,-0.1455,306.282,0.1,
2.1455,7.1735,-0.0155,306.533,0.1,2.149,7.192,-0.0225,306.53,0.1,2.1710000000000003,7.215999999999999,-0.0345,306.514,0.1,2.1985,7.2415,-0.0495,306.494,0.1,2.2195,7.2705,-0.059,306.471,0.1,2.231,7.301,-0.0595,306.449,0.1,2.24,7.3255,-0.058,306.433,0.1,2.2535,7.3355,-0.061,306.43,0.1,2.27,7.33,-0.0695,306.442,0.1,2.2765,7.323,-0.082,306.453,0.1,2.2634999999999996,7.323,-0.1005,306.453,0.1,2.2455,7.332000000000001,-0.12,306.443,0.1,2.2525,7.3515,-0.1295,306.418,0.1,2.2960000000000003,7.382,-0.1285,306.375,0.1,2.357,7.424,-0.125,306.318,0.1,2.4095,7.458500000000001,-0.1255,306.273,0.1,
2.1775,7.1594999999999995,-0.0195,306.54,0.1,2.1725000000000003,7.176,-0.023,306.542,0.1,2.1870000000000003,7.196,-0.036,306.532,0.1,2.209,7.218500000000001,-0.054,306.517,0.1,2.2265,7.244,-0.066,306.498,0.1,2.238,7.2735,-0.068,306.477,0.1,2.248,7.2995,-0.064,306.46,0.1,2.26,7.3115000000000006,-0.0615,306.457,0.1,2.2725,7.3035,-0.0595,306.472,0.1,2.275,7.29,-0.0615,306.487,0.1,2.2569999999999997,7.2835,-0.074,306.49,0.1,2.2305,7.2875,-0.095,306.48,0.1,2.2295,7.3025,-0.1105,306.457,0.1,2.274,7.3295,-0.1125,306.414,0.1,2.3495,7.3725000000000005,-0.109,306.352,0.1,2.424,7.4165,-0.112,306.293,0.1,
2.199,7.1465,-0.0175,306.554,0.1,2.185,7.1594999999999995,-0.020999999999999998,306.563,0.1,2.192,7.1739999999999995,-0.0385,306.559,0.1,2.2085,7.1935,-0.062,306.548,0.1,2.223,7.218,-0.079,306.533,0.1,2.234,7.2485,-0.0835,306.514,0.1,2.245,7.2775,-0.0785,306.496,0.1,2.2584999999999997,7.2915,-0.07050000000000001,306.491,0.1,2.271,7.285,-0.0605,306.502,0.1,2.2714999999999996,7.269,-0.054,306.518,0.1,2.2485,7.258,-0.0605,306.524,0.1,2.2110000000000003,7.257,-0.08,306.518,0.1,2.194,7.266500000000001,-0.0965,306.501,0.1,2.2275,7.287,-0.1,306.467,0.1,2.3085,7.323,-0.099,306.41,0.1,2.406,7.3685,-0.106,306.342,0.1,
2.226,7.1345,-0.015,306.563,0.1,2.2024999999999997,7.143000000000001,-0.0175,306.579,0.1,2.1985,7.1515,-0.0375,306.587,0.1,2.207,7.167,-0.065,306.583,0.1,2.2155,7.189500000000001,-0.0865,306.573,0.1,2.223,7.22,-0.0955,306.557,0.1,2.2315,7.250500000000001,-0.0935,306.54,0.1,2.2430000000000003,7.2669999999999995,-0.08549999999999999,306.534,0.1,2.2575000000000003,7.265499999999999,-0.0735,306.541,0.1,2.2645,7.253500000000001,-0.0625,306.551,0.1,2.246,7.2435,-0.063,306.552,0.1,2.2025,7.240500000000001,-0.0765,306.546,0.1,2.169,7.2455,-0.09,306.536,0.1,2.1855,7.259,-0.0925,306.515,0.1,2.2595,7.2844999999999995,-0.092,306.468,0.1,2.363,7.3225,-0.101,306.403,0.1,
2.2185,7.1175,-0.016,306.599,0.1,2.189,7.1215,-0.016,306.619,0.1,2.1775,7.1259999999999994,-0.033,306.635,0.1,2.1814999999999998,7.135999999999999,-0.057,306.638,0.1,2.1855,7.155,-0.0805,306.634,0.1,2.185,7.1815,-0.0945,306.623,0.1,2.185,7.209,-0.1,306.61,0.1,2.193,7.2275,-0.098,306.605,0.1,2.2125000000000004,7.2345,-0.0905,306.605,0.1,2.231,7.2325,-0.0805,306.603,0.1,2.224,7.2285,-0.076,306.594,0.1,2.1835,7.2265,-0.081,306.584,0.1,2.14,7.2285,-0.088,306.578,0.1,2.1405000000000003,7.237,-0.0875,306.565,0.1,2.2030000000000003,7.2535,-0.086,306.527,0.1,2.3045,7.282,-0.094,306.467,0.1,
2.135,7.1045,-0.031,306.692,0.1,2.1115000000000004,7.104,-0.025500000000000002,306.707,0.1,2.1050000000000004,7.104,-0.0345,306.722,0.1,2.112,7.106999999999999,-0.0495,306.727,0.1,2.115,7.1185,-0.0685,306.722,0.1,2.1055,7.1365,-0.087,306.716,0.1,2.096,7.1585,-0.101,306.713,0.1,2.1025,7.1795,-0.1085,306.707,0.1,2.1275000000000004,7.195,-0.107,306.698,0.1,2.1565000000000003,7.202500000000001,-0.0995,306.683,0.1,2.1615,7.205500000000001,-0.0915,306.664,0.1,2.1285,7.207,-0.0905,306.65,0.1,2.0835,7.209,-0.0925,306.643,0.1,2.0765000000000002,7.215,-0.0895,306.63,0.1,2.135,7.227,-0.0845,306.593,0.1,2.24,7.247999999999999,-0.0885,306.531,0.1,
2.0774999999999997,7.1129999999999995,-0.049,306.759,0.1,2.057,7.1075,-0.038,306.772,0.1,2.0475000000000003,7.0985,-0.037,306.79,0.1,2.051,7.090999999999999,-0.041499999999999995,306.802,0.1,2.0535,7.0895,-0.0525,306.801,0.1,2.0469999999999997,7.0969999999999995,-0.073,306.797,0.1,2.041,7.116,-0.095,306.791,0.1,2.048,7.14,-0.109,306.779,0.1,2.0705,7.159,-0.1115,306.766,0.1,2.098,7.17,-0.105,306.749,0.1,2.109,7.1775,-0.097,306.727,0.1,2.0865,7.1845,-0.0935,306.707,0.1,2.0469999999999997,7.1895,-0.0945,306.694,0.1,2.036,7.195,-0.0905,306.679,0.1,2.085,7.2055,-0.0845,306.642,0.1,2.1805,7.221,-0.08449999999999999,306.584,0.1,
2.1094999999999997,7.134499999999999,-0.038,306.751,0.1,2.082,7.124,-0.023,306.77,0.1,2.0555,7.106,-0.0155,306.802,0.1,2.041,7.0865,-0.015,306.829,0.1,2.0395,7.0705,-0.022,306.844,0.1,2.049,7.069,-0.041499999999999995,306.836,0.1,2.0635000000000003,7.0845,-0.0665,306.812,0.1,2.075,7.106999999999999,-0.0825,306.789,0.1,2.084,7.1240000000000006,-0.086,306.78,0.1,2.097,7.135,-0.081,306.775,0.1,2.107,7.1455,-0.076,306.756,0.1,2.0949999999999998,7.157500000000001,-0.075,306.728,0.1,2.0614999999999997,7.166499999999999,-0.0775,306.708,0.1,2.0435,7.1735,-0.077,306.693,0.1,2.072,7.183999999999999,-0.0725,306.662,0.1,2.138,7.195,-0.0725,306.621,0.1,
2.1665,7.1425,-0.004,306.725,0.1,2.1345,7.1315,0.015,306.747,0.1,2.099,7.1125,0.025,306.785,0.1,2.075,7.0865,0.028999999999999998,306.82,0.1,2.0705,7.060499999999999,0.0235,306.843,0.1,2.0865,7.0504999999999995,0.0055,306.837,0.1,2.1095,7.056,-0.018000000000000002,306.81,0.1,2.122,7.07,-0.034,306.788,0.1,2.123,7.0825,-0.0385,306.782,0.1,2.1245,7.0945,-0.037500000000000006,306.78,0.1,2.1285,7.109,-0.035500000000000004,306.765,0.1,2.1185,7.1245,-0.038000000000000006,306.737,0.1,2.088,7.1365,-0.0435,306.715,0.1,2.064,7.146,-0.0475,306.7,0.1,2.076,7.1579999999999995,-0.046,306.677,0.1,2.121,7.1685,-0.047,306.65,0.1,
2.224,7.14,0.0135,306.707,0.1,2.2025,7.131,0.035500000000000004,306.72,0.1,2.1755,7.114,0.0525,306.745,0.1,2.154,7.087,0.067,306.775,0.1,2.1455,7.058,0.068,306.797,0.1,2.151,7.043,0.054,306.802,0.1,2.1639999999999997,7.042,0.0315,306.794,0.1,2.174,7.05,0.0125,306.785,0.1,2.178,7.06,0.0035,306.778,0.1,2.1805,7.073,0.0015,306.769,0.1,2.1805,7.09,0.0015,306.751,0.1,2.1654999999999998,7.107,-0.002,306.729,0.1,2.1310000000000002,7.12,-0.0105,306.712,0.1,2.102,7.131,-0.0155,306.701,0.1,2.11,7.144,-0.014,306.682,0.1,2.1550000000000002,7.156,-0.0115,306.654,0.1,
1.3679999999999999,7.0280000000000005,-0.0965,306.958,0.1,1.4064999999999999,7.073499999999999,-0.08499999999999999,306.914,0.1,1.4315,7.1185,-0.0735,306.875,0.1,1.4275,7.1455,-0.0675,306.861,0.1,1.4115,7.153499999999999,-0.0645,306.868,0.1,1.4180000000000001,7.161,-0.07150000000000001,306.866,0.1,1.4620000000000002,7.1825,-0.0895,306.839,0.1,1.533,7.218500000000001,-0.112,306.794,0.1,1.607,7.263,-0.1315,306.741,0.1,1.658,7.3,-0.152,306.696,0.1,1.6785,7.309,-0.174,306.678,0.1,1.6905000000000001,7.298500000000001,-0.186,306.678,0.1,1.726,7.3035,-0.1865,306.661,0.1,1.7885,7.3375,-0.1815,306.61,0.1,1.8495,7.390499999999999,-0.166,306.546,0.1,1.8780000000000001,7.4384999999999994,-0.15,306.498,0.1,
1.3915,6.981,-0.086,306.971,0.1,1.438,7.023,-0.0805,306.927,0.1,1.4805000000000001,7.0695,-0.07150000000000001,306.876,0.1,1.4975,7.104,-0.0615,306.844,0.1,1.495,7.1235,-0.0565,306.833,0.1,1.498,7.138,-0.0605,306.827,0.1,1.5225,7.1505,-0.074,306.815,0.1,1.569,7.1685,-0.0945,306.795,0.1,1.623,7.2035,-0.1165,306.761,0.1,1.6604999999999999,7.243,-0.14100000000000001,306.722,0.1,1.6709999999999998,7.26,-0.167,306.706,0.1,1.674,7.2565,-0.1845,306.708,0.1,1.701,7.259,-0.189,306.701,0.1,1.7614999999999998,7.2785,-0.1845,306.664,0.1,1.839,7.317,-0.173,306.604,0.1,1.899,7.3695,-0.165,306.532,0.1,
1.4295,6.9435,-0.06,306.972,0.1,1.47,6.9785,-0.066,306.931,0.1,1.5154999999999998,7.0215,-0.066,306.884,0.1,1.5499999999999998,7.060499999999999,-0.0615,306.843,0.1,1.568,7.093999999999999,-0.057999999999999996,306.81,0.1,1.5765,7.118499999999999,-0.06,306.791,0.1,1.59,7.127,-0.07050000000000001,306.789,0.1,1.6215000000000002,7.1315,-0.0875,306.789,0.1,1.6625,7.1555,-0.1095,306.767,0.1,1.6855,7.1899999999999995,-0.1355,306.737,0.1,1.681,7.208500000000001,-0.1625,306.728,0.1,1.67,7.214,-0.18,306.731,0.1,1.679,7.218,-0.1835,306.73,0.1,1.7215,7.2265,-0.179,306.714,0.1,1.7970000000000002,7.252000000000001,-0.1725,306.667,0.1,1.8755000000000002,7.298,-0.173,306.591,0.1,
1.4780000000000002,6.9155,-0.0305,306.963,0.1,1.5085000000000002,6.9425,-0.0455,306.931,0.1,1.549,6.9795,-0.0565,306.891,0.1,1.589,7.02,-0.062,306.849,0.1,1.62,7.0625,-0.0625,306.805,0.1,1.636,7.093999999999999,-0.0635,306.777,0.1,1.6469999999999998,7.103999999999999,-0.07,306.775,0.1,1.6724999999999999,7.1025,-0.085,306.782,0.1,1.707,7.1145,-0.107,306.768,0.1,1.7205,7.138,-0.133,306.749,0.1,1.7055,7.1545000000000005,-0.159,306.746,0.1,1.685,7.1675,-0.173,306.747,0.1,1.6815,7.178000000000001,-0.1735,306.745,0.1,1.71,7.187,-0.1695,306.736,0.1,1.774,7.208,-0.168,306.7,0.1,1.8495,7.241,-0.173,306.637,0.1,
1.529,6.899,-0.011,306.951,0.1,1.5514999999999999,6.919499999999999,-0.029,306.928,0.1,1.5870000000000002,6.95,-0.046,306.894,0.1,1.6225,6.987500000000001,-0.058499999999999996,306.857,0.1,1.65,7.03,-0.063,306.818,0.1,1.667,7.0634999999999994,-0.063,306.789,0.1,1.682,7.0775,-0.066,306.781,0.1,1.7085,7.0755,-0.079,306.783,0.1,1.74,7.0760000000000005,-0.1005,306.779,0.1,1.7505000000000002,7.086,-0.125,306.77,0.1,1.733,7.099,-0.149,306.768,0.1,1.711,7.1165,-0.161,306.762,0.1,1.7115,7.136,-0.1595,306.749,0.1,1.744,7.1555,-0.157,306.727,0.1,1.799,7.1805,-0.158,306.69,0.1,1.8559999999999999,7.2035,-0.163,306.647,0.1,
1.578,6.8919999999999995,-0.007,306.939,0.1,1.594,6.9085,-0.022,306.925,0.1,1.624,6.9335,-0.038,306.898,0.1,1.652,6.9645,-0.053,306.868,0.1,1.6715,7.001,-0.0595,306.838,0.1,1.6840000000000002,7.0325,-0.059,306.813,0.1,1.6985000000000001,7.0489999999999995,-0.0595,306.799,0.1,1.7229999999999999,7.048,-0.069,306.8,0.1,1.7505,7.039,-0.086,306.806,0.1,1.762,7.036,-0.1065,306.806,0.1,1.749,7.0440000000000005,-0.1265,306.799,0.1,1.7315,7.063,-0.1405,306.783,0.1,1.7414999999999998,7.0895,-0.1435,306.756,0.1,1.787,7.1195,-0.1425,306.717,0.1,1.8455,7.1525,-0.1435,306.67,0.1,1.8915000000000002,7.1754999999999995,-0.147,306.634,0.1,
1.6195,6.8870000000000005,-0.0125,306.934,0.1,1.6285,6.9015,-0.022,306.927,0.1,1.6524999999999999,6.922000000000001,-0.035500000000000004,306.908,0.1,1.6755,6.9465,-0.0505,306.884,0.1,1.689,6.9765,-0.058499999999999996,306.859,0.1,1.6960000000000002,7.0055,-0.058499999999999996,306.837,0.1,1.705,7.0235,-0.0575,306.824,0.1,1.722,7.023,-0.0615,306.828,0.1,1.744,7.0075,-0.07050000000000001,306.842,0.1,1.7565,6.994,-0.082,306.85,0.1,1.748,6.995,-0.0975,306.839,0.1,1.733,7.0115,-0.114,306.814,0.1,1.7454999999999998,7.04,-0.124,306.779,0.1,1.8005,7.074,-0.1265,306.73,0.1,1.876,7.112500000000001,-0.126,306.67,0.1,1.935,7.1434999999999995,-0.129,306.625,0.1,
1.6425,6.8805,-0.0165,306.946,0.1,1.6440000000000001,6.8925,-0.022,306.945,0.1,1.6625,6.908,-0.0365,306.931,0.1,1.6815,6.9285,-0.0545,306.912,0.1,1.6920000000000002,6.954,-0.0655,306.89,0.1,1.697,6.9825,-0.0675,306.869,0.1,1.7040000000000002,7.0035,-0.064,306.856,0.1,1.7175,7.005,-0.0625,306.86,0.1,1.7345000000000002,6.986,-0.0615,306.878,0.1,1.7435,6.965,-0.0625,306.89,0.1,1.7325,6.958,-0.072,306.882,0.1,1.7115,6.968999999999999,-0.0895,306.856,0.1,1.7149999999999999,6.9945,-0.105,306.82,0.1,1.7690000000000001,7.026,-0.1105,306.773,0.1,1.861,7.064,-0.1115,306.709,0.1,1.9495,7.1015,-0.11699999999999999,306.648,0.1,
1.6535,6.8755,-0.014499999999999999,306.965,0.1,1.646,6.882999999999999,-0.02,306.972,0.1,1.658,6.8925,-0.0385,306.964,0.1,1.6735,6.909,-0.062,306.95,0.1,1.682,6.932499999999999,-0.078,306.931,0.1,1.6855,6.962,-0.0825,306.911,0.1,1.6915,6.9864999999999995,-0.079,306.897,0.1,1.7035,6.991,-0.072,306.898,0.1,1.719,6.973,-0.064,306.914,0.1,1.7265000000000001,6.9495000000000005,-0.0565,306.927,0.1,1.712,6.936,-0.06,306.922,0.1,1.682,6.942,-0.0755,306.9,0.1,1.67,6.9625,-0.0915,306.87,0.1,1.7109999999999999,6.9885,-0.0985,306.83,0.1,1.807,7.02,-0.10200000000000001,306.772,0.1,1.9225,7.056,-0.1115,306.704,0.1,
1.6720000000000002,6.871499999999999,-0.013000000000000001,306.976,0.1,1.6524999999999999,6.8735,-0.017,306.992,0.1,1.653,6.8765,-0.0375,306.998,0.1,1.662,6.8870000000000005,-0.065,306.99,0.1,1.666,6.9085,-0.08549999999999999,306.978,0.1,1.666,6.938000000000001,-0.094,306.96,0.1,1.6675,6.9635,-0.094,306.946,0.1,1.6755,6.9715,-0.088,306.947,0.1,1.6915,6.9595,-0.077,306.958,0.1,1.7040000000000002,6.9399999999999995,-0.066,306.966,0.1,1.6945000000000001,6.926500000000001,-0.0635,306.958,0.1,1.6615,6.929,-0.0735,306.935,0.1,1.6355,6.945,-0.086,306.91,0.1,1.6585,6.9655000000000005,-0.0915,306.881,0.1,1.7445,6.987500000000001,-0.095,306.834,0.1,1.866,7.015000000000001,-0.1065,306.771,0.1,
1.6515,6.8614999999999995,-0.0155,307.017,0.1,1.6244999999999998,6.8580000000000005,-0.016,307.037,0.1,1.6165,6.856,-0.033,307.053,0.1,1.621,6.8605,-0.057,307.053,0.1,1.6215000000000002,6.8774999999999995,-0.0795,307.046,0.1,1.6139999999999999,6.9035,-0.0935,307.033,0.1,1.607,6.9265,-0.0995,307.023,0.1,1.6105,6.936999999999999,-0.0995,307.023,0.1,1.629,6.933999999999999,-0.0935,307.028,0.1,1.6515,6.9239999999999995,-0.0835,307.025,0.1,1.654,6.9165,-0.077,307.007,0.1,1.6255000000000002,6.9185,-0.079,306.982,0.1,1.5925,6.931,-0.08449999999999999,306.96,0.1,1.6015000000000001,6.947,-0.0865,306.937,0.1,1.675,6.9615,-0.089,306.897,0.1,1.7930000000000001,6.98,-0.099,306.839,0.1,
1.548,6.8535,-0.0305,307.117,0.1,1.525,6.8454999999999995,-0.025,307.133,0.1,1.5205,6.838,-0.034,307.147,0.1,1.5295,6.8355,-0.049,307.151,0.1,1.531,6.8445,-0.067,307.142,0.1,1.5165,6.8625,-0.08499999999999999,307.134,0.1,1.5,6.881,-0.099,307.132,0.1,1.5005,6.8945,-0.107,307.131,0.1,1.524,6.8995,-0.1075,307.126,0.1,1.556,6.899,-0.1005,307.11,0.1,1.569,6.898,-0.0915,307.085,0.1,1.549,6.9030000000000005,-0.0875,307.058,0.1,1.5185,6.9135,-0.0875,307.035,0.1,1.5245,6.927,-0.087,307.009,0.1,1.5955,6.938,-0.086,306.967,0.1,1.7149999999999999,6.9515,-0.093,306.906,0.1,
1.4715,6.866,-0.047,307.188,0.1,1.452,6.8535,-0.0365,307.203,0.1,1.4445000000000001,6.837,-0.035,307.222,0.1,1.4495,6.8235,-0.039,307.233,0.1,1.4525000000000001,6.8195,-0.05,307.229,0.1,1.4435,6.827,-0.0695,307.22,0.1,1.432,6.8435,-0.0905,307.213,0.1,1.4335,6.861,-0.105,307.205,0.1,1.453,6.8695,-0.1085,307.197,0.1,1.4820000000000002,6.872,-0.103,307.181,0.1,1.5,6.8755,-0.0945,307.153,0.1,1.49,6.884,-0.089,307.121,0.1,1.467,6.896,-0.088,307.094,0.1,1.473,6.9085,-0.086,307.063,0.1,1.536,6.919,-0.084,307.019,0.1,1.6435,6.929,-0.088,306.962,0.1,
1.4975,6.8919999999999995,-0.036000000000000004,307.181,0.1,1.4685000000000001,6.875,-0.020999999999999998,307.202,0.1,1.442,6.8495,-0.013000000000000001,307.236,0.1,1.4295,6.824,-0.0115,307.264,0.1,1.4304999999999999,6.805,-0.018500000000000003,307.275,0.1,1.4409999999999998,6.8025,-0.037000000000000005,307.261,0.1,1.4529999999999998,6.8175,-0.0615,307.234,0.1,1.4595,6.8345,-0.0775,307.214,0.1,1.4635,6.8420000000000005,-0.0815,307.209,0.1,1.475,6.843500000000001,-0.0775,307.206,0.1,1.4905,6.849,-0.07200000000000001,307.184,0.1,1.4900000000000002,6.8605,-0.0695,307.146,0.1,1.4735,6.875500000000001,-0.07100000000000001,307.11,0.1,1.4735,6.889,-0.07150000000000001,307.08,0.1,1.5155,6.900499999999999,-0.07050000000000001,307.041,0.1,1.5895000000000001,6.907,-0.0745,307.002,0.1,
1.5545,6.905,-0.002,307.154,0.1,1.5195,6.889,0.017,307.18,0.1,1.4835,6.8629999999999995,0.028,307.219,0.1,1.4615,6.8309999999999995,0.0325,307.254,0.1,1.4605000000000001,6.801,0.0275,307.274,0.1,1.4795,6.7885,0.01,307.262,0.1,1.5015,6.7945,-0.013,307.23,0.1,1.5085,6.804,-0.0295,307.208,0.1,1.5034999999999998,6.8085,-0.034,307.207,0.1,1.5030000000000001,6.811,-0.033,307.208,0.1,1.5110000000000001,6.8185,-0.031,307.19,0.1,1.5105,6.832000000000001,-0.0325,307.154,0.1,1.4945,6.8485,-0.037000000000000005,307.118,0.1,1.4875,6.865,-0.041499999999999995,307.09,0.1,1.513,6.879,-0.043,307.059,0.1,1.565,6.885,-0.0465,307.034,0.1,
1.6135000000000002,6.905,0.015,307.135,0.1,1.589,6.892,0.038,307.15,0.1,1.5635,6.869,0.0555,307.177,0.1,1.546,6.836,0.07,307.206,0.1,1.542,6.802,0.07100000000000001,307.225,0.1,1.5505,6.784,0.057499999999999996,307.225,0.1,1.561,6.783,0.036000000000000004,307.212,0.1,1.5645,6.787,0.017,307.202,0.1,1.5630000000000002,6.79,0.008,307.199,0.1,1.564,6.794,0.006,307.192,0.1,1.5665,6.803,0.006,307.173,0.1,1.5575,6.817,0.0035,307.143,0.1,1.5345,6.834,-0.004,307.115,0.1,1.5215,6.852,-0.009000000000000001,307.092,0.1,1.5445,6.868,-0.0095,307.066,0.1,1.599,6.875,-0.0095,307.037,0.1,
0.7505,6.726,-0.092,307.386,0.1,0.7855000000000001,6.773,-0.081,307.339,0.1,0.8005,6.8134999999999994,-0.07,307.302,0.1,0.792,6.8355,-0.0625,307.29,0.1,0.784,6.8415,-0.06,307.295,0.1,0.8075,6.848,-0.067,307.29,0.1,0.868,6.8665,-0.0865,307.262,0.1,0.95,6.9005,-0.11,307.217,0.1,1.0314999999999999,6.9445,-0.1305,307.162,0.1,1.0845,6.9879999999999995,-0.152,307.108,0.1,1.0955,7.0095,-0.174,307.077,0.1,1.092,7.0135000000000005,-0.186,307.07,0.1,1.1195,7.0235,-0.1875,307.058,0.1,1.1909999999999998,7.051,-0.182,307.018,0.1,1.2725,7.089,-0.1645,306.96,0.1,1.314,7.1205,-0.148,306.912,0.1,
0.771,6.6825,-0.082,307.403,0.1,0.8165,6.7265,-0.0775,307.353,0.1,0.8505,6.77,-0.0685,307.303,0.1,0.8625,6.7995,-0.058499999999999996,307.272,0.1,0.8665,6.8165,-0.053,307.261,0.1,0.886,6.827500000000001,-0.057499999999999996,307.252,0.1,0.9275,6.836,-0.072,307.24,0.1,0.9849999999999999,6.8515,-0.0935,307.221,0.1,1.0465,6.885,-0.115,307.185,0.1,1.0875,6.928000000000001,-0.139,307.139,0.1,1.092,6.9544999999999995,-0.1645,307.108,0.1,1.081,6.9665,-0.183,307.099,0.1,1.0955,6.978,-0.189,307.093,0.1,1.1565,6.994999999999999,-0.1855,307.068,0.1,1.249,7.022,-0.1735,307.016,0.1,1.3245,7.059,-0.1635,306.946,0.1,
0.8065,6.649,-0.0565,307.407,0.1,0.849,6.686999999999999,-0.064,307.36,0.1,0.8875,6.728,-0.064,307.311,0.1,0.915,6.763,-0.059,307.271,0.1,0.9365,6.792999999999999,-0.0555,307.239,0.1,0.9595,6.8125,-0.057999999999999996,307.218,0.1,0.9904999999999999,6.816000000000001,-0.0695,307.217,0.1,1.0354999999999999,6.817,-0.087,307.218,0.1,1.0845,6.8395,-0.1085,307.194,0.1,1.111,6.875,-0.133,307.158,0.1,1.1035,6.900499999999999,-0.158,307.135,0.1,1.081,6.919499999999999,-0.176,307.124,0.1,1.0755,6.9345,-0.182,307.12,0.1,1.112,6.9435,-0.1795,307.113,0.1,1.195,6.9605,-0.1735,307.077,0.1,1.2865000000000002,6.993,-0.1725,307.005,0.1,
0.854,6.6259999999999994,-0.0275,307.401,0.1,0.889,6.656,-0.044,307.361,0.1,0.9239999999999999,6.693,-0.0555,307.318,0.1,0.955,6.731,-0.06,307.277,0.1,0.984,6.769,-0.06,307.235,0.1,1.0095,6.794499999999999,-0.062,307.208,0.1,1.0375,6.7975,-0.0695,307.208,0.1,1.08,6.792,-0.085,307.216,0.1,1.126,6.803,-0.1065,307.2,0.1,1.144,6.826,-0.1305,307.174,0.1,1.127,6.848,-0.153,307.158,0.1,1.098,6.872,-0.1665,307.143,0.1,1.082,6.893000000000001,-0.16999999999999998,307.134,0.1,1.1015000000000001,6.903499999999999,-0.169,307.132,0.1,1.1665,6.917,-0.1685,307.107,0.1,1.25,6.939500000000001,-0.1725,307.051,0.1,
0.9035,6.6145,-0.0085,307.393,0.1,0.9339999999999999,6.637499999999999,-0.0285,307.36,0.1,0.9655,6.67,-0.046,307.322,0.1,0.989,6.707,-0.0575,307.284,0.1,1.008,6.746,-0.061,307.248,0.1,1.0285,6.7725,-0.061,307.224,0.1,1.0590000000000002,6.7775,-0.0655,307.221,0.1,1.1055000000000001,6.7695,-0.0795,307.224,0.1,1.1524999999999999,6.7684999999999995,-0.101,307.216,0.1,1.17,6.778,-0.123,307.198,0.1,1.1524999999999999,6.795999999999999,-0.14300000000000002,307.183,0.1,1.1245,6.8235,-0.1535,307.16,0.1,1.1150000000000002,6.853,-0.155,307.139,0.1,1.1400000000000001,6.872999999999999,-0.1555,307.121,0.1,1.194,6.890499999999999,-0.1585,307.093,0.1,1.2534999999999998,6.904,-0.1635,307.059,0.1,
0.9484999999999999,6.6129999999999995,-0.0045000000000000005,307.386,0.1,0.9764999999999999,6.6315,-0.022,307.361,0.1,1.005,6.6585,-0.0395,307.327,0.1,1.02,6.691,-0.053,307.296,0.1,1.0255,6.726,-0.057999999999999996,307.267,0.1,1.0345,6.7515,-0.057,307.249,0.1,1.06,6.758,-0.058499999999999996,307.245,0.1,1.104,6.7475000000000005,-0.0695,307.249,0.1,1.1505,6.735,-0.0865,307.25,0.1,1.1745,6.731999999999999,-0.105,307.239,0.1,1.1665,6.744999999999999,-0.1215,307.216,0.1,1.1465,6.775,-0.133,307.182,0.1,1.148,6.8115000000000006,-0.138,307.145,0.1,1.1865,6.8420000000000005,-0.14100000000000001,307.109,0.1,1.244,6.866,-0.1445,307.07,0.1,1.291,6.8785,-0.149,307.044,0.1,
0.981,6.615,-0.009999999999999998,307.388,0.1,1.005,6.63,-0.022,307.369,0.1,1.032,6.652,-0.0365,307.341,0.1,1.044,6.679,-0.0515,307.314,0.1,1.041,6.71,-0.058,307.289,0.1,1.0379999999999998,6.734500000000001,-0.0575,307.273,0.1,1.051,6.7425,-0.057,307.273,0.1,1.0845,6.7295,-0.0625,307.284,0.1,1.1275,6.708,-0.072,307.294,0.1,1.158,6.694,-0.082,307.288,0.1,1.161,6.699999999999999,-0.094,307.258,0.1,1.1480000000000001,6.729,-0.108,307.214,0.1,1.153,6.769,-0.1185,307.167,0.1,1.2000000000000002,6.8045,-0.125,307.121,0.1,1.274,6.833500000000001,-0.1285,307.07,0.1,1.3355000000000001,6.8515,-0.1335,307.033,0.1,
0.9904999999999999,6.6165,-0.0135,307.406,0.1,1.0095,6.627,-0.0215,307.395,0.1,1.0345,6.6434999999999995,-0.0375,307.371,0.1,1.0459999999999998,6.666,-0.055,307.345,0.1,1.041,6.695,-0.065,307.321,0.1,1.0325,6.721,-0.0665,307.305,0.1,1.0365,6.7315000000000005,-0.064,307.306,0.1,1.0594999999999999,6.718500000000001,-0.064,307.321,0.1,1.096,6.6925,-0.064,307.337,0.1,1.1275,6.67,-0.064,307.335,0.1,1.1345,6.667,-0.07,307.306,0.1,1.121,6.6905,-0.08449999999999999,307.259,0.1,1.12,6.7305,-0.0995,307.21,0.1,1.1644999999999999,6.766,-0.1095,307.163,0.1,1.252,6.795,-0.115,307.108,0.1,1.3435,6.8185,-0.1235,307.058,0.1,
0.987,6.62,-0.0115,307.431,0.1,0.997,6.624499999999999,-0.0195,307.429,0.1,1.018,6.6335,-0.039,307.411,0.1,1.029,6.651999999999999,-0.062,307.389,0.1,1.0245,6.679,-0.0765,307.366,0.1,1.0145,6.708,-0.0815,307.35,0.1,1.013,6.7219999999999995,-0.079,307.348,0.1,1.029,6.7125,-0.0745,307.362,0.1,1.06,6.6865,-0.0675,307.378,0.1,1.0885,6.6594999999999995,-0.0595,307.378,0.1,1.095,6.6495,-0.0595,307.352,0.1,1.0795,6.667,-0.07100000000000001,307.308,0.1,1.069,6.704000000000001,-0.0865,307.263,0.1,1.1015000000000001,6.737,-0.0975,307.22,0.1,1.19,6.761,-0.106,307.171,0.1,1.306,6.7844999999999995,-0.1185,307.115,0.1,
0.9924999999999999,6.625,-0.011,307.446,0.1,0.9895,6.6225000000000005,-0.0165,307.455,0.1,1.0,6.622999999999999,-0.038,307.451,0.1,1.0065,6.6355,-0.0645,307.435,0.1,0.9995,6.66,-0.084,307.418,0.1,0.9864999999999999,6.6895,-0.0925,307.402,0.1,0.9784999999999999,6.7059999999999995,-0.094,307.397,0.1,0.9855,6.7010000000000005,-0.09,307.411,0.1,1.0110000000000001,6.679,-0.081,307.426,0.1,1.042,6.6545000000000005,-0.07,307.422,0.1,1.0554999999999999,6.644,-0.0645,307.395,0.1,1.043,6.6579999999999995,-0.07050000000000001,307.351,0.1,1.0265,6.6905,-0.082,307.309,0.1,1.046,6.7195,-0.0905,307.274,0.1,1.1235,6.737,-0.099,307.232,0.1,1.241,6.754,-0.113,307.181,0.1,
0.957,6.6235,-0.014499999999999999,307.488,0.1,0.944,6.614000000000001,-0.016,307.504,0.1,0.945,6.607,-0.0335,307.512,0.1,0.949,6.6129999999999995,-0.057,307.505,0.1,0.9415,6.6335,-0.078,307.492,0.1,0.9235,6.6605,-0.092,307.477,0.1,0.9065000000000001,6.676,-0.0985,307.474,0.1,0.905,6.6739999999999995,-0.101,307.486,0.1,0.9275,6.659,-0.0965,307.496,0.1,0.964,6.6434999999999995,-0.087,307.485,0.1,0.988,6.6385000000000005,-0.0785,307.451,0.1,0.984,6.6515,-0.077,307.406,0.1,0.9695,6.679,-0.0815,307.366,0.1,0.984,6.704000000000001,-0.086,307.333,0.1,1.053,6.7165,-0.0925,307.294,0.1,1.1635,6.7265,-0.1055,307.246,0.1,
0.8345,6.6215,-0.0295,307.588,0.1,0.823,6.6055,-0.0245,307.602,0.1,0.8265,6.5915,-0.0335,307.612,0.1,0.8365,6.59,-0.0485,307.609,0.1,0.834,6.6035,-0.0655,307.592,0.1,0.8115,6.624499999999999,-0.0825,307.58,0.1,0.7855000000000001,6.6375,-0.0965,307.582,0.1,0.7795000000000001,6.638999999999999,-0.1055,307.592,0.1,0.8029999999999999,6.631,-0.108,307.591,0.1,0.844,6.6235,-0.1015,307.571,0.1,0.876,6.625,-0.092,307.533,0.1,0.8825000000000001,6.639,-0.08499999999999999,307.488,0.1,0.8775,6.6635,-0.083,307.448,0.1,0.898,6.6855,-0.08449999999999999,307.409,0.1,0.9704999999999999,6.696,-0.0885,307.365,0.1,1.083,6.702,-0.0985,307.312,0.1,
0.7424999999999999,6.636,-0.0455,307.659,0.1,0.7315,6.615,-0.035,307.673,0.1,0.731,6.591,-0.033,307.69,0.1,0.7395,6.5785,-0.037,307.695,0.1,0.742,6.58,-0.0475,307.681,0.1,0.7275,6.592499999999999,-0.066,307.666,0.1,0.7075,6.6065000000000005,-0.086,307.661,0.1,0.7015,6.6129999999999995,-0.101,307.661,0.1,0.7184999999999999,6.608499999999999,-0.106,307.659,0.1,0.7535000000000001,6.6025,-0.1015,307.64,0.1,0.7885,6.6065000000000005,-0.092,307.602,0.1,0.8055000000000001,6.6225000000000005,-0.08499999999999999,307.555,0.1,0.812,6.647,-0.0825,307.509,0.1,0.839,6.6675,-0.082,307.464,0.1,0.907,6.6785,-0.0845,307.417,0.1,1.006,6.682,-0.092,307.37,0.1,
0.7605,6.663,-0.034,307.652,0.1,0.7375,6.638,-0.019,307.674,0.1,0.717,6.605,-0.010499999999999999,307.707,0.1,0.7095,6.5794999999999995,-0.009000000000000001,307.729,0.1,0.7135,6.5665,-0.0155,307.729,0.1,0.7224999999999999,6.571,-0.033,307.706,0.1,0.727,6.586,-0.055999999999999994,307.677,0.1,0.7235,6.5945,-0.07250000000000001,307.664,0.1,0.7224999999999999,6.589499999999999,-0.077,307.668,0.1,0.739,6.5815,-0.0745,307.664,0.1,0.77,6.5845,-0.0685,307.632,0.1,0.7965,6.602,-0.0645,307.579,0.1,0.8115,6.627000000000001,-0.065,307.524,0.1,0.8345,6.649,-0.0665,307.48,0.1,0.882,6.662,-0.07,307.44,0.1,0.9455,6.6625,-0.077,307.412,0.1,
0.813,6.68,0.0,307.624,0.1,0.7825,6.6565,0.019,307.652,0.1,0.753,6.622999999999999,0.0305,307.691,0.1,0.7384999999999999,6.589,0.035500000000000004,307.72,0.1,0.7435,6.564,0.0305,307.728,0.1,0.763,6.558999999999999,0.014,307.705,0.1,0.778,6.567,-0.0085,307.669,0.1,0.774,6.5715,-0.0245,307.653,0.1,0.7615000000000001,6.5649999999999995,-0.03,307.66,0.1,0.7635000000000001,6.5575,-0.028999999999999998,307.662,0.1,0.786,6.5600000000000005,-0.027000000000000003,307.636,0.1,0.8109999999999999,6.577500000000001,-0.0275,307.585,0.1,0.827,6.6025,-0.031,307.531,0.1,0.845,6.628,-0.036500000000000005,307.489,0.1,0.876,6.6434999999999995,-0.041,307.458,0.1,0.9165,6.645,-0.0475,307.444,0.1,
0.8725,6.683,0.0165,307.603,0.1,0.853,6.663,0.04,307.62,0.1,0.836,6.632,0.057999999999999996,307.647,0.1,0.827,6.596,0.0725,307.669,0.1,0.8294999999999999,6.566,0.0735,307.677,0.1,0.839,6.555,0.0605,307.666,0.1,0.8425,6.557,0.04,307.648,0.1,0.834,6.558,0.020999999999999998,307.641,0.1,0.824,6.551,0.012,307.644,0.1,0.8265,6.545,0.01,307.639,0.1,0.841,6.548,0.01,307.614,0.1,0.855,6.565,0.008,307.571,0.1,0.863,6.59,0.002,307.528,0.1,0.877,6.617,-0.0035,307.492,0.1,0.909,6.634,-0.006,307.465,0.1,0.9545,6.638,-0.0085,307.445,0.1,
0.1325,6.4245,-0.088,307.814,0.1,0.16449999999999998,6.4719999999999995,-0.077,307.764,0.1,0.16949999999999998,6.5085,-0.0655,307.729,0.1,0.156,6.526,-0.057999999999999996,307.719,0.1,0.157,6.529999999999999,-0.0565,307.722,0.1,0.197,6.534000000000001,-0.064,307.713,0.1,0.2735,6.5504999999999995,-0.0845,307.685,0.1,0.3675,6.5815,-0.108,307.64,0.1,0.45599999999999996,6.627,-0.129,307.583,0.1,0.5105,6.676,-0.1515,307.52,0.1,0.513,6.7095,-0.174,307.476,0.1,0.4935,6.728,-0.1865,307.462,0.1,0.513,6.744,-0.189,307.455,0.1,0.5940000000000001,6.7645,-0.1825,307.425,0.1,0.6955,6.7875,-0.164,307.374,0.1,0.75,6.803,-0.146,307.326,0.1,
0.15,6.3845,-0.0785,307.835,0.1,0.195,6.43,-0.075,307.78,0.1,0.2215,6.47,-0.066,307.73,0.1,0.2275,6.4955,-0.0555,307.701,0.1,0.238,6.509,-0.05,307.688,0.1,0.27449999999999997,6.516500000000001,-0.0555,307.677,0.1,0.33299999999999996,6.5215,-0.0715,307.664,0.1,0.402,6.534,-0.0925,307.646,0.1,0.47050000000000003,6.5675,-0.113,307.609,0.1,0.5145,6.6125,-0.137,307.556,0.1,0.513,6.6485,-0.162,307.511,0.1,0.4875,6.676,-0.1815,307.49,0.1,0.49,6.6975,-0.1895,307.486,0.1,0.5515,6.7115,-0.187,307.471,0.1,0.6585,6.727,-0.174,307.428,0.1,0.75,6.747999999999999,-0.162,307.36,0.1,
0.184,6.355,-0.054,307.842,0.1,0.22849999999999998,6.3955,-0.0625,307.789,0.1,0.2595,6.4345,-0.0625,307.739,0.1,0.27949999999999997,6.466,-0.057,307.7,0.1,0.305,6.492,-0.053,307.667,0.1,0.3425,6.5065,-0.0575,307.646,0.1,0.39049999999999996,6.5045,-0.07,307.645,0.1,0.4485,6.503,-0.0875,307.647,0.1,0.5065,6.524,-0.1075,307.621,0.1,0.537,6.56,-0.1305,307.579,0.1,0.5255000000000001,6.592499999999999,-0.154,307.543,0.1,0.4915,6.625,-0.172,307.516,0.1,0.472,6.651,-0.181,307.509,0.1,0.5025,6.66,-0.1805,307.513,0.1,0.5925,6.6685,-0.1745,307.487,0.1,0.6970000000000001,6.688,-0.17149999999999999,307.42,0.1,
0.22999999999999998,6.3365,-0.025500000000000002,307.839,0.1,0.26949999999999996,6.3695,-0.043,307.791,0.1,0.2985,6.406499999999999,-0.055,307.746,0.1,0.3205,6.442,-0.057999999999999996,307.706,0.1,0.348,6.4765,-0.057999999999999996,307.665,0.1,0.383,6.4955,-0.061,307.639,0.1,0.42800000000000005,6.4915,-0.07,307.642,0.1,0.48750000000000004,6.481999999999999,-0.086,307.65,0.1,0.5445,6.491,-0.1065,307.631,0.1,0.567,6.5145,-0.1275,307.598,0.1,0.548,6.5415,-0.1475,307.57,0.1,0.51,6.576499999999999,-0.1605,307.538,0.1,0.4815,6.6075,-0.167,307.523,0.1,0.4925,6.619,-0.169,307.528,0.1,0.5589999999999999,6.6265,-0.1695,307.514,0.1,0.6499999999999999,6.638,-0.172,307.465,0.1,
0.278,6.330500000000001,-0.007,307.835,0.1,0.317,6.356,-0.0285,307.792,0.1,0.344,6.39,-0.0465,307.749,0.1,0.3555,6.426500000000001,-0.0565,307.712,0.1,0.366,6.4625,-0.059,307.678,0.1,0.3895,6.4825,-0.06,307.659,0.1,0.4355,6.4785,-0.066,307.661,0.1,0.502,6.464,-0.0815,307.666,0.1,0.5645,6.4605,-0.1015,307.652,0.1,0.59,6.4705,-0.1205,307.626,0.1,0.573,6.493,-0.137,307.597,0.1,0.539,6.531000000000001,-0.1465,307.558,0.1,0.519,6.569,-0.151,307.528,0.1,0.536,6.59,-0.155,307.514,0.1,0.5885,6.601,-0.16,307.496,0.1,0.65,6.604,-0.1645,307.471,0.1,
0.3185,6.335000000000001,-0.003,307.833,0.1,0.35850000000000004,6.3545,-0.0225,307.797,0.1,0.3855,6.384,-0.0405,307.757,0.1,0.3875,6.4175,-0.053,307.723,0.1,0.3795,6.4515,-0.0565,307.697,0.1,0.385,6.4715,-0.056,307.685,0.1,0.42100000000000004,6.4675,-0.059,307.69,0.1,0.48450000000000004,6.4475,-0.07150000000000001,307.698,0.1,0.5505,6.431,-0.088,307.694,0.1,0.588,6.428000000000001,-0.1035,307.671,0.1,0.585,6.4465,-0.11699999999999999,307.632,0.1,0.562,6.487,-0.126,307.581,0.1,0.555,6.5335,-0.1335,307.535,0.1,0.5865,6.564500000000001,-0.14,307.5,0.1,0.643,6.58,-0.1465,307.47,0.1,0.6910000000000001,6.5809999999999995,-0.1515,307.453,0.1,
0.3425,6.343500000000001,-0.0085,307.841,0.1,0.382,6.3580000000000005,-0.0225,307.812,0.1,0.4115,6.382,-0.038,307.775,0.1,0.4115,6.4115,-0.052,307.743,0.1,0.393,6.4435,-0.0575,307.718,0.1,0.381,6.464499999999999,-0.0565,307.709,0.1,0.39749999999999996,6.461,-0.0575,307.721,0.1,0.4465,6.4365000000000006,-0.0645,307.74,0.1,0.51,6.4085,-0.074,307.746,0.1,0.5595,6.394500000000001,-0.0825,307.726,0.1,0.5745,6.4055,-0.0905,307.678,0.1,0.563,6.4455,-0.10250000000000001,307.614,0.1,0.5605,6.498,-0.114,307.556,0.1,0.5994999999999999,6.5355,-0.1245,307.511,0.1,0.6725,6.5545,-0.132,307.469,0.1,0.736,6.5595,-0.139,307.442,0.1,
0.3385,6.353,-0.0115,307.866,0.1,0.3745,6.3615,-0.0215,307.844,0.1,0.406,6.378500000000001,-0.0385,307.811,0.1,0.41000000000000003,6.4045000000000005,-0.0555,307.779,0.1,0.39,6.4355,-0.0645,307.752,0.1,0.3685,6.4595,-0.0655,307.742,0.1,0.369,6.4585,-0.065,307.756,0.1,0.402,6.433,-0.0665,307.782,0.1,0.4585,6.399,-0.067,307.796,0.1,0.5115000000000001,6.375500000000001,-0.066,307.779,0.1,0.536,6.3759999999999994,-0.0685,307.73,0.1,0.5305,6.4115,-0.08,307.662,0.1,0.525,6.466,-0.0955,307.6,0.1,0.5605,6.506,-0.109,307.553,0.1,0.6439999999999999,6.526,-0.1195,307.508,0.1,0.7384999999999999,6.5355,-0.1305,307.468,0.1,
0.32,6.3655,-0.0095,307.898,0.1,0.348,6.3665,-0.0195,307.886,0.1,0.378,6.3745,-0.0395,307.859,0.1,0.385,6.3955,-0.062,307.828,0.1,0.3675,6.426,-0.0755,307.801,0.1,0.34299999999999997,6.452999999999999,-0.0805,307.788,0.1,0.3335,6.457000000000001,-0.0795,307.799,0.1,0.35350000000000004,6.433999999999999,-0.0775,307.826,0.1,0.4,6.3995,-0.07100000000000001,307.843,0.1,0.4505,6.37,-0.063,307.829,0.1,0.4785,6.3629999999999995,-0.0595,307.782,0.1,0.477,6.3919999999999995,-0.068,307.716,0.1,0.4685,6.4455,-0.083,307.656,0.1,0.493,6.484500000000001,-0.0975,307.611,0.1,0.5735,6.5024999999999995,-0.1105,307.571,0.1,0.69,6.512499999999999,-0.126,307.527,0.1,
0.313,6.3795,-0.0095,307.916,0.1,0.3265,6.372,-0.0165,307.917,0.1,0.34650000000000003,6.3695,-0.0385,307.904,0.1,0.351,6.384,-0.064,307.881,0.1,0.33399999999999996,6.412,-0.082,307.858,0.1,0.3075,6.4405,-0.091,307.843,0.1,0.2895,6.449,-0.094,307.849,0.1,0.296,6.43,-0.0925,307.875,0.1,0.3315,6.398,-0.08499999999999999,307.893,0.1,0.3805,6.3695,-0.074,307.879,0.1,0.4165,6.362,-0.066,307.831,0.1,0.4245,6.387,-0.069,307.766,0.1,0.4175,6.436,-0.0795,307.707,0.1,0.4335,6.4725,-0.091,307.666,0.1,0.5025000000000001,6.4865,-0.10350000000000001,307.63,0.1,0.6160000000000001,6.4925,-0.12,307.591,0.1,
0.262,6.3865,-0.0135,307.96,0.1,0.263,6.3695,-0.0165,307.971,0.1,0.273,6.358,-0.034,307.972,0.1,0.276,6.365,-0.0565,307.957,0.1,0.261,6.388999999999999,-0.0765,307.937,0.1,0.23299999999999998,6.417,-0.09,307.922,0.1,0.20600000000000002,6.426,-0.098,307.926,0.1,0.2,6.4105,-0.1025,307.95,0.1,0.22699999999999998,6.384,-0.0995,307.964,0.1,0.27649999999999997,6.3629999999999995,-0.0905,307.944,0.1,0.322,6.3605,-0.0805,307.894,0.1,0.34299999999999997,6.384499999999999,-0.0765,307.83,0.1,0.3465,6.4275,-0.08,307.772,0.1,0.366,6.4605,-0.0865,307.729,0.1,0.4305,6.471,-0.0965,307.691,0.1,0.534,6.4725,-0.112,307.653,0.1,
0.1215,6.3895,-0.0285,308.059,0.1,0.1215,6.365,-0.024,308.07,0.1,0.1325,6.3454999999999995,-0.033,308.076,0.1,0.14300000000000002,6.343999999999999,-0.0475,308.066,0.1,0.1365,6.362,-0.064,308.042,0.1,0.107,6.386,-0.08,308.026,0.1,0.0715,6.394,-0.094,308.033,0.1,0.058499999999999996,6.383,-0.1045,308.052,0.1,0.08199999999999999,6.362500000000001,-0.108,308.057,0.1,0.132,6.3485,-0.1025,308.032,0.1,0.1835,6.3515,-0.0925,307.981,0.1,0.2165,6.3755,-0.084,307.919,0.1,0.2365,6.414,-0.081,307.86,0.1,0.272,6.444,-0.0835,307.809,0.1,0.34550000000000003,6.452999999999999,-0.091,307.762,0.1,0.45,6.4525,-0.10350000000000001,307.718,0.1,
0.013000000000000001,6.406000000000001,-0.044,308.131,0.1,0.011,6.3759999999999994,-0.0335,308.143,0.1,0.0175,6.346,-0.0315,308.158,0.1,0.029,6.3335,-0.035,308.157,0.1,0.031,6.3405000000000005,-0.045,308.134,0.1,0.012,6.3580000000000005,-0.0625,308.112,0.1,-0.016,6.3695,-0.082,308.108,0.1,-0.03,6.365,-0.0975,308.117,0.1,-0.016,6.3469999999999995,-0.104,308.121,0.1,0.024999999999999998,6.3335,-0.1005,308.1,0.1,0.077,6.3375,-0.091,308.052,0.1,0.1215,6.361,-0.0825,307.989,0.1,0.158,6.398,-0.079,307.924,0.1,0.20500000000000002,6.427,-0.0795,307.865,0.1,0.278,6.4375,-0.08549999999999999,307.816,0.1,0.3695,6.435,-0.0955,307.777,0.1,
0.0225,6.4350000000000005,-0.032,308.123,0.1,0.006500000000000001,6.400499999999999,-0.0175,308.145,0.1,-0.008,6.361000000000001,-0.0085,308.178,0.1,-0.011,6.3355,-0.007,308.194,0.1,-0.004,6.3285,-0.0125,308.183,0.1,0.0035,6.339,-0.028999999999999998,308.15,0.1,0.001,6.3545,-0.051000000000000004,308.12,0.1,-0.012,6.3545,-0.0675,308.115,0.1,-0.018500000000000003,6.336,-0.0735,308.126,0.1,0.002,6.319,-0.07150000000000001,308.122,0.1,0.049,6.3205,-0.066,308.081,0.1,0.10250000000000001,6.342499999999999,-0.061,308.012,0.1,0.14950000000000002,6.379,-0.0605,307.939,0.1,0.1965,6.4094999999999995,-0.0635,307.88,0.1,0.249,6.423,-0.07,307.838,0.1,0.3015,6.4185,-0.079,307.822,0.1,
0.07150000000000001,6.455500000000001,0.0015,308.094,0.1,0.0455,6.4235,0.0205,308.124,0.1,0.023,6.383,0.0325,308.163,0.1,0.0155,6.348000000000001,0.0375,308.185,0.1,0.026,6.328,0.0325,308.181,0.1,0.0465,6.329,0.0175,308.147,0.1,0.0545,6.34,-0.0035,308.108,0.1,0.039,6.339,-0.0195,308.098,0.1,0.0195,6.321,-0.026000000000000002,308.113,0.1,0.024499999999999997,6.303,-0.026000000000000002,308.116,0.1,0.061,6.3025,-0.024,308.082,0.1,0.112,6.322,-0.024,308.016,0.1,0.1595,6.357,-0.027,307.944,0.1,0.202,6.3905,-0.0335,307.888,0.1,0.239,6.4079999999999995,-0.04,307.857,0.1,0.268,6.406000000000001,-0.0485,307.854,0.1,
0.132,6.461,0.0175,308.071,0.1,0.11699999999999999,6.433,0.041,308.09,0.1,0.1075,6.395,0.0595,308.116,0.1,0.1075,6.357,0.074,308.133,0.1,0.11699999999999999,6.331,0.075,308.13,0.1,0.128,6.326,0.063,308.107,0.1,0.1245,6.332,0.0435,308.083,0.1,0.10350000000000001,6.329,0.025,308.079,0.1,0.08449999999999999,6.312,0.0155,308.089,0.1,0.0885,6.295,0.013000000000000001,308.087,0.1,0.1155,6.294,0.013000000000000001,308.054,0.1,0.15200000000000002,6.312,0.011,308.0,0.1,0.1905,6.346,0.006,307.94,0.1,0.23149999999999998,6.381,0.0,307.892,0.1,0.27349999999999997,6.401,-0.0035,307.864,0.1,0.3105,6.402,-0.0085,307.852,0.1,
-0.542,6.17,-0.08399999999999999,308.24,0.1,-0.5145,6.212,-0.073,308.192,0.1,-0.51,6.244999999999999,-0.061,308.156,0.1,-0.5185,6.2620000000000005,-0.0545,308.142,0.1,-0.5105,6.2669999999999995,-0.054,308.141,0.1,-0.4645,6.273,-0.063,308.132,0.1,-0.38749999999999996,6.291499999999999,-0.0835,308.105,0.1,-0.3005,6.3265,-0.106,308.06,0.1,-0.224,6.374499999999999,-0.127,308.002,0.1,-0.18,6.4265,-0.1505,307.94,0.1,-0.1775,6.464,-0.174,307.894,0.1,-0.1865,6.484,-0.1875,307.877,0.1,-0.1565,6.4975,-0.191,307.87,0.1,-0.074,6.5135000000000005,-0.184,307.841,0.1,0.022500000000000003,6.532,-0.1635,307.791,0.1,0.07450000000000001,6.547000000000001,-0.144,307.741,0.1,
-0.527,6.1365,-0.076,308.261,0.1,-0.486,6.177,-0.073,308.207,0.1,-0.4615,6.2135,-0.0635,308.158,0.1,-0.4515,6.2375,-0.0525,308.126,0.1,-0.433,6.2495,-0.0485,308.112,0.1,-0.389,6.257,-0.0555,308.1,0.1,-0.3275,6.2635,-0.0725,308.086,0.1,-0.2635,6.281000000000001,-0.0925,308.065,0.1,-0.20700000000000002,6.3185,-0.1115,308.026,0.1,-0.1745,6.3665,-0.135,307.973,0.1,-0.1765,6.406000000000001,-0.1605,307.927,0.1,-0.192,6.433999999999999,-0.181,307.904,0.1,-0.181,6.451499999999999,-0.191,307.899,0.1,-0.1205,6.4605,-0.189,307.886,0.1,-0.0205,6.4725,-0.174,307.845,0.1,0.06899999999999999,6.494,-0.1605,307.776,0.1,
-0.495,6.116,-0.0525,308.268,0.1,-0.45399999999999996,6.152,-0.0615,308.216,0.1,-0.426,6.1875,-0.061,308.167,0.1,-0.40449999999999997,6.216,-0.0545,308.127,0.1,-0.3725,6.2379999999999995,-0.052,308.095,0.1,-0.3265,6.25,-0.058499999999999996,308.075,0.1,-0.27349999999999997,6.249499999999999,-0.0725,308.072,0.1,-0.2175,6.253,-0.089,308.068,0.1,-0.16949999999999998,6.2795000000000005,-0.1065,308.038,0.1,-0.15,6.3185,-0.1275,307.994,0.1,-0.16299999999999998,6.3525,-0.15,307.957,0.1,-0.189,6.3845,-0.169,307.928,0.1,-0.2015,6.4055,-0.1805,307.922,0.1,-0.1735,6.409,-0.182,307.927,0.1,-0.0905,6.415,-0.1755,307.904,0.1,0.013999999999999999,6.436,-0.1705,307.836,0.1,
-0.4485,6.107,-0.025,308.264,0.1,-0.41300000000000003,6.1365,-0.0435,308.216,0.1,-0.3895,6.1690000000000005,-0.0545,308.173,0.1,-0.369,6.2,-0.056,308.134,0.1,-0.33799999999999997,6.2285,-0.0565,308.096,0.1,-0.29500000000000004,6.243,-0.0615,308.074,0.1,-0.2415,6.2405,-0.073,308.075,0.1,-0.18,6.2365,-0.089,308.076,0.1,-0.13,6.2515,-0.107,308.049,0.1,-0.118,6.2775,-0.1245,308.012,0.1,-0.1405,6.304,-0.14250000000000002,307.982,0.1,-0.1725,6.3375,-0.1555,307.948,0.1,-0.1955,6.3629999999999995,-0.165,307.934,0.1,-0.1865,6.369,-0.17,307.943,0.1,-0.126,6.375,-0.17149999999999999,307.931,0.1,-0.0345,6.3895,-0.172,307.881,0.1,
-0.4,6.1085,-0.007,308.257,0.1,-0.366,6.131,-0.0295,308.215,0.1,-0.347,6.1605,-0.047,308.175,0.1,-0.3405,6.192,-0.0555,308.141,0.1,-0.328,6.221500000000001,-0.0575,308.112,0.1,-0.29600000000000004,6.236,-0.06,308.097,0.1,-0.239,6.2325,-0.0685,308.098,0.1,-0.16749999999999998,6.224,-0.08499999999999999,308.095,0.1,-0.111,6.2255,-0.103,308.072,0.1,-0.096,6.2379999999999995,-0.118,308.039,0.1,-0.11750000000000001,6.259,-0.1315,308.006,0.1,-0.14750000000000002,6.2940000000000005,-0.1405,307.967,0.1,-0.162,6.326499999999999,-0.1475,307.94,0.1,-0.14500000000000002,6.343,-0.156,307.93,0.1,-0.096,6.353,-0.1625,307.914,0.1,-0.033,6.36,-0.166,307.886,0.1,
-0.36050000000000004,6.1175,-0.003,308.254,0.1,-0.3265,6.135,-0.024,308.219,0.1,-0.3095,6.1615,-0.0415,308.181,0.1,-0.314,6.1915,-0.053,308.152,0.1,-0.321,6.2195,-0.0555,308.132,0.1,-0.3065,6.233,-0.056,308.126,0.1,-0.258,6.2275,-0.0615,308.13,0.1,-0.1885,6.212,-0.075,308.13,0.1,-0.1285,6.199999999999999,-0.09,308.113,0.1,-0.10200000000000001,6.2,-0.1025,308.081,0.1,-0.11,6.2170000000000005,-0.1125,308.038,0.1,-0.1295,6.254,-0.1205,307.989,0.1,-0.1295,6.2955,-0.1305,307.948,0.1,-0.0945,6.3225,-0.14100000000000001,307.919,0.1,-0.0395,6.337,-0.1505,307.889,0.1,0.009000000000000001,6.3415,-0.1555,307.868,0.1,
-0.3405,6.129,-0.008,308.263,0.1,-0.307,6.143000000000001,-0.024,308.233,0.1,-0.2885,6.166,-0.04,308.199,0.1,-0.295,6.1935,-0.0525,308.171,0.1,-0.3125,6.22,-0.0565,308.153,0.1,-0.3155,6.233499999999999,-0.0565,308.151,0.1,-0.28700000000000003,6.226,-0.0595,308.163,0.1,-0.2325,6.2035,-0.068,308.172,0.1,-0.1745,6.1805,-0.0765,308.164,0.1,-0.1365,6.17,-0.083,308.132,0.1,-0.127,6.1815,-0.088,308.081,0.1,-0.1335,6.219,-0.0975,308.022,0.1,-0.126,6.2669999999999995,-0.111,307.971,0.1,-0.08,6.3004999999999995,-0.1255,307.93,0.1,-0.0075,6.319,-0.137,307.888,0.1,0.055,6.326,-0.1455,307.855,0.1,
-0.35050000000000003,6.1415,-0.011,308.29,0.1,-0.319,6.15,-0.023,308.266,0.1,-0.297,6.1675,-0.04,308.234,0.1,-0.3,6.192,-0.056,308.205,0.1,-0.319,6.2185,-0.0635,308.186,0.1,-0.332,6.234,-0.065,308.183,0.1,-0.3205,6.2275,-0.067,308.197,0.1,-0.2825,6.201499999999999,-0.0695,308.213,0.1,-0.23199999999999998,6.172000000000001,-0.07100000000000001,308.211,0.1,-0.1905,6.1535,-0.0685,308.183,0.1,-0.172,6.157500000000001,-0.068,308.132,0.1,-0.17099999999999999,6.192,-0.0765,308.071,0.1,-0.16249999999999998,6.242,-0.093,308.016,0.1,-0.11699999999999999,6.279,-0.11,307.972,0.1,-0.0335,6.298500000000001,-0.125,307.925,0.1,0.0565,6.308999999999999,-0.1385,307.879,0.1,
-0.3735,6.1575,-0.009,308.323,0.1,-0.348,6.1579999999999995,-0.020999999999999998,308.307,0.1,-0.327,6.1665,-0.041,308.28,0.1,-0.327,6.1865000000000006,-0.0615,308.252,0.1,-0.344,6.2125,-0.074,308.232,0.1,-0.361,6.231,-0.0795,308.226,0.1,-0.3615,6.2285,-0.081,308.237,0.1,-0.33799999999999997,6.2035,-0.0805,308.255,0.1,-0.29700000000000004,6.172000000000001,-0.0755,308.256,0.1,-0.2575,6.1495,-0.067,308.231,0.1,-0.2345,6.1485,-0.061,308.184,0.1,-0.227,6.178,-0.0665,308.125,0.1,-0.2185,6.2265,-0.0815,308.072,0.1,-0.1815,6.2635000000000005,-0.099,308.028,0.1,-0.101,6.2815,-0.11599999999999999,307.985,0.1,0.006999999999999999,6.2925,-0.134,307.935,0.1,
-0.386,6.175,-0.009,308.342,0.1,-0.373,6.165,-0.018000000000000002,308.338,0.1,-0.361,6.1625,-0.0395,308.324,0.1,-0.363,6.1754999999999995,-0.0635,308.303,0.1,-0.38,6.199,-0.08,308.286,0.1,-0.4,6.22,-0.0895,308.276,0.1,-0.411,6.221,-0.0945,308.282,0.1,-0.403,6.1995000000000005,-0.0955,308.3,0.1,-0.3735,6.17,-0.089,308.305,0.1,-0.33399999999999996,6.15,-0.078,308.281,0.1,-0.3005,6.1495,-0.0685,308.233,0.1,-0.2815,6.176,-0.0695,308.175,0.1,-0.269,6.2205,-0.079,308.122,0.1,-0.2385,6.2545,-0.093,308.081,0.1,-0.16999999999999998,6.269,-0.1085,308.042,0.1,-0.068,6.2775,-0.1275,307.997,0.1,
-0.4425,6.182,-0.0135,308.385,0.1,-0.4415,6.1615,-0.0175,308.391,0.1,-0.4385,6.15,-0.034,308.39,0.1,-0.441,6.1555,-0.0555,308.377,0.1,-0.4555,6.176,-0.075,308.361,0.1,-0.47850000000000004,6.197,-0.088,308.349,0.1,-0.5,6.1985,-0.098,308.353,0.1,-0.5055000000000001,6.1795,-0.1035,308.369,0.1,-0.48450000000000004,6.156,-0.10200000000000001,308.373,0.1,-0.4425,6.1434999999999995,-0.0935,308.346,0.1,-0.397,6.1485,-0.0835,308.296,0.1,-0.3635,6.1739999999999995,-0.078,308.238,0.1,-0.3395,6.2135,-0.0805,308.185,0.1,-0.3045,6.2435,-0.0885,308.142,0.1,-0.24050000000000002,6.254,-0.101,308.101,0.1,-0.15000000000000002,6.259499999999999,-0.118,308.059,0.1,
-0.588,6.1805,-0.028,308.479,0.1,-0.5885,6.153499999999999,-0.024,308.487,0.1,-0.5825,6.1345,-0.0325,308.492,0.1,-0.5765,6.133,-0.046,308.482,0.1,-0.583,6.1485,-0.062,308.46,0.1,-0.6074999999999999,6.1655,-0.078,308.446,0.1,-0.637,6.167,-0.092,308.452,0.1,-0.649,6.1530000000000005,-0.1035,308.464,0.1,-0.6305000000000001,6.135,-0.1085,308.461,0.1,-0.5860000000000001,6.1285,-0.1035,308.431,0.1,-0.5335000000000001,6.138999999999999,-0.094,308.38,0.1,-0.488,6.164,-0.08499999999999999,308.323,0.1,-0.4485,6.1995000000000005,-0.0815,308.269,0.1,-0.39949999999999997,6.226,-0.08499999999999999,308.219,0.1,-0.32699999999999996,6.234999999999999,-0.0935,308.172,0.1,-0.235,6.2379999999999995,-0.108,308.126,0.1,
-0.7004999999999999,6.1915,-0.042499999999999996,308.549,0.1,-0.702,6.16,-0.0325,308.559,0.1,-0.699,6.132,-0.03,308.57,0.1,-0.6910000000000001,6.1205,-0.033,308.567,0.1,-0.6890000000000001,6.1259999999999994,-0.043,308.546,0.1,-0.704,6.138,-0.0595,308.526,0.1,-0.7264999999999999,6.1434999999999995,-0.0785,308.521,0.1,-0.738,6.1370000000000005,-0.0945,308.524,0.1,-0.7264999999999999,6.1215,-0.10200000000000001,308.52,0.1,-0.6885,6.114,-0.0995,308.495,0.1,-0.634,6.1235,-0.091,308.447,0.1,-0.5780000000000001,6.1485,-0.082,308.388,0.1,-0.5245,6.1825,-0.078,308.328,0.1,-0.46699999999999997,6.2075,-0.0795,308.273,0.1,-0.39749999999999996,6.217,-0.087,308.225,0.1,-0.3185,6.2175,-0.0985,308.186,0.1,
-0.697,6.2170000000000005,-0.0305,308.543,0.1,-0.7115,6.182,-0.0165,308.563,0.1,-0.7264999999999999,6.145,-0.0075,308.59,0.1,-0.731,6.121,-0.005,308.602,0.1,-0.724,6.1135,-0.010499999999999999,308.59,0.1,-0.7135,6.1205,-0.025500000000000002,308.559,0.1,-0.7115,6.1315,-0.0465,308.529,0.1,-0.721,6.1295,-0.063,308.519,0.1,-0.727,6.1135,-0.07050000000000001,308.523,0.1,-0.707,6.1005,-0.0695,308.513,0.1,-0.6559999999999999,6.1055,-0.0645,308.472,0.1,-0.591,6.129,-0.0595,308.407,0.1,-0.53,6.1625,-0.059,308.34,0.1,-0.47650000000000003,6.1895,-0.063,308.286,0.1,-0.4295,6.201,-0.07050000000000001,308.248,0.1,-0.38749999999999996,6.199,-0.081,308.232,0.1,
-0.6535,6.2379999999999995,0.0025,308.517,0.1,-0.6759999999999999,6.205500000000001,0.021,308.543,0.1,-0.6964999999999999,6.1665,0.033,308.576,0.1,-0.7035,6.1335,0.038,308.592,0.1,-0.6925,6.1135,0.0335,308.586,0.1,-0.67,6.1125,0.02,308.553,0.1,-0.6585000000000001,6.121,0.001,308.514,0.1,-0.671,6.1185,-0.015,308.5,0.1,-0.6885,6.102,-0.0225,308.507,0.1,-0.681,6.087,-0.024,308.504,0.1,-0.6385000000000001,6.089,-0.0225,308.47,0.1,-0.577,6.109,-0.0225,308.409,0.1,-0.518,6.1415,-0.026,308.342,0.1,-0.47050000000000003,6.172,-0.033,308.292,0.1,-0.439,6.186999999999999,-0.0405,308.265,0.1,-0.4185,6.186,-0.05,308.262,0.1,
-0.594,6.245,0.018,308.493,0.1,-0.606,6.216,0.041,308.509,0.1,-0.6125,6.179,0.0595,308.529,0.1,-0.611,6.143,0.0735,308.54,0.1,-0.6,6.117,0.0745,308.534,0.1,-0.587,6.111,0.0645,308.511,0.1,-0.5885,6.115,0.046,308.486,0.1,-0.607,6.111,0.028499999999999998,308.477,0.1,-0.623,6.095,0.018500000000000003,308.48,0.1,-0.6154999999999999,6.081,0.014499999999999999,308.473,0.1,-0.5815,6.082,0.014,308.441,0.1,-0.534,6.1,0.012,308.391,0.1,-0.485,6.132,0.007,308.337,0.1,-0.4395,6.164,0.001,308.294,0.1,-0.402,6.181,-0.0035,308.269,0.1,-0.3715,6.182,-0.009999999999999998,308.256,0.1,
-1.2455,5.941000000000001,-0.08,308.665,0.1,-1.223,5.973000000000001,-0.069,308.622,0.1,-1.214,6.0024999999999995,-0.056999999999999995,308.583,0.1,-1.213,6.022,-0.051000000000000004,308.561,0.1,-1.198,6.029,-0.051500000000000004,308.556,0.1,-1.151,6.0385,-0.0625,308.548,0.1,-1.0815000000000001,6.063000000000001,-0.083,308.522,0.1,-1.0115,6.1035,-0.1045,308.478,0.1,-0.9575,6.156000000000001,-0.125,308.421,0.1,-0.929,6.209,-0.1495,308.363,0.1,-0.921,6.2455,-0.174,308.321,0.1,-0.906,6.261,-0.1885,308.304,0.1,-0.856,6.2675,-0.1935,308.294,0.1,-0.7749999999999999,6.279,-0.186,308.262,0.1,-0.6965,6.298,-0.163,308.209,0.1,-0.656,6.3205,-0.142,308.156,0.1,
-1.233,5.9155,-0.074,308.684,0.1,-1.198,5.947,-0.07100000000000001,308.635,0.1,-1.172,5.98,-0.0605,308.586,0.1,-1.1535,6.004,-0.05,308.55,0.1,-1.126,6.015499999999999,-0.0475,308.533,0.1,-1.0785,6.0235,-0.0565,308.522,0.1,-1.022,6.036,-0.074,308.507,0.1,-0.972,6.060499999999999,-0.093,308.481,0.1,-0.9375,6.105,-0.11,308.439,0.1,-0.9225000000000001,6.156000000000001,-0.1325,308.389,0.1,-0.921,6.195,-0.159,308.349,0.1,-0.9145000000000001,6.2165,-0.1805,308.329,0.1,-0.884,6.2235,-0.1925,308.323,0.1,-0.8245,6.225,-0.1905,308.306,0.1,-0.742,6.237,-0.1745,308.263,0.1,-0.663,6.2675,-0.1595,308.192,0.1,
-1.2029999999999998,5.906499999999999,-0.0515,308.688,0.1,-1.1684999999999999,5.9345,-0.061,308.641,0.1,-1.141,5.9645,-0.059,308.595,0.1,-1.1135000000000002,5.99,-0.052,308.554,0.1,-1.0745,6.0085,-0.0515,308.522,0.1,-1.0234999999999999,6.019,-0.06,308.505,0.1,-0.9704999999999999,6.0235,-0.0755,308.498,0.1,-0.9245,6.0365,-0.091,308.485,0.1,-0.896,6.0715,-0.106,308.449,0.1,-0.8945000000000001,6.1145,-0.1245,308.405,0.1,-0.908,6.1485,-0.146,308.373,0.1,-0.9155,6.1715,-0.1665,308.35,0.1,-0.91,6.179,-0.18,308.345,0.1,-0.882,6.173500000000001,-0.1835,308.348,0.1,-0.8125,6.18,-0.1765,308.323,0.1,-0.7155,6.211,-0.1695,308.252,0.1,
-1.1564999999999999,5.91,-0.025,308.68,0.1,-1.129,5.9315,-0.0445,308.639,0.1,-1.11,5.9565,-0.0535,308.599,0.1,-1.0875,5.982,-0.0545,308.562,0.1,-1.0505,6.0045,-0.0555,308.528,0.1,-1.0005,6.0165,-0.063,308.51,0.1,-0.9430000000000001,6.0184999999999995,-0.077,308.506,0.1,-0.8865000000000001,6.0255,-0.093,308.496,0.1,-0.8534999999999999,6.0495,-0.1075,308.461,0.1,-0.8594999999999999,6.079000000000001,-0.1215,308.42,0.1,-0.885,6.1045,-0.1375,308.392,0.1,-0.904,6.1274999999999995,-0.1505,308.366,0.1,-0.912,6.138,-0.163,308.357,0.1,-0.9,6.1355,-0.17149999999999999,308.366,0.1,-0.8475,6.1425,-0.174,308.352,0.1,-0.7595000000000001,6.167,-0.172,308.297,0.1,
-1.1065,5.92,-0.0075,308.669,0.1,-1.0845,5.936,-0.031,308.634,0.1,-1.0755,5.958,-0.047,308.599,0.1,-1.0695000000000001,5.9825,-0.0545,308.569,0.1,-1.0495,6.004,-0.056,308.547,0.1,-1.006,6.0145,-0.0605,308.537,0.1,-0.9410000000000001,6.016,-0.07200000000000001,308.533,0.1,-0.873,6.0184999999999995,-0.089,308.517,0.1,-0.8334999999999999,6.0295000000000005,-0.1045,308.482,0.1,-0.838,6.0445,-0.116,308.443,0.1,-0.8654999999999999,6.0625,-0.1265,308.41,0.1,-0.886,6.0865,-0.135,308.381,0.1,-0.887,6.1045,-0.145,308.364,0.1,-0.865,6.1135,-0.1575,308.357,0.1,-0.8200000000000001,6.1259999999999994,-0.166,308.34,0.1,-0.7565,6.1425,-0.168,308.304,0.1,
-1.0665,5.933,-0.0035,308.663,0.1,-1.0485,5.9465,-0.026000000000000002,308.633,0.1,-1.0459999999999998,5.9675,-0.042499999999999996,308.602,0.1,-1.0535,5.991,-0.0525,308.58,0.1,-1.0514999999999999,6.01,-0.0545,308.569,0.1,-1.0205,6.0169999999999995,-0.056,308.569,0.1,-0.9590000000000001,6.015,-0.0645,308.567,0.1,-0.891,6.0105,-0.079,308.552,0.1,-0.8494999999999999,6.0085,-0.0925,308.519,0.1,-0.8465,6.0115,-0.1015,308.478,0.1,-0.8645,6.025,-0.108,308.438,0.1,-0.876,6.051,-0.11549999999999999,308.401,0.1,-0.8614999999999999,6.0785,-0.1275,308.374,0.1,-0.8180000000000001,6.0995,-0.1425,308.35,0.1,-0.764,6.118,-0.155,308.319,0.1,-0.714,6.131,-0.16,308.285,0.1,
-1.0470000000000002,5.946,-0.0085,308.67,0.1,-1.0310000000000001,5.958,-0.026000000000000002,308.644,0.1,-1.0305,5.979,-0.041999999999999996,308.617,0.1,-1.0419999999999998,6.002,-0.053,308.597,0.1,-1.0485,6.019,-0.0555,308.591,0.1,-1.032,6.0235,-0.057,308.595,0.1,-0.987,6.016,-0.0625,308.6,0.1,-0.9319999999999999,6.003,-0.07150000000000001,308.591,0.1,-0.894,5.9905,-0.0795,308.563,0.1,-0.883,5.9855,-0.0835,308.522,0.1,-0.8885000000000001,5.9955,-0.086,308.476,0.1,-0.8885000000000001,6.0225,-0.093,308.434,0.1,-0.8614999999999999,6.0565,-0.1085,308.401,0.1,-0.8009999999999999,6.085,-0.1265,308.365,0.1,-0.728,6.1075,-0.14250000000000002,308.317,0.1,-0.6685,6.1225000000000005,-0.1525,308.269,0.1,
-1.0585,5.9595,-0.011,308.695,0.1,-1.043,5.9675,-0.025500000000000002,308.673,0.1,-1.04,5.9855,-0.041999999999999996,308.647,0.1,-1.0495,6.007,-0.056,308.627,0.1,-1.0585,6.0235,-0.0625,308.621,0.1,-1.0514999999999999,6.0280000000000005,-0.065,308.626,0.1,-1.022,6.0184999999999995,-0.069,308.633,0.1,-0.9815,5.999499999999999,-0.073,308.628,0.1,-0.95,5.980499999999999,-0.075,308.604,0.1,-0.9375,5.971,-0.07100000000000001,308.565,0.1,-0.937,5.9775,-0.068,308.523,0.1,-0.9305,6.0024999999999995,-0.074,308.483,0.1,-0.8985000000000001,6.0385,-0.091,308.447,0.1,-0.8325,6.0695,-0.1115,308.406,0.1,-0.7464999999999999,6.093,-0.131,308.351,0.1,-0.6655,6.112,-0.147,308.289,0.1,
-1.0825,5.977,-0.009,308.726,0.1,-1.0699999999999998,5.977,-0.023,308.709,0.1,-1.067,5.986000000000001,-0.042499999999999996,308.686,0.1,-1.075,6.0035,-0.061,308.668,0.1,-1.0845,6.0195,-0.072,308.661,0.1,-1.0830000000000002,6.026,-0.078,308.663,0.1,-1.0655000000000001,6.0184999999999995,-0.0825,308.668,0.1,-1.0379999999999998,5.997999999999999,-0.08399999999999999,308.665,0.1,-1.0139999999999998,5.977,-0.08,308.643,0.1,-1.0025,5.9665,-0.07050000000000001,308.608,0.1,-0.9975,5.972,-0.0625,308.571,0.1,-0.985,5.9945,-0.0655,308.535,0.1,-0.9515,6.029,-0.0805,308.5,0.1,-0.89,6.0585,-0.101,308.46,0.1,-0.806,6.0794999999999995,-0.1215,308.406,0.1,-0.712,6.1,-0.14200000000000002,308.342,0.1,
-1.0955,5.993,-0.009,308.744,0.1,-1.0925,5.9825,-0.02,308.737,0.1,-1.097,5.98,-0.0405,308.726,0.1,-1.108,5.9905,-0.0625,308.712,0.1,-1.1195,6.005,-0.078,308.706,0.1,-1.1235,6.013999999999999,-0.088,308.705,0.1,-1.1185,6.0085,-0.095,308.706,0.1,-1.1065,5.9895,-0.098,308.705,0.1,-1.091,5.971,-0.093,308.687,0.1,-1.0755,5.9645,-0.082,308.655,0.1,-1.0585,5.973000000000001,-0.07150000000000001,308.617,0.1,-1.0339999999999998,5.9955,-0.07050000000000001,308.58,0.1,-0.9964999999999999,6.0265,-0.0795,308.546,0.1,-0.9415,6.052,-0.095,308.509,0.1,-0.8685,6.068,-0.1135,308.46,0.1,-0.7825,6.0865,-0.1345,308.402,0.1,
-1.1524999999999999,5.994,-0.014,308.784,0.1,-1.16,5.974,-0.0185,308.786,0.1,-1.1715,5.962999999999999,-0.034,308.787,0.1,-1.1825,5.9665,-0.0545,308.779,0.1,-1.1925,5.9795,-0.073,308.772,0.1,-1.201,5.9885,-0.086,308.768,0.1,-1.2085,5.9825,-0.0975,308.767,0.1,-1.2105000000000001,5.966,-0.105,308.766,0.1,-1.2005,5.9535,-0.1045,308.751,0.1,-1.1775,5.955,-0.0965,308.718,0.1,-1.1440000000000001,5.970000000000001,-0.0865,308.676,0.1,-1.104,5.993,-0.08,308.636,0.1,-1.0585,6.02,-0.082,308.601,0.1,-1.0030000000000001,6.0405,-0.091,308.564,0.1,-0.9365,6.051500000000001,-0.105,308.518,0.1,-0.8625,6.067,-0.124,308.465,0.1,
-1.295,5.983499999999999,-0.0275,308.873,0.1,-1.3014999999999999,5.9585,-0.024,308.877,0.1,-1.308,5.942,-0.0315,308.881,0.1,-1.31,5.9399999999999995,-0.044,308.875,0.1,-1.314,5.9495000000000005,-0.06,308.861,0.1,-1.327,5.955,-0.0755,308.854,0.1,-1.343,5.9485,-0.09,308.856,0.1,-1.3495,5.9365000000000006,-0.103,308.852,0.1,-1.338,5.93,-0.109,308.834,0.1,-1.3075,5.9375,-0.105,308.798,0.1,-1.263,5.957000000000001,-0.096,308.754,0.1,-1.2115,5.98,-0.087,308.713,0.1,-1.1560000000000001,6.004,-0.083,308.675,0.1,-1.0935000000000001,6.0205,-0.0865,308.635,0.1,-1.0235,6.029,-0.0965,308.587,0.1,-0.948,6.041499999999999,-0.1125,308.534,0.1,
-1.4064999999999999,5.984999999999999,-0.0415,308.939,0.1,-1.412,5.9575,-0.0315,308.946,0.1,-1.4175,5.9345,-0.0285,308.954,0.1,-1.4165,5.9245,-0.0315,308.951,0.1,-1.415,5.925,-0.041,308.937,0.1,-1.4209999999999998,5.926,-0.0565,308.923,0.1,-1.43,5.924,-0.075,308.916,0.1,-1.4335,5.9190000000000005,-0.0915,308.906,0.1,-1.424,5.914999999999999,-0.1,308.887,0.1,-1.3945,5.9205000000000005,-0.099,308.856,0.1,-1.3445,5.9375,-0.091,308.814,0.1,-1.2835,5.9605,-0.0825,308.769,0.1,-1.221,5.984,-0.0785,308.726,0.1,-1.1589999999999998,5.9990000000000006,-0.0805,308.684,0.1,-1.097,6.007,-0.0885,308.64,0.1,-1.0325,6.015499999999999,-0.1015,308.596,0.1,
-1.408,6.004,-0.0295,308.937,0.1,-1.4224999999999999,5.974,-0.016,308.951,0.1,-1.441,5.9435,-0.006500000000000001,308.971,0.1,-1.4500000000000002,5.9225,-0.0035,308.979,0.1,-1.4455,5.911,-0.009000000000000001,308.973,0.1,-1.431,5.909,-0.0225,308.95,0.1,-1.4175,5.913,-0.041999999999999996,308.921,0.1,-1.4165,5.913,-0.059,308.9,0.1,-1.4195,5.906499999999999,-0.0675,308.888,0.1,-1.4020000000000001,5.905,-0.068,308.87,0.1,-1.3519999999999999,5.916499999999999,-0.0635,308.833,0.1,-1.2835,5.938000000000001,-0.059,308.782,0.1,-1.2189999999999999,5.9625,-0.058499999999999996,308.734,0.1,-1.168,5.9795,-0.063,308.695,0.1,-1.1315,5.9879999999999995,-0.0715,308.663,0.1,-1.0995,5.992,-0.083,308.641,0.1,
-1.3685,6.024,0.0035,308.914,0.1,-1.3889999999999998,5.996,0.021,308.933,0.1,-1.4104999999999999,5.9635,0.033,308.956,0.1,-1.4205,5.933,0.038,308.967,0.1,-1.412,5.9115,0.0345,308.964,0.1,-1.387,5.9045000000000005,0.0225,308.939,0.1,-1.3665,5.907,0.005,308.902,0.1,-1.3675000000000002,5.9055,-0.011,308.878,0.1,-1.3780000000000001,5.8965,-0.0195,308.87,0.1,-1.3679999999999999,5.891500000000001,-0.0225,308.858,0.1,-1.324,5.899,-0.022,308.827,0.1,-1.26,5.918,-0.022,308.78,0.1,-1.2,5.943,-0.025500000000000002,308.733,0.1,-1.1589999999999998,5.963,-0.033,308.699,0.1,-1.1389999999999998,5.973,-0.0415,308.677,0.1,-1.125,5.976,-0.0515,308.668,0.1,
-1.31,6.032,0.018,308.889,0.1,-1.3215,6.007,0.041,308.899,0.1,-1.329,5.976,0.058499999999999996,308.911,0.1,-1.329,5.942,0.072,308.917,0.1,-1.319,5.916,0.074,308.913,0.1,-1.3035,5.905,0.065,308.895,0.1,-1.2970000000000002,5.904,0.0485,308.871,0.1,-1.3050000000000002,5.9,0.032,308.852,0.1,-1.3130000000000002,5.891,0.020999999999999998,308.841,0.1,-1.3005,5.886,0.0155,308.826,0.1,-1.2625,5.892,0.014,308.798,0.1,-1.2109999999999999,5.91,0.012,308.762,0.1,-1.162,5.935,0.006500000000000001,308.725,0.1,-1.125,5.956,0.0005,308.697,0.1,-1.0995,5.967,-0.0045000000000000005,308.676,0.1,-1.0739999999999998,5.971,-0.0115,308.658,0.1,
-1.949,5.711,-0.077,309.09,0.1,-1.9315,5.734500000000001,-0.065,309.051,0.1,-1.9184999999999999,5.7605,-0.053,309.009,0.1,-1.9075,5.782,-0.048,308.98,0.1,-1.8855,5.791,-0.05,308.971,0.1,-1.8385,5.804,-0.0625,308.964,0.1,-1.7765,5.834,-0.083,308.94,0.1,-1.7225000000000001,5.881,-0.103,308.896,0.1,-1.6905000000000001,5.9375,-0.1225,308.84,0.1,-1.678,5.992,-0.148,308.786,0.1,-1.6644999999999999,6.0275,-0.174,308.748,0.1,-1.6255,6.0375,-0.1905,308.731,0.1,-1.5554999999999999,6.0375,-0.1965,308.718,0.1,-1.476,6.0455000000000005,-0.1875,308.682,0.1,-1.4155,6.0649999999999995,-0.1625,308.627,0.1,-1.3864999999999998,6.094,-0.14,308.572,0.1,
-1.9395,5.694,-0.0725,309.107,0.1,-1.9104999999999999,5.7175,-0.0695,309.063,0.1,-1.8820000000000001,5.746,-0.057999999999999996,309.014,0.1,-1.8545,5.77,-0.0485,308.973,0.1,-1.819,5.781000000000001,-0.0475,308.954,0.1,-1.768,5.7905,-0.058499999999999996,308.945,0.1,-1.7155,5.8075,-0.076,308.928,0.1,-1.68,5.8405000000000005,-0.093,308.897,0.1,-1.6675,5.891500000000001,-0.108,308.852,0.1,-1.67,5.9465,-0.1295,308.806,0.1,-1.666,5.984500000000001,-0.157,308.772,0.1,-1.637,5.9990000000000006,-0.1805,308.754,0.1,-1.5865,5.9955,-0.1945,308.746,0.1,-1.529,5.9905,-0.192,308.727,0.1,-1.464,6.0024999999999995,-0.1745,308.682,0.1,-1.395,6.0405,-0.158,308.609,0.1,
-1.9115,5.697,-0.052,309.108,0.1,-1.883,5.7170000000000005,-0.061,309.067,0.1,-1.8565,5.7415,-0.0575,309.023,0.1,-1.8235000000000001,5.763999999999999,-0.0505,308.98,0.1,-1.7765,5.779,-0.0515,308.949,0.1,-1.7200000000000002,5.7885,-0.0625,308.935,0.1,-1.6680000000000001,5.797000000000001,-0.0795,308.924,0.1,-1.6320000000000001,5.82,-0.094,308.903,0.1,-1.6225,5.8635,-0.1055,308.86,0.1,-1.6385,5.911,-0.121,308.817,0.1,-1.6520000000000001,5.944000000000001,-0.1425,308.79,0.1,-1.6415,5.959,-0.164,308.772,0.1,-1.6185,5.953,-0.1805,308.768,0.1,-1.5899999999999999,5.9384999999999994,-0.185,308.769,0.1,-1.5345,5.9455,-0.1775,308.742,0.1,-1.4455,5.984999999999999,-0.1685,308.669,0.1,
-1.8639999999999999,5.7125,-0.026500000000000003,309.097,0.1,-1.8445,5.7265,-0.0455,309.062,0.1,-1.8305,5.7445,-0.053,309.026,0.1,-1.8065,5.763999999999999,-0.0535,308.99,0.1,-1.763,5.779999999999999,-0.055,308.96,0.1,-1.7055,5.7895,-0.0655,308.946,0.1,-1.6440000000000001,5.795999999999999,-0.082,308.938,0.1,-1.593,5.814500000000001,-0.0975,308.916,0.1,-1.577,5.848,-0.108,308.872,0.1,-1.601,5.8805,-0.118,308.828,0.1,-1.63,5.904,-0.1325,308.803,0.1,-1.6355,5.9175,-0.1465,308.783,0.1,-1.6284999999999998,5.914,-0.162,308.78,0.1,-1.6139999999999999,5.902,-0.173,308.789,0.1,-1.5699999999999998,5.910500000000001,-0.1755,308.774,0.1,-1.4855,5.9445,-0.172,308.714,0.1,
-1.8135,5.7315000000000005,-0.009000000000000001,309.082,0.1,-1.803,5.741,-0.0325,309.052,0.1,-1.8035,5.756,-0.0475,309.023,0.1,-1.7985,5.773,-0.0535,308.998,0.1,-1.7715,5.786,-0.0555,308.983,0.1,-1.717,5.7925,-0.063,308.978,0.1,-1.6435,5.7985,-0.077,308.968,0.1,-1.578,5.813000000000001,-0.094,308.939,0.1,-1.5550000000000002,5.834,-0.1055,308.892,0.1,-1.5790000000000002,5.8515,-0.113,308.846,0.1,-1.6135000000000002,5.865500000000001,-0.121,308.815,0.1,-1.6245,5.879,-0.13,308.794,0.1,-1.6115,5.883,-0.144,308.787,0.1,-1.585,5.8845,-0.1595,308.785,0.1,-1.544,5.899,-0.1695,308.767,0.1,-1.4794999999999998,5.9254999999999995,-0.17,308.722,0.1,
-1.772,5.7485,-0.005,309.071,0.1,-1.77,5.7575,-0.0275,309.047,0.1,-1.7825,5.774,-0.0435,309.023,0.1,-1.793,5.7905,-0.052,309.008,0.1,-1.781,5.8004999999999995,-0.0545,309.007,0.1,-1.734,5.8015,-0.057999999999999996,309.012,0.1,-1.6600000000000001,5.802,-0.069,309.005,0.1,-1.5935000000000001,5.8085,-0.08349999999999999,308.974,0.1,-1.5705,5.8165,-0.0945,308.925,0.1,-1.5905,5.823499999999999,-0.0995,308.876,0.1,-1.619,5.8325,-0.104,308.838,0.1,-1.623,5.8475,-0.1115,308.814,0.1,-1.593,5.8614999999999995,-0.126,308.801,0.1,-1.5415,5.877,-0.145,308.782,0.1,-1.4885,5.898,-0.1595,308.748,0.1,-1.4369999999999998,5.921,-0.1645,308.702,0.1,
-1.754,5.7625,-0.0095,309.076,0.1,-1.7555,5.773,-0.028,309.055,0.1,-1.7730000000000001,5.792,-0.0435,309.034,0.1,-1.7890000000000001,5.8100000000000005,-0.053,309.024,0.1,-1.7850000000000001,5.818,-0.0555,309.029,0.1,-1.749,5.814,-0.058499999999999996,309.04,0.1,-1.6875,5.8065,-0.0665,309.038,0.1,-1.6320000000000001,5.802,-0.0755,309.011,0.1,-1.6135000000000002,5.800000000000001,-0.082,308.963,0.1,-1.63,5.801,-0.0835,308.912,0.1,-1.6505,5.8095,-0.0835,308.872,0.1,-1.6440000000000001,5.8255,-0.0905,308.847,0.1,-1.5975000000000001,5.846,-0.1075,308.83,0.1,-1.5225,5.8695,-0.1295,308.799,0.1,-1.4485000000000001,5.895,-0.148,308.747,0.1,-1.3915,5.92,-0.159,308.684,0.1,
-1.7665,5.777,-0.0115,309.1,0.1,-1.7675,5.785,-0.0275,309.08,0.1,-1.783,5.803,-0.0435,309.059,0.1,-1.799,5.8215,-0.056,309.05,0.1,-1.7985,5.8285,-0.062,309.056,0.1,-1.771,5.8225,-0.066,309.068,0.1,-1.7235,5.8100000000000005,-0.07200000000000001,309.069,0.1,-1.6804999999999999,5.797000000000001,-0.077,309.043,0.1,-1.6675,5.789,-0.078,308.996,0.1,-1.6844999999999999,5.788,-0.072,308.947,0.1,-1.7025000000000001,5.797499999999999,-0.0675,308.914,0.1,-1.69,5.8134999999999994,-0.073,308.895,0.1,-1.6345,5.835000000000001,-0.091,308.877,0.1,-1.548,5.8605,-0.1145,308.84,0.1,-1.46,5.8870000000000005,-0.137,308.777,0.1,-1.388,5.9155,-0.1545,308.699,0.1,
-1.7915,5.7955000000000005,-0.0095,309.129,0.1,-1.7919999999999998,5.7955000000000005,-0.0245,309.112,0.1,-1.8065,5.8055,-0.043,309.093,0.1,-1.8225,5.82,-0.06,309.084,0.1,-1.8245,5.8265,-0.07050000000000001,309.089,0.1,-1.8045,5.822,-0.0775,309.1,0.1,-1.7694999999999999,5.809,-0.084,309.1,0.1,-1.7385000000000002,5.7925,-0.0875,309.075,0.1,-1.7315,5.782,-0.0835,309.029,0.1,-1.748,5.7829999999999995,-0.073,308.984,0.1,-1.7614999999999998,5.795,-0.064,308.958,0.1,-1.7435,5.8115,-0.066,308.945,0.1,-1.6844999999999999,5.8315,-0.0815,308.928,0.1,-1.599,5.854,-0.104,308.891,0.1,-1.5114999999999998,5.878,-0.127,308.828,0.1,-1.431,5.9079999999999995,-0.1495,308.748,0.1,
-1.805,5.811,-0.0095,309.147,0.1,-1.8125,5.7995,-0.021,309.136,0.1,-1.8335,5.798,-0.0405,309.127,0.1,-1.853,5.8055,-0.061,309.122,0.1,-1.8585,5.811,-0.076,309.127,0.1,-1.846,5.809,-0.0865,309.134,0.1,-1.8250000000000002,5.797000000000001,-0.096,309.13,0.1,-1.8094999999999999,5.779999999999999,-0.1005,309.109,0.1,-1.8085,5.7715,-0.0965,309.07,0.1,-1.8170000000000002,5.7785,-0.08499999999999999,309.028,0.1,-1.816,5.7965,-0.0745,309.0,0.1,-1.786,5.8149999999999995,-0.0725,308.985,0.1,-1.724,5.832,-0.082,308.97,0.1,-1.6444999999999999,5.849,-0.0985,308.936,0.1,-1.5675,5.868,-0.1185,308.878,0.1,-1.4975,5.896,-0.1405,308.807,0.1,
-1.863,5.807,-0.014,309.184,0.1,-1.8784999999999998,5.7855,-0.0185,309.181,0.1,-1.9045,5.776,-0.0335,309.183,0.1,-1.9235,5.7780000000000005,-0.0525,309.181,0.1,-1.9289999999999998,5.7829999999999995,-0.07100000000000001,309.183,0.1,-1.924,5.781000000000001,-0.0845,309.186,0.1,-1.9169999999999998,5.7675,-0.097,309.182,0.1,-1.9144999999999999,5.752,-0.1065,309.163,0.1,-1.916,5.75,-0.1065,309.129,0.1,-1.9125,5.766,-0.0985,309.09,0.1,-1.8915,5.791499999999999,-0.089,309.056,0.1,-1.8455,5.812,-0.083,309.035,0.1,-1.7775,5.8255,-0.08499999999999999,309.017,0.1,-1.701,5.8365,-0.094,308.986,0.1,-1.6325,5.8495,-0.109,308.934,0.1,-1.5745,5.8740000000000006,-0.128,308.871,0.1,
-2.0025,5.787,-0.0265,309.266,0.1,-2.0155,5.762499999999999,-0.0235,309.267,0.1,-2.034,5.7490000000000006,-0.03,309.271,0.1,-2.0435,5.7475000000000005,-0.041999999999999996,309.267,0.1,-2.045,5.75,-0.057999999999999996,309.261,0.1,-2.0465,5.7445,-0.0735,309.261,0.1,-2.049,5.73,-0.0885,309.259,0.1,-2.05,5.7195,-0.1025,309.24,0.1,-2.046,5.7245,-0.1085,309.206,0.1,-2.0294999999999996,5.746499999999999,-0.106,309.165,0.1,-1.9925,5.775,-0.0975,309.128,0.1,-1.9344999999999999,5.796,-0.089,309.103,0.1,-1.8625,5.808,-0.08549999999999999,309.082,0.1,-1.7875,5.8145,-0.0885,309.051,0.1,-1.7205,5.8225,-0.099,309.002,0.1,-1.661,5.844,-0.1155,308.942,0.1,
-2.112,5.779,-0.0405,309.329,0.1,-2.121,5.7545,-0.0305,309.332,0.1,-2.135,5.7364999999999995,-0.026500000000000003,309.337,0.1,-2.141,5.729,-0.0295,309.335,0.1,-2.1399999999999997,5.723,-0.0385,309.327,0.1,-2.138,5.714,-0.054,309.321,0.1,-2.134,5.7044999999999995,-0.072,309.311,0.1,-2.1289999999999996,5.7015,-0.0885,309.287,0.1,-2.122,5.7085,-0.098,309.255,0.1,-2.101,5.7275,-0.098,309.218,0.1,-2.0555,5.752000000000001,-0.091,309.181,0.1,-1.9895,5.773,-0.0835,309.15,0.1,-1.917,5.786,-0.08,309.125,0.1,-1.851,5.791,-0.0815,309.095,0.1,-1.7965,5.797,-0.0895,309.055,0.1,-1.746,5.813000000000001,-0.103,309.006,0.1,
-2.1189999999999998,5.792,-0.0285,309.331,0.1,-2.1334999999999997,5.766,-0.0155,309.34,0.1,-2.1555,5.742,-0.0055,309.352,0.1,-2.1695,5.7245,-0.002,309.357,0.1,-2.167,5.708,-0.007,309.355,0.1,-2.1475,5.6975,-0.02,309.341,0.1,-2.1235,5.695,-0.0385,309.312,0.1,-2.112,5.6965,-0.0555,309.28,0.1,-2.111,5.699999999999999,-0.065,309.253,0.1,-2.096,5.71,-0.0665,309.227,0.1,-2.048,5.7275,-0.063,309.194,0.1,-1.977,5.748,-0.0595,309.158,0.1,-1.9085,5.763,-0.059,309.128,0.1,-1.8599999999999999,5.769500000000001,-0.063,309.103,0.1,-1.8335,5.775499999999999,-0.0715,309.077,0.1,-1.8115,5.785,-0.0835,309.051,0.1,
-2.0839999999999996,5.810499999999999,0.004,309.312,0.1,-2.102,5.7865,0.0205,309.323,0.1,-2.1239999999999997,5.76,0.0325,309.336,0.1,-2.1375,5.733499999999999,0.038,309.342,0.1,-2.1310000000000002,5.709,0.035,309.342,0.1,-2.1035,5.6955,0.0245,309.325,0.1,-2.0745,5.6925,0.0085,309.291,0.1,-2.064,5.692,-0.0075,309.257,0.1,-2.067,5.6915,-0.017,309.233,0.1,-2.0549999999999997,5.6955,-0.0215,309.211,0.1,-2.0095,5.7085,-0.022,309.184,0.1,-1.943,5.7275,-0.0225,309.152,0.1,-1.883,5.744,-0.026000000000000002,309.124,0.1,-1.8485,5.753500000000001,-0.0335,309.105,0.1,-1.8399999999999999,5.759499999999999,-0.0415,309.09,0.1,-1.8319999999999999,5.766,-0.0515,309.074,0.1,
-2.0265,5.819,0.018,309.286,0.1,-2.0365,5.798,0.04,309.289,0.1,-2.0454999999999997,5.772,0.057,309.292,0.1,-2.0475,5.742,0.07,309.294,0.1,-2.038,5.714,0.073,309.291,0.1,-2.0199999999999996,5.698,0.065,309.279,0.1,-2.006,5.692,0.051000000000000004,309.255,0.1,-2.0035,5.689,0.035,309.228,0.1,-2.0025,5.687,0.0225,309.202,0.1,-1.9849999999999999,5.69,0.0155,309.179,0.1,-1.9435,5.702,0.013000000000000001,309.155,0.1,-1.8885,5.72,0.010499999999999999,309.133,0.1,-1.8395000000000001,5.737,0.005,309.114,0.1,-1.8105,5.748,-0.0005,309.1,0.1,-1.7970000000000002,5.754,-0.005,309.084,0.1,-1.7765,5.76,-0.012,309.06,0.1,
-2.5125,5.499,-0.0745,309.44,0.1,-2.495,5.5195,-0.0615,309.402,0.1,-2.4815,5.5415,-0.0495,309.363,0.1,-2.4705,5.558,-0.046,309.334,0.1,-2.45,5.566000000000001,-0.0505,309.325,0.1,-2.408,5.5809999999999995,-0.064,309.315,0.1,-2.3535,5.6155,-0.083,309.289,0.1,-2.3064999999999998,5.6645,-0.101,309.245,0.1,-2.2800000000000002,5.719,-0.1195,309.193,0.1,-2.271,5.766500000000001,-0.1455,309.147,0.1,-2.2585,5.795,-0.174,309.117,0.1,-2.2205000000000004,5.802,-0.194,309.101,0.1,-2.153,5.801500000000001,-0.2005,309.085,0.1,-2.076,5.8134999999999994,-0.189,309.046,0.1,-2.0155000000000003,5.8385,-0.161,308.991,0.1,-1.9849999999999999,5.872,-0.138,308.939,0.1,
-2.5,5.4855,-0.0725,309.455,0.1,-2.473,5.506,-0.0685,309.412,0.1,-2.448,5.53,-0.056,309.367,0.1,-2.423,5.548500000000001,-0.0475,309.329,0.1,-2.3890000000000002,5.5585,-0.049,309.309,0.1,-2.3415,5.5695,-0.0615,309.297,0.1,-2.294,5.5920000000000005,-0.079,309.276,0.1,-2.263,5.629,-0.0935,309.244,0.1,-2.2545,5.6795,-0.1055,309.203,0.1,-2.2615,5.7265,-0.126,309.164,0.1,-2.261,5.755,-0.1555,309.138,0.1,-2.234,5.7625,-0.182,309.124,0.1,-2.1845,5.758,-0.1975,309.114,0.1,-2.1260000000000003,5.7575,-0.1935,309.09,0.1,-2.0605,5.7755,-0.1735,309.045,0.1,-1.994,5.817500000000001,-0.156,308.976,0.1,
-2.4720000000000004,5.4945,-0.054,309.456,0.1,-2.4475,5.509499999999999,-0.0615,309.416,0.1,-2.426,5.5285,-0.057,309.375,0.1,-2.3965,5.546,-0.05,309.335,0.1,-2.3515,5.5595,-0.053,309.306,0.1,-2.2965,5.57,-0.0665,309.289,0.1,-2.2455,5.5845,-0.08499999999999999,309.273,0.1,-2.2125,5.6125,-0.0975,309.248,0.1,-2.209,5.656499999999999,-0.1045,309.208,0.1,-2.2315,5.697,-0.11699999999999999,309.172,0.1,-2.2495,5.718,-0.139,309.154,0.1,-2.24,5.7235,-0.163,309.141,0.1,-2.2140000000000004,5.715,-0.1815,309.135,0.1,-2.1805000000000003,5.7059999999999995,-0.1865,309.131,0.1,-2.1235,5.719,-0.178,309.102,0.1,-2.0404999999999998,5.7620000000000005,-0.1675,309.034,0.1,
-2.4299999999999997,5.5169999999999995,-0.0295,309.445,0.1,-2.4145000000000003,5.5245,-0.047,309.411,0.1,-2.4050000000000002,5.535500000000001,-0.053,309.377,0.1,-2.3834999999999997,5.550000000000001,-0.0525,309.344,0.1,-2.34,5.5634999999999994,-0.056,309.316,0.1,-2.2815000000000003,5.574,-0.0695,309.301,0.1,-2.2199999999999998,5.586,-0.089,309.288,0.1,-2.1734999999999998,5.609999999999999,-0.10300000000000001,309.261,0.1,-2.1654999999999998,5.644,-0.108,309.217,0.1,-2.197,5.671,-0.1135,309.179,0.1,-2.2300000000000004,5.6825,-0.127,309.163,0.1,-2.2345,5.685499999999999,-0.144,309.151,0.1,-2.221,5.678,-0.1625,309.147,0.1,-2.199,5.6715,-0.1755,309.15,0.1,-2.1545,5.6855,-0.177,309.133,0.1,-2.0785,5.7215,-0.1725,309.077,0.1,
-2.3865,5.5425,-0.0115,309.429,0.1,-2.38,5.544499999999999,-0.034,309.401,0.1,-2.383,5.551500000000001,-0.048,309.374,0.1,-2.3775,5.5625,-0.053,309.351,0.1,-2.348,5.5725,-0.0565,309.338,0.1,-2.291,5.58,-0.067,309.332,0.1,-2.218,5.5905000000000005,-0.08399999999999999,309.318,0.1,-2.159,5.6105,-0.1,309.283,0.1,-2.146,5.6325,-0.1065,309.235,0.1,-2.178,5.645,-0.109,309.194,0.1,-2.2155,5.649,-0.11549999999999999,309.172,0.1,-2.223,5.6515,-0.1265,309.159,0.1,-2.2015000000000002,5.652,-0.1445,309.152,0.1,-2.168,5.657,-0.1625,309.146,0.1,-2.1285,5.6754999999999995,-0.173,309.126,0.1,-2.0735,5.702500000000001,-0.172,309.084,0.1,
-2.353,5.5645,-0.007,309.417,0.1,-2.354,5.566,-0.028999999999999998,309.394,0.1,-2.367,5.574,-0.0445,309.373,0.1,-2.3745000000000003,5.5835,-0.0525,309.362,0.1,-2.357,5.589,-0.0555,309.362,0.1,-2.306,5.590999999999999,-0.0625,309.365,0.1,-2.2335,5.596,-0.0755,309.352,0.1,-2.1745,5.6080000000000005,-0.089,309.315,0.1,-2.1615,5.618,-0.0955,309.264,0.1,-2.19,5.6205,-0.0965,309.219,0.1,-2.2215,5.621,-0.1,309.191,0.1,-2.22,5.625500000000001,-0.109,309.175,0.1,-2.181,5.636,-0.127,309.163,0.1,-2.1254999999999997,5.6525,-0.149,309.144,0.1,-2.077,5.676,-0.1645,309.11,0.1,-2.0355,5.6985,-0.169,309.067,0.1,
-2.3369999999999997,5.58,-0.011,309.418,0.1,-2.343,5.584,-0.0295,309.398,0.1,-2.3609999999999998,5.595000000000001,-0.0445,309.382,0.1,-2.3735,5.6055,-0.0535,309.376,0.1,-2.363,5.6085,-0.057,309.383,0.1,-2.3209999999999997,5.605,-0.062,309.391,0.1,-2.2595,5.6015,-0.07200000000000001,309.383,0.1,-2.2104999999999997,5.603,-0.0805,309.347,0.1,-2.2015000000000002,5.6035,-0.0835,309.296,0.1,-2.2270000000000003,5.6015,-0.0815,309.251,0.1,-2.25,5.602,-0.081,309.221,0.1,-2.2375,5.609500000000001,-0.09,309.204,0.1,-2.1835,5.6259999999999994,-0.1095,309.189,0.1,-2.1075,5.648,-0.1345,309.16,0.1,-2.0415,5.6745,-0.154,309.109,0.1,-1.9965000000000002,5.698,-0.165,309.052,0.1,
-2.346,5.5920000000000005,-0.0125,309.436,0.1,-2.353,5.5954999999999995,-0.0285,309.418,0.1,-2.3715,5.6065000000000005,-0.044,309.403,0.1,-2.385,5.618,-0.056,309.4,0.1,-2.3775,5.6205,-0.0625,309.408,0.1,-2.3434999999999997,5.6145,-0.0685,309.417,0.1,-2.2939999999999996,5.605,-0.0765,309.41,0.1,-2.2554999999999996,5.598,-0.0815,309.375,0.1,-2.2515,5.5925,-0.08,309.325,0.1,-2.277,5.59,-0.072,309.283,0.1,-2.2969999999999997,5.593,-0.067,309.259,0.1,-2.2785,5.603,-0.074,309.246,0.1,-2.2165,5.62,-0.094,309.232,0.1,-2.1315,5.6419999999999995,-0.1195,309.198,0.1,-2.0540000000000003,5.6675,-0.14300000000000002,309.139,0.1,-1.9969999999999999,5.6935,-0.1615,309.07,0.1,
-2.3645,5.6055,-0.011,309.459,0.1,-2.3724999999999996,5.6025,-0.025,309.444,0.1,-2.392,5.607,-0.042499999999999996,309.433,0.1,-2.407,5.616,-0.058499999999999996,309.43,0.1,-2.403,5.6185,-0.07,309.437,0.1,-2.3765,5.6129999999999995,-0.0785,309.444,0.1,-2.338,5.603,-0.087,309.435,0.1,-2.3095,5.5915,-0.091,309.402,0.1,-2.31,5.583,-0.086,309.355,0.1,-2.3335,5.583500000000001,-0.0745,309.317,0.1,-2.3485,5.5925,-0.0655,309.298,0.1,-2.326,5.605,-0.0685,309.29,0.1,-2.263,5.62,-0.08549999999999999,309.277,0.1,-2.1799999999999997,5.638,-0.109,309.245,0.1,-2.1035,5.659000000000001,-0.133,309.189,0.1,-2.04,5.686,-0.1555,309.119,0.1,
-2.3754999999999997,5.614000000000001,-0.010499999999999999,309.474,0.1,-2.3895,5.6,-0.021,309.466,0.1,-2.415,5.595000000000001,-0.039,309.463,0.1,-2.4345,5.5985,-0.058499999999999996,309.463,0.1,-2.4355,5.601,-0.074,309.469,0.1,-2.4165,5.5975,-0.0865,309.471,0.1,-2.391,5.5875,-0.098,309.46,0.1,-2.3760000000000003,5.5745000000000005,-0.103,309.433,0.1,-2.38,5.5685,-0.0985,309.394,0.1,-2.394,5.5760000000000005,-0.0865,309.357,0.1,-2.394,5.593,-0.077,309.335,0.1,-2.362,5.6095,-0.076,309.325,0.1,-2.2995,5.622,-0.0865,309.314,0.1,-2.2245,5.634,-0.10350000000000001,309.286,0.1,-2.1585,5.649,-0.123,309.238,0.1,-2.1045,5.6745,-0.145,309.177,0.1,
-2.4275,5.601,-0.0135,309.509,0.1,-2.448,5.5785,-0.0175,309.508,0.1,-2.4775,5.567,-0.0315,309.514,0.1,-2.4965,5.567,-0.0495,309.515,0.1,-2.4985,5.569,-0.069,309.517,0.1,-2.4875,5.5655,-0.0835,309.515,0.1,-2.476,5.5535,-0.0975,309.505,0.1,-2.473,5.5415,-0.107,309.483,0.1,-2.4770000000000003,5.5425,-0.107,309.449,0.1,-2.4764999999999997,5.558999999999999,-0.0995,309.413,0.1,-2.457,5.5835,-0.091,309.385,0.1,-2.413,5.603,-0.087,309.369,0.1,-2.3495,5.6129999999999995,-0.0895,309.357,0.1,-2.2805,5.62,-0.0985,309.333,0.1,-2.223,5.63,-0.1125,309.291,0.1,-2.179,5.6530000000000005,-0.13,309.238,0.1,
-2.554,5.572,-0.025500000000000002,309.586,0.1,-2.57,5.548,-0.022,309.587,0.1,-2.591,5.5344999999999995,-0.0275,309.592,0.1,-2.6015,5.531499999999999,-0.0395,309.59,0.1,-2.6005000000000003,5.531,-0.0555,309.584,0.1,-2.5965,5.524,-0.072,309.581,0.1,-2.5935,5.5115,-0.088,309.574,0.1,-2.592,5.504,-0.1015,309.552,0.1,-2.5895,5.511,-0.1075,309.519,0.1,-2.576,5.5329999999999995,-0.1055,309.481,0.1,-2.543,5.5600000000000005,-0.0985,309.45,0.1,-2.4905,5.5805,-0.0915,309.43,0.1,-2.426,5.59,-0.089,309.416,0.1,-2.3605,5.5945,-0.0915,309.393,0.1,-2.3045,5.602,-0.1005,309.354,0.1,-2.258,5.6225000000000005,-0.116,309.303,0.1,
-2.6535,5.5565,-0.039,309.644,0.1,-2.6645000000000003,5.5335,-0.028499999999999998,309.646,0.1,-2.6790000000000003,5.5165,-0.024,309.651,0.1,-2.6845,5.507,-0.026500000000000003,309.649,0.1,-2.681,5.499499999999999,-0.036000000000000004,309.64,0.1,-2.6745,5.4895,-0.052,309.632,0.1,-2.666,5.4815000000000005,-0.07,309.619,0.1,-2.6585,5.4805,-0.086,309.593,0.1,-2.652,5.4885,-0.096,309.561,0.1,-2.6345,5.507,-0.096,309.528,0.1,-2.5949999999999998,5.529999999999999,-0.091,309.497,0.1,-2.537,5.5515,-0.08499999999999999,309.473,0.1,-2.4735,5.5634999999999994,-0.082,309.456,0.1,-2.4165,5.5685,-0.0825,309.434,0.1,-2.3715,5.574999999999999,-0.0895,309.401,0.1,-2.332,5.5895,-0.10200000000000001,309.358,0.1,
-2.662,5.564,-0.0275,309.647,0.1,-2.6755,5.5395,-0.014499999999999999,309.653,0.1,-2.6950000000000003,5.5169999999999995,-0.004,309.662,0.1,-2.7060000000000004,5.4985,-0.0005,309.665,0.1,-2.701,5.4825,-0.005,309.661,0.1,-2.6799999999999997,5.4715,-0.018000000000000002,309.646,0.1,-2.6544999999999996,5.469,-0.035500000000000004,309.617,0.1,-2.6414999999999997,5.4704999999999995,-0.0525,309.585,0.1,-2.64,5.474,-0.0625,309.559,0.1,-2.627,5.484,-0.065,309.536,0.1,-2.585,5.502,-0.0625,309.509,0.1,-2.5220000000000002,5.524,-0.0605,309.481,0.1,-2.4615,5.5395,-0.061,309.458,0.1,-2.42,5.547000000000001,-0.0635,309.439,0.1,-2.4,5.5515,-0.07050000000000001,309.417,0.1,-2.3865,5.5575,-0.082,309.393,0.1,
-2.633,5.580500000000001,0.004,309.63,0.1,-2.6475,5.557,0.0195,309.638,0.1,-2.6639999999999997,5.5325,0.0315,309.645,0.1,-2.6725,5.507,0.038,309.648,0.1,-2.6645,5.484,0.035,309.645,0.1,-2.6384999999999996,5.4704999999999995,0.025500000000000002,309.628,0.1,-2.6105,5.4655000000000005,0.011,309.596,0.1,-2.5985,5.462999999999999,-0.0045000000000000005,309.563,0.1,-2.5985,5.461,-0.015,309.54,0.1,-2.5865,5.4670000000000005,-0.021,309.521,0.1,-2.5454999999999997,5.4830000000000005,-0.0225,309.5,0.1,-2.4855,5.505,-0.024,309.474,0.1,-2.4320000000000004,5.5225,-0.028499999999999998,309.452,0.1,-2.403,5.5305,-0.0345,309.436,0.1,-2.4,5.532500000000001,-0.0405,309.422,0.1,-2.4005,5.534,-0.0505,309.409,0.1,
-2.5815,5.589,0.0175,309.605,0.1,-2.5875,5.568,0.038,309.605,0.1,-2.5905,5.544,0.055,309.604,0.1,-2.5885,5.516,0.068,309.6,0.1,-2.5789999999999997,5.49,0.07100000000000001,309.594,0.1,-2.5635000000000003,5.474,0.065,309.582,0.1,-2.5505,5.465,0.0525,309.561,0.1,-2.545,5.459,0.037,309.536,0.1,-2.5389999999999997,5.455,0.0235,309.513,0.1,-2.519,5.461,0.014499999999999999,309.493,0.1,-2.4795,5.477,0.010499999999999999,309.474,0.1,-2.4290000000000003,5.499,0.006999999999999999,309.455,0.1,-2.3855,5.517,0.0025,309.438,0.1,-2.363,5.524,-0.002,309.425,0.1,-2.3575,5.525,-0.0045000000000000005,309.411,0.1,-2.3485,5.526,-0.0115,309.393,0.1,
-3.0225,5.2940000000000005,-0.072,309.762,0.1,-3.0025000000000004,5.314,-0.057999999999999996,309.723,0.1,-2.99,5.331,-0.0465,309.688,0.1,-2.9825,5.3405000000000005,-0.044,309.664,0.1,-2.967,5.346,-0.051,309.655,0.1,-2.9325,5.3635,-0.0655,309.641,0.1,-2.8855000000000004,5.401,-0.083,309.611,0.1,-2.842,5.4510000000000005,-0.099,309.567,0.1,-2.815,5.500500000000001,-0.11649999999999999,309.522,0.1,-2.806,5.5385,-0.1425,309.485,0.1,-2.7990000000000004,5.5575,-0.1745,309.463,0.1,-2.7715,5.5615000000000006,-0.1975,309.451,0.1,-2.7145,5.564500000000001,-0.20500000000000002,309.433,0.1,-2.6405,5.5825,-0.191,309.391,0.1,-2.5735,5.6145,-0.1595,309.336,0.1,-2.537,5.6515,-0.1355,309.29,0.1,
-3.0035,5.2829999999999995,-0.073,309.774,0.1,-2.9775,5.302,-0.0675,309.731,0.1,-2.9575,5.3205,-0.0545,309.69,0.1,-2.939,5.333,-0.0465,309.657,0.1,-2.9109999999999996,5.34,-0.051000000000000004,309.638,0.1,-2.8695,5.3545,-0.065,309.621,0.1,-2.8265000000000002,5.3815,-0.0825,309.596,0.1,-2.7965,5.422000000000001,-0.094,309.564,0.1,-2.7865,5.468,-0.103,309.529,0.1,-2.7935,5.504,-0.1225,309.5,0.1,-2.8,5.519,-0.154,309.483,0.1,-2.7855,5.5195,-0.184,309.474,0.1,-2.7445,5.5175,-0.2005,309.461,0.1,-2.6845,5.525,-0.195,309.433,0.1,-2.612,5.5515,-0.173,309.388,0.1,-2.545,5.596,-0.154,309.326,0.1,
-2.974,5.2955000000000005,-0.0565,309.775,0.1,-2.9524999999999997,5.3075,-0.0625,309.734,0.1,-2.9379999999999997,5.32,-0.0565,309.696,0.1,-2.916,5.332000000000001,-0.0495,309.661,0.1,-2.8765,5.343,-0.0545,309.634,0.1,-2.8245,5.357,-0.07100000000000001,309.613,0.1,-2.7755,5.377000000000001,-0.091,309.592,0.1,-2.7439999999999998,5.4094999999999995,-0.101,309.565,0.1,-2.741,5.45,-0.1035,309.53,0.1,-2.7655000000000003,5.479,-0.1125,309.504,0.1,-2.791,5.484500000000001,-0.135,309.496,0.1,-2.7915,5.4795,-0.1625,309.49,0.1,-2.769,5.4735,-0.183,309.482,0.1,-2.729,5.474500000000001,-0.188,309.471,0.1,-2.6654999999999998,5.497,-0.178,309.442,0.1,-2.588,5.5395,-0.1665,309.381,0.1,
-2.9385,5.3225,-0.0325,309.764,0.1,-2.926,5.324,-0.049,309.729,0.1,-2.9210000000000003,5.3285,-0.053,309.698,0.1,-2.904,5.338,-0.0515,309.669,0.1,-2.864,5.35,-0.0575,309.643,0.1,-2.8064999999999998,5.3629999999999995,-0.0745,309.624,0.1,-2.7465,5.3805,-0.0965,309.605,0.1,-2.7039999999999997,5.4079999999999995,-0.109,309.576,0.1,-2.7005,5.4395,-0.108,309.536,0.1,-2.7355,5.4565,-0.109,309.508,0.1,-2.774,5.452999999999999,-0.1215,309.503,0.1,-2.784,5.444,-0.14150000000000001,309.499,0.1,-2.768,5.439,-0.1635,309.492,0.1,-2.737,5.443,-0.178,309.488,0.1,-2.6885,5.4645,-0.179,309.469,0.1,-2.6224999999999996,5.497999999999999,-0.173,309.421,0.1,
-2.9065,5.353,-0.014499999999999999,309.75,0.1,-2.9005,5.3475,-0.036000000000000004,309.721,0.1,-2.9029999999999996,5.3465,-0.0485,309.695,0.1,-2.897,5.352,-0.053,309.675,0.1,-2.8665,5.3605,-0.0575,309.662,0.1,-2.8099999999999996,5.3705,-0.07150000000000001,309.652,0.1,-2.7415,5.3865,-0.092,309.632,0.1,-2.6905,5.409,-0.106,309.596,0.1,-2.6845,5.4295,-0.107,309.55,0.1,-2.7205,5.4335,-0.1045,309.519,0.1,-2.7605,5.4245,-0.1105,309.51,0.1,-2.7675,5.416,-0.124,309.504,0.1,-2.7405,5.4175,-0.1455,309.495,0.1,-2.7005,5.431,-0.166,309.482,0.1,-2.6615,5.454000000000001,-0.1765,309.461,0.1,-2.6195,5.478,-0.174,309.426,0.1,
-2.8819999999999997,5.3795,-0.009000000000000001,309.737,0.1,-2.8819999999999997,5.3735,-0.031,309.714,0.1,-2.8899999999999997,5.371,-0.0455,309.694,0.1,-2.8925,5.372999999999999,-0.053,309.684,0.1,-2.872,5.377,-0.057,309.683,0.1,-2.8215000000000003,5.382,-0.067,309.682,0.1,-2.7555,5.393,-0.08249999999999999,309.663,0.1,-2.7065,5.4079999999999995,-0.0945,309.623,0.1,-2.7005,5.4175,-0.0965,309.575,0.1,-2.7315,5.4125,-0.0935,309.541,0.1,-2.7625,5.400499999999999,-0.0955,309.526,0.1,-2.7575,5.3965,-0.107,309.516,0.1,-2.713,5.407,-0.129,309.501,0.1,-2.6559999999999997,5.428,-0.1535,309.478,0.1,-2.614,5.452500000000001,-0.16949999999999998,309.445,0.1,-2.587,5.4719999999999995,-0.173,309.411,0.1,
-2.8685,5.397,-0.0125,309.733,0.1,-2.8735,5.3934999999999995,-0.031,309.714,0.1,-2.886,5.393000000000001,-0.0455,309.701,0.1,-2.892,5.3945,-0.0545,309.698,0.1,-2.8765,5.3955,-0.059,309.703,0.1,-2.835,5.3955,-0.0665,309.706,0.1,-2.7805,5.399,-0.078,309.689,0.1,-2.7405,5.404999999999999,-0.08549999999999999,309.65,0.1,-2.7375,5.4055,-0.08499999999999999,309.603,0.1,-2.7645,5.396,-0.079,309.57,0.1,-2.785,5.384499999999999,-0.0785,309.552,0.1,-2.767,5.386,-0.09,309.539,0.1,-2.709,5.4015,-0.1125,309.521,0.1,-2.6375,5.425,-0.1395,309.49,0.1,-2.5835,5.4495000000000005,-0.16,309.446,0.1,-2.5549999999999997,5.468500000000001,-0.17099999999999999,309.403,0.1,
-2.872,5.406,-0.013999999999999999,309.743,0.1,-2.8810000000000002,5.4030000000000005,-0.0295,309.727,0.1,-2.896,5.404,-0.044,309.719,0.1,-2.904,5.406499999999999,-0.0555,309.72,0.1,-2.8914999999999997,5.407,-0.0635,309.727,0.1,-2.857,5.4045000000000005,-0.07150000000000001,309.728,0.1,-2.8125,5.4025,-0.081,309.711,0.1,-2.7809999999999997,5.400499999999999,-0.086,309.673,0.1,-2.782,5.395,-0.082,309.629,0.1,-2.8075,5.385,-0.0715,309.6,0.1,-2.823,5.378,-0.0665,309.585,0.1,-2.7995,5.384,-0.0755,309.573,0.1,-2.7375,5.3995,-0.0975,309.556,0.1,-2.6615,5.420999999999999,-0.125,309.524,0.1,-2.5995,5.442,-0.149,309.476,0.1,-2.5605,5.4615,-0.168,309.426,0.1,
-2.8815,5.4115,-0.0125,309.759,0.1,-2.8949999999999996,5.404,-0.025500000000000002,309.748,0.1,-2.9145,5.4015,-0.0415,309.745,0.1,-2.9255,5.403499999999999,-0.057,309.747,0.1,-2.917,5.4045000000000005,-0.0695,309.753,0.1,-2.8885,5.4025,-0.08,309.75,0.1,-2.8525,5.3985,-0.0905,309.731,0.1,-2.8289999999999997,5.3919999999999995,-0.0945,309.696,0.1,-2.833,5.3835,-0.088,309.658,0.1,-2.8555,5.3774999999999995,-0.075,309.632,0.1,-2.865,5.379,-0.0665,309.619,0.1,-2.8385,5.3895,-0.07150000000000001,309.61,0.1,-2.7800000000000002,5.4035,-0.09,309.595,0.1,-2.7105,5.4185,-0.1145,309.567,0.1,-2.651,5.4335,-0.1385,309.526,0.1,-2.6055,5.452500000000001,-0.161,309.477,0.1,
-2.8869999999999996,5.4094999999999995,-0.0115,309.77,0.1,-2.907,5.394,-0.021,309.767,0.1,-2.9335,5.3845,-0.037,309.772,0.1,-2.9495,5.3835,-0.0555,309.776,0.1,-2.9459999999999997,5.3845,-0.0725,309.779,0.1,-2.925,5.384,-0.087,309.772,0.1,-2.9005,5.3795,-0.0995,309.752,0.1,-2.8885,5.371,-0.105,309.725,0.1,-2.894,5.3645,-0.0995,309.695,0.1,-2.9055,5.3665,-0.0875,309.669,0.1,-2.901,5.379,-0.079,309.651,0.1,-2.8685,5.3945,-0.08,309.639,0.1,-2.8150000000000004,5.406000000000001,-0.092,309.627,0.1,-2.757,5.414,-0.1085,309.606,0.1,-2.7085,5.4235,-0.1275,309.574,0.1,-2.6705,5.4405,-0.1485,309.533,0.1,
-2.933,5.3865,-0.013,309.803,0.1,-2.957,5.3645,-0.0165,309.807,0.1,-2.9855,5.3505,-0.028499999999999998,309.817,0.1,-3.002,5.3469999999999995,-0.0465,309.821,0.1,-3.0004999999999997,5.348,-0.0665,309.818,0.1,-2.987,5.3469999999999995,-0.083,309.809,0.1,-2.975,5.3405000000000005,-0.098,309.793,0.1,-2.9725,5.333,-0.1075,309.771,0.1,-2.976,5.3325,-0.107,309.746,0.1,-2.9725,5.343999999999999,-0.1005,309.719,0.1,-2.9515000000000002,5.3645,-0.0935,309.694,0.1,-2.9124999999999996,5.383,-0.091,309.678,0.1,-2.8625,5.393000000000001,-0.0945,309.666,0.1,-2.812,5.397,-0.10300000000000001,309.651,0.1,-2.771,5.403499999999999,-0.115,309.625,0.1,-2.7405,5.42,-0.132,309.59,0.1,
-3.043,5.349500000000001,-0.0245,309.875,0.1,-3.062,5.3265,-0.02,309.879,0.1,-3.0815,5.311,-0.0245,309.886,0.1,-3.089,5.305,-0.036500000000000005,309.885,0.1,-3.0854999999999997,5.304,-0.053,309.876,0.1,-3.0789999999999997,5.3,-0.07050000000000001,309.865,0.1,-3.0745,5.292999999999999,-0.0875,309.853,0.1,-3.073,5.2895,-0.1005,309.834,0.1,-3.069,5.294499999999999,-0.1065,309.808,0.1,-3.0534999999999997,5.310499999999999,-0.105,309.778,0.1,-3.0235,5.3325,-0.1,309.751,0.1,-2.9815,5.352,-0.095,309.733,0.1,-2.9335,5.3635,-0.093,309.722,0.1,-2.886,5.368,-0.0945,309.707,0.1,-2.8440000000000003,5.375,-0.10200000000000001,309.682,0.1,-2.8095,5.391,-0.116,309.645,0.1,
-3.1295,5.327,-0.037,309.929,0.1,-3.141,5.3055,-0.026000000000000002,309.932,0.1,-3.1535,5.2865,-0.0215,309.937,0.1,-3.1559999999999997,5.2745,-0.0235,309.934,0.1,-3.1494999999999997,5.2669999999999995,-0.034,309.922,0.1,-3.1399999999999997,5.2605,-0.05,309.909,0.1,-3.131,5.2575,-0.068,309.892,0.1,-3.125,5.2585,-0.084,309.87,0.1,-3.1185,5.2635000000000005,-0.0935,309.844,0.1,-3.1014999999999997,5.2755,-0.0945,309.819,0.1,-3.068,5.294499999999999,-0.091,309.794,0.1,-3.023,5.316000000000001,-0.087,309.774,0.1,-2.976,5.332,-0.084,309.76,0.1,-2.9335,5.3405000000000005,-0.084,309.744,0.1,-2.898,5.3475,-0.089,309.72,0.1,-2.8685,5.3575,-0.1005,309.687,0.1,
-3.1375,5.329000000000001,-0.026000000000000002,309.931,0.1,-3.149,5.305999999999999,-0.0135,309.936,0.1,-3.1630000000000003,5.2815,-0.0025,309.944,0.1,-3.1685,5.2625,0.001,309.945,0.1,-3.1595,5.2475000000000005,-0.0035,309.937,0.1,-3.138,5.24,-0.016,309.917,0.1,-3.1155,5.24,-0.033,309.889,0.1,-3.105,5.2405,-0.0495,309.86,0.1,-3.1035000000000004,5.2395,-0.0595,309.84,0.1,-3.092,5.245,-0.063,309.825,0.1,-3.058,5.2620000000000005,-0.062,309.806,0.1,-3.0085,5.2865,-0.0615,309.783,0.1,-2.9610000000000003,5.307499999999999,-0.063,309.763,0.1,-2.928,5.319,-0.0645,309.746,0.1,-2.9130000000000003,5.3225,-0.0695,309.727,0.1,-2.9080000000000004,5.322,-0.08,309.71,0.1,
-3.113,5.342499999999999,0.004,309.914,0.1,-3.123,5.32,0.0185,309.921,0.1,-3.1319999999999997,5.2940000000000005,0.0305,309.926,0.1,-3.133,5.2695,0.0375,309.925,0.1,-3.1215,5.2495,0.035,309.917,0.1,-3.098,5.2385,0.027,309.897,0.1,-3.0755,5.2330000000000005,0.013000000000000001,309.866,0.1,-3.0665,5.2265,-0.0015,309.839,0.1,-3.0655,5.2204999999999995,-0.013000000000000001,309.824,0.1,-3.0545,5.2245,-0.0205,309.814,0.1,-3.0205,5.243,-0.0235,309.799,0.1,-2.971,5.27,-0.026000000000000002,309.777,0.1,-2.9269999999999996,5.292,-0.031,309.754,0.1,-2.904,5.302,-0.035500000000000004,309.736,0.1,-2.9050000000000002,5.3,-0.0395,309.723,0.1,-2.915,5.2935,-0.049,309.716,0.1,
-3.0685000000000002,5.35,0.0165,309.891,0.1,-3.0695,5.33,0.036000000000000004,309.891,0.1,-3.0645,5.305,0.0525,309.887,0.1,-3.056,5.278,0.0655,309.878,0.1,-3.045,5.256,0.069,309.866,0.1,-3.034,5.242,0.065,309.851,0.1,-3.026,5.231,0.0535,309.833,0.1,-3.0205,5.22,0.0385,309.815,0.1,-3.0119999999999996,5.213,0.024,309.802,0.1,-2.992,5.218,0.013000000000000001,309.79,0.1,-2.9565,5.238,0.0075,309.775,0.1,-2.9130000000000003,5.266,0.0035,309.756,0.1,-2.8775,5.287,-0.001,309.736,0.1,-2.8615,5.295,-0.004,309.718,0.1,-2.863,5.29,-0.004,309.706,0.1,-2.8680000000000003,5.283,-0.010499999999999999,309.698,0.1,
-3.532,5.0885,-0.07,310.083,0.1,-3.5095,5.109,-0.0545,310.043,0.1,-3.4985,5.1205,-0.0435,310.013,0.1,-3.4945,5.123,-0.042499999999999996,309.994,0.1,-3.484,5.126,-0.0515,309.985,0.1,-3.4565,5.1455,-0.0665,309.967,0.1,-3.4165,5.186999999999999,-0.083,309.933,0.1,-3.377,5.237,-0.097,309.89,0.1,-3.35,5.282,-0.1135,309.85,0.1,-3.3405,5.3100000000000005,-0.1395,309.822,0.1,-3.3385,5.32,-0.1745,309.809,0.1,-3.3225,5.3205,-0.2,309.801,0.1,-3.277,5.327,-0.2085,309.781,0.1,-3.2055,5.3515,-0.1925,309.736,0.1,-3.1315,5.391,-0.1585,309.681,0.1,-3.0885,5.4315,-0.1335,309.64,0.1,
-3.507,5.08,-0.0735,310.094,0.1,-3.4815,5.0985,-0.0665,310.051,0.1,-3.467,5.111000000000001,-0.053,310.013,0.1,-3.455,5.1165,-0.046,309.985,0.1,-3.433,5.122,-0.053,309.967,0.1,-3.3975,5.1385000000000005,-0.0685,309.946,0.1,-3.359,5.1715,-0.08549999999999999,309.915,0.1,-3.3305,5.214,-0.0945,309.883,0.1,-3.319,5.256,-0.1005,309.855,0.1,-3.326,5.281,-0.1185,309.835,0.1,-3.3395,5.2829999999999995,-0.1515,309.828,0.1,-3.337,5.2765,-0.185,309.823,0.1,-3.305,5.276999999999999,-0.203,309.808,0.1,-3.2435,5.293,-0.1965,309.776,0.1,-3.1635,5.327500000000001,-0.173,309.731,0.1,-3.096,5.3740000000000006,-0.1525,309.676,0.1,
-3.476,5.096,-0.059,310.094,0.1,-3.4575,5.105,-0.063,310.053,0.1,-3.45,5.1114999999999995,-0.0555,310.017,0.1,-3.4355,5.117,-0.0495,309.988,0.1,-3.4015,5.127000000000001,-0.0565,309.962,0.1,-3.3529999999999998,5.1434999999999995,-0.076,309.937,0.1,-3.306,5.1695,-0.097,309.91,0.1,-3.2755,5.2055,-0.1045,309.882,0.1,-3.2729999999999997,5.243,-0.1015,309.853,0.1,-3.2995,5.2605,-0.1075,309.836,0.1,-3.3325,5.2509999999999994,-0.131,309.839,0.1,-3.343,5.236,-0.1615,309.839,0.1,-3.3235,5.2315000000000005,-0.185,309.829,0.1,-3.2775,5.243,-0.19,309.812,0.1,-3.2075,5.274,-0.1785,309.781,0.1,-3.1345,5.3165,-0.1655,309.728,0.1,
-3.4465,5.127,-0.036000000000000004,310.084,0.1,-3.437,5.1235,-0.0505,310.048,0.1,-3.437,5.121499999999999,-0.053,310.019,0.1,-3.425,5.125,-0.0515,309.994,0.1,-3.3875,5.136,-0.059,309.97,0.1,-3.3305,5.151999999999999,-0.0795,309.947,0.1,-3.2725,5.1745,-0.10350000000000001,309.922,0.1,-3.2344999999999997,5.2055,-0.114,309.891,0.1,-3.235,5.234999999999999,-0.1075,309.854,0.1,-3.274,5.2415,-0.10400000000000001,309.836,0.1,-3.3185000000000002,5.223,-0.11649999999999999,309.843,0.1,-3.3335,5.202999999999999,-0.139,309.846,0.1,-3.315,5.1995000000000005,-0.165,309.838,0.1,-3.275,5.2135,-0.1805,309.826,0.1,-3.2225,5.2425,-0.181,309.805,0.1,-3.1665,5.2745,-0.1725,309.764,0.1,
-3.4255,5.1635,-0.018000000000000002,310.071,0.1,-3.4210000000000003,5.1505,-0.038,310.041,0.1,-3.423,5.1415,-0.049,310.016,0.1,-3.416,5.141,-0.053,309.999,0.1,-3.385,5.148,-0.0595,309.986,0.1,-3.3285,5.1615,-0.0765,309.972,0.1,-3.2645,5.182,-0.0995,309.947,0.1,-3.2215,5.2075,-0.1115,309.908,0.1,-3.222,5.226,-0.107,309.865,0.1,-3.2625,5.2225,-0.1,309.844,0.1,-3.306,5.1995000000000005,-0.1055,309.847,0.1,-3.3125,5.1805,-0.122,309.85,0.1,-3.279,5.1835,-0.1475,309.838,0.1,-3.2325,5.204000000000001,-0.16999999999999998,309.819,0.1,-3.1944999999999997,5.2315000000000005,-0.179,309.796,0.1,-3.165,5.253,-0.175,309.769,0.1,
-3.4109999999999996,5.1955,-0.0115,310.057,0.1,-3.41,5.1805,-0.0325,310.033,0.1,-3.4130000000000003,5.1685,-0.0465,310.015,0.1,-3.41,5.163,-0.054,310.007,0.1,-3.386,5.1645,-0.0595,310.005,0.1,-3.3365,5.1739999999999995,-0.07200000000000001,309.998,0.1,-3.2775,5.1895,-0.089,309.975,0.1,-3.2385,5.2075,-0.0995,309.931,0.1,-3.2395,5.216,-0.097,309.886,0.1,-3.2735,5.2044999999999995,-0.09,309.863,0.1,-3.3045,5.1805,-0.0915,309.861,0.1,-3.2955,5.1675,-0.106,309.857,0.1,-3.245,5.178,-0.132,309.839,0.1,-3.186,5.203,-0.1585,309.812,0.1,-3.1505,5.229,-0.174,309.78,0.1,-3.1385,5.245,-0.176,309.756,0.1,
-3.401,5.214499999999999,-0.0135,310.048,0.1,-3.4050000000000002,5.203,-0.032,310.029,0.1,-3.411,5.192,-0.046,310.02,0.1,-3.41,5.1845,-0.0555,310.02,0.1,-3.39,5.1825,-0.0615,310.023,0.1,-3.349,5.186999999999999,-0.07100000000000001,310.02,0.1,-3.3015,5.196,-0.08349999999999999,309.996,0.1,-3.271,5.2065,-0.09,309.953,0.1,-3.2735,5.2065,-0.086,309.91,0.1,-3.301,5.1899999999999995,-0.077,309.889,0.1,-3.3195,5.1675,-0.076,309.883,0.1,-3.2965,5.162,-0.0905,309.873,0.1,-3.235,5.177,-0.11649999999999999,309.853,0.1,-3.1675,5.2015,-0.145,309.821,0.1,-3.1245000000000003,5.2245,-0.1655,309.782,0.1,-3.113,5.239000000000001,-0.176,309.753,0.1,
-3.3975,5.22,-0.015,310.049,0.1,-3.409,5.211,-0.03,310.037,0.1,-3.4210000000000003,5.201499999999999,-0.044,310.034,0.1,-3.423,5.1955,-0.055,310.04,0.1,-3.4059999999999997,5.1935,-0.0645,310.045,0.1,-3.371,5.195,-0.075,310.039,0.1,-3.331,5.1995000000000005,-0.08549999999999999,310.013,0.1,-3.3064999999999998,5.203,-0.0895,309.971,0.1,-3.3125,5.197,-0.083,309.934,0.1,-3.338,5.18,-0.07,309.917,0.1,-3.349,5.163,-0.066,309.911,0.1,-3.3200000000000003,5.164,-0.0775,309.901,0.1,-3.2584999999999997,5.18,-0.10200000000000001,309.881,0.1,-3.1925,5.1995000000000005,-0.131,309.851,0.1,-3.1455,5.2165,-0.155,309.813,0.1,-3.124,5.2295,-0.1735,309.781,0.1,
-3.3985000000000003,5.218,-0.013,310.058,0.1,-3.417,5.2059999999999995,-0.025500000000000002,310.052,0.1,-3.436,5.1955,-0.04,310.057,0.1,-3.443,5.1905,-0.0555,310.065,0.1,-3.4305000000000003,5.1905,-0.069,310.068,0.1,-3.4005,5.192,-0.082,310.056,0.1,-3.3665000000000003,5.194,-0.0935,310.027,0.1,-3.3485,5.192,-0.0975,309.99,0.1,-3.3565,5.1835,-0.089,309.961,0.1,-3.378,5.1715,-0.075,309.947,0.1,-3.3825,5.165,-0.068,309.94,0.1,-3.3514999999999997,5.1735,-0.0755,309.93,0.1,-3.2969999999999997,5.1875,-0.0955,309.913,0.1,-3.2409999999999997,5.199,-0.12,309.89,0.1,-3.1985,5.2085,-0.1435,309.862,0.1,-3.1715,5.219,-0.166,309.834,0.1,
-3.3985,5.2059999999999995,-0.0115,310.066,0.1,-3.425,5.1875,-0.02,310.069,0.1,-3.452,5.173500000000001,-0.0345,310.081,0.1,-3.4645,5.1675,-0.053,310.09,0.1,-3.457,5.1685,-0.07100000000000001,310.089,0.1,-3.4335,5.171,-0.087,310.072,0.1,-3.4095,5.170999999999999,-0.101,310.044,0.1,-3.4005,5.167,-0.1065,310.017,0.1,-3.4085,5.16,-0.1005,309.996,0.1,-3.418,5.157,-0.0885,309.98,0.1,-3.4085,5.164,-0.081,309.967,0.1,-3.3754999999999997,5.179,-0.08449999999999999,309.954,0.1,-3.331,5.1899999999999995,-0.0975,309.94,0.1,-3.2889999999999997,5.1945,-0.114,309.926,0.1,-3.2575000000000003,5.1985,-0.1315,309.91,0.1,-3.2355,5.207000000000001,-0.1515,309.889,0.1,
-3.4375,5.172499999999999,-0.0125,310.098,0.1,-3.466,5.15,-0.015,310.105,0.1,-3.4939999999999998,5.1335,-0.025500000000000002,310.121,0.1,-3.5069999999999997,5.1265,-0.0435,310.127,0.1,-3.5025,5.127000000000001,-0.064,310.12,0.1,-3.487,5.128500000000001,-0.0825,310.102,0.1,-3.474,5.127,-0.098,310.08,0.1,-3.4720000000000004,5.1240000000000006,-0.108,310.06,0.1,-3.475,5.1225,-0.107,310.043,0.1,-3.4690000000000003,5.128500000000001,-0.101,310.024,0.1,-3.4465000000000003,5.145,-0.0955,310.003,0.1,-3.4125,5.1625,-0.0945,309.986,0.1,-3.3765,5.172499999999999,-0.099,309.976,0.1,-3.3440000000000003,5.175000000000001,-0.107,309.969,0.1,-3.319,5.178,-0.1175,309.958,0.1,-3.3025,5.1875,-0.133,309.941,0.1,
-3.532,5.127000000000001,-0.0225,310.165,0.1,-3.553,5.1055,-0.0175,310.171,0.1,-3.5715,5.088,-0.020999999999999998,310.181,0.1,-3.5765000000000002,5.079000000000001,-0.033,310.18,0.1,-3.5700000000000003,5.0765,-0.051000000000000004,310.167,0.1,-3.561,5.0755,-0.069,310.15,0.1,-3.5555,5.0745000000000005,-0.086,310.133,0.1,-3.5534999999999997,5.074999999999999,-0.099,310.116,0.1,-3.5484999999999998,5.077999999999999,-0.105,310.097,0.1,-3.532,5.0875,-0.104,310.075,0.1,-3.504,5.105,-0.1005,310.053,0.1,-3.472,5.1240000000000006,-0.0975,310.036,0.1,-3.441,5.1365,-0.096,310.028,0.1,-3.4115,5.1425,-0.097,310.022,0.1,-3.3834999999999997,5.1485,-0.103,310.009,0.1,-3.3609999999999998,5.159,-0.1155,309.987,0.1,
-3.606,5.098000000000001,-0.0345,310.214,0.1,-3.6180000000000003,5.077500000000001,-0.024,310.217,0.1,-3.6275,5.0575,-0.018500000000000003,310.223,0.1,-3.627,5.0425,-0.020499999999999997,310.22,0.1,-3.6180000000000003,5.034000000000001,-0.0315,310.205,0.1,-3.606,5.0315,-0.048,310.185,0.1,-3.596,5.034000000000001,-0.066,310.166,0.1,-3.5905,5.0375,-0.0815,310.146,0.1,-3.5845000000000002,5.0385,-0.0905,310.127,0.1,-3.5685000000000002,5.0440000000000005,-0.0925,310.11,0.1,-3.541,5.0595,-0.0905,310.091,0.1,-3.509,5.0815,-0.088,310.076,0.1,-3.4785,5.101,-0.08549999999999999,310.065,0.1,-3.45,5.1129999999999995,-0.085,310.055,0.1,-3.424,5.1205,-0.0885,310.039,0.1,-3.4050000000000002,5.125,-0.099,310.016,0.1,
-3.6135,5.0945,-0.0245,310.215,0.1,-3.6225,5.0715,-0.0125,310.219,0.1,-3.6305,5.047000000000001,-0.001,310.226,0.1,-3.6305,5.026,0.003,310.225,0.1,-3.6185,5.0120000000000005,-0.002,310.212,0.1,-3.5965,5.0085,-0.0135,310.189,0.1,-3.5765000000000002,5.011,-0.0305,310.16,0.1,-3.5685000000000002,5.010999999999999,-0.046,310.135,0.1,-3.5675,5.0055,-0.0565,310.122,0.1,-3.558,5.006,-0.0605,310.115,0.1,-3.5315,5.0225,-0.0615,310.104,0.1,-3.4945,5.0495,-0.062,310.086,0.1,-3.46,5.0755,-0.064,310.068,0.1,-3.4364999999999997,5.091,-0.065,310.052,0.1,-3.427,5.093999999999999,-0.068,310.037,0.1,-3.4295,5.0865,-0.078,310.026,0.1,
-3.5934999999999997,5.105,0.004,310.199,0.1,-3.599,5.082000000000001,0.0175,310.204,0.1,-3.5995,5.056,0.0295,310.207,0.1,-3.5934999999999997,5.032,0.037,310.202,0.1,-3.5795,5.0145,0.035500000000000004,310.189,0.1,-3.5585,5.0065,0.0285,310.166,0.1,-3.5404999999999998,5.0,0.0155,310.137,0.1,-3.534,4.99,0.001,310.115,0.1,-3.533,4.98,-0.011,310.107,0.1,-3.5225,4.981999999999999,-0.0195,310.106,0.1,-3.495,5.003,-0.024,310.099,0.1,-3.4565,5.0344999999999995,-0.028,310.08,0.1,-3.4215,5.0615000000000006,-0.033,310.056,0.1,-3.404,5.073,-0.0365,310.036,0.1,-3.4095,5.0675,-0.038,310.023,0.1,-3.4290000000000003,5.0525,-0.0465,310.023,0.1,
-3.556,5.112,0.0155,310.177,0.1,-3.552,5.091,0.034,310.177,0.1,-3.5385,5.066,0.05,310.17,0.1,-3.5229999999999997,5.041,0.0625,310.156,0.1,-3.511,5.022,0.067,310.138,0.1,-3.5039999999999996,5.01,0.0645,310.121,0.1,-3.5004999999999997,4.997,0.0545,310.105,0.1,-3.4955,4.981,0.039,310.095,0.1,-3.4844999999999997,4.97,0.0235,310.091,0.1,-3.464,4.975,0.011,310.088,0.1,-3.433,4.999,0.0045000000000000005,310.077,0.1,-3.3975,5.032,0.0005,310.058,0.1,-3.37,5.058,-0.004,310.033,0.1,-3.36,5.065,-0.005,310.012,0.1,-3.3685,5.055,-0.0035,310.001,0.1,-3.3875,5.039,-0.009000000000000001,310.003,0.1,
-3.8535000000000004,4.8870000000000005,-0.068,310.347,0.1,-3.84,4.906499999999999,-0.052,310.311,0.1,-3.8365,4.914,-0.0405,310.284,0.1,-3.839,4.912000000000001,-0.041,310.268,0.1,-3.8339999999999996,4.9115,-0.052,310.26,0.1,-3.814,4.9295,-0.0675,310.242,0.1,-3.783,4.9685,-0.083,310.208,0.1,-3.752,5.015,-0.095,310.169,0.1,-3.732,5.0535,-0.11,310.134,0.1,-3.729,5.0755,-0.1365,310.112,0.1,-3.7345,5.0815,-0.173,310.103,0.1,-3.7285000000000004,5.0809999999999995,-0.2015,310.096,0.1,-3.6955,5.0865,-0.211,310.075,0.1,-3.635,5.1105,-0.1935,310.032,0.1,-3.5665,5.1485,-0.158,309.98,0.1,-3.5244999999999997,5.187,-0.1325,309.942,0.1,
-3.8289999999999997,4.881,-0.074,310.353,0.1,-3.815,4.898,-0.0655,310.314,0.1,-3.8105,4.907,-0.051000000000000004,310.281,0.1,-3.8055000000000003,4.908,-0.046,310.257,0.1,-3.7885,4.910500000000001,-0.055,310.241,0.1,-3.759,4.926,-0.07200000000000001,310.219,0.1,-3.7285,4.9575,-0.088,310.189,0.1,-3.7085,4.997,-0.095,310.161,0.1,-3.7045,5.0329999999999995,-0.0975,310.137,0.1,-3.7175000000000002,5.051,-0.114,310.123,0.1,-3.737,5.047499999999999,-0.1485,310.119,0.1,-3.7424999999999997,5.0395,-0.185,310.115,0.1,-3.719,5.0405,-0.2045,310.099,0.1,-3.665,5.0575,-0.198,310.067,0.1,-3.591,5.0925,-0.173,310.024,0.1,-3.5285,5.136,-0.1515,309.975,0.1,
-3.803,4.898,-0.0615,310.352,0.1,-3.7965,4.906,-0.0635,310.314,0.1,-3.798,4.91,-0.055,310.283,0.1,-3.7895,4.9125,-0.05,310.258,0.1,-3.76,4.9195,-0.0595,310.235,0.1,-3.7175000000000002,4.9345,-0.0815,310.21,0.1,-3.679,4.9595,-0.10250000000000001,310.183,0.1,-3.659,4.9925,-0.107,310.157,0.1,-3.6654999999999998,5.024,-0.099,310.133,0.1,-3.6965000000000003,5.0344999999999995,-0.10200000000000001,310.122,0.1,-3.732,5.019,-0.1265,310.127,0.1,-3.747,5.0024999999999995,-0.1605,310.128,0.1,-3.7325,5.0,-0.1865,310.117,0.1,-3.6895,5.0145,-0.1925,310.098,0.1,-3.624,5.046,-0.1795,310.068,0.1,-3.5595,5.0855,-0.1645,310.021,0.1,
-3.7815000000000003,4.9315,-0.0395,310.343,0.1,-3.7815000000000003,4.927,-0.0515,310.309,0.1,-3.7880000000000003,4.923,-0.053,310.283,0.1,-3.7800000000000002,4.925,-0.0525,310.262,0.1,-3.747,4.933,-0.062,310.24,0.1,-3.6965000000000003,4.947,-0.08549999999999999,310.217,0.1,-3.649,4.9675,-0.1105,310.192,0.1,-3.6245000000000003,4.995,-0.1175,310.163,0.1,-3.635,5.018,-0.1055,310.132,0.1,-3.6765,5.019,-0.098,310.118,0.1,-3.7205,4.996,-0.1115,310.128,0.1,-3.7359999999999998,4.975,-0.1375,310.133,0.1,-3.7184999999999997,4.973000000000001,-0.167,310.123,0.1,-3.6805,4.99,-0.184,310.108,0.1,-3.6325000000000003,5.019,-0.1825,310.087,0.1,-3.585,5.048,-0.17149999999999999,310.051,0.1,
-3.769,4.971,-0.0215,310.332,0.1,-3.7705,4.957000000000001,-0.04,310.304,0.1,-3.7765,4.946,-0.0495,310.281,0.1,-3.7714999999999996,4.9435,-0.0535,310.266,0.1,-3.7435,4.948,-0.0625,310.254,0.1,-3.6944999999999997,4.959,-0.08249999999999999,310.239,0.1,-3.6435,4.9765,-0.1065,310.214,0.1,-3.6155,4.997999999999999,-0.11599999999999999,310.177,0.1,-3.6254999999999997,5.010999999999999,-0.106,310.139,0.1,-3.667,5.003500000000001,-0.095,310.123,0.1,-3.708,4.978,-0.1005,310.13,0.1,-3.714,4.958500000000001,-0.1205,310.133,0.1,-3.682,4.9615,-0.151,310.12,0.1,-3.638,4.983,-0.1745,310.098,0.1,-3.6045,5.0095,-0.181,310.076,0.1,-3.583,5.028499999999999,-0.175,310.053,0.1,
-3.7615,5.007,-0.013999999999999999,310.319,0.1,-3.7640000000000002,4.99,-0.034,310.297,0.1,-3.768,4.9745,-0.0475,310.28,0.1,-3.7649999999999997,4.9655000000000005,-0.0555,310.272,0.1,-3.743,4.965,-0.0625,310.269,0.1,-3.7015000000000002,4.9719999999999995,-0.0775,310.261,0.1,-3.657,4.984999999999999,-0.095,310.237,0.1,-3.6319999999999997,4.999499999999999,-0.1035,310.196,0.1,-3.6405,5.004,-0.0965,310.156,0.1,-3.675,4.99,-0.086,310.137,0.1,-3.704,4.964499999999999,-0.088,310.139,0.1,-3.6950000000000003,4.9505,-0.1065,310.136,0.1,-3.6479999999999997,4.9595,-0.1365,310.117,0.1,-3.5949999999999998,4.983499999999999,-0.1635,310.088,0.1,-3.565,5.0075,-0.1775,310.059,0.1,-3.5599999999999996,5.0205,-0.1775,310.04,0.1,
-3.7554999999999996,5.0295,-0.014,310.309,0.1,-3.7625,5.014,-0.0325,310.293,0.1,-3.768,4.997999999999999,-0.0465,310.284,0.1,-3.766,4.986000000000001,-0.0565,310.283,0.1,-3.7475,4.982,-0.0645,310.285,0.1,-3.7135,4.984999999999999,-0.076,310.279,0.1,-3.6784999999999997,4.9925,-0.089,310.254,0.1,-3.66,5.000500000000001,-0.0935,310.213,0.1,-3.669,4.9985,-0.08549999999999999,310.175,0.1,-3.697,4.98,-0.074,310.159,0.1,-3.714,4.9565,-0.074,310.156,0.1,-3.6929999999999996,4.9485,-0.0925,310.147,0.1,-3.6375,4.9615,-0.122,310.125,0.1,-3.5780000000000003,4.983499999999999,-0.151,310.094,0.1,-3.5435,5.004,-0.16999999999999998,310.059,0.1,-3.5395000000000003,5.0145,-0.179,310.037,0.1,
-3.7525,5.0355,-0.014499999999999999,310.308,0.1,-3.767,5.0215,-0.028999999999999998,310.298,0.1,-3.778,5.007,-0.0435,310.297,0.1,-3.7785,4.9965,-0.0555,310.301,0.1,-3.7625,4.9925,-0.0665,310.304,0.1,-3.733,4.9935,-0.079,310.294,0.1,-3.7035,4.997,-0.09,310.266,0.1,-3.69,4.9995,-0.0925,310.226,0.1,-3.7015000000000002,4.9925,-0.0825,310.194,0.1,-3.7275,4.974,-0.068,310.182,0.1,-3.738,4.9555,-0.066,310.179,0.1,-3.7115,4.954,-0.081,310.169,0.1,-3.656,4.9675,-0.1085,310.147,0.1,-3.5985,4.984,-0.1375,310.118,0.1,-3.561,4.9975000000000005,-0.1605,310.086,0.1,-3.5484999999999998,5.007,-0.1775,310.062,0.1,
-3.7510000000000003,5.031000000000001,-0.012,310.312,0.1,-3.7729999999999997,5.0145,-0.0235,310.309,0.1,-3.791,5.0,-0.038,310.315,0.1,-3.7965,4.992,-0.054,310.323,0.1,-3.7845,4.99,-0.0695,310.322,0.1,-3.7595,4.992000000000001,-0.084,310.307,0.1,-3.7345,4.9935,-0.0965,310.277,0.1,-3.7255000000000003,4.9915,-0.0995,310.242,0.1,-3.7385,4.9825,-0.089,310.217,0.1,-3.7605,4.969,-0.074,310.208,0.1,-3.7649999999999997,4.9605,-0.0695,310.203,0.1,-3.737,4.9665,-0.08,310.192,0.1,-3.6885,4.978,-0.10250000000000001,310.174,0.1,-3.6405000000000003,4.987,-0.1265,310.152,0.1,-3.6065,4.9925,-0.1485,310.129,0.1,-3.5885,4.9995,-0.169,310.108,0.1,
-3.7495000000000003,5.0145,-0.009999999999999998,310.317,0.1,-3.778,4.9935,-0.0175,310.322,0.1,-3.803,4.9775,-0.0315,310.335,0.1,-3.8135000000000003,4.9704999999999995,-0.0505,310.342,0.1,-3.806,4.970000000000001,-0.0695,310.338,0.1,-3.7875,4.973000000000001,-0.087,310.319,0.1,-3.771,4.974,-0.1025,310.291,0.1,-3.769,4.970000000000001,-0.1075,310.265,0.1,-3.781,4.9625,-0.1005,310.248,0.1,-3.792,4.9575,-0.0885,310.236,0.1,-3.785,4.962,-0.083,310.225,0.1,-3.7555,4.9745,-0.089,310.211,0.1,-3.7155,4.983499999999999,-0.10300000000000001,310.197,0.1,-3.6795,4.9855,-0.1195,310.183,0.1,-3.6555,4.986,-0.135,310.171,0.1,-3.6425,4.991,-0.1535,310.157,0.1,
-3.7809999999999997,4.978,-0.010499999999999999,310.345,0.1,-3.8095,4.955500000000001,-0.0125,310.353,0.1,-3.8345000000000002,4.9384999999999994,-0.022,310.368,0.1,-3.8449999999999998,4.9315,-0.0405,310.372,0.1,-3.841,4.931,-0.062,310.363,0.1,-3.83,4.9335,-0.0815,310.343,0.1,-3.823,4.9335,-0.098,310.321,0.1,-3.8265000000000002,4.931,-0.1075,310.303,0.1,-3.8335,4.928,-0.106,310.289,0.1,-3.8305,4.9315,-0.1005,310.274,0.1,-3.8115,4.9445,-0.0965,310.256,0.1,-3.782,4.96,-0.0975,310.239,0.1,-3.7515,4.9685,-0.10300000000000001,310.228,0.1,-3.725,4.968500000000001,-0.1105,310.221,0.1,-3.7065,4.968999999999999,-0.1195,310.213,0.1,-3.6980000000000004,4.975,-0.133,310.202,0.1,
-3.8575,4.932,-0.0195,310.404,0.1,-3.877,4.9115,-0.014499999999999999,310.409,0.1,-3.892,4.8945,-0.0175,310.417,0.1,-3.896,4.8855,-0.0295,310.416,0.1,-3.8914999999999997,4.882,-0.0485,310.402,0.1,-3.886,4.8825,-0.067,310.383,0.1,-3.885,4.8825,-0.0845,310.366,0.1,-3.888,4.8835,-0.097,310.351,0.1,-3.8875,4.885,-0.10250000000000001,310.336,0.1,-3.8754999999999997,4.891,-0.10200000000000001,310.318,0.1,-3.8529999999999998,4.905,-0.0995,310.298,0.1,-3.827,4.922000000000001,-0.098,310.282,0.1,-3.8025,4.9335,-0.0975,310.273,0.1,-3.7794999999999996,4.9384999999999994,-0.0985,310.267,0.1,-3.7584999999999997,4.943,-0.103,310.257,0.1,-3.7439999999999998,4.9495000000000005,-0.114,310.239,0.1,
-3.915,4.902,-0.0315,310.446,0.1,-3.925,4.883,-0.020999999999999998,310.447,0.1,-3.9314999999999998,4.8635,-0.015,310.451,0.1,-3.9305,4.8485,-0.0175,310.447,0.1,-3.9234999999999998,4.839,-0.028499999999999998,310.432,0.1,-3.916,4.837,-0.0455,310.412,0.1,-3.9124999999999996,4.84,-0.0635,310.394,0.1,-3.9124999999999996,4.843,-0.078,310.377,0.1,-3.91,4.844,-0.087,310.362,0.1,-3.8979999999999997,4.8469999999999995,-0.089,310.348,0.1,-3.8765,4.859500000000001,-0.0885,310.331,0.1,-3.8525,4.8795,-0.0875,310.316,0.1,-3.83,4.8975,-0.086,310.304,0.1,-3.808,4.9094999999999995,-0.085,310.294,0.1,-3.7880000000000003,4.916,-0.087,310.28,0.1,-3.775,4.917999999999999,-0.0965,310.261,0.1,
-3.9215,4.8955,-0.023,310.444,0.1,-3.927,4.874499999999999,-0.011,310.446,0.1,-3.931,4.8505,0.0005,310.451,0.1,-3.9290000000000003,4.8294999999999995,0.005,310.448,0.1,-3.919,4.8145,0.0005,310.436,0.1,-3.904,4.81,-0.011,310.414,0.1,-3.8925,4.812,-0.0275,310.387,0.1,-3.8899999999999997,4.8115,-0.041999999999999996,310.366,0.1,-3.8914999999999997,4.8075,-0.053,310.356,0.1,-3.885,4.8085,-0.057499999999999996,310.351,0.1,-3.8645,4.823,-0.06,310.341,0.1,-3.8369999999999997,4.848000000000001,-0.062,310.323,0.1,-3.8120000000000003,4.872,-0.064,310.305,0.1,-3.794,4.8865,-0.065,310.289,0.1,-3.7855,4.8895,-0.0655,310.274,0.1,-3.7885,4.8825,-0.075,310.265,0.1,
-3.9055,4.9025,0.004,310.429,0.1,-3.907,4.8815,0.0165,310.43,0.1,-3.9045,4.856,0.029,310.431,0.1,-3.898,4.8325,0.037,310.426,0.1,-3.887,4.814,0.036,310.413,0.1,-3.8725,4.804,0.03,310.392,0.1,-3.862,4.7965,0.018000000000000002,310.367,0.1,-3.859,4.787,0.0035,310.348,0.1,-3.859,4.7795000000000005,-0.0095,310.342,0.1,-3.8520000000000003,4.7835,-0.0185,310.342,0.1,-3.8315,4.804,-0.024,310.335,0.1,-3.8025,4.833500000000001,-0.0295,310.316,0.1,-3.7765,4.8580000000000005,-0.0345,310.291,0.1,-3.7635,4.868,-0.0365,310.271,0.1,-3.7670000000000003,4.864000000000001,-0.035500000000000004,310.258,0.1,-3.7830000000000004,4.8515,-0.0435,310.258,0.1,
-3.875,4.908,0.014499999999999999,310.407,0.1,-3.8689999999999998,4.889,0.0315,310.404,0.1,-3.855,4.864,0.0475,310.397,0.1,-3.8415,4.84,0.06,310.383,0.1,-3.8335,4.82,0.0655,310.367,0.1,-3.831,4.806,0.064,310.352,0.1,-3.83,4.792,0.055,310.338,0.1,-3.8255,4.777,0.039,310.33,0.1,-3.8155,4.769,0.0225,310.327,0.1,-3.7995,4.776,0.009000000000000001,310.323,0.1,-3.7775,4.8,0.002,310.313,0.1,-3.752,4.831,-0.0025,310.292,0.1,-3.7315,4.854,-0.006,310.267,0.1,-3.724,4.86,-0.0055,310.245,0.1,-3.7300000000000004,4.852,-0.002,310.234,0.1,-3.7455,4.839,-0.007,310.237,0.1,
-4.0655,4.6875,-0.066,310.578,0.1,-4.067500000000001,4.7035,-0.0495,310.547,0.1,-4.0755,4.709,-0.0375,310.523,0.1,-4.0855,4.704,-0.0395,310.51,0.1,-4.0875,4.7005,-0.052,310.503,0.1,-4.0755,4.714,-0.0685,310.487,0.1,-4.0545,4.7475000000000005,-0.083,310.458,0.1,-4.0355,4.787,-0.093,310.424,0.1,-4.028,4.82,-0.1065,310.394,0.1,-4.0355,4.838,-0.1335,310.375,0.1,-4.051,4.842,-0.17149999999999999,310.367,0.1,-4.057,4.8405000000000005,-0.203,310.36,0.1,-4.0385,4.845000000000001,-0.213,310.341,0.1,-3.9935,4.864,-0.1945,310.301,0.1,-3.9375,4.8965,-0.1575,310.254,0.1,-3.9005,4.931,-0.1315,310.219,0.1,
-4.0455000000000005,4.683999999999999,-0.0745,310.578,0.1,-4.050000000000001,4.6985,-0.0645,310.545,0.1,-4.0575,4.7055,-0.0495,310.517,0.1,-4.059,4.7035,-0.046,310.497,0.1,-4.047000000000001,4.702500000000001,-0.057499999999999996,310.482,0.1,-4.024,4.7145,-0.076,310.463,0.1,-4.004,4.741,-0.0905,310.437,0.1,-3.9975,4.774,-0.095,310.413,0.1,-4.006,4.8035,-0.0945,310.394,0.1,-4.0285,4.817,-0.11,310.382,0.1,-4.055,4.813,-0.1455,310.379,0.1,-4.068,4.805,-0.185,310.375,0.1,-4.0555,4.8065,-0.206,310.36,0.1,-4.014,4.821,-0.1995,310.331,0.1,-3.952,4.8515,-0.1735,310.291,0.1,-3.898,4.890499999999999,-0.151,310.246,0.1,
-4.0265,4.701499999999999,-0.0645,310.573,0.1,-4.037,4.709,-0.064,310.541,0.1,-4.0489999999999995,4.713,-0.0545,310.516,0.1,-4.045999999999999,4.7135,-0.0505,310.495,0.1,-4.021,4.7165,-0.063,310.474,0.1,-3.9855,4.7275,-0.087,310.451,0.1,-3.96,4.7475000000000005,-0.1075,310.428,0.1,-3.9565,4.7735,-0.109,310.407,0.1,-3.977,4.7975,-0.0965,310.388,0.1,-4.0145,4.803,-0.0965,310.379,0.1,-4.0515,4.789,-0.122,310.384,0.1,-4.0695,4.775,-0.159,310.384,0.1,-4.0615000000000006,4.774,-0.188,310.373,0.1,-4.0285,4.7875,-0.195,310.355,0.1,-3.974,4.8155,-0.1805,310.327,0.1,-3.9185,4.85,-0.1635,310.284,0.1,
-4.0120000000000005,4.734999999999999,-0.043,310.565,0.1,-4.0255,4.7325,-0.0525,310.536,0.1,-4.0405,4.7305,-0.053,310.514,0.1,-4.0375,4.731,-0.053,310.497,0.1,-4.0085,4.7355,-0.0655,310.477,0.1,-3.967,4.7445,-0.092,310.456,0.1,-3.936,4.7595,-0.1175,310.434,0.1,-3.931,4.779,-0.121,310.41,0.1,-3.9555,4.7940000000000005,-0.103,310.385,0.1,-4.0,4.791499999999999,-0.0925,310.374,0.1,-4.0405,4.7705,-0.106,310.382,0.1,-4.0555,4.754,-0.136,310.385,0.1,-4.0435,4.7535,-0.1695,310.374,0.1,-4.0145,4.7695,-0.1875,310.36,0.1,-3.9755000000000003,4.7955000000000005,-0.1835,310.34,0.1,-3.9355,4.82,-0.1705,310.308,0.1,
-4.005000000000001,4.777,-0.0245,310.556,0.1,-4.016500000000001,4.765499999999999,-0.0415,310.531,0.1,-4.029,4.757,-0.0505,310.511,0.1,-4.028499999999999,4.7524999999999995,-0.055,310.498,0.1,-4.0055,4.754,-0.0655,310.487,0.1,-3.9675000000000002,4.76,-0.089,310.474,0.1,-3.935,4.771,-0.113,310.451,0.1,-3.927,4.784,-0.1195,310.419,0.1,-3.949,4.7895,-0.1045,310.388,0.1,-3.9905,4.7805,-0.0895,310.374,0.1,-4.0265,4.7585,-0.0955,310.379,0.1,-4.0325,4.743,-0.12,310.381,0.1,-4.008,4.7465,-0.1545,310.367,0.1,-3.9735,4.765499999999999,-0.179,310.346,0.1,-3.947,4.7885,-0.183,310.325,0.1,-3.9299999999999997,4.804,-0.175,310.305,0.1,
-4.0024999999999995,4.817,-0.016,310.547,0.1,-4.0120000000000005,4.8004999999999995,-0.035500000000000004,310.527,0.1,-4.0215,4.786,-0.049,310.51,0.1,-4.0225,4.7755,-0.057,310.503,0.1,-4.006,4.772,-0.066,310.499,0.1,-3.9764999999999997,4.774,-0.08299999999999999,310.491,0.1,-3.9495,4.7805,-0.1015,310.47,0.1,-3.942,4.787,-0.107,310.434,0.1,-3.96,4.7855,-0.0955,310.4,0.1,-3.9935,4.7715,-0.0815,310.383,0.1,-4.0195,4.7509999999999994,-0.08449999999999999,310.383,0.1,-4.0135000000000005,4.74,-0.1075,310.379,0.1,-3.976,4.7475000000000005,-0.14150000000000001,310.36,0.1,-3.933,4.766500000000001,-0.16899999999999998,310.331,0.1,-3.9095,4.7865,-0.1805,310.305,0.1,-3.908,4.797000000000001,-0.1785,310.29,0.1,
-4.001,4.843500000000001,-0.014499999999999999,310.539,0.1,-4.0135000000000005,4.8260000000000005,-0.033,310.525,0.1,-4.0225,4.8085,-0.047,310.515,0.1,-4.0235,4.795,-0.057999999999999996,310.512,0.1,-4.0105,4.7885,-0.068,310.511,0.1,-3.988,4.787,-0.0815,310.504,0.1,-3.9690000000000003,4.7885,-0.0945,310.482,0.1,-3.965,4.7895,-0.0965,310.446,0.1,-3.981,4.784,-0.085,310.414,0.1,-4.0085,4.7669999999999995,-0.07050000000000001,310.399,0.1,-4.025499999999999,4.748,-0.0725,310.395,0.1,-4.0104999999999995,4.7415,-0.095,310.385,0.1,-3.9655,4.7509999999999994,-0.1285,310.363,0.1,-3.9165,4.768000000000001,-0.1575,310.332,0.1,-3.8885,4.7844999999999995,-0.1745,310.3,0.1,-3.888,4.7935,-0.1815,310.281,0.1,
-4.0015,4.852,-0.0135,310.537,0.1,-4.02,4.834,-0.0275,310.529,0.1,-4.0325,4.817,-0.042499999999999996,310.526,0.1,-4.0344999999999995,4.8045,-0.056,310.527,0.1,-4.0235,4.7989999999999995,-0.069,310.526,0.1,-4.0045,4.7965,-0.083,310.514,0.1,-3.989,4.794499999999999,-0.0945,310.49,0.1,-3.9885,4.7915,-0.0955,310.456,0.1,-4.0065,4.7835,-0.082,310.428,0.1,-4.0329999999999995,4.7669999999999995,-0.066,310.416,0.1,-4.0455000000000005,4.752000000000001,-0.0655,310.412,0.1,-4.0265,4.7495,-0.08499999999999999,310.401,0.1,-3.981,4.759,-0.11549999999999999,310.379,0.1,-3.9314999999999998,4.7715,-0.1445,310.35,0.1,-3.8994999999999997,4.782500000000001,-0.165,310.32,0.1,-3.891,4.7905,-0.1805,310.298,0.1,
-4.0009999999999994,4.8475,-0.009999999999999998,310.539,0.1,-4.0265,4.827,-0.020999999999999998,310.538,0.1,-4.0440000000000005,4.8105,-0.035500000000000004,310.541,0.1,-4.0495,4.8015,-0.0525,310.544,0.1,-4.0415,4.7989999999999995,-0.07,310.54,0.1,-4.0255,4.798,-0.0865,310.524,0.1,-4.014,4.7955,-0.0995,310.498,0.1,-4.0169999999999995,4.7895,-0.101,310.469,0.1,-4.036,4.7805,-0.0885,310.447,0.1,-4.0600000000000005,4.7684999999999995,-0.0725,310.437,0.1,-4.0685,4.7615,-0.07050000000000001,310.432,0.1,-4.048,4.765000000000001,-0.08449999999999999,310.42,0.1,-4.0055,4.773,-0.1095,310.4,0.1,-3.9615,4.779,-0.133,310.377,0.1,-3.9314999999999998,4.7835,-0.153,310.354,0.1,-3.918,4.7885,-0.17149999999999999,310.334,0.1,
-4.0005,4.83,-0.008,310.541,0.1,-4.029999999999999,4.807499999999999,-0.014499999999999999,310.546,0.1,-4.052,4.7905,-0.027999999999999997,310.555,0.1,-4.061,4.784,-0.0475,310.558,0.1,-4.0575,4.784000000000001,-0.0685,310.551,0.1,-4.048,4.7844999999999995,-0.0875,310.533,0.1,-4.0435,4.7829999999999995,-0.1035,310.509,0.1,-4.0515,4.7765,-0.108,310.488,0.1,-4.0695,4.769,-0.0995,310.471,0.1,-4.085,4.764,-0.0875,310.46,0.1,-4.0835,4.767,-0.08499999999999999,310.45,0.1,-4.0600000000000005,4.7765,-0.0935,310.436,0.1,-4.023,4.7829999999999995,-0.109,310.42,0.1,-3.9875,4.7835,-0.1245,310.404,0.1,-3.9645,4.782500000000001,-0.1385,310.388,0.1,-3.956,4.785,-0.1545,310.373,0.1,
-4.026,4.795,-0.0075,310.563,0.1,-4.053,4.773,-0.009,310.569,0.1,-4.073,4.7575,-0.018500000000000003,310.58,0.1,-4.0815,4.7509999999999994,-0.0375,310.58,0.1,-4.0815,4.7515,-0.06,310.57,0.1,-4.0794999999999995,4.752,-0.0805,310.553,0.1,-4.083,4.751,-0.0975,310.534,0.1,-4.0945,4.7465,-0.1065,310.519,0.1,-4.1075,4.743,-0.1045,310.506,0.1,-4.112,4.7445,-0.0995,310.492,0.1,-4.101,4.7545,-0.097,310.475,0.1,-4.0760000000000005,4.7669999999999995,-0.1005,310.459,0.1,-4.0455000000000005,4.7735,-0.107,310.446,0.1,-4.018000000000001,4.7725,-0.1135,310.435,0.1,-4.0,4.7705,-0.121,310.422,0.1,-3.9955,4.7735,-0.133,310.409,0.1,
-4.084,4.7535,-0.0165,310.612,0.1,-4.1005,4.7345,-0.011,310.615,0.1,-4.111,4.7195,-0.014,310.619,0.1,-4.114,4.711,-0.026500000000000003,310.616,0.1,-4.1145,4.708,-0.0455,310.602,0.1,-4.118,4.707,-0.065,310.586,0.1,-4.1265,4.7065,-0.083,310.572,0.1,-4.137499999999999,4.705500000000001,-0.095,310.559,0.1,-4.144,4.7055,-0.0995,310.546,0.1,-4.14,4.7095,-0.0995,310.53,0.1,-4.125,4.721,-0.0985,310.512,0.1,-4.103,4.734999999999999,-0.0985,310.495,0.1,-4.0785,4.7445,-0.099,310.483,0.1,-4.055,4.7475,-0.0995,310.472,0.1,-4.0365,4.7490000000000006,-0.103,310.458,0.1,-4.0275,4.753,-0.1125,310.439,0.1,
-4.1265,4.726,-0.028499999999999998,310.646,0.1,-4.1325,4.709,-0.0175,310.645,0.1,-4.135,4.691,-0.0115,310.645,0.1,-4.134,4.677,-0.014499999999999999,310.64,0.1,-4.1325,4.667,-0.025500000000000002,310.627,0.1,-4.134499999999999,4.663,-0.042499999999999996,310.61,0.1,-4.1415,4.664,-0.0605,310.595,0.1,-4.15,4.6655,-0.074,310.581,0.1,-4.154,4.666499999999999,-0.0825,310.568,0.1,-4.1485,4.6695,-0.08549999999999999,310.556,0.1,-4.1335,4.6805,-0.086,310.538,0.1,-4.1135,4.697,-0.0865,310.521,0.1,-4.0935,4.7115,-0.086,310.506,0.1,-4.0745000000000005,4.7204999999999995,-0.0845,310.492,0.1,-4.0575,4.725,-0.08499999999999999,310.476,0.1,-4.047,4.727,-0.094,310.457,0.1,
-4.1285,4.718500000000001,-0.020499999999999997,310.641,0.1,-4.1295,4.6995000000000005,-0.0095,310.639,0.1,-4.13,4.6775,0.002,310.641,0.1,-4.129,4.657,0.007,310.638,0.1,-4.1259999999999994,4.640499999999999,0.003,310.629,0.1,-4.122,4.632,-0.009000000000000001,310.611,0.1,-4.1215,4.631,-0.024,310.588,0.1,-4.127000000000001,4.631,-0.038,310.57,0.1,-4.133,4.631,-0.049,310.562,0.1,-4.13,4.6345,-0.0545,310.556,0.1,-4.115,4.648,-0.057999999999999996,310.543,0.1,-4.0945,4.6675,-0.0615,310.522,0.1,-4.076,4.685499999999999,-0.064,310.501,0.1,-4.061999999999999,4.6965,-0.0645,310.484,0.1,-4.054,4.7,-0.063,310.469,0.1,-4.0535,4.6975,-0.07150000000000001,310.459,0.1,
-4.1145,4.7225,0.004,310.623,0.1,-4.112,4.703,0.0155,310.621,0.1,-4.1085,4.68,0.0285,310.621,0.1,-4.106,4.656,0.0365,310.617,0.1,-4.103,4.635,0.0365,310.609,0.1,-4.098,4.6205,0.0315,310.593,0.1,-4.0945,4.611000000000001,0.02,310.571,0.1,-4.096500000000001,4.6055,0.006,310.554,0.1,-4.1,4.6045,-0.008,310.546,0.1,-4.0975,4.6125,-0.0175,310.543,0.1,-4.085,4.631,-0.024,310.532,0.1,-4.066,4.6530000000000005,-0.0305,310.511,0.1,-4.048500000000001,4.67,-0.035500000000000004,310.486,0.1,-4.038,4.6775,-0.036,310.466,0.1,-4.037,4.6775,-0.033,310.453,0.1,-4.042999999999999,4.673500000000001,-0.0405,310.451,0.1,
-4.089,4.726,0.013000000000000001,310.6,0.1,-4.083,4.708,0.028499999999999998,310.596,0.1,-4.0735,4.686,0.0445,310.588,0.1,-4.0675,4.661,0.057499999999999996,310.579,0.1,-4.067,4.638,0.0645,310.57,0.1,-4.0685,4.62,0.064,310.559,0.1,-4.0685,4.605,0.055,310.547,0.1,-4.0655,4.596,0.0385,310.537,0.1,-4.0600000000000005,4.595,0.020999999999999998,310.529,0.1,-4.0525,4.606,0.007,310.521,0.1,-4.041,4.627,-0.0005,310.507,0.1,-4.026999999999999,4.65,-0.005,310.486,0.1,-4.0145,4.665,-0.008,310.463,0.1,-4.0065,4.67,-0.006,310.443,0.1,-4.0045,4.668,-0.0005,310.431,0.1,-4.007,4.665,-0.005,310.43,0.1,
-4.278,4.4879999999999995,-0.064,310.808,0.1,-4.2955,4.5015,-0.0465,310.783,0.1,-4.3149999999999995,4.504,-0.035,310.763,0.1,-4.333,4.4965,-0.038,310.752,0.1,-4.3415,4.4895,-0.052,310.746,0.1,-4.337,4.4990000000000006,-0.069,310.732,0.1,-4.3260000000000005,4.5265,-0.0825,310.707,0.1,-4.3185,4.559,-0.091,310.679,0.1,-4.323,4.5855,-0.1035,310.654,0.1,-4.3420000000000005,4.6,-0.1305,310.638,0.1,-4.368,4.6025,-0.17,310.631,0.1,-4.3855,4.6005,-0.20350000000000001,310.625,0.1,-4.381,4.6025,-0.2145,310.606,0.1,-4.3515,4.618,-0.195,310.571,0.1,-4.308,4.644500000000001,-0.1575,310.528,0.1,-4.276,4.6739999999999995,-0.131,310.495,0.1,
-4.2615,4.487,-0.075,310.803,0.1,-4.284000000000001,4.499499999999999,-0.063,310.775,0.1,-4.304,4.504,-0.048,310.753,0.1,-4.3125,4.499499999999999,-0.046,310.736,0.1,-4.3055,4.495,-0.06,310.723,0.1,-4.289,4.5025,-0.0795,310.706,0.1,-4.279,4.5245,-0.093,310.685,0.1,-4.2855,4.551,-0.0945,310.666,0.1,-4.3075,4.573499999999999,-0.0915,310.651,0.1,-4.34,4.583,-0.1055,310.642,0.1,-4.3735,4.578,-0.1425,310.639,0.1,-4.394500000000001,4.571,-0.1845,310.634,0.1,-4.392,4.572,-0.2075,310.621,0.1,-4.3629999999999995,4.585,-0.201,310.594,0.1,-4.313,4.6105,-0.1745,310.558,0.1,-4.2669999999999995,4.644,-0.151,310.517,0.1,
-4.249499999999999,4.5045,-0.0665,310.795,0.1,-4.276999999999999,4.5120000000000005,-0.064,310.769,0.1,-4.3,4.516,-0.0535,310.749,0.1,-4.3025,4.5145,-0.0515,310.732,0.1,-4.281499999999999,4.513999999999999,-0.067,310.713,0.1,-4.2535,4.5205,-0.0925,310.693,0.1,-4.241,4.536,-0.1125,310.673,0.1,-4.2545,4.555,-0.1105,310.657,0.1,-4.289,4.571,-0.0935,310.643,0.1,-4.333,4.5725,-0.0915,310.637,0.1,-4.371499999999999,4.5585,-0.1175,310.64,0.1,-4.3915,4.547000000000001,-0.1575,310.639,0.1,-4.390000000000001,4.548,-0.1895,310.629,0.1,-4.367,4.561,-0.197,310.613,0.1,-4.324,4.585,-0.182,310.586,0.1,-4.2780000000000005,4.6145,-0.163,310.548,0.1,
-4.2425,4.538,-0.0465,310.787,0.1,-4.27,4.538,-0.0535,310.763,0.1,-4.293,4.5385,-0.053,310.746,0.1,-4.2945,4.5375,-0.054,310.731,0.1,-4.2705,4.5385,-0.069,310.714,0.1,-4.2379999999999995,4.543,-0.098,310.696,0.1,-4.223,4.552,-0.124,310.676,0.1,-4.2375,4.563000000000001,-0.124,310.656,0.1,-4.2755,4.57,-0.1005,310.637,0.1,-4.323,4.564,-0.087,310.63,0.1,-4.3605,4.5455000000000005,-0.101,310.636,0.1,-4.375,4.5329999999999995,-0.1345,310.636,0.1,-4.3685,4.5344999999999995,-0.172,310.625,0.1,-4.348,4.5495,-0.1905,310.611,0.1,-4.3175,4.5715,-0.185,310.593,0.1,-4.2855,4.5920000000000005,-0.1695,310.564,0.1,
-4.2415,4.582,-0.0275,310.781,0.1,-4.263,4.5735,-0.043,310.759,0.1,-4.282500000000001,4.5675,-0.0515,310.742,0.1,-4.286,4.5625,-0.0565,310.731,0.1,-4.268,4.561,-0.0685,310.721,0.1,-4.241,4.562,-0.0945,310.709,0.1,-4.227,4.5655,-0.119,310.689,0.1,-4.2385,4.5695,-0.1225,310.662,0.1,-4.272,4.5685,-0.103,310.637,0.1,-4.314,4.557,-0.08499999999999999,310.626,0.1,-4.3454999999999995,4.5395,-0.091,310.629,0.1,-4.351,4.528499999999999,-0.12,310.628,0.1,-4.3335,4.532,-0.158,310.614,0.1,-4.308999999999999,4.547499999999999,-0.183,310.593,0.1,-4.289,4.567,-0.185,310.574,0.1,-4.276999999999999,4.579000000000001,-0.1745,310.558,0.1,
-4.244,4.6265,-0.0175,310.774,0.1,-4.2605,4.611,-0.0365,310.756,0.1,-4.275,4.5969999999999995,-0.0505,310.741,0.1,-4.2795,4.586,-0.059,310.733,0.1,-4.269,4.5794999999999995,-0.0695,310.729,0.1,-4.2515,4.5765,-0.0885,310.722,0.1,-4.2425,4.5755,-0.107,310.702,0.1,-4.252,4.574,-0.11,310.672,0.1,-4.279,4.568,-0.094,310.644,0.1,-4.3125,4.5535,-0.0775,310.629,0.1,-4.335,4.538,-0.0815,310.627,0.1,-4.3315,4.5295,-0.1085,310.622,0.1,-4.304,4.535,-0.1465,310.603,0.1,-4.2715,4.5495,-0.1745,310.575,0.1,-4.2545,4.5655,-0.1835,310.551,0.1,-4.2565,4.5735,-0.1795,310.539,0.1,
-4.2465,4.657500000000001,-0.015,310.768,0.1,-4.264,4.638,-0.033,310.756,0.1,-4.277,4.619,-0.0475,310.746,0.1,-4.281000000000001,4.6045,-0.0595,310.74,0.1,-4.274,4.595000000000001,-0.07150000000000001,310.738,0.1,-4.262499999999999,4.589,-0.0865,310.729,0.1,-4.2585,4.584,-0.0995,310.709,0.1,-4.2695,4.5785,-0.0995,310.68,0.1,-4.293,4.5695,-0.0845,310.653,0.1,-4.3205,4.555,-0.0675,310.638,0.1,-4.337,4.54,-0.07100000000000001,310.633,0.1,-4.327999999999999,4.5344999999999995,-0.0975,310.623,0.1,-4.294499999999999,4.5405,-0.1345,310.6,0.1,-4.2555,4.5525,-0.164,310.57,0.1,-4.234,4.565,-0.179,310.542,0.1,-4.237,4.572,-0.184,310.526,0.1,
-4.249499999999999,4.6690000000000005,-0.012,310.765,0.1,-4.2725,4.6465,-0.026000000000000002,310.76,0.1,-4.287,4.6265,-0.0415,310.756,0.1,-4.291,4.6135,-0.0565,310.753,0.1,-4.285,4.6055,-0.07150000000000001,310.747,0.1,-4.276,4.599,-0.087,310.735,0.1,-4.275,4.5920000000000005,-0.099,310.714,0.1,-4.2875,4.584,-0.098,310.686,0.1,-4.3115,4.574,-0.0815,310.663,0.1,-4.3385,4.561,-0.064,310.651,0.1,-4.353,4.548,-0.0655,310.646,0.1,-4.3415,4.545,-0.089,310.634,0.1,-4.306,4.551,-0.1225,310.61,0.1,-4.2645,4.559,-0.151,310.582,0.1,-4.2379999999999995,4.567,-0.16949999999999998,310.554,0.1,-4.234,4.5735,-0.1835,310.534,0.1,
-4.2509999999999994,4.664,-0.008,310.765,0.1,-4.2795000000000005,4.6395,-0.018500000000000003,310.766,0.1,-4.297000000000001,4.6205,-0.033,310.767,0.1,-4.3025,4.611000000000001,-0.0515,310.765,0.1,-4.2985,4.6075,-0.07050000000000001,310.757,0.1,-4.2925,4.6035,-0.089,310.741,0.1,-4.2940000000000005,4.5975,-0.10250000000000001,310.719,0.1,-4.309,4.588,-0.1025,310.696,0.1,-4.3345,4.5785,-0.088,310.676,0.1,-4.36,4.569000000000001,-0.0715,310.666,0.1,-4.3715,4.562,-0.0715,310.66,0.1,-4.3580000000000005,4.5625,-0.0895,310.648,0.1,-4.3225,4.5675,-0.11599999999999999,310.627,0.1,-4.2829999999999995,4.571,-0.1395,310.603,0.1,-4.256,4.5735,-0.157,310.579,0.1,-4.247,4.577500000000001,-0.174,310.559,0.1,
-4.2515,4.645,-0.0055,310.764,0.1,-4.282,4.621,-0.0115,310.77,0.1,-4.301,4.604,-0.0245,310.776,0.1,-4.3085,4.5969999999999995,-0.045,310.774,0.1,-4.308999999999999,4.5969999999999995,-0.0675,310.764,0.1,-4.3085,4.596500000000001,-0.088,310.747,0.1,-4.316000000000001,4.5920000000000005,-0.1045,310.728,0.1,-4.3345,4.583500000000001,-0.1085,310.71,0.1,-4.3585,4.5755,-0.0985,310.695,0.1,-4.378500000000001,4.5715,-0.087,310.684,0.1,-4.383,4.5725,-0.0865,310.674,0.1,-4.3655,4.578,-0.098,310.66,0.1,-4.3315,4.5815,-0.1145,310.643,0.1,-4.296,4.580500000000001,-0.1295,310.624,0.1,-4.2735,4.5785,-0.14150000000000001,310.605,0.1,-4.269500000000001,4.579000000000001,-0.1555,310.589,0.1,
-4.2705,4.612,-0.0045000000000000005,310.781,0.1,-4.2955000000000005,4.591,-0.0055,310.786,0.1,-4.311,4.576499999999999,-0.0155,310.792,0.1,-4.318,4.5705,-0.0345,310.789,0.1,-4.322,4.571,-0.057999999999999996,310.778,0.1,-4.329,4.5715,-0.0795,310.763,0.1,-4.343,4.5685,-0.0965,310.747,0.1,-4.3629999999999995,4.563000000000001,-0.1055,310.734,0.1,-4.3825,4.557499999999999,-0.103,310.722,0.1,-4.394,4.558,-0.098,310.709,0.1,-4.3905,4.5649999999999995,-0.0975,310.695,0.1,-4.3705,4.574,-0.103,310.679,0.1,-4.34,4.5785,-0.1105,310.664,0.1,-4.3105,4.5760000000000005,-0.11649999999999999,310.648,0.1,-4.2935,4.5725,-0.1225,310.632,0.1,-4.2935,4.572,-0.133,310.616,0.1,
-4.311,4.5745000000000005,-0.0135,310.821,0.1,-4.324,4.5575,-0.0075,310.821,0.1,-4.33,4.544499999999999,-0.010499999999999999,310.822,0.1,-4.332000000000001,4.5365,-0.0235,310.816,0.1,-4.337,4.5335,-0.042499999999999996,310.803,0.1,-4.349,4.532,-0.063,310.789,0.1,-4.367,4.529999999999999,-0.0805,310.778,0.1,-4.385999999999999,4.5280000000000005,-0.0925,310.767,0.1,-4.4,4.526,-0.0965,310.756,0.1,-4.4045000000000005,4.5280000000000005,-0.097,310.742,0.1,-4.397,4.5365,-0.0975,310.725,0.1,-4.3785,4.5475,-0.0985,310.708,0.1,-4.3545,4.5555,-0.1,310.692,0.1,-4.3315,4.5565,-0.1005,310.677,0.1,-4.3155,4.5555,-0.103,310.659,0.1,-4.3115,4.5565,-0.1115,310.639,0.1,
-4.3375,4.550000000000001,-0.025500000000000002,310.847,0.1,-4.34,4.5344999999999995,-0.015,310.842,0.1,-4.3385,4.519,-0.009000000000000001,310.839,0.1,-4.337,4.5055,-0.0115,310.833,0.1,-4.340999999999999,4.4955,-0.0225,310.821,0.1,-4.353,4.4895,-0.0395,310.808,0.1,-4.369999999999999,4.4875,-0.056999999999999995,310.796,0.1,-4.387,4.4879999999999995,-0.07,310.785,0.1,-4.398,4.489,-0.078,310.775,0.1,-4.3985,4.4925,-0.082,310.763,0.1,-4.3895,4.5015,-0.084,310.745,0.1,-4.374499999999999,4.514,-0.08499999999999999,310.725,0.1,-4.3575,4.5255,-0.08549999999999999,310.707,0.1,-4.341,4.531,-0.084,310.69,0.1,-4.327,4.5335,-0.0835,310.672,0.1,-4.3195,4.5355,-0.092,310.652,0.1,
-4.3355,4.5415,-0.0185,310.838,0.1,-4.332,4.5245,-0.0085,310.833,0.1,-4.329000000000001,4.5045,0.0035,310.831,0.1,-4.329000000000001,4.484999999999999,0.009000000000000001,310.828,0.1,-4.333,4.4670000000000005,0.005,310.821,0.1,-4.34,4.4545,-0.006500000000000001,310.808,0.1,-4.3505,4.449999999999999,-0.020499999999999997,310.789,0.1,-4.364000000000001,4.45,-0.034,310.775,0.1,-4.3745,4.454,-0.045,310.767,0.1,-4.375500000000001,4.4615,-0.051500000000000004,310.76,0.1,-4.3665,4.473000000000001,-0.056,310.745,0.1,-4.353,4.487,-0.0605,310.721,0.1,-4.3405000000000005,4.4995,-0.064,310.698,0.1,-4.3305,4.506,-0.063,310.679,0.1,-4.3225,4.51,-0.0605,310.664,0.1,-4.3175,4.5125,-0.0685,310.653,0.1,
-4.3225,4.5415,0.0045000000000000005,310.818,0.1,-4.317,4.525,0.014499999999999999,310.812,0.1,-4.313000000000001,4.504,0.0275,310.81,0.1,-4.314,4.480499999999999,0.036,310.808,0.1,-4.3185,4.456,0.0375,310.804,0.1,-4.323,4.4365000000000006,0.033,310.794,0.1,-4.327500000000001,4.4254999999999995,0.0225,310.775,0.1,-4.334,4.423,0.008,310.759,0.1,-4.341,4.429,-0.006,310.751,0.1,-4.343,4.4415,-0.0165,310.744,0.1,-4.337999999999999,4.457000000000001,-0.0235,310.729,0.1,-4.329,4.4719999999999995,-0.031,310.706,0.1,-4.32,4.4825,-0.036,310.68,0.1,-4.313,4.487,-0.035500000000000004,310.661,0.1,-4.307,4.491,-0.031,310.649,0.1,-4.3025,4.496,-0.038,310.644,0.1,
-4.3035,4.543,0.0115,310.794,0.1,-4.297000000000001,4.528,0.026000000000000002,310.787,0.1,-4.292,4.508,0.041499999999999995,310.78,0.1,-4.2940000000000005,4.483,0.055,310.775,0.1,-4.3004999999999995,4.456,0.063,310.772,0.1,-4.3055,4.433,0.064,310.766,0.1,-4.3065,4.418,0.055,310.755,0.1,-4.305,4.414,0.038,310.743,0.1,-4.304,4.42,0.0195,310.732,0.1,-4.3045,4.435,0.0055,310.719,0.1,-4.3045,4.453,-0.0025,310.702,0.1,-4.3025,4.468,-0.007,310.68,0.1,-4.297499999999999,4.477,-0.009999999999999998,310.658,0.1,-4.2895,4.48,-0.006500000000000001,310.64,0.1,-4.279,4.484,0.0005,310.628,0.1,-4.2684999999999995,4.491,-0.004,310.622,0.1,
-4.426500000000001,4.3425,-0.062,311.003,0.1,-4.454000000000001,4.3535,-0.0435,310.982,0.1,-4.481,4.3535,-0.0325,310.965,0.1,-4.5035,4.344,-0.036000000000000004,310.956,0.1,-4.5165,4.3355,-0.0515,310.95,0.1,-4.519,4.343,-0.069,310.938,0.1,-4.5165,4.3665,-0.082,310.916,0.1,-4.5175,4.394500000000001,-0.0895,310.891,0.1,-4.528499999999999,4.417,-0.101,310.869,0.1,-4.5515,4.4295,-0.1275,310.855,0.1,-4.5805,4.433,-0.1675,310.849,0.1,-4.603,4.432,-0.2025,310.843,0.1,-4.6095,4.4345,-0.2145,310.826,0.1,-4.595,4.4455,-0.195,310.795,0.1,-4.5649999999999995,4.4670000000000005,-0.1585,310.757,0.1,-4.54,4.491,-0.1315,310.727,0.1,
-4.413,4.3469999999999995,-0.0745,310.993,0.1,-4.4475,4.357,-0.061,310.97,0.1,-4.476,4.359,-0.0465,310.952,0.1,-4.4895,4.352,-0.0465,310.938,0.1,-4.4864999999999995,4.346,-0.0625,310.927,0.1,-4.4755,4.351,-0.083,310.911,0.1,-4.4725,4.3685,-0.095,310.892,0.1,-4.4864999999999995,4.391,-0.094,310.876,0.1,-4.515000000000001,4.409000000000001,-0.0885,310.864,0.1,-4.5504999999999995,4.417,-0.101,310.857,0.1,-4.5855,4.4145,-0.139,310.854,0.1,-4.61,4.41,-0.183,310.85,0.1,-4.615500000000001,4.4125,-0.208,310.838,0.1,-4.599,4.4239999999999995,-0.2025,310.814,0.1,-4.5634999999999994,4.446,-0.176,310.781,0.1,-4.5280000000000005,4.473000000000001,-0.152,310.743,0.1,
-4.405,4.367,-0.0675,310.983,0.1,-4.444000000000001,4.3735,-0.063,310.962,0.1,-4.474500000000001,4.377000000000001,-0.0525,310.946,0.1,-4.4815000000000005,4.3740000000000006,-0.053,310.932,0.1,-4.465,4.371,-0.07100000000000001,310.915,0.1,-4.4425,4.3740000000000006,-0.098,310.897,0.1,-4.438,4.384499999999999,-0.11699999999999999,310.879,0.1,-4.4605,4.3985,-0.111,310.865,0.1,-4.5009999999999994,4.4094999999999995,-0.09,310.855,0.1,-4.5465,4.41,-0.0865,310.851,0.1,-4.5845,4.400499999999999,-0.1135,310.853,0.1,-4.606,4.3934999999999995,-0.156,310.852,0.1,-4.609500000000001,4.397,-0.1905,310.842,0.1,-4.595000000000001,4.41,-0.199,310.827,0.1,-4.5634999999999994,4.432,-0.184,310.802,0.1,-4.528499999999999,4.456,-0.1635,310.767,0.1,
-4.402,4.402,-0.049,310.976,0.1,-4.4384999999999994,4.4025,-0.0545,310.956,0.1,-4.4670000000000005,4.404,-0.053,310.942,0.1,-4.4725,4.4025,-0.0555,310.93,0.1,-4.452999999999999,4.4005,-0.073,310.914,0.1,-4.428,4.401,-0.10400000000000001,310.897,0.1,-4.423500000000001,4.4045,-0.129,310.879,0.1,-4.4485,4.4094999999999995,-0.125,310.862,0.1,-4.493,4.412,-0.0975,310.847,0.1,-4.54,4.406000000000001,-0.082,310.842,0.1,-4.5745000000000005,4.393,-0.097,310.847,0.1,-4.589,4.385999999999999,-0.1335,310.846,0.1,-4.587,4.390000000000001,-0.174,310.835,0.1,-4.5735,4.4045000000000005,-0.1935,310.821,0.1,-4.5504999999999995,4.425,-0.187,310.803,0.1,-4.526,4.443,-0.1695,310.777,0.1,
-4.4030000000000005,4.447,-0.0305,310.972,0.1,-4.432,4.4399999999999995,-0.0445,310.952,0.1,-4.4559999999999995,4.435,-0.052,310.937,0.1,-4.4625,4.43,-0.057999999999999996,310.928,0.1,-4.4485,4.4254999999999995,-0.07200000000000001,310.919,0.1,-4.4295,4.423,-0.0995,310.906,0.1,-4.4275,4.420999999999999,-0.124,310.887,0.1,-4.4510000000000005,4.4195,-0.124,310.864,0.1,-4.4915,4.415,-0.1005,310.844,0.1,-4.5329999999999995,4.405,-0.081,310.835,0.1,-4.560499999999999,4.3925,-0.088,310.838,0.1,-4.5665,4.387499999999999,-0.12,310.836,0.1,-4.5555,4.391500000000001,-0.1615,310.821,0.1,-4.538,4.4055,-0.187,310.801,0.1,-4.523,4.423,-0.187,310.782,0.1,-4.514,4.4350000000000005,-0.1745,310.767,0.1,
-4.407,4.492,-0.019,310.967,0.1,-4.429,4.4775,-0.0375,310.951,0.1,-4.4475,4.464499999999999,-0.0515,310.936,0.1,-4.4544999999999995,4.4535,-0.061,310.928,0.1,-4.4475,4.445,-0.073,310.924,0.1,-4.4375,4.439,-0.093,310.915,0.1,-4.4405,4.4335,-0.1105,310.896,0.1,-4.462,4.4275,-0.1115,310.87,0.1,-4.495,4.419499999999999,-0.0925,310.847,0.1,-4.5280000000000005,4.407500000000001,-0.0745,310.835,0.1,-4.5489999999999995,4.3975,-0.0795,310.832,0.1,-4.5489999999999995,4.394,-0.11,310.826,0.1,-4.5295000000000005,4.3985,-0.151,310.807,0.1,-4.5055,4.41,-0.1795,310.78,0.1,-4.493,4.4239999999999995,-0.186,310.757,0.1,-4.4945,4.432,-0.1805,310.746,0.1,
-4.4105,4.5245,-0.014499999999999999,310.962,0.1,-4.432,4.504,-0.0325,310.951,0.1,-4.448,4.4855,-0.048,310.941,0.1,-4.454,4.471,-0.061,310.934,0.1,-4.449999999999999,4.4615,-0.0745,310.928,0.1,-4.4455,4.4525,-0.091,310.919,0.1,-4.452,4.4445,-0.103,310.9,0.1,-4.473,4.436,-0.101,310.875,0.1,-4.502000000000001,4.4265,-0.0835,310.853,0.1,-4.5295000000000005,4.415,-0.0655,310.84,0.1,-4.5465,4.406499999999999,-0.07,310.834,0.1,-4.543,4.404,-0.1005,310.824,0.1,-4.519,4.4085,-0.14,310.801,0.1,-4.4895,4.4175,-0.16949999999999998,310.771,0.1,-4.473,4.4275,-0.1825,310.745,0.1,-4.476,4.4345,-0.1855,310.731,0.1,
-4.4135,4.537,-0.0095,310.958,0.1,-4.439,4.513,-0.024,310.955,0.1,-4.4544999999999995,4.4935,-0.0405,310.949,0.1,-4.4595,4.481,-0.057,310.943,0.1,-4.4565,4.474,-0.0745,310.935,0.1,-4.454,4.4655000000000005,-0.091,310.921,0.1,-4.4615,4.4565,-0.10200000000000001,310.902,0.1,-4.4830000000000005,4.4465,-0.099,310.879,0.1,-4.5120000000000005,4.436999999999999,-0.0805,310.859,0.1,-4.5385,4.4275,-0.0625,310.847,0.1,-4.554,4.420999999999999,-0.066,310.842,0.1,-4.5495,4.4195,-0.093,310.83,0.1,-4.5235,4.4235,-0.129,310.806,0.1,-4.4905,4.43,-0.157,310.778,0.1,-4.4695,4.436,-0.174,310.752,0.1,-4.4670000000000005,4.442,-0.186,310.733,0.1,
-4.4135,4.532500000000001,-0.005,310.956,0.1,-4.4425,4.5075,-0.0155,310.958,0.1,-4.4595,4.49,-0.031,310.958,0.1,-4.465,4.482,-0.0505,310.952,0.1,-4.4635,4.48,-0.0715,310.94,0.1,-4.463,4.4755,-0.091,310.925,0.1,-4.4725,4.4675,-0.105,310.906,0.1,-4.4945,4.4575,-0.1035,310.886,0.1,-4.523,4.449,-0.0875,310.868,0.1,-4.5495,4.443,-0.071,310.858,0.1,-4.564,4.4399999999999995,-0.073,310.852,0.1,-4.557,4.441000000000001,-0.094,310.84,0.1,-4.529,4.445,-0.122,310.819,0.1,-4.4955,4.4475,-0.1455,310.794,0.1,-4.473000000000001,4.4495000000000005,-0.161,310.771,0.1,-4.468,4.452500000000001,-0.176,310.751,0.1,
-4.4125,4.515499999999999,-0.002,310.953,0.1,-4.441,4.492,-0.0085,310.959,0.1,-4.457,4.4775,-0.022,310.961,0.1,-4.4635,4.4735,-0.0435,310.956,0.1,-4.4655000000000005,4.475,-0.067,310.944,0.1,-4.470000000000001,4.475,-0.0885,310.929,0.1,-4.484,4.470000000000001,-0.105,310.913,0.1,-4.5075,4.462,-0.1085,310.897,0.1,-4.5344999999999995,4.455500000000001,-0.0975,310.883,0.1,-4.557,4.452999999999999,-0.0865,310.872,0.1,-4.5655,4.455,-0.0875,310.863,0.1,-4.5535,4.46,-0.1015,310.85,0.1,-4.5245,4.4635,-0.1195,310.832,0.1,-4.4935,4.462,-0.134,310.811,0.1,-4.475,4.4595,-0.144,310.79,0.1,-4.4745,4.459,-0.1565,310.774,0.1,
-4.422499999999999,4.4879999999999995,-0.0015,310.966,0.1,-4.444,4.468500000000001,-0.003,310.969,0.1,-4.455,4.457000000000001,-0.013000000000000001,310.972,0.1,-4.46,4.4544999999999995,-0.032,310.966,0.1,-4.4655000000000005,4.4559999999999995,-0.0565,310.954,0.1,-4.4765,4.458,-0.078,310.941,0.1,-4.495,4.4559999999999995,-0.0955,310.928,0.1,-4.518000000000001,4.4510000000000005,-0.104,310.917,0.1,-4.5405,4.447,-0.101,310.906,0.1,-4.557,4.447,-0.0965,310.894,0.1,-4.560499999999999,4.452999999999999,-0.0975,310.881,0.1,-4.545999999999999,4.461,-0.1045,310.866,0.1,-4.519,4.465,-0.113,310.849,0.1,-4.4925,4.4625,-0.119,310.831,0.1,-4.4785,4.4575,-0.1235,310.812,0.1,-4.4825,4.4559999999999995,-0.1325,310.795,0.1,
-4.4425,4.458,-0.010499999999999999,310.998,0.1,-4.452500000000001,4.4425,-0.005,310.996,0.1,-4.455,4.432,-0.008,310.994,0.1,-4.4559999999999995,4.427,-0.020999999999999998,310.986,0.1,-4.4625,4.4254999999999995,-0.04,310.974,0.1,-4.4775,4.426,-0.0605,310.962,0.1,-4.4985,4.425,-0.0775,310.953,0.1,-4.5205,4.4235,-0.089,310.944,0.1,-4.5385,4.422,-0.0935,310.934,0.1,-4.548500000000001,4.423500000000001,-0.0945,310.922,0.1,-4.548,4.4305,-0.0955,310.906,0.1,-4.5365,4.4399999999999995,-0.0975,310.889,0.1,-4.5165,4.447,-0.0995,310.872,0.1,-4.4965,4.447,-0.101,310.854,0.1,-4.485,4.444,-0.1025,310.833,0.1,-4.486000000000001,4.4445,-0.11,310.813,0.1,
-4.452999999999999,4.4365000000000006,-0.023,311.017,0.1,-4.4525,4.423,-0.013000000000000001,311.01,0.1,-4.448499999999999,4.41,-0.007,311.005,0.1,-4.4465,4.3995,-0.009000000000000001,310.998,0.1,-4.452500000000001,4.391500000000001,-0.02,310.987,0.1,-4.468,4.3865,-0.036500000000000005,310.976,0.1,-4.489,4.3845,-0.052500000000000005,310.967,0.1,-4.5095,4.3855,-0.0655,310.958,0.1,-4.524,4.387499999999999,-0.074,310.95,0.1,-4.529999999999999,4.392,-0.078,310.939,0.1,-4.5280000000000005,4.3995,-0.0815,310.922,0.1,-4.519500000000001,4.4094999999999995,-0.083,310.901,0.1,-4.508,4.4190000000000005,-0.084,310.88,0.1,-4.496,4.423,-0.083,310.861,0.1,-4.486000000000001,4.4239999999999995,-0.082,310.842,0.1,-4.4825,4.427,-0.09,310.822,0.1,
-4.45,4.426500000000001,-0.017,311.005,0.1,-4.444000000000001,4.4125,-0.0075,310.998,0.1,-4.437,4.3965,0.0045000000000000005,310.995,0.1,-4.4345,4.3795,0.010499999999999999,310.991,0.1,-4.4399999999999995,4.3635,0.007,310.986,0.1,-4.453,4.35,-0.0035,310.975,0.1,-4.470000000000001,4.344,-0.0165,310.961,0.1,-4.487500000000001,4.346,-0.0295,310.949,0.1,-4.500500000000001,4.3525,-0.040499999999999994,310.942,0.1,-4.505,4.3629999999999995,-0.048,310.935,0.1,-4.503,4.373,-0.0535,310.917,0.1,-4.498,4.383,-0.059,310.892,0.1,-4.4925,4.3915,-0.063,310.868,0.1,-4.487,4.397,-0.061,310.849,0.1,-4.4795,4.4015,-0.058499999999999996,310.833,0.1,-4.4725,4.4079999999999995,-0.0665,310.822,0.1,
-4.441000000000001,4.424,0.005,310.984,0.1,-4.4325,4.411,0.0135,310.977,0.1,-4.426,4.394,0.0265,310.973,0.1,-4.426,4.3725000000000005,0.036,310.972,0.1,-4.4325,4.349500000000001,0.038,310.971,0.1,-4.442,4.3285,0.035,310.964,0.1,-4.452,4.317,0.025,310.949,0.1,-4.462,4.3175,0.010499999999999999,310.934,0.1,-4.471,4.327500000000001,-0.0035,310.925,0.1,-4.477,4.343,-0.014499999999999999,310.916,0.1,-4.4795,4.3575,-0.0225,310.899,0.1,-4.48,4.3675,-0.0305,310.874,0.1,-4.479,4.372999999999999,-0.036,310.849,0.1,-4.475,4.3775,-0.0345,310.831,0.1,-4.4665,4.385,-0.0295,310.819,0.1,-4.455500000000001,4.3965,-0.0365,310.813,0.1,
-4.428,4.424,0.011,310.961,0.1,-4.420999999999999,4.413,0.0235,310.953,0.1,-4.4165,4.396,0.0385,310.946,0.1,-4.42,4.373,0.053,310.944,0.1,-4.4285,4.347,0.0615,310.944,0.1,-4.4350000000000005,4.323,0.0635,310.941,0.1,-4.437,4.309,0.0545,310.932,0.1,-4.4375,4.308,0.037,310.919,0.1,-4.441,4.319,0.0185,310.904,0.1,-4.4485,4.336,0.005,310.889,0.1,-4.4575,4.353,-0.003,310.87,0.1,-4.464499999999999,4.363,-0.008,310.849,0.1,-4.4655000000000005,4.367,-0.011,310.828,0.1,-4.458,4.371,-0.0075,310.812,0.1,-4.443,4.38,0.0005,310.8,0.1,-4.425000000000001,4.394,-0.0045000000000000005,310.791,0.1,
-4.4765,4.2795000000000005,-0.06,311.141,0.1,-4.5045,4.2885,-0.0405,311.123,0.1,-4.532500000000001,4.287000000000001,-0.0295,311.109,0.1,-4.556,4.2775,-0.0345,311.101,0.1,-4.572,4.2705,-0.051,311.096,0.1,-4.5795,4.2780000000000005,-0.069,311.084,0.1,-4.5825,4.3,-0.0815,311.063,0.1,-4.5875,4.327,-0.088,311.038,0.1,-4.598000000000001,4.3485,-0.0985,311.017,0.1,-4.6165,4.361000000000001,-0.1245,311.004,0.1,-4.641,4.366,-0.1645,311.0,0.1,-4.664,4.3675,-0.201,310.996,0.1,-4.6785,4.3695,-0.214,310.983,0.1,-4.678,4.3774999999999995,-0.195,310.956,0.1,-4.663,4.393000000000001,-0.1595,310.922,0.1,-4.648999999999999,4.4115,-0.1325,310.894,0.1,
-4.463,4.2940000000000005,-0.074,311.129,0.1,-4.499499999999999,4.3015,-0.059,311.11,0.1,-4.5305,4.302,-0.045,311.094,0.1,-4.5465,4.295,-0.047,311.082,0.1,-4.547,4.288,-0.0655,311.071,0.1,-4.5405,4.292,-0.0865,311.055,0.1,-4.54,4.3075,-0.097,311.037,0.1,-4.5535,4.328,-0.0935,311.02,0.1,-4.577999999999999,4.3454999999999995,-0.08549999999999999,311.009,0.1,-4.608499999999999,4.355,-0.097,311.003,0.1,-4.640000000000001,4.356999999999999,-0.1355,311.002,0.1,-4.666,4.357,-0.1805,311.001,0.1,-4.68,4.359999999999999,-0.2075,310.992,0.1,-4.677,4.37,-0.20350000000000001,310.971,0.1,-4.657500000000001,4.3875,-0.1785,310.94,0.1,-4.6345,4.4085,-0.1535,310.906,0.1,
-4.454000000000001,4.323,-0.0685,311.119,0.1,-4.495,4.326499999999999,-0.0615,311.101,0.1,-4.5275,4.3285,-0.0515,311.087,0.1,-4.5375,4.3255,-0.055,311.074,0.1,-4.526,4.321,-0.0755,311.058,0.1,-4.5085,4.3215,-0.10400000000000001,311.039,0.1,-4.505000000000001,4.328,-0.121,311.021,0.1,-4.5245,4.339,-0.111,311.007,0.1,-4.5605,4.3495,-0.0865,310.998,0.1,-4.601000000000001,4.354,-0.0815,310.996,0.1,-4.6365,4.3515,-0.11,311.0,0.1,-4.6605,4.35,-0.154,311.001,0.1,-4.670999999999999,4.355,-0.191,310.993,0.1,-4.667,4.368,-0.2015,310.98,0.1,-4.648,4.3870000000000005,-0.1865,310.957,0.1,-4.6240000000000006,4.408,-0.1645,310.923,0.1,
-4.447,4.3629999999999995,-0.051500000000000004,311.111,0.1,-4.486000000000001,4.361,-0.055,311.094,0.1,-4.5169999999999995,4.361000000000001,-0.053,311.082,0.1,-4.525499999999999,4.359500000000001,-0.057,311.071,0.1,-4.5105,4.3565000000000005,-0.077,311.056,0.1,-4.4895,4.354,-0.11,311.037,0.1,-4.486,4.3535,-0.133,311.018,0.1,-4.509,4.356,-0.1255,311.001,0.1,-4.5504999999999995,4.358499999999999,-0.0945,310.989,0.1,-4.5945,4.3575,-0.0775,310.986,0.1,-4.628,4.3525,-0.0935,310.993,0.1,-4.6455,4.351,-0.133,310.994,0.1,-4.649,4.357,-0.176,310.984,0.1,-4.6425,4.371,-0.1965,310.972,0.1,-4.6274999999999995,4.390000000000001,-0.1885,310.954,0.1,-4.61,4.408,-0.17,310.928,0.1,
-4.4435,4.4085,-0.033,311.107,0.1,-4.476,4.3995,-0.0455,311.09,0.1,-4.5024999999999995,4.3934999999999995,-0.0525,311.077,0.1,-4.5105,4.389,-0.0595,311.068,0.1,-4.4995,4.384,-0.0755,311.058,0.1,-4.4835,4.3795,-0.1045,311.043,0.1,-4.4830000000000005,4.3755,-0.1275,311.023,0.1,-4.5065,4.373,-0.1245,311.001,0.1,-4.5465,4.37,-0.098,310.984,0.1,-4.5875,4.365,-0.077,310.979,0.1,-4.6155,4.3605,-0.08549999999999999,310.983,0.1,-4.625,4.3605,-0.1205,310.982,0.1,-4.62,4.3665,-0.165,310.969,0.1,-4.609,4.379,-0.191,310.949,0.1,-4.598,4.3955,-0.189,310.93,0.1,-4.59,4.41,-0.175,310.914,0.1,
-4.442,4.4505,-0.0205,311.102,0.1,-4.468500000000001,4.435,-0.0385,311.087,0.1,-4.49,4.422,-0.052,311.075,0.1,-4.498,4.4125,-0.0625,311.067,0.1,-4.492,4.4045,-0.0765,311.06,0.1,-4.4830000000000005,4.398,-0.097,311.049,0.1,-4.487500000000001,4.3919999999999995,-0.1135,311.029,0.1,-4.511,4.3875,-0.112,311.004,0.1,-4.5465,4.382,-0.091,310.985,0.1,-4.5809999999999995,4.3765,-0.072,310.977,0.1,-4.603,4.3735,-0.078,310.976,0.1,-4.607,4.375500000000001,-0.112,310.971,0.1,-4.5954999999999995,4.3815,-0.1555,310.953,0.1,-4.579,4.391500000000001,-0.184,310.926,0.1,-4.5685,4.4045000000000005,-0.1885,310.903,0.1,-4.5675,4.4165,-0.181,310.891,0.1,
-4.4405,4.478,-0.0135,311.097,0.1,-4.4655000000000005,4.4595,-0.032,311.087,0.1,-4.484,4.443,-0.048,311.077,0.1,-4.491,4.4315,-0.063,311.07,0.1,-4.487,4.4235,-0.078,311.062,0.1,-4.4825,4.4155,-0.095,311.05,0.1,-4.4905,4.407500000000001,-0.1055,311.031,0.1,-4.5145,4.4015,-0.1015,311.008,0.1,-4.5465,4.396,-0.082,310.989,0.1,-4.5760000000000005,4.3919999999999995,-0.064,310.979,0.1,-4.5945,4.391,-0.07,310.975,0.1,-4.596,4.394500000000001,-0.103,310.965,0.1,-4.5805,4.400499999999999,-0.1455,310.943,0.1,-4.559,4.409,-0.1745,310.914,0.1,-4.546,4.4185,-0.186,310.888,0.1,-4.546,4.4285,-0.187,310.874,0.1,
-4.4375,4.4879999999999995,-0.006500000000000001,311.094,0.1,-4.4635,4.468999999999999,-0.022,311.09,0.1,-4.481,4.4535,-0.0395,311.084,0.1,-4.487500000000001,4.4455,-0.0575,311.076,0.1,-4.485,4.4415,-0.077,311.066,0.1,-4.482,4.435499999999999,-0.0945,311.051,0.1,-4.4905,4.426500000000001,-0.1045,311.032,0.1,-4.513999999999999,4.4190000000000005,-0.0995,311.012,0.1,-4.545,4.4135,-0.0795,310.994,0.1,-4.573,4.412,-0.0615,310.985,0.1,-4.5895,4.4135,-0.0665,310.979,0.1,-4.589,4.418,-0.097,310.968,0.1,-4.571999999999999,4.4245,-0.135,310.946,0.1,-4.5485,4.4315,-0.163,310.918,0.1,-4.5325,4.438,-0.1785,310.892,0.1,-4.529999999999999,4.4455,-0.1885,310.875,0.1,
-4.432,4.486,-0.0015,311.091,0.1,-4.458,4.4670000000000005,-0.0125,311.092,0.1,-4.474500000000001,4.455,-0.028999999999999998,311.089,0.1,-4.481,4.452999999999999,-0.05,311.082,0.1,-4.4805,4.455,-0.073,311.07,0.1,-4.48,4.4535,-0.093,311.054,0.1,-4.489,4.4465,-0.1065,311.036,0.1,-4.5115,4.4385,-0.104,311.018,0.1,-4.541,4.4335,-0.0865,311.002,0.1,-4.567,4.4345,-0.071,310.993,0.1,-4.5815,4.439,-0.0745,310.988,0.1,-4.5785,4.445,-0.098,310.977,0.1,-4.5600000000000005,4.451499999999999,-0.128,310.957,0.1,-4.5365,4.4555,-0.151,310.932,0.1,-4.521000000000001,4.4585,-0.165,310.909,0.1,-4.519,4.463,-0.178,310.891,0.1,
-4.425,4.476,0.0015,311.087,0.1,-4.448,4.458500000000001,-0.0055,311.09,0.1,-4.4615,4.449999999999999,-0.02,311.091,0.1,-4.468,4.452,-0.041999999999999996,311.084,0.1,-4.4704999999999995,4.4585,-0.067,311.072,0.1,-4.474,4.462,-0.089,311.058,0.1,-4.4855,4.459,-0.105,311.043,0.1,-4.507,4.452500000000001,-0.108,311.028,0.1,-4.5329999999999995,4.449,-0.0965,311.016,0.1,-4.5555,4.452,-0.086,311.006,0.1,-4.5665,4.4595,-0.0885,310.998,0.1,-4.56,4.467499999999999,-0.1045,310.986,0.1,-4.539999999999999,4.473,-0.124,310.968,0.1,-4.519,4.473,-0.138,310.948,0.1,-4.508,4.4715,-0.146,310.927,0.1,-4.511,4.4735,-0.157,310.911,0.1,
-4.423,4.458500000000001,0.002,311.097,0.1,-4.4384999999999994,4.444,-0.0005,311.098,0.1,-4.446,4.438,-0.010499999999999999,311.099,0.1,-4.45,4.4405,-0.03,311.092,0.1,-4.4544999999999995,4.4475,-0.055,311.081,0.1,-4.463,4.454000000000001,-0.076,311.068,0.1,-4.4775,4.455,-0.094,311.056,0.1,-4.496499999999999,4.452,-0.10200000000000001,311.046,0.1,-4.5175,4.449999999999999,-0.099,311.037,0.1,-4.5355,4.4535,-0.095,311.026,0.1,-4.5435,4.4625,-0.0965,311.014,0.1,-4.537,4.4725,-0.105,311.0,0.1,-4.52,4.4775,-0.115,310.985,0.1,-4.503,4.476,-0.121,310.966,0.1,-4.496,4.4715,-0.124,310.947,0.1,-4.5025,4.4725,-0.132,310.93,0.1,
-4.422,4.438000000000001,-0.0075,311.124,0.1,-4.428,4.426,-0.003,311.121,0.1,-4.4285,4.4205,-0.006,311.118,0.1,-4.4285,4.4205000000000005,-0.019,311.109,0.1,-4.433,4.4239999999999995,-0.0375,311.097,0.1,-4.444,4.429,-0.056999999999999995,311.086,0.1,-4.46,4.4325,-0.074,311.078,0.1,-4.4775,4.433,-0.08499999999999999,311.071,0.1,-4.494,4.4335,-0.09,311.063,0.1,-4.508,4.4365000000000006,-0.0915,311.052,0.1,-4.5155,4.445,-0.093,311.037,0.1,-4.513,4.455500000000001,-0.096,311.021,0.1,-4.5025,4.462,-0.0985,311.005,0.1,-4.491,4.463,-0.1005,310.986,0.1,-4.486,4.46,-0.102,310.966,0.1,-4.491,4.462,-0.1085,310.946,0.1,
-4.417999999999999,4.422499999999999,-0.020499999999999997,311.138,0.1,-4.416499999999999,4.412,-0.011,311.132,0.1,-4.411,4.404,-0.0055,311.127,0.1,-4.4065,4.399,-0.007,311.119,0.1,-4.4085,4.3965,-0.0175,311.108,0.1,-4.419499999999999,4.396,-0.033,311.098,0.1,-4.436,4.398,-0.048,311.09,0.1,-4.4535,4.400499999999999,-0.0605,311.084,0.1,-4.468,4.4045000000000005,-0.0695,311.078,0.1,-4.4785,4.41,-0.0745,311.068,0.1,-4.4855,4.418,-0.078,311.051,0.1,-4.488,4.427,-0.0805,311.03,0.1,-4.486000000000001,4.4350000000000005,-0.0815,311.011,0.1,-4.4805,4.4399999999999995,-0.081,310.992,0.1,-4.4755,4.4415,-0.0805,310.973,0.1,-4.476,4.4465,-0.088,310.954,0.1,
-4.415,4.4145,-0.0155,311.126,0.1,-4.4085,4.4045000000000005,-0.006500000000000001,311.119,0.1,-4.3985,4.394,0.005,311.116,0.1,-4.39,4.3835,0.0115,311.112,0.1,-4.3895,4.373,0.009000000000000001,311.106,0.1,-4.399,4.3645,0.0,311.097,0.1,-4.415,4.3614999999999995,-0.012,311.085,0.1,-4.432,4.3645,-0.0245,311.075,0.1,-4.445,4.3725000000000005,-0.036000000000000004,311.069,0.1,-4.4535,4.3835,-0.0445,311.061,0.1,-4.4605,4.393,-0.051000000000000004,311.044,0.1,-4.4670000000000005,4.401,-0.057,311.02,0.1,-4.4704999999999995,4.4079999999999995,-0.0605,310.997,0.1,-4.4695,4.414999999999999,-0.0595,310.979,0.1,-4.4645,4.420999999999999,-0.057,310.964,0.1,-4.4595,4.43,-0.065,310.952,0.1,
-4.410500000000001,4.411,0.005,311.105,0.1,-4.402,4.4035,0.0125,311.099,0.1,-4.390000000000001,4.393,0.025,311.095,0.1,-4.3815,4.3785,0.035500000000000004,311.093,0.1,-4.3805,4.3605,0.0385,311.092,0.1,-4.387499999999999,4.3445,0.037,311.086,0.1,-4.399,4.336,0.0275,311.073,0.1,-4.411,4.3375,0.0135,311.059,0.1,-4.422499999999999,4.348000000000001,-0.001,311.05,0.1,-4.433,4.3635,-0.012,311.041,0.1,-4.4435,4.3765,-0.020999999999999998,311.025,0.1,-4.452999999999999,4.385,-0.028999999999999998,311.001,0.1,-4.459,4.391,-0.035500000000000004,310.978,0.1,-4.458500000000001,4.3975,-0.0335,310.961,0.1,-4.4505,4.407,-0.0285,310.949,0.1,-4.4399999999999995,4.4205,-0.036,310.943,0.1,
-4.4015,4.41,0.010499999999999999,311.084,0.1,-4.3934999999999995,4.405,0.020999999999999998,311.076,0.1,-4.3845,4.395,0.036000000000000004,311.069,0.1,-4.3805,4.379,0.051000000000000004,311.067,0.1,-4.3815,4.358,0.0605,311.067,0.1,-4.385,4.339,0.063,311.064,0.1,-4.3885,4.328,0.0535,311.055,0.1,-4.393,4.328,0.035500000000000004,311.042,0.1,-4.4015,4.339,0.0175,311.028,0.1,-4.415,4.356,0.0045000000000000005,311.012,0.1,-4.431,4.371,-0.003,310.995,0.1,-4.444,4.38,-0.008,310.976,0.1,-4.4495000000000005,4.386,-0.0115,310.957,0.1,-4.445,4.392,-0.0085,310.942,0.1,-4.4315,4.403,-0.001,310.931,0.1,-4.415,4.419,-0.0055,310.922,0.1,
-4.527,4.2170000000000005,-0.057499999999999996,311.279,0.1,-4.556,4.223,-0.0375,311.265,0.1,-4.5845,4.22,-0.026500000000000003,311.253,0.1,-4.609,4.211,-0.033,311.246,0.1,-4.6274999999999995,4.205,-0.051,311.242,0.1,-4.64,4.213,-0.0695,311.23,0.1,-4.648999999999999,4.233499999999999,-0.0805,311.209,0.1,-4.6575,4.259,-0.086,311.185,0.1,-4.668,4.28,-0.096,311.165,0.1,-4.682,4.292,-0.1215,311.153,0.1,-4.7015,4.2995,-0.162,311.15,0.1,-4.7255,4.303,-0.199,311.149,0.1,-4.748,4.3045,-0.2135,311.14,0.1,-4.7615,4.309,-0.195,311.117,0.1,-4.7620000000000005,4.3195,-0.1605,311.087,0.1,-4.758,4.332,-0.1335,311.062,0.1,
-4.513,4.242,-0.0735,311.266,0.1,-4.5515,4.246,-0.057,311.25,0.1,-4.585,4.2445,-0.043,311.237,0.1,-4.604,4.237,-0.0475,311.226,0.1,-4.6080000000000005,4.230499999999999,-0.0685,311.215,0.1,-4.6055,4.233499999999999,-0.09,311.2,0.1,-4.6080000000000005,4.246499999999999,-0.099,311.181,0.1,-4.621,4.265,-0.0925,311.165,0.1,-4.6415,4.282,-0.0825,311.154,0.1,-4.666499999999999,4.292999999999999,-0.0935,311.149,0.1,-4.6945,4.2995,-0.132,311.151,0.1,-4.7225,4.3035,-0.178,311.152,0.1,-4.744999999999999,4.307499999999999,-0.207,311.146,0.1,-4.7555,4.316,-0.2045,311.127,0.1,-4.752,4.3295,-0.181,311.1,0.1,-4.742,4.3445,-0.155,311.068,0.1,
-4.5024999999999995,4.279,-0.0695,311.255,0.1,-4.5455000000000005,4.2805,-0.0605,311.239,0.1,-4.580500000000001,4.2805,-0.051,311.228,0.1,-4.5945,4.277,-0.0565,311.217,0.1,-4.5875,4.272,-0.08,311.201,0.1,-4.574,4.2695,-0.11,311.182,0.1,-4.571999999999999,4.2725,-0.125,311.163,0.1,-4.589499999999999,4.279999999999999,-0.111,311.15,0.1,-4.6205,4.29,-0.0835,311.141,0.1,-4.6555,4.298,-0.077,311.141,0.1,-4.6884999999999994,4.303,-0.106,311.147,0.1,-4.715,4.307,-0.152,311.15,0.1,-4.7325,4.314,-0.1915,311.145,0.1,-4.739,4.326499999999999,-0.20400000000000001,311.133,0.1,-4.7325,4.343,-0.189,311.111,0.1,-4.720000000000001,4.359500000000001,-0.166,311.079,0.1,
-4.4925,4.324,-0.054,311.247,0.1,-4.534,4.3205,-0.055,311.232,0.1,-4.567,4.3185,-0.053,311.222,0.1,-4.577999999999999,4.317,-0.059,311.212,0.1,-4.5675,4.313000000000001,-0.0815,311.197,0.1,-4.551,4.3075,-0.11549999999999999,311.177,0.1,-4.5489999999999995,4.3035,-0.1375,311.157,0.1,-4.5705,4.3025,-0.126,311.141,0.1,-4.608,4.305,-0.0915,311.13,0.1,-4.648,4.308999999999999,-0.073,311.13,0.1,-4.6805,4.3125,-0.0905,311.139,0.1,-4.7010000000000005,4.3165,-0.1325,311.141,0.1,-4.7105,4.3245000000000005,-0.178,311.133,0.1,-4.711,4.338,-0.1995,311.122,0.1,-4.7035,4.356,-0.19,311.105,0.1,-4.693,4.372999999999999,-0.17,311.079,0.1,
-4.484,4.37,-0.035500000000000004,311.242,0.1,-4.5205,4.359999999999999,-0.0465,311.227,0.1,-4.5495,4.3525,-0.0535,311.216,0.1,-4.558999999999999,4.348,-0.061,311.208,0.1,-4.55,4.3425,-0.079,311.197,0.1,-4.537,4.336,-0.109,311.18,0.1,-4.5385,4.3305,-0.131,311.159,0.1,-4.5625,4.3260000000000005,-0.125,311.138,0.1,-4.6015,4.3245000000000005,-0.0955,311.124,0.1,-4.641500000000001,4.324999999999999,-0.0735,311.123,0.1,-4.6705000000000005,4.3285,-0.083,311.128,0.1,-4.6835,4.333500000000001,-0.1215,311.128,0.1,-4.6845,4.341,-0.1685,311.116,0.1,-4.68,4.3525,-0.1945,311.097,0.1,-4.673,4.3685,-0.1905,311.078,0.1,-4.666,4.3855,-0.175,311.061,0.1,
-4.477,4.408,-0.022,311.238,0.1,-4.508,4.393,-0.0395,311.224,0.1,-4.532,4.3805,-0.0525,311.213,0.1,-4.541,4.371499999999999,-0.064,311.205,0.1,-4.535500000000001,4.364,-0.0795,311.197,0.1,-4.5280000000000005,4.3565000000000005,-0.101,311.183,0.1,-4.534,4.351,-0.11649999999999999,311.161,0.1,-4.5600000000000005,4.3469999999999995,-0.1125,311.139,0.1,-4.598000000000001,4.345000000000001,-0.089,311.123,0.1,-4.6335,4.345,-0.0695,311.119,0.1,-4.657,4.35,-0.0765,311.12,0.1,-4.6655,4.357,-0.114,311.115,0.1,-4.6615,4.364,-0.16,311.098,0.1,-4.652,4.372999999999999,-0.1885,311.072,0.1,-4.644,4.385,-0.191,311.049,0.1,-4.640000000000001,4.401,-0.1815,311.036,0.1,
-4.4705,4.4315,-0.0125,311.233,0.1,-4.4985,4.4145,-0.032,311.223,0.1,-4.5195,4.4015,-0.0485,311.214,0.1,-4.5275,4.3919999999999995,-0.0645,311.206,0.1,-4.523999999999999,4.3855,-0.0815,311.196,0.1,-4.5195,4.378,-0.0985,311.181,0.1,-4.5285,4.3715,-0.1085,311.162,0.1,-4.5555,4.3675,-0.102,311.141,0.1,-4.5915,4.366,-0.0805,311.126,0.1,-4.623,4.3685,-0.0625,311.119,0.1,-4.6425,4.3759999999999994,-0.07,311.116,0.1,-4.6485,4.385,-0.1055,311.107,0.1,-4.6419999999999995,4.3925,-0.1505,311.086,0.1,-4.629,4.4005,-0.18,311.057,0.1,-4.619,4.4094999999999995,-0.1895,311.031,0.1,-4.6165,4.422499999999999,-0.189,311.018,0.1,
-4.462,4.4399999999999995,-0.004,311.229,0.1,-4.4879999999999995,4.4239999999999995,-0.02,311.224,0.1,-4.5075,4.4145,-0.0385,311.218,0.1,-4.515499999999999,4.4105,-0.058499999999999996,311.209,0.1,-4.513,4.409000000000001,-0.0795,311.197,0.1,-4.51,4.4045,-0.098,311.181,0.1,-4.519,4.3975,-0.1075,311.163,0.1,-4.545,4.391500000000001,-0.1005,311.145,0.1,-4.5785,4.390499999999999,-0.079,311.13,0.1,-4.606999999999999,4.396,-0.0605,311.122,0.1,-4.624499999999999,4.406,-0.0675,311.117,0.1,-4.6285,4.4165,-0.1005,311.107,0.1,-4.6205,4.425000000000001,-0.14100000000000001,311.085,0.1,-4.6065000000000005,4.4325,-0.16899999999999998,311.058,0.1,-4.5954999999999995,4.44,-0.183,311.033,0.1,-4.593,4.449,-0.191,311.017,0.1,
-4.4505,4.4395,0.002,311.226,0.1,-4.473,4.426,-0.0095,311.225,0.1,-4.4895,4.420999999999999,-0.027,311.221,0.1,-4.4975000000000005,4.4239999999999995,-0.05,311.212,0.1,-4.4975000000000005,4.43,-0.0745,311.199,0.1,-4.4965,4.4315,-0.0955,311.184,0.1,-4.5055,4.4265,-0.108,311.167,0.1,-4.529,4.4195,-0.1045,311.151,0.1,-4.558999999999999,4.4185,-0.086,311.137,0.1,-4.5845,4.426,-0.07050000000000001,311.128,0.1,-4.599,4.4375,-0.076,311.123,0.1,-4.6005,4.449,-0.10200000000000001,311.113,0.1,-4.590999999999999,4.458,-0.134,311.094,0.1,-4.5775,4.4635,-0.1565,311.07,0.1,-4.569,4.468,-0.169,311.047,0.1,-4.57,4.4735,-0.18,311.03,0.1,
-4.4375,4.436,0.005,311.221,0.1,-4.455,4.425000000000001,-0.0025,311.222,0.1,-4.465999999999999,4.423,-0.018000000000000002,311.221,0.1,-4.4719999999999995,4.43,-0.0405,311.212,0.1,-4.4745,4.4415,-0.0665,311.201,0.1,-4.477,4.449,-0.089,311.187,0.1,-4.4864999999999995,4.4485,-0.1055,311.173,0.1,-4.5065,4.444,-0.1075,311.16,0.1,-4.532,4.443,-0.0955,311.149,0.1,-4.5545,4.4505,-0.08549999999999999,311.14,0.1,-4.567,4.463,-0.0895,311.132,0.1,-4.5665,4.4755,-0.1075,311.121,0.1,-4.556,4.4830000000000005,-0.1285,311.105,0.1,-4.5445,4.4845,-0.14200000000000002,311.084,0.1,-4.5405,4.484500000000001,-0.148,311.064,0.1,-4.547000000000001,4.4875,-0.1575,311.048,0.1,
-4.4235,4.429,0.0055,311.228,0.1,-4.433,4.4195,0.0025,311.228,0.1,-4.436999999999999,4.4190000000000005,-0.008,311.226,0.1,-4.4395,4.4265,-0.0285,311.219,0.1,-4.443,4.4384999999999994,-0.053,311.207,0.1,-4.449,4.449,-0.074,311.195,0.1,-4.4595,4.4535,-0.092,311.185,0.1,-4.4755,4.4535,-0.1,311.176,0.1,-4.4955,4.4535,-0.097,311.168,0.1,-4.5145,4.4595,-0.093,311.158,0.1,-4.526999999999999,4.4715,-0.096,311.148,0.1,-4.528499999999999,4.484,-0.1055,311.135,0.1,-4.521,4.49,-0.1165,311.12,0.1,-4.5135000000000005,4.489,-0.1225,311.101,0.1,-4.5135000000000005,4.4864999999999995,-0.1245,311.082,0.1,-4.523,4.4885,-0.1315,311.065,0.1,
-4.402,4.418,-0.0045000000000000005,311.249,0.1,-4.4045000000000005,4.4094999999999995,-0.001,311.246,0.1,-4.4025,4.4085,-0.004,311.242,0.1,-4.401,4.4135,-0.017,311.233,0.1,-4.403499999999999,4.422499999999999,-0.0345,311.22,0.1,-4.41,4.432,-0.0535,311.21,0.1,-4.4205,4.439,-0.07,311.204,0.1,-4.4345,4.442500000000001,-0.081,311.199,0.1,-4.45,4.4445,-0.0865,311.192,0.1,-4.4670000000000005,4.4495000000000005,-0.0885,311.182,0.1,-4.482,4.459,-0.0905,311.169,0.1,-4.4895,4.470000000000001,-0.094,311.153,0.1,-4.489,4.477,-0.0975,311.137,0.1,-4.486000000000001,4.478,-0.1,311.119,0.1,-4.487500000000001,4.4765,-0.1015,311.099,0.1,-4.496,4.48,-0.1075,311.078,0.1,
-4.3835,4.4079999999999995,-0.018000000000000002,311.259,0.1,-4.381,4.401,-0.0095,311.254,0.1,-4.3735,4.3975,-0.004,311.248,0.1,-4.3665,4.398,-0.005,311.24,0.1,-4.365,4.401,-0.014499999999999999,311.229,0.1,-4.371,4.4055,-0.028999999999999998,311.219,0.1,-4.3835,4.4105,-0.0435,311.214,0.1,-4.398,4.416,-0.0555,311.21,0.1,-4.412,4.4215,-0.065,311.205,0.1,-4.427,4.428000000000001,-0.07100000000000001,311.196,0.1,-4.443,4.4355,-0.0745,311.179,0.1,-4.4565,4.444,-0.0775,311.16,0.1,-4.464,4.4515,-0.079,311.141,0.1,-4.4655000000000005,4.4565,-0.079,311.123,0.1,-4.4655000000000005,4.4595,-0.079,311.104,0.1,-4.470000000000001,4.466,-0.086,311.085,0.1,
-4.38,4.4015,-0.013999999999999999,311.246,0.1,-4.3735,4.3965,-0.006,311.24,0.1,-4.359500000000001,4.391,0.0055,311.236,0.1,-4.345000000000001,4.3870000000000005,0.0125,311.232,0.1,-4.3385,4.3825,0.011,311.226,0.1,-4.3445,4.3785,0.0035,311.218,0.1,-4.359999999999999,4.378,-0.0075,311.208,0.1,-4.3765,4.383,-0.0195,311.201,0.1,-4.390000000000001,4.393000000000001,-0.032,311.196,0.1,-4.4030000000000005,4.404,-0.041499999999999995,311.188,0.1,-4.4190000000000005,4.4125,-0.0485,311.171,0.1,-4.436,4.4190000000000005,-0.0545,311.148,0.1,-4.4485,4.4254999999999995,-0.057999999999999996,311.126,0.1,-4.452500000000001,4.4325,-0.057999999999999996,311.109,0.1,-4.4495000000000005,4.4405,-0.055,311.094,0.1,-4.4465,4.4515,-0.063,311.083,0.1,
-4.38,4.398,0.005,311.226,0.1,-4.371,4.396,0.0115,311.22,0.1,-4.354,4.391,0.0235,311.216,0.1,-4.337,4.3835,0.035,311.214,0.1,-4.329000000000001,4.3725000000000005,0.0395,311.213,0.1,-4.333,4.3605,0.0385,311.207,0.1,-4.346,4.354,0.03,311.196,0.1,-4.361000000000001,4.356999999999999,0.016,311.184,0.1,-4.3745,4.3685,0.0015,311.176,0.1,-4.3895,4.3835,-0.009999999999999998,311.166,0.1,-4.4075,4.3955,-0.019,311.15,0.1,-4.426,4.4030000000000005,-0.0275,311.128,0.1,-4.4395,4.409,-0.0345,311.106,0.1,-4.4425,4.417,-0.033,311.091,0.1,-4.4350000000000005,4.429,-0.0275,311.08,0.1,-4.425000000000001,4.4445,-0.035500000000000004,311.073,0.1,
-4.375500000000001,4.397,0.0095,311.206,0.1,-4.3665,4.397,0.019,311.199,0.1,-4.353,4.393,0.0335,311.193,0.1,-4.341,4.384,0.049,311.189,0.1,-4.3345,4.37,0.0595,311.189,0.1,-4.3345,4.355,0.0625,311.186,0.1,-4.3395,4.346,0.053,311.178,0.1,-4.3485,4.348,0.0345,311.165,0.1,-4.362500000000001,4.359,0.0165,311.151,0.1,-4.382,4.375,0.004,311.136,0.1,-4.404,4.389,-0.003,311.12,0.1,-4.423500000000001,4.398,-0.008,311.103,0.1,-4.4345,4.404,-0.0125,311.086,0.1,-4.4325,4.413,-0.0095,311.072,0.1,-4.419499999999999,4.427,-0.0025,311.062,0.1,-4.4045,4.444,-0.007,311.053,0.1,
-4.5765,4.1545,-0.0565,311.418,0.1,-4.6065000000000005,4.1585,-0.036,311.406,0.1,-4.636,4.1535,-0.025500000000000002,311.397,0.1,-4.661,4.145,-0.0325,311.392,0.1,-4.6815,4.140499999999999,-0.0515,311.387,0.1,-4.6995000000000005,4.1475,-0.07050000000000001,311.376,0.1,-4.715,4.167,-0.08,311.356,0.1,-4.727,4.1915,-0.0845,311.332,0.1,-4.736000000000001,4.211,-0.0945,311.312,0.1,-4.745,4.2245,-0.12,311.301,0.1,-4.759,4.234500000000001,-0.16,311.299,0.1,-4.781499999999999,4.240500000000001,-0.1975,311.301,0.1,-4.811,4.243,-0.2125,311.296,0.1,-4.8385,4.244999999999999,-0.195,311.277,0.1,-4.8545,4.25,-0.162,311.251,0.1,-4.8605,4.2565,-0.136,311.228,0.1,
-4.5634999999999994,4.1899999999999995,-0.0735,311.403,0.1,-4.604,4.191000000000001,-0.056,311.39,0.1,-4.640000000000001,4.1875,-0.042499999999999996,311.379,0.1,-4.6615,4.18,-0.0495,311.37,0.1,-4.6690000000000005,4.1735,-0.07200000000000001,311.36,0.1,-4.6705000000000005,4.1745,-0.094,311.345,0.1,-4.6754999999999995,4.1850000000000005,-0.101,311.326,0.1,-4.6875,4.202,-0.0915,311.31,0.1,-4.7035,4.218,-0.08,311.299,0.1,-4.7225,4.2315000000000005,-0.091,311.295,0.1,-4.746499999999999,4.2435,-0.129,311.299,0.1,-4.775,4.2515,-0.1765,311.303,0.1,-4.804,4.258,-0.207,311.299,0.1,-4.8275,4.265499999999999,-0.2055,311.283,0.1,-4.84,4.275,-0.1835,311.259,0.1,-4.843,4.284,-0.158,311.23,0.1,
-4.551,4.2355,-0.07100000000000001,311.39,0.1,-4.596,4.234500000000001,-0.0605,311.378,0.1,-4.6335,4.2325,-0.051,311.369,0.1,-4.651,4.2285,-0.058499999999999996,311.359,0.1,-4.649,4.2225,-0.08499999999999999,311.344,0.1,-4.6395,4.217499999999999,-0.11549999999999999,311.325,0.1,-4.638999999999999,4.2165,-0.1285,311.306,0.1,-4.654,4.221,-0.111,311.292,0.1,-4.6795,4.2305,-0.081,311.284,0.1,-4.709,4.242,-0.0735,311.286,0.1,-4.739,4.255,-0.103,311.294,0.1,-4.7669999999999995,4.2645,-0.151,311.299,0.1,-4.7895,4.2745,-0.1925,311.295,0.1,-4.8045,4.287,-0.2055,311.285,0.1,-4.810499999999999,4.3015,-0.1915,311.265,0.1,-4.8100000000000005,4.3145,-0.169,311.235,0.1,
-4.538,4.285,-0.0555,311.382,0.1,-4.5825,4.279999999999999,-0.055,311.37,0.1,-4.6175,4.2765,-0.053,311.362,0.1,-4.631,4.273999999999999,-0.061,311.354,0.1,-4.625,4.269,-0.086,311.339,0.1,-4.612500000000001,4.260999999999999,-0.1205,311.318,0.1,-4.612,4.253,-0.14150000000000001,311.296,0.1,-4.6315,4.2485,-0.126,311.28,0.1,-4.665,4.252,-0.089,311.272,0.1,-4.7015,4.2605,-0.07,311.275,0.1,-4.7330000000000005,4.272,-0.0885,311.285,0.1,-4.756,4.282500000000001,-0.1325,311.289,0.1,-4.7695,4.293,-0.18,311.282,0.1,-4.775,4.306,-0.2025,311.272,0.1,-4.7745,4.3235,-0.1925,311.255,0.1,-4.7715,4.3405000000000005,-0.172,311.229,0.1,
-4.5245,4.3309999999999995,-0.0375,311.377,0.1,-4.5649999999999995,4.32,-0.0475,311.365,0.1,-4.596,4.311999999999999,-0.054,311.356,0.1,-4.607,4.3065,-0.0625,311.348,0.1,-4.601,4.301,-0.082,311.337,0.1,-4.5915,4.292999999999999,-0.1125,311.318,0.1,-4.5945,4.2844999999999995,-0.134,311.294,0.1,-4.618,4.279,-0.125,311.274,0.1,-4.656499999999999,4.2795,-0.0935,311.264,0.1,-4.696,4.285500000000001,-0.0715,311.266,0.1,-4.725,4.2955000000000005,-0.082,311.274,0.1,-4.741,4.307,-0.123,311.274,0.1,-4.748,4.316,-0.17149999999999999,311.263,0.1,-4.7485,4.3265,-0.198,311.246,0.1,-4.744,4.3425,-0.193,311.226,0.1,-4.7379999999999995,4.362500000000001,-0.176,311.207,0.1,
-4.5120000000000005,4.366,-0.023,311.374,0.1,-4.5475,4.3505,-0.04,311.361,0.1,-4.5745000000000005,4.3385,-0.053,311.351,0.1,-4.584,4.33,-0.0655,311.344,0.1,-4.579,4.323,-0.082,311.334,0.1,-4.573,4.3155,-0.104,311.317,0.1,-4.5809999999999995,4.3095,-0.1185,311.294,0.1,-4.609,4.3065,-0.1125,311.273,0.1,-4.649,4.307499999999999,-0.088,311.262,0.1,-4.6865000000000006,4.314,-0.0685,311.26,0.1,-4.7115,4.3255,-0.077,311.263,0.1,-4.7235,4.338,-0.116,311.259,0.1,-4.7275,4.3465,-0.164,311.243,0.1,-4.7255,4.354,-0.193,311.217,0.1,-4.718999999999999,4.3665,-0.194,311.194,0.1,-4.7115,4.3855,-0.183,311.18,0.1,
-4.500500000000001,4.3855,-0.0115,311.369,0.1,-4.531000000000001,4.37,-0.031,311.359,0.1,-4.555,4.359,-0.0485,311.35,0.1,-4.564500000000001,4.3525,-0.0655,311.342,0.1,-4.561,4.3469999999999995,-0.084,311.33,0.1,-4.5565,4.3405000000000005,-0.1015,311.313,0.1,-4.5665,4.335,-0.1105,311.293,0.1,-4.5965,4.333,-0.102,311.274,0.1,-4.635999999999999,4.3355,-0.0795,311.263,0.1,-4.669499999999999,4.3454999999999995,-0.062,311.258,0.1,-4.6905,4.3605,-0.07050000000000001,311.256,0.1,-4.7010000000000005,4.375,-0.1085,311.248,0.1,-4.702999999999999,4.3845,-0.155,311.228,0.1,-4.699,4.391,-0.185,311.2,0.1,-4.6925,4.401,-0.193,311.174,0.1,-4.686,4.4155,-0.191,311.161,0.1,
-4.4864999999999995,4.391500000000001,-0.002,311.365,0.1,-4.5125,4.38,-0.018000000000000002,311.359,0.1,-4.5335,4.3745,-0.0375,311.352,0.1,-4.5435,4.375,-0.059,311.342,0.1,-4.5415,4.3765,-0.082,311.328,0.1,-4.538,4.3735,-0.101,311.311,0.1,-4.548,4.3675,-0.1095,311.293,0.1,-4.576499999999999,4.364000000000001,-0.101,311.277,0.1,-4.6125,4.367,-0.0785,311.265,0.1,-4.6415,4.38,-0.0605,311.259,0.1,-4.659,4.3985,-0.069,311.255,0.1,-4.6675,4.414999999999999,-0.1035,311.245,0.1,-4.6690000000000005,4.426,-0.1455,311.225,0.1,-4.6645,4.4335,-0.1735,311.198,0.1,-4.6585,4.442,-0.1865,311.173,0.1,-4.656,4.452,-0.193,311.158,0.1,
-4.468500000000001,4.393000000000001,0.005,311.36,0.1,-4.4885,4.3855,-0.007,311.358,0.1,-4.505,4.3865,-0.025500000000000002,311.352,0.1,-4.513999999999999,4.395,-0.0495,311.342,0.1,-4.5145,4.405,-0.0755,311.328,0.1,-4.513,4.409000000000001,-0.098,311.313,0.1,-4.522,4.4055,-0.11,311.297,0.1,-4.5465,4.4005,-0.105,311.283,0.1,-4.577,4.4030000000000005,-0.08549999999999999,311.271,0.1,-4.602,4.416499999999999,-0.07,311.263,0.1,-4.617,4.4365000000000006,-0.0775,311.259,0.1,-4.622999999999999,4.452999999999999,-0.105,311.25,0.1,-4.6225000000000005,4.4645,-0.138,311.232,0.1,-4.619,4.471500000000001,-0.16,311.208,0.1,-4.6175,4.4775,-0.17149999999999999,311.186,0.1,-4.621,4.484,-0.1815,311.17,0.1,
-4.4505,4.3965,0.008,311.355,0.1,-4.462,4.391,0.0,311.354,0.1,-4.4704999999999995,4.3955,-0.016,311.35,0.1,-4.4765,4.4085,-0.0395,311.341,0.1,-4.479,4.4245,-0.066,311.329,0.1,-4.4805,4.4355,-0.089,311.316,0.1,-4.4879999999999995,4.438,-0.106,311.303,0.1,-4.506,4.4350000000000005,-0.107,311.291,0.1,-4.5305,4.436999999999999,-0.0945,311.281,0.1,-4.553,4.449,-0.0845,311.273,0.1,-4.568,4.4670000000000005,-0.09,311.267,0.1,-4.573,4.4830000000000005,-0.1095,311.257,0.1,-4.571,4.4925,-0.1315,311.241,0.1,-4.569,4.496,-0.144,311.221,0.1,-4.573,4.4975000000000005,-0.149,311.201,0.1,-4.583,4.5015,-0.1575,311.186,0.1,
-4.4235,4.3995,0.008,311.359,0.1,-4.4275,4.3945,0.005,311.357,0.1,-4.4285,4.3995,-0.006500000000000001,311.354,0.1,-4.43,4.4125,-0.027,311.345,0.1,-4.432,4.4295,-0.051000000000000004,311.334,0.1,-4.4350000000000005,4.4445,-0.072,311.322,0.1,-4.4415,4.4525,-0.09,311.313,0.1,-4.454,4.4544999999999995,-0.0975,311.306,0.1,-4.4725,4.457,-0.0945,311.299,0.1,-4.493499999999999,4.466,-0.0905,311.291,0.1,-4.510999999999999,4.4805,-0.0945,311.281,0.1,-4.52,4.495,-0.105,311.27,0.1,-4.522,4.5024999999999995,-0.1165,311.255,0.1,-4.5235,4.503,-0.1225,311.237,0.1,-4.5305,4.5009999999999994,-0.124,311.217,0.1,-4.542999999999999,4.5045,-0.13,311.2,0.1,
-4.381,4.398,-0.002,311.375,0.1,-4.3805,4.3934999999999995,0.001,311.371,0.1,-4.3765,4.397,-0.0025,311.366,0.1,-4.3735,4.406499999999999,-0.015,311.356,0.1,-4.3735,4.4205000000000005,-0.032,311.344,0.1,-4.3759999999999994,4.4350000000000005,-0.05,311.334,0.1,-4.3815,4.446,-0.0665,311.329,0.1,-4.390499999999999,4.452,-0.0775,311.326,0.1,-4.404999999999999,4.4559999999999995,-0.083,311.321,0.1,-4.4254999999999995,4.463,-0.08499999999999999,311.312,0.1,-4.448,4.4735,-0.087,311.3,0.1,-4.4655000000000005,4.484999999999999,-0.091,311.286,0.1,-4.475,4.492,-0.0955,311.27,0.1,-4.480499999999999,4.4935,-0.0985,311.252,0.1,-4.4879999999999995,4.493,-0.1,311.232,0.1,-4.500500000000001,4.498,-0.106,311.211,0.1,
-4.3495,4.394,-0.0165,311.381,0.1,-4.346,4.390000000000001,-0.0085,311.376,0.1,-4.3365,4.391500000000001,-0.003,311.37,0.1,-4.3265,4.3965,-0.004,311.361,0.1,-4.321,4.4055,-0.0125,311.349,0.1,-4.3225,4.415,-0.025500000000000002,311.341,0.1,-4.330500000000001,4.4235,-0.039,311.338,0.1,-4.3415,4.431,-0.051000000000000004,311.336,0.1,-4.355,4.4384999999999994,-0.061,311.332,0.1,-4.3745,4.4465,-0.0675,311.324,0.1,-4.3995,4.454,-0.07100000000000001,311.308,0.1,-4.4239999999999995,4.4615,-0.0735,311.29,0.1,-4.441,4.468,-0.076,311.272,0.1,-4.4495000000000005,4.473000000000001,-0.077,311.254,0.1,-4.4544999999999995,4.4775,-0.0775,311.236,0.1,-4.463,4.486000000000001,-0.0845,311.216,0.1,
-4.345,4.3895,-0.013,311.367,0.1,-4.3385,4.387499999999999,-0.006,311.361,0.1,-4.321,4.3885000000000005,0.005,311.357,0.1,-4.3,4.3905,0.0125,311.352,0.1,-4.2875,4.3925,0.012,311.346,0.1,-4.2905,4.3934999999999995,0.006,311.339,0.1,-4.305,4.3945,-0.0035,311.332,0.1,-4.321,4.4015,-0.015,311.326,0.1,-4.3345,4.413,-0.027999999999999997,311.322,0.1,-4.3515,4.4245,-0.038,311.314,0.1,-4.377000000000001,4.432499999999999,-0.045,311.298,0.1,-4.4055,4.437,-0.051000000000000004,311.276,0.1,-4.4265,4.4425,-0.0555,311.255,0.1,-4.4350000000000005,4.45,-0.0555,311.239,0.1,-4.434,4.46,-0.0535,311.225,0.1,-4.433,4.4735,-0.062,311.213,0.1,
-4.35,4.385,0.0055,311.347,0.1,-4.34,4.388,0.009999999999999998,311.342,0.1,-4.318,4.390000000000001,0.022,311.338,0.1,-4.292999999999999,4.389,0.034,311.335,0.1,-4.276999999999999,4.384499999999999,0.0395,311.333,0.1,-4.278499999999999,4.377000000000001,0.039,311.329,0.1,-4.292999999999999,4.3725000000000005,0.0315,311.319,0.1,-4.31,4.377000000000001,0.018500000000000003,311.309,0.1,-4.326,4.388999999999999,0.0045000000000000005,311.301,0.1,-4.3454999999999995,4.4035,-0.0075,311.291,0.1,-4.3715,4.4145,-0.0165,311.276,0.1,-4.3995,4.4205000000000005,-0.025500000000000002,311.255,0.1,-4.42,4.427,-0.033,311.235,0.1,-4.426,4.4365000000000006,-0.0325,311.22,0.1,-4.419499999999999,4.4510000000000005,-0.0275,311.21,0.1,-4.41,4.468500000000001,-0.036000000000000004,311.203,0.1,
-4.349500000000001,4.383,0.0085,311.329,0.1,-4.339,4.389,0.0165,311.322,0.1,-4.321,4.392,0.0305,311.316,0.1,-4.3015,4.389,0.0465,311.312,0.1,-4.288,4.382,0.057999999999999996,311.311,0.1,-4.285,4.371,0.061,311.309,0.1,-4.291499999999999,4.365,0.052,311.301,0.1,-4.305,4.368,0.034,311.288,0.1,-4.323499999999999,4.379,0.0165,311.274,0.1,-4.348,4.394,0.005,311.259,0.1,-4.377000000000001,4.407,-0.002,311.245,0.1,-4.4030000000000005,4.415,-0.0075,311.23,0.1,-4.4185,4.423,-0.013,311.215,0.1,-4.4195,4.434,-0.011,311.203,0.1,-4.408,4.45,-0.005,311.193,0.1,-4.394500000000001,4.469,-0.01,311.185,0.1,
-4.4365000000000006,4.205500000000001,-0.057,311.516,0.1,-4.46,4.215999999999999,-0.036,311.504,0.1,-4.479,4.217,-0.026,311.497,0.1,-4.493,4.2115,-0.0335,311.493,0.1,-4.5065,4.208500000000001,-0.0525,311.491,0.1,-4.525,4.214499999999999,-0.0715,311.482,0.1,-4.548,4.233499999999999,-0.08,311.465,0.1,-4.5705,4.259,-0.0835,311.446,0.1,-4.588,4.281000000000001,-0.0935,311.428,0.1,-4.6015,4.2965,-0.1195,311.419,0.1,-4.617,4.3075,-0.1585,311.418,0.1,-4.6405,4.313000000000001,-0.196,311.419,0.1,-4.673500000000001,4.3149999999999995,-0.2115,311.413,0.1,-4.7075,4.317500000000001,-0.195,311.394,0.1,-4.7285,4.3245000000000005,-0.164,311.369,0.1,-4.7315000000000005,4.336,-0.14,311.347,0.1,
-4.4155,4.2465,-0.0745,311.501,0.1,-4.449,4.2545,-0.056,311.489,0.1,-4.477,4.2555,-0.0435,311.48,0.1,-4.493,4.251,-0.052,311.473,0.1,-4.5,4.2455,-0.076,311.466,0.1,-4.506,4.2455,-0.098,311.454,0.1,-4.5184999999999995,4.2555,-0.103,311.438,0.1,-4.538,4.2735,-0.091,311.424,0.1,-4.5595,4.293,-0.078,311.415,0.1,-4.58,4.3095,-0.089,311.412,0.1,-4.601,4.3225,-0.127,311.415,0.1,-4.625500000000001,4.330500000000001,-0.1755,311.418,0.1,-4.6535,4.337,-0.2065,311.413,0.1,-4.68,4.3455,-0.2065,311.398,0.1,-4.6965,4.3580000000000005,-0.1865,311.375,0.1,-4.699,4.3715,-0.1625,311.347,0.1,
-4.395,4.293,-0.0725,311.488,0.1,-4.432499999999999,4.298,-0.061,311.478,0.1,-4.464,4.3,-0.0515,311.471,0.1,-4.481,4.298500000000001,-0.0615,311.464,0.1,-4.4835,4.2935,-0.0905,311.452,0.1,-4.4825,4.289,-0.121,311.436,0.1,-4.49,4.289,-0.1315,311.419,0.1,-4.5105,4.2955000000000005,-0.111,311.407,0.1,-4.5385,4.308,-0.079,311.4,0.1,-4.5649999999999995,4.323,-0.07100000000000001,311.401,0.1,-4.588,4.337,-0.1015,311.408,0.1,-4.609,4.348000000000001,-0.1505,311.411,0.1,-4.627,4.359,-0.193,311.407,0.1,-4.641,4.373,-0.207,311.397,0.1,-4.6495,4.391500000000001,-0.1945,311.379,0.1,-4.6515,4.4079999999999995,-0.173,311.351,0.1,
-4.3735,4.339,-0.057,311.479,0.1,-4.410500000000001,4.3395,-0.0555,311.47,0.1,-4.441000000000001,4.3395,-0.0535,311.465,0.1,-4.457000000000001,4.3385,-0.063,311.459,0.1,-4.46,4.3355,-0.09,311.447,0.1,-4.4585,4.33,-0.125,311.429,0.1,-4.466,4.3255,-0.144,311.409,0.1,-4.49,4.3245000000000005,-0.1265,311.394,0.1,-4.523,4.330500000000001,-0.0875,311.386,0.1,-4.553,4.3425,-0.0685,311.388,0.1,-4.5755,4.3565000000000005,-0.0875,311.397,0.1,-4.591,4.369,-0.1335,311.399,0.1,-4.599500000000001,4.382,-0.182,311.393,0.1,-4.603,4.398,-0.205,311.384,0.1,-4.604,4.4185,-0.1955,311.369,0.1,-4.604,4.438,-0.1755,311.345,0.1,
-4.3515,4.3785,-0.0385,311.475,0.1,-4.385999999999999,4.3740000000000006,-0.048,311.465,0.1,-4.414,4.369,-0.054,311.459,0.1,-4.4285,4.365,-0.0635,311.455,0.1,-4.432,4.362,-0.08449999999999999,311.445,0.1,-4.4345,4.358499999999999,-0.115,311.428,0.1,-4.447,4.3555,-0.1355,311.406,0.1,-4.474,4.355,-0.125,311.386,0.1,-4.5085,4.359500000000001,-0.0925,311.376,0.1,-4.539,4.369,-0.071,311.377,0.1,-4.558999999999999,4.3825,-0.0825,311.384,0.1,-4.5695,4.397,-0.125,311.385,0.1,-4.574,4.4094999999999995,-0.175,311.375,0.1,-4.574,4.423500000000001,-0.2015,311.359,0.1,-4.5705,4.4415,-0.1965,311.342,0.1,-4.567,4.4615,-0.1785,311.326,0.1,
-4.33,4.4075,-0.023,311.471,0.1,-4.362500000000001,4.399,-0.04,311.462,0.1,-4.3875,4.390000000000001,-0.053,311.455,0.1,-4.4,4.3835,-0.0665,311.45,0.1,-4.404,4.379,-0.084,311.441,0.1,-4.4094999999999995,4.3774999999999995,-0.106,311.425,0.1,-4.4265,4.378500000000001,-0.119,311.402,0.1,-4.4565,4.3825,-0.1115,311.382,0.1,-4.4905,4.3895,-0.0875,311.371,0.1,-4.518,4.4,-0.069,311.371,0.1,-4.5344999999999995,4.415,-0.0785,311.374,0.1,-4.543,4.4315,-0.1185,311.371,0.1,-4.5475,4.4435,-0.168,311.356,0.1,-4.548500000000001,4.454000000000001,-0.197,311.334,0.1,-4.5455000000000005,4.4675,-0.1975,311.313,0.1,-4.541,4.4835,-0.1855,311.302,0.1,
-4.3085,4.4235,-0.010499999999999999,311.468,0.1,-4.3385,4.4135,-0.0295,311.46,0.1,-4.362,4.4055,-0.0475,311.454,0.1,-4.3735,4.401,-0.0665,311.447,0.1,-4.3765,4.3985,-0.086,311.436,0.1,-4.382,4.3985,-0.104,311.419,0.1,-4.3995,4.4015,-0.1115,311.399,0.1,-4.429,4.4075,-0.1015,311.381,0.1,-4.4615,4.4175,-0.079,311.371,0.1,-4.486000000000001,4.4315,-0.062,311.368,0.1,-4.5,4.4505,-0.072,311.368,0.1,-4.509,4.468500000000001,-0.111,311.362,0.1,-4.516,4.481,-0.1585,311.344,0.1,-4.52,4.49,-0.189,311.319,0.1,-4.5205,4.4990000000000006,-0.1965,311.296,0.1,-4.519,4.5095,-0.193,311.284,0.1,
-4.2835,4.4275,0.0005,311.464,0.1,-4.309,4.4185,-0.016,311.46,0.1,-4.330500000000001,4.415,-0.036000000000000004,311.454,0.1,-4.3420000000000005,4.4175,-0.059,311.445,0.1,-4.3445,4.422499999999999,-0.084,311.433,0.1,-4.3475,4.427,-0.1035,311.416,0.1,-4.362,4.43,-0.111,311.398,0.1,-4.3895,4.4345,-0.1005,311.383,0.1,-4.419499999999999,4.445,-0.0775,311.373,0.1,-4.4405,4.462,-0.061,311.369,0.1,-4.453,4.483499999999999,-0.07050000000000001,311.368,0.1,-4.463,4.5024999999999995,-0.106,311.36,0.1,-4.4725,4.516,-0.148,311.342,0.1,-4.4805,4.5255,-0.1765,311.318,0.1,-4.4864999999999995,4.531499999999999,-0.189,311.295,0.1,-4.491,4.5375,-0.195,311.281,0.1,
-4.2565,4.4265,0.0075,311.46,0.1,-4.2745,4.4185,-0.005,311.459,0.1,-4.291,4.4195,-0.0245,311.453,0.1,-4.301,4.43,-0.049,311.445,0.1,-4.304,4.4445,-0.077,311.432,0.1,-4.306,4.4565,-0.1,311.417,0.1,-4.317,4.461,-0.112,311.402,0.1,-4.34,4.464,-0.105,311.388,0.1,-4.366,4.473,-0.085,311.379,0.1,-4.385,4.49,-0.07,311.374,0.1,-4.397,4.510999999999999,-0.0785,311.372,0.1,-4.407500000000001,4.5295000000000005,-0.107,311.365,0.1,-4.4185,4.5425,-0.14,311.349,0.1,-4.4295,4.551,-0.162,311.327,0.1,-4.441,4.555,-0.1725,311.306,0.1,-4.452500000000001,4.5585,-0.1825,311.292,0.1,
-4.2305,4.4239999999999995,0.009999999999999998,311.455,0.1,-4.239000000000001,4.417,0.002,311.455,0.1,-4.247,4.421,-0.014499999999999999,311.451,0.1,-4.253500000000001,4.436,-0.039,311.443,0.1,-4.257,4.457,-0.066,311.432,0.1,-4.2595,4.475,-0.0895,311.42,0.1,-4.2669999999999995,4.484,-0.106,311.407,0.1,-4.2835,4.4879999999999995,-0.1065,311.397,0.1,-4.3045,4.495,-0.0935,311.389,0.1,-4.324,4.51,-0.0835,311.384,0.1,-4.3395,4.529,-0.0895,311.379,0.1,-4.352,4.546,-0.11,311.371,0.1,-4.364,4.5565,-0.132,311.357,0.1,-4.377000000000001,4.560499999999999,-0.144,311.338,0.1,-4.392,4.5615,-0.1485,311.32,0.1,-4.408,4.5649999999999995,-0.1565,311.306,0.1,
-4.195,4.416,0.010499999999999999,311.458,0.1,-4.195,4.411,0.006500000000000001,311.457,0.1,-4.195,4.4165,-0.0055,311.453,0.1,-4.1975,4.432,-0.025500000000000002,311.446,0.1,-4.2005,4.4544999999999995,-0.049,311.436,0.1,-4.2035,4.474500000000001,-0.07,311.426,0.1,-4.208,4.4879999999999995,-0.0875,311.417,0.1,-4.2175,4.495,-0.095,311.411,0.1,-4.234,4.5015,-0.092,311.406,0.1,-4.255,4.514,-0.088,311.4,0.1,-4.277,4.5305,-0.0915,311.392,0.1,-4.2965,4.5455000000000005,-0.10250000000000001,311.382,0.1,-4.3115,4.554,-0.115,311.368,0.1,-4.3255,4.5545,-0.121,311.351,0.1,-4.3415,4.5535,-0.1225,311.334,0.1,-4.358499999999999,4.5585,-0.128,311.318,0.1,
-4.1395,4.402,0.0,311.472,0.1,-4.1365,4.399,0.0025,311.468,0.1,-4.133,4.404999999999999,-0.002,311.463,0.1,-4.1325,4.4185,-0.0135,311.455,0.1,-4.134,4.4375,-0.03,311.444,0.1,-4.1355,4.4565,-0.0465,311.436,0.1,-4.138,4.4719999999999995,-0.063,311.433,0.1,-4.1445,4.4825,-0.074,311.43,0.1,-4.1585,4.491,-0.0795,311.426,0.1,-4.182,4.5015,-0.081,311.418,0.1,-4.2115,4.5145,-0.0825,311.407,0.1,-4.2395,4.527,-0.0865,311.395,0.1,-4.2605,4.535,-0.092,311.381,0.1,-4.2765,4.537,-0.096,311.365,0.1,-4.292,4.538,-0.0985,311.346,0.1,-4.3085,4.5455000000000005,-0.104,311.327,0.1,
-4.1,4.390000000000001,-0.0155,311.476,0.1,-4.095000000000001,4.389,-0.008,311.471,0.1,-4.087,4.3934999999999995,-0.0035,311.466,0.1,-4.080500000000001,4.4030000000000005,-0.004,311.458,0.1,-4.077500000000001,4.4165,-0.011,311.448,0.1,-4.0785,4.431,-0.022,311.442,0.1,-4.0835,4.4455,-0.035,311.44,0.1,-4.0920000000000005,4.458500000000001,-0.047,311.439,0.1,-4.106,4.4704999999999995,-0.056999999999999995,311.435,0.1,-4.1305,4.482,-0.064,311.427,0.1,-4.1645,4.492,-0.067,311.413,0.1,-4.1985,4.500500000000001,-0.069,311.397,0.1,-4.224,4.508,-0.07200000000000001,311.381,0.1,-4.24,4.513999999999999,-0.0745,311.365,0.1,-4.251,4.5195,-0.076,311.348,0.1,-4.2635000000000005,4.53,-0.0835,311.329,0.1,
-4.0975,4.384,-0.0125,311.462,0.1,-4.089,4.386,-0.006500000000000001,311.457,0.1,-4.072,4.3895,0.0035,311.454,0.1,-4.054,4.395,0.0115,311.449,0.1,-4.0445,4.402,0.012,311.445,0.1,-4.048,4.4094999999999995,0.008,311.439,0.1,-4.0600000000000005,4.4190000000000005,-0.0005,311.434,0.1,-4.074,4.4325,-0.011,311.429,0.1,-4.089,4.448,-0.024,311.425,0.1,-4.1115,4.463,-0.0345,311.417,0.1,-4.1455,4.4725,-0.041499999999999995,311.402,0.1,-4.1825,4.478,-0.0475,311.383,0.1,-4.2105,4.484,-0.052000000000000005,311.364,0.1,-4.2245,4.4925,-0.053,311.349,0.1,-4.2275,4.5024999999999995,-0.0525,311.336,0.1,-4.229,4.5169999999999995,-0.062,311.323,0.1,
-4.1065000000000005,4.381,0.006,311.444,0.1,-4.0945,4.3885000000000005,0.0085,311.439,0.1,-4.0725,4.394,0.02,311.436,0.1,-4.0489999999999995,4.3975,0.032,311.434,0.1,-4.035,4.398,0.0385,311.433,0.1,-4.0375,4.399,0.039,311.429,0.1,-4.0515,4.4030000000000005,0.033,311.421,0.1,-4.0685,4.4145,0.020999999999999998,311.412,0.1,-4.0865,4.4305,0.0075,311.404,0.1,-4.1105,4.447,-0.004,311.394,0.1,-4.1434999999999995,4.458500000000001,-0.0135,311.38,0.1,-4.179,4.465,-0.023,311.362,0.1,-4.205,4.471500000000001,-0.031,311.344,0.1,-4.215,4.4815000000000005,-0.0315,311.33,0.1,-4.2115,4.4955,-0.0285,311.319,0.1,-4.2035,4.5135,-0.038,311.312,0.1,
-4.109500000000001,4.38,0.008,311.427,0.1,-4.098,4.391,0.013999999999999999,311.421,0.1,-4.0809999999999995,4.398,0.028,311.416,0.1,-4.0634999999999994,4.401,0.044,311.413,0.1,-4.0504999999999995,4.399,0.0555,311.412,0.1,-4.0465,4.397,0.058499999999999996,311.409,0.1,-4.0525,4.399,0.05,311.401,0.1,-4.067,4.409,0.0335,311.39,0.1,-4.089,4.424,0.0175,311.377,0.1,-4.119,4.44,0.007,311.364,0.1,-4.1530000000000005,4.453,0.0,311.35,0.1,-4.1835,4.461,-0.006500000000000001,311.337,0.1,-4.202999999999999,4.469,-0.0135,311.324,0.1,-4.2075,4.48,-0.0135,311.312,0.1,-4.1995000000000005,4.496,-0.009,311.302,0.1,-4.1884999999999994,4.515,-0.014,311.294,0.1,
-4.296,4.256,-0.0575,311.614,0.1,-4.313000000000001,4.2735,-0.036,311.603,0.1,-4.321,4.281000000000001,-0.026,311.596,0.1,-4.3245000000000005,4.2795000000000005,-0.0345,311.594,0.1,-4.332,4.2765,-0.054,311.594,0.1,-4.351,4.282,-0.0725,311.588,0.1,-4.381,4.3,-0.08,311.575,0.1,-4.4135,4.3260000000000005,-0.0825,311.559,0.1,-4.439500000000001,4.3505,-0.0925,311.545,0.1,-4.4575,4.369,-0.1185,311.537,0.1,-4.4745,4.381,-0.1575,311.536,0.1,-4.499499999999999,4.386,-0.1945,311.537,0.1,-4.5365,4.3870000000000005,-0.2105,311.53,0.1,-4.577,4.390000000000001,-0.195,311.512,0.1,-4.602,4.3995,-0.166,311.488,0.1,-4.602,4.4155,-0.1435,311.466,0.1,
-4.2669999999999995,4.304,-0.0755,311.599,0.1,-4.2935,4.318,-0.056,311.588,0.1,-4.3134999999999994,4.324,-0.0445,311.581,0.1,-4.324,4.323,-0.0545,311.576,0.1,-4.33,4.3175,-0.0805,311.571,0.1,-4.3405000000000005,4.3165,-0.10200000000000001,311.563,0.1,-4.361,4.326,-0.105,311.55,0.1,-4.388999999999999,4.3454999999999995,-0.0905,311.538,0.1,-4.416,4.368,-0.076,311.531,0.1,-4.436999999999999,4.387499999999999,-0.087,311.529,0.1,-4.455,4.4015,-0.1255,311.531,0.1,-4.476000000000001,4.41,-0.174,311.533,0.1,-4.503,4.416,-0.206,311.527,0.1,-4.532,4.426,-0.2075,311.512,0.1,-4.552,4.4415,-0.1895,311.491,0.1,-4.555,4.46,-0.167,311.464,0.1,
-4.237500000000001,4.352,-0.0735,311.586,0.1,-4.2675,4.362500000000001,-0.061,311.577,0.1,-4.293,4.3675,-0.0525,311.572,0.1,-4.3095,4.3685,-0.0645,311.568,0.1,-4.317500000000001,4.3655,-0.0955,311.56,0.1,-4.3245000000000005,4.3614999999999995,-0.1265,311.547,0.1,-4.34,4.3614999999999995,-0.1345,311.532,0.1,-4.367,4.37,-0.111,311.521,0.1,-4.3975,4.386,-0.077,311.515,0.1,-4.4215,4.403499999999999,-0.069,311.516,0.1,-4.4375,4.4190000000000005,-0.1,311.521,0.1,-4.4510000000000005,4.4315,-0.15,311.523,0.1,-4.4645,4.4435,-0.1935,311.519,0.1,-4.4775,4.46,-0.209,311.509,0.1,-4.4885,4.481,-0.1975,311.492,0.1,-4.4935,4.5024999999999995,-0.177,311.467,0.1,
-4.207000000000001,4.394,-0.058499999999999996,311.577,0.1,-4.237,4.4005,-0.056,311.57,0.1,-4.263,4.4025,-0.054,311.567,0.1,-4.281499999999999,4.403499999999999,-0.065,311.564,0.1,-4.2935,4.4030000000000005,-0.0935,311.555,0.1,-4.303,4.401,-0.1295,311.54,0.1,-4.3195,4.3985,-0.1465,311.522,0.1,-4.3475,4.4005,-0.127,311.508,0.1,-4.3795,4.41,-0.0865,311.5,0.1,-4.404,4.4245,-0.067,311.501,0.1,-4.418,4.4405,-0.087,311.508,0.1,-4.426,4.4559999999999995,-0.1345,311.51,0.1,-4.43,4.4715,-0.184,311.504,0.1,-4.4315,4.4905,-0.2075,311.496,0.1,-4.433,4.5135,-0.199,311.483,0.1,-4.4365000000000006,4.536,-0.1785,311.462,0.1,
-4.176,4.427,-0.04,311.572,0.1,-4.2055,4.429,-0.048,311.565,0.1,-4.23,4.4265,-0.054,311.562,0.1,-4.2475000000000005,4.4245,-0.0645,311.56,0.1,-4.261,4.4239999999999995,-0.087,311.553,0.1,-4.276,4.4254999999999995,-0.1175,311.537,0.1,-4.298500000000001,4.4275,-0.137,311.517,0.1,-4.3285,4.432,-0.125,311.498,0.1,-4.3595,4.44,-0.0915,311.488,0.1,-4.382,4.453,-0.07050000000000001,311.488,0.1,-4.3934999999999995,4.4695,-0.0835,311.494,0.1,-4.398,4.4875,-0.127,311.495,0.1,-4.3995,4.504,-0.1785,311.487,0.1,-4.399,4.521,-0.20500000000000002,311.473,0.1,-4.3965,4.541,-0.1995,311.459,0.1,-4.396,4.561,-0.1815,311.445,0.1,
-4.1445,4.449999999999999,-0.023,311.568,0.1,-4.1745,4.448,-0.0395,311.562,0.1,-4.1985,4.4425,-0.053,311.559,0.1,-4.214,4.438000000000001,-0.0675,311.556,0.1,-4.2265,4.436999999999999,-0.086,311.548,0.1,-4.244,4.4405,-0.1075,311.532,0.1,-4.27,4.448,-0.1195,311.511,0.1,-4.3015,4.4595,-0.111,311.491,0.1,-4.3305,4.471500000000001,-0.0865,311.481,0.1,-4.349,4.4864999999999995,-0.069,311.481,0.1,-4.3575,4.505,-0.08,311.484,0.1,-4.362500000000001,4.5245,-0.1215,311.482,0.1,-4.368,4.5415,-0.17149999999999999,311.47,0.1,-4.372,4.555,-0.201,311.451,0.1,-4.372,4.5685,-0.201,311.433,0.1,-4.3705,4.5825,-0.188,311.423,0.1,
-4.1125,4.4625,-0.0095,311.565,0.1,-4.1415,4.4575,-0.028,311.56,0.1,-4.1655,4.452500000000001,-0.047,311.557,0.1,-4.18,4.4505,-0.067,311.552,0.1,-4.1899999999999995,4.452,-0.0885,311.541,0.1,-4.205,4.4575,-0.106,311.524,0.1,-4.2295,4.468,-0.1125,311.504,0.1,-4.2595,4.4830000000000005,-0.1005,311.488,0.1,-4.285500000000001,4.499499999999999,-0.0785,311.479,0.1,-4.3004999999999995,4.519,-0.0625,311.478,0.1,-4.307499999999999,4.5405,-0.074,311.479,0.1,-4.3155,4.5615,-0.1135,311.475,0.1,-4.3275,4.5785,-0.1615,311.46,0.1,-4.34,4.59,-0.193,311.438,0.1,-4.3485,4.5975,-0.1995,311.417,0.1,-4.352,4.6035,-0.1955,311.406,0.1,
-4.077500000000001,4.4645,0.003,311.563,0.1,-4.102,4.458,-0.013999999999999999,311.56,0.1,-4.1240000000000006,4.456,-0.0345,311.556,0.1,-4.138,4.461,-0.0595,311.549,0.1,-4.1455,4.470000000000001,-0.086,311.537,0.1,-4.154999999999999,4.481,-0.1065,311.52,0.1,-4.1745,4.4925,-0.113,311.502,0.1,-4.2015,4.506,-0.1,311.488,0.1,-4.2255,4.523,-0.077,311.48,0.1,-4.2385,4.545,-0.0615,311.479,0.1,-4.2455,4.5685,-0.072,311.48,0.1,-4.2565,4.5905000000000005,-0.108,311.475,0.1,-4.2745,4.607,-0.1505,311.46,0.1,-4.2955000000000005,4.6175,-0.1795,311.437,0.1,-4.313000000000001,4.6215,-0.1915,311.416,0.1,-4.3245000000000005,4.6225000000000005,-0.197,311.404,0.1,
-4.041,4.4605,0.009999999999999998,311.56,0.1,-4.057,4.452500000000001,-0.003,311.559,0.1,-4.0735,4.454000000000001,-0.023,311.554,0.1,-4.085000000000001,4.465999999999999,-0.049,311.547,0.1,-4.091,4.484999999999999,-0.0785,311.536,0.1,-4.0965,4.504,-0.10200000000000001,311.521,0.1,-4.109999999999999,4.5175,-0.1135,311.506,0.1,-4.1325,4.528499999999999,-0.105,311.493,0.1,-4.1545,4.5425,-0.0845,311.486,0.1,-4.1685,4.563000000000001,-0.07050000000000001,311.484,0.1,-4.1775,4.586,-0.0795,311.485,0.1,-4.192,4.6065000000000005,-0.109,311.48,0.1,-4.2145,4.6215,-0.142,311.466,0.1,-4.24,4.63,-0.164,311.445,0.1,-4.264,4.632,-0.1735,311.427,0.1,-4.2835,4.6325,-0.183,311.414,0.1,
-4.0075,4.452,0.0125,311.555,0.1,-4.0125,4.4435,0.004,311.555,0.1,-4.0205,4.4475,-0.0135,311.552,0.1,-4.0280000000000005,4.464499999999999,-0.0385,311.544,0.1,-4.0325,4.49,-0.066,311.535,0.1,-4.036,4.5145,-0.09,311.524,0.1,-4.0440000000000005,4.531499999999999,-0.106,311.512,0.1,-4.058999999999999,4.541499999999999,-0.1055,311.503,0.1,-4.0775,4.553,-0.0925,311.497,0.1,-4.0945,4.5705,-0.0825,311.494,0.1,-4.111000000000001,4.590999999999999,-0.089,311.492,0.1,-4.1315,4.609,-0.11,311.485,0.1,-4.156499999999999,4.6205,-0.1325,311.472,0.1,-4.1835,4.625,-0.1445,311.455,0.1,-4.2095,4.625500000000001,-0.148,311.439,0.1,-4.232,4.628500000000001,-0.1555,311.427,0.1,
-3.9625,4.433,0.013000000000000001,311.557,0.1,-3.9595000000000002,4.4275,0.008,311.555,0.1,-3.959,4.4335,-0.0045000000000000005,311.553,0.1,-3.9625,4.452999999999999,-0.0245,311.546,0.1,-3.9669999999999996,4.479,-0.0475,311.538,0.1,-3.9699999999999998,4.505,-0.068,311.529,0.1,-3.973,4.524,-0.08499999999999999,311.522,0.1,-3.9805,4.5355,-0.093,311.517,0.1,-3.995,4.547,-0.0895,311.513,0.1,-4.0165,4.561999999999999,-0.08549999999999999,311.509,0.1,-4.0435,4.58,-0.0885,311.503,0.1,-4.0725,4.596,-0.1,311.494,0.1,-4.101,4.6045,-0.113,311.481,0.1,-4.128500000000001,4.606,-0.1195,311.466,0.1,-4.1535,4.6065000000000005,-0.121,311.451,0.1,-4.1745,4.6129999999999995,-0.1265,311.437,0.1,
-3.8965,4.406499999999999,0.002,311.568,0.1,-3.891,4.404999999999999,0.0035,311.565,0.1,-3.888,4.413,-0.0015,311.56,0.1,-3.8899999999999997,4.431,-0.0125,311.553,0.1,-3.8935,4.454000000000001,-0.0275,311.545,0.1,-3.8945,4.4785,-0.043,311.538,0.1,-3.8945,4.498,-0.059,311.536,0.1,-3.8985000000000003,4.513,-0.07050000000000001,311.534,0.1,-3.912,4.5265,-0.0765,311.531,0.1,-3.9385000000000003,4.54,-0.0775,311.524,0.1,-3.975,4.5555,-0.078,311.515,0.1,-4.0135000000000005,4.569,-0.082,311.504,0.1,-4.0465,4.577500000000001,-0.088,311.491,0.1,-4.073,4.580500000000001,-0.094,311.477,0.1,-4.0954999999999995,4.5835,-0.097,311.46,0.1,-4.116,4.593,-0.1025,311.443,0.1,
-3.8495,4.3865,-0.014499999999999999,311.572,0.1,-3.843,4.388,-0.008,311.567,0.1,-3.8360000000000003,4.396,-0.004,311.562,0.1,-3.833,4.4094999999999995,-0.0035,311.555,0.1,-3.8335,4.427,-0.009000000000000001,311.548,0.1,-3.8345000000000002,4.4475,-0.018500000000000003,311.543,0.1,-3.8360000000000003,4.4675,-0.031,311.543,0.1,-3.8415,4.486,-0.043,311.542,0.1,-3.857,4.503,-0.0535,311.538,0.1,-3.8865,4.5175,-0.0605,311.53,0.1,-3.9284999999999997,4.53,-0.063,311.518,0.1,-3.9725,4.5395,-0.0645,311.504,0.1,-4.0075,4.548,-0.068,311.49,0.1,-4.031000000000001,4.5545,-0.07150000000000001,311.476,0.1,-4.048,4.561999999999999,-0.0745,311.46,0.1,-4.064500000000001,4.5745000000000005,-0.082,311.442,0.1,
-3.8475,4.3785,-0.012,311.558,0.1,-3.8375000000000004,4.3835,-0.007,311.553,0.1,-3.8209999999999997,4.391,0.0025,311.55,0.1,-3.8064999999999998,4.4005,0.010499999999999999,311.547,0.1,-3.8005,4.4115,0.0125,311.543,0.1,-3.804,4.426,0.009999999999999998,311.54,0.1,-3.814,4.4435,0.003,311.536,0.1,-3.8259999999999996,4.4635,-0.0075,311.532,0.1,-3.8425000000000002,4.484,-0.019999999999999997,311.527,0.1,-3.8715,4.5009999999999994,-0.031,311.52,0.1,-3.9135,4.5125,-0.038,311.506,0.1,-3.9585,4.5184999999999995,-0.044,311.489,0.1,-3.9935,4.5255,-0.0485,311.473,0.1,-4.013,4.534,-0.0505,311.46,0.1,-4.0205,4.5455,-0.0515,311.446,0.1,-4.025,4.561,-0.062,311.433,0.1,
-3.8594999999999997,4.377,0.006,311.54,0.1,-3.846,4.388,0.0075,311.536,0.1,-3.8245,4.398,0.018000000000000002,311.534,0.1,-3.8035,4.406000000000001,0.03,311.532,0.1,-3.7915,4.4125,0.0375,311.532,0.1,-3.7945,4.420999999999999,0.039,311.529,0.1,-3.808,4.434,0.0345,311.522,0.1,-3.8245,4.452,0.023,311.514,0.1,-3.8445,4.4725,0.010499999999999999,311.506,0.1,-3.8745,4.49,-0.0005,311.497,0.1,-3.9154999999999998,4.5024999999999995,-0.010499999999999999,311.485,0.1,-3.9575,4.5095,-0.020499999999999997,311.469,0.1,-3.989,4.516500000000001,-0.028999999999999998,311.453,0.1,-4.003500000000001,4.5265,-0.031,311.44,0.1,-4.0025,4.541,-0.0295,311.429,0.1,-3.9965,4.559,-0.0395,311.42,0.1,
-3.8645,4.377,0.0075,311.524,0.1,-3.8529999999999998,4.392,0.012,311.52,0.1,-3.838,4.404,0.025500000000000002,311.516,0.1,-3.822,4.412,0.041999999999999996,311.513,0.1,-3.8095,4.417,0.053,311.511,0.1,-3.8055000000000003,4.423,0.056,311.509,0.1,-3.8115,4.434,0.0475,311.502,0.1,-3.827,4.45,0.0325,311.492,0.1,-3.8525,4.469,0.018,311.479,0.1,-3.8875,4.486,0.009000000000000001,311.468,0.1,-3.927,4.499,0.002,311.456,0.1,-3.963,4.508,-0.0055,311.445,0.1,-3.987,4.516,-0.014,311.433,0.1,-3.9945000000000004,4.527,-0.016,311.422,0.1,-3.9895,4.543,-0.013,311.411,0.1,-3.9815,4.562,-0.018000000000000002,311.402,0.1,
-4.156000000000001,4.3065,-0.058499999999999996,311.712,0.1,-4.1665,4.3315,-0.037,311.702,0.1,-4.164,4.345,-0.0275,311.696,0.1,-4.156000000000001,4.3469999999999995,-0.036000000000000004,311.696,0.1,-4.156499999999999,4.345000000000001,-0.056,311.698,0.1,-4.1765,4.3495,-0.0735,311.695,0.1,-4.2145,4.3665,-0.08,311.685,0.1,-4.2575,4.3934999999999995,-0.082,311.672,0.1,-4.291499999999999,4.4205000000000005,-0.0915,311.661,0.1,-4.314,4.441000000000001,-0.118,311.655,0.1,-4.3325,4.4535,-0.157,311.654,0.1,-4.358499999999999,4.4585,-0.1935,311.654,0.1,-4.399,4.4595,-0.2095,311.647,0.1,-4.4455,4.462,-0.195,311.63,0.1,-4.4755,4.474,-0.168,311.607,0.1,-4.4725,4.4955,-0.1475,311.585,0.1,
-4.119,4.361,-0.0765,311.697,0.1,-4.138,4.382,-0.0565,311.687,0.1,-4.1495,4.393,-0.046,311.682,0.1,-4.1545,4.3945,-0.057499999999999996,311.679,0.1,-4.1605,4.390000000000001,-0.08499999999999999,311.677,0.1,-4.176,4.3885,-0.106,311.672,0.1,-4.2045,4.397,-0.107,311.662,0.1,-4.240500000000001,4.4175,-0.09,311.653,0.1,-4.273,4.443,-0.075,311.647,0.1,-4.295,4.4655000000000005,-0.08549999999999999,311.646,0.1,-4.3095,4.4805,-0.1245,311.647,0.1,-4.326499999999999,4.489,-0.173,311.648,0.1,-4.3525,4.494999999999999,-0.206,311.641,0.1,-4.384,4.5055,-0.2085,311.627,0.1,-4.407500000000001,4.525,-0.192,311.606,0.1,-4.4105,4.548500000000001,-0.17149999999999999,311.581,0.1,
-4.0805,4.4105,-0.075,311.684,0.1,-4.1025,4.427,-0.0615,311.677,0.1,-4.122,4.436,-0.054,311.674,0.1,-4.138,4.4384999999999994,-0.0675,311.672,0.1,-4.151,4.436999999999999,-0.1,311.667,0.1,-4.166,4.433999999999999,-0.131,311.657,0.1,-4.1899999999999995,4.4350000000000005,-0.1375,311.645,0.1,-4.2235,4.445,-0.111,311.636,0.1,-4.256,4.4635,-0.0755,311.631,0.1,-4.276999999999999,4.484,-0.0675,311.631,0.1,-4.287,4.502,-0.099,311.635,0.1,-4.2935,4.515499999999999,-0.15,311.636,0.1,-4.3025,4.528,-0.194,311.631,0.1,-4.3149999999999995,4.546,-0.2105,311.621,0.1,-4.327999999999999,4.571,-0.2005,311.606,0.1,-4.335,4.596500000000001,-0.181,311.583,0.1,
-4.041,4.449,-0.0595,311.674,0.1,-4.0634999999999994,4.461,-0.056,311.669,0.1,-4.0845,4.4665,-0.0545,311.669,0.1,-4.105499999999999,4.468500000000001,-0.067,311.67,0.1,-4.1259999999999994,4.4704999999999995,-0.0965,311.663,0.1,-4.147,4.4715,-0.1335,311.651,0.1,-4.1725,4.4719999999999995,-0.149,311.635,0.1,-4.205,4.4765,-0.127,311.622,0.1,-4.2364999999999995,4.489,-0.08549999999999999,311.614,0.1,-4.255,4.506,-0.066,311.614,0.1,-4.260999999999999,4.525,-0.087,311.619,0.1,-4.2615,4.542999999999999,-0.1355,311.62,0.1,-4.26,4.561,-0.186,311.615,0.1,-4.259,4.5825,-0.21,311.608,0.1,-4.2620000000000005,4.608499999999999,-0.202,311.596,0.1,-4.269,4.6335,-0.1815,311.578,0.1,
-4.0005,4.4755,-0.041,311.669,0.1,-4.0245,4.483499999999999,-0.048,311.665,0.1,-4.045999999999999,4.484999999999999,-0.054,311.666,0.1,-4.0665,4.484,-0.0655,311.666,0.1,-4.09,4.486000000000001,-0.0885,311.661,0.1,-4.1175,4.492,-0.1195,311.647,0.1,-4.149,4.499499999999999,-0.138,311.628,0.1,-4.1825,4.5085,-0.125,311.61,0.1,-4.21,4.521,-0.091,311.6,0.1,-4.2245,4.537,-0.07,311.599,0.1,-4.2275,4.5565,-0.0845,311.604,0.1,-4.2265,4.577500000000001,-0.129,311.605,0.1,-4.2255,4.598000000000001,-0.181,311.599,0.1,-4.224,4.618499999999999,-0.208,311.587,0.1,-4.2225,4.640499999999999,-0.2025,311.575,0.1,-4.225,4.6605,-0.184,311.564,0.1,
-3.9595000000000002,4.4925,-0.023,311.665,0.1,-3.987,4.497,-0.0385,311.662,0.1,-4.009,4.496,-0.053,311.662,0.1,-4.026999999999999,4.493,-0.068,311.662,0.1,-4.0489999999999995,4.494,-0.0875,311.655,0.1,-4.079000000000001,4.503,-0.1085,311.639,0.1,-4.114,4.518,-0.12,311.619,0.1,-4.147,4.536,-0.1105,311.601,0.1,-4.17,4.554,-0.086,311.59,0.1,-4.179,4.573499999999999,-0.0695,311.59,0.1,-4.1795,4.595000000000001,-0.082,311.594,0.1,-4.181,4.618,-0.124,311.594,0.1,-4.1875,4.639,-0.1745,311.584,0.1,-4.1955,4.6555,-0.20450000000000002,311.567,0.1,-4.199,4.67,-0.20400000000000001,311.552,0.1,-4.2005,4.681,-0.19,311.544,0.1,
-3.917,4.5015,-0.0085,311.663,0.1,-3.9450000000000003,4.5015,-0.0265,311.661,0.1,-3.9690000000000003,4.500500000000001,-0.046,311.659,0.1,-3.9859999999999998,4.5,-0.0675,311.656,0.1,-4.0035,4.5045,-0.0905,311.646,0.1,-4.0285,4.516500000000001,-0.1075,311.63,0.1,-4.0600000000000005,4.5355,-0.1125,311.61,0.1,-4.0905000000000005,4.5585,-0.0995,311.594,0.1,-4.109999999999999,4.582000000000001,-0.0775,311.587,0.1,-4.1155,4.606,-0.0635,311.587,0.1,-4.115,4.631,-0.076,311.591,0.1,-4.1215,4.6555,-0.116,311.589,0.1,-4.139,4.676,-0.164,311.576,0.1,-4.16,4.689,-0.196,311.557,0.1,-4.176,4.6955,-0.202,311.538,0.1,-4.1845,4.697,-0.1975,311.529,0.1,
-3.871,4.502,0.0045000000000000005,311.662,0.1,-3.895,4.497,-0.012,311.66,0.1,-3.918,4.497,-0.033,311.658,0.1,-3.934,4.5035,-0.0595,311.652,0.1,-3.9465,4.5169999999999995,-0.088,311.641,0.1,-3.963,4.535,-0.109,311.624,0.1,-3.987,4.556,-0.114,311.606,0.1,-4.0135000000000005,4.577999999999999,-0.0995,311.593,0.1,-4.031499999999999,4.6015,-0.0765,311.588,0.1,-4.0365,4.627000000000001,-0.062,311.589,0.1,-4.038,4.654,-0.0735,311.593,0.1,-4.0504999999999995,4.6785,-0.1095,311.59,0.1,-4.077500000000001,4.698,-0.1525,311.577,0.1,-4.1105,4.7095,-0.1815,311.557,0.1,-4.1395,4.7115,-0.1935,311.538,0.1,-4.159000000000001,4.7075,-0.198,311.527,0.1,
-3.826,4.4955,0.0115,311.66,0.1,-3.8395,4.487,-0.001,311.658,0.1,-3.8565,4.487500000000001,-0.0215,311.655,0.1,-3.87,4.502,-0.049,311.649,0.1,-3.878,4.525499999999999,-0.079,311.639,0.1,-3.8869999999999996,4.5515,-0.1035,311.625,0.1,-3.9035,4.574,-0.114,311.61,0.1,-3.9255,4.592499999999999,-0.1045,311.599,0.1,-3.9435000000000002,4.612,-0.0835,311.594,0.1,-3.9515000000000002,4.6355,-0.07050000000000001,311.595,0.1,-3.9575,4.661,-0.08,311.598,0.1,-3.976,4.683,-0.1095,311.595,0.1,-4.01,4.699999999999999,-0.143,311.583,0.1,-4.0504999999999995,4.709,-0.1645,311.564,0.1,-4.0875,4.71,-0.1735,311.547,0.1,-4.115,4.707000000000001,-0.1825,311.536,0.1,
-3.7845,4.480499999999999,0.014499999999999999,311.655,0.1,-3.7865,4.471,0.0055,311.655,0.1,-3.794,4.4735,-0.0125,311.652,0.1,-3.8025,4.4935,-0.0375,311.646,0.1,-3.808,4.5235,-0.0655,311.639,0.1,-3.8129999999999997,4.5545,-0.0895,311.627,0.1,-3.8215,4.578,-0.105,311.616,0.1,-3.835,4.595,-0.104,311.609,0.1,-3.851,4.6105,-0.091,311.605,0.1,-3.8655,4.631,-0.0815,311.604,0.1,-3.883,4.653499999999999,-0.0885,311.604,0.1,-3.911,4.672000000000001,-0.1095,311.599,0.1,-3.949,4.6845,-0.132,311.588,0.1,-3.9905,4.689,-0.1435,311.573,0.1,-4.0280000000000005,4.6899999999999995,-0.1465,311.559,0.1,-4.057,4.692,-0.154,311.548,0.1,
-3.7305,4.449999999999999,0.015,311.656,0.1,-3.7245,4.444,0.009999999999999998,311.654,0.1,-3.7235,4.4505,-0.003,311.652,0.1,-3.7279999999999998,4.4735,-0.023,311.647,0.1,-3.7329999999999997,4.5045,-0.0455,311.64,0.1,-3.7359999999999998,4.5355,-0.0655,311.633,0.1,-3.7385,4.5595,-0.0825,311.626,0.1,-3.744,4.577,-0.09,311.622,0.1,-3.7565,4.5915,-0.0865,311.62,0.1,-3.7785,4.609999999999999,-0.0825,311.617,0.1,-3.8099999999999996,4.63,-0.08499999999999999,311.613,0.1,-3.849,4.646,-0.097,311.605,0.1,-3.891,4.6555,-0.11,311.594,0.1,-3.931,4.6575,-0.11699999999999999,311.581,0.1,-3.965,4.6594999999999995,-0.1185,311.568,0.1,-3.9905,4.667,-0.1245,311.556,0.1,
-3.6535,4.411,0.004,311.665,0.1,-3.6455,4.4105,0.0045000000000000005,311.661,0.1,-3.6425,4.420999999999999,0.0,311.658,0.1,-3.647,4.443,-0.010499999999999999,311.652,0.1,-3.6529999999999996,4.471,-0.0245,311.645,0.1,-3.6535,4.5,-0.039,311.641,0.1,-3.6505,4.5245,-0.0545,311.639,0.1,-3.652,4.5440000000000005,-0.067,311.638,0.1,-3.6654999999999998,4.561,-0.073,311.636,0.1,-3.6950000000000003,4.579,-0.0735,311.631,0.1,-3.7385,4.5965,-0.07300000000000001,311.623,0.1,-3.7874999999999996,4.6105,-0.077,311.613,0.1,-3.832,4.6195,-0.08349999999999999,311.602,0.1,-3.8685,4.624,-0.091,311.589,0.1,-3.8985,4.629,-0.0945,311.574,0.1,-3.9234999999999998,4.640499999999999,-0.1005,311.559,0.1,
-3.6,4.3835,-0.0135,311.667,0.1,-3.5915,4.3870000000000005,-0.0075,311.662,0.1,-3.5855,4.3985,-0.0035,311.658,0.1,-3.5865,4.4155,-0.0025,311.652,0.1,-3.59,4.438000000000001,-0.007,311.647,0.1,-3.59,4.464,-0.0155,311.644,0.1,-3.5885,4.49,-0.027000000000000003,311.645,0.1,-3.592,4.513999999999999,-0.039,311.645,0.1,-3.608,4.535,-0.05,311.641,0.1,-3.6425,4.5535,-0.056499999999999995,311.634,0.1,-3.693,4.5675,-0.058499999999999996,311.623,0.1,-3.7465,4.579,-0.059,311.611,0.1,-3.7904999999999998,4.5875,-0.0635,311.599,0.1,-3.822,4.5954999999999995,-0.0685,311.587,0.1,-3.8449999999999998,4.6045,-0.073,311.572,0.1,-3.865,4.6185,-0.0805,311.555,0.1,
-3.5985,4.3735,-0.0115,311.654,0.1,-3.5865,4.381,-0.007,311.649,0.1,-3.5705,4.3925,0.0015,311.647,0.1,-3.559,4.405,0.0095,311.644,0.1,-3.5555000000000003,4.421,0.013,311.642,0.1,-3.5595,4.442500000000001,0.0115,311.64,0.1,-3.5675,4.468,0.006,311.637,0.1,-3.5780000000000003,4.495,-0.004,311.634,0.1,-3.596,4.519500000000001,-0.0165,311.63,0.1,-3.6305,4.5395,-0.027000000000000003,311.622,0.1,-3.6814999999999998,4.5515,-0.034,311.61,0.1,-3.7355,4.5600000000000005,-0.0395,311.596,0.1,-3.7775,4.567,-0.045,311.582,0.1,-3.8025,4.5760000000000005,-0.048,311.57,0.1,-3.814,4.588,-0.0505,311.557,0.1,-3.821,4.6045,-0.0615,311.543,0.1,
-3.6125,4.3735,0.006,311.637,0.1,-3.598,4.388,0.006500000000000001,311.634,0.1,-3.577,4.4025,0.016,311.632,0.1,-3.558,4.4145,0.028,311.631,0.1,-3.548,4.4265,0.0365,311.631,0.1,-3.551,4.443,0.039,311.629,0.1,-3.564,4.465,0.035,311.623,0.1,-3.5805,4.4895,0.025,311.616,0.1,-3.6029999999999998,4.5135000000000005,0.0135,311.608,0.1,-3.6385,4.5335,0.0025,311.6,0.1,-3.6865,4.545999999999999,-0.006999999999999999,311.589,0.1,-3.7359999999999998,4.554,-0.0175,311.576,0.1,-3.7729999999999997,4.561,-0.027,311.562,0.1,-3.7915,4.571,-0.0305,311.55,0.1,-3.7935,4.5855,-0.0305,311.539,0.1,-3.7895,4.6045,-0.041,311.529,0.1,
-3.6205,4.375,0.006500000000000001,311.622,0.1,-3.608,4.394,0.009999999999999998,311.619,0.1,-3.5945,4.411,0.0225,311.616,0.1,-3.581,4.424,0.0395,311.613,0.1,-3.569,4.435,0.0505,311.611,0.1,-3.564,4.449,0.053,311.609,0.1,-3.5695,4.469,0.045,311.603,0.1,-3.5865,4.491,0.0315,311.593,0.1,-3.6155,4.513,0.0185,311.582,0.1,-3.6555,4.532,0.011,311.572,0.1,-3.701,4.545,0.004,311.562,0.1,-3.742,4.554,-0.0045000000000000005,311.552,0.1,-3.7699999999999996,4.562,-0.014,311.542,0.1,-3.7815,4.573,-0.018000000000000002,311.531,0.1,-3.7794999999999996,4.589,-0.0165,311.52,0.1,-3.774,4.609,-0.022,311.511,0.1,
-3.944,4.2829999999999995,-0.06,311.798,0.1,-3.9545000000000003,4.3145,-0.0395,311.788,0.1,-3.9475,4.3355,-0.031,311.783,0.1,-3.9325,4.343,-0.0395,311.783,0.1,-3.9269999999999996,4.3425,-0.058499999999999996,311.786,0.1,-3.9455,4.3469999999999995,-0.075,311.785,0.1,-3.9875,4.3655,-0.08,311.778,0.1,-4.0365,4.394,-0.0815,311.768,0.1,-4.0745000000000005,4.4239999999999995,-0.0915,311.759,0.1,-4.0955,4.4485,-0.119,311.754,0.1,-4.1080000000000005,4.464,-0.1575,311.753,0.1,-4.128,4.4704999999999995,-0.193,311.752,0.1,-4.1675,4.473000000000001,-0.2085,311.746,0.1,-4.218999999999999,4.4785,-0.195,311.73,0.1,-4.2555,4.4945,-0.17,311.709,0.1,-4.255,4.5225,-0.1525,311.69,0.1,
-3.9044999999999996,4.3395,-0.0785,311.783,0.1,-3.9219999999999997,4.367,-0.058499999999999996,311.774,0.1,-3.9290000000000003,4.385,-0.0485,311.769,0.1,-3.9295,4.391500000000001,-0.061,311.768,0.1,-3.9335,4.3895,-0.089,311.768,0.1,-3.9515000000000002,4.3895,-0.1095,311.764,0.1,-3.9844999999999997,4.4,-0.1085,311.757,0.1,-4.023999999999999,4.422000000000001,-0.0895,311.75,0.1,-4.0565,4.4505,-0.075,311.746,0.1,-4.0735,4.477,-0.086,311.744,0.1,-4.0795,4.4945,-0.1245,311.745,0.1,-4.0885,4.504,-0.173,311.745,0.1,-4.1125,4.511,-0.2055,311.739,0.1,-4.148,4.5225,-0.209,311.726,0.1,-4.179,4.544499999999999,-0.1945,311.708,0.1,-4.188,4.5755,-0.1765,311.685,0.1,
-3.8615,4.3875,-0.0765,311.771,0.1,-3.88,4.41,-0.0625,311.764,0.1,-3.8945,4.424,-0.056,311.762,0.1,-3.9085,4.431,-0.07050000000000001,311.762,0.1,-3.925,4.4335,-0.1035,311.759,0.1,-3.9465000000000003,4.4345,-0.1345,311.751,0.1,-3.975,4.439,-0.14,311.741,0.1,-4.009,4.452,-0.1115,311.733,0.1,-4.0385,4.474,-0.0755,311.729,0.1,-4.0515,4.4990000000000006,-0.068,311.729,0.1,-4.051,4.5175,-0.0995,311.732,0.1,-4.050000000000001,4.532,-0.1505,311.732,0.1,-4.0565,4.545,-0.194,311.727,0.1,-4.072,4.563,-0.211,311.72,0.1,-4.092499999999999,4.5895,-0.203,311.706,0.1,-4.1075,4.621,-0.185,311.686,0.1,
-3.817,4.42,-0.0605,311.761,0.1,-3.8345000000000002,4.4384999999999994,-0.056,311.757,0.1,-3.8505000000000003,4.448,-0.0555,311.758,0.1,-3.8715,4.454000000000001,-0.068,311.76,0.1,-3.8985,4.4615,-0.0985,311.756,0.1,-3.9275,4.468500000000001,-0.1355,311.745,0.1,-3.9575,4.475,-0.1505,311.731,0.1,-3.9895,4.484500000000001,-0.1275,311.72,0.1,-4.0155,4.5009999999999994,-0.086,311.712,0.1,-4.0245,4.522,-0.0665,311.711,0.1,-4.021,4.541499999999999,-0.088,311.716,0.1,-4.016,4.5600000000000005,-0.1365,311.716,0.1,-4.0135000000000005,4.5785,-0.187,311.713,0.1,-4.016,4.6005,-0.211,311.707,0.1,-4.026,4.628,-0.20400000000000001,311.697,0.1,-4.04,4.656499999999999,-0.1845,311.682,0.1,
-3.771,4.439,-0.0405,311.755,0.1,-3.7904999999999998,4.4544999999999995,-0.0475,311.753,0.1,-3.8075,4.460000000000001,-0.054,311.755,0.1,-3.8285,4.4625,-0.066,311.757,0.1,-3.858,4.471,-0.0885,311.753,0.1,-3.8935,4.484500000000001,-0.1195,311.741,0.1,-3.9295,4.5,-0.138,311.724,0.1,-3.9610000000000003,4.5155,-0.1255,311.708,0.1,-3.9815,4.532500000000001,-0.092,311.698,0.1,-3.987,4.5515,-0.07150000000000001,311.697,0.1,-3.983,4.572,-0.086,311.701,0.1,-3.98,4.593500000000001,-0.131,311.703,0.1,-3.9815,4.6155,-0.183,311.698,0.1,-3.9850000000000003,4.638,-0.21,311.688,0.1,-3.9895,4.6625,-0.2045,311.678,0.1,-3.9975,4.683999999999999,-0.1855,311.668,0.1,
-3.7235,4.449999999999999,-0.0225,311.752,0.1,-3.748,4.462,-0.0375,311.75,0.1,-3.7664999999999997,4.465,-0.0525,311.752,0.1,-3.784,4.4655000000000005,-0.068,311.753,0.1,-3.81,4.4725,-0.0875,311.747,0.1,-3.8465,4.49,-0.108,311.733,0.1,-3.8855,4.5145,-0.119,311.715,0.1,-3.916,4.54,-0.11,311.697,0.1,-3.932,4.563000000000001,-0.0865,311.688,0.1,-3.9335,4.584,-0.07100000000000001,311.688,0.1,-3.9295,4.6065000000000005,-0.084,311.692,0.1,-3.932,4.631,-0.126,311.693,0.1,-3.944,4.6545000000000005,-0.1765,311.685,0.1,-3.959,4.675,-0.2065,311.671,0.1,-3.9690000000000003,4.693,-0.2055,311.658,0.1,-3.9755000000000003,4.7044999999999995,-0.191,311.65,0.1,
-3.6745,4.454,-0.0075,311.75,0.1,-3.7,4.461,-0.0245,311.749,0.1,-3.72,4.4635,-0.0445,311.749,0.1,-3.7355,4.4665,-0.0675,311.747,0.1,-3.7554999999999996,4.476,-0.091,311.739,0.1,-3.7855,4.497,-0.108,311.723,0.1,-3.8205,4.525499999999999,-0.1115,311.705,0.1,-3.849,4.5565,-0.0985,311.69,0.1,-3.862,4.5845,-0.077,311.684,0.1,-3.8609999999999998,4.6095,-0.0645,311.685,0.1,-3.8585000000000003,4.635,-0.078,311.69,0.1,-3.8685,4.6615,-0.1175,311.69,0.1,-3.8935,4.686,-0.165,311.68,0.1,-3.9234999999999998,4.7044999999999995,-0.197,311.662,0.1,-3.9475,4.7155000000000005,-0.20350000000000001,311.645,0.1,-3.9615,4.7175,-0.198,311.636,0.1,
-3.622,4.4510000000000005,0.0055,311.749,0.1,-3.642,4.4505,-0.0095,311.748,0.1,-3.661,4.4535,-0.031,311.748,0.1,-3.6745,4.4625,-0.059,311.744,0.1,-3.6875,4.481,-0.089,311.734,0.1,-3.708,4.507,-0.11,311.718,0.1,-3.7359999999999998,4.5365,-0.113,311.701,0.1,-3.7625,4.5665,-0.098,311.689,0.1,-3.7765,4.593999999999999,-0.075,311.685,0.1,-3.776,4.6205,-0.062,311.688,0.1,-3.7755,4.647,-0.074,311.693,0.1,-3.792,4.673500000000001,-0.1095,311.692,0.1,-3.8280000000000003,4.6985,-0.152,311.681,0.1,-3.8725,4.716,-0.181,311.663,0.1,-3.9115,4.723000000000001,-0.193,311.645,0.1,-3.9370000000000003,4.7205,-0.1975,311.634,0.1,
-3.5700000000000003,4.441000000000001,0.0125,311.748,0.1,-3.5780000000000003,4.433999999999999,0.001,311.747,0.1,-3.59,4.4365,-0.02,311.745,0.1,-3.6,4.452999999999999,-0.0485,311.741,0.1,-3.609,4.480499999999999,-0.079,311.732,0.1,-3.622,4.512,-0.1035,311.719,0.1,-3.6425,4.542,-0.113,311.704,0.1,-3.666,4.568,-0.10250000000000001,311.694,0.1,-3.6814999999999998,4.5915,-0.082,311.691,0.1,-3.6855,4.6165,-0.0695,311.694,0.1,-3.6905,4.6415,-0.0795,311.698,0.1,-3.7140000000000004,4.666,-0.108,311.696,0.1,-3.7585,4.6884999999999994,-0.1405,311.685,0.1,-3.811,4.704000000000001,-0.162,311.668,0.1,-3.857,4.710000000000001,-0.17149999999999999,311.652,0.1,-3.8899999999999997,4.7095,-0.181,311.642,0.1,
-3.523,4.418,0.0155,311.744,0.1,-3.518,4.41,0.007,311.744,0.1,-3.52,4.414,-0.0115,311.742,0.1,-3.526,4.436,-0.0365,311.738,0.1,-3.5324999999999998,4.468,-0.064,311.732,0.1,-3.541,4.502,-0.088,311.721,0.1,-3.5534999999999997,4.531,-0.10250000000000001,311.71,0.1,-3.5694999999999997,4.5535,-0.101,311.703,0.1,-3.5845000000000002,4.574,-0.088,311.701,0.1,-3.5965,4.5975,-0.0795,311.702,0.1,-3.614,4.621499999999999,-0.0865,311.703,0.1,-3.6475,4.643000000000001,-0.1065,311.699,0.1,-3.6965000000000003,4.66,-0.128,311.688,0.1,-3.7495000000000003,4.6715,-0.139,311.674,0.1,-3.7945,4.6785,-0.14250000000000002,311.661,0.1,-3.8275,4.684,-0.151,311.652,0.1,
-3.4604999999999997,4.3745,0.017,311.744,0.1,-3.448,4.371,0.0115,311.743,0.1,-3.4435000000000002,4.3805,-0.0015,311.742,0.1,-3.4475,4.4055,-0.020499999999999997,311.738,0.1,-3.4545000000000003,4.4384999999999994,-0.042499999999999996,311.732,0.1,-3.4610000000000003,4.4704999999999995,-0.062,311.726,0.1,-3.4665,4.497,-0.0785,311.72,0.1,-3.4735,4.518000000000001,-0.08549999999999999,311.716,0.1,-3.486,4.539,-0.0825,311.714,0.1,-3.507,4.563,-0.0785,311.713,0.1,-3.54,4.5875,-0.0805,311.71,0.1,-3.5855,4.6065000000000005,-0.0915,311.702,0.1,-3.6375,4.6195,-0.10450000000000001,311.692,0.1,-3.6870000000000003,4.6285,-0.112,311.68,0.1,-3.7275,4.637499999999999,-0.1145,311.668,0.1,-3.7565,4.6505,-0.121,311.658,0.1,
-3.3735,4.3215,0.006,311.752,0.1,-3.3609999999999998,4.325,0.006,311.749,0.1,-3.357,4.339,0.0015,311.746,0.1,-3.3635,4.3635,-0.0075,311.741,0.1,-3.373,4.394,-0.020499999999999997,311.736,0.1,-3.377,4.4235,-0.0345,311.733,0.1,-3.376,4.4495000000000005,-0.0495,311.732,0.1,-3.378,4.4735,-0.0625,311.731,0.1,-3.392,4.4975000000000005,-0.0685,311.728,0.1,-3.423,4.5225,-0.0685,311.723,0.1,-3.4699999999999998,4.5465,-0.067,311.716,0.1,-3.5244999999999997,4.5645,-0.07,311.707,0.1,-3.5765000000000002,4.577,-0.0775,311.697,0.1,-3.621,4.5875,-0.086,311.685,0.1,-3.6565000000000003,4.5995,-0.0915,311.673,0.1,-3.684,4.618,-0.098,311.659,0.1,
-3.3145,4.2865,-0.012,311.754,0.1,-3.3040000000000003,4.294499999999999,-0.006500000000000001,311.749,0.1,-3.299,4.3085,-0.0025,311.745,0.1,-3.3034999999999997,4.327500000000001,-0.001,311.741,0.1,-3.311,4.352,-0.004,311.737,0.1,-3.314,4.3805,-0.012,311.735,0.1,-3.3135000000000003,4.411,-0.023,311.737,0.1,-3.317,4.4415,-0.035,311.736,0.1,-3.3345000000000002,4.47,-0.0465,311.732,0.1,-3.372,4.495,-0.052000000000000005,311.724,0.1,-3.4265,4.516,-0.053000000000000005,311.713,0.1,-3.485,4.5325,-0.053000000000000005,311.703,0.1,-3.534,4.5455000000000005,-0.057999999999999996,311.693,0.1,-3.5700000000000003,4.558,-0.0645,311.683,0.1,-3.5975,4.5735,-0.07050000000000001,311.67,0.1,-3.6215,4.593,-0.079,311.654,0.1,
-3.3145,4.277,-0.010499999999999999,311.741,0.1,-3.3005,4.288,-0.007,311.737,0.1,-3.2855,4.301,0.001,311.735,0.1,-3.2775,4.314500000000001,0.009,311.733,0.1,-3.2785,4.3325,0.0135,311.732,0.1,-3.2855,4.359,0.013000000000000001,311.731,0.1,-3.295,4.394,0.008,311.729,0.1,-3.306,4.43,-0.001,311.725,0.1,-3.325,4.4615,-0.0135,311.72,0.1,-3.3625,4.4864999999999995,-0.023,311.712,0.1,-3.4175,4.5045,-0.0295,311.7,0.1,-3.4749999999999996,4.518,-0.035,311.688,0.1,-3.5199999999999996,4.529999999999999,-0.040999999999999995,311.677,0.1,-3.548,4.542999999999999,-0.0455,311.667,0.1,-3.5635,4.5600000000000005,-0.0495,311.655,0.1,-3.574,4.5785,-0.0605,311.642,0.1,
-3.3310000000000004,4.279,0.006,311.724,0.1,-3.3150000000000004,4.297000000000001,0.0055,311.722,0.1,-3.2955,4.3134999999999994,0.014499999999999999,311.721,0.1,-3.2795,4.327500000000001,0.026000000000000002,311.72,0.1,-3.273,4.343,0.035,311.721,0.1,-3.279,4.367,0.038,311.719,0.1,-3.2935,4.4,0.0345,311.713,0.1,-3.311,4.4350000000000005,0.0265,311.706,0.1,-3.3345000000000002,4.4655000000000005,0.016,311.698,0.1,-3.372,4.4895,0.006,311.69,0.1,-3.4225000000000003,4.5065,-0.0035,311.68,0.1,-3.4745,4.519,-0.014499999999999999,311.669,0.1,-3.5140000000000002,4.5305,-0.025,311.658,0.1,-3.535,4.5435,-0.0295,311.648,0.1,-3.5404999999999998,4.5605,-0.031,311.637,0.1,-3.54,4.5794999999999995,-0.042,311.627,0.1,
-3.3419999999999996,4.281,0.005,311.71,0.1,-3.3295,4.304,0.008,311.708,0.1,-3.3175,4.324,0.02,311.706,0.1,-3.306,4.34,0.036500000000000005,311.703,0.1,-3.2965,4.356,0.047,311.702,0.1,-3.2935,4.379,0.049,311.698,0.1,-3.3005,4.409,0.041999999999999996,311.692,0.1,-3.319,4.441,0.03,311.683,0.1,-3.349,4.47,0.019,311.673,0.1,-3.3895,4.493,0.0125,311.664,0.1,-3.4355,4.51,0.006,311.655,0.1,-3.4779999999999998,4.523,-0.0035,311.647,0.1,-3.508,4.535,-0.014,311.639,0.1,-3.5225,4.548,-0.02,311.629,0.1,-3.525,4.565,-0.0195,311.619,0.1,-3.5235000000000003,4.585,-0.025500000000000002,311.61,0.1,
-3.6445,4.1685,-0.0625,311.867,0.1,-3.6624999999999996,4.2065,-0.042499999999999996,311.858,0.1,-3.659,4.236000000000001,-0.035500000000000004,311.853,0.1,-3.6420000000000003,4.250500000000001,-0.0445,311.853,0.1,-3.632,4.253,-0.062,311.856,0.1,-3.6470000000000002,4.261,-0.077,311.857,0.1,-3.6879999999999997,4.2825,-0.08,311.851,0.1,-3.738,4.314,-0.081,311.843,0.1,-3.7744999999999997,4.3485,-0.0925,311.836,0.1,-3.7889999999999997,4.379,-0.1205,311.83,0.1,-3.791,4.401,-0.1585,311.829,0.1,-3.8005,4.415,-0.193,311.829,0.1,-3.8345000000000002,4.4245,-0.2075,311.824,0.1,-3.8885,4.435499999999999,-0.1945,311.812,0.1,-3.9335,4.457000000000001,-0.172,311.795,0.1,-3.941,4.4925,-0.1575,311.778,0.1,
-3.6085000000000003,4.22,-0.081,311.855,0.1,-3.63,4.2555,-0.0615,311.846,0.1,-3.637,4.281000000000001,-0.052000000000000005,311.841,0.1,-3.635,4.2945,-0.065,311.839,0.1,-3.637,4.2985,-0.093,311.839,0.1,-3.6550000000000002,4.3045,-0.1125,311.837,0.1,-3.689,4.3195,-0.1095,311.831,0.1,-3.7270000000000003,4.345000000000001,-0.089,311.826,0.1,-3.753,4.3774999999999995,-0.075,311.822,0.1,-3.7590000000000003,4.409,-0.0875,311.821,0.1,-3.7525000000000004,4.431,-0.126,311.821,0.1,-3.7525000000000004,4.4455,-0.173,311.821,0.1,-3.7744999999999997,4.457000000000001,-0.2045,311.817,0.1,-3.8165,4.471,-0.2085,311.808,0.1,-3.859,4.496,-0.197,311.794,0.1,-3.8785,4.5344999999999995,-0.1815,311.774,0.1,
-3.5665,4.2605,-0.0775,311.844,0.1,-3.5855,4.291499999999999,-0.064,311.837,0.1,-3.5965,4.312,-0.057999999999999996,311.835,0.1,-3.608,4.3255,-0.073,311.834,0.1,-3.6255,4.3365,-0.1065,311.831,0.1,-3.6500000000000004,4.346,-0.1375,311.824,0.1,-3.68,4.3575,-0.1415,311.816,0.1,-3.71,4.376,-0.112,311.81,0.1,-3.729,4.4035,-0.076,311.806,0.1,-3.7285,4.432499999999999,-0.0695,311.806,0.1,-3.7165,4.454000000000001,-0.1005,311.809,0.1,-3.71,4.47,-0.151,311.81,0.1,-3.7190000000000003,4.4855,-0.194,311.807,0.1,-3.7439999999999998,4.503,-0.211,311.802,0.1,-3.7775,4.531,-0.2045,311.793,0.1,-3.8040000000000003,4.5695,-0.189,311.774,0.1,
-3.5215,4.2844999999999995,-0.061,311.834,0.1,-3.537,4.311,-0.056,311.83,0.1,-3.5475,4.3265,-0.056,311.831,0.1,-3.5655,4.339499999999999,-0.0685,311.832,0.1,-3.5949999999999998,4.356,-0.0995,311.829,0.1,-3.6275,4.3740000000000006,-0.136,311.819,0.1,-3.657,4.390000000000001,-0.1515,311.807,0.1,-3.6825,4.407500000000001,-0.1285,311.797,0.1,-3.697,4.43,-0.0875,311.79,0.1,-3.694,4.4544999999999995,-0.068,311.79,0.1,-3.6825,4.475,-0.0895,311.795,0.1,-3.6765,4.493,-0.138,311.796,0.1,-3.6805000000000003,4.513,-0.1875,311.794,0.1,-3.6945,4.534,-0.2115,311.791,0.1,-3.7175000000000002,4.563,-0.2055,311.784,0.1,-3.743,4.5975,-0.1875,311.77,0.1,
-3.4725,4.294499999999999,-0.04,311.828,0.1,-3.489,4.3185,-0.0465,311.826,0.1,-3.5004999999999997,4.33,-0.054,311.827,0.1,-3.518,4.339499999999999,-0.0655,311.829,0.1,-3.549,4.357,-0.0875,311.826,0.1,-3.5865,4.3835,-0.1185,311.816,0.1,-3.62,4.4105,-0.1375,311.801,0.1,-3.644,4.4350000000000005,-0.1265,311.787,0.1,-3.654,4.4575,-0.094,311.778,0.1,-3.65,4.4785,-0.074,311.777,0.1,-3.6425,4.497999999999999,-0.0885,311.782,0.1,-3.6435,4.5184999999999995,-0.133,311.784,0.1,-3.654,4.542,-0.1845,311.781,0.1,-3.67,4.566,-0.2115,311.775,0.1,-3.6875,4.593999999999999,-0.206,311.766,0.1,-3.7055,4.6205,-0.187,311.757,0.1,
-3.4225000000000003,4.297,-0.0215,311.825,0.1,-3.443,4.318,-0.036000000000000004,311.823,0.1,-3.4555,4.327999999999999,-0.0515,311.824,0.1,-3.4690000000000003,4.334,-0.068,311.825,0.1,-3.4939999999999998,4.351,-0.0865,311.821,0.1,-3.53,4.382,-0.1065,311.809,0.1,-3.566,4.4190000000000005,-0.1175,311.794,0.1,-3.59,4.452999999999999,-0.1095,311.778,0.1,-3.597,4.479,-0.0875,311.77,0.1,-3.592,4.5,-0.073,311.77,0.1,-3.589,4.5205,-0.0865,311.775,0.1,-3.5995,4.5440000000000005,-0.128,311.777,0.1,-3.623,4.57,-0.178,311.772,0.1,-3.65,4.5954999999999995,-0.2075,311.76,0.1,-3.6715,4.6205,-0.2065,311.747,0.1,-3.686,4.6385000000000005,-0.1915,311.74,0.1,
-3.371,4.294499999999999,-0.006,311.823,0.1,-3.3914999999999997,4.3100000000000005,-0.022,311.821,0.1,-3.405,4.319,-0.043,311.822,0.1,-3.4135,4.3265,-0.067,311.821,0.1,-3.4295,4.3454999999999995,-0.091,311.815,0.1,-3.4589999999999996,4.3785,-0.1075,311.802,0.1,-3.4935,4.42,-0.11,311.786,0.1,-3.5185,4.4585,-0.097,311.773,0.1,-3.526,4.487500000000001,-0.077,311.767,0.1,-3.5214999999999996,4.51,-0.066,311.769,0.1,-3.5214999999999996,4.5325,-0.0795,311.774,0.1,-3.54,4.5595,-0.118,311.775,0.1,-3.576,4.5885,-0.165,311.767,0.1,-3.6174999999999997,4.616,-0.197,311.752,0.1,-3.6515,4.637499999999999,-0.204,311.735,0.1,-3.6725000000000003,4.648,-0.1975,311.726,0.1,
-3.317,4.286,0.006500000000000001,311.822,0.1,-3.3295,4.293,-0.007,311.822,0.1,-3.339,4.3004999999999995,-0.028999999999999998,311.822,0.1,-3.3435,4.314,-0.058499999999999996,311.82,0.1,-3.3525,4.3385,-0.0895,311.812,0.1,-3.3745,4.3740000000000006,-0.1095,311.798,0.1,-3.4055,4.4145,-0.1115,311.783,0.1,-3.433,4.4515,-0.0955,311.773,0.1,-3.4444999999999997,4.4805,-0.0735,311.769,0.1,-3.442,4.503500000000001,-0.062,311.772,0.1,-3.4445,4.526999999999999,-0.074,311.777,0.1,-3.4690000000000003,4.5555,-0.1085,311.777,0.1,-3.5155000000000003,4.588,-0.1495,311.768,0.1,-3.5695,4.618,-0.179,311.751,0.1,-3.6155,4.638,-0.1915,311.733,0.1,-3.646,4.644500000000001,-0.1965,311.722,0.1,
-3.2635,4.269500000000001,0.0135,311.82,0.1,-3.2605,4.269,0.0025,311.821,0.1,-3.2605,4.275499999999999,-0.0185,311.822,0.1,-3.262,4.2955000000000005,-0.0475,311.819,0.1,-3.2685,4.3255,-0.079,311.812,0.1,-3.286,4.362500000000001,-0.103,311.8,0.1,-3.314,4.3995,-0.111,311.786,0.1,-3.3425000000000002,4.432,-0.0995,311.777,0.1,-3.358,4.459,-0.0795,311.775,0.1,-3.3600000000000003,4.4830000000000005,-0.0685,311.778,0.1,-3.3665000000000003,4.507,-0.0785,311.782,0.1,-3.396,4.5344999999999995,-0.1055,311.78,0.1,-3.449,4.5665,-0.136,311.769,0.1,-3.5095,4.596500000000001,-0.1575,311.753,0.1,-3.5605,4.6165,-0.168,311.738,0.1,-3.5965,4.625500000000001,-0.1785,311.728,0.1,
-3.2115,4.237,0.0165,311.817,0.1,-3.1944999999999997,4.2355,0.0085,311.819,0.1,-3.1849999999999996,4.244,-0.009999999999999998,311.82,0.1,-3.1845,4.269,-0.035,311.817,0.1,-3.192,4.301,-0.062,311.812,0.1,-3.2085,4.335,-0.08549999999999999,311.802,0.1,-3.231,4.3665,-0.099,311.792,0.1,-3.2535,4.395,-0.097,311.785,0.1,-3.2695,4.422000000000001,-0.08399999999999999,311.783,0.1,-3.279,4.449999999999999,-0.0765,311.785,0.1,-3.2954999999999997,4.4765,-0.0835,311.785,0.1,-3.333,4.502,-0.10200000000000001,311.78,0.1,-3.3895,4.5285,-0.122,311.769,0.1,-3.4495,4.5545,-0.133,311.755,0.1,-3.4985,4.5755,-0.1375,311.744,0.1,-3.5330000000000004,4.5915,-0.1475,311.736,0.1,
-3.1425,4.1805,0.019,311.819,0.1,-3.1195,4.1845,0.013000000000000001,311.819,0.1,-3.106,4.199,0.0,311.819,0.1,-3.107,4.2265,-0.018000000000000002,311.816,0.1,-3.1185,4.2575,-0.039,311.812,0.1,-3.1334999999999997,4.286,-0.057499999999999996,311.807,0.1,-3.1479999999999997,4.3115000000000006,-0.0735,311.8,0.1,-3.162,4.3385,-0.0805,311.796,0.1,-3.1765,4.369,-0.078,311.794,0.1,-3.1955,4.4030000000000005,-0.074,311.793,0.1,-3.2264999999999997,4.4345,-0.0755,311.789,0.1,-3.274,4.459,-0.08499999999999999,311.781,0.1,-3.332,4.48,-0.0975,311.77,0.1,-3.388,4.502,-0.1055,311.758,0.1,-3.4314999999999998,4.525,-0.1095,311.748,0.1,-3.461,4.5495,-0.1175,311.74,0.1,
-3.049,4.116,0.008,311.827,0.1,-3.03,4.1265,0.008,311.825,0.1,-3.022,4.145,0.003,311.823,0.1,-3.029,4.171,-0.0045000000000000005,311.819,0.1,-3.0435,4.1985,-0.016,311.815,0.1,-3.0555000000000003,4.2245,-0.0295,311.813,0.1,-3.0625,4.25,-0.0445,311.812,0.1,-3.0700000000000003,4.2805,-0.057999999999999996,311.81,0.1,-3.0865,4.3155,-0.064,311.806,0.1,-3.117,4.3535,-0.0635,311.8,0.1,-3.162,4.388,-0.0605,311.791,0.1,-3.2165,4.414,-0.062,311.782,0.1,-3.2720000000000002,4.4335,-0.07050000000000001,311.773,0.1,-3.3205,4.4555,-0.0805,311.763,0.1,-3.359,4.481,-0.088,311.752,0.1,-3.3884999999999996,4.5105,-0.0955,311.74,0.1,
-2.9865000000000004,4.075,-0.010499999999999999,311.83,0.1,-2.9720000000000004,4.088,-0.0055,311.826,0.1,-2.9665,4.1045,-0.0015,311.822,0.1,-2.9745,4.1235,0.001,311.818,0.1,-2.9885,4.145,-0.0005,311.815,0.1,-2.999,4.173,-0.008,311.814,0.1,-3.005,4.2075,-0.019000000000000003,311.816,0.1,-3.0125,4.247,-0.0315,311.814,0.1,-3.0315,4.2865,-0.043,311.808,0.1,-3.069,4.324,-0.0475,311.798,0.1,-3.1225,4.356999999999999,-0.0465,311.787,0.1,-3.1795,4.383,-0.0465,311.777,0.1,-3.2285,4.4045000000000005,-0.052000000000000005,311.769,0.1,-3.267,4.4275,-0.06,311.761,0.1,-3.298,4.4544999999999995,-0.068,311.75,0.1,-3.3245,4.4825,-0.077,311.736,0.1,
-2.9865000000000004,4.064,-0.0095,311.817,0.1,-2.9705000000000004,4.0785,-0.007,311.814,0.1,-2.9575,4.0915,0.001,311.812,0.1,-2.9539999999999997,4.104,0.009,311.811,0.1,-2.9610000000000003,4.1205,0.014499999999999999,311.81,0.1,-2.9745,4.150499999999999,0.014499999999999999,311.809,0.1,-2.9895,4.1955,0.009999999999999998,311.806,0.1,-3.004,4.2435,0.001,311.801,0.1,-3.024,4.2865,-0.010499999999999999,311.794,0.1,-3.0605,4.3215,-0.0195,311.785,0.1,-3.1135,4.3505,-0.025,311.774,0.1,-3.1689999999999996,4.3745,-0.0305,311.763,0.1,-3.2125,4.3965,-0.036500000000000005,311.755,0.1,-3.2415000000000003,4.419,-0.042499999999999996,311.747,0.1,-3.2605,4.444,-0.048,311.737,0.1,-3.2755,4.468,-0.059,311.726,0.1,
-3.0060000000000002,4.0665,0.006,311.801,0.1,-2.989,4.087,0.0045000000000000005,311.799,0.1,-2.971,4.1035,0.013000000000000001,311.799,0.1,-2.9595000000000002,4.118,0.024,311.799,0.1,-2.9585,4.135,0.033,311.799,0.1,-2.9705,4.165,0.036000000000000004,311.796,0.1,-2.99,4.212,0.034,311.789,0.1,-3.01,4.2605,0.027,311.781,0.1,-3.0335,4.3025,0.018000000000000002,311.773,0.1,-3.068,4.3355,0.0095,311.765,0.1,-3.115,4.3625,-0.0005,311.755,0.1,-3.1639999999999997,4.3855,-0.0115,311.746,0.1,-3.2015000000000002,4.4055,-0.023,311.737,0.1,-3.2235,4.4265,-0.029,311.73,0.1,-3.2335000000000003,4.448,-0.0315,311.722,0.1,-3.2385,4.4695,-0.042499999999999996,311.713,0.1,
-3.019,4.069,0.0035,311.785,0.1,-3.0069999999999997,4.094,0.006,311.785,0.1,-2.9965,4.115,0.0175,311.783,0.1,-2.988,4.133,0.033,311.781,0.1,-2.983,4.152,0.043,311.779,0.1,-2.9850000000000003,4.182,0.0445,311.775,0.1,-2.996,4.227,0.038,311.768,0.1,-3.016,4.273,0.028,311.758,0.1,-3.044,4.313,0.0195,311.749,0.1,-3.08,4.345,0.013999999999999999,311.74,0.1,-3.121,4.372,0.008,311.733,0.1,-3.1595,4.395,-0.0025,311.727,0.1,-3.189,4.414,-0.014499999999999999,311.72,0.1,-3.207,4.434,-0.0215,311.713,0.1,-3.215,4.454,-0.0225,311.706,0.1,-3.2190000000000003,4.475,-0.028999999999999998,311.698,0.1,
-3.3455000000000004,4.0545,-0.065,311.937,0.1,-3.3715,4.0985,-0.046,311.929,0.1,-3.371,4.136,-0.04,311.924,0.1,-3.352,4.158,-0.049,311.923,0.1,-3.3369999999999997,4.1645,-0.066,311.927,0.1,-3.3485,4.1745,-0.079,311.928,0.1,-3.3890000000000002,4.199,-0.0805,311.925,0.1,-3.4395,4.2345,-0.0805,311.919,0.1,-3.475,4.2735,-0.093,311.912,0.1,-3.4835000000000003,4.3100000000000005,-0.122,311.907,0.1,-3.4745,4.3375,-0.16,311.906,0.1,-3.4725,4.359,-0.193,311.905,0.1,-3.501,4.375,-0.2065,311.902,0.1,-3.5585,4.3925,-0.194,311.893,0.1,-3.612,4.4190000000000005,-0.1745,311.88,0.1,-3.627,4.4625,-0.163,311.867,0.1,
-3.3129999999999997,4.101,-0.083,311.927,0.1,-3.339,4.1434999999999995,-0.064,311.918,0.1,-3.3455,4.1765,-0.056,311.913,0.1,-3.3405,4.198,-0.0695,311.911,0.1,-3.3405,4.208,-0.097,311.911,0.1,-3.3585000000000003,4.218999999999999,-0.11599999999999999,311.909,0.1,-3.3935000000000004,4.239000000000001,-0.1105,311.905,0.1,-3.4305000000000003,4.268,-0.089,311.901,0.1,-3.45,4.3045,-0.0755,311.899,0.1,-3.4444999999999997,4.341,-0.0885,311.897,0.1,-3.4255,4.367,-0.1275,311.897,0.1,-3.4165,4.3870000000000005,-0.173,311.898,0.1,-3.4370000000000003,4.4025,-0.204,311.896,0.1,-3.485,4.4190000000000005,-0.208,311.89,0.1,-3.5385,4.447,-0.199,311.88,0.1,-3.569,4.494,-0.1865,311.863,0.1,
-3.2720000000000002,4.134,-0.0785,311.917,0.1,-3.292,4.1725,-0.0655,311.91,0.1,-3.2990000000000004,4.1995000000000005,-0.06,311.907,0.1,-3.3070000000000004,4.2205,-0.0755,311.906,0.1,-3.3255,4.239,-0.1095,311.904,0.1,-3.3535000000000004,4.2575,-0.1405,311.898,0.1,-3.3845,4.2765,-0.143,311.891,0.1,-3.4105,4.2995,-0.1125,311.886,0.1,-3.4195,4.333,-0.0765,311.883,0.1,-3.406,4.3665,-0.07050000000000001,311.883,0.1,-3.3825000000000003,4.390000000000001,-0.1015,311.886,0.1,-3.37,4.4085,-0.1515,311.888,0.1,-3.3815,4.4254999999999995,-0.194,311.887,0.1,-3.4160000000000004,4.443,-0.211,311.885,0.1,-3.4625000000000004,4.4725,-0.206,311.879,0.1,-3.5010000000000003,4.5184999999999995,-0.193,311.863,0.1,
-3.2255000000000003,4.1485,-0.061,311.908,0.1,-3.239,4.1835,-0.056,311.903,0.1,-3.2439999999999998,4.205500000000001,-0.0565,311.903,0.1,-3.2595,4.224500000000001,-0.0695,311.905,0.1,-3.291,4.250500000000001,-0.1,311.901,0.1,-3.3275,4.279999999999999,-0.1365,311.893,0.1,-3.357,4.3055,-0.1525,311.883,0.1,-3.3755,4.33,-0.1295,311.874,0.1,-3.3785,4.36,-0.0885,311.868,0.1,-3.3635,4.388,-0.0695,311.868,0.1,-3.3434999999999997,4.4085,-0.091,311.873,0.1,-3.3365,4.427,-0.1395,311.876,0.1,-3.347,4.4465,-0.1885,311.876,0.1,-3.3724999999999996,4.468,-0.212,311.875,0.1,-3.409,4.4985,-0.207,311.871,0.1,-3.4455,4.5385,-0.1905,311.859,0.1,
-3.1745,4.149,-0.0395,311.902,0.1,-3.1875,4.182,-0.0455,311.898,0.1,-3.1925,4.2010000000000005,-0.0535,311.899,0.1,-3.2075,4.216,-0.065,311.902,0.1,-3.24,4.244,-0.0865,311.899,0.1,-3.2794999999999996,4.2829999999999995,-0.1175,311.891,0.1,-3.311,4.3215,-0.137,311.878,0.1,-3.3265000000000002,4.3545,-0.127,311.866,0.1,-3.3255,4.383,-0.0955,311.858,0.1,-3.3125,4.406,-0.076,311.857,0.1,-3.3019999999999996,4.4245,-0.091,311.863,0.1,-3.307,4.4445,-0.135,311.866,0.1,-3.327,4.467499999999999,-0.186,311.865,0.1,-3.3555,4.494,-0.2125,311.861,0.1,-3.386,4.525499999999999,-0.2075,311.854,0.1,-3.4139999999999997,4.557,-0.189,311.846,0.1,
-3.1215,4.1434999999999995,-0.0205,311.898,0.1,-3.138,4.1739999999999995,-0.034,311.895,0.1,-3.1445,4.191,-0.0505,311.896,0.1,-3.1535,4.202999999999999,-0.0675,311.898,0.1,-3.1775,4.2295,-0.08549999999999999,311.895,0.1,-3.2135,4.2735,-0.105,311.886,0.1,-3.247,4.323499999999999,-0.116,311.873,0.1,-3.2640000000000002,4.3655,-0.109,311.859,0.1,-3.262,4.3955,-0.0885,311.852,0.1,-3.2515,4.416,-0.0755,311.852,0.1,-3.2495000000000003,4.4345,-0.089,311.857,0.1,-3.2670000000000003,4.4575,-0.13,311.861,0.1,-3.3015,4.4855,-0.1795,311.858,0.1,-3.341,4.5165,-0.2085,311.848,0.1,-3.3735,4.5485,-0.208,311.837,0.1,-3.3965,4.572,-0.192,311.829,0.1,
-3.0675,4.135,-0.0045000000000000005,311.896,0.1,-3.083,4.159,-0.02,311.894,0.1,-3.0895,4.1739999999999995,-0.0415,311.895,0.1,-3.0915,4.186999999999999,-0.067,311.895,0.1,-3.104,4.214,-0.091,311.89,0.1,-3.133,4.2595,-0.1065,311.88,0.1,-3.1665,4.3134999999999994,-0.108,311.867,0.1,-3.1875,4.359500000000001,-0.095,311.856,0.1,-3.189,4.390499999999999,-0.077,311.851,0.1,-3.1814999999999998,4.41,-0.0675,311.853,0.1,-3.185,4.43,-0.081,311.858,0.1,-3.212,4.457,-0.1185,311.86,0.1,-3.2590000000000003,4.492,-0.165,311.855,0.1,-3.3120000000000003,4.5280000000000005,-0.197,311.842,0.1,-3.356,4.5600000000000005,-0.204,311.825,0.1,-3.3834999999999997,4.577500000000001,-0.197,311.815,0.1,
-3.012,4.1215,0.0075,311.894,0.1,-3.0170000000000003,4.135,-0.005,311.895,0.1,-3.0170000000000003,4.147,-0.027,311.896,0.1,-3.013,4.165,-0.058,311.896,0.1,-3.0175,4.196,-0.09,311.89,0.1,-3.0404999999999998,4.241,-0.109,311.878,0.1,-3.0755,4.2925,-0.11,311.865,0.1,-3.1035,4.3365,-0.093,311.856,0.1,-3.112,4.3665,-0.072,311.853,0.1,-3.108,4.386,-0.062,311.857,0.1,-3.1135,4.407,-0.0745,311.861,0.1,-3.146,4.4375,-0.1075,311.862,0.1,-3.2024999999999997,4.478,-0.147,311.855,0.1,-3.266,4.5205,-0.177,311.84,0.1,-3.3195,4.553,-0.19,311.822,0.1,-3.355,4.568,-0.1955,311.811,0.1,
-2.956,4.0985,0.014,311.892,0.1,-2.9429999999999996,4.1035,0.004,311.895,0.1,-2.932,4.114000000000001,-0.017,311.898,0.1,-2.925,4.1375,-0.0465,311.898,0.1,-2.9290000000000003,4.1715,-0.0785,311.892,0.1,-2.9505,4.2125,-0.1025,311.881,0.1,-2.9859999999999998,4.257,-0.1085,311.868,0.1,-3.019,4.2965,-0.0965,311.86,0.1,-3.0345,4.326499999999999,-0.077,311.858,0.1,-3.035,4.3495,-0.0675,311.862,0.1,-3.0425,4.3725000000000005,-0.0775,311.865,0.1,-3.0780000000000003,4.4035,-0.103,311.864,0.1,-3.1395,4.444,-0.132,311.854,0.1,-3.208,4.489,-0.153,311.839,0.1,-3.2645,4.523,-0.1645,311.824,0.1,-3.304,4.541,-0.176,311.814,0.1,
-2.9005,4.0565,0.0175,311.891,0.1,-2.871,4.061,0.0095,311.894,0.1,-2.85,4.0745000000000005,-0.0085,311.897,0.1,-2.8434999999999997,4.102,-0.0335,311.896,0.1,-2.8525,4.134,-0.06,311.892,0.1,-2.8760000000000003,4.167,-0.0825,311.883,0.1,-2.9074999999999998,4.2015,-0.095,311.873,0.1,-2.9364999999999997,4.2364999999999995,-0.0925,311.866,0.1,-2.9539999999999997,4.27,-0.0805,311.865,0.1,-2.9615,4.302,-0.074,311.867,0.1,-2.9770000000000003,4.3315,-0.0805,311.867,0.1,-3.018,4.3615,-0.0975,311.862,0.1,-3.082,4.3965,-0.11599999999999999,311.85,0.1,-3.1494999999999997,4.436999999999999,-0.127,311.837,0.1,-3.2025,4.4725,-0.1325,311.826,0.1,-3.2385,4.497999999999999,-0.144,311.819,0.1,
-2.8245,3.987,0.0205,311.893,0.1,-2.791,3.9985,0.014499999999999999,311.895,0.1,-2.769,4.018,0.0015,311.896,0.1,-2.767,4.048,-0.016,311.895,0.1,-2.782,4.076499999999999,-0.035,311.892,0.1,-2.806,4.101,-0.053,311.887,0.1,-2.8305,4.1265,-0.0685,311.881,0.1,-2.851,4.1585,-0.0755,311.876,0.1,-2.867,4.1985,-0.0735,311.874,0.1,-2.8840000000000003,4.2425,-0.0695,311.872,0.1,-2.9130000000000003,4.281499999999999,-0.07050000000000001,311.868,0.1,-2.9625,4.312,-0.0785,311.859,0.1,-3.0265,4.341,-0.0905,311.848,0.1,-3.0885,4.375500000000001,-0.099,311.837,0.1,-3.1355,4.413,-0.1045,311.828,0.1,-3.166,4.448,-0.114,311.821,0.1,
-2.7245,3.91,0.009999999999999998,311.903,0.1,-2.6985,3.9275,0.0095,311.901,0.1,-2.686,3.951,0.005,311.9,0.1,-2.694,3.9785,-0.0015,311.897,0.1,-2.7145,4.004,-0.012,311.893,0.1,-2.7344999999999997,4.0255,-0.0245,311.892,0.1,-2.7495,4.051,-0.0395,311.892,0.1,-2.7625,4.0865,-0.0535,311.889,0.1,-2.7805,4.1335,-0.0595,311.883,0.1,-2.8099999999999996,4.1845,-0.058499999999999996,311.876,0.1,-2.8535,4.23,-0.054,311.867,0.1,-2.909,4.263,-0.0545,311.858,0.1,-2.9675000000000002,4.2905,-0.0635,311.849,0.1,-3.02,4.323,-0.075,311.84,0.1,-3.0620000000000003,4.3625,-0.08399999999999999,311.831,0.1,-3.093,4.4035,-0.0925,311.822,0.1,
-2.6585,3.863,-0.009000000000000001,311.906,0.1,-2.6399999999999997,3.8810000000000002,-0.0045000000000000005,311.903,0.1,-2.6345,3.9005,0.0,311.899,0.1,-2.646,3.919,0.003,311.896,0.1,-2.6665,3.939,0.0025,311.893,0.1,-2.684,3.9655,-0.004,311.893,0.1,-2.6959999999999997,4.0040000000000004,-0.015,311.895,0.1,-2.708,4.052,-0.027999999999999997,311.892,0.1,-2.7285,4.1035,-0.039,311.884,0.1,-2.7655000000000003,4.153499999999999,-0.043,311.872,0.1,-2.818,4.198,-0.039999999999999994,311.86,0.1,-2.8745000000000003,4.233499999999999,-0.03949999999999999,311.851,0.1,-2.9240000000000004,4.2635000000000005,-0.046,311.845,0.1,-2.9640000000000004,4.2965,-0.056,311.839,0.1,-2.998,4.335,-0.0655,311.83,0.1,-3.0279999999999996,4.373,-0.0745,311.818,0.1,
-2.6585,3.851,-0.0085,311.893,0.1,-2.6405000000000003,3.8685,-0.006500000000000001,311.891,0.1,-2.6295,3.8825000000000003,0.001,311.89,0.1,-2.6304999999999996,3.8935,0.0095,311.888,0.1,-2.643,3.909,0.0155,311.888,0.1,-2.6635,3.9425,0.016,311.887,0.1,-2.6845,3.9965,0.012,311.884,0.1,-2.702,4.057,0.0035,311.877,0.1,-2.7225,4.111,-0.0075,311.869,0.1,-2.758,4.157,-0.016,311.858,0.1,-2.81,4.1965,-0.020499999999999997,311.847,0.1,-2.8635,4.2315000000000005,-0.025500000000000002,311.838,0.1,-2.9050000000000002,4.263,-0.032,311.832,0.1,-2.9345,4.295,-0.04,311.827,0.1,-2.957,4.3285,-0.0465,311.82,0.1,-2.9765,4.3580000000000005,-0.0575,311.81,0.1,
-2.6805000000000003,3.8535,0.006,311.877,0.1,-2.6625,3.8760000000000003,0.0035,311.876,0.1,-2.6470000000000002,3.8945,0.011,311.877,0.1,-2.6395,3.9085,0.022,311.877,0.1,-2.644,3.9265,0.031,311.877,0.1,-2.662,3.9640000000000004,0.0345,311.873,0.1,-2.6864999999999997,4.023,0.0335,311.865,0.1,-2.7089999999999996,4.086,0.0275,311.856,0.1,-2.7315,4.138999999999999,0.02,311.847,0.1,-2.7640000000000002,4.182,0.0125,311.839,0.1,-2.808,4.218,0.003,311.83,0.1,-2.8535,4.2515,-0.0085,311.822,0.1,-2.8890000000000002,4.281,-0.020999999999999998,311.817,0.1,-2.912,4.309,-0.0285,311.812,0.1,-2.9265,4.336,-0.032,311.806,0.1,-2.9375,4.359500000000001,-0.0435,311.799,0.1,
-2.6965,3.856,0.002,311.861,0.1,-2.6845,3.883,0.0035,311.861,0.1,-2.6755,3.907,0.015,311.861,0.1,-2.67,3.926,0.0295,311.859,0.1,-2.6695,3.947,0.039,311.857,0.1,-2.6765,3.986,0.0395,311.852,0.1,-2.6915,4.044,0.0345,311.844,0.1,-2.7125000000000004,4.105,0.0265,311.834,0.1,-2.7385,4.156,0.02,311.825,0.1,-2.77,4.198,0.016,311.817,0.1,-2.806,4.233,0.009999999999999998,311.811,0.1,-2.8415,4.266,-0.0015,311.806,0.1,-2.8705,4.294,-0.015,311.802,0.1,-2.891,4.319,-0.023,311.797,0.1,-2.904,4.343,-0.025500000000000002,311.792,0.1,-2.9139999999999997,4.365,-0.0325,311.786,0.1,
-3.046,3.9405,-0.067,312.007,0.1,-3.0795,3.9905,-0.049,311.999,0.1,-3.0825,4.0365,-0.044,311.994,0.1,-3.0620000000000003,4.0649999999999995,-0.053,311.993,0.1,-3.0425,4.075,-0.069,311.997,0.1,-3.05,4.0885,-0.0805,311.999,0.1,-3.09,4.1165,-0.0805,311.998,0.1,-3.1414999999999997,4.155,-0.08,311.994,0.1,-3.1755,4.198,-0.094,311.989,0.1,-3.1775,4.24,-0.1245,311.984,0.1,-3.1574999999999998,4.2745,-0.1615,311.982,0.1,-3.145,4.3025,-0.193,311.982,0.1,-3.168,4.3255,-0.205,311.98,0.1,-3.2279999999999998,4.3485,-0.193,311.975,0.1,-3.29,4.3815,-0.176,311.966,0.1,-3.3135,4.432499999999999,-0.1675,311.956,0.1,
-3.0175,3.982,-0.084,311.998,0.1,-3.048,4.032,-0.066,311.99,0.1,-3.0545,4.073,-0.0595,311.984,0.1,-3.0465,4.101,-0.0735,311.982,0.1,-3.044,4.117,-0.1,311.982,0.1,-3.0620000000000003,4.134,-0.118,311.981,0.1,-3.098,4.159000000000001,-0.111,311.979,0.1,-3.1335,4.191000000000001,-0.0885,311.977,0.1,-3.1465,4.2315000000000005,-0.0765,311.976,0.1,-3.13,4.273,-0.0905,311.974,0.1,-3.0985,4.304,-0.1285,311.974,0.1,-3.0805,4.328,-0.173,311.974,0.1,-3.099,4.3475,-0.2025,311.974,0.1,-3.1535,4.367,-0.2065,311.972,0.1,-3.2190000000000003,4.3985,-0.2,311.966,0.1,-3.2605,4.454,-0.191,311.952,0.1,
-2.9775,4.0075,-0.0785,311.99,0.1,-2.998,4.054,-0.066,311.983,0.1,-3.0015,4.0875,-0.0615,311.979,0.1,-3.0065,4.115,-0.0775,311.978,0.1,-3.026,4.1419999999999995,-0.1115,311.976,0.1,-3.0575,4.1690000000000005,-0.142,311.971,0.1,-3.0895,4.195,-0.1435,311.966,0.1,-3.1105,4.2235,-0.1125,311.963,0.1,-3.1094999999999997,4.2625,-0.0775,311.96,0.1,-3.083,4.301,-0.072,311.96,0.1,-3.0475000000000003,4.3260000000000005,-0.103,311.963,0.1,-3.0295,4.346500000000001,-0.152,311.966,0.1,-3.0435,4.365,-0.193,311.967,0.1,-3.0875000000000004,4.383,-0.209,311.968,0.1,-3.1470000000000002,4.414,-0.2065,311.965,0.1,-3.197,4.4670000000000005,-0.1955,311.952,0.1,
-2.93,4.012499999999999,-0.0595,311.981,0.1,-2.9415,4.0555,-0.0555,311.976,0.1,-2.9405,4.084,-0.057,311.976,0.1,-2.9524999999999997,4.1095,-0.0695,311.977,0.1,-2.987,4.145,-0.0995,311.974,0.1,-3.028,4.185499999999999,-0.136,311.967,0.1,-3.0570000000000004,4.2205,-0.152,311.959,0.1,-3.0685000000000002,4.2524999999999995,-0.13,311.952,0.1,-3.0599999999999996,4.289,-0.09,311.947,0.1,-3.0324999999999998,4.321,-0.07100000000000001,311.947,0.1,-3.0045,4.3415,-0.093,311.952,0.1,-2.997,4.359999999999999,-0.14,311.956,0.1,-3.0140000000000002,4.3805,-0.188,311.958,0.1,-3.051,4.4015,-0.2105,311.959,0.1,-3.101,4.4335,-0.2065,311.957,0.1,-3.1485000000000003,4.479,-0.1915,311.947,0.1,
-2.8760000000000003,4.0035,-0.037000000000000005,311.975,0.1,-2.8855,4.0455,-0.044,311.971,0.1,-2.885,4.071,-0.0525,311.971,0.1,-2.897,4.093,-0.0645,311.974,0.1,-2.931,4.1305,-0.08499999999999999,311.972,0.1,-2.973,4.182,-0.115,311.966,0.1,-3.002,4.232,-0.1355,311.955,0.1,-3.0095,4.2735,-0.127,311.945,0.1,-2.9975,4.3075,-0.097,311.938,0.1,-2.9755000000000003,4.3325,-0.078,311.938,0.1,-2.9615,4.3505,-0.093,311.944,0.1,-2.9699999999999998,4.3695,-0.136,311.948,0.1,-3.0,4.394,-0.186,311.949,0.1,-3.0415,4.4215,-0.2115,311.947,0.1,-3.0845000000000002,4.457000000000001,-0.2065,311.942,0.1,-3.1215,4.4935,-0.1885,311.935,0.1,
-2.8205,3.9905,-0.018500000000000003,311.971,0.1,-2.833,4.0305,-0.032,311.967,0.1,-2.8335,4.0535,-0.049,311.968,0.1,-2.8385,4.072,-0.0665,311.97,0.1,-2.8615000000000004,4.1080000000000005,-0.084,311.969,0.1,-2.8975,4.1655,-0.10200000000000001,311.962,0.1,-2.928,4.2275,-0.113,311.952,0.1,-2.9375,4.2780000000000005,-0.108,311.941,0.1,-2.9265,4.311,-0.0895,311.934,0.1,-2.9105,4.3309999999999995,-0.078,311.934,0.1,-2.9095,4.348,-0.091,311.94,0.1,-2.934,4.3705,-0.131,311.944,0.1,-2.9795,4.4015,-0.179,311.944,0.1,-3.032,4.4365000000000006,-0.208,311.937,0.1,-3.0765000000000002,4.476,-0.2075,311.926,0.1,-3.107,4.506,-0.1905,311.919,0.1,
-2.7645,3.976,-0.003,311.968,0.1,-2.775,4.0085,-0.0175,311.966,0.1,-2.7744999999999997,4.029,-0.04,311.968,0.1,-2.77,4.047499999999999,-0.0665,311.969,0.1,-2.7785,4.083,-0.0905,311.966,0.1,-2.8064999999999998,4.141500000000001,-0.1045,311.958,0.1,-2.8395,4.207,-0.1045,311.948,0.1,-2.8565,4.261,-0.092,311.939,0.1,-2.8525,4.292999999999999,-0.076,311.935,0.1,-2.842,4.31,-0.0685,311.936,0.1,-2.8485,4.327,-0.0825,311.942,0.1,-2.884,4.355,-0.1185,311.945,0.1,-2.942,4.395,-0.1635,311.942,0.1,-3.0060000000000002,4.439500000000001,-0.1955,311.931,0.1,-3.0595,4.481999999999999,-0.2025,311.916,0.1,-3.094,4.508,-0.195,311.905,0.1,
-2.7065,3.9565,0.009000000000000001,311.967,0.1,-2.7039999999999997,3.9770000000000003,-0.003,311.968,0.1,-2.6950000000000003,3.994,-0.025,311.971,0.1,-2.6825,4.0165,-0.0575,311.972,0.1,-2.6825,4.0535,-0.0895,311.968,0.1,-2.7065,4.1085,-0.1075,311.959,0.1,-2.745,4.17,-0.106,311.948,0.1,-2.774,4.2219999999999995,-0.089,311.94,0.1,-2.7805,4.253,-0.0695,311.938,0.1,-2.775,4.2695,-0.062,311.941,0.1,-2.783,4.287,-0.0745,311.946,0.1,-2.823,4.3195,-0.105,311.948,0.1,-2.8895,4.368,-0.1435,311.942,0.1,-2.9625000000000004,4.4225,-0.1735,311.928,0.1,-3.0235000000000003,4.468,-0.187,311.911,0.1,-3.064,4.492,-0.193,311.899,0.1,
-2.649,3.9269999999999996,0.015,311.965,0.1,-2.625,3.9379999999999997,0.0055,311.97,0.1,-2.6025,3.9530000000000003,-0.0155,311.974,0.1,-2.5869999999999997,3.98,-0.045,311.976,0.1,-2.5885,4.0165,-0.077,311.972,0.1,-2.6145,4.0625,-0.0995,311.962,0.1,-2.6574999999999998,4.1145,-0.10400000000000001,311.95,0.1,-2.6955,4.1615,-0.0915,311.943,0.1,-2.7110000000000003,4.1945,-0.0735,311.942,0.1,-2.7095000000000002,4.2165,-0.066,311.946,0.1,-2.718,4.2379999999999995,-0.076,311.949,0.1,-2.7595,4.272,-0.0995,311.947,0.1,-2.8305,4.3225,-0.126,311.938,0.1,-2.907,4.381500000000001,-0.147,311.924,0.1,-2.968,4.4295,-0.1595,311.91,0.1,-3.0105,4.4565,-0.173,311.9,0.1,
-2.5895,3.8754999999999997,0.019,311.964,0.1,-2.548,3.8865,0.010499999999999999,311.969,0.1,-2.515,3.9044999999999996,-0.0075,311.974,0.1,-2.502,3.9345,-0.032,311.975,0.1,-2.512,3.9665,-0.056999999999999995,311.972,0.1,-2.543,3.9995,-0.0785,311.965,0.1,-2.5845000000000002,4.037,-0.0895,311.955,0.1,-2.6205,4.078,-0.0865,311.948,0.1,-2.639,4.118,-0.076,311.947,0.1,-2.644,4.1545000000000005,-0.07100000000000001,311.95,0.1,-2.658,4.1865000000000006,-0.0775,311.95,0.1,-2.703,4.2204999999999995,-0.092,311.943,0.1,-2.7755,4.265000000000001,-0.1085,311.931,0.1,-2.8499999999999996,4.3195,-0.119,311.919,0.1,-2.9059999999999997,4.3695,-0.1265,311.909,0.1,-2.9435000000000002,4.405,-0.1395,311.903,0.1,
-2.5065,3.793,0.022,311.968,0.1,-2.463,3.8114999999999997,0.0155,311.97,0.1,-2.432,3.8365,0.003,311.973,0.1,-2.4275,3.8685,-0.0135,311.973,0.1,-2.4465,3.8955,-0.0305,311.972,0.1,-2.479,3.9165,-0.0475,311.968,0.1,-2.5125,3.941,-0.062,311.961,0.1,-2.5389999999999997,3.9785000000000004,-0.0695,311.957,0.1,-2.557,4.0285,-0.068,311.954,0.1,-2.572,4.0825,-0.0645,311.952,0.1,-2.599,4.129,-0.0645,311.947,0.1,-2.6505,4.1645,-0.07100000000000001,311.938,0.1,-2.7205,4.201499999999999,-0.08249999999999999,311.926,0.1,-2.7889999999999997,4.2485,-0.092,311.915,0.1,-2.8395,4.3004999999999995,-0.099,311.908,0.1,-2.871,4.346500000000001,-0.11,311.903,0.1,
-2.4000000000000004,3.7045000000000003,0.0115,311.979,0.1,-2.3675,3.7285,0.011,311.977,0.1,-2.351,3.7565,0.0075,311.977,0.1,-2.3595,3.786,0.002,311.974,0.1,-2.3855,3.809,-0.006500000000000001,311.972,0.1,-2.4139999999999997,3.827,-0.018,311.972,0.1,-2.4365,3.8515,-0.0335,311.972,0.1,-2.4545000000000003,3.8935,-0.048,311.968,0.1,-2.4745,3.952,-0.054,311.961,0.1,-2.5035,4.015499999999999,-0.052500000000000005,311.952,0.1,-2.5454999999999997,4.072,-0.047,311.943,0.1,-2.601,4.1125,-0.047,311.934,0.1,-2.6630000000000003,4.147,-0.055999999999999994,311.925,0.1,-2.7199999999999998,4.191,-0.069,311.917,0.1,-2.7645,4.244,-0.08,311.91,0.1,-2.7969999999999997,4.2955000000000005,-0.0895,311.903,0.1,
-2.3310000000000004,3.652,-0.0075,311.982,0.1,-2.3085,3.6745,-0.003,311.979,0.1,-2.3025,3.6959999999999997,0.0025,311.976,0.1,-2.3175,3.715,0.0065,311.973,0.1,-2.3440000000000003,3.7325,0.007,311.971,0.1,-2.3685,3.7584999999999997,0.001,311.973,0.1,-2.387,3.8005,-0.01,311.974,0.1,-2.4035,3.8575,-0.0235,311.97,0.1,-2.426,3.9205,-0.035,311.959,0.1,-2.463,3.9825,-0.038000000000000006,311.946,0.1,-2.5140000000000002,4.0395,-0.034,311.934,0.1,-2.569,4.0845,-0.0325,311.926,0.1,-2.6189999999999998,4.1225000000000005,-0.039999999999999994,311.921,0.1,-2.6615,4.166,-0.052000000000000005,311.917,0.1,-2.6985,4.216,-0.0625,311.91,0.1,-2.731,4.2625,-0.072,311.901,0.1,
-2.3315,3.6384999999999996,-0.0075,311.97,0.1,-2.3114999999999997,3.659,-0.0055,311.968,0.1,-2.302,3.673,0.0015,311.967,0.1,-2.3075,3.6835,0.010499999999999999,311.966,0.1,-2.326,3.697,0.017,311.966,0.1,-2.3525,3.734,0.018000000000000002,311.966,0.1,-2.3785,3.798,0.014499999999999999,311.961,0.1,-2.399,3.871,0.006500000000000001,311.953,0.1,-2.4210000000000003,3.936,-0.0045000000000000005,311.944,0.1,-2.4565,3.9915000000000003,-0.012,311.932,0.1,-2.5065,4.043,-0.0165,311.92,0.1,-2.5575,4.0885,-0.020999999999999998,311.912,0.1,-2.5975,4.1295,-0.028499999999999998,311.909,0.1,-2.628,4.1705000000000005,-0.0375,311.907,0.1,-2.654,4.2125,-0.0445,311.902,0.1,-2.678,4.247,-0.056,311.894,0.1,
-2.3555,3.6405,0.006,311.953,0.1,-2.3369999999999997,3.666,0.003,311.954,0.1,-2.3235,3.6845,0.0095,311.955,0.1,-2.3200000000000003,3.699,0.0205,311.955,0.1,-2.3295000000000003,3.718,0.028999999999999998,311.955,0.1,-2.3529999999999998,3.7625,0.033,311.95,0.1,-2.3825,3.835,0.0325,311.941,0.1,-2.408,3.912,0.028,311.931,0.1,-2.4305000000000003,3.976,0.022,311.922,0.1,-2.46,4.0275,0.015,311.914,0.1,-2.5005,4.074,0.0055,311.905,0.1,-2.543,4.1175,-0.006500000000000001,311.899,0.1,-2.577,4.156000000000001,-0.0195,311.896,0.1,-2.6015,4.1915,-0.0275,311.894,0.1,-2.62,4.2235,-0.0315,311.891,0.1,-2.636,4.2490000000000006,-0.043,311.885,0.1,
-2.373,3.643,0.0,311.937,0.1,-2.3609999999999998,3.673,0.0015,311.938,0.1,-2.354,3.698,0.0125,311.938,0.1,-2.3525,3.718,0.026500000000000003,311.937,0.1,-2.3565,3.743,0.0345,311.935,0.1,-2.368,3.79,0.035,311.929,0.1,-2.387,3.862,0.031,311.919,0.1,-2.4095,3.937,0.025,311.909,0.1,-2.433,3.999,0.02,311.9,0.1,-2.46,4.05,0.017,311.894,0.1,-2.4915000000000003,4.095,0.011,311.889,0.1,-2.5235000000000003,4.137,-0.001,311.885,0.1,-2.552,4.173,-0.014499999999999999,311.883,0.1,-2.5755,4.205,-0.024,311.882,0.1,-2.594,4.232,-0.0275,311.879,0.1,-2.6094999999999997,4.255,-0.0345,311.874,0.1,
-2.743,3.6545,-0.068,312.083,0.1,-2.7800000000000002,3.7025,-0.051500000000000004,312.076,0.1,-2.79,3.752,-0.048,312.07,0.1,-2.7765,3.7895000000000003,-0.056999999999999995,312.068,0.1,-2.7615,3.8064999999999998,-0.07150000000000001,312.07,0.1,-2.769,3.8245,-0.0815,312.073,0.1,-2.8045,3.854,-0.08,312.073,0.1,-2.8485,3.891,-0.08,312.071,0.1,-2.875,3.9325,-0.0955,312.067,0.1,-2.8724999999999996,3.9749999999999996,-0.127,312.063,0.1,-2.8514999999999997,4.011,-0.163,312.061,0.1,-2.8385,4.0425,-0.1925,312.059,0.1,-2.8585000000000003,4.07,-0.2025,312.055,0.1,-2.9130000000000003,4.0969999999999995,-0.1905,312.049,0.1,-2.9715,4.132,-0.176,312.042,0.1,-2.997,4.1884999999999994,-0.17099999999999999,312.033,0.1,
-2.7175000000000002,3.693,-0.0835,312.077,0.1,-2.7505,3.74,-0.0675,312.069,0.1,-2.7605,3.7824999999999998,-0.062,312.063,0.1,-2.756,3.8185000000000002,-0.076,312.059,0.1,-2.7554999999999996,3.8435,-0.1015,312.057,0.1,-2.7735,3.8685,-0.118,312.055,0.1,-2.8064999999999998,3.8964999999999996,-0.1105,312.053,0.1,-2.837,3.9265,-0.088,312.054,0.1,-2.8455000000000004,3.9625,-0.0775,312.054,0.1,-2.826,4.0015,-0.0935,312.053,0.1,-2.794,4.031499999999999,-0.13,312.053,0.1,-2.7755,4.0585,-0.1725,312.052,0.1,-2.792,4.0825,-0.1995,312.051,0.1,-2.844,4.1065000000000005,-0.20350000000000001,312.048,0.1,-2.909,4.141,-0.1995,312.042,0.1,-2.9539999999999997,4.204,-0.194,312.029,0.1,
-2.6795,3.714,-0.0765,312.07,0.1,-2.7015000000000002,3.758,-0.0655,312.065,0.1,-2.7055,3.792,-0.0625,312.062,0.1,-2.7105,3.825,-0.0785,312.059,0.1,-2.7300000000000004,3.8615000000000004,-0.1115,312.055,0.1,-2.7615,3.8985,-0.1415,312.047,0.1,-2.7935,3.9295,-0.1425,312.041,0.1,-2.8135,3.9565,-0.112,312.039,0.1,-2.81,3.989,-0.079,312.038,0.1,-2.7815000000000003,4.023,-0.074,312.04,0.1,-2.7455,4.045999999999999,-0.1045,312.043,0.1,-2.7275,4.07,-0.1515,312.044,0.1,-2.7409999999999997,4.0945,-0.19,312.044,0.1,-2.7845,4.118,-0.20500000000000002,312.045,0.1,-2.8465,4.1525,-0.20450000000000002,312.042,0.1,-2.9015,4.2125,-0.1965,312.029,0.1,
-2.632,3.7135,-0.056,312.065,0.1,-2.645,3.7555,-0.054,312.061,0.1,-2.6435,3.785,-0.0565,312.061,0.1,-2.653,3.815,-0.0685,312.061,0.1,-2.6855,3.859,-0.098,312.056,0.1,-2.727,3.9085,-0.1335,312.046,0.1,-2.759,3.949,-0.15,312.036,0.1,-2.7725,3.9795,-0.13,312.029,0.1,-2.7635,4.01,-0.0915,312.025,0.1,-2.7355,4.0375,-0.0735,312.026,0.1,-2.7065,4.057,-0.0945,312.032,0.1,-2.6975,4.08,-0.14,312.035,0.1,-2.7140000000000004,4.1080000000000005,-0.1855,312.035,0.1,-2.7525000000000004,4.136,-0.207,312.036,0.1,-2.8070000000000004,4.172000000000001,-0.203,312.035,0.1,-2.8605,4.221,-0.1895,312.025,0.1,
-2.5795000000000003,3.6975,-0.033,312.062,0.1,-2.5905,3.7405,-0.041499999999999995,312.058,0.1,-2.5885,3.769,-0.0515,312.059,0.1,-2.5975,3.7965,-0.063,312.059,0.1,-2.629,3.841,-0.082,312.056,0.1,-2.6715,3.8994999999999997,-0.111,312.047,0.1,-2.705,3.9525,-0.132,312.035,0.1,-2.717,3.992,-0.1265,312.024,0.1,-2.707,4.0215,-0.0985,312.017,0.1,-2.684,4.0435,-0.0805,312.017,0.1,-2.6675,4.0635,-0.0945,312.023,0.1,-2.6734999999999998,4.0885,-0.136,312.026,0.1,-2.702,4.1215,-0.184,312.026,0.1,-2.745,4.157,-0.2085,312.024,0.1,-2.7935,4.1955,-0.2025,312.02,0.1,-2.8369999999999997,4.2325,-0.1845,312.013,0.1,
-2.526,3.6769999999999996,-0.015,312.061,0.1,-2.5395,3.7195,-0.028999999999999998,312.057,0.1,-2.54,3.7485,-0.0475,312.057,0.1,-2.5425,3.7735000000000003,-0.0655,312.056,0.1,-2.563,3.8155,-0.0815,312.052,0.1,-2.5995,3.8775,-0.0975,312.044,0.1,-2.6340000000000003,3.9395,-0.1085,312.034,0.1,-2.649,3.987,-0.106,312.023,0.1,-2.6414999999999997,4.0169999999999995,-0.09,312.015,0.1,-2.625,4.036,-0.08,312.015,0.1,-2.6205,4.0585,-0.0925,312.019,0.1,-2.6414999999999997,4.089,-0.1305,312.022,0.1,-2.6845,4.1285,-0.177,312.021,0.1,-2.7365,4.170999999999999,-0.2055,312.014,0.1,-2.7845,4.2125,-0.20350000000000001,312.004,0.1,-2.8205,4.242,-0.1865,311.997,0.1,
-2.475,3.6555,-0.0005,312.059,0.1,-2.4855,3.6915,-0.014499999999999999,312.057,0.1,-2.4835000000000003,3.7190000000000003,-0.038,312.057,0.1,-2.4770000000000003,3.7445000000000004,-0.0655,312.057,0.1,-2.4845,3.7865,-0.089,312.051,0.1,-2.5135,3.847,-0.1005,312.041,0.1,-2.5505,3.9105,-0.099,312.031,0.1,-2.5735,3.9605,-0.088,312.023,0.1,-2.5725,3.9915,-0.0745,312.018,0.1,-2.561,4.0104999999999995,-0.0695,312.019,0.1,-2.5645,4.035,-0.083,312.021,0.1,-2.5965,4.072,-0.11699999999999999,312.023,0.1,-2.651,4.119,-0.16,312.02,0.1,-2.713,4.1685,-0.192,312.009,0.1,-2.7675,4.213,-0.199,311.994,0.1,-2.8045,4.24,-0.191,311.984,0.1,
-2.423,3.6285,0.011,312.056,0.1,-2.4195,3.6535,-0.0005,312.058,0.1,-2.408,3.678,-0.023,312.061,0.1,-2.394,3.708,-0.0565,312.061,0.1,-2.394,3.7515,-0.088,312.055,0.1,-2.4195,3.807,-0.10350000000000001,312.044,0.1,-2.4615,3.8655,-0.0995,312.032,0.1,-2.4955,3.914,-0.08249999999999999,312.025,0.1,-2.5055,3.9465,-0.066,312.023,0.1,-2.4995000000000003,3.9684999999999997,-0.0615,312.024,0.1,-2.504,3.9935,-0.074,312.027,0.1,-2.5395,4.0335,-0.1015,312.026,0.1,-2.6014999999999997,4.086,-0.1375,312.02,0.1,-2.6710000000000003,4.1419999999999995,-0.1675,312.007,0.1,-2.731,4.1899999999999995,-0.1825,311.99,0.1,-2.773,4.2195,-0.189,311.978,0.1,
-2.3689999999999998,3.5915,0.0165,312.053,0.1,-2.3440000000000003,3.6085000000000003,0.007,312.058,0.1,-2.3194999999999997,3.6315,-0.013999999999999999,312.063,0.1,-2.303,3.6665,-0.0435,312.065,0.1,-2.3049999999999997,3.708,-0.0745,312.06,0.1,-2.3325,3.7545,-0.0945,312.049,0.1,-2.378,3.8034999999999997,-0.097,312.036,0.1,-2.42,3.8485,-0.08349999999999999,312.029,0.1,-2.44,3.8855,-0.068,312.027,0.1,-2.44,3.915,-0.0635,312.029,0.1,-2.445,3.9435000000000002,-0.074,312.031,0.1,-2.48,3.9815000000000005,-0.094,312.027,0.1,-2.545,4.032,-0.1175,312.018,0.1,-2.6180000000000003,4.0905000000000005,-0.138,312.004,0.1,-2.6785,4.1425,-0.1525,311.991,0.1,-2.7220000000000004,4.179,-0.1685,311.981,0.1,
-2.311,3.533,0.0205,312.052,0.1,-2.27,3.552,0.0115,312.056,0.1,-2.2365000000000004,3.5785,-0.006500000000000001,312.061,0.1,-2.2225,3.616,-0.0295,312.062,0.1,-2.232,3.652,-0.053,312.06,0.1,-2.2640000000000002,3.686,-0.07250000000000001,312.052,0.1,-2.308,3.722,-0.08149999999999999,312.042,0.1,-2.348,3.763,-0.0785,312.035,0.1,-2.371,3.8075,-0.0695,312.033,0.1,-2.3789999999999996,3.8505000000000003,-0.0665,312.033,0.1,-2.3914999999999997,3.8885,-0.0735,312.031,0.1,-2.4295,3.9234999999999998,-0.08549999999999999,312.023,0.1,-2.4939999999999998,3.966,-0.099,312.012,0.1,-2.5645,4.0205,-0.109,312.0,0.1,-2.621,4.0765,-0.119,311.991,0.1,-2.66,4.1240000000000006,-0.1345,311.985,0.1,
-2.2305,3.443,0.0235,312.056,0.1,-2.1875,3.472,0.0165,312.057,0.1,-2.157,3.5060000000000002,0.005,312.059,0.1,-2.152,3.545,-0.01,312.059,0.1,-2.17,3.576,-0.025,312.058,0.1,-2.2030000000000003,3.599,-0.039999999999999994,312.055,0.1,-2.2395,3.624,-0.054000000000000006,312.049,0.1,-2.271,3.6630000000000003,-0.062,312.045,0.1,-2.294,3.716,-0.061,312.041,0.1,-2.3120000000000003,3.774,-0.058499999999999996,312.036,0.1,-2.3375000000000004,3.8235,-0.057999999999999996,312.029,0.1,-2.3825000000000003,3.8594999999999997,-0.063,312.019,0.1,-2.4450000000000003,3.8955,-0.07350000000000001,312.008,0.1,-2.5090000000000003,3.9455,-0.08349999999999999,311.998,0.1,-2.5585,4.006,-0.0925,311.991,0.1,-2.5915,4.0655,-0.106,311.986,0.1,
-2.13,3.349,0.0125,312.066,0.1,-2.098,3.3845,0.013000000000000001,312.064,0.1,-2.0815,3.4219999999999997,0.010499999999999999,312.062,0.1,-2.0885,3.458,0.0065,312.059,0.1,-2.113,3.4855,0.0005,312.057,0.1,-2.1425,3.5060000000000002,-0.01,312.058,0.1,-2.17,3.532,-0.026,312.059,0.1,-2.1944999999999997,3.577,-0.041499999999999995,312.056,0.1,-2.2190000000000003,3.6375,-0.048,312.047,0.1,-2.248,3.7025,-0.046,312.036,0.1,-2.2865,3.7595,-0.03949999999999999,312.025,0.1,-2.3365,3.8005,-0.0385,312.016,0.1,-2.3925,3.838,-0.048,312.009,0.1,-2.4459999999999997,3.8884999999999996,-0.063,312.002,0.1,-2.4895,3.9524999999999997,-0.076,311.995,0.1,-2.5220000000000002,4.0175,-0.087,311.987,0.1,
-2.0675,3.298,-0.006,312.067,0.1,-2.045,3.3295,-0.0005,312.064,0.1,-2.0385,3.3594999999999997,0.0055,312.06,0.1,-2.051,3.3845,0.0115,312.056,0.1,-2.0759999999999996,3.4065000000000003,0.013000000000000001,312.054,0.1,-2.1029999999999998,3.4345,0.0075,312.056,0.1,-2.1275,3.479,-0.004,312.059,0.1,-2.15,3.54,-0.018500000000000003,312.056,0.1,-2.1755,3.6055,-0.03,312.045,0.1,-2.21,3.667,-0.0325,312.03,0.1,-2.2545,3.7235,-0.028,312.016,0.1,-2.303,3.7705,-0.026000000000000002,312.008,0.1,-2.349,3.815,-0.034,312.005,0.1,-2.391,3.868,-0.0475,312.002,0.1,-2.428,3.9305,-0.0595,311.995,0.1,-2.4589999999999996,3.989,-0.07,311.985,0.1,
-2.071,3.2925,-0.006500000000000001,312.052,0.1,-2.0505,3.318,-0.0045000000000000005,312.05,0.1,-2.0404999999999998,3.3375000000000004,0.003,312.048,0.1,-2.0445,3.3525,0.0125,312.047,0.1,-2.062,3.3695000000000004,0.0195,312.047,0.1,-2.09,3.4085,0.020499999999999997,312.048,0.1,-2.121,3.4755000000000003,0.0175,312.044,0.1,-2.1470000000000002,3.553,0.0095,312.037,0.1,-2.1704999999999997,3.6205,-0.001,312.027,0.1,-2.2015000000000002,3.6765,-0.0085,312.015,0.1,-2.2430000000000003,3.728,-0.013,312.002,0.1,-2.287,3.7785,-0.0175,311.994,0.1,-2.325,3.8275,-0.025500000000000002,311.992,0.1,-2.3565,3.879,-0.0345,311.991,0.1,-2.384,3.9325,-0.041999999999999996,311.986,0.1,-2.4074999999999998,3.9770000000000003,-0.0535,311.978,0.1,
-2.0955,3.3025,0.0055,312.034,0.1,-2.0765000000000002,3.3295000000000003,0.0025,312.034,0.1,-2.0620000000000003,3.3515,0.009,312.035,0.1,-2.0575,3.3689999999999998,0.0195,312.035,0.1,-2.0665,3.39,0.0275,312.035,0.1,-2.0905,3.437,0.031,312.031,0.1,-2.122,3.5125,0.0315,312.022,0.1,-2.15,3.5934999999999997,0.028,312.012,0.1,-2.173,3.6605,0.0235,312.004,0.1,-2.199,3.7145,0.0165,311.996,0.1,-2.2325,3.7640000000000002,0.006500000000000001,311.988,0.1,-2.268,3.8145,-0.006,311.981,0.1,-2.2995,3.8615000000000004,-0.0185,311.977,0.1,-2.326,3.9050000000000002,-0.026000000000000002,311.976,0.1,-2.347,3.9455,-0.0305,311.974,0.1,-2.3635,3.978,-0.041,311.97,0.1,
-2.1109999999999998,3.308,-0.0015,312.016,0.1,-2.0995,3.338,0.0,312.018,0.1,-2.091,3.366,0.009999999999999998,312.018,0.1,-2.0875000000000004,3.389,0.0235,312.017,0.1,-2.0905,3.415,0.03,312.016,0.1,-2.102,3.465,0.0305,312.01,0.1,-2.121,3.54,0.027000000000000003,312.0,0.1,-2.143,3.618,0.0225,311.99,0.1,-2.1654999999999998,3.684,0.0195,311.982,0.1,-2.1895,3.738,0.017,311.977,0.1,-2.216,3.788,0.011,311.972,0.1,-2.2445,3.838,-0.001,311.968,0.1,-2.2725,3.882,-0.014,311.965,0.1,-2.2975000000000003,3.92,-0.0235,311.963,0.1,-2.318,3.954,-0.0275,311.961,0.1,-2.334,3.982,-0.0345,311.958,0.1,
-2.439,3.308,-0.0685,312.161,0.1,-2.478,3.3514999999999997,-0.054,312.155,0.1,-2.4965,3.402,-0.052000000000000005,312.149,0.1,-2.4930000000000003,3.448,-0.061,312.144,0.1,-2.4850000000000003,3.4755000000000003,-0.074,312.145,0.1,-2.4935,3.4995,-0.0825,312.147,0.1,-2.5225,3.5305,-0.08,312.147,0.1,-2.5564999999999998,3.564,-0.0795,312.148,0.1,-2.575,3.6015,-0.097,312.146,0.1,-2.569,3.6435,-0.1295,312.142,0.1,-2.549,3.6825,-0.1645,312.139,0.1,-2.538,3.718,-0.1915,312.136,0.1,-2.556,3.753,-0.1995,312.129,0.1,-2.6029999999999998,3.785,-0.188,312.122,0.1,-2.6545,3.8215000000000003,-0.176,312.115,0.1,-2.6805000000000003,3.8810000000000002,-0.1745,312.106,0.1,
-2.4160000000000004,3.3425000000000002,-0.0825,312.157,0.1,-2.4505,3.3834999999999997,-0.0685,312.151,0.1,-2.4655,3.4255,-0.0645,312.144,0.1,-2.467,3.4684999999999997,-0.0785,312.138,0.1,-2.4705000000000004,3.5045,-0.103,312.134,0.1,-2.4875,3.5385,-0.1185,312.13,0.1,-2.5155000000000003,3.5705,-0.1095,312.128,0.1,-2.54,3.5965,-0.0875,312.13,0.1,-2.545,3.6260000000000003,-0.079,312.133,0.1,-2.526,3.66,-0.096,312.133,0.1,-2.4965,3.6900000000000004,-0.132,312.133,0.1,-2.4800000000000004,3.72,-0.17149999999999999,312.13,0.1,-2.495,3.753,-0.1965,312.126,0.1,-2.542,3.784,-0.2,312.121,0.1,-2.6025,3.8235,-0.1985,312.116,0.1,-2.6485000000000003,3.8925,-0.1965,312.103,0.1,
-2.38,3.3595,-0.0735,312.154,0.1,-2.4035,3.3979999999999997,-0.065,312.15,0.1,-2.4095,3.4299999999999997,-0.0635,312.147,0.1,-2.4154999999999998,3.4684999999999997,-0.0795,312.143,0.1,-2.4345,3.5145,-0.111,312.136,0.1,-2.465,3.5620000000000003,-0.14,312.125,0.1,-2.496,3.598,-0.14100000000000001,312.116,0.1,-2.516,3.621,-0.1115,312.115,0.1,-2.514,3.6445,-0.0805,312.117,0.1,-2.488,3.671,-0.0765,312.12,0.1,-2.455,3.693,-0.106,312.124,0.1,-2.4375,3.7215,-0.1505,312.123,0.1,-2.4485,3.757,-0.1865,312.12,0.1,-2.4895,3.7895,-0.201,312.119,0.1,-2.551,3.8315,-0.202,312.117,0.1,-2.6085000000000003,3.8975,-0.197,312.103,0.1,
-2.334,3.3529999999999998,-0.052000000000000005,312.152,0.1,-2.35,3.392,-0.052,312.15,0.1,-2.349,3.4210000000000003,-0.056,312.151,0.1,-2.356,3.4555,-0.068,312.15,0.1,-2.385,3.5075000000000003,-0.0955,312.141,0.1,-2.426,3.5655,-0.1305,312.127,0.1,-2.4615,3.6095,-0.148,312.114,0.1,-2.4805,3.636,-0.1295,312.106,0.1,-2.476,3.6565000000000003,-0.093,312.104,0.1,-2.45,3.6769999999999996,-0.076,312.107,0.1,-2.4215,3.6965,-0.096,312.113,0.1,-2.4105,3.7275,-0.1395,312.114,0.1,-2.4234999999999998,3.7675,-0.1825,312.111,0.1,-2.4610000000000003,3.806,-0.203,312.111,0.1,-2.518,3.8495,-0.199,312.11,0.1,-2.5755,3.902,-0.187,312.099,0.1,
-2.2824999999999998,3.3305,-0.028999999999999998,312.154,0.1,-2.2975,3.3725,-0.0385,312.152,0.1,-2.2969999999999997,3.404,-0.0505,312.151,0.1,-2.3025,3.4365,-0.061,312.15,0.1,-2.33,3.4875,-0.0785,312.143,0.1,-2.3725,3.5505,-0.1065,312.13,0.1,-2.412,3.6035000000000004,-0.1285,312.116,0.1,-2.4335,3.638,-0.1255,312.103,0.1,-2.43,3.659,-0.1,312.096,0.1,-2.4085,3.6769999999999996,-0.083,312.097,0.1,-2.3895,3.7,-0.096,312.102,0.1,-2.3905,3.736,-0.136,312.104,0.1,-2.413,3.7809999999999997,-0.182,312.101,0.1,-2.4539999999999997,3.8265000000000002,-0.20500000000000002,312.098,0.1,-2.5060000000000002,3.871,-0.198,312.094,0.1,-2.5534999999999997,3.9085,-0.18,312.087,0.1,
-2.2350000000000003,3.303,-0.011,312.157,0.1,-2.2515,3.3465,-0.025500000000000002,312.154,0.1,-2.2525,3.38,-0.046,312.151,0.1,-2.253,3.4125,-0.0645,312.148,0.1,-2.271,3.4605,-0.079,312.139,0.1,-2.3085,3.523,-0.0925,312.128,0.1,-2.35,3.581,-0.10350000000000001,312.116,0.1,-2.375,3.622,-0.1035,312.105,0.1,-2.3745,3.646,-0.0905,312.097,0.1,-2.3585000000000003,3.6654999999999998,-0.082,312.095,0.1,-2.3495,3.6950000000000003,-0.094,312.096,0.1,-2.3635,3.739,-0.1295,312.098,0.1,-2.3985,3.7895,-0.175,312.095,0.1,-2.4459999999999997,3.839,-0.202,312.088,0.1,-2.4955,3.883,-0.199,312.078,0.1,-2.535,3.912,-0.181,312.072,0.1,
-2.1915,3.2735000000000003,0.0025,312.156,0.1,-2.2035,3.312,-0.0115,312.155,0.1,-2.202,3.3455000000000004,-0.036000000000000004,312.154,0.1,-2.1955,3.3805,-0.0645,312.149,0.1,-2.2025,3.4285,-0.0875,312.138,0.1,-2.2335000000000003,3.4875,-0.096,312.125,0.1,-2.277,3.5439999999999996,-0.093,312.115,0.1,-2.3085,3.5875,-0.08349999999999999,312.107,0.1,-2.3135000000000003,3.6159999999999997,-0.0735,312.102,0.1,-2.3025,3.6395,-0.07050000000000001,312.1,0.1,-2.3005,3.6745,-0.0835,312.099,0.1,-2.3235,3.725,-0.115,312.098,0.1,-2.3685,3.7800000000000002,-0.156,312.094,0.1,-2.4234999999999998,3.8325,-0.188,312.084,0.1,-2.476,3.8754999999999997,-0.1945,312.069,0.1,-2.5145,3.9035,-0.1865,312.059,0.1,
-2.1470000000000002,3.2385,0.013000000000000001,312.153,0.1,-2.145,3.2675,0.002,312.154,0.1,-2.134,3.2995,-0.020999999999999998,312.157,0.1,-2.121,3.34,-0.055,312.155,0.1,-2.1225,3.3895,-0.086,312.145,0.1,-2.1494999999999997,3.443,-0.099,312.13,0.1,-2.1950000000000003,3.4935,-0.0925,312.117,0.1,-2.2355,3.537,-0.076,312.11,0.1,-2.251,3.5715,-0.062,312.108,0.1,-2.2455,3.6015,-0.0605,312.108,0.1,-2.2445000000000004,3.6390000000000002,-0.0735,312.106,0.1,-2.27,3.688,-0.098,312.103,0.1,-2.322,3.7435,-0.131,312.096,0.1,-2.3845,3.7975,-0.161,312.083,0.1,-2.441,3.8435,-0.177,312.066,0.1,-2.4825,3.877,-0.1845,312.055,0.1,
-2.0995,3.1935000000000002,0.018000000000000002,312.148,0.1,-2.0774999999999997,3.2169999999999996,0.0085,312.151,0.1,-2.0545,3.249,-0.0125,312.156,0.1,-2.0395000000000003,3.294,-0.041999999999999996,312.157,0.1,-2.042,3.3425000000000002,-0.07100000000000001,312.151,0.1,-2.0694999999999997,3.388,-0.089,312.138,0.1,-2.1165,3.431,-0.089,312.124,0.1,-2.1624999999999996,3.4725,-0.075,312.115,0.1,-2.1875,3.5140000000000002,-0.062,312.113,0.1,-2.1895,3.5540000000000003,-0.061,312.113,0.1,-2.19,3.5934999999999997,-0.072,312.111,0.1,-2.215,3.635,-0.0885,312.105,0.1,-2.2685000000000004,3.6825,-0.109,312.095,0.1,-2.334,3.7355,-0.1285,312.083,0.1,-2.392,3.7880000000000003,-0.1455,312.07,0.1,-2.4355,3.833,-0.1635,312.06,0.1,
-2.0455,3.128,0.022,312.145,0.1,-2.009,3.157,0.012,312.148,0.1,-1.9785,3.1935000000000002,-0.0055,312.151,0.1,-1.9660000000000002,3.2405,-0.027,312.152,0.1,-1.975,3.2835,-0.0485,312.15,0.1,-2.0045,3.319,-0.0655,312.142,0.1,-2.0475000000000003,3.3535,-0.07250000000000001,312.132,0.1,-2.0905,3.3925,-0.0695,312.124,0.1,-2.12,3.441,-0.0625,312.12,0.1,-2.1325,3.4924999999999997,-0.062,312.117,0.1,-2.142,3.537,-0.069,312.112,0.1,-2.1695,3.572,-0.079,312.103,0.1,-2.2215,3.6085,-0.089,312.092,0.1,-2.284,3.658,-0.099,312.081,0.1,-2.3385,3.718,-0.111,312.073,0.1,-2.3795,3.7775,-0.1295,312.066,0.1,
-1.9695,3.0345,0.0245,312.148,0.1,-1.932,3.0755,0.0175,312.148,0.1,-1.9055,3.1205,0.006500000000000001,312.149,0.1,-1.9,3.1685,-0.006500000000000001,312.147,0.1,-1.9155,3.206,-0.019,312.146,0.1,-1.946,3.2325,-0.032,312.144,0.1,-1.9825,3.26,-0.0455,312.14,0.1,-2.0175,3.2995,-0.053500000000000006,312.135,0.1,-2.0469999999999997,3.354,-0.053500000000000006,312.129,0.1,-2.0700000000000003,3.4145,-0.052000000000000005,312.121,0.1,-2.0940000000000003,3.4655,-0.051500000000000004,312.112,0.1,-2.13,3.5,-0.05499999999999999,312.101,0.1,-2.18,3.533,-0.064,312.091,0.1,-2.2355,3.582,-0.075,312.083,0.1,-2.2835,3.6494999999999997,-0.086,312.076,0.1,-2.3185000000000002,3.7225,-0.10200000000000001,312.069,0.1,
-1.879,2.941,0.013999999999999999,312.157,0.1,-1.851,2.9875,0.015,312.154,0.1,-1.8365,3.037,0.0135,312.151,0.1,-1.8415,3.082,0.0115,312.146,0.1,-1.862,3.1155,0.007,312.144,0.1,-1.8900000000000001,3.14,-0.002,312.146,0.1,-1.92,3.1704999999999997,-0.018,312.149,0.1,-1.9500000000000002,3.218,-0.0345,312.147,0.1,-1.9795,3.2775,-0.041499999999999995,312.137,0.1,-2.01,3.3405,-0.03949999999999999,312.123,0.1,-2.045,3.394,-0.032,312.11,0.1,-2.0865,3.4335,-0.03,312.101,0.1,-2.134,3.473,-0.039999999999999994,312.095,0.1,-2.1814999999999998,3.529,-0.056499999999999995,312.089,0.1,-2.2225,3.6025,-0.07150000000000001,312.081,0.1,-2.2545,3.6814999999999998,-0.08449999999999999,312.071,0.1,
-1.8265,2.894,-0.004,312.155,0.1,-1.8054999999999999,2.9345,0.0025,312.151,0.1,-1.7985,2.9755000000000003,0.009,312.146,0.1,-1.807,3.01,0.0165,312.141,0.1,-1.8275000000000001,3.037,0.019,312.139,0.1,-1.855,3.068,0.014499999999999999,312.142,0.1,-1.885,3.1159999999999997,0.0025,312.147,0.1,-1.9144999999999999,3.1795,-0.013000000000000001,312.145,0.1,-1.943,3.2439999999999998,-0.0245,312.133,0.1,-1.9735,3.3025,-0.027,312.117,0.1,-2.0095,3.3535000000000004,-0.022,312.101,0.1,-2.05,3.4,-0.0195,312.094,0.1,-2.092,3.45,-0.028,312.091,0.1,-2.1319999999999997,3.5135,-0.042499999999999996,312.089,0.1,-2.167,3.588,-0.0565,312.081,0.1,-2.1955,3.66,-0.068,312.07,0.1,
-1.8355000000000001,2.8970000000000002,-0.0055,312.136,0.1,-1.815,2.9275,-0.003,312.133,0.1,-1.803,2.955,0.005,312.131,0.1,-1.803,2.978,0.015,312.129,0.1,-1.8170000000000002,3.0,0.0225,312.13,0.1,-1.8455,3.04,0.024,312.131,0.1,-1.881,3.108,0.020499999999999997,312.128,0.1,-1.913,3.1864999999999997,0.0125,312.122,0.1,-1.9385,3.2545,0.0025,312.113,0.1,-1.9635,3.308,-0.005,312.101,0.1,-1.9940000000000002,3.357,-0.0095,312.088,0.1,-2.0285,3.4095,-0.014499999999999999,312.079,0.1,-2.0635,3.466,-0.0225,312.076,0.1,-2.097,3.5295,-0.0315,312.075,0.1,-2.125,3.5955,-0.0395,312.07,0.1,-2.1455,3.651,-0.051000000000000004,312.063,0.1,
-1.8605,2.9165,0.005,312.116,0.1,-1.8415,2.9444999999999997,0.002,312.115,0.1,-1.8255,2.9699999999999998,0.0085,312.115,0.1,-1.8175,2.9930000000000003,0.0185,312.115,0.1,-1.823,3.0185,0.026000000000000002,312.116,0.1,-1.8455,3.0650000000000004,0.0295,312.113,0.1,-1.8780000000000001,3.14,0.0305,312.105,0.1,-1.9085,3.2205,0.028,312.096,0.1,-1.932,3.2885,0.0245,312.089,0.1,-1.9535,3.3425000000000002,0.018000000000000002,312.082,0.1,-1.9780000000000002,3.394,0.0075,312.073,0.1,-2.0060000000000002,3.45,-0.0055,312.065,0.1,-2.0355,3.505,-0.0175,312.06,0.1,-2.0635,3.5585,-0.0245,312.058,0.1,-2.0865,3.6085000000000003,-0.028999999999999998,312.056,0.1,-2.1015,3.649,-0.039,312.053,0.1,
-1.8719999999999999,2.926,-0.003,312.097,0.1,-1.8605,2.956,-0.002,312.098,0.1,-1.8505,2.985,0.008,312.098,0.1,-1.8435000000000001,3.012,0.020499999999999997,312.098,0.1,-1.8425,3.042,0.025500000000000002,312.098,0.1,-1.8515000000000001,3.091,0.025500000000000002,312.093,0.1,-1.87,3.165,0.023,312.083,0.1,-1.8915,3.242,0.02,312.074,0.1,-1.912,3.309,0.0185,312.067,0.1,-1.9325,3.365,0.017,312.062,0.1,-1.9545,3.419,0.011,312.057,0.1,-1.9795,3.476,-0.001,312.051,0.1,-2.0065,3.528,-0.014,312.046,0.1,-2.0324999999999998,3.574,-0.0225,312.044,0.1,-2.0540000000000003,3.615,-0.027,312.042,0.1,-2.069,3.65,-0.034,312.041,0.1,
-2.135,2.9619999999999997,-0.0695,312.239,0.1,-2.176,3.0,-0.056,312.234,0.1,-2.2024999999999997,3.052,-0.0555,312.227,0.1,-2.209,3.1065,-0.0645,312.221,0.1,-2.209,3.144,-0.0765,312.219,0.1,-2.2184999999999997,3.174,-0.0835,312.221,0.1,-2.2409999999999997,3.207,-0.0795,312.222,0.1,-2.2649999999999997,3.237,-0.079,312.225,0.1,-2.2744999999999997,3.271,-0.099,312.225,0.1,-2.2655000000000003,3.3120000000000003,-0.1325,312.222,0.1,-2.2475,3.3535000000000004,-0.166,312.218,0.1,-2.238,3.3945,-0.1905,312.212,0.1,-2.253,3.436,-0.197,312.204,0.1,-2.2925,3.4725,-0.1855,312.195,0.1,-2.3375000000000004,3.5105,-0.176,312.188,0.1,-2.364,3.5730000000000004,-0.178,312.18,0.1,
-2.1145,2.9924999999999997,-0.082,312.238,0.1,-2.1505,3.0275,-0.07,312.233,0.1,-2.1710000000000003,3.0685000000000002,-0.0675,312.226,0.1,-2.1785,3.119,-0.081,312.217,0.1,-2.1855,3.1654999999999998,-0.1045,312.211,0.1,-2.202,3.2085,-0.119,312.205,0.1,-2.225,3.245,-0.1085,312.202,0.1,-2.2430000000000003,3.267,-0.087,312.207,0.1,-2.2439999999999998,3.2889999999999997,-0.0805,312.212,0.1,-2.2255000000000003,3.3185000000000002,-0.0985,312.214,0.1,-2.1995,3.348,-0.134,312.213,0.1,-2.1849999999999996,3.3825,-0.1705,312.209,0.1,-2.1975,3.423,-0.193,312.201,0.1,-2.239,3.4615,-0.1965,312.195,0.1,-2.2955,3.5055,-0.1975,312.19,0.1,-2.343,3.5805,-0.1995,312.176,0.1,
-2.081,3.005,-0.07100000000000001,312.237,0.1,-2.1065,3.038,-0.0645,312.236,0.1,-2.114,3.0685000000000002,-0.0645,312.233,0.1,-2.1205,3.112,-0.08,312.227,0.1,-2.1395,3.1675,-0.1105,312.217,0.1,-2.1695,3.225,-0.1385,312.203,0.1,-2.1995,3.2675,-0.139,312.192,0.1,-2.2190000000000003,3.2859999999999996,-0.111,312.192,0.1,-2.2175000000000002,3.3,-0.082,312.196,0.1,-2.1935000000000002,3.319,-0.079,312.201,0.1,-2.1635,3.339,-0.108,312.205,0.1,-2.1470000000000002,3.3735,-0.15,312.203,0.1,-2.156,3.419,-0.1835,312.196,0.1,-2.1945,3.462,-0.197,312.194,0.1,-2.2555,3.5095,-0.1995,312.191,0.1,-2.3155,3.582,-0.1975,312.177,0.1,
-2.0355,2.993,-0.048,312.24,0.1,-2.0540000000000003,3.0285,-0.05,312.24,0.1,-2.0535,3.057,-0.0555,312.241,0.1,-2.0585,3.096,-0.0675,312.238,0.1,-2.0845000000000002,3.1555,-0.093,312.227,0.1,-2.1245000000000003,3.2215,-0.1275,312.208,0.1,-2.1635,3.2705,-0.1455,312.191,0.1,-2.1885000000000003,3.292,-0.1285,312.184,0.1,-2.1885000000000003,3.3034999999999997,-0.095,312.182,0.1,-2.165,3.3165,-0.0785,312.187,0.1,-2.1375,3.3354999999999997,-0.0975,312.193,0.1,-2.1245000000000003,3.3745000000000003,-0.139,312.192,0.1,-2.1340000000000003,3.4265,-0.18,312.187,0.1,-2.17,3.4765,-0.1985,312.185,0.1,-2.229,3.5265,-0.195,312.184,0.1,-2.2904999999999998,3.5835,-0.185,312.173,0.1,
-1.9865,2.964,-0.025,312.246,0.1,-2.0045,3.0045,-0.036000000000000004,312.245,0.1,-2.0045,3.0380000000000003,-0.049,312.244,0.1,-2.0075,3.076,-0.0595,312.24,0.1,-2.0309999999999997,3.134,-0.0755,312.23,0.1,-2.0735,3.2009999999999996,-0.10200000000000001,312.213,0.1,-2.1189999999999998,3.2545,-0.125,312.196,0.1,-2.1494999999999997,3.2835,-0.1245,312.183,0.1,-2.1529999999999996,3.2965,-0.1015,312.176,0.1,-2.1334999999999997,3.31,-0.08549999999999999,312.177,0.1,-2.1125,3.3365,-0.0975,312.181,0.1,-2.108,3.383,-0.1355,312.181,0.1,-2.1245000000000003,3.4405,-0.1795,312.176,0.1,-2.1630000000000003,3.4965,-0.201,312.172,0.1,-2.2175000000000002,3.5465,-0.1935,312.168,0.1,-2.27,3.585,-0.176,312.161,0.1,
-1.9435,2.9290000000000003,-0.0075,312.253,0.1,-1.9625,2.9725,-0.0225,312.25,0.1,-1.9645000000000001,3.011,-0.044,312.246,0.1,-1.9635,3.0505,-0.063,312.239,0.1,-1.9785,3.105,-0.0765,312.226,0.1,-2.017,3.1685,-0.088,312.212,0.1,-2.066,3.223,-0.099,312.199,0.1,-2.101,3.2569999999999997,-0.101,312.187,0.1,-2.1075,3.275,-0.0915,312.178,0.1,-2.0925000000000002,3.294,-0.084,312.175,0.1,-2.0795,3.332,-0.0955,312.174,0.1,-2.0854999999999997,3.3884999999999996,-0.1285,312.173,0.1,-2.112,3.4505,-0.1725,312.169,0.1,-2.1550000000000002,3.5075,-0.1985,312.162,0.1,-2.2055,3.5540000000000003,-0.1945,312.153,0.1,-2.2489999999999997,3.5815,-0.1755,312.146,0.1,
-1.9075,2.8914999999999997,0.005,312.253,0.1,-1.9209999999999998,2.9314999999999998,-0.0085,312.252,0.1,-1.92,2.972,-0.0335,312.25,0.1,-1.9135,3.016,-0.0635,312.242,0.1,-1.92,3.0700000000000003,-0.086,312.226,0.1,-1.9525000000000001,3.128,-0.0915,312.21,0.1,-2.0025,3.178,-0.087,312.199,0.1,-2.043,3.214,-0.0785,312.192,0.1,-2.0545,3.24,-0.072,312.187,0.1,-2.0435,3.268,-0.0715,312.182,0.1,-2.0355,3.314,-0.084,312.177,0.1,-2.05,3.3775,-0.1125,312.174,0.1,-2.0865,3.4415,-0.152,312.168,0.1,-2.135,3.496,-0.184,312.158,0.1,-2.185,3.5389999999999997,-0.19,312.143,0.1,-2.225,3.5665,-0.1815,312.134,0.1,
-1.8715000000000002,2.848,0.015,312.249,0.1,-1.871,2.8805,0.0045000000000000005,312.25,0.1,-1.8605,2.9215,-0.019,312.252,0.1,-1.8485,2.9715,-0.0535,312.249,0.1,-1.8505,3.0275,-0.084,312.235,0.1,-1.879,3.0795,-0.0945,312.216,0.1,-1.929,3.122,-0.08549999999999999,312.202,0.1,-1.976,3.1595,-0.0695,312.195,0.1,-1.997,3.196,-0.058499999999999996,312.193,0.1,-1.9915,3.2350000000000003,-0.0595,312.191,0.1,-1.9845000000000002,3.2835,-0.0725,312.186,0.1,-2.001,3.343,-0.094,312.179,0.1,-2.0435,3.401,-0.1245,312.171,0.1,-2.098,3.4530000000000003,-0.1545,312.158,0.1,-2.1505,3.498,-0.17149999999999999,312.142,0.1,-2.1925,3.5345,-0.18,312.132,0.1,
-1.8295,2.795,0.0195,312.242,0.1,-1.811,2.825,0.009999999999999998,312.245,0.1,-1.7894999999999999,2.867,-0.011,312.249,0.1,-1.7755,2.9215,-0.04,312.25,0.1,-1.7795,2.9764999999999997,-0.0675,312.243,0.1,-1.807,3.0215,-0.08299999999999999,312.227,0.1,-1.8544999999999998,3.0585,-0.0805,312.212,0.1,-1.9049999999999998,3.0965,-0.067,312.202,0.1,-1.936,3.1425,-0.056499999999999995,312.198,0.1,-1.94,3.193,-0.058499999999999996,312.197,0.1,-1.9355,3.2430000000000003,-0.0695,312.192,0.1,-1.9495,3.2895,-0.08349999999999999,312.183,0.1,-1.9915,3.333,-0.1005,312.172,0.1,-2.0495,3.3810000000000002,-0.1195,312.161,0.1,-2.105,3.434,-0.1385,312.149,0.1,-2.1494999999999997,3.487,-0.1585,312.139,0.1,
-1.7795,2.7235,0.0235,312.238,0.1,-1.7475,2.762,0.0125,312.239,0.1,-1.7205,2.809,-0.0045000000000000005,312.242,0.1,-1.709,2.865,-0.025,312.242,0.1,-1.7175,2.9145,-0.044,312.24,0.1,-1.7455,2.9515000000000002,-0.058499999999999996,312.233,0.1,-1.7875,2.984,-0.064,312.222,0.1,-1.8335,3.0220000000000002,-0.0605,312.213,0.1,-1.8695,3.0745,-0.055499999999999994,312.206,0.1,-1.8864999999999998,3.1340000000000003,-0.057499999999999996,312.201,0.1,-1.8935,3.186,-0.065,312.193,0.1,-1.9100000000000001,3.2215,-0.07250000000000001,312.183,0.1,-1.9485000000000001,3.252,-0.0795,312.172,0.1,-2.0035,3.2960000000000003,-0.089,312.162,0.1,-2.057,3.359,-0.10300000000000001,312.155,0.1,-2.0995,3.431,-0.1245,312.148,0.1,
-1.709,2.6260000000000003,0.026000000000000002,312.24,0.1,-1.6764999999999999,2.679,0.0185,312.24,0.1,-1.6535,2.7350000000000003,0.008,312.238,0.1,-1.6484999999999999,2.7915,-0.003,312.235,0.1,-1.6615,2.8354999999999997,-0.013000000000000001,312.234,0.1,-1.689,2.8659999999999997,-0.024,312.234,0.1,-1.7255,2.8955,-0.037000000000000005,312.231,0.1,-1.7645,2.936,-0.045,312.226,0.1,-1.8,2.992,-0.0465,312.217,0.1,-1.828,3.055,-0.046,312.206,0.1,-1.851,3.108,-0.045,312.194,0.1,-1.8775,3.1415,-0.047,312.183,0.1,-1.915,3.1704999999999997,-0.0545,312.175,0.1,-1.9620000000000002,3.2185,-0.0665,312.167,0.1,-2.008,3.292,-0.08,312.16,0.1,-2.0445,3.379,-0.098,312.153,0.1,
-1.6285,2.532,0.0155,312.248,0.1,-1.6035,2.5904999999999996,0.017,312.245,0.1,-1.591,2.6515000000000004,0.0165,312.239,0.1,-1.5939999999999999,2.7055,0.0165,312.233,0.1,-1.6105,2.7455,0.013500000000000002,312.23,0.1,-1.6375000000000002,2.7744999999999997,0.0055,312.234,0.1,-1.6705,2.809,-0.0105,312.239,0.1,-1.706,2.859,-0.0275,312.237,0.1,-1.7405,2.918,-0.035,312.226,0.1,-1.7719999999999998,2.9779999999999998,-0.0325,312.21,0.1,-1.8025,3.029,-0.0245,312.194,0.1,-1.8365,3.067,-0.022,312.185,0.1,-1.8755,3.1075,-0.032,312.181,0.1,-1.9165,3.1685,-0.05,312.176,0.1,-1.955,3.252,-0.067,312.167,0.1,-1.9865,3.3449999999999998,-0.0815,312.155,0.1,
-1.5865,2.4895,-0.002,312.243,0.1,-1.5665,2.5389999999999997,0.005,312.238,0.1,-1.5585,2.591,0.013,312.232,0.1,-1.5635,2.6345,0.0215,312.226,0.1,-1.58,2.668,0.025,312.224,0.1,-1.607,2.702,0.0215,312.228,0.1,-1.642,2.753,0.009000000000000001,312.234,0.1,-1.6785,2.8194999999999997,-0.007,312.233,0.1,-1.7105000000000001,2.883,-0.0195,312.221,0.1,-1.738,2.937,-0.0215,312.203,0.1,-1.7654999999999998,2.984,-0.016,312.186,0.1,-1.7974999999999999,3.0295,-0.013000000000000001,312.179,0.1,-1.8345,3.085,-0.022,312.178,0.1,-1.873,3.1585,-0.038,312.176,0.1,-1.9064999999999999,3.246,-0.0535,312.168,0.1,-1.932,3.3315,-0.0655,312.155,0.1,
-1.6005,2.5015,-0.0045000000000000005,312.221,0.1,-1.58,2.537,-0.0015,312.217,0.1,-1.5659999999999998,2.5725,0.007,312.214,0.1,-1.5619999999999998,2.6035000000000004,0.0175,312.212,0.1,-1.5725,2.63,0.025500000000000002,312.212,0.1,-1.6005,2.6715,0.0275,312.214,0.1,-1.6400000000000001,2.7405,0.0235,312.213,0.1,-1.678,2.8209999999999997,0.0155,312.208,0.1,-1.7055,2.8885,0.0055,312.2,0.1,-1.725,2.9395,-0.0015,312.187,0.1,-1.745,2.9865000000000004,-0.006,312.173,0.1,-1.7705,3.04,-0.0115,312.164,0.1,-1.8025,3.1045,-0.0195,312.16,0.1,-1.8375,3.1795,-0.028499999999999998,312.159,0.1,-1.8664999999999998,3.2584999999999997,-0.037,312.155,0.1,-1.884,3.326,-0.0485,312.147,0.1,
-1.6255000000000002,2.5305,0.0045000000000000005,312.197,0.1,-1.606,2.5595,0.0015,312.197,0.1,-1.5885,2.589,0.0075,312.196,0.1,-1.577,2.6174999999999997,0.0175,312.196,0.1,-1.5785,2.646,0.0245,312.198,0.1,-1.6,2.6935000000000002,0.028,312.195,0.1,-1.6345,2.7670000000000003,0.0295,312.188,0.1,-1.6675,2.848,0.028,312.18,0.1,-1.6915,2.9165,0.025500000000000002,312.174,0.1,-1.7080000000000002,2.971,0.0195,312.168,0.1,-1.7235,3.0250000000000004,0.009000000000000001,312.159,0.1,-1.744,3.0845000000000002,-0.005,312.148,0.1,-1.771,3.148,-0.017,312.142,0.1,-1.8014999999999999,3.211,-0.0235,312.139,0.1,-1.8265,3.2715,-0.027,312.138,0.1,-1.8395000000000001,3.3209999999999997,-0.037,312.136,0.1,
-1.6335,2.544,-0.005,312.178,0.1,-1.6219999999999999,2.573,-0.004,312.179,0.1,-1.61,2.604,0.0055,312.179,0.1,-1.5990000000000002,2.635,0.017,312.179,0.1,-1.594,2.668,0.020999999999999998,312.179,0.1,-1.601,2.718,0.020499999999999997,312.175,0.1,-1.6185,2.789,0.019000000000000003,312.167,0.1,-1.639,2.866,0.018000000000000002,312.158,0.1,-1.658,2.934,0.0175,312.152,0.1,-1.6755,2.992,0.017,312.147,0.1,-1.6935,3.051,0.011,312.142,0.1,-1.715,3.113,-0.001,312.134,0.1,-1.741,3.173,-0.0135,312.128,0.1,-1.7685,3.227,-0.0215,312.124,0.1,-1.791,3.277,-0.0265,312.123,0.1,-1.804,3.319,-0.0335,312.123,0.1,
-1.831,2.616,-0.07,312.317,0.1,-1.874,2.649,-0.0575,312.313,0.1,-1.9089999999999998,2.7015000000000002,-0.0575,312.305,0.1,-1.926,2.7655000000000003,-0.0665,312.297,0.1,-1.9329999999999998,2.8125,-0.0775,312.294,0.1,-1.943,2.849,-0.083,312.294,0.1,-1.9595,2.883,-0.0785,312.297,0.1,-1.973,2.91,-0.079,312.302,0.1,-1.9735,2.9395,-0.101,312.304,0.1,-1.9615,2.981,-0.135,312.301,0.1,-1.945,3.025,-0.167,312.297,0.1,-1.9375,3.0709999999999997,-0.1885,312.289,0.1,-1.95,3.1185,-0.1935,312.278,0.1,-1.9819999999999998,3.16,-0.182,312.267,0.1,-2.0205,3.2,-0.175,312.261,0.1,-2.0475000000000003,3.2655000000000003,-0.18,312.254,0.1,
-1.8130000000000002,2.6425,-0.0805,312.318,0.1,-1.851,2.6715,-0.07050000000000001,312.315,0.1,-1.8765,2.7115,-0.069,312.307,0.1,-1.8895,2.769,-0.082,312.296,0.1,-1.9,2.826,-0.104,312.287,0.1,-1.916,2.8785,-0.1175,312.28,0.1,-1.9344999999999999,2.9185,-0.1065,312.277,0.1,-1.9460000000000002,2.9370000000000003,-0.0865,312.283,0.1,-1.943,2.952,-0.082,312.291,0.1,-1.925,2.9775,-0.101,312.294,0.1,-1.9020000000000001,3.0065,-0.1345,312.293,0.1,-1.8895,3.045,-0.1685,312.287,0.1,-1.9,3.0925000000000002,-0.188,312.277,0.1,-1.936,3.1395,-0.192,312.269,0.1,-1.9885,3.188,-0.1955,312.263,0.1,-2.037,3.269,-0.2005,312.249,0.1,
-1.782,2.6505,-0.067,312.321,0.1,-1.809,2.678,-0.0625,312.321,0.1,-1.8185,2.7065,-0.0645,312.319,0.1,-1.8255,2.7545,-0.0795,312.311,0.1,-1.8445,2.8205,-0.1085,312.298,0.1,-1.874,2.8884999999999996,-0.136,312.28,0.1,-1.903,2.936,-0.1365,312.268,0.1,-1.9215,2.951,-0.11,312.268,0.1,-1.9205,2.9555,-0.083,312.275,0.1,-1.8995,2.9675000000000002,-0.081,312.282,0.1,-1.8725,2.9859999999999998,-0.1085,312.286,0.1,-1.8565,3.0255,-0.1485,312.282,0.1,-1.863,3.081,-0.179,312.272,0.1,-1.899,3.1345,-0.1915,312.268,0.1,-1.9595,3.1885000000000003,-0.1955,312.266,0.1,-2.022,3.2670000000000003,-0.196,312.251,0.1,
-1.738,2.6325000000000003,-0.042499999999999996,312.327,0.1,-1.759,2.6645000000000003,-0.047,312.329,0.1,-1.759,2.6925,-0.054,312.331,0.1,-1.7614999999999998,2.7359999999999998,-0.0655,312.327,0.1,-1.7839999999999998,2.8035,-0.09,312.312,0.1,-1.8235000000000001,2.878,-0.1235,312.289,0.1,-1.866,2.931,-0.14200000000000002,312.269,0.1,-1.8965,2.9485,-0.127,312.261,0.1,-1.901,2.9505,-0.096,312.261,0.1,-1.8795000000000002,2.9565,-0.0805,312.267,0.1,-1.8525,2.9749999999999996,-0.098,312.274,0.1,-1.838,3.0215,-0.138,312.271,0.1,-1.8439999999999999,3.0860000000000003,-0.1765,312.262,0.1,-1.8784999999999998,3.1475,-0.193,312.26,0.1,-1.94,3.2045000000000003,-0.1895,312.259,0.1,-2.0055,3.2645,-0.181,312.248,0.1,
-1.69,2.5965,-0.019,312.339,0.1,-1.712,2.636,-0.032,312.338,0.1,-1.7125,2.672,-0.0465,312.337,0.1,-1.7120000000000002,2.716,-0.057499999999999996,312.331,0.1,-1.7315,2.7795,-0.07150000000000001,312.317,0.1,-1.7745,2.8514999999999997,-0.0965,312.297,0.1,-1.8265,2.9059999999999997,-0.12,312.277,0.1,-1.8655,2.9290000000000003,-0.122,312.262,0.1,-1.875,2.9345,-0.102,312.255,0.1,-1.8575,2.9435000000000002,-0.0875,312.256,0.1,-1.8345,2.9735,-0.098,312.26,0.1,-1.825,3.0305,-0.1345,312.258,0.1,-1.8359999999999999,3.1,-0.1765,312.251,0.1,-1.8725,3.167,-0.1965,312.246,0.1,-1.93,3.2225,-0.1875,312.243,0.1,-1.987,3.261,-0.16999999999999998,312.236,0.1,
-1.6515,2.5549999999999997,-0.0025,312.349,0.1,-1.6735,2.5985,-0.018500000000000003,312.347,0.1,-1.6764999999999999,2.6425,-0.041499999999999995,312.341,0.1,-1.6735,2.6895,-0.0605,312.33,0.1,-1.686,2.7495000000000003,-0.07250000000000001,312.313,0.1,-1.726,2.814,-0.08199999999999999,312.296,0.1,-1.782,2.865,-0.093,312.282,0.1,-1.827,2.8920000000000003,-0.097,312.27,0.1,-1.8405,2.9045,-0.091,312.26,0.1,-1.8265,2.9234999999999998,-0.08549999999999999,312.255,0.1,-1.809,2.9690000000000003,-0.096,312.252,0.1,-1.8075,3.0385,-0.127,312.249,0.1,-1.826,3.1109999999999998,-0.1695,312.243,0.1,-1.8645,3.176,-0.195,312.236,0.1,-1.9165,3.2245,-0.189,312.227,0.1,-1.9635,3.2510000000000003,-0.16949999999999998,312.221,0.1,
-1.6235,2.51,0.0085,312.351,0.1,-1.6395,2.5515,-0.0045000000000000005,312.35,0.1,-1.639,2.5995,-0.0305,312.346,0.1,-1.6320000000000001,2.652,-0.0615,312.334,0.1,-1.638,2.7119999999999997,-0.083,312.314,0.1,-1.6720000000000002,2.7685000000000004,-0.08549999999999999,312.294,0.1,-1.728,2.8115,-0.0795,312.282,0.1,-1.7774999999999999,2.8405,-0.07250000000000001,312.276,0.1,-1.7955,2.8645,-0.0695,312.271,0.1,-1.7845,2.8970000000000002,-0.072,312.264,0.1,-1.771,2.9535,-0.084,312.256,0.1,-1.7770000000000001,3.0300000000000002,-0.11,312.249,0.1,-1.804,3.102,-0.148,312.242,0.1,-1.846,3.16,-0.1795,312.232,0.1,-1.8940000000000001,3.202,-0.1855,312.218,0.1,-1.935,3.2295,-0.1765,312.209,0.1,
-1.5955,2.458,0.0175,312.345,0.1,-1.597,2.4939999999999998,0.008,312.346,0.1,-1.5870000000000002,2.5439999999999996,-0.0165,312.348,0.1,-1.576,2.6035,-0.051500000000000004,312.342,0.1,-1.5790000000000002,2.6654999999999998,-0.0805,312.325,0.1,-1.609,2.7155,-0.0885,312.303,0.1,-1.6629999999999998,2.7504999999999997,-0.077,312.287,0.1,-1.7165,2.782,-0.0615,312.281,0.1,-1.7425000000000002,2.8205,-0.054,312.278,0.1,-1.737,2.8680000000000003,-0.058499999999999996,312.274,0.1,-1.724,2.9285,-0.0715,312.265,0.1,-1.7309999999999999,2.9975,-0.09,312.255,0.1,-1.764,3.0585,-0.118,312.246,0.1,-1.8115,3.1085000000000003,-0.1475,312.234,0.1,-1.8605,3.152,-0.166,312.218,0.1,-1.902,3.1925,-0.1755,312.208,0.1,
-1.5605,2.3970000000000002,0.022,312.337,0.1,-1.5445,2.433,0.012,312.338,0.1,-1.5245,2.485,-0.0085,312.342,0.1,-1.512,2.5495,-0.037000000000000005,312.343,0.1,-1.5165,2.6105,-0.0635,312.334,0.1,-1.544,2.6550000000000002,-0.076,312.317,0.1,-1.5925,2.686,-0.07100000000000001,312.299,0.1,-1.647,2.7205,-0.057999999999999996,312.289,0.1,-1.6835,2.7715,-0.0505,312.284,0.1,-1.6895,2.832,-0.0555,312.28,0.1,-1.6800000000000002,2.8925,-0.067,312.272,0.1,-1.6835,2.9435000000000002,-0.0785,312.261,0.1,-1.7145000000000001,2.9835000000000003,-0.0915,312.25,0.1,-1.7650000000000001,3.026,-0.11,312.239,0.1,-1.818,3.0789999999999997,-0.131,312.228,0.1,-1.863,3.1414999999999997,-0.1535,312.218,0.1,
-1.5135,2.319,0.025500000000000002,312.331,0.1,-1.4865,2.367,0.013999999999999999,312.331,0.1,-1.463,2.424,-0.003,312.332,0.1,-1.4529999999999998,2.4894999999999996,-0.0215,312.332,0.1,-1.4605000000000001,2.545,-0.038500000000000006,312.33,0.1,-1.486,2.5845000000000002,-0.0505,312.323,0.1,-1.527,2.6145,-0.055,312.312,0.1,-1.576,2.652,-0.051500000000000004,312.301,0.1,-1.6179999999999999,2.7085,-0.048,312.293,0.1,-1.6400000000000001,2.776,-0.052000000000000005,312.285,0.1,-1.6444999999999999,2.8345000000000002,-0.0605,312.275,0.1,-1.6505,2.8705,-0.066,312.262,0.1,-1.6764999999999999,2.8945,-0.07050000000000001,312.252,0.1,-1.7229999999999999,2.9335,-0.0795,312.244,0.1,-1.775,2.9995,-0.095,312.237,0.1,-1.8195000000000001,3.0845000000000002,-0.1195,312.229,0.1,
-1.4485000000000001,2.218,0.0275,312.333,0.1,-1.4209999999999998,2.2824999999999998,0.02,312.331,0.1,-1.402,2.3495,0.009999999999999998,312.327,0.1,-1.3969999999999998,2.4145,0.001,312.323,0.1,-1.407,2.4645,-0.007,312.323,0.1,-1.432,2.4995,-0.016,312.323,0.1,-1.4685000000000001,2.531,-0.0285,312.322,0.1,-1.5110000000000001,2.5730000000000004,-0.037000000000000005,312.316,0.1,-1.5525,2.63,-0.039,312.306,0.1,-1.5855000000000001,2.6959999999999997,-0.039,312.292,0.1,-1.607,2.75,-0.038500000000000006,312.277,0.1,-1.6244999999999998,2.782,-0.03949999999999999,312.266,0.1,-1.65,2.8075,-0.0465,312.258,0.1,-1.6885,2.855,-0.058499999999999996,312.251,0.1,-1.7325,2.9349999999999996,-0.074,312.245,0.1,-1.7705,3.036,-0.094,312.236,0.1,
-1.3775,2.1235,0.0165,312.339,0.1,-1.3565,2.194,0.019,312.335,0.1,-1.3455,2.2664999999999997,0.0195,312.328,0.1,-1.3465,2.3295,0.0215,312.32,0.1,-1.3595000000000002,2.375,0.0205,312.317,0.1,-1.3845,2.409,0.013000000000000001,312.322,0.1,-1.4205,2.4475,-0.0025,312.329,0.1,-1.4620000000000002,2.4995000000000003,-0.02,312.328,0.1,-1.501,2.5585,-0.0285,312.315,0.1,-1.5335,2.6159999999999997,-0.025500000000000002,312.296,0.1,-1.5605,2.6635,-0.0175,312.278,0.1,-1.5865,2.7005,-0.014499999999999999,312.27,0.1,-1.6165,2.742,-0.025,312.267,0.1,-1.6520000000000001,2.809,-0.044,312.263,0.1,-1.6880000000000002,2.9025,-0.063,312.253,0.1,-1.7185000000000001,3.009,-0.079,312.24,0.1,
-1.3455,2.085,-0.001,312.331,0.1,-1.327,2.1445,0.007,312.326,0.1,-1.3185,2.207,0.0165,312.318,0.1,-1.3195000000000001,2.26,0.026000000000000002,312.311,0.1,-1.3315000000000001,2.2984999999999998,0.031,312.308,0.1,-1.359,2.3360000000000003,0.028,312.313,0.1,-1.4,2.3899999999999997,0.016,312.322,0.1,-1.4435,2.4585,-0.0005,312.322,0.1,-1.478,2.5225,-0.014,312.31,0.1,-1.5015,2.5715,-0.0165,312.29,0.1,-1.5205,2.614,-0.010499999999999999,312.272,0.1,-1.5445,2.6595,-0.0075,312.264,0.1,-1.5775000000000001,2.7199999999999998,-0.016,312.264,0.1,-1.6139999999999999,2.804,-0.0335,312.263,0.1,-1.646,2.904,-0.05,312.254,0.1,-1.669,3.0025,-0.063,312.239,0.1,
-1.3645,2.1055,-0.004,312.305,0.1,-1.3439999999999999,2.147,-0.0005,312.3,0.1,-1.3285,2.1900000000000004,0.009000000000000001,312.297,0.1,-1.3205,2.229,0.02,312.294,0.1,-1.327,2.26,0.028,312.294,0.1,-1.355,2.303,0.0305,312.297,0.1,-1.3995,2.373,0.0275,312.297,0.1,-1.4435,2.4545,0.0195,312.294,0.1,-1.473,2.5229999999999997,0.0095,312.286,0.1,-1.487,2.5705,0.002,312.273,0.1,-1.496,2.6155,-0.003,312.258,0.1,-1.512,2.6710000000000003,-0.009000000000000001,312.248,0.1,-1.5415,2.743,-0.0165,312.245,0.1,-1.5785,2.8295,-0.025,312.244,0.1,-1.608,2.9215,-0.034,312.239,0.1,-1.623,3.0005,-0.0455,312.231,0.1,
-1.3904999999999998,2.144,0.0035,312.279,0.1,-1.371,2.1745,0.001,312.278,0.1,-1.3515000000000001,2.208,0.007,312.277,0.1,-1.3365,2.242,0.0165,312.277,0.1,-1.335,2.2735000000000003,0.023,312.279,0.1,-1.3545,2.3215,0.0265,312.277,0.1,-1.3900000000000001,2.3945,0.029,312.271,0.1,-1.4255,2.4755000000000003,0.0285,312.264,0.1,-1.4500000000000002,2.5445,0.027,312.259,0.1,-1.4625,2.599,0.020999999999999998,312.254,0.1,-1.4695,2.6550000000000002,0.01,312.244,0.1,-1.4820000000000002,2.7199999999999998,-0.005,312.232,0.1,-1.5065,2.7915,-0.0165,312.224,0.1,-1.5390000000000001,2.864,-0.0215,312.221,0.1,-1.566,2.935,-0.024,312.22,0.1,-1.5775000000000001,2.9925,-0.034,312.22,0.1,
-1.395,2.162,-0.006500000000000001,312.259,0.1,-1.3835,2.19,-0.005,312.26,0.1,-1.369,2.224,0.0035,312.259,0.1,-1.3545,2.259,0.013999999999999999,312.26,0.1,-1.3465,2.294,0.0175,312.261,0.1,-1.351,2.344,0.016,312.258,0.1,-1.3675,2.414,0.0155,312.25,0.1,-1.3875,2.491,0.0165,312.241,0.1,-1.405,2.559,0.0175,312.236,0.1,-1.4195,2.619,0.0175,312.232,0.1,-1.4329999999999998,2.682,0.011,312.226,0.1,-1.4505,2.751,-0.0005,312.218,0.1,-1.4755,2.819,-0.012,312.209,0.1,-1.504,2.881,-0.0195,312.205,0.1,-1.5270000000000001,2.939,-0.024,312.205,0.1,-1.5385,2.987,-0.0315,312.206,0.1,
-1.6735,2.3925,-0.0695,312.448,0.1,-1.71,2.417,-0.058,312.444,0.1,-1.7435,2.4610000000000003,-0.058499999999999996,312.436,0.1,-1.7675,2.5195,-0.067,312.426,0.1,-1.7875,2.566,-0.0765,312.421,0.1,-1.81,2.601,-0.081,312.422,0.1,-1.831,2.628,-0.077,312.425,0.1,-1.8410000000000002,2.644,-0.0795,312.43,0.1,-1.836,2.6630000000000003,-0.1035,312.431,0.1,-1.8245,2.6965000000000003,-0.1375,312.424,0.1,-1.818,2.7405,-0.1665,312.417,0.1,-1.8235000000000001,2.7904999999999998,-0.185,312.41,0.1,-1.842,2.8415,-0.1885,312.399,0.1,-1.8685,2.885,-0.178,312.387,0.1,-1.8965,2.926,-0.173,312.38,0.1,-1.9175,2.987,-0.1795,312.372,0.1,
-1.655,2.412,-0.0775,312.454,0.1,-1.687,2.435,-0.0695,312.452,0.1,-1.711,2.47,-0.069,312.444,0.1,-1.7305000000000001,2.5235000000000003,-0.0815,312.43,0.1,-1.7530000000000001,2.5774999999999997,-0.1015,312.418,0.1,-1.7805,2.624,-0.114,312.407,0.1,-1.8054999999999999,2.6545,-0.1035,312.402,0.1,-1.8165,2.664,-0.08549999999999999,312.409,0.1,-1.8094999999999999,2.6725,-0.0835,312.418,0.1,-1.7930000000000001,2.6935000000000002,-0.103,312.419,0.1,-1.78,2.7245,-0.134,312.417,0.1,-1.7810000000000001,2.7664999999999997,-0.165,312.411,0.1,-1.7985,2.814,-0.182,312.402,0.1,-1.8295,2.8565,-0.186,312.393,0.1,-1.8695,2.9015,-0.192,312.385,0.1,-1.908,2.9755000000000003,-0.199,312.367,0.1,
-1.621,2.41,-0.061,312.462,0.1,-1.6455,2.4345,-0.0595,312.464,0.1,-1.657,2.463,-0.0635,312.462,0.1,-1.671,2.51,-0.078,312.452,0.1,-1.6995,2.5725,-0.105,312.434,0.1,-1.738,2.632,-0.1315,312.41,0.1,-1.7734999999999999,2.668,-0.133,312.392,0.1,-1.793,2.675,-0.108,312.392,0.1,-1.79,2.675,-0.0835,312.399,0.1,-1.7715,2.685,-0.0825,312.406,0.1,-1.754,2.7055,-0.108,312.411,0.1,-1.751,2.7455,-0.145,312.407,0.1,-1.7650000000000001,2.7945,-0.1735,312.398,0.1,-1.7965,2.8385,-0.185,312.393,0.1,-1.8445,2.886,-0.19,312.389,0.1,-1.8945,2.958,-0.1925,312.37,0.1,
-1.5745,2.382,-0.035,312.471,0.1,-1.5955,2.4135,-0.042499999999999996,312.475,0.1,-1.601,2.4450000000000003,-0.051500000000000004,312.477,0.1,-1.6125,2.4915000000000003,-0.0625,312.471,0.1,-1.6444999999999999,2.5575,-0.08549999999999999,312.452,0.1,-1.6915,2.624,-0.1185,312.424,0.1,-1.7375,2.665,-0.1375,312.397,0.1,-1.7675,2.674,-0.1245,312.385,0.1,-1.7715,2.6704999999999997,-0.096,312.385,0.1,-1.7545000000000002,2.6745,-0.0815,312.391,0.1,-1.737,2.6935000000000002,-0.098,312.398,0.1,-1.7325,2.7359999999999998,-0.1355,312.395,0.1,-1.744,2.7889999999999997,-0.17149999999999999,312.385,0.1,-1.775,2.8385,-0.1865,312.382,0.1,-1.8250000000000002,2.887,-0.1825,312.38,0.1,-1.8780000000000001,2.944,-0.1745,312.368,0.1,
-1.5255,2.3375000000000004,-0.0115,312.484,0.1,-1.548,2.3785,-0.026500000000000003,312.485,0.1,-1.556,2.42,-0.0435,312.482,0.1,-1.5670000000000002,2.4705000000000004,-0.054,312.474,0.1,-1.5975000000000001,2.5345,-0.0665,312.457,0.1,-1.647,2.6005000000000003,-0.09,312.434,0.1,-1.7005,2.6435,-0.114,312.41,0.1,-1.7385,2.6565,-0.118,312.391,0.1,-1.7485,2.6550000000000002,-0.1015,312.381,0.1,-1.736,2.6605,-0.0885,312.38,0.1,-1.721,2.6875,-0.098,312.383,0.1,-1.7185000000000001,2.7375,-0.1325,312.38,0.1,-1.7315,2.7945,-0.173,312.37,0.1,-1.7625,2.8495,-0.191,312.363,0.1,-1.8094999999999999,2.8975,-0.18,312.358,0.1,-1.8565,2.936,-0.162,312.354,0.1,
-1.4865,2.289,0.004,312.492,0.1,-1.51,2.3365,-0.0135,312.492,0.1,-1.521,2.3875,-0.038,312.484,0.1,-1.5310000000000001,2.443,-0.057499999999999996,312.47,0.1,-1.556,2.5035,-0.0675,312.451,0.1,-1.603,2.5629999999999997,-0.0745,312.433,0.1,-1.66,2.6035000000000004,-0.08449999999999999,312.418,0.1,-1.7025000000000001,2.62,-0.091,312.405,0.1,-1.7160000000000002,2.6255,-0.089,312.392,0.1,-1.707,2.6390000000000002,-0.086,312.383,0.1,-1.6965,2.6785,-0.096,312.376,0.1,-1.7,2.739,-0.125,312.37,0.1,-1.7185000000000001,2.801,-0.1665,312.361,0.1,-1.7495,2.8565,-0.191,312.348,0.1,-1.79,2.9005,-0.183,312.338,0.1,-1.8285,2.9284999999999997,-0.1625,312.336,0.1,
-1.46,2.2395,0.014,312.49,0.1,-1.4775,2.287,0.0005,312.491,0.1,-1.4845000000000002,2.343,-0.027000000000000003,312.487,0.1,-1.49,2.404,-0.058499999999999996,312.473,0.1,-1.509,2.4640000000000004,-0.0785,312.45,0.1,-1.5510000000000002,2.5149999999999997,-0.078,312.429,0.1,-1.608,2.5490000000000004,-0.07,312.419,0.1,-1.6555,2.5685000000000002,-0.065,312.414,0.1,-1.6735,2.5855,-0.066,312.407,0.1,-1.6669999999999998,2.6115,-0.072,312.396,0.1,-1.66,2.6605,-0.084,312.383,0.1,-1.6705,2.7270000000000003,-0.1075,312.372,0.1,-1.6960000000000002,2.791,-0.144,312.361,0.1,-1.729,2.8435,-0.175,312.345,0.1,-1.7655,2.8835,-0.181,312.328,0.1,-1.7985,2.9135,-0.17149999999999999,312.322,0.1,
-1.4355,2.186,0.0215,312.481,0.1,-1.4405000000000001,2.2295,0.012,312.484,0.1,-1.438,2.287,-0.013,312.487,0.1,-1.4375,2.3525,-0.048,312.481,0.1,-1.451,2.414,-0.0755,312.461,0.1,-1.488,2.4589999999999996,-0.081,312.438,0.1,-1.5434999999999999,2.487,-0.067,312.423,0.1,-1.5955,2.511,-0.052000000000000005,312.419,0.1,-1.6219999999999999,2.5425,-0.0485,312.417,0.1,-1.621,2.5825,-0.0575,312.409,0.1,-1.6145,2.6345,-0.07050000000000001,312.395,0.1,-1.626,2.6945,-0.086,312.381,0.1,-1.6575,2.7504999999999997,-0.1115,312.368,0.1,-1.697,2.7984999999999998,-0.1405,312.353,0.1,-1.7349999999999999,2.841,-0.1605,312.334,0.1,-1.7675,2.883,-0.17099999999999999,312.323,0.1,
-1.4060000000000001,2.126,0.026000000000000002,312.474,0.1,-1.396,2.1689999999999996,0.015,312.475,0.1,-1.384,2.2270000000000003,-0.0055,312.479,0.1,-1.38,2.2935,-0.033,312.479,0.1,-1.3915,2.3535000000000004,-0.057499999999999996,312.47,0.1,-1.423,2.3955,-0.068,312.452,0.1,-1.4725,2.4219999999999997,-0.061,312.435,0.1,-1.5259999999999998,2.452,-0.048,312.425,0.1,-1.5625,2.4965,-0.0435,312.421,0.1,-1.573,2.5495,-0.052000000000000005,312.415,0.1,-1.57,2.601,-0.065,312.403,0.1,-1.578,2.645,-0.0735,312.388,0.1,-1.6085,2.6825,-0.08299999999999999,312.375,0.1,-1.653,2.724,-0.1,312.364,0.1,-1.697,2.776,-0.123,312.352,0.1,-1.733,2.8365,-0.1485,312.341,0.1,
-1.369,2.0519999999999996,0.028499999999999998,312.467,0.1,-1.3485,2.1035,0.016,312.467,0.1,-1.3325,2.1635,-0.0005,312.467,0.1,-1.3285,2.229,-0.017,312.466,0.1,-1.3395000000000001,2.284,-0.032,312.463,0.1,-1.366,2.323,-0.041999999999999996,312.456,0.1,-1.4064999999999999,2.352,-0.045,312.445,0.1,-1.4545,2.3875,-0.041999999999999996,312.436,0.1,-1.4975,2.44,-0.039999999999999994,312.429,0.1,-1.5234999999999999,2.5005,-0.0465,312.42,0.1,-1.5325,2.551,-0.056,312.407,0.1,-1.5415,2.582,-0.06,312.392,0.1,-1.5675,2.6035,-0.062,312.38,0.1,-1.6105,2.641,-0.07,312.372,0.1,-1.657,2.7035,-0.087,312.367,0.1,-1.6960000000000002,2.7824999999999998,-0.114,312.359,0.1,
-1.317,1.9605,0.028999999999999998,312.467,0.1,-1.295,2.0235000000000003,0.0215,312.465,0.1,-1.2814999999999999,2.0895,0.0125,312.461,0.1,-1.2805,2.1544999999999996,0.005,312.455,0.1,-1.2915,2.205,-0.001,312.453,0.1,-1.3145,2.2415,-0.008,312.453,0.1,-1.3479999999999999,2.2744999999999997,-0.0195,312.452,0.1,-1.3895,2.3155,-0.0285,312.449,0.1,-1.4329999999999998,2.3705,-0.031,312.44,0.1,-1.4695,2.4305000000000003,-0.0315,312.427,0.1,-1.4935,2.479,-0.032,312.412,0.1,-1.5110000000000001,2.5075000000000003,-0.033,312.399,0.1,-1.5365,2.5295,-0.03949999999999999,312.39,0.1,-1.5745,2.572,-0.051500000000000004,312.384,0.1,-1.6165,2.6435000000000004,-0.068,312.377,0.1,-1.6524999999999999,2.734,-0.09,312.368,0.1,
-1.262,1.879,0.0175,312.472,0.1,-1.244,1.944,0.0205,312.467,0.1,-1.2355,2.013,0.023,312.46,0.1,-1.2375,2.0755,0.026000000000000002,312.451,0.1,-1.249,2.123,0.027,312.447,0.1,-1.2705,2.16,0.021,312.452,0.1,-1.303,2.1995,0.006,312.46,0.1,-1.3425,2.2504999999999997,-0.012,312.46,0.1,-1.3824999999999998,2.3070000000000004,-0.021,312.449,0.1,-1.418,2.3605,-0.0185,312.431,0.1,-1.4465,2.4045,-0.0105,312.414,0.1,-1.472,2.4379999999999997,-0.0075,312.406,0.1,-1.501,2.474,-0.0185,312.404,0.1,-1.5365,2.5305,-0.0385,312.4,0.1,-1.5735000000000001,2.6105,-0.059,312.389,0.1,-1.6045,2.7035,-0.0765,312.373,0.1,
-1.238,1.8479999999999999,-0.001,312.462,0.1,-1.221,1.9020000000000001,0.009000000000000001,312.454,0.1,-1.2135,1.961,0.019999999999999997,312.446,0.1,-1.2135,2.0140000000000002,0.0305,312.439,0.1,-1.2225000000000001,2.055,0.037000000000000005,312.436,0.1,-1.245,2.0945,0.0345,312.442,0.1,-1.2814999999999999,2.1465,0.024,312.451,0.1,-1.3235000000000001,2.2125,0.006500000000000001,312.454,0.1,-1.359,2.273,-0.0075,312.444,0.1,-1.385,2.3200000000000003,-0.011,312.425,0.1,-1.4055,2.3594999999999997,-0.0055,312.407,0.1,-1.429,2.4,-0.002,312.4,0.1,-1.461,2.452,-0.010499999999999999,312.401,0.1,-1.498,2.522,-0.028499999999999998,312.401,0.1,-1.532,2.606,-0.046,312.391,0.1,-1.5565,2.691,-0.0605,312.374,0.1,
-1.2525,1.867,-0.0045000000000000005,312.435,0.1,-1.2345000000000002,1.9055,0.0,312.427,0.1,-1.221,1.9475,0.010499999999999999,312.422,0.1,-1.2125,1.9875,0.022,312.419,0.1,-1.216,2.0205,0.0305,312.418,0.1,-1.2385,2.0625,0.034,312.42,0.1,-1.2774999999999999,2.1265,0.0325,312.422,0.1,-1.3195000000000001,2.2030000000000003,0.025,312.423,0.1,-1.3505,2.2675,0.0145,312.42,0.1,-1.367,2.3145,0.0055,312.41,0.1,-1.377,2.356,-0.001,312.395,0.1,-1.3935,2.4044999999999996,-0.007,312.382,0.1,-1.423,2.4655,-0.0135,312.378,0.1,-1.46,2.5374999999999996,-0.020999999999999998,312.376,0.1,-1.4915,2.6145,-0.03,312.372,0.1,-1.509,2.683,-0.041999999999999996,312.364,0.1,
-1.2690000000000001,1.9,0.002,312.412,0.1,-1.2525,1.9295,0.0005,312.408,0.1,-1.2375,1.963,0.006500000000000001,312.406,0.1,-1.2235,1.9985,0.0155,312.403,0.1,-1.219,2.0309999999999997,0.0215,312.403,0.1,-1.233,2.075,0.025,312.399,0.1,-1.2635,2.1399999999999997,0.029,312.393,0.1,-1.2985,2.2135,0.03,312.389,0.1,-1.325,2.2785,0.0295,312.391,0.1,-1.3395000000000001,2.332,0.023,312.391,0.1,-1.3475000000000001,2.383,0.01,312.382,0.1,-1.3595000000000002,2.44,-0.0055,312.367,0.1,-1.384,2.5004999999999997,-0.0155,312.355,0.1,-1.4175,2.561,-0.018500000000000003,312.349,0.1,-1.4460000000000002,2.62,-0.019999999999999997,312.348,0.1,-1.4605000000000001,2.6710000000000003,-0.0295,312.349,0.1,
-1.2675,1.915,-0.007,312.396,0.1,-1.2585,1.943,-0.0055,312.396,0.1,-1.2475,1.976,0.0025,312.394,0.1,-1.234,2.013,0.012,312.392,0.1,-1.2235,2.048,0.014,312.39,0.1,-1.224,2.093,0.0125,312.384,0.1,-1.238,2.155,0.013000000000000001,312.374,0.1,-1.2585,2.223,0.0155,312.366,0.1,-1.2785,2.287,0.0185,312.365,0.1,-1.295,2.345,0.0185,312.365,0.1,-1.3085,2.402,0.0115,312.362,0.1,-1.3245,2.463,0.0005,312.353,0.1,-1.3490000000000002,2.521,-0.009999999999999998,312.342,0.1,-1.379,2.573,-0.016,312.335,0.1,-1.404,2.621,-0.019999999999999997,312.332,0.1,-1.4184999999999999,2.664,-0.0275,312.332,0.1,
