1.6635,4.1385,-0.1195,307.549,1.291,0.939,3.4395,-0.027000000000000003,307.987,1.263,-0.474,3.796,0.046,308.364,1.582,-0.362,4.807,0.010499999999999999,308.199,1.778,1.3815000000000002,5.4719999999999995,-0.1225,307.603,1.743,2.222,5.0235,-0.06,307.809,1.901,0.8579999999999999,4.3205,0.018000000000000002,308.357,1.771,-1.003,4.3445,0.07200000000000001,308.56,1.735,-0.701,5.247,-0.0155,307.951,1.729,1.241,5.2895,-0.164,307.751,1.448,1.6310000000000002,4.4535,0.0115,308.201,1.716,0.654,3.5295,0.07500000000000001,308.613,1.498,0.4695,3.9065000000000003,-0.0505,308.058,1.363,0.15899999999999997,4.2835,-0.0015,308.073,1.629,-0.873,3.035,0.1055,308.387,1.411,-0.358,3.0805,-0.026,307.664,1.13,
1.543,4.7059999999999995,-0.101,307.597,1.51,2.214,4.138,-0.0925,307.664,1.437,1.148,3.791,0.004,308.183,1.608,0.366,4.2065,0.0575,308.544,1.743,1.0035,4.586,0.0155,308.22,1.85,1.4209999999999998,4.0955,-0.007,308.283,1.713,0.42999999999999994,3.4545000000000003,0.0165,308.514,1.58,-1.1865,3.8475,0.062,308.685,1.7,-0.9944999999999999,4.974500000000001,0.044000000000000004,308.132,2.048,1.0245,5.816000000000001,-0.12100000000000001,307.698,1.808,1.3455,4.4735,-0.025,308.145,1.567,0.5175,3.553,0.0305,308.339,1.349,0.8674999999999999,4.204,-0.089,307.777,1.361,0.49449999999999994,3.9765,-0.002,308.075,1.518,-0.7515000000000001,3.1109999999999998,0.0955,308.339,1.313,-0.10850000000000004,3.792,-0.0415,307.627,1.185,
0.947,4.412,-0.055499999999999994,307.846,1.539,2.4175,4.2195,-0.055999999999999994,307.832,1.546,2.58,3.6715,-0.034,307.972,1.704,1.469,3.5655,0.0385,308.491,1.713,0.3845,3.274,0.09849999999999999,308.754,1.62,0.365,2.998,-0.002,308.201,1.313,0.5625,2.6755,-0.032,308.127,1.258,-0.1325,3.0815,0.0195,308.465,1.474,-0.74,3.8885,0.067,308.605,1.765,-0.07750000000000001,5.0545,0.016999999999999998,308.171,1.975,0.516,4.9155,-0.0835,308.092,1.476,0.507,4.0915,-0.026000000000000002,308.204,1.33,1.04,4.455,-0.068,307.907,1.491,0.9089999999999999,3.9290000000000003,-0.048,308.01,1.42,-0.10350000000000001,3.5300000000000002,0.028,308.295,1.267,0.25349999999999995,4.7165,-0.045,307.742,1.431,
0.6395,3.893,-0.0445,308.04,1.365,1.799,3.6870000000000003,-0.002,308.154,1.397,2.7205,3.5235000000000003,-0.0935,307.841,1.428,1.833,3.584,0.0,308.133,1.692,-0.06,2.923,0.113,308.6,1.394,-0.19450000000000003,2.878,-0.0345,307.762,1.028,0.9515,2.822,-0.08449999999999999,307.708,1.006,1.251,3.0875000000000004,-0.0505,307.889,1.283,0.187,3.3425,0.0185,308.351,1.428,-0.637,3.8869999999999996,0.07999999999999999,308.614,1.715,-0.1395,5.1345,-0.0535,308.021,1.719,0.4125,4.734500000000001,-0.064,308.17,1.497,0.838,4.493,-0.044,308.182,1.525,1.2465,4.1935,-0.1095,307.945,1.389,0.9595,4.2545,-0.0625,308.186,1.435,0.7905,5.026,-0.024,308.088,1.781,
0.3275,4.3365,-0.08499999999999999,307.939,1.256,1.197,4.0455000000000005,-0.032,308.003,1.203,2.5765000000000002,4.4585,-0.17149999999999999,307.446,1.311,1.8225,4.208,0.006999999999999999,307.9,1.832,-0.381,3.266,0.116,308.465,1.421,-0.43599999999999994,3.7085,-0.067,307.574,1.129,1.1005,3.971,-0.105,307.526,1.123,1.9835,4.155,-0.0685,307.528,1.393,1.346,3.889,-0.026000000000000002,307.805,1.516,-0.01050000000000001,3.5149999999999997,0.049999999999999996,308.461,1.564,-0.4205,4.621,0.0375,308.338,1.876,-0.064,5.0595,-0.0415,308.124,1.703,0.5950000000000001,4.6805,-0.0545,308.179,1.499,1.7055000000000002,4.7755,-0.155,307.914,1.44,2.0485,4.9,-0.0915,308.088,1.765,1.38,4.436,0.013000000000000001,308.581,1.88,
0.0305,5.4405,-0.07899999999999999,307.875,1.564,1.266,5.5575,-0.081,307.739,1.494,2.559,5.7955000000000005,-0.112,307.47,1.812,1.4409999999999998,4.5655,0.051,308.173,1.98,-0.6535,3.4555,0.11,308.531,1.455,-0.3005,4.4725,-0.07,307.702,1.392,1.1615,5.083,-0.07700000000000001,307.677,1.508,1.7454999999999998,4.9559999999999995,0.013999999999999999,307.852,1.791,1.643,4.3605,0.012,307.84,1.738,0.8975000000000001,3.7824999999999998,-0.013500000000000002,308.079,1.538,-0.18600000000000003,3.9555,0.0735,308.629,1.745,-0.5615,4.8260000000000005,0.0375,308.307,1.788,0.4734999999999999,5.0615000000000006,-0.05499999999999999,308.036,1.594,2.1485,5.5735,-0.166,307.885,1.67,2.4575,5.1675,-0.0505,308.23,2.088,1.392,3.6005000000000003,0.0535,308.819,1.785,
0.11000000000000004,5.566,0.02,308.218,2.004,1.3955000000000002,6.1690000000000005,-0.041999999999999996,307.928,2.095,1.718,5.67,0.048,308.25,2.208,0.35500000000000004,4.4245,0.054,308.5,1.798,-0.827,3.3795,0.06999999999999999,308.492,1.378,0.20650000000000002,4.510999999999999,-0.0555,307.91,1.491,1.506,5.181,-0.043000000000000003,307.904,1.791,1.186,4.4985,0.0875,308.572,1.887,0.993,3.7700000000000005,0.087,308.445,1.646,1.324,3.9930000000000003,-0.049,307.897,1.482,0.4445,3.7255000000000003,0.05449999999999999,308.499,1.615,-0.637,4.304,0.1005,308.599,1.737,0.4695,5.2835,-0.0175,307.924,1.707,2.55,6.116,-0.127,307.399,0.883,2.576,5.156000000000001,0.002,307.796,1.075,0.998,3.199,0.0885,308.682,1.602,
0.231,4.6530000000000005,0.091,308.75,1.894,0.5355,5.0969999999999995,0.008,308.381,2.033,0.0895,4.3885,0.1075,308.805,1.973,-0.764,4.3025,0.0325,308.27,1.673,-0.727,3.797,-0.018000000000000002,308.077,1.269,0.8095,4.3835,-0.051000000000000004,308.024,1.395,2.1995,4.671,-0.0485,308.047,1.693,1.5190000000000001,3.5765000000000002,0.0725,308.704,1.704,0.7849999999999999,2.789,0.1125,308.831,1.409,1.405,3.707,-0.035,307.979,1.386,0.989,3.8245,0.0135,308.375,1.648,-0.399,4.0165,0.1115,308.787,1.719,0.266,5.2585,0.0395,308.021,1.791,2.3770000000000002,6.140000000000001,-0.084,307.24,0.872,2.4695,5.041,0.008,307.404,0.929,0.5605,3.346,0.10149999999999999,308.491,1.53,
0.125,3.9530000000000003,0.1005,308.72,1.648,-0.3375,4.059,-0.008,308.337,1.654,-0.963,3.516,0.0535,308.651,1.496,-1.3319999999999999,4.167999999999999,0.0455,308.144,1.695,-0.48750000000000004,4.689,-0.049,307.674,1.492,1.151,4.7265,-0.053000000000000005,308.059,1.428,2.582,4.432,-0.0645,308.027,1.548,2.1765,3.1565000000000003,0.033,308.367,1.504,1.1524999999999999,2.3515,0.099,308.676,1.222,1.6885,3.207,-0.0235,308.145,1.221,1.8455,4.092499999999999,-0.0335,307.672,0.735,0.265,4.0655,0.1125,308.124,0.808,-0.1295,5.0105,0.0965,307.702,0.822,1.7754999999999999,5.9185,-0.067,307.038,0.726,2.54,4.978999999999999,-0.0375,306.997,0.708,0.6595,3.734,0.095,307.872,0.757,
-0.155,3.7,0.1255,308.631,1.616,-0.5265,3.9204999999999997,0.0095,308.109,1.496,-0.61,3.519,-0.009000000000000001,308.164,1.283,-1.0665,3.7939999999999996,0.0665,308.398,1.539,-0.7155,4.8155,0.0465,308.006,1.788,0.7495,5.183999999999999,-0.02,307.947,1.664,2.3064999999999998,4.569000000000001,-0.0545,307.934,1.496,2.2275,3.3445,0.019,308.174,1.432,1.3365,2.6505,0.07150000000000001,308.444,1.137,2.045,3.367,-0.049,308.097,1.13,2.61,4.529999999999999,-0.040499999999999994,307.203,0.737,0.7639999999999999,4.051,0.13,307.602,0.733,-0.5615,4.5055,0.127,307.444,0.694,1.074,5.5335,-0.0335,306.882,0.68,2.543,4.8870000000000005,-0.07150000000000001,306.76,0.657,1.119,4.091,0.0795,307.561,0.763,
-0.1395,3.6580000000000004,0.15150000000000002,308.7,1.587,-0.62,4.021,0.0865,308.233,1.549,0.046500000000000014,3.9055,-0.020999999999999998,308.005,1.293,-0.19699999999999998,3.3754999999999997,0.047,308.352,1.315,-0.89,3.9265,0.119,308.592,1.69,-0.11550000000000005,5.1129999999999995,0.0655,308.04,1.818,1.5785,5.111000000000001,-0.056499999999999995,307.848,1.468,1.9049999999999998,4.211,0.006,308.09,1.413,1.524,3.75,0.027,308.25,1.215,2.347,4.454,-0.0655,307.992,1.323,2.5335,4.8085,0.013,307.737,1.932,0.5015000000000001,3.8995,0.134,308.325,1.651,-0.9615,4.125500000000001,0.098,308.015,1.48,0.5514999999999999,5.0365,0.0,307.052,0.705,2.541,4.9254999999999995,-0.0985,306.914,0.684,1.613,4.502000000000001,0.061,307.158,0.703,
0.619,3.9025,0.10600000000000001,308.194,0.803,-0.5920000000000001,4.1025,0.11249999999999999,308.473,1.521,0.15349999999999997,4.4905,-0.041999999999999996,308.042,1.411,0.704,3.436,-0.0195,308.196,1.173,-0.21599999999999997,3.3085,0.0495,308.533,1.302,-0.4955,4.699,0.10600000000000001,308.414,1.705,0.9085000000000001,5.915,-0.068,307.755,1.729,1.727,5.4855,-0.033499999999999995,308.075,1.668,1.9365,5.0915,-0.0215,308.21,1.573,2.545,5.3325,-0.047,308.082,1.822,1.8490000000000002,4.4395,0.0605,308.309,1.975,-0.24250000000000005,3.84,0.1105,308.669,1.638,-1.2905000000000002,4.277,0.02,308.117,1.382,0.22499999999999998,4.9935,-0.037,307.693,1.536,2.347,5.6555,-0.15200000000000002,307.366,1.598,1.6085,5.0135000000000005,0.044500000000000005,307.703,1.86,
1.5775,4.3035,0.008,307.705,0.764,-0.363,4.228,0.073,308.548,1.585,-0.15399999999999997,5.244,-0.0675,307.934,1.641,1.088,4.5745000000000005,-0.1115,307.966,1.211,1.1845,4.108499999999999,-0.097,308.045,1.213,0.5905,4.5875,0.048,308.55,1.597,0.9425,5.8785,-0.024,308.147,2.113,1.5455,5.979,-0.0505,308.359,2.087,1.9144999999999999,5.3675,-0.0365,308.489,1.927,2.0789999999999997,4.916,-0.034,308.327,2.04,0.9285,3.5715,0.0565,308.663,1.847,-0.8075,3.693,0.07350000000000001,308.775,1.593,-1.188,4.619,-0.0455,308.177,1.501,0.47550000000000003,5.442,-0.0905,307.969,1.571,2.307,6.2545,-0.126,307.597,1.999,1.4909999999999999,5.0845,0.06,308.136,1.996,
1.965,4.458,-0.038,308.018,1.769,-0.1265,4.122,0.054000000000000006,308.744,1.763,-0.6735,5.298,-0.009500000000000001,308.169,1.95,0.8490000000000001,5.803,-0.11349999999999999,307.869,1.699,2.2965,5.481999999999999,-0.1505,307.819,1.639,2.024,4.5969999999999995,-0.0145,308.494,1.782,1.163,4.636,0.043000000000000003,308.956,2.03,0.8605,5.2265,0.0034999999999999996,308.852,2.061,1.2205,4.672499999999999,-0.037500000000000006,308.678,1.752,1.5470000000000002,3.865,-0.06,308.364,1.545,0.605,2.8840000000000003,0.036,308.603,1.447,-0.645,3.333,0.0555,308.752,1.435,-0.44,4.6345,-0.0635,308.36,1.516,0.9544999999999999,5.578,-0.0675,308.293,1.802,1.733,5.476,-0.0105,308.157,2.165,0.9205,4.306,0.07350000000000001,308.669,1.908,
2.154,4.131,-0.019,308.354,1.674,0.646,3.6695,0.0395,308.843,1.772,-0.40900000000000003,4.3505,0.047,308.808,1.88,0.337,5.326,-0.010499999999999999,308.327,2.091,1.774,5.4685,-0.058499999999999996,308.245,1.994,1.8725,4.317,-0.056999999999999995,308.493,1.674,0.5794999999999999,3.338,0.050499999999999996,309.112,1.762,-0.36,4.101,0.07150000000000001,308.987,1.789,0.42050000000000004,4.455,-0.059,308.232,1.474,1.5615,3.845,-0.14200000000000002,307.923,1.229,0.9255,2.936,0.0055,308.381,1.254,-0.0165,3.0700000000000003,0.049,308.685,1.217,0.509,4.4725,-0.083,308.445,1.429,1.124,5.173,-0.0155,308.514,1.954,0.759,4.12,0.053,308.69,1.838,0.1565,3.3885,0.022,308.646,1.572,
2.0875,3.844,-0.026000000000000002,308.411,1.445,1.8275000000000001,3.378,-0.027499999999999997,308.459,1.564,0.8995,3.719,0.016,308.822,1.579,0.0935,4.52,0.046,309.02,1.865,0.23800000000000002,4.914,0.048,308.809,1.768,0.918,4.111,-0.1,308.166,1.405,0.28600000000000003,2.863,-0.025,308.488,1.236,-1.049,3.59,0.07350000000000001,308.859,1.515,-0.2730000000000001,4.637,-0.041999999999999996,307.985,1.619,1.607,4.299,-0.188,307.572,1.359,1.3685,3.195,-0.0625,308.208,1.327,0.613,3.017,-0.0005000000000000004,308.57,1.161,1.2970000000000002,4.416,-0.1345,308.319,1.42,1.1755,4.89,-0.0105,308.675,1.984,-0.016000000000000014,3.546,0.043500000000000004,308.784,1.617,-0.4225,3.063,-0.059,308.176,1.348,
2.025,5.6505,-0.324,306.403,0.896,0.8029999999999999,4.844,-0.028000000000000004,306.842,1.024,-0.618,5.349,0.203,307.131,1.497,-0.133,6.662,0.0605,306.898,1.53,1.7109999999999999,7.160500000000001,-0.3135,306.426,1.132,2.722,6.861,-0.1265,306.552,1.376,1.3145,6.2044999999999995,0.1195,307.02,1.571,-0.909,6.159,0.29700000000000004,307.302,1.605,-0.757,7.274,-0.0785,306.659,1.236,1.234,6.9935,-0.455,306.64,0.889,1.984,6.426,0.007,306.959,1.372,1.061,5.277,0.2685,307.38,1.453,0.5575,5.593999999999999,-0.0935,306.958,1.181,0.2865,6.173,-0.013999999999999999,306.823,1.469,-0.7435,4.404999999999999,0.3105,307.181,1.423,-0.4255,4.231999999999999,-0.0925,306.568,0.847,
2.2615,6.334,-0.2675,306.432,1.073,2.6205,5.66,-0.25,306.479,0.981,1.1880000000000002,5.323,0.0535,307.006,1.363,0.383,6.059,0.2205,307.269,1.635,1.4249999999999998,6.463,0.068,306.905,1.556,2.102,6.029999999999999,0.0505,306.983,1.454,0.7044999999999999,5.3415,0.10450000000000001,307.223,1.487,-1.353,5.7805,0.265,307.429,1.619,-1.0285,7.1575,0.139,306.784,1.66,1.196,7.6675,-0.364,306.515,1.097,1.6724999999999999,6.2285,-0.065,306.935,1.204,0.772,5.0855,0.1305,307.161,1.234,0.9490000000000001,5.833,-0.23199999999999998,306.657,1.07,0.662,5.766,-0.004,306.838,1.326,-0.6795,4.4239999999999995,0.281,307.158,1.299,-0.1945,4.9399999999999995,-0.159,306.503,0.839,
1.497,6.212,-0.1465,306.624,1.14,3.177,6.0665,-0.17099999999999999,306.521,1.115,3.177,5.514,-0.0775,306.741,1.361,1.8490000000000002,5.3580000000000005,0.154,307.274,1.562,0.863,4.903499999999999,0.33899999999999997,307.474,1.681,0.8075,4.5985,0.052000000000000005,307.09,1.177,0.687,4.321,-0.07300000000000001,307.007,1.187,-0.44799999999999995,4.8745,0.107,307.292,1.441,-0.9929999999999999,5.912,0.277,307.284,1.663,0.15699999999999997,7.186,0.056999999999999995,306.832,1.599,0.774,6.683999999999999,-0.213,306.88,1.06,0.651,5.7225,-0.0445,306.983,1.127,1.3275,6.269,-0.1765,306.654,1.188,1.2395,5.6505,-0.11049999999999999,306.783,1.179,0.02749999999999997,4.913,0.11599999999999999,307.103,1.211,0.24749999999999994,6.0649999999999995,-0.1455,306.579,1.051,
1.067,5.704000000000001,-0.136,306.758,1.109,2.712,5.624499999999999,-0.006,306.791,1.17,3.6325000000000003,5.4,-0.2355,306.62,1.137,2.549,5.252,0.014499999999999999,306.933,1.439,0.32199999999999995,4.2535,0.392,307.436,1.405,-0.10300000000000001,4.119,-0.0825,306.755,0.76,1.1145,4.214,-0.2565,306.661,0.813,1.3425,4.548,-0.14,306.824,1.141,0.050500000000000045,4.888,0.1245,307.23,1.316,-0.6775,5.7829999999999995,0.292,307.294,1.632,-0.08500000000000002,7.1125,-0.1305,306.764,1.295,0.5715,6.5945,-0.1595,306.913,1.207,1.2475,6.494,-0.0875,306.855,1.269,1.6235,5.9665,-0.2525,306.732,1.075,1.1505,5.8355,-0.10950000000000001,306.995,1.229,0.956,6.8075,-0.013999999999999999,306.826,1.461,
0.7444999999999999,5.922000000000001,-0.272,306.707,0.935,1.899,5.653499999999999,-0.069,306.776,0.955,3.252,6.08,-0.497,306.299,0.845,2.5015,5.9305,0.0095,306.663,1.453,-0.07700000000000007,4.6475,0.395,307.271,1.342,-0.49900000000000005,4.9030000000000005,-0.2115,306.448,0.722,1.2245,5.3005,-0.3355,306.406,0.773,2.396,5.521,-0.2435,306.442,1.12,1.576,5.243,-0.07100000000000001,306.714,1.217,-0.14449999999999996,5.039,0.1955,307.271,1.42,-0.4845,6.649,0.15,307.004,1.703,0.181,7.1385000000000005,-0.1115,306.848,1.393,0.997,6.682,-0.10799999999999998,306.895,1.214,2.0675,6.5954999999999995,-0.3725,306.673,1.012,2.4225000000000003,6.803,-0.189,306.852,1.408,1.8305000000000002,6.4595,0.1455,307.232,1.729,
0.3295,7.116,-0.299,306.589,1.022,1.6335000000000002,7.0985,-0.219,306.552,0.952,3.1845,7.7065,-0.4115,306.091,1.092,2.1350000000000002,6.5885,0.16899999999999998,306.796,1.615,-0.4575,5.0335,0.364,307.289,1.364,-0.4505,5.954,-0.2405,306.472,0.889,1.1955,6.689500000000001,-0.2715,306.413,0.978,2.249,6.6945,-0.022,306.575,1.473,2.222,5.9350000000000005,0.0014999999999999996,306.623,1.403,0.986,5.166,-0.031,306.945,1.252,-0.271,5.702500000000001,0.2545,307.352,1.658,-0.3135,6.93,0.108,306.966,1.561,0.8415,7.004,-0.14300000000000002,306.823,1.182,2.5725000000000002,7.2895,-0.422,306.603,1.074,3.128,7.221,-0.0925,306.883,1.672,2.102,5.46,0.2545,307.539,1.766,
0.3115,7.684,-0.024999999999999998,306.848,1.526,1.8295,8.2175,-0.123,306.668,1.368,2.5540000000000003,8.1155,0.0675,306.698,1.673,0.9375000000000001,6.45,0.21050000000000002,307.179,1.606,-0.8315,4.9735,0.228,307.28,1.278,0.09250000000000003,6.301,-0.20700000000000002,306.645,1.036,1.5630000000000002,7.189500000000001,-0.17250000000000001,306.606,1.25,1.6175000000000002,6.5745000000000005,0.22549999999999998,307.179,1.704,1.62,5.452,0.24,307.125,1.523,1.6795,5.3325,-0.16649999999999998,306.789,1.167,0.5395000000000001,5.234999999999999,0.153,307.309,1.432,-0.447,6.1765,0.3065,307.294,1.646,0.6895,7.193,-0.091,306.758,1.22,2.8605,7.627,-0.367,306.484,0.666,3.148,6.932,0.013500000000000002,306.846,1.082,1.6110000000000002,4.7204999999999995,0.32,307.514,1.563,
0.40750000000000003,6.7635000000000005,0.237,307.362,1.718,1.0975000000000001,7.3185,0.036000000000000004,307.108,1.623,0.6705,6.6515,0.32599999999999996,307.388,1.876,-0.6155,6.079000000000001,0.1035,307.154,1.364,-0.9075,5.2325,-0.053,306.992,1.068,0.8445,6.26,-0.2025,306.765,1.028,2.513,6.8405000000000005,-0.179,306.747,1.235,1.9989999999999999,5.545999999999999,0.2035,307.401,1.536,1.3035,4.2245,0.3405,307.598,1.409,1.892,5.064,-0.1315,306.888,1.08,1.335,5.2605,0.0055,307.149,1.396,-0.2245,5.526,0.35450000000000004,307.531,1.676,0.4585,6.99,0.052000000000000005,306.81,1.341,2.7365,7.443,-0.288,306.461,0.599,2.929,6.391,-0.0155,306.686,0.794,1.0174999999999998,4.558,0.3305,307.374,1.415,
0.208,5.668,0.3025,307.522,1.548,-0.1845,5.8065,-0.013999999999999999,307.185,1.383,-0.998,5.166499999999999,0.1925,307.45,1.403,-1.4405000000000001,5.871,0.11399999999999999,306.96,1.395,-0.5485,6.234500000000001,-0.1845,306.599,1.14,1.4205,6.631,-0.20700000000000002,306.785,1.058,3.201,6.56,-0.2265,306.751,1.118,2.91,4.8695,0.0675,307.148,1.259,1.7625,3.5575,0.288,307.527,1.214,2.1195,4.602,-0.0865,307.044,0.962,2.0999999999999996,5.428,-0.136,306.928,0.855,0.4255,5.295999999999999,0.33599999999999997,307.411,1.093,0.188,6.4785,0.23299999999999998,306.939,0.896,2.1825,7.0255,-0.242,306.482,0.475,2.855,6.1165,-0.164,306.478,0.5,0.9335,4.7995,0.285,307.11,0.922,
-0.132,5.2524999999999995,0.346,307.476,1.522,-0.575,5.378500000000001,-0.0195,306.999,1.228,-0.9285000000000001,4.8805,-0.057999999999999996,307.077,1.075,-1.3195000000000001,5.4615,0.177,307.134,1.383,-0.5545,6.7445,0.07200000000000001,306.714,1.446,1.203,7.2055,-0.1305,306.708,1.256,2.936,6.5905,-0.2105,306.675,1.054,3.0244999999999997,4.913,-0.013500000000000002,306.964,1.14,2.031,3.8209999999999997,0.1745,307.297,1.075,2.442,4.6825,-0.16799999999999998,307.013,0.861,2.93,5.88,-0.1955,306.668,0.726,1.1755,5.3835,0.3555,307.122,0.836,-0.14400000000000002,5.9595,0.334,306.97,0.717,1.433,6.627,-0.17600000000000002,306.468,0.433,2.867,6.137499999999999,-0.278,306.309,0.439,1.339,5.2235,0.2175,306.877,0.799,
-0.13899999999999996,5.117,0.386,307.511,1.506,-0.615,5.563000000000001,0.1615,307.062,1.278,-0.07250000000000001,5.414999999999999,-0.174,306.873,1.038,-0.458,5.019500000000001,0.088,307.162,1.185,-0.867,5.941,0.3155,307.226,1.561,0.251,7.2095,0.088,306.744,1.407,2.0115,6.8835,-0.242,306.635,0.964,2.4995000000000003,5.679,-0.09749999999999999,306.899,1.073,2.151,4.9510000000000005,0.01,307.104,1.026,2.9405,5.7445,-0.2615,306.841,0.897,3.3255,6.4625,-0.057,306.642,1.414,1.1364999999999998,5.516,0.3895,307.211,1.394,-0.6775,5.720000000000001,0.2565,307.044,1.07,0.8415,6.3695,-0.1205,306.465,0.469,2.8920000000000003,6.3685,-0.37350000000000005,306.275,0.455,1.8605,5.846,0.14100000000000001,306.662,0.633,
0.615,5.101,0.292,307.315,0.968,-0.5905,5.705,0.2925,307.263,1.34,0.31700000000000006,6.169499999999999,-0.21550000000000002,306.881,1.119,0.738,5.0665,-0.10600000000000001,307.017,0.945,-0.293,4.9775,0.149,307.318,1.233,-0.39149999999999996,6.6345,0.25,307.079,1.448,1.106,7.6065000000000005,-0.2645,306.565,1.081,2.1145,7.1325,-0.177,306.845,1.157,2.5195,6.628,-0.11249999999999999,307.003,1.139,3.3520000000000003,7.0024999999999995,-0.198,306.822,1.244,2.7935,6.3315,0.1535,306.975,1.657,0.20499999999999996,5.4995,0.368,307.425,1.511,-1.2155,5.93,0.047,306.993,1.013,0.5429999999999999,6.579000000000001,-0.17900000000000002,306.603,0.906,2.9215,7.2335,-0.5105,306.341,0.75,2.1735,6.7829999999999995,0.089,306.677,1.283,
1.7125000000000001,5.5120000000000005,0.0845,306.956,0.677,-0.307,5.906499999999999,0.299,307.347,1.444,0.15149999999999997,7.0465,-0.20249999999999999,306.79,1.204,1.4304999999999999,6.0954999999999995,-0.3195,306.806,0.801,1.256,5.443,-0.274,306.934,0.824,0.6054999999999999,6.357,0.151,307.277,1.381,1.169,7.9585,-0.0475,306.848,1.554,2.0140000000000002,8.2335,-0.109,307.007,1.534,2.5860000000000003,7.6114999999999995,-0.066,307.142,1.434,2.955,7.1035,-0.0745,307.003,1.603,1.614,5.342,0.218,307.336,1.671,-0.6759999999999999,5.2715,0.2945,307.544,1.447,-1.207,6.3614999999999995,-0.104,306.943,1.038,0.7349999999999999,7.2684999999999995,-0.2475,306.702,0.944,2.9859999999999998,8.258,-0.38899999999999996,306.369,1.081,2.2515,7.3415,0.1685,306.817,1.56,
2.4755,6.1365,-0.0305,306.847,1.233,0.035499999999999976,5.976,0.28300000000000003,307.478,1.614,-0.389,7.374499999999999,0.034,306.876,1.54,1.2215,7.5435,-0.2865,306.583,1.005,2.617,7.047499999999999,-0.4355,306.565,0.974,2.4275,6.5329999999999995,0.0095,307.203,1.383,1.7389999999999999,6.946999999999999,0.22799999999999998,307.537,1.902,1.596,7.7945,0.097,307.423,1.814,1.932,7.147,-0.018000000000000002,307.331,1.536,2.154,6.1145,-0.1115,307.082,1.305,0.953,4.397,0.1565,307.376,1.391,-0.6545,4.8385,0.238,307.544,1.319,-0.5195,6.475,-0.136,307.074,1.082,1.2160000000000002,7.699999999999999,-0.166,306.946,1.226,2.567,7.827,-0.0025,306.793,1.612,1.69,6.593,0.265,307.254,1.743,
2.872,6.1075,-0.014,307.029,1.302,0.778,5.555,0.197,307.588,1.601,-0.483,6.442,0.23349999999999999,307.449,1.691,0.6005,7.415000000000001,0.048,306.979,1.648,2.489,7.510999999999999,-0.14150000000000001,306.885,1.437,2.6265,6.3294999999999995,-0.079,307.19,1.353,1.1764999999999999,5.2565,0.243,307.831,1.73,0.2855,6.281000000000001,0.27549999999999997,307.692,1.785,0.92,6.457,-0.124,307.116,1.224,1.839,5.6495,-0.348,306.817,0.93,1.168,4.271,0.043500000000000004,307.213,1.147,0.05200000000000002,4.475,0.1985,307.498,1.158,0.49850000000000005,6.2684999999999995,-0.1985,307.202,1.039,1.4975,7.4335,-0.0315,307.184,1.655,1.4255,6.1525,0.22749999999999998,307.346,1.697,0.5774999999999999,5.189,0.149,307.433,1.481,
2.8890000000000002,5.813,-0.0605,307.166,1.188,2.1995,5.202,-0.020999999999999998,307.316,1.293,0.852,5.659,0.132,307.629,1.456,0.28300000000000003,6.674,0.236,307.702,1.728,0.9075,7.111,0.21300000000000002,307.462,1.661,1.4205,6.024,-0.21300000000000002,307.1,1.139,0.3985,4.453,-0.012499999999999999,307.415,0.973,-0.873,5.444,0.2895,307.665,1.488,0.055499999999999994,6.327,-0.098,306.834,1.218,1.8595000000000002,5.792,-0.49250000000000005,306.438,0.807,1.6600000000000001,4.465,-0.1365,307.041,1.011,0.8414999999999999,4.371,0.0655,307.4,1.029,1.4714999999999998,6.15,-0.3285,307.143,1.005,1.5875,7.144,0.01,307.356,1.66,0.3145,5.254,0.2385,307.576,1.549,-0.3195,4.545,-0.08,307.102,1.112,
1.919,6.036,-0.5725,306.186,0.657,0.5685,5.2524999999999995,0.0004999999999999987,306.604,0.938,-0.6355,5.7145,0.43000000000000005,306.838,1.598,0.08549999999999996,7.003,0.1065,306.592,1.525,1.752,7.2565,-0.5535,306.18,0.862,2.5810000000000004,7.0785,-0.20950000000000002,306.29,1.181,1.4140000000000001,6.593,0.2485,306.701,1.588,-0.6399999999999999,6.5755,0.615,306.992,1.711,-0.7114999999999999,7.675,-0.16649999999999998,306.365,0.994,1.0439999999999998,7.279,-0.7995,306.457,0.512,1.8964999999999999,6.9030000000000005,-0.0115,306.706,1.218,1.1505,5.8605,0.5295000000000001,307.074,1.538,0.5975,6.214499999999999,-0.109,306.718,1.164,0.401,6.6995000000000005,-0.0475,306.536,1.479,-0.4445,4.873,0.5755,306.876,1.614,-0.331,4.474,-0.162,306.356,0.728,
2.4925,6.6145,-0.47,306.203,0.848,2.5065,5.9675,-0.443,306.248,0.751,1.0394999999999999,5.662000000000001,0.136,306.75,1.375,0.412,6.4825,0.4405,306.958,1.74,1.476,6.742,0.1125,306.616,1.524,2.152,6.475,0.1345,306.704,1.351,0.8505,5.984999999999999,0.22599999999999998,306.909,1.528,-1.1119999999999999,6.379,0.5605,307.117,1.724,-0.9275,7.5735,0.2445,306.5,1.531,1.0165,7.804500000000001,-0.679,306.317,0.728,1.5989999999999998,6.621,-0.1305,306.69,1.043,0.8345,5.568,0.2715,306.892,1.28,0.8734999999999999,6.337,-0.401,306.419,0.971,0.715,6.2705,-0.006,306.558,1.307,-0.41949999999999993,4.8205,0.5105,306.87,1.454,-0.13249999999999995,5.0845,-0.2955,306.276,0.695,
1.8159999999999998,6.5045,-0.2615,306.375,0.954,3.2245,6.411,-0.345,306.23,0.89,3.0460000000000003,5.986000000000001,-0.1305,306.497,1.224,1.8145000000000002,5.9215,0.3175,306.988,1.635,1.0965,5.407,0.6485000000000001,307.144,1.899,1.076,5.2895,0.1525,306.85,1.167,0.7575,5.204,-0.125,306.747,1.232,-0.474,5.6815,0.247,307.007,1.543,-0.982,6.51,0.57,306.973,1.681,0.15349999999999997,7.5040000000000004,0.089,306.55,1.465,0.798,7.0585,-0.3795,306.601,0.858,0.7130000000000001,6.162,-0.0645,306.701,1.079,1.3050000000000002,6.7285,-0.3325,306.363,1.086,1.2885,6.121,-0.174,306.513,1.101,0.23600000000000002,5.2995,0.218,306.817,1.307,0.29500000000000004,6.1795,-0.272,306.325,0.946,
1.313,6.135,-0.2575,306.481,0.966,2.9459999999999997,6.175,-0.044,306.467,1.009,3.7465,6.102,-0.3895,306.362,0.941,2.693,5.8469999999999995,0.0315,306.676,1.399,0.6435000000000001,4.72,0.772,307.153,1.589,0.13199999999999998,4.74,-0.108,306.547,0.589,1.1404999999999998,5.0655,-0.4785,306.438,0.714,1.2069999999999999,5.276,-0.24,306.607,1.137,-0.058499999999999996,5.4565,0.3015,306.975,1.363,-0.6385,6.2715,0.5855,306.978,1.689,-0.07100000000000001,7.5169999999999995,-0.235,306.447,1.156,0.61,7.04,-0.284,306.61,1.106,1.3465,7.0245,-0.16499999999999998,306.525,1.167,1.6709999999999998,6.453,-0.4085,306.467,0.921,1.2175,6.2445,-0.1695,306.71,1.232,0.98,7.077999999999999,-0.0025,306.534,1.436,
1.015,6.2895,-0.509,306.445,0.74,2.217,6.194,-0.1215,306.498,0.784,3.3625,6.609,-0.875,306.121,0.506,2.6725000000000003,6.3855,-0.0125,306.415,1.348,0.269,5.0295000000000005,0.7775,306.999,1.438,-0.34400000000000003,5.229,-0.374,306.224,0.437,1.1985000000000001,5.835,-0.6315,306.138,0.532,2.3120000000000003,5.932,-0.4865,306.238,1.057,1.4485,5.558,-0.121,306.501,1.166,-0.2125,5.457,0.4225,306.998,1.492,-0.4825,7.1225000000000005,0.2995,306.682,1.732,0.28700000000000003,7.6145,-0.21150000000000002,306.551,1.289,1.1905000000000001,7.231,-0.1855,306.585,1.066,2.1035,7.039,-0.618,306.414,0.748,2.35,7.2155000000000005,-0.309,306.573,1.321,1.842,6.949,0.3315,306.897,1.787,
0.6054999999999999,7.236,-0.606,306.294,0.727,1.7785,7.3415,-0.3835,306.27,0.64,3.1245000000000003,7.9165,-0.8275,305.905,0.729,2.2635,7.0125,0.308,306.514,1.475,-0.1785,5.461,0.7125,307.003,1.434,-0.47000000000000003,6.1365,-0.46499999999999997,306.186,0.576,0.9935,6.9525,-0.5285,306.095,0.692,2.1835,6.9905,-0.11549999999999999,306.291,1.457,2.2165,6.1739999999999995,-0.0395,306.371,1.35,0.914,5.461,-0.027999999999999997,306.714,1.215,-0.2695,6.168,0.513,307.035,1.779,-0.11500000000000002,7.4395,0.1855,306.649,1.515,1.092,7.4455,-0.2575,306.55,0.967,2.6105,7.5649999999999995,-0.7224999999999999,306.315,0.722,3.0825,7.6129999999999995,-0.14200000000000002,306.599,1.513,2.2115,6.013,0.542,307.212,1.908,
0.45699999999999996,7.843999999999999,-0.1425,306.542,1.351,1.8424999999999998,8.3585,-0.2215,306.376,1.046,2.626,8.4475,0.0295,306.328,1.412,1.154,6.987500000000001,0.4465,306.875,1.531,-0.6655,5.484500000000001,0.4495,307.004,1.315,-0.019000000000000017,6.6305,-0.42300000000000004,306.373,0.789,1.2945,7.483499999999999,-0.355,306.312,0.977,1.5955,7.0305,0.375,306.832,1.754,1.795,5.8575,0.41800000000000004,306.812,1.592,1.7105,5.569,-0.309,306.566,1.095,0.565,5.6075,0.294,307.036,1.497,-0.198,6.664,0.5735,306.968,1.74,0.9175000000000001,7.492,-0.189,306.535,0.972,2.85,7.742,-0.667,306.263,0.484,3.1455,7.272,0.0305,306.644,1.055,1.8145,5.1895,0.644,307.23,1.722,
0.477,7.1465,0.3885,307.043,1.705,1.266,7.667,0.0825,306.846,1.433,0.9784999999999999,7.2195,0.603,307.029,1.897,-0.373,6.5895,0.22199999999999998,306.916,1.292,-0.851,5.684,-0.08299999999999999,306.77,1.018,0.7225,6.7595,-0.4215,306.492,0.822,2.277,7.3445,-0.364,306.461,0.966,1.9769999999999999,6.123,0.367,307.092,1.524,1.509,4.728,0.639,307.281,1.575,2.0140000000000002,5.3565000000000005,-0.2615,306.671,0.997,1.4435,5.633,-0.009999999999999998,306.887,1.393,0.031,5.962,0.6859999999999999,307.214,1.864,0.6415000000000001,7.219,0.056999999999999995,306.591,1.145,2.7175000000000002,7.534000000000001,-0.5549999999999999,306.284,0.419,2.917,6.6625,-0.047,306.555,0.721,1.232,4.923,0.6475,307.116,1.545,
0.2255,6.0925,0.5585,307.236,1.65,0.0010000000000000009,6.2545,-0.0115,306.943,1.323,-0.732,5.7,0.404,307.156,1.493,-1.2155,6.2735,0.194,306.718,1.346,-0.46649999999999997,6.553,-0.369,306.394,1.045,1.3975,7.157,-0.42700000000000005,306.492,0.855,3.1205,7.2165,-0.4465,306.464,0.851,2.9405,5.4254999999999995,0.1045,306.884,1.169,1.955,4.0120000000000005,0.5345,307.259,1.325,2.2595,5.0595,-0.1735,306.815,0.861,2.1535,5.901,-0.272,306.736,0.963,0.576,5.698499999999999,0.633,307.187,1.38,0.40349999999999997,6.7325,0.39549999999999996,306.756,0.96,2.258,7.146000000000001,-0.469,306.351,0.316,2.815,6.32,-0.3305,306.379,0.383,1.1005,5.102,0.5425,306.925,1.097,
-0.11000000000000001,5.654,0.6255,307.205,1.667,-0.5135000000000001,5.7555,-0.07150000000000001,306.77,1.203,-0.888,5.288,-0.1085,306.844,1.07,-1.162,5.864,0.3105,306.848,1.395,-0.34,7.093999999999999,0.07150000000000001,306.431,1.362,1.3339999999999999,7.6675,-0.2935,306.436,1.046,2.9585,7.239,-0.41200000000000003,306.412,0.774,3.0925000000000002,5.397,-0.073,306.709,1.019,2.2385,4.2125,0.292,307.045,1.108,2.5615,5.207,-0.316,306.791,0.717,2.9135,6.3375,-0.4075,306.538,0.777,1.3385,5.7695,0.637,306.983,0.984,0.213,6.282500000000001,0.5965,306.847,0.776,1.6395,6.7295,-0.37,306.391,0.277,2.855,6.3015,-0.5555,306.218,0.295,1.433,5.5265,0.398,306.73,0.873,
-0.09349999999999997,5.5715,0.685,307.229,1.644,-0.5305,5.9405,0.229,306.812,1.258,-0.14,5.8225,-0.39349999999999996,306.642,0.96,-0.45799999999999996,5.541,0.1255,306.89,1.191,-0.6355,6.492,0.5545,306.896,1.57,0.45499999999999996,7.6255,0.0795,306.463,1.215,2.0035,7.306,-0.46,306.377,0.644,2.504,6.0215,-0.2545,306.651,0.929,2.3125,5.2475000000000005,-0.038500000000000006,306.86,0.975,3.0365,6.0835,-0.5115000000000001,306.579,0.67,3.396,6.7905,-0.1795,306.431,1.251,1.434,5.9185,0.7215,306.975,1.358,-0.2565,6.1055,0.46649999999999997,306.868,0.909,1.1015000000000001,6.4350000000000005,-0.3065,306.393,0.28,2.915,6.4885,-0.7370000000000001,306.203,0.279,1.8860000000000001,6.1579999999999995,0.2385,306.57,0.613,
0.6115,5.583,0.543,307.104,1.123,-0.46299999999999997,6.1195,0.513,306.989,1.358,0.33699999999999997,6.627,-0.45999999999999996,306.644,1.002,0.6629999999999999,5.683,-0.23249999999999998,306.754,0.817,-0.18100000000000002,5.6475,0.3015,307.024,1.244,-0.17400000000000002,7.0805,0.4005,306.764,1.375,1.0535,7.751,-0.507,306.322,0.735,2.0004999999999997,7.3020000000000005,-0.39,306.568,0.961,2.5845000000000002,6.798500000000001,-0.2595,306.724,0.985,3.4480000000000004,7.1265,-0.4065,306.512,1.02,3.0235000000000003,6.6355,0.254,306.685,1.564,0.613,5.9145,0.7285,307.138,1.55,-0.7945,6.2995,0.088,306.781,0.809,0.7995000000000001,6.592499999999999,-0.384,306.49,0.494,2.9085,7.194,-0.974,306.363,0.185,2.186,7.07,0.126,306.527,1.032,
1.681,5.891,0.201,306.81,0.646,-0.16400000000000003,6.314500000000001,0.6125,307.067,1.513,0.31249999999999994,7.423,-0.38849999999999996,306.569,1.011,1.4325,6.4990000000000006,-0.5755,306.579,0.51,1.191,5.846,-0.462,306.684,0.58,0.648,6.7715,0.2715,306.97,1.365,1.142,8.1815,-0.089,306.559,1.375,1.94,8.495000000000001,-0.1995,306.686,1.323,2.63,7.9055,-0.1235,306.813,1.225,3.0945,7.364000000000001,-0.136,306.714,1.431,1.907,5.753,0.43300000000000005,307.029,1.695,-0.27199999999999996,5.679,0.6175,307.252,1.522,-0.7989999999999999,6.635,-0.1795,306.673,0.773,0.9564999999999999,7.257,-0.453,306.556,0.542,2.9385,8.174,-0.7475,306.356,0.655,2.3005,7.718,0.28550000000000003,306.58,1.32,
2.442,6.390499999999999,-0.011,306.643,0.976,0.1895,6.4315,0.6205,307.181,1.685,-0.101,7.7204999999999995,0.08,306.608,1.408,1.296,7.65,-0.501,306.38,0.654,2.3985000000000003,7.0715,-0.8015,306.357,0.649,2.3155,6.8865,0.0365,306.923,1.225,1.8395000000000001,7.545,0.4805,307.17,1.948,1.749,8.402999999999999,0.21850000000000003,307.07,1.705,2.0775,7.8165000000000004,0.0215,307.006,1.383,2.289,6.807,-0.1625,306.796,1.147,1.1420000000000001,4.9205000000000005,0.317,307.079,1.495,-0.396,5.2665,0.5015000000000001,307.257,1.401,-0.251,6.714499999999999,-0.227,306.806,0.834,1.359,7.811,-0.2985,306.66,0.891,2.6335,8.02,-0.0095,306.547,1.287,1.843,7.179,0.522,306.941,1.63,
2.86,6.4215,-0.008,306.76,1.056,0.8235,6.1205,0.4425,307.291,1.635,-0.34199999999999997,6.9399999999999995,0.495,307.134,1.674,0.6479999999999999,7.6205,0.131,306.714,1.495,2.4225,7.617,-0.28049999999999997,306.582,1.194,2.658,6.776,-0.0875,306.913,1.161,1.445,6.0280000000000005,0.5355000000000001,307.485,1.869,0.7424999999999999,7.042999999999999,0.548,307.348,1.885,1.1995,7.1899999999999995,-0.181,306.885,1.084,1.8215,6.459,-0.5625,306.587,0.728,1.1815,4.7735,0.091,306.943,1.191,0.1905,4.925,0.403,307.214,1.222,0.6065,6.5825,-0.335,306.939,0.82,1.5875,7.769500000000001,-0.066,306.905,1.506,1.6295,6.592499999999999,0.46849999999999997,307.044,1.669,0.792,5.8255,0.355,307.142,1.515,
3.015,6.221,-0.10650000000000001,306.897,1.027,2.154,5.823,0.027,307.077,1.218,0.7375,6.257,0.318,307.345,1.506,0.3465,7.054,0.5125,307.393,1.788,1.17,7.413,0.42000000000000004,307.139,1.701,1.589,6.562,-0.321,306.885,1.013,0.5509999999999999,5.202,0.0425,307.183,0.926,-0.44299999999999995,6.175,0.5895,307.366,1.639,0.37400000000000005,6.925,-0.1745,306.612,1.075,1.749,6.483,-0.8355,306.3,0.532,1.564,4.904,-0.23399999999999999,306.802,0.896,0.9179999999999999,4.821,0.1565,307.131,1.019,1.4905,6.517,-0.5565,306.894,0.787,1.6825,7.594,0.03,307.075,1.55,0.5535,5.739,0.5245,307.282,1.7,-0.131,5.127,-0.066,306.892,1.069,
1.75,6.235,-0.788,306.114,0.455,0.3945,5.477,0.051500000000000004,306.511,0.857,-0.6275,5.836,0.652,306.718,1.658,0.1775,7.0535,0.1235,306.469,1.534,1.6605,7.0855,-0.7725,306.142,0.739,2.3475,7.0504999999999995,-0.27749999999999997,306.189,1.092,1.429,6.682,0.346,306.563,1.629,-0.368,6.7059999999999995,0.9185,306.863,1.788,-0.577,7.787,-0.23399999999999999,306.258,0.853,0.925,7.2844999999999995,-1.0925,306.441,0.274,1.7705000000000002,7.09,-0.0385,306.615,1.118,1.163,6.162,0.773,306.943,1.586,0.6295,6.596,-0.092,306.617,1.15,0.493,6.9325,-0.095,306.419,1.483,-0.163,5.132,0.817,306.741,1.727,-0.1825,4.5649999999999995,-0.20950000000000002,306.266,0.622,
2.5625,6.6865000000000006,-0.6505,306.13,0.687,2.3449999999999998,6.108499999999999,-0.601,306.154,0.57,0.9219999999999999,5.798,0.231,306.649,1.382,0.4425,6.604,0.641,306.83,1.825,1.4515,6.713,0.122,306.513,1.547,2.072,6.5975,0.20400000000000001,306.598,1.299,0.9395,6.2675,0.32899999999999996,306.778,1.555,-0.8255,6.625500000000001,0.847,306.987,1.803,-0.772,7.6585,0.3295,306.384,1.469,0.87,7.6985,-0.9585,306.318,0.189,1.488,6.8045,-0.21700000000000003,306.597,0.938,0.8534999999999999,5.848,0.404,306.778,1.298,0.8114999999999999,6.646,-0.5375,306.323,0.896,0.7565,6.503,-0.0075,306.444,1.288,-0.118,5.0280000000000005,0.704,306.744,1.541,0.03300000000000003,5.078,-0.40549999999999997,306.168,0.572,
2.0709999999999997,6.5585,-0.367,306.284,0.835,3.1985,6.489,-0.521,306.116,0.74,2.8659999999999997,6.1585,-0.182,306.41,1.145,1.7365,6.179,0.47900000000000004,306.871,1.702,1.2205,5.6305,0.9145,307.005,2.041,1.2345000000000002,5.7055,0.2585,306.754,1.13,0.8155,5.759,-0.179,306.64,1.206,-0.4095,6.1745,0.3915,306.886,1.583,-0.9095,6.7615,0.8434999999999999,306.852,1.69,0.10849999999999999,7.508,0.10400000000000001,306.451,1.423,0.7765,7.221,-0.5445,306.479,0.731,0.7629999999999999,6.394,-0.091,306.581,1.027,1.2469999999999999,6.948499999999999,-0.49149999999999994,306.241,1.014,1.2775,6.3420000000000005,-0.2185,306.403,1.046,0.457,5.496,0.28,306.691,1.356,0.41100000000000003,6.1370000000000005,-0.385,306.22,0.886,
1.5235,6.274,-0.37,306.37,0.864,3.0315000000000003,6.3725000000000005,-0.1195,306.337,0.879,3.6985,6.4175,-0.521,306.267,0.784,2.7135,6.168,0.0505,306.578,1.368,0.9495,4.986,1.124,307.033,1.695,0.466,5.193,-0.0925,306.505,0.427,1.2165,5.667999999999999,-0.681,306.358,0.556,1.0985,5.8565000000000005,-0.3125,306.525,1.089,-0.118,5.7995,0.497,306.873,1.376,-0.613,6.446,0.8674999999999999,306.854,1.718,-0.07200000000000001,7.6434999999999995,-0.33499999999999996,306.312,1.086,0.6415,7.2325,-0.411,306.48,1.03,1.3715000000000002,7.246499999999999,-0.2705,306.381,1.093,1.6485,6.6705000000000005,-0.5329999999999999,306.361,0.809,1.2805,6.441,-0.2445,306.586,1.233,1.0045,7.112,-0.0015,306.414,1.445,
1.2345000000000002,6.3665,-0.7085,306.343,0.58,2.3770000000000002,6.4435,-0.1905,306.388,0.629,3.3525,6.829000000000001,-1.173,306.12,0.265,2.738,6.593999999999999,-0.0485,306.334,1.286,0.6335000000000001,5.217499999999999,1.138,306.893,1.473,-0.012500000000000011,5.443,-0.483,306.29,0.258,1.268,6.1815,-0.894,306.14,0.389,2.1915,6.2669999999999995,-0.7104999999999999,306.161,0.979,1.3114999999999999,5.731999999999999,-0.1515,306.42,1.137,-0.24649999999999997,5.638,0.668,306.891,1.532,-0.4805,7.269,0.439,306.552,1.76,0.3435,7.7835,-0.313,306.428,1.23,1.3,7.4525,-0.28650000000000003,306.454,0.953,2.098,7.16,-0.8195,306.322,0.543,2.269,7.3645,-0.4195,306.465,1.28,1.7965,7.115,0.5015,306.757,1.839,
0.8370000000000001,7.0665,-0.8835,306.278,0.581,1.8565,7.368,-0.531,306.247,0.481,2.992,7.82,-1.2055,306.007,0.189,2.2835,7.121499999999999,0.4145,306.426,1.399,0.08249999999999996,5.6465,1.0474999999999999,306.891,1.453,-0.389,6.186,-0.6615,306.209,0.443,0.861,7.019,-0.7605,306.07,0.545,2.0625,7.086,-0.2365,306.181,1.46,2.1310000000000002,6.211,-0.10350000000000001,306.273,1.341,0.8570000000000001,5.5715,0.004,306.625,1.204,-0.2515,6.35,0.773,306.905,1.86,0.0020000000000000018,7.6135,0.2515,306.52,1.491,1.255,7.589499999999999,-0.3775,306.442,0.821,2.6189999999999998,7.4695,-0.9755,306.268,0.534,2.9705000000000004,7.6955,-0.179,306.504,1.428,2.189,6.247,0.8195,307.077,2.009,
0.5845,7.649,-0.2895,306.455,1.285,1.7985000000000002,8.227,-0.3075,306.332,0.904,2.548,8.346499999999999,-0.0565,306.241,1.311,1.241,7.182499999999999,0.6795,306.769,1.471,-0.5245,5.761,0.668,306.894,1.315,-0.1285,6.7620000000000005,-0.635,306.28,0.617,1.0265,7.501,-0.534,306.208,0.811,1.505,7.152,0.487,306.687,1.811,1.8559999999999999,5.9925,0.552,306.683,1.65,1.7075,5.6455,-0.427,306.479,1.063,0.594,5.766,0.444,306.925,1.545,0.003500000000000003,6.8465,0.8234999999999999,306.832,1.802,1.1235000000000002,7.534,-0.27849999999999997,306.444,0.814,2.8440000000000003,7.484,-0.9380000000000001,306.232,0.373,3.0705,7.326499999999999,0.05500000000000001,306.577,1.013,1.8860000000000001,5.4079999999999995,0.9595,307.112,1.834,
0.5135,7.1785,0.494,306.923,1.726,1.313,7.6815,0.129,306.758,1.365,1.135,7.3685,0.842,306.896,1.905,-0.17999999999999994,6.839,0.3625,306.826,1.242,-0.7735,5.9879999999999995,-0.099,306.686,0.969,0.59,7.018000000000001,-0.6355,306.38,0.671,2.018,7.501,-0.5545,306.352,0.81,1.8864999999999998,6.3515,0.5165,306.97,1.52,1.621,4.991,0.9119999999999999,307.142,1.679,2.0775,5.4695,-0.387,306.585,0.947,1.514,5.792,-0.0235,306.783,1.399,0.269,6.1505,1.0034999999999998,307.08,1.996,0.8435,7.215999999999999,0.0605,306.501,1.031,2.699,7.297499999999999,-0.8154999999999999,306.251,0.322,2.856,6.7345,-0.069,306.514,0.666,1.3505,5.105,0.9570000000000001,307.01,1.64,
0.2295,6.2515,0.79,307.118,1.731,0.1335,6.4345,-0.0025,306.849,1.304,-0.4725,5.962,0.618,307.032,1.56,-0.913,6.4455,0.2705,306.628,1.324,-0.29200000000000004,6.7305,-0.54,306.285,0.97,1.3635,7.4095,-0.638,306.37,0.695,2.955,7.501,-0.663,306.356,0.673,2.861,5.683,0.1385,306.785,1.094,2.0485,4.286,0.766,307.147,1.374,2.347,5.3125,-0.2725,306.723,0.777,2.1835,6.1555,-0.4,306.655,1.004,0.712,5.8985,0.916,307.082,1.55,0.591,6.765499999999999,0.536,306.684,0.982,2.2895,7.0245,-0.692,306.341,0.235,2.7359999999999998,6.396,-0.47550000000000003,306.342,0.293,1.1975,5.256,0.795,306.847,1.183,
-0.095,5.8205,0.886,307.095,1.773,-0.45,5.936999999999999,-0.125,306.681,1.185,-0.7755000000000001,5.5215,-0.138,306.744,1.068,-0.933,6.0135,0.421,306.732,1.406,-0.122,7.1725,0.051500000000000004,306.309,1.322,1.3925,7.8185,-0.445,306.333,0.886,2.868,7.5125,-0.5920000000000001,306.309,0.537,3.033,5.632999999999999,-0.1355,306.612,0.925,2.3345000000000002,4.4575,0.387,306.944,1.105,2.6310000000000002,5.5685,-0.4585,306.704,0.58,2.8609999999999998,6.6235,-0.597,306.483,0.793,1.438,5.9535,0.8955,306.919,1.067,0.5265,6.395,0.8334999999999999,306.794,0.811,1.838,6.663,-0.556,306.423,0.202,2.831,6.332,-0.8075,306.222,0.224,1.492,5.6725,0.5735,306.674,0.893,
-0.045999999999999985,5.7885,0.964,307.114,1.739,-0.45849999999999996,6.107,0.27349999999999997,306.713,1.243,-0.1595,6.037,-0.5965,306.549,0.888,-0.3835,5.7835,0.14150000000000001,306.777,1.173,-0.42600000000000005,6.6705000000000005,0.762,306.763,1.578,0.56,7.705,0.057,306.357,1.102,1.9169999999999998,7.41,-0.6265000000000001,306.326,0.466,2.425,6.1705,-0.4065,306.565,0.818,2.3594999999999997,5.4205,-0.108,306.763,0.919,3.0305,6.308,-0.7304999999999999,306.522,0.498,3.338,6.939,-0.2945,306.352,1.16,1.6225,6.077,1.029,306.887,1.333,0.17149999999999999,6.2895,0.6659999999999999,306.805,0.806,1.407,6.3420000000000005,-0.487,306.448,0.187,2.9455,6.457,-1.067,306.25,0.124,1.895,6.298500000000001,0.3345,306.542,0.588,
0.6204999999999999,5.888,0.7855000000000001,307.015,1.189,-0.344,6.3055,0.704,306.877,1.362,0.334,6.8465,-0.6865,306.555,0.907,0.624,5.994999999999999,-0.366,306.647,0.689,-0.04249999999999998,5.991,0.4595,306.904,1.196,0.009500000000000008,7.2155000000000005,0.5035000000000001,306.635,1.334,1.0145,7.6565,-0.7015,306.334,0.592,1.868,7.2905,-0.5965,306.479,0.848,2.5380000000000003,6.813,-0.4205,306.61,0.89,3.4025,7.093500000000001,-0.595,306.411,0.902,3.087,6.6775,0.3385,306.579,1.528,0.9650000000000001,6.0695,1.077,307.027,1.56,-0.314,6.4544999999999995,0.138,306.695,0.645,1.0434999999999999,6.426,-0.579,306.537,0.297,2.793,7.016,-1.3835000000000002,306.417,0.111,2.087,7.1465,0.15699999999999997,306.493,0.919,
1.6165,6.163,0.3275,306.753,0.595,-0.015499999999999986,6.487,0.9055,306.952,1.557,0.407,7.5595,-0.56,306.483,0.855,1.3645,6.6395,-0.8035,306.528,0.299,1.152,6.0600000000000005,-0.5835,306.632,0.403,0.7475,6.947,0.358,306.841,1.347,1.15,8.1105,-0.14,306.48,1.327,1.8375,8.45,-0.2995,306.564,1.239,2.5725,7.875,-0.20850000000000002,306.675,1.132,3.0875,7.3100000000000005,-0.20800000000000002,306.604,1.365,2.0765000000000002,5.867,0.6275,306.911,1.724,0.1335,5.843500000000001,0.9385000000000001,307.131,1.565,-0.3705,6.66,-0.2475,306.594,0.596,1.086,7.0145,-0.6455,306.624,0.192,2.7115,7.855,-1.0795,306.447,0.178,2.1705,7.7645,0.3775,306.506,1.213,
2.3085,6.4835,0.0165,306.578,0.819,0.31499999999999995,6.599,0.9525,307.064,1.73,0.10300000000000001,7.773,0.1095,306.509,1.343,1.292,7.504,-0.6905,306.425,0.178,2.1795,6.911,-1.119,306.415,0.177,2.201,6.9835,0.046,306.818,1.123,1.8665,7.727500000000001,0.7045,307.018,1.997,1.768,8.566500000000001,0.317,306.929,1.664,2.0915,8.018,0.040999999999999995,306.875,1.299,2.3165,7.0255,-0.2175,306.682,1.051,1.284,5.176,0.46,306.955,1.547,-0.07949999999999999,5.468,0.7575000000000001,307.132,1.453,0.07750000000000001,6.6935,-0.3245,306.688,0.645,1.4565,7.623,-0.4305,306.624,0.73,2.526,7.834,-0.034999999999999996,306.499,1.18,1.8215,7.353,0.7565,306.828,1.555,
2.7415,6.4485,-0.014,306.669,0.919,0.8604999999999999,6.358,0.7004999999999999,307.176,1.66,-0.192,7.0865,0.7384999999999999,307.014,1.677,0.6599999999999999,7.496,0.20550000000000002,306.637,1.452,2.255,7.399,-0.4475,306.518,1.114,2.569,6.889,-0.10250000000000001,306.81,1.053,1.5695,6.4335,0.8355,307.341,1.945,0.9895,7.408,0.793,307.206,1.919,1.345,7.5605,-0.21550000000000002,306.798,0.96,1.7845,6.851,-0.724,306.509,0.54,1.1880000000000002,5.0715,0.1325,306.828,1.191,0.3605,5.1745,0.5860000000000001,307.088,1.24,0.766,6.652,-0.4685,306.822,0.673,1.6305,7.773,-0.1125,306.815,1.428,1.6755,6.6715,0.6915,306.934,1.662,0.8875,6.133,0.5725,307.028,1.507,
3.012,6.287,-0.1645,306.795,0.912,2.088,6.116,0.1055,306.988,1.158,0.6799999999999999,6.502,0.515,307.231,1.535,0.372,7.062,0.7815000000000001,307.275,1.84,1.2665000000000002,7.321,0.5840000000000001,307.012,1.744,1.6440000000000001,6.745,-0.40249999999999997,306.803,0.922,0.6725,5.677,0.1355,307.104,0.834,-0.08399999999999999,6.589,0.867,307.238,1.724,0.6245,7.285,-0.2405,306.545,0.971,1.6355,6.866,-1.0945,306.344,0.161,1.4445000000000001,5.181,-0.3255,306.712,0.795,0.9924999999999999,5.089,0.22,307.014,0.986,1.5474999999999999,6.649,-0.7585,306.79,0.638,1.726,7.707,0.038,306.974,1.49,0.7074999999999999,5.925,0.8025,307.16,1.802,0.020499999999999997,5.464,-0.0205,306.815,1.013,
1.5545,6.375,-0.9655,306.108,0.318,0.25549999999999995,5.6225,0.11249999999999999,306.457,0.765,-0.6014999999999999,5.873,0.8574999999999999,306.644,1.68,0.1965,6.998,0.1185,306.395,1.523,1.4555,6.8505,-0.9665,306.158,0.357,2.0385,6.952,-0.32499999999999996,306.143,1.027,1.4084999999999999,6.677,0.4085,306.472,1.644,-0.08499999999999996,6.750500000000001,1.1945000000000001,306.78,1.831,-0.372,7.7735,-0.28,306.224,0.74,0.8695,7.223,-1.3345,306.444,0.161,1.6395,7.194,-0.0705,306.562,1.025,1.1415,6.3835,0.9915,306.858,1.603,0.654,6.906499999999999,-0.059,306.553,1.125,0.5775,7.076499999999999,-0.1465,306.346,1.465,0.11399999999999999,5.3255,1.0265,306.652,1.788,0.016999999999999987,4.6155,-0.2405,306.22,0.487,
2.525,6.713,-0.8065,306.115,0.569,2.143,6.1925,-0.722,306.146,0.445,0.8155,5.8845,0.3315,306.589,1.366,0.4665,6.6295,0.8155,306.749,1.876,1.3875000000000002,6.5985,0.1045,306.464,1.557,1.939,6.6045,0.259,306.534,1.238,1.008,6.4105,0.4085,306.692,1.561,-0.501,6.7509999999999994,1.1085,306.903,1.849,-0.523,7.627,0.39849999999999997,306.324,1.42,0.8135,7.553,-1.195,306.333,0.106,1.3820000000000001,6.9399999999999995,-0.316,306.543,0.835,0.85,6.087,0.5205,306.705,1.287,0.7595,6.917,-0.6415,306.265,0.813,0.788,6.657,-0.008,306.373,1.251,0.16450000000000004,5.1825,0.8560000000000001,306.662,1.584,0.21400000000000002,5.0395,-0.49450000000000005,306.156,0.476,
2.2715,6.5655,-0.4635,306.241,0.722,3.132,6.5045,-0.6819999999999999,306.09,0.615,2.6710000000000003,6.2565,-0.22849999999999998,306.362,1.063,1.6445,6.343999999999999,0.6325000000000001,306.797,1.747,1.2890000000000001,5.7595,1.1305,306.917,2.13,1.326,5.924,0.35750000000000004,306.697,1.052,0.861,6.0885,-0.23099999999999998,306.575,1.13,-0.296,6.5395,0.526,306.81,1.588,-0.7765,6.906,1.087,306.776,1.677,0.09849999999999998,7.4325,0.1105,306.395,1.39,0.7585,7.3260000000000005,-0.7035,306.42,0.616,0.8089999999999999,6.589,-0.1285,306.506,0.95,1.182,7.1225000000000005,-0.639,306.167,0.932,1.241,6.49,-0.248,306.335,0.98,0.653,5.640499999999999,0.302,306.609,1.367,0.5185,6.0665,-0.487,306.189,0.823,
1.7365,6.3135,-0.47150000000000003,306.305,0.754,3.08,6.454000000000001,-0.21450000000000002,306.264,0.75,3.5934999999999997,6.591,-0.6375,306.216,0.64,2.6695,6.404,0.074,306.522,1.328,1.1935,5.188000000000001,1.432,306.957,1.758,0.78,5.4495000000000005,-0.052,306.516,0.309,1.2974999999999999,6.0405,-0.857,306.334,0.413,1.014,6.374499999999999,-0.36050000000000004,306.48,1.01,-0.146,6.0845,0.696,306.809,1.368,-0.58,6.5265,1.1295,306.777,1.715,-0.059,7.688000000000001,-0.4235,306.244,0.993,0.6825,7.3635,-0.5409999999999999,306.399,0.934,1.3719999999999999,7.384,-0.39,306.291,1.006,1.605,6.7825,-0.631,306.299,0.698,1.335,6.572,-0.3325,306.507,1.206,1.0110000000000001,7.087,-0.01,306.342,1.432,
1.4445000000000001,6.331,-0.8674999999999999,306.293,0.417,2.4555,6.575,-0.27,306.332,0.475,3.263,6.9305,-1.4005,306.12,0.16,2.7265,6.7330000000000005,-0.086,306.291,1.226,0.9369999999999999,5.3515,1.4605000000000001,306.829,1.469,0.325,5.5835,-0.548,306.354,0.164,1.355,6.415,-1.1185,306.168,0.246,2.0625,6.6,-0.9019999999999999,306.145,0.896,1.177,5.890499999999999,-0.1625,306.375,1.093,-0.266,5.7525,0.917,306.826,1.541,-0.466,7.3185,0.5695,306.472,1.758,0.391,7.861000000000001,-0.4115,306.353,1.162,1.366,7.558,-0.404,306.373,0.84,2.0685000000000002,7.14,-0.9810000000000001,306.292,0.369,2.19,7.431,-0.516,306.405,1.229,1.7325,7.1855,0.653,306.668,1.859,
1.08,6.818,-1.1165,306.329,0.291,1.9195000000000002,7.3260000000000005,-0.6619999999999999,306.273,0.248,2.8355,7.6515,-1.5270000000000001,306.112,0.106,2.2545,7.1434999999999995,0.49350000000000005,306.383,1.326,0.3265,5.7665,1.354,306.823,1.435,-0.2585,6.25,-0.8235,306.268,0.234,0.769,7.0535,-0.9624999999999999,306.098,0.276,1.925,7.149,-0.366,306.123,1.441,2.0220000000000002,6.2055,-0.181,306.214,1.317,0.8105,5.631500000000001,0.056499999999999995,306.571,1.182,-0.22,6.445,1.0234999999999999,306.824,1.904,0.0935,7.6825,0.3105,306.438,1.456,1.359,7.6025,-0.5015,306.38,0.695,2.589,7.2385,-1.183,306.301,0.268,2.835,7.6845,-0.1985,306.454,1.349,2.124,6.381,1.079,306.991,2.071,
0.7204999999999999,7.3565000000000005,-0.444,306.456,1.249,1.759,8.0225,-0.383,306.355,0.426,2.436,8.133500000000002,-0.1675,306.253,1.225,1.2865,7.2780000000000005,0.8915,306.71,1.405,-0.38949999999999996,5.9845,0.871,306.827,1.286,-0.22799999999999998,6.879,-0.8295,306.279,0.306,0.7689999999999999,7.4635,-0.7025,306.185,0.693,1.3955,7.183,0.5675,306.595,1.834,1.879,6.0465,0.642,306.6,1.679,1.6985000000000001,5.6835,-0.5235,306.425,1.027,0.6315000000000001,5.8675,0.5960000000000001,306.856,1.566,0.179,6.9355,1.0534999999999999,306.745,1.829,1.2845,7.45,-0.361,306.406,0.696,2.8064999999999998,7.124,-1.177,306.288,0.206,2.956,7.293,0.0895,306.542,0.961,1.9,5.548,1.2555,307.036,1.911,
0.5455,7.0985,0.5615,306.851,1.73,1.3245,7.593500000000001,0.16949999999999998,306.711,1.314,1.246,7.3855,1.037,306.819,1.889,0.025999999999999968,7.024,0.509,306.775,1.184,-0.6565000000000001,6.2575,-0.1055,306.632,0.908,0.443,7.21,-0.8300000000000001,306.351,0.546,1.7265000000000001,7.534,-0.7424999999999999,306.294,0.664,1.7650000000000001,6.4719999999999995,0.6505,306.894,1.503,1.7,5.179,1.1505,307.051,1.74,2.1275,5.5385,-0.5065,306.532,0.892,1.5785,5.897,-0.0315,306.72,1.384,0.5005,6.2645,1.2974999999999999,306.993,2.083,1.046,7.1075,0.0615,306.466,0.937,2.665,6.9815000000000005,-1.064,306.295,0.186,2.758,6.7395,-0.081,306.494,0.612,1.424,5.2325,1.2485,306.942,1.701,
0.23,6.3315,0.9924999999999999,307.044,1.786,0.247,6.5335,0.01,306.792,1.282,-0.196,6.1375,0.8165,306.95,1.6,-0.5395000000000001,6.5685,0.34299999999999997,306.576,1.284,-0.04250000000000001,6.852,-0.69,306.255,0.926,1.3539999999999999,7.5595,-0.825,306.328,0.561,2.7649999999999997,7.589,-0.8674999999999999,306.311,0.532,2.7365,5.8375,0.16999999999999998,306.729,1.012,2.1065,4.5115,0.9750000000000001,307.077,1.388,2.4195,5.4795,-0.384,306.667,0.685,2.2095000000000002,6.318,-0.5155,306.603,1.011,0.8625,6.0325,1.178,307.012,1.663,0.8140000000000001,6.7155,0.6495,306.639,0.971,2.3425000000000002,6.851,-0.9095,306.376,0.151,2.653,6.436999999999999,-0.5960000000000001,306.343,0.238,1.262,5.371,1.0355,306.799,1.227,
-0.079,5.9245,1.123,307.026,1.846,-0.3825,6.0695,-0.174,306.626,1.15,-0.619,5.7095,-0.1545,306.679,1.05,-0.6305000000000001,6.098,0.507,306.659,1.393,0.16199999999999998,7.157,0.0225,306.237,1.272,1.4725,7.836,-0.5745,306.273,0.692,2.7435,7.5715,-0.747,306.287,0.363,2.917,5.793,-0.2,306.561,0.827,2.3785,4.689,0.45799999999999996,306.882,1.074,2.6675,5.845000000000001,-0.6005,306.656,0.448,2.7855,6.8055,-0.7605,306.452,0.795,1.5095,6.073,1.13,306.877,1.117,0.8255,6.445,1.033,306.76,0.826,2.0385,6.6155,-0.731,306.461,0.161,2.8105,6.367,-1.026,306.259,0.147,1.5350000000000001,5.782500000000001,0.7415,306.643,0.886,
0.009000000000000008,5.935499999999999,1.2165,307.041,1.8,-0.385,6.220000000000001,0.2995,306.653,1.208,-0.1505,6.202500000000001,-0.7745,306.495,0.8,-0.26,5.932,0.1365,306.706,1.125,-0.184,6.720000000000001,0.9355,306.676,1.562,0.6725,7.6455,0.0305,306.286,0.998,1.8255000000000001,7.3774999999999995,-0.7495,306.346,0.24,2.3205,6.285500000000001,-0.5489999999999999,306.527,0.703,2.341,5.6080000000000005,-0.189,306.708,0.842,2.9505,6.498,-0.9189999999999999,306.522,0.312,3.2205000000000004,7.0105,-0.39149999999999996,306.324,1.069,1.7805,6.1645,1.305,306.835,1.295,0.605,6.411,0.8425,306.765,0.719,1.7040000000000002,6.337,-0.6499999999999999,306.494,0.142,2.955,6.4735,-1.355,306.308,0.101,1.8984999999999999,6.4005,0.4285,306.532,0.562,
0.6385000000000001,6.1195,1.0090000000000001,306.959,1.215,-0.21200000000000002,6.4285,0.8600000000000001,306.807,1.339,0.345,6.98,-0.8845000000000001,306.504,0.808,0.6145,6.1745,-0.49949999999999994,306.589,0.556,0.11800000000000001,6.1955,0.6080000000000001,306.832,1.105,0.20799999999999996,7.234,0.563,306.551,1.281,1.032,7.516500000000001,-0.853,306.391,0.294,1.7635,7.254,-0.7829999999999999,306.458,0.737,2.4275,6.8215,-0.5785,306.545,0.778,3.2664999999999997,7.037,-0.758,306.391,0.798,3.068,6.649,0.41500000000000004,306.518,1.486,1.266,6.149,1.3975,306.96,1.535,0.153,6.531499999999999,0.194,306.657,0.515,1.2675,6.365,-0.7515000000000001,306.563,0.191,2.6465,6.9335,-1.7295,306.439,0.1,1.9605000000000001,7.183,0.1875,306.486,0.846,
1.5285,6.3759999999999994,0.4565,306.723,0.534,0.159,6.5985,1.1629999999999998,306.881,1.569,0.5209999999999999,7.590999999999999,-0.7075,306.451,0.703,1.303,6.6685,-1.001,306.51,0.187,1.14,6.217499999999999,-0.6525000000000001,306.622,0.267,0.8839999999999999,7.051,0.40900000000000003,306.759,1.309,1.209,7.9855,-0.1955,306.462,1.289,1.754,8.3315,-0.39749999999999996,306.508,1.154,2.472,7.765000000000001,-0.308,306.593,1.036,3.0215,7.182499999999999,-0.28600000000000003,306.539,1.293,2.192,5.8965,0.8,306.839,1.73,0.48249999999999993,5.939500000000001,1.2375,307.054,1.572,-0.025999999999999995,6.6145,-0.30200000000000005,306.588,0.458,1.119,6.8469999999999995,-0.8160000000000001,306.654,0.118,2.388,7.5969999999999995,-1.3665,306.475,0.105,1.9509999999999998,7.7364999999999995,0.45299999999999996,306.474,1.138,
2.154,6.537,0.0545,306.561,0.706,0.4575,6.6915,1.2610000000000001,306.993,1.742,0.3145,7.7185,0.13,306.455,1.27,1.303,7.2895,-0.8520000000000001,306.481,0.105,2.0170000000000003,6.7695,-1.3780000000000001,306.485,0.105,2.122,7.031499999999999,0.040999999999999995,306.757,1.019,1.8865,7.7875,0.896,306.923,2.009,1.759,8.591999999999999,0.396,306.841,1.62,2.0685,8.054,0.037,306.792,1.226,2.3095,7.0725,-0.28,306.61,0.966,1.404,5.339,0.585,306.877,1.561,0.21300000000000002,5.607,0.99,307.05,1.47,0.339,6.6245,-0.4255,306.681,0.507,1.4685000000000001,7.433999999999999,-0.5545,306.647,0.352,2.327,7.5885,-0.0675,306.493,1.115,1.7189999999999999,7.4045000000000005,0.9650000000000001,306.761,1.483,
2.5895,6.4175,-0.027500000000000004,306.628,0.797,0.897,6.505,0.9550000000000001,307.105,1.661,-0.0315,7.121,0.956,306.941,1.663,0.687,7.285500000000001,0.27049999999999996,306.629,1.441,2.088,7.136,-0.6245,306.523,1.039,2.4555,6.9085,-0.127,306.75,0.954,1.6395,6.7125,1.126,307.25,1.964,1.139,7.635,1.0055,307.116,1.914,1.4260000000000002,7.7615,-0.2375,306.745,0.86,1.7465000000000002,7.023,-0.8475,306.465,0.376,1.2005,5.301,0.16999999999999998,306.755,1.161,0.5405,5.380000000000001,0.7355,307.005,1.223,0.9355,6.672000000000001,-0.6020000000000001,306.787,0.545,1.651,7.704,-0.1625,306.774,1.337,1.6555,6.638,0.89,306.87,1.644,0.9275,6.330500000000001,0.7855000000000001,306.958,1.47,
2.9685,6.271,-0.233,306.737,0.801,2.0220000000000002,6.318,0.20350000000000001,306.936,1.093,0.652,6.634,0.7095,307.158,1.544,0.39249999999999996,6.961,1.0314999999999999,307.206,1.862,1.3035,7.118,0.7035,306.937,1.763,1.653,6.797,-0.46799999999999997,306.753,0.844,0.766,6.052,0.256,307.056,0.725,0.1955,6.891,1.109,307.156,1.761,0.799,7.51,-0.29100000000000004,306.531,0.89,1.509,7.041,-1.2815,306.376,0.104,1.3185,5.415,-0.40349999999999997,306.661,0.685,1.0785,5.331,0.2475,306.939,0.927,1.6375,6.721,-0.935,306.752,0.516,1.7565,7.725,0.041999999999999996,306.916,1.423,0.8225,6.008,1.059,307.083,1.864,0.1545,5.719,0.0455,306.771,0.936,
1.358,6.494,-1.109,306.118,0.214,0.14150000000000001,5.734,0.1765,306.418,0.666,-0.5609999999999999,5.8695,1.043,306.587,1.685,0.189,6.8785,0.0985,306.347,1.5,1.2085,6.6195,-1.1375000000000002,306.185,0.111,1.7035,6.839,-0.353,306.12,0.967,1.374,6.6295,0.4385,306.401,1.641,0.2125,6.7595,1.4420000000000002,306.716,1.857,-0.12150000000000001,7.67,-0.3105,306.221,0.529,0.8495,7.146,-1.534,306.452,0.106,1.506,7.2595,-0.1045,306.523,0.932,1.1015,6.57,1.186,306.791,1.603,0.6725000000000001,7.178,-0.021,306.502,1.089,0.6515,7.1795,-0.196,306.29,1.434,0.3695,5.4895,1.2055,306.582,1.826,0.226,4.6739999999999995,-0.2595,306.204,0.36,
2.4379999999999997,6.7379999999999995,-0.9415,306.114,0.471,1.926,6.258,-0.8125,306.16,0.316,0.7165,5.952,0.4325,306.545,1.34,0.487,6.6105,0.966,306.686,1.909,1.3075,6.4625,0.067,306.436,1.557,1.7850000000000001,6.5715,0.304,306.487,1.169,1.0665,6.491,0.46599999999999997,306.625,1.553,-0.15950000000000003,6.8235,1.3425,306.836,1.879,-0.23000000000000004,7.5295000000000005,0.4545,306.294,1.372,0.8039999999999999,7.405,-1.3935,306.346,0.1,1.282,7.0475,-0.421,306.502,0.73,0.8354999999999999,6.32,0.6194999999999999,306.647,1.261,0.712,7.170999999999999,-0.7190000000000001,306.224,0.725,0.8085,6.7765,-0.006,306.319,1.204,0.418,5.3165,0.9705,306.597,1.605,0.3825,5.013,-0.5680000000000001,306.175,0.34,
2.418,6.567,-0.5529999999999999,306.216,0.614,3.028,6.513,-0.8220000000000001,306.101,0.432,2.465,6.3420000000000005,-0.269,306.33,0.978,1.5495,6.4725,0.7769999999999999,306.739,1.781,1.3305,5.8485,1.302,306.849,2.192,1.381,6.0585,0.4475,306.656,0.944,0.901,6.317,-0.278,306.528,1.031,-0.1575,6.83,0.6455,306.751,1.577,-0.6065,7.000500000000001,1.301,306.717,1.654,0.12549999999999997,7.3325,0.114,306.359,1.362,0.7549999999999999,7.394500000000001,-0.8535,306.391,0.436,0.8525,6.79,-0.178,306.449,0.861,1.116,7.2865,-0.77,306.113,0.839,1.1915,6.6055,-0.267,306.284,0.907,0.8135,5.763,0.29100000000000004,306.545,1.36,0.596,5.9990000000000006,-0.581,306.182,0.751,
1.9474999999999998,6.319,-0.5635,306.258,0.626,3.0934999999999997,6.5115,-0.315,306.216,0.611,3.436,6.73,-0.7435,306.172,0.489,2.5789999999999997,6.6015,0.1035,306.48,1.283,1.387,5.359999999999999,1.6975,306.898,1.803,1.0554999999999999,5.6305,0.0009999999999999992,306.535,0.22,1.3655,6.3105,-1.009,306.326,0.295,0.942,6.832000000000001,-0.3905,306.451,0.923,-0.15150000000000002,6.348,0.8905000000000001,306.761,1.352,-0.5265,6.5705,1.3719999999999999,306.72,1.698,-0.017999999999999988,7.689,-0.49950000000000006,306.211,0.725,0.7374999999999999,7.48,-0.6735,306.335,0.815,1.365,7.4875,-0.512,306.223,0.909,1.5554999999999999,6.8469999999999995,-0.7085,306.256,0.586,1.375,6.6705,-0.43,306.446,1.163,0.996,7.0415,-0.025500000000000002,306.29,1.408,
1.6389999999999998,6.2684999999999995,-0.9935,306.272,0.282,2.496,6.6715,-0.35350000000000004,306.286,0.331,3.1315,7.0075,-1.5755,306.119,0.11,2.668,6.8375,-0.1185,306.266,1.171,1.191,5.4615,1.7445,306.781,1.45,0.636,5.7025,-0.5834999999999999,306.404,0.113,1.4235,6.595000000000001,-1.311,306.191,0.148,1.9184999999999999,6.9145,-1.0605,306.153,0.808,1.044,6.0545,-0.1565,306.344,1.039,-0.2735,5.8420000000000005,1.1625,306.777,1.537,-0.4335,7.324999999999999,0.6930000000000001,306.413,1.742,0.442,7.896,-0.5065000000000001,306.293,1.079,1.41,7.6,-0.5285,306.315,0.726,2.0255,7.0805,-1.111,306.286,0.229,2.109,7.458,-0.599,306.366,1.168,1.6575,7.2155000000000005,0.7895,306.601,1.861,
1.287,6.5785,-1.308,306.383,0.107,1.96,7.263999999999999,-0.7789999999999999,306.301,0.105,2.6725000000000003,7.484999999999999,-1.7955,306.2,0.1,2.198,7.13,0.554,306.359,1.258,0.54,5.8605,1.6284999999999998,306.773,1.402,-0.122,6.323499999999999,-0.955,306.319,0.105,0.6925,7.0785,-1.138,306.126,0.107,1.783,7.2010000000000005,-0.49450000000000005,306.092,1.415,1.9045,6.1915,-0.2665,306.171,1.283,0.7695,5.673,0.122,306.532,1.154,-0.178,6.5035,1.263,306.761,1.929,0.1815,7.701499999999999,0.36450000000000005,306.375,1.412,1.4329999999999998,7.5445,-0.6265,306.334,0.574,2.53,7.024,-1.3555000000000001,306.347,0.106,2.6855,7.637499999999999,-0.201,306.426,1.276,2.0415,6.4719999999999995,1.3210000000000002,306.924,2.114,
0.8540000000000001,7.0565,-0.5960000000000001,306.478,1.209,1.7265000000000001,7.7965,-0.4505,306.392,0.115,2.316,7.894,-0.2895,306.291,0.903,1.3125,7.333,1.0779999999999998,306.669,1.338,-0.255,6.189,1.0539999999999998,306.777,1.247,-0.3055,6.9925,-1.0025,306.304,0.109,0.5325,7.413,-0.8600000000000001,306.184,0.496,1.2810000000000001,7.18,0.624,306.525,1.838,1.8825,6.068,0.6945,306.537,1.691,1.6855000000000002,5.708,-0.6045,306.385,0.987,0.672,5.946,0.748,306.803,1.573,0.33649999999999997,6.9845,1.264,306.677,1.839,1.4095,7.308,-0.438,306.389,0.6,2.7395,6.8345,-1.389,306.351,0.104,2.8185000000000002,7.2364999999999995,0.1325,306.522,0.912,1.888,5.6545000000000005,1.5314999999999999,306.978,1.973,
0.5785,6.978999999999999,0.599,306.8,1.724,1.3255,7.4675,0.2025,306.681,1.268,1.341,7.348,1.1935,306.766,1.862,0.25099999999999995,7.179,0.6515,306.737,1.121,-0.487,6.515000000000001,-0.1055,306.592,0.838,0.33599999999999997,7.372,-1.0010000000000001,306.362,0.38,1.446,7.5135000000000005,-0.9235,306.271,0.536,1.6315,6.545999999999999,0.7705,306.837,1.478,1.762,5.3345,1.3555000000000001,306.98,1.779,2.1719999999999997,5.5945,-0.6214999999999999,306.492,0.832,1.6395,5.9805,-0.033,306.673,1.358,0.7205,6.3475,1.5675,306.925,2.148,1.2365,6.9515,0.057999999999999996,306.458,0.854,2.618,6.7330000000000005,-1.298,306.344,0.103,2.6414999999999997,6.732,-0.0835,306.485,0.566,1.4775,5.3365,1.5205,306.89,1.749,
0.23099999999999998,6.3785,1.1680000000000001,306.986,1.827,0.349,6.599500000000001,0.0245,306.748,1.257,0.0835,6.275499999999999,0.9945,306.884,1.623,-0.137,6.672,0.41100000000000003,306.541,1.236,0.25,6.9495000000000005,-0.8185,306.253,0.886,1.3735,7.65,-0.9844999999999999,306.324,0.387,2.566,7.5855,-1.055,306.303,0.363,2.5845000000000002,5.946,0.199,306.69,0.925,2.1455,4.721,1.1605,307.023,1.386,2.4825,5.603,-0.505,306.626,0.591,2.231,6.432,-0.618,306.563,1.004,1.013,6.1370000000000005,1.4195,306.955,1.749,1.037,6.625,0.736,306.61,0.947,2.3875,6.707,-1.1215,306.408,0.101,2.56,6.4719999999999995,-0.6945,306.354,0.182,1.31,5.4704999999999995,1.263,306.761,1.254,
-0.061,6.005,1.3375,306.974,1.904,-0.313,6.182,-0.2175,306.586,1.106,-0.44299999999999995,5.885,-0.165,306.628,1.021,-0.3015,6.159,0.5715,306.602,1.365,0.46849999999999997,7.099,-0.0105,306.197,1.22,1.5715,7.7705,-0.6805,306.243,0.483,2.6159999999999997,7.539,-0.879,306.296,0.224,2.7765,5.923,-0.2675,306.53,0.73,2.391,4.934,0.507,306.836,1.028,2.673,6.0525,-0.7444999999999999,306.623,0.333,2.6870000000000003,6.9185,-0.9019999999999999,306.43,0.796,1.56,6.1635,1.343,306.843,1.152,1.0965,6.4645,1.1935,306.733,0.829,2.2115,6.5805,-0.8959999999999999,306.487,0.132,2.7765,6.4015,-1.2145,306.294,0.101,1.5665,5.8765,0.903,306.621,0.87,
0.06799999999999998,6.0525,1.444,306.986,1.846,-0.305,6.311,0.311,306.608,1.163,-0.1225,6.354,-0.9285,306.454,0.7,-0.11549999999999999,6.043,0.1145,306.653,1.057,0.0715,6.714499999999999,1.08,306.609,1.531,0.8009999999999999,7.5075,0.004000000000000001,306.244,0.905,1.751,7.298,-0.8415,306.377,0.105,2.2119999999999997,6.396,-0.6825,306.512,0.589,2.2865,5.834,-0.274,306.67,0.749,2.8225,6.645,-1.083,306.532,0.178,3.0625,7.0280000000000005,-0.471,306.316,0.787,1.907,6.2219999999999995,1.552,306.797,1.252,1.0085,6.5025,0.9935,306.732,0.64,1.9675,6.351,-0.7935,306.525,0.116,2.943,6.491,-1.6065,306.355,0.1,1.8984999999999999,6.4830000000000005,0.5205,306.528,0.539,
0.6595,6.308,1.211,306.916,1.226,-0.06,6.526,0.9824999999999999,306.753,1.301,0.3785,7.0715,-1.0545,306.468,0.701,0.6205,6.297000000000001,-0.6279999999999999,306.548,0.423,0.2885,6.3335,0.7415,306.78,0.99,0.4145,7.194,0.5874999999999999,306.485,1.219,1.079,7.3765,-0.9745,306.444,0.107,1.6835,7.2225,-0.948,306.473,0.525,2.2955,6.8580000000000005,-0.724,306.522,0.667,3.0875000000000004,6.971,-0.899,306.399,0.576,3.0035,6.587,0.48650000000000004,306.477,1.444,1.52,6.1985,1.688,306.911,1.497,0.5815,6.5795,0.254,306.635,0.402,1.4634999999999998,6.330500000000001,-0.9005,306.581,0.129,2.4829999999999997,6.8695,-2.02,306.457,0.1,1.8235,7.205,0.2195,306.488,0.784,
1.4400000000000002,6.5495,0.5845,306.705,0.475,0.35850000000000004,6.688000000000001,1.383,306.825,1.567,0.6689999999999999,7.564,-0.8315,306.447,0.559,1.267,6.651,-1.17,306.507,0.123,1.1520000000000001,6.339,-0.687,306.62,0.171,1.0339999999999998,7.121,0.43,306.694,1.26,1.289,7.855500000000001,-0.253,306.462,1.245,1.6869999999999998,8.193999999999999,-0.48750000000000004,306.485,1.059,2.3555,7.6395,-0.41100000000000003,306.545,0.931,2.9265,7.035,-0.3675,306.494,1.211,2.2725,5.8934999999999995,0.954,306.785,1.721,0.786,6.0095,1.51,306.995,1.563,0.272,6.5585,-0.34199999999999997,306.596,0.325,1.119,6.71,-0.9650000000000001,306.673,0.1,2.0404999999999998,7.3705,-1.6075,306.49,0.115,1.7005,7.6865000000000006,0.519,306.459,1.067,
1.9994999999999998,6.5765,0.10300000000000001,306.56,0.608,0.609,6.759,1.5425,306.941,1.741,0.5345,7.6075,0.14650000000000002,306.432,1.185,1.334,7.057499999999999,-0.989,306.53,0.1,1.8984999999999999,6.645,-1.586,306.541,0.1,2.0679999999999996,7.064500000000001,0.0265,306.714,0.916,1.9074999999999998,7.8035000000000005,1.0605,306.852,2.001,1.7445,8.562999999999999,0.4615,306.777,1.568,2.033,8.023,0.013,306.73,1.15,2.2865,7.057,-0.34950000000000003,306.555,0.874,1.505,5.462,0.6970000000000001,306.817,1.557,0.47550000000000003,5.7219999999999995,1.195,306.984,1.466,0.5525,6.561999999999999,-0.5269999999999999,306.699,0.347,1.4344999999999999,7.2595,-0.6675,306.68,0.111,2.0885,7.3385,-0.099,306.5,1.062,1.5805,7.41,1.1520000000000001,306.714,1.41,
2.4335,6.382,-0.044,306.607,0.681,0.9345000000000001,6.6155,1.1995,307.052,1.651,0.1355,7.103,1.1495,306.886,1.638,0.7345,7.052,0.32699999999999996,306.642,1.433,1.943,6.8759999999999994,-0.8,306.545,0.767,2.3425000000000002,6.897,-0.15849999999999997,306.708,0.856,1.687,6.932,1.4020000000000001,307.181,1.952,1.2454999999999998,7.8,1.19,307.047,1.89,1.4795,7.8835,-0.2535,306.706,0.775,1.7080000000000002,7.1155,-0.9470000000000001,306.436,0.249,1.21,5.4985,0.20600000000000002,306.698,1.118,0.718,5.5665,0.849,306.939,1.187,1.104,6.691,-0.736,306.783,0.378,1.6565,7.616,-0.20950000000000002,306.752,1.229,1.603,6.564,1.0665,306.824,1.621,0.938,6.477,0.988,306.906,1.42,
2.909,6.245,-0.309,306.699,0.691,1.9565,6.477,0.314,306.898,1.023,0.6385,6.716,0.895,307.102,1.544,0.416,6.823,1.262,307.157,1.87,1.3195,6.887,0.7855,306.882,1.769,1.6435,6.798,-0.523,306.716,0.773,0.841,6.371,0.396,307.021,0.609,0.42600000000000005,7.138,1.3159999999999998,307.092,1.775,0.9365000000000001,7.669,-0.327,306.531,0.817,1.3895,7.144,-1.417,306.4,0.1,1.199,5.628,-0.4665,306.627,0.573,1.164,5.559,0.2405,306.881,0.848,1.736,6.781,-1.0905,306.743,0.358,1.779,7.707,0.048,306.875,1.352,0.917,6.046,1.2919999999999998,307.022,1.908,0.2815,5.93,0.1255,306.741,0.849,
1.1655,6.598000000000001,-1.213,306.136,0.139,0.055499999999999994,5.817,0.2395,306.392,0.56,-0.504,5.8285,1.196,306.544,1.674,0.16249999999999998,6.6945,0.0645,306.321,1.468,0.9305,6.407500000000001,-1.276,306.217,0.102,1.351,6.724,-0.3575,306.118,0.906,1.3295,6.545,0.4265,306.345,1.618,0.5265000000000001,6.739,1.6475,306.665,1.87,0.17350000000000002,7.474,-0.3265,306.247,0.181,0.8634999999999999,7.061999999999999,-1.682,306.462,0.101,1.3725,7.292,-0.1375,306.496,0.839,1.045,6.7285,1.3495,306.737,1.587,0.6839999999999999,7.414,0.014,306.463,1.043,0.7125,7.247,-0.237,306.249,1.391,0.596,5.6275,1.3435,306.526,1.841,0.4355,4.7535,-0.2635,306.219,0.25,
2.307,6.769500000000001,-1.0505,306.12,0.393,1.697,6.313000000000001,-0.868,306.182,0.166,0.6255000000000001,6.005000000000001,0.5269999999999999,306.511,1.305,0.504,6.5504999999999995,1.0825,306.638,1.925,1.2145000000000001,6.318,0.009999999999999998,306.423,1.546,1.6139999999999999,6.51,0.3435,306.454,1.09,1.1175,6.519,0.4965,306.571,1.531,0.198,6.852,1.5365,306.783,1.896,0.103,7.369,0.4935,306.29,1.322,0.84,7.261,-1.5455,306.357,0.1,1.1885,7.1295,-0.5229999999999999,306.474,0.623,0.81,6.555,0.6935,306.602,1.22,0.669,7.411,-0.768,306.198,0.632,0.8180000000000001,6.8665,0.001,306.279,1.147,0.638,5.4325,1.0385,306.546,1.608,0.5305,5.0095,-0.6225,306.214,0.144,
2.503,6.57,-0.6335,306.205,0.512,2.883,6.526,-0.9285,306.141,0.163,2.249,6.4275,-0.3015,306.314,0.893,1.4540000000000002,6.5705,0.905,306.694,1.804,1.3475000000000001,5.906000000000001,1.4184999999999999,306.797,2.23,1.4005,6.12,0.525,306.627,0.804,0.9359999999999999,6.458500000000001,-0.317,306.495,0.91,0.0050000000000000044,7.045999999999999,0.74,306.705,1.553,-0.397,7.0515,1.4735,306.671,1.621,0.197,7.216,0.1155,306.341,1.339,0.772,7.428,-0.9875,306.391,0.164,0.8955,7.0095,-0.24,306.408,0.758,1.0505,7.4475,-0.8725,306.077,0.734,1.13,6.694,-0.274,306.247,0.824,0.9325,5.8665,0.243,306.495,1.334,0.635,5.9405,-0.663,306.191,0.668,
2.1555,6.300000000000001,-0.643,306.224,0.476,3.0665,6.5625,-0.40800000000000003,306.187,0.458,3.2195,6.8535,-0.835,306.127,0.324,2.44,6.7645,0.1395,306.449,1.234,1.5234999999999999,5.506,1.908,306.852,1.835,1.281,5.751,0.057999999999999996,306.55,0.161,1.4155,6.4925,-1.131,306.325,0.211,0.8845000000000001,7.218999999999999,-0.40449999999999997,306.437,0.836,-0.13199999999999998,6.593999999999999,1.0715,306.723,1.329,-0.4475,6.584,1.587,306.677,1.669,0.057999999999999996,7.65,-0.5605,306.211,0.222,0.8105,7.592499999999999,-0.8045,306.282,0.667,1.3544999999999998,7.5645,-0.6245,306.175,0.8,1.5025,6.871,-0.7635000000000001,306.228,0.472,1.3965,6.739,-0.5349999999999999,306.401,1.102,0.955,6.981,-0.047,306.256,1.373,
1.8125,6.1945,-1.0830000000000002,306.28,0.187,2.503,6.747999999999999,-0.435,306.238,0.202,2.9604999999999997,7.077,-1.6945000000000001,306.116,0.102,2.561,6.9094999999999995,-0.138,306.257,1.121,1.39,5.552,1.9769999999999999,306.747,1.42,0.9085000000000001,5.808,-0.5934999999999999,306.434,0.102,1.4625,6.7285,-1.464,306.203,0.111,1.758,7.2059999999999995,-1.178,306.179,0.713,0.913,6.228,-0.129,306.326,0.976,-0.26749999999999996,5.911,1.397,306.74,1.521,-0.3785,7.295,0.8075,306.37,1.714,0.5005000000000001,7.8925,-0.597,306.243,0.977,1.436,7.5815,-0.6505,306.275,0.612,1.97,6.9985,-1.2075,306.298,0.127,2.025,7.4495000000000005,-0.6639999999999999,306.342,1.094,1.5735000000000001,7.211,0.907,306.55,1.846,
1.4435,6.3685,-1.4475,306.426,0.101,1.9735,7.1899999999999995,-0.8775,306.319,0.101,2.507,7.3375,-1.9969999999999999,306.266,0.1,2.1165000000000003,7.088,0.5985,306.352,1.193,0.7165,5.9345,1.8565,306.736,1.357,0.013499999999999998,6.406000000000001,-1.0499999999999998,306.349,0.101,0.6285,7.0995,-1.2795,306.143,0.101,1.638,7.2475000000000005,-0.6145,306.085,1.384,1.781,6.1754999999999995,-0.355,306.141,1.238,0.733,5.7005,0.2005,306.503,1.118,-0.1245,6.532,1.486,306.714,1.937,0.27,7.6735,0.41000000000000003,306.327,1.361,1.4789999999999999,7.419499999999999,-0.7475,306.301,0.454,2.4415,6.861,-1.491,306.392,0.101,2.524,7.5634999999999994,-0.184,306.414,1.21,1.947,6.526,1.5385,306.874,2.138,
0.983,6.768000000000001,-0.7355,306.509,1.158,1.7025000000000001,7.557,-0.5075000000000001,306.431,0.102,2.192,7.645,-0.4135,306.346,0.258,1.322,7.3555,1.2269999999999999,306.643,1.269,-0.119,6.378,1.204,306.739,1.197,-0.356,7.1035,-1.1415,306.345,0.102,0.32199999999999995,7.359,-0.9975,306.196,0.178,1.165,7.1530000000000005,0.653,306.473,1.822,1.869,6.0634999999999994,0.7004999999999999,306.489,1.686,1.6695,5.721,-0.6685,306.356,0.943,0.716,6.006,0.8975,306.763,1.568,0.477,6.9975000000000005,1.4485000000000001,306.626,1.832,1.4969999999999999,7.116,-0.508,306.389,0.529,2.6390000000000002,6.662,-1.5695000000000001,306.403,0.101,2.658,7.1675,0.1865,306.514,0.867,1.8535,5.731999999999999,1.777,306.932,2.021,
0.6125,6.83,0.6014999999999999,306.766,1.708,1.3195000000000001,7.311999999999999,0.22649999999999998,306.665,1.225,1.4255,7.2645,1.3010000000000002,306.731,1.825,0.499,7.308,0.7785,306.71,1.051,-0.256,6.762499999999999,-0.0995,306.564,0.761,0.2855,7.5075,-1.137,306.409,0.152,1.1885,7.4495000000000005,-1.083,306.283,0.431,1.4895,6.5825,0.874,306.795,1.445,1.8079999999999998,5.462999999999999,1.514,306.925,1.797,2.211,5.6395,-0.732,306.461,0.766,1.6945000000000001,6.047499999999999,-0.0235,306.638,1.322,0.9235,6.4045000000000005,1.805,306.872,2.194,1.409,6.756,0.0485,306.478,0.781,2.5575,6.593500000000001,-1.5085000000000002,306.381,0.1,2.5105,6.7225,-0.07250000000000001,306.486,0.533,1.5145,5.4215,1.7615,306.849,1.784,
0.2335,6.3975,1.3050000000000002,306.942,1.857,0.4395,6.638,0.041499999999999995,306.715,1.226,0.362,6.379,1.1375000000000002,306.833,1.629,0.28900000000000003,6.7595,0.471,306.522,1.178,0.5835,7.026,-0.9145,306.273,0.843,1.4255,7.6825,-1.1059999999999999,306.352,0.154,2.3605,7.5024999999999995,-1.2109999999999999,306.33,0.149,2.4055,6.013999999999999,0.22649999999999998,306.667,0.833,2.168,4.919499999999999,1.3095,306.981,1.37,2.5375,5.6850000000000005,-0.6325,306.596,0.493,2.246,6.502,-0.7010000000000001,306.532,0.984,1.16,6.216,1.634,306.909,1.813,1.2530000000000001,6.5,0.785,306.597,0.913,2.416,6.6155,-1.3185,306.423,0.1,2.4535,6.508,-0.7665,306.369,0.115,1.3425,5.5575,1.4705,306.734,1.268,
-0.03699999999999999,6.0685,1.5205000000000002,306.935,1.951,-0.239,6.279,-0.251,306.557,1.053,-0.251,6.053000000000001,-0.1725,306.586,0.981,0.045499999999999985,6.202999999999999,0.6085,306.561,1.321,0.7909999999999999,7.004,-0.0445,306.191,1.167,1.692,7.6225000000000005,-0.755,306.246,0.259,2.4909999999999997,7.43,-0.9804999999999999,306.33,0.122,2.615,6.026999999999999,-0.33799999999999997,306.516,0.634,2.373,5.199999999999999,0.5265,306.803,0.969,2.6445,6.185499999999999,-0.8859999999999999,306.603,0.24,2.5625,6.9605,-1.0165,306.417,0.798,1.5870000000000002,6.2285,1.529,306.816,1.176,1.3319999999999999,6.4575,1.2985,306.714,0.818,2.3465,6.5585,-1.0445,306.496,0.115,2.724,6.4335,-1.3655,306.318,0.1,1.585,5.9565,1.0539999999999998,306.607,0.849,
0.13249999999999998,6.144500000000001,1.638,306.944,1.88,-0.217,6.3855,0.3045,306.576,1.107,-0.0755,6.4975000000000005,-1.0485,306.423,0.585,0.0475,6.125,0.0755,306.615,0.969,0.3375,6.6635,1.1855,306.559,1.483,0.9480000000000001,7.294499999999999,-0.0205,306.234,0.825,1.7000000000000002,7.1845,-0.902,306.405,0.101,2.1045,6.5085,-0.8045,306.519,0.476,2.1995,6.1095,-0.358,306.648,0.638,2.649,6.7415,-1.2185000000000001,306.541,0.118,2.865,6.987,-0.531,306.324,0.248,1.9954999999999998,6.255000000000001,1.7625,306.77,1.205,1.3679999999999999,6.5675,1.1065,306.704,0.568,2.1875,6.37,-0.9099999999999999,306.536,0.105,2.9050000000000002,6.498,-1.81,306.384,0.1,1.8935,6.548500000000001,0.6085,306.529,0.52,
0.6825,6.4535,1.385,306.883,1.224,0.11699999999999999,6.603,1.0579999999999998,306.713,1.248,0.4395,7.124,-1.186,306.442,0.583,0.64,6.371,-0.7404999999999999,306.52,0.291,0.466,6.4135,0.8485,306.744,0.853,0.629,7.101,0.5735,306.436,1.146,1.1535,7.246,-1.065,306.483,0.101,1.629,7.2044999999999995,-1.0819999999999999,306.522,0.179,2.1475,6.936,-0.8420000000000001,306.547,0.562,2.8685,6.898,-1.013,306.429,0.19,2.893,6.494,0.5515,306.456,1.405,1.7205,6.2235,1.9385,306.875,1.446,0.9625,6.6035,0.31699999999999995,306.623,0.309,1.6269999999999998,6.307,-1.0185,306.594,0.107,2.301,6.8095,-2.2405,306.475,0.1,1.675,7.2165,0.253,306.496,0.725,
1.3555000000000001,6.6815,0.7110000000000001,306.698,0.423,0.585,6.7615,1.548,306.783,1.552,0.8580000000000001,7.478999999999999,-0.925,306.467,0.424,1.2655,6.5945,-1.3005,306.514,0.104,1.19,6.4245,-0.6924999999999999,306.62,0.12,1.1920000000000002,7.161,0.4175,306.645,1.201,1.3855,7.7315,-0.31,306.473,1.19,1.6400000000000001,8.048,-0.5615,306.494,0.953,2.2295,7.5125,-0.508,306.532,0.812,2.8055000000000003,6.879,-0.4515,306.466,1.119,2.315,5.865,1.0859999999999999,306.744,1.698,1.038,6.0585,1.7455,306.948,1.538,0.5245,6.5024999999999995,-0.3625,306.607,0.191,1.0965,6.596,-1.087,306.684,0.1,1.6829999999999998,7.172000000000001,-1.7865,306.5,0.149,1.428,7.6235,0.5780000000000001,306.459,0.994,
1.8485,6.606,0.166,306.57,0.524,0.7675,6.8105,1.783,306.902,1.728,0.7625,7.4425,0.161,306.442,1.086,1.388,6.817,-1.096,306.568,0.1,1.828,6.539,-1.7335,306.576,0.1,2.041,7.0885,0.006,306.684,0.813,1.9304999999999999,7.7875,1.1934999999999998,306.802,1.974,1.7285,8.4895,0.515,306.733,1.508,1.989,7.9365000000000006,-0.0305,306.685,1.067,2.25,6.9955,-0.4275,306.514,0.773,1.5844999999999998,5.552,0.7955,306.77,1.537,0.702,5.817500000000001,1.361,306.931,1.445,0.7155,6.5195,-0.625,306.728,0.146,1.356,7.104,-0.763,306.711,0.102,1.8155000000000001,7.093500000000001,-0.1215,306.513,1.016,1.4095,7.382,1.3135,306.683,1.333,
2.2795,6.3545,-0.0595,306.605,0.572,0.9735,6.6965,1.4255,307.012,1.631,0.3085,7.0375,1.311,306.847,1.603,0.8049999999999999,6.8065,0.373,306.668,1.422,1.8275000000000001,6.6295,-0.964,306.573,0.229,2.2359999999999998,6.8655,-0.1935,306.68,0.759,1.7155,7.0985,1.6535,307.129,1.908,1.3145,7.9105,1.3424999999999998,306.996,1.85,1.5095,7.934000000000001,-0.2665,306.676,0.707,1.669,7.148,-1.0255,306.42,0.167,1.2145,5.6690000000000005,0.2425,306.655,1.063,0.8905,5.735,0.915,306.887,1.134,1.2685,6.7195,-0.8695,306.803,0.152,1.646,7.5184999999999995,-0.2475,306.745,1.104,1.5205,6.459,1.216,306.792,1.591,0.9205,6.579000000000001,1.1735,306.866,1.357,
2.838,6.225,-0.389,306.677,0.579,1.8904999999999998,6.597,0.4345,306.871,0.949,0.6385,6.753,1.064,307.058,1.536,0.4465,6.658,1.465,307.122,1.866,1.3195000000000001,6.641,0.8245,306.846,1.761,1.6175000000000002,6.761,-0.5665,306.688,0.708,0.897,6.636,0.5535,306.996,0.485,0.6075,7.337,1.479,307.043,1.765,1.0395,7.767,-0.34650000000000003,306.538,0.751,1.282,7.195,-1.5005,306.418,0.1,1.09,5.823,-0.51,306.608,0.459,1.2475,5.772,0.194,306.84,0.747,1.8395000000000001,6.838,-1.2215,306.756,0.148,1.794,7.662,0.0635,306.848,1.274,0.992,6.045,1.4889999999999999,306.976,1.933,0.40049999999999997,6.097,0.21950000000000003,306.721,0.753,
1.008,6.696,-1.2894999999999999,306.15,0.114,0.012999999999999956,5.8675,0.30000000000000004,306.374,0.454,-0.4235,5.7475000000000005,1.322,306.511,1.647,0.15,6.458,0.020999999999999998,306.322,1.432,0.6990000000000001,6.2625,-1.3885,306.242,0.1,1.0575,6.627000000000001,-0.345,306.12,0.841,1.2725,6.432,0.38249999999999995,306.305,1.567,0.7685000000000001,6.7015,1.82,306.626,1.865,0.4185,7.269,-0.3335,306.271,0.108,0.873,6.99,-1.7915,306.469,0.1,1.2345000000000002,7.2945,-0.16749999999999998,306.478,0.748,0.9670000000000001,6.868,1.4895,306.694,1.549,0.6835,7.588,0.042,306.433,0.974,0.7515000000000001,7.281,-0.269,306.218,1.337,0.762,5.739,1.4495,306.482,1.834,0.61,4.8420000000000005,-0.256,306.227,0.185,
2.1769999999999996,6.814,-1.139,306.13,0.255,1.502,6.3505,-0.899,306.198,0.121,0.5605,6.04,0.613,306.486,1.264,0.525,6.455,1.1715,306.602,1.921,1.1219999999999999,6.1915,-0.058499999999999996,306.418,1.52,1.441,6.444,0.3815,306.432,1.003,1.143,6.5045,0.507,306.529,1.481,0.497,6.851,1.6985000000000001,306.74,1.894,0.391,7.1899999999999995,0.52,306.302,1.276,0.8835,7.1205,-1.663,306.367,0.1,1.1,7.157,-0.618,306.455,0.515,0.7685,6.805,0.748,306.565,1.156,0.6255,7.6,-0.798,306.184,0.533,0.808,6.9295,0.0115,306.249,1.079,0.7825,5.5344999999999995,1.0725,306.505,1.589,0.611,5.0175,-0.662,306.23,0.104,
2.5195,6.590999999999999,-0.7075,306.202,0.412,2.683,6.554,-1.0075,306.176,0.106,2.0125,6.5009999999999994,-0.327,306.304,0.805,1.356,6.638,1.0175,306.657,1.813,1.35,5.936999999999999,1.495,306.758,2.241,1.397,6.151999999999999,0.593,306.609,0.657,0.963,6.5455000000000005,-0.34950000000000003,306.473,0.769,0.18,7.189,0.8140000000000001,306.67,1.516,-0.155,7.0595,1.6139999999999999,306.637,1.58,0.3195,7.089,0.116,306.337,1.314,0.8165,7.3805,-1.1075,306.4,0.106,0.932,7.23,-0.3095,306.377,0.626,0.9885,7.5815,-0.9510000000000001,306.07,0.634,1.064,6.7615,-0.272,306.221,0.732,0.9930000000000001,5.9475,0.16949999999999998,306.456,1.287,0.6255,5.871,-0.7344999999999999,306.2,0.408,
2.261,6.2965,-0.7135,306.224,0.351,2.9165,6.6245,-0.49,306.197,0.289,2.9059999999999997,6.9405,-0.915,306.118,0.231,2.2425,6.886,0.1795,306.43,1.181,1.611,5.624499999999999,2.0775,306.816,1.854,1.46,5.8469999999999995,0.11349999999999999,306.556,0.133,1.4415,6.636,-1.2295,306.327,0.161,0.8415,7.508,-0.41,306.43,0.763,-0.07450000000000001,6.806,1.2395,306.693,1.292,-0.318,6.5760000000000005,1.78,306.646,1.634,0.18750000000000003,7.537,-0.611,306.231,0.113,0.908,7.6495,-0.9319999999999999,306.274,0.531,1.3495,7.596,-0.724,306.149,0.665,1.4465,6.873,-0.8025,306.211,0.362,1.377,6.768000000000001,-0.643,306.37,1.018,0.885,6.891,-0.07200000000000001,306.236,1.323,
1.8915000000000002,6.147500000000001,-1.1480000000000001,306.307,0.138,2.4045,6.8065,-0.5115000000000001,306.239,0.144,2.7110000000000003,7.121,-1.776,306.132,0.1,2.39,6.9465,-0.146,306.263,1.075,1.517,5.6265,2.171,306.721,1.387,1.1185,5.906000000000001,-0.59,306.452,0.1,1.4575,6.8525,-1.588,306.215,0.102,1.5855000000000001,7.4395,-1.2655,306.203,0.628,0.7995,6.4055,-0.086,306.322,0.913,-0.22999999999999998,5.968,1.6205,306.712,1.494,-0.27949999999999997,7.218999999999999,0.9145,306.343,1.68,0.5915,7.7995,-0.6839999999999999,306.234,0.87,1.4695,7.4864999999999995,-0.7655,306.244,0.481,1.915,6.91,-1.2815,306.318,0.104,1.932,7.404,-0.715,306.334,0.996,1.4785,7.171,1.0105,306.513,1.814,
1.5505,6.221500000000001,-1.549,306.461,0.1,1.9485,7.104,-0.9615,306.35,0.1,2.33,7.2145,-2.1485,306.322,0.1,2.002,7.028499999999999,0.6335,306.359,1.133,0.839,5.9935,2.0475,306.708,1.306,0.129,6.478,-1.1179999999999999,306.372,0.1,0.565,7.1335,-1.395,306.159,0.1,1.487,7.281000000000001,-0.7255,306.089,1.333,1.6515,6.1739999999999995,-0.4425,306.124,1.182,0.7040000000000001,5.7235,0.2865,306.481,1.075,-0.045000000000000005,6.536,1.6955,306.677,1.927,0.3805,7.573,0.4485,306.291,1.302,1.5135,7.239,-0.863,306.301,0.371,2.3335,6.7295,-1.6025,306.432,0.1,2.3555,7.472,-0.15300000000000002,306.419,1.144,1.8450000000000002,6.548500000000001,1.7374999999999998,306.834,2.144,
1.105,6.534000000000001,-0.861,306.533,1.083,1.6815000000000002,7.319,-0.5569999999999999,306.467,0.1,2.0685000000000002,7.410500000000001,-0.5335,306.402,0.119,1.317,7.3454999999999995,1.347,306.628,1.201,0.024500000000000022,6.534,1.3255,306.71,1.14,-0.3585,7.176,-1.2525,306.377,0.1,0.15500000000000003,7.319,-1.116,306.209,0.108,1.053,7.1115,0.6635,306.436,1.786,1.835,6.047000000000001,0.673,306.452,1.659,1.6440000000000001,5.726,-0.7215,306.334,0.894,0.765,6.054,1.044,306.732,1.552,0.609,6.9725,1.613,306.586,1.811,1.5505,6.9235,-0.5725,306.403,0.472,2.504,6.551,-1.7275,306.436,0.1,2.4735,7.0975,0.249,306.517,0.83,1.7965,5.7885,1.9975,306.895,2.057,
0.6555,6.679500000000001,0.58,306.744,1.681,1.3075,7.1425,0.244,306.658,1.183,1.4905,7.1530000000000005,1.3715000000000002,306.711,1.779,0.738,7.388,0.8905,306.693,0.982,0.006999999999999999,6.964499999999999,-0.089,306.547,0.69,0.29,7.587,-1.245,306.447,0.104,0.9595,7.3815,-1.22,306.312,0.273,1.34,6.591,0.9655,306.763,1.403,1.8365,5.571,1.6355,306.881,1.787,2.2425,5.6835,-0.839,306.437,0.694,1.7360000000000002,6.1045,-0.0045,306.611,1.276,1.0825,6.439,2.017,306.828,2.221,1.5270000000000001,6.5835,0.0345,306.497,0.722,2.457,6.5169999999999995,-1.6985000000000001,306.398,0.1,2.352,6.713,-0.051500000000000004,306.491,0.51,1.5299999999999998,5.4935,1.9775,306.816,1.809,
0.2445,6.3965,1.4100000000000001,306.907,1.875,0.513,6.6605,0.0615,306.69,1.19,0.601,6.452999999999999,1.25,306.792,1.609,0.6515,6.824,0.5235000000000001,306.518,1.111,0.8704999999999999,7.073,-0.9834999999999999,306.287,0.8,1.4785,7.67,-1.198,306.376,0.105,2.157,7.406499999999999,-1.339,306.371,0.104,2.2085,6.0615000000000006,0.2535,306.66,0.748,2.1725,5.121,1.4285,306.949,1.341,2.572,5.766,-0.7615,306.576,0.399,2.2375,6.539,-0.767,306.506,0.955,1.278,6.2705,1.828,306.871,1.855,1.425,6.378,0.805,306.596,0.876,2.3975,6.5615000000000006,-1.5005000000000002,306.428,0.1,2.319,6.537000000000001,-0.8185,306.382,0.101,1.359,5.6345,1.6615,306.712,1.273,
0.009500000000000008,6.121499999999999,1.678,306.904,1.988,-0.145,6.374499999999999,-0.276,306.534,0.989,-0.062,6.193,-0.179,306.553,0.916,0.358,6.2405,0.625,306.529,1.253,1.0585,6.8875,-0.077,306.2,1.114,1.7839999999999998,7.453,-0.8055,306.252,0.164,2.3659999999999997,7.317,-1.0585,306.36,0.102,2.448,6.1235,-0.4105,306.517,0.548,2.3175,5.4815000000000005,0.522,306.78,0.891,2.5455,6.2780000000000005,-1.0225,306.589,0.176,2.3825000000000003,6.9385,-1.111,306.412,0.799,1.5830000000000002,6.266500000000001,1.694,306.794,1.191,1.52,6.4315,1.3605,306.703,0.792,2.42,6.542,-1.1785,306.504,0.106,2.6355,6.4545,-1.4885,306.338,0.1,1.5859999999999999,6.0235,1.196,306.597,0.826,
0.21749999999999997,6.215999999999999,1.807,306.911,1.903,-0.095,6.452500000000001,0.28500000000000003,306.551,1.041,-0.006499999999999999,6.593,-1.1425,306.41,0.478,0.2095,6.1739999999999995,0.026,306.588,0.845,0.5925,6.5865,1.2605,306.524,1.415,1.1055,7.0735,-0.043,306.241,0.752,1.6825,7.0835,-0.9425,306.431,0.1,2.0115,6.618499999999999,-0.917,306.542,0.38,2.079,6.4085,-0.44,306.651,0.507,2.411,6.788,-1.3325,306.552,0.103,2.599,6.888,-0.5780000000000001,306.343,0.144,1.992,6.266,1.9449999999999998,306.752,1.159,1.6115,6.609,1.1895,306.689,0.483,2.3185000000000002,6.38,-1.0055,306.547,0.102,2.822,6.4885,-1.9765000000000001,306.406,0.1,1.867,6.5969999999999995,0.692,306.532,0.505,
0.7155,6.5555,1.5385,306.859,1.211,0.3145,6.664,1.0965,306.683,1.178,0.5325,7.119999999999999,-1.2875,306.447,0.487,0.6679999999999999,6.386,-0.8360000000000001,306.513,0.206,0.6395,6.4585,0.9325,306.721,0.698,0.8480000000000001,6.9875,0.5325,306.407,1.068,1.2455,7.144,-1.135,306.522,0.1,1.5915,7.1945,-1.19,306.589,0.108,2.0,7.0705,-0.9345,306.611,0.346,2.6345,6.827,-1.1065,306.462,0.109,2.7425,6.375,0.6105,306.451,1.365,1.842,6.231999999999999,2.159,306.848,1.39,1.251,6.622999999999999,0.38049999999999995,306.614,0.242,1.7294999999999998,6.281,-1.113,306.608,0.101,2.104,6.746,-2.4080000000000004,306.497,0.1,1.531,7.22,0.2865,306.505,0.665,
1.275,6.768,0.8365,306.696,0.377,0.797,6.823,1.669,306.75,1.522,1.054,7.3465,-0.9955,306.489,0.327,1.2955,6.497,-1.4005,306.53,0.1,1.258,6.4755,-0.6825,306.623,0.106,1.35,7.172499999999999,0.382,306.607,1.127,1.4809999999999999,7.626,-0.366,306.493,1.099,1.608,7.9045,-0.622,306.533,0.564,2.106,7.4365000000000006,-0.5955,306.564,0.486,2.669,6.747,-0.536,306.456,1.018,2.3125,5.82,1.2025,306.714,1.66,1.22,6.093,1.952,306.911,1.5,0.7285,6.4704999999999995,-0.368,306.616,0.136,1.068,6.5035,-1.1885,306.698,0.1,1.3535,7.005,-1.9175,306.515,0.224,1.1755,7.561,0.6335,306.468,0.913,
1.697,6.633,0.24050000000000002,306.586,0.453,0.9205,6.8545,1.9889999999999999,306.872,1.707,0.99,7.234999999999999,0.1745,306.471,0.652,1.4609999999999999,6.5809999999999995,-1.181,306.597,0.1,1.8014999999999999,6.439,-1.838,306.605,0.1,2.0385,7.104,-0.0165,306.665,0.715,1.955,7.755000000000001,1.303,306.769,1.924,1.7175,8.3865,0.5609999999999999,306.707,1.433,1.9455,7.832000000000001,-0.08650000000000001,306.659,0.967,2.202,6.923,-0.512,306.487,0.66,1.6255,5.6135,0.8845000000000001,306.734,1.501,0.8554999999999999,5.8955,1.4965,306.888,1.401,0.804,6.495,-0.718,306.741,0.104,1.2355,6.984500000000001,-0.8445,306.732,0.1,1.529,6.8785,-0.1345,306.528,0.967,1.2269999999999999,7.3420000000000005,1.4569999999999999,306.665,1.25,
2.1310000000000002,6.363,-0.07200000000000001,306.616,0.479,1.013,6.7635000000000005,1.635,306.982,1.603,0.481,6.9315,1.4474999999999998,306.824,1.563,0.8959999999999999,6.574,0.41100000000000003,306.696,1.409,1.751,6.408,-1.115,306.6,0.114,2.1470000000000002,6.8285,-0.22849999999999998,306.663,0.664,1.7325,7.2059999999999995,1.885,307.089,1.818,1.3635,7.9719999999999995,1.4725,306.956,1.795,1.528,7.9275,-0.28,306.655,0.653,1.6305,7.138999999999999,-1.0915,306.407,0.134,1.202,5.807,0.27949999999999997,306.621,0.996,0.9964999999999999,5.8774999999999995,0.9455,306.846,1.06,1.3525,6.7305,-1.002,306.802,0.104,1.5905,7.4285,-0.276,306.746,0.652,1.4144999999999999,6.3469999999999995,1.346,306.77,1.555,0.885,6.6455,1.3455,306.837,1.274,
2.737,6.246,-0.4685,306.664,0.464,1.8145000000000002,6.695,0.5615,306.851,0.869,0.6525000000000001,6.752,1.218,307.023,1.517,0.493,6.493,1.646,307.099,1.848,1.319,6.408,0.8334999999999999,306.822,1.738,1.5859999999999999,6.707,-0.602,306.668,0.649,0.9364999999999999,6.818,0.7205,306.98,0.382,0.736,7.486,1.6099999999999999,307.005,1.732,1.1025,7.811,-0.355,306.542,0.688,1.1945000000000001,7.199,-1.5499999999999998,306.437,0.1,1.0010000000000001,5.988,-0.5395000000000001,306.599,0.359,1.284,5.954,0.12,306.816,0.632,1.8825,6.859,-1.3355000000000001,306.756,0.104,1.7830000000000001,7.598,0.0885,306.829,1.194,1.0475,6.019,1.657,306.938,1.939,0.51,6.217,0.3225,306.709,0.65,
0.8594999999999999,6.792,-1.338,306.163,0.1,-0.017499999999999988,5.909000000000001,0.356,306.359,0.349,-0.3365,5.656,1.41,306.481,1.617,0.1415,6.209,-0.0315,306.33,1.395,0.4805,6.135,-1.468,306.265,0.1,0.7805,6.5344999999999995,-0.3165,306.123,0.774,1.2125,6.3115000000000006,0.306,306.268,1.509,0.9910000000000001,6.6594999999999995,1.9525,306.589,1.856,0.65,7.0625,-0.3325,306.294,0.102,0.881,6.9205000000000005,-1.8595000000000002,306.475,0.1,1.0955,7.2885,-0.189,306.462,0.658,0.884,7.0024999999999995,1.5979999999999999,306.653,1.505,0.6805000000000001,7.7465,0.056999999999999995,306.405,0.899,0.785,7.305999999999999,-0.2875,306.189,1.28,0.9125000000000001,5.843500000000001,1.5190000000000001,306.441,1.82,0.776,4.933,-0.238,306.233,0.131,
2.0460000000000003,6.8614999999999995,-1.2045,306.141,0.106,1.315,6.3835,-0.9045000000000001,306.212,0.101,0.502,6.0705,0.6819999999999999,306.462,1.222,0.5469999999999999,6.35,1.2235,306.569,1.91,1.0295,6.0695,-0.135,306.415,1.49,1.2675,6.377,0.42200000000000004,306.412,0.913,1.162,6.4785,0.495,306.49,1.425,0.7805,6.843,1.82,306.7,1.887,0.6659999999999999,7.007,0.533,306.318,1.23,0.9275,6.9805,-1.7445,306.377,0.1,1.0125,7.1705,-0.696,306.439,0.408,0.7235,7.0575,0.7805,306.531,1.085,0.5825,7.776,-0.81,306.174,0.434,0.7925,6.9855,0.026000000000000002,306.223,1.009,0.907,5.633,1.072,306.466,1.565,0.6755,5.0275,-0.6815,306.241,0.1,
2.5175,6.616,-0.7705,306.201,0.314,2.4695,6.586,-1.053,306.21,0.1,1.7715,6.5715,-0.346,306.296,0.718,1.2574999999999998,6.697,1.104,306.624,1.818,1.349,5.9605,1.525,306.721,2.244,1.388,6.176,0.65,306.594,0.509,0.9875,6.6185,-0.3735,306.454,0.622,0.3575,7.3125,0.862,306.638,1.474,0.0955,7.0565,1.714,306.606,1.537,0.455,6.9585,0.1145,306.336,1.289,0.868,7.3134999999999994,-1.2055,306.411,0.1,0.9664999999999999,7.4485,-0.38049999999999995,306.35,0.487,0.9275,7.7075,-0.999,306.07,0.532,0.9975,6.823499999999999,-0.2625,306.199,0.637,1.038,6.0225,0.0785,306.42,1.234,0.605,5.797499999999999,-0.7909999999999999,306.21,0.114,
2.3385,6.2965,-0.77,306.232,0.232,2.7335000000000003,6.6899999999999995,-0.552,306.216,0.118,2.5675,7.018000000000001,-0.9794999999999999,306.118,0.157,2.03,6.996,0.2205,306.414,1.127,1.6844999999999999,5.735,2.1955,306.783,1.87,1.6255000000000002,5.9365000000000006,0.16099999999999998,306.56,0.112,1.461,6.7705,-1.299,306.33,0.12,0.8035,7.7705,-0.4125,306.425,0.695,-0.006000000000000005,7.0095,1.3845,306.665,1.25,-0.175,6.5615,1.942,306.617,1.597,0.33099999999999996,7.406000000000001,-0.652,306.256,0.1,1.011,7.6905,-1.046,306.276,0.396,1.3455,7.615,-0.7969999999999999,306.129,0.522,1.3900000000000001,6.8695,-0.824,306.198,0.253,1.346,6.786,-0.7464999999999999,306.343,0.928,0.8075,6.792999999999999,-0.0995,306.219,1.269,
1.946,6.108,-1.1875,306.339,0.101,2.279,6.8605,-0.575,306.252,0.104,2.442,7.1579999999999995,-1.8225,306.152,0.1,2.2030000000000003,6.9745,-0.1385,306.274,1.031,1.6255000000000002,5.696,2.317,306.697,1.354,1.311,6.0015,-0.578,306.468,0.1,1.4405000000000001,6.975,-1.6760000000000002,306.228,0.1,1.4104999999999999,7.6585,-1.323,306.226,0.546,0.6910000000000001,6.585,-0.0275,306.321,0.85,-0.1835,6.0215,1.8245,306.687,1.466,-0.16849999999999998,7.131,1.0085,306.321,1.644,0.6915,7.683,-0.7665,306.235,0.757,1.5055,7.372,-0.8625,306.216,0.346,1.8595000000000002,6.8205,-1.332,306.34,0.1,1.8355000000000001,7.348,-0.751,306.33,0.885,1.38,7.122,1.0964999999999998,306.48,1.777,
1.644,6.0915,-1.6105,306.493,0.1,1.9140000000000001,7.015000000000001,-1.0265,306.383,0.1,2.1505,7.098,-2.247,306.375,0.1,1.879,6.964499999999999,0.6625000000000001,306.37,1.073,0.9475,6.048,2.189,306.683,1.253,0.2395,6.547000000000001,-1.158,306.393,0.1,0.5025000000000001,7.172000000000001,-1.478,306.173,0.1,1.335,7.3115,-0.823,306.096,1.272,1.52,6.177,-0.522,306.109,1.123,0.6769999999999999,5.7455,0.3775,306.462,1.029,0.041999999999999996,6.533,1.8855,306.643,1.911,0.4975,7.453,0.471,306.26,1.24,1.545,7.045,-0.9670000000000001,306.309,0.296,2.2195,6.6065000000000005,-1.69,306.471,0.1,2.1845,7.3759999999999994,-0.10950000000000001,306.428,1.069,1.7409999999999999,6.5625,1.9095,306.798,2.144,
1.2255,6.3149999999999995,-0.964,306.557,0.993,1.6615000000000002,7.0815,-0.5965,306.503,0.1,1.9445000000000001,7.1805,-0.6425,306.458,0.1,1.308,7.326499999999999,1.4329999999999998,306.616,1.132,0.17050000000000004,6.681,1.409,306.682,1.081,-0.3485,7.24,-1.33,306.407,0.1,0.0,7.2835,-1.206,306.222,0.1,0.9435,7.066,0.656,306.403,1.745,1.7955,6.027,0.61,306.418,1.626,1.6155,5.729,-0.7645,306.314,0.844,0.8160000000000001,6.0985,1.185,306.703,1.534,0.7395,6.937,1.7485,306.548,1.785,1.5950000000000002,6.7315000000000005,-0.6305000000000001,306.42,0.419,2.3595,6.4559999999999995,-1.8605,306.465,0.1,2.2830000000000004,7.0280000000000005,0.3185,306.523,0.794,1.734,5.8385,2.1825,306.86,2.089,
0.7005,6.5295,0.5345,306.725,1.651,1.294,6.97,0.2555,306.652,1.14,1.55,7.0344999999999995,1.399,306.694,1.731,0.9730000000000001,7.4544999999999995,0.9824999999999999,306.678,0.914,0.276,7.154,-0.07600000000000001,306.533,0.62,0.3075,7.6535,-1.32,306.482,0.1,0.7375,7.3135,-1.3225,306.345,0.107,1.1885,6.5920000000000005,1.045,306.734,1.36,1.8605,5.6735,1.705,306.84,1.769,2.2715,5.727,-0.9415,306.415,0.621,1.774,6.1585,0.0265,306.587,1.227,1.2305000000000001,6.4675,2.197,306.788,2.242,1.6310000000000002,6.417,0.0155,306.516,0.667,2.3465,6.4565,-1.8599999999999999,306.41,0.1,2.1864999999999997,6.7044999999999995,-0.019,306.498,0.488,1.54,5.561999999999999,2.157,306.784,1.832,
0.2575,6.390499999999999,1.468,306.875,1.888,0.5815,6.68,0.088,306.666,1.153,0.8285,6.519,1.322,306.754,1.582,0.997,6.881,0.567,306.518,1.041,1.1455,7.1125,-1.02,306.3,0.758,1.5314999999999999,7.647,-1.256,306.4,0.1,1.9540000000000002,7.309,-1.4304999999999999,306.415,0.1,2.007,6.1045,0.2825,306.658,0.664,2.173,5.323499999999999,1.504,306.918,1.309,2.601,5.847,-0.881,306.559,0.307,2.222,6.568,-0.8115,306.482,0.923,1.388,6.317500000000001,1.9945,306.835,1.89,1.585,6.257,0.7925,306.597,0.837,2.3655,6.5169999999999995,-1.655,306.431,0.1,2.1765,6.564,-0.849,306.394,0.1,1.3715,5.7095,1.8275,306.691,1.276,
0.0625,6.172000000000001,1.7925,306.876,2.022,-0.0455,6.4704999999999995,-0.287,306.513,0.923,0.125,6.3260000000000005,-0.184,306.522,0.845,0.66,6.276,0.6205,306.501,1.179,1.3105,6.7665,-0.10500000000000001,306.212,1.061,1.8679999999999999,7.279999999999999,-0.829,306.26,0.102,2.2405,7.2044999999999995,-1.1115,306.39,0.1,2.2794999999999996,6.218500000000001,-0.48050000000000004,306.521,0.465,2.253,5.765,0.49,306.759,0.807,2.4284999999999997,6.3605,-1.139,306.577,0.121,2.1879999999999997,6.9015,-1.1829999999999998,306.409,0.8,1.5710000000000002,6.2975,1.8325,306.774,1.204,1.6949999999999998,6.4005,1.3705,306.693,0.761,2.4764999999999997,6.5265,-1.2894999999999999,306.511,0.1,2.537,6.4725,-1.581,306.356,0.1,1.5819999999999999,6.087,1.326,306.588,0.802,
0.3085,6.282500000000001,1.9405000000000001,306.88,1.923,0.036,6.519,0.252,306.528,0.972,0.06849999999999999,6.6765,-1.2040000000000002,306.402,0.374,0.371,6.2145,-0.027,306.564,0.711,0.8445,6.503,1.2959999999999998,306.492,1.341,1.2655,6.8525,-0.063,306.252,0.679,1.673,6.987,-0.965,306.457,0.1,1.9220000000000002,6.727,-1.014,306.569,0.287,1.9500000000000002,6.7095,-0.517,306.66,0.371,2.157,6.8215,-1.42,306.564,0.1,2.315,6.7755,-0.614,306.365,0.15,1.964,6.272,2.0949999999999998,306.736,1.114,1.826,6.644,1.236,306.677,0.394,2.4265,6.3865,-1.0765,306.558,0.1,2.726,6.4755,-2.0985,306.427,0.1,1.834,6.641,0.766,306.536,0.49,
0.751,6.6455,1.669,306.836,1.195,0.5175,6.7219999999999995,1.089,306.656,1.103,0.6345000000000001,7.1015,-1.3565,306.458,0.397,0.6985,6.385,-0.9045000000000001,306.512,0.132,0.812,6.4945,0.9844999999999999,306.701,0.54,1.068,6.8705,0.46699999999999997,306.383,0.988,1.3410000000000002,7.049,-1.186,306.562,0.1,1.557,7.186,-1.268,306.661,0.1,1.8519999999999999,7.2170000000000005,-0.9964999999999999,306.682,0.111,2.3964999999999996,6.7565,-1.1795,306.496,0.1,2.581,6.2505,0.66,306.451,1.326,1.9425000000000001,6.2355,2.3449999999999998,306.824,1.332,1.5165000000000002,6.641,0.439,306.606,0.182,1.8175,6.254,-1.1829999999999998,306.621,0.1,1.9035,6.682,-2.5155000000000003,306.521,0.1,1.3885,7.2219999999999995,0.3155,306.514,0.603,
1.1945000000000001,6.8420000000000005,0.9605,306.696,0.332,1.004,6.882,1.734,306.719,1.489,1.2515,7.2025,-1.0415,306.512,0.241,1.334,6.389,-1.463,306.549,0.1,1.334,6.5175,-0.662,306.626,0.1,1.507,7.178,0.32599999999999996,306.573,1.048,1.575,7.5245,-0.4185,306.516,0.988,1.5795,7.762,-0.666,306.579,0.125,1.983,7.373,-0.6655,306.607,0.119,2.527,6.621499999999999,-0.6194999999999999,306.449,0.915,2.2975000000000003,5.771,1.3014999999999999,306.687,1.617,1.3845,6.1235,2.1245000000000003,306.876,1.459,0.92,6.4445,-0.3595,306.624,0.101,1.0375,6.4165,-1.268,306.712,0.1,1.032,6.846500000000001,-1.996,306.531,0.302,0.9299999999999999,7.5,0.6839999999999999,306.48,0.83,
1.5455,6.66,0.327,306.602,0.384,1.071,6.8965,2.1485000000000003,306.844,1.684,1.217,7.0165,0.1865,306.504,0.149,1.5394999999999999,6.346500000000001,-1.242,306.625,0.1,1.786,6.3405000000000005,-1.9015,306.632,0.1,2.042,7.118,-0.038,306.648,0.618,1.9805,7.717499999999999,1.3875,306.74,1.869,1.709,8.276,0.5994999999999999,306.687,1.355,1.903,7.723000000000001,-0.152,306.638,0.863,2.151,6.848,-0.6000000000000001,306.464,0.545,1.6565,5.6675,0.9655,306.701,1.46,0.9910000000000001,5.9695,1.5964999999999998,306.848,1.351,0.874,6.475,-0.802,306.751,0.1,1.105,6.8735,-0.91,306.749,0.1,1.2405,6.671,-0.1345,306.543,0.916,1.0425,7.300000000000001,1.5804999999999998,306.651,1.166,
1.984,6.3815,-0.0755,306.629,0.388,1.052,6.826499999999999,1.8195000000000001,306.954,1.572,0.6519999999999999,6.8134999999999994,1.5514999999999999,306.805,1.522,0.9915,6.345000000000001,0.4385,306.724,1.396,1.6855000000000002,6.1935,-1.2475,306.628,0.1,2.0625,6.7895,-0.258,306.649,0.571,1.746,7.2965,2.0905,307.052,1.715,1.407,8.02,1.579,306.92,1.735,1.5435,7.9055,-0.2975,306.635,0.602,1.593,7.1195,-1.1444999999999999,306.394,0.114,1.185,5.935499999999999,0.3175,306.591,0.925,1.0845,6.0135000000000005,0.9375,306.809,0.981,1.4144999999999999,6.737,-1.129,306.796,0.1,1.5230000000000001,7.34,-0.291,306.749,0.131,1.304,6.2330000000000005,1.4535,306.752,1.517,0.845,6.702500000000001,1.5,306.811,1.185,
2.6275,6.278,-0.5385,306.654,0.349,1.736,6.787,0.6890000000000001,306.834,0.788,0.6705,6.739,1.3475,306.991,1.495,0.544,6.328,1.799,307.078,1.828,1.3185,6.179,0.8115,306.801,1.713,1.553,6.647,-0.628,306.65,0.591,0.9715,6.977,0.8925000000000001,306.966,0.285,0.8505,7.621,1.7085,306.97,1.692,1.1555,7.839,-0.356,306.545,0.627,1.113,7.191,-1.569,306.457,0.1,0.9179999999999999,6.143,-0.5565,306.592,0.263,1.308,6.128,0.025,306.797,0.514,1.9095,6.871,-1.4295,306.752,0.1,1.7654999999999998,7.529,0.124,306.811,1.114,1.0975,5.987,1.7894999999999999,306.902,1.94,0.6165,6.324,0.4305,306.698,0.546,
0.761,6.8815,-1.3625,306.17,0.1,0.0015000000000000013,5.9295,0.40700000000000003,306.352,0.279,-0.222,5.534,1.4645000000000001,306.456,1.574,0.16499999999999998,5.965999999999999,-0.091,306.342,1.34,0.3565,6.0605,-1.5175,306.283,0.1,0.624,6.4725,-0.27549999999999997,306.122,0.699,1.154,6.188,0.203,306.246,1.424,1.1145,6.609999999999999,2.05,306.561,1.831,0.8180000000000001,6.9030000000000005,-0.326,306.296,0.15,0.871,6.8575,-1.892,306.484,0.1,0.942,7.2605,-0.2025,306.448,0.567,0.784,7.1055,1.6785,306.62,1.435,0.6625000000000001,7.8375,0.0605,306.385,0.794,0.7915000000000001,7.3,-0.2935,306.169,1.213,1.0090000000000001,5.9235,1.5575,306.41,1.783,0.927,5.0075,-0.21100000000000002,306.234,0.116,
1.9220000000000002,6.906,-1.25,306.158,0.103,1.1715,6.3995,-0.888,306.227,0.1,0.48050000000000004,6.074999999999999,0.7344999999999999,306.443,1.175,0.5815,6.221,1.2425,306.545,1.877,0.96,5.975,-0.217,306.417,1.434,1.1235,6.318,0.4655,306.4,0.821,1.1475,6.4275,0.46399999999999997,306.462,1.327,0.9684999999999999,6.8215,1.9065,306.669,1.859,0.87,6.8515,0.534,306.324,1.185,0.9604999999999999,6.85,-1.795,306.387,0.1,0.9304999999999999,7.1565,-0.7565,306.429,0.319,0.6745,7.2465,0.7945,306.506,0.968,0.542,7.8845,-0.807,306.172,0.33,0.7635,7.0145,0.044,306.204,0.93,0.984,5.718500000000001,1.0425,306.437,1.517,0.751,5.0195,-0.6835,306.247,0.1,
2.4485,6.6530000000000005,-0.8225,306.215,0.237,2.221,6.619,-1.069,306.238,0.1,1.5335,6.619,-0.3595,306.293,0.64,1.174,6.7125,1.1665,306.597,1.802,1.3479999999999999,5.961,1.5145,306.695,2.217,1.375,6.1715,0.6975,306.579,0.399,1.0105,6.6579999999999995,-0.39,306.446,0.491,0.5205,7.3774999999999995,0.887,306.614,1.409,0.3415,7.0285,1.7775,306.582,1.486,0.613,6.8309999999999995,0.1105,306.344,1.255,0.9269999999999999,7.2155000000000005,-1.2835,306.415,0.1,0.9864999999999999,7.552,-0.45099999999999996,306.346,0.358,0.8805,7.768,-1.0194999999999999,306.09,0.313,0.9405,6.864,-0.2475,306.185,0.541,1.037,6.051500000000001,-0.024,306.395,1.152,0.5995,5.679,-0.8334999999999999,306.226,0.107,
2.311,6.3260000000000005,-0.8125,306.26,0.165,2.4684999999999997,6.7595,-0.5945,306.247,0.109,2.191,7.0575,-1.029,306.127,0.134,1.8005,7.0475,0.26149999999999995,306.411,1.076,1.7105000000000001,5.8125,2.2685,306.757,1.867,1.718,5.992,0.2,306.556,0.107,1.4445000000000001,6.873,-1.343,306.332,0.11,0.7785000000000001,7.927,-0.414,306.421,0.649,0.097,7.1675,1.508,306.643,1.18,0.009999999999999995,6.5375,2.0759999999999996,306.599,1.558,0.504,7.2395,-0.6855,306.283,0.1,1.1179999999999999,7.6,-1.1465,306.3,0.246,1.3525,7.5525,-0.845,306.15,0.318,1.335,6.854,-0.8305,306.209,0.189,1.2654999999999998,6.7165,-0.8445,306.33,0.794,0.729,6.6370000000000005,-0.1295,306.224,1.198,
1.936,6.105,-1.205,306.378,0.1,2.1005,6.9005,-0.626,306.28,0.102,2.137,7.166,-1.84,306.173,0.1,1.973,6.963,-0.11649999999999999,306.295,0.989,1.658,5.7524999999999995,2.4210000000000003,306.679,1.321,1.4145,6.082,-0.5595,306.474,0.1,1.371,7.078,-1.732,306.238,0.1,1.2374999999999998,7.797499999999999,-1.3565,306.235,0.496,0.611,6.7705,0.044,306.329,0.78,-0.09050000000000001,6.0715,2.011,306.667,1.431,0.008000000000000007,7.0105,1.0899999999999999,306.315,1.611,0.8345,7.437,-0.8445,306.269,0.426,1.5455,7.1895,-0.9415,306.253,0.228,1.7785,6.737,-1.3625,306.38,0.1,1.689,7.2195,-0.7745,306.348,0.488,1.2575,7.0205,1.1655,306.459,1.722,
1.6835,6.0125,-1.637,306.526,0.1,1.846,6.9185,-1.0739999999999998,306.419,0.1,1.9529999999999998,7.0075,-2.3,306.419,0.1,1.7205,6.894,0.6875,306.391,1.019,1.0055,6.0985,2.2865,306.664,1.199,0.325,6.619,-1.1745,306.411,0.1,0.436,7.2135,-1.532,306.189,0.1,1.1815,7.323,-0.9079999999999999,306.101,0.718,1.3904999999999998,6.223,-0.593,306.109,1.07,0.6649999999999999,5.776,0.473,306.449,0.976,0.16499999999999998,6.5120000000000005,2.057,306.617,1.879,0.6465,7.2295,0.478,306.255,1.176,1.566,6.8335,-1.06,306.357,0.196,2.072,6.508,-1.756,306.508,0.1,1.9915,7.2535,-0.0565,306.446,0.59,1.629,6.541,2.057,306.771,2.126,
1.3285,6.1525,-1.046,306.576,0.543,1.6400000000000001,6.862500000000001,-0.6265000000000001,306.536,0.1,1.8175,6.9895,-0.74,306.505,0.1,1.278,7.275,1.4895,306.611,1.066,0.3105,6.797000000000001,1.4585,306.661,1.01,-0.294,7.309,-1.379,306.433,0.1,-0.09999999999999999,7.269500000000001,-1.27,306.238,0.1,0.845,7.015000000000001,0.6335,306.382,1.686,1.726,6.0115,0.5165,306.394,1.572,1.567,5.7364999999999995,-0.7985,306.299,0.792,0.873,6.135,1.3205,306.681,1.51,0.8714999999999999,6.849,1.857,306.519,1.745,1.606,6.564,-0.683,306.444,0.373,2.169,6.3955,-1.9714999999999998,306.483,0.1,2.067,6.9565,0.394,306.535,0.767,1.662,5.872,2.3354999999999997,306.83,2.107,
0.757,6.396000000000001,0.469,306.714,1.614,1.27,6.8055,0.262,306.651,1.097,1.572,6.9079999999999995,1.3885,306.686,1.671,1.154,7.457000000000001,1.056,306.669,0.863,0.515,7.2940000000000005,-0.0615,306.523,0.558,0.3505,7.7155000000000005,-1.3665,306.507,0.1,0.5595,7.277,-1.3935,306.371,0.103,1.045,6.588,1.115,306.714,1.305,1.862,5.7605,1.7285,306.809,1.714,2.2800000000000002,5.776,-1.04,306.399,0.546,1.7905,6.196,0.0685,306.57,1.173,1.3365,6.4695,2.349,306.754,2.243,1.678,6.2965,-0.0075,306.526,0.617,2.1825,6.4355,-1.9954999999999998,306.413,0.1,1.9849999999999999,6.6955,0.024,306.507,0.473,1.5274999999999999,5.623,2.3025,306.757,1.846,
0.2855,6.369,1.4845000000000002,306.851,1.887,0.624,6.680999999999999,0.12,306.648,1.112,0.9835,6.5489999999999995,1.358,306.726,1.512,1.252,6.91,0.6025,306.517,0.975,1.358,7.1425,-1.0285,306.306,0.705,1.5525,7.624499999999999,-1.2835,306.42,0.1,1.7315,7.245,-1.4889999999999999,306.459,0.1,1.793,6.167,0.3135,306.664,0.592,2.1515,5.5225,1.539,306.894,1.26,2.5785,5.9325,-0.9895,306.548,0.229,2.1565,6.5655,-0.8374999999999999,306.468,0.891,1.4535,6.337,2.136,306.805,1.904,1.673,6.173,0.7515000000000001,306.6,0.797,2.2515,6.507,-1.7825,306.43,0.1,1.988,6.589499999999999,-0.862,306.406,0.1,1.3695,5.777,1.9709999999999999,306.673,1.274,
0.15200000000000002,6.211,1.867,306.853,2.047,0.07650000000000001,6.5489999999999995,-0.2845,306.505,0.856,0.2655,6.419499999999999,-0.187,306.505,0.737,0.8760000000000001,6.3100000000000005,0.599,306.481,1.086,1.493,6.6690000000000005,-0.129,306.221,1.005,1.9145,7.145,-0.83,306.263,0.101,2.1135,7.12,-1.1429999999999998,306.423,0.1,2.1205,6.32,-0.5465,306.541,0.398,2.1399999999999997,5.9775,0.435,306.747,0.703,2.1995,6.402,-1.2349999999999999,306.594,0.11,1.9105,6.834,-1.2365,306.418,0.795,1.518,6.304,1.9475,306.756,1.208,1.796,6.3725000000000005,1.3355000000000001,306.69,0.713,2.4314999999999998,6.5245,-1.3780000000000001,306.518,0.1,2.375,6.4895,-1.6465,306.368,0.1,1.554,6.1385000000000005,1.4449999999999998,306.582,0.781,
0.4345,6.3335,2.0415,306.857,1.933,0.216,6.5760000000000005,0.20750000000000002,306.52,0.902,0.152,6.7235,-1.2365,306.401,0.305,0.488,6.233499999999999,-0.081,306.55,0.57,1.0415,6.429,1.2959999999999998,306.474,1.247,1.425,6.7010000000000005,-0.08099999999999999,306.259,0.592,1.7085,6.9165,-0.972,306.481,0.1,1.8565,6.7995,-1.0955,306.602,0.191,1.792,6.867,-0.5880000000000001,306.671,0.284,1.8545,6.7915,-1.484,306.591,0.1,1.9835,6.65,-0.641,306.392,0.508,1.862,6.2625,2.217,306.728,1.073,1.9380000000000002,6.6635,1.25,306.671,0.322,2.44,6.390000000000001,-1.126,306.568,0.1,2.5664999999999996,6.452999999999999,-2.1799999999999997,306.44,0.1,1.7679999999999998,6.6690000000000005,0.831,306.54,0.477,
0.7969999999999999,6.699,1.7795,306.819,1.174,0.7210000000000001,6.7675,1.041,306.639,1.013,0.757,7.0605,-1.398,306.474,0.338,0.77,6.352499999999999,-0.9475,306.521,0.116,1.0055,6.5095,1.007,306.679,0.411,1.2934999999999999,6.788,0.3825,306.373,0.904,1.4460000000000002,6.9825,-1.2205,306.603,0.1,1.5235,7.151,-1.3195000000000001,306.722,0.1,1.698,7.295,-1.0325,306.726,0.105,2.1535,6.687,-1.2355,306.522,0.1,2.385,6.1265,0.7015,306.462,1.285,1.963,6.232,2.501,306.807,1.273,1.694,6.6575,0.492,306.596,0.152,1.853,6.2275,-1.2309999999999999,306.633,0.1,1.7080000000000002,6.6085,-2.5705,306.548,0.1,1.278,7.218500000000001,0.33899999999999997,306.521,0.532,
1.1059999999999999,6.883,1.083,306.698,0.296,1.1600000000000001,6.9275,1.7495,306.697,1.442,1.4265,7.0575,-1.067,306.525,0.23,1.419,6.27,-1.4929999999999999,306.569,0.1,1.4555,6.5215,-0.6335,306.63,0.1,1.663,7.165,0.253,306.552,0.951,1.659,7.4425,-0.46699999999999997,306.553,0.538,1.562,7.621,-0.6950000000000001,306.639,0.112,1.8760000000000001,7.3445,-0.7184999999999999,306.67,0.109,2.3825000000000003,6.5415,-0.7025,306.454,0.81,2.2385,5.718,1.3855,306.667,1.561,1.4809999999999999,6.143000000000001,2.2685,306.847,1.408,1.068,6.4384999999999994,-0.3405,306.628,0.1,1.012,6.3454999999999995,-1.329,306.727,0.1,0.7869999999999999,6.711,-2.029,306.558,0.197,0.7665,7.453,0.729,306.493,0.739,
1.3865,6.693,0.423,306.619,0.33,1.186,6.938000000000001,2.2670000000000003,306.822,1.652,1.4175,6.8035,0.1975,306.53,0.141,1.6320000000000001,6.138,-1.2825,306.648,0.1,1.806,6.243,-1.9295,306.658,0.1,2.061,7.118,-0.0575,306.639,0.532,2.0055,7.6739999999999995,1.451,306.726,1.792,1.7120000000000002,8.1515,0.632,306.686,1.261,1.871,7.6259999999999994,-0.2235,306.639,0.747,2.0905,6.7695,-0.69,306.451,0.446,1.646,5.698,1.0405,306.675,1.405,1.0685,6.035,1.6655,306.819,1.279,0.906,6.465,-0.8775,306.759,0.1,0.97,6.7795,-0.9605,306.761,0.1,0.9844999999999999,6.5065,-0.123,306.558,0.844,0.8865,7.2635000000000005,1.6869999999999998,306.645,1.077,
1.8285,6.4254999999999995,-0.07,306.644,0.241,1.0825,6.8955,1.9805000000000001,306.932,1.534,0.8135,6.681,1.6265,306.796,1.477,1.1005,6.152,0.4565,306.748,1.373,1.659,6.0195,-1.363,306.651,0.1,1.999,6.752,-0.28049999999999997,306.643,0.491,1.7510000000000001,7.339499999999999,2.2725,307.026,1.571,1.4415,8.026,1.6655,306.895,1.659,1.555,7.8385,-0.319,306.623,0.554,1.553,7.042,-1.1875,306.384,0.112,1.151,6.0184999999999995,0.356,306.568,0.842,1.1105,6.186,0.897,306.781,0.885,1.3895,6.7135,-1.2494999999999998,306.785,0.1,1.3975,7.2345,-0.2945,306.753,0.115,1.1789999999999998,6.132,1.5415,306.739,1.474,0.8105,6.73,1.639,306.792,1.056,
2.409,6.331,-0.598,306.657,0.222,1.5919999999999999,6.881,0.8145,306.814,0.684,0.6924999999999999,6.697,1.455,306.965,1.456,0.6185,6.189,1.9275000000000002,307.064,1.797,1.327,5.991,0.7635000000000001,306.79,1.673,1.523,6.585,-0.646,306.639,0.54,1.0,7.063,1.067,306.957,0.23,0.9299999999999999,7.705,1.7805,306.943,1.627,1.1865,7.81,-0.352,306.548,0.544,1.059,7.114,-1.5635,306.478,0.1,0.8525,6.243,-0.563,306.588,0.201,1.27,6.372,-0.085,306.781,0.386,1.8455,6.83,-1.5055,306.743,0.1,1.696,7.417,0.16799999999999998,306.798,1.041,1.1175,5.943,1.8904999999999998,306.873,1.921,0.707,6.383,0.5415,306.694,0.468,
0.6655,6.965999999999999,-1.3695,306.176,0.1,0.021999999999999992,5.9485,0.45299999999999996,306.344,0.211,-0.10600000000000001,5.413,1.4860000000000002,306.432,1.529,0.191,5.7275,-0.1535,306.354,1.282,0.23750000000000002,5.9885,-1.5379999999999998,306.302,0.1,0.47300000000000003,6.4115,-0.22999999999999998,306.121,0.609,1.095,6.066000000000001,0.0875,306.225,1.339,1.2309999999999999,6.5605,2.1195,306.533,1.807,0.9795,6.7475000000000005,-0.319,306.297,0.203,0.858,6.796,-1.8940000000000001,306.494,0.1,0.788,7.2335,-0.20550000000000002,306.436,0.477,0.6845,7.205500000000001,1.7309999999999999,306.587,1.362,0.644,7.9245,0.054,306.366,0.687,0.7965,7.292,-0.2885,306.148,1.146,1.103,6.0024999999999995,1.57,306.38,1.745,1.0775000000000001,5.0835,-0.18,306.234,0.103,
1.7985,6.949,-1.2770000000000001,306.174,0.1,1.0295,6.4135,-0.856,306.241,0.1,0.4605,6.077500000000001,0.767,306.425,1.129,0.617,6.093500000000001,1.228,306.521,1.842,0.892,5.883,-0.2975,306.419,1.375,0.982,6.2585,0.512,306.388,0.729,1.1320000000000001,6.3765,0.41800000000000004,306.434,1.228,1.15,6.800000000000001,1.964,306.638,1.829,1.0675,6.6995000000000005,0.525,306.33,1.141,0.991,6.721500000000001,-1.8215,306.398,0.1,0.8485,7.1419999999999995,-0.796,306.419,0.234,0.627,7.429,0.7955000000000001,306.482,0.848,0.5025,7.987499999999999,-0.7915000000000001,306.17,0.229,0.7335,7.043,0.062,306.186,0.85,1.0579999999999998,5.8025,0.9964999999999999,306.407,1.466,0.8265,5.011,-0.669,306.253,0.1,
2.375,6.6899999999999995,-0.861,306.23,0.163,1.972,6.651,-1.0625,306.266,0.1,1.298,6.6635,-0.37,306.29,0.562,1.0925,6.726,1.201,306.57,1.784,1.347,5.961,1.4715,306.669,2.189,1.362,6.165,0.738,306.564,0.293,1.033,6.697,-0.4005,306.437,0.363,0.6799999999999999,7.439500000000001,0.8925000000000001,306.59,1.342,0.5840000000000001,7.0005,1.807,306.558,1.435,0.77,6.705,0.101,306.352,1.221,0.9855,7.1165,-1.34,306.419,0.1,1.0050000000000001,7.6485,-0.5125,306.343,0.233,0.8340000000000001,7.824,-1.014,306.11,0.111,0.8845,6.905,-0.23049999999999998,306.172,0.447,1.0339999999999998,6.074,-0.12,306.37,1.068,0.5954999999999999,5.556,-0.863,306.242,0.1,
2.279,6.3575,-0.8374999999999999,306.288,0.102,2.202,6.829000000000001,-0.619,306.278,0.1,1.8170000000000002,7.0945,-1.064,306.135,0.112,1.573,7.095,0.2995,306.409,1.025,1.7345,5.8885000000000005,2.3005,306.731,1.863,1.8054999999999999,6.045999999999999,0.23099999999999998,306.552,0.103,1.425,6.9745,-1.363,306.333,0.1,0.7535000000000001,8.0785,-0.4195,306.417,0.604,0.20099999999999998,7.323,1.605,306.62,1.108,0.19699999999999998,6.513,2.1799999999999997,306.58,1.52,0.6784999999999999,7.0715,-0.715,306.309,0.1,1.2235,7.506500000000001,-1.2275,306.324,0.106,1.359,7.4915,-0.8665,306.173,0.128,1.28,6.84,-0.824,306.221,0.129,1.1815,6.635999999999999,-0.9265,306.32,0.655,0.65,6.4745,-0.16399999999999998,306.231,1.094,
1.924,6.1045,-1.2015,306.418,0.1,1.9205,6.94,-0.6615,306.308,0.1,1.8315,7.172499999999999,-1.835,306.194,0.1,1.742,6.9495000000000005,-0.08249999999999999,306.317,0.947,1.687,5.808,2.4844999999999997,306.661,1.289,1.5125000000000002,6.162,-0.5385,306.48,0.1,1.2985000000000002,7.18,-1.758,306.249,0.1,1.0665,7.933,-1.374,306.243,0.448,0.534,6.9559999999999995,0.1215,306.336,0.71,0.0050000000000000044,6.121499999999999,2.176,306.647,1.395,0.1865,6.887499999999999,1.153,306.309,1.578,0.9770000000000001,7.191000000000001,-0.915,306.304,0.119,1.5835,7.015,-0.9984999999999999,306.292,0.119,1.6945000000000001,6.656000000000001,-1.3725,306.421,0.1,1.5390000000000001,7.0815,-0.7895000000000001,306.366,0.124,1.135,6.914,1.2145000000000001,306.439,1.667,
1.72,5.9365,-1.6360000000000001,306.558,0.1,1.776,6.822,-1.1035,306.456,0.1,1.7530000000000001,6.9185,-2.317,306.462,0.1,1.5605,6.824,0.7115,306.411,0.965,1.062,6.1485,2.34,306.646,1.145,0.4095,6.691,-1.1735,306.428,0.1,0.369,7.2545,-1.557,306.205,0.1,1.0275,7.334,-0.982,306.106,0.23,1.26,6.272,-0.649,306.109,1.016,0.653,5.808,0.5680000000000001,306.436,0.924,0.2895,6.4895,2.205,306.592,1.846,0.7949999999999999,7.003500000000001,0.46499999999999997,306.253,1.111,1.584,6.6295,-1.137,306.405,0.104,1.9215,6.4125,-1.8014999999999999,306.544,0.1,1.7974999999999999,7.1274999999999995,-0.002,306.465,0.151,1.5165,6.5175,2.1755,306.743,2.107,
1.4275,5.994,-1.1059999999999999,306.595,0.129,1.6165,6.645,-0.6485000000000001,306.569,0.1,1.6905000000000001,6.8015,-0.823,306.551,0.1,1.2475,7.223,1.5234999999999999,306.607,1.001,0.4485,6.911,1.476,306.641,0.939,-0.239,7.3774999999999995,-1.4045,306.458,0.1,-0.1975,7.2555,-1.3065,306.254,0.1,0.7465,6.9635,0.5994999999999999,306.361,1.626,1.6535,5.996499999999999,0.405,306.37,1.516,1.516,5.746,-0.8254999999999999,306.284,0.74,0.9299999999999999,6.1715,1.448,306.659,1.486,1.0034999999999998,6.7575,1.9329999999999998,306.49,1.703,1.6139999999999999,6.400499999999999,-0.7284999999999999,306.469,0.323,1.975,6.3375,-2.0599999999999996,306.5,0.1,1.8495,6.885,0.471,306.548,0.741,1.589,5.9045000000000005,2.452,306.8,2.125,
0.8140000000000001,6.263999999999999,0.392,306.702,1.576,1.2465,6.641500000000001,0.264,306.649,1.053,1.591,6.7825,1.349,306.677,1.611,1.329,7.458,1.112,306.66,0.814,0.7484999999999999,7.4315,-0.048,306.514,0.495,0.393,7.7765,-1.388,306.533,0.1,0.385,7.2415,-1.4325,306.398,0.1,0.9035,6.584,1.1755,306.694,1.249,1.8605,5.8454999999999995,1.705,306.778,1.656,2.2845,5.8255,-1.1295,306.382,0.472,1.8050000000000002,6.2330000000000005,0.12,306.552,1.119,1.44,6.470000000000001,2.4715,306.72,2.244,1.721,6.1785,-0.0345,306.536,0.569,2.0140000000000002,6.416499999999999,-2.1014999999999997,306.417,0.1,1.7814999999999999,6.686,0.074,306.517,0.457,1.5145,5.684,2.41,306.73,1.86,
0.315,6.3469999999999995,1.4609999999999999,306.827,1.886,0.6659999999999999,6.6805,0.156,306.63,1.07,1.1345,6.577999999999999,1.3655,306.698,1.439,1.5005000000000002,6.939,0.629,306.516,0.909,1.5645,7.173500000000001,-1.0150000000000001,306.311,0.65,1.5695000000000001,7.6015,-1.283,306.44,0.1,1.5085000000000002,7.184,-1.5165,306.503,0.1,1.5795,6.2330000000000005,0.34550000000000003,306.671,0.519,2.1265,5.720000000000001,1.533,306.87,1.209,2.5475,6.0165,-1.0739999999999998,306.538,0.155,2.085,6.561,-0.847,306.455,0.859,1.5165000000000002,6.3545,2.25,306.775,1.916,1.7565,6.0915,0.6890000000000001,306.604,0.757,2.1315,6.499,-1.8765,306.43,0.1,1.7965,6.614,-0.861,306.419,0.101,1.3675,5.8454999999999995,2.0875,306.656,1.272,
0.241,6.25,1.8935,306.831,2.071,0.1975,6.6265,-0.268,306.498,0.789,0.40249999999999997,6.5120000000000005,-0.1845,306.489,0.628,1.0859999999999999,6.3454999999999995,0.5675,306.461,0.993,1.6715,6.5755,-0.1495,306.23,0.948,1.9585,7.010999999999999,-0.8135,306.268,0.1,1.986,7.0395,-1.156,306.458,0.1,1.9625,6.4239999999999995,-0.603,306.561,0.326,2.025,6.187,0.368,306.736,0.598,1.966,6.4415,-1.298,306.613,0.1,1.6315,6.766,-1.2755,306.427,0.789,1.4645,6.309,2.0345,306.738,1.211,1.8905,6.3454999999999995,1.2645,306.687,0.665,2.378,6.5235,-1.4395,306.525,0.1,2.2085,6.506,-1.6885,306.38,0.1,1.525,6.1895,1.5505,306.577,0.76,
0.5609999999999999,6.384,2.1005000000000003,306.833,1.943,0.397,6.6335,0.1595,306.514,0.831,0.2365,6.7705,-1.2429999999999999,306.399,0.238,0.603,6.2535,-0.128,306.535,0.431,1.236,6.3565000000000005,1.263,306.455,1.152,1.5865,6.553,-0.0985,306.267,0.502,1.7475,6.85,-0.969,306.506,0.1,1.7930000000000001,6.8705,-1.1560000000000001,306.636,0.104,1.634,7.016500000000001,-0.6505000000000001,306.682,0.2,1.5505,6.76,-1.525,306.62,0.1,1.6515,6.5275,-0.6615,306.418,0.838,1.76,6.2535,2.3120000000000003,306.72,1.031,2.0465,6.682,1.234,306.664,0.252,2.4475,6.3925,-1.1549999999999998,306.578,0.1,2.402,6.43,-2.223,306.453,0.1,1.7,6.6955,0.884,306.544,0.463,
0.8465,6.7509999999999994,1.8639999999999999,306.803,1.152,0.9269999999999999,6.813000000000001,0.9630000000000001,306.622,0.922,0.8805,7.019,-1.418,306.49,0.28,0.843,6.32,-0.9655,306.531,0.1,1.1985000000000001,6.5215,1.002,306.657,0.288,1.5175,6.7085,0.28800000000000003,306.365,0.819,1.5510000000000002,6.9190000000000005,-1.2405,306.645,0.1,1.49,7.115,-1.3465,306.783,0.1,1.5430000000000001,7.366,-1.0510000000000002,306.769,0.1,1.9104999999999999,6.6175,-1.2799999999999998,306.547,0.1,2.1879999999999997,6.0055,0.734,306.473,1.245,1.9795,6.2285,2.6295,306.79,1.215,1.867,6.6739999999999995,0.5335000000000001,306.587,0.123,1.8875,6.1995000000000005,-1.2595,306.645,0.1,1.5165,6.5344999999999995,-2.5780000000000003,306.575,0.1,1.1724999999999999,7.214,0.3495,306.528,0.46,
1.0190000000000001,6.923,1.197,306.701,0.26,1.3145,6.9719999999999995,1.7235,306.675,1.394,1.6,6.9125,-1.077,306.539,0.22,1.506,6.1515,-1.4954999999999998,306.589,0.1,1.5790000000000002,6.521,-0.602,306.633,0.1,1.818,7.1515,0.17099999999999999,306.531,0.851,1.7405,7.362,-0.51,306.592,0.129,1.5425,7.481,-0.712,306.699,0.1,1.767,7.3155,-0.7555000000000001,306.734,0.1,2.2359999999999998,6.4615,-0.7815,306.46,0.69,2.177,5.666,1.4565000000000001,306.648,1.505,1.574,6.162,2.3890000000000002,306.819,1.357,1.214,6.433999999999999,-0.317,306.632,0.1,0.9885,6.275,-1.374,306.742,0.1,0.55,6.576499999999999,-2.025,306.585,0.102,0.6115,7.406,0.7635000000000001,306.506,0.635,
1.2280000000000002,6.727,0.522,306.635,0.277,1.298,6.9785,2.3455000000000004,306.801,1.62,1.6145,6.5920000000000005,0.20650000000000002,306.554,0.158,1.7255,5.932,-1.3065,306.671,0.1,1.829,6.1455,-1.9325,306.685,0.1,2.0815,7.1165,-0.07300000000000001,306.631,0.446,2.0309999999999997,7.6305,1.4975,306.714,1.713,1.7165,8.027,0.6575,306.686,1.166,1.8399999999999999,7.5295000000000005,-0.29300000000000004,306.643,0.622,2.029,6.689,-0.7749999999999999,306.437,0.349,1.633,5.728,1.1105,306.649,1.349,1.1435,6.1,1.7080000000000002,306.79,1.206,0.937,6.4555,-0.9415,306.767,0.1,0.8360000000000001,6.6875,-0.9964999999999999,306.772,0.1,0.7325,6.343999999999999,-0.10400000000000001,306.573,0.752,0.7345,7.2275,1.779,306.64,0.987,
1.6715,6.4705,-0.053000000000000005,306.658,0.106,1.112,6.963,2.115,306.91,1.496,0.9744999999999999,6.5489999999999995,1.6715,306.786,1.431,1.21,5.9615,0.464,306.771,1.348,1.634,5.849500000000001,-1.4609999999999999,306.674,0.1,1.937,6.7145,-0.293,306.638,0.412,1.7565,7.3805,2.433,307.001,1.425,1.4765000000000001,8.03,1.736,306.87,1.582,1.5665,7.768000000000001,-0.34450000000000003,306.612,0.504,1.5125,6.9615,-1.2200000000000002,306.374,0.109,1.117,6.1,0.39249999999999996,306.546,0.758,1.133,6.355499999999999,0.833,306.755,0.787,1.3575,6.6875,-1.3565,306.774,0.1,1.2685,7.1295,-0.2875,306.756,0.1,1.0545,6.032500000000001,1.611,306.726,1.431,0.776,6.756500000000001,1.7635,306.774,0.927,
2.188,6.384,-0.6415,306.66,0.105,1.447,6.973,0.931,306.795,0.583,0.7145,6.654,1.5354999999999999,306.94,1.417,0.6940000000000001,6.051,2.032,307.05,1.765,1.336,5.807,0.6965,306.778,1.632,1.492,6.524,-0.657,306.628,0.489,1.0274999999999999,7.146,1.2374999999999998,306.948,0.176,1.009,7.786,1.8355000000000001,306.917,1.561,1.2175,7.775,-0.348,306.552,0.458,1.0065,7.034,-1.542,306.5,0.1,0.789,6.341,-0.565,306.584,0.143,1.2285,6.611,-0.194,306.765,0.263,1.774,6.785,-1.563,306.733,0.1,1.6225,7.304,0.215,306.786,0.969,1.1365,5.9,1.9625,306.844,1.9,0.7965,6.44,0.6505,306.69,0.392,
0.6065,6.998,-1.3599999999999999,306.187,0.1,0.0655,5.957,0.4945,306.339,0.172,0.026999999999999996,5.2945,1.4765000000000001,306.411,1.473,0.244,5.5405,-0.219,306.363,1.195,0.1815,5.9455,-1.5325,306.323,0.1,0.401,6.369,-0.18,306.117,0.363,1.031,5.9615,-0.03899999999999999,306.214,1.238,1.2565,6.5105,2.1630000000000003,306.511,1.773,1.0659999999999998,6.644500000000001,-0.311,306.292,0.307,0.8140000000000001,6.753,-1.8675000000000002,306.508,0.1,0.634,7.208,-0.1985,306.426,0.404,0.595,7.2645,1.7570000000000001,306.561,1.262,0.6154999999999999,7.957,0.038,306.357,0.567,0.7765,7.263,-0.2735,306.133,1.073,1.162,6.0634999999999994,1.558,306.355,1.688,1.2155,5.173500000000001,-0.14550000000000002,306.231,0.101,
1.6795,6.9745,-1.287,306.195,0.1,0.9145000000000001,6.4145,-0.8095,306.256,0.1,0.4685,6.0605,0.7815000000000001,306.41,1.078,0.666,5.9715,1.182,306.502,1.788,0.847,5.816,-0.376,306.425,1.278,0.88,6.2015,0.5615,306.38,0.642,1.099,6.3195,0.358,306.416,1.095,1.2445,6.7755,1.994,306.613,1.784,1.193,6.596,0.507,306.328,1.094,0.998,6.6129999999999995,-1.8265,306.412,0.1,0.776,7.1185,-0.8155,306.412,0.195,0.5994999999999999,7.5295000000000005,0.7845,306.466,0.698,0.47650000000000003,8.018,-0.7645,306.172,0.174,0.699,7.0555,0.07949999999999999,306.173,0.765,1.1005,5.8705,0.935,306.384,1.392,0.901,4.9985,-0.6395,306.261,0.1,
2.242,6.7285,-0.887,306.256,0.132,1.7189999999999999,6.6765,-1.035,306.289,0.1,1.1015,6.6855,-0.3775,306.283,0.5,1.0375,6.7044999999999995,1.209,306.548,1.743,1.3415,5.945,1.3980000000000001,306.65,2.135,1.341,6.1375,0.7715000000000001,306.549,0.243,1.04,6.718,-0.40549999999999997,306.427,0.284,0.7925,7.4704999999999995,0.8795,306.573,1.257,0.7815,6.968999999999999,1.8050000000000002,306.538,1.376,0.9175,6.593500000000001,0.087,306.361,1.174,1.045,7.0035,-1.376,306.423,0.1,1.0155,7.665,-0.5655,306.348,0.173,0.795,7.8225,-0.9844999999999999,306.128,0.105,0.8394999999999999,6.941000000000001,-0.21200000000000002,306.165,0.361,1.015,6.0235,-0.21050000000000002,306.357,0.95,0.6054999999999999,5.3805,-0.8805000000000001,306.271,0.1,
2.1935000000000002,6.4125,-0.8465,306.329,0.101,1.9255,6.8934999999999995,-0.6265000000000001,306.3,0.1,1.4855,7.1035,-1.0855000000000001,306.137,0.107,1.373,7.093999999999999,0.3345,306.411,0.975,1.721,5.9335,2.293,306.711,1.836,1.826,6.0755,0.255,306.548,0.103,1.3675,7.052,-1.3610000000000002,306.332,0.1,0.723,8.165,-0.4285,306.411,0.577,0.316,7.4315,1.677,306.602,1.014,0.4065,6.4905,2.2560000000000002,306.567,1.481,0.8645,6.8855,-0.7404999999999999,306.336,0.1,1.3145,7.384,-1.291,306.346,0.103,1.361,7.4515,-0.864,306.213,0.114,1.2175,6.8415,-0.8055,306.245,0.115,1.06,6.431,-0.9934999999999999,306.338,0.46,0.5770000000000001,6.234,-0.2025,306.258,0.62,
1.8820000000000001,6.141,-1.178,306.47,0.1,1.7265000000000001,6.967499999999999,-0.6825,306.334,0.1,1.5274999999999999,7.1545000000000005,-1.8094999999999999,306.211,0.1,1.51,6.9125,-0.038,306.34,0.906,1.6775,5.855,2.509,306.646,1.255,1.543,6.228,-0.516,306.481,0.1,1.19,7.261,-1.7559999999999998,306.259,0.1,0.9155,8.022,-1.3765,306.244,0.43,0.496,7.140499999999999,0.20400000000000001,306.345,0.637,0.1385,6.1785,2.3200000000000003,306.629,1.357,0.395,6.7445,1.1989999999999998,306.313,1.535,1.119,6.9415,-0.9789999999999999,306.341,0.109,1.6004999999999998,6.934,-1.036,306.352,0.11,1.5765,6.6045,-1.3635000000000002,306.461,0.1,1.344,6.848,-0.7965,306.4,0.112,1.0015,6.749499999999999,1.245,306.436,1.608,
1.7215,5.904,-1.6095000000000002,306.596,0.1,1.681,6.725,-1.117,306.493,0.1,1.5339999999999998,6.845000000000001,-2.301,306.499,0.1,1.3815,6.762499999999999,0.7344999999999999,306.432,0.915,1.0915,6.1975,2.3515,306.632,1.088,0.474,6.76,-1.1564999999999999,306.446,0.1,0.29400000000000004,7.2855,-1.5554999999999999,306.226,0.1,0.8594999999999999,7.3415,-1.0455,306.11,0.633,1.1135,6.377,-0.6915,306.119,0.965,0.646,5.8695,0.6619999999999999,306.427,0.868,0.43400000000000005,6.4585,2.3315,306.572,1.802,0.9445,6.742,0.433,306.273,1.038,1.571,6.5075,-1.1995,306.456,0.102,1.7315,6.3469999999999995,-1.8285,306.571,0.1,1.5804999999999998,6.9695,0.0535,306.487,0.145,1.4,6.465,2.2670000000000003,306.722,2.073,
1.4955,5.882,-1.146,306.613,0.115,1.5830000000000002,6.452999999999999,-0.6635,306.599,0.1,1.5605,6.657500000000001,-0.893,306.589,0.1,1.196,7.164,1.5365,306.607,0.941,0.5585,6.997,1.4635,306.628,0.857,-0.173,7.4425,-1.408,306.485,0.1,-0.2585,7.241,-1.3175,306.274,0.1,0.645,6.9145,0.5545,306.348,1.553,1.5245,6.0045,0.2775,306.352,1.448,1.42,5.785500000000001,-0.846,306.268,0.683,0.9795,6.2105,1.568,306.641,1.462,1.1355,6.6240000000000006,1.9789999999999999,306.471,1.652,1.6005,6.2775,-0.7675000000000001,306.493,0.215,1.7495,6.3035,-2.128,306.512,0.1,1.6195,6.8105,0.5489999999999999,306.56,0.72,1.5135,5.9265,2.534,306.773,2.129,
0.8755,6.1545,0.3045,306.696,1.53,1.218,6.4955,0.262,306.649,1.007,1.5755,6.6725,1.2825000000000002,306.673,1.54,1.4365,7.4315,1.152,306.654,0.779,0.9195,7.531499999999999,-0.036000000000000004,306.507,0.438,0.4255,7.8245000000000005,-1.3860000000000001,306.558,0.1,0.251,7.22,-1.4420000000000002,306.425,0.1,0.787,6.593500000000001,1.2265000000000001,306.679,1.178,1.8225000000000002,5.9085,1.637,306.757,1.563,2.233,5.8795,-1.2105,306.36,0.392,1.7845,6.2605,0.1805,306.536,1.061,1.513,6.446,2.567,306.691,2.227,1.7189999999999999,6.0969999999999995,-0.065,306.543,0.525,1.7965,6.4185,-2.181,306.422,0.1,1.553,6.673,0.13,306.526,0.443,1.4955,5.7415,2.482,306.706,1.863,
0.35950000000000004,6.319,1.3995,306.808,1.869,0.6905,6.6645,0.1965,306.616,1.025,1.2195,6.589,1.3465,306.675,1.327,1.6635,6.9645,0.647,306.509,0.849,1.7065000000000001,7.2095,-0.981,306.315,0.578,1.542,7.567,-1.2570000000000001,306.464,0.1,1.28,7.156,-1.5154999999999998,306.555,0.1,1.3824999999999998,6.343999999999999,0.378,306.68,0.454,2.0575,5.899,1.4889999999999999,306.852,1.135,2.4074999999999998,6.091,-1.1360000000000001,306.54,0.131,1.9365,6.5345,-0.8414999999999999,306.454,0.828,1.5474999999999999,6.3495,2.338,306.749,1.91,1.7875,6.051,0.607,306.606,0.716,1.9445000000000001,6.5105,-1.94,306.434,0.1,1.5745,6.6335,-0.8474999999999999,306.431,0.116,1.3635,5.911,2.1785,306.639,1.265,
0.331,6.2795000000000005,1.8744999999999998,306.812,2.081,0.305,6.68,-0.238,306.495,0.733,0.497,6.583,-0.1775,306.479,0.527,1.2215,6.3955,0.5265,306.445,0.893,1.7955,6.527,-0.16649999999999998,306.234,0.882,1.9745,6.8865,-0.781,306.277,0.1,1.8639999999999999,6.996499999999999,-1.1524999999999999,306.506,0.1,1.8224999999999998,6.555999999999999,-0.651,306.596,0.216,1.887,6.3605,0.2895,306.731,0.485,1.676,6.4645,-1.33,306.645,0.1,1.3275000000000001,6.695,-1.3005,306.436,0.771,1.4060000000000001,6.2985,2.0955,306.721,1.205,1.9205,6.334,1.1595,306.688,0.605,2.2285,6.528499999999999,-1.476,306.534,0.1,1.983,6.5205,-1.709,306.384,0.1,1.4740000000000002,6.2355,1.6435,306.572,0.742,
0.6975,6.4239999999999995,2.1189999999999998,306.814,1.943,0.5994999999999999,6.682,0.10850000000000001,306.519,0.767,0.33299999999999996,6.802,-1.2255,306.398,0.196,0.69,6.2765,-0.16799999999999998,306.519,0.334,1.397,6.3100000000000005,1.199,306.445,1.048,1.7605,6.442,-0.11549999999999999,306.278,0.387,1.8215,6.814,-0.9564999999999999,306.534,0.1,1.748,6.9265,-1.1975,306.675,0.102,1.4725000000000001,7.084,-0.7055,306.699,0.161,1.236,6.708,-1.545,306.662,0.1,1.319,6.4315,-0.676,306.439,0.857,1.654,6.243,2.3815,306.715,0.989,2.1065,6.69,1.19,306.659,0.214,2.3825000000000003,6.387499999999999,-1.165,306.59,0.1,2.1805000000000003,6.4025,-2.2305,306.463,0.1,1.6,6.7115,0.9265,306.547,0.448,
0.9475,6.784,1.9235,306.791,1.126,1.1655000000000002,6.8525,0.8565,306.614,0.82,1.0125000000000002,6.964,-1.4175,306.507,0.238,0.9305,6.2835,-0.9604999999999999,306.542,0.1,1.383,6.51,0.9715,306.635,0.227,1.732,6.6579999999999995,0.184,306.375,0.729,1.657,6.8795,-1.248,306.693,0.1,1.4449999999999998,7.066000000000001,-1.351,306.844,0.1,1.3715,7.368,-1.053,306.806,0.1,1.6615,6.55,-1.3145,306.564,0.1,1.974,5.915,0.7585,306.487,1.205,1.9489999999999998,6.2285,2.733,306.777,1.156,1.983,6.683,0.565,306.578,0.112,1.9,6.167999999999999,-1.271,306.658,0.1,1.366,6.4525,-2.5425,306.608,0.1,1.131,7.202500000000001,0.348,306.532,0.388,
0.9515,6.948499999999999,1.303,306.707,0.227,1.4545,7.0045,1.6585,306.658,1.335,1.7485,6.7705,-1.073,306.556,0.221,1.617,6.0385,-1.4725000000000001,306.614,0.1,1.728,6.4855,-0.5680000000000001,306.645,0.1,1.9649999999999999,7.1285,0.081,306.524,0.717,1.8005,7.297499999999999,-0.5475,306.646,0.114,1.506,7.349500000000001,-0.7184999999999999,306.772,0.1,1.6435,7.288,-0.779,306.8,0.1,2.071,6.3875,-0.8565,306.468,0.409,2.0795,5.6225000000000005,1.5154999999999998,306.634,1.443,1.6235,6.177,2.487,306.795,1.3,1.3385,6.441000000000001,-0.28900000000000003,306.635,0.1,0.9875,6.2170000000000005,-1.4035,306.76,0.1,0.406,6.4535,-1.9869999999999999,306.619,0.101,0.56,7.37,0.7885,306.516,0.379,
1.0710000000000002,6.7620000000000005,0.624,306.652,0.238,1.374,7.0065,2.3865,306.784,1.578,1.7755,6.4079999999999995,0.2135,306.57,0.471,1.8285,5.7545,-1.315,306.693,0.1,1.8795000000000002,6.0595,-1.9135,306.717,0.1,2.1095,7.099,-0.08499999999999999,306.629,0.36,2.053,7.586,1.5285,306.715,1.611,1.7325,7.9030000000000005,0.677,306.702,1.058,1.8065,7.4425,-0.36150000000000004,306.677,0.371,1.941,6.579000000000001,-0.855,306.419,0.268,1.5875,5.7425,1.1760000000000002,306.628,1.28,1.184,6.1615,1.7265000000000001,306.768,1.109,0.947,6.458500000000001,-0.9944999999999999,306.775,0.1,0.711,6.616,-1.0194999999999999,306.783,0.1,0.5349999999999999,6.2155000000000005,-0.078,306.589,0.438,0.6355,7.2005,1.8565,306.638,0.896,
1.501,6.519500000000001,-0.025500000000000002,306.672,0.103,1.1284999999999998,7.0105,2.2245,306.892,1.449,1.1215,6.428,1.688,306.778,1.383,1.3239999999999998,5.8035,0.462,306.789,1.312,1.6335,5.7265,-1.5434999999999999,306.697,0.1,1.891,6.6745,-0.2965,306.637,0.352,1.764,7.3934999999999995,2.5725,306.989,1.244,1.5205,8.008000000000001,1.7915,306.853,1.491,1.5819999999999999,7.6535,-0.3735,306.61,0.436,1.4689999999999999,6.8365,-1.242,306.369,0.109,1.0745,6.1555,0.428,306.53,0.668,1.108,6.498,0.7475,306.738,0.658,1.2534999999999998,6.645,-1.4515,306.765,0.1,1.0979999999999999,7.024,-0.2705,306.756,0.103,0.933,5.9525,1.663,306.715,1.383,0.752,6.769500000000001,1.8744999999999998,306.761,0.801,
1.937,6.437,-0.67,306.663,0.102,1.2935,7.037,1.039,306.786,0.515,0.743,6.598,1.5905,306.919,1.358,0.7825,5.935,2.1135,307.039,1.725,1.3525,5.67,0.612,306.771,1.578,1.4645000000000001,6.462,-0.6605000000000001,306.62,0.444,1.057,7.186,1.4045,306.942,0.151,1.0815000000000001,7.828,1.874,306.896,1.474,1.2465000000000002,7.671,-0.344,306.57,0.336,0.974,6.915,-1.506,306.53,0.1,0.7415,6.412,-0.563,306.584,0.124,1.1440000000000001,6.793,-0.3025,306.759,0.2,1.621,6.704,-1.6035,306.723,0.1,1.4945,7.171,0.265,306.775,0.907,1.1315,5.858,2.007,306.818,1.862,0.8745,6.474,0.757,306.686,0.342,
0.5485,7.0295000000000005,-1.3355000000000001,306.198,0.1,0.1095,5.966,0.5305,306.333,0.133,0.16,5.176,1.4365,306.39,1.418,0.29700000000000004,5.3545,-0.28400000000000003,306.371,1.108,0.125,5.9030000000000005,-1.5,306.344,0.1,0.329,6.3260000000000005,-0.135,306.114,0.117,0.9675,5.8575,-0.161,306.204,1.136,1.282,6.4615,2.1865,306.488,1.74,1.1524999999999999,6.541499999999999,-0.308,306.286,0.41,0.77,6.7095,-1.8125,306.522,0.1,0.48050000000000004,7.183,-0.18,306.417,0.33,0.5055,7.3235,1.7530000000000001,306.535,1.162,0.586,7.989,0.020499999999999997,306.349,0.447,0.756,7.234,-0.2525,306.118,1.001,1.221,6.125,1.525,306.331,1.631,1.3535,5.264,-0.1115,306.227,0.1,
1.561,7.0,-1.278,306.216,0.1,0.7995,6.4155,-0.753,306.271,0.1,0.47550000000000003,6.0435,0.775,306.395,1.028,0.7145,5.8505,1.1055000000000001,306.483,1.735,0.8015,5.749499999999999,-0.44499999999999995,306.431,1.18,0.7775,6.1434999999999995,0.6105,306.372,0.554,1.0655,6.262499999999999,0.28900000000000003,306.397,0.962,1.3384999999999998,6.7515,2.0025,306.588,1.739,1.3185,6.493,0.478,306.326,1.048,1.0045000000000002,6.5035,-1.8105,306.427,0.1,0.7030000000000001,7.0945,-0.812,306.405,0.156,0.5720000000000001,7.630000000000001,0.764,306.45,0.547,0.45,8.049,-0.7244999999999999,306.175,0.118,0.6639999999999999,7.0685,0.092,306.16,0.681,1.1425,5.939,0.868,306.361,1.317,0.9744999999999999,4.986000000000001,-0.595,306.268,0.1,
2.1095,6.766500000000001,-0.8945000000000001,306.283,0.102,1.4665,6.702,-0.9934999999999999,306.313,0.1,0.9055,6.708,-0.3855,306.277,0.438,0.9825,6.683,1.189,306.526,1.701,1.336,5.9295,1.303,306.631,2.081,1.3205,6.109500000000001,0.7995000000000001,306.534,0.192,1.048,6.7385,-0.40700000000000003,306.416,0.206,0.9055,7.502,0.8525,306.556,1.172,0.9785,6.938000000000001,1.7730000000000001,306.518,1.317,1.065,6.4815000000000005,0.065,306.371,1.126,1.105,6.8895,-1.39,306.427,0.1,1.0255,7.681,-0.604,306.353,0.112,0.7555000000000001,7.8215,-0.9345,306.146,0.1,0.794,6.9775,-0.1975,306.158,0.276,0.996,5.9735,-0.277,306.343,0.832,0.6165,5.204000000000001,-0.884,306.299,0.1,
2.1085000000000003,6.4670000000000005,-0.836,306.37,0.1,1.6495,6.958,-0.6205,306.321,0.1,1.1545,7.1129999999999995,-1.0925,306.139,0.103,1.173,7.0925,0.363,306.412,0.926,1.7075,5.979,2.2495000000000003,306.69,1.809,1.847,6.105,0.274,306.543,0.102,1.31,7.129,-1.339,306.33,0.1,0.6925,8.251999999999999,-0.444,306.404,0.551,0.4305,7.541,1.7195,306.584,0.92,0.616,6.468,2.3005,306.553,1.442,1.0505,6.6995,-0.763,306.363,0.1,1.405,7.261,-1.3319999999999999,306.367,0.1,1.363,7.4115,-0.841,306.252,0.101,1.1555,6.8425,-0.7745,306.27,0.101,0.9390000000000001,6.2265,-1.035,306.356,0.265,0.5035000000000001,5.9925,-0.2505,306.285,0.146,
1.8399999999999999,6.1775,-1.1345,306.521,0.1,1.532,6.994999999999999,-0.6865,306.359,0.1,1.223,7.1365,-1.7650000000000001,306.228,0.1,1.2775,6.875500000000001,0.0125,306.364,0.865,1.6680000000000001,5.902,2.4924999999999997,306.63,1.22,1.573,6.2940000000000005,-0.4905,306.482,0.1,1.081,7.342499999999999,-1.7265,306.269,0.1,0.7645,8.111,-1.3704999999999998,306.245,0.411,0.458,7.3255,0.28300000000000003,306.353,0.564,0.27249999999999996,6.2355,2.4379999999999997,306.611,1.318,0.6045,6.602,1.2215,306.318,1.493,1.2610000000000001,6.6915,-1.0305,306.377,0.1,1.6175000000000002,6.8525,-1.051,306.413,0.1,1.4595,6.5525,-1.3319999999999999,306.5,0.1,1.1495,6.6145,-0.8005,306.434,0.1,0.8679999999999999,6.5845,1.2469999999999999,306.434,1.548,
1.7235,5.872,-1.5605,306.634,0.1,1.5859999999999999,6.6274999999999995,-1.1135000000000002,306.531,0.1,1.3145,6.772,-2.257,306.537,0.1,1.202,6.7010000000000005,0.755,306.452,0.865,1.1205,6.247,2.3215000000000003,306.617,1.032,0.539,6.8294999999999995,-1.1265,306.463,0.1,0.219,7.3175,-1.5274999999999999,306.247,0.1,0.6915,7.349,-1.0965,306.113,1.037,0.9675,6.4815000000000005,-0.713,306.129,0.914,0.639,5.930999999999999,0.7484999999999999,306.418,0.813,0.5785,6.428,2.4285,306.552,1.758,1.0939999999999999,6.481,0.38249999999999995,306.292,0.964,1.5585,6.385,-1.239,306.507,0.1,1.542,6.281000000000001,-1.8315000000000001,306.598,0.1,1.3639999999999999,6.8105,0.1,306.508,0.139,1.284,6.413,2.324,306.7,2.039,
1.5630000000000002,5.77,-1.1655,306.631,0.1,1.5495,6.26,-0.6725000000000001,306.629,0.1,1.431,6.514,-0.946,306.627,0.1,1.144,7.1045,1.533,306.607,0.881,0.6675,7.084,1.4245,306.614,0.775,-0.10750000000000001,7.5075,-1.3929999999999998,306.512,0.1,-0.32,7.227,-1.303,306.294,0.1,0.5425,6.865,0.501,306.334,1.48,1.3955,6.0120000000000005,0.1535,306.335,1.379,1.325,5.8245000000000005,-0.859,306.251,0.627,1.0299999999999998,6.25,1.674,306.623,1.437,1.2679999999999998,6.491,1.9874999999999998,306.451,1.6,1.5865,6.154,-0.796,306.518,0.107,1.523,6.269,-2.1695,306.524,0.1,1.3889999999999998,6.7355,0.6214999999999999,306.573,0.7,1.4375,5.9485,2.576,306.746,2.133,
0.937,6.0445,0.21600000000000003,306.689,1.484,1.1895,6.349,0.254,306.648,0.96,1.5594999999999999,6.562,1.199,306.669,1.469,1.5445,7.4045000000000005,1.1749999999999998,306.648,0.744,1.0915,7.632,-0.0275,306.499,0.38,0.4585,7.872,-1.361,306.583,0.1,0.11699999999999999,7.1985,-1.425,306.452,0.1,0.6705,6.603,1.26,306.664,1.106,1.7850000000000001,5.9719999999999995,1.5345,306.736,1.47,2.1814999999999998,5.933,-1.2719999999999998,306.337,0.313,1.7639999999999998,6.2885,0.247,306.52,1.003,1.587,6.422499999999999,2.6285,306.662,2.211,1.7175,6.015,-0.0965,306.55,0.481,1.5795,6.421,-2.2270000000000003,306.428,0.1,1.325,6.66,0.1885,306.535,0.43,1.4765,5.7989999999999995,2.511,306.681,1.866,
0.404,6.291,1.3119999999999998,306.789,1.851,0.7155,6.6485,0.236,306.602,0.98,1.3045,6.599500000000001,1.3105,306.652,1.215,1.8265,6.990500000000001,0.6545000000000001,306.502,0.789,1.8485,7.2455,-0.9339999999999999,306.318,0.506,1.5145,7.532500000000001,-1.2065000000000001,306.489,0.1,1.0514999999999999,7.128500000000001,-1.4874999999999998,306.607,0.1,1.185,6.4555,0.40249999999999997,306.688,0.388,1.988,6.0785,1.413,306.834,1.061,2.2675,6.1655,-1.165,306.542,0.107,1.7875,6.5085,-0.8225,306.452,0.796,1.5785,6.345,2.3905000000000003,306.722,1.904,1.8195000000000001,6.01,0.517,306.609,0.674,1.758,6.523,-1.9655,306.438,0.1,1.353,6.653,-0.825,306.443,0.131,1.3599999999999999,5.9765,2.2375,306.622,1.259,
0.42,6.309,1.8125,306.794,2.09,0.412,6.734,-0.1965,306.492,0.677,0.591,6.654,-0.16299999999999998,306.47,0.426,1.3559999999999999,6.4465,0.48350000000000004,306.43,0.794,1.919,6.478,-0.1815,306.239,0.816,1.9905,6.7620000000000005,-0.738,306.287,0.1,1.742,6.9535,-1.1320000000000001,306.555,0.1,1.683,6.6875,-0.6865,306.63,0.106,1.749,6.5335,0.21050000000000002,306.725,0.372,1.385,6.4879999999999995,-1.3255,306.678,0.1,1.0230000000000001,6.6240000000000006,-1.3135,306.445,0.752,1.3475000000000001,6.288,2.1195,306.704,1.199,1.9505000000000001,6.322,1.036,306.69,0.545,2.0795000000000003,6.534,-1.4815,306.542,0.1,1.7575,6.535,-1.7075,306.388,0.1,1.4224999999999999,6.281,1.7195,306.567,0.724,
0.835,6.4645,2.0860000000000003,306.794,1.943,0.802,6.731,0.0635,306.525,0.703,0.42900000000000005,6.833500000000001,-1.187,306.397,0.154,0.7775000000000001,6.3004999999999995,-0.1965,306.503,0.237,1.5590000000000002,6.263,1.1105,306.435,0.944,1.935,6.3315,-0.137,306.289,0.273,1.8955000000000002,6.7780000000000005,-0.9345,306.563,0.1,1.7035,6.9825,-1.213,306.715,0.1,1.3119999999999998,7.1505,-0.7455,306.717,0.122,0.9215,6.656499999999999,-1.5434999999999999,306.704,0.1,0.9865,6.3355,-0.685,306.46,0.877,1.549,6.2330000000000005,2.4204999999999997,306.709,0.947,2.167,6.698,1.1235,306.654,0.177,2.3175,6.382,-1.1555,306.601,0.1,1.959,6.375,-2.2005,306.472,0.1,1.5005,6.727499999999999,0.9535,306.549,0.433,
1.0485,6.817,1.9385,306.779,1.1,1.4035,6.8925,0.7370000000000001,306.606,0.718,1.144,6.9094999999999995,-1.3980000000000001,306.523,0.196,1.018,6.247999999999999,-0.9345,306.554,0.1,1.568,6.4985,0.9195,306.613,0.167,1.9465,6.6075,0.078,306.385,0.64,1.7625000000000002,6.841,-1.2415,306.741,0.1,1.4,7.0175,-1.3325,306.904,0.1,1.2005,7.369,-1.0425,306.843,0.1,1.413,6.4825,-1.3435000000000001,306.582,0.1,1.7595,5.824,0.7765,306.501,1.166,1.9180000000000001,6.229,2.8120000000000003,306.764,1.098,2.099,6.6925,0.582,306.569,0.101,1.913,6.135999999999999,-1.267,306.671,0.1,1.216,6.37,-2.4675000000000002,306.641,0.1,1.0895,7.1905,0.3255,306.536,0.316,
0.8839999999999999,6.974,1.3825,306.713,0.194,1.5945,7.037,1.5659999999999998,306.64,1.275,1.8975,6.629,-1.0594999999999999,306.573,0.222,1.729,5.9265,-1.428,306.639,0.1,1.8775,6.449999999999999,-0.5345,306.656,0.1,2.112,7.1045,-0.009000000000000001,306.516,0.584,1.8605,7.2335,-0.5754999999999999,306.701,0.1,1.4700000000000002,7.2175,-0.718,306.845,0.1,1.5205000000000002,7.26,-0.7905,306.865,0.1,1.9060000000000001,6.314,-0.9245,306.475,0.127,1.982,5.5785,1.5645,306.62,1.382,1.6724999999999999,6.1925,2.5645,306.77,1.243,1.4625,6.449,-0.2615,306.637,0.1,0.9865,6.1594999999999995,-1.418,306.778,0.1,0.2615,6.33,-1.922,306.654,0.1,0.5085000000000001,7.333,0.7955000000000001,306.526,0.123,
0.9145,6.798,0.7190000000000001,306.669,0.2,1.4505,7.0344999999999995,2.3935,306.767,1.536,1.9365,6.224,0.2145,306.585,0.783,1.932,5.577500000000001,-1.3115,306.716,0.1,1.9304999999999999,5.9735,-1.8780000000000001,306.749,0.1,2.138,7.0809999999999995,-0.093,306.626,0.274,2.0755,7.5415,1.5474999999999999,306.715,1.508,1.748,7.7785,0.686,306.718,0.95,1.7730000000000001,7.356,-0.4235,306.71,0.12,1.8535,6.4695,-0.9205,306.401,0.187,1.542,5.7575,1.237,306.608,1.211,1.2245,6.2235,1.7235,306.746,1.011,0.9575,6.462,-1.0339999999999998,306.783,0.1,0.587,6.5445,-1.029,306.793,0.1,0.3385,6.0875,-0.051500000000000004,306.605,0.125,0.537,7.173,1.917,306.636,0.805,
1.3305,6.5695,0.013,306.686,0.1,1.146,7.059,2.3055,306.874,1.401,1.2690000000000001,6.3075,1.6745,306.77,1.334,1.438,5.6455,0.45,306.808,1.275,1.633,5.6035,-1.6084999999999998,306.72,0.1,1.8455,6.635,-0.28900000000000003,306.636,0.293,1.7715,7.406499999999999,2.6915,306.977,1.064,1.564,7.986000000000001,1.831,306.836,1.401,1.5979999999999999,7.5395,-0.40349999999999997,306.609,0.368,1.4255,6.7115,-1.2494999999999998,306.365,0.109,1.032,6.2115,0.45999999999999996,306.514,0.579,1.083,6.640000000000001,0.6505,306.72,0.528,1.149,6.602,-1.5255,306.755,0.1,0.927,6.9175,-0.245,306.755,0.106,0.8115,5.8735,1.6935,306.703,1.334,0.7285,6.782500000000001,1.9695,306.748,0.674,
1.686,6.491,-0.6795,306.667,0.1,1.1400000000000001,7.102,1.1315,306.777,0.446,0.772,6.543,1.617,306.899,1.3,0.872,5.819,2.1719999999999997,307.028,1.684,1.3695,5.533,0.516,306.765,1.525,1.4369999999999998,6.401,-0.657,306.612,0.398,1.087,7.226,1.5625,306.935,0.125,1.1545,7.87,1.9005,306.876,1.387,1.2755,7.567,-0.34450000000000003,306.588,0.215,0.9415,6.796,-1.4609999999999999,306.559,0.1,0.6945,6.483,-0.5605,306.584,0.105,1.0605,6.974,-0.398,306.754,0.137,1.4689999999999999,6.622,-1.6235,306.714,0.1,1.3664999999999998,7.037,0.3125,306.765,0.846,1.126,5.817,2.0235,306.792,1.823,0.9525,6.508,0.8555,306.683,0.291,
0.49850000000000005,7.048,-1.2965,306.208,0.1,0.14800000000000002,5.9735,0.5615,306.326,0.12,0.297,5.088,1.365,306.372,1.353,0.3835,5.2415,-0.348,306.382,0.679,0.1325,5.8759999999999994,-1.44,306.372,0.1,0.298,6.279,-0.0945,306.11,0.108,0.879,5.785,-0.279,306.206,1.028,1.256,6.418,2.189,306.469,1.696,1.1885,6.4595,-0.3105,306.285,0.447,0.69,6.691,-1.7294999999999998,306.544,0.1,0.33599999999999997,7.1725,-0.14950000000000002,306.406,0.275,0.4365,7.3655,1.718,306.516,1.043,0.538,8.0045,0.001,306.338,0.366,0.7055,7.1884999999999994,-0.22449999999999998,306.107,0.924,1.256,6.17,1.47,306.313,1.555,1.4795,5.364,-0.0785,306.221,0.1,
1.4449999999999998,7.0195,-1.25,306.243,0.1,0.7024999999999999,6.406000000000001,-0.6865,306.284,0.1,0.5025,6.015499999999999,0.7464999999999999,306.382,0.97,0.771,5.7555,0.9975,306.469,1.663,0.7795000000000001,5.704000000000001,-0.5045,306.444,0.723,0.7185,6.091,0.659,306.367,0.48,1.0265,6.2125,0.211,306.387,0.825,1.373,6.731,1.9885000000000002,306.566,1.68,1.3860000000000001,6.423500000000001,0.438,306.321,0.999,0.9745,6.422499999999999,-1.774,306.449,0.1,0.62,7.0705,-0.786,306.394,0.138,0.5445,7.7155000000000005,0.734,306.441,0.429,0.4275,8.0675,-0.6715,306.178,0.11,0.631,7.066,0.1,306.151,0.596,1.162,5.986,0.7955,306.344,1.215,1.0405,5.0065,-0.5349999999999999,306.277,0.1,
1.9455,6.814500000000001,-0.883,306.321,0.101,1.226,6.7170000000000005,-0.9385,306.327,0.1,0.7589999999999999,6.709,-0.394,306.264,0.392,0.9535,6.6355,1.1395,306.509,1.639,1.3245,5.9025,1.1865,306.618,2.004,1.3005,6.078,0.8220000000000001,306.521,0.179,1.046,6.748,-0.4045,306.409,0.177,0.9675,7.513999999999999,0.8115,306.54,1.085,1.116,6.913,1.7095,306.501,1.251,1.1815,6.3919999999999995,0.0345,306.38,1.05,1.1509999999999998,6.787,-1.382,306.441,0.1,1.0225,7.6985,-0.628,306.361,0.106,0.722,7.8255,-0.863,306.165,0.1,0.766,7.0145,-0.1865,306.157,0.217,0.9784999999999999,5.8934999999999995,-0.3185,306.335,0.654,0.621,5.028499999999999,-0.8734999999999999,306.344,0.1,
1.968,6.547000000000001,-0.8049999999999999,306.426,0.1,1.384,7.0105,-0.601,306.329,0.1,0.8865,7.098,-1.0855000000000001,306.133,0.102,1.026,7.047499999999999,0.385,306.413,0.883,1.6945000000000001,5.992,2.169,306.674,1.757,1.843,6.1195,0.28800000000000003,306.533,0.102,1.2435,7.183,-1.296,306.328,0.1,0.659,8.2865,-0.46699999999999997,306.398,0.538,0.5345,7.6165,1.732,306.573,0.821,0.817,6.448,2.3125,306.542,1.401,1.2294999999999998,6.529,-0.7835000000000001,306.389,0.1,1.4825,7.1635,-1.35,306.398,0.1,1.3679999999999999,7.3919999999999995,-0.7969999999999999,306.288,0.1,1.119,6.85,-0.7315,306.303,0.1,0.85,6.0009999999999994,-1.051,306.396,0.192,0.4635,5.6965,-0.30700000000000005,306.335,0.124,
1.7655,6.2485,-1.0715,306.583,0.1,1.3375,7.0105,-0.6735,306.378,0.1,0.9395,7.0975,-1.7005,306.241,0.1,1.0739999999999998,6.822,0.0695,306.381,0.824,1.649,5.9425,2.4335,306.618,1.177,1.556,6.3485,-0.4615,306.48,0.1,0.949,7.395,-1.669,306.284,0.1,0.627,8.163499999999999,-1.3555000000000001,306.243,0.394,0.4395,7.515,0.359,306.367,0.37,0.4185,6.301500000000001,2.529,306.599,1.279,0.8235,6.457,1.2200000000000002,306.326,1.444,1.4115,6.496499999999999,-1.0695000000000001,306.414,0.1,1.642,6.8004999999999995,-1.043,306.469,0.1,1.3490000000000002,6.5055,-1.2774999999999999,306.54,0.1,0.9650000000000001,6.371499999999999,-0.8015000000000001,306.466,0.1,0.7585,6.362,1.2205,306.446,1.469,
1.7095,5.877,-1.4889999999999999,306.679,0.1,1.476,6.535,-1.092,306.569,0.1,1.0925,6.712,-2.1845,306.57,0.1,1.03,6.655,0.773,306.468,0.816,1.1360000000000001,6.311,2.2485,306.606,0.964,0.578,6.8985,-1.0835,306.484,0.1,0.1165,7.3255,-1.472,306.278,0.1,0.47400000000000003,7.3605,-1.1355,306.122,0.983,0.7735000000000001,6.6475,-0.7124999999999999,306.15,0.861,0.62,6.0525,0.8275,306.414,0.757,0.731,6.3945,2.495,306.535,1.707,1.2485,6.2545,0.313,306.318,0.877,1.5354999999999999,6.2955000000000005,-1.255,306.56,0.1,1.333,6.227,-1.81,306.626,0.1,1.1415,6.6465,0.138,306.524,0.466,1.1795,6.337,2.3455,306.683,1.991,
1.5979999999999999,5.6935,-1.1640000000000001,306.651,0.1,1.5055,6.0945,-0.675,306.657,0.1,1.3094999999999999,6.414,-0.982,306.66,0.1,1.0955,7.0595,1.512,306.608,0.829,0.76,7.167,1.358,306.602,0.68,-0.04200000000000001,7.5615000000000006,-1.3584999999999998,306.546,0.1,-0.37,7.2005,-1.262,306.324,0.1,0.4,6.823,0.4385,306.329,1.387,1.1775,6.0585,0.0325,306.322,1.305,1.166,5.9405,-0.865,306.237,0.574,1.0619999999999998,6.297499999999999,1.7654999999999998,306.607,1.416,1.3895,6.3495,1.9575,306.44,1.54,1.5505,6.066000000000001,-0.8140000000000001,306.542,0.103,1.278,6.247999999999999,-2.1845,306.545,0.1,1.1635,6.654,0.6885,306.579,0.683,1.3780000000000001,5.9655000000000005,2.577,306.72,2.118,
0.9954999999999999,5.952999999999999,0.1255,306.687,1.426,1.17,6.224,0.24,306.648,0.912,1.526,6.473,1.0979999999999999,306.667,1.387,1.596,7.383,1.1804999999999999,306.643,0.713,1.202,7.717499999999999,-0.0225,306.491,0.332,0.4645,7.889,-1.3125,306.607,0.1,0.017,7.186999999999999,-1.3805,306.487,0.1,0.58,6.619999999999999,1.275,306.653,1.02,1.6340000000000001,6.022,1.396,306.716,1.338,1.952,6.015000000000001,-1.3135,306.322,0.266,1.657,6.316,0.3185,306.51,0.952,1.6435,6.38,2.654,306.635,2.176,1.6920000000000002,5.976,-0.1295,306.556,0.443,1.3375,6.4335,-2.2385,306.447,0.1,1.1025,6.640000000000001,0.2495,306.538,0.416,1.4674999999999998,5.853,2.495,306.659,1.851,
0.46199999999999997,6.262499999999999,1.1965,306.776,1.816,0.735,6.631,0.27349999999999997,306.591,0.93,1.3435000000000001,6.6075,1.2570000000000001,306.633,1.098,1.9205,7.0235,0.6515,306.492,0.732,1.935,7.294499999999999,-0.8734999999999999,306.322,0.419,1.46,7.500500000000001,-1.1305,306.517,0.1,0.875,7.1465,-1.4325,306.671,0.1,1.058,6.5809999999999995,0.4195,306.695,0.336,1.8605,6.2219999999999995,1.304,306.82,0.941,1.9929999999999999,6.223,-1.1604999999999999,306.552,0.104,1.568,6.471,-0.79,306.458,0.752,1.593,6.3245000000000005,2.4055,306.698,1.878,1.81,6.0105,0.4185,306.611,0.632,1.5205000000000002,6.5455000000000005,-1.9525000000000001,306.452,0.1,1.1285,6.6665,-0.7935000000000001,306.451,0.136,1.3815,6.039,2.263,306.606,1.244,
0.5015,6.3335,1.706,306.778,2.081,0.5065,6.776,-0.14400000000000002,306.487,0.63,0.666,6.7275,-0.14100000000000001,306.46,0.346,1.431,6.504,0.438,306.415,0.702,1.9825000000000002,6.4735,-0.1945,306.243,0.741,1.9825000000000002,6.7035,-0.6845,306.312,0.1,1.6600000000000001,6.9775,-1.0939999999999999,306.626,0.1,1.597,6.818,-0.709,306.669,0.103,1.6255,6.6615,0.1315,306.723,0.281,1.1244999999999998,6.496499999999999,-1.2835,306.72,0.1,0.7869999999999999,6.561,-1.3145,306.446,0.714,1.3185,6.27,2.1055,306.69,1.179,1.9220000000000002,6.3245000000000005,0.8935,306.694,0.47,1.8565,6.5405,-1.456,306.554,0.1,1.501,6.5465,-1.6844999999999999,306.382,0.108,1.37,6.326499999999999,1.7785000000000002,306.557,0.707,
0.928,6.495,1.9995,306.777,1.926,0.9420000000000001,6.76,0.024999999999999998,306.525,0.645,0.519,6.8665,-1.1265,306.396,0.135,0.8395,6.3355,-0.213,306.49,0.196,1.6429999999999998,6.245,0.9975,306.43,0.838,2.045,6.2965,-0.16299999999999998,306.302,0.197,1.9615,6.7925,-0.903,306.604,0.1,1.686,7.0245,-1.2029999999999998,306.765,0.1,1.202,7.161,-0.7705,306.751,0.112,0.681,6.6080000000000005,-1.5205,306.759,0.1,0.734,6.282500000000001,-0.6890000000000001,306.466,0.84,1.479,6.231,2.428,306.704,0.902,2.188,6.693,1.0335,306.652,0.159,2.1985,6.3685,-1.126,306.615,0.1,1.7149999999999999,6.346,-2.133,306.483,0.1,1.4,6.7425,0.964,306.547,0.414,
1.1695,6.84,1.908,306.77,1.072,1.611,6.8995,0.605,306.615,0.625,1.2635,6.840999999999999,-1.3595000000000002,306.544,0.154,1.1135,6.233,-0.8875,306.57,0.1,1.7125,6.4745,0.8455,306.602,0.153,2.1115,6.5885,-0.030500000000000003,306.426,0.408,1.85,6.823,-1.2205,306.801,0.1,1.3585,6.964499999999999,-1.291,306.965,0.1,1.045,7.3025,-1.0194999999999999,306.883,0.1,1.177,6.431,-1.366,306.596,0.1,1.549,5.782,0.788,306.511,1.127,1.88,6.2364999999999995,2.8655,306.753,1.037,2.197,6.69,0.5834999999999999,306.561,0.101,1.9435,6.101,-1.2469999999999999,306.687,0.1,1.151,6.2835,-2.3525,306.685,0.1,1.1260000000000001,7.177,0.28200000000000003,306.535,0.224,
0.8955,7.0024999999999995,1.4344999999999999,306.719,0.161,1.7369999999999999,7.0385,1.4455,306.638,1.211,2.014,6.4715,-1.036,306.599,0.169,1.8519999999999999,5.8385,-1.362,306.67,0.1,2.0315,6.407,-0.502,306.673,0.1,2.2225,7.068,-0.09949999999999999,306.569,0.437,1.8755000000000002,7.1765,-0.5945,306.779,0.1,1.4005,7.1015,-0.7104999999999999,306.933,0.1,1.3765,7.1785,-0.7895000000000001,306.915,0.1,1.7265000000000001,6.2775,-0.9855,306.455,0.128,1.8599999999999999,5.5575,1.6030000000000002,306.609,1.32,1.6965,6.212,2.6205,306.752,1.161,1.5795,6.4605,-0.235,306.639,0.1,1.042,6.105,-1.4175,306.799,0.1,0.267,6.2165,-1.8304999999999998,306.695,0.1,0.5945,7.297499999999999,0.7845,306.53,0.112,
0.801,6.8425,0.8069999999999999,306.685,0.156,1.5155,7.0395,2.365,306.755,1.482,2.065,6.0485,0.209,306.597,0.801,2.035,5.432,-1.296,306.742,0.1,1.991,5.9254999999999995,-1.826,306.791,0.1,2.1555,7.038,-0.0965,306.653,0.226,2.0789999999999997,7.4945,1.5539999999999998,306.731,1.379,1.7694999999999999,7.6655,0.684,306.754,0.588,1.7495,7.2395,-0.47850000000000004,306.782,0.109,1.7545000000000002,6.404,-0.971,306.401,0.148,1.475,5.77,1.2925,306.59,1.128,1.246,6.3,1.6975,306.73,0.888,0.9665,6.474,-1.0594999999999999,306.792,0.1,0.5025,6.473,-1.0245,306.803,0.1,0.229,5.99,-0.024,306.62,0.112,0.511,7.1475,1.9605000000000001,306.634,0.718,
1.161,6.625,0.0635,306.698,0.1,1.1575,7.0825,2.3575,306.859,1.333,1.404,6.199,1.631,306.76,1.282,1.5459999999999998,5.516,0.427,306.822,1.214,1.6385,5.5365,-1.656,306.752,0.1,1.805,6.584,-0.2705,306.643,0.209,1.7894999999999999,7.4045000000000005,2.79,306.969,0.909,1.6575,7.9455,1.8545,306.827,1.304,1.662,7.3875,-0.4345,306.677,0.258,1.397,6.6135,-1.2429999999999999,306.398,0.105,0.988,6.2535,0.4885,306.503,0.481,1.0245,6.763999999999999,0.5415,306.703,0.397,1.0005,6.566,-1.578,306.757,0.1,0.744,6.8025,-0.21050000000000002,306.752,0.339,0.7065,5.818,1.7025000000000001,306.691,1.281,0.7215,6.8085,2.0484999999999998,306.739,0.576,
1.423,6.55,-0.671,306.67,0.1,0.998,7.14,1.208,306.77,0.404,0.8115,6.487,1.6135000000000002,306.883,1.22,0.9650000000000001,5.721,2.207,307.02,1.634,1.387,5.446,0.40800000000000003,306.763,1.452,1.408,6.338,-0.647,306.606,0.356,1.12,7.246,1.7109999999999999,306.93,0.116,1.242,7.878,1.915,306.859,1.283,1.3250000000000002,7.412,-0.3505,306.64,0.164,0.923,6.693,-1.407,306.602,0.1,0.64,6.537,-0.5575000000000001,306.589,0.103,0.932,7.1,-0.48,306.774,0.121,1.248,6.548,-1.6219999999999999,306.71,0.1,1.1965,6.89,0.357,306.752,0.788,1.13,5.787,2.0115,306.768,1.765,1.0614999999999999,6.567,0.9465,306.67,0.253,
0.4485,7.0655,-1.2475,306.219,0.1,0.187,5.981,0.589,306.318,0.108,0.434,5.0009999999999994,1.2715,306.353,1.289,0.47,5.1305,-0.40800000000000003,306.392,0.246,0.141,5.8495,-1.3595,306.4,0.1,0.268,6.2315000000000005,-0.064,306.106,0.102,0.7895000000000001,5.7135,-0.381,306.208,0.919,1.2285,6.375,2.1745,306.45,1.652,1.224,6.3775,-0.317,306.284,0.482,0.6094999999999999,6.672499999999999,-1.626,306.566,0.1,0.1925,7.1615,-0.1125,306.396,0.22,0.36850000000000005,7.4065,1.6600000000000001,306.498,0.922,0.489,8.0195,-0.013499999999999998,306.326,0.285,0.6535,7.1419999999999995,-0.196,306.096,0.848,1.291,6.214499999999999,1.401,306.294,1.478,1.606,5.4645,-0.052000000000000005,306.214,0.1,
1.329,7.038,-1.206,306.27,0.1,0.606,6.3955,-0.6174999999999999,306.298,0.1,0.5295,5.9885,0.7005,306.37,0.913,0.827,5.662,0.8725,306.454,1.591,0.7575000000000001,5.6594999999999995,-0.55,306.456,0.26,0.6605,6.038,0.7005,306.362,0.405,0.9870000000000001,6.163,0.1325,306.377,0.687,1.4055,6.711,1.9595,306.545,1.621,1.452,6.354,0.38949999999999996,306.316,0.95,0.9435,6.3415,-1.7229999999999999,306.471,0.1,0.536,7.0465,-0.7464999999999999,306.383,0.12,0.5165,7.8004999999999995,0.696,306.431,0.312,0.40449999999999997,8.085999999999999,-0.6094999999999999,306.181,0.102,0.5975,7.063,0.1,306.141,0.511,1.181,6.0325,0.7235,306.326,1.112,1.1055,5.0275,-0.46699999999999997,306.286,0.1,
1.781,6.862,-0.855,306.36,0.1,0.986,6.731,-0.881,306.34,0.1,0.615,6.7105,-0.405,306.252,0.345,0.9265,6.586499999999999,1.0715,306.492,1.576,1.313,5.8759999999999994,1.0625,306.606,1.926,1.2799999999999998,6.0465,0.84,306.509,0.167,1.044,6.7575,-0.4,306.402,0.15,1.029,7.525499999999999,0.7635000000000001,306.524,0.997,1.2525,6.8870000000000005,1.6255000000000002,306.485,1.184,1.2970000000000002,6.3025,-0.004,306.39,0.973,1.1955,6.6845,-1.3599999999999999,306.454,0.1,1.0185,7.7165,-0.6395,306.369,0.101,0.6885,7.8294999999999995,-0.7815,306.184,0.1,0.7375,7.052,-0.1805,306.156,0.16,0.9604999999999999,5.813,-0.3385,306.327,0.475,0.6255,4.853,-0.8494999999999999,306.389,0.1,
1.8264999999999998,6.627000000000001,-0.759,306.484,0.1,1.119,7.061999999999999,-0.5760000000000001,306.336,0.1,0.62,7.083,-1.0670000000000002,306.126,0.101,0.8805,7.0005,0.3995,306.415,0.84,1.6814999999999998,6.0045,2.0645,306.658,1.704,1.8384999999999998,6.1335,0.3015,306.523,0.102,1.177,7.237,-1.24,306.327,0.1,0.625,8.3195,-0.4945,306.391,0.525,0.638,7.69,1.721,306.562,0.721,1.0175,6.4275,2.3005,306.531,1.359,1.408,6.358499999999999,-0.802,306.415,0.1,1.56,7.067,-1.35,306.43,0.1,1.3725,7.3725000000000005,-0.7424999999999999,306.325,0.1,1.0825,6.8580000000000005,-0.6795,306.336,0.1,0.762,5.7745,-1.0455,306.436,0.121,0.4245,5.3995,-0.36850000000000005,306.385,0.105,
1.6909999999999998,6.3195,-0.9955,306.645,0.1,1.1425,7.0255,-0.649,306.397,0.1,0.6555,7.0585,-1.6219999999999999,306.255,0.1,0.871,6.7684999999999995,0.1235,306.398,0.783,1.63,5.9835,2.343,306.605,1.135,1.538,6.4025,-0.4295,306.479,0.1,0.8165,7.4475,-1.5935,306.298,0.1,0.49050000000000005,8.2155,-1.336,306.241,0.378,0.42200000000000004,7.705,0.42400000000000004,306.38,0.172,0.5645,6.3685,2.5955,306.586,1.24,1.0425,6.311999999999999,1.199,306.333,1.395,1.5615,6.3025,-1.096,306.45,0.1,1.666,6.7485,-1.017,306.525,0.1,1.2389999999999999,6.4585,-1.204,306.581,0.1,0.781,6.1274999999999995,-0.802,306.498,0.1,0.649,6.138,1.1684999999999999,306.457,1.389,
1.6960000000000002,5.8825,-1.403,306.725,0.1,1.366,6.442,-1.0579999999999998,306.607,0.1,0.8699999999999999,6.6530000000000005,-2.0949999999999998,306.604,0.1,0.8585,6.609999999999999,0.7855000000000001,306.483,0.766,1.1515,6.3759999999999994,2.146,306.595,0.897,0.616,6.9670000000000005,-1.0335,306.505,0.1,0.012500000000000004,7.334,-1.3984999999999999,306.309,0.1,0.254,7.372,-1.1604999999999999,306.131,0.916,0.5780000000000001,6.8165,-0.6965,306.172,0.808,0.601,6.1765,0.8935,306.41,0.702,0.8835,6.361,2.532,306.518,1.656,1.4035,6.029,0.234,306.344,0.79,1.5135,6.2059999999999995,-1.2494999999999998,306.612,0.1,1.125,6.173500000000001,-1.7665,306.654,0.1,0.9195,6.4815000000000005,0.1635,306.54,0.795,1.0755,6.2605,2.3369999999999997,306.665,1.943,
1.633,5.618,-1.1475,306.672,0.1,1.4609999999999999,5.929,-0.6745000000000001,306.684,0.1,1.188,6.316,-1.004,306.693,0.1,1.0474999999999999,7.015499999999999,1.48,306.61,0.777,0.852,7.249499999999999,1.2745000000000002,306.589,0.585,0.023499999999999965,7.6145,-1.31,306.581,0.1,-0.41900000000000004,7.175000000000001,-1.205,306.355,0.1,0.256,6.779999999999999,0.3715,306.324,1.294,0.9565,6.106,-0.07050000000000001,306.31,1.231,1.005,6.0585,-0.8614999999999999,306.222,0.521,1.0925,6.3454999999999995,1.838,306.592,1.396,1.5110000000000001,6.2085,1.8955,306.429,1.479,1.5150000000000001,5.9785,-0.821,306.566,0.101,1.033,6.2275,-2.1740000000000004,306.565,0.1,0.9385,6.572,0.745,306.586,0.666,1.3195000000000001,5.9825,2.5460000000000003,306.694,2.102,
1.0535,5.862500000000001,0.039,306.685,1.368,1.151,6.0995,0.2195,306.647,0.864,1.4914999999999998,6.3845,0.994,306.665,1.305,1.646,7.362,1.1735,306.639,0.682,1.312,7.803,-0.0215,306.482,0.285,0.47050000000000003,7.906000000000001,-1.248,306.632,0.1,-0.08099999999999999,7.176500000000001,-1.3205,306.523,0.1,0.491,6.6375,1.2665,306.643,0.933,1.4805,6.071,1.2495,306.695,1.204,1.718,6.0975,-1.3315000000000001,306.307,0.22,1.5474999999999999,6.3445,0.38849999999999996,306.5,0.901,1.7,6.337,2.645,306.609,2.14,1.667,5.939,-0.1585,306.562,0.405,1.0965,6.446,-2.221,306.466,0.1,0.8805,6.6195,0.3075,306.542,0.401,1.4585,5.907,2.443,306.636,1.835,
0.519,6.234500000000001,1.072,306.763,1.78,0.7535000000000001,6.6135,0.304,306.58,0.88,1.381,6.615,1.197,306.614,0.981,2.013,7.057,0.641,306.482,0.675,2.0205,7.3445,-0.808,306.327,0.331,1.4045,7.468999999999999,-1.0425,306.546,0.1,0.6995,7.1655,-1.3635000000000002,306.735,0.1,0.9329999999999999,6.708,0.423,306.702,0.284,1.7325,6.365,1.1835,306.806,0.821,1.717,6.281000000000001,-1.1320000000000001,306.563,0.101,1.3475000000000001,6.434,-0.749,306.463,0.709,1.607,6.3035,2.386,306.673,1.851,1.7999999999999998,6.013,0.3255,306.612,0.59,1.282,6.568,-1.9104999999999999,306.466,0.1,0.9039999999999999,6.6795,-0.758,306.46,0.141,1.404,6.1015,2.2575000000000003,306.59,1.229,
0.583,6.3580000000000005,1.5804999999999998,306.763,2.071,0.6,6.818,-0.089,306.481,0.582,0.74,6.8004999999999995,-0.1155,306.451,0.267,1.5034999999999998,6.561999999999999,0.393,306.401,0.609,2.0444999999999998,6.470000000000001,-0.20550000000000002,306.247,0.666,1.9739999999999998,6.6455,-0.631,306.338,0.1,1.5779999999999998,7.002,-1.0459999999999998,306.698,0.1,1.512,6.949,-0.722,306.708,0.101,1.5025,6.789,0.057499999999999996,306.721,0.19,0.8640000000000001,6.5055,-1.2195,306.762,0.1,0.552,6.498,-1.307,306.447,0.676,1.2905,6.252000000000001,2.0585,306.675,1.158,1.893,6.327999999999999,0.7515000000000001,306.698,0.395,1.633,6.5475,-1.4075000000000002,306.567,0.1,1.2445,6.558,-1.6455000000000002,306.375,0.116,1.3175,6.3725,1.8175,306.548,0.69,
1.0195,6.5255,1.88,306.761,1.909,1.08,6.789,-0.0055000000000000005,306.524,0.587,0.609,6.8995,-1.0554999999999999,306.394,0.118,0.901,6.371,-0.223,306.477,0.157,1.7254999999999998,6.227,0.876,306.425,0.733,2.154,6.263,-0.1935,306.314,0.123,2.027,6.807,-0.863,306.645,0.1,1.669,7.067,-1.174,306.815,0.1,1.0925,7.170999999999999,-0.783,306.785,0.103,0.4405,6.5595,-1.483,306.815,0.1,0.48300000000000004,6.23,-0.6895,306.472,0.802,1.4100000000000001,6.229,2.4065000000000003,306.699,0.857,2.2075,6.689,0.933,306.65,0.142,2.0785,6.356,-1.0835,306.629,0.1,1.471,6.317,-2.0395000000000003,306.494,0.1,1.299,6.7575,0.9584999999999999,306.545,0.394,
1.291,6.8629999999999995,1.8365,306.76,1.044,1.817,6.9055,0.47550000000000003,306.625,0.533,1.3824999999999998,6.773,-1.3090000000000002,306.564,0.112,1.209,6.218500000000001,-0.8315,306.586,0.1,1.856,6.45,0.7615000000000001,306.59,0.141,2.2765,6.5705,-0.135,306.467,0.175,1.9375,6.8045,-1.1875,306.861,0.1,1.317,6.912,-1.234,307.027,0.1,0.8895,7.236,-0.987,306.923,0.1,0.9400000000000001,6.3795,-1.384,306.61,0.1,1.338,5.741,0.797,306.522,1.087,1.842,6.2445,2.8975,306.743,0.977,2.2945,6.688,0.5734999999999999,306.553,0.1,1.974,6.0665,-1.217,306.703,0.1,1.087,6.1965,-2.215,306.729,0.1,1.163,7.163,0.222,306.535,0.131,
0.909,7.031000000000001,1.4535,306.726,0.128,1.8795000000000002,7.038,1.3155000000000001,306.635,1.146,2.1295,6.3134999999999994,-1.008,306.624,0.116,1.975,5.750500000000001,-1.284,306.702,0.1,2.185,6.3635,-0.473,306.69,0.1,2.3325,7.031000000000001,-0.185,306.623,0.291,1.8904999999999998,7.119,-0.606,306.857,0.1,1.331,6.986000000000001,-0.701,307.021,0.1,1.2325,7.0965,-0.78,306.965,0.1,1.547,6.2415,-1.0394999999999999,306.435,0.131,1.7374999999999998,5.537000000000001,1.6355,306.598,1.258,1.7205,6.232,2.6595,306.733,1.079,1.6965,6.4719999999999995,-0.21200000000000002,306.64,0.1,1.0975,6.0504999999999995,-1.4064999999999999,306.82,0.1,0.274,6.103,-1.729,306.737,0.1,0.6819999999999999,7.2625,0.7575000000000001,306.533,0.104,
0.6885,6.8870000000000005,0.8815,306.7,0.113,1.581,7.0435,2.3155,306.742,1.428,2.1929999999999996,5.873,0.196,306.61,0.813,2.1375,5.287,-1.274,306.768,0.1,2.0515,5.8775,-1.7650000000000001,306.833,0.1,2.173,6.994,-0.0975,306.681,0.178,2.082,7.447,1.553,306.747,1.249,1.791,7.5535,0.6685000000000001,306.79,0.222,1.7269999999999999,7.1225000000000005,-0.524,306.855,0.102,1.6555,6.3395,-1.0070000000000001,306.401,0.111,1.407,5.782500000000001,1.3425,306.573,1.045,1.2665,6.3765,1.6564999999999999,306.714,0.765,0.9755,6.486000000000001,-1.073,306.802,0.1,0.4185,6.4015,-1.0114999999999998,306.812,0.1,0.1205,5.894,-0.0005000000000000004,306.635,0.102,0.4865,7.122,1.9885000000000002,306.633,0.631,
0.992,6.681,0.119,306.711,0.1,1.169,7.105499999999999,2.387,306.845,1.263,1.5385,6.091,1.567,306.751,1.23,1.6545,5.3865,0.39549999999999996,306.837,1.151,1.6445,5.4705,-1.688,306.784,0.1,1.7645,6.532500000000001,-0.2455,306.649,0.126,1.808,7.4015,2.873,306.962,0.756,1.7525,7.904999999999999,1.8625,306.818,1.206,1.7269999999999999,7.235,-0.4625,306.746,0.146,1.3679999999999999,6.516,-1.2235,306.432,0.101,0.9435,6.2955000000000005,0.512,306.493,0.384,0.9655,6.887499999999999,0.432,306.685,0.266,0.8514999999999999,6.53,-1.6105,306.758,0.1,0.5605,6.686999999999999,-0.1735,306.748,0.574,0.6014999999999999,5.7635,1.693,306.68,1.227,0.7155,6.834,2.1135,306.731,0.48,
1.1605,6.61,-0.65,306.672,0.1,0.857,7.177,1.267,306.764,0.363,0.852,6.431,1.588,306.866,1.14,1.058,5.622,2.225,307.011,1.583,1.404,5.36,0.2975,306.761,1.378,1.379,6.275,-0.6325000000000001,306.6,0.315,1.1535,7.265,1.849,306.925,0.108,1.3305,7.885,1.919,306.843,1.177,1.375,7.256,-0.362,306.691,0.115,0.9045,6.59,-1.347,306.645,0.1,0.585,6.591,-0.554,306.594,0.101,0.8025,7.225,-0.5465,306.794,0.106,1.0255,6.474,-1.604,306.706,0.1,1.025,6.742,0.395,306.739,0.731,1.1345,5.757,1.9794999999999998,306.744,1.705,1.1715,6.626,1.0295,306.656,0.215,
0.4025,7.0615000000000006,-1.1844999999999999,306.23,0.1,0.2245,5.9785,0.612,306.316,0.104,0.5785,4.943,1.1484999999999999,306.337,1.218,0.5825,5.095000000000001,-0.4625,306.419,0.126,0.17600000000000002,5.840999999999999,-1.2530000000000001,306.443,0.1,0.2185,6.1425,-0.0465,306.116,0.1,0.67,5.648,-0.46099999999999997,306.222,0.656,1.198,6.338,2.137,306.432,1.595,1.2389999999999999,6.3185,-0.3285,306.29,0.489,0.5295,6.679,-1.4955,306.594,0.1,0.0925,7.1635,-0.0675,306.385,0.183,0.313,7.4365000000000006,1.5710000000000002,306.485,0.802,0.41900000000000004,8.019,-0.020499999999999997,306.312,0.23,0.5885,7.089,-0.16749999999999998,306.087,0.768,1.3105,6.2455,1.3135,306.279,1.387,1.71,5.566,-0.0335,306.201,0.1,
1.1905000000000001,7.049,-1.1404999999999998,306.306,0.1,0.5065,6.3795,-0.546,306.308,0.1,0.574,5.9625,0.6305000000000001,306.359,0.851,0.8855,5.6,0.7255,306.445,1.5,0.7415,5.636,-0.577,306.479,0.129,0.619,5.983499999999999,0.7335,306.359,0.347,0.9404999999999999,6.111000000000001,0.054,306.367,0.558,1.4165,6.694,1.9115,306.526,1.552,1.488,6.3,0.3295,306.31,0.894,0.898,6.286,-1.6524999999999999,306.504,0.1,0.466,7.0435,-0.6885,306.38,0.111,0.489,7.8735,0.647,306.423,0.243,0.377,8.0825,-0.5355,306.187,0.1,0.567,7.067,0.0895,306.132,0.428,1.1880000000000002,6.0745000000000005,0.6525,306.313,0.992,1.1635,5.124499999999999,-0.38849999999999996,306.29,0.1,
1.6135,6.9155,-0.8049999999999999,306.412,0.1,0.7865,6.7375,-0.8200000000000001,306.339,0.1,0.5255,6.7015,-0.4195,306.242,0.312,0.9145000000000001,6.5265,0.9795,306.478,1.501,1.2974999999999999,5.848000000000001,0.9295,306.599,1.834,1.262,6.0169999999999995,0.8525,306.499,0.161,1.034,6.759,-0.393,306.398,0.138,1.065,7.5305,0.706,306.514,0.906,1.3455,6.865,1.516,306.473,1.114,1.3725,6.2245,-0.052,306.406,0.697,1.2195,6.619999999999999,-1.3195000000000001,306.482,0.1,1.001,7.750500000000001,-0.634,306.383,0.1,0.6545,7.8325,-0.687,306.21,0.1,0.72,7.099,-0.181,306.175,0.131,0.953,5.771,-0.3305,306.343,0.333,0.629,4.787,-0.8075,306.445,0.1,
1.6735000000000002,6.7204999999999995,-0.6935,306.551,0.1,0.8995,7.101,-0.545,306.324,0.1,0.42000000000000004,7.0545,-1.034,306.117,0.101,0.7755,6.9265,0.404,306.413,0.801,1.6595,6.0,1.9289999999999998,306.645,1.633,1.8025,6.141,0.3145,306.511,0.101,1.099,7.272,-1.168,306.328,0.1,0.5885,8.3245,-0.528,306.386,0.51,0.7215,7.7355,1.678,306.553,0.63,1.1855,6.406499999999999,2.2565,306.522,1.312,1.5505,6.221,-0.8175,306.447,0.1,1.6135,7.008,-1.325,306.467,0.1,1.3820000000000001,7.3765,-0.6739999999999999,306.372,0.1,1.0795,6.875500000000001,-0.6154999999999999,306.387,0.1,0.726,5.593500000000001,-1.012,306.49,0.102,0.4135,5.1485,-0.4365,306.457,0.1,
1.5995,6.4125,-0.9025,306.716,0.1,0.9715,7.0385,-0.609,306.406,0.1,0.42100000000000004,7.0120000000000005,-1.526,306.266,0.1,0.7110000000000001,6.7035,0.1735,306.406,0.741,1.602,6.0120000000000005,2.2115,306.593,1.076,1.49,6.4544999999999995,-0.393,306.48,0.1,0.6755,7.4735,-1.4945,306.323,0.1,0.355,8.239,-1.3105,306.241,0.349,0.41200000000000003,7.859,0.474,306.395,0.113,0.7165,6.442,2.6285,306.572,1.183,1.257,6.1739999999999995,1.1520000000000001,306.338,1.332,1.7025000000000001,6.15,-1.1055000000000001,306.495,0.1,1.689,6.734,-0.9675,306.591,0.1,1.1475,6.4305,-1.1055,306.63,0.1,0.6365000000000001,5.890000000000001,-0.802,306.536,0.1,0.5835,5.904,1.083,306.477,1.289,
1.6735,5.915,-1.298,306.78,0.1,1.256,6.3665,-1.0074999999999998,306.646,0.1,0.675,6.601,-1.9829999999999999,306.639,0.1,0.722,6.574,0.791,306.492,0.717,1.1575,6.4254999999999995,2.005,306.585,0.811,0.619,7.042,-0.974,306.536,0.1,-0.127,7.3245000000000005,-1.3010000000000002,306.354,0.1,0.0,7.383,-1.166,306.159,0.663,0.366,6.989,-0.66,306.196,0.752,0.5865,6.3285,0.9425,306.41,0.65,1.0505,6.324,2.5295,306.501,1.601,1.5655000000000001,5.833,0.14250000000000002,306.382,0.568,1.484,6.151,-1.2149999999999999,306.672,0.1,0.9115,6.1455,-1.694,306.691,0.1,0.712,6.308,0.17149999999999999,306.553,0.855,0.994,6.1775,2.2875,306.65,1.883,
1.6480000000000001,5.5645,-1.1115,306.702,0.1,1.4135,5.79,-0.6705000000000001,306.714,0.1,1.0775,6.2435,-1.0074999999999998,306.724,0.1,0.9955,6.9864999999999995,1.4344999999999999,306.612,0.731,0.9125,7.3095,1.1695000000000002,306.582,0.494,0.07799999999999996,7.6605,-1.244,306.626,0.1,-0.47300000000000003,7.148,-1.127,306.402,0.1,0.0655,6.748,0.29900000000000004,306.331,1.189,0.687,6.1775,-0.1495,306.3,1.146,0.825,6.2044999999999995,-0.8454999999999999,306.22,0.47,1.123,6.399,1.885,306.577,1.373,1.6355,6.074,1.7905,306.425,1.402,1.4780000000000002,5.916,-0.813,306.595,0.1,0.796,6.224,-2.13,306.602,0.1,0.737,6.4935,0.788,306.582,0.649,1.275,6.0024999999999995,2.4725,306.67,2.07,
1.105,5.781499999999999,-0.0415,306.688,1.291,1.1415,5.9915,0.1905,306.648,0.812,1.4565000000000001,6.32,0.8865,306.664,1.216,1.678,7.351,1.1495,306.635,0.651,1.401,7.8705,-0.0265,306.474,0.244,0.4845,7.8919999999999995,-1.163,306.658,0.1,-0.136,7.1775,-1.24,306.576,0.1,0.431,6.6585,1.2265,306.635,0.842,1.2930000000000001,6.105,1.0945,306.682,1.057,1.404,6.1865000000000006,-1.3185,306.314,0.189,1.3864999999999998,6.39,0.4565,306.5,0.846,1.7555,6.2905,2.59,306.585,2.09,1.647,5.9265,-0.1825,306.57,0.368,0.87,6.464499999999999,-2.166,306.501,0.1,0.692,6.606999999999999,0.361,306.54,0.385,1.459,5.9555,2.344,306.616,1.8,
0.5825,6.209,0.937,306.753,1.73,0.7715000000000001,6.598000000000001,0.325,306.571,0.828,1.3960000000000001,6.623,1.1284999999999998,306.604,0.846,2.0605,7.09,0.62,306.473,0.622,2.0645,7.3975,-0.736,306.332,0.245,1.3575,7.4375,-0.9390000000000001,306.58,0.1,0.6065,7.211,-1.276,306.812,0.1,0.8819999999999999,6.827500000000001,0.4085,306.713,0.219,1.5975,6.452500000000001,1.0485,306.797,0.692,1.4165,6.332,-1.0715,306.592,0.1,1.1305,6.4094999999999995,-0.696,306.467,0.649,1.6204999999999998,6.2775,2.322,306.65,1.806,1.7759999999999998,6.039,0.24,306.614,0.544,1.055,6.592499999999999,-1.83,306.49,0.1,0.717,6.6915,-0.7164999999999999,306.46,0.14,1.4395,6.1505,2.2115,306.575,1.203,
0.6555,6.3865,1.431,306.751,2.044,0.667,6.857,-0.0305,306.476,0.54,0.791,6.862500000000001,-0.0845,306.444,0.217,1.538,6.617,0.34950000000000003,306.389,0.531,2.067,6.4885,-0.2135,306.265,0.483,1.9620000000000002,6.655,-0.577,306.395,0.1,1.5350000000000001,7.07,-0.9849999999999999,306.79,0.1,1.4660000000000002,7.063000000000001,-0.723,306.756,0.1,1.421,6.87,-0.009500000000000001,306.728,0.148,0.696,6.5169999999999995,-1.127,306.819,0.1,0.41150000000000003,6.436,-1.2879999999999998,306.453,0.625,1.284,6.2265,1.9675,306.663,1.127,1.8435000000000001,6.339,0.6100000000000001,306.702,0.335,1.396,6.551,-1.3290000000000002,306.586,0.1,0.9944999999999999,6.566000000000001,-1.5855000000000001,306.365,0.112,1.2945,6.412,1.8295,306.534,0.672,
1.087,6.551500000000001,1.718,306.746,1.875,1.179,6.8055,-0.025500000000000002,306.522,0.534,0.702,6.933,-0.971,306.395,0.109,0.964,6.419499999999999,-0.224,306.468,0.14,1.791,6.2245,0.7430000000000001,306.424,0.629,2.2445000000000004,6.2989999999999995,-0.23049999999999998,306.363,0.102,2.0795000000000003,6.8565000000000005,-0.8125,306.709,0.1,1.653,7.0985,-1.1204999999999998,306.876,0.1,1.025,7.167,-0.7785,306.837,0.1,0.293,6.5329999999999995,-1.427,306.882,0.1,0.32949999999999996,6.192,-0.6855,306.481,0.745,1.3824999999999998,6.227,2.3475,306.694,0.809,2.216,6.6754999999999995,0.819,306.651,0.134,1.945,6.337,-1.0235,306.648,0.1,1.2565,6.2905,-1.912,306.515,0.1,1.25,6.776999999999999,0.9315,306.536,0.374,
1.363,6.877000000000001,1.71,306.753,1.011,1.9295,6.884,0.3495,306.629,0.46,1.4755,6.719,-1.2425000000000002,306.587,0.101,1.3155000000000001,6.234999999999999,-0.7635000000000001,306.612,0.1,1.9865,6.4345,0.665,306.583,0.135,2.4015,6.5685,-0.23399999999999999,306.526,0.111,1.994,6.7905,-1.139,306.935,0.1,1.282,6.8605,-1.158,307.095,0.1,0.7675000000000001,7.164,-0.9425,306.974,0.1,0.729,6.3515,-1.3965,306.629,0.1,1.147,5.7275,0.802,306.53,1.04,1.8225000000000002,6.2565,2.901,306.735,0.914,2.396,6.6775,0.548,306.548,0.1,2.0305,6.031000000000001,-1.174,306.725,0.1,1.091,6.105,-2.048,306.787,0.1,1.22,7.1530000000000005,0.14100000000000001,306.535,0.128,
0.967,7.0649999999999995,1.4285,306.729,0.114,1.9975,7.0085,1.1735,306.64,1.081,2.214,6.1775,-0.974,306.657,0.102,2.0780000000000003,5.7005,-1.1905000000000001,306.743,0.1,2.292,6.35,-0.448,306.715,0.1,2.3735,6.98,-0.263,306.704,0.206,1.859,7.047,-0.6074999999999999,306.951,0.1,1.245,6.8715,-0.6885,307.11,0.1,1.0795,7.0075,-0.7595000000000001,307.001,0.1,1.35,6.2219999999999995,-1.0845,306.406,0.153,1.6065,5.532500000000001,1.661,306.588,1.199,1.7535,6.250500000000001,2.676,306.721,0.972,1.8195000000000001,6.4830000000000005,-0.1925,306.644,0.1,1.184,5.987500000000001,-1.3815,306.845,0.1,0.346,5.981999999999999,-1.6139999999999999,306.788,0.1,0.7835,7.228,0.7095,306.536,0.127,
0.6345000000000001,6.9445,0.9385,306.712,0.101,1.6425,7.026,2.2395,306.733,1.369,2.2880000000000003,5.7265,0.1725,306.621,0.778,2.2085,5.1775,-1.244,306.802,0.1,2.067,5.878,-1.692,306.889,0.1,2.1405000000000003,6.936,-0.096,306.737,0.146,2.053,7.3835,1.5425,306.78,0.882,1.7835,7.4305,0.6355,306.854,0.12,1.657,7.036,-0.5575,306.919,0.1,1.52,6.3105,-1.024,306.388,0.101,1.329,5.8085,1.385,306.557,0.956,1.2810000000000001,6.4335,1.5965,306.701,0.645,0.9810000000000001,6.5015,-1.0705,306.813,0.1,0.35650000000000004,6.3015,-0.988,306.821,0.1,0.0625,5.804,0.016,306.651,0.1,0.4925,7.0925,1.9965000000000002,306.632,0.556,
0.849,6.748,0.181,306.721,0.1,1.1845,7.1145,2.3865,306.833,1.176,1.6475,5.9995,1.476,306.741,1.173,1.7345000000000002,5.276,0.35350000000000004,306.851,1.07,1.6295000000000002,5.4475,-1.6989999999999998,306.829,0.1,1.7105000000000001,6.483499999999999,-0.21200000000000002,306.666,0.103,1.8319999999999999,7.3895,2.9355,306.956,0.629,1.8585,7.843999999999999,1.85,306.818,1.098,1.7695,7.172,-0.487,306.816,0.112,1.3115,6.4815000000000005,-1.1865,306.464,0.1,0.891,6.356,0.529,306.483,0.308,0.8899999999999999,6.957,0.322,306.676,0.198,0.6785,6.5095,-1.616,306.77,0.1,0.37,6.55,-0.1335,306.74,0.658,0.509,5.7219999999999995,1.659,306.668,1.167,0.7215,6.8445,2.1595,306.724,0.4,
0.9259999999999999,6.681,-0.6114999999999999,306.673,0.1,0.749,7.204,1.3025,306.758,0.335,0.896,6.376,1.5335,306.853,1.057,1.1435,5.529,2.2205,307.005,1.524,1.4125,5.31,0.1835,306.763,1.283,1.3405,6.228,-0.6114999999999999,306.595,0.242,1.1895,7.28,1.9735,306.92,0.105,1.4380000000000002,7.87,1.9085,306.83,1.061,1.4445000000000001,7.215,-0.38,306.739,0.101,0.8895,6.558,-1.279,306.693,0.1,0.526,6.662,-0.5495000000000001,306.604,0.1,0.667,7.277,-0.592,306.82,0.101,0.7929999999999999,6.426,-1.5645,306.709,0.1,0.8415,6.588,0.425,306.72,0.678,1.11,5.739,1.9215,306.721,1.63,1.252,6.664,1.101,306.649,0.187,
0.358,7.0489999999999995,-1.112,306.241,0.1,0.261,5.974,0.631,306.316,0.102,0.7255,4.896,1.0075,306.321,1.146,0.7030000000000001,5.0865,-0.509,306.452,0.11,0.219,5.839,-1.1325,306.49,0.1,0.16199999999999998,6.039,-0.0385,306.13,0.1,0.54,5.584,-0.5235000000000001,306.239,0.336,1.1665,6.303,2.0825,306.415,1.534,1.2475,6.2675,-0.339,306.299,0.486,0.4495,6.693,-1.3519999999999999,306.624,0.1,0.0075,7.169499999999999,-0.0215,306.374,0.153,0.2625,7.463,1.4649999999999999,306.475,0.682,0.341,8.0135,-0.02,306.298,0.185,0.5185000000000001,7.0329999999999995,-0.14100000000000001,306.079,0.687,1.3255,6.271,1.2165,306.265,1.291,1.8065,5.667,-0.0215,306.186,0.1,
1.0445,7.056,-1.0619999999999998,306.344,0.1,0.4065,6.3625,-0.476,306.318,0.1,0.6255,5.938000000000001,0.5449999999999999,306.349,0.787,0.9464999999999999,5.5495,0.571,306.437,1.402,0.7284999999999999,5.62,-0.5905,306.505,0.111,0.5835,5.9285,0.7565,306.357,0.296,0.8905000000000001,6.057,-0.02,306.358,0.433,1.419,6.6785,1.8505,306.507,1.479,1.5135,6.2515,0.264,306.305,0.837,0.8475,6.239,-1.5699999999999998,306.541,0.1,0.401,7.047499999999999,-0.623,306.38,0.104,0.46099999999999997,7.9425,0.592,306.416,0.191,0.34750000000000003,8.072,-0.4565,306.193,0.1,0.538,7.0725,0.07100000000000001,306.123,0.346,1.191,6.115,0.581,306.3,0.865,1.218,5.2465,-0.3095,306.293,0.1,
1.444,6.9715,-0.742,306.467,0.1,0.6005,6.742,-0.76,306.333,0.1,0.45599999999999996,6.689,-0.4355,306.232,0.284,0.909,6.4615,0.876,306.465,1.421,1.2805,5.819,0.796,306.595,1.736,1.245,5.9879999999999995,0.861,306.49,0.157,1.022,6.7585,-0.3835,306.395,0.132,1.0925,7.5329999999999995,0.6435,306.505,0.813,1.424,6.844,1.3940000000000001,306.461,1.043,1.4344999999999999,6.151,-0.10300000000000001,306.425,0.353,1.2355,6.5685,-1.2690000000000001,306.515,0.1,0.9785,7.7905,-0.619,306.398,0.1,0.62,7.8355,-0.5885,306.24,0.1,0.7055,7.1495,-0.1855,306.2,0.113,0.949,5.7415,-0.309,306.367,0.204,0.6315,4.7575,-0.7525,306.505,0.1,
1.5154999999999998,6.82,-0.619,306.622,0.1,0.6955,7.1355,-0.513,306.305,0.1,0.2435,7.021,-0.9924999999999999,306.105,0.1,0.6855,6.8420000000000005,0.4015,306.409,0.763,1.6335,5.9885,1.779,306.632,1.557,1.754,6.145,0.327,306.498,0.1,1.017,7.3015,-1.089,306.33,0.1,0.5515,8.3185,-0.563,306.38,0.493,0.7975,7.7700000000000005,1.617,306.545,0.543,1.341,6.385,2.1950000000000003,306.513,1.263,1.6795,6.0945,-0.83,306.481,0.1,1.658,6.962,-1.2845,306.507,0.1,1.393,7.389,-0.601,306.423,0.1,1.088,6.8965,-0.5449999999999999,306.443,0.1,0.7075,5.4265,-0.962,306.549,0.101,0.4125,4.913,-0.502,306.537,0.1,
1.5030000000000001,6.513,-0.802,306.789,0.1,0.8085,7.0504999999999995,-0.562,306.411,0.1,0.20299999999999999,6.962,-1.4195,306.278,0.1,0.5665,6.634,0.2175,306.412,0.698,1.571,6.036,2.059,306.582,1.012,1.4315,6.5045,-0.355,306.482,0.1,0.532,7.4895,-1.383,306.352,0.1,0.22,8.252,-1.281,306.242,0.316,0.405,8.0,0.512,306.409,0.107,0.871,6.5184999999999995,2.641,306.557,1.118,1.469,6.037,1.0895000000000001,306.342,1.264,1.84,6.0120000000000005,-1.1035,306.542,0.1,1.7120000000000002,6.7330000000000005,-0.905,306.661,0.1,1.0625,6.4075,-0.993,306.682,0.1,0.5055000000000001,5.6545,-0.801,306.576,0.1,0.5329999999999999,5.6665,0.9795,306.5,1.182,
1.6480000000000001,5.9565,-1.1825,306.838,0.1,1.146,6.297000000000001,-0.9470000000000001,306.686,0.1,0.4885,6.551500000000001,-1.858,306.674,0.1,0.598,6.542,0.79,306.498,0.667,1.1615,6.469,1.8455,306.577,0.718,0.61,7.1185,-0.9095,306.57,0.1,-0.279,7.3075,-1.191,306.405,0.1,-0.267,7.3934999999999995,-1.158,306.195,0.341,0.14750000000000002,7.1635,-0.615,306.221,0.695,0.5735,6.4925,0.9804999999999999,306.412,0.599,1.2229999999999999,6.284000000000001,2.5010000000000003,306.483,1.544,1.7309999999999999,5.648,0.0465,306.424,0.298,1.4529999999999998,6.108499999999999,-1.1625,306.736,0.1,0.6975,6.125,-1.603,306.731,0.1,0.511,6.132,0.16649999999999998,306.566,0.826,0.9215,6.0915,2.214,306.635,1.819,
1.657,5.52,-1.064,306.734,0.1,1.3645,5.66,-0.6635,306.745,0.1,0.9705,6.1805,-0.9984999999999999,306.756,0.1,0.9425,6.964,1.38,306.613,0.687,0.9615,7.3605,1.0535,306.578,0.405,0.128,7.7035,-1.1675,306.674,0.1,-0.5295000000000001,7.1205,-1.0385,306.456,0.1,-0.14350000000000002,6.7185,0.2275,306.342,1.079,0.399,6.2575,-0.2125,306.29,1.058,0.6375,6.362,-0.8205,306.223,0.419,1.153,6.453,1.913,306.564,1.351,1.762,5.942,1.661,306.423,1.317,1.4405000000000001,5.8629999999999995,-0.794,306.625,0.1,0.5615,6.2255,-2.064,306.643,0.1,0.5445,6.416499999999999,0.8195,306.575,0.632,1.236,6.0235,2.3760000000000003,306.646,2.032,
1.1545,5.705,-0.11599999999999999,306.692,1.208,1.1355,5.8895,0.156,306.65,0.759,1.4205,6.2645,0.7795,306.664,1.125,1.7029999999999998,7.344,1.115,306.632,0.619,1.483,7.932,-0.035,306.466,0.206,0.5015000000000001,7.867,-1.0675,306.686,0.1,-0.175,7.1835,-1.1505,306.635,0.1,0.38249999999999995,6.68,1.1665,306.629,0.749,1.093,6.1325,0.942,306.671,0.903,1.06,6.279,-1.286,306.329,0.164,1.206,6.4415,0.5195000000000001,306.504,0.79,1.81,6.243,2.5055,306.562,2.033,1.6285,5.923500000000001,-0.202,306.578,0.333,0.649,6.4835,-2.088,306.54,0.1,0.5165,6.5975,0.4085,306.536,0.368,1.4634999999999998,6.003,2.2195,306.597,1.757,
0.648,6.1845,0.8005,306.746,1.674,0.7895000000000001,6.5835,0.3385,306.564,0.775,1.403,6.631500000000001,1.0554999999999999,306.597,0.703,2.0915,7.123,0.594,306.465,0.571,2.0945,7.452,-0.6619999999999999,306.338,0.16,1.313,7.406499999999999,-0.8325,306.616,0.1,0.5415,7.2665,-1.181,306.893,0.1,0.857,6.944,0.3815,306.725,0.149,1.46,6.5205,0.9105,306.791,0.561,1.108,6.381,-0.996,306.627,0.1,0.9155,6.391,-0.6365000000000001,306.469,0.584,1.6335000000000002,6.250500000000001,2.2314999999999996,306.628,1.755,1.7465000000000002,6.074,0.1625,306.617,0.497,0.831,6.617,-1.7285,306.519,0.1,0.5435,6.702999999999999,-0.6725,306.458,0.138,1.48,6.195,2.1405,306.562,1.173,
0.7250000000000001,6.4165,1.2765,306.739,2.011,0.7235,6.895,0.026,306.47,0.499,0.833,6.9195,-0.052500000000000005,306.438,0.179,1.558,6.6705000000000005,0.3075,306.377,0.458,2.075,6.5145,-0.22,306.288,0.261,1.948,6.6884999999999994,-0.527,306.463,0.1,1.5045000000000002,7.1525,-0.9179999999999999,306.889,0.1,1.433,7.171,-0.718,306.808,0.1,1.3530000000000002,6.9365,-0.072,306.738,0.123,0.5585000000000001,6.529,-1.0225,306.881,0.1,0.303,6.375500000000001,-1.262,306.463,0.571,1.286,6.199,1.851,306.652,1.092,1.788,6.353,0.47250000000000003,306.706,0.281,1.1545,6.554,-1.2345000000000002,306.607,0.1,0.746,6.572,-1.514,306.354,0.105,1.282,6.4495000000000005,1.82,306.517,0.652,
1.1455,6.5765,1.5405,306.732,1.835,1.2635,6.818,-0.0405,306.52,0.482,0.7955,6.9665,-0.882,306.396,0.104,1.0270000000000001,6.4715,-0.2215,306.459,0.131,1.8505,6.2275,0.6075,306.426,0.527,2.3280000000000003,6.3595,-0.269,306.424,0.101,2.127,6.9175,-0.754,306.78,0.1,1.638,7.126,-1.0545,306.941,0.1,0.972,7.159,-0.7655000000000001,306.896,0.1,0.17600000000000002,6.513,-1.361,306.953,0.1,0.2105,6.1594999999999995,-0.6795,306.49,0.682,1.371,6.2255,2.2645,306.69,0.761,2.2215,6.6585,0.6990000000000001,306.653,0.128,1.808,6.316,-0.9545,306.669,0.1,1.053,6.2635000000000005,-1.767,306.54,0.1,1.2189999999999999,6.798,0.89,306.526,0.354,
1.4165,6.8885000000000005,1.5565,306.745,0.976,2.008,6.8525,0.22799999999999998,306.63,0.394,1.56,6.670999999999999,-1.167,306.611,0.1,1.426,6.2620000000000005,-0.6910000000000001,306.643,0.1,2.1125,6.422000000000001,0.563,306.578,0.132,2.5145,6.5715,-0.3245,306.591,0.104,2.0415,6.7785,-1.0805,307.014,0.1,1.2495,6.8085,-1.072,307.166,0.1,0.657,7.0895,-0.8915,307.028,0.1,0.527,6.3305,-1.4024999999999999,306.649,0.1,0.9635,5.7245,0.8045,306.538,0.99,1.81,6.2705,2.8855,306.727,0.849,2.5,6.664,0.5135000000000001,306.545,0.1,2.0965,5.9945,-1.1235,306.749,0.1,1.1175,6.0120000000000005,-1.8685,306.85,0.1,1.2825,7.144,0.051500000000000004,306.535,0.156,
1.041,7.1015,1.377,306.731,0.106,2.1079999999999997,6.967499999999999,1.0285,306.648,1.015,2.288,6.0489999999999995,-0.9359999999999999,306.693,0.101,2.1734999999999998,5.6635,-1.0899999999999999,306.787,0.1,2.3825000000000003,6.345000000000001,-0.4255,306.743,0.1,2.3914999999999997,6.923,-0.3335,306.794,0.143,1.813,6.971,-0.6034999999999999,307.05,0.1,1.154,6.7575,-0.6745000000000001,307.2,0.1,0.923,6.916,-0.7315,307.034,0.1,1.146,6.208,-1.123,306.373,0.18,1.4725000000000001,5.535,1.682,306.579,1.141,1.79,6.2684999999999995,2.677,306.712,0.856,1.944,6.4945,-0.175,306.649,0.1,1.2810000000000001,5.9215,-1.3475000000000001,306.87,0.1,0.4405,5.859500000000001,-1.495,306.841,0.1,0.89,7.194,0.652,306.539,0.16,
0.6015,7.0065,0.9824999999999999,306.722,0.1,1.704,7.0,2.1494999999999997,306.726,1.308,2.372,5.5905000000000005,0.14250000000000002,306.632,0.726,2.269,5.0805,-1.209,306.838,0.1,2.0675,5.893000000000001,-1.6105,306.95,0.1,2.09,6.8725000000000005,-0.094,306.803,0.118,2.012,7.3145,1.526,306.817,0.432,1.766,7.304,0.5914999999999999,306.928,0.108,1.571,6.9605,-0.5814999999999999,306.98,0.1,1.371,6.294499999999999,-1.0305,306.37,0.1,1.246,5.8395,1.42,306.542,0.864,1.2934999999999999,6.4825,1.5255,306.689,0.527,0.9865,6.5184999999999995,-1.0579999999999998,306.825,0.1,0.3015,6.1925,-0.959,306.83,0.1,0.021,5.7165,0.0265,306.667,0.1,0.5095000000000001,7.0615,1.9915,306.632,0.484,
0.715,6.818,0.2445,306.73,0.1,1.2005,7.1185,2.367,306.822,1.083,1.7465,5.9145,1.3715000000000002,306.732,1.116,1.805,5.172000000000001,0.3055,306.866,0.982,1.608,5.4385,-1.6945000000000001,306.878,0.1,1.6515,6.4350000000000005,-0.1755,306.687,0.101,1.858,7.374,2.9859999999999998,306.951,0.512,1.9695,7.775,1.8225,306.822,0.987,1.8050000000000002,7.140000000000001,-0.5075000000000001,306.885,0.105,1.245,6.468999999999999,-1.1400000000000001,306.493,0.1,0.8355,6.4235,0.5405,306.474,0.24,0.8089999999999999,7.006,0.21500000000000002,306.67,0.152,0.49749999999999994,6.4945,-1.6035,306.784,0.1,0.178,6.4055,-0.095,306.73,0.69,0.42200000000000004,5.685499999999999,1.6099999999999999,306.656,1.105,0.7335,6.849,2.193,306.717,0.328,
0.702,6.755,-0.5645,306.674,0.1,0.6535,7.228,1.3215,306.751,0.311,0.9410000000000001,6.321,1.463,306.84,0.974,1.226,5.437,2.2024999999999997,306.999,1.461,1.4180000000000001,5.272,0.07100000000000001,306.768,1.181,1.2985,6.186,-0.587,306.591,0.159,1.2265000000000001,7.294,2.089,306.915,0.104,1.5525,7.846,1.8860000000000001,306.818,0.94,1.521,7.214,-0.40049999999999997,306.786,0.101,0.8765,6.55,-1.205,306.743,0.1,0.4665,6.741,-0.544,306.617,0.1,0.53,7.302,-0.625,306.847,0.101,0.5569999999999999,6.387,-1.5115,306.714,0.1,0.653,6.431,0.448,306.698,0.628,1.0735000000000001,5.726,1.85,306.699,1.548,1.3205,6.694,1.1644999999999999,306.645,0.161,
0.2975,7.032,-1.024,306.258,0.1,0.28550000000000003,5.9670000000000005,0.6415,306.315,0.1,0.8605,4.871,0.8380000000000001,306.309,1.074,0.8200000000000001,5.138999999999999,-0.539,306.507,0.1,0.268,5.858499999999999,-0.9905,306.549,0.1,0.10400000000000001,5.914,-0.048,306.17,0.1,0.415,5.5335,-0.5525,306.268,0.124,1.1335,6.269,1.996,306.398,1.465,1.241,6.23,-0.343,306.315,0.474,0.3745,6.7219999999999995,-1.1909999999999998,306.657,0.1,-0.0595,7.1845,0.0225,306.363,0.129,0.22,7.4990000000000006,1.3344999999999998,306.459,0.56,0.2655,8.0045,-0.005000000000000001,306.286,0.15,0.4505,6.9715,-0.123,306.075,0.562,1.3315000000000001,6.2905,1.1059999999999999,306.253,1.188,1.8780000000000001,5.7615,-0.024,306.168,0.1,
0.882,7.061,-0.962,306.391,0.1,0.3025,6.3535,-0.4115,306.323,0.1,0.681,5.917,0.433,306.34,0.723,1.0010000000000001,5.526,0.41300000000000003,306.438,1.298,0.7095,5.62,-0.5794999999999999,306.543,0.1,0.5515,5.866,0.7585,306.361,0.24,0.8434999999999999,6.0115,-0.082,306.353,0.329,1.413,6.6645,1.7655,306.489,1.4,1.5150000000000001,6.2075,0.1915,306.302,0.776,0.78,6.2195,-1.466,306.586,0.1,0.332,7.0760000000000005,-0.5509999999999999,306.382,0.1,0.42000000000000004,8.0235,0.5275,306.407,0.153,0.301,8.0575,-0.3705,306.205,0.1,0.5045,7.073,0.0365,306.123,0.271,1.196,6.1579999999999995,0.508,306.289,0.738,1.2715,5.4079999999999995,-0.23550000000000001,306.292,0.1,
1.2815,7.022,-0.6595,306.531,0.1,0.44899999999999995,6.75,-0.706,306.326,0.1,0.41000000000000003,6.6735,-0.454,306.225,0.256,0.903,6.3975,0.7589999999999999,306.454,1.335,1.2585000000000002,5.7955000000000005,0.6675,306.594,1.63,1.2280000000000002,5.9605,0.8614999999999999,306.482,0.154,1.008,6.752,-0.3705,306.393,0.127,1.1135,7.5344999999999995,0.5735,306.496,0.726,1.4805,6.821,1.2545000000000002,306.451,0.969,1.4625,6.088,-0.1575,306.455,0.127,1.2265,6.5504999999999995,-1.2045,306.557,0.1,0.9464999999999999,7.8465,-0.5885,306.416,0.1,0.582,7.840999999999999,-0.48850000000000005,306.28,0.1,0.6815,7.1915,-0.196,306.255,0.101,0.9405,5.7509999999999994,-0.27,306.4,0.119,0.6385,4.827999999999999,-0.6765,306.563,0.1,
1.371,6.916,-0.534,306.698,0.1,0.5355,7.1594999999999995,-0.483,306.284,0.1,0.108,6.9830000000000005,-0.9359999999999999,306.1,0.1,0.6145,6.753,0.386,306.405,0.725,1.604,5.9719999999999995,1.611,306.62,1.472,1.6989999999999998,6.1515,0.33899999999999997,306.487,0.1,0.9365,7.3155,-1.0,306.339,0.1,0.515,8.2985,-0.5965,306.375,0.473,0.866,7.7905,1.5275,306.537,0.469,1.4795,6.3585,2.1065,306.507,1.21,1.7850000000000001,5.9935,-0.8354999999999999,306.524,0.1,1.6895,6.9475,-1.22,306.554,0.1,1.4064999999999999,7.417999999999999,-0.5245,306.486,0.1,1.1044999999999998,6.917,-0.46499999999999997,306.521,0.1,0.704,5.3134999999999994,-0.885,306.619,0.1,0.4095,4.7615,-0.5565,306.635,0.1,
1.405,6.6195,-0.692,306.866,0.1,0.671,7.061999999999999,-0.506,306.414,0.1,0.029500000000000012,6.914,-1.296,306.297,0.1,0.453,6.563000000000001,0.246,306.415,0.656,1.5345,6.054,1.8784999999999998,306.571,0.94,1.3639999999999999,6.561999999999999,-0.3155,306.491,0.1,0.388,7.4895,-1.2535,306.393,0.1,0.077,8.239,-1.244,306.251,0.271,0.387,8.111,0.5255000000000001,306.418,0.12,1.0075,6.586,2.6189999999999998,306.544,1.049,1.651,5.91,1.002,306.345,1.187,1.949,5.9235,-1.0819999999999999,306.598,0.1,1.7320000000000002,6.76,-0.8225,306.741,0.1,1.0075,6.401,-0.8595,306.742,0.1,0.41200000000000003,5.4455,-0.797,306.633,0.1,0.5005,5.452999999999999,0.849,306.533,0.975,
1.613,6.013999999999999,-1.053,306.902,0.1,1.045,6.25,-0.8725,306.729,0.1,0.3325,6.5085,-1.714,306.717,0.1,0.5005000000000001,6.5120000000000005,0.773,306.502,0.618,1.1560000000000001,6.5195,1.6615,306.569,0.625,0.5880000000000001,7.202,-0.839,306.615,0.1,-0.423,7.2844999999999995,-1.0645,306.469,0.1,-0.5165,7.39,-1.125,306.249,0.125,-0.055999999999999994,7.3185,-0.563,306.234,0.636,0.5625,6.643000000000001,0.998,306.412,0.552,1.3840000000000001,6.242,2.4255,306.465,1.484,1.8785,5.5085,-0.0525,306.478,0.119,1.4225,6.0945,-1.08,306.809,0.1,0.5145000000000001,6.1259999999999994,-1.482,306.781,0.1,0.34249999999999997,5.961,0.139,306.581,0.786,0.865,6.006,2.1029999999999998,306.621,1.748,
1.664,5.492,-0.998,306.777,0.1,1.318,5.557,-0.6515,306.782,0.1,0.8755,6.125,-0.9675,306.788,0.1,0.9059999999999999,6.9455,1.3094999999999999,306.614,0.646,1.0085,7.4175,0.9245,306.574,0.332,0.17049999999999998,7.7395,-1.0739999999999998,306.732,0.1,-0.5880000000000001,7.099,-0.938,306.526,0.1,-0.35150000000000003,6.6895,0.1625,306.37,0.891,0.12100000000000001,6.3445,-0.246,306.283,0.967,0.462,6.508,-0.7785,306.226,0.37,1.1875,6.5045,1.904,306.551,1.322,1.8824999999999998,5.8309999999999995,1.494,306.426,1.227,1.4045,5.83,-0.756,306.663,0.1,0.35350000000000004,6.24,-1.96,306.696,0.1,0.381,6.348000000000001,0.827,306.566,0.613,1.2069999999999999,6.0465,2.245,306.623,1.985,
1.2025000000000001,5.6355,-0.178,306.702,1.015,1.1324999999999998,5.802,0.1135,306.654,0.703,1.3855,6.214499999999999,0.6779999999999999,306.664,1.031,1.722,7.3420000000000005,1.064,306.63,0.586,1.554,7.9765,-0.047,306.46,0.176,0.527,7.823,-0.957,306.717,0.1,-0.1975,7.196,-1.0515,306.708,0.1,0.3255,6.6965,1.0735000000000001,306.625,0.657,0.883,6.169499999999999,0.8049999999999999,306.66,0.759,0.7305,6.3685,-1.2215,306.351,0.143,1.042,6.5,0.5705,306.503,0.736,1.8635,6.2005,2.371,306.54,1.968,1.6124999999999998,5.9325,-0.2115,306.596,0.281,0.46,6.5055,-1.972,306.589,0.1,0.376,6.597,0.443,306.531,0.352,1.4695,6.0475,2.058,306.579,1.705,
0.7155,6.161,0.669,306.741,1.609,0.808,6.5695,0.3385,306.557,0.721,1.404,6.645,0.9765,306.59,0.575,2.1015,7.159,0.5615,306.458,0.522,2.106,7.497999999999999,-0.589,306.345,0.104,1.2855,7.374499999999999,-0.7295,306.659,0.1,0.511,7.3215,-1.0785,306.983,0.1,0.8430000000000001,7.045999999999999,0.33299999999999996,306.738,0.103,1.327,6.585,0.7755,306.785,0.445,0.8335,6.433,-0.9015,306.675,0.1,0.7345,6.3805,-0.5675,306.467,0.514,1.6420000000000001,6.2225,2.0999999999999996,306.607,1.694,1.7085000000000001,6.116,0.10200000000000001,306.624,0.45,0.633,6.640000000000001,-1.595,306.556,0.1,0.3995,6.7165,-0.626,306.449,0.133,1.5145,6.229,2.0265,306.549,1.136,
0.7949999999999999,6.4485,1.126,306.728,1.968,0.7869999999999999,6.9305,0.074,306.465,0.459,0.8919999999999999,6.9879999999999995,-0.023,306.429,0.15,1.5795,6.730499999999999,0.26849999999999996,306.361,0.39,2.077,6.564,-0.2255,306.332,0.114,1.9364999999999999,6.752,-0.488,306.562,0.1,1.4785,7.230499999999999,-0.8425,306.996,0.1,1.3995,7.2635,-0.7035,306.865,0.1,1.3,6.9975000000000005,-0.1275,306.758,0.107,0.4675,6.548,-0.9059999999999999,306.959,0.1,0.23399999999999999,6.308999999999999,-1.2235,306.492,0.475,1.2905,6.166,1.695,306.642,1.052,1.7315,6.368,0.348,306.709,0.237,0.934,6.5555,-1.1165,306.636,0.1,0.53,6.58,-1.4235000000000002,306.356,0.1,1.2905,6.4785,1.768,306.502,0.63,
1.1975,6.6005,1.354,306.719,1.784,1.338,6.8325,-0.0495,306.518,0.431,0.897,7.018,-0.7889999999999999,306.401,0.101,1.1099999999999999,6.541,-0.217,306.451,0.123,1.9249999999999998,6.2509999999999994,0.47200000000000003,306.442,0.436,2.3985,6.448499999999999,-0.3065,306.523,0.1,2.1494999999999997,6.975,-0.6819999999999999,306.865,0.1,1.612,7.1465,-0.9710000000000001,307.015,0.1,0.931,7.1545000000000005,-0.7404999999999999,306.969,0.1,0.0935,6.505,-1.2795,307.034,0.1,0.12549999999999997,6.1165,-0.6705000000000001,306.518,0.566,1.3715,6.218,2.141,306.685,0.712,2.223,6.6365,0.573,306.659,0.123,1.682,6.295,-0.873,306.699,0.1,0.89,6.243,-1.597,306.584,0.1,1.22,6.813,0.823,306.514,0.333,
1.4555,6.8925,1.369,306.739,0.937,2.06,6.82,0.117,306.632,0.338,1.637,6.6425,-1.0795,306.643,0.1,1.5365,6.314,-0.6145,306.683,0.1,2.233,6.4185,0.4555,306.574,0.129,2.6029999999999998,6.58,-0.396,306.68,0.1,2.064,6.7625,-1.005,307.105,0.1,1.219,6.760999999999999,-0.9710000000000001,307.244,0.1,0.5655,7.023,-0.829,307.091,0.1,0.34299999999999997,6.3215,-1.3944999999999999,306.678,0.1,0.7965,5.7255,0.8035000000000001,306.548,0.934,1.8054999999999999,6.282,2.8365,306.72,0.783,2.597,6.646,0.46599999999999997,306.545,0.1,2.1710000000000003,5.9595,-1.061,306.782,0.1,1.1764999999999999,5.9215,-1.6735,306.925,0.1,1.345,7.124499999999999,-0.047,306.547,0.164,
1.112,7.1285,1.2835,306.734,0.101,2.194,6.9185,0.8835,306.655,0.945,2.3449999999999998,5.938000000000001,-0.892,306.736,0.1,2.2554999999999996,5.6555,-0.9795,306.839,0.1,2.4565,6.357,-0.4075,306.781,0.1,2.3890000000000002,6.8580000000000005,-0.38949999999999996,306.895,0.103,1.7545000000000002,6.884,-0.5925,307.158,0.1,1.0655000000000001,6.6455,-0.658,307.291,0.1,0.767,6.823,-0.6905,307.064,0.1,0.927,6.201499999999999,-1.149,306.349,0.196,1.3285,5.5485,1.6945000000000001,306.57,1.086,1.8275000000000001,6.2925,2.65,306.703,0.746,2.065,6.505,-0.1615,306.657,0.1,1.384,5.8505,-1.299,306.902,0.1,0.55,5.7305,-1.3755000000000002,306.902,0.1,0.9825,7.15,0.5805,306.552,0.17,
0.5894999999999999,7.0615000000000006,1.0025,306.731,0.1,1.765,6.963,2.0404999999999998,306.719,1.247,2.4379999999999997,5.4670000000000005,0.10250000000000001,306.646,0.611,2.3049999999999997,5.0055,-1.1665,306.884,0.1,2.0425,5.931,-1.516,307.021,0.1,2.0175,6.805,-0.091,306.871,0.101,1.9515,7.23,1.4995,306.861,0.139,1.7185000000000001,7.1675,0.5285,307.005,0.1,1.448,6.8735,-0.587,307.027,0.1,1.1955,6.285,-1.0215,306.359,0.1,1.1535,5.874,1.4395,306.527,0.775,1.302,6.5405,1.4380000000000002,306.677,0.418,0.9895,6.536,-1.0295,306.839,0.1,0.255,6.0715,-0.9225,306.84,0.1,-0.003999999999999997,5.6215,0.025500000000000002,306.685,0.1,0.5385,7.023,1.965,306.632,0.42,
0.5945,6.8875,0.30600000000000005,306.738,0.1,1.2215,7.1129999999999995,2.3165,306.811,0.99,1.8365,5.835,1.249,306.723,1.054,1.855,5.0745000000000005,0.2485,306.885,0.813,1.561,5.449999999999999,-1.6625,306.934,0.1,1.574,6.4,-0.136,306.71,0.1,1.8695,7.3505,3.0175,306.945,0.413,2.051,7.697,1.767,306.835,0.879,1.7994999999999999,7.0995,-0.5195000000000001,306.943,0.1,1.1564999999999999,6.467499999999999,-1.0775000000000001,306.528,0.1,0.779,6.493,0.539,306.464,0.185,0.7285,7.054,0.115,306.67,0.119,0.325,6.4855,-1.562,306.802,0.1,0.0020000000000000018,6.2620000000000005,-0.0645,306.717,0.707,0.34400000000000003,5.65,1.537,306.645,1.04,0.7545,6.852,2.2045,306.709,0.271,
0.491,6.833,-0.505,306.674,0.1,0.571,7.245,1.3115,306.741,0.289,0.9864999999999999,6.268,1.3695,306.829,0.893,1.3014999999999999,5.345,2.1630000000000003,306.994,1.395,1.4135,5.252,-0.034,306.776,0.98,1.2445,6.168,-0.5575,306.59,0.104,1.2515,7.307,2.1875,306.91,0.103,1.654,7.819,1.839,306.808,0.817,1.576,7.209,-0.4225,306.828,0.1,0.8475,6.556,-1.1185,306.8,0.1,0.4115,6.825,-0.5365,306.638,0.1,0.406,7.319,-0.637,306.878,0.1,0.33699999999999997,6.359,-1.437,306.724,0.1,0.4795,6.288,0.457,306.676,0.579,1.044,5.72,1.76,306.679,1.457,1.396,6.729,1.2125,306.639,0.143,
0.208,7.005,-0.9265,306.285,0.1,0.2875,5.9575,0.647,306.313,0.1,0.9755,4.8865,0.6505000000000001,306.305,1.002,0.9315,5.3035,-0.5589999999999999,306.602,0.1,0.327,5.915,-0.835,306.63,0.1,0.043500000000000004,5.750500000000001,-0.068,306.256,0.1,0.3015,5.507,-0.5595,306.317,0.113,1.101,6.2379999999999995,1.888,306.382,1.382,1.2085,6.218,-0.3425,306.342,0.446,0.3075,6.776,-1.0190000000000001,306.694,0.1,-0.0925,7.214,0.0655,306.354,0.119,0.1955,7.5545,1.1869999999999998,306.431,0.433,0.1965,7.989000000000001,0.0195,306.279,0.137,0.3875,6.9,-0.1105,306.079,0.358,1.3235,6.2989999999999995,0.986,306.243,1.074,1.9075,5.842499999999999,-0.036000000000000004,306.148,0.101,
0.6905,7.0615000000000006,-0.8480000000000001,306.452,0.1,0.1925,6.3625,-0.35050000000000003,306.322,0.1,0.7455,5.904,0.3035,306.332,0.657,1.046,5.554,0.2525,306.457,1.184,0.6815,5.648,-0.5529999999999999,306.603,0.1,0.5275,5.791,0.747,306.373,0.177,0.8039999999999999,5.982,-0.1355,306.359,0.267,1.394,6.6555,1.665,306.472,1.309,1.4754999999999998,6.1715,0.11499999999999999,306.305,0.71,0.6829999999999999,6.246,-1.3485,306.646,0.1,0.2575,7.1475,-0.475,306.385,0.1,0.35650000000000004,8.1285,0.45699999999999996,306.398,0.14,0.223,8.037,-0.28,306.228,0.1,0.46399999999999997,7.0625,-0.0085,306.139,0.21,1.2045,6.205,0.4335,306.281,0.612,1.3225,5.635,-0.1645,306.282,0.1,
1.131,7.0635,-0.565,306.61,0.1,0.36000000000000004,6.765000000000001,-0.656,306.319,0.1,0.41100000000000003,6.6545000000000005,-0.47350000000000003,306.221,0.226,0.899,6.3345,0.6335,306.446,1.236,1.2269999999999999,5.781000000000001,0.542,306.602,1.507,1.2115,5.9345,0.856,306.475,0.152,0.9910000000000001,6.737500000000001,-0.3555,306.395,0.122,1.1215,7.536,0.49850000000000005,306.486,0.651,1.4969999999999999,6.792999999999999,1.1035,306.445,0.889,1.4304999999999999,6.044499999999999,-0.214,306.508,0.114,1.1735,6.592499999999999,-1.1315,306.617,0.1,0.8975,7.9305,-0.5475,306.441,0.1,0.536,7.8535,-0.388,306.34,0.1,0.64,7.2170000000000005,-0.21050000000000002,306.363,0.1,0.9245,5.824999999999999,-0.2205,306.446,0.11,0.6525,5.0685,-0.5875,306.618,0.1,
1.2495,7.007,-0.4415,306.78,0.1,0.45349999999999996,7.165,-0.45499999999999996,306.259,0.1,0.0485,6.939,-0.8694999999999999,306.103,0.1,0.5805,6.6555,0.3625,306.398,0.686,1.5670000000000002,5.9435,1.431,306.61,1.37,1.6295000000000002,6.1605,0.351,306.478,0.1,0.856,7.3015,-0.9045,306.36,0.1,0.479,8.251,-0.629,306.371,0.444,0.92,7.7829999999999995,1.4185,306.53,0.419,1.5855000000000001,6.322,2.0,306.505,1.146,1.849,5.9395,-0.8365,306.586,0.1,1.7,6.9879999999999995,-1.1395,306.614,0.1,1.4255,7.477,-0.44599999999999995,306.57,0.1,1.135,6.9365000000000006,-0.379,306.635,0.1,0.7264999999999999,5.289,-0.7909999999999999,306.707,0.1,0.40249999999999997,4.755,-0.604,306.763,0.1,
1.3050000000000002,6.736,-0.5760000000000001,306.949,0.1,0.577,7.0725,-0.4445,306.413,0.1,-0.06399999999999999,6.869,-1.162,306.328,0.1,0.399,6.4885,0.264,306.411,0.614,1.4889999999999999,6.0600000000000005,1.6795,306.561,0.852,1.2805,6.6315,-0.275,306.513,0.1,0.24300000000000002,7.4585,-1.1125,306.456,0.1,-0.082,8.176,-1.202,306.274,0.206,0.34800000000000003,8.164,0.523,306.416,0.171,1.1105,6.635,2.5735,306.537,0.967,1.777,5.802,0.8979999999999999,306.348,1.094,2.006,5.926,-1.048,306.668,0.1,1.7469999999999999,6.8365,-0.7275,306.838,0.1,1.0045,6.420999999999999,-0.7125,306.817,0.1,0.3835,5.279999999999999,-0.791,306.72,0.1,0.4995,5.2805,0.7010000000000001,306.585,0.59,
1.5625,6.0985,-0.9145,306.976,0.1,0.958,6.2415,-0.7889999999999999,306.777,0.1,0.22750000000000004,6.474500000000001,-1.5575,306.771,0.1,0.44949999999999996,6.486000000000001,0.7455,306.5,0.572,1.133,6.583,1.4605000000000001,306.562,0.533,0.5429999999999999,7.2975,-0.765,306.682,0.1,-0.5495,7.2485,-0.9275,306.56,0.1,-0.7310000000000001,7.3605,-1.0755,306.335,0.113,-0.23,7.436999999999999,-0.507,306.225,0.573,0.555,6.7695,1.002,306.407,0.514,1.5245,6.195,2.3185000000000002,306.447,1.418,1.9945,5.4559999999999995,-0.153,306.553,0.11,1.393,6.132,-0.978,306.897,0.1,0.38599999999999995,6.1625,-1.3415,306.848,0.1,0.2335,5.7995,0.097,306.603,0.726,0.8405,5.92,1.9675,306.612,1.662,
1.6675,5.4945,-0.9199999999999999,306.836,0.1,1.275,5.5024999999999995,-0.6365000000000001,306.831,0.1,0.804,6.080500000000001,-0.9225,306.821,0.1,0.9039999999999999,6.9375,1.229,306.615,0.609,1.054,7.4845,0.7875,306.569,0.288,0.1975,7.763,-0.9695,306.805,0.1,-0.651,7.0865,-0.8295,306.626,0.1,-0.5559999999999999,6.661,0.1015,306.43,0.546,-0.13599999999999998,6.4455,-0.2605,306.28,0.869,0.311,6.634499999999999,-0.7255,306.232,0.324,1.2325,6.548500000000001,1.87,306.54,1.28,1.9955,5.7605,1.3014999999999999,306.439,1.125,1.3725,5.8345,-0.7065,306.717,0.1,0.1935,6.276999999999999,-1.8319999999999999,306.768,0.1,0.2735,6.296,0.819,306.553,0.59,1.1995,6.074,2.091,306.601,1.923,
1.248,5.58,-0.23199999999999998,306.721,0.616,1.1360000000000001,5.7415,0.0665,306.661,0.643,1.3535,6.1745,0.5800000000000001,306.665,0.932,1.7294999999999998,7.351,1.002,306.628,0.551,1.605,7.9885,-0.0615,306.458,0.158,0.5675,7.7445,-0.837,306.757,0.1,-0.191,7.220000000000001,-0.946,306.808,0.1,0.2515,6.702,0.9590000000000001,306.623,0.567,0.6515,6.2245,0.6785,306.645,0.634,0.4255,6.4544999999999995,-1.1360000000000001,306.388,0.128,0.907,6.57,0.614,306.494,0.685,1.9135,6.167999999999999,2.2030000000000003,306.522,1.887,1.5990000000000002,5.9635,-0.214,306.629,0.2,0.327,6.5305,-1.8319999999999999,306.655,0.1,0.301,6.612500000000001,0.469,306.523,0.335,1.4794999999999998,6.086499999999999,1.8715000000000002,306.563,1.634,
0.7889999999999999,6.138999999999999,0.5409999999999999,306.741,1.526,0.8295,6.5555,0.329,306.553,0.666,1.3925,6.6695,0.8935,306.584,0.476,2.0695,7.2005,0.5245,306.451,0.478,2.0825,7.527,-0.5165,306.354,0.102,1.287,7.3415,-0.6285000000000001,306.714,0.1,0.542,7.377,-0.9715,307.086,0.1,0.85,7.1195,0.271,306.752,0.102,1.2035,6.6425,0.6425,306.781,0.358,0.6205,6.491,-0.7945,306.746,0.1,0.6145,6.3865,-0.492,306.456,0.433,1.6415,6.193,1.9415,306.59,1.616,1.6545,6.1715,0.0525,306.639,0.404,0.48150000000000004,6.6579999999999995,-1.441,306.61,0.1,0.3105,6.7335,-0.5780000000000001,306.429,0.126,1.5379999999999998,6.2415,1.8835000000000002,306.537,1.086,
0.8674999999999999,6.484,0.978,306.719,1.907,0.865,6.961,0.1165,306.46,0.419,0.983,7.077500000000001,0.0045,306.414,0.138,1.6019999999999999,6.802,0.23099999999999998,306.336,0.331,2.0655,6.6555,-0.2305,306.415,0.108,1.927,6.87,-0.45599999999999996,306.715,0.1,1.459,7.3025,-0.7615000000000001,307.115,0.1,1.363,7.327500000000001,-0.683,306.932,0.1,1.2715,7.047499999999999,-0.1785,306.797,0.104,0.457,6.58,-0.782,307.062,0.1,0.2355,6.234,-1.177,306.557,0.308,1.3,6.1205,1.513,306.635,1.003,1.6725,6.3855,0.23149999999999998,306.713,0.208,0.7505000000000001,6.555,-0.9835,306.679,0.1,0.371,6.591,-1.3210000000000002,306.379,0.1,1.338,6.492,1.688,306.49,0.604,
1.238,6.6215,1.162,306.709,1.713,1.3935,6.8505,-0.0545,306.516,0.38,1.0114999999999998,7.101,-0.6935,306.413,0.1,1.23,6.641,-0.211,306.445,0.118,2.0275,6.312,0.3365,306.485,0.365,2.4475,6.5885,-0.3435,306.689,0.1,2.1315,7.0280000000000005,-0.6015,306.972,0.1,1.5695000000000001,7.1535,-0.877,307.102,0.1,0.9125,7.153499999999999,-0.7075,307.068,0.1,0.07100000000000001,6.5175,-1.1885,307.131,0.1,0.10149999999999998,6.0565,-0.66,306.579,0.359,1.3944999999999999,6.199,1.9909999999999999,306.682,0.662,2.2184999999999997,6.6045,0.4435,306.673,0.121,1.5755,6.2745,-0.7835,306.744,0.1,0.7995000000000001,6.232,-1.411,306.658,0.1,1.2805,6.818,0.739,306.501,0.309,
1.4675,6.8825,1.1585,306.734,0.889,2.0614999999999997,6.7844999999999995,0.013500000000000002,306.634,0.304,1.6995,6.6495,-0.984,306.69,0.1,1.6475,6.4079999999999995,-0.5355,306.742,0.1,2.3449999999999998,6.431,0.344,306.572,0.127,2.6529999999999996,6.5975,-0.45599999999999996,306.813,0.1,2.049,6.7415,-0.9195,307.215,0.1,1.193,6.719,-0.8615,307.334,0.1,0.507,6.967499999999999,-0.7595000000000001,307.168,0.1,0.191,6.3315,-1.3780000000000001,306.721,0.1,0.6589999999999999,5.7364999999999995,0.8,306.562,0.869,1.8165,6.29,2.7655000000000003,306.715,0.714,2.6835,6.621,0.4105,306.551,0.1,2.26,5.925,-0.9915,306.831,0.1,1.2905,5.8355,-1.4685000000000001,307.022,0.1,1.4055,7.0865,-0.1515,306.582,0.135,
1.1760000000000002,7.140000000000001,1.163,306.736,0.1,2.2355,6.853,0.7390000000000001,306.66,0.87,2.373,5.859,-0.8434999999999999,306.791,0.1,2.3155,5.6945,-0.863,306.904,0.1,2.5015,6.3975,-0.392,306.835,0.1,2.3514999999999997,6.7775,-0.436,307.014,0.101,1.6764999999999999,6.7795,-0.577,307.28,0.1,0.9804999999999999,6.535500000000001,-0.64,307.382,0.1,0.61,6.727,-0.6415,307.088,0.1,0.6785,6.208,-1.1669999999999998,306.337,0.189,1.164,5.5835,1.7015,306.561,1.033,1.8664999999999998,6.3285,2.604,306.695,0.645,2.1805,6.5155,-0.15,306.671,0.1,1.4975,5.768,-1.241,306.943,0.1,0.685,5.5920000000000005,-1.256,306.974,0.1,1.0485,7.089499999999999,0.5,306.583,0.138,
0.6160000000000001,7.1055,1.007,306.735,0.1,1.8250000000000002,6.904,1.9195,306.714,1.185,2.4715,5.3655,0.0555,306.665,0.385,2.3,4.968500000000001,-1.119,306.946,0.1,1.9735,6.006,-1.4135,307.108,0.1,1.9035,6.7295,-0.0875,306.942,0.101,1.8555,7.1175,1.467,306.916,0.121,1.6179999999999999,7.0105,0.4535,307.087,0.1,1.2595,6.7665,-0.5814999999999999,307.05,0.1,0.9710000000000001,6.2875,-1.0025,306.361,0.1,1.0405,5.9135,1.4489999999999998,306.512,0.69,1.3035,6.615,1.3405,306.664,0.327,0.9894999999999999,6.5545,-0.99,306.857,0.1,0.22249999999999998,5.929,-0.8815,306.85,0.1,-0.0010000000000000009,5.5145,0.016,306.705,0.1,0.5900000000000001,6.9715,1.9245,306.634,0.368,
0.497,6.9575,0.36650000000000005,306.746,0.1,1.2510000000000001,7.0895,2.246,306.802,0.897,1.9090000000000003,5.764,1.115,306.714,0.982,1.8685,4.9879999999999995,0.1855,306.915,0.498,1.4714999999999998,5.4955,-1.6135,307.0,0.1,1.463,6.388,-0.0945,306.735,0.1,1.8505,7.311999999999999,3.0365,306.939,0.35,2.0765000000000002,7.599,1.6935,306.866,0.776,1.721,7.042999999999999,-0.526,306.98,0.1,1.0305,6.4855,-1.005,306.572,0.1,0.723,6.5649999999999995,0.5285,306.451,0.157,0.6495,7.1,0.019000000000000003,306.683,0.111,0.16500000000000004,6.4885,-1.502,306.828,0.1,-0.1455,6.1195,-0.039,306.701,0.696,0.28600000000000003,5.6175,1.4485000000000001,306.636,0.969,0.7955,6.852,2.2015000000000002,306.698,0.243,
0.3065,6.919,-0.4375,306.673,0.1,0.5135000000000001,7.248,1.2825,306.725,0.27,1.0314999999999999,6.216,1.2610000000000001,306.821,0.815,1.3635,5.249,2.1095,306.991,1.322,1.3900000000000001,5.264,-0.134,306.792,0.595,1.1675,6.192,-0.524,306.592,0.102,1.255,7.319,2.275,306.902,0.103,1.7320000000000002,7.784,1.7755,306.803,0.686,1.5945,7.196,-0.4455,306.861,0.1,0.7925,6.588,-1.024,306.869,0.1,0.3645,6.919,-0.5275000000000001,306.675,0.1,0.3045,7.322,-0.6355,306.916,0.1,0.1445,6.353,-1.349,306.744,0.1,0.333,6.167,0.457,306.651,0.534,1.0275,5.728,1.6585,306.663,1.346,1.4849999999999999,6.773,1.2495,306.632,0.139,
0.11850000000000001,6.978,-0.8165,306.312,0.1,0.289,5.9475,0.6225,306.31,0.1,1.09,4.9025,0.4615,306.3,0.93,1.0425,5.468,-0.5545,306.696,0.1,0.386,5.9704999999999995,-0.6755,306.71,0.1,-0.0165,5.587,-0.093,306.342,0.1,0.188,5.4815,-0.54,306.365,0.102,1.068,6.207,1.7525,306.366,1.3,1.176,6.207000000000001,-0.327,306.369,0.419,0.241,6.83,-0.8465,306.732,0.1,-0.1255,7.244,0.088,306.344,0.108,0.1705,7.609500000000001,1.036,306.404,0.306,0.1265,7.9735,0.052,306.272,0.124,0.3245,6.8285,-0.1045,306.083,0.153,1.316,6.3075,0.857,306.233,0.96,1.9375,5.923500000000001,-0.05550000000000001,306.127,0.102,
0.49800000000000005,7.061999999999999,-0.7235,306.514,0.1,0.08199999999999999,6.3705,-0.308,306.32,0.1,0.81,5.8915,0.17099999999999999,306.324,0.592,1.091,5.5825,0.11549999999999999,306.475,1.07,0.6535,5.6754999999999995,-0.505,306.663,0.1,0.503,5.716,0.712,306.386,0.114,0.764,5.9525,-0.17099999999999999,306.365,0.206,1.375,6.6465,1.541,306.456,1.219,1.436,6.136,0.046,306.309,0.643,0.5855,6.2725,-1.2125,306.706,0.1,0.182,7.2195,-0.41100000000000003,306.388,0.1,0.2925,8.2325,0.38949999999999996,306.389,0.127,0.1455,8.016,-0.197,306.251,0.1,0.4235,7.0515,-0.0515,306.154,0.149,1.213,6.2524999999999995,0.353,306.272,0.487,1.374,5.8629999999999995,-0.1125,306.273,0.1,
0.98,7.105,-0.4665,306.689,0.1,0.2705,6.78,-0.611,306.312,0.1,0.41100000000000003,6.635,-0.4845,306.217,0.195,0.8945000000000001,6.2715,0.51,306.438,1.138,1.1949999999999998,5.766500000000001,0.431,306.608,1.384,1.1945000000000001,5.909000000000001,0.8374999999999999,306.468,0.149,0.974,6.7219999999999995,-0.3335,306.397,0.118,1.1295,7.5375,0.4185,306.476,0.577,1.5135,6.765000000000001,0.948,306.439,0.809,1.399,6.0005,-0.259,306.561,0.102,1.1204999999999998,6.635,-1.0499999999999998,306.677,0.1,0.848,8.0145,-0.495,306.465,0.1,0.49,7.8655,-0.30300000000000005,306.4,0.1,0.598,7.242,-0.2175,306.472,0.1,0.9085,5.8995,-0.1735,306.493,0.102,0.6675,5.3095,-0.492,306.673,0.1,
1.1275,7.098000000000001,-0.35150000000000003,306.862,0.1,0.3715,7.171,-0.43,306.233,0.1,-0.011499999999999998,6.894,-0.7929999999999999,306.107,0.1,0.5465,6.557499999999999,0.32799999999999996,306.392,0.648,1.5305,5.915,1.252,306.6,1.269,1.5605,6.17,0.3555,306.468,0.1,0.7765,7.2875,-0.8025,306.382,0.1,0.4435,8.204,-0.6475,306.366,0.416,0.9735,7.776,1.2905000000000002,306.523,0.369,1.691,6.2855,1.877,306.503,1.082,1.9125,5.885,-0.8225,306.647,0.1,1.7095,7.029,-1.0425,306.674,0.1,1.444,7.5355,-0.37749999999999995,306.653,0.1,1.165,6.955500000000001,-0.2945,306.75,0.1,0.7484999999999999,5.2645,-0.6835,306.796,0.1,0.396,4.7485,-0.6214999999999999,306.891,0.1,
1.205,6.853,-0.46299999999999997,307.032,0.1,0.48400000000000004,7.083500000000001,-0.38649999999999995,306.411,0.1,-0.157,6.8235,-1.019,306.36,0.1,0.345,6.4135,0.2635,306.407,0.571,1.443,6.066,1.476,306.552,0.763,1.1965,6.7010000000000005,-0.241,306.535,0.1,0.09849999999999998,7.4275,-0.9635,306.519,0.1,-0.241,8.1135,-1.1465,306.298,0.14,0.3085,8.218,0.49450000000000005,306.414,0.222,1.214,6.6845,2.5035,306.531,0.886,1.9035,5.6935,0.7809999999999999,306.35,1.002,2.0629999999999997,5.928,-0.9969999999999999,306.738,0.1,1.7614999999999998,6.912,-0.626,306.935,0.1,1.0005,6.4399999999999995,-0.5660000000000001,306.891,0.1,0.3545,5.114,-0.77,306.807,0.1,0.498,5.108499999999999,0.5555,306.637,0.205,
1.512,6.184,-0.7745,307.05,0.1,0.871,6.2335,-0.7,306.826,0.1,0.123,6.4405,-1.3845,306.825,0.1,0.399,6.4595,0.6990000000000001,306.499,0.526,1.1099999999999999,6.647,1.255,306.556,0.44,0.4975,7.393,-0.6885,306.748,0.1,-0.6765000000000001,7.212,-0.7875,306.651,0.1,-0.9455,7.3309999999999995,-1.006,306.421,0.102,-0.4045,7.556000000000001,-0.46299999999999997,306.216,0.511,0.5475,6.896,0.9955,306.403,0.476,1.665,6.148,2.168,306.428,1.352,2.1094999999999997,5.4025,-0.23950000000000002,306.629,0.102,1.363,6.1685,-0.8575,306.985,0.1,0.25749999999999995,6.198499999999999,-1.1829999999999998,306.914,0.1,0.124,5.638,0.043,306.624,0.667,0.8150000000000001,5.834,1.8125,306.602,1.576,
1.6715,5.498,-0.8305,306.896,0.1,1.2325,5.4475,-0.613,306.879,0.1,0.7325,6.0365,-0.858,306.854,0.1,0.9015,6.929,1.1325,306.616,0.571,1.099,7.552,0.6515,306.565,0.245,0.22450000000000003,7.787,-0.853,306.879,0.1,-0.714,7.074,-0.7205,306.727,0.1,-0.7609999999999999,6.632,0.058499999999999996,306.49,0.202,-0.39349999999999996,6.5465,-0.263,306.278,0.772,0.16000000000000003,6.761,-0.6615,306.238,0.277,1.2775,6.5920000000000005,1.7955,306.529,1.238,2.108,5.6899999999999995,1.0985,306.451,1.022,1.3395000000000001,5.8385,-0.643,306.77,0.1,0.033,6.3134999999999994,-1.673,306.841,0.1,0.166,6.244999999999999,0.784,306.54,0.568,1.1915,6.1015,1.9255,306.58,1.861,
1.2934999999999999,5.525,-0.2685,306.74,0.217,1.1395,5.6805,0.019499999999999997,306.669,0.583,1.321,6.135,0.49,306.667,0.834,1.736,7.359500000000001,0.9275,306.627,0.516,1.6555,8.000499999999999,-0.07300000000000001,306.456,0.14,0.608,7.6665,-0.7145,306.797,0.1,-0.1845,7.2445,-0.8385,306.907,0.1,0.1775,6.7075,0.8380000000000001,306.622,0.477,0.4205,6.279,0.5705,306.63,0.509,0.1205,6.5405,-1.036,306.425,0.114,0.772,6.6395,0.6345000000000001,306.485,0.634,1.9645,6.136,2.0105,306.503,1.807,1.5865,5.9945,-0.20900000000000002,306.663,0.119,0.195,6.5555,-1.6665,306.721,0.1,0.22649999999999998,6.628,0.475,306.515,0.319,1.49,6.1259999999999994,1.6764999999999999,306.546,1.563,
0.8625,6.1175,0.4275,306.742,1.444,0.851,6.5415,0.307,306.549,0.61,1.381,6.694000000000001,0.8035,306.578,0.377,2.038,7.2415,0.48250000000000004,306.444,0.434,2.0595,7.5565,-0.4505,306.363,0.1,1.2885,7.3085,-0.5409999999999999,306.768,0.1,0.5735,7.433,-0.8620000000000001,307.189,0.1,0.858,7.1935,0.2015,306.767,0.1,1.08,6.7,0.519,306.776,0.27,0.40700000000000003,6.5489999999999995,-0.6865,306.817,0.1,0.495,6.3925,-0.41800000000000004,306.445,0.352,1.6415,6.1635,1.768,306.572,1.538,1.6005,6.2265,0.013000000000000001,306.654,0.358,0.32999999999999996,6.677,-1.271,306.663,0.1,0.2215,6.75,-0.5325,306.408,0.118,1.562,6.254,1.7145000000000001,306.526,1.037,
0.94,6.5195,0.8475,306.71,1.847,0.9424999999999999,6.992,0.14200000000000002,306.455,0.379,1.0735,7.1675,0.020499999999999997,306.398,0.126,1.624,6.8735,0.1905,306.311,0.272,2.0545,6.747,-0.2375,306.499,0.101,1.9180000000000001,6.9885,-0.4285,306.869,0.1,1.44,7.3740000000000006,-0.6759999999999999,307.233,0.1,1.3275000000000001,7.3915,-0.656,306.998,0.1,1.244,7.0985,-0.22199999999999998,306.836,0.101,0.44749999999999995,6.612,-0.6619999999999999,307.165,0.1,0.2375,6.1594999999999995,-1.119,306.622,0.141,1.3094999999999999,6.075,1.3155000000000001,306.627,0.954,1.613,6.4025,0.125,306.717,0.18,0.566,6.5545,-0.8400000000000001,306.722,0.1,0.21200000000000002,6.602,-1.2095,306.403,0.1,1.386,6.505,1.5695000000000001,306.477,0.578,
1.2785,6.6419999999999995,0.9890000000000001,306.699,1.642,1.4485,6.8695,-0.062,306.514,0.329,1.1255,7.185,-0.6054999999999999,306.425,0.1,1.35,6.7415,-0.208,306.439,0.113,2.13,6.372,0.21500000000000002,306.528,0.293,2.497,6.728999999999999,-0.363,306.855,0.1,2.114,7.0805,-0.516,307.08,0.1,1.5270000000000001,7.1605,-0.7785,307.189,0.1,0.8935,7.153499999999999,-0.667,307.167,0.1,0.048000000000000015,6.53,-1.088,307.228,0.1,0.07799999999999999,5.9965,-0.6465000000000001,306.641,0.152,1.4180000000000001,6.1795,1.814,306.679,0.613,2.214,6.5725,0.318,306.686,0.119,1.4689999999999999,6.253,-0.6885,306.789,0.1,0.7090000000000001,6.221500000000001,-1.218,306.732,0.1,1.3405,6.823,0.6419999999999999,306.488,0.286,
1.4805,6.872,0.951,306.729,0.842,2.064,6.749499999999999,-0.0775,306.635,0.269,1.763,6.657,-0.8805000000000001,306.737,0.1,1.7585,6.503,-0.4595,306.8,0.1,2.456,6.443,0.241,306.57,0.124,2.702,6.615,-0.489,306.946,0.1,2.0335,6.72,-0.8260000000000001,307.325,0.1,1.1675,6.6765,-0.7475,307.424,0.1,0.4495,6.912,-0.6845,307.246,0.1,0.0395,6.3415,-1.34,306.764,0.1,0.5215000000000001,5.747,0.787,306.576,0.804,1.827,6.298,2.6635,306.71,0.645,2.769,6.596,0.35150000000000003,306.557,0.1,2.349,5.890000000000001,-0.913,306.88,0.1,1.4055,5.7495,-1.2615,307.119,0.1,1.4665,7.049,-0.246,306.617,0.106,
1.239,7.151,1.0245,306.738,0.1,2.2765,6.788,0.6000000000000001,306.665,0.794,2.401,5.779999999999999,-0.784,306.847,0.1,2.375,5.734500000000001,-0.7445,306.97,0.1,2.5454999999999997,6.4375,-0.3765,306.888,0.1,2.3135,6.6965,-0.46599999999999997,307.132,0.1,1.599,6.6745,-0.558,307.402,0.1,0.8955,6.425,-0.613,307.473,0.1,0.4525,6.6305,-0.583,307.112,0.1,0.43000000000000005,6.214499999999999,-1.166,306.325,0.183,1.0,5.618499999999999,1.694,306.553,0.981,1.9060000000000001,6.3655,2.5285,306.687,0.544,2.2955,6.526,-0.1405,306.685,0.1,1.6105,5.686,-1.1684999999999999,306.983,0.1,0.8200000000000001,5.452500000000001,-1.1404999999999998,307.047,0.1,1.115,7.029,0.4155,306.614,0.107,
0.642,7.1495,0.99,306.74,0.1,1.8855,6.846,1.7865,306.71,1.122,2.5060000000000002,5.264,0.0075,306.684,0.158,2.295,4.932,-1.0605,307.008,0.1,1.904,6.080500000000001,-1.298,307.195,0.1,1.7894999999999999,6.654,-0.0875,307.012,0.1,1.759,7.0055,1.4215,306.97,0.103,1.517,6.853,0.373,307.17,0.1,1.071,6.6594999999999995,-0.5585,307.074,0.1,0.7464999999999999,6.289999999999999,-0.9735,306.362,0.1,0.927,5.9535,1.4355,306.497,0.604,1.304,6.6899999999999995,1.2305000000000001,306.652,0.237,0.9895,6.5725,-0.9385,306.875,0.1,0.19050000000000003,5.7865,-0.8385,306.861,0.1,0.0020000000000000018,5.406499999999999,-0.003000000000000001,306.726,0.1,0.6415000000000001,6.92,1.865,306.636,0.316,
0.3995,7.0275,0.4165,306.754,0.1,1.2805,7.066,2.151,306.792,0.805,1.982,5.693,0.9765,306.705,0.911,1.8824999999999998,4.902,0.1225,306.945,0.183,1.3820000000000001,5.541,-1.5354999999999999,307.067,0.1,1.3519999999999999,6.3765,-0.059,306.761,0.1,1.8319999999999999,7.2735,3.0335,306.934,0.288,2.1029999999999998,7.5009999999999994,1.5965,306.897,0.673,1.6425,6.986000000000001,-0.5195000000000001,307.017,0.1,0.9045,6.5035,-0.9239999999999999,306.616,0.1,0.667,6.637499999999999,0.497,306.438,0.129,0.57,7.1455,-0.0675,306.695,0.102,0.005499999999999977,6.4905,-1.42,306.853,0.1,-0.2925,5.977,-0.028499999999999998,306.684,0.685,0.228,5.585,1.346,306.627,0.898,0.836,6.852,2.177,306.687,0.216,
0.122,7.005,-0.369,306.672,0.1,0.4565,7.25,1.2325,306.709,0.251,1.077,6.164,1.143,306.812,0.738,1.426,5.154,2.0365,306.989,1.25,1.3664999999999998,5.276,-0.216,306.807,0.21,1.0899999999999999,6.216,-0.489,306.594,0.101,1.2574999999999998,7.33,2.3395,306.894,0.103,1.8094999999999999,7.75,1.682,306.798,0.556,1.6125,7.182,-0.462,306.894,0.1,0.737,6.62,-0.9185,306.939,0.1,0.3175,7.013,-0.516,306.712,0.1,0.20350000000000001,7.324,-0.617,306.955,0.1,-0.04699999999999999,6.346,-1.246,306.763,0.1,0.18650000000000003,6.047,0.444,306.626,0.49,1.0105,5.737,1.5505,306.646,1.235,1.574,6.817,1.2645,306.625,0.135,
0.08,6.9895,-0.6905,306.39,0.1,0.425,6.0385,0.5605,306.307,0.1,1.1855,5.273,0.27,306.424,0.858,1.0665,5.858499999999999,-0.521,306.877,0.1,0.45899999999999996,6.125500000000001,-0.5115,306.828,0.1,-0.015,5.5425,-0.124,306.552,0.1,0.1305,5.512499999999999,-0.48850000000000005,306.49,0.1,1.0150000000000001,6.1715,1.5835,306.35,1.201,1.072,6.2535,-0.2935,306.442,0.317,0.1455,6.9145,-0.6735,306.786,0.1,-0.1815,7.2735,0.0865,306.336,0.105,0.0485,7.727500000000001,0.8815,306.46,0.229,-0.01899999999999999,7.9445,0.0935,306.363,0.115,0.27049999999999996,6.8580000000000005,-0.1075,306.221,0.111,1.2854999999999999,6.3235,0.7165,306.223,0.844,1.8315000000000001,6.014,-0.0835,306.179,0.102,
0.5339999999999999,7.103,-0.5865,306.632,0.1,0.3095,6.513999999999999,-0.28800000000000003,306.385,0.1,0.9955,6.0565,0.034999999999999996,306.384,0.523,1.0935000000000001,5.773,0.006999999999999999,306.608,0.769,0.6275000000000001,5.7844999999999995,-0.431,306.791,0.1,0.486,5.66,0.6495,306.438,0.102,0.724,5.933,-0.1845,306.432,0.166,1.3375,6.6335,1.388,306.438,1.117,1.319,6.166499999999999,-0.014499999999999999,306.419,0.473,0.4655,6.406000000000001,-1.054,306.805,0.1,0.1575,7.3545,-0.362,306.427,0.1,0.26549999999999996,8.309000000000001,0.3255,306.39,0.12,0.106,7.993,-0.1225,306.369,0.1,0.357,7.031000000000001,-0.092,306.358,0.127,1.0985,6.312,0.2655,306.33,0.355,1.2905,6.073,-0.08349999999999999,306.335,0.1,
1.0590000000000002,7.1415,-0.363,306.814,0.1,0.4325,6.837999999999999,-0.5720000000000001,306.417,0.1,0.517,6.6205,-0.485,306.268,0.163,0.8799999999999999,6.253500000000001,0.389,306.452,1.034,1.148,5.7805,0.3385,306.651,0.996,1.1785,5.9,0.8035,306.464,0.146,0.97,6.697,-0.3025,306.402,0.114,1.1425,7.5105,0.33299999999999996,306.468,0.506,1.469,6.749,0.7865,306.466,0.731,1.2890000000000001,6.0169999999999995,-0.29100000000000004,306.689,0.1,1.0314999999999999,6.759,-0.958,306.795,0.1,0.8305,8.073,-0.4285,306.515,0.1,0.5255000000000001,7.881,-0.2365,306.537,0.1,0.538,7.177,-0.2155,306.694,0.1,0.7755,6.046,-0.1295,306.59,0.1,0.622,5.6955,-0.3885,306.725,0.1,
1.157,7.1475,-0.2655,306.975,0.1,0.405,7.118499999999999,-0.40800000000000003,306.323,0.1,-0.005500000000000001,6.8294999999999995,-0.7050000000000001,306.205,0.1,0.531,6.4795,0.28,306.385,0.604,1.4855,5.8805,1.0745,306.591,1.129,1.508,6.2215,0.3505,306.461,0.1,0.7024999999999999,7.244,-0.692,306.448,0.1,0.3835,8.0895,-0.649,306.408,0.319,1.006,7.709999999999999,1.1385,306.52,0.339,1.7519999999999998,6.2395,1.7334999999999998,306.517,1.005,1.894,5.9105,-0.7905,306.75,0.1,1.663,7.112500000000001,-0.9259999999999999,306.779,0.1,1.4435,7.605,-0.31999999999999995,306.809,0.1,1.1724999999999999,6.942,-0.21100000000000002,306.904,0.1,0.7555000000000001,5.4505,-0.5595,306.914,0.1,0.3685,5.041,-0.6034999999999999,307.062,0.1,
1.1425,6.9399999999999995,-0.3535,307.126,0.1,0.444,7.055999999999999,-0.3325,306.48,0.1,-0.17149999999999999,6.798,-0.865,306.482,0.1,0.33999999999999997,6.3469999999999995,0.2405,306.402,0.528,1.396,6.054,1.2675,306.545,0.67,1.138,6.8015,-0.21400000000000002,306.602,0.1,-0.03699999999999998,7.3575,-0.8049999999999999,306.64,0.1,-0.4635,7.97,-1.0745,306.392,0.12,0.229,8.157499999999999,0.43300000000000005,306.384,0.248,1.306,6.7065,2.402,306.523,0.817,1.9625000000000001,5.623,0.6485,306.373,0.723,2.0245,6.047000000000001,-0.9255,306.856,0.1,1.7469999999999999,7.0235,-0.517,307.081,0.1,1.0905,6.525499999999999,-0.42,306.994,0.1,0.457,5.163,-0.7315,306.979,0.1,0.508,5.1145,0.41300000000000003,306.774,0.128,
1.44,6.2995,-0.6325000000000001,307.139,0.1,0.8340000000000001,6.2985,-0.6055,306.917,0.1,0.10850000000000001,6.432,-1.193,306.934,0.1,0.40149999999999997,6.4235,0.6285000000000001,306.493,0.483,1.0795,6.6845,1.044,306.55,0.369,0.47250000000000003,7.4595,-0.609,306.872,0.1,-0.7245,7.1690000000000005,-0.6439999999999999,306.799,0.1,-1.07,7.252000000000001,-0.9119999999999999,306.579,0.1,-0.5055000000000001,7.6195,-0.4345,306.192,0.429,0.5609999999999999,6.976,0.976,306.373,0.437,1.7445,6.0895,1.964,306.401,1.262,2.132,5.496,-0.31,306.761,0.1,1.366,6.2855,-0.7150000000000001,307.113,0.1,0.301,6.3215,-1.0045,307.035,0.1,0.138,5.5535,-0.026,306.709,0.487,0.8125,5.768000000000001,1.633,306.609,1.468,
1.693,5.582,-0.7275,306.999,0.1,1.233,5.5120000000000005,-0.579,306.977,0.1,0.7070000000000001,6.0065,-0.77,306.904,0.1,0.9139999999999999,6.92,1.016,306.617,0.536,1.126,7.586,0.5165,306.563,0.211,0.265,7.7524999999999995,-0.7230000000000001,306.986,0.1,-0.705,7.09,-0.6115,306.888,0.1,-0.8634999999999999,6.589,0.038,306.623,0.124,-0.58,6.733,-0.25,306.342,0.562,0.048000000000000015,6.848,-0.5835,306.247,0.234,1.3465,6.6080000000000005,1.67,306.519,1.179,2.1945,5.7125,0.8835,306.506,0.739,1.3250000000000002,5.9315,-0.562,306.883,0.1,-0.019000000000000017,6.394500000000001,-1.4775,306.961,0.1,0.13599999999999998,6.194,0.716,306.54,0.537,1.1945000000000001,6.1235,1.745,306.561,1.78,
1.377,5.5280000000000005,-0.28400000000000003,306.816,0.132,1.158,5.6765,-0.027499999999999997,306.7,0.43,1.3035,6.1035,0.4095,306.668,0.744,1.7475,7.355,0.8380000000000001,306.626,0.477,1.7085,7.962,-0.0805,306.474,0.125,0.71,7.5745000000000005,-0.5895,306.872,0.1,-0.1245,7.291,-0.7295,307.055,0.1,0.04999999999999999,6.6985,0.708,306.636,0.354,0.1445,6.4815000000000005,0.486,306.672,0.406,-0.0925,6.6255,-0.9185,306.491,0.108,0.7435,6.689500000000001,0.6265000000000001,306.463,0.575,2.0,6.1285,1.7879999999999998,306.49,1.703,1.5555,6.0665,-0.1955,306.734,0.103,0.1465,6.578,-1.47,306.817,0.1,0.2285,6.641,0.4565,306.482,0.298,1.4820000000000002,6.1579999999999995,1.471,306.531,1.464,
0.95,6.1025,0.3315,306.757,1.341,0.8734999999999999,6.5195,0.27,306.548,0.548,1.365,6.701,0.7050000000000001,306.575,0.309,2.003,7.285,0.4335,306.438,0.396,2.0565,7.545,-0.393,306.431,0.1,1.35,7.265000000000001,-0.47,306.884,0.1,0.622,7.449999999999999,-0.7495,307.309,0.1,0.77,7.244,0.123,306.785,0.1,0.8815,6.862,0.4075,306.785,0.22,0.267,6.632,-0.5780000000000001,306.936,0.1,0.47100000000000003,6.443,-0.34550000000000003,306.451,0.269,1.6215,6.1325,1.5765,306.559,1.417,1.5265,6.275,-0.014499999999999999,306.712,0.275,0.2565,6.678,-1.0819999999999999,306.756,0.1,0.20500000000000002,6.7805,-0.49,306.396,0.111,1.5545,6.2445,1.5135,306.517,0.968,
1.002,6.5515,0.7385,306.704,1.76,1.01,7.0440000000000005,0.1455,306.449,0.341,1.1709999999999998,7.247999999999999,0.0225,306.39,0.118,1.68,7.0305,0.14650000000000002,306.301,0.224,2.042,6.8934999999999995,-0.2465,306.645,0.1,1.8675000000000002,7.018000000000001,-0.40700000000000003,307.053,0.1,1.3784999999999998,7.327999999999999,-0.5860000000000001,307.341,0.1,1.2355,7.4265,-0.621,307.09,0.1,1.1615,7.185499999999999,-0.257,306.952,0.1,0.473,6.675000000000001,-0.5465,307.32,0.1,0.315,6.1615,-1.0470000000000002,306.765,0.109,1.323,6.018,1.0985,306.62,0.891,1.5699999999999998,6.4145,0.031,306.722,0.164,0.484,6.5600000000000005,-0.6839999999999999,306.811,0.1,0.147,6.6434999999999995,-1.0859999999999999,306.532,0.1,1.411,6.4945,1.4035000000000002,306.467,0.544,
1.3074999999999999,6.664,0.8400000000000001,306.688,1.528,1.524,6.968999999999999,-0.07250000000000001,306.538,0.273,1.3365,7.3145,-0.5255,306.501,0.1,1.576,6.93,-0.209,306.535,0.108,2.1875,6.5535,0.11,306.738,0.226,2.3775000000000004,6.7509999999999994,-0.3625,307.074,0.1,1.9825,7.019,-0.425,307.188,0.1,1.4625,7.144,-0.675,307.316,0.1,0.8905000000000001,7.1515,-0.617,307.316,0.1,0.0995,6.5625,-0.976,307.349,0.1,0.13399999999999998,5.952500000000001,-0.6285000000000001,306.78,0.112,1.434,6.1425,1.6035,306.678,0.563,2.1755,6.5440000000000005,0.197,306.714,0.114,1.412,6.256500000000001,-0.5860000000000001,306.897,0.1,0.7124999999999999,6.2545,-1.0165000000000002,306.899,0.1,1.3920000000000001,6.7735,0.5295,306.502,0.226,
1.4715,6.8445,0.747,306.725,0.782,2.0195,6.7509999999999994,-0.154,306.721,0.214,1.8610000000000002,6.7345,-0.768,306.857,0.1,1.939,6.624499999999999,-0.387,306.928,0.1,2.488,6.506,0.149,306.77,0.116,2.559,6.5595,-0.4905,307.163,0.1,1.9095,6.658,-0.7230000000000001,307.456,0.1,1.1365,6.6445,-0.6279999999999999,307.54,0.1,0.41200000000000003,6.8580000000000005,-0.6025,307.336,0.1,-0.083,6.3545,-1.276,306.834,0.1,0.42299999999999993,5.746,0.763,306.609,0.585,1.839,6.297499999999999,2.5229999999999997,306.705,0.578,2.7880000000000003,6.5565,0.28800000000000003,306.623,0.1,2.383,5.8735,-0.8235,306.988,0.1,1.5105,5.717499999999999,-1.053,307.257,0.1,1.4865,6.8805,-0.32799999999999996,306.765,0.101,
1.2954999999999999,7.1345,0.8634999999999999,306.742,0.1,2.2504999999999997,6.6850000000000005,0.4675,306.714,0.579,2.371,5.7605,-0.712,306.935,0.1,2.3605,5.8285,-0.623,307.067,0.1,2.4695,6.4605,-0.361,307.048,0.1,2.1755,6.5745000000000005,-0.4775,307.299,0.1,1.4780000000000002,6.542,-0.5355000000000001,307.542,0.1,0.8085,6.34,-0.5755,307.571,0.1,0.3,6.554,-0.5135000000000001,307.144,0.1,0.16,6.2185,-1.142,306.395,0.157,0.827,5.672000000000001,1.6684999999999999,306.535,0.935,1.9495,6.407,2.4165,306.68,0.456,2.3899999999999997,6.5205,-0.1335,306.723,0.1,1.6965,5.6145,-1.079,307.053,0.1,0.929,5.35,-1.03,307.145,0.1,1.146,6.83,0.326,306.741,0.101,
0.6845,7.1955,0.9470000000000001,306.74,0.1,1.9285,6.7615,1.6385,306.708,1.057,2.471,5.199,-0.042,306.732,0.113,2.1950000000000003,4.9945,-0.9895,307.115,0.1,1.7535,6.159,-1.1684999999999999,307.308,0.1,1.6360000000000001,6.568,-0.091,307.09,0.1,1.6444999999999999,6.84,1.3595,307.038,0.1,1.3824999999999998,6.6925,0.28600000000000003,307.249,0.1,0.848,6.567,-0.5145,307.103,0.1,0.49250000000000005,6.2955,-0.9319999999999999,306.472,0.1,0.808,6.0315,1.3925,306.476,0.536,1.3255,6.758,1.105,306.634,0.19,1.017,6.5895,-0.8725,306.901,0.1,0.19300000000000003,5.6655,-0.7925,306.881,0.1,0.0295,5.311999999999999,-0.033,306.757,0.1,0.6950000000000001,6.8065,1.783,306.663,0.245,
0.3185,7.128,0.4535,306.761,0.1,1.3155000000000001,7.044,2.0255,306.786,0.72,2.0145,5.6259999999999994,0.8320000000000001,306.706,0.835,1.8039999999999998,4.8805,0.0595,307.005,0.121,1.187,5.6285,-1.423,307.14,0.1,1.184,6.412,-0.031,306.788,0.1,1.7814999999999999,7.211,3.004,306.926,0.266,2.0545,7.3845,1.4695,306.936,0.491,1.4585,6.9094999999999995,-0.498,307.056,0.1,0.687,6.5325,-0.8320000000000001,306.745,0.1,0.58,6.7490000000000006,0.4395,306.442,0.117,0.524,7.1690000000000005,-0.1425,306.729,0.1,-0.086,6.501,-1.312,306.888,0.1,-0.374,5.8845,-0.036500000000000005,306.671,0.65,0.198,5.5525,1.2269999999999999,306.621,0.822,0.878,6.8385,2.1254999999999997,306.676,0.207,
0.005000000000000001,7.125,-0.29800000000000004,306.654,0.1,0.44999999999999996,7.254,1.1565,306.703,0.233,1.1195,6.099,1.013,306.804,0.641,1.4325,5.089,1.939,306.992,1.164,1.248,5.343,-0.276,306.839,0.128,0.963,6.318,-0.45199999999999996,306.59,0.112,1.275,7.349,2.375,306.88,0.105,1.8800000000000001,7.702,1.5510000000000002,306.788,0.453,1.5725000000000002,7.128,-0.47,306.939,0.1,0.6355000000000001,6.667,-0.7995,307.06,0.1,0.2755,7.143,-0.5015000000000001,306.8,0.1,0.1515,7.303,-0.5780000000000001,307.015,0.1,-0.151,6.352,-1.1255000000000002,306.797,0.1,0.10750000000000001,5.993,0.4155,306.612,0.447,0.9985,5.738,1.4340000000000002,306.634,1.109,1.6505,6.853,1.2525,306.619,0.139,
0.053,7.009,-0.5635,306.48,0.1,0.59,6.151,0.486,306.304,0.1,1.2785,5.7225,0.087,306.575,0.785,1.0735000000000001,6.295999999999999,-0.47850000000000004,307.073,0.1,0.5345,6.2985,-0.35250000000000004,306.953,0.1,-0.0010000000000000009,5.5205,-0.15150000000000002,306.787,0.1,0.08550000000000002,5.5555,-0.4285,306.63,0.1,0.9585,6.136,1.4055,306.334,1.099,0.9550000000000001,6.3125,-0.2565,306.524,0.2,0.04550000000000001,7.004,-0.506,306.844,0.1,-0.2435,7.303,0.0775,306.327,0.102,-0.096,7.8585,0.73,306.534,0.163,-0.182,7.912000000000001,0.135,306.476,0.107,0.219,6.9085,-0.111,306.389,0.105,1.252,6.341,0.575,306.214,0.728,1.701,6.106,-0.1115,306.245,0.101,
0.616,7.1515,-0.45,306.762,0.1,0.608,6.6855,-0.2735,306.465,0.1,1.2085,6.2620000000000005,-0.094,306.459,0.454,1.088,5.999499999999999,-0.0885,306.766,0.427,0.602,5.9094999999999995,-0.35250000000000004,306.932,0.1,0.47,5.6075,0.581,306.497,0.101,0.684,5.9145,-0.19,306.513,0.132,1.2965,6.62,1.2269999999999999,306.42,1.013,1.187,6.212,-0.0695,306.553,0.279,0.34049999999999997,6.5595,-0.892,306.912,0.1,0.1435,7.5024999999999995,-0.3175,306.473,0.1,0.2475,8.379000000000001,0.264,306.394,0.115,0.07550000000000001,7.9695,-0.05399999999999999,306.507,0.1,0.285,7.009,-0.128,306.603,0.113,0.9595,6.3740000000000006,0.178,306.403,0.222,1.183,6.2785,-0.0615,306.411,0.1,
1.183,7.177,-0.2615,306.948,0.1,0.646,6.9045000000000005,-0.532,306.545,0.1,0.6455,6.6075,-0.4805,306.331,0.13,0.863,6.2455,0.2725,306.471,0.928,1.0979999999999999,5.8004999999999995,0.254,306.701,0.546,1.1635,5.8945,0.7625,306.461,0.141,0.97,6.6685,-0.26849999999999996,306.409,0.11,1.1564999999999999,7.4765,0.2485,306.461,0.437,1.4115,6.736,0.627,306.501,0.652,1.164,6.0465,-0.317,306.832,0.1,0.9359999999999999,6.9,-0.8615,306.925,0.1,0.819,8.126000000000001,-0.36050000000000004,306.57,0.1,0.577,7.8975,-0.177,306.69,0.1,0.47450000000000003,7.095,-0.2095,306.94,0.1,0.6205,6.205500000000001,-0.089,306.697,0.1,0.5665,6.1075,-0.28700000000000003,306.776,0.1,
1.217,7.1899999999999995,-0.1825,307.095,0.1,0.462,7.0545,-0.3855,306.436,0.1,0.014,6.760999999999999,-0.616,306.324,0.1,0.52,6.4055,0.22949999999999998,306.379,0.56,1.4385,5.843999999999999,0.9005,306.581,0.978,1.4585,6.2825,0.33999999999999997,306.454,0.1,0.63,7.193,-0.5795,306.525,0.1,0.318,7.959,-0.6415,306.461,0.206,1.033,7.6295,0.9805,306.518,0.314,1.8035,6.1915,1.5844999999999998,306.535,0.924,1.859,5.952,-0.7515000000000001,306.861,0.1,1.6055,7.2044999999999995,-0.8055,306.892,0.1,1.44,7.677,-0.26549999999999996,306.979,0.1,1.1755,6.922,-0.132,307.066,0.1,0.7585,5.674,-0.436,307.036,0.1,0.3365,5.390499999999999,-0.573,307.24,0.1,
1.087,7.0215,-0.249,307.222,0.1,0.4145,7.021,-0.2815,306.562,0.1,-0.17,6.7765,-0.7105,306.621,0.1,0.346,6.282,0.21150000000000002,306.396,0.485,1.349,6.037,1.0605,306.538,0.575,1.0855000000000001,6.909,-0.1885,306.68,0.1,-0.17049999999999998,7.279,-0.6455,306.774,0.1,-0.7024999999999999,7.807499999999999,-0.996,306.503,0.109,0.1385,8.07,0.362,306.347,0.268,1.396,6.721,2.2895,306.515,0.751,2.0085,5.5595,0.514,306.401,0.404,1.967,6.1899999999999995,-0.8475,306.983,0.1,1.7265000000000001,7.1419999999999995,-0.4085,307.235,0.1,1.197,6.6225,-0.282,307.101,0.1,0.5835,5.251,-0.6855,307.168,0.1,0.52,5.156499999999999,0.278,306.928,0.113,
1.3639999999999999,6.4205000000000005,-0.49450000000000005,307.23,0.1,0.8049999999999999,6.377,-0.5115000000000001,307.016,0.1,0.111,6.428,-0.9970000000000001,307.053,0.1,0.415,6.3855,0.5515,306.486,0.44,1.0474999999999999,6.7155000000000005,0.8345,306.545,0.304,0.452,7.5205,-0.528,307.007,0.1,-0.7545000000000001,7.125,-0.501,306.96,0.1,-1.1735,7.161,-0.8115,306.752,0.1,-0.589,7.67,-0.4115,306.163,0.341,0.5795,7.0445,0.952,306.338,0.396,1.8105000000000002,6.0280000000000005,1.745,306.372,1.166,2.1355,5.622,-0.372,306.905,0.1,1.3744999999999998,6.418,-0.571,307.25,0.1,0.37649999999999995,6.4605,-0.825,307.165,0.1,0.1755,5.484500000000001,-0.094,306.806,0.285,0.8140000000000001,5.7059999999999995,1.4489999999999998,306.62,1.355,
1.7175,5.6825,-0.6225,307.11,0.1,1.2405,5.5995,-0.54,307.083,0.1,0.6910000000000001,5.9795,-0.6755,306.957,0.1,0.9295,6.9115,0.8945,306.618,0.501,1.1485,7.612500000000001,0.3845,306.56,0.179,0.3085,7.7065,-0.5925,307.1,0.1,-0.6795,7.112,-0.5035000000000001,307.061,0.1,-0.942,6.542,0.0245,306.773,0.111,-0.7505,6.939,-0.23399999999999999,306.422,0.326,-0.05499999999999999,6.926,-0.5025000000000001,306.257,0.191,1.422,6.6175,1.5275,306.509,1.116,2.276,5.7575,0.6715,306.571,0.414,1.3125,6.042,-0.47850000000000004,307.008,0.1,-0.05099999999999999,6.483499999999999,-1.2725,307.09,0.1,0.122,6.1434999999999995,0.6385000000000001,306.542,0.504,1.201,6.144,1.562,306.542,1.695,
1.4689999999999999,5.5445,-0.292,306.903,0.115,1.1800000000000002,5.684,-0.0715,306.736,0.258,1.29,6.074,0.3325,306.67,0.655,1.7605,7.348,0.744,306.625,0.438,1.762,7.9125,-0.0875,306.496,0.112,0.8240000000000001,7.48,-0.4675,306.953,0.1,-0.05450000000000001,7.342499999999999,-0.621,307.212,0.1,-0.09000000000000001,6.6865,0.5785,306.653,0.222,-0.14250000000000002,6.718,0.40800000000000003,306.727,0.309,-0.2855,6.7105,-0.7975,306.562,0.104,0.739,6.734500000000001,0.608,306.439,0.515,2.0335,6.1274999999999995,1.559,306.478,1.594,1.5205,6.147,-0.18,306.814,0.102,0.11550000000000002,6.5995,-1.2650000000000001,306.918,0.1,0.24800000000000003,6.6525,0.429,306.443,0.275,1.4695,6.189,1.2650000000000001,306.517,1.359,
1.0415,6.0895,0.243,306.777,1.233,0.8965,6.495,0.22949999999999998,306.548,0.485,1.3479999999999999,6.704,0.6035,306.572,0.248,1.968,7.329000000000001,0.38049999999999995,306.431,0.361,2.0585,7.5245,-0.3385,306.513,0.1,1.4225,7.2195,-0.40249999999999997,307.011,0.1,0.673,7.461,-0.6365,307.432,0.1,0.662,7.289999999999999,0.045000000000000005,306.804,0.1,0.667,7.0465,0.3015,306.798,0.179,0.14150000000000001,6.720000000000001,-0.47050000000000003,307.064,0.1,0.46699999999999997,6.502000000000001,-0.27649999999999997,306.461,0.186,1.5975,6.1015,1.3805,306.548,1.286,1.447,6.3215,-0.0385,306.78,0.183,0.1985,6.675,-0.89,306.856,0.1,0.20400000000000001,6.813,-0.4495,306.386,0.105,1.54,6.2305,1.305,306.508,0.894,
1.0615,6.582000000000001,0.636,306.699,1.666,1.0750000000000002,7.1005,0.14150000000000001,306.444,0.303,1.2695,7.326499999999999,0.018,306.383,0.11,1.743,7.207000000000001,0.1015,306.293,0.179,2.0300000000000002,7.052,-0.2535,306.805,0.1,1.8094999999999999,7.029999999999999,-0.3845,307.244,0.1,1.3090000000000002,7.2620000000000005,-0.497,307.447,0.1,1.1325,7.4565,-0.5834999999999999,307.186,0.1,1.069,7.2795000000000005,-0.2875,307.084,0.1,0.5065000000000001,6.7435,-0.433,307.484,0.1,0.4095,6.179,-0.9710000000000001,306.923,0.104,1.338,5.959,0.8795,306.614,0.825,1.529,6.4245,-0.055,306.726,0.15,0.421,6.567,-0.529,306.909,0.1,0.09999999999999998,6.6905,-0.9604999999999999,306.68,0.1,1.4295,6.479,1.2255,306.456,0.508,
1.335,6.686,0.6990000000000001,306.676,1.403,1.604,7.087,-0.08399999999999999,306.569,0.215,1.5685,7.452500000000001,-0.44899999999999995,306.59,0.1,1.8255,7.1375,-0.21,306.654,0.104,2.2365,6.760999999999999,0.013999999999999999,306.985,0.16,2.2279999999999998,6.750500000000001,-0.355,307.304,0.1,1.8335000000000001,6.9384999999999994,-0.3365,307.296,0.1,1.3945,7.124,-0.5720000000000001,307.45,0.1,0.89,7.1495,-0.5635,307.473,0.1,0.16549999999999998,6.599,-0.861,307.474,0.1,0.20700000000000002,5.912,-0.6085,306.935,0.105,1.4485,6.102,1.3875000000000002,306.677,0.513,2.1295,6.5165,0.0835,306.746,0.109,1.3639999999999999,6.265499999999999,-0.484,307.017,0.1,0.7335,6.294499999999999,-0.8155,307.083,0.1,1.4405,6.7135,0.4165,306.523,0.16,
1.458,6.8134999999999994,0.5485,306.721,0.719,1.9645,6.760999999999999,-0.223,306.827,0.154,1.966,6.825,-0.653,306.992,0.1,2.1334999999999997,6.750500000000001,-0.316,307.07,0.1,2.504,6.5805,0.063,307.014,0.107,2.3825000000000003,6.491,-0.483,307.398,0.1,1.7694999999999999,6.589499999999999,-0.62,307.59,0.1,1.1055,6.6145,-0.5095,307.659,0.1,0.3785,6.8045,-0.5195000000000001,307.429,0.1,-0.19949999999999998,6.3685,-1.2029999999999998,306.908,0.1,0.3335,5.7425,0.7344999999999999,306.645,0.334,1.8515000000000001,6.2955000000000005,2.3705,306.7,0.51,2.793,6.5145,0.225,306.703,0.1,2.4065,5.8605,-0.732,307.107,0.1,1.6145,5.695,-0.8465,307.403,0.1,1.498,6.686,-0.401,306.936,0.1,
1.3485,7.112,0.6995,306.745,0.1,2.209,6.573499999999999,0.3385,306.774,0.332,2.3295000000000003,5.753,-0.635,307.03,0.1,2.332,5.9315,-0.5035000000000001,307.17,0.1,2.3705,6.4815000000000005,-0.34450000000000003,307.227,0.1,2.02,6.445,-0.483,307.476,0.1,1.351,6.4045,-0.5115000000000001,307.684,0.1,0.721,6.259,-0.533,307.67,0.1,0.14750000000000002,6.480499999999999,-0.442,307.177,0.1,-0.11499999999999999,6.221500000000001,-1.1099999999999999,306.482,0.127,0.652,5.7295,1.6345,306.515,0.891,1.995,6.45,2.292,306.673,0.372,2.4815,6.5120000000000005,-0.1275,306.766,0.1,1.7774999999999999,5.5445,-0.984,307.129,0.1,1.033,5.2545,-0.9199999999999999,307.249,0.1,1.1705,6.6015,0.23650000000000002,306.888,0.1,
0.7295,7.242,0.895,306.739,0.1,1.968,6.6715,1.4849999999999999,306.706,0.992,2.423,5.141500000000001,-0.09,306.787,0.106,2.0775,5.0745000000000005,-0.9139999999999999,307.23,0.1,1.5884999999999998,6.2379999999999995,-1.0354999999999999,307.425,0.1,1.4745,6.48,-0.0975,307.169,0.1,1.5259999999999998,6.6635,1.291,307.109,0.1,1.2414999999999998,6.5295000000000005,0.2015,307.327,0.1,0.618,6.4765,-0.4655,307.133,0.1,0.2325,6.301,-0.8865000000000001,306.605,0.1,0.6875,6.118,1.3375,306.454,0.471,1.3504999999999998,6.824,0.9755,306.616,0.155,1.0494999999999999,6.6065000000000005,-0.8025,306.929,0.1,0.20249999999999996,5.548500000000001,-0.7455,306.904,0.1,0.061999999999999986,5.2195,-0.0645,306.791,0.1,0.7484999999999999,6.6785,1.6925,306.696,0.169,
0.24050000000000002,7.2355,0.483,306.767,0.1,1.3515,7.023,1.8904999999999998,306.781,0.638,2.0395,5.559,0.687,306.709,0.758,1.7085,4.871,-0.0014999999999999996,307.073,0.11,0.972,5.724,-1.299,307.214,0.1,1.004,6.458,-0.008,306.814,0.1,1.7240000000000002,7.1425,2.963,306.919,0.255,1.9905,7.2620000000000005,1.3345,306.977,0.289,1.2525,6.829,-0.47150000000000003,307.096,0.1,0.4505,6.564,-0.738,306.892,0.1,0.486,6.8685,0.3725,306.449,0.108,0.484,7.187,-0.213,306.767,0.1,-0.16399999999999998,6.5135000000000005,-1.1965,306.925,0.1,-0.4415,5.803,-0.0505,306.658,0.611,0.17450000000000002,5.52,1.1044999999999998,306.616,0.744,0.9205,6.821,2.064,306.666,0.204,
-0.096,7.253,-0.2285,306.632,0.1,0.4565,7.258,1.073,306.701,0.215,1.1615,6.03,0.8805,306.794,0.539,1.4264999999999999,5.03,1.834,306.997,1.076,1.109,5.422,-0.3255,306.874,0.113,0.826,6.437,-0.41500000000000004,306.585,0.127,1.2974999999999999,7.369,2.3985000000000003,306.864,0.108,1.95,7.649,1.4085,306.777,0.358,1.52,7.066,-0.474,306.986,0.1,0.5245,6.718,-0.6775,307.192,0.1,0.235,7.28,-0.4855,306.898,0.1,0.10950000000000001,7.277,-0.5335000000000001,307.079,0.1,-0.2375,6.361,-1.0015,306.835,0.1,0.04300000000000001,5.954,0.3825,306.6,0.404,0.9884999999999999,5.738,1.3155000000000001,306.623,0.979,1.725,6.886,1.2315,306.613,0.145,
0.104,7.075,-0.4465,306.615,0.1,0.767,6.311999999999999,0.3745,306.355,0.1,1.326,6.18,-0.038,306.761,0.69,1.027,6.709,-0.41200000000000003,307.275,0.1,0.575,6.4825,-0.2265,307.104,0.1,0.016499999999999987,5.5760000000000005,-0.156,307.061,0.1,0.04999999999999999,5.6579999999999995,-0.34850000000000003,306.82,0.1,0.8945,6.1265,1.2069999999999999,306.36,0.967,0.859,6.404,-0.2185,306.643,0.102,-0.0025000000000000022,7.102,-0.3675,306.941,0.1,-0.26849999999999996,7.33,0.0465,306.391,0.1,-0.207,7.9559999999999995,0.603,306.611,0.107,-0.312,7.8635,0.16449999999999998,306.606,0.1,0.15449999999999997,6.9515,-0.10650000000000001,306.579,0.1,1.1589999999999998,6.4015,0.443,306.249,0.602,1.5225,6.25,-0.131,306.374,0.1,
0.7565,7.226000000000001,-0.3295,306.934,0.1,0.9085000000000001,6.8605,-0.269,306.599,0.1,1.3665,6.4775,-0.1725,306.577,0.38,1.0505,6.2355,-0.132,306.949,0.136,0.5785,6.0635,-0.27,307.096,0.1,0.4535,5.5920000000000005,0.503,306.594,0.1,0.635,5.9365000000000006,-0.16949999999999998,306.633,0.102,1.241,6.6415,1.0485,306.436,0.885,1.0755000000000001,6.310499999999999,-0.1005,306.727,0.116,0.258,6.7325,-0.73,307.047,0.1,0.13649999999999998,7.6225,-0.2835,306.584,0.1,0.23299999999999998,8.411999999999999,0.21200000000000002,306.424,0.11,0.065,7.9345,-0.012,306.663,0.1,0.2255,6.973,-0.1365,306.854,0.101,0.8125,6.452,0.101,306.531,0.109,1.0574999999999999,6.4895,-0.059,306.578,0.1,
1.333,7.219,-0.1765,307.11,0.1,0.867,6.9565,-0.47950000000000004,306.713,0.1,0.7615000000000001,6.609999999999999,-0.4555,306.447,0.102,0.833,6.2490000000000006,0.1825,306.532,0.802,1.0345,5.8495,0.1995,306.786,0.158,1.1415,5.9094999999999995,0.6910000000000001,306.476,0.136,0.9684999999999999,6.648,-0.224,306.453,0.106,1.15,7.458,0.181,306.492,0.364,1.3305,6.7509999999999994,0.488,306.586,0.562,1.0245,6.1005,-0.321,307.001,0.1,0.8185,7.0215,-0.7505,307.084,0.1,0.7875000000000001,8.154,-0.29700000000000004,306.665,0.1,0.617,7.894500000000001,-0.138,306.867,0.1,0.41800000000000004,6.9895,-0.186,307.185,0.1,0.4815,6.3614999999999995,-0.066,306.865,0.1,0.516,6.494,-0.205,306.912,0.1,
1.284,7.221,-0.11599999999999999,307.226,0.1,0.5345,6.984500000000001,-0.356,306.601,0.1,0.057499999999999996,6.7125,-0.5329999999999999,306.506,0.1,0.5125,6.338,0.1755,306.411,0.501,1.373,5.836,0.7495,306.598,0.814,1.408,6.366,0.3065,306.483,0.1,0.577,7.133,-0.464,306.628,0.1,0.252,7.8294999999999995,-0.597,306.545,0.108,1.0305,7.5535,0.815,306.534,0.284,1.8165,6.151999999999999,1.42,306.569,0.819,1.7925,6.003,-0.6875,306.982,0.1,1.517,7.2925,-0.683,307.036,0.1,1.389,7.71,-0.217,307.165,0.1,1.1400000000000001,6.8785,-0.0775,307.248,0.1,0.749,5.920999999999999,-0.3285,307.213,0.1,0.30500000000000005,5.7555,-0.504,307.453,0.1,
1.045,7.0845,-0.1665,307.32,0.1,0.408,6.984500000000001,-0.2435,306.706,0.1,-0.137,6.772,-0.563,306.82,0.1,0.3655,6.234999999999999,0.168,306.429,0.429,1.2970000000000002,6.050000000000001,0.8694999999999999,306.553,0.482,1.0375,7.0145,-0.16599999999999998,306.794,0.1,-0.26999999999999996,7.193,-0.491,306.929,0.1,-0.903,7.6445,-0.8939999999999999,306.638,0.1,0.056999999999999995,7.9825,0.2685,306.314,0.28,1.476,6.7315000000000005,2.1425,306.509,0.685,2.0410000000000004,5.524,0.3835,306.446,0.132,1.887,6.348,-0.7525,307.129,0.1,1.6665,7.2255,-0.3085,307.395,0.1,1.275,6.7165,-0.1855,307.249,0.1,0.709,5.4030000000000005,-0.613,307.391,0.1,0.522,5.2425,0.1865,307.103,0.1,
1.2970000000000002,6.536,-0.3805,307.327,0.1,0.8005,6.463,-0.4255,307.154,0.1,0.14400000000000002,6.4355,-0.791,307.204,0.1,0.448,6.3614999999999995,0.4625,306.51,0.388,1.0295,6.746,0.645,306.567,0.24,0.4485,7.547000000000001,-0.4405,307.161,0.1,-0.7605,7.0809999999999995,-0.3685,307.137,0.1,-1.2574999999999998,7.0755,-0.6975,306.945,0.1,-0.6655,7.710000000000001,-0.40700000000000003,306.156,0.258,0.6025,7.107,0.913,306.306,0.355,1.862,5.9825,1.4895,306.35,1.069,2.108,5.77,-0.3935,307.062,0.1,1.3785,6.5504999999999995,-0.4395,307.398,0.1,0.482,6.6129999999999995,-0.6565,307.328,0.1,0.2415,5.466,-0.1405,306.932,0.117,0.818,5.661,1.266,306.638,1.202,
1.741,5.803,-0.52,307.237,0.1,1.2595,5.7075,-0.48450000000000004,307.21,0.1,0.6910000000000001,5.957,-0.5635,307.025,0.1,0.955,6.8845,0.7645,306.625,0.452,1.186,7.591,0.2705,306.586,0.149,0.3735,7.6335,-0.467,307.223,0.1,-0.6319999999999999,7.140000000000001,-0.401,307.248,0.1,-0.9974999999999999,6.525,0.028999999999999998,306.946,0.1,-0.8935,7.131,-0.2195,306.532,0.121,-0.1375,7.002000000000001,-0.4205,306.277,0.151,1.472,6.6245,1.3385,306.5,1.051,2.306,5.808,0.49549999999999994,306.658,0.133,1.2975,6.172499999999999,-0.39649999999999996,307.16,0.1,-0.044499999999999984,6.582000000000001,-1.0474999999999999,307.235,0.1,0.127,6.1035,0.5405,306.555,0.455,1.21,6.161,1.381,306.524,1.607,
1.5685,5.59,-0.274,307.013,0.1,1.204,5.7044999999999995,-0.096,306.786,0.113,1.2694999999999999,6.042,0.26549999999999996,306.675,0.555,1.7635,7.3075,0.6375,306.623,0.398,1.814,7.817,-0.0935,306.553,0.101,0.9435,7.3934999999999995,-0.3615,307.062,0.1,0.025499999999999995,7.397,-0.513,307.379,0.1,-0.1995,6.7204999999999995,0.4635,306.711,0.108,-0.3795,6.9505,0.34550000000000003,306.816,0.219,-0.442,6.7955000000000005,-0.673,306.653,0.1,0.7335,6.78,0.5505,306.417,0.454,2.0460000000000003,6.1240000000000006,1.325,306.469,1.483,1.479,6.246,-0.16099999999999998,306.917,0.1,0.09249999999999997,6.62,-1.0405,307.031,0.1,0.268,6.665,0.371,306.409,0.251,1.4585,6.2225,1.0735000000000001,306.502,1.249,
1.1355,6.086,0.183,306.81,1.091,0.9179999999999999,6.465,0.184,306.549,0.421,1.3315,6.699,0.49350000000000005,306.569,0.191,1.937,7.355,0.311,306.452,0.319,2.059,7.48,-0.29300000000000004,306.639,0.1,1.486,7.179,-0.33999999999999997,307.165,0.1,0.725,7.465,-0.523,307.558,0.1,0.577,7.358499999999999,-0.02,306.864,0.1,0.481,7.227499999999999,0.217,306.851,0.142,0.023999999999999994,6.8075,-0.3675,307.204,0.1,0.4615,6.5815,-0.22999999999999998,306.483,0.115,1.5875,6.1045,1.175,306.538,1.151,1.3895,6.3955,-0.053500000000000006,306.858,0.106,0.16299999999999998,6.6685,-0.7,306.973,0.1,0.21449999999999997,6.852,-0.41800000000000004,306.41,0.1,1.5170000000000001,6.239,1.087,306.51,0.797,
1.1150000000000002,6.607,0.5505,306.695,1.569,1.1315,7.1425,0.114,306.45,0.262,1.3645,7.387499999999999,-0.010000000000000002,306.412,0.103,1.8035,7.3625,0.0525,306.35,0.137,2.0,7.159,-0.245,306.994,0.1,1.7285,7.0105,-0.34850000000000003,307.43,0.1,1.2389999999999999,7.188,-0.41400000000000003,307.553,0.1,1.0470000000000002,7.4795,-0.5375,307.308,0.1,0.982,7.3645,-0.3005,307.236,0.1,0.5245,6.8125,-0.3295,307.65,0.1,0.493,6.2255,-0.887,307.094,0.1,1.349,5.9559999999999995,0.675,306.648,0.736,1.4825,6.4615,-0.10250000000000001,306.771,0.137,0.37850000000000006,6.577500000000001,-0.3895,307.032,0.1,0.08149999999999999,6.741,-0.8345,306.87,0.1,1.4335,6.5095,1.0230000000000001,306.474,0.458,
1.3605,6.7145,0.585,306.664,1.274,1.6715,7.1985,-0.098,306.621,0.163,1.7650000000000001,7.569,-0.38949999999999996,306.728,0.1,2.017,7.2995,-0.20350000000000001,306.822,0.1,2.222,6.8925,-0.041999999999999996,307.232,0.104,2.041,6.7155000000000005,-0.32599999999999996,307.517,0.1,1.675,6.8580000000000005,-0.266,307.422,0.1,1.325,7.0925,-0.47550000000000003,307.602,0.1,0.8855,7.138,-0.5,307.632,0.1,0.235,6.633,-0.7385,307.597,0.1,0.2865,5.884499999999999,-0.5825,307.1,0.1,1.44,6.0875,1.1760000000000002,306.714,0.452,2.045,6.495,0.012499999999999999,306.817,0.104,1.3119999999999998,6.2865,-0.39149999999999996,307.161,0.1,0.7675,6.343,-0.6275,307.295,0.1,1.47,6.7105,0.3175,306.583,0.103,
1.4625,6.7895,0.386,306.743,0.638,1.915,6.773,-0.261,306.952,0.103,2.032,6.906000000000001,-0.532,307.153,0.1,2.2495,6.8325,-0.251,307.234,0.1,2.447,6.6085,0.0004999999999999987,307.26,0.1,2.168,6.417,-0.4535,307.628,0.1,1.616,6.5275,-0.5235,307.739,0.1,1.0645,6.582000000000001,-0.39749999999999996,307.788,0.1,0.3415,6.744,-0.435,307.522,0.1,-0.2995,6.3765,-1.1019999999999999,306.992,0.1,0.26049999999999995,5.7325,0.688,306.686,0.123,1.8479999999999999,6.2925,2.1879999999999997,306.703,0.435,2.7625,6.468500000000001,0.16949999999999998,306.798,0.1,2.403,5.8645,-0.6345000000000001,307.242,0.1,1.6985000000000001,5.6985,-0.6505000000000001,307.56,0.1,1.4895,6.531000000000001,-0.433,307.124,0.1,
1.401,7.0695,0.542,306.785,0.1,2.1535,6.455,0.226,306.855,0.122,2.258,5.756,-0.5385,307.134,0.1,2.2625,6.024,-0.39749999999999996,307.289,0.1,2.2355,6.487500000000001,-0.326,307.419,0.1,1.8409999999999997,6.3215,-0.47350000000000003,307.653,0.1,1.2075,6.275,-0.484,307.825,0.1,0.624,6.1875,-0.475,307.771,0.1,0.0005000000000000004,6.407500000000001,-0.37050000000000005,307.222,0.1,-0.3685,6.2219999999999995,-1.052,306.589,0.101,0.4915,5.78,1.567,306.494,0.846,2.033,6.491,2.126,306.664,0.293,2.5585,6.504,-0.126,306.815,0.1,1.847,5.496,-0.873,307.215,0.1,1.1235,5.1885,-0.8085,307.363,0.1,1.181,6.3795,0.151,307.046,0.1,
0.7695,7.258,0.8155,306.753,0.1,1.9915,6.569,1.315,306.71,0.925,2.3515,5.104,-0.124,306.857,0.1,1.9425000000000001,5.173,-0.8235,307.36,0.1,1.4195000000000002,6.3085,-0.8945,307.546,0.1,1.3145,6.391500000000001,-0.11449999999999999,307.25,0.1,1.4,6.493,1.1989999999999998,307.18,0.1,1.0895,6.378,0.134,307.405,0.1,0.3885,6.3934999999999995,-0.404,307.177,0.1,-0.0175,6.3075,-0.8295,306.761,0.1,0.5780000000000001,6.2035,1.2389999999999999,306.431,0.404,1.3865,6.8895,0.8335,306.598,0.123,1.0975000000000001,6.628,-0.724,306.963,0.1,0.22349999999999998,5.45,-0.6950000000000001,306.937,0.1,0.09450000000000001,5.142,-0.0935,306.834,0.1,0.8089999999999999,6.5455000000000005,1.572,306.732,0.104,
0.17,7.325,0.4825,306.77,0.103,1.384,6.996,1.7294999999999998,306.774,0.558,2.0455,5.5045,0.5495,306.729,0.663,1.5935000000000001,4.882,-0.046,307.15,0.1,0.753,5.818,-1.142,307.288,0.1,0.83,6.5045,-0.007500000000000001,306.837,0.101,1.6669999999999998,7.079000000000001,2.8725,306.913,0.245,1.9165,7.141,1.1840000000000002,307.016,0.117,1.0470000000000002,6.7555,-0.42900000000000005,307.146,0.1,0.22849999999999998,6.5965,-0.641,307.065,0.1,0.40249999999999997,6.976,0.276,306.48,0.101,0.45599999999999996,7.1995000000000005,-0.26749999999999996,306.814,0.1,-0.223,6.5285,-1.0635,306.967,0.1,-0.497,5.729,-0.08199999999999999,306.65,0.551,0.15300000000000002,5.49,0.9784999999999999,306.612,0.649,0.9805,6.8035,1.9705,306.656,0.201,
-0.1895,7.37,-0.1735,306.607,0.102,0.4625,7.26,0.974,306.697,0.197,1.1965,5.967,0.747,306.79,0.436,1.4015,4.985,1.7069999999999999,307.003,0.988,0.946,5.506,-0.3305,306.915,0.1,0.6795,6.561,-0.383,306.576,0.141,1.3215,7.394,2.3665000000000003,306.845,0.114,2.0164999999999997,7.592,1.236,306.764,0.268,1.4695,7.009,-0.46099999999999997,307.045,0.1,0.4265,6.77,-0.5509999999999999,307.346,0.1,0.2,7.394,-0.4635,307.022,0.1,0.07100000000000001,7.242,-0.473,307.149,0.1,-0.3145,6.37,-0.871,306.877,0.1,-0.015000000000000013,5.917,0.33799999999999997,306.589,0.362,0.978,5.737,1.1925,306.612,0.851,1.8014999999999999,6.92,1.1800000000000002,306.607,0.15,
0.5820000000000001,7.384,-0.3375,306.995,0.1,1.0175,6.7455,0.23099999999999998,306.715,0.1,1.1465,6.6795,-0.11449999999999999,307.137,0.474,0.74,7.009,-0.32599999999999996,307.501,0.1,0.45849999999999996,6.7205,-0.1275,307.369,0.1,0.05399999999999999,6.012499999999999,-0.14200000000000002,307.526,0.1,0.0645,6.099,-0.252,307.268,0.1,0.792,6.2915,0.991,306.645,0.656,0.8460000000000001,6.675,-0.18,306.955,0.101,0.1795,7.2355,-0.253,307.206,0.1,-0.1115,7.345,-0.002,306.793,0.1,-0.133,7.8580000000000005,0.497,306.7,0.104,-0.262,7.7275,0.184,306.833,0.1,0.006500000000000006,6.9535,-0.0955,306.892,0.1,0.7475,6.711,0.3185,306.553,0.42,1.1125,6.646000000000001,-0.14350000000000002,306.819,0.1,
1.1949999999999998,7.4305,-0.22250000000000003,307.318,0.1,1.2025000000000001,7.0575,-0.273,307.019,0.1,1.213,6.7485,-0.20700000000000002,306.943,0.276,0.8380000000000001,6.529,-0.1315,307.269,0.122,0.569,6.3745,-0.1845,307.369,0.1,0.43600000000000005,5.773,0.41700000000000004,306.892,0.1,0.525,6.204000000000001,-0.127,306.986,0.101,1.0975000000000001,6.8975,0.855,306.687,0.604,1.049,6.7165,-0.1115,307.12,0.11,0.366,7.003,-0.5675,307.306,0.1,0.1575,7.611,-0.259,307.001,0.1,0.2385,8.24,0.16799999999999998,306.611,0.106,0.1625,7.84,0.0085,306.914,0.1,0.2305,6.869999999999999,-0.122,307.133,0.1,0.6305000000000001,6.6175,0.033,306.964,0.106,0.8545,6.728,-0.07300000000000001,307.168,0.1,
1.608,7.297000000000001,-0.1055,307.412,0.1,1.1225,6.9405,-0.4165,307.084,0.1,0.806,6.693,-0.4125,306.852,0.101,0.7195,6.3215,0.11599999999999999,306.849,0.549,0.8865000000000001,6.083500000000001,0.17049999999999998,307.074,0.136,1.08,6.047,0.593,306.606,0.123,0.9570000000000001,6.678,-0.16999999999999998,306.731,0.104,1.0125,7.541,0.1285,306.777,0.268,1.111,6.942,0.3665,306.976,0.394,0.8185,6.2940000000000005,-0.3065,307.298,0.1,0.594,7.051,-0.6275,307.381,0.1,0.6525,8.053,-0.2365,306.963,0.1,0.597,7.798500000000001,-0.11649999999999999,307.162,0.1,0.393,6.7775,-0.14800000000000002,307.43,0.1,0.41400000000000003,6.5024999999999995,-0.057499999999999996,307.322,0.1,0.484,6.7705,-0.13849999999999998,307.419,0.1,
1.388,7.202,-0.064,307.42,0.1,0.6890000000000001,6.8865,-0.3205,307.029,0.1,0.2365,6.763,-0.45499999999999996,307.03,0.1,0.523,6.309,0.1185,306.67,0.355,1.188,6.0305,0.6180000000000001,306.8,0.555,1.3455,6.588,0.2535,306.73,0.1,0.6415,7.026,-0.34550000000000003,306.89,0.1,0.1745,7.702999999999999,-0.5205,306.822,0.105,0.835,7.510999999999999,0.6425000000000001,306.676,0.217,1.6135,6.1665,1.242,306.701,0.56,1.5695000000000001,6.104,-0.6020000000000001,307.155,0.1,1.2795,7.3595,-0.5585,307.323,0.1,1.1219999999999999,7.5600000000000005,-0.173,307.428,0.1,0.9329999999999999,6.729,-0.042499999999999996,307.52,0.1,0.6825,6.275,-0.2335,307.622,0.1,0.2725,6.2065,-0.40349999999999997,307.817,0.1,
1.0665,7.064500000000001,-0.1015,307.427,0.1,0.513,6.9395,-0.21650000000000003,307.152,0.1,0.056499999999999995,6.8465,-0.4215,307.306,0.1,0.45899999999999996,6.2895,0.11250000000000002,306.676,0.309,1.218,6.269,0.6925,306.724,0.394,1.018,7.1185,-0.14600000000000002,307.12,0.1,-0.16799999999999998,7.07,-0.3415,307.201,0.1,-0.8685,7.474,-0.7715,306.924,0.1,0.027000000000000024,7.8985,0.1555,306.309,0.238,1.4905,6.712,1.9649999999999999,306.513,0.611,2.0035,5.649,0.2565,306.589,0.12,1.6975,6.583,-0.643,307.37,0.1,1.4289999999999998,7.149,-0.21600000000000003,307.58,0.1,1.2309999999999999,6.7975,-0.123,307.568,0.1,0.831,5.8545,-0.5185,307.766,0.1,0.4735,5.5665,0.1315,307.381,0.1,
1.2654999999999998,6.629,-0.28500000000000003,307.449,0.1,0.9005000000000001,6.5835,-0.34650000000000003,307.467,0.1,0.324,6.4935,-0.577,307.491,0.1,0.591,6.4145,0.363,306.698,0.283,1.0899999999999999,6.7805,0.47300000000000003,306.766,0.189,0.534,7.4045000000000005,-0.34750000000000003,307.406,0.1,-0.6275,7.039,-0.2455,307.407,0.1,-1.224,7.018,-0.573,307.253,0.1,-0.6985,7.6845,-0.4185,306.284,0.2,0.65,7.1259999999999994,0.8605,306.298,0.311,1.832,6.037,1.2025000000000001,306.372,0.965,1.925,6.0425,-0.3805,307.291,0.1,1.3605,6.687,-0.3185,307.604,0.1,0.7270000000000001,6.827500000000001,-0.497,307.637,0.1,0.4495,5.699,-0.16949999999999998,307.194,0.11,0.8300000000000001,5.716,1.084,306.699,0.808,
1.755,6.0255,-0.4205,307.435,0.1,1.3265,5.9165,-0.41500000000000004,307.431,0.1,0.7735000000000001,5.9545,-0.4365,307.16,0.1,1.037,6.7495,0.628,306.665,0.323,1.2934999999999999,7.2955000000000005,0.17149999999999999,306.781,0.131,0.546,7.43,-0.34550000000000003,307.395,0.1,-0.457,7.1975,-0.303,307.501,0.1,-0.9105,6.6925,0.0485,307.266,0.1,-0.8714999999999999,7.231,-0.20600000000000002,306.829,0.113,-0.10000000000000003,7.063,-0.3375,306.351,0.132,1.3695,6.6165,1.1099999999999999,306.493,0.973,2.0495,5.891,0.35050000000000003,306.878,0.121,1.2610000000000001,6.404,-0.316,307.444,0.1,0.14849999999999997,6.724,-0.806,307.459,0.1,0.23099999999999998,6.12,0.425,306.621,0.325,1.238,6.1535,1.2015,306.51,1.494,
1.705,5.8004999999999995,-0.2345,307.238,0.1,1.2395,5.793,-0.10450000000000001,306.912,0.108,1.2149999999999999,5.9955,0.206,306.7,0.389,1.709,7.067,0.521,306.613,0.356,1.8519999999999999,7.4695,-0.0985,306.804,0.1,1.091,7.343500000000001,-0.2685,307.299,0.1,0.165,7.468999999999999,-0.405,307.595,0.1,-0.118,7.02,0.361,307.016,0.105,-0.32299999999999995,7.156499999999999,0.29700000000000004,307.12,0.175,-0.39749999999999996,6.88,-0.5445,306.85,0.1,0.7144999999999999,6.827500000000001,0.4595,306.411,0.394,1.94,6.1045,1.0875,306.483,1.356,1.406,6.445,-0.1385,307.14,0.1,0.11349999999999996,6.6335,-0.8,307.204,0.1,0.2895,6.678,0.28700000000000003,306.399,0.215,1.4555,6.272,0.895,306.49,1.113,
1.249,6.1395,0.14700000000000002,306.934,0.736,0.931,6.402,0.134,306.557,0.356,1.3155,6.6475,0.377,306.565,0.162,1.9285,7.268000000000001,0.2275,306.629,0.239,2.0540000000000003,7.309,-0.255,307.008,0.1,1.5065,7.160500000000001,-0.28200000000000003,307.439,0.1,0.786,7.4445,-0.4095,307.699,0.1,0.6205,7.543,-0.07400000000000001,307.139,0.1,0.4455,7.394,0.151,307.136,0.126,-0.05950000000000001,6.891500000000001,-0.2685,307.403,0.1,0.45049999999999996,6.7625,-0.2025,306.57,0.109,1.6549999999999998,6.3165,0.9610000000000001,306.53,0.998,1.4455,6.6185,-0.06,306.995,0.104,0.2395,6.64,-0.5115,307.169,0.1,0.27999999999999997,6.922000000000001,-0.394,306.613,0.1,1.443,6.381,0.8614999999999999,306.581,0.547,
1.1305,6.588,0.47950000000000004,306.699,1.448,1.137,7.099,0.0655,306.524,0.202,1.437,7.3525,-0.0585,306.676,0.102,1.8475000000000001,7.4,-0.0005000000000000004,306.8,0.124,1.88,6.9855,-0.2235,307.346,0.1,1.544,6.8375,-0.30100000000000005,307.596,0.1,1.167,7.08,-0.3365,307.661,0.1,1.038,7.474500000000001,-0.485,307.543,0.1,0.923,7.4085,-0.299,307.482,0.1,0.47250000000000003,6.885,-0.23399999999999999,307.824,0.1,0.527,6.4105,-0.7965,307.326,0.1,1.3395000000000001,6.3004999999999995,0.483,306.929,0.507,1.4064999999999999,6.648,-0.1175,307.035,0.123,0.43599999999999994,6.605,-0.2625,307.274,0.1,0.20450000000000002,6.811,-0.7075,307.259,0.1,1.3424999999999998,6.7865,0.799,306.652,0.328,
1.3755000000000002,6.774,0.495,306.65,1.119,1.6785,7.272,-0.11399999999999999,306.796,0.14,1.7690000000000001,7.572,-0.34450000000000003,307.13,0.1,1.8824999999999998,7.2330000000000005,-0.1905,307.267,0.1,1.8765,6.6095,-0.0645,307.483,0.102,1.685,6.5169999999999995,-0.28049999999999997,307.655,0.1,1.4825,6.774,-0.21,307.617,0.1,1.25,7.0175,-0.385,307.821,0.1,0.8640000000000001,7.087,-0.4285,307.796,0.1,0.3245,6.6585,-0.6100000000000001,307.713,0.1,0.4005,5.922,-0.5515,307.316,0.1,1.2965,6.2364999999999995,0.968,306.987,0.324,1.752,6.509,-0.0225,307.125,0.102,1.2385000000000002,6.3685,-0.3065,307.422,0.1,0.8575,6.4254999999999995,-0.45,307.63,0.1,1.3885,6.9955,0.2305,306.854,0.102,
1.572,6.8085,0.254,306.926,0.443,1.9,6.796,-0.2735,307.194,0.102,1.9144999999999999,6.9399999999999995,-0.40549999999999997,307.444,0.1,1.968,6.709,-0.1905,307.495,0.1,2.018,6.3985,-0.042,307.519,0.1,1.786,6.322,-0.4065,307.839,0.1,1.4125,6.4905,-0.432,307.943,0.1,0.9875,6.542,-0.291,307.952,0.1,0.292,6.657,-0.34950000000000003,307.619,0.1,-0.3175,6.359999999999999,-0.9775,307.122,0.1,0.2755,5.686,0.6265000000000001,306.749,0.114,1.7520000000000002,6.281499999999999,1.9795,306.757,0.314,2.544,6.399,0.1205,306.979,0.1,2.2765,5.947,-0.532,307.451,0.1,1.6935,5.8134999999999994,-0.4635,307.765,0.1,1.383,6.572,-0.431,307.399,0.1,
1.443,6.9215,0.3905,307.02,0.1,2.027,6.2945,0.128,307.061,0.114,2.0534999999999997,5.814,-0.426,307.282,0.1,2.0135,6.0695,-0.302,307.477,0.1,1.944,6.432,-0.3055,307.666,0.1,1.5695000000000001,6.229,-0.452,307.836,0.1,1.0075,6.182499999999999,-0.45399999999999996,307.961,0.1,0.493,6.1575,-0.40449999999999997,307.876,0.1,-0.11549999999999999,6.34,-0.29900000000000004,307.315,0.1,-0.5005,6.2085,-0.972,306.804,0.101,0.42,5.788,1.471,306.473,0.79,2.0365,6.515499999999999,1.9245,306.644,0.248,2.5645,6.5,-0.1285,306.899,0.1,1.8639999999999999,5.5440000000000005,-0.7495,307.35,0.1,1.15,5.2605,-0.6955,307.527,0.1,1.1239999999999999,6.1815,0.0685,307.258,0.1,
0.7799999999999999,7.117,0.7125,306.844,0.1,1.93,6.394,1.131,306.74,0.851,2.1695,5.1745,-0.14600000000000002,307.005,0.1,1.732,5.3565000000000005,-0.7205,307.558,0.1,1.234,6.3405000000000005,-0.747,307.687,0.1,1.157,6.2995,-0.139,307.338,0.1,1.2385000000000002,6.355499999999999,1.087,307.257,0.1,0.8875,6.2775,0.0795,307.484,0.1,0.16549999999999998,6.3455,-0.3325,307.289,0.1,-0.20450000000000002,6.311999999999999,-0.7625,307.041,0.1,0.5355000000000001,6.281,1.103,306.409,0.323,1.4805000000000001,6.952999999999999,0.6805,306.582,0.116,1.221,6.672000000000001,-0.6375,307.027,0.1,0.298,5.4425,-0.6415,307.024,0.1,0.1225,5.1425,-0.121,306.92,0.1,0.9065,6.379,1.4260000000000002,306.784,0.103,
0.13449999999999995,7.327500000000001,0.4575,306.756,0.118,1.3905,6.9375,1.5465,306.761,0.493,1.9500000000000002,5.5265,0.4185,306.847,0.459,1.3855,4.9990000000000006,-0.0765,307.282,0.1,0.519,5.9055,-0.958,307.363,0.1,0.6905,6.5545,-0.026000000000000002,306.842,0.11,1.616,7.045,2.739,306.916,0.243,1.795,7.02,1.02,307.048,0.11,0.85,6.7155000000000005,-0.373,307.253,0.1,0.092,6.6305,-0.5409999999999999,307.372,0.1,0.3835,7.0205,0.1535,306.65,0.101,0.49,7.1845,-0.3085,306.912,0.1,-0.1885,6.5525,-0.9159999999999999,307.037,0.1,-0.4905,5.7005,-0.1275,306.664,0.382,0.14900000000000002,5.4795,0.8495,306.618,0.45,1.158,6.7805,1.8495,306.647,0.203,
-0.239,7.437,-0.1305,306.564,0.111,0.461,7.252,0.8620000000000001,306.689,0.185,1.179,5.946,0.613,306.813,0.325,1.2665000000000002,5.027,1.561,307.024,0.904,0.654,5.619,-0.2975,306.988,0.1,0.4845,6.713,-0.35550000000000004,306.541,0.147,1.3625,7.45,2.286,306.805,0.137,2.0715,7.5,1.0375,306.746,0.218,1.4264999999999999,6.978,-0.4335,307.168,0.1,0.39049999999999996,6.826,-0.4215,307.606,0.1,0.1925,7.39,-0.436,307.275,0.1,0.0485,7.16,-0.399,307.25,0.1,-0.3455,6.376,-0.7345,306.946,0.1,-0.03849999999999998,5.898,0.28400000000000003,306.584,0.325,0.9685,5.737,1.0655000000000001,306.604,0.733,1.899,6.951,1.1019999999999999,306.603,0.151,
1.0594999999999999,7.6935,-0.2385,307.375,0.1,1.2675,7.1785,0.0975,307.076,0.1,0.967,7.1785,-0.172,307.512,0.258,0.4525,7.309,-0.2425,307.727,0.1,0.3415,6.958,-0.044,307.633,0.1,0.09149999999999998,6.449,-0.1205,307.99,0.1,0.0785,6.54,-0.16,307.717,0.1,0.689,6.4565,0.783,306.93,0.344,0.833,6.945,-0.14650000000000002,307.267,0.101,0.3615,7.3685,-0.156,307.471,0.1,0.045000000000000005,7.359500000000001,-0.045,307.195,0.1,-0.0595,7.76,0.396,306.79,0.102,-0.21200000000000002,7.5915,0.196,307.06,0.1,-0.14100000000000001,6.955500000000001,-0.08,307.204,0.1,0.3365,7.021000000000001,0.20950000000000002,306.858,0.238,0.702,7.0415,-0.1475,307.264,0.1,
1.6335000000000002,7.6355,-0.129,307.703,0.1,1.4965000000000002,7.254,-0.2705,307.439,0.1,1.06,7.019500000000001,-0.2265,307.309,0.173,0.625,6.8215,-0.1215,307.588,0.109,0.5589999999999999,6.6850000000000005,-0.10649999999999998,307.642,0.1,0.4185,5.954000000000001,0.3355,307.189,0.1,0.4155,6.471,-0.08499999999999999,307.339,0.1,0.9545,7.1535,0.6699999999999999,306.938,0.322,1.022,7.122,-0.116,307.512,0.104,0.47350000000000003,7.273,-0.418,307.564,0.1,0.1785,7.599,-0.23149999999999998,307.419,0.1,0.244,8.068,0.1245,306.798,0.102,0.26,7.746,0.023,307.164,0.1,0.2355,6.766,-0.10400000000000001,307.412,0.1,0.4485,6.7829999999999995,-0.021500000000000002,307.398,0.102,0.6519999999999999,6.9655000000000005,-0.082,307.757,0.1,
1.883,7.3745,-0.044500000000000005,307.715,0.1,1.3785,6.925000000000001,-0.34850000000000003,307.454,0.1,0.8500000000000001,6.7755,-0.36550000000000005,307.256,0.1,0.6060000000000001,6.393,0.0585,307.166,0.295,0.7395,6.317500000000001,0.14750000000000002,307.362,0.114,1.019,6.184,0.49250000000000005,306.737,0.109,0.946,6.708,-0.1195,307.008,0.102,0.876,7.6235,0.08399999999999999,307.062,0.172,0.8915,7.133,0.258,307.366,0.226,0.612,6.4879999999999995,-0.2865,307.595,0.1,0.3695,7.080500000000001,-0.504,307.677,0.1,0.5175,7.952999999999999,-0.1805,307.261,0.1,0.5775,7.702500000000001,-0.0975,307.456,0.1,0.36850000000000005,6.5655,-0.1105,307.675,0.1,0.347,6.6434999999999995,-0.0495,307.779,0.1,0.4525,7.046,-0.0815,307.925,0.1,
1.492,7.1825,-0.0205,307.613,0.1,0.8440000000000001,6.789,-0.27849999999999997,307.457,0.1,0.4155,6.8134999999999994,-0.38,307.553,0.1,0.5335,6.2795000000000005,0.064,306.929,0.21,1.0025,6.224500000000001,0.495,307.002,0.296,1.2825,6.809,0.2,306.976,0.1,0.7064999999999999,6.919499999999999,-0.2345,307.151,0.1,0.0975,7.5760000000000005,-0.4385,307.099,0.102,0.64,7.468500000000001,0.47800000000000004,306.818,0.15,1.411,6.182,1.0645,306.833,0.301,1.346,6.205,-0.514,307.329,0.1,1.0415,7.4275,-0.4375,307.61,0.1,0.8545,7.41,-0.13,307.691,0.1,0.725,6.58,-0.015000000000000001,307.792,0.1,0.6154999999999999,6.628500000000001,-0.15,308.031,0.1,0.24050000000000002,6.657,-0.3045,308.18,0.1,
1.0875,7.044499999999999,-0.0475,307.533,0.1,0.6175,6.894500000000001,-0.187,307.597,0.1,0.2495,6.9215,-0.2895,307.792,0.1,0.553,6.344,0.058,306.924,0.189,1.1395,6.4879999999999995,0.5255,306.895,0.306,0.998,7.2219999999999995,-0.124,307.446,0.1,-0.0665,6.947,-0.202,307.473,0.1,-0.8335,7.303,-0.6445,307.21,0.1,-0.0025000000000000022,7.8145,0.047,306.305,0.196,1.5055,6.6935,1.7734999999999999,306.517,0.537,1.966,5.774,0.1375,306.733,0.108,1.5075,6.818,-0.5315,307.61,0.1,1.1920000000000002,7.0725,-0.1315,307.764,0.1,1.1875,6.879,-0.073,307.888,0.1,0.9535,6.3055,-0.4235,308.141,0.1,0.4255,5.890499999999999,0.088,307.659,0.1,
1.2345000000000002,6.7225,-0.2005,307.571,0.1,1.001,6.704000000000001,-0.2695,307.78,0.1,0.5045,6.5515,-0.37649999999999995,307.778,0.1,0.7344999999999999,6.4675,0.266,306.887,0.177,1.15,6.816,0.3145,306.965,0.137,0.619,7.262499999999999,-0.258,307.652,0.1,-0.49400000000000005,6.997,-0.1315,307.677,0.1,-1.19,6.961,-0.4485,307.562,0.1,-0.731,7.659,-0.426,306.41,0.141,0.6985,7.146,0.7929999999999999,306.291,0.267,1.803,6.0915,0.9245,306.394,0.861,1.743,6.314500000000001,-0.35550000000000004,307.52,0.1,1.343,6.8235,-0.20900000000000002,307.81,0.1,0.9724999999999999,7.0425,-0.35,307.946,0.1,0.6585,5.932499999999999,-0.188,307.457,0.104,0.842,5.771,0.9075,306.759,0.414,
1.7694999999999999,6.249,-0.32699999999999996,307.632,0.1,1.3935,6.125500000000001,-0.3435,307.652,0.1,0.856,5.952,-0.3155,307.294,0.1,1.1195,6.614000000000001,0.49550000000000005,306.706,0.195,1.402,7.000500000000001,0.08249999999999999,306.975,0.113,0.719,7.227,-0.2365,307.567,0.1,-0.2825,7.255000000000001,-0.21000000000000002,307.754,0.1,-0.8245,6.859999999999999,0.068,307.585,0.1,-0.8505,7.3315,-0.19,307.126,0.105,-0.0625,7.124499999999999,-0.2635,306.425,0.113,1.268,6.608499999999999,0.885,306.485,0.896,1.794,5.974,0.22300000000000003,307.099,0.108,1.2245,6.6355,-0.24,307.729,0.1,0.3405,6.866,-0.5745,307.683,0.1,0.33399999999999996,6.1365,0.3115,306.687,0.195,1.265,6.146,1.0230000000000001,306.496,1.382,
1.8409999999999997,6.0115,-0.1925,307.463,0.1,1.275,5.881,-0.109,307.038,0.103,1.16,5.9485,0.151,306.725,0.224,1.654,6.8260000000000005,0.4095,306.604,0.314,1.8905,7.1225000000000005,-0.10300000000000001,307.054,0.1,1.2385000000000002,7.2940000000000005,-0.187,307.536,0.1,0.30400000000000005,7.541,-0.3035,307.811,0.1,-0.0365,7.319,0.2655,307.322,0.102,-0.267,7.3635,0.2515,307.423,0.131,-0.35350000000000004,6.9645,-0.4195,307.048,0.1,0.6955,6.875,0.364,306.406,0.334,1.834,6.0855,0.8614999999999999,306.497,1.23,1.3335,6.6434999999999995,-0.11649999999999999,307.363,0.1,0.13500000000000004,6.647,-0.5680000000000001,307.377,0.1,0.31100000000000005,6.691,0.2005,306.389,0.179,1.4525000000000001,6.3215,0.7235,306.477,0.977,
1.363,6.1935,0.11649999999999999,307.057,0.382,0.944,6.3385,0.086,306.565,0.291,1.2995,6.5954999999999995,0.269,306.561,0.133,1.9204999999999999,7.181,0.1495,306.807,0.159,2.0495,7.138999999999999,-0.2195,307.378,0.1,1.5274999999999999,7.1425,-0.227,307.714,0.1,0.8474999999999999,7.4235,-0.3035,307.84,0.1,0.6635,7.7275,-0.12000000000000001,307.414,0.1,0.41000000000000003,7.561,0.09,307.42,0.111,-0.142,6.976,-0.17149999999999999,307.602,0.1,0.4395,6.9435,-0.179,306.656,0.104,1.7225000000000001,6.5285,0.756,306.522,0.845,1.5025,6.840999999999999,-0.0665,307.133,0.101,0.317,6.6114999999999995,-0.33399999999999996,307.365,0.1,0.346,6.9925,-0.368,306.816,0.1,1.3685,6.523,0.65,306.653,0.296,
1.146,6.57,0.40800000000000003,306.704,1.328,1.142,7.055,0.018500000000000003,306.599,0.143,1.509,7.3175,-0.1005,306.94,0.101,1.8915000000000002,7.4375,-0.048999999999999995,307.251,0.11,1.7605,6.8125,-0.199,307.697,0.1,1.3599999999999999,6.665,-0.2525,307.762,0.1,1.095,6.9719999999999995,-0.2645,307.768,0.1,1.0295,7.4695,-0.4295,307.777,0.1,0.8645,7.452999999999999,-0.2925,307.729,0.1,0.42050000000000004,6.9575,-0.14150000000000001,307.998,0.1,0.5609999999999999,6.595000000000001,-0.7015,307.558,0.1,1.33,6.644500000000001,0.309,307.21,0.277,1.33,6.8345,-0.1275,307.299,0.109,0.493,6.632,-0.14900000000000002,307.515,0.1,0.328,6.8805,-0.5815,307.647,0.1,1.2515,7.0634999999999994,0.5875,306.831,0.197,
1.391,6.8345,0.4075,306.636,0.963,1.6855,7.3454999999999995,-0.1255,306.971,0.117,1.7730000000000001,7.5755,-0.3005,307.531,0.1,1.748,7.167,-0.1765,307.713,0.1,1.5310000000000001,6.3265,-0.0805,307.734,0.101,1.3290000000000002,6.3195,-0.23399999999999999,307.793,0.1,1.2905,6.6899999999999995,-0.1595,307.813,0.1,1.1749999999999998,6.943,-0.2985,308.04,0.1,0.8414999999999999,7.0365,-0.357,307.961,0.1,0.4135,6.6835,-0.483,307.829,0.1,0.5145,5.959,-0.5175000000000001,307.531,0.1,1.1525,6.3855,0.7735000000000001,307.26,0.196,1.4580000000000002,6.5235,-0.0495,307.433,0.101,1.165,6.4495000000000005,-0.2295,307.683,0.1,0.948,6.5075,-0.285,307.964,0.1,1.307,7.28,0.153,307.125,0.101,
1.6815,6.828,0.138,307.109,0.249,1.8845,6.8195,-0.274,307.435,0.101,1.797,6.974,-0.28750000000000003,307.735,0.1,1.6869999999999998,6.586,-0.1365,307.757,0.1,1.5895,6.188000000000001,-0.0765,307.777,0.1,1.404,6.227,-0.355,308.051,0.1,1.209,6.452999999999999,-0.344,308.147,0.1,0.9099999999999999,6.5025,-0.1935,308.117,0.1,0.2425,6.57,-0.2675,307.716,0.1,-0.335,6.343,-0.8500000000000001,307.252,0.1,0.2905,5.6395,0.5575,306.812,0.106,1.656,6.2705,1.7645,306.811,0.193,2.3255,6.33,0.0755,307.161,0.1,2.1494999999999997,6.0295000000000005,-0.432,307.66,0.1,1.6880000000000002,5.929,-0.288,307.971,0.1,1.2765,6.6129999999999995,-0.41500000000000004,307.673,0.1,
1.4845000000000002,6.7735,0.252,307.256,0.1,1.9005,6.1335,0.0415,307.268,0.106,1.849,5.871,-0.3185,307.43,0.1,1.7639999999999998,6.115,-0.215,307.665,0.1,1.6515,6.3759999999999994,-0.27949999999999997,307.914,0.1,1.2970000000000002,6.135999999999999,-0.4245,308.02,0.1,0.807,6.09,-0.42100000000000004,308.096,0.1,0.36150000000000004,6.1275,-0.3335,307.982,0.1,-0.23149999999999998,6.2725,-0.23,307.407,0.1,-0.632,6.1945,-0.8865000000000001,307.019,0.1,0.3485,5.7955000000000005,1.357,306.451,0.735,2.0404999999999998,6.5405,1.7105000000000001,306.623,0.203,2.5709999999999997,6.496,-0.1315,306.982,0.1,1.8815,5.5925,-0.6245,307.486,0.1,1.177,5.3325,-0.5795,307.691,0.1,1.0665,5.984,-0.004000000000000002,307.47,0.1,
0.791,6.9755,0.6040000000000001,306.935,0.1,1.8695,6.218500000000001,0.948,306.77,0.778,1.9875,5.2445,-0.1595,307.154,0.1,1.521,5.5405,-0.6145,307.757,0.1,1.049,6.372,-0.6025,307.827,0.1,1.0,6.2075,-0.16599999999999998,307.427,0.1,1.077,6.218500000000001,0.9684999999999999,307.334,0.1,0.6855,6.177,0.0335,307.564,0.1,-0.057499999999999996,6.298,-0.262,307.401,0.1,-0.392,6.3165,-0.6910000000000001,307.321,0.1,0.49249999999999994,6.3585,0.955,306.386,0.242,1.5739999999999998,7.0169999999999995,0.528,306.567,0.11,1.3435,6.715999999999999,-0.5505,307.092,0.1,0.3725,5.4345,-0.5845,307.11,0.1,0.15150000000000002,5.1425,-0.14200000000000002,307.007,0.1,1.004,6.2125,1.274,306.837,0.101,
0.09999999999999998,7.3294999999999995,0.41900000000000004,306.741,0.133,1.397,6.878500000000001,1.3585,306.749,0.428,1.8535,5.5489999999999995,0.298,306.965,0.256,1.1775,5.117,-0.0975,307.414,0.1,0.2855,5.9925,-0.7745,307.438,0.1,0.551,6.605,-0.0535,306.846,0.118,1.565,7.0120000000000005,2.584,306.919,0.242,1.6735,6.8995,0.8565,307.08,0.104,0.6535,6.676,-0.3145,307.36,0.1,-0.044,6.6645,-0.4425,307.68,0.1,0.365,7.0649999999999995,0.0325,306.82,0.1,0.524,7.17,-0.34099999999999997,307.009,0.1,-0.15399999999999997,6.577,-0.7675,307.107,0.1,-0.4835,5.6715,-0.17149999999999999,306.679,0.213,0.14499999999999996,5.468999999999999,0.7235,306.624,0.251,1.3355,6.757,1.718,306.639,0.205,
-0.2885,7.504,-0.0985,306.521,0.12,0.46,7.243,0.7465,306.681,0.172,1.162,5.926,0.485,306.836,0.213,1.1315,5.07,1.4125,307.044,0.821,0.3625,5.732,-0.254,307.061,0.1,0.29050000000000004,6.866,-0.334,306.507,0.154,1.404,7.507,2.182,306.765,0.16,2.1265,7.409,0.84,306.727,0.169,1.3840000000000001,6.947,-0.40049999999999997,307.292,0.1,0.35450000000000004,6.882,-0.297,307.866,0.1,0.1845,7.385,-0.405,307.527,0.1,0.025499999999999995,7.079,-0.3255,307.352,0.1,-0.377,6.383,-0.6000000000000001,307.014,0.1,-0.0625,5.879,0.2265,306.579,0.287,0.9584999999999999,5.737,0.937,306.595,0.616,1.9965,6.981,1.015,306.599,0.152,
1.1785,7.725,-0.16799999999999998,307.829,0.1,1.241,7.382,-0.006500000000000002,307.505,0.1,0.748,7.443,-0.175,307.882,0.116,0.2485,7.447,-0.1655,307.99,0.1,0.2265,7.0545,-0.001,307.956,0.1,0.0685,6.6735,-0.079,308.372,0.1,0.0615,6.8134999999999994,-0.081,308.1,0.1,0.56,6.6129999999999995,0.599,307.315,0.132,0.73,7.0995,-0.126,307.65,0.1,0.385,7.3965,-0.10200000000000001,307.774,0.1,0.0765,7.33,-0.07300000000000001,307.624,0.1,-0.008,7.652,0.3105,307.03,0.1,-0.108,7.465,0.1855,307.371,0.1,-0.1915,6.9265,-0.051500000000000004,307.582,0.1,0.025499999999999995,7.167999999999999,0.14800000000000002,307.331,0.115,0.3155,7.2465,-0.1255,307.797,0.1,
1.6844999999999999,7.599,-0.0715,308.074,0.1,1.4849999999999999,7.293,-0.251,307.858,0.1,0.8594999999999999,7.196999999999999,-0.20350000000000001,307.689,0.104,0.4425,7.0125,-0.086,307.906,0.1,0.492,6.8675,-0.048,307.934,0.1,0.374,6.1434999999999995,0.266,307.514,0.1,0.3405,6.677,-0.044,307.683,0.1,0.798,7.29,0.512,307.283,0.128,0.899,7.321,-0.10200000000000001,307.913,0.1,0.45899999999999996,7.3919999999999995,-0.3025,307.862,0.1,0.134,7.537,-0.195,307.851,0.1,0.212,7.891500000000001,0.08349999999999999,307.161,0.1,0.32299999999999995,7.621,0.02,307.511,0.1,0.247,6.6955,-0.075,307.743,0.1,0.265,6.842499999999999,-0.037500000000000006,307.88,0.1,0.3705,7.019,-0.0785,308.293,0.1,
1.847,7.321,-0.010499999999999999,308.007,0.1,1.367,6.8965,-0.2665,307.864,0.1,0.7705,6.882,-0.3065,307.695,0.1,0.47350000000000003,6.505,0.027500000000000004,307.514,0.124,0.5835,6.5265,0.14150000000000001,307.665,0.1,0.8895,6.3705,0.385,307.021,0.101,0.873,6.7705,-0.079,307.348,0.1,0.7565,7.619,0.065,307.395,0.106,0.7145,7.202500000000001,0.186,307.736,0.113,0.45,6.609500000000001,-0.2505,307.917,0.1,0.2025,7.0775,-0.3785,308.0,0.1,0.374,7.8004999999999995,-0.1375,307.673,0.1,0.5145,7.5595,-0.08349999999999999,307.802,0.1,0.3395,6.4670000000000005,-0.0745,307.966,0.1,0.2425,6.6899999999999995,-0.043,308.221,0.1,0.303,7.0895,-0.0495,308.353,0.1,
1.4315,7.1265,-0.0005,307.846,0.1,0.8255,6.734999999999999,-0.2175,307.933,0.1,0.42200000000000004,6.842,-0.312,308.059,0.1,0.4645,6.3309999999999995,0.017,307.273,0.111,0.8015000000000001,6.4375,0.399,307.279,0.118,1.113,6.980499999999999,0.1465,307.334,0.1,0.6775,6.8895,-0.1455,307.488,0.1,0.076,7.462,-0.3415,307.435,0.1,0.514,7.3565000000000005,0.339,307.032,0.104,1.214,6.1845,0.8875,307.018,0.125,1.1295,6.302,-0.42,307.545,0.1,0.8200000000000001,7.407,-0.328,307.938,0.1,0.6345000000000001,7.2725,-0.09,307.979,0.1,0.536,6.52,-0.006500000000000001,308.104,0.1,0.47550000000000003,6.7865,-0.0965,308.4,0.1,0.162,6.859500000000001,-0.21150000000000002,308.461,0.1,
1.0565,7.015000000000001,-0.023,307.729,0.1,0.6155,6.8345,-0.15000000000000002,308.066,0.1,0.29300000000000004,6.891,-0.1825,308.22,0.1,0.5409999999999999,6.4145,0.006500000000000001,307.269,0.108,0.998,6.6875,0.39,307.174,0.23,0.9,7.263999999999999,-0.0965,307.797,0.1,-0.0005000000000000004,6.9085,-0.0915,307.794,0.1,-0.7595000000000001,7.1825,-0.5065,307.579,0.1,-0.013000000000000012,7.645,-0.046,306.466,0.16,1.475,6.6615,1.5385,306.525,0.47,1.869,5.937,0.041,306.925,0.1,1.317,6.9535,-0.415,307.87,0.1,0.97,7.0245,-0.067,307.988,0.1,1.0165,6.8875,-0.0545,308.202,0.1,0.8845000000000001,6.555,-0.328,308.438,0.1,0.3635,6.119,0.077,307.915,0.1,
1.1735,6.764,-0.14550000000000002,307.777,0.1,0.981,6.723,-0.198,308.113,0.1,0.5675,6.566000000000001,-0.2105,308.046,0.1,0.777,6.526,0.1765,307.188,0.107,1.115,6.8735,0.1975,307.264,0.102,0.6655,7.167,-0.1785,307.906,0.1,-0.3305,7.0024999999999995,-0.042,307.96,0.1,-1.105,6.9285,-0.3235,307.929,0.1,-0.7264999999999999,7.548,-0.4225,306.707,0.102,0.7484999999999999,7.1655,0.6805,306.336,0.222,1.7495,6.2165,0.6735,306.548,0.717,1.5515,6.5215,-0.29600000000000004,307.773,0.1,1.223,6.91,-0.13,308.036,0.1,0.99,7.085,-0.2365,308.193,0.1,0.7010000000000001,6.109,-0.1775,307.704,0.1,0.8089999999999999,5.8705,0.747,306.919,0.145,
1.657,6.3685,-0.249,307.859,0.1,1.3175,6.2395,-0.2665,307.898,0.1,0.8585,6.047499999999999,-0.21050000000000002,307.537,0.1,1.1185,6.59,0.375,306.923,0.109,1.387,6.8614999999999995,0.022,307.281,0.101,0.829,7.1225000000000005,-0.16,307.781,0.1,-0.069,7.288,-0.1325,307.995,0.1,-0.6799999999999999,6.98,0.0885,307.923,0.1,-0.773,7.3294999999999995,-0.16749999999999998,307.501,0.1,0.022999999999999965,7.194,-0.21600000000000003,306.647,0.101,1.1895,6.663,0.6699999999999999,306.635,0.765,1.5385,6.1080000000000005,0.14800000000000002,307.378,0.1,1.096,6.774,-0.1755,307.99,0.1,0.406,6.9015,-0.37150000000000005,307.882,0.1,0.379,6.199,0.20450000000000002,306.858,0.11,1.2309999999999999,6.2255,0.8465,306.602,1.182,
1.791,6.1365,-0.14300000000000002,307.685,0.1,1.222,5.971500000000001,-0.101,307.266,0.1,1.0685,6.0405,0.1095,306.972,0.113,1.5055,6.745,0.3125,306.829,0.265,1.7555,6.9345,-0.1065,307.406,0.1,1.255,7.2655,-0.136,307.795,0.1,0.448,7.551500000000001,-0.219,308.015,0.1,0.093,7.49,0.1905,307.642,0.1,-0.16499999999999998,7.4350000000000005,0.21400000000000002,307.744,0.101,-0.245,7.056,-0.305,307.375,0.1,0.6849999999999999,6.945,0.2555,306.608,0.273,1.643,6.164,0.6699999999999999,306.708,1.035,1.177,6.755,-0.096,307.612,0.1,0.14250000000000002,6.6585,-0.359,307.602,0.1,0.3305,6.737,0.1065,306.587,0.149,1.374,6.4719999999999995,0.5745,306.634,0.803,
1.379,6.243,0.101,307.231,0.139,0.9405,6.338,0.042499999999999996,306.767,0.231,1.2075,6.593999999999999,0.187,306.809,0.112,1.7189999999999999,7.105,0.086,307.164,0.105,1.8275000000000001,7.004,-0.19,307.762,0.1,1.421,7.133,-0.179,307.968,0.1,0.883,7.41,-0.217,307.999,0.1,0.7145,7.794499999999999,-0.14350000000000002,307.711,0.1,0.4245,7.612,0.0435,307.72,0.1,-0.123,7.0575,-0.079,307.899,0.1,0.42099999999999993,7.073,-0.1675,306.963,0.1,1.609,6.6925,0.579,306.762,0.674,1.418,6.948,-0.07200000000000001,307.375,0.1,0.3735,6.6035,-0.188,307.637,0.1,0.3785,7.0225,-0.33599999999999997,307.187,0.1,1.19,6.683,0.48050000000000004,306.93,0.124,
1.1644999999999999,6.6045,0.3345,306.837,1.127,1.1139999999999999,7.0145,-0.024,306.866,0.103,1.4015,7.1754999999999995,-0.1225,307.345,0.1,1.682,7.327500000000001,-0.08349999999999999,307.721,0.1,1.508,6.6845,-0.16649999999999998,308.017,0.1,1.177,6.6265,-0.203,307.96,0.1,1.018,6.9555,-0.20500000000000002,307.945,0.1,0.9835,7.4245,-0.366,308.043,0.1,0.8155,7.428,-0.27449999999999997,307.997,0.1,0.4005,7.0045,-0.057,308.204,0.1,0.518,6.688000000000001,-0.5955,307.876,0.1,1.1745,6.7989999999999995,0.189,307.574,0.122,1.194,6.902,-0.1245,307.622,0.101,0.545,6.6274999999999995,-0.07250000000000001,307.808,0.1,0.38649999999999995,6.8485,-0.4575,308.069,0.1,1.03,7.17,0.41200000000000003,307.187,0.11,
1.403,6.9505,0.32799999999999996,306.797,0.779,1.5870000000000002,7.3294999999999995,-0.123,307.281,0.101,1.5675,7.3629999999999995,-0.2595,307.947,0.1,1.4674999999999998,7.0055,-0.16,308.11,0.1,1.2125,6.2175,-0.07750000000000001,308.003,0.1,1.0499999999999998,6.308,-0.1855,308.007,0.1,1.0805,6.662,-0.123,308.062,0.1,1.029,6.8475,-0.2215,308.265,0.1,0.784,6.945,-0.28500000000000003,308.127,0.1,0.45999999999999996,6.6850000000000005,-0.3595,307.954,0.1,0.5405,5.931,-0.47450000000000003,307.756,0.1,0.982,6.3625,0.619,307.511,0.109,1.2080000000000002,6.482,-0.053,307.739,0.1,1.0710000000000002,6.4775,-0.1735,307.951,0.1,0.9335,6.5120000000000005,-0.1535,308.274,0.1,1.1204999999999998,7.356,0.1015,307.476,0.1,
1.6665,6.9145,0.071,307.392,0.117,1.7254999999999998,6.803,-0.2405,307.73,0.1,1.5625,6.8675,-0.1935,308.018,0.1,1.4005,6.4864999999999995,-0.1005,308.039,0.1,1.2295,6.1555,-0.09,308.071,0.1,1.037,6.2425,-0.29100000000000004,308.285,0.1,0.9265,6.399,-0.265,308.341,0.1,0.7435,6.419499999999999,-0.11599999999999999,308.26,0.1,0.16899999999999998,6.4695,-0.1935,307.834,0.1,-0.3405,6.3294999999999995,-0.7150000000000001,307.429,0.1,0.30500000000000005,5.5715,0.4655,306.888,0.1,1.5699999999999998,6.179,1.5299999999999998,306.851,0.118,2.112,6.2615,0.042,307.354,0.1,1.947,6.116,-0.33699999999999997,307.872,0.1,1.554,6.07,-0.143,308.176,0.1,1.1095000000000002,6.6530000000000005,-0.361,307.97,0.1,
1.384,6.6955,0.1495,307.532,0.1,1.65,6.041,-0.012,307.537,0.1,1.6135000000000002,5.9475,-0.2235,307.65,0.1,1.545,6.1605,-0.1505,307.907,0.1,1.367,6.367,-0.241,308.162,0.1,0.9795,6.095000000000001,-0.383,308.197,0.1,0.546,5.9785,-0.3805,308.218,0.1,0.193,6.0634999999999994,-0.262,308.082,0.1,-0.3655,6.2115,-0.16899999999999998,307.574,0.1,-0.7495,6.199999999999999,-0.7849999999999999,307.284,0.1,0.316,5.8345,1.188,306.436,0.667,2.06,6.561,1.4565000000000001,306.6,0.166,2.5484999999999998,6.509499999999999,-0.1365,307.109,0.1,1.8515000000000001,5.7170000000000005,-0.495,307.654,0.1,1.145,5.4945,-0.456,307.896,0.1,0.9395,5.9190000000000005,-0.048,307.741,0.1,
0.747,6.843,0.479,307.046,0.1,1.699,6.093,0.7675000000000001,306.883,0.659,1.7545000000000002,5.3865,-0.15050000000000002,307.396,0.1,1.314,5.6655,-0.502,307.954,0.1,0.871,6.353,-0.4655,307.954,0.1,0.827,6.1295,-0.1995,307.528,0.1,0.8939999999999999,6.0665,0.8325,307.417,0.1,0.4975,6.0665,0.01,307.657,0.1,-0.25999999999999995,6.2665,-0.1925,307.577,0.1,-0.5599999999999999,6.3255,-0.6065,307.627,0.1,0.48,6.480499999999999,0.7685,306.414,0.178,1.6825,7.0895,0.375,306.617,0.106,1.4685,6.7725,-0.4625,307.204,0.1,0.4795,5.5175,-0.516,307.257,0.1,0.2115,5.204000000000001,-0.14250000000000002,307.149,0.1,1.0105,6.1045,1.1065,306.937,0.1,
0.08700000000000002,7.282,0.3425,306.725,0.142,1.3485,6.8100000000000005,1.1555,306.746,0.369,1.6645,5.6114999999999995,0.2105,307.145,0.117,0.9235,5.186999999999999,-0.09,307.553,0.1,0.08149999999999999,6.031499999999999,-0.5920000000000001,307.527,0.1,0.43299999999999994,6.612500000000001,-0.10600000000000001,306.867,0.12,1.504,6.9465,2.362,306.915,0.245,1.578,6.7795000000000005,0.696,307.13,0.1,0.5265000000000001,6.664999999999999,-0.2495,307.511,0.1,-0.125,6.6705000000000005,-0.348,308.003,0.1,0.3545,7.0915,-0.0825,307.068,0.1,0.5685,7.134,-0.349,307.162,0.1,-0.07599999999999998,6.601,-0.617,307.213,0.1,-0.4335,5.6754999999999995,-0.21100000000000002,306.767,0.103,0.16549999999999998,5.4735,0.6060000000000001,306.647,0.117,1.44,6.718,1.554,306.627,0.209,
-0.28250000000000003,7.509,-0.0975,306.552,0.123,0.4965,7.213,0.619,306.687,0.157,1.1015,5.926,0.376,306.905,0.133,0.937,5.08,1.2570000000000001,307.071,0.741,0.08800000000000002,5.821,-0.1795,307.17,0.1,0.1345,6.948,-0.3285,306.532,0.151,1.4515,7.526,2.0004999999999997,306.706,0.172,2.1725000000000003,7.32,0.6465000000000001,306.762,0.131,1.3555000000000001,6.951,-0.35050000000000003,307.47,0.1,0.34099999999999997,6.894,-0.186,308.138,0.1,0.1625,7.317,-0.365,307.803,0.1,-0.013499999999999984,6.962,-0.254,307.476,0.1,-0.393,6.382,-0.47250000000000003,307.112,0.1,-0.07450000000000001,5.848,0.1595,306.607,0.244,0.944,5.737,0.804,306.583,0.509,2.0540000000000003,6.987,0.901,306.574,0.151,
0.626,7.2605,-0.11649999999999999,308.417,0.1,0.6890000000000001,7.16,-0.0915,308.064,0.1,0.4445,7.2665,-0.14250000000000002,308.24,0.11,0.1785,7.302,-0.092,308.312,0.1,0.11049999999999999,6.9205000000000005,0.017,308.371,0.1,-0.059500000000000004,6.536,-0.024999999999999998,308.613,0.1,-0.013499999999999998,6.7725,-0.010499999999999999,308.365,0.1,0.3815,6.747,0.4305,307.898,0.12,0.4825,7.0435,-0.11399999999999999,308.161,0.1,0.1525,7.2575,-0.0745,308.136,0.1,-0.1095,7.2255,-0.091,308.099,0.1,0.0015000000000000013,7.5255,0.23500000000000001,307.559,0.1,0.0975,7.3565000000000005,0.15999999999999998,307.84,0.1,-0.05249999999999999,6.8395,-0.0145,308.081,0.1,-0.093,7.000500000000001,0.1185,308.14,0.109,-0.0245,7.1205,-0.087,308.489,0.1,
1.046,7.14,-0.036,308.424,0.1,0.9135,7.0489999999999995,-0.22049999999999997,308.275,0.1,0.5645,7.1965,-0.152,308.094,0.103,0.3155,7.015000000000001,-0.034499999999999996,308.221,0.1,0.32,6.8265,-0.0025000000000000005,308.258,0.1,0.2815,6.3565000000000005,0.2045,307.887,0.1,0.3355,6.7625,-0.0034999999999999996,308.009,0.1,0.6225,7.176,0.372,307.826,0.117,0.617,7.1285,-0.076,308.328,0.1,0.24550000000000002,7.2585,-0.20700000000000002,308.222,0.1,-0.021000000000000005,7.390499999999999,-0.1535,308.308,0.1,0.11349999999999999,7.708,0.044,307.861,0.1,0.3235,7.443,0.006,308.033,0.1,0.27049999999999996,6.681,-0.0385,308.168,0.1,0.0825,6.708500000000001,-0.029,308.453,0.1,-0.0395,6.7695,-0.067,308.738,0.1,
1.267,7.04,0.0065,308.281,0.1,0.874,6.8469999999999995,-0.1755,308.344,0.1,0.45399999999999996,7.032,-0.2395,308.199,0.1,0.30200000000000005,6.696,0.0145,307.927,0.115,0.40850000000000003,6.6899999999999995,0.1465,308.0,0.1,0.623,6.654,0.273,307.613,0.1,0.6775,6.897,-0.0455,307.814,0.1,0.6719999999999999,7.4335,0.0625,307.831,0.104,0.619,7.0245,0.1385,308.067,0.108,0.36450000000000005,6.603,-0.20400000000000001,308.28,0.1,0.1355,7.0195,-0.252,308.367,0.1,0.2155,7.5600000000000005,-0.103,308.288,0.1,0.376,7.3375,-0.07300000000000001,308.241,0.1,0.30400000000000005,6.556,-0.039,308.339,0.1,0.07950000000000002,6.5855,-0.037000000000000005,308.638,0.1,-0.033,6.765,-0.032,308.657,0.1,
1.0835,7.008,0.0045000000000000005,308.148,0.1,0.4955,6.761,-0.145,308.495,0.1,0.0995,6.835,-0.248,308.535,0.1,0.23850000000000002,6.541,-0.0245,307.783,0.107,0.5705,6.6915,0.32099999999999995,307.714,0.111,0.734,7.0565,0.0935,307.915,0.1,0.46599999999999997,7.0075,-0.07050000000000001,307.972,0.1,0.175,7.3740000000000006,-0.2345,307.888,0.1,0.535,7.093999999999999,0.21700000000000003,307.403,0.102,1.029,6.162,0.7105,307.308,0.115,0.9239999999999999,6.3925,-0.322,307.835,0.1,0.6255,7.234,-0.2255,308.333,0.1,0.48950000000000005,7.156499999999999,-0.052,308.308,0.1,0.376,6.6015,-0.0095,308.481,0.1,0.2195,6.6355,-0.0615,308.704,0.1,0.009500000000000001,6.6525,-0.122,308.614,0.1,
0.9355,6.9715,-0.0165,308.074,0.1,0.426,6.755,-0.1085,308.574,0.1,0.0605,6.686,-0.0915,308.546,0.1,0.3205,6.517,-0.043000000000000003,307.804,0.105,0.7315,6.85,0.2765,307.682,0.182,0.6535,7.189,-0.065,308.197,0.1,-0.0030000000000000027,7.028499999999999,-0.0005000000000000004,308.207,0.1,-0.603,7.163,-0.361,308.117,0.1,0.017000000000000015,7.2955000000000005,-0.1285,306.979,0.138,1.3545,6.602,1.273,306.541,0.417,1.662,6.179,-0.0405,307.211,0.1,1.1215,6.909,-0.295,308.165,0.1,0.7745,7.025,-0.0155,308.28,0.1,0.6445,6.7775,-0.0555,308.508,0.1,0.502,6.4745,-0.232,308.611,0.1,0.282,6.1815,0.0865,308.131,0.1,
1.064,6.723,-0.108,308.118,0.1,0.7655,6.579,-0.13,308.479,0.1,0.428,6.5115,-0.0655,308.282,0.1,0.6214999999999999,6.596500000000001,0.092,307.703,0.104,0.896,6.9765,0.1085,307.769,0.102,0.6445000000000001,7.15,-0.106,308.177,0.1,-0.10599999999999998,7.095,0.0315,308.266,0.1,-0.917,6.9475,-0.1985,308.413,0.1,-0.6445,7.2620000000000005,-0.4115,307.353,0.101,0.8025,7.184,0.5375,306.491,0.177,1.6469999999999998,6.4895,0.4405,306.978,0.492,1.3424999999999998,6.606999999999999,-0.214,308.072,0.1,0.94,6.91,-0.0695,308.298,0.1,0.6285,6.8454999999999995,-0.14350000000000002,308.342,0.1,0.44599999999999995,6.1895,-0.14850000000000002,307.927,0.1,0.6855,6.064,0.597,307.279,0.128,
1.338,6.308,-0.181,308.134,0.1,1.009,6.194,-0.185,308.184,0.1,0.7235,6.326499999999999,-0.1155,307.958,0.1,0.9545,6.785,0.263,307.483,0.106,1.146,7.024,-0.0195,307.807,0.1,0.8314999999999999,7.1850000000000005,-0.10400000000000001,308.066,0.1,0.22049999999999997,7.2805,-0.065,308.213,0.1,-0.421,7.005,0.1095,308.299,0.1,-0.585,7.1215,-0.1405,308.033,0.1,0.205,7.279,-0.186,307.165,0.101,1.1604999999999999,6.8454999999999995,0.46199999999999997,307.115,0.523,1.2894999999999999,6.352,0.108,307.774,0.1,0.8140000000000001,6.747,-0.1185,308.208,0.1,0.2505,6.759,-0.186,308.041,0.1,0.312,6.3475,0.1015,307.222,0.106,1.0635000000000001,6.4925,0.6715,306.966,0.792,
1.4015,6.1005,-0.0895,307.901,0.1,1.008,6.073,-0.08549999999999999,307.678,0.1,0.9059999999999999,6.411,0.076,307.646,0.108,1.1775,6.9795,0.2255,307.515,0.202,1.316,7.0475,-0.1095,307.95,0.1,1.0535,7.272,-0.1035,308.092,0.1,0.6125,7.462,-0.145,308.2,0.1,0.319,7.4190000000000005,0.1295,307.992,0.1,0.024499999999999994,7.2465,0.1815,308.098,0.101,-0.012999999999999998,7.1585,-0.1965,307.947,0.1,0.6875,7.060499999999999,0.1385,307.219,0.208,1.2925,6.4475,0.502,307.335,0.696,0.874,6.7065,-0.0765,307.908,0.1,0.1285,6.667999999999999,-0.1655,307.916,0.1,0.3435,6.8465,0.0075,307.178,0.13,1.1360000000000001,6.8365,0.4415,307.155,0.547,
1.1949999999999998,6.287,0.0955,307.506,0.124,0.901,6.468,0.002,307.361,0.182,0.9624999999999999,6.7005,0.123,307.597,0.108,1.1495,7.0495,0.0325,307.876,0.103,1.222,6.937,-0.16399999999999998,308.175,0.1,1.1065,7.1385000000000005,-0.135,308.188,0.1,0.879,7.406000000000001,-0.1425,308.188,0.1,0.778,7.6594999999999995,-0.152,308.048,0.1,0.5245,7.455,0.006500000000000001,308.048,0.1,0.078,7.1335,0.010499999999999999,308.366,0.1,0.373,7.1145,-0.1645,307.674,0.1,1.15,6.7635,0.4215,307.519,0.463,1.0795,6.8385,-0.0765,307.81,0.1,0.39499999999999996,6.631,-0.062,308.038,0.1,0.34099999999999997,6.984500000000001,-0.3,307.861,0.1,0.796,6.885,0.3395,307.631,0.115,
1.1869999999999998,6.7515,0.2595,307.243,0.756,1.0155,6.9835,-0.0635,307.528,0.102,0.9295,6.8365,-0.1315,308.04,0.1,0.9844999999999999,6.9345,-0.1085,308.229,0.1,1.0150000000000001,6.6425,-0.1295,308.281,0.1,0.9935,6.811,-0.153,308.212,0.1,0.9335,7.0765,-0.153,308.227,0.1,0.879,7.318,-0.2975,308.358,0.1,0.7825,7.292,-0.249,308.303,0.1,0.43399999999999994,7.0085,0.0225,308.464,0.1,0.3205,6.621499999999999,-0.48250000000000004,308.341,0.1,0.7364999999999999,6.576,0.105,308.103,0.113,0.9464999999999999,6.7425,-0.11299999999999999,308.054,0.1,0.5895,6.569,-0.0195,308.186,0.1,0.3235,6.646000000000001,-0.3345,308.548,0.1,0.5515,6.9615,0.2605,307.89,0.106,
1.4100000000000001,7.1825,0.2545,307.33,0.531,1.294,7.140000000000001,-0.1115,307.857,0.101,0.9745,6.7735,-0.22,308.39,0.1,0.915,6.6665,-0.14250000000000002,308.419,0.1,0.935,6.423,-0.063,308.302,0.1,0.8965000000000001,6.603,-0.1365,308.345,0.1,0.848,6.718500000000001,-0.0945,308.39,0.1,0.7805,6.726,-0.151,308.5,0.1,0.6739999999999999,6.7935,-0.213,308.293,0.1,0.4345,6.647,-0.239,308.092,0.1,0.4025,5.786,-0.4255,307.996,0.1,0.757,5.993,0.49150000000000005,307.72,0.106,1.0355,6.333,-0.041499999999999995,308.043,0.1,0.9450000000000001,6.414,-0.1305,308.231,0.1,0.738,6.390000000000001,-0.043000000000000003,308.545,0.1,0.7395,7.0585,0.066,307.972,0.1,
1.4115000000000002,7.1315,0.0365,307.874,0.11,1.312,6.71,-0.185,308.127,0.1,1.1315,6.5255,-0.11449999999999999,308.289,0.1,1.109,6.4245,-0.075,308.354,0.1,0.9864999999999999,6.4295,-0.09,308.427,0.1,0.7,6.437,-0.219,308.556,0.1,0.537,6.322,-0.191,308.522,0.1,0.4535,6.2795,-0.05,308.374,0.1,0.0635,6.3475,-0.1245,307.983,0.1,-0.322,6.323,-0.5745,307.685,0.1,0.3185,5.4635,0.3585,306.986,0.1,1.502,5.9205000000000005,1.282,306.861,0.141,1.9104999999999999,6.1945,0.016,307.568,0.1,1.6244999999999998,6.209,-0.245,308.09,0.1,1.2075,6.2545,-0.0165,308.382,0.1,0.8385,6.692,-0.2825,308.304,0.1,
1.0165000000000002,6.747999999999999,0.07050000000000001,307.884,0.1,1.1755,6.0809999999999995,-0.044,307.925,0.1,1.3250000000000002,6.061999999999999,-0.136,307.99,0.1,1.3755000000000002,6.204000000000001,-0.1,308.237,0.1,1.0955,6.433999999999999,-0.195,308.41,0.1,0.597,6.138,-0.3325,308.365,0.1,0.2,5.8395,-0.33599999999999997,308.322,0.1,-0.0295,5.9505,-0.19,308.177,0.1,-0.5275000000000001,6.1605,-0.11299999999999999,307.858,0.1,-0.835,6.241,-0.673,307.637,0.1,0.36400000000000005,5.9385,0.9824999999999999,306.432,0.573,2.113,6.573,1.1760000000000002,306.572,0.148,2.477,6.5545,-0.14350000000000002,307.315,0.1,1.7435,5.9735,-0.363,307.876,0.1,1.014,5.811,-0.328,308.169,0.1,0.6895,6.094,-0.074,308.116,0.1,
0.597,6.727,0.3425,307.196,0.1,1.323,6.0655,0.5885,307.159,0.453,1.429,5.6645,-0.1275,307.807,0.1,1.1125,5.6885,-0.386,308.149,0.1,0.7045,6.249499999999999,-0.3325,308.061,0.1,0.6265000000000001,6.0735,-0.2365,307.65,0.1,0.6755,5.8855,0.685,307.51,0.1,0.336,5.9399999999999995,0.0005,307.771,0.1,-0.4245,6.2635000000000005,-0.1235,307.865,0.1,-0.6890000000000001,6.343500000000001,-0.514,307.98,0.1,0.5295000000000001,6.6945,0.5555,306.548,0.149,1.8225000000000002,7.1825,0.22149999999999997,306.802,0.103,1.597,6.8515,-0.373,307.4,0.1,0.6455,5.7615,-0.44,307.509,0.1,0.3295,5.378,-0.13,307.392,0.1,0.8420000000000001,6.1065000000000005,0.929,307.13,0.1,
0.11149999999999999,7.144,0.2415,306.706,0.143,1.1875,6.7219999999999995,0.942,306.765,0.324,1.2995,5.7555,0.146,307.45,0.111,0.589,5.1685,-0.064,307.706,0.1,-0.069,5.986000000000001,-0.4105,307.638,0.1,0.3525,6.5385,-0.1745,306.917,0.113,1.423,6.814,2.0940000000000003,306.898,0.257,1.529,6.6615,0.538,307.218,0.1,0.5295,6.705,-0.1805,307.743,0.1,-0.099,6.628,-0.2565,308.355,0.1,0.36300000000000004,7.0885,-0.194,307.47,0.1,0.6315000000000001,7.0615000000000006,-0.3405,307.425,0.1,0.08100000000000002,6.6259999999999994,-0.465,307.383,0.1,-0.3005,5.7395,-0.247,306.991,0.102,0.23700000000000002,5.508,0.494,306.701,0.11,1.3944999999999999,6.644,1.3679999999999999,306.609,0.217,
-0.1675,7.4,-0.11649999999999999,306.721,0.114,0.6105,7.14,0.48350000000000004,306.721,0.137,0.9510000000000001,5.968,0.28,307.073,0.121,0.6214999999999999,5.025,1.097,307.112,0.671,-0.15299999999999997,5.863,-0.0845,307.347,0.1,0.05650000000000005,6.894,-0.334,306.669,0.132,1.5155,7.464,1.766,306.602,0.163,2.2025,7.236,0.4555,306.913,0.119,1.3515000000000001,7.018,-0.29000000000000004,307.748,0.1,0.366,6.83,-0.0835,308.431,0.1,0.11349999999999999,7.135,-0.319,308.119,0.1,-0.083,6.784,-0.184,307.64,0.1,-0.382,6.37,-0.3495,307.262,0.1,-0.067,5.797,0.0865,306.697,0.19,0.9185,5.737,0.6679999999999999,306.564,0.424,2.028,6.938,0.7685,306.506,0.142,
0.074,6.7965,-0.072,309.004,0.1,0.137,6.9375,-0.1575,308.624,0.1,0.1405,7.089499999999999,-0.113,308.599,0.104,0.1085,7.157,-0.0315,308.634,0.1,-0.005500000000000005,6.7865,0.0295,308.786,0.1,-0.1875,6.3985,0.0225,308.855,0.1,-0.088,6.731,0.048,308.63,0.1,0.20350000000000001,6.8815,0.282,308.482,0.108,0.235,6.9885,-0.10300000000000001,308.672,0.1,-0.0805,7.118499999999999,-0.055,308.497,0.1,-0.296,7.121,-0.0995,308.573,0.1,0.01050000000000001,7.399,0.165,308.087,0.1,0.303,7.248,0.1315,308.31,0.1,0.087,6.753,0.018000000000000002,308.581,0.1,-0.2115,6.8325,0.1015,308.949,0.103,-0.365,6.994999999999999,-0.0455,309.18,0.1,
0.40800000000000003,6.6815,-0.008499999999999999,308.774,0.1,0.3425,6.805,-0.1855,308.693,0.1,0.26949999999999996,7.1955,-0.1065,308.499,0.101,0.189,7.0175,0.010000000000000002,308.535,0.1,0.149,6.7855,0.0345,308.581,0.1,0.1895,6.5695,0.1505,308.261,0.1,0.331,6.8469999999999995,0.0305,308.336,0.1,0.447,7.0615,0.2475,308.369,0.107,0.3345,6.9365000000000006,-0.051000000000000004,308.743,0.1,0.0315,7.125,-0.1245,308.581,0.1,-0.177,7.2445,-0.113,308.765,0.1,0.014499999999999999,7.525,0.0105,308.56,0.1,0.324,7.265000000000001,-0.006,308.555,0.1,0.2945,6.667,-0.0085,308.594,0.1,-0.1,6.5745000000000005,-0.0145,309.027,0.1,-0.45,6.52,-0.049,309.183,0.1,
0.6865,6.759,0.0175,308.555,0.1,0.381,6.797499999999999,-0.089,308.824,0.1,0.138,7.181,-0.1755,308.703,0.1,0.1315,6.887499999999999,0.004,308.339,0.106,0.2345,6.854,0.1475,308.334,0.1,0.357,6.938000000000001,0.1755,308.205,0.1,0.48150000000000004,7.022500000000001,-0.0175,308.279,0.1,0.5875,7.247,0.059,308.266,0.101,0.5235,6.846,0.0985,308.399,0.103,0.278,6.5969999999999995,-0.157,308.644,0.1,0.0685,6.9625,-0.14,308.733,0.1,0.0575,7.319,-0.06999999999999999,308.903,0.1,0.237,7.115,-0.0625,308.679,0.1,0.26749999999999996,6.645,-0.011000000000000001,308.711,0.1,-0.08400000000000002,6.481,-0.027500000000000004,309.055,0.1,-0.36950000000000005,6.4399999999999995,-0.0175,308.961,0.1,
0.736,6.888999999999999,0.0045000000000000005,308.45,0.1,0.16600000000000004,6.786,-0.07200000000000001,309.058,0.1,-0.22199999999999998,6.827,-0.1845,309.01,0.1,0.012500000000000011,6.7509999999999994,-0.0595,308.293,0.103,0.3385,6.946,0.2475,308.149,0.104,0.3545,7.133,0.0505,308.495,0.1,0.254,7.125,-0.006,308.457,0.1,0.274,7.2855,-0.1355,308.341,0.1,0.5565,6.8315,0.1105,307.774,0.101,0.8435,6.1395,0.543,307.598,0.106,0.718,6.484,-0.2325,308.125,0.1,0.4315,7.060499999999999,-0.133,308.728,0.1,0.345,7.0405,-0.0205,308.638,0.1,0.2155,6.683,-0.011,308.858,0.1,-0.037,6.484999999999999,-0.0315,309.009,0.1,-0.14250000000000002,6.446,-0.048,308.766,0.1,
0.815,6.927,-0.015,308.418,0.1,0.237,6.675000000000001,-0.0635,309.083,0.1,-0.17149999999999999,6.4805,-0.012,308.872,0.1,0.101,6.619,-0.086,308.338,0.102,0.4655,7.0125,0.173,308.189,0.133,0.40750000000000003,7.1145,-0.036500000000000005,308.597,0.1,-0.0050000000000000044,7.1485,0.077,308.62,0.1,-0.4465,7.143,-0.22199999999999998,308.655,0.1,0.046999999999999986,6.946,-0.194,307.492,0.115,1.234,6.542,1.0095,306.558,0.364,1.4554999999999998,6.4215,-0.10950000000000001,307.497,0.1,0.9259999999999999,6.864,-0.186,308.46,0.1,0.5785,7.0255,0.027,308.571,0.1,0.273,6.668,-0.051000000000000004,308.813,0.1,0.1195,6.3945,-0.147,308.783,0.1,0.2005,6.2445,0.093,308.348,0.1,
0.955,6.681,-0.0765,308.459,0.1,0.5505,6.4350000000000005,-0.0655,308.844,0.1,0.2885,6.457000000000001,0.053000000000000005,308.518,0.1,0.4655,6.6665,0.016,308.218,0.102,0.6759999999999999,7.0794999999999995,0.0305,308.275,0.101,0.6225,7.1335,-0.047,308.448,0.1,0.11750000000000002,7.188000000000001,0.092,308.572,0.1,-0.73,6.9655000000000005,-0.0825,308.898,0.1,-0.5625,6.9755,-0.3895,308.0,0.1,0.8574999999999999,7.203,0.394,306.647,0.131,1.5455,6.763,0.23249999999999998,307.408,0.266,1.1335,6.6915,-0.1365,308.371,0.1,0.657,6.9094999999999995,-0.0135,308.559,0.1,0.268,6.606,-0.059000000000000004,308.49,0.1,0.191,6.2705,-0.12,308.15,0.1,0.562,6.2575,0.457,307.639,0.111,
1.0195,6.247,-0.121,308.41,0.1,0.7005,6.1485,-0.11149999999999999,308.47,0.1,0.5880000000000001,6.6055,-0.036500000000000005,308.379,0.1,0.7905,6.979,0.161,308.042,0.102,0.905,7.186999999999999,-0.053000000000000005,308.333,0.1,0.8340000000000001,7.248,-0.061,308.351,0.1,0.5105,7.2735,-0.0095,308.432,0.1,-0.16099999999999998,7.0295000000000005,0.125,308.674,0.1,-0.39649999999999996,6.9135,-0.111,308.565,0.1,0.387,7.3645,-0.161,307.683,0.1,1.131,7.0285,0.27449999999999997,307.594,0.28,1.0394999999999999,6.5954999999999995,0.078,308.17,0.1,0.5315,6.7204999999999995,-0.061,308.427,0.1,0.095,6.616,-0.023,308.2,0.1,0.24500000000000002,6.496499999999999,0.010000000000000002,307.585,0.102,0.896,6.76,0.504,307.331,0.402,
1.0115,6.064500000000001,-0.043,308.116,0.1,0.793,6.1745,-0.07300000000000001,308.09,0.1,0.7430000000000001,6.781499999999999,0.0475,308.32,0.103,0.849,7.2135,0.1515,308.202,0.14,0.8765000000000001,7.1615,-0.1085,308.494,0.1,0.852,7.279,-0.0785,308.389,0.1,0.7765,7.372,-0.08449999999999999,308.384,0.1,0.5455,7.3485,0.07400000000000001,308.343,0.1,0.214,7.058,0.15000000000000002,308.453,0.1,0.2185,7.260999999999999,-0.09899999999999999,308.518,0.1,0.6895,7.176,0.035,307.829,0.144,0.9415,6.7305,0.354,307.961,0.356,0.5705,6.6585,-0.055,308.203,0.1,0.11449999999999999,6.677,0.0024999999999999953,308.231,0.1,0.3565,6.9555,-0.079,307.769,0.112,0.8979999999999999,7.2010000000000005,0.3185,307.676,0.291,
1.0115,6.3315,0.089,307.781,0.109,0.861,6.5975,-0.034499999999999996,307.955,0.133,0.7170000000000001,6.807,0.0735,308.385,0.103,0.5800000000000001,6.9935,-0.005999999999999999,308.588,0.101,0.616,6.8705,-0.139,308.588,0.1,0.7915,7.144500000000001,-0.0975,308.407,0.1,0.8755,7.4015,-0.0805,308.376,0.1,0.842,7.525,-0.155,308.385,0.1,0.625,7.2985,-0.028499999999999998,308.376,0.1,0.27949999999999997,7.2095,0.088,308.832,0.1,0.325,7.1555,-0.1555,308.386,0.1,0.6905,6.834,0.28300000000000003,308.275,0.252,0.741,6.7295,-0.082,308.244,0.1,0.417,6.658,0.0445,308.44,0.1,0.304,6.946,-0.259,308.536,0.1,0.402,7.087,0.22000000000000003,308.333,0.106,
1.21,6.8985,0.188,307.648,0.385,0.9175,6.952,-0.0945,308.191,0.101,0.458,6.4975000000000005,-0.126,308.735,0.1,0.2865,6.541,-0.124,308.737,0.1,0.522,6.6005,-0.0985,308.545,0.1,0.8105,6.996,-0.11,308.465,0.1,0.849,7.196999999999999,-0.10500000000000001,308.509,0.1,0.775,7.2115,-0.231,308.673,0.1,0.75,7.156,-0.22499999999999998,308.609,0.1,0.4675,7.0125,0.0905,308.723,0.1,0.1235,6.555,-0.37,308.806,0.1,0.29850000000000004,6.353,0.036,308.631,0.105,0.698,6.5835,-0.10200000000000001,308.486,0.1,0.633,6.51,0.0225,308.565,0.1,0.26,6.444000000000001,-0.21650000000000003,309.027,0.1,0.07350000000000001,6.754,0.134,308.593,0.102,
1.4180000000000001,7.414,0.1845,307.863,0.284,1.001,6.9505,-0.095,308.434,0.1,0.381,6.184,-0.1765,308.834,0.1,0.36250000000000004,6.327,-0.128,308.728,0.1,0.657,6.629,-0.053000000000000005,308.602,0.1,0.743,6.898,-0.091,308.683,0.1,0.6154999999999999,6.775,-0.064,308.718,0.1,0.5315000000000001,6.604,-0.0875,308.735,0.1,0.5640000000000001,6.6419999999999995,-0.149,308.459,0.1,0.409,6.6085,-0.132,308.23,0.1,0.264,5.6415,-0.3745,308.236,0.1,0.532,5.6235,0.374,307.928,0.102,0.8634999999999999,6.183999999999999,-0.028499999999999998,308.346,0.1,0.8185,6.351,-0.094,308.511,0.1,0.542,6.2684999999999995,0.0525,308.815,0.1,0.35850000000000004,6.761,0.036500000000000005,308.467,0.1,
1.1564999999999999,7.348000000000001,0.011,308.357,0.104,0.8985000000000001,6.6165,-0.128,308.523,0.1,0.7005,6.1835,-0.0495,308.559,0.1,0.817,6.362,-0.057999999999999996,308.669,0.1,0.7435,6.704000000000001,-0.087,308.783,0.1,0.364,6.631500000000001,-0.1475,308.827,0.1,0.14850000000000002,6.2455,-0.1235,308.704,0.1,0.164,6.138999999999999,0.002,308.489,0.1,-0.04250000000000001,6.2265,-0.062,308.131,0.1,-0.30400000000000005,6.316000000000001,-0.4425,307.942,0.1,0.3325,5.355499999999999,0.25,307.085,0.1,1.4345,5.662,1.04,306.872,0.163,1.7085,6.128,-0.007000000000000001,307.782,0.1,1.302,6.3025,-0.162,308.308,0.1,0.8614999999999999,6.4384999999999994,0.0925,308.588,0.1,0.5670000000000001,6.731,-0.20550000000000002,308.638,0.1,
0.6499999999999999,6.800000000000001,0.006,308.237,0.1,0.7015,6.1205,-0.0655,308.314,0.1,1.036,6.1765,-0.065,308.33,0.1,1.2054999999999998,6.248,-0.06,308.566,0.1,0.824,6.5015,-0.148,308.657,0.1,0.2145,6.181,-0.27949999999999997,308.533,0.1,-0.146,5.7005,-0.2935,308.426,0.1,-0.252,5.8375,-0.1305,308.271,0.1,-0.689,6.109999999999999,-0.059000000000000004,308.142,0.1,-0.9205,6.282500000000001,-0.5589999999999999,307.991,0.1,0.4115,6.0425,0.7705,306.429,0.478,2.1665,6.5855,0.906,306.545,0.13,2.4065,6.6,-0.1485,307.521,0.1,1.6360000000000001,6.23,-0.239,308.099,0.1,0.883,6.1274999999999995,-0.20700000000000002,308.442,0.1,0.43900000000000006,6.27,-0.0885,308.491,0.1,
0.4465,6.611000000000001,0.21250000000000002,307.346,0.1,0.9470000000000001,6.038,0.423,307.435,0.247,1.104,5.9425,-0.10400000000000001,308.219,0.1,0.911,5.712,-0.278,308.345,0.1,0.5385,6.1465,-0.21150000000000002,308.168,0.1,0.426,6.0175,-0.269,307.773,0.1,0.45599999999999996,5.7045,0.542,307.603,0.1,0.1735,5.814,-0.009000000000000001,307.886,0.1,-0.5900000000000001,6.2605,-0.0595,308.152,0.1,-0.8180000000000001,6.3614999999999995,-0.41600000000000004,308.333,0.1,0.579,6.9085,0.35050000000000003,306.681,0.119,1.962,7.276,0.08249999999999999,306.988,0.101,1.7255,6.93,-0.28800000000000003,307.596,0.1,0.8115000000000001,6.006,-0.36050000000000004,307.761,0.1,0.4475,5.5525,-0.11449999999999999,307.634,0.1,0.6735,6.1095,0.7575000000000001,307.323,0.1,
0.1355,7.0055,0.14,306.687,0.144,1.0265,6.6335,0.7355,306.783,0.279,0.9339999999999999,5.8995,0.091,307.754,0.104,0.2535,5.15,-0.034499999999999996,307.859,0.1,-0.22,5.941,-0.245,307.749,0.1,0.27149999999999996,6.465,-0.24,306.968,0.105,1.3415,6.681,1.818,306.881,0.269,1.4794999999999998,6.544499999999999,0.3915,307.305,0.1,0.5315,6.7455,-0.1175,307.975,0.1,-0.07400000000000001,6.585,-0.16849999999999998,308.708,0.1,0.371,7.085,-0.2875,307.872,0.1,0.694,6.9885,-0.326,307.688,0.1,0.237,6.65,-0.3235,307.554,0.1,-0.168,5.804,-0.274,307.215,0.101,0.308,5.5425,0.3855,306.756,0.104,1.349,6.5705,1.1789999999999998,306.591,0.225,
-0.05299999999999999,7.29,-0.136,306.889,0.105,0.7235,7.066,0.3515,306.755,0.117,0.7995,6.01,0.191,307.241,0.108,0.306,4.97,0.9404999999999999,307.152,0.6,-0.3935,5.906,0.006500000000000002,307.524,0.1,-0.02150000000000002,6.841,-0.339,306.807,0.112,1.5795,7.401,1.5234999999999999,306.499,0.153,2.2325,7.153,0.282,307.063,0.108,1.3475000000000001,7.086,-0.23299999999999998,308.025,0.1,0.3905,6.766,0.006999999999999999,308.723,0.1,0.064,6.952,-0.27249999999999996,308.435,0.1,-0.15300000000000002,6.605,-0.123,307.805,0.1,-0.372,6.357,-0.2355,307.412,0.1,-0.060000000000000026,5.746,0.015500000000000002,306.787,0.136,0.8925,5.737,0.534,306.545,0.339,2.001,6.889,0.6375,306.437,0.134,
-0.354,6.5555,-0.045,309.458,0.1,-0.308,6.822,-0.177,309.116,0.1,-0.167,6.984,-0.0925,308.962,0.1,-0.052,7.0615000000000006,-0.001,308.965,0.1,-0.15300000000000002,6.7405,0.0305,309.134,0.1,-0.321,6.384499999999999,0.055,309.108,0.1,-0.2355,6.7115,0.077,308.958,0.1,-0.050499999999999996,6.932499999999999,0.185,309.006,0.1,-0.0475,6.946,-0.094,309.118,0.1,-0.2995,7.032,-0.051500000000000004,308.893,0.1,-0.482,7.0275,-0.08499999999999999,309.044,0.1,-0.14600000000000002,7.2475000000000005,0.11,308.675,0.1,0.219,7.1315,0.0975,308.81,0.1,0.02500000000000001,6.697,0.0405,309.036,0.1,-0.38,6.6935,0.115,309.54,0.1,-0.659,6.8525,0.004,309.67,0.1,
-0.094,6.4525,0.0,309.128,0.1,-0.1365,6.672000000000001,-0.1405,309.112,0.1,-0.053500000000000006,7.1515,-0.076,308.9,0.1,-0.013500000000000002,7.0135000000000005,0.038,308.864,0.1,-0.064,6.781499999999999,0.052000000000000005,308.92,0.1,0.0025000000000000022,6.712,0.114,308.681,0.1,0.1595,6.8805,0.0465,308.738,0.1,0.16899999999999998,6.967499999999999,0.162,308.88,0.1,0.022499999999999996,6.82,-0.028999999999999998,309.128,0.1,-0.194,7.019,-0.072,308.972,0.1,-0.35050000000000003,7.093,-0.0745,309.192,0.1,-0.183,7.2989999999999995,-0.0075,309.151,0.1,0.124,7.093,-0.013,309.043,0.1,0.1285,6.663,0.004,309.014,0.1,-0.301,6.524,0.015500000000000002,309.458,0.1,-0.7235,6.4355,-0.016,309.523,0.1,
0.1875,6.5969999999999995,0.0155,308.887,0.1,-0.047499999999999994,6.727,-0.0135,309.246,0.1,-0.16799999999999998,7.1875,-0.12,309.125,0.1,-0.0845,6.9795,0.001,308.749,0.1,0.002999999999999999,6.932499999999999,0.1395,308.713,0.1,0.0405,7.0485,0.1155,308.769,0.1,0.1735,7.0385,-0.0015,308.776,0.1,0.33999999999999997,7.0915,0.0545,308.724,0.1,0.29800000000000004,6.7515,0.077,308.761,0.1,0.099,6.606,-0.10750000000000001,309.003,0.1,-0.0675,6.905,-0.061,309.075,0.1,-0.14,7.093999999999999,-0.0395,309.365,0.1,-0.007999999999999993,6.933,-0.051500000000000004,309.098,0.1,0.065,6.6915,-0.0005,309.096,0.1,-0.28150000000000003,6.4855,-0.0105,309.402,0.1,-0.6140000000000001,6.3515,-0.009000000000000001,309.274,0.1,
0.35750000000000004,6.7835,-0.007,308.806,0.1,-0.1225,6.740500000000001,0.0019999999999999983,309.474,0.1,-0.4565,6.781000000000001,-0.122,309.371,0.1,-0.204,6.847,-0.0795,308.774,0.1,0.08399999999999999,7.057499999999999,0.1855,308.595,0.1,0.006999999999999999,7.0995,0.0325,309.001,0.1,-0.0215,7.105,0.0335,308.934,0.1,0.165,7.157,-0.056499999999999995,308.805,0.1,0.403,6.6995000000000005,0.0465,308.224,0.1,0.563,6.2025,0.4005,307.998,0.1,0.4465,6.595000000000001,-0.1645,308.48,0.1,0.1895,6.9315,-0.064,309.074,0.1,0.108,6.9350000000000005,-0.004,308.999,0.1,-0.024999999999999994,6.7315000000000005,-0.0085,309.212,0.1,-0.2865,6.476,-0.012,309.315,0.1,-0.333,6.4045000000000005,-0.01,309.039,0.1,
0.5575,6.855,-0.026000000000000002,308.789,0.1,0.038000000000000006,6.609,-0.009,309.44,0.1,-0.3355,6.394500000000001,0.040499999999999994,309.157,0.1,-0.10099999999999999,6.676,-0.11249999999999999,308.827,0.1,0.20750000000000002,7.0745000000000005,0.096,308.659,0.102,0.1775,7.0205,-0.015,308.955,0.1,-0.0785,7.132,0.121,309.0,0.1,-0.4185,7.0445,-0.1,309.129,0.1,-0.05299999999999999,6.721500000000001,-0.213,308.096,0.101,0.9275,6.5525,0.7525,306.905,0.303,1.0725,6.6215,-0.14800000000000002,307.958,0.1,0.618,6.8475,-0.10350000000000001,308.78,0.1,0.316,7.008,0.0495,308.902,0.1,-0.05250000000000002,6.646,-0.0345,309.114,0.1,-0.20600000000000002,6.425,-0.087,309.05,0.1,0.009499999999999995,6.3515,0.0925,308.686,0.1,
0.7,6.6555,-0.058499999999999996,308.797,0.1,0.316,6.4105,-0.008000000000000002,309.13,0.1,0.133,6.484,0.112,308.794,0.1,0.27149999999999996,6.7235,-0.0395,308.703,0.1,0.4345,7.1105,-0.018000000000000002,308.726,0.1,0.51,7.0885,-0.019,308.735,0.1,0.20500000000000002,7.1775,0.121,308.866,0.1,-0.5895,6.915,0.0105,309.285,0.1,-0.5545,6.7275,-0.3385,308.648,0.1,0.6605,7.145,0.2485,307.144,0.102,1.1955,6.9190000000000005,0.0905,307.955,0.122,0.8015,6.768000000000001,-0.07150000000000001,308.69,0.1,0.351,6.92,0.0325,308.854,0.1,-0.05399999999999999,6.5280000000000005,0.006,308.75,0.1,-0.07949999999999999,6.3895,-0.0925,308.511,0.1,0.319,6.429,0.3415,308.12,0.1,
0.6575,6.282,-0.079,308.716,0.1,0.41000000000000003,6.2455,-0.0565,308.77,0.1,0.4075,6.805999999999999,0.004999999999999999,308.775,0.1,0.5605,7.0765,0.0845,308.562,0.1,0.614,7.237,-0.067,308.79,0.1,0.6835,7.237,-0.0475,308.666,0.1,0.5825,7.2235,0.017,308.698,0.1,-0.004500000000000004,7.007,0.127,309.0,0.1,-0.309,6.713,-0.0745,309.036,0.1,0.31999999999999995,7.26,-0.149,308.299,0.1,0.8835,7.0875,0.14250000000000002,308.119,0.125,0.7044999999999999,6.756,0.07250000000000001,308.556,0.1,0.214,6.7204999999999995,-0.0010000000000000009,308.714,0.1,-0.1275,6.554,0.086,308.519,0.1,0.05800000000000001,6.6065000000000005,-0.0525,308.107,0.1,0.589,6.9045000000000005,0.3575,307.857,0.149,
0.625,6.147,-0.013,308.441,0.1,0.5415,6.346,-0.066,308.533,0.1,0.534,7.013999999999999,0.032,308.862,0.1,0.5289999999999999,7.3045,0.1095,308.76,0.102,0.472,7.1875,-0.0985,308.951,0.1,0.555,7.234500000000001,-0.07150000000000001,308.731,0.1,0.7025,7.2695,-0.055,308.666,0.1,0.5815,7.254,0.031,308.697,0.1,0.263,6.8975,0.122,308.801,0.1,0.2405,7.1685,-0.029500000000000002,309.025,0.1,0.5165,7.147,-0.034,308.412,0.104,0.5385,6.865500000000001,0.258,308.525,0.139,0.2055,6.6105,-0.028499999999999998,308.593,0.1,-0.053000000000000005,6.648,0.11049999999999999,308.638,0.1,0.187,6.954000000000001,-0.134,308.407,0.1,0.542,7.3294999999999995,0.223,308.251,0.126,
0.753,6.4365000000000006,0.0785,308.183,0.1,0.6995,6.714499999999999,-0.0615,308.525,0.103,0.4675,6.8919999999999995,0.063,308.984,0.1,0.1645,6.96,-0.006499999999999999,309.12,0.1,0.1505,6.835000000000001,-0.11599999999999999,308.98,0.1,0.424,7.102,-0.07600000000000001,308.729,0.1,0.6585,7.311999999999999,-0.047,308.68,0.1,0.702,7.353,-0.14650000000000002,308.749,0.1,0.5630000000000001,7.145,-0.0575,308.73,0.1,0.307,7.151,0.138,309.196,0.1,0.179,7.0665,-0.1325,308.957,0.1,0.246,6.8055,0.1945,308.91,0.119,0.33399999999999996,6.5969999999999995,-0.089,308.732,0.1,0.242,6.621,0.1055,308.85,0.1,0.119,6.8515,-0.2045,309.097,0.1,0.029500000000000002,7.1395,0.1575,308.911,0.1,
1.0255,6.9825,0.1245,308.151,0.145,0.704,6.919499999999999,-0.10300000000000001,308.762,0.1,0.1025,6.385,-0.0825,309.245,0.1,-0.1785,6.3795,-0.11549999999999999,309.168,0.1,0.10799999999999998,6.587,-0.08149999999999999,308.877,0.1,0.491,7.022,-0.08249999999999999,308.796,0.1,0.575,7.156000000000001,-0.0645,308.83,0.1,0.521,7.060499999999999,-0.1695,308.989,0.1,0.565,7.0255,-0.20550000000000002,308.922,0.1,0.378,6.9895,0.132,308.95,0.1,-0.053500000000000006,6.515000000000001,-0.2585,309.187,0.1,-0.053500000000000006,6.2170000000000005,0.0065,309.083,0.1,0.378,6.4345,-0.0935,308.917,0.1,0.469,6.4505,0.04,308.918,0.1,0.08800000000000001,6.345000000000001,-0.1105,309.4,0.1,-0.2815,6.640499999999999,0.0695,309.134,0.1,
1.1640000000000001,7.446,0.123,308.414,0.125,0.6505000000000001,6.8115000000000006,-0.0645,308.922,0.1,-0.04200000000000001,5.974,-0.1235,309.214,0.1,-0.052000000000000005,6.189,-0.1205,309.065,0.1,0.3265,6.7005,-0.053000000000000005,308.925,0.1,0.4505,6.96,-0.053500000000000006,308.99,0.1,0.304,6.7385,-0.03,309.014,0.1,0.23500000000000001,6.5225,-0.0385,308.989,0.1,0.354,6.5875,-0.10250000000000001,308.717,0.1,0.28049999999999997,6.6505,-0.05500000000000001,308.471,0.1,0.0935,5.702,-0.31799999999999995,308.597,0.1,0.28700000000000003,5.531000000000001,0.28200000000000003,308.258,0.1,0.605,6.1335,-0.012,308.684,0.1,0.577,6.3325,-0.07250000000000001,308.807,0.1,0.28800000000000003,6.246,0.1155,309.106,0.1,0.035,6.589,0.021,308.922,0.1,
0.79,7.356,0.0085,308.801,0.1,0.492,6.5504999999999995,-0.067,308.904,0.1,0.3065,6.0575,-0.0165,308.901,0.1,0.473,6.3215,-0.0615,308.991,0.1,0.436,6.788,-0.07700000000000001,309.068,0.1,0.0655,6.7010000000000005,-0.077,309.048,0.1,-0.136,6.246499999999999,-0.069,308.915,0.1,-0.0695,6.1305,0.026000000000000002,308.724,0.1,-0.1595,6.25,-0.013000000000000001,308.455,0.1,-0.32899999999999996,6.41,-0.3305,308.339,0.1,0.22800000000000004,5.4704999999999995,0.1375,307.472,0.1,1.165,5.6745,0.8140000000000001,307.207,0.168,1.3365,6.183,-0.022,308.134,0.1,0.915,6.3995,-0.0995,308.598,0.1,0.5145,6.5485,0.1625,308.851,0.1,0.292,6.7085,-0.132,308.974,0.1,
0.306,6.800000000000001,-0.0235,308.6,0.1,0.2885,6.1815,-0.0605,308.715,0.1,0.664,6.2379999999999995,-0.0325,308.717,0.1,0.8855,6.2725,-0.041999999999999996,308.87,0.1,0.5155,6.5435,-0.099,308.879,0.1,-0.07499999999999998,6.2755,-0.221,308.763,0.1,-0.3525,5.7645,-0.2535,308.668,0.1,-0.3625,5.8919999999999995,-0.0975,308.521,0.1,-0.7425,6.1515,-0.009500000000000001,308.54,0.1,-0.935,6.3545,-0.44,308.48,0.1,0.3235,6.195,0.5415,306.779,0.382,1.861,6.6434999999999995,0.664,306.916,0.116,1.9805,6.661,-0.1485,307.898,0.1,1.295,6.433,-0.1335,308.402,0.1,0.642,6.3415,-0.10099999999999999,308.732,0.1,0.2005,6.356999999999999,-0.075,308.846,0.1,
0.244,6.577,0.099,307.689,0.1,0.554,6.0855,0.2925,307.867,0.119,0.7285,6.1125,-0.0805,308.616,0.1,0.6535,5.8075,-0.189,308.6,0.1,0.34750000000000003,6.186,-0.1175,308.404,0.1,0.1985,6.0954999999999995,-0.291,308.1,0.1,0.2225,5.7165,0.41,307.954,0.1,0.051500000000000004,5.8635,-0.0195,308.167,0.1,-0.6319999999999999,6.2805,-0.006999999999999999,308.506,0.1,-0.8604999999999999,6.3469999999999995,-0.3045,308.778,0.1,0.45799999999999996,6.995,0.1665,307.121,0.101,1.708,7.243,-0.019999999999999997,307.421,0.1,1.476,6.929,-0.215,307.902,0.1,0.7,6.217499999999999,-0.274,308.099,0.1,0.375,5.7535,-0.0905,307.996,0.1,0.4475,6.1385000000000005,0.603,307.693,0.1,
0.04749999999999999,6.932,0.038,307.039,0.138,0.745,6.601,0.5475,307.119,0.233,0.5895,6.0365,0.06,308.106,0.1,0.028999999999999998,5.2795000000000005,0.004,308.147,0.1,-0.3145,6.026,-0.117,308.077,0.1,0.14300000000000002,6.4695,-0.2975,307.351,0.1,1.1219999999999999,6.615,1.52,307.125,0.255,1.2875,6.515000000000001,0.2745,307.627,0.1,0.4665,6.7375,-0.06999999999999999,308.289,0.1,-0.10450000000000001,6.484,-0.0885,309.061,0.1,0.235,6.977,-0.333,308.359,0.1,0.5489999999999999,6.8605,-0.29800000000000004,308.036,0.1,0.1985,6.629,-0.20800000000000002,307.819,0.1,-0.1825,5.93,-0.27749999999999997,307.605,0.1,0.2365,5.683999999999999,0.28600000000000003,307.068,0.1,1.1315,6.563000000000001,0.983,306.868,0.215,
-0.11450000000000002,7.2,-0.1565,307.376,0.1,0.598,7.004,0.22899999999999998,307.115,0.104,0.583,6.102,0.122,307.545,0.101,0.08600000000000001,5.088,0.7935,307.393,0.501,-0.528,6.023,0.0875,307.9,0.1,-0.126,6.803,-0.342,307.272,0.1,1.414,7.322,1.2570000000000001,306.711,0.142,1.978,7.074,0.157,307.457,0.1,1.165,7.063,-0.185,308.353,0.1,0.3185,6.632,0.0685,308.977,0.1,-0.051500000000000004,6.735,-0.224,308.768,0.1,-0.2645,6.464,-0.083,308.075,0.1,-0.42400000000000004,6.349,-0.1445,307.721,0.1,-0.1565,5.815,-0.05,307.186,0.103,0.7035,5.858,0.4055,306.824,0.263,1.7029999999999998,6.899,0.5115,306.754,0.125,
-0.5985,6.627000000000001,-0.028499999999999998,309.718,0.1,-0.5945,6.8580000000000005,-0.16849999999999998,309.506,0.1,-0.473,6.9825,-0.07700000000000001,309.333,0.1,-0.3245,7.031499999999999,0.0125,309.306,0.1,-0.3355,6.806,0.025,309.398,0.1,-0.4615,6.5344999999999995,0.079,309.378,0.1,-0.49150000000000005,6.7204999999999995,0.0895,309.374,0.1,-0.41700000000000004,6.855,0.1195,309.437,0.1,-0.375,6.9215,-0.086,309.473,0.1,-0.4985,7.009,-0.056999999999999995,309.331,0.1,-0.6719999999999999,6.948,-0.056999999999999995,309.508,0.1,-0.548,7.0585,0.064,309.353,0.1,-0.2955,7.005,0.0605,309.357,0.1,-0.342,6.686,0.057,309.423,0.1,-0.6285000000000001,6.5935,0.14750000000000002,309.786,0.1,-0.8935,6.6795,0.058,309.875,0.1,
-0.4065,6.5395,-0.002,309.489,0.1,-0.48650000000000004,6.6955,-0.0895,309.532,0.1,-0.4155,7.0445,-0.054,309.293,0.1,-0.3195,6.997,0.056,309.211,0.1,-0.3325,6.8215,0.057999999999999996,309.28,0.1,-0.32799999999999996,6.743,0.0875,309.169,0.1,-0.275,6.8335,0.051500000000000004,309.254,0.1,-0.271,6.9079999999999995,0.1005,309.339,0.1,-0.32899999999999996,6.8134999999999994,-0.0085,309.469,0.1,-0.4345,6.9445,-0.035500000000000004,309.401,0.1,-0.5505,6.935499999999999,-0.037,309.579,0.1,-0.522,7.0105,-0.0165,309.581,0.1,-0.3665,6.93,-0.017,309.479,0.1,-0.31499999999999995,6.6745,0.006,309.427,0.1,-0.5355,6.589,0.054,309.682,0.1,-0.819,6.558,0.026,309.723,0.1,
-0.19999999999999998,6.5975,0.006,309.299,0.1,-0.386,6.6274999999999995,0.056,309.59,0.1,-0.45999999999999996,6.9875,-0.0695,309.425,0.1,-0.367,6.9185,0.0025,309.154,0.1,-0.313,6.872,0.126,309.16,0.1,-0.352,6.887499999999999,0.0785,309.289,0.1,-0.3135,6.885999999999999,0.0075,309.323,0.1,-0.1625,6.986,0.049,309.219,0.1,-0.11649999999999999,6.7925,0.067,309.171,0.1,-0.2025,6.64,-0.0565,309.355,0.1,-0.2935,6.8495,-0.0009999999999999992,309.383,0.1,-0.3925,6.888999999999999,-0.0105,309.614,0.1,-0.39949999999999997,6.805,-0.0405,309.49,0.1,-0.362,6.686,0.0005,309.498,0.1,-0.5275000000000001,6.6274999999999995,0.0105,309.658,0.1,-0.744,6.554,-0.0035,309.601,0.1,
-0.061,6.6965,-0.025,309.236,0.1,-0.35050000000000003,6.595,0.076,309.685,0.1,-0.5605,6.677,-0.06,309.566,0.1,-0.408,6.7684999999999995,-0.09,309.208,0.1,-0.209,6.934,0.1305,309.06,0.1,-0.29200000000000004,6.8945,0.03,309.39,0.1,-0.3975,6.8785,0.058499999999999996,309.4,0.1,-0.2835,6.964,0.010499999999999999,309.286,0.1,-0.041499999999999995,6.7885,0.009500000000000001,308.807,0.1,0.136,6.4145,0.273,308.576,0.1,0.08449999999999999,6.736000000000001,-0.10900000000000001,308.927,0.1,-0.1145,6.8614999999999995,-0.008499999999999999,309.355,0.1,-0.246,6.843,0.004,309.4,0.1,-0.36650000000000005,6.739,-0.004,309.539,0.1,-0.527,6.6425,0.0019999999999999996,309.622,0.1,-0.5725,6.572,0.008499999999999999,309.461,0.1,
0.118,6.748,-0.0435,309.195,0.1,-0.174,6.557,0.051000000000000004,309.592,0.1,-0.402,6.463,0.077,309.383,0.1,-0.279,6.6655,-0.129,309.245,0.1,-0.0405,6.9719999999999995,0.036000000000000004,309.068,0.101,-0.028000000000000004,6.8965,0.0024999999999999996,309.254,0.1,-0.2635,6.9155,0.14450000000000002,309.331,0.1,-0.5995,6.8215,0.012000000000000004,309.503,0.1,-0.3785,6.7085,-0.2025,308.853,0.1,0.319,6.689500000000001,0.499,307.84,0.231,0.429,6.7509999999999994,-0.16799999999999998,308.688,0.1,0.159,6.871,-0.037000000000000005,309.133,0.1,-0.032999999999999995,6.9665,0.061,309.284,0.1,-0.3215,6.733499999999999,-0.0115,309.408,0.1,-0.46299999999999997,6.598,-0.041,309.432,0.1,-0.3345,6.519,0.088,309.189,0.1,
0.26049999999999995,6.651,-0.048,309.132,0.1,0.057499999999999996,6.537,0.0455,309.315,0.1,-0.048,6.615,0.138,309.12,0.1,0.02,6.7605,-0.08299999999999999,309.143,0.1,0.1595,7.0295000000000005,-0.0485,309.09,0.1,0.267,7.0075,-0.0095,309.047,0.1,0.0895,7.018000000000001,0.1315,309.143,0.1,-0.521,6.755,0.09,309.522,0.1,-0.6755,6.5445,-0.26949999999999996,309.299,0.1,0.03950000000000001,6.965,0.102,308.23,0.101,0.45,6.8805,-0.009999999999999998,308.698,0.114,0.29600000000000004,6.8309999999999995,-0.013999999999999999,309.04,0.1,0.012499999999999997,6.9435,0.073,309.19,0.1,-0.326,6.657,0.06,309.15,0.1,-0.3795,6.5615000000000006,-0.065,309.057,0.1,-0.11450000000000002,6.563000000000001,0.241,308.794,0.1,
0.239,6.4485,-0.0475,309.061,0.1,0.14300000000000002,6.5325,-0.011500000000000002,309.089,0.1,0.1575,6.888,0.0255,309.139,0.1,0.23099999999999998,7.024,0.0235,309.023,0.1,0.2535,7.1175,-0.0695,309.139,0.1,0.3205,7.13,-0.051000000000000004,309.022,0.1,0.3325,7.1129999999999995,0.027,309.032,0.1,-0.009000000000000008,6.909000000000001,0.121,309.247,0.1,-0.381,6.5235,-0.033,309.409,0.1,-0.15650000000000003,6.8635,-0.1445,309.072,0.1,0.27749999999999997,6.946,0.0455,308.719,0.116,0.2405,6.781000000000001,0.08149999999999999,308.929,0.1,-0.1515,6.756,0.061,309.091,0.1,-0.4475,6.5985,0.164,309.048,0.1,-0.3235,6.6594999999999995,-0.098,308.863,0.1,0.041999999999999996,6.839,0.22499999999999998,308.662,0.131,
0.241,6.407,0.007000000000000001,308.921,0.1,0.233,6.6185,-0.0625,309.023,0.1,0.2545,7.025,0.0245,309.204,0.1,0.22200000000000003,7.173,0.0865,309.121,0.101,0.11900000000000001,7.0835,-0.08349999999999999,309.279,0.1,0.133,7.123,-0.0745,309.13,0.1,0.28300000000000003,7.1515,-0.0435,309.079,0.1,0.3205,7.1240000000000006,-0.0045,309.055,0.1,0.0995,6.7780000000000005,0.096,309.139,0.1,-0.059,6.797499999999999,0.0235,309.437,0.1,0.064,6.9015,-0.082,308.95,0.103,0.048499999999999995,6.7565,0.1945,308.987,0.125,-0.2445,6.5625,0.001,309.115,0.1,-0.4425,6.567,0.1835,309.171,0.1,-0.27549999999999997,6.7915,-0.16999999999999998,309.117,0.1,-0.015,7.064500000000001,0.145,308.916,0.116,
0.375,6.638999999999999,0.066,308.786,0.1,0.33899999999999997,6.8100000000000005,-0.08249999999999999,309.058,0.102,0.20400000000000001,6.9365000000000006,0.07700000000000001,309.26,0.1,-0.022500000000000006,6.9625,0.0165,309.37,0.1,-0.1185,6.843999999999999,-0.094,309.342,0.1,-0.005999999999999998,6.9975000000000005,-0.0635,309.182,0.1,0.1595,7.122,-0.0295,309.122,0.1,0.2725,7.136,-0.131,309.149,0.1,0.273,6.999,-0.083,309.122,0.1,0.0905,6.9135,0.172,309.419,0.1,-0.11099999999999999,6.792,-0.10200000000000001,309.326,0.1,-0.1795,6.6155,0.137,309.345,0.112,-0.16499999999999998,6.432,-0.0975,309.295,0.1,-0.21050000000000002,6.4975000000000005,0.1405,309.273,0.1,-0.2885,6.6745,-0.142,309.493,0.1,-0.312,6.949,0.13,309.29,0.1,
0.4995,6.9615,0.066,308.818,0.129,0.304,6.8835,-0.097,309.185,0.1,-0.07100000000000001,6.605,-0.016,309.456,0.1,-0.2955,6.5649999999999995,-0.093,309.48,0.1,-0.192,6.6135,-0.07300000000000001,309.305,0.1,0.008,6.8435,-0.0635,309.228,0.1,0.075,6.9265,-0.028,309.196,0.1,0.0805,6.8585,-0.11000000000000001,309.306,0.1,0.1885,6.9,-0.1885,309.244,0.1,0.132,6.9315,0.15849999999999997,309.138,0.1,-0.19,6.511,-0.14750000000000002,309.453,0.1,-0.275,6.2175,0.001,309.416,0.1,-0.037,6.301,-0.087,309.346,0.1,0.024,6.3905,0.0435,309.236,0.1,-0.2315,6.379,-0.0115,309.627,0.1,-0.444,6.6605,0.042,309.427,0.1,
0.4855,7.1585,0.0675,308.998,0.116,0.2055,6.7485,-0.026,309.274,0.1,-0.22,6.2829999999999995,-0.064,309.505,0.1,-0.2675,6.3335,-0.11699999999999999,309.446,0.1,-0.069,6.586,-0.059,309.279,0.1,-0.0115,6.726,-0.020999999999999998,309.258,0.1,-0.098,6.595000000000001,0.006,309.275,0.1,-0.11599999999999999,6.4830000000000005,0.0025000000000000005,309.264,0.1,0.020999999999999998,6.6434999999999995,-0.0655,309.082,0.1,0.018000000000000002,6.7989999999999995,0.005000000000000001,308.841,0.1,-0.1185,6.058,-0.258,309.125,0.1,0.014499999999999999,5.8875,0.20600000000000002,308.777,0.1,0.2285,6.2315000000000005,0.006,309.071,0.1,0.1845,6.372,-0.059,309.126,0.1,-0.041999999999999996,6.351,0.16,309.423,0.1,-0.203,6.5954999999999995,0.013000000000000001,309.319,0.1,
0.2525,7.0485,0.02,309.186,0.1,0.08800000000000001,6.525,-0.0035000000000000014,309.264,0.1,-0.04,6.2125,-0.0019999999999999996,309.335,0.1,0.05600000000000001,6.3100000000000005,-0.07600000000000001,309.323,0.1,0.04050000000000001,6.6195,-0.063,309.254,0.1,-0.194,6.615,-0.007000000000000001,309.207,0.1,-0.312,6.3315,-0.0215,309.157,0.1,-0.2465,6.2620000000000005,0.036000000000000004,309.082,0.1,-0.29200000000000004,6.4465,0.029,308.982,0.1,-0.4155,6.645,-0.2295,308.924,0.1,-0.066,5.9265,0.0225,308.287,0.1,0.578,6.144,0.598,308.081,0.143,0.72,6.4215,-0.0315,308.698,0.1,0.44699999999999995,6.501,-0.048,308.98,0.1,0.16849999999999998,6.5625,0.211,309.185,0.1,0.0105,6.602,-0.0595,309.311,0.1,
-0.004500000000000004,6.7245,-0.0325,308.979,0.1,-0.036500000000000005,6.2765,-0.0395,309.136,0.1,0.191,6.221,-0.022,309.165,0.1,0.3795,6.274,-0.036500000000000005,309.143,0.1,0.1615,6.552,-0.0485,309.068,0.1,-0.26,6.4405,-0.1595,309.07,0.1,-0.4085,6.079,-0.21500000000000002,309.062,0.1,-0.34550000000000003,6.1465,-0.0785,308.937,0.1,-0.6495,6.313000000000001,0.0375,309.081,0.1,-0.8465,6.471500000000001,-0.318,309.167,0.1,-0.0015000000000000013,6.422499999999999,0.3025,307.705,0.281,0.991,6.7844999999999995,0.44000000000000006,307.979,0.11,1.057,6.747,-0.146,308.526,0.1,0.653,6.564500000000001,-0.0385,308.811,0.1,0.26,6.4205000000000005,-0.002999999999999999,309.043,0.1,-0.019999999999999997,6.321,-0.045,309.174,0.1,
-0.034999999999999996,6.662,-0.005500000000000001,308.313,0.1,0.1365,6.256500000000001,0.1835,308.542,0.112,0.2875,6.1225000000000005,-0.057,308.993,0.1,0.3255,6.0024999999999995,-0.11049999999999999,308.93,0.1,0.125,6.4105,-0.0385,308.8,0.1,-0.0655,6.359,-0.3065,308.699,0.1,-0.0315,6.0135,0.284,308.652,0.1,-0.0175,6.164,-0.030000000000000002,308.665,0.1,-0.4945,6.3335,0.0395,308.95,0.1,-0.7725,6.284000000000001,-0.1855,309.362,0.1,0.04799999999999999,6.874499999999999,-0.0049999999999999975,308.076,0.1,0.8474999999999999,7.008,-0.0995,308.271,0.1,0.6945,6.8149999999999995,-0.149,308.365,0.1,0.1965,6.3845,-0.1835,308.554,0.1,0.020499999999999997,6.0015,-0.0615,308.532,0.1,0.1325,6.2155000000000005,0.459,308.336,0.1,
-0.22199999999999998,6.952999999999999,-0.064,307.933,0.124,0.2665,6.663500000000001,0.3705,307.981,0.185,0.2665,6.165,0.044,308.534,0.1,-0.0445,5.640000000000001,0.048,308.624,0.1,-0.334,6.291,-0.010500000000000002,308.693,0.1,-0.069,6.5875,-0.35,308.217,0.1,0.678,6.6594999999999995,1.2080000000000002,307.81,0.199,0.877,6.625,0.176,308.317,0.1,0.302,6.6585,-0.0315,308.723,0.1,-0.2235,6.2995,-0.013499999999999998,309.416,0.1,-0.127,6.7044999999999995,-0.349,308.981,0.1,0.093,6.644500000000001,-0.2615,308.518,0.1,-0.12399999999999999,6.543,-0.1075,308.219,0.1,-0.4225,6.1485,-0.267,308.242,0.1,-0.07550000000000001,6.0035,0.1915,307.795,0.1,0.6225,6.6715,0.7825,307.657,0.173,
-0.464,7.138,-0.1775,308.338,0.1,0.06850000000000002,6.964,0.113,308.018,0.102,0.2515,6.281,0.0655,308.086,0.1,0.017,5.496,0.6519999999999999,307.969,0.358,-0.49950000000000006,6.252,0.1625,308.582,0.1,-0.28700000000000003,6.79,-0.3435,308.243,0.1,0.8500000000000001,7.211,0.9745,307.483,0.127,1.267,7.005,0.063,308.271,0.1,0.728,6.906,-0.14250000000000002,308.754,0.1,0.112,6.401,0.113,309.18,0.1,-0.262,6.468,-0.1745,309.126,0.1,-0.4375,6.376,-0.05500000000000001,308.498,0.1,-0.5705,6.347,-0.067,308.259,0.1,-0.4225,6.063,-0.11199999999999999,308.051,0.102,0.23100000000000004,6.185,0.2805,307.606,0.204,0.9375,7.013,0.3885,307.746,0.116,
-0.8425,6.699,-0.011,309.979,0.1,-0.881,6.895,-0.154,309.896,0.1,-0.7785,6.981,-0.0635,309.705,0.1,-0.597,7.001,0.0215,309.647,0.1,-0.519,6.872,0.019999999999999997,309.663,0.1,-0.6025,6.683999999999999,0.097,309.647,0.1,-0.748,6.7295,0.0995,309.789,0.1,-0.784,6.7775,0.063,309.867,0.1,-0.7030000000000001,6.8975,-0.078,309.828,0.1,-0.698,6.986,-0.061,309.769,0.1,-0.8625,6.869,-0.028999999999999998,309.973,0.1,-0.9510000000000001,6.87,0.027,310.031,0.1,-0.81,6.878500000000001,0.0285,309.903,0.1,-0.708,6.6754999999999995,0.0695,309.811,0.1,-0.876,6.494,0.1765,310.033,0.1,-1.127,6.506,0.10750000000000001,310.08,0.1,
-0.7190000000000001,6.6265,-0.003,309.85,0.1,-0.8360000000000001,6.7195,-0.0395,309.952,0.1,-0.7775000000000001,6.936999999999999,-0.034499999999999996,309.686,0.1,-0.625,6.98,0.0695,309.559,0.1,-0.6005,6.862500000000001,0.062,309.639,0.1,-0.6585,6.7735,0.065,309.656,0.1,-0.709,6.786,0.056,309.77,0.1,-0.7104999999999999,6.8485,0.047,309.797,0.1,-0.6805,6.807,0.0085,309.811,0.1,-0.675,6.8705,-0.0035000000000000005,309.83,0.1,-0.7505,6.7780000000000005,-0.0034999999999999996,309.966,0.1,-0.861,6.7219999999999995,-0.0205,310.011,0.1,-0.8565,6.7669999999999995,-0.0165,309.916,0.1,-0.758,6.6855,0.0075,309.839,0.1,-0.77,6.6545,0.087,309.906,0.1,-0.9145,6.6805,0.065,309.923,0.1,
-0.5880000000000001,6.598,-0.003,309.711,0.1,-0.7250000000000001,6.5275,0.1185,309.934,0.1,-0.7525,6.7875,-0.023,309.726,0.1,-0.6495,6.858,0.004,309.559,0.1,-0.6295,6.812,0.11099999999999999,309.606,0.1,-0.7455,6.727,0.0485,309.809,0.1,-0.8015,6.733499999999999,0.018000000000000002,309.87,0.1,-0.666,6.8805,0.0445,309.713,0.1,-0.5315000000000001,6.833,0.056999999999999995,309.581,0.1,-0.5045,6.675,-0.010499999999999999,309.708,0.1,-0.52,6.794499999999999,0.049,309.691,0.1,-0.6455,6.6845,0.016,309.864,0.1,-0.7909999999999999,6.6775,-0.0285,309.883,0.1,-0.7885,6.6795,0.0,309.9,0.1,-0.7735000000000001,6.7695,0.0295,309.915,0.1,-0.8745,6.757,0.003,309.928,0.1,
-0.48,6.609,-0.0415,309.665,0.1,-0.5785,6.4495000000000005,0.1405,309.896,0.1,-0.6639999999999999,6.573499999999999,-0.0025000000000000005,309.761,0.1,-0.612,6.691,-0.096,309.643,0.1,-0.5015000000000001,6.8105,0.0785,309.524,0.1,-0.5905,6.6905,0.0295,309.779,0.1,-0.7735,6.6525,0.08199999999999999,309.867,0.1,-0.732,6.771,0.07200000000000001,309.767,0.1,-0.48550000000000004,6.8774999999999995,-0.02,309.39,0.1,-0.29000000000000004,6.627,0.158,309.154,0.1,-0.277,6.877,-0.0605,309.373,0.1,-0.41900000000000004,6.7925,0.037,309.635,0.1,-0.6005,6.7515,0.0095,309.801,0.1,-0.7075,6.746499999999999,0.0,309.866,0.1,-0.767,6.8085,0.016,309.93,0.1,-0.8115,6.7395,0.023,309.882,0.1,
-0.32099999999999995,6.640000000000001,-0.0595,309.6,0.1,-0.386,6.5055,0.10300000000000001,309.743,0.1,-0.469,6.531,0.1075,309.61,0.1,-0.4565,6.6555,-0.1405,309.664,0.1,-0.2885,6.8695,-0.019,309.477,0.101,-0.23399999999999999,6.7735,0.0155,309.553,0.1,-0.4485,6.6995000000000005,0.1625,309.663,0.1,-0.78,6.598,0.113,309.877,0.1,-0.704,6.6955,-0.1835,309.609,0.1,-0.29000000000000004,6.8260000000000005,0.267,308.775,0.159,-0.214,6.88,-0.183,309.417,0.1,-0.299,6.8945,0.0165,309.487,0.1,-0.38149999999999995,6.925000000000001,0.07050000000000001,309.667,0.1,-0.59,6.8215,0.012,309.702,0.1,-0.719,6.77,-0.0004999999999999987,309.814,0.1,-0.6779999999999999,6.686,0.08049999999999999,309.693,0.1,
-0.179,6.6465,-0.039999999999999994,309.466,0.1,-0.2005,6.6635,0.089,309.5,0.1,-0.22899999999999998,6.7455,0.155,309.445,0.1,-0.23149999999999998,6.797499999999999,-0.1195,309.582,0.1,-0.11499999999999999,6.948,-0.0755,309.454,0.1,0.0245,6.927,-0.004,309.359,0.1,-0.025499999999999995,6.859500000000001,0.1365,309.419,0.1,-0.4525,6.595,0.1575,309.759,0.1,-0.7965,6.361,-0.199,309.95,0.1,-0.5815,6.785,-0.026500000000000003,309.317,0.101,-0.2955,6.842499999999999,-0.1,309.44,0.106,-0.20900000000000002,6.894,0.0335,309.389,0.1,-0.325,6.9675,0.113,309.527,0.1,-0.5975,6.785500000000001,0.111,309.55,0.1,-0.6795,6.7330000000000005,-0.040999999999999995,309.604,0.1,-0.548,6.6965,0.1485,309.467,0.1,
-0.18,6.6155,-0.021,309.407,0.1,-0.1245,6.819,0.0235,309.407,0.1,-0.092,6.970000000000001,0.0385,309.503,0.1,-0.0975,6.9715,-0.0295,309.484,0.1,-0.10650000000000001,6.9975000000000005,-0.0695,309.488,0.1,-0.0425,7.0235,-0.0545,309.377,0.1,0.08249999999999999,7.003,0.0315,309.365,0.1,-0.013499999999999998,6.811999999999999,0.11099999999999999,309.493,0.1,-0.45299999999999996,6.334,0.004999999999999999,309.781,0.1,-0.6325000000000001,6.4670000000000005,-0.1355,309.845,0.1,-0.328,6.805,-0.041,309.319,0.106,-0.2235,6.806,0.09,309.301,0.1,-0.5165,6.792,0.122,309.468,0.1,-0.7669999999999999,6.643000000000001,0.232,309.578,0.1,-0.705,6.712,-0.136,309.618,0.1,-0.505,6.773,0.10250000000000001,309.467,0.113,
-0.14200000000000002,6.667,0.0215,309.4,0.1,-0.0755,6.891,-0.0615,309.512,0.1,-0.026,7.0365,0.0165,309.545,0.1,-0.086,7.042,0.068,309.481,0.101,-0.2345,6.9795,-0.0665,309.607,0.1,-0.28900000000000003,7.012499999999999,-0.075,309.529,0.1,-0.136,7.0329999999999995,-0.035500000000000004,309.491,0.1,0.0605,6.994,-0.0375,309.414,0.1,-0.0635,6.659000000000001,0.0685,309.477,0.1,-0.358,6.4265,0.068,309.85,0.1,-0.3875,6.656499999999999,-0.1195,309.487,0.101,-0.44099999999999995,6.6465,0.14150000000000001,309.449,0.11,-0.6944999999999999,6.5145,0.0325,309.637,0.1,-0.8325,6.486000000000001,0.243,309.705,0.1,-0.738,6.628,-0.197,309.826,0.1,-0.5715,6.7995,0.072,309.582,0.107,
-0.002999999999999999,6.841,0.051000000000000004,309.389,0.1,-0.0215,6.9065,-0.1005,309.591,0.101,-0.059500000000000004,6.9815000000000005,0.0905,309.537,0.1,-0.21000000000000002,6.9655000000000005,0.042,309.621,0.1,-0.387,6.8525,-0.07050000000000001,309.705,0.1,-0.435,6.8934999999999995,-0.0505,309.635,0.1,-0.33899999999999997,6.9315,-0.0145,309.565,0.1,-0.157,6.917999999999999,-0.11549999999999999,309.55,0.1,-0.0175,6.8535,-0.108,309.513,0.1,-0.1265,6.676,0.194,309.643,0.1,-0.4005,6.518000000000001,-0.0685,309.694,0.1,-0.6045,6.4245,0.089,309.78,0.105,-0.6645000000000001,6.266500000000001,-0.102,309.858,0.1,-0.6635,6.3735,0.16599999999999998,309.695,0.1,-0.696,6.4975000000000005,-0.0815,309.89,0.1,-0.653,6.7585,0.10550000000000001,309.668,0.1,
-0.026500000000000003,6.9395,0.012,309.484,0.112,-0.0955,6.848000000000001,-0.0895,309.609,0.1,-0.2445,6.8255,0.0475,309.667,0.1,-0.4125,6.751,-0.067,309.791,0.1,-0.491,6.640000000000001,-0.064,309.734,0.1,-0.475,6.6655,-0.0455,309.661,0.1,-0.42500000000000004,6.6975,0.005,309.562,0.1,-0.35950000000000004,6.656,-0.056,309.624,0.1,-0.188,6.7745,-0.173,309.566,0.1,-0.11449999999999999,6.8735,0.1745,309.326,0.1,-0.3275,6.506500000000001,-0.0455,309.719,0.1,-0.497,6.217499999999999,-0.003,309.749,0.1,-0.4525,6.1675,-0.081,309.775,0.1,-0.42200000000000004,6.33,0.044,309.553,0.1,-0.552,6.413,0.0785,309.854,0.1,-0.607,6.6805,0.022,309.719,0.1,
-0.193,6.8705,0.018000000000000002,309.581,0.107,-0.2395,6.6850000000000005,0.0105,309.626,0.1,-0.39749999999999996,6.592499999999999,-0.006500000000000001,309.797,0.1,-0.4825,6.479,-0.1105,309.826,0.1,-0.4635,6.4725,-0.0645,309.634,0.1,-0.473,6.4925,0.0075,309.526,0.1,-0.4995,6.452500000000001,0.0375,309.535,0.1,-0.46699999999999997,6.4435,0.037,309.54,0.1,-0.312,6.699999999999999,-0.0325,309.446,0.1,-0.244,6.9475,0.053,309.211,0.1,-0.32999999999999996,6.4135,-0.2005,309.652,0.1,-0.257,6.2435,0.1345,309.296,0.1,-0.147,6.33,0.02,309.459,0.1,-0.20750000000000002,6.4115,-0.0485,309.444,0.1,-0.372,6.455500000000001,0.197,309.74,0.1,-0.44099999999999995,6.6015,0.0085,309.716,0.1,
-0.28500000000000003,6.7405,0.031,309.57,0.1,-0.315,6.4990000000000006,0.054,309.625,0.1,-0.386,6.3675,0.0115,309.77,0.1,-0.361,6.2989999999999995,-0.0885,309.655,0.1,-0.35550000000000004,6.452,-0.0505,309.44,0.1,-0.454,6.5285,0.0535,309.366,0.1,-0.48750000000000004,6.4175,0.0155,309.4,0.1,-0.42300000000000004,6.3934999999999995,0.039,309.44,0.1,-0.42500000000000004,6.644,0.0675,309.509,0.1,-0.5025000000000001,6.8795,-0.1375,309.51,0.1,-0.36,6.3825,-0.081,309.101,0.1,-0.009499999999999995,6.6135,0.39849999999999997,308.955,0.118,0.10250000000000001,6.6594999999999995,-0.041499999999999995,309.261,0.1,-0.022,6.6025,-0.0055,309.362,0.1,-0.178,6.5760000000000005,0.2485,309.518,0.1,-0.271,6.4955,0.005500000000000001,309.648,0.1,
-0.3145,6.649,-0.038,309.357,0.1,-0.3615,6.3715,-0.019,309.556,0.1,-0.2825,6.204,-0.015,309.613,0.1,-0.127,6.276,-0.034,309.416,0.1,-0.1935,6.561,-0.0045,309.257,0.1,-0.4455,6.6045,-0.10300000000000001,309.378,0.1,-0.46449999999999997,6.3934999999999995,-0.1825,309.455,0.1,-0.32799999999999996,6.401,-0.0695,309.353,0.1,-0.5559999999999999,6.475,0.08,309.623,0.1,-0.758,6.5885,-0.2,309.855,0.1,-0.32649999999999996,6.65,0.08349999999999999,308.63,0.18,0.121,6.926,0.2375,309.041,0.104,0.133,6.8325,-0.1435,309.154,0.1,0.010000000000000002,6.6955,0.044,309.22,0.1,-0.1225,6.4990000000000006,0.08199999999999999,309.354,0.1,-0.2405,6.285,-0.016,309.502,0.1,
-0.3145,6.7475000000000005,-0.096,308.937,0.1,-0.281,6.427,0.0855,309.218,0.105,-0.1525,6.133,-0.039,309.371,0.1,-0.0019999999999999983,6.1985,-0.041999999999999996,309.26,0.1,-0.097,6.6345,0.0305,309.195,0.1,-0.3295,6.622,-0.3135,309.297,0.1,-0.286,6.3105,0.169,309.351,0.1,-0.086,6.464499999999999,-0.042,309.163,0.1,-0.35600000000000004,6.3865,0.0785,309.395,0.1,-0.684,6.221,-0.07150000000000001,309.947,0.1,-0.36200000000000004,6.7545,-0.1565,309.03,0.1,-0.013499999999999998,6.773,-0.166,309.12,0.1,-0.088,6.7010000000000005,-0.0885,308.828,0.1,-0.308,6.551,-0.098,309.009,0.1,-0.3345,6.25,-0.035500000000000004,309.068,0.1,-0.182,6.2925,0.3255,308.978,0.1,
-0.49150000000000005,6.9735,-0.151,308.828,0.11,-0.21250000000000002,6.7255,0.2075,308.843,0.137,-0.057,6.2935,0.024999999999999998,308.962,0.1,-0.1185,6.0005,0.086,309.101,0.1,-0.3535,6.556,0.08499999999999999,309.308,0.1,-0.28,6.705500000000001,-0.388,309.082,0.1,0.23450000000000001,6.7044999999999995,0.913,308.495,0.142,0.466,6.734999999999999,0.088,309.007,0.1,0.1375,6.5794999999999995,-0.001,309.157,0.1,-0.3415,6.115,0.05499999999999999,309.77,0.1,-0.48850000000000005,6.433,-0.3545,309.603,0.1,-0.363,6.429,-0.22499999999999998,309.0,0.1,-0.4465,6.4575,-0.015000000000000001,308.618,0.1,-0.6625,6.3665,-0.251,308.879,0.1,-0.3875,6.323499999999999,0.10149999999999999,308.523,0.1,0.1135,6.7805,0.5925,308.446,0.131,
-0.8135,7.075,-0.1895,309.301,0.1,-0.46149999999999997,6.924,0.0075,308.921,0.101,-0.0805,6.459,0.009999999999999998,308.626,0.1,-0.052000000000000005,5.903,0.5165,308.544,0.214,-0.47100000000000003,6.482,0.23,309.264,0.1,-0.4475,6.777,-0.3365,309.214,0.1,0.287,7.1,0.708,308.254,0.111,0.5569999999999999,6.936,-0.0205,309.085,0.1,0.2915,6.749,-0.1085,309.155,0.1,-0.09449999999999999,6.17,0.14850000000000002,309.382,0.1,-0.4725,6.202,-0.1275,309.483,0.1,-0.61,6.289,-0.031,308.921,0.1,-0.716,6.346,0.004999999999999999,308.796,0.1,-0.688,6.311,-0.16299999999999998,308.915,0.101,-0.24149999999999996,6.512,0.1625,308.389,0.145,0.17200000000000001,7.127,0.275,308.738,0.107,
-1.0905,6.721,0.007500000000000001,310.237,0.1,-1.174,6.859,-0.121,310.249,0.1,-1.1139999999999999,6.912,-0.058,310.06,0.1,-0.9365,6.9125,0.0175,309.983,0.1,-0.802,6.8545,0.016,309.944,0.1,-0.8325,6.745,0.0985,309.932,0.1,-1.017,6.698,0.101,310.157,0.1,-1.1105,6.6825,0.0345,310.246,0.1,-1.0234999999999999,6.8165,-0.07,310.163,0.1,-0.9575,6.894500000000001,-0.059,310.154,0.1,-1.1115,6.7665,-0.001,310.353,0.1,-1.33,6.6995000000000005,0.018,310.549,0.1,-1.27,6.7475,0.0125,310.352,0.1,-1.0695,6.636,0.07,310.164,0.1,-1.139,6.4055,0.1925,310.279,0.1,-1.3679999999999999,6.361,0.14150000000000001,310.304,0.1,
-1.014,6.646,-0.0005,310.174,0.1,-1.166,6.6715,0.0085,310.309,0.1,-1.143,6.787,-0.024,310.054,0.1,-0.9755,6.8919999999999995,0.0695,309.901,0.1,-0.9165000000000001,6.824999999999999,0.0615,309.976,0.1,-0.9895,6.748,0.054,310.073,0.1,-1.091,6.7170000000000005,0.058,310.201,0.1,-1.092,6.765499999999999,0.0185,310.196,0.1,-1.014,6.757,0.015,310.129,0.1,-0.9550000000000001,6.7669999999999995,0.0165,310.196,0.1,-1.01,6.6335,0.018000000000000002,310.298,0.1,-1.205,6.494,-0.009000000000000001,310.375,0.1,-1.303,6.602,-0.003,310.301,0.1,-1.181,6.629,0.006500000000000001,310.222,0.1,-1.055,6.6335,0.10400000000000001,310.161,0.1,-1.1035,6.680999999999999,0.0955,310.166,0.1,
-0.9359999999999999,6.561,-0.01,310.07,0.1,-1.0455,6.422,0.15949999999999998,310.233,0.1,-1.065,6.590999999999999,0.010499999999999999,310.029,0.1,-0.972,6.755,0.008,309.936,0.1,-0.9590000000000001,6.7245,0.0915,310.002,0.1,-1.093,6.5895,0.041999999999999996,310.232,0.1,-1.2000000000000002,6.5975,0.033,310.307,0.1,-1.097,6.754,0.043,310.139,0.1,-0.927,6.811,0.0465,309.961,0.1,-0.8414999999999999,6.6675,0.021500000000000002,310.033,0.1,-0.821,6.7044999999999995,0.0695,310.005,0.1,-0.9570000000000001,6.508,0.035,310.128,0.1,-1.1785,6.5365,-0.014499999999999999,310.246,0.1,-1.2029999999999998,6.593,-0.0045000000000000005,310.277,0.1,-1.0819999999999999,6.7545,0.042499999999999996,310.2,0.1,-1.1015,6.778,0.015,310.249,0.1,
-0.854,6.5205,-0.0545,310.033,0.1,-0.8334999999999999,6.3355,0.176,310.107,0.1,-0.8545,6.464,0.041499999999999995,309.994,0.1,-0.879,6.5985,-0.088,310.035,0.1,-0.8225,6.691,0.035,309.942,0.1,-0.888,6.5365,0.0335,310.115,0.1,-1.0965,6.473000000000001,0.1005,310.245,0.1,-1.1204999999999998,6.584,0.1155,310.176,0.1,-0.9155,6.8655,-0.0235,309.91,0.1,-0.74,6.7315000000000005,0.08449999999999999,309.684,0.1,-0.696,6.8965,-0.0335,309.801,0.1,-0.788,6.6925,0.054,309.943,0.1,-0.9784999999999999,6.6325,0.008,310.169,0.1,-1.0695000000000001,6.6635,0.003,310.188,0.1,-1.0645,6.797,0.0285,310.236,0.1,-1.1025,6.741,0.026500000000000003,310.255,0.1,
-0.7175,6.5415,-0.07200000000000001,309.954,0.1,-0.6395,6.452,0.1305,309.927,0.1,-0.6439999999999999,6.5329999999999995,0.1225,309.877,0.1,-0.716,6.6080000000000005,-0.1365,310.048,0.1,-0.6074999999999999,6.756,-0.057499999999999996,309.864,0.1,-0.5165,6.6615,0.016,309.849,0.1,-0.6775,6.525,0.1635,309.967,0.1,-0.977,6.4094999999999995,0.178,310.202,0.1,-1.0315,6.6155,-0.1345,310.232,0.1,-0.8605,6.839499999999999,0.1155,309.595,0.105,-0.8105,6.893000000000001,-0.1835,310.02,0.1,-0.7665,6.8469999999999995,0.0325,309.849,0.1,-0.7735,6.8245000000000005,0.0735,310.024,0.1,-0.909,6.787,0.038,310.004,0.1,-1.0125,6.779,0.024,310.161,0.1,-1.0295,6.7125,0.065,310.127,0.1,
-0.5845,6.611,-0.038,309.788,0.1,-0.49150000000000005,6.702500000000001,0.1055,309.729,0.1,-0.486,6.7635,0.14650000000000002,309.785,0.1,-0.5525,6.7575,-0.1335,309.986,0.1,-0.477,6.8285,-0.0895,309.814,0.1,-0.3235,6.8155,-0.010499999999999999,309.687,0.1,-0.258,6.710000000000001,0.1225,309.713,0.1,-0.5085,6.4595,0.1865,310.0,0.1,-0.962,6.199,-0.1235,310.465,0.1,-1.1185,6.573,-0.0915,310.188,0.1,-0.936,6.744,-0.15400000000000003,310.054,0.1,-0.6965,6.869,0.0505,309.739,0.1,-0.702,6.899,0.15150000000000002,309.857,0.1,-0.9075,6.7805,0.15300000000000002,309.924,0.1,-0.995,6.7585,-0.028,310.071,0.1,-0.9604999999999999,6.721,0.0815,310.032,0.1,
-0.571,6.6865,-0.009000000000000001,309.743,0.1,-0.4245,6.943,0.0315,309.726,0.1,-0.393,6.9455,0.03,309.849,0.1,-0.4685,6.853999999999999,-0.056999999999999995,309.902,0.1,-0.5175000000000001,6.838,-0.061,309.834,0.1,-0.462,6.875,-0.057499999999999996,309.737,0.1,-0.255,6.864000000000001,0.020999999999999998,309.705,0.1,-0.165,6.6975,0.0885,309.765,0.1,-0.6065,6.18,0.0295,310.115,0.1,-1.0455,6.1465,-0.112,310.439,0.1,-0.8635,6.6274999999999995,-0.0915,309.846,0.1,-0.677,6.754,0.0975,309.663,0.1,-0.879,6.743,0.1815,309.826,0.1,-1.0804999999999998,6.6015,0.2705,310.031,0.1,-1.0684999999999998,6.6725,-0.1505,310.221,0.1,-0.994,6.672000000000001,0.016,310.122,0.1,
-0.512,6.7965,0.019,309.821,0.1,-0.3975,7.0120000000000005,-0.0675,309.922,0.1,-0.338,6.9785,0.006500000000000001,309.86,0.1,-0.4265,6.875,0.0645,309.822,0.1,-0.609,6.829000000000001,-0.0425,309.926,0.1,-0.709,6.853,-0.069,309.898,0.1,-0.564,6.872,-0.036000000000000004,309.868,0.1,-0.27749999999999997,6.830500000000001,-0.0625,309.768,0.1,-0.3175,6.5305,0.0375,309.807,0.1,-0.671,6.153499999999999,0.08549999999999999,310.19,0.1,-0.8125,6.427,-0.121,309.953,0.1,-0.8905,6.515000000000001,0.123,309.864,0.1,-1.083,6.4415,0.07,310.074,0.1,-1.169,6.390000000000001,0.2625,310.149,0.1,-1.1425,6.4665,-0.195,310.378,0.1,-1.0525,6.571,0.017499999999999998,310.126,0.1,
-0.3755,6.931,0.0275,309.888,0.1,-0.3745,6.926,-0.11,310.018,0.1,-0.34950000000000003,6.961,0.10300000000000001,309.799,0.1,-0.45099999999999996,6.9005,0.076,309.874,0.1,-0.6799999999999999,6.785,-0.042,310.03,0.1,-0.8315,6.7415,-0.0365,310.017,0.1,-0.7925,6.724,-0.006,309.947,0.1,-0.5875,6.7005,-0.1015,309.92,0.1,-0.36450000000000005,6.7035,-0.1285,309.869,0.1,-0.41000000000000003,6.497999999999999,0.181,309.867,0.1,-0.7150000000000001,6.308,-0.026000000000000002,310.028,0.1,-0.9885,6.2735,0.07350000000000001,310.155,0.1,-1.0745,6.151999999999999,-0.093,310.296,0.1,-1.0415,6.273,0.16349999999999998,310.058,0.1,-1.0535,6.3420000000000005,-0.027,310.228,0.1,-0.97,6.5785,0.0915,310.008,0.1,
-0.4895,6.886,-0.026,310.016,0.1,-0.4655,6.789,-0.07650000000000001,309.959,0.1,-0.4615,6.923,0.10250000000000001,309.875,0.1,-0.5934999999999999,6.82,-0.028999999999999998,310.07,0.1,-0.7935,6.6045,-0.052,310.091,0.1,-0.8945000000000001,6.49,-0.0295,310.023,0.1,-0.8634999999999999,6.483499999999999,0.0295,309.9,0.1,-0.7749999999999999,6.471500000000001,-0.0175,309.941,0.1,-0.576,6.647,-0.1605,309.88,0.1,-0.4205,6.8025,0.16049999999999998,309.559,0.1,-0.5455,6.4895,0.03,309.98,0.1,-0.751,6.2265,-0.002,310.053,0.1,-0.8234999999999999,6.0905000000000005,-0.076,310.129,0.1,-0.8125,6.2785,0.037,309.857,0.1,-0.8575,6.390499999999999,0.14250000000000002,310.085,0.1,-0.8055,6.625500000000001,0.025500000000000002,310.004,0.1,
-0.7424999999999999,6.6535,-0.012,310.047,0.1,-0.6305,6.6165,0.041,309.931,0.1,-0.612,6.7490000000000006,0.045500000000000006,310.052,0.1,-0.726,6.5425,-0.096,310.142,0.1,-0.8345,6.3705,-0.0675,309.954,0.1,-0.8835,6.3075,0.026000000000000002,309.808,0.1,-0.867,6.32,0.057499999999999996,309.821,0.1,-0.819,6.3695,0.055499999999999994,309.849,0.1,-0.678,6.6665,-0.010499999999999999,309.81,0.1,-0.5609999999999999,6.981999999999999,0.069,309.576,0.1,-0.5945,6.637499999999999,-0.1505,310.072,0.1,-0.5655,6.484500000000001,0.0785,309.753,0.1,-0.5295000000000001,6.3870000000000005,0.021,309.813,0.1,-0.589,6.41,-0.047,309.761,0.1,-0.6945,6.4695,0.215,310.027,0.1,-0.7015,6.5305,0.016,310.07,0.1,
-0.7390000000000001,6.5225,0.039999999999999994,309.9,0.1,-0.678,6.465,0.093,309.941,0.1,-0.7090000000000001,6.4445,0.023,310.124,0.1,-0.744,6.285,-0.0975,309.963,0.1,-0.7444999999999999,6.324999999999999,-0.042499999999999996,309.677,0.1,-0.756,6.4395,0.0885,309.605,0.1,-0.7275,6.4335,0.027000000000000003,309.706,0.1,-0.6735,6.4254999999999995,0.0245,309.81,0.1,-0.659,6.6850000000000005,0.0955,309.955,0.1,-0.694,6.952500000000001,-0.07100000000000001,309.984,0.1,-0.6839999999999999,6.670999999999999,-0.14850000000000002,309.767,0.1,-0.5485,6.8995,0.2565,309.672,0.101,-0.46499999999999997,6.776,-0.054,309.749,0.1,-0.476,6.6195,0.010499999999999999,309.722,0.1,-0.5249999999999999,6.5365,0.2565,309.822,0.1,-0.5694999999999999,6.3705,0.048,309.967,0.1,
-0.6335,6.582,-0.0325,309.709,0.1,-0.6785,6.4254999999999995,0.0,309.927,0.1,-0.6990000000000001,6.197,-0.018,310.006,0.1,-0.597,6.269500000000001,-0.0385,309.727,0.1,-0.579,6.5275,0.0205,309.525,0.1,-0.7010000000000001,6.670999999999999,-0.06,309.703,0.1,-0.6365000000000001,6.561,-0.163,309.837,0.1,-0.4575,6.521,-0.085,309.753,0.1,-0.6005,6.526999999999999,0.1105,310.056,0.1,-0.7915000000000001,6.6065000000000005,-0.0955,310.372,0.1,-0.679,6.7535,-0.067,309.434,0.108,-0.615,6.979,0.11149999999999999,309.882,0.1,-0.6285000000000001,6.8445,-0.1405,309.69,0.1,-0.5565,6.737,0.0915,309.6,0.1,-0.5025,6.53,0.1295,309.665,0.1,-0.5105,6.243,0.009000000000000001,309.832,0.1,
-0.631,6.755,-0.14200000000000002,309.508,0.1,-0.6745000000000001,6.5295000000000005,0.024,309.792,0.1,-0.5715,6.1579999999999995,-0.0385,309.749,0.1,-0.385,6.317,-0.0024999999999999996,309.618,0.1,-0.41200000000000003,6.718999999999999,0.07200000000000001,309.595,0.1,-0.632,6.746,-0.29700000000000004,309.812,0.1,-0.5740000000000001,6.4915,0.08750000000000001,309.911,0.1,-0.265,6.622999999999999,-0.061,309.617,0.1,-0.3585,6.403499999999999,0.096,309.782,0.1,-0.6955,6.1665,0.026500000000000003,310.395,0.1,-0.7605,6.6045,-0.236,309.828,0.1,-0.744,6.5865,-0.1885,309.819,0.1,-0.7595000000000001,6.6005,-0.0445,309.294,0.1,-0.782,6.6425,-0.028,309.452,0.1,-0.7,6.4254999999999995,-0.019,309.564,0.1,-0.5275,6.3375,0.2265,309.562,0.1,
-0.796,6.8965,-0.1905,309.601,0.1,-0.6675,6.7295,0.093,309.583,0.103,-0.41400000000000003,6.3895,-0.005,309.406,0.1,-0.313,6.2605,0.1055,309.548,0.1,-0.49850000000000005,6.6815,0.14700000000000002,309.828,0.1,-0.5535,6.715,-0.382,309.796,0.1,-0.219,6.698499999999999,0.679,309.128,0.102,0.0275,6.7595,0.0345,309.598,0.1,-0.099,6.51,0.0025,309.561,0.1,-0.5045,6.009,0.1025,310.078,0.1,-0.8280000000000001,6.21,-0.3245,310.12,0.1,-0.817,6.256,-0.188,309.479,0.1,-0.8300000000000001,6.3705,0.0525,309.089,0.1,-0.97,6.492,-0.215,309.485,0.1,-0.7464999999999999,6.5365,0.028499999999999998,309.208,0.1,-0.394,6.814,0.441,309.175,0.101,
-1.1265,6.926,-0.17149999999999999,310.07,0.1,-0.9339999999999999,6.839,-0.062,309.688,0.1,-0.4395,6.578,-0.0415,309.166,0.1,-0.2215,6.218,0.404,309.09,0.11,-0.548,6.601,0.272,309.829,0.1,-0.6705,6.688,-0.30100000000000005,309.988,0.1,-0.2575,6.959,0.502,308.972,0.1,-0.0885,6.833,-0.0665,309.762,0.1,-0.14450000000000002,6.619,-0.101,309.545,0.1,-0.343,6.038,0.1575,309.626,0.1,-0.702,6.008,-0.089,309.825,0.1,-0.8434999999999999,6.193,-0.0175,309.367,0.1,-0.959,6.301,0.058499999999999996,309.35,0.1,-1.018,6.443,-0.1785,309.676,0.1,-0.7264999999999999,6.707,0.07100000000000001,309.122,0.102,-0.5135000000000001,7.138,0.197,309.573,0.1,
-1.343,6.646,0.026000000000000002,310.489,0.1,-1.478,6.672000000000001,-0.075,310.523,0.1,-1.5030000000000001,6.6995000000000005,-0.0575,310.381,0.1,-1.3940000000000001,6.7105,0.0045,310.312,0.1,-1.2650000000000001,6.688,0.0125,310.255,0.1,-1.232,6.632,0.0895,310.245,0.1,-1.309,6.582000000000001,0.097,310.429,0.1,-1.3545,6.547000000000001,0.025500000000000002,310.509,0.1,-1.3255,6.622999999999999,-0.062,310.458,0.1,-1.3295,6.686,-0.053000000000000005,310.448,0.1,-1.477,6.622,0.027,310.575,0.1,-1.659,6.5695,0.028,310.721,0.1,-1.613,6.6065000000000005,0.008,310.589,0.1,-1.4224999999999999,6.539,0.0615,310.444,0.1,-1.436,6.345,0.199,310.521,0.1,-1.6219999999999999,6.2755,0.16499999999999998,310.568,0.1,
-1.2755,6.5329999999999995,0.0045000000000000005,310.424,0.1,-1.4545,6.479,0.0555,310.536,0.1,-1.512,6.5455000000000005,-0.0195,310.368,0.1,-1.4085,6.651,0.06,310.234,0.1,-1.3225,6.635999999999999,0.057999999999999996,310.273,0.1,-1.3185,6.607,0.05,310.342,0.1,-1.3519999999999999,6.6005,0.058499999999999996,310.442,0.1,-1.3435000000000001,6.6274999999999995,0.0075,310.452,0.1,-1.3094999999999999,6.6175,0.015,310.402,0.1,-1.3079999999999998,6.611,0.029,310.454,0.1,-1.388,6.5145,0.032,310.528,0.1,-1.5625,6.3919999999999995,0.013000000000000001,310.593,0.1,-1.6585,6.432499999999999,0.019,310.582,0.1,-1.561,6.4384999999999994,0.0035,310.544,0.1,-1.437,6.4455,0.1095,310.481,0.1,-1.4665,6.462,0.121,310.491,0.1,
-1.2065000000000001,6.449999999999999,-0.016,310.325,0.1,-1.3315000000000001,6.3075,0.187,310.441,0.1,-1.423,6.402,0.035500000000000004,310.339,0.1,-1.381,6.5575,0.0135,310.254,0.1,-1.3170000000000002,6.5794999999999995,0.068,310.291,0.1,-1.339,6.505,0.051500000000000004,310.434,0.1,-1.395,6.4975000000000005,0.051500000000000004,310.494,0.1,-1.3635,6.5805,0.0435,310.401,0.1,-1.2805,6.640000000000001,0.036000000000000004,310.275,0.1,-1.2455,6.5625,0.044,310.305,0.1,-1.267,6.5445,0.07050000000000001,310.328,0.1,-1.3860000000000001,6.388,0.049,310.424,0.1,-1.56,6.369,0.0005,310.549,0.1,-1.593,6.3580000000000005,-0.011,310.603,0.1,-1.5,6.458500000000001,0.051000000000000004,310.542,0.1,-1.4995,6.4815000000000005,0.0305,310.56,0.1,
-1.1415,6.428,-0.065,310.283,0.1,-1.145,6.284000000000001,0.1925,310.319,0.1,-1.232,6.3445,0.077,310.306,0.1,-1.2894999999999999,6.474,-0.07050000000000001,310.334,0.1,-1.209,6.5825,-0.0025000000000000005,310.25,0.1,-1.1815,6.4925,0.040499999999999994,310.328,0.1,-1.298,6.394,0.11499999999999999,310.428,0.1,-1.37,6.4105,0.14650000000000002,310.42,0.1,-1.3125,6.5975,-0.009000000000000001,310.271,0.1,-1.24,6.5565,0.039,310.104,0.1,-1.2245,6.6565,-0.0205,310.193,0.1,-1.2805,6.532,0.051500000000000004,310.305,0.1,-1.403,6.4635,0.0015,310.475,0.1,-1.4665,6.4239999999999995,0.0055,310.502,0.1,-1.4605000000000001,6.4765,0.04,310.54,0.1,-1.4855,6.4395,0.0235,310.542,0.1,
-1.034,6.4585,-0.08249999999999999,310.212,0.1,-0.9744999999999999,6.3985,0.14100000000000001,310.173,0.1,-1.044,6.4115,0.1275,310.223,0.1,-1.159,6.4805,-0.1215,310.357,0.1,-1.082,6.6195,-0.08449999999999999,310.197,0.1,-0.9610000000000001,6.5755,0.0075,310.138,0.1,-1.0030000000000001,6.4375,0.153,310.215,0.1,-1.2135,6.297499999999999,0.2175,310.417,0.1,-1.364,6.364000000000001,-0.064,310.511,0.1,-1.3450000000000002,6.5235,0.022000000000000002,310.101,0.103,-1.306,6.635,-0.174,310.339,0.1,-1.248,6.6545000000000005,0.023,310.227,0.1,-1.24,6.6155,0.0725,310.337,0.1,-1.3125,6.54,0.0655,310.322,0.1,-1.371,6.4864999999999995,0.038,310.447,0.1,-1.3935,6.4384999999999994,0.0445,310.426,0.1,
-0.9299999999999999,6.5184999999999995,-0.04,310.086,0.1,-0.841,6.585,0.105,310.035,0.1,-0.8915,6.573,0.122,310.15,0.1,-1.027,6.550000000000001,-0.133,310.313,0.1,-1.0205,6.624499999999999,-0.094,310.162,0.1,-0.8835,6.647,-0.025,310.048,0.1,-0.7445,6.5794999999999995,0.096,310.043,0.1,-0.859,6.3774999999999995,0.189,310.251,0.1,-1.2375,6.0885,-0.044500000000000005,310.642,0.1,-1.4445000000000001,6.273,-0.11,310.49,0.1,-1.33,6.496,-0.182,310.351,0.1,-1.1444999999999999,6.6545000000000005,0.0475,310.091,0.1,-1.1495,6.656499999999999,0.1885,310.176,0.1,-1.2885,6.532500000000001,0.1895,310.251,0.1,-1.341,6.484,-0.022,310.381,0.1,-1.3225,6.481,0.0325,310.344,0.1,
-0.9125,6.5695,-0.006500000000000001,310.061,0.1,-0.784,6.7485,0.0225,310.047,0.1,-0.7945,6.709,0.008,310.162,0.1,-0.9304999999999999,6.593500000000001,-0.067,310.224,0.1,-1.031,6.593,-0.0475,310.173,0.1,-0.9924999999999999,6.6495,-0.06,310.105,0.1,-0.786,6.6715,0.0004999999999999996,310.06,0.1,-0.661,6.545,0.056999999999999995,310.092,0.1,-0.954,6.112500000000001,0.0445,310.358,0.1,-1.3010000000000002,5.9955,-0.078,310.606,0.1,-1.227,6.3645,-0.11649999999999999,310.193,0.1,-1.107,6.526,0.10450000000000001,310.002,0.1,-1.2365,6.528499999999999,0.24,310.147,0.1,-1.3805,6.397,0.2895,310.34,0.1,-1.385,6.433,-0.15,310.492,0.1,-1.3355000000000001,6.480499999999999,-0.044,310.39,0.1,
-0.8540000000000001,6.6419999999999995,0.0055,310.12,0.1,-0.751,6.804,-0.0785,310.169,0.1,-0.723,6.763,-0.004999999999999999,310.114,0.1,-0.8395,6.6295,0.07150000000000001,310.119,0.1,-1.0265,6.5809999999999995,-0.0135,310.225,0.1,-1.1245,6.6045,-0.058499999999999996,310.213,0.1,-1.0135,6.635,-0.042499999999999996,310.181,0.1,-0.79,6.595000000000001,-0.08149999999999999,310.112,0.1,-0.7735000000000001,6.383,0.0045000000000000005,310.121,0.1,-1.0105,6.0825,0.084,310.372,0.1,-1.1715,6.228,-0.0975,310.251,0.1,-1.2530000000000001,6.331,0.129,310.168,0.1,-1.351,6.3185,0.1125,310.338,0.1,-1.3965,6.2655,0.2555,310.417,0.1,-1.4049999999999998,6.305,-0.1735,310.58,0.1,-1.3439999999999999,6.428,-0.023,310.363,0.1,
-0.735,6.7545,-0.0015000000000000005,310.151,0.1,-0.708,6.766500000000001,-0.1135,310.197,0.1,-0.698,6.786,0.11549999999999999,310.025,0.1,-0.808,6.682,0.116,310.133,0.1,-1.0225,6.5595,-0.009999999999999998,310.278,0.1,-1.1705,6.5035,-0.021500000000000002,310.269,0.1,-1.1640000000000001,6.4864999999999995,-0.0015,310.228,0.1,-1.0225,6.4785,-0.088,310.229,0.1,-0.8245,6.541,-0.14600000000000002,310.148,0.1,-0.8265,6.431,0.14500000000000002,310.092,0.1,-1.079,6.227,0.0215,310.287,0.1,-1.2865,6.2105,0.081,310.386,0.1,-1.3075,6.1425,-0.07500000000000001,310.474,0.1,-1.27,6.218500000000001,0.14300000000000002,310.305,0.1,-1.3005,6.2315000000000005,0.023,310.44,0.1,-1.23,6.426,0.08449999999999999,310.256,0.1,
-0.8,6.7545,-0.052000000000000005,310.217,0.1,-0.765,6.6754999999999995,-0.0595,310.138,0.1,-0.777,6.7605,0.1515,310.076,0.1,-0.913,6.635,0.0175,310.274,0.1,-1.105,6.442,-0.038,310.306,0.1,-1.2040000000000002,6.319,-0.014499999999999999,310.256,0.1,-1.198,6.295,0.0485,310.19,0.1,-1.1480000000000001,6.3165,0.011000000000000001,310.255,0.1,-0.984,6.518000000000001,-0.15,310.176,0.1,-0.8374999999999999,6.7075,0.127,309.871,0.1,-0.9299999999999999,6.446,0.0875,310.23,0.1,-1.0785,6.2535,0.0015,310.294,0.1,-1.1095000000000002,6.1315,-0.07200000000000001,310.327,0.1,-1.096,6.2435,0.0245,310.132,0.1,-1.1355,6.267,0.1895,310.321,0.1,-1.088,6.414,0.045,310.272,0.1,
-0.9884999999999999,6.599,-0.027999999999999997,310.224,0.1,-0.9005,6.5365,0.067,310.13,0.1,-0.9025,6.6075,0.0945,310.234,0.1,-1.0295,6.441,-0.076,310.327,0.1,-1.161,6.2905,-0.069,310.203,0.1,-1.2045,6.208,0.0375,310.116,0.1,-1.178,6.2059999999999995,0.07100000000000001,310.151,0.1,-1.173,6.246,0.065,310.212,0.1,-1.1025,6.4865,0.004999999999999999,310.171,0.1,-0.98,6.801,0.065,309.93,0.1,-0.967,6.586,-0.10550000000000001,310.282,0.1,-0.9525,6.446,0.033,310.071,0.1,-0.9279999999999999,6.3525,0.0125,310.097,0.1,-0.9524999999999999,6.330500000000001,-0.0505,310.077,0.1,-1.0025,6.3225,0.221,310.26,0.1,-1.0085,6.3035,0.0315,310.335,0.1,
-1.0125,6.497999999999999,0.0475,310.109,0.1,-0.959,6.415,0.119,310.167,0.1,-0.988,6.3765,0.0325,310.332,0.1,-1.0625,6.265499999999999,-0.10400000000000001,310.229,0.1,-1.119,6.2745,-0.038,310.015,0.1,-1.124,6.3465,0.10750000000000001,309.985,0.1,-1.063,6.343999999999999,0.0235,310.108,0.1,-1.0379999999999998,6.3100000000000005,0.0,310.196,0.1,-1.0745,6.4575,0.11649999999999999,310.27,0.1,-1.0975000000000001,6.7,-0.020999999999999998,310.244,0.1,-1.0699999999999998,6.574999999999999,-0.191,310.114,0.1,-0.978,6.7219999999999995,0.156,310.004,0.1,-0.928,6.629,-0.068,310.068,0.1,-0.9025000000000001,6.4795,0.0095,310.041,0.1,-0.8734999999999999,6.4025,0.2455,310.078,0.1,-0.9045000000000001,6.2105,0.076,310.25,0.1,
-0.969,6.5295000000000005,-0.02,310.004,0.1,-0.9815,6.388,0.017499999999999998,310.197,0.1,-1.013,6.2125,-0.028,310.295,0.1,-1.0035,6.2485,-0.048,310.105,0.1,-1.02,6.4215,0.034,309.931,0.1,-1.0715,6.5555,-0.026,310.06,0.1,-0.984,6.471,-0.1515,310.201,0.1,-0.8280000000000001,6.4125,-0.1155,310.13,0.1,-0.9135,6.374499999999999,0.1335,310.295,0.1,-1.1015,6.4145,0.0,310.53,0.1,-1.093,6.5515,-0.16899999999999998,309.941,0.105,-1.053,6.801500000000001,0.0405,310.146,0.1,-1.064,6.7,-0.1375,310.029,0.1,-0.9850000000000001,6.606,0.11649999999999999,309.926,0.1,-0.8795,6.465,0.1525,309.974,0.1,-0.878,6.1855,0.0305,310.168,0.1,
-1.0255,6.595000000000001,-0.158,309.966,0.1,-1.0190000000000001,6.468500000000001,-0.012,310.135,0.1,-0.9455,6.212999999999999,-0.05,310.132,0.1,-0.862,6.287,0.018500000000000003,310.028,0.1,-0.8919999999999999,6.547,0.096,310.005,0.1,-1.006,6.59,-0.265,310.168,0.1,-0.9259999999999999,6.4254999999999995,0.0285,310.203,0.1,-0.6605000000000001,6.487,-0.08449999999999999,309.988,0.1,-0.6555,6.3495,0.0995,310.053,0.1,-0.9375,6.129,0.1135,310.54,0.1,-1.129,6.378,-0.2645,310.226,0.1,-1.1875,6.5105,-0.1795,310.141,0.1,-1.2080000000000002,6.5275,-0.0115,309.765,0.1,-1.197,6.576499999999999,0.0325,309.869,0.1,-1.0915,6.4345,-0.0095,309.974,0.1,-0.9415,6.300000000000001,0.1515,310.012,0.1,
-1.1724999999999999,6.604,-0.1975,310.113,0.1,-1.066,6.5895,0.012499999999999999,310.021,0.102,-0.8365,6.403,-0.043,309.884,0.1,-0.7435,6.2965,0.1125,309.934,0.1,-0.893,6.5195,0.187,310.164,0.1,-0.9615,6.4885,-0.346,310.188,0.1,-0.6970000000000001,6.5595,0.4885,309.628,0.101,-0.47,6.5815,0.005,309.959,0.1,-0.489,6.4625,-0.0125,309.899,0.1,-0.7615000000000001,6.062,0.136,310.289,0.1,-1.1155,6.0925,-0.27,310.39,0.1,-1.2635,6.1835,-0.15050000000000002,309.954,0.1,-1.345,6.279999999999999,0.10350000000000001,309.709,0.1,-1.43,6.409,-0.165,310.025,0.1,-1.2225,6.4795,-0.033,309.79,0.1,-0.9015,6.6485,0.3175,309.741,0.101,
-1.3465,6.583,-0.133,310.409,0.1,-1.263,6.644,-0.10550000000000001,310.118,0.1,-0.8675,6.544,-0.091,309.704,0.1,-0.6285000000000001,6.303,0.3075,309.562,0.107,-0.8659999999999999,6.468,0.296,310.127,0.1,-1.044,6.424,-0.2455,310.31,0.1,-0.7535000000000001,6.735,0.33999999999999997,309.544,0.1,-0.5785,6.641,-0.08549999999999999,310.09,0.1,-0.573,6.548,-0.1115,309.911,0.1,-0.6755,6.099,0.1485,309.95,0.1,-0.972,5.964,-0.056499999999999995,310.135,0.1,-1.205,6.081,-0.011,309.861,0.1,-1.412,6.165,0.0995,309.94,0.1,-1.4985,6.31,-0.16949999999999998,310.2,0.1,-1.2435,6.561,-0.000499999999999997,309.724,0.101,-0.9929999999999999,6.876,0.14500000000000002,309.989,0.1,
-1.596,6.57,0.0445,310.74,0.1,-1.7825,6.485,-0.0295,310.796,0.1,-1.8925,6.487,-0.055,310.702,0.1,-1.8515,6.509,-0.007,310.641,0.1,-1.7275,6.522,0.0095,310.566,0.1,-1.631,6.5184999999999995,0.0805,310.558,0.1,-1.601,6.4655000000000005,0.093,310.701,0.1,-1.598,6.4115,0.0165,310.771,0.1,-1.627,6.4295,-0.0545,310.754,0.1,-1.701,6.4775,-0.047,310.742,0.1,-1.8415,6.4765,0.054000000000000006,310.796,0.1,-1.9875,6.439,0.039,310.893,0.1,-1.956,6.465,0.0045000000000000005,310.827,0.1,-1.775,6.442,0.053000000000000005,310.723,0.1,-1.733,6.285,0.20450000000000002,310.763,0.1,-1.877,6.19,0.1875,310.831,0.1,
-1.537,6.4195,0.0095,310.675,0.1,-1.743,6.287,0.1015,310.764,0.1,-1.8815,6.3035,-0.013500000000000002,310.681,0.1,-1.842,6.410500000000001,0.051000000000000004,310.567,0.1,-1.728,6.4475,0.0545,310.571,0.1,-1.6465,6.465,0.0465,310.612,0.1,-1.613,6.483499999999999,0.0595,310.684,0.1,-1.596,6.4905,-0.0025,310.707,0.1,-1.6055000000000001,6.478,0.014499999999999999,310.675,0.1,-1.6615,6.4555,0.0405,310.711,0.1,-1.766,6.3955,0.046,310.758,0.1,-1.9195000000000002,6.29,0.035,310.811,0.1,-2.0135,6.263,0.040999999999999995,310.862,0.1,-1.94,6.247999999999999,0.001,310.865,0.1,-1.818,6.2575,0.1145,310.801,0.1,-1.8295,6.2425,0.14550000000000002,310.815,0.1,
-1.4775,6.339,-0.022,310.581,0.1,-1.6175000000000002,6.193,0.21300000000000002,310.65,0.1,-1.7815,6.2125,0.061,310.649,0.1,-1.7905000000000002,6.3605,0.019,310.572,0.1,-1.6745,6.4345,0.045,310.58,0.1,-1.5845,6.42,0.06,310.637,0.1,-1.5899999999999999,6.3975,0.07,310.681,0.1,-1.63,6.4075,0.0455,310.663,0.1,-1.634,6.4695,0.0265,310.588,0.1,-1.649,6.4575,0.065,310.578,0.1,-1.7125,6.385,0.071,310.651,0.1,-1.8155000000000001,6.268,0.062,310.72,0.1,-1.9415,6.2015,0.0155,310.852,0.1,-1.9825,6.1235,-0.017,310.93,0.1,-1.9184999999999999,6.1625,0.058499999999999996,310.883,0.1,-1.8975,6.1845,0.045,310.872,0.1,
-1.4285,6.336,-0.07500000000000001,310.532,0.1,-1.4565,6.2325,0.20700000000000002,310.53,0.1,-1.6095,6.2245,0.1115,310.618,0.1,-1.7,6.35,-0.0535,310.632,0.1,-1.5955,6.4735,-0.039,310.559,0.1,-1.4754999999999998,6.4485,0.047,310.541,0.1,-1.5,6.3149999999999995,0.1285,310.611,0.1,-1.6195,6.2375,0.177,310.664,0.1,-1.709,6.33,0.006,310.633,0.1,-1.7400000000000002,6.382,-0.0045000000000000005,310.523,0.1,-1.754,6.416499999999999,-0.0085,310.585,0.1,-1.7734999999999999,6.372,0.048,310.666,0.1,-1.827,6.2940000000000005,-0.0045000000000000005,310.781,0.1,-1.863,6.1855,0.0075,310.815,0.1,-1.856,6.156000000000001,0.051000000000000004,310.843,0.1,-1.8679999999999999,6.137499999999999,0.020999999999999998,310.829,0.1,
-1.351,6.3765,-0.093,310.47,0.1,-1.31,6.3454999999999995,0.1495,310.419,0.1,-1.444,6.2895,0.1325,310.569,0.1,-1.6025,6.353,-0.10600000000000001,310.665,0.1,-1.5575,6.4825,-0.1105,310.531,0.1,-1.4060000000000001,6.4895,-0.001,310.428,0.1,-1.328,6.3505,0.14200000000000002,310.462,0.1,-1.4495,6.1855,0.255,310.631,0.1,-1.696,6.1129999999999995,0.006,310.79,0.1,-1.829,6.208,-0.0695,310.607,0.102,-1.802,6.3765,-0.164,310.657,0.1,-1.73,6.4625,0.012499999999999999,310.605,0.1,-1.707,6.406,0.072,310.649,0.1,-1.717,6.2935,0.091,310.639,0.1,-1.73,6.1945,0.051000000000000004,310.733,0.1,-1.758,6.1645,0.024,310.725,0.1,
-1.275,6.426,-0.041999999999999996,310.384,0.1,-1.1905000000000001,6.468,0.10300000000000001,310.342,0.1,-1.2970000000000002,6.3825,0.0985,310.515,0.1,-1.5015,6.3420000000000005,-0.1315,310.641,0.1,-1.565,6.4205000000000005,-0.0975,310.51,0.1,-1.4435,6.478,-0.0385,310.409,0.1,-1.2305000000000001,6.45,0.07,310.373,0.1,-1.21,6.2955000000000005,0.19,310.502,0.1,-1.5135,5.978,0.032999999999999995,310.819,0.1,-1.7705000000000002,5.973,-0.127,310.793,0.1,-1.724,6.2475,-0.20850000000000002,310.647,0.1,-1.592,6.4399999999999995,0.0435,310.443,0.1,-1.596,6.414,0.22399999999999998,310.495,0.1,-1.6684999999999999,6.285,0.22449999999999998,310.578,0.1,-1.6865,6.2095,-0.0165,310.691,0.1,-1.6844999999999999,6.241,-0.0155,310.656,0.1,
-1.2535,6.4515,-0.005,310.379,0.1,-1.143,6.5545,0.012499999999999999,310.368,0.1,-1.1955,6.4725,-0.013,310.475,0.1,-1.3925,6.3325,-0.076,310.547,0.1,-1.544,6.3475,-0.0335,310.512,0.1,-1.522,6.424,-0.061,310.473,0.1,-1.3165,6.4795,-0.0195,310.415,0.1,-1.1575,6.393,0.026000000000000002,310.419,0.1,-1.3025,6.0445,0.059,310.602,0.1,-1.5575,5.845000000000001,-0.0445,310.773,0.1,-1.5905,6.101,-0.14,310.54,0.1,-1.5365,6.298,0.111,310.341,0.1,-1.5939999999999999,6.314,0.29600000000000004,310.468,0.1,-1.6804999999999999,6.193,0.3075,310.649,0.1,-1.7015,6.192500000000001,-0.1485,310.764,0.1,-1.677,6.2895,-0.10300000000000001,310.657,0.1,
-1.1955,6.4875,-0.0085,310.42,0.1,-1.1044999999999998,6.5969999999999995,-0.0895,310.416,0.1,-1.1084999999999998,6.547499999999999,-0.017,310.368,0.1,-1.2530000000000001,6.3835,0.0785,310.417,0.1,-1.4445000000000001,6.333,0.0145,310.525,0.1,-1.5405,6.357,-0.0475,310.527,0.1,-1.464,6.398,-0.0485,310.494,0.1,-1.3025,6.359999999999999,-0.0995,310.456,0.1,-1.229,6.236000000000001,-0.027999999999999997,310.434,0.1,-1.3495,6.0115,0.0815,310.555,0.1,-1.53,6.0280000000000005,-0.074,310.549,0.1,-1.6155,6.147,0.135,310.471,0.1,-1.619,6.1955,0.1535,310.601,0.1,-1.6244999999999998,6.141,0.2475,310.684,0.1,-1.668,6.1435,-0.15150000000000002,310.782,0.1,-1.635,6.2855,-0.063,310.599,0.1,
-1.095,6.577999999999999,-0.0305,310.413,0.1,-1.0415,6.6075,-0.11649999999999999,310.376,0.1,-1.0465,6.611,0.1275,310.25,0.1,-1.165,6.464,0.1545,310.391,0.1,-1.365,6.335,0.020999999999999998,310.527,0.1,-1.5095,6.266,-0.006500000000000001,310.52,0.1,-1.5354999999999999,6.2490000000000006,0.0035,310.509,0.1,-1.4569999999999999,6.2575,-0.07400000000000001,310.539,0.1,-1.2835,6.379,-0.163,310.428,0.1,-1.2429999999999999,6.3635,0.1085,310.317,0.1,-1.444,6.1455,0.0675,310.546,0.1,-1.585,6.147,0.0885,310.617,0.1,-1.54,6.133,-0.057,310.653,0.1,-1.4985,6.1635,0.1225,310.552,0.1,-1.5485,6.121,0.07150000000000001,310.653,0.1,-1.49,6.273,0.078,310.504,0.1,
-1.111,6.6225000000000005,-0.0775,310.417,0.1,-1.0645,6.562,-0.042499999999999996,310.317,0.1,-1.092,6.5975,0.199,310.277,0.1,-1.2325,6.4505,0.063,310.478,0.1,-1.4165,6.279999999999999,-0.024,310.52,0.1,-1.5135,6.148,0.0005,310.488,0.1,-1.5325,6.106,0.066,310.48,0.1,-1.52,6.162,0.038,310.57,0.1,-1.3915,6.388999999999999,-0.139,310.473,0.1,-1.254,6.612,0.0935,310.184,0.1,-1.3145,6.401999999999999,0.14150000000000001,310.479,0.1,-1.4064999999999999,6.2805,0.0045000000000000005,310.534,0.1,-1.396,6.1725,-0.0685,310.526,0.1,-1.3805,6.2085,0.012,310.408,0.1,-1.4135,6.143,0.23349999999999999,310.558,0.1,-1.37,6.202,0.0645,310.539,0.1,
-1.2345000000000002,6.5445,-0.0435,310.4,0.1,-1.1705,6.4565,0.0925,310.33,0.1,-1.193,6.4655000000000005,0.14150000000000001,310.415,0.1,-1.3325,6.3395,-0.0555,310.511,0.1,-1.487,6.2105,-0.07,310.453,0.1,-1.5255,6.1085,0.0475,310.424,0.1,-1.4885000000000002,6.0915,0.0815,310.48,0.1,-1.5265,6.123,0.07300000000000001,310.575,0.1,-1.5265,6.3065,0.0205,310.532,0.1,-1.399,6.6195,0.0605,310.284,0.1,-1.3399999999999999,6.534,-0.062,310.493,0.1,-1.3395000000000001,6.4079999999999995,-0.012,310.388,0.1,-1.3265,6.318,0.0035,310.381,0.1,-1.3155000000000001,6.2515,-0.0545,310.393,0.1,-1.31,6.175,0.225,310.493,0.1,-1.3155000000000001,6.076499999999999,0.0465,310.6,0.1,
-1.2854999999999999,6.474,0.0545,310.318,0.1,-1.24,6.3645,0.14350000000000002,310.392,0.1,-1.268,6.3085,0.041999999999999996,310.539,0.1,-1.3815,6.246,-0.1085,310.495,0.1,-1.4935,6.224,-0.0335,310.352,0.1,-1.4925000000000002,6.253,0.124,310.365,0.1,-1.399,6.2545,0.017,310.51,0.1,-1.403,6.195,-0.025,310.583,0.1,-1.491,6.23,0.136,310.586,0.1,-1.502,6.4475,0.027999999999999997,310.504,0.1,-1.4565000000000001,6.479,-0.23049999999999998,310.46,0.1,-1.408,6.544499999999999,0.057499999999999996,310.335,0.1,-1.3915,6.4815000000000005,-0.08149999999999999,310.387,0.1,-1.3295,6.3395,0.0075,310.361,0.1,-1.2225000000000001,6.2675,0.23299999999999998,310.333,0.1,-1.2389999999999999,6.0504999999999995,0.10250000000000001,310.533,0.1,
-1.3050000000000002,6.478,-0.008,310.299,0.1,-1.2854999999999999,6.3505,0.033,310.466,0.1,-1.3275000000000001,6.2285,-0.038,310.583,0.1,-1.4100000000000001,6.227,-0.056499999999999995,310.483,0.1,-1.4605000000000001,6.3155,0.0465,310.338,0.1,-1.4415,6.4399999999999995,0.0055000000000000005,310.418,0.1,-1.3315000000000001,6.3815,-0.14250000000000002,310.566,0.1,-1.199,6.3035,-0.14650000000000002,310.506,0.1,-1.2269999999999999,6.222,0.1535,310.533,0.1,-1.4115,6.223,0.093,310.689,0.1,-1.5070000000000001,6.3495,-0.267,310.449,0.102,-1.4905,6.624499999999999,-0.0285,310.411,0.1,-1.499,6.555,-0.134,310.368,0.1,-1.4129999999999998,6.4755,0.139,310.252,0.1,-1.256,6.3995,0.1725,310.284,0.1,-1.2455,6.128,0.05,310.503,0.1,
-1.42,6.4350000000000005,-0.17149999999999999,310.425,0.1,-1.3639999999999999,6.4085,-0.0475,310.479,0.1,-1.3199999999999998,6.2685,-0.062,310.514,0.1,-1.339,6.257,0.0375,310.438,0.1,-1.3719999999999999,6.375,0.118,310.414,0.1,-1.3805,6.4345,-0.23249999999999998,310.525,0.1,-1.2775,6.3605,-0.0285,310.495,0.1,-1.056,6.3505,-0.10650000000000001,310.36,0.1,-0.9530000000000001,6.2955000000000005,0.101,310.324,0.1,-1.18,6.0915,0.198,310.686,0.1,-1.498,6.151999999999999,-0.29100000000000004,310.625,0.1,-1.6305,6.4350000000000005,-0.16949999999999998,310.462,0.1,-1.656,6.455,0.0215,310.237,0.1,-1.612,6.5105,0.091,310.286,0.1,-1.483,6.4435,-0.001,310.385,0.1,-1.3555,6.263,0.0775,310.462,0.1,
-1.5485,6.311,-0.202,310.625,0.1,-1.464,6.4495000000000005,-0.066,310.458,0.101,-1.259,6.4165,-0.0805,310.363,0.1,-1.1745,6.3325,0.11699999999999999,310.319,0.1,-1.2885,6.3575,0.22499999999999998,310.5,0.1,-1.3705,6.2620000000000005,-0.308,310.58,0.1,-1.1755,6.4215,0.3005,310.127,0.101,-0.9675,6.403499999999999,-0.0235,310.32,0.1,-0.879,6.4145,-0.027500000000000004,310.237,0.1,-1.0185,6.1145,0.16799999999999998,310.499,0.1,-1.403,5.975,-0.216,310.66,0.1,-1.71,6.111000000000001,-0.113,310.428,0.1,-1.8599999999999999,6.1905,0.1535,310.33,0.1,-1.8905,6.3260000000000005,-0.1155,310.565,0.1,-1.699,6.422499999999999,-0.0935,310.373,0.1,-1.409,6.4830000000000005,0.1955,310.308,0.1,
-1.5665,6.24,-0.094,310.748,0.1,-1.5925,6.448,-0.14700000000000002,310.548,0.1,-1.295,6.51,-0.1395,310.242,0.1,-1.0350000000000001,6.387,0.21200000000000002,310.034,0.103,-1.184,6.335,0.319,310.426,0.1,-1.4175,6.16,-0.1895,310.631,0.1,-1.2495,6.512,0.18,310.115,0.1,-1.0685,6.449,-0.10400000000000001,310.418,0.1,-1.0015,6.476,-0.1215,310.277,0.1,-1.0074999999999998,6.16,0.1395,310.274,0.1,-1.2414999999999998,5.919,-0.025,310.445,0.1,-1.5659999999999998,5.969,-0.0055,310.355,0.1,-1.865,6.03,0.1395,310.53,0.1,-1.98,6.178,-0.1595,310.725,0.1,-1.7610000000000001,6.415,-0.071,310.327,0.101,-1.4729999999999999,6.613,0.0935,310.406,0.1,
-1.8490000000000002,6.4595,0.061,310.987,0.1,-2.078,6.2775,0.014499999999999999,311.064,0.1,-2.26,6.252,-0.0375,311.015,0.1,-2.2785,6.276,-0.0075,310.959,0.1,-2.1645000000000003,6.317500000000001,0.0075,310.871,0.1,-2.0164999999999997,6.368,0.0695,310.865,0.1,-1.8925,6.32,0.0875,310.969,0.1,-1.849,6.2545,0.01,311.03,0.1,-1.9295,6.214,-0.0515,311.039,0.1,-2.0615,6.242,-0.0395,311.023,0.1,-2.194,6.2955000000000005,0.07300000000000001,311.015,0.1,-2.3064999999999998,6.277,0.057999999999999996,311.068,0.1,-2.2880000000000003,6.288,0.0135,311.063,0.1,-2.118,6.3075,0.0485,310.998,0.1,-2.0244999999999997,6.1915,0.1995,311.004,0.1,-2.127,6.0625,0.1995,311.089,0.1,
-1.7995,6.279,0.0145,310.922,0.1,-2.0244999999999997,6.0785,0.1375,310.989,0.1,-2.234,6.047000000000001,0.0065,310.988,0.1,-2.253,6.152,0.0485,310.892,0.1,-2.1189999999999998,6.2335,0.0505,310.863,0.1,-1.972,6.3004999999999995,0.043,310.88,0.1,-1.8775,6.343500000000001,0.062,310.925,0.1,-1.855,6.3315,-0.0025,310.961,0.1,-1.9055,6.313000000000001,0.0115,310.943,0.1,-2.0090000000000003,6.2705,0.045,310.962,0.1,-2.133,6.241,0.057999999999999996,310.986,0.1,-2.2645,6.1585,0.0555,311.029,0.1,-2.3535000000000004,6.067,0.061,311.135,0.1,-2.303,6.034,0.005,311.174,0.1,-2.182,6.0465,0.113,311.11,0.1,-2.174,5.9985,0.157,311.125,0.1,
-1.7495,6.2045,-0.027000000000000003,310.833,0.1,-1.8985,6.0595,0.2235,310.859,0.1,-2.1275000000000004,6.0065,0.086,310.952,0.1,-2.1855,6.1455,0.025500000000000002,310.885,0.1,-2.0255,6.2684999999999995,0.027000000000000003,310.865,0.1,-1.8344999999999998,6.313000000000001,0.0595,310.841,0.1,-1.7925,6.276,0.08499999999999999,310.87,0.1,-1.8985,6.2170000000000005,0.057,310.923,0.1,-1.9820000000000002,6.2805,0.026,310.896,0.1,-2.039,6.3255,0.0735,310.847,0.1,-2.1385,6.1985,0.0695,310.962,0.1,-2.2255000000000003,6.1195,0.067,311.008,0.1,-2.3045,6.0115,0.025500000000000002,311.143,0.1,-2.349,5.8755,-0.0195,311.238,0.1,-2.3075,5.86,0.06,311.204,0.1,-2.268,5.878,0.055999999999999994,311.165,0.1,
-1.7149999999999999,6.218500000000001,-0.082,310.779,0.1,-1.7625,6.1579999999999995,0.202,310.743,0.1,-1.9745,6.0825,0.1355,310.921,0.1,-2.0985,6.203,-0.0365,310.926,0.1,-1.9755,6.345,-0.0635,310.863,0.1,-1.7705000000000002,6.3774999999999995,0.0405,310.755,0.1,-1.7075,6.2145,0.1335,310.795,0.1,-1.8685,6.0525,0.197,310.906,0.1,-2.0945,6.056,0.031,310.986,0.1,-2.2155,6.1935,-0.019,310.93,0.1,-2.2489999999999997,6.1615,-0.0035,310.96,0.1,-2.2359999999999998,6.185499999999999,0.038,311.012,0.1,-2.2285000000000004,6.099500000000001,-0.008,311.074,0.1,-2.2365000000000004,5.9305,0.0045000000000000005,311.111,0.1,-2.225,5.833,0.055,311.128,0.1,-2.2245,5.829,0.0215,311.1,0.1,
-1.663,6.2635000000000005,-0.099,310.723,0.1,-1.637,6.2635000000000005,0.14,310.663,0.1,-1.8285,6.1455,0.137,310.899,0.1,-2.0300000000000002,6.205,-0.086,310.964,0.1,-2.016,6.329,-0.1225,310.857,0.1,-1.837,6.377,-0.0125,310.712,0.1,-1.6495,6.243,0.1235,310.707,0.1,-1.6855,6.061999999999999,0.265,310.843,0.1,-2.0225,5.859500000000001,0.0665,311.064,0.1,-2.295,5.890000000000001,-0.099,311.102,0.1,-2.2715,6.108499999999999,-0.1525,310.969,0.1,-2.185,6.247,-0.0019999999999999996,310.965,0.1,-2.1479999999999997,6.1705000000000005,0.074,310.949,0.1,-2.1005000000000003,6.0245,0.105,310.941,0.1,-2.072,5.893,0.056,311.005,0.1,-2.1045,5.882,0.009000000000000001,311.011,0.1,
-1.6124999999999998,6.3004999999999995,-0.0455,310.672,0.1,-1.5314999999999999,6.323,0.088,310.638,0.1,-1.686,6.1775,0.08299999999999999,310.857,0.1,-1.9555,6.1235,-0.11599999999999999,310.954,0.1,-2.0795,6.2055,-0.0915,310.848,0.1,-1.972,6.289,-0.0445,310.755,0.1,-1.6995,6.301,0.045,310.694,0.1,-1.555,6.199,0.1735,310.749,0.1,-1.7854999999999999,5.859,0.087,310.995,0.1,-2.089,5.672000000000001,-0.11000000000000001,311.09,0.1,-2.1065,5.9915,-0.213,310.939,0.1,-2.0214999999999996,6.2075,0.035500000000000004,310.783,0.1,-2.0214999999999996,6.1505,0.247,310.802,0.1,-2.0324999999999998,6.0155,0.246,310.891,0.1,-2.021,5.9235,-0.014499999999999999,310.989,0.1,-2.0359999999999996,5.9925,-0.048,310.96,0.1,
-1.5865,6.307,-0.0105,310.686,0.1,-1.4935,6.343,-0.0045000000000000005,310.677,0.1,-1.584,6.228,-0.028,310.774,0.1,-1.8355000000000001,6.067,-0.0695,310.859,0.1,-2.026,6.093999999999999,-0.016,310.841,0.1,-2.0185,6.1825,-0.053,310.823,0.1,-1.8245,6.268,-0.032,310.757,0.1,-1.6385,6.228,0.0,310.738,0.1,-1.6435,5.9635,0.061,310.841,0.1,-1.8119999999999998,5.6855,-0.014,310.941,0.1,-1.9475,5.833,-0.14100000000000001,310.879,0.1,-1.952,6.060499999999999,0.114,310.671,0.1,-1.9380000000000002,6.084,0.3285,310.777,0.1,-1.972,5.970000000000001,0.3145,310.945,0.1,-2.011,5.9405,-0.1395,311.028,0.1,-2.0115,6.089499999999999,-0.1385,310.921,0.1,
-1.5325,6.3165,-0.028,310.713,0.1,-1.4529999999999998,6.378500000000001,-0.101,310.662,0.1,-1.4865,6.3235,-0.0275,310.621,0.1,-1.654,6.131,0.08549999999999999,310.708,0.1,-1.843,6.075,0.0375,310.817,0.1,-1.9344999999999999,6.0935,-0.0315,310.831,0.1,-1.896,6.140000000000001,-0.046,310.799,0.1,-1.7975,6.114000000000001,-0.1085,310.79,0.1,-1.6720000000000002,6.0755,-0.057499999999999996,310.741,0.1,-1.685,5.9205000000000005,0.068,310.74,0.1,-1.883,5.82,-0.0455,310.84,0.1,-1.968,5.9559999999999995,0.14,310.768,0.1,-1.8805,6.0545,0.1775,310.856,0.1,-1.8495,5.9945,0.23349999999999999,310.943,0.1,-1.928,5.964,-0.124,310.983,0.1,-1.923,6.1305,-0.0875,310.834,0.1,
-1.452,6.391,-0.059,310.674,0.1,-1.3765,6.436,-0.11549999999999999,310.561,0.1,-1.3944999999999999,6.4245,0.129,310.478,0.1,-1.517,6.2364999999999995,0.1765,310.648,0.1,-1.698,6.098000000000001,0.045,310.772,0.1,-1.8355000000000001,6.013,0.0095,310.77,0.1,-1.8925,5.9895,0.0115,310.785,0.1,-1.875,6.0155,-0.0615,310.84,0.1,-1.7280000000000002,6.192,-0.1745,310.705,0.1,-1.651,6.261,0.065,310.548,0.1,-1.8025,6.0405,0.097,310.8,0.1,-1.8785,6.0655,0.09,310.846,0.1,-1.7725,6.095000000000001,-0.041999999999999996,310.833,0.1,-1.7275,6.077999999999999,0.1015,310.794,0.1,-1.7945,5.9864999999999995,0.10600000000000001,310.863,0.1,-1.749,6.105,0.07200000000000001,310.75,0.1,
-1.4255,6.477,-0.0935,310.62,0.1,-1.37,6.431,-0.027000000000000003,310.501,0.1,-1.411,6.419499999999999,0.224,310.483,0.1,-1.5514999999999999,6.254,0.096,310.684,0.1,-1.722,6.1035,-0.0085,310.736,0.1,-1.8115,5.958,0.013,310.722,0.1,-1.851,5.8925,0.073,310.764,0.1,-1.876,5.9719999999999995,0.05499999999999999,310.872,0.1,-1.7875,6.2175,-0.1245,310.764,0.1,-1.6635,6.4719999999999995,0.057999999999999996,310.496,0.1,-1.692,6.324,0.1605,310.726,0.1,-1.7305000000000001,6.277,-0.002,310.773,0.1,-1.683,6.1785,-0.0675,310.728,0.1,-1.6635,6.138,-0.0005,310.678,0.1,-1.6885,5.9965,0.2525,310.791,0.1,-1.65,5.9785,0.08049999999999999,310.802,0.1,
-1.4885000000000002,6.4635,-0.046,310.58,0.1,-1.4495,6.35,0.1095,310.535,0.1,-1.49,6.3004999999999995,0.17099999999999999,310.604,0.1,-1.637,6.214,-0.0315,310.702,0.1,-1.806,6.1095,-0.0635,310.703,0.1,-1.8345,5.9825,0.0485,310.726,0.1,-1.785,5.9405,0.07300000000000001,310.797,0.1,-1.8584999999999998,5.9615,0.07050000000000001,310.913,0.1,-1.9275,6.0905000000000005,0.037,310.873,0.1,-1.807,6.4030000000000005,0.055,310.63,0.1,-1.71,6.447,-0.037000000000000005,310.708,0.1,-1.722,6.345000000000001,-0.046,310.701,0.1,-1.7185000000000001,6.2555,-0.0105,310.663,0.1,-1.6715,6.1415,-0.062,310.699,0.1,-1.613,6.008,0.21400000000000002,310.724,0.1,-1.6175,5.8415,0.0625,310.86,0.1,
-1.566,6.4094999999999995,0.058499999999999996,310.534,0.1,-1.5265,6.279999999999999,0.1515,310.622,0.1,-1.5525,6.204000000000001,0.052000000000000005,310.751,0.1,-1.6995,6.1850000000000005,-0.1005,310.759,0.1,-1.8555,6.1425,-0.028999999999999998,310.682,0.1,-1.8435,6.128,0.1175,310.731,0.1,-1.7195,6.119,-0.006500000000000001,310.884,0.1,-1.745,6.045,-0.053500000000000006,310.934,0.1,-1.88,5.9864999999999995,0.1455,310.884,0.1,-1.892,6.173500000000001,0.065,310.766,0.1,-1.8395000000000001,6.3535,-0.23349999999999999,310.801,0.1,-1.8319999999999999,6.353,-0.002,310.664,0.1,-1.842,6.313000000000001,-0.089,310.701,0.1,-1.7445,6.1735,-0.0024999999999999996,310.672,0.1,-1.5675,6.1080000000000005,0.20650000000000002,310.59,0.1,-1.5685,5.876,0.1135,310.809,0.1,
-1.6395,6.383,0.002,310.596,0.1,-1.5895000000000001,6.279999999999999,0.0325,310.735,0.1,-1.6360000000000001,6.2010000000000005,-0.0455,310.864,0.1,-1.7945,6.1625,-0.059,310.839,0.1,-1.8744999999999998,6.1754999999999995,0.0495,310.725,0.1,-1.795,6.2905,0.0155,310.762,0.1,-1.666,6.252,-0.14650000000000002,310.906,0.1,-1.5545,6.1655,-0.1765,310.853,0.1,-1.5314999999999999,6.0565,0.1525,310.766,0.1,-1.7165,6.0145,0.156,310.853,0.1,-1.9135,6.13,-0.2925,310.942,0.1,-1.9224999999999999,6.4285,-0.0555,310.677,0.1,-1.926,6.378,-0.1185,310.702,0.1,-1.833,6.3115000000000006,0.14300000000000002,310.574,0.1,-1.629,6.298500000000001,0.16599999999999998,310.592,0.1,-1.605,6.0465,0.051,310.827,0.1,
-1.8025,6.245,-0.1575,310.866,0.1,-1.7035,6.3225,-0.07450000000000001,310.816,0.1,-1.6795,6.2865,-0.08,310.878,0.1,-1.7805,6.191,0.039,310.821,0.1,-1.8170000000000002,6.175,0.1275,310.799,0.1,-1.7389999999999999,6.2505,-0.1965,310.865,0.1,-1.6195,6.27,-0.066,310.781,0.1,-1.4409999999999998,6.196,-0.1235,310.714,0.1,-1.2494999999999998,6.221,0.0875,310.59,0.1,-1.423,6.0325,0.2455,310.835,0.1,-1.857,5.915,-0.27349999999999997,311.014,0.1,-2.0595,6.3305,-0.138,310.78,0.1,-2.09,6.338,0.056999999999999995,310.693,0.1,-2.017,6.4030000000000005,0.1265,310.692,0.1,-1.8665,6.4165,-0.0025,310.783,0.1,-1.758,6.205,0.019,310.896,0.1,
-1.912,6.007,-0.174,311.11,0.1,-1.8535,6.291,-0.1075,310.885,0.1,-1.6685,6.4035,-0.1145,310.823,0.1,-1.5855000000000001,6.3375,0.1015,310.687,0.1,-1.665,6.173500000000001,0.2445,310.822,0.1,-1.765,6.0195,-0.251,310.955,0.1,-1.64,6.2705,0.176,310.615,0.1,-1.45,6.2145,-0.036000000000000004,310.674,0.1,-1.263,6.340999999999999,-0.043,310.568,0.1,-1.2774999999999999,6.135,0.1795,310.708,0.1,-1.6835,5.8415,-0.16499999999999998,310.924,0.1,-2.1305,6.0135000000000005,-0.074,310.885,0.1,-2.343,6.067,0.1965,310.917,0.1,-2.3305,6.209,-0.0695,311.081,0.1,-2.1635,6.3420000000000005,-0.1305,310.937,0.1,-1.905,6.307,0.10300000000000001,310.861,0.1,
-1.7850000000000001,5.894,-0.0475,311.074,0.1,-1.9165,6.237,-0.154,310.967,0.1,-1.7155,6.455,-0.16849999999999998,310.766,0.1,-1.4355,6.444,0.1365,310.494,0.1,-1.4965000000000002,6.182,0.324,310.718,0.1,-1.7825,5.886,-0.1255,310.944,0.1,-1.7349999999999999,6.28,0.083,310.677,0.1,-1.5474999999999999,6.247,-0.10450000000000001,310.743,0.1,-1.4209999999999998,6.377,-0.125,310.635,0.1,-1.338,6.183,0.127,310.591,0.1,-1.5085,5.853,-0.006,310.746,0.1,-1.907,5.839,-0.0025,310.823,0.1,-2.2875,5.873,0.16949999999999998,311.085,0.1,-2.4379999999999997,6.02,-0.131,311.225,0.1,-2.2640000000000002,6.253,-0.11199999999999999,310.914,0.1,-1.943,6.344,0.057,310.816,0.1,
-2.098,6.0175,0.07500000000000001,311.193,0.1,-2.2794999999999996,5.8395,0.057499999999999996,311.26,0.1,-2.456,5.7795,-0.0065,311.237,0.1,-2.5065,5.802,0.001,311.198,0.1,-2.427,5.8465,0.006,311.135,0.1,-2.2935,5.916,0.056999999999999995,311.123,0.1,-2.191,5.869,0.0805,311.203,0.1,-2.1745,5.804500000000001,0.006,311.246,0.1,-2.2465,5.7989999999999995,-0.0525,311.238,0.1,-2.341,5.8355,-0.030000000000000002,311.216,0.1,-2.4275,5.835000000000001,0.08449999999999999,311.213,0.1,-2.5084999999999997,5.7485,0.08399999999999999,311.269,0.1,-2.4965,5.717499999999999,0.0345,311.282,0.1,-2.3485,5.7684999999999995,0.0475,311.229,0.1,-2.2525,5.707,0.1845,311.225,0.1,-2.3365,5.5605,0.2025,311.297,0.1,
-2.073,5.896,0.0195,311.138,0.1,-2.2359999999999998,5.719,0.16499999999999998,311.193,0.1,-2.4275,5.624499999999999,0.0395,311.221,0.1,-2.481,5.7035,0.051000000000000004,311.148,0.1,-2.39,5.795999999999999,0.0455,311.123,0.1,-2.2675,5.8825,0.039,311.125,0.1,-2.1975,5.9015,0.0655,311.159,0.1,-2.1975,5.862500000000001,0.0065,311.189,0.1,-2.2375,5.877000000000001,0.006999999999999999,311.163,0.1,-2.3040000000000003,5.8735,0.043,311.167,0.1,-2.3895,5.819000000000001,0.068,311.19,0.1,-2.4775,5.7175,0.07450000000000001,311.235,0.1,-2.5324999999999998,5.6114999999999995,0.079,311.327,0.1,-2.4865000000000004,5.5875,0.015,311.36,0.1,-2.3865,5.619,0.10500000000000001,311.305,0.1,-2.377,5.5625,0.157,311.317,0.1,
-2.037,5.871,-0.031,311.058,0.1,-2.132,5.7620000000000005,0.2205,311.075,0.1,-2.3310000000000004,5.627000000000001,0.1105,311.185,0.1,-2.4125,5.7075,0.033,311.141,0.1,-2.303,5.839499999999999,0.0125,311.111,0.1,-2.1470000000000002,5.912,0.05,311.071,0.1,-2.1105,5.872,0.0975,311.089,0.1,-2.2065,5.7855,0.0775,311.148,0.1,-2.2809999999999997,5.838,0.034,311.132,0.1,-2.3185000000000002,5.9035,0.07100000000000001,311.089,0.1,-2.39,5.7955000000000005,0.0665,311.181,0.1,-2.4555,5.721500000000001,0.0645,311.224,0.1,-2.504,5.633,0.0305,311.324,0.1,-2.523,5.5205,-0.019,311.391,0.1,-2.4795,5.5055,0.0555,311.361,0.1,-2.4450000000000003,5.504,0.064,311.332,0.1,
-1.9980000000000002,5.906000000000001,-0.086,311.0,0.1,-2.0140000000000002,5.8805,0.1795,310.966,0.1,-2.194,5.734500000000001,0.15,311.134,0.1,-2.3285,5.7805,-0.0195,311.156,0.1,-2.2565,5.919499999999999,-0.07650000000000001,311.095,0.1,-2.084,5.9885,0.022,310.986,0.1,-1.9985,5.871,0.13,311.003,0.1,-2.1094999999999997,5.7095,0.20700000000000002,311.104,0.1,-2.308,5.664,0.065,311.192,0.1,-2.4255,5.7625,-0.006999999999999999,311.161,0.1,-2.4595000000000002,5.755,-0.005,311.187,0.1,-2.4605,5.774,0.022,311.225,0.1,-2.4610000000000003,5.7059999999999995,-0.0095,311.261,0.1,-2.452,5.568,-0.002,311.279,0.1,-2.4145,5.486000000000001,0.053,311.284,0.1,-2.4005,5.471,0.025,311.263,0.1,
-1.9420000000000002,5.934,-0.101,310.94,0.1,-1.9015,5.9645,0.114,310.888,0.1,-2.052,5.823,0.1405,311.085,0.1,-2.2475,5.818,-0.0625,311.154,0.1,-2.2750000000000004,5.9285,-0.1215,311.069,0.1,-2.1305,6.007,-0.027000000000000003,310.942,0.1,-1.9344999999999999,5.9315,0.098,310.925,0.1,-1.9140000000000001,5.781000000000001,0.2485,311.026,0.1,-2.1785,5.552,0.1175,311.221,0.1,-2.4370000000000003,5.5065,-0.0685,311.282,0.1,-2.464,5.6850000000000005,-0.14,311.189,0.1,-2.4225,5.808999999999999,-0.02,311.17,0.1,-2.404,5.7330000000000005,0.078,311.151,0.1,-2.347,5.6045,0.1085,311.142,0.1,-2.2824999999999998,5.5115,0.0545,311.183,0.1,-2.2885,5.5045,-0.001,311.187,0.1,
-1.891,5.938000000000001,-0.05,310.893,0.1,-1.807,5.99,0.062,310.862,0.1,-1.9165,5.868,0.075,311.035,0.1,-2.1565000000000003,5.7785,-0.0885,311.123,0.1,-2.2915,5.842499999999999,-0.07600000000000001,311.045,0.1,-2.2190000000000003,5.93,-0.044,310.97,0.1,-1.983,5.965999999999999,0.021,310.918,0.1,-1.818,5.907500000000001,0.14100000000000001,310.945,0.1,-1.968,5.605,0.119,311.139,0.1,-2.25,5.3629999999999995,-0.060000000000000005,311.249,0.1,-2.3375000000000004,5.5794999999999995,-0.197,311.143,0.1,-2.2995,5.7795000000000005,0.024,311.003,0.1,-2.287,5.7204999999999995,0.2595,311.02,0.1,-2.267,5.587,0.256,311.102,0.1,-2.2255000000000003,5.523999999999999,-0.015,311.179,0.1,-2.2205000000000004,5.598,-0.066,311.148,0.1,
-1.862,5.9399999999999995,-0.0215,310.913,0.1,-1.775,5.994999999999999,-0.028,310.901,0.1,-1.8395000000000001,5.9085,-0.037500000000000006,310.974,0.1,-2.0505,5.7395,-0.048,311.046,0.1,-2.221,5.7490000000000006,0.004,311.038,0.1,-2.2365000000000004,5.8125,-0.0375,311.032,0.1,-2.093,5.8885,-0.037500000000000006,310.983,0.1,-1.9175,5.899,-0.0215,310.95,0.1,-1.8860000000000001,5.707000000000001,0.051000000000000004,311.013,0.1,-2.0445,5.43,0.0135,311.108,0.1,-2.2119999999999997,5.4825,-0.1205,311.072,0.1,-2.225,5.696,0.114,310.895,0.1,-2.175,5.718,0.3395,310.982,0.1,-2.1765,5.590999999999999,0.311,311.137,0.1,-2.208,5.5465,-0.124,311.214,0.1,-2.2025,5.698,-0.151,311.117,0.1,
-1.819,5.974,-0.051500000000000004,310.945,0.1,-1.756,6.035,-0.11249999999999999,310.899,0.1,-1.786,5.98,-0.036500000000000005,310.86,0.1,-1.9155,5.7895,0.0925,310.93,0.1,-2.0685000000000002,5.7225,0.056,311.021,0.1,-2.1630000000000003,5.7085,-0.011000000000000001,311.049,0.1,-2.153,5.734,-0.036500000000000005,311.037,0.1,-2.0665,5.76,-0.109,311.018,0.1,-1.9529999999999998,5.7755,-0.08399999999999999,310.958,0.1,-1.9779999999999998,5.6515,0.044,310.95,0.1,-2.151,5.5175,-0.012,311.03,0.1,-2.1950000000000003,5.649,0.144,310.963,0.1,-2.0845000000000002,5.7395,0.187,311.033,0.1,-2.053,5.6545000000000005,0.2145,311.12,0.1,-2.141,5.583500000000001,-0.0915,311.164,0.1,-2.1390000000000002,5.7490000000000006,-0.096,311.036,0.1,
-1.7765,6.0495,-0.087,310.915,0.1,-1.7255,6.0954999999999995,-0.1105,310.814,0.1,-1.736,6.069,0.121,310.743,0.1,-1.8145,5.891500000000001,0.184,310.88,0.1,-1.9505,5.7509999999999994,0.0625,310.984,0.1,-2.0709999999999997,5.641,0.026500000000000003,310.999,0.1,-2.1315,5.5920000000000005,0.0225,311.03,0.1,-2.129,5.634,-0.0505,311.072,0.1,-2.0330000000000004,5.819,-0.181,310.959,0.1,-1.9845,5.909,0.0155,310.821,0.1,-2.0805,5.723,0.11099999999999999,310.998,0.1,-2.106,5.737500000000001,0.086,311.038,0.1,-2.002,5.7695,-0.0295,311.025,0.1,-1.963,5.734,0.0805,310.996,0.1,-2.029,5.627000000000001,0.1275,311.049,0.1,-1.995,5.7325,0.066,310.959,0.1,
-1.786,6.093999999999999,-0.1005,310.867,0.1,-1.755,6.0755,-0.0125,310.76,0.1,-1.7730000000000001,6.0695,0.2275,310.748,0.1,-1.8585,5.934,0.1175,310.919,0.1,-1.9754999999999998,5.7925,0.0085,310.966,0.1,-2.035,5.627,0.0235,310.966,0.1,-2.0655,5.531499999999999,0.0715,311.009,0.1,-2.115,5.5794999999999995,0.0625,311.093,0.1,-2.1025,5.7835,-0.10750000000000001,311.01,0.1,-2.0195,6.034,0.02,310.797,0.1,-2.0,5.959,0.1475,310.948,0.1,-2.0095,5.895,-0.0175,311.003,0.1,-1.9745,5.8155,-0.069,310.962,0.1,-1.9365,5.785,-0.013,310.909,0.1,-1.9289999999999998,5.671,0.249,310.984,0.1,-1.8975,5.6325,0.094,311.008,0.1,
-1.8555000000000001,6.032,-0.036500000000000005,310.839,0.1,-1.826,5.962999999999999,0.118,310.799,0.1,-1.851,5.946,0.1855,310.863,0.1,-1.9585,5.898,-0.0045,310.958,0.1,-2.074,5.8205,-0.0505,310.96,0.1,-2.066,5.675,0.040999999999999995,310.986,0.1,-2.0,5.5975,0.049,311.041,0.1,-2.068,5.6035,0.06,311.115,0.1,-2.183,5.6685,0.055,311.093,0.1,-2.1340000000000003,5.922,0.049,310.922,0.1,-2.0495,6.0135000000000005,-0.029,310.964,0.1,-2.0495,5.9495000000000005,-0.0695,310.961,0.1,-2.0460000000000003,5.877000000000001,-0.0295,310.925,0.1,-1.975,5.801,-0.07150000000000001,310.933,0.1,-1.8795000000000002,5.706,0.1905,310.94,0.1,-1.87,5.535,0.07949999999999999,311.066,0.1,
-1.9215,5.9345,0.06,310.83,0.1,-1.8645,5.869999999999999,0.145,310.893,0.1,-1.8775,5.8295,0.062,310.999,0.1,-2.0084999999999997,5.8395,-0.08149999999999999,311.009,0.1,-2.1310000000000002,5.8275,-0.025500000000000002,310.952,0.1,-2.0955000000000004,5.792,0.091,310.999,0.1,-1.965,5.753500000000001,-0.0435,311.118,0.1,-1.9565,5.7235,-0.0845,311.123,0.1,-2.0774999999999997,5.642,0.146,311.086,0.1,-2.158,5.7059999999999995,0.0915,311.043,0.1,-2.178,5.839499999999999,-0.2025,311.077,0.1,-2.1875,5.917,-0.024499999999999997,310.948,0.1,-2.1870000000000003,5.907,-0.091,310.967,0.1,-2.08,5.8215,-0.0195,310.928,0.1,-1.889,5.7755,0.16799999999999998,310.858,0.1,-1.8485,5.5765,0.1105,311.032,0.1,
-1.9649999999999999,5.8675,0.010499999999999999,310.914,0.1,-1.8980000000000001,5.858499999999999,0.0175,310.999,0.1,-1.9060000000000001,5.8205,-0.05,311.082,0.1,-2.037,5.804,-0.0565,311.054,0.1,-2.1125,5.811,0.0445,310.978,0.1,-2.0455,5.898,0.0065,311.015,0.1,-1.934,5.8685,-0.1615,311.124,0.1,-1.818,5.849,-0.20550000000000002,311.052,0.1,-1.7665,5.7829999999999995,0.1335,310.962,0.1,-1.9409999999999998,5.6265,0.1915,311.078,0.1,-2.1814999999999998,5.6114999999999995,-0.249,311.196,0.1,-2.2645,5.8934999999999995,-0.042,310.983,0.1,-2.2935,5.8855,-0.091,310.988,0.1,-2.19,5.873,0.131,310.873,0.1,-1.968,5.8855,0.136,310.885,0.1,-1.888,5.7035,0.034999999999999996,311.052,0.1,
-2.056,5.7379999999999995,-0.11800000000000001,311.126,0.1,-1.9909999999999999,5.8725000000000005,-0.0935,311.064,0.1,-1.9344999999999999,5.9,-0.10350000000000001,311.075,0.1,-1.9825,5.8415,0.025500000000000002,311.017,0.1,-2.0145,5.777,0.1265,311.025,0.1,-1.9705,5.823,-0.1575,311.08,0.1,-1.892,5.8835,-0.086,311.007,0.1,-1.7475,5.872999999999999,-0.136,310.937,0.1,-1.5535,5.9555,0.0605,310.812,0.1,-1.658,5.7364999999999995,0.2585,311.017,0.1,-2.0455,5.5,-0.214,311.214,0.1,-2.302,5.788,-0.086,311.06,0.1,-2.3895,5.786,0.0945,311.003,0.1,-2.324,5.861000000000001,0.14200000000000002,310.994,0.1,-2.1574999999999998,5.9325,-0.014,311.06,0.1,-2.0175,5.8025,-0.0245,311.121,0.1,
-2.099,5.574,-0.11599999999999999,311.29,0.1,-2.1065,5.807,-0.114,311.114,0.1,-1.9474999999999998,5.965,-0.14600000000000002,311.028,0.1,-1.831,5.961,0.0685,310.901,0.1,-1.8745,5.772,0.2475,311.025,0.1,-1.975,5.5955,-0.177,311.152,0.1,-1.9015,5.849,0.11199999999999999,310.885,0.1,-1.763,5.8565000000000005,-0.034,310.923,0.1,-1.5955,6.016500000000001,-0.058499999999999996,310.821,0.1,-1.5625,5.859999999999999,0.1725,310.91,0.1,-1.8735,5.5295000000000005,-0.11699999999999999,311.104,0.1,-2.2605,5.609999999999999,-0.034,311.105,0.1,-2.4725,5.593,0.23299999999999998,311.169,0.1,-2.5015,5.6675,-0.026000000000000002,311.298,0.1,-2.3825000000000003,5.842499999999999,-0.14550000000000002,311.191,0.1,-2.1535,5.872999999999999,0.03949999999999999,311.104,0.1,
-1.9820000000000002,5.509,0.0055,311.232,0.1,-2.1475,5.741,-0.128,311.171,0.1,-2.0075,5.975,-0.18,311.0,0.1,-1.7389999999999999,6.036,0.08,310.76,0.1,-1.737,5.786,0.3125,310.93,0.1,-1.97,5.472,-0.054,311.156,0.1,-1.9705,5.827,0.0465,310.959,0.1,-1.8535,5.857,-0.088,311.003,0.1,-1.7585000000000002,6.009,-0.123,310.906,0.1,-1.6595,5.893,0.11099999999999999,310.845,0.1,-1.7505,5.573,0.0015,310.96,0.1,-2.0295,5.529,-0.002,311.024,0.1,-2.332,5.478,0.1905,311.254,0.1,-2.5215,5.518,-0.08499999999999999,311.379,0.1,-2.4524999999999997,5.762,-0.1245,311.156,0.1,-2.2015000000000002,5.906,0.035500000000000004,311.054,0.1,
-2.3465,5.5755,0.089,311.399,0.1,-2.4805,5.4015,0.1005,311.457,0.1,-2.6525,5.308,0.0245,311.46,0.1,-2.7350000000000003,5.328,0.0095,311.437,0.1,-2.6895,5.3759999999999994,0.0045000000000000005,311.399,0.1,-2.5709999999999997,5.4635,0.0445,311.382,0.1,-2.49,5.4185,0.07350000000000001,311.437,0.1,-2.5004999999999997,5.3545,0.002,311.461,0.1,-2.5635000000000003,5.3845,-0.0535,311.437,0.1,-2.62,5.4285,-0.0205,311.409,0.1,-2.661,5.3745,0.096,311.411,0.1,-2.71,5.221,0.1105,311.471,0.1,-2.705,5.1465,0.0555,311.501,0.1,-2.5795,5.23,0.0465,311.461,0.1,-2.48,5.2225,0.16949999999999998,311.447,0.1,-2.5455,5.0585,0.2055,311.506,0.1,
-2.347,5.514,0.025,311.354,0.1,-2.4475,5.359500000000001,0.1925,311.396,0.1,-2.621,5.202500000000001,0.072,311.453,0.1,-2.7085,5.2555,0.0535,311.403,0.1,-2.6605,5.358499999999999,0.040999999999999995,311.382,0.1,-2.5625,5.464499999999999,0.035500000000000004,311.37,0.1,-2.5175,5.4595,0.069,311.392,0.1,-2.5410000000000004,5.394,0.0155,311.416,0.1,-2.5700000000000003,5.441,0.0025,311.383,0.1,-2.5995,5.4765,0.041,311.371,0.1,-2.6470000000000002,5.397,0.078,311.395,0.1,-2.691,5.277,0.093,311.441,0.1,-2.7119999999999997,5.1555,0.097,311.52,0.1,-2.6704999999999997,5.141500000000001,0.0245,311.545,0.1,-2.5904999999999996,5.1915,0.097,311.501,0.1,-2.5795,5.127000000000001,0.1575,311.509,0.1,
-2.3245,5.538,-0.035,311.284,0.1,-2.365,5.4645,0.2175,311.29,0.1,-2.535,5.247,0.135,311.418,0.1,-2.6405000000000003,5.2705,0.040499999999999994,311.397,0.1,-2.5805,5.4105,-0.0019999999999999996,311.357,0.1,-2.4589999999999996,5.5105,0.04,311.301,0.1,-2.428,5.4685,0.11,311.307,0.1,-2.5145,5.3545,0.0985,311.372,0.1,-2.5805,5.3955,0.042499999999999996,311.368,0.1,-2.598,5.4815,0.069,311.331,0.1,-2.6414999999999997,5.3925,0.064,311.4,0.1,-2.6855,5.3235,0.0615,311.441,0.1,-2.7039999999999997,5.2545,0.035500000000000004,311.506,0.1,-2.697,5.1665,-0.0185,311.545,0.1,-2.6515,5.151,0.0505,311.519,0.1,-2.622,5.131,0.07200000000000001,311.498,0.1,
-2.2815000000000003,5.593,-0.09,311.221,0.1,-2.2655000000000003,5.603,0.157,311.189,0.1,-2.4130000000000003,5.386,0.16449999999999998,311.348,0.1,-2.5585,5.358499999999999,-0.0024999999999999996,311.387,0.1,-2.5380000000000003,5.4945,-0.0895,311.327,0.1,-2.3970000000000002,5.599,0.0034999999999999996,311.216,0.1,-2.2885,5.5280000000000005,0.126,311.211,0.1,-2.3505000000000003,5.3665,0.2175,311.303,0.1,-2.5225,5.2725,0.099,311.398,0.1,-2.6355000000000004,5.332,0.004999999999999999,311.392,0.1,-2.6695,5.348,-0.006500000000000001,311.414,0.1,-2.6849999999999996,5.362,0.006,311.438,0.1,-2.694,5.313,-0.010499999999999999,311.449,0.1,-2.6675,5.2059999999999995,-0.0085,311.447,0.1,-2.604,5.1395,0.0515,311.441,0.1,-2.5765000000000002,5.1135,0.028999999999999998,311.427,0.1,
-2.2205000000000004,5.6045,-0.103,311.156,0.1,-2.165,5.665,0.088,311.112,0.1,-2.275,5.500500000000001,0.1435,311.271,0.1,-2.465,5.4315,-0.039,311.344,0.1,-2.534,5.5280000000000005,-0.1205,311.282,0.1,-2.424,5.6370000000000005,-0.041,311.173,0.1,-2.2195,5.6205,0.07250000000000001,311.142,0.1,-2.142,5.5005,0.23199999999999998,311.209,0.1,-2.3345000000000002,5.245,0.16849999999999998,311.378,0.1,-2.58,5.123,-0.038,311.462,0.1,-2.657,5.261,-0.1275,311.409,0.1,-2.6605,5.371,-0.038,311.375,0.1,-2.661,5.2955000000000005,0.082,311.354,0.1,-2.5945,5.1850000000000005,0.1115,311.342,0.1,-2.4935,5.13,0.053,311.361,0.1,-2.472,5.1265,-0.011,311.362,0.1,
-2.169,5.5755,-0.0545,311.114,0.1,-2.0825,5.656499999999999,0.035500000000000004,311.086,0.1,-2.1470000000000002,5.5585,0.067,311.213,0.1,-2.3575,5.4345,-0.061,311.291,0.1,-2.5035,5.48,-0.0605,311.241,0.1,-2.4654999999999996,5.5715,-0.0435,311.186,0.1,-2.2664999999999997,5.632,-0.0035000000000000005,311.142,0.1,-2.082,5.6165,0.109,311.141,0.1,-2.151,5.3505,0.15050000000000002,311.284,0.1,-2.411,5.053000000000001,-0.010000000000000002,311.407,0.1,-2.569,5.1675,-0.181,311.348,0.1,-2.578,5.352,0.012,311.223,0.1,-2.553,5.2905,0.272,311.238,0.1,-2.5015,5.159000000000001,0.266,311.313,0.1,-2.4299999999999997,5.1235,-0.0155,311.37,0.1,-2.4059999999999997,5.203,-0.08449999999999999,311.336,0.1,
-2.1375,5.5725,-0.0325,311.14,0.1,-2.057,5.6475,-0.051500000000000004,311.125,0.1,-2.0945,5.589,-0.047,311.173,0.1,-2.265,5.4125,-0.0265,311.233,0.1,-2.4160000000000004,5.404,0.0235,311.235,0.1,-2.455,5.443,-0.022,311.242,0.1,-2.3615,5.51,-0.043,311.209,0.1,-2.1959999999999997,5.57,-0.043,311.161,0.1,-2.129,5.449999999999999,0.040999999999999995,311.185,0.1,-2.278,5.173500000000001,0.041,311.275,0.1,-2.4764999999999997,5.1325,-0.0995,311.264,0.1,-2.497,5.3315,0.114,311.119,0.1,-2.4115,5.3525,0.351,311.188,0.1,-2.3810000000000002,5.212,0.3075,311.329,0.1,-2.4045,5.1515,-0.10800000000000001,311.4,0.1,-2.3935000000000004,5.3065,-0.1635,311.312,0.1,
-2.1065,5.631,-0.075,311.178,0.1,-2.0595,5.6925,-0.124,311.135,0.1,-2.085,5.6365,-0.0455,311.098,0.1,-2.1765,5.4485,0.1,311.152,0.1,-2.2935,5.369,0.07400000000000001,311.226,0.1,-2.391,5.324,0.009,311.268,0.1,-2.4095,5.3285,-0.027,311.275,0.1,-2.3345000000000002,5.406,-0.109,311.245,0.1,-2.233,5.475,-0.11,311.175,0.1,-2.27,5.3815,0.02,311.159,0.1,-2.419,5.216,0.0215,311.22,0.1,-2.422,5.3420000000000005,0.148,311.158,0.1,-2.2880000000000003,5.425,0.1965,311.209,0.1,-2.2565,5.3149999999999995,0.1955,311.296,0.1,-2.3535,5.202500000000001,-0.058499999999999996,311.344,0.1,-2.3545,5.368,-0.10450000000000001,311.237,0.1,
-2.1015,5.708,-0.115,311.155,0.1,-2.075,5.7555,-0.105,311.067,0.1,-2.077,5.712999999999999,0.113,311.009,0.1,-2.1109999999999998,5.5465,0.1915,311.113,0.1,-2.202,5.4035,0.07999999999999999,311.196,0.1,-2.3055000000000003,5.27,0.0435,311.229,0.1,-2.3705,5.1945,0.0335,311.276,0.1,-2.384,5.253,-0.0395,311.305,0.1,-2.3385,5.445,-0.1875,311.213,0.1,-2.3175,5.5565,-0.033999999999999996,311.094,0.1,-2.3579999999999997,5.406000000000001,0.125,311.195,0.1,-2.3335,5.409,0.082,311.23,0.1,-2.2315,5.444,-0.0165,311.217,0.1,-2.1985,5.390499999999999,0.059500000000000004,311.198,0.1,-2.2635,5.2675,0.14850000000000002,311.235,0.1,-2.2405,5.359999999999999,0.06,311.168,0.1,
-2.147,5.7115,-0.1075,311.113,0.1,-2.1405,5.72,0.0019999999999999996,311.019,0.1,-2.1355,5.7185,0.231,311.013,0.1,-2.1654999999999998,5.6129999999999995,0.139,311.154,0.1,-2.229,5.4815000000000005,0.025500000000000002,311.196,0.1,-2.259,5.295999999999999,0.034,311.211,0.1,-2.2800000000000002,5.1705000000000005,0.07,311.253,0.1,-2.3545,5.1875,0.07,311.314,0.1,-2.4175,5.3485,-0.0905,311.257,0.1,-2.3745000000000003,5.5954999999999995,-0.017499999999999998,311.098,0.1,-2.3070000000000004,5.593999999999999,0.135,311.169,0.1,-2.2885,5.512499999999999,-0.0325,311.233,0.1,-2.266,5.452500000000001,-0.07050000000000001,311.195,0.1,-2.209,5.432,-0.025500000000000002,311.14,0.1,-2.169,5.345000000000001,0.2455,311.177,0.1,-2.1445,5.2855,0.10750000000000001,311.213,0.1,
-2.223,5.601,-0.027,311.097,0.1,-2.2030000000000003,5.576499999999999,0.1265,311.064,0.1,-2.2125000000000004,5.590999999999999,0.2,311.123,0.1,-2.2805,5.582000000000001,0.0225,311.214,0.1,-2.3415,5.531499999999999,-0.0375,311.217,0.1,-2.2969999999999997,5.367,0.033,311.246,0.1,-2.215,5.2545,0.024999999999999998,311.285,0.1,-2.2775,5.246,0.0495,311.318,0.1,-2.439,5.246,0.07300000000000001,311.313,0.1,-2.4615,5.4405,0.042499999999999996,311.213,0.1,-2.3890000000000002,5.5794999999999995,-0.021,311.22,0.1,-2.377,5.5545,-0.093,311.22,0.1,-2.3739999999999997,5.4990000000000006,-0.0485,311.187,0.1,-2.279,5.4605,-0.08099999999999999,311.167,0.1,-2.146,5.4035,0.16749999999999998,311.156,0.1,-2.122,5.228,0.097,311.272,0.1,
-2.2775,5.46,0.062,311.126,0.1,-2.2025,5.46,0.139,311.164,0.1,-2.202,5.455,0.07200000000000001,311.246,0.1,-2.318,5.495,-0.0625,311.26,0.1,-2.407,5.513,-0.022,311.221,0.1,-2.348,5.4565,0.065,311.267,0.1,-2.2110000000000003,5.3875,-0.081,311.352,0.1,-2.1685,5.4030000000000005,-0.116,311.313,0.1,-2.276,5.297000000000001,0.146,311.288,0.1,-2.4245,5.2379999999999995,0.1185,311.32,0.1,-2.5165,5.3255,-0.17149999999999999,311.354,0.1,-2.5435,5.4815000000000005,-0.047,311.232,0.1,-2.5324999999999998,5.502000000000001,-0.0925,311.234,0.1,-2.4154999999999998,5.4695,-0.036,311.183,0.1,-2.2105,5.443,0.1295,311.126,0.1,-2.1285,5.2775,0.1075,311.255,0.1,
-2.29,5.3515,0.0195,311.231,0.1,-2.2065,5.4365000000000006,0.0025,311.263,0.1,-2.1765,5.4399999999999995,-0.0545,311.299,0.1,-2.2800000000000002,5.446,-0.0535,311.268,0.1,-2.3505000000000003,5.447,0.0395,311.232,0.1,-2.2960000000000003,5.5055,-0.0025,311.269,0.1,-2.202,5.484500000000001,-0.176,311.342,0.1,-2.0815,5.533,-0.2345,311.251,0.1,-2.002,5.5085,0.11399999999999999,311.158,0.1,-2.1665,5.2379999999999995,0.22699999999999998,311.303,0.1,-2.4505,5.0935,-0.20550000000000002,311.449,0.1,-2.6064999999999996,5.358499999999999,-0.028000000000000004,311.288,0.1,-2.6605,5.393000000000001,-0.0635,311.274,0.1,-2.5475,5.435,0.119,311.173,0.1,-2.3075,5.4719999999999995,0.106,311.178,0.1,-2.1710000000000003,5.361,0.019,311.277,0.1,
-2.309,5.23,-0.0785,311.386,0.1,-2.278,5.423,-0.11199999999999999,311.313,0.1,-2.1895,5.5135000000000005,-0.127,311.272,0.1,-2.1845,5.492,0.0125,311.214,0.1,-2.2115,5.3795,0.1255,311.251,0.1,-2.2015000000000002,5.395,-0.11850000000000001,311.296,0.1,-2.1645000000000003,5.4965,-0.10650000000000001,311.232,0.1,-2.0540000000000003,5.5504999999999995,-0.148,311.161,0.1,-1.858,5.689500000000001,0.0335,311.035,0.1,-1.8940000000000001,5.4405,0.2715,311.2,0.1,-2.234,5.0845,-0.1545,311.414,0.1,-2.5439999999999996,5.246,-0.0335,311.34,0.1,-2.689,5.2335,0.132,311.314,0.1,-2.6315,5.319,0.158,311.297,0.1,-2.4495,5.448,-0.025500000000000002,311.337,0.1,-2.2775,5.4,-0.068,311.346,0.1,
-2.2855,5.140000000000001,-0.057999999999999996,311.47,0.1,-2.359,5.3235,-0.1205,311.344,0.1,-2.2264999999999997,5.5265,-0.1775,311.234,0.1,-2.0765000000000002,5.585,0.0355,311.114,0.1,-2.084,5.371,0.2505,311.228,0.1,-2.1845,5.171,-0.10300000000000001,311.349,0.1,-2.162,5.427,0.048,311.155,0.1,-2.075,5.4985,-0.032,311.171,0.1,-1.927,5.692,-0.07400000000000001,311.074,0.1,-1.847,5.5855,0.1655,311.111,0.1,-2.0635,5.217499999999999,-0.069,311.284,0.1,-2.391,5.207000000000001,0.005999999999999999,311.325,0.1,-2.602,5.1185,0.269,311.422,0.1,-2.6725,5.125500000000001,0.0175,311.516,0.1,-2.602,5.343,-0.1605,311.444,0.1,-2.402,5.439500000000001,-0.0235,311.347,0.1,
-2.1785,5.123,0.059,311.39,0.1,-2.3785,5.245,-0.1015,311.375,0.1,-2.3,5.495,-0.1915,311.234,0.1,-2.042,5.629,0.024,311.026,0.1,-1.9765,5.39,0.301,311.143,0.1,-2.1574999999999998,5.057,0.018000000000000002,311.367,0.1,-2.207,5.374,0.01,311.242,0.1,-2.1605,5.466,-0.07150000000000001,311.262,0.1,-2.0965,5.641,-0.1215,311.177,0.1,-1.9805,5.604,0.095,311.099,0.1,-1.9915,5.294,0.009,311.174,0.1,-2.151,5.219,-0.002,311.224,0.1,-2.3754999999999997,5.082,0.21150000000000002,311.424,0.1,-2.605,5.016,-0.039,311.533,0.1,-2.641,5.271,-0.1375,311.398,0.1,-2.4595000000000002,5.469,0.0145,311.292,0.1,
-2.595,5.1335,0.0985,311.605,0.1,-2.6820000000000004,4.964499999999999,0.135,311.654,0.1,-2.8485,4.836,0.055999999999999994,311.683,0.1,-2.963,4.854,0.0205,311.676,0.1,-2.952,4.9055,0.004,311.663,0.1,-2.848,5.011,0.0315,311.641,0.1,-2.7885,4.9675,0.064,311.67,0.1,-2.8265000000000002,4.9045,-0.0015,311.676,0.1,-2.8805,4.9695,-0.055,311.635,0.1,-2.899,5.022,-0.015,311.602,0.1,-2.895,4.914,0.102,311.61,0.1,-2.9125,4.6925,0.127,311.672,0.1,-2.914,4.576,0.07100000000000001,311.72,0.1,-2.811,4.6915,0.046,311.693,0.1,-2.7085,4.7379999999999995,0.155,311.668,0.1,-2.755,4.5565,0.20400000000000001,311.714,0.1,
-2.6205,5.1315,0.028,311.57,0.1,-2.659,5.0005,0.2095,311.6,0.1,-2.8145,4.7805,0.1045,311.686,0.1,-2.936,4.8075,0.06,311.659,0.1,-2.931,4.920999999999999,0.036500000000000005,311.641,0.1,-2.8575,5.046,0.0285,311.615,0.1,-2.8369999999999997,5.018000000000001,0.0685,311.625,0.1,-2.8834999999999997,4.925,0.0235,311.643,0.1,-2.902,5.0055,-0.0005,311.603,0.1,-2.8945,5.0794999999999995,0.037000000000000005,311.576,0.1,-2.9035,4.975,0.084,311.599,0.1,-2.9045,4.836,0.104,311.647,0.1,-2.892,4.699999999999999,0.106,311.712,0.1,-2.8545,4.695,0.03,311.73,0.1,-2.795,4.763999999999999,0.0885,311.696,0.1,-2.7824999999999998,4.691,0.154,311.702,0.1,
-2.6125,5.205,-0.039,311.51,0.1,-2.5985,5.167,0.20900000000000002,311.506,0.1,-2.739,4.867,0.1575,311.651,0.1,-2.8685,4.833,0.0495,311.654,0.1,-2.8579999999999997,4.9815000000000005,-0.012,311.603,0.1,-2.771,5.109500000000001,0.027500000000000004,311.531,0.1,-2.7455,5.0649999999999995,0.1125,311.526,0.1,-2.8225,4.923,0.11399999999999999,311.597,0.1,-2.8804999999999996,4.952999999999999,0.0545,311.604,0.1,-2.878,5.0595,0.0695,311.573,0.1,-2.8935,4.9895,0.063,311.619,0.1,-2.9165,4.925,0.058499999999999996,311.658,0.1,-2.9045,4.8759999999999994,0.036500000000000005,311.687,0.1,-2.8715,4.811999999999999,-0.0185,311.698,0.1,-2.824,4.797,0.045,311.676,0.1,-2.7995,4.757,0.0755,311.664,0.1,
-2.5645,5.28,-0.093,311.441,0.1,-2.5164999999999997,5.3255,0.135,311.412,0.1,-2.6319999999999997,5.0375,0.1755,311.561,0.1,-2.7885,4.936,0.0125,311.618,0.1,-2.819,5.069,-0.095,311.559,0.1,-2.7104999999999997,5.21,-0.0125,311.447,0.1,-2.5795,5.1845,0.11599999999999999,311.418,0.1,-2.5919999999999996,5.0235,0.219,311.501,0.1,-2.7365,4.88,0.13,311.604,0.1,-2.8449999999999998,4.9015,0.024,311.623,0.1,-2.8795,4.941,-0.0045000000000000005,311.641,0.1,-2.9095,4.95,-0.005,311.651,0.1,-2.9265,4.919499999999999,-0.0095,311.636,0.1,-2.883,4.843500000000001,-0.011,311.615,0.1,-2.7935,4.792999999999999,0.049,311.597,0.1,-2.7525,4.7555,0.0315,311.59,0.1,
-2.499,5.2745,-0.10250000000000001,311.372,0.1,-2.4290000000000003,5.3655,0.0655,311.337,0.1,-2.499,5.1775,0.1445,311.457,0.1,-2.6825,5.044499999999999,-0.0185,311.533,0.1,-2.793,5.1274999999999995,-0.11449999999999999,311.495,0.1,-2.718,5.2669999999999995,-0.0495,311.403,0.1,-2.504,5.3095,0.0515,311.359,0.1,-2.37,5.22,0.21200000000000002,311.392,0.1,-2.4905,4.9375,0.20450000000000002,311.536,0.1,-2.722,4.74,-0.0045,311.642,0.1,-2.849,4.837,-0.11249999999999999,311.628,0.1,-2.8975,4.9335,-0.0505,311.58,0.1,-2.917,4.858499999999999,0.08549999999999999,311.557,0.1,-2.841,4.765000000000001,0.115,311.543,0.1,-2.7045,4.7485,0.052,311.539,0.1,-2.6559999999999997,4.7485,-0.0175,311.538,0.1,
-2.4475,5.213,-0.0575,311.336,0.1,-2.3585,5.323,0.014499999999999999,311.31,0.1,-2.3785,5.247999999999999,0.0605,311.392,0.1,-2.559,5.09,-0.037,311.46,0.1,-2.7155,5.117,-0.046,311.438,0.1,-2.7119999999999997,5.2125,-0.039,311.401,0.1,-2.5495,5.298,-0.018000000000000002,311.366,0.1,-2.3449999999999998,5.3255,0.08299999999999999,311.337,0.1,-2.334,5.096500000000001,0.168,311.428,0.1,-2.5725,4.744,0.03,311.566,0.1,-2.8,4.7555,-0.16099999999999998,311.552,0.1,-2.856,4.9245,0.002,311.443,0.1,-2.8185000000000002,4.861000000000001,0.2745,311.456,0.1,-2.7355,4.7305,0.269,311.524,0.1,-2.6345,4.7235,-0.0135,311.56,0.1,-2.591,4.8075,-0.098,311.524,0.1,
-2.4135,5.205500000000001,-0.043,311.368,0.1,-2.3395,5.2995,-0.069,311.349,0.1,-2.3499999999999996,5.269,-0.054,311.373,0.1,-2.4795,5.0855,-0.0095,311.42,0.1,-2.6109999999999998,5.0585,0.0385,311.433,0.1,-2.673,5.073,-0.008,311.451,0.1,-2.63,5.1315,-0.043,311.435,0.1,-2.4749999999999996,5.241,-0.0555,311.373,0.1,-2.3715,5.1935,0.031,311.357,0.1,-2.511,4.918,0.057499999999999996,311.443,0.1,-2.7415000000000003,4.782,-0.078,311.457,0.1,-2.77,4.967,0.11,311.343,0.1,-2.6485000000000003,4.9865,0.348,311.393,0.1,-2.585,4.832000000000001,0.297,311.521,0.1,-2.6005000000000003,4.757,-0.093,311.586,0.1,-2.5845000000000002,4.9145,-0.1725,311.508,0.1,
-2.393,5.288500000000001,-0.0965,311.41,0.1,-2.3625,5.349,-0.1335,311.371,0.1,-2.3845,5.292999999999999,-0.052500000000000005,311.337,0.1,-2.4375,5.1075,0.103,311.374,0.1,-2.5185,5.015499999999999,0.08499999999999999,311.431,0.1,-2.6195,4.939,0.0245,311.486,0.1,-2.6665,4.922499999999999,-0.018,311.514,0.1,-2.6035,5.052,-0.1055,311.472,0.1,-2.5140000000000002,5.175000000000001,-0.127,311.391,0.1,-2.5629999999999997,5.112500000000001,-0.001,311.369,0.1,-2.687,4.913500000000001,0.045,311.41,0.1,-2.649,5.0355,0.1475,311.354,0.1,-2.492,5.11,0.195,311.385,0.1,-2.46,4.974500000000001,0.175,311.473,0.1,-2.5665,4.822,-0.0345,311.525,0.1,-2.5705,4.9864999999999995,-0.1105,311.439,0.1,
-2.4265,5.3665,-0.1375,311.396,0.1,-2.4245,5.4155,-0.1005,311.32,0.1,-2.418,5.3575,0.10500000000000001,311.274,0.1,-2.408,5.202,0.193,311.345,0.1,-2.4539999999999997,5.056,0.0895,311.408,0.1,-2.5404999999999998,4.898,0.0525,311.459,0.1,-2.61,4.796,0.039,311.521,0.1,-2.639,4.871499999999999,-0.032,311.537,0.1,-2.644,5.072,-0.189,311.467,0.1,-2.651,5.2045,-0.07,311.368,0.1,-2.636,5.0885,0.1295,311.393,0.1,-2.561,5.0815,0.0765,311.422,0.1,-2.4610000000000003,5.119,-0.0095,311.41,0.1,-2.434,5.0465,0.04,311.4,0.1,-2.4985,4.9079999999999995,0.1575,311.421,0.1,-2.487,4.987,0.0555,311.378,0.1,
-2.508,5.327999999999999,-0.1115,311.36,0.1,-2.526,5.365,0.014499999999999999,311.278,0.1,-2.498,5.3685,0.2315,311.279,0.1,-2.473,5.2925,0.154,311.388,0.1,-2.4825,5.1705000000000005,0.037500000000000006,311.425,0.1,-2.482,4.965,0.038,311.455,0.1,-2.4939999999999998,4.809,0.062,311.497,0.1,-2.594,4.795,0.0695,311.536,0.1,-2.7329999999999997,4.9145,-0.07500000000000001,311.504,0.1,-2.73,5.157500000000001,-0.040999999999999995,311.399,0.1,-2.6145,5.229,0.12,311.391,0.1,-2.568,5.1305,-0.0435,311.464,0.1,-2.558,5.0905000000000005,-0.072,311.429,0.1,-2.482,5.079,-0.0375,311.371,0.1,-2.409,5.0195,0.23199999999999998,311.37,0.1,-2.3914999999999997,4.939,0.11599999999999999,311.419,0.1,
-2.5905,5.169,-0.017,311.355,0.1,-2.58,5.1899999999999995,0.1325,311.328,0.1,-2.5735,5.237,0.208,311.382,0.1,-2.602,5.266,0.044,311.47,0.1,-2.6094999999999997,5.243,-0.0245,311.474,0.1,-2.5285,5.0595,0.026500000000000003,311.506,0.1,-2.4299999999999997,4.911,0.0014999999999999996,311.529,0.1,-2.487,4.888,0.033,311.521,0.1,-2.6950000000000003,4.824,0.086,311.533,0.1,-2.7885,4.9595,0.0455,311.505,0.1,-2.7279999999999998,5.146,-0.013500000000000002,311.476,0.1,-2.7045,5.1594999999999995,-0.106,311.48,0.1,-2.7015000000000002,5.121499999999999,-0.06,311.45,0.1,-2.5825,5.1195,-0.0885,311.402,0.1,-2.4124999999999996,5.1015,0.1405,311.372,0.1,-2.3739999999999997,4.9215,0.106,311.478,0.1,
-2.6334999999999997,4.984999999999999,0.0655,311.421,0.1,-2.5404999999999998,5.05,0.1315,311.435,0.1,-2.527,5.080500000000001,0.076,311.493,0.1,-2.628,5.1505,-0.0465,311.511,0.1,-2.683,5.199,-0.016,311.49,0.1,-2.6005000000000003,5.1205,0.0445,311.536,0.1,-2.457,5.0215,-0.10800000000000001,311.586,0.1,-2.38,5.0815,-0.14150000000000001,311.502,0.1,-2.474,4.9525,0.1385,311.49,0.1,-2.691,4.7705,0.14100000000000001,311.597,0.1,-2.8545,4.8115,-0.137,311.631,0.1,-2.8985,5.045999999999999,-0.057,311.516,0.1,-2.8775,5.0969999999999995,-0.08449999999999999,311.5,0.1,-2.7510000000000003,5.117,-0.0445,311.439,0.1,-2.532,5.1105,0.0955,311.394,0.1,-2.4085,4.9785,0.0985,311.479,0.1,
-2.615,4.836,0.0305,311.549,0.1,-2.515,5.013999999999999,-0.011000000000000001,311.526,0.1,-2.4465000000000003,5.059,-0.0625,311.517,0.1,-2.523,5.0885,-0.053,311.483,0.1,-2.5890000000000004,5.0835,0.0365,311.486,0.1,-2.5465,5.112500000000001,-0.0115,311.522,0.1,-2.4699999999999998,5.1015,-0.1855,311.56,0.1,-2.3449999999999998,5.2165,-0.2495,311.45,0.1,-2.2375,5.234999999999999,0.091,311.353,0.1,-2.3914999999999997,4.8505,0.246,311.527,0.1,-2.7190000000000003,4.574999999999999,-0.1615,311.703,0.1,-2.9485,4.823499999999999,-0.013500000000000002,311.594,0.1,-3.0275,4.901,-0.0315,311.56,0.1,-2.9045,4.9965,0.1145,311.472,0.1,-2.6465,5.059,0.08249999999999999,311.472,0.1,-2.4535,5.0184999999999995,0.0029999999999999996,311.502,0.1,
-2.5625,4.7225,-0.040499999999999994,311.646,0.1,-2.565,4.9725,-0.123,311.562,0.1,-2.4444999999999997,5.1265,-0.14700000000000002,311.469,0.1,-2.386,5.143,-0.005,311.41,0.1,-2.4085,4.9825,0.1225,311.478,0.1,-2.433,4.9665,-0.0865,311.511,0.1,-2.4370000000000003,5.11,-0.122,311.458,0.1,-2.3609999999999998,5.2275,-0.1505,311.384,0.1,-2.1624999999999996,5.4239999999999995,0.013000000000000001,311.257,0.1,-2.129,5.145,0.271,311.383,0.1,-2.4219999999999997,4.6690000000000005,-0.1055,311.614,0.1,-2.7865,4.704,0.0075,311.62,0.1,-2.9895,4.6815,0.16499999999999998,311.625,0.1,-2.939,4.777,0.1725,311.6,0.1,-2.7405,4.964,-0.03,311.613,0.1,-2.537,4.9975000000000005,-0.099,311.57,0.1,
-2.4725,4.7065,-0.006500000000000001,311.65,0.1,-2.6115000000000004,4.839499999999999,-0.1175,311.574,0.1,-2.5055,5.088,-0.1955,311.439,0.1,-2.3225,5.2085,0.0045,311.328,0.1,-2.293,4.97,0.246,311.431,0.1,-2.394,4.746,-0.041,311.546,0.1,-2.423,5.005000000000001,0.0035000000000000005,311.424,0.1,-2.387,5.140499999999999,-0.0265,311.42,0.1,-2.2584999999999997,5.3675,-0.078,311.327,0.1,-2.1315,5.3105,0.156,311.313,0.1,-2.2535,4.905,-0.0345,311.465,0.1,-2.521,4.804,0.0335,311.545,0.1,-2.7315,4.644500000000001,0.2935,311.674,0.1,-2.8435,4.584,0.05450000000000001,311.733,0.1,-2.821,4.843500000000001,-0.163,311.698,0.1,-2.6505,5.006,-0.0685,311.59,0.1,
-2.375,4.738,0.0985,311.547,0.1,-2.6094999999999997,4.749,-0.073,311.579,0.1,-2.5925,5.016,-0.189,311.468,0.1,-2.3455,5.221,-0.0165,311.292,0.1,-2.217,4.994,0.28500000000000003,311.355,0.1,-2.3449999999999998,4.642,0.0745,311.578,0.1,-2.4425,4.921,-0.010499999999999999,311.524,0.1,-2.4665,5.076,-0.0535,311.522,0.1,-2.434,5.273,-0.111,311.448,0.1,-2.3015,5.314,0.08449999999999999,311.353,0.1,-2.233,5.014,0.0135,311.388,0.1,-2.2735000000000003,4.909,-0.0045000000000000005,311.425,0.1,-2.4195,4.687,0.2225,311.593,0.1,-2.6879999999999997,4.514,0.0,311.688,0.1,-2.8295000000000003,4.78,-0.139,311.64,0.1,-2.718,5.032,-0.001,311.531,0.1,
-2.7395,4.6655,0.1015,311.77,0.1,-2.7945,4.5175,0.1575,311.81,0.1,-2.936,4.369,0.088,311.847,0.1,-3.05,4.3565000000000005,0.034999999999999996,311.848,0.1,-3.057,4.379,0.0035,311.845,0.1,-2.9699999999999998,4.4735,0.018000000000000002,311.824,0.1,-2.9245,4.435,0.051000000000000004,311.842,0.1,-2.974,4.359500000000001,-0.004,311.85,0.1,-3.026,4.412,-0.057,311.817,0.1,-3.0275,4.471,-0.015,311.782,0.1,-2.9985,4.3675,0.1,311.789,0.1,-2.9915,4.148,0.1285,311.844,0.1,-2.988,4.04,0.0795,311.887,0.1,-2.9065000000000003,4.1594999999999995,0.047,311.866,0.1,-2.8155,4.228,0.14150000000000001,311.839,0.1,-2.8425,4.0675,0.1965,311.872,0.1,
-2.769,4.6685,0.0275,311.748,0.1,-2.7855,4.563000000000001,0.212,311.768,0.1,-2.9195,4.3355,0.1365,311.853,0.1,-3.0380000000000003,4.345,0.07200000000000001,311.835,0.1,-3.0469999999999997,4.4435,0.032,311.819,0.1,-2.9865,4.5565,0.0165,311.792,0.1,-2.9685,4.523,0.0615,311.794,0.1,-3.0145,4.413,0.03,311.811,0.1,-3.0355,4.4695,-0.0015,311.779,0.1,-3.0235000000000003,4.541,0.03,311.754,0.1,-3.015,4.438000000000001,0.085,311.777,0.1,-2.992,4.296,0.1045,311.825,0.1,-2.9595000000000002,4.178000000000001,0.10250000000000001,311.873,0.1,-2.9205,4.192,0.03,311.88,0.1,-2.8680000000000003,4.266500000000001,0.079,311.849,0.1,-2.8525,4.201,0.14400000000000002,311.853,0.1,
-2.7655,4.729,-0.043,311.699,0.1,-2.7359999999999998,4.712,0.193,311.69,0.1,-2.8529999999999998,4.409000000000001,0.177,311.824,0.1,-2.982,4.358499999999999,0.061,311.837,0.1,-2.996,4.51,-0.0155,311.784,0.1,-2.9295,4.6425,0.0115,311.715,0.1,-2.896,4.609,0.101,311.702,0.1,-2.949,4.4625,0.122,311.763,0.1,-2.9955,4.46,0.07150000000000001,311.773,0.1,-2.988,4.5395,0.073,311.75,0.1,-2.9894999999999996,4.468500000000001,0.064,311.789,0.1,-3.0,4.3895,0.0555,311.831,0.1,-2.9795,4.34,0.032,311.85,0.1,-2.9349999999999996,4.3004999999999995,-0.0195,311.845,0.1,-2.8765,4.303,0.038000000000000006,311.819,0.1,-2.8455,4.2645,0.07200000000000001,311.809,0.1,
-2.7264999999999997,4.775,-0.094,311.634,0.1,-2.665,4.8420000000000005,0.11349999999999999,311.606,0.1,-2.746,4.557,0.181,311.738,0.1,-2.8955,4.425,0.025,311.804,0.1,-2.9575,4.553,-0.0895,311.751,0.1,-2.8840000000000003,4.71,-0.025,311.647,0.1,-2.7575000000000003,4.73,0.0965,311.608,0.1,-2.738,4.599,0.20750000000000002,311.671,0.1,-2.8449999999999998,4.4405,0.1565,311.764,0.1,-2.9325,4.415,0.053500000000000006,311.791,0.1,-2.955,4.436,0.0015,311.805,0.1,-2.9814999999999996,4.422499999999999,-0.009000000000000001,311.814,0.1,-3.003,4.3740000000000006,-0.006500000000000001,311.803,0.1,-2.9625,4.3055,-0.008,311.782,0.1,-2.8659999999999997,4.2855,0.0445,311.756,0.1,-2.806,4.266,0.032,311.746,0.1,
-2.6734999999999998,4.741,-0.099,311.575,0.1,-2.593,4.8555,0.048,311.538,0.1,-2.6215,4.686,0.1425,311.634,0.1,-2.7785,4.5205,-0.0025,311.717,0.1,-2.9050000000000002,4.571,-0.101,311.698,0.1,-2.8735,4.704,-0.05,311.62,0.1,-2.6995,4.7989999999999995,0.036,311.568,0.1,-2.558,4.7735,0.186,311.575,0.1,-2.623,4.5265,0.2175,311.689,0.1,-2.8099999999999996,4.2975,0.0345,311.797,0.1,-2.9275,4.3454999999999995,-0.0945,311.796,0.1,-2.9720000000000004,4.4195,-0.055,311.745,0.1,-2.991,4.33,0.088,311.728,0.1,-2.9314999999999998,4.225,0.119,311.726,0.1,-2.807,4.234,0.052,311.718,0.1,-2.7424999999999997,4.268,-0.019,311.711,0.1,
-2.634,4.6775,-0.058,311.554,0.1,-2.5415,4.806,0.001,311.522,0.1,-2.5255,4.7605,0.056,311.574,0.1,-2.662,4.590999999999999,-0.0185,311.638,0.1,-2.8045,4.5695,-0.0325,311.64,0.1,-2.8315,4.621,-0.030000000000000002,311.623,0.1,-2.7270000000000003,4.721500000000001,-0.018000000000000002,311.591,0.1,-2.551,4.8125,0.066,311.543,0.1,-2.5060000000000002,4.6625,0.164,311.595,0.1,-2.6980000000000004,4.328,0.0545,311.725,0.1,-2.9105,4.285,-0.1345,311.729,0.1,-2.9539999999999997,4.4325,-0.0055,311.63,0.1,-2.8965,4.3675,0.2635,311.637,0.1,-2.8165,4.2195,0.2625,311.708,0.1,-2.739,4.216,-0.0075,311.744,0.1,-2.701,4.3260000000000005,-0.1035,311.709,0.1,
-2.609,4.6935,-0.053000000000000005,311.587,0.1,-2.5385,4.795999999999999,-0.0795,311.561,0.1,-2.524,4.794,-0.0565,311.565,0.1,-2.6075,4.6225000000000005,0.0015,311.6,0.1,-2.703,4.5545,0.0465,311.622,0.1,-2.7655,4.5135000000000005,0.004,311.654,0.1,-2.7640000000000002,4.545,-0.034,311.657,0.1,-2.6535,4.6805,-0.054,311.599,0.1,-2.559,4.702999999999999,0.0215,311.558,0.1,-2.676,4.485,0.056499999999999995,311.623,0.1,-2.882,4.337,-0.0555,311.644,0.1,-2.8875,4.503,0.101,311.547,0.1,-2.734,4.525,0.325,311.577,0.1,-2.6550000000000002,4.3575,0.277,311.695,0.1,-2.6879999999999997,4.2615,-0.07949999999999999,311.762,0.1,-2.694,4.4175,-0.1755,311.695,0.1,
-2.598,4.7985,-0.11399999999999999,311.622,0.1,-2.5815,4.853,-0.1395,311.582,0.1,-2.588,4.818,-0.056,311.544,0.1,-2.599,4.660500000000001,0.0985,311.567,0.1,-2.6334999999999997,4.555,0.086,311.614,0.1,-2.7030000000000003,4.4415,0.033,311.67,0.1,-2.7555,4.3895,-0.0105,311.711,0.1,-2.732,4.5,-0.097,311.693,0.1,-2.6845,4.6315,-0.131,311.623,0.1,-2.739,4.6175,-0.0175,311.585,0.1,-2.8365,4.466,0.0545,311.605,0.1,-2.7775,4.585,0.14,311.554,0.1,-2.6020000000000003,4.6605,0.1785,311.568,0.1,-2.5465,4.525,0.15200000000000002,311.643,0.1,-2.6470000000000002,4.349,-0.0235,311.696,0.1,-2.6715,4.4795,-0.1115,311.63,0.1,
-2.6315,4.8825,-0.152,311.601,0.1,-2.6515,4.9145,-0.0975,311.536,0.1,-2.641,4.861,0.097,311.497,0.1,-2.596,4.740500000000001,0.1855,311.546,0.1,-2.5935,4.612,0.087,311.598,0.1,-2.633,4.452,0.051000000000000004,311.646,0.1,-2.6734999999999998,4.3395,0.036500000000000005,311.7,0.1,-2.7165,4.378,-0.03,311.726,0.1,-2.7744999999999997,4.515499999999999,-0.183,311.698,0.1,-2.817,4.636,-0.0875,311.618,0.1,-2.794,4.5885,0.1195,311.605,0.1,-2.709,4.6105,0.069,311.621,0.1,-2.607,4.6615,-0.0115,311.599,0.1,-2.5585,4.605,0.0225,311.581,0.1,-2.596,4.4704999999999995,0.1485,311.593,0.1,-2.5885,4.5024999999999995,0.053,311.569,0.1,
-2.7024999999999997,4.8335,-0.111,311.559,0.1,-2.726,4.8665,0.024,311.491,0.1,-2.6915,4.8575,0.2265,311.499,0.1,-2.6464999999999996,4.797000000000001,0.1585,311.59,0.1,-2.629,4.697,0.041999999999999996,311.624,0.1,-2.599,4.5215,0.033,311.653,0.1,-2.5705,4.4005,0.0455,311.676,0.1,-2.6405,4.382,0.0575,311.697,0.1,-2.8005,4.417,-0.061,311.697,0.1,-2.8545,4.568,-0.0465,311.648,0.1,-2.7744999999999997,4.6594999999999995,0.101,311.624,0.1,-2.739,4.609500000000001,-0.0485,311.68,0.1,-2.7344999999999997,4.606,-0.074,311.638,0.1,-2.6445,4.625500000000001,-0.048,311.567,0.1,-2.5395000000000003,4.602,0.20350000000000001,311.543,0.1,-2.5035,4.5045,0.1175,311.595,0.1,
-2.767,4.657,-0.0075,311.559,0.1,-2.7375,4.699,0.135,311.532,0.1,-2.7039999999999997,4.739,0.2075,311.583,0.1,-2.7205000000000004,4.7455,0.057499999999999996,311.67,0.1,-2.731,4.711,-0.0115,311.683,0.1,-2.6585,4.5535,0.0215,311.708,0.1,-2.5465,4.4755,-0.021500000000000002,311.708,0.1,-2.551,4.516,0.0095,311.671,0.1,-2.7195,4.4265,0.092,311.687,0.1,-2.8395,4.4325,0.061,311.71,0.1,-2.8385,4.558999999999999,-0.006,311.701,0.1,-2.8615000000000004,4.590999999999999,-0.10300000000000001,311.711,0.1,-2.8815,4.5825,-0.0605,311.679,0.1,-2.763,4.625500000000001,-0.0925,311.615,0.1,-2.573,4.663,0.1085,311.561,0.1,-2.501,4.5175,0.10300000000000001,311.642,0.1,
-2.783,4.4715,0.07150000000000001,311.638,0.1,-2.6765,4.5595,0.122,311.638,0.1,-2.627,4.606999999999999,0.07200000000000001,311.675,0.1,-2.6995,4.645,-0.0345,311.699,0.1,-2.7584999999999997,4.638,-0.0075,311.704,0.1,-2.707,4.5355,0.0315,311.749,0.1,-2.5935,4.495,-0.1215,311.768,0.1,-2.5015,4.657,-0.1585,311.661,0.1,-2.5385,4.5965,0.1205,311.638,0.1,-2.717,4.3375,0.1575,311.765,0.1,-2.896,4.2805,-0.0975,311.82,0.1,-2.99,4.465999999999999,-0.049,311.744,0.1,-3.0164999999999997,4.4985,-0.0625,311.734,0.1,-2.9195,4.5555,-0.041999999999999996,311.673,0.1,-2.7039999999999997,4.619999999999999,0.068,311.617,0.1,-2.5484999999999998,4.563,0.08199999999999999,311.659,0.1,
-2.74,4.3545,0.0445,311.757,0.1,-2.6505,4.526,-0.022,311.728,0.1,-2.5625,4.6,-0.07500000000000001,311.694,0.1,-2.5919999999999996,4.631,-0.056,311.657,0.1,-2.6395,4.5615000000000006,0.035500000000000004,311.685,0.1,-2.6265,4.51,-0.02,311.74,0.1,-2.5975,4.5095,-0.1885,311.761,0.1,-2.509,4.6955,-0.2465,311.64,0.1,-2.3899999999999997,4.8149999999999995,0.0645,311.53,0.1,-2.4785,4.4575,0.241,311.687,0.1,-2.752,4.1235,-0.116,311.863,0.1,-2.982,4.2765,0.0024999999999999996,311.802,0.1,-3.098,4.293,0.007500000000000001,311.785,0.1,-3.0294999999999996,4.3795,0.1195,311.72,0.1,-2.8040000000000003,4.5045,0.068,311.71,0.1,-2.5965,4.5675,-0.0135,311.701,0.1,
-2.669,4.2989999999999995,-0.0034999999999999996,311.816,0.1,-2.6985,4.496,-0.124,311.754,0.1,-2.5869999999999997,4.666,-0.162,311.651,0.1,-2.4905,4.721500000000001,-0.028,311.581,0.1,-2.4779999999999998,4.535,0.11649999999999999,311.651,0.1,-2.5105,4.4325,-0.0645,311.704,0.1,-2.553,4.5335,-0.1295,311.673,0.1,-2.528,4.662,-0.14,311.604,0.1,-2.3645,4.9005,0.002,311.476,0.1,-2.293,4.7059999999999995,0.2505,311.556,0.1,-2.4974999999999996,4.259,-0.0715,311.763,0.1,-2.7995,4.2275,0.03,311.796,0.1,-2.995,4.136,0.1915,311.826,0.1,-2.992,4.1625,0.185,311.827,0.1,-2.851,4.3545,-0.0245,311.837,0.1,-2.6734999999999998,4.484999999999999,-0.111,311.773,0.1,
-2.5780000000000003,4.3309999999999995,0.035,311.787,0.1,-2.7325,4.3865,-0.0995,311.749,0.1,-2.6635,4.618,-0.1945,311.626,0.1,-2.4779999999999998,4.7805,-0.024,311.517,0.1,-2.404,4.573,0.23199999999999998,311.595,0.1,-2.4735,4.3155,0.004,311.707,0.1,-2.5244999999999997,4.4879999999999995,-0.0115,311.638,0.1,-2.5305,4.591,-0.0165,311.636,0.1,-2.4459999999999997,4.787,-0.066,311.559,0.1,-2.3265000000000002,4.792,0.14350000000000002,311.521,0.1,-2.382,4.473,-0.0195,311.631,0.1,-2.5505,4.391,0.043,311.699,0.1,-2.6995,4.196,0.3015,311.828,0.1,-2.825,4.035,0.0825,311.902,0.1,-2.8674999999999997,4.225,-0.14650000000000002,311.902,0.1,-2.7645,4.417,-0.08549999999999999,311.803,0.1,
-2.5084999999999997,4.378,0.1175,311.693,0.1,-2.718,4.312,-0.042,311.742,0.1,-2.7395,4.541,-0.16599999999999998,311.662,0.1,-2.5335,4.778,-0.034,311.513,0.1,-2.3754999999999997,4.61,0.2625,311.539,0.1,-2.4370000000000003,4.262,0.108,311.73,0.1,-2.524,4.436,-0.0065,311.713,0.1,-2.574,4.543,-0.0335,311.714,0.1,-2.5725,4.683,-0.087,311.663,0.1,-2.4705,4.759,0.0815,311.581,0.1,-2.3905,4.555,0.013000000000000001,311.591,0.1,-2.3605,4.516,-0.011,311.597,0.1,-2.4215,4.288,0.2185,311.724,0.1,-2.6565000000000003,4.011,0.0285,311.824,0.1,-2.8365,4.174,-0.1235,311.83,0.1,-2.7960000000000003,4.407,-0.008,311.746,0.1,
-2.8385,4.186999999999999,0.1025,311.917,0.1,-2.868,4.0665,0.176,311.947,0.1,-2.9805,3.904,0.1195,311.986,0.1,-3.0854999999999997,3.849,0.051,311.995,0.1,-3.104,3.8325,0.003,311.998,0.1,-3.0300000000000002,3.9015,0.004,311.978,0.1,-2.9875,3.867,0.0375,311.987,0.1,-3.0435,3.7695,-0.006500000000000001,312.004,0.1,-3.1065,3.7960000000000003,-0.0595,311.99,0.1,-3.1,3.87,-0.0165,311.959,0.1,-3.0469999999999997,3.7865,0.0955,311.96,0.1,-3.0155,3.597,0.1255,312.003,0.1,-3.002,3.519,0.086,312.029,0.1,-2.9405,3.63,0.0485,312.013,0.1,-2.8689999999999998,3.707,0.1285,311.987,0.1,-2.8805,3.5825,0.1875,312.01,0.1,
-2.866,4.173,0.026000000000000002,311.911,0.1,-2.8755,4.093999999999999,0.2105,311.92,0.1,-2.9865000000000004,3.8810000000000002,0.16799999999999998,311.991,0.1,-3.09,3.8754999999999997,0.08549999999999999,311.979,0.1,-3.101,3.95,0.0275,311.965,0.1,-3.0425,4.0355,0.0035,311.94,0.1,-3.0105,4.0040000000000004,0.052000000000000005,311.932,0.1,-3.051,3.88,0.036000000000000004,311.95,0.1,-3.093,3.891,-0.0025,311.938,0.1,-3.091,3.95,0.0225,311.922,0.1,-3.065,3.856,0.0845,311.945,0.1,-3.024,3.713,0.1015,311.991,0.1,-2.9785000000000004,3.6285,0.095,312.021,0.1,-2.9345,3.666,0.028,312.014,0.1,-2.8865,3.742,0.0695,311.983,0.1,-2.8705,3.6895,0.1325,311.987,0.1,
-2.864,4.197,-0.047,311.873,0.1,-2.832,4.1925,0.1745,311.862,0.1,-2.9255,3.9175,0.1955,311.971,0.1,-3.0445,3.8655,0.07300000000000001,311.985,0.1,-3.0700000000000003,4.018000000000001,-0.017,311.937,0.1,-3.0145,4.144,-0.006,311.877,0.1,-2.965,4.1295,0.08499999999999999,311.857,0.1,-2.9885,3.989,0.1275,311.9,0.1,-3.0315000000000003,3.943,0.091,311.913,0.1,-3.032,3.978,0.0775,311.9,0.1,-3.0235,3.9000000000000004,0.066,311.939,0.1,-3.0235,3.7975,0.0525,311.986,0.1,-3.0035,3.74,0.026000000000000002,312.006,0.1,-2.955,3.729,-0.0205,311.99,0.1,-2.8845,3.758,0.03,311.956,0.1,-2.8435,3.7285,0.0665,311.945,0.1,
-2.839,4.197,-0.0945,311.814,0.1,-2.769,4.2755,0.092,311.787,0.1,-2.8129999999999997,4.0215,0.1845,311.899,0.1,-2.9444999999999997,3.8725,0.037,311.969,0.1,-3.028,3.9930000000000003,-0.0805,311.923,0.1,-2.9930000000000003,4.1605,-0.037,311.832,0.1,-2.8845,4.2265,0.07350000000000001,311.789,0.1,-2.8385,4.136,0.192,311.827,0.1,-2.901,3.9755000000000003,0.1815,311.899,0.1,-2.964,3.9005,0.0865,311.927,0.1,-2.975,3.8875,0.0085,311.942,0.1,-2.992,3.8485,-0.011,311.957,0.1,-3.0199999999999996,3.7685,-0.003,311.962,0.1,-2.9939999999999998,3.7045000000000003,-0.0035,311.947,0.1,-2.8965,3.721,0.04,311.916,0.1,-2.815,3.7270000000000003,0.032,311.898,0.1,
-2.8075,4.133,-0.095,311.773,0.1,-2.7175000000000002,4.266500000000001,0.032,311.73,0.1,-2.702,4.1295,0.1395,311.808,0.1,-2.8179999999999996,3.9345,0.0125,311.897,0.1,-2.9495,3.9395,-0.08499999999999999,311.897,0.1,-2.9695,4.061999999999999,-0.048,311.832,0.1,-2.8555,4.203,0.022,311.774,0.1,-2.7270000000000003,4.2495,0.15799999999999997,311.757,0.1,-2.7430000000000003,4.0605,0.2225,311.84,0.1,-2.8705,3.822,0.0755,311.937,0.1,-2.956,3.8215000000000003,-0.07600000000000001,311.939,0.1,-2.9815,3.8745000000000003,-0.0565,311.894,0.1,-2.998,3.7675,0.09,311.888,0.1,-2.9669999999999996,3.6420000000000003,0.123,311.904,0.1,-2.8689999999999998,3.67,0.052,311.898,0.1,-2.7885,3.7435,-0.0195,311.883,0.1,
-2.787,4.0794999999999995,-0.0575,311.772,0.1,-2.691,4.2235,-0.0105,311.729,0.1,-2.6395,4.2059999999999995,0.052000000000000005,311.758,0.1,-2.7205,4.0225,-0.0015,311.82,0.1,-2.839,3.9345,-0.0195,311.845,0.1,-2.8985000000000003,3.9385,-0.0195,311.847,0.1,-2.859,4.0435,-0.014,311.817,0.1,-2.73,4.1975,0.052,311.753,0.1,-2.6725000000000003,4.1385000000000005,0.1525,311.774,0.1,-2.8049999999999997,3.856,0.07350000000000001,311.884,0.1,-2.966,3.785,-0.1055,311.893,0.1,-2.98,3.9125,-0.0125,311.803,0.1,-2.904,3.851,0.2485,311.804,0.1,-2.8385,3.6765,0.254,311.883,0.1,-2.8005,3.6624999999999996,-0.0005,311.924,0.1,-2.775,3.801,-0.1065,311.891,0.1,
-2.776,4.124499999999999,-0.063,311.804,0.1,-2.707,4.2325,-0.088,311.769,0.1,-2.664,4.2545,-0.057999999999999996,311.755,0.1,-2.6965000000000003,4.098,0.010499999999999999,311.778,0.1,-2.753,3.9775,0.052000000000000005,311.808,0.1,-2.808,3.8810000000000002,0.0155,311.854,0.1,-2.838,3.8754999999999997,-0.0215,311.877,0.1,-2.784,4.0135000000000005,-0.0475,311.831,0.1,-2.7195,4.101,0.0125,311.774,0.1,-2.8064999999999998,3.969,0.0495,311.811,0.1,-2.9625,3.8465,-0.0325,311.828,0.1,-2.9385000000000003,3.991,0.0905,311.741,0.1,-2.76,4.025,0.2965,311.752,0.1,-2.667,3.8445,0.2545,311.862,0.1,-2.7205,3.7184999999999997,-0.067,311.933,0.1,-2.76,3.865,-0.1765,311.879,0.1,
-2.7685,4.243499999999999,-0.1305,311.825,0.1,-2.7634999999999996,4.2895,-0.1445,311.782,0.1,-2.7485,4.281000000000001,-0.058499999999999996,311.738,0.1,-2.7155,4.1655,0.092,311.746,0.1,-2.7035,4.046,0.0835,311.788,0.1,-2.7315,3.9005,0.039,311.841,0.1,-2.774,3.81,-0.0035,311.893,0.1,-2.7965,3.8615,-0.087,311.911,0.1,-2.8055,3.979,-0.131,311.862,0.1,-2.8615,4.028499999999999,-0.0325,311.804,0.1,-2.9290000000000003,3.9530000000000003,0.0595,311.803,0.1,-2.8605,4.064,0.13,311.757,0.1,-2.6725000000000003,4.1535,0.1575,311.752,0.1,-2.58,4.031499999999999,0.1285,311.81,0.1,-2.6605,3.834,-0.0165,311.863,0.1,-2.712,3.9095,-0.1105,311.816,0.1,
-2.779,4.3294999999999995,-0.1635,311.789,0.1,-2.8194999999999997,4.338,-0.095,311.734,0.1,-2.808,4.297499999999999,0.0895,311.699,0.1,-2.7355,4.226,0.175,311.733,0.1,-2.6879999999999997,4.1265,0.081,311.779,0.1,-2.674,3.9770000000000003,0.047,311.818,0.1,-2.67,3.8625,0.032,311.857,0.1,-2.721,3.8405,-0.03,311.899,0.1,-2.835,3.885,-0.175,311.919,0.1,-2.915,3.988,-0.1005,311.859,0.1,-2.8975,4.0135000000000005,0.10500000000000001,311.823,0.1,-2.8205,4.072,0.0605,311.825,0.1,-2.7195,4.148,-0.0165,311.788,0.1,-2.6365,4.1255,0.006,311.752,0.1,-2.6295,4.0005,0.1335,311.758,0.1,-2.621,3.965,0.0515,311.752,0.1,
-2.8155,4.282500000000001,-0.1085,311.733,0.1,-2.838,4.302,0.0325,311.681,0.1,-2.8055000000000003,4.276,0.22,311.699,0.1,-2.76,4.225,0.1595,311.777,0.1,-2.7335000000000003,4.1555,0.044,311.811,0.1,-2.6785,4.036,0.025500000000000002,311.832,0.1,-2.599,3.9749999999999996,0.0265,311.833,0.1,-2.6174999999999997,3.961,0.043,311.836,0.1,-2.7805,3.896,-0.047,311.871,0.1,-2.895,3.926,-0.047,311.878,0.1,-2.874,4.01,0.0805,311.861,0.1,-2.8635,4.0245,-0.051500000000000004,311.89,0.1,-2.865,4.07,-0.076,311.836,0.1,-2.7640000000000002,4.1335,-0.058499999999999996,311.751,0.1,-2.6224999999999996,4.15,0.17049999999999998,311.707,0.1,-2.5519999999999996,4.0305,0.116,311.757,0.1,
-2.853,4.106,0.002,311.735,0.1,-2.8005,4.1635,0.137,311.709,0.1,-2.738,4.1845,0.20450000000000002,311.76,0.1,-2.753,4.1445,0.0685,311.846,0.1,-2.7945,4.080500000000001,0.0015,311.871,0.1,-2.753,3.9779999999999998,0.017,311.888,0.1,-2.6315,4.0115,-0.044,311.866,0.1,-2.5685000000000002,4.1395,-0.0155,311.805,0.1,-2.6645,4.0365,0.0955,311.818,0.1,-2.787,3.8890000000000002,0.0795,311.883,0.1,-2.8520000000000003,3.9085,0.0015,311.913,0.1,-2.942,3.939,-0.0945,311.929,0.1,-3.0015,3.973,-0.057999999999999996,311.894,0.1,-2.8985,4.0745000000000005,-0.095,311.821,0.1,-2.6935000000000002,4.1775,0.0755,311.742,0.1,-2.5735,4.0735,0.0965,311.788,0.1,
-2.8434999999999997,3.9405,0.0785,311.819,0.1,-2.7335000000000003,4.0365,0.112,311.813,0.1,-2.645,4.0965,0.066,311.833,0.1,-2.681,4.0825,-0.0235,311.864,0.1,-2.758,3.9855,0.002,311.896,0.1,-2.7664999999999997,3.864,0.020499999999999997,311.944,0.1,-2.7005,3.9219999999999997,-0.1325,311.935,0.1,-2.596,4.2035,-0.174,311.811,0.1,-2.5525,4.236000000000001,0.1,311.768,0.1,-2.6405000000000003,3.919,0.1725,311.892,0.1,-2.797,3.7435,-0.056499999999999995,311.97,0.1,-2.955,3.814,-0.035,311.944,0.1,-3.0709999999999997,3.8165,-0.036000000000000004,311.953,0.1,-3.0305,3.9185,-0.036500000000000005,311.899,0.1,-2.8225,4.075,0.042,311.826,0.1,-2.6325000000000003,4.102,0.0635,311.822,0.1,
-2.7809999999999997,3.888,0.0595,311.919,0.1,-2.716,4.009,-0.0325,311.904,0.1,-2.622,4.1095,-0.089,311.857,0.1,-2.601,4.1385000000000005,-0.06,311.818,0.1,-2.6254999999999997,3.9850000000000003,0.035,311.866,0.1,-2.651,3.8305,-0.028,311.945,0.1,-2.684,3.846,-0.1895,311.958,0.1,-2.642,4.105499999999999,-0.2395,311.827,0.1,-2.5095,4.3385,0.037,311.7,0.1,-2.4995000000000003,4.0625,0.22899999999999998,311.819,0.1,-2.6635,3.7065,-0.07050000000000001,311.976,0.1,-2.87,3.724,0.02,311.958,0.1,-3.05,3.636,0.0485,311.983,0.1,-3.0705,3.6955,0.127,311.951,0.1,-2.8935,3.8945,0.056,311.927,0.1,-2.6825,4.0715,-0.0305,311.889,0.1,
-2.7095000000000002,3.9130000000000003,0.033,311.947,0.1,-2.7640000000000002,4.007,-0.1215,311.919,0.1,-2.6855,4.1735,-0.1755,311.825,0.1,-2.5614999999999997,4.2725,-0.052500000000000005,311.744,0.1,-2.5004999999999997,4.0705,0.1095,311.807,0.1,-2.529,3.856,-0.045,311.888,0.1,-2.6105,3.873,-0.135,311.884,0.1,-2.642,3.9944999999999995,-0.1265,311.822,0.1,-2.524,4.2705,-0.0065,311.694,0.1,-2.4219999999999997,4.2059999999999995,0.22349999999999998,311.726,0.1,-2.5149999999999997,3.8520000000000003,-0.043000000000000003,311.884,0.1,-2.7104999999999997,3.7845,0.0465,311.919,0.1,-2.88,3.5945,0.2165,311.982,0.1,-2.9379999999999997,3.518,0.197,312.023,0.1,-2.8795,3.6865,-0.016,312.039,0.1,-2.7515,3.9175,-0.11699999999999999,311.965,0.1,
-2.643,3.9829999999999997,0.0735,311.905,0.1,-2.7895000000000003,3.949,-0.077,311.898,0.1,-2.768,4.134,-0.187,311.806,0.1,-2.598,4.3305,-0.052000000000000005,311.696,0.1,-2.474,4.1775,0.2155,311.743,0.1,-2.4905,3.8834999999999997,0.0445,311.852,0.1,-2.5475000000000003,3.921,-0.0165,311.822,0.1,-2.598,3.9485,-0.0055,311.836,0.1,-2.5709999999999997,4.098,-0.0495,311.783,0.1,-2.4805,4.1754999999999995,0.13,311.732,0.1,-2.4805,3.987,-0.010499999999999999,311.791,0.1,-2.5345,3.9755,0.047,311.822,0.1,-2.5949999999999998,3.7590000000000003,0.304,311.939,0.1,-2.7145,3.482,0.1075,312.048,0.1,-2.823,3.5445,-0.1235,312.08,0.1,-2.807,3.745,-0.0925,311.999,0.1,
-2.6105,4.031,0.1305,311.832,0.1,-2.763,3.904,-0.0095,311.884,0.1,-2.8120000000000003,4.069,-0.136,311.834,0.1,-2.6660000000000004,4.318,-0.0445,311.713,0.1,-2.496,4.23,0.2375,311.709,0.1,-2.4785,3.899,0.134,311.852,0.1,-2.5235000000000003,3.933,0.0065,311.851,0.1,-2.588,3.936,-0.013,311.87,0.1,-2.63,3.999,-0.0595,311.855,0.1,-2.579,4.102,0.0805,311.799,0.1,-2.5125,4.019,0.011,311.789,0.1,-2.4320000000000004,4.087,-0.0195,311.756,0.1,-2.403,3.886,0.21,311.836,0.1,-2.5655,3.507,0.054000000000000006,311.953,0.1,-2.747,3.505,-0.10250000000000001,311.994,0.1,-2.779,3.682,-0.012,311.95,0.1,
-2.9370000000000003,3.7085,0.103,312.063,0.1,-2.9415,3.6155,0.1925,312.084,0.1,-3.0255,3.439,0.14950000000000002,312.124,0.1,-3.1215,3.3419999999999996,0.0655,312.142,0.1,-3.1515,3.2855,0.002,312.152,0.1,-3.091,3.33,-0.01,312.133,0.1,-3.051,3.2984999999999998,0.0235,312.132,0.1,-3.1125,3.179,-0.0095,312.158,0.1,-3.1870000000000003,3.1795,-0.062,312.164,0.1,-3.173,3.2685,-0.0175,312.135,0.1,-3.0955,3.2065,0.09,312.132,0.1,-3.0389999999999997,3.0455,0.122,312.162,0.1,-3.0155,2.9985,0.0915,312.172,0.1,-2.974,3.101,0.0495,312.159,0.1,-2.922,3.1855,0.11549999999999999,312.135,0.1,-2.9185,3.0985,0.1785,312.148,0.1,
-2.963,3.6775,0.0245,312.074,0.1,-2.9655,3.6245,0.2085,312.072,0.1,-3.0534999999999997,3.427,0.1985,312.128,0.1,-3.142,3.4065,0.098,312.123,0.1,-3.1544999999999996,3.456,0.0225,312.112,0.1,-3.098,3.5140000000000002,-0.01,312.088,0.1,-3.0525,3.4845,0.041499999999999995,312.071,0.1,-3.0869999999999997,3.347,0.040999999999999995,312.088,0.1,-3.1494999999999997,3.3120000000000003,-0.003,312.096,0.1,-3.158,3.359,0.0165,312.09,0.1,-3.115,3.2745,0.0835,312.112,0.1,-3.0555000000000003,3.13,0.098,312.156,0.1,-2.9975,3.0795000000000003,0.0865,312.168,0.1,-2.949,3.1399999999999997,0.025500000000000002,312.148,0.1,-2.9050000000000002,3.2175000000000002,0.0605,312.117,0.1,-2.8885,3.1785,0.1215,312.122,0.1,
-2.9635,3.665,-0.0505,312.047,0.1,-2.9290000000000003,3.6734999999999998,0.156,312.033,0.1,-2.9989999999999997,3.4265,0.213,312.118,0.1,-3.1075,3.3735,0.08499999999999999,312.134,0.1,-3.1445,3.526,-0.0185,312.09,0.1,-3.1,3.6455,-0.0235,312.039,0.1,-3.0345,3.6500000000000004,0.069,312.013,0.1,-3.029,3.5155000000000003,0.1315,312.036,0.1,-3.0675,3.426,0.1095,312.052,0.1,-3.0759999999999996,3.417,0.08299999999999999,312.05,0.1,-3.058,3.3315,0.068,312.089,0.1,-3.0469999999999997,3.2055,0.0495,312.141,0.1,-3.0275,3.1405000000000003,0.020499999999999997,312.161,0.1,-2.9745,3.1574999999999998,-0.021,312.135,0.1,-2.8925,3.2135,0.0225,312.092,0.1,-2.842,3.193,0.061,312.082,0.1,
-2.952,3.6189999999999998,-0.094,311.995,0.1,-2.874,3.7095000000000002,0.07150000000000001,311.968,0.1,-2.88,3.4859999999999998,0.187,312.06,0.1,-2.9925,3.3205,0.049,312.134,0.1,-3.098,3.433,-0.07050000000000001,312.096,0.1,-3.1020000000000003,3.6109999999999998,-0.0475,312.017,0.1,-3.011,3.7235,0.051500000000000004,311.97,0.1,-2.9379999999999997,3.6734999999999998,0.176,311.982,0.1,-2.9565,3.5105,0.20500000000000002,312.035,0.1,-2.9955,3.386,0.1185,312.064,0.1,-2.9945000000000004,3.339,0.0165,312.08,0.1,-3.0025000000000004,3.2744999999999997,-0.012,312.099,0.1,-3.0375,3.1635,0.0015,312.12,0.1,-3.026,3.1035,0.002,312.113,0.1,-2.928,3.156,0.036000000000000004,312.076,0.1,-2.8245,3.1885,0.032,312.051,0.1,
-2.941,3.5255,-0.091,311.971,0.1,-2.8415,3.6775,0.017,311.922,0.1,-2.782,3.5730000000000004,0.1355,311.982,0.1,-2.8565,3.349,0.027000000000000003,312.078,0.1,-2.9935,3.3085,-0.069,312.095,0.1,-3.0655,3.4195,-0.045,312.044,0.1,-3.011,3.6075,0.01,311.979,0.1,-2.895,3.7255000000000003,0.131,311.939,0.1,-2.8625,3.5949999999999998,0.226,311.992,0.1,-2.931,3.3465,0.1155,312.077,0.1,-2.985,3.2975,-0.0575,312.081,0.1,-2.992,3.3289999999999997,-0.0575,312.042,0.1,-3.0060000000000002,3.2045000000000003,0.0915,312.048,0.1,-3.003,3.0595,0.127,312.082,0.1,-2.9314999999999998,3.1055,0.0525,312.079,0.1,-2.8355,3.2184999999999997,-0.0195,312.055,0.1,
-2.94,3.482,-0.0575,311.989,0.1,-2.841,3.641,-0.022,311.935,0.1,-2.754,3.652,0.0475,311.943,0.1,-2.7794999999999996,3.4545,0.014,312.002,0.1,-2.8745,3.3005,-0.006999999999999999,312.05,0.1,-2.9654999999999996,3.2560000000000002,-0.0085,312.072,0.1,-2.9905,3.3655,-0.009000000000000001,312.044,0.1,-2.909,3.5815,0.039,311.964,0.1,-2.8395,3.615,0.14100000000000001,311.953,0.1,-2.912,3.3845,0.0915,312.043,0.1,-3.021,3.285,-0.0775,312.056,0.1,-3.0054999999999996,3.392,-0.019,311.976,0.1,-2.9115,3.3335,0.23299999999999998,311.971,0.1,-2.8609999999999998,3.134,0.245,312.058,0.1,-2.862,3.109,0.006500000000000001,312.105,0.1,-2.8485,3.275,-0.109,312.074,0.1,
-2.9425,3.5555000000000003,-0.07300000000000001,312.021,0.1,-2.8755,3.669,-0.0965,311.976,0.1,-2.8045,3.7155,-0.0605,311.944,0.1,-2.785,3.5735,0.018000000000000002,311.955,0.1,-2.802,3.4015,0.056999999999999995,311.994,0.1,-2.85,3.2489999999999997,0.026000000000000002,312.054,0.1,-2.9125,3.206,-0.0095,312.097,0.1,-2.915,3.3465,-0.040499999999999994,312.063,0.1,-2.8805,3.4995000000000003,0.0045000000000000005,311.989,0.1,-2.9375,3.4535,0.042499999999999996,311.999,0.1,-3.043,3.3555,-0.011000000000000001,312.011,0.1,-2.99,3.479,0.08,311.936,0.1,-2.7865,3.5250000000000004,0.268,311.928,0.1,-2.6790000000000003,3.3315,0.23149999999999998,312.029,0.1,-2.753,3.176,-0.055,312.104,0.1,-2.826,3.3114999999999997,-0.177,312.062,0.1,
-2.9385000000000003,3.6879999999999997,-0.14650000000000002,312.029,0.1,-2.9455,3.7255000000000003,-0.1495,311.981,0.1,-2.9095,3.7445,-0.0615,311.931,0.1,-2.833,3.6705,0.08449999999999999,311.926,0.1,-2.7735,3.5380000000000003,0.08,311.961,0.1,-2.7595,3.3594999999999997,0.0445,312.011,0.1,-2.792,3.23,0.0025,312.075,0.1,-2.8605,3.224,-0.0775,312.128,0.1,-2.926,3.3265000000000002,-0.13,312.101,0.1,-2.9835000000000003,3.44,-0.046,312.023,0.1,-3.021,3.4395,0.0635,312.0,0.1,-2.9435000000000002,3.5425,0.12,311.96,0.1,-2.743,3.6475,0.1375,311.936,0.1,-2.6135,3.5375,0.10500000000000001,311.977,0.1,-2.6745,3.319,-0.011,312.03,0.1,-2.753,3.3385,-0.1095,312.001,0.1,
-2.9269999999999996,3.7765,-0.174,311.978,0.1,-2.988,3.7615,-0.0925,311.932,0.1,-2.975,3.734,0.08199999999999999,311.901,0.1,-2.8745000000000003,3.7115,0.164,311.92,0.1,-2.7824999999999998,3.6414999999999997,0.0745,311.96,0.1,-2.715,3.502,0.042499999999999996,311.989,0.1,-2.666,3.3855,0.0265,312.013,0.1,-2.725,3.3040000000000003,-0.0305,312.071,0.1,-2.895,3.2545,-0.167,312.14,0.1,-3.012,3.3405,-0.111,312.1,0.1,-3.0005,3.4385000000000003,0.091,312.04,0.1,-2.9320000000000004,3.5330000000000004,0.052000000000000005,312.029,0.1,-2.8325,3.6345,-0.020999999999999998,311.977,0.1,-2.715,3.646,-0.009999999999999998,311.924,0.1,-2.663,3.5300000000000002,0.1175,311.923,0.1,-2.6529999999999996,3.4275,0.0495,311.935,0.1,
-2.9290000000000003,3.7315,-0.1055,311.908,0.1,-2.9505,3.738,0.040999999999999995,311.872,0.1,-2.9195,3.694,0.2135,311.899,0.1,-2.8735,3.653,0.1605,311.964,0.1,-2.838,3.6144999999999996,0.0465,311.997,0.1,-2.7584999999999997,3.551,0.0185,312.012,0.1,-2.628,3.5505,0.007500000000000001,311.991,0.1,-2.5949999999999998,3.5404999999999998,0.027499999999999997,311.976,0.1,-2.761,3.3754999999999997,-0.0345,312.045,0.1,-2.936,3.284,-0.046,312.109,0.1,-2.9735,3.3600000000000003,0.0615,312.099,0.1,-2.9875,3.4400000000000004,-0.0535,312.1,0.1,-2.995,3.5335,-0.077,312.034,0.1,-2.8834999999999997,3.6420000000000003,-0.0685,311.934,0.1,-2.706,3.6975,0.1375,311.871,0.1,-2.601,3.557,0.114,311.92,0.1,
-2.939,3.5549999999999997,0.012,311.911,0.1,-2.8635,3.628,0.1385,311.886,0.1,-2.7715,3.6295,0.2015,311.937,0.1,-2.785,3.543,0.079,312.022,0.1,-2.8575,3.4509999999999996,0.015,312.06,0.1,-2.8475,3.402,0.013999999999999999,312.068,0.1,-2.7169999999999996,3.548,-0.0645,312.024,0.1,-2.586,3.7625,-0.0405,311.94,0.1,-2.6094999999999997,3.6465,0.097,311.95,0.1,-2.7344999999999997,3.346,0.0975,312.057,0.1,-2.8659999999999997,3.258,0.0095,312.125,0.1,-3.0225,3.287,-0.08499999999999999,312.147,0.1,-3.121,3.3635,-0.054,312.109,0.1,-3.0335,3.5235000000000003,-0.097,312.026,0.1,-2.813,3.6915,0.0435,311.922,0.1,-2.646,3.6295,0.089,311.935,0.1,
-2.9045,3.4095,0.08499999999999999,312.001,0.1,-2.7904999999999998,3.513,0.10250000000000001,311.987,0.1,-2.6625,3.5855,0.0595,311.99,0.1,-2.6625,3.5195,-0.013999999999999999,312.029,0.1,-2.758,3.333,0.0115,312.089,0.1,-2.8255,3.192,0.0115,312.139,0.1,-2.8070000000000004,3.3485,-0.14100000000000001,312.102,0.1,-2.691,3.7489999999999997,-0.187,311.962,0.1,-2.567,3.875,0.0795,311.899,0.1,-2.564,3.5010000000000003,0.1855,312.018,0.1,-2.6980000000000004,3.207,-0.017499999999999998,312.12,0.1,-2.92,3.161,-0.021,312.145,0.1,-3.1255,3.1345,-0.0095,312.172,0.1,-3.1415,3.2815,-0.029500000000000002,312.125,0.1,-2.9405,3.5300000000000002,0.018000000000000002,312.034,0.1,-2.7155,3.641,0.0445,311.986,0.1,
-2.822,3.4210000000000003,0.07350000000000001,312.082,0.1,-2.782,3.4915000000000003,-0.041499999999999995,312.08,0.1,-2.682,3.6189999999999998,-0.10200000000000001,312.019,0.1,-2.61,3.6465,-0.065,311.978,0.1,-2.6115,3.4085,0.034,312.047,0.1,-2.6755,3.1515,-0.035,312.15,0.1,-2.77,3.1825,-0.189,312.154,0.1,-2.7744999999999997,3.5149999999999997,-0.23049999999999998,312.014,0.1,-2.629,3.8615,0.0115,311.871,0.1,-2.5205,3.667,0.216,311.95,0.1,-2.5755,3.29,-0.027,312.089,0.1,-2.758,3.1710000000000003,0.0365,312.115,0.1,-3.0010000000000003,2.9795,0.0885,312.182,0.1,-3.1105,3.0115,0.137,312.181,0.1,-2.982,3.285,0.046,312.145,0.1,-2.768,3.5755,-0.046,312.077,0.1,
-2.7504999999999997,3.527,0.067,312.078,0.1,-2.83,3.518,-0.118,312.085,0.1,-2.7835,3.6805,-0.1875,312.0,0.1,-2.6315,3.824,-0.0765,311.906,0.1,-2.5229999999999997,3.6065,0.1015,311.962,0.1,-2.5475,3.2795,-0.027000000000000003,312.072,0.1,-2.6675,3.213,-0.14,312.095,0.1,-2.7560000000000002,3.3265000000000002,-0.11299999999999999,312.04,0.1,-2.684,3.6405000000000003,-0.0135,311.911,0.1,-2.5515,3.705,0.1975,311.896,0.1,-2.5324999999999998,3.4459999999999997,-0.0165,312.006,0.1,-2.621,3.341,0.0615,312.041,0.1,-2.7640000000000002,3.053,0.239,312.137,0.1,-2.8835,2.8735,0.21000000000000002,312.219,0.1,-2.9085,3.019,-0.006,312.24,0.1,-2.8305,3.3495,-0.121,312.157,0.1,
-2.7085,3.635,0.11,312.023,0.1,-2.847,3.512,-0.055,312.046,0.1,-2.8735,3.6494999999999997,-0.179,311.985,0.1,-2.7184999999999997,3.88,-0.0775,311.875,0.1,-2.5435,3.782,0.198,311.891,0.1,-2.5075000000000003,3.451,0.0815,311.997,0.1,-2.5709999999999997,3.354,-0.0215,312.006,0.1,-2.666,3.3049999999999997,0.005,312.035,0.1,-2.6965,3.4085,-0.0325,312.007,0.1,-2.635,3.5585,0.11699999999999999,311.943,0.1,-2.5795000000000003,3.502,-0.002,311.95,0.1,-2.518,3.5595,0.0495,311.944,0.1,-2.49,3.322,0.304,312.05,0.1,-2.6045,2.9295,0.131,312.194,0.1,-2.7795,2.864,-0.1005,312.259,0.1,-2.85,3.072,-0.098,312.196,0.1,
-2.7125,3.684,0.14150000000000001,311.972,0.1,-2.808,3.497,0.022,312.026,0.1,-2.8845,3.597,-0.107,312.006,0.1,-2.798,3.857,-0.053500000000000006,311.913,0.1,-2.616,3.85,0.21300000000000002,311.879,0.1,-2.5205,3.536,0.1575,311.975,0.1,-2.5229999999999997,3.43,0.0185,311.989,0.1,-2.602,3.328,0.006,312.026,0.1,-2.6879999999999997,3.314,-0.0335,312.047,0.1,-2.6875,3.445,0.08,312.016,0.1,-2.6345,3.484,0.0095,311.987,0.1,-2.504,3.658,-0.0275,311.915,0.1,-2.385,3.485,0.2005,311.949,0.1,-2.4745,3.004,0.0775,312.081,0.1,-2.657,2.836,-0.08149999999999999,312.157,0.1,-2.7615,2.956,-0.0155,312.153,0.1,
-3.0220000000000002,3.2225,0.10200000000000001,312.21,0.1,-3.0,3.1565000000000003,0.198,312.222,0.1,-3.0525,2.968,0.167,312.263,0.1,-3.136,2.83,0.072,312.292,0.1,-3.175,2.74,-0.003,312.31,0.1,-3.128,2.765,-0.0245,312.292,0.1,-3.093,2.7394999999999996,0.008,312.282,0.1,-3.1595,2.6020000000000003,-0.014,312.314,0.1,-3.2409999999999997,2.582,-0.0625,312.338,0.1,-3.2215,2.6845,-0.019999999999999997,312.311,0.1,-3.1265,2.6414999999999997,0.07999999999999999,312.304,0.1,-3.049,2.505,0.11199999999999999,312.323,0.1,-3.017,2.4835000000000003,0.089,312.32,0.1,-2.996,2.574,0.048,312.311,0.1,-2.9625000000000004,2.6630000000000003,0.10400000000000001,312.287,0.1,-2.9435000000000002,2.6095,0.16799999999999998,312.29,0.1,
-3.0455,3.1775,0.026500000000000003,312.234,0.1,-3.039,3.1515,0.202,312.222,0.1,-3.101,2.9690000000000003,0.2175,312.265,0.1,-3.171,2.9295,0.107,312.267,0.1,-3.1855,2.9525,0.015,312.263,0.1,-3.1340000000000003,2.9875,-0.025,312.241,0.1,-3.0780000000000003,2.9625,0.0265,312.216,0.1,-3.1055,2.8165,0.0375,312.231,0.1,-3.1845,2.7415000000000003,-0.003,312.258,0.1,-3.205,2.7765,0.015,312.261,0.1,-3.1500000000000004,2.705,0.08,312.281,0.1,-3.073,2.564,0.09,312.321,0.1,-3.0035,2.542,0.07600000000000001,312.318,0.1,-2.9545,2.6165000000000003,0.020999999999999998,312.288,0.1,-2.9154999999999998,2.6905,0.051000000000000004,312.258,0.1,-2.896,2.6635,0.111,312.264,0.1,
-3.048,3.1310000000000002,-0.048,312.22,0.1,-3.011,3.155,0.1405,312.202,0.1,-3.0564999999999998,2.9385000000000003,0.2215,312.263,0.1,-3.151,2.8819999999999997,0.0985,312.282,0.1,-3.197,3.0275,-0.0165,312.243,0.1,-3.1639999999999997,3.138,-0.037000000000000005,312.203,0.1,-3.0854999999999997,3.159,0.05,312.171,0.1,-3.0534999999999997,3.033,0.1255,312.178,0.1,-3.0869999999999997,2.9065000000000003,0.1205,312.197,0.1,-3.105,2.855,0.0925,312.208,0.1,-3.081,2.766,0.07200000000000001,312.247,0.1,-3.0585,2.6305,0.047,312.298,0.1,-3.0380000000000003,2.5614999999999997,0.018,312.317,0.1,-2.983,2.5995,-0.019000000000000003,312.283,0.1,-2.8935,2.6715,0.0155,312.237,0.1,-2.8339999999999996,2.6574999999999998,0.053500000000000006,312.227,0.1,
-3.0465,3.0454999999999997,-0.088,312.176,0.1,-2.965,3.1464999999999996,0.058499999999999996,312.15,0.1,-2.9379999999999997,2.9575,0.1845,312.221,0.1,-3.0309999999999997,2.7805,0.062,312.296,0.1,-3.151,2.8825000000000003,-0.055,312.265,0.1,-3.1855,3.0655,-0.0485,312.198,0.1,-3.1115,3.2105,0.036000000000000004,312.15,0.1,-3.0185,3.1955,0.1585,312.141,0.1,-2.9974999999999996,3.037,0.215,312.174,0.1,-3.014,2.8665000000000003,0.14300000000000002,312.206,0.1,-3.0060000000000002,2.7859999999999996,0.028999999999999998,312.228,0.1,-3.0075000000000003,2.708,-0.01,312.25,0.1,-3.0435,2.5785,0.0075,312.28,0.1,-3.041,2.5255,0.0115,312.279,0.1,-2.9450000000000003,2.6029999999999998,0.0345,312.238,0.1,-2.826,2.653,0.028999999999999998,312.209,0.1,
-3.0495,2.933,-0.08549999999999999,312.168,0.1,-2.947,3.096,0.0075,312.115,0.1,-2.8535,3.0214999999999996,0.128,312.157,0.1,-2.892,2.7785,0.037000000000000005,312.256,0.1,-3.0275,2.7005,-0.052,312.287,0.1,-3.137,2.807,-0.034,312.245,0.1,-3.1345,3.0225,0.0105,312.178,0.1,-3.036,3.194,0.11149999999999999,312.122,0.1,-2.9635,3.1195,0.2195,312.146,0.1,-2.9764999999999997,2.864,0.1395,312.221,0.1,-3.002,2.766,-0.039,312.232,0.1,-2.997,2.7794999999999996,-0.056,312.201,0.1,-3.0075000000000003,2.651,0.09,312.213,0.1,-3.0235,2.4975,0.131,312.259,0.1,-2.9749999999999996,2.5549999999999997,0.057499999999999996,312.258,0.1,-2.8685,2.6959999999999997,-0.019,312.228,0.1,
-3.06,2.9044999999999996,-0.0605,312.199,0.1,-2.9615,3.0705,-0.033,312.139,0.1,-2.8514999999999997,3.0999999999999996,0.0385,312.129,0.1,-2.8339999999999996,2.894,0.02,312.185,0.1,-2.9065,2.6885,0.0015,312.25,0.1,-3.0185,2.6185,0.0035,312.282,0.1,-3.0945,2.725,0.003,312.257,0.1,-3.0575,2.979,0.036000000000000004,312.169,0.1,-2.981,3.0875,0.1275,312.133,0.1,-2.998,2.904,0.0965,312.205,0.1,-3.0585,2.7755,-0.057999999999999996,312.224,0.1,-3.0225,2.8585,-0.0225,312.158,0.1,-2.9185,2.809,0.21350000000000002,312.146,0.1,-2.878,2.6005000000000003,0.23199999999999998,312.235,0.1,-2.9105,2.566,0.016,312.285,0.1,-2.9080000000000004,2.7504999999999997,-0.107,312.255,0.1,
-3.074,3.0015,-0.08299999999999999,312.228,0.1,-3.0105,3.117,-0.10550000000000001,312.177,0.1,-2.9219999999999997,3.1784999999999997,-0.0685,312.133,0.1,-2.8635,3.0469999999999997,0.014,312.135,0.1,-2.8485,2.8335,0.0545,312.181,0.1,-2.8890000000000002,2.649,0.0325,312.248,0.1,-2.974,2.5815,0.0,312.304,0.1,-3.0220000000000002,2.7104999999999997,-0.0305,312.283,0.1,-3.0115,2.91,0.001,312.2,0.1,-3.0395000000000003,2.934,0.0325,312.186,0.1,-3.099,2.8535,-0.0015,312.197,0.1,-3.0255,2.95,0.07100000000000001,312.135,0.1,-2.8120000000000003,3.003,0.2395,312.113,0.1,-2.6955,2.8125,0.20600000000000002,312.202,0.1,-2.7824999999999998,2.6395,-0.0475,312.276,0.1,-2.8825000000000003,2.762,-0.1735,312.245,0.1,
-3.0805,3.1385,-0.156,312.226,0.1,-3.0965,3.1719999999999997,-0.152,312.175,0.1,-3.043,3.2125,-0.068,312.121,0.1,-2.9314999999999998,3.169,0.068,312.108,0.1,-2.8355,3.0220000000000002,0.0695,312.14,0.1,-2.7895000000000003,2.822,0.044,312.186,0.1,-2.8115,2.675,0.0025,312.253,0.1,-2.9130000000000003,2.62,-0.07150000000000001,312.334,0.1,-3.02,2.706,-0.1215,312.327,0.1,-3.074,2.8659999999999997,-0.0525,312.234,0.1,-3.0865,2.9195,0.0575,312.197,0.1,-3.0045,3.0065,0.1085,312.165,0.1,-2.8025,3.113,0.121,312.129,0.1,-2.649,3.0215,0.08249999999999999,312.152,0.1,-2.691,2.8,-0.0165,312.2,0.1,-2.79,2.774,-0.109,312.187,0.1,
-3.0570000000000004,3.223,-0.176,312.165,0.1,-3.133,3.1935000000000002,-0.089,312.126,0.1,-3.115,3.1799999999999997,0.0745,312.099,0.1,-2.989,3.196,0.15,312.105,0.1,-2.8605,3.144,0.0645,312.143,0.1,-2.7545,3.0085,0.0335,312.167,0.1,-2.6725,2.8979999999999997,0.015,312.177,0.1,-2.734,2.7809999999999997,-0.0375,312.241,0.1,-2.94,2.661,-0.1555,312.347,0.1,-3.0795,2.73,-0.10800000000000001,312.323,0.1,-3.0735,2.8735,0.07600000000000001,312.25,0.1,-3.0134999999999996,2.9865,0.044,312.231,0.1,-2.919,3.0945,-0.0225,312.172,0.1,-2.7825,3.1295,-0.0225,312.107,0.1,-2.6980000000000004,3.036,0.0935,312.095,0.1,-2.6870000000000003,2.8895,0.042499999999999996,312.119,0.1,
-3.0295,3.1785,-0.098,312.085,0.1,-3.0495,3.1755,0.047,312.063,0.1,-3.0170000000000003,3.1235,0.207,312.096,0.1,-2.9645,3.093,0.162,312.146,0.1,-2.9165,3.0755,0.051000000000000004,312.18,0.1,-2.8200000000000003,3.0484999999999998,0.012,312.193,0.1,-2.6580000000000004,3.0895,-0.012,312.158,0.1,-2.5885,3.091,0.006,312.127,0.1,-2.7504999999999997,2.863,-0.0285,312.216,0.1,-2.9625,2.6799999999999997,-0.036,312.321,0.1,-3.043,2.7409999999999997,0.0525,312.319,0.1,-3.076,2.8625,-0.049,312.302,0.1,-3.0869999999999997,2.9814999999999996,-0.07250000000000001,312.233,0.1,-2.9745,3.1115,-0.075,312.128,0.1,-2.7785,3.2025,0.1065,312.047,0.1,-2.65,3.0655,0.10600000000000001,312.088,0.1,
-3.013,3.0060000000000002,0.0205,312.089,0.1,-2.9215,3.0869999999999997,0.1395,312.067,0.1,-2.8064999999999998,3.077,0.197,312.117,0.1,-2.8135,2.9604999999999997,0.0885,312.197,0.1,-2.9015,2.8470000000000004,0.031,312.242,0.1,-2.911,2.8375,0.017,312.244,0.1,-2.7805,3.0555,-0.0765,312.189,0.1,-2.6105,3.3235,-0.064,312.091,0.1,-2.58,3.2135,0.088,312.096,0.1,-2.698,2.8095,0.11,312.23,0.1,-2.8725,2.6375,0.021500000000000002,312.326,0.1,-3.0745,2.6585,-0.067,312.353,0.1,-3.198,2.761,-0.040999999999999995,312.317,0.1,-3.1254999999999997,2.9535,-0.0955,312.233,0.1,-2.9065,3.162,0.019,312.113,0.1,-2.7115,3.152,0.078,312.092,0.1,
-2.9525,2.8840000000000003,0.0885,312.182,0.1,-2.841,2.9835000000000003,0.097,312.166,0.1,-2.689,3.0625,0.053000000000000005,312.158,0.1,-2.659,2.9625,-0.011,312.199,0.1,-2.7590000000000003,2.715,0.019,312.276,0.1,-2.8605,2.5635000000000003,0.012,312.325,0.1,-2.8745000000000003,2.7865,-0.1365,312.268,0.1,-2.762,3.2489999999999997,-0.189,312.124,0.1,-2.589,3.447,0.0585,312.048,0.1,-2.5125,3.052,0.187,312.157,0.1,-2.617,2.674,0.01,312.275,0.1,-2.8810000000000002,2.5324999999999998,-0.003,312.338,0.1,-3.1479999999999997,2.4835000000000003,0.020999999999999998,312.38,0.1,-3.203,2.6585,-0.015000000000000001,312.341,0.1,-3.019,2.9619999999999997,0.003,312.243,0.1,-2.782,3.143,0.026500000000000003,312.16,0.1,
-2.854,2.9525,0.0815,312.245,0.1,-2.8345000000000002,2.9705000000000004,-0.042499999999999996,312.258,0.1,-2.7385,3.109,-0.1115,312.191,0.1,-2.6334999999999997,3.1334999999999997,-0.07650000000000001,312.149,0.1,-2.614,2.8445,0.027000000000000003,312.229,0.1,-2.6965,2.5165,-0.038,312.347,0.1,-2.8259999999999996,2.5605,-0.1815,312.34,0.1,-2.8685,2.9295,-0.21150000000000002,312.197,0.1,-2.7275,3.347,-0.0015,312.049,0.1,-2.5455,3.2285000000000004,0.1985,312.096,0.1,-2.505,2.851,-0.0025,312.213,0.1,-2.6615,2.6245,0.046,312.272,0.1,-2.947,2.3575,0.1205,312.372,0.1,-3.1189999999999998,2.3635,0.1565,312.396,0.1,-3.033,2.6814999999999998,0.0485,312.353,0.1,-2.8285,3.0545,-0.055,312.267,0.1,
-2.7845000000000004,3.125,0.08549999999999999,312.214,0.1,-2.88,3.0250000000000004,-0.10850000000000001,312.252,0.1,-2.865,3.1710000000000003,-0.193,312.18,0.1,-2.7030000000000003,3.3395,-0.097,312.081,0.1,-2.5605,3.121,0.087,312.127,0.1,-2.5744999999999996,2.7185,-0.020999999999999998,312.254,0.1,-2.715,2.5865,-0.1425,312.296,0.1,-2.843,2.691,-0.0975,312.245,0.1,-2.8115,3.0195,-0.0085,312.122,0.1,-2.6625,3.1795,0.1765,312.073,0.1,-2.5534999999999997,3.0075000000000003,-0.0045000000000000005,312.139,0.1,-2.5515,2.878,0.0615,312.173,0.1,-2.668,2.5225,0.247,312.294,0.1,-2.8295,2.26,0.22649999999999998,312.407,0.1,-2.919,2.3755,0.015,312.432,0.1,-2.8840000000000003,2.779,-0.1115,312.345,0.1,
-2.767,3.2605,0.127,312.149,0.1,-2.892,3.0665,-0.0355,312.197,0.1,-2.957,3.1550000000000002,-0.16699999999999998,312.165,0.1,-2.824,3.402,-0.0905,312.06,0.1,-2.617,3.3514999999999997,0.177,312.05,0.1,-2.535,3.005,0.0955,312.148,0.1,-2.5975,2.799,-0.027,312.188,0.1,-2.7225,2.689,0.010499999999999999,312.228,0.1,-2.795,2.7535,-0.0145,312.22,0.1,-2.7605,2.9485,0.11,312.149,0.1,-2.6645,2.9935,0.0025,312.117,0.1,-2.512,3.1065,0.0425,312.08,0.1,-2.4095,2.866,0.29000000000000004,312.173,0.1,-2.5105,2.388,0.146,312.343,0.1,-2.7345,2.2085,-0.075,312.434,0.1,-2.8760000000000003,2.4175,-0.0885,312.388,0.1,
-2.8045,3.307,0.1405,312.119,0.1,-2.847,3.078,0.040999999999999995,312.171,0.1,-2.9455,3.118,-0.08299999999999999,312.178,0.1,-2.9130000000000003,3.378,-0.051000000000000004,312.11,0.1,-2.7275,3.436,0.191,312.053,0.1,-2.5675,3.148,0.1615,312.106,0.1,-2.531,2.929,0.0215,312.131,0.1,-2.617,2.741,0.013,312.182,0.1,-2.731,2.669,-0.0145,312.232,0.1,-2.7685,2.811,0.081,312.223,0.1,-2.73,2.935,0.0095,312.183,0.1,-2.5665,3.188,-0.033,312.083,0.1,-2.3775,3.052,0.182,312.077,0.1,-2.3994999999999997,2.501,0.086,312.217,0.1,-2.576,2.189,-0.067,312.321,0.1,-2.7395,2.257,-0.0165,312.351,0.1,
-3.021,2.6950000000000003,0.1,312.354,0.1,-2.9684999999999997,2.6465,0.1935,312.357,0.1,-2.9905,2.4565,0.1735,312.404,0.1,-3.058,2.2915,0.0715,312.455,0.1,-3.092,2.1935000000000002,-0.011,312.488,0.1,-3.0475000000000003,2.23,-0.0395,312.473,0.1,-3.0105,2.2329999999999997,-0.0085,312.456,0.1,-3.074,2.121,-0.0205,312.484,0.1,-3.1675,2.0845,-0.061,312.511,0.1,-3.1585,2.174,-0.024,312.487,0.1,-3.056,2.156,0.0655,312.475,0.1,-2.9699999999999998,2.038,0.0955,312.492,0.1,-2.9455,2.0005,0.079,312.495,0.1,-2.943,2.0599999999999996,0.0445,312.491,0.1,-2.9210000000000003,2.1355,0.094,312.467,0.1,-2.8970000000000002,2.0925,0.1555,312.463,0.1,
-3.0535,2.651,0.0315,312.385,0.1,-3.0140000000000002,2.6555,0.1925,312.362,0.1,-3.0315000000000003,2.4875,0.2265,312.396,0.1,-3.082,2.4059999999999997,0.113,312.417,0.1,-3.0985,2.3925,0.005,312.434,0.1,-3.051,2.425,-0.0415,312.422,0.1,-2.99,2.4219999999999997,0.007000000000000001,312.395,0.1,-3.0135,2.3045,0.027,312.405,0.1,-3.1109999999999998,2.2169999999999996,-0.0025,312.439,0.1,-3.1550000000000002,2.232,0.017,312.446,0.1,-3.0949999999999998,2.1995,0.074,312.453,0.1,-3.001,2.0985,0.0785,312.481,0.1,-2.9349999999999996,2.068,0.064,312.483,0.1,-2.905,2.105,0.014499999999999999,312.466,0.1,-2.879,2.154,0.040999999999999995,312.443,0.1,-2.8535000000000004,2.1285,0.1015,312.443,0.1,
-3.0599999999999996,2.585,-0.040499999999999994,312.387,0.1,-3.0134999999999996,2.6405,0.128,312.359,0.1,-3.0149999999999997,2.471,0.223,312.402,0.1,-3.0709999999999997,2.3970000000000002,0.11299999999999999,312.421,0.1,-3.1075,2.49,-0.0115,312.399,0.1,-3.08,2.5709999999999997,-0.0475,312.376,0.1,-3.0035,2.591,0.028499999999999998,312.351,0.1,-2.9669999999999996,2.489,0.11049999999999999,312.352,0.1,-3.0105,2.3645,0.1255,312.375,0.1,-3.059,2.2845,0.10550000000000001,312.402,0.1,-3.05,2.216,0.0785,312.436,0.1,-3.01,2.1425,0.045,312.464,0.1,-2.975,2.093,0.0185,312.474,0.1,-2.9325,2.1029999999999998,-0.015,312.45,0.1,-2.862,2.1445,0.009000000000000001,312.418,0.1,-2.799,2.1225,0.0445,312.412,0.1,
-3.0475000000000003,2.4945,-0.078,312.361,0.1,-2.9850000000000003,2.6014999999999997,0.051000000000000004,312.33,0.1,-2.9435000000000002,2.4684999999999997,0.1775,312.381,0.1,-2.9965,2.3235,0.07600000000000001,312.438,0.1,-3.0795,2.4035,-0.0355,312.406,0.1,-3.101,2.5395000000000003,-0.041499999999999995,312.355,0.1,-3.037,2.6390000000000002,0.026000000000000002,312.325,0.1,-2.9495,2.6195,0.139,312.319,0.1,-2.9215,2.4835000000000003,0.2135,312.346,0.1,-2.951,2.304,0.1605,312.395,0.1,-2.976,2.2039999999999997,0.045,312.435,0.1,-2.9835000000000003,2.1775,-0.006,312.44,0.1,-2.997,2.101,0.014499999999999999,312.448,0.1,-2.9859999999999998,2.0495,0.0245,312.443,0.1,-2.9055,2.102,0.035,312.413,0.1,-2.7935,2.133,0.0235,312.393,0.1,
-3.0345,2.412,-0.079,312.357,0.1,-2.9585,2.5484999999999998,0.002,312.311,0.1,-2.8815,2.497,0.1175,312.342,0.1,-2.907,2.3070000000000004,0.0435,312.418,0.1,-3.0025,2.2640000000000002,-0.034,312.429,0.1,-3.0715,2.3555,-0.0155,312.385,0.1,-3.059,2.5025,0.020999999999999998,312.34,0.1,-2.9675000000000002,2.6159999999999997,0.099,312.306,0.1,-2.8840000000000003,2.55,0.20400000000000001,312.326,0.1,-2.8890000000000002,2.3155,0.149,312.402,0.1,-2.9459999999999997,2.1814999999999998,-0.020499999999999997,312.441,0.1,-2.9775,2.205,-0.052000000000000005,312.416,0.1,-2.9825,2.1435,0.0865,312.405,0.1,-2.9764999999999997,2.027,0.1355,312.434,0.1,-2.9290000000000003,2.072,0.0665,312.431,0.1,-2.8325,2.1864999999999997,-0.0185,312.406,0.1,
-3.034,2.4195,-0.0655,312.376,0.1,-2.955,2.55,-0.043,312.328,0.1,-2.8695,2.5605,0.025500000000000002,312.324,0.1,-2.864,2.3825000000000003,0.018000000000000002,312.372,0.1,-2.925,2.232,0.006,312.413,0.1,-2.9955,2.2085,0.0165,312.42,0.1,-3.0300000000000002,2.29,0.020999999999999998,312.398,0.1,-2.98,2.4604999999999997,0.041499999999999995,312.341,0.1,-2.8905,2.5250000000000004,0.11199999999999999,312.322,0.1,-2.8855,2.3525,0.09,312.389,0.1,-2.965,2.194,-0.046,312.428,0.1,-2.99,2.242,-0.0235,312.386,0.1,-2.9210000000000003,2.2455,0.1905,312.362,0.1,-2.8665000000000003,2.106,0.216,312.425,0.1,-2.876,2.085,0.0275,312.46,0.1,-2.8685,2.24,-0.1015,312.43,0.1,
-3.045,2.521,-0.0935,312.392,0.1,-2.9894999999999996,2.624,-0.11399999999999999,312.346,0.1,-2.9165,2.6515000000000004,-0.08099999999999999,312.32,0.1,-2.8775,2.508,0.0,312.334,0.1,-2.88,2.3175,0.0455,312.374,0.1,-2.9095,2.205,0.035500000000000004,312.41,0.1,-2.95,2.188,0.0075,312.437,0.1,-2.9565,2.2805,-0.0175,312.424,0.1,-2.9175,2.4055,0.0015,312.372,0.1,-2.9154999999999998,2.387,0.0195,312.374,0.1,-2.9764999999999997,2.2685000000000004,-0.003,312.398,0.1,-2.9695,2.301,0.063,312.367,0.1,-2.833,2.3665,0.21100000000000002,312.348,0.1,-2.7305,2.2595,0.1785,312.408,0.1,-2.781,2.1455,-0.045,312.458,0.1,-2.8555,2.2485,-0.166,312.423,0.1,
-3.0635,2.6254999999999997,-0.16,312.39,0.1,-3.0675,2.684,-0.152,312.332,0.1,-3.011,2.71,-0.078,312.291,0.1,-2.9185,2.6305,0.044,312.301,0.1,-2.8545,2.4589999999999996,0.0525,312.348,0.1,-2.8305,2.301,0.038000000000000006,312.382,0.1,-2.8385,2.239,-0.0025,312.411,0.1,-2.8905000000000003,2.23,-0.068,312.462,0.1,-2.943,2.279,-0.10700000000000001,312.461,0.1,-2.9560000000000004,2.3625,-0.053,312.401,0.1,-2.955,2.3505000000000003,0.043,312.387,0.1,-2.9175,2.3585000000000003,0.0955,312.385,0.1,-2.8015,2.423,0.10700000000000001,312.369,0.1,-2.6975,2.3884999999999996,0.0615,312.376,0.1,-2.7245,2.2625,-0.032,312.396,0.1,-2.7969999999999997,2.255,-0.109,312.375,0.1,
-3.064,2.666,-0.16999999999999998,312.345,0.1,-3.118,2.6805000000000003,-0.08449999999999999,312.295,0.1,-3.0745,2.6900000000000004,0.067,312.26,0.1,-2.9505,2.6799999999999997,0.1335,312.276,0.1,-2.8485,2.576,0.052000000000000005,312.337,0.1,-2.7815000000000003,2.427,0.0205,312.376,0.1,-2.728,2.3689999999999998,-0.0005,312.371,0.1,-2.7685000000000004,2.341,-0.05,312.396,0.1,-2.9085,2.259,-0.1405,312.472,0.1,-2.9844999999999997,2.2845000000000004,-0.0935,312.458,0.1,-2.9465,2.356,0.06,312.413,0.1,-2.8994999999999997,2.3815,0.035500000000000004,312.423,0.1,-2.864,2.4029999999999996,-0.0215,312.404,0.1,-2.795,2.4305,-0.0315,312.349,0.1,-2.742,2.4165,0.0625,312.313,0.1,-2.73,2.343,0.0315,312.316,0.1,
-3.04,2.6094999999999997,-0.086,312.28,0.1,-3.0625,2.6260000000000003,0.051000000000000004,312.257,0.1,-3.0069999999999997,2.6180000000000003,0.201,312.269,0.1,-2.9255,2.6045,0.1645,312.303,0.1,-2.8685,2.55,0.056999999999999995,312.345,0.1,-2.8015,2.468,0.0055,312.383,0.1,-2.6965,2.4844999999999997,-0.032,312.366,0.1,-2.657,2.536,-0.0195,312.322,0.1,-2.7800000000000002,2.3925,-0.0275,312.376,0.1,-2.9175,2.241,-0.0185,312.458,0.1,-2.9364999999999997,2.2765,0.0515,312.456,0.1,-2.9415,2.3305,-0.039,312.457,0.1,-2.9745,2.3415,-0.064,312.438,0.1,-2.928,2.3979999999999997,-0.0785,312.373,0.1,-2.7995,2.505,0.078,312.287,0.1,-2.7045,2.464,0.092,312.293,0.1,
-3.0025,2.472,0.028,312.284,0.1,-2.949,2.52,0.14,312.277,0.1,-2.849,2.534,0.1915,312.313,0.1,-2.82,2.4745,0.0975,312.363,0.1,-2.8529999999999998,2.3785,0.0485,312.392,0.1,-2.8449999999999998,2.324,0.025,312.405,0.1,-2.7605,2.453,-0.082,312.379,0.1,-2.661,2.668,-0.086,312.306,0.1,-2.6550000000000002,2.6115,0.07,312.298,0.1,-2.733,2.299,0.118,312.403,0.1,-2.8285,2.1785,0.037,312.47,0.1,-2.9509999999999996,2.1985,-0.0415,312.482,0.1,-3.0469999999999997,2.21,-0.0205,312.478,0.1,-3.0175,2.2925,-0.091,312.445,0.1,-2.8735,2.448,0.001,312.355,0.1,-2.738,2.4955,0.0635,312.314,0.1,
-2.9275,2.393,0.0895,312.364,0.1,-2.8555,2.4234999999999998,0.0955,312.371,0.1,-2.755,2.479,0.0475,312.371,0.1,-2.7245,2.433,-0.0135,312.392,0.1,-2.7664999999999997,2.258,0.0245,312.439,0.1,-2.8055,2.1205,0.0205,312.473,0.1,-2.8085,2.264,-0.122,312.429,0.1,-2.7515,2.597,-0.183,312.323,0.1,-2.652,2.7465,0.0375,312.272,0.1,-2.6005000000000003,2.431,0.1785,312.365,0.1,-2.659,2.1535,0.027499999999999997,312.454,0.1,-2.8274999999999997,2.0934999999999997,0.018500000000000003,312.478,0.1,-3.0095,2.024,0.05499999999999999,312.515,0.1,-3.0515,2.098,0.004999999999999999,312.507,0.1,-2.924,2.3025,-0.0045000000000000005,312.453,0.1,-2.7625,2.4595000000000002,0.009,312.387,0.1,
-2.8325,2.4745,0.08449999999999999,312.413,0.1,-2.8209999999999997,2.428,-0.037500000000000006,312.447,0.1,-2.7800000000000002,2.4985,-0.1185,312.408,0.1,-2.718,2.5324999999999998,-0.093,312.365,0.1,-2.684,2.3345000000000002,0.0155,312.417,0.1,-2.7075,2.0815,-0.0385,312.507,0.1,-2.7800000000000002,2.117,-0.16849999999999998,312.486,0.1,-2.8145,2.3795,-0.185,312.363,0.1,-2.7264999999999997,2.666,-0.0045000000000000005,312.261,0.1,-2.6094999999999997,2.5335,0.177,312.321,0.1,-2.586,2.232,0.0045000000000000005,312.425,0.1,-2.686,2.1310000000000002,0.05,312.444,0.1,-2.8745000000000003,1.9369999999999998,0.14600000000000002,312.513,0.1,-2.9815,1.8980000000000001,0.184,312.541,0.1,-2.903,2.1215,0.061,312.518,0.1,-2.76,2.394,-0.059,312.467,0.1,
-2.7750000000000004,2.625,0.0905,312.379,0.1,-2.84,2.5015,-0.094,312.426,0.1,-2.863,2.5645,-0.1925,312.387,0.1,-2.774,2.6864999999999997,-0.11549999999999999,312.306,0.1,-2.6630000000000003,2.537,0.067,312.332,0.1,-2.644,2.2359999999999998,-0.025,312.432,0.1,-2.7215,2.1605,-0.1435,312.45,0.1,-2.7984999999999998,2.239,-0.08049999999999999,312.391,0.1,-2.7640000000000002,2.45,0.006,312.301,0.1,-2.6615,2.5055,0.1595,312.29,0.1,-2.6065,2.3235,-0.0055,312.368,0.1,-2.6109999999999998,2.282,0.0485,312.378,0.1,-2.6765,2.0549999999999997,0.243,312.456,0.1,-2.768,1.8279999999999998,0.2455,312.555,0.1,-2.8064999999999998,1.911,0.0455,312.571,0.1,-2.7735000000000003,2.2030000000000003,-0.0905,312.508,0.1,
-2.776,2.7135,0.127,312.327,0.1,-2.8520000000000003,2.5525,-0.0185,312.365,0.1,-2.9234999999999998,2.59,-0.151,312.35,0.1,-2.8579999999999997,2.7615,-0.094,312.272,0.1,-2.7125,2.7245,0.1535,312.26,0.1,-2.634,2.4635,0.0905,312.335,0.1,-2.6535,2.3405,-0.033,312.356,0.1,-2.717,2.2725,0.0115,312.372,0.1,-2.7424999999999997,2.2915,0.0045000000000000005,312.366,0.1,-2.705,2.3725,0.1075,312.332,0.1,-2.6559999999999997,2.332,0.003,312.336,0.1,-2.5665,2.4275,0.027000000000000003,312.31,0.1,-2.481,2.293,0.2635,312.365,0.1,-2.535,1.917,0.154,312.511,0.1,-2.6814999999999998,1.7765,-0.047,312.581,0.1,-2.766,1.9355000000000002,-0.0655,312.532,0.1,
-2.826,2.732,0.13,312.32,0.1,-2.8355,2.564,0.0495,312.35,0.1,-2.9115,2.582,-0.063,312.345,0.1,-2.9065000000000003,2.764,-0.0395,312.29,0.1,-2.785,2.8,0.17099999999999999,312.251,0.1,-2.6665,2.579,0.1485,312.297,0.1,-2.6189999999999998,2.447,0.0165,312.311,0.1,-2.6494999999999997,2.327,0.0095,312.337,0.1,-2.7009999999999996,2.248,-0.0015,312.371,0.1,-2.702,2.295,0.0825,312.372,0.1,-2.675,2.31,0.011,312.364,0.1,-2.5775,2.483,-0.036500000000000005,312.306,0.1,-2.4435000000000002,2.42,0.1565,312.296,0.1,-2.4539999999999997,1.995,0.082,312.411,0.1,-2.5785,1.751,-0.058499999999999996,312.497,0.1,-2.6790000000000003,1.812,-0.0155,312.506,0.1,
-3.02,2.167,0.0985,312.498,0.1,-2.9370000000000003,2.137,0.189,312.492,0.1,-2.928,1.9445000000000001,0.1805,312.544,0.1,-2.979,1.7530000000000001,0.071,312.618,0.1,-3.009,1.6475,-0.019,312.666,0.1,-2.9675,1.6949999999999998,-0.055,312.654,0.1,-2.9275,1.726,-0.025500000000000002,312.63,0.1,-2.9885,1.639,-0.027,312.654,0.1,-3.0945,1.587,-0.0595,312.685,0.1,-3.0949999999999998,1.6635,-0.027999999999999997,312.663,0.1,-2.9844999999999997,1.6705,0.0505,312.646,0.1,-2.8905,1.5715,0.07899999999999999,312.661,0.1,-2.8745,1.518,0.069,312.671,0.1,-2.8899999999999997,1.5465,0.041499999999999995,312.671,0.1,-2.8785,1.608,0.08399999999999999,312.646,0.1,-2.8505000000000003,1.5755,0.14300000000000002,312.636,0.1,
-3.0615,2.124,0.036500000000000005,312.535,0.1,-2.989,2.16,0.183,312.501,0.1,-2.9625000000000004,2.0055,0.2355,312.528,0.1,-2.9924999999999997,1.8824999999999998,0.119,312.567,0.1,-3.0115,1.833,-0.005,312.606,0.1,-2.968,1.8624999999999998,-0.058,312.604,0.1,-2.9015,1.8815,-0.013,312.574,0.1,-2.9210000000000003,1.792,0.0165,312.58,0.1,-3.0375,1.6915,-0.0015,312.62,0.1,-3.106,1.6875,0.019,312.631,0.1,-3.0410000000000004,1.6945000000000001,0.068,312.625,0.1,-2.9290000000000003,1.634,0.0675,312.641,0.1,-2.8665000000000003,1.5950000000000002,0.052000000000000005,312.649,0.1,-2.8565,1.5945,0.0075,312.644,0.1,-2.843,1.6165,0.0315,312.627,0.1,-2.811,1.593,0.092,312.622,0.1,
-3.0715,2.039,-0.0335,312.553,0.1,-3.016,2.1265,0.11549999999999999,312.516,0.1,-2.9735,2.003,0.2245,312.54,0.1,-2.9915000000000003,1.9125,0.127,312.56,0.1,-3.0185,1.9529999999999998,-0.0065,312.555,0.1,-2.996,2.004,-0.058499999999999996,312.549,0.1,-2.9215,2.023,0.006999999999999999,312.531,0.1,-2.88,1.945,0.096,312.525,0.1,-2.933,1.8215,0.1305,312.552,0.1,-3.0125,1.7135,0.1185,312.596,0.1,-3.019,1.666,0.08499999999999999,312.626,0.1,-2.9610000000000003,1.6555,0.0435,312.631,0.1,-2.912,1.6245,0.019,312.631,0.1,-2.882,1.6075,-0.011,312.618,0.1,-2.83,1.617,0.0025,312.6,0.1,-2.7635,1.588,0.035500000000000004,312.596,0.1,
-3.048,1.9435,-0.068,312.546,0.1,-3.004,2.057,0.043,312.511,0.1,-2.9485,1.979,0.16999999999999998,312.542,0.1,-2.9619999999999997,1.8665,0.09,312.58,0.1,-3.008,1.9255,-0.016,312.548,0.1,-3.0164999999999997,2.0135,-0.035,312.512,0.1,-2.9619999999999997,2.067,0.016,312.501,0.1,-2.8805,2.043,0.1195,312.498,0.1,-2.846,1.9300000000000002,0.212,312.518,0.1,-2.8875,1.7405,0.178,312.583,0.1,-2.945,1.6225,0.061,312.642,0.1,-2.9589999999999996,1.6475,-0.002,312.631,0.1,-2.9505,1.6225,0.0215,312.615,0.1,-2.931,1.574,0.0375,312.607,0.1,-2.8655,1.601,0.035500000000000004,312.588,0.1,-2.7605000000000004,1.6135,0.018000000000000002,312.577,0.1,
-3.019,1.8904999999999998,-0.07250000000000001,312.546,0.1,-2.9695,2.001,-0.0035,312.506,0.1,-2.9095,1.972,0.10650000000000001,312.526,0.1,-2.9219999999999997,1.8355000000000001,0.05,312.581,0.1,-2.977,1.8275000000000001,-0.016,312.57,0.1,-3.0054999999999996,1.9045,0.003,312.525,0.1,-2.9835000000000003,1.9819999999999998,0.0315,312.502,0.1,-2.899,2.037,0.087,312.49,0.1,-2.8045,1.9815,0.188,312.506,0.1,-2.8015,1.766,0.1585,312.583,0.1,-2.89,1.5975000000000001,-0.0014999999999999996,312.651,0.1,-2.958,1.63,-0.048,312.631,0.1,-2.957,1.635,0.083,312.596,0.1,-2.9290000000000003,1.5565,0.14,312.609,0.1,-2.883,1.589,0.0755,312.604,0.1,-2.7965,1.6775,-0.0175,312.584,0.1,
-3.0075000000000003,1.934,-0.07050000000000001,312.553,0.1,-2.9480000000000004,2.0295,-0.0535,312.518,0.1,-2.8875,2.0205,0.0125,312.519,0.1,-2.894,1.871,0.0155,312.559,0.1,-2.9425,1.775,0.010499999999999999,312.576,0.1,-2.9715,1.7985,0.0295,312.558,0.1,-2.9655,1.855,0.039,312.539,0.1,-2.903,1.9415,0.047,312.513,0.1,-2.8,1.9625,0.0965,312.512,0.1,-2.7725,1.8005,0.08349999999999999,312.574,0.1,-2.8705,1.6125,-0.034,312.632,0.1,-2.957,1.625,-0.0245,312.615,0.1,-2.9234999999999998,1.6815,0.16749999999999998,312.579,0.1,-2.855,1.6115,0.2005,312.615,0.1,-2.842,1.6045,0.039,312.636,0.1,-2.8295,1.7295,-0.096,312.604,0.1,
-3.0155,2.041,-0.10400000000000001,312.556,0.1,-2.968,2.1310000000000002,-0.1225,312.516,0.1,-2.9115,2.125,-0.0935,312.507,0.1,-2.892,1.9685,-0.014499999999999999,312.534,0.1,-2.9115,1.8014999999999999,0.037000000000000005,312.566,0.1,-2.9295,1.7599999999999998,0.0385,312.571,0.1,-2.925,1.7945,0.015,312.571,0.1,-2.8905000000000003,1.8504999999999998,-0.0045,312.564,0.1,-2.8235,1.9005,0.0025,312.545,0.1,-2.7915,1.8395000000000001,0.006999999999999999,312.561,0.1,-2.854,1.6835,-0.005,312.599,0.1,-2.913,1.6520000000000001,0.05499999999999999,312.598,0.1,-2.8535,1.7295,0.1825,312.582,0.1,-2.7655000000000003,1.7069999999999999,0.15100000000000002,312.613,0.1,-2.7800000000000002,1.6520000000000001,-0.042499999999999996,312.641,0.1,-2.8289999999999997,1.7345000000000002,-0.1585,312.601,0.1,
-3.0469999999999997,2.113,-0.164,312.555,0.1,-3.0385,2.1959999999999997,-0.152,312.489,0.1,-2.9795,2.208,-0.088,312.46,0.1,-2.9055,2.0915,0.0195,312.493,0.1,-2.8725,1.896,0.036,312.556,0.1,-2.871,1.779,0.0325,312.577,0.1,-2.8655,1.802,-0.006999999999999999,312.57,0.1,-2.8680000000000003,1.8395000000000001,-0.0645,312.589,0.1,-2.8665000000000003,1.852,-0.093,312.596,0.1,-2.8385,1.859,-0.0535,312.567,0.1,-2.824,1.782,0.028499999999999998,312.577,0.1,-2.8315,1.71,0.08249999999999999,312.604,0.1,-2.8005,1.733,0.093,312.609,0.1,-2.746,1.7555,0.04,312.599,0.1,-2.7590000000000003,1.7245,-0.0475,312.592,0.1,-2.8045,1.7365,-0.109,312.563,0.1,
-3.0709999999999997,2.109,-0.1635,312.525,0.1,-3.1029999999999998,2.168,-0.0795,312.464,0.1,-3.0345,2.1995,0.0595,312.421,0.1,-2.9125,2.1639999999999997,0.11649999999999999,312.448,0.1,-2.837,2.0075000000000003,0.0395,312.532,0.1,-2.8095,1.8455,0.008,312.585,0.1,-2.784,1.8395000000000001,-0.016,312.565,0.1,-2.8035,1.9,-0.062,312.551,0.1,-2.8775000000000004,1.8575,-0.126,312.597,0.1,-2.8895,1.839,-0.07899999999999999,312.593,0.1,-2.8195,1.839,0.044,312.575,0.1,-2.785,1.7765,0.027,312.615,0.1,-2.8085,1.7115,-0.0205,312.636,0.1,-2.8075,1.7305,-0.040499999999999994,312.592,0.1,-2.786,1.7965,0.0315,312.53,0.1,-2.7729999999999997,1.7974999999999999,0.020499999999999997,312.513,0.1,
-3.051,2.0404999999999998,-0.07400000000000001,312.476,0.1,-3.0765000000000002,2.077,0.055,312.452,0.1,-2.997,2.1115,0.195,312.443,0.1,-2.886,2.117,0.167,312.46,0.1,-2.8200000000000003,2.0235000000000003,0.063,312.511,0.1,-2.7824999999999998,1.888,-0.001,312.573,0.1,-2.735,1.8795000000000002,-0.052500000000000005,312.573,0.1,-2.7249999999999996,1.9805000000000001,-0.045,312.518,0.1,-2.8095,1.923,-0.0265,312.536,0.1,-2.873,1.8010000000000002,-0.0015,312.595,0.1,-2.8305,1.8125,0.0505,312.593,0.1,-2.8075,1.7995,-0.029,312.611,0.1,-2.8615,1.701,-0.055999999999999994,312.642,0.1,-2.8805,1.6835,-0.082,312.618,0.1,-2.8200000000000003,1.807,0.0495,312.526,0.1,-2.7584999999999997,1.8624999999999998,0.078,312.498,0.1,
-2.992,1.9375,0.036000000000000004,312.479,0.1,-2.9770000000000003,1.9529999999999998,0.14,312.486,0.1,-2.8915,1.9909999999999999,0.186,312.508,0.1,-2.8265000000000002,1.989,0.1065,312.529,0.1,-2.804,1.9095,0.066,312.541,0.1,-2.7779999999999996,1.81,0.0335,312.565,0.1,-2.7394999999999996,1.8505,-0.0875,312.57,0.1,-2.711,2.013,-0.1075,312.52,0.1,-2.7305,2.0105,0.052,312.501,0.1,-2.768,1.7875,0.1265,312.576,0.1,-2.7835,1.72,0.053,312.614,0.1,-2.827,1.7389999999999999,-0.016,312.611,0.1,-2.896,1.6585,0.0,312.639,0.1,-2.9095,1.6315,-0.087,312.656,0.1,-2.8405,1.7334999999999998,-0.017,312.597,0.1,-2.7645,1.8384999999999998,0.0485,312.536,0.1,
-2.9025,1.9009999999999998,0.091,312.545,0.1,-2.8705,1.863,0.094,312.577,0.1,-2.8215,1.896,0.041999999999999996,312.585,0.1,-2.79,1.9035,-0.016,312.585,0.1,-2.7744999999999997,1.8010000000000002,0.03,312.602,0.1,-2.7515,1.677,0.029500000000000002,312.621,0.1,-2.7430000000000003,1.7415,-0.10800000000000001,312.589,0.1,-2.7415000000000003,1.9455,-0.177,312.522,0.1,-2.715,2.0465,0.016,312.495,0.1,-2.6885,1.81,0.16999999999999998,312.572,0.1,-2.701,1.6335000000000002,0.0445,312.633,0.1,-2.7735000000000003,1.655,0.0395,312.618,0.1,-2.871,1.5645,0.0885,312.65,0.1,-2.8994999999999997,1.5385,0.0255,312.672,0.1,-2.8285,1.6435,-0.012,312.663,0.1,-2.7430000000000003,1.7759999999999998,-0.0085,312.615,0.1,
-2.811,1.9954999999999998,0.087,312.581,0.1,-2.807,1.8855,-0.0325,312.637,0.1,-2.8215,1.888,-0.1255,312.625,0.1,-2.803,1.931,-0.1095,312.581,0.1,-2.7535,1.824,0.004,312.605,0.1,-2.718,1.646,-0.039,312.667,0.1,-2.7344999999999997,1.6735,-0.1555,312.633,0.1,-2.7615,1.8295,-0.15849999999999997,312.53,0.1,-2.726,1.9855,-0.0075,312.473,0.1,-2.673,1.839,0.1555,312.547,0.1,-2.6665,1.613,0.0115,312.637,0.1,-2.7104999999999997,1.6375,0.054,312.616,0.1,-2.802,1.517,0.17149999999999999,312.654,0.1,-2.8445,1.433,0.21150000000000002,312.685,0.1,-2.774,1.5619999999999998,0.07350000000000001,312.683,0.1,-2.6915,1.734,-0.0625,312.668,0.1,
-2.7655000000000003,2.1245000000000003,0.0955,312.543,0.1,-2.8,1.9785,-0.07949999999999999,312.599,0.1,-2.8609999999999998,1.958,-0.192,312.594,0.1,-2.8449999999999998,2.033,-0.134,312.532,0.1,-2.766,1.9525000000000001,0.047,312.536,0.1,-2.714,1.7525,-0.028999999999999998,312.61,0.1,-2.7279999999999998,1.734,-0.1445,312.604,0.1,-2.7535,1.7875,-0.064,312.536,0.1,-2.7155,1.8805,0.0205,312.48,0.1,-2.66,1.8315000000000001,0.14250000000000002,312.507,0.1,-2.6595,1.6385,-0.006,312.596,0.1,-2.6710000000000003,1.685,0.035,312.583,0.1,-2.6855,1.5875,0.2385,312.618,0.1,-2.7065,1.3955,0.265,312.703,0.1,-2.694,1.4465,0.076,312.71,0.1,-2.6630000000000003,1.6280000000000001,-0.0695,312.67,0.1,
-2.7855,2.167,0.127,312.505,0.1,-2.8129999999999997,2.0385,-0.0015,312.534,0.1,-2.8899999999999997,2.0244999999999997,-0.135,312.535,0.1,-2.8914999999999997,2.1205,-0.0975,312.484,0.1,-2.8085,2.097,0.13,312.469,0.1,-2.734,1.9215,0.08499999999999999,312.522,0.1,-2.7095000000000002,1.881,-0.0385,312.525,0.1,-2.7110000000000003,1.8559999999999999,0.013000000000000001,312.516,0.1,-2.6905,1.8285,0.0235,312.513,0.1,-2.6505,1.7965,0.1045,312.514,0.1,-2.648,1.67,0.0035,312.554,0.1,-2.6205,1.7475,0.0115,312.54,0.1,-2.552,1.7195,0.237,312.557,0.1,-2.5595,1.446,0.162,312.679,0.1,-2.6285,1.3445,-0.019,312.728,0.1,-2.6559999999999997,1.454,-0.042499999999999996,312.677,0.1,
-2.8465,2.158,0.1195,312.521,0.1,-2.8235,2.05,0.057999999999999996,312.529,0.1,-2.878,2.045,-0.043,312.513,0.1,-2.901,2.149,-0.028,312.47,0.1,-2.8425000000000002,2.163,0.151,312.45,0.1,-2.765,2.01,0.1355,312.489,0.1,-2.7065,1.964,0.011,312.491,0.1,-2.6814999999999998,1.912,0.006,312.492,0.1,-2.671,1.826,0.0115,312.51,0.1,-2.636,1.779,0.084,312.522,0.1,-2.6205,1.685,0.0125,312.546,0.1,-2.5885,1.777,-0.04,312.528,0.1,-2.509,1.787,0.1315,312.516,0.1,-2.508,1.49,0.078,312.605,0.1,-2.5810000000000004,1.313,-0.0495,312.672,0.1,-2.619,1.367,-0.014499999999999999,312.66,0.1,
-3.0195,1.6395,0.0965,312.642,0.1,-2.9059999999999997,1.627,0.182,312.628,0.1,-2.8655,1.433,0.183,312.685,0.1,-2.9,1.2145000000000001,0.0695,312.781,0.1,-2.9255,1.1019999999999999,-0.026000000000000002,312.844,0.1,-2.887,1.1595,-0.069,312.835,0.1,-2.8445,1.22,-0.0415,312.803,0.1,-2.903,1.158,-0.033,312.823,0.1,-3.0215,1.0895000000000001,-0.056999999999999995,312.858,0.1,-3.032,1.1524999999999999,-0.0315,312.839,0.1,-2.9139999999999997,1.1844999999999999,0.0355,312.817,0.1,-2.8114999999999997,1.104,0.0635,312.829,0.1,-2.803,1.035,0.06,312.846,0.1,-2.8369999999999997,1.0325,0.04,312.851,0.1,-2.8369999999999997,1.0805,0.077,312.826,0.1,-2.8040000000000003,1.0590000000000002,0.133,312.809,0.1,
-3.069,1.5975000000000001,0.042499999999999996,312.685,0.1,-2.9635,1.6640000000000001,0.173,312.641,0.1,-2.893,1.524,0.24,312.66,0.1,-2.903,1.359,0.122,312.717,0.1,-2.924,1.2734999999999999,-0.014499999999999999,312.777,0.1,-2.885,1.3,-0.07350000000000001,312.786,0.1,-2.8135000000000003,1.341,-0.032,312.754,0.1,-2.8289999999999997,1.28,0.0055,312.754,0.1,-2.964,1.167,-0.0005,312.801,0.1,-3.0564999999999998,1.143,0.022,312.816,0.1,-2.987,1.189,0.063,312.797,0.1,-2.857,1.1684999999999999,0.056999999999999995,312.802,0.1,-2.7975000000000003,1.121,0.041499999999999995,312.814,0.1,-2.8075,1.0835,0.0025,312.822,0.1,-2.8075,1.0790000000000002,0.0245,312.811,0.1,-2.7685,1.058,0.08399999999999999,312.801,0.1,
-3.0835,1.4929999999999999,-0.0235,312.72,0.1,-3.018,1.612,0.1055,312.673,0.1,-2.9314999999999998,1.5354999999999999,0.224,312.679,0.1,-2.9115,1.4275,0.138,312.699,0.1,-2.9290000000000003,1.4155,-0.003,312.711,0.1,-2.912,1.4365,-0.068,312.722,0.1,-2.84,1.455,-0.012,312.71,0.1,-2.794,1.401,0.08199999999999999,312.699,0.1,-2.856,1.2795,0.1325,312.73,0.1,-2.966,1.143,0.1295,312.79,0.1,-2.988,1.116,0.091,312.815,0.1,-2.912,1.1675,0.041999999999999996,312.798,0.1,-2.849,1.1560000000000001,0.019,312.788,0.1,-2.832,1.1115,-0.0065,312.785,0.1,-2.799,1.0895000000000001,-0.002,312.782,0.1,-2.7285,1.053,0.0275,312.781,0.1,
-3.0484999999999998,1.3925,-0.056999999999999995,312.731,0.1,-3.0235000000000003,1.512,0.0385,312.691,0.1,-2.9539999999999997,1.49,0.1635,312.702,0.1,-2.9275,1.4095,0.10200000000000001,312.723,0.1,-2.936,1.4465,0.002,312.689,0.1,-2.932,1.487,-0.0285,312.669,0.1,-2.888,1.495,0.009,312.676,0.1,-2.8115,1.467,0.10250000000000001,312.676,0.1,-2.7705,1.377,0.2075,312.69,0.1,-2.825,1.178,0.1925,312.772,0.1,-2.9145000000000003,1.0405,0.07650000000000001,312.849,0.1,-2.9345,1.117,0.003,312.822,0.1,-2.9035,1.1444999999999999,0.027000000000000003,312.783,0.1,-2.875,1.0979999999999999,0.049,312.772,0.1,-2.825,1.1,0.0365,312.763,0.1,-2.7275,1.0939999999999999,0.0115,312.76,0.1,
-3.004,1.369,-0.066,312.735,0.1,-2.9805,1.4535,-0.007,312.702,0.1,-2.9375,1.4475,0.097,312.711,0.1,-2.9375,1.3639999999999999,0.055999999999999994,312.743,0.1,-2.952,1.391,0.0005,312.712,0.1,-2.94,1.4529999999999998,0.019,312.665,0.1,-2.9074999999999998,1.4609999999999999,0.041999999999999996,312.664,0.1,-2.83,1.4585,0.0775,312.674,0.1,-2.725,1.4125,0.173,312.686,0.1,-2.714,1.2175,0.165,312.764,0.1,-2.8339999999999996,1.013,0.016,312.86,0.1,-2.9385,1.055,-0.040999999999999995,312.846,0.1,-2.932,1.127,0.0795,312.788,0.1,-2.8819999999999997,1.0859999999999999,0.1425,312.783,0.1,-2.8375,1.1059999999999999,0.08299999999999999,312.777,0.1,-2.761,1.1684999999999999,-0.0175,312.762,0.1,
-2.982,1.4489999999999998,-0.076,312.73,0.1,-2.942,1.5095,-0.064,312.707,0.1,-2.9055,1.4805000000000001,0.0,312.715,0.1,-2.924,1.3595000000000002,0.013000000000000001,312.745,0.1,-2.9610000000000003,1.319,0.0155,312.74,0.1,-2.9485,1.3885,0.040499999999999994,312.696,0.1,-2.9015,1.42,0.0535,312.679,0.1,-2.8259999999999996,1.4224999999999999,0.052500000000000005,312.685,0.1,-2.71,1.4,0.08299999999999999,312.702,0.1,-2.6605,1.2485,0.076,312.758,0.1,-2.777,1.0310000000000001,-0.023,312.837,0.1,-2.9245,1.008,-0.0225,312.844,0.1,-2.926,1.118,0.14800000000000002,312.795,0.1,-2.843,1.1175,0.185,312.805,0.1,-2.8075,1.1235,0.048,312.812,0.1,-2.79,1.2185000000000001,-0.09,312.778,0.1,
-2.987,1.561,-0.11399999999999999,312.72,0.1,-2.947,1.6385,-0.1325,312.685,0.1,-2.9059999999999997,1.5975000000000001,-0.10700000000000001,312.694,0.1,-2.9059999999999997,1.4295,-0.0285,312.733,0.1,-2.9429999999999996,1.286,0.03,312.759,0.1,-2.95,1.3155000000000001,0.041,312.733,0.1,-2.901,1.4009999999999998,0.02,312.704,0.1,-2.8255,1.4205,0.0055,312.705,0.1,-2.73,1.396,0.0025,312.717,0.1,-2.6675,1.2919999999999998,-0.004999999999999999,312.748,0.1,-2.7314999999999996,1.0985,-0.008,312.8,0.1,-2.857,1.0035,0.0495,312.83,0.1,-2.875,1.0925,0.1595,312.816,0.1,-2.8015,1.1549999999999998,0.1255,312.818,0.1,-2.779,1.1585,-0.041,312.823,0.1,-2.802,1.2205,-0.1505,312.78,0.1,
-3.0305,1.6,-0.167,312.719,0.1,-3.0095,1.708,-0.153,312.646,0.1,-2.9475,1.7055,-0.0985,312.63,0.1,-2.8925,1.5525,-0.004,312.686,0.1,-2.8914999999999997,1.3325,0.021,312.764,0.1,-2.9124999999999996,1.2575,0.027999999999999997,312.773,0.1,-2.893,1.3655,-0.012,312.728,0.1,-2.8455000000000004,1.4495,-0.0635,312.716,0.1,-2.7895000000000003,1.4249999999999998,-0.08149999999999999,312.73,0.1,-2.7205000000000004,1.3555,-0.0555,312.734,0.1,-2.693,1.213,0.013000000000000001,312.767,0.1,-2.745,1.0625,0.07050000000000001,312.823,0.1,-2.7995,1.043,0.08349999999999999,312.849,0.1,-2.7945,1.123,0.023,312.822,0.1,-2.7925,1.1875,-0.061,312.788,0.1,-2.8114999999999997,1.218,-0.108,312.751,0.1,
-3.0775,1.5525,-0.156,312.705,0.1,-3.0875000000000004,1.6555,-0.0745,312.633,0.1,-2.9945,1.7095,0.052500000000000005,312.582,0.1,-2.8739999999999997,1.6480000000000001,0.1,312.62,0.1,-2.8245,1.439,0.0275,312.727,0.1,-2.8369999999999997,1.2645,-0.0025,312.793,0.1,-2.8395,1.3105,-0.029500000000000002,312.759,0.1,-2.8375,1.46,-0.07350000000000001,312.707,0.1,-2.846,1.4555,-0.11399999999999999,312.722,0.1,-2.795,1.3935,-0.0675,312.729,0.1,-2.6935000000000002,1.3215,0.027499999999999997,312.738,0.1,-2.6710000000000003,1.1715,0.0185,312.807,0.1,-2.7525,1.0205,-0.0175,312.868,0.1,-2.82,1.0310000000000001,-0.045,312.835,0.1,-2.8305,1.177,0.0055,312.747,0.1,-2.8165,1.2515,0.011,312.711,0.1,
-3.0614999999999997,1.472,-0.0615,312.671,0.1,-3.0895,1.528,0.0605,312.647,0.1,-2.9865,1.6059999999999999,0.1895,312.616,0.1,-2.8465,1.629,0.168,312.617,0.1,-2.7720000000000002,1.4975,0.067,312.676,0.1,-2.7645,1.3075,-0.006,312.762,0.1,-2.7735,1.275,-0.069,312.781,0.1,-2.793,1.4255,-0.0665,312.713,0.1,-2.839,1.453,-0.027,312.695,0.1,-2.828,1.3615,0.0115,312.732,0.1,-2.7245,1.3485,0.0475,312.73,0.1,-2.6734999999999998,1.2675,-0.022,312.766,0.1,-2.7485,1.061,-0.049,312.847,0.1,-2.8335,0.9695,-0.083,312.863,0.1,-2.841,1.109,0.026500000000000003,312.766,0.1,-2.8125,1.2610000000000001,0.066,312.704,0.1,
-2.981,1.4035,0.0435,312.674,0.1,-3.004,1.3860000000000001,0.14150000000000001,312.696,0.1,-2.9335,1.4485000000000001,0.181,312.704,0.1,-2.833,1.5030000000000001,0.113,312.695,0.1,-2.755,1.441,0.08049999999999999,312.69,0.1,-2.7110000000000003,1.2959999999999998,0.040499999999999994,312.725,0.1,-2.7185,1.2485,-0.09,312.76,0.1,-2.761,1.358,-0.123,312.734,0.1,-2.8055000000000003,1.409,0.036,312.703,0.1,-2.803,1.2765,0.131,312.748,0.1,-2.7394999999999996,1.2614999999999998,0.065,312.758,0.1,-2.7035,1.279,0.0045000000000000005,312.741,0.1,-2.745,1.1070000000000002,0.016,312.8,0.1,-2.8015,0.9704999999999999,-0.0825,312.868,0.1,-2.8075,1.0190000000000001,-0.031,312.839,0.1,-2.791,1.182,0.037000000000000005,312.758,0.1,
-2.8775,1.4100000000000001,0.0905,312.727,0.1,-2.885,1.3025,0.093,312.783,0.1,-2.887,1.3130000000000002,0.0375,312.798,0.1,-2.8545,1.3735,-0.018500000000000003,312.777,0.1,-2.7815000000000003,1.3445,0.033,312.764,0.1,-2.697,1.2345,0.035500000000000004,312.769,0.1,-2.6775,1.219,-0.096,312.75,0.1,-2.731,1.294,-0.16849999999999998,312.72,0.1,-2.778,1.3455,-0.0005,312.718,0.1,-2.7765,1.189,0.1615,312.78,0.1,-2.743,1.113,0.059,312.812,0.1,-2.7199999999999998,1.216,0.0565,312.758,0.1,-2.7325,1.1045,0.11599999999999999,312.785,0.1,-2.748,0.9784999999999999,0.041999999999999996,312.838,0.1,-2.7335000000000003,0.984,-0.0195,312.873,0.1,-2.7235,1.0925,-0.023,312.843,0.1,
-2.7895,1.517,0.08549999999999999,312.749,0.1,-2.793,1.3425,-0.027999999999999997,312.826,0.1,-2.8625,1.2770000000000001,-0.1295,312.842,0.1,-2.8875,1.3295,-0.1235,312.797,0.1,-2.8235,1.314,-0.009500000000000001,312.792,0.1,-2.729,1.2109999999999999,-0.041999999999999996,312.827,0.1,-2.6885,1.23,-0.145,312.779,0.1,-2.708,1.2795,-0.1345,312.697,0.1,-2.7255000000000003,1.304,-0.0075,312.685,0.1,-2.737,1.1440000000000001,0.1375,312.773,0.1,-2.7475,0.9935,0.019,312.85,0.1,-2.7350000000000003,1.1440000000000001,0.057,312.788,0.1,-2.729,1.0965,0.1915,312.795,0.1,-2.7065,0.968,0.23299999999999998,312.83,0.1,-2.644,1.0025,0.082,312.848,0.1,-2.623,1.0739999999999998,-0.066,312.869,0.1,
-2.7555,1.624,0.0965,312.708,0.1,-2.7595,1.455,-0.0665,312.773,0.1,-2.859,1.351,-0.1895,312.8,0.1,-2.9165,1.3795,-0.148,312.758,0.1,-2.8689999999999998,1.3685,0.027,312.741,0.1,-2.783,1.2694999999999999,-0.036000000000000004,312.787,0.1,-2.7335000000000003,1.3075,-0.1465,312.758,0.1,-2.7085,1.3355000000000001,-0.051000000000000004,312.681,0.1,-2.6675,1.311,0.034,312.659,0.1,-2.6585,1.1575,0.1285,312.724,0.1,-2.7125,0.954,-0.0045000000000000005,312.825,0.1,-2.7305,1.0885,0.025,312.788,0.1,-2.694,1.12,0.23299999999999998,312.78,0.1,-2.6445,0.9635,0.28,312.851,0.1,-2.5810000000000004,0.9824999999999999,0.1015,312.848,0.1,-2.5525,1.053,-0.052,312.832,0.1,
-2.7945,1.62,0.125,312.683,0.1,-2.773,1.5245,0.013,312.702,0.1,-2.8565,1.4594999999999998,-0.12,312.719,0.1,-2.9255,1.479,-0.098,312.696,0.1,-2.9045,1.47,0.108,312.679,0.1,-2.8335,1.38,0.0765,312.709,0.1,-2.7655000000000003,1.4215,-0.046,312.694,0.1,-2.7055,1.4395,0.0115,312.66,0.1,-2.638,1.366,0.039,312.659,0.1,-2.5949999999999998,1.2205,0.1015,312.696,0.1,-2.6395,1.008,0.0045000000000000005,312.773,0.1,-2.6745,1.068,0.0005,312.769,0.1,-2.6225,1.1465,0.21300000000000002,312.75,0.1,-2.583,0.975,0.1675,312.847,0.1,-2.5745,0.913,0.0055,312.875,0.1,-2.5454999999999997,0.9724999999999999,-0.023,312.822,0.1,
-2.8674999999999997,1.583,0.1095,312.722,0.1,-2.812,1.536,0.0655,312.707,0.1,-2.8449999999999998,1.509,-0.025,312.68,0.1,-2.895,1.534,-0.017,312.65,0.1,-2.9,1.527,0.1335,312.649,0.1,-2.864,1.441,0.123,312.681,0.1,-2.794,1.481,0.0035,312.671,0.1,-2.7135,1.498,0.0,312.648,0.1,-2.641,1.404,0.022,312.65,0.1,-2.5700000000000003,1.263,0.0835,312.672,0.1,-2.566,1.059,0.011,312.727,0.1,-2.5995,1.072,-0.043,312.75,0.1,-2.575,1.155,0.109,312.735,0.1,-2.5625,0.984,0.07300000000000001,312.798,0.1,-2.5835,0.876,-0.042499999999999996,312.847,0.1,-2.559,0.922,-0.015,312.815,0.1,
-3.0035,1.187,0.0935,312.801,0.1,-2.8725,1.1825,0.16749999999999998,312.782,0.1,-2.8115,0.9990000000000001,0.175,312.842,0.1,-2.835,0.7849999999999999,0.0655,312.951,0.1,-2.8615,0.683,-0.031,313.022,0.1,-2.8335,0.741,-0.0795,313.014,0.1,-2.7935,0.81,-0.0555,312.977,0.1,-2.8385,0.7615000000000001,-0.039,312.987,0.1,-2.9400000000000004,0.6865,-0.052000000000000005,313.019,0.1,-2.943,0.728,-0.033,313.006,0.1,-2.8255,0.7605,0.021,312.991,0.1,-2.726,0.6955,0.049,313.005,0.1,-2.7285,0.621,0.053000000000000005,313.028,0.1,-2.7824999999999998,0.597,0.042499999999999996,313.04,0.1,-2.8,0.6335,0.0775,313.018,0.1,-2.769,0.6315,0.1285,312.996,0.1,
-3.056,1.155,0.051500000000000004,312.847,0.1,-2.9314999999999998,1.232,0.163,312.797,0.1,-2.832,1.1055000000000001,0.23399999999999999,312.812,0.1,-2.829,0.9219999999999999,0.119,312.883,0.1,-2.8545,0.825,-0.0235,312.956,0.1,-2.8259999999999996,0.8465,-0.087,312.968,0.1,-2.7605,0.8965,-0.0485,312.934,0.1,-2.7715,0.8540000000000001,-0.0055,312.927,0.1,-2.896,0.7435,0.0005,312.967,0.1,-2.979,0.7075,0.026500000000000003,312.983,0.1,-2.9035,0.7595000000000001,0.059,312.965,0.1,-2.771,0.7575000000000001,0.047,312.969,0.1,-2.7205,0.7065,0.0345,312.987,0.1,-2.752,0.644,0.002,313.009,0.1,-2.7725,0.622,0.0235,313.008,0.1,-2.738,0.612,0.0805,312.995,0.1,
-3.072,1.05,-0.008,312.892,0.1,-3.0015,1.1755,0.102,312.838,0.1,-2.887,1.127,0.219,312.834,0.1,-2.8419999999999996,1.0074999999999998,0.142,312.859,0.1,-2.8555,0.9615,-0.0025,312.884,0.1,-2.8485,0.964,-0.074,312.902,0.1,-2.7880000000000003,0.982,-0.0245,312.893,0.1,-2.7445,0.9445,0.0685,312.877,0.1,-2.8015,0.8320000000000001,0.128,312.902,0.1,-2.9050000000000002,0.692,0.136,312.963,0.1,-2.92,0.6775,0.0975,312.986,0.1,-2.835,0.7515000000000001,0.04,312.964,0.1,-2.7695,0.746,0.019,312.955,0.1,-2.768,0.6815,-0.0015,312.963,0.1,-2.7605000000000004,0.6365000000000001,-0.002,312.977,0.1,-2.7015000000000002,0.6025,0.022,312.981,0.1,
-3.034,0.952,-0.042499999999999996,312.915,0.1,-3.0205,1.0635,0.041499999999999995,312.871,0.1,-2.941,1.0715,0.16,312.869,0.1,-2.887,1.0074999999999998,0.1095,312.881,0.1,-2.873,1.0215,0.013999999999999999,312.851,0.1,-2.866,1.031,-0.0215,312.841,0.1,-2.8355,1.0139999999999998,0.0085,312.858,0.1,-2.769,0.9835,0.091,312.86,0.1,-2.7225,0.91,0.1975,312.867,0.1,-2.7695,0.7204999999999999,0.197,312.949,0.1,-2.857,0.5925,0.09,313.027,0.1,-2.8715,0.69,0.01,312.997,0.1,-2.8305,0.7364999999999999,0.03,312.952,0.1,-2.8040000000000003,0.6865,0.057999999999999996,312.944,0.1,-2.775,0.6645000000000001,0.0385,312.95,0.1,-2.6959999999999997,0.6475,0.004,312.958,0.1,
-2.9825,0.94,-0.0605,312.922,0.1,-2.979,1.0045,-0.007,312.892,0.1,-2.945,1.0105,0.091,312.892,0.1,-2.9305,0.9555,0.061,312.909,0.1,-2.9165,0.994,0.013,312.871,0.1,-2.883,1.039,0.031,312.829,0.1,-2.8505000000000003,1.007,0.051500000000000004,312.84,0.1,-2.784,0.971,0.075,312.863,0.1,-2.676,0.931,0.16,312.872,0.1,-2.654,0.7605,0.163,312.943,0.1,-2.7745,0.5595000000000001,0.0305,313.044,0.1,-2.883,0.611,-0.028499999999999998,313.031,0.1,-2.87,0.71,0.0765,312.967,0.1,-2.8129999999999997,0.6855,0.14150000000000001,312.957,0.1,-2.779,0.687,0.087,312.957,0.1,-2.721,0.724,-0.0195,312.951,0.1,
-2.9515000000000002,1.0255,-0.08299999999999999,312.912,0.1,-2.932,1.065,-0.07400000000000001,312.897,0.1,-2.915,1.028,-0.012,312.904,0.1,-2.9345,0.9255,0.011,312.925,0.1,-2.9524999999999997,0.9165,0.020499999999999997,312.907,0.1,-2.913,1.002,0.0465,312.857,0.1,-2.8484999999999996,1.012,0.0605,312.845,0.1,-2.7725,0.967,0.057499999999999996,312.867,0.1,-2.6535,0.9215,0.074,312.894,0.1,-2.5895,0.788,0.0665,312.943,0.1,-2.7039999999999997,0.5725,-0.014499999999999999,313.025,0.1,-2.868,0.5409999999999999,-0.012,313.039,0.1,-2.8804999999999996,0.6755,0.136,312.986,0.1,-2.7939999999999996,0.7075,0.16849999999999998,312.984,0.1,-2.7545,0.71,0.051,312.987,0.1,-2.7435,0.7725,-0.08399999999999999,312.959,0.1,
-2.9505,1.1280000000000001,-0.124,312.892,0.1,-2.9245,1.1915,-0.14500000000000002,312.865,0.1,-2.9029999999999996,1.134,-0.122,312.882,0.1,-2.9145,0.9695,-0.041,312.923,0.1,-2.948,0.8534999999999999,0.026000000000000002,312.94,0.1,-2.9379999999999997,0.921,0.042,312.9,0.1,-2.867,1.0179999999999998,0.018500000000000003,312.865,0.1,-2.7755,1.012,0.0085,312.869,0.1,-2.6685,0.9485,0.0015,312.898,0.1,-2.589,0.8305,-0.0165,312.937,0.1,-2.6464999999999996,0.631,-0.013500000000000002,312.991,0.1,-2.7945,0.512,0.05,313.031,0.1,-2.8440000000000003,0.6125,0.149,313.017,0.1,-2.7800000000000002,0.713,0.10600000000000001,313.005,0.1,-2.7445,0.7364999999999999,-0.042499999999999996,312.999,0.1,-2.7605,0.7735000000000001,-0.1405,312.959,0.1,
-2.998,1.148,-0.1675,312.885,0.1,-2.974,1.255,-0.1555,312.818,0.1,-2.922,1.24,-0.1095,312.811,0.1,-2.8865,1.077,-0.0245,312.878,0.1,-2.8979999999999997,0.869,0.0095,312.955,0.1,-2.9185,0.8335,0.025,312.953,0.1,-2.888,0.972,-0.018000000000000002,312.896,0.1,-2.817,1.0635,-0.0675,312.87,0.1,-2.733,1.0175,-0.0765,312.888,0.1,-2.6425,0.911,-0.06,312.91,0.1,-2.605,0.7444999999999999,-0.0035,312.954,0.1,-2.673,0.5609999999999999,0.061,313.022,0.1,-2.7645,0.5329999999999999,0.08449999999999999,313.055,0.1,-2.7845,0.6395,0.016,313.02,0.1,-2.778,0.7384999999999999,-0.07100000000000001,312.973,0.1,-2.787,0.767,-0.105,312.936,0.1,
-3.0595,1.0815,-0.14600000000000002,312.878,0.1,-3.0545,1.1949999999999998,-0.0685,312.807,0.1,-2.9545,1.2505,0.0465,312.759,0.1,-2.8485,1.175,0.08449999999999999,312.805,0.1,-2.8205,0.9605,0.017499999999999998,312.918,0.1,-2.848,0.8105,-0.009,312.981,0.1,-2.8595,0.888,-0.038000000000000006,312.938,0.1,-2.8435,1.057,-0.08399999999999999,312.872,0.1,-2.811,1.0625,-0.1085,312.872,0.1,-2.723,0.9764999999999999,-0.0625,312.885,0.1,-2.6045,0.871,0.01,312.909,0.1,-2.5865,0.6835,0.008,312.99,0.1,-2.6935000000000002,0.5035000000000001,-0.01,313.071,0.1,-2.7925,0.516,-0.039,313.045,0.1,-2.8205,0.6859999999999999,-0.009,312.947,0.1,-2.8105,0.782,0.004,312.901,0.1,
-3.0515,1.0005,-0.048,312.856,0.1,-3.0745,1.0635,0.0685,312.834,0.1,-2.9604999999999997,1.1545,0.1855,312.797,0.1,-2.8129999999999997,1.1775,0.166,312.794,0.1,-2.7445,1.0354999999999999,0.0675,312.858,0.1,-2.759,0.847,-0.009000000000000001,312.949,0.1,-2.798,0.825,-0.0765,312.967,0.1,-2.8285,0.9850000000000001,-0.079,312.894,0.1,-2.8425000000000002,1.0375,-0.0305,312.86,0.1,-2.7824999999999998,0.9575,0.0165,312.885,0.1,-2.6445,0.9255,0.0395,312.884,0.1,-2.577,0.8109999999999999,-0.022,312.927,0.1,-2.659,0.5609999999999999,-0.044,313.035,0.1,-2.7750000000000004,0.445,-0.077,313.074,0.1,-2.8195,0.5855,0.017,312.977,0.1,-2.8125,0.7635000000000001,0.059,312.899,0.1,
-2.967,0.956,0.0495,312.866,0.1,-3.0035,0.9305,0.1455,312.892,0.1,-2.9375,1.0035,0.178,312.894,0.1,-2.8185000000000002,1.075,0.115,312.874,0.1,-2.718,1.019,0.087,312.866,0.1,-2.6790000000000003,0.868,0.0435,312.905,0.1,-2.721,0.801,-0.088,312.946,0.1,-2.7984999999999998,0.8885000000000001,-0.127,312.924,0.1,-2.8440000000000003,0.948,0.0245,312.887,0.1,-2.8075,0.8545,0.127,312.915,0.1,-2.6955,0.8555,0.068,312.91,0.1,-2.6115,0.8625,0.013000000000000001,312.886,0.1,-2.633,0.6495,0.0225,312.963,0.1,-2.7115,0.4675,-0.0785,313.061,0.1,-2.7595,0.495,-0.0365,313.047,0.1,-2.7765,0.6679999999999999,0.032,312.96,0.1,
-2.8605,0.981,0.08449999999999999,312.917,0.1,-2.885,0.859,0.094,312.978,0.1,-2.9045,0.8685,0.036,312.994,0.1,-2.8665000000000003,0.9485,-0.0215,312.967,0.1,-2.765,0.9475,0.03,312.944,0.1,-2.662,0.849,0.035,312.946,0.1,-2.656,0.8065,-0.087,312.933,0.1,-2.7435,0.829,-0.156,312.913,0.1,-2.8205,0.845,-0.006500000000000001,312.916,0.1,-2.8209999999999997,0.7235,0.1525,312.965,0.1,-2.755,0.6915,0.067,312.98,0.1,-2.6725,0.8215,0.0625,312.907,0.1,-2.6304999999999996,0.704,0.129,312.93,0.1,-2.6375,0.5285,0.0495,313.004,0.1,-2.6559999999999997,0.486,-0.027,313.063,0.1,-2.687,0.5740000000000001,-0.031,313.042,0.1,
-2.7729999999999997,1.0785,0.07550000000000001,312.935,0.1,-2.784,0.895,-0.024,313.017,0.1,-2.8725,0.818,-0.127,313.041,0.1,-2.907,0.8785000000000001,-0.1315,312.997,0.1,-2.8315,0.9025000000000001,-0.026000000000000002,312.982,0.1,-2.7165,0.833,-0.0505,313.007,0.1,-2.6654999999999998,0.8445,-0.139,312.959,0.1,-2.694,0.848,-0.11599999999999999,312.884,0.1,-2.7395,0.806,-0.0015,312.89,0.1,-2.7775,0.642,0.1275,312.976,0.1,-2.7889999999999997,0.5285,0.027,313.038,0.1,-2.739,0.73,0.0575,312.956,0.1,-2.6695,0.727,0.1995,312.944,0.1,-2.605,0.5765,0.242,312.981,0.1,-2.5495,0.55,0.0815,313.014,0.1,-2.565,0.562,-0.0695,313.053,0.1,
-2.7385,1.161,0.0885,312.893,0.1,-2.7355,0.995,-0.057999999999999996,312.961,0.1,-2.8520000000000003,0.871,-0.182,313.001,0.1,-2.934,0.892,-0.153,312.965,0.1,-2.8935,0.9179999999999999,0.0055000000000000005,312.939,0.1,-2.7955,0.8614999999999999,-0.0495,312.975,0.1,-2.7275,0.9159999999999999,-0.151,312.939,0.1,-2.6915,0.9339999999999999,-0.045,312.859,0.1,-2.6585,0.8580000000000001,0.0445,312.854,0.1,-2.672,0.6625,0.121,312.934,0.1,-2.7455,0.459,0.001,313.03,0.1,-2.7595,0.6275,0.0235,312.978,0.1,-2.6875,0.7275,0.2255,312.945,0.1,-2.591,0.598,0.2845,313.003,0.1,-2.496,0.586,0.11549999999999999,312.998,0.1,-2.471,0.5825,-0.041999999999999996,312.997,0.1,
-2.776,1.134,0.118,312.872,0.1,-2.741,1.058,0.020999999999999998,312.89,0.1,-2.8335,0.9765,-0.10650000000000001,312.915,0.1,-2.932,0.974,-0.0935,312.901,0.1,-2.934,0.984,0.089,312.88,0.1,-2.8655,0.9339999999999999,0.062,312.901,0.1,-2.7830000000000004,1.0025,-0.059,312.88,0.1,-2.7030000000000003,1.0435,0.0029999999999999996,312.835,0.1,-2.625,0.958,0.0465,312.838,0.1,-2.584,0.7709999999999999,0.098,312.893,0.1,-2.645,0.5285,0.006,312.98,0.1,-2.706,0.5714999999999999,-0.001,312.976,0.1,-2.659,0.6970000000000001,0.194,312.937,0.1,-2.5865,0.59,0.1675,313.017,0.1,-2.526,0.5445,0.020999999999999998,313.03,0.1,-2.463,0.5635,-0.013,312.976,0.1,
-2.843,1.087,0.10200000000000001,312.918,0.1,-2.7835,1.068,0.07050000000000001,312.898,0.1,-2.8165,1.032,-0.0125,312.869,0.1,-2.885,1.028,-0.008,312.843,0.1,-2.9189999999999996,1.027,0.1225,312.848,0.1,-2.9005,0.978,0.1115,312.875,0.1,-2.8259999999999996,1.046,-0.0085,312.862,0.1,-2.7249999999999996,1.098,-0.011,312.828,0.1,-2.6355,1.012,0.025500000000000002,312.827,0.1,-2.557,0.841,0.078,312.856,0.1,-2.556,0.6,0.0045,312.921,0.1,-2.6145,0.566,-0.0445,312.957,0.1,-2.613,0.674,0.092,312.941,0.1,-2.5875000000000004,0.579,0.066,312.989,0.1,-2.5715000000000003,0.508,-0.041,313.024,0.1,-2.5075000000000003,0.541,-0.0195,312.977,0.1,
-2.967,0.83,0.0905,312.98,0.1,-2.835,0.827,0.14900000000000002,312.962,0.1,-2.766,0.671,0.161,313.021,0.1,-2.7855,0.489,0.06,313.13,0.1,-2.8200000000000003,0.41100000000000003,-0.035500000000000004,313.199,0.1,-2.8120000000000003,0.4665,-0.089,313.191,0.1,-2.7845,0.53,-0.069,313.151,0.1,-2.803,0.49,-0.045,313.143,0.1,-2.8495,0.406,-0.046,313.162,0.1,-2.8225,0.401,-0.033,313.164,0.1,-2.7145,0.4135,0.007,313.169,0.1,-2.6325,0.367,0.035,313.19,0.1,-2.6494999999999997,0.30100000000000005,0.047,313.217,0.1,-2.7255000000000003,0.2675,0.0475,313.241,0.1,-2.7685,0.2985,0.082,313.229,0.1,-2.747,0.3195,0.1275,313.199,0.1,
-3.016,0.8175,0.062,313.023,0.1,-2.891,0.882,0.1525,312.975,0.1,-2.783,0.7725,0.2215,312.993,0.1,-2.7744999999999997,0.6035,0.1125,313.07,0.1,-2.8075,0.518,-0.0325,313.143,0.1,-2.8005,0.5425,-0.0985,313.152,0.1,-2.7590000000000003,0.5880000000000001,-0.0635,313.115,0.1,-2.7640000000000002,0.5555,-0.0165,313.095,0.1,-2.8385,0.4575,0.0015,313.114,0.1,-2.8695000000000004,0.403,0.032,313.128,0.1,-2.7830000000000004,0.423,0.055,313.129,0.1,-2.6665,0.41900000000000004,0.037000000000000005,313.147,0.1,-2.6334999999999997,0.37,0.0295,313.173,0.1,-2.6875,0.29800000000000004,0.004,313.207,0.1,-2.7385,0.266,0.026500000000000003,313.221,0.1,-2.7225,0.273,0.0795,313.209,0.1,
-3.032,0.734,0.01,313.069,0.1,-2.961,0.837,0.102,313.014,0.1,-2.8404999999999996,0.7975000000000001,0.2115,313.012,0.1,-2.7885,0.6819999999999999,0.142,313.046,0.1,-2.8055000000000003,0.6265000000000001,-0.003,313.079,0.1,-2.815,0.628,-0.078,313.092,0.1,-2.78,0.643,-0.033,313.081,0.1,-2.7474999999999996,0.614,0.0555,313.061,0.1,-2.7765,0.525,0.12,313.067,0.1,-2.8265000000000002,0.406,0.14,313.109,0.1,-2.806,0.38049999999999995,0.10450000000000001,313.135,0.1,-2.721,0.4275,0.038,313.131,0.1,-2.6695,0.41000000000000003,0.019,313.133,0.1,-2.689,0.3305,0.0035,313.155,0.1,-2.715,0.26949999999999996,0.0,313.188,0.1,-2.6845,0.249,0.0175,313.199,0.1,
-3.001,0.6435,-0.026000000000000002,313.097,0.1,-2.989,0.734,0.048,313.05,0.1,-2.9035,0.744,0.1575,313.044,0.1,-2.8385,0.6855,0.1145,313.061,0.1,-2.8235,0.677,0.022,313.046,0.1,-2.827,0.6735,-0.014499999999999999,313.036,0.1,-2.814,0.656,0.0115,313.049,0.1,-2.766,0.6325000000000001,0.08299999999999999,313.053,0.1,-2.7185,0.579,0.184,313.051,0.1,-2.7279999999999998,0.434,0.1955,313.107,0.1,-2.7664999999999997,0.33099999999999996,0.10200000000000001,313.169,0.1,-2.7605000000000004,0.39449999999999996,0.0175,313.15,0.1,-2.7245,0.414,0.032,313.122,0.1,-2.7135,0.34750000000000003,0.0655,313.126,0.1,-2.7135,0.3035,0.041499999999999995,313.151,0.1,-2.6675,0.2885,-0.004,313.172,0.1,
-2.952,0.617,-0.0555,313.108,0.1,-2.9615,0.6705000000000001,-0.005,313.077,0.1,-2.9265,0.6779999999999999,0.087,313.069,0.1,-2.8935,0.6365000000000001,0.065,313.081,0.1,-2.8665000000000003,0.6555,0.023,313.055,0.1,-2.838,0.675,0.040499999999999994,313.025,0.1,-2.8195,0.6405000000000001,0.0605,313.034,0.1,-2.7720000000000002,0.611,0.0765,313.058,0.1,-2.678,0.587,0.1475,313.066,0.1,-2.6390000000000002,0.46099999999999997,0.155,313.118,0.1,-2.7119999999999997,0.3065,0.0435,313.192,0.1,-2.7835,0.3375,-0.013000000000000001,313.178,0.1,-2.7655,0.402,0.0735,313.131,0.1,-2.7199999999999998,0.366,0.1385,313.131,0.1,-2.706,0.34650000000000003,0.089,313.144,0.1,-2.6765,0.369,-0.023,313.152,0.1,
-2.9154999999999998,0.673,-0.091,313.098,0.1,-2.919,0.706,-0.08399999999999999,313.086,0.1,-2.9135,0.6775,-0.024,313.087,0.1,-2.9165,0.5994999999999999,0.009000000000000001,313.095,0.1,-2.9080000000000004,0.591,0.026000000000000002,313.079,0.1,-2.8625,0.6445000000000001,0.05,313.046,0.1,-2.811,0.6395,0.0635,313.043,0.1,-2.7535,0.5994999999999999,0.062,313.063,0.1,-2.653,0.5700000000000001,0.068,313.089,0.1,-2.5875,0.4715,0.055999999999999994,313.13,0.1,-2.6639999999999997,0.3065,-0.008,313.186,0.1,-2.7824999999999998,0.278,0.0034999999999999996,313.189,0.1,-2.7785,0.3795,0.128,313.147,0.1,-2.6995,0.40049999999999997,0.1515,313.151,0.1,-2.676,0.38849999999999996,0.051,313.162,0.1,-2.6870000000000003,0.428,-0.0775,313.148,0.1,
-2.9050000000000002,0.754,-0.1335,313.072,0.1,-2.9005,0.7989999999999999,-0.159,313.057,0.1,-2.903,0.75,-0.138,313.073,0.1,-2.915,0.619,-0.053,313.1,0.1,-2.919,0.5365,0.0235,313.105,0.1,-2.8865,0.5860000000000001,0.042,313.075,0.1,-2.8225,0.648,0.0135,313.059,0.1,-2.7485,0.634,0.007,313.067,0.1,-2.6565000000000003,0.5835,0.0,313.092,0.1,-2.583,0.4925,-0.0275,313.127,0.1,-2.6189999999999998,0.3395,-0.0205,313.166,0.1,-2.7255,0.249,0.054,313.19,0.1,-2.7495,0.3295,0.145,313.176,0.1,-2.6845,0.41100000000000003,0.0895,313.168,0.1,-2.6605,0.4185,-0.046,313.168,0.1,-2.695,0.4345,-0.129,313.14,0.1,
-2.9445,0.7785,-0.1665,313.054,0.1,-2.9299999999999997,0.849,-0.159,313.008,0.1,-2.9055,0.8255,-0.121,313.009,0.1,-2.8914999999999997,0.6890000000000001,-0.0435,313.068,0.1,-2.892,0.539,0.001,313.125,0.1,-2.883,0.526,0.023,313.115,0.1,-2.843,0.6275,-0.024,313.074,0.1,-2.7805,0.683,-0.0745,313.063,0.1,-2.7030000000000003,0.6365000000000001,-0.0755,313.078,0.1,-2.6189999999999998,0.544,-0.0665,313.1,0.1,-2.5795,0.41600000000000004,-0.020999999999999998,313.135,0.1,-2.6239999999999997,0.28,0.053000000000000005,313.188,0.1,-2.687,0.258,0.0915,313.216,0.1,-2.694,0.34450000000000003,0.014499999999999999,313.184,0.1,-2.69,0.41300000000000003,-0.0785,313.143,0.1,-2.7135,0.421,-0.1005,313.115,0.1,
-3.0065,0.7344999999999999,-0.1345,313.041,0.1,-2.996,0.808,-0.0615,312.99,0.1,-2.9154999999999998,0.8354999999999999,0.040999999999999995,312.959,0.1,-2.8405,0.761,0.0695,313.008,0.1,-2.826,0.5985,0.0085,313.104,0.1,-2.8405,0.5085,-0.0135,313.146,0.1,-2.8360000000000003,0.5815,-0.044,313.101,0.1,-2.8129999999999997,0.697,-0.0935,313.049,0.1,-2.771,0.6799999999999999,-0.107,313.054,0.1,-2.6799999999999997,0.5925,-0.061,313.069,0.1,-2.5694999999999997,0.5065000000000001,-0.008,313.092,0.1,-2.5465,0.366,-0.0034999999999999996,313.16,0.1,-2.6310000000000002,0.2175,0.0,313.236,0.1,-2.7115,0.22799999999999998,-0.027000000000000003,313.213,0.1,-2.7350000000000003,0.35850000000000004,-0.017,313.122,0.1,-2.734,0.4225,-0.002,313.082,0.1,
-3.0125,0.6735,-0.034,313.028,0.1,-3.02,0.7150000000000001,0.078,313.011,0.1,-2.912,0.7735,0.1825,312.99,0.1,-2.7865,0.774,0.1615,312.999,0.1,-2.742,0.6555,0.0665,313.061,0.1,-2.7695,0.5275000000000001,-0.011,313.132,0.1,-2.8070000000000004,0.54,-0.0795,313.129,0.1,-2.8255,0.663,-0.0865,313.058,0.1,-2.8155,0.6805,-0.035,313.031,0.1,-2.7359999999999998,0.593,0.0175,313.055,0.1,-2.5999999999999996,0.553,0.029,313.06,0.1,-2.532,0.46099999999999997,-0.026500000000000003,313.098,0.1,-2.5985,0.248,-0.0405,313.201,0.1,-2.7015000000000002,0.14950000000000002,-0.067,313.245,0.1,-2.7415000000000003,0.268,0.015,313.153,0.1,-2.7359999999999998,0.40549999999999997,0.0545,313.08,0.1,
-2.947,0.6315,0.055,313.052,0.1,-2.965,0.622,0.151,313.068,0.1,-2.8915,0.6759999999999999,0.1755,313.075,0.1,-2.7775,0.716,0.115,313.07,0.1,-2.6950000000000003,0.6565000000000001,0.0885,313.074,0.1,-2.685,0.5385,0.0445,313.109,0.1,-2.748,0.512,-0.08399999999999999,313.128,0.1,-2.8225,0.5960000000000001,-0.125,313.09,0.1,-2.841,0.633,0.015,313.051,0.1,-2.7755,0.54,0.1195,313.074,0.1,-2.654,0.518,0.066,313.074,0.1,-2.564,0.51,0.014499999999999999,313.054,0.1,-2.572,0.3205,0.0235,313.127,0.1,-2.6435,0.1515,-0.075,313.23,0.1,-2.691,0.184,-0.037,313.217,0.1,-2.705,0.33399999999999996,0.0305,313.134,0.1,
-2.8535000000000004,0.634,0.0755,313.118,0.1,-2.8674999999999997,0.5660000000000001,0.096,313.16,0.1,-2.865,0.587,0.036,313.169,0.1,-2.8135000000000003,0.639,-0.025,313.152,0.1,-2.7184999999999997,0.6194999999999999,0.0235,313.145,0.1,-2.646,0.529,0.0315,313.156,0.1,-2.676,0.5025,-0.0795,313.137,0.1,-2.777,0.539,-0.14200000000000002,313.1,0.1,-2.8369999999999997,0.5585,-0.0075,313.089,0.1,-2.8085,0.4575,0.14300000000000002,313.123,0.1,-2.7255000000000003,0.415,0.07100000000000001,313.132,0.1,-2.6325000000000003,0.496,0.062,313.071,0.1,-2.5745,0.38449999999999995,0.133,313.09,0.1,-2.5735,0.207,0.0525,313.171,0.1,-2.5975,0.16799999999999998,-0.035,313.231,0.1,-2.6295,0.2595,-0.035500000000000004,313.206,0.1,
-2.7634999999999996,0.6925,0.0605,313.146,0.1,-2.782,0.5745,-0.020499999999999997,313.211,0.1,-2.847,0.543,-0.1215,313.22,0.1,-2.854,0.5945,-0.1365,313.178,0.1,-2.7705,0.598,-0.0435,313.175,0.1,-2.677,0.5225,-0.062,313.21,0.1,-2.665,0.522,-0.1355,313.171,0.1,-2.723,0.5385,-0.1005,313.093,0.1,-2.7714999999999996,0.5185,0.0075,313.087,0.1,-2.7855,0.395,0.122,313.151,0.1,-2.772,0.3025,0.035,313.19,0.1,-2.7115,0.4395,0.056,313.118,0.1,-2.625,0.425,0.2005,313.103,0.1,-2.545,0.276,0.2435,313.141,0.1,-2.4965,0.23,0.076,313.183,0.1,-2.5205,0.247,-0.0725,313.216,0.1,
-2.711,0.7495,0.07500000000000001,313.105,0.1,-2.7329999999999997,0.6275,-0.052000000000000005,313.169,0.1,-2.841,0.5589999999999999,-0.172,313.194,0.1,-2.8925,0.599,-0.1535,313.149,0.1,-2.8295000000000003,0.6185,-0.017,313.13,0.1,-2.7395,0.5509999999999999,-0.0665,313.175,0.1,-2.7055,0.573,-0.157,313.152,0.1,-2.7075,0.5955,-0.043,313.076,0.1,-2.698,0.5505,0.053500000000000006,313.067,0.1,-2.7030000000000003,0.40449999999999997,0.11699999999999999,313.132,0.1,-2.746,0.2495,0.009,313.197,0.1,-2.7435,0.366,0.026500000000000003,313.142,0.1,-2.661,0.4365,0.2165,313.114,0.1,-2.5475000000000003,0.324,0.2835,313.162,0.1,-2.4485,0.28800000000000003,0.1225,313.163,0.1,-2.4299999999999997,0.27149999999999996,-0.036500000000000005,313.165,0.1,
-2.7175000000000002,0.734,0.1085,313.078,0.1,-2.7184999999999997,0.665,0.025,313.106,0.1,-2.8255,0.6145,-0.094,313.126,0.1,-2.9074999999999998,0.6475,-0.0865,313.097,0.1,-2.88,0.6765,0.07150000000000001,313.072,0.1,-2.801,0.6225,0.0435,313.099,0.1,-2.7415000000000003,0.6475,-0.07500000000000001,313.093,0.1,-2.7024999999999997,0.677,-0.0085,313.056,0.1,-2.662,0.6214999999999999,0.05,313.06,0.1,-2.6334999999999997,0.48350000000000004,0.094,313.109,0.1,-2.6715,0.3005,0.008,313.169,0.1,-2.705,0.3255,0.0035,313.149,0.1,-2.6455,0.4165,0.178,313.117,0.1,-2.559,0.3305,0.164,313.187,0.1,-2.4855,0.27849999999999997,0.031,313.197,0.1,-2.423,0.275,-0.0085,313.146,0.1,
-2.7504999999999997,0.703,0.096,313.106,0.1,-2.7285,0.672,0.074,313.11,0.1,-2.7960000000000003,0.647,-0.003,313.092,0.1,-2.871,0.681,0.0005,313.057,0.1,-2.8825,0.713,0.11549999999999999,313.047,0.1,-2.8385,0.667,0.1005,313.072,0.1,-2.768,0.689,-0.024,313.071,0.1,-2.7024999999999997,0.719,-0.025,313.049,0.1,-2.6585,0.659,0.025,313.054,0.1,-2.6125,0.535,0.0695,313.083,0.1,-2.6064999999999996,0.355,-0.005,313.129,0.1,-2.635,0.323,-0.045,313.144,0.1,-2.6109999999999998,0.4,0.0785,313.128,0.1,-2.5685000000000002,0.323,0.057499999999999996,313.175,0.1,-2.537,0.256,-0.043,313.203,0.1,-2.471,0.267,-0.027,313.151,0.1,
-2.931,0.47350000000000003,0.088,313.158,0.1,-2.7985,0.47150000000000003,0.1305,313.142,0.1,-2.7215,0.3435,0.14700000000000002,313.199,0.1,-2.7359999999999998,0.193,0.0545,313.309,0.1,-2.778,0.1395,-0.04,313.377,0.1,-2.791,0.1925,-0.0985,313.368,0.1,-2.7765,0.2495,-0.08299999999999999,313.324,0.1,-2.768,0.2185,-0.0505,313.299,0.1,-2.7590000000000003,0.125,-0.040499999999999994,313.306,0.1,-2.702,0.0735,-0.033,313.321,0.1,-2.6029999999999998,0.066,-0.007,313.347,0.1,-2.5385,0.039,0.021,313.375,0.1,-2.571,-0.0195,0.040999999999999995,313.407,0.1,-2.669,-0.062,0.052500000000000005,313.441,0.1,-2.7375,-0.037,0.0865,313.439,0.1,-2.7255,0.006999999999999999,0.126,313.402,0.1,
-2.975,0.481,0.07250000000000001,313.2,0.1,-2.8495,0.5325,0.14200000000000002,313.153,0.1,-2.7335,0.4405,0.20900000000000002,313.173,0.1,-2.7195,0.28500000000000003,0.106,313.257,0.1,-2.76,0.21150000000000002,-0.041499999999999995,313.331,0.1,-2.775,0.2385,-0.11,313.335,0.1,-2.758,0.27949999999999997,-0.07849999999999999,313.297,0.1,-2.7569999999999997,0.2565,-0.027,313.264,0.1,-2.7805,0.17149999999999999,0.0025,313.261,0.1,-2.7595,0.098,0.037500000000000006,313.274,0.1,-2.6625,0.087,0.051500000000000004,313.293,0.1,-2.5615,0.081,0.027,313.325,0.1,-2.5460000000000003,0.0335,0.0245,313.358,0.1,-2.623,-0.0485,0.0055,313.405,0.1,-2.705,-0.09,0.028999999999999998,313.435,0.1,-2.708,-0.0665,0.0785,313.423,0.1,
-2.992,0.4185,0.027999999999999997,313.247,0.1,-2.92,0.499,0.1015,313.191,0.1,-2.793,0.46799999999999997,0.20450000000000002,313.19,0.1,-2.7344999999999997,0.356,0.142,313.234,0.1,-2.7555,0.2915,-0.0035,313.274,0.1,-2.7815000000000003,0.2915,-0.082,313.282,0.1,-2.7715,0.304,-0.041499999999999995,313.268,0.1,-2.7505,0.28400000000000003,0.042499999999999996,313.244,0.1,-2.7525000000000004,0.218,0.112,313.232,0.1,-2.7485,0.12,0.144,313.255,0.1,-2.692,0.08349999999999999,0.111,313.284,0.1,-2.6075,0.10400000000000001,0.0365,313.297,0.1,-2.5695,0.0745,0.019,313.312,0.1,-2.6094999999999997,-0.0205,0.009000000000000001,313.347,0.1,-2.6695,-0.097,0.002,313.398,0.1,-2.6675,-0.105,0.0125,313.418,0.1,
-2.9675000000000002,0.3345,-0.009999999999999998,313.279,0.1,-2.9575,0.40449999999999997,0.054,313.229,0.1,-2.8659999999999997,0.41600000000000004,0.155,313.218,0.1,-2.7895,0.3625,0.1195,313.241,0.1,-2.7729999999999997,0.332,0.0305,313.24,0.1,-2.7875,0.3155,-0.0075,313.231,0.1,-2.793,0.2975,0.014499999999999999,313.24,0.1,-2.7640000000000002,0.28200000000000003,0.0755,313.245,0.1,-2.7145,0.2485,0.16999999999999998,313.235,0.1,-2.686,0.14750000000000002,0.194,313.266,0.1,-2.6765,0.0685,0.11399999999999999,313.311,0.1,-2.6494999999999997,0.099,0.025,313.304,0.1,-2.6180000000000003,0.092,0.0335,313.293,0.1,-2.623,0.009000000000000001,0.07250000000000001,313.308,0.1,-2.6515,-0.057999999999999996,0.0445,313.352,0.1,-2.6385,-0.07100000000000001,-0.012,313.385,0.1,
-2.9225,0.2935,-0.0505,313.294,0.1,-2.9444999999999997,0.3365,-0.003,313.262,0.1,-2.9074999999999998,0.346,0.083,313.245,0.1,-2.856,0.31699999999999995,0.069,313.253,0.1,-2.817,0.3165,0.0335,313.24,0.1,-2.7935,0.31,0.0495,313.22,0.1,-2.7880000000000003,0.27349999999999997,0.0695,313.229,0.1,-2.76,0.2515,0.078,313.253,0.1,-2.6805,0.2435,0.135,313.261,0.1,-2.6239999999999997,0.161,0.147,313.293,0.1,-2.649,0.053,0.0565,313.339,0.1,-2.6835,0.0645,0.0029999999999999996,313.324,0.1,-2.6605,0.094,0.07050000000000001,313.296,0.1,-2.6265,0.047,0.1355,313.304,0.1,-2.6335,0.0055,0.091,313.331,0.1,-2.6325000000000003,0.013499999999999998,-0.026500000000000003,313.354,0.1,
-2.8795,0.3205,-0.099,313.284,0.1,-2.9059999999999997,0.34750000000000003,-0.0945,313.276,0.1,-2.912,0.328,-0.036000000000000004,313.269,0.1,-2.899,0.273,0.006500000000000001,313.266,0.1,-2.864,0.265,0.0315,313.251,0.1,-2.8120000000000003,0.28700000000000003,0.054,313.235,0.1,-2.773,0.2665,0.0665,313.241,0.1,-2.7345,0.232,0.0665,313.26,0.1,-2.653,0.219,0.062,313.284,0.1,-2.5854999999999997,0.1555,0.0455,313.316,0.1,-2.6235,0.040499999999999994,-0.002,313.348,0.1,-2.6959999999999997,0.0155,0.0185,313.339,0.1,-2.676,0.08349999999999999,0.12,313.308,0.1,-2.605,0.0935,0.135,313.318,0.1,-2.5975,0.067,0.051,313.337,0.1,-2.6305,0.08299999999999999,-0.07100000000000001,313.337,0.1,
-2.8594999999999997,0.37949999999999995,-0.14300000000000002,313.253,0.1,-2.8765,0.40700000000000003,-0.173,313.249,0.1,-2.9035,0.36650000000000005,-0.154,313.263,0.1,-2.9154999999999998,0.2685,-0.0645,313.276,0.1,-2.8905000000000003,0.2185,0.020999999999999998,313.27,0.1,-2.835,0.252,0.042,313.25,0.1,-2.7775,0.278,0.0085,313.253,0.1,-2.7215,0.256,0.005,313.266,0.1,-2.6445,0.219,-0.0015,313.286,0.1,-2.5765000000000002,0.155,-0.0385,313.317,0.1,-2.591,0.048,-0.0275,313.341,0.1,-2.657,-0.013999999999999999,0.057999999999999996,313.349,0.1,-2.6550000000000002,0.0465,0.14100000000000001,313.336,0.1,-2.5890000000000004,0.1095,0.07300000000000001,313.332,0.1,-2.5765000000000002,0.1005,-0.05,313.337,0.1,-2.6285,0.0955,-0.1175,313.321,0.1,
-2.891,0.409,-0.165,313.223,0.1,-2.8865,0.4435,-0.163,313.197,0.1,-2.8895,0.4115,-0.133,313.207,0.1,-2.896,0.30100000000000005,-0.0625,313.257,0.1,-2.885,0.20850000000000002,-0.0075,313.294,0.1,-2.847,0.219,0.020999999999999998,313.277,0.1,-2.798,0.28300000000000003,-0.03,313.252,0.1,-2.7439999999999998,0.30300000000000005,-0.0815,313.255,0.1,-2.6734999999999998,0.2555,-0.074,313.269,0.1,-2.5955,0.1775,-0.07300000000000001,313.29,0.1,-2.553,0.0875,-0.0385,313.317,0.1,-2.5745,-0.0009999999999999992,0.045,313.355,0.1,-2.609,-0.017,0.098,313.377,0.1,-2.6035,0.050499999999999996,0.0135,313.349,0.1,-2.6025,0.0875,-0.086,313.313,0.1,-2.64,0.0745,-0.096,313.293,0.1,
-2.9535,0.38849999999999996,-0.123,313.205,0.1,-2.9375,0.4215,-0.0545,313.172,0.1,-2.8765,0.421,0.035,313.159,0.1,-2.8325,0.347,0.0545,313.211,0.1,-2.8315,0.237,0.0,313.289,0.1,-2.833,0.206,-0.018000000000000002,313.31,0.1,-2.8129999999999997,0.275,-0.0505,313.263,0.1,-2.7824999999999998,0.3375,-0.10250000000000001,313.226,0.1,-2.731,0.2975,-0.105,313.235,0.1,-2.638,0.20900000000000002,-0.059,313.252,0.1,-2.5355,0.14200000000000002,-0.026000000000000002,313.274,0.1,-2.5065,0.0485,-0.015,313.331,0.1,-2.5679999999999996,-0.068,0.0095,313.4,0.1,-2.6310000000000002,-0.06,-0.0155,313.382,0.1,-2.6500000000000004,0.0315,-0.025,313.297,0.1,-2.657,0.062,-0.008,313.263,0.1,
-2.9735,0.347,-0.02,313.199,0.1,-2.9655,0.367,0.0875,313.188,0.1,-2.8635,0.39249999999999996,0.1795,313.183,0.1,-2.76,0.3715,0.157,313.204,0.1,-2.7395,0.276,0.065,313.265,0.1,-2.7795,0.208,-0.013000000000000001,313.315,0.1,-2.8155,0.255,-0.083,313.291,0.1,-2.8225,0.3415,-0.094,313.222,0.1,-2.7885,0.3235,-0.0395,313.201,0.1,-2.6895,0.2285,0.018,313.226,0.1,-2.5555000000000003,0.1805,0.0185,313.237,0.1,-2.487,0.11099999999999999,-0.0315,313.269,0.1,-2.5375,-0.0645,-0.0375,313.367,0.1,-2.6275000000000004,-0.147,-0.056999999999999995,313.415,0.1,-2.6635,-0.0495,0.013000000000000001,313.329,0.1,-2.6595,0.0465,0.05,313.261,0.1,
-2.928,0.3075,0.0605,313.237,0.1,-2.927,0.3135,0.1565,313.244,0.1,-2.846,0.348,0.173,313.257,0.1,-2.737,0.35750000000000004,0.1145,313.266,0.1,-2.6719999999999997,0.294,0.09,313.282,0.1,-2.6905,0.2095,0.046,313.314,0.1,-2.774,0.22299999999999998,-0.08,313.31,0.1,-2.8465,0.30400000000000005,-0.123,313.256,0.1,-2.839,0.318,0.0055,313.215,0.1,-2.7439999999999998,0.2255,0.112,313.234,0.1,-2.6125,0.1805,0.064,313.239,0.1,-2.5165,0.15799999999999997,0.016,313.221,0.1,-2.5115,-0.008499999999999999,0.0245,313.291,0.1,-2.576,-0.16549999999999998,-0.07150000000000001,313.4,0.1,-2.623,-0.1275,-0.0375,313.388,0.1,-2.634,-0.0010000000000000009,0.0295,313.308,0.1,
-2.8455,0.287,0.067,313.319,0.1,-2.8495,0.272,0.098,313.341,0.1,-2.8259999999999996,0.305,0.0365,313.344,0.1,-2.761,0.3295,-0.028499999999999998,313.337,0.1,-2.6719999999999997,0.292,0.0165,313.345,0.1,-2.63,0.209,0.028499999999999998,313.366,0.1,-2.6959999999999997,0.1985,-0.07250000000000001,313.342,0.1,-2.8105,0.2495,-0.128,313.287,0.1,-2.8535,0.272,-0.0085,313.262,0.1,-2.7954999999999997,0.191,0.1335,313.281,0.1,-2.6955,0.1385,0.075,313.285,0.1,-2.5925000000000002,0.17149999999999999,0.0615,313.235,0.1,-2.518,0.0655,0.137,313.249,0.1,-2.5095,-0.11499999999999999,0.0555,313.337,0.1,-2.54,-0.15050000000000002,-0.043,313.4,0.1,-2.5725,-0.055,-0.040499999999999994,313.37,0.1,
-2.7535,0.3055,0.0455,313.356,0.1,-2.7794999999999996,0.253,-0.017,313.405,0.1,-2.8215,0.268,-0.11599999999999999,313.399,0.1,-2.8005,0.3105,-0.14150000000000001,313.359,0.1,-2.7085,0.294,-0.061,313.367,0.1,-2.637,0.2125,-0.07350000000000001,313.413,0.1,-2.664,0.199,-0.1325,313.384,0.1,-2.7510000000000003,0.229,-0.08549999999999999,313.301,0.1,-2.8025,0.23099999999999998,0.017,313.283,0.1,-2.793,0.14800000000000002,0.11649999999999999,313.326,0.1,-2.7545,0.076,0.0435,313.342,0.1,-2.6835,0.14900000000000002,0.0545,313.279,0.1,-2.58,0.1235,0.202,313.261,0.1,-2.4844999999999997,-0.024499999999999997,0.245,313.3,0.1,-2.4429999999999996,-0.09000000000000001,0.07050000000000001,313.352,0.1,-2.4755,-0.0675,-0.0755,313.379,0.1,
-2.684,0.3375,0.0615,313.317,0.1,-2.73,0.2595,-0.046,313.376,0.1,-2.8289999999999997,0.247,-0.162,313.386,0.1,-2.8505000000000003,0.3065,-0.1545,313.334,0.1,-2.7649999999999997,0.3195,-0.039,313.321,0.1,-2.6835,0.2405,-0.08399999999999999,313.374,0.1,-2.6845,0.22899999999999998,-0.163,313.365,0.1,-2.7235,0.257,-0.0415,313.293,0.1,-2.737,0.2425,0.0625,313.28,0.1,-2.734,0.14700000000000002,0.113,313.331,0.1,-2.7465,0.039,0.017499999999999998,313.365,0.1,-2.7270000000000003,0.10350000000000001,0.0295,313.307,0.1,-2.6340000000000003,0.145,0.20700000000000002,313.283,0.1,-2.504,0.0495,0.2825,313.321,0.1,-2.4015,-0.0095,0.1295,313.328,0.1,-2.39,-0.0395,-0.0315,313.333,0.1,
-2.6595,0.33399999999999996,0.099,313.283,0.1,-2.6965,0.272,0.028999999999999998,313.322,0.1,-2.8175,0.253,-0.08199999999999999,313.336,0.1,-2.883,0.322,-0.0795,313.293,0.1,-2.8265000000000002,0.369,0.0545,313.265,0.1,-2.737,0.3105,0.0245,313.298,0.1,-2.7005,0.2915,-0.091,313.307,0.1,-2.7025,0.31100000000000005,-0.02,313.276,0.1,-2.6995,0.28400000000000003,0.0535,313.282,0.1,-2.6835,0.196,0.09,313.325,0.1,-2.6980000000000004,0.07200000000000001,0.010499999999999999,313.359,0.1,-2.704,0.079,0.0085,313.322,0.1,-2.6325000000000003,0.136,0.162,313.297,0.1,-2.5315000000000003,0.07050000000000001,0.1605,313.357,0.1,-2.444,0.0125,0.040999999999999995,313.364,0.1,-2.3825000000000003,-0.0135,-0.0035,313.315,0.1,
-2.658,0.319,0.09,313.294,0.1,-2.6734999999999998,0.276,0.0775,313.321,0.1,-2.775,0.263,0.007,313.316,0.1,-2.8564999999999996,0.335,0.009,313.271,0.1,-2.8465,0.398,0.1085,313.247,0.1,-2.7775,0.356,0.089,313.268,0.1,-2.7104999999999997,0.331,-0.0395,313.28,0.1,-2.6805,0.341,-0.039,313.269,0.1,-2.682,0.305,0.025,313.281,0.1,-2.6675,0.229,0.061,313.309,0.1,-2.6559999999999997,0.11,-0.015,313.338,0.1,-2.6550000000000002,0.08,-0.0455,313.331,0.1,-2.6085000000000003,0.127,0.0655,313.315,0.1,-2.549,0.067,0.049,313.361,0.1,-2.503,0.004,-0.0445,313.383,0.1,-2.4349999999999996,-0.007,-0.035,313.324,0.1,
-2.8945,0.11699999999999999,0.08299999999999999,313.337,0.1,-2.7615,0.116,0.111,313.322,0.1,-2.6765,0.015500000000000003,0.132,313.378,0.1,-2.6865,-0.10300000000000001,0.05,313.487,0.1,-2.737,-0.1325,-0.0415,313.554,0.1,-2.77,-0.081,-0.104,313.545,0.1,-2.7675,-0.0305,-0.0925,313.498,0.1,-2.733,-0.053,-0.055,313.455,0.1,-2.669,-0.155,-0.038,313.449,0.1,-2.5815,-0.253,-0.035500000000000004,313.479,0.1,-2.492,-0.2815,-0.02,313.524,0.1,-2.4445,-0.28900000000000003,0.009000000000000001,313.56,0.1,-2.492,-0.33999999999999997,0.037,313.597,0.1,-2.6125,-0.3915,0.059,313.642,0.1,-2.7065,-0.3715,0.0935,313.65,0.1,-2.7039999999999997,-0.306,0.126,313.606,0.1,
-2.9345,0.14400000000000002,0.0805,313.376,0.1,-2.809,0.1825,0.131,313.331,0.1,-2.685,0.1075,0.195,313.354,0.1,-2.665,-0.0335,0.099,313.445,0.1,-2.7125000000000004,-0.096,-0.047,313.519,0.1,-2.7495000000000003,-0.0655,-0.118,313.519,0.1,-2.7565,-0.028999999999999998,-0.0885,313.478,0.1,-2.749,-0.041499999999999995,-0.035,313.432,0.1,-2.7225,-0.1145,0.002,313.408,0.1,-2.6500000000000004,-0.20650000000000002,0.039,313.419,0.1,-2.5425000000000004,-0.2495,0.046,313.457,0.1,-2.4575,-0.2575,0.018,313.503,0.1,-2.4585,-0.30300000000000005,0.019999999999999997,313.543,0.1,-2.558,-0.3945,0.0085,313.603,0.1,-2.6710000000000003,-0.44599999999999995,0.0335,313.649,0.1,-2.6925,-0.406,0.079,313.637,0.1,
-2.952,0.10250000000000001,0.0445,313.425,0.1,-2.879,0.161,0.1015,313.367,0.1,-2.7455,0.1385,0.196,313.368,0.1,-2.6805,0.03,0.1395,313.422,0.1,-2.7055,-0.044500000000000005,-0.005,313.469,0.1,-2.748,-0.0455,-0.084,313.472,0.1,-2.7634999999999996,-0.035,-0.0465,313.456,0.1,-2.754,-0.0455,0.0335,313.428,0.1,-2.7279999999999998,-0.0895,0.10400000000000001,313.397,0.1,-2.67,-0.16649999999999998,0.144,313.402,0.1,-2.5785,-0.21350000000000002,0.113,313.433,0.1,-2.4939999999999998,-0.22,0.034,313.464,0.1,-2.4690000000000003,-0.2615,0.0185,313.49,0.1,-2.5300000000000002,-0.3715,0.014,313.539,0.1,-2.6235,-0.4645,0.005,313.609,0.1,-2.65,-0.459,0.009000000000000001,313.636,0.1,
-2.934,0.026000000000000002,0.0055,313.461,0.1,-2.9255,0.0755,0.061,313.408,0.1,-2.8289999999999997,0.0885,0.1525,313.393,0.1,-2.7415,0.04,0.122,313.421,0.1,-2.723,-0.0135,0.036500000000000005,313.434,0.1,-2.7474999999999996,-0.042499999999999996,-0.002,313.426,0.1,-2.771,-0.06,0.018000000000000002,313.431,0.1,-2.761,-0.06849999999999999,0.0715,313.438,0.1,-2.71,-0.082,0.1585,313.418,0.1,-2.644,-0.1395,0.19,313.425,0.1,-2.5860000000000003,-0.193,0.122,313.452,0.1,-2.5385,-0.1965,0.031,313.457,0.1,-2.512,-0.22999999999999998,0.0345,313.463,0.1,-2.5330000000000004,-0.32999999999999996,0.0775,313.491,0.1,-2.59,-0.42000000000000004,0.0465,313.553,0.1,-2.6094999999999997,-0.43000000000000005,-0.019,313.598,0.1,
-2.8925,-0.0295,-0.0445,313.479,0.1,-2.9269999999999996,0.002,0.0005,313.447,0.1,-2.8884999999999996,0.0135,0.0805,313.422,0.1,-2.8185000000000002,-0.002,0.072,313.425,0.1,-2.7670000000000003,-0.0225,0.040999999999999995,313.424,0.1,-2.7485,-0.0545,0.055,313.416,0.1,-2.757,-0.0925,0.076,313.423,0.1,-2.748,-0.108,0.081,313.448,0.1,-2.682,-0.0995,0.1255,313.456,0.1,-2.6085000000000003,-0.1385,0.1395,313.468,0.1,-2.5865,-0.2,0.0665,313.487,0.1,-2.5839999999999996,-0.20900000000000002,0.0165,313.471,0.1,-2.5555,-0.2135,0.068,313.46,0.1,-2.533,-0.27249999999999996,0.132,313.478,0.1,-2.5605,-0.33599999999999997,0.0915,313.518,0.1,-2.588,-0.34099999999999997,-0.0295,313.555,0.1,
-2.8434999999999997,-0.0325,-0.104,313.471,0.1,-2.893,-0.012,-0.1015,313.466,0.1,-2.91,-0.0225,-0.044,313.452,0.1,-2.8805,-0.053,0.005,313.436,0.1,-2.8194999999999997,-0.0605,0.035,313.422,0.1,-2.7615,-0.07050000000000001,0.056,313.424,0.1,-2.7355,-0.106,0.0675,313.439,0.1,-2.7155,-0.135,0.0695,313.456,0.1,-2.652,-0.132,0.056999999999999995,313.48,0.1,-2.583,-0.16049999999999998,0.036500000000000005,313.502,0.1,-2.5835,-0.22499999999999998,0.004,313.51,0.1,-2.6105,-0.247,0.032,313.489,0.1,-2.574,-0.2125,0.1135,313.469,0.1,-2.5105,-0.213,0.1205,313.485,0.1,-2.519,-0.2545,0.05,313.512,0.1,-2.5745,-0.262,-0.0645,313.526,0.1,
-2.8145,0.004999999999999999,-0.1505,313.434,0.1,-2.8525,0.0145,-0.183,313.441,0.1,-2.903,-0.018,-0.165,313.453,0.1,-2.9154999999999998,-0.08199999999999999,-0.07300000000000001,313.453,0.1,-2.862,-0.099,0.019,313.434,0.1,-2.784,-0.08249999999999999,0.041,313.425,0.1,-2.7325,-0.0925,0.004,313.447,0.1,-2.694,-0.122,0.002,313.464,0.1,-2.6325000000000003,-0.146,-0.0045000000000000005,313.479,0.1,-2.5700000000000003,-0.1835,-0.048,313.507,0.1,-2.5635000000000003,-0.243,-0.033,313.516,0.1,-2.5885,-0.27649999999999997,0.062,313.509,0.1,-2.56,-0.2365,0.139,313.496,0.1,-2.4930000000000003,-0.192,0.06,313.495,0.1,-2.492,-0.217,-0.052,313.505,0.1,-2.5625,-0.2435,-0.10600000000000001,313.502,0.1,
-2.8375000000000004,0.04,-0.163,313.392,0.1,-2.8425000000000002,0.0375,-0.1655,313.387,0.1,-2.8735,-0.0035,-0.14200000000000002,313.405,0.1,-2.9015,-0.087,-0.0775,313.447,0.1,-2.8785,-0.1225,-0.0155,313.463,0.1,-2.811,-0.0885,0.018000000000000002,313.439,0.1,-2.753,-0.062,-0.035500000000000004,313.43,0.1,-2.7075,-0.078,-0.0885,313.448,0.1,-2.6435,-0.125,-0.075,313.46,0.1,-2.572,-0.1895,-0.08,313.479,0.1,-2.5275,-0.2405,-0.0535,313.499,0.1,-2.525,-0.28200000000000003,0.0385,313.521,0.1,-2.5309999999999997,-0.29200000000000004,0.10500000000000001,313.538,0.1,-2.513,-0.2445,0.015,313.513,0.1,-2.515,-0.238,-0.0905,313.483,0.1,-2.567,-0.27149999999999996,-0.0905,313.472,0.1,
-2.9005,0.0425,-0.112,313.368,0.1,-2.879,0.034499999999999996,-0.0485,313.355,0.1,-2.8375000000000004,0.006,0.028999999999999998,313.359,0.1,-2.8245,-0.0665,0.0405,313.414,0.1,-2.8375,-0.1255,-0.008,313.475,0.1,-2.8259999999999996,-0.096,-0.0215,313.474,0.1,-2.79,-0.031,-0.0555,313.425,0.1,-2.752,-0.023,-0.11,313.404,0.1,-2.691,-0.08449999999999999,-0.1055,313.417,0.1,-2.5955,-0.1745,-0.061,313.435,0.1,-2.5004999999999997,-0.222,-0.043,313.457,0.1,-2.466,-0.2695,-0.025500000000000002,313.501,0.1,-2.505,-0.354,0.0185,313.564,0.1,-2.55,-0.348,-0.003,313.55,0.1,-2.5645,-0.2955,-0.0295,313.473,0.1,-2.5805,-0.298,-0.0125,313.444,0.1,
-2.9345,0.0205,-0.0075,313.37,0.1,-2.9115,0.0185,0.0945,313.365,0.1,-2.8155,0.0115,0.1745,313.375,0.1,-2.734,-0.0315,0.1505,313.41,0.1,-2.7375,-0.104,0.0615,313.468,0.1,-2.79,-0.11149999999999999,-0.014499999999999999,313.498,0.1,-2.8245,-0.0295,-0.084,313.454,0.1,-2.82,0.0195,-0.099,313.387,0.1,-2.762,-0.033,-0.045,313.372,0.1,-2.6435000000000004,-0.136,0.014499999999999999,313.396,0.1,-2.511,-0.1915,0.006,313.413,0.1,-2.442,-0.24,-0.038000000000000006,313.44,0.1,-2.477,-0.3775,-0.035500000000000004,313.533,0.1,-2.5540000000000003,-0.443,-0.046,313.586,0.1,-2.585,-0.367,0.0135,313.505,0.1,-2.5825,-0.3115,0.0465,313.443,0.1,
-2.909,-0.017,0.065,313.423,0.1,-2.8890000000000002,0.0045,0.16,313.421,0.1,-2.8,0.0205,0.16899999999999998,313.438,0.1,-2.6959999999999997,-0.0015000000000000005,0.1115,313.462,0.1,-2.649,-0.0685,0.0885,313.491,0.1,-2.6965000000000003,-0.12,0.046,313.518,0.1,-2.8005,-0.0655,-0.0745,313.492,0.1,-2.87,0.012,-0.118,313.421,0.1,-2.8365,0.0034999999999999996,-0.0005,313.379,0.1,-2.7125000000000004,-0.089,0.10300000000000001,313.393,0.1,-2.5715000000000003,-0.156,0.0595,313.403,0.1,-2.4695,-0.195,0.014,313.389,0.1,-2.4505,-0.3375,0.022,313.456,0.1,-2.508,-0.482,-0.0675,313.57,0.1,-2.5545,-0.439,-0.036000000000000004,313.558,0.1,-2.562,-0.33499999999999996,0.0295,313.482,0.1,
-2.838,-0.06,0.06,313.52,0.1,-2.8325,-0.021500000000000002,0.0995,313.523,0.1,-2.7874999999999996,0.0235,0.037,313.518,0.1,-2.7089999999999996,0.020499999999999997,-0.0315,313.522,0.1,-2.626,-0.036000000000000004,0.009,313.546,0.1,-2.6145,-0.11099999999999999,0.024,313.576,0.1,-2.7165,-0.105,-0.0655,313.547,0.1,-2.8435,-0.039999999999999994,-0.11349999999999999,313.474,0.1,-2.87,-0.014,-0.006,313.435,0.1,-2.7830000000000004,-0.07500000000000001,0.1265,313.439,0.1,-2.6660000000000004,-0.1375,0.077,313.437,0.1,-2.553,-0.15400000000000003,0.059,313.398,0.1,-2.4615,-0.254,0.1365,313.408,0.1,-2.4455,-0.437,0.055,313.504,0.1,-2.482,-0.469,-0.0485,313.568,0.1,-2.5145,-0.3695,-0.042499999999999996,313.534,0.1,
-2.7435,-0.081,0.0325,313.567,0.1,-2.7775,-0.0675,-0.0125,313.599,0.1,-2.7965,-0.007000000000000001,-0.109,313.577,0.1,-2.7475,0.027,-0.144,313.54,0.1,-2.6475,-0.010499999999999999,-0.07700000000000001,313.559,0.1,-2.5975,-0.098,-0.08349999999999999,313.616,0.1,-2.6635,-0.124,-0.1285,313.596,0.1,-2.7795,-0.08049999999999999,-0.07150000000000001,313.509,0.1,-2.834,-0.055499999999999994,0.0265,313.48,0.1,-2.8005,-0.099,0.1135,313.5,0.1,-2.737,-0.15000000000000002,0.051500000000000004,313.494,0.1,-2.6559999999999997,-0.14150000000000001,0.054,313.441,0.1,-2.5355,-0.179,0.2,313.42,0.1,-2.425,-0.3255,0.2405,313.459,0.1,-2.3905,-0.4105,0.063,313.521,0.1,-2.4305,-0.3825,-0.0775,313.542,0.1,
-2.657,-0.07400000000000001,0.05,313.53,0.1,-2.7270000000000003,-0.108,-0.03949999999999999,313.584,0.1,-2.8175,-0.065,-0.1505,313.579,0.1,-2.809,0.0135,-0.1535,313.518,0.1,-2.7009999999999996,0.0205,-0.058,313.511,0.1,-2.6275,-0.07,-0.0995,313.574,0.1,-2.6625,-0.11499999999999999,-0.1665,313.578,0.1,-2.7395,-0.08149999999999999,-0.0395,313.51,0.1,-2.7765,-0.0645,0.07,313.493,0.1,-2.7649999999999997,-0.111,0.1095,313.53,0.1,-2.747,-0.17049999999999998,0.026,313.532,0.1,-2.7110000000000003,-0.158,0.0335,313.472,0.1,-2.608,-0.147,0.1975,313.452,0.1,-2.4610000000000003,-0.2245,0.27649999999999997,313.48,0.1,-2.3545,-0.3075,0.131,313.493,0.1,-2.3495,-0.35050000000000003,-0.029,313.501,0.1,
-2.601,-0.0655,0.0895,313.489,0.1,-2.6745,-0.121,0.0345,313.538,0.1,-2.8095,-0.109,-0.0695,313.547,0.1,-2.8585000000000003,-0.0045000000000000005,-0.07250000000000001,313.489,0.1,-2.7725,0.062,0.04,313.457,0.1,-2.6719999999999997,-0.0005000000000000004,0.0075,313.496,0.1,-2.6585,-0.064,-0.10400000000000001,313.52,0.1,-2.702,-0.05499999999999999,-0.028999999999999998,313.497,0.1,-2.7365000000000004,-0.052500000000000005,0.056999999999999995,313.503,0.1,-2.733,-0.091,0.08549999999999999,313.54,0.1,-2.7245,-0.156,0.012,313.549,0.1,-2.7035,-0.167,0.013,313.496,0.1,-2.6195000000000004,-0.145,0.148,313.478,0.1,-2.5035,-0.189,0.156,313.528,0.1,-2.403,-0.2535,0.0485,313.531,0.1,-2.3425000000000002,-0.30200000000000005,-0.001,313.484,0.1,
-2.566,-0.065,0.08349999999999999,313.482,0.1,-2.6189999999999998,-0.12,0.082,313.532,0.1,-2.7545,-0.122,0.0175,313.539,0.1,-2.8425000000000002,-0.012,0.017,313.485,0.1,-2.8105,0.084,0.10300000000000001,313.447,0.1,-2.7165,0.046,0.0785,313.466,0.1,-2.653,-0.026,-0.052500000000000005,313.488,0.1,-2.6585,-0.037,-0.05,313.49,0.1,-2.7055,-0.048,0.025500000000000002,313.507,0.1,-2.7225,-0.076,0.053500000000000006,313.536,0.1,-2.7055,-0.135,-0.0245,313.547,0.1,-2.675,-0.163,-0.047,313.519,0.1,-2.606,-0.147,0.0545,313.502,0.1,-2.5295,-0.189,0.041999999999999996,313.547,0.1,-2.4684999999999997,-0.248,-0.045,313.562,0.1,-2.3985,-0.281,-0.041499999999999995,313.498,0.1,
-2.8285,-0.0765,0.07300000000000001,313.527,0.1,-2.708,-0.079,0.09,313.518,0.1,-2.625,-0.1535,0.11449999999999999,313.571,0.1,-2.6285,-0.23299999999999998,0.047,313.672,0.1,-2.6799999999999997,-0.241,-0.038000000000000006,313.732,0.1,-2.7305,-0.1975,-0.10250000000000001,313.722,0.1,-2.745,-0.157,-0.094,313.676,0.1,-2.702,-0.1795,-0.057999999999999996,313.627,0.1,-2.6100000000000003,-0.277,-0.040499999999999994,313.617,0.1,-2.5075000000000003,-0.38649999999999995,-0.041999999999999996,313.651,0.1,-2.4275,-0.428,-0.031,313.701,0.1,-2.3965,-0.43,0.0015,313.737,0.1,-2.4480000000000004,-0.462,0.037,313.774,0.1,-2.561,-0.508,0.0685,313.819,0.1,-2.653,-0.49650000000000005,0.10400000000000001,313.835,0.1,-2.6585,-0.4285,0.1295,313.793,0.1,
-2.8645,-0.03,0.084,313.557,0.1,-2.7475,-0.0085,0.119,313.52,0.1,-2.6275,-0.07250000000000001,0.1775,313.546,0.1,-2.6029999999999998,-0.19,0.091,313.637,0.1,-2.6525,-0.235,-0.0475,313.707,0.1,-2.709,-0.21,-0.118,313.703,0.1,-2.742,-0.1775,-0.0895,313.66,0.1,-2.7375,-0.183,-0.038,313.608,0.1,-2.6805000000000003,-0.2435,-0.001,313.574,0.1,-2.5755,-0.33999999999999997,0.0335,313.583,0.1,-2.4645,-0.401,0.036500000000000005,313.628,0.1,-2.3985000000000003,-0.4115,0.01,313.681,0.1,-2.4145000000000003,-0.442,0.0175,313.724,0.1,-2.5135,-0.5215000000000001,0.014499999999999999,313.786,0.1,-2.6235,-0.5660000000000001,0.041999999999999996,313.838,0.1,-2.651,-0.5205,0.082,313.828,0.1,
-2.886,-0.0465,0.058499999999999996,313.601,0.1,-2.8145,-0.013,0.103,313.549,0.1,-2.6845,-0.038000000000000006,0.1855,313.555,0.1,-2.617,-0.14,0.132,313.615,0.1,-2.6425,-0.21300000000000002,-0.007,313.665,0.1,-2.6995,-0.217,-0.082,313.664,0.1,-2.742,-0.20400000000000001,-0.044,313.644,0.1,-2.7505,-0.20350000000000001,0.032,313.613,0.1,-2.7095000000000002,-0.2325,0.097,313.572,0.1,-2.6144999999999996,-0.29700000000000004,0.137,313.564,0.1,-2.501,-0.35,0.1075,313.595,0.1,-2.426,-0.3715,0.0295,313.637,0.1,-2.4195,-0.40800000000000003,0.0175,313.672,0.1,-2.4865,-0.504,0.0175,313.725,0.1,-2.5795,-0.5854999999999999,0.009,313.802,0.1,-2.6115,-0.5725,0.0075,313.832,0.1,
-2.878,-0.10599999999999998,0.0205,313.639,0.1,-2.8655,-0.0775,0.0695,313.588,0.1,-2.768,-0.075,0.1495,313.575,0.1,-2.6775,-0.129,0.1195,313.609,0.1,-2.659,-0.1955,0.036500000000000005,313.63,0.1,-2.692,-0.2255,0.0,313.624,0.1,-2.735,-0.2375,0.023,313.626,0.1,-2.75,-0.2375,0.0745,313.633,0.1,-2.7065,-0.24,0.1515,313.606,0.1,-2.615,-0.2745,0.182,313.593,0.1,-2.5229999999999997,-0.3125,0.1215,313.608,0.1,-2.4684999999999997,-0.3365,0.033,313.623,0.1,-2.458,-0.375,0.035,313.643,0.1,-2.49,-0.45999999999999996,0.079,313.677,0.1,-2.5469999999999997,-0.544,0.0465,313.745,0.1,-2.569,-0.5549999999999999,-0.0245,313.796,0.1,
-2.8445,-0.16449999999999998,-0.036500000000000005,313.662,0.1,-2.8785,-0.14100000000000001,0.006500000000000001,313.63,0.1,-2.836,-0.1375,0.08,313.604,0.1,-2.758,-0.1645,0.073,313.607,0.1,-2.7025,-0.203,0.042499999999999996,313.615,0.1,-2.689,-0.236,0.0545,313.615,0.1,-2.7105,-0.269,0.0785,313.625,0.1,-2.7245,-0.279,0.0865,313.65,0.1,-2.6799999999999997,-0.2645,0.1215,313.654,0.1,-2.5995,-0.279,0.1325,313.649,0.1,-2.543,-0.3125,0.07100000000000001,313.645,0.1,-2.518,-0.3345,0.026,313.631,0.1,-2.4985,-0.353,0.066,313.637,0.1,-2.491,-0.4,0.127,313.663,0.1,-2.5195,-0.4625,0.089,313.706,0.1,-2.545,-0.48450000000000004,-0.0325,313.749,0.1,
-2.7965,-0.1905,-0.104,313.659,0.1,-2.8520000000000003,-0.16949999999999998,-0.1015,313.655,0.1,-2.8680000000000003,-0.179,-0.0455,313.638,0.1,-2.827,-0.214,0.0055,313.617,0.1,-2.7535,-0.23149999999999998,0.036,313.606,0.1,-2.697,-0.2465,0.0535,313.62,0.1,-2.6835,-0.2825,0.0655,313.643,0.1,-2.6814999999999998,-0.307,0.0695,313.662,0.1,-2.6420000000000003,-0.2975,0.0545,313.684,0.1,-2.582,-0.304,0.0315,313.694,0.1,-2.5575,-0.33999999999999997,0.009,313.679,0.1,-2.5525,-0.36,0.042499999999999996,313.649,0.1,-2.5134999999999996,-0.3445,0.11,313.641,0.1,-2.4665,-0.34450000000000003,0.1095,313.668,0.1,-2.48,-0.388,0.0475,313.696,0.1,-2.5300000000000002,-0.4185,-0.057999999999999996,313.713,0.1,
-2.7634999999999996,-0.1815,-0.1535,313.622,0.1,-2.8125,-0.177,-0.1865,313.635,0.1,-2.8675,-0.20350000000000001,-0.167,313.644,0.1,-2.871,-0.254,-0.0755,313.637,0.1,-2.8,-0.26,0.0165,313.614,0.1,-2.716,-0.2485,0.038,313.615,0.1,-2.6755,-0.269,0.0,313.649,0.1,-2.6529999999999996,-0.301,-0.0035,313.672,0.1,-2.6105,-0.3155,-0.0105,313.685,0.1,-2.564,-0.33299999999999996,-0.054,313.705,0.1,-2.549,-0.3675,-0.035500000000000004,313.697,0.1,-2.545,-0.3855,0.0665,313.674,0.1,-2.5015,-0.3575,0.14,313.663,0.1,-2.4429999999999996,-0.3265,0.0535,313.672,0.1,-2.4505,-0.362,-0.051000000000000004,313.685,0.1,-2.5195,-0.40549999999999997,-0.0935,313.685,0.1,
-2.7794999999999996,-0.1615,-0.161,313.576,0.1,-2.796,-0.181,-0.1655,313.582,0.1,-2.8365,-0.2215,-0.1455,313.604,0.1,-2.8630000000000004,-0.278,-0.08549999999999999,313.638,0.1,-2.825,-0.2815,-0.020999999999999998,313.643,0.1,-2.7445000000000004,-0.24,0.014,313.622,0.1,-2.6905,-0.22949999999999998,-0.04,313.626,0.1,-2.6574999999999998,-0.262,-0.095,313.652,0.1,-2.6065,-0.3035,-0.08199999999999999,313.665,0.1,-2.5515,-0.349,-0.0885,313.681,0.1,-2.516,-0.3825,-0.064,313.689,0.1,-2.5004999999999997,-0.40149999999999997,0.035500000000000004,313.695,0.1,-2.484,-0.401,0.113,313.703,0.1,-2.4595000000000002,-0.3705,0.021,313.686,0.1,-2.467,-0.39,-0.088,313.663,0.1,-2.5220000000000002,-0.439,-0.08249999999999999,313.655,0.1,
-2.837,-0.1545,-0.10350000000000001,313.549,0.1,-2.821,-0.1835,-0.044,313.546,0.1,-2.793,-0.22,0.0225,313.561,0.1,-2.7880000000000003,-0.273,0.028,313.614,0.1,-2.7935,-0.292,-0.015,313.663,0.1,-2.7685,-0.238,-0.024,313.653,0.1,-2.73,-0.1815,-0.057999999999999996,313.612,0.1,-2.6975,-0.199,-0.115,313.603,0.1,-2.6415,-0.264,-0.111,313.619,0.1,-2.5585,-0.3405,-0.07,313.635,0.1,-2.4825,-0.382,-0.058499999999999996,313.652,0.1,-2.452,-0.4115,-0.033,313.683,0.1,-2.473,-0.4635,0.0275,313.735,0.1,-2.501,-0.45799999999999996,0.0115,313.723,0.1,-2.5134999999999996,-0.441,-0.0275,313.655,0.1,-2.535,-0.47,-0.0135,313.63,0.1,
-2.875,-0.162,0.001,313.556,0.1,-2.8485,-0.176,0.098,313.554,0.1,-2.7649999999999997,-0.193,0.166,313.574,0.1,-2.698,-0.23399999999999999,0.139,313.614,0.1,-2.702,-0.27749999999999997,0.0545,313.666,0.1,-2.7439999999999998,-0.2515,-0.015,313.682,0.1,-2.7720000000000002,-0.1635,-0.0805,313.636,0.1,-2.767,-0.1355,-0.0995,313.58,0.1,-2.7075,-0.1995,-0.051500000000000004,313.571,0.1,-2.5955000000000004,-0.2985,0.0045,313.593,0.1,-2.4825,-0.3605,-0.0095,313.607,0.1,-2.426,-0.406,-0.048,313.627,0.1,-2.4530000000000003,-0.5055000000000001,-0.035,313.711,0.1,-2.5145,-0.546,-0.0335,313.76,0.1,-2.5395,-0.493,0.0175,313.688,0.1,-2.5389999999999997,-0.476,0.0445,313.632,0.1,
-2.8595,-0.1835,0.0675,313.617,0.1,-2.83,-0.1585,0.16,313.611,0.1,-2.747,-0.1495,0.162,313.632,0.1,-2.6555,-0.18,0.10450000000000001,313.664,0.1,-2.615,-0.2375,0.08099999999999999,313.694,0.1,-2.6595000000000004,-0.259,0.043,313.712,0.1,-2.7560000000000002,-0.1885,-0.0675,313.679,0.1,-2.82,-0.1205,-0.108,313.613,0.1,-2.7824999999999998,-0.14300000000000002,-0.002,313.576,0.1,-2.661,-0.237,0.093,313.586,0.1,-2.534,-0.31899999999999995,0.05,313.593,0.1,-2.4455,-0.3735,0.0045,313.578,0.1,-2.428,-0.48750000000000004,0.0135,313.639,0.1,-2.4795,-0.595,-0.0625,313.749,0.1,-2.5215,-0.5485,-0.0305,313.738,0.1,-2.5265,-0.4775,0.0315,313.669,0.1,
-2.7969999999999997,-0.2235,0.0545,313.719,0.1,-2.7805,-0.16449999999999998,0.1,313.715,0.1,-2.731,-0.12,0.0375,313.71,0.1,-2.659,-0.1365,-0.034,313.72,0.1,-2.586,-0.195,0.0,313.746,0.1,-2.5795,-0.251,0.017,313.773,0.1,-2.6775,-0.22899999999999998,-0.0595,313.741,0.1,-2.799,-0.166,-0.098,313.673,0.1,-2.822,-0.14800000000000002,0.002,313.636,0.1,-2.734,-0.20450000000000002,0.1225,313.632,0.1,-2.6245000000000003,-0.27849999999999997,0.076,313.623,0.1,-2.5229999999999997,-0.3275,0.053500000000000006,313.587,0.1,-2.4379999999999997,-0.41300000000000003,0.1265,313.594,0.1,-2.424,-0.5655,0.0485,313.69,0.1,-2.4619999999999997,-0.582,-0.05,313.751,0.1,-2.492,-0.4955,-0.0395,313.716,0.1,
-2.705,-0.26549999999999996,0.023,313.77,0.1,-2.733,-0.2195,-0.007,313.795,0.1,-2.739,-0.1455,-0.0995,313.771,0.1,-2.6875,-0.124,-0.143,313.738,0.1,-2.5975,-0.16949999999999998,-0.09,313.758,0.1,-2.559,-0.2495,-0.092,313.811,0.1,-2.628,-0.27049999999999996,-0.123,313.793,0.1,-2.7425,-0.226,-0.06,313.715,0.1,-2.7975000000000003,-0.1965,0.036000000000000004,313.691,0.1,-2.762,-0.2205,0.114,313.702,0.1,-2.6975,-0.2675,0.057999999999999996,313.681,0.1,-2.6225,-0.299,0.055,313.63,0.1,-2.5065,-0.3355,0.192,313.609,0.1,-2.401,-0.463,0.22499999999999998,313.648,0.1,-2.378,-0.5429999999999999,0.051000000000000004,313.71,0.1,-2.4219999999999997,-0.515,-0.078,313.726,0.1,
-2.6135,-0.2845,0.040999999999999995,313.734,0.1,-2.6855,-0.2895,-0.031,313.789,0.1,-2.7615,-0.2205,-0.1365,313.779,0.1,-2.7409999999999997,-0.14550000000000002,-0.1495,313.718,0.1,-2.637,-0.15000000000000002,-0.07250000000000001,313.714,0.1,-2.5775,-0.2425,-0.111,313.774,0.1,-2.624,-0.298,-0.1655,313.778,0.1,-2.7065,-0.2615,-0.036500000000000005,313.718,0.1,-2.75,-0.228,0.075,313.709,0.1,-2.7415,-0.2435,0.108,313.744,0.1,-2.718,-0.28,0.0335,313.729,0.1,-2.6795,-0.298,0.039999999999999994,313.666,0.1,-2.5785,-0.2995,0.189,313.649,0.1,-2.435,-0.36350000000000005,0.2625,313.67,0.1,-2.3395,-0.4525,0.1225,313.685,0.1,-2.3455,-0.499,-0.032,313.692,0.1,
-2.5445,-0.28049999999999997,0.0815,313.686,0.1,-2.627,-0.324,0.041999999999999996,313.747,0.1,-2.7554999999999996,-0.29100000000000004,-0.056,313.757,0.1,-2.79,-0.183,-0.0655,313.695,0.1,-2.7,-0.124,0.029500000000000002,313.663,0.1,-2.6105,-0.192,-0.0065,313.702,0.1,-2.6145,-0.27449999999999997,-0.1115,313.728,0.1,-2.6705,-0.266,-0.0325,313.706,0.1,-2.7125000000000004,-0.2405,0.0605,313.72,0.1,-2.717,-0.2465,0.081,313.763,0.1,-2.7065,-0.27849999999999997,0.0115,313.76,0.1,-2.6775,-0.298,0.0175,313.697,0.1,-2.593,-0.2945,0.138,313.682,0.1,-2.4775,-0.328,0.1495,313.724,0.1,-2.3815,-0.3955,0.0505,313.723,0.1,-2.335,-0.4535,-0.0035,313.679,0.1,
-2.496,-0.275,0.0765,313.667,0.1,-2.56,-0.328,0.089,313.734,0.1,-2.7024999999999997,-0.317,0.03,313.754,0.1,-2.7835,-0.203,0.025,313.697,0.1,-2.7405,-0.11,0.1,313.655,0.1,-2.6465,-0.153,0.07050000000000001,313.673,0.1,-2.599,-0.245,-0.0605,313.698,0.1,-2.624,-0.261,-0.054,313.701,0.1,-2.6805000000000003,-0.247,0.0275,313.722,0.1,-2.7065,-0.244,0.0475,313.759,0.1,-2.6955,-0.269,-0.0335,313.769,0.1,-2.6595,-0.293,-0.049,313.729,0.1,-2.5845000000000002,-0.295,0.047,313.71,0.1,-2.5035,-0.329,0.037000000000000005,313.752,0.1,-2.4425,-0.386,-0.0445,313.761,0.1,-2.3840000000000003,-0.429,-0.0455,313.697,0.1,
