0.726,3.1485000000000003,-0.01,300.516,0.43,0.703,3.215,-0.0085,300.52,0.431,0.728,3.3365,-0.013500000000000002,300.507,0.447,0.7595000000000001,3.365,-0.0205,300.551,0.442,0.7815000000000001,3.288,-0.027499999999999997,300.58,0.422,0.8135,3.252,-0.0345,300.523,0.426,0.8545,3.252,-0.0315,300.469,0.455,0.9035,3.2569999999999997,-0.019,300.437,0.483,0.9385,3.2904999999999998,-0.008,300.415,0.48,0.9259999999999999,3.2705,-0.0025,300.432,0.443,0.901,3.2455,-0.001,300.529,0.482,0.921,3.2640000000000002,-0.006500000000000001,300.56,0.426,0.9584999999999999,3.3760000000000003,-0.0085,300.597,0.458,0.965,3.424,-0.004,300.571,0.46,0.944,3.373,0.0055,300.536,0.448,0.918,3.3754999999999997,0.002,300.532,0.462,
0.773,3.018,-0.0155,300.538,0.406,0.734,3.0789999999999997,-0.011,300.562,0.412,0.7495,3.2375,-0.0085,300.554,0.44,0.7755000000000001,3.314,-0.009,300.572,0.441,0.784,3.267,-0.0185,300.611,0.431,0.8089999999999999,3.217,-0.027999999999999997,300.582,0.419,0.8625,3.2264999999999997,-0.026000000000000002,300.528,0.43,0.9179999999999999,3.2005,-0.017,300.522,0.464,0.9524999999999999,3.1755,-0.0125,300.492,0.465,0.9544999999999999,3.1885,-0.009000000000000001,300.461,0.447,0.937,3.21,-0.004,300.587,0.481,0.9395,3.2395,-0.0095,300.598,0.429,0.9664999999999999,3.31,-0.0125,300.63,0.439,0.9815,3.396,-0.0045000000000000005,300.623,0.457,0.958,3.417,0.0045000000000000005,300.59,0.456,0.9135,3.3495,0.0055,300.58,0.445,
0.8335,2.973,-0.017499999999999998,300.541,0.388,0.7825,2.995,-0.012,300.596,0.388,0.7825,3.148,-0.007,300.594,0.421,0.789,3.2555,-0.005,300.649,0.477,0.7705,3.2375,-0.01,300.682,0.458,0.785,3.191,-0.016,300.646,0.433,0.849,3.2119999999999997,-0.0165,300.606,0.447,0.9065000000000001,3.1685,-0.016,300.557,0.418,0.948,3.083,-0.0165,300.512,0.415,0.9904999999999999,3.1029999999999998,-0.013000000000000001,300.486,0.427,1.009,3.1820000000000004,-0.008,300.573,0.435,0.9964999999999999,3.2220000000000004,-0.013000000000000001,300.611,0.427,0.9875,3.2605,-0.017499999999999998,300.7,0.478,0.9864999999999999,3.351,-0.0165,300.678,0.43,0.9545,3.431,-0.015,300.639,0.474,0.908,3.375,-0.0085,300.62,0.434,
0.906,3.033,-0.014499999999999999,300.533,0.391,0.8554999999999999,2.999,-0.011,300.62,0.381,0.83,3.0965,-0.0085,300.635,0.408,0.8035,3.2075,-0.007,300.673,0.434,0.7605,3.215,-0.004,300.701,0.427,0.7585,3.1935000000000002,-0.003,300.727,0.46,0.8085,3.222,-0.007,300.701,0.454,0.862,3.1665,-0.013,300.605,0.409,0.9299999999999999,3.0599999999999996,-0.016,300.546,0.399,1.0295,3.074,-0.014,300.517,0.412,1.0985,3.1515,-0.0115,300.575,0.431,1.101,3.196,-0.0155,300.628,0.433,1.0655000000000001,3.232,-0.022,300.752,0.484,1.009,3.282,-0.0325,300.727,0.438,0.9425,3.371,-0.041999999999999996,300.694,0.443,0.915,3.409,-0.0335,300.669,0.44,
0.956,3.146,-0.012499999999999999,300.522,0.399,0.9179999999999999,3.0575,-0.0095,300.635,0.391,0.874,3.0865,-0.008,300.672,0.401,0.8280000000000001,3.176,-0.0055,300.7,0.427,0.7735000000000001,3.2085,-0.001,300.718,0.425,0.7424999999999999,3.2165,0.0045000000000000005,300.795,0.467,0.7555000000000001,3.2575,0.001,300.727,0.413,0.8015,3.206,-0.0055,300.652,0.404,0.9025,3.128,-0.0095,300.595,0.395,1.0545,3.1310000000000002,-0.01,300.555,0.406,1.171,3.1639999999999997,-0.011000000000000001,300.594,0.419,1.2005,3.1915,-0.014499999999999999,300.643,0.42,1.155,3.2205,-0.020999999999999998,300.739,0.439,1.0695000000000001,3.2439999999999998,-0.0365,300.743,0.424,0.9894999999999999,3.315,-0.0495,300.728,0.46,0.957,3.4015,-0.0455,300.709,0.467,
0.97,3.2485,-0.009,300.515,0.42,0.9505,3.125,-0.0065,300.642,0.402,0.908,3.1115,-0.004,300.702,0.402,0.8625,3.169,-0.0005,300.737,0.421,0.806,3.216,0.001,300.727,0.423,0.7435,3.25,0.0065,300.843,0.469,0.718,3.3055,0.006500000000000001,300.758,0.423,0.756,3.2824999999999998,0.003,300.698,0.409,0.876,3.2625,0.0,300.653,0.411,1.0574999999999999,3.2595,-0.0034999999999999996,300.603,0.41,1.2075,3.2445,-0.004,300.623,0.423,1.2654999999999998,3.2305,-0.006999999999999999,300.666,0.429,1.2225000000000001,3.2245,-0.012,300.727,0.44,1.115,3.3259999999999996,-0.027000000000000003,300.778,0.433,1.0295,3.3605,-0.036,300.788,0.442,1.0095,3.339,-0.0345,300.751,0.451,
0.962,3.31,-0.003,300.515,0.449,0.961,3.1965,0.0,300.643,0.408,0.9335,3.162,0.003,300.722,0.409,0.8975,3.1955,0.0055,300.766,0.421,0.8514999999999999,3.2615,0.005,300.795,0.461,0.7815,3.308,0.009000000000000001,300.847,0.443,0.729,3.3565,0.01,300.796,0.433,0.7464999999999999,3.3615,0.009000000000000001,300.745,0.423,0.8545,3.393,0.007,300.71,0.434,1.031,3.4055,0.004,300.659,0.433,1.1909999999999998,3.392,0.0035,300.658,0.437,1.286,3.3455,0.0035,300.664,0.435,1.3075,3.293,0.0005,300.767,0.487,1.2405,3.503,-0.006,300.7,0.262,1.142,3.526,-0.0075,300.697,0.263,1.0915,3.3315,-0.0105,300.797,0.498,
0.957,3.338,0.0005,300.536,0.45,0.9704999999999999,3.2664999999999997,0.0035,300.644,0.427,0.954,3.2305,0.007,300.736,0.412,0.9355,3.2525,0.008,300.792,0.431,0.913,3.3465,0.007,300.82,0.447,0.8525,3.3825000000000003,0.0095,300.849,0.445,0.7825,3.399,0.0105,300.829,0.443,0.771,3.415,0.011,300.788,0.436,0.847,3.4690000000000003,0.012,300.763,0.454,0.994,3.5125,0.010499999999999999,300.716,0.457,1.141,3.63,0.0045000000000000005,300.707,0.47,1.2405,3.577,0.0055,300.755,0.513,1.2974999999999999,3.5095,0.006,300.836,0.512,1.291,3.6864999999999997,0.010499999999999999,300.623,0.26,1.2165,3.6955,0.015,300.525,0.26,1.1564999999999999,3.482,0.007,300.837,0.487,
0.988,3.335,0.0015,300.545,0.455,0.992,3.311,0.0045000000000000005,300.651,0.44,0.981,3.3005,0.0075,300.746,0.429,0.9715,3.322,0.007,300.809,0.437,0.9635,3.423,0.006,300.848,0.465,0.9179999999999999,3.4379999999999997,0.008,300.853,0.461,0.851,3.4290000000000003,0.0105,300.847,0.45,0.8225,3.455,0.014499999999999999,300.826,0.449,0.8755,3.5055,0.0185,300.81,0.463,1.02,3.572,0.015,300.77,0.473,1.1880000000000002,3.8545,0.008,300.722,0.287,1.296,3.8275,0.006,300.743,0.294,1.334,3.7725,0.0095,300.838,0.305,1.3385,3.852,0.014499999999999999,300.609,0.279,1.3085,3.816,0.0165,300.473,0.271,1.245,3.725,0.014,300.672,0.276,
1.0270000000000001,3.3825,0.0205,300.547,0.456,1.0434999999999999,3.368,0.022,300.661,0.455,1.0375,3.391,0.0215,300.754,0.457,1.0145,3.4195,0.018,300.827,0.459,0.9924999999999999,3.4989999999999997,0.015,300.858,0.476,0.9545,3.5105,0.0165,300.913,0.515,0.9155,3.5035,0.022,300.878,0.474,0.8955,3.5395000000000003,0.027000000000000003,300.856,0.458,0.9159999999999999,3.558,0.0295,300.846,0.469,1.023,3.634,0.024,300.823,0.491,1.1909999999999998,3.8979999999999997,0.020999999999999998,300.69,0.307,1.327,3.9215,0.018500000000000003,300.596,0.293,1.3725,3.871,0.022,300.66,0.297,1.3610000000000002,3.951,0.023,300.587,0.294,1.3365,3.9005,0.0205,300.47,0.281,1.2755,3.8825000000000003,0.019,300.534,0.283,
1.0590000000000002,3.6384999999999996,0.046,300.536,0.486,1.098,3.5255,0.047,300.673,0.467,1.11,3.553,0.041,300.76,0.474,1.0725,3.58,0.0365,300.838,0.479,1.0245,3.638,0.0315,300.921,0.532,0.9915,3.673,0.033,300.956,0.54,0.9855,3.6915,0.0385,300.933,0.536,0.9824999999999999,3.7125000000000004,0.0395,300.884,0.489,0.9575,3.6725000000000003,0.0355,300.875,0.486,0.9575,3.7375,0.03,300.866,0.508,1.0395,3.8665000000000003,0.026500000000000003,300.758,0.545,1.174,3.912,0.0265,300.669,0.578,1.2854999999999999,3.8615,0.0285,300.698,0.566,1.347,3.92,0.034,300.621,0.312,1.3815,3.878,0.032,300.51,0.301,1.373,3.846,0.023,300.396,0.283,
1.131,3.9314999999999998,0.0275,300.453,0.272,1.1604999999999999,3.714,0.027,300.683,0.521,1.177,3.7245,0.0245,300.771,0.52,1.1375000000000002,3.7415000000000003,0.027000000000000003,300.848,0.521,1.0785,3.8034999999999997,0.028000000000000004,300.931,0.529,1.0535,3.864,0.028,301.001,0.583,1.06,3.9080000000000004,0.0225,300.993,0.589,1.05,3.886,0.014,300.915,0.54,1.0035,3.7995,0.01,300.898,0.508,0.9675,3.8215,0.011,300.903,0.535,1.0015,3.893,0.0095,300.828,0.548,1.0859999999999999,3.9305000000000003,0.008,300.773,0.543,1.1465,3.8890000000000002,0.008,300.789,0.542,1.162,3.854,0.012,300.755,0.599,1.1955,3.7945,0.014,300.685,0.591,1.2690000000000001,3.7275,0.01,300.586,0.583,
1.193,3.8625,-0.027500000000000004,300.14,0.276,1.189,3.7435,-0.025500000000000002,300.643,0.564,1.2035,3.7809999999999997,-0.019,300.794,0.551,1.187,3.8115,-0.008,300.856,0.547,1.145,3.8865,0.0025,300.936,0.568,1.1205,3.9425,-0.0015,300.993,0.575,1.1095000000000002,3.9815,-0.0205,300.983,0.578,1.081,3.9305000000000003,-0.033,300.936,0.561,1.0274999999999999,3.8255,-0.03,300.923,0.547,0.979,3.8155,-0.0225,300.926,0.542,0.9804999999999999,3.892,-0.0185,300.948,0.616,1.031,3.923,-0.0225,300.859,0.602,1.0845,3.9059999999999997,-0.026,300.851,0.572,1.102,3.8635,-0.025500000000000002,300.88,0.583,1.1125,3.7795,-0.0175,300.834,0.592,1.1925,3.7045,-0.006500000000000001,300.763,0.57,
1.101,3.59,-0.0495,300.208,0.536,1.191,3.6639999999999997,-0.043000000000000003,300.614,0.558,1.2515,3.7535,-0.037500000000000006,300.806,0.572,1.2565,3.816,-0.0305,300.871,0.576,1.2160000000000002,3.8735,-0.023,300.943,0.587,1.161,3.8975,-0.026500000000000003,301.053,0.644,1.116,3.9195,-0.038,301.049,0.638,1.0775000000000001,3.8925,-0.041,300.971,0.572,1.0455,3.7945,-0.037000000000000005,300.95,0.536,1.0165,3.7865,-0.033,300.954,0.532,0.9904999999999999,3.8609999999999998,-0.0295,300.977,0.56,1.0015,3.894,-0.032,300.961,0.618,1.0485,3.9154999999999998,-0.0335,300.902,0.572,1.0675,3.9295,-0.0325,300.906,0.577,1.054,3.85,-0.025,300.894,0.58,1.1065,3.814,-0.015,300.88,0.589,
1.108,3.5375,-0.0295,300.359,0.512,1.2315,3.651,-0.0295,300.607,0.546,1.3050000000000002,3.7375,-0.0345,300.801,0.558,1.3125,3.8120000000000003,-0.036000000000000004,300.881,0.572,1.259,3.8245,-0.0355,300.952,0.588,1.174,3.822,-0.034499999999999996,301.049,0.582,1.113,3.8555,-0.028000000000000004,301.102,0.62,1.0925,3.8810000000000002,-0.0215,301.026,0.59,1.0935000000000001,3.8114999999999997,-0.022,300.977,0.54,1.0755,3.7990000000000004,-0.027999999999999997,300.978,0.541,1.025,3.8525,-0.028499999999999998,300.996,0.566,1.006,3.9005,-0.027500000000000004,300.982,0.572,1.0495,3.949,-0.0245,300.942,0.583,1.0939999999999999,3.9909999999999997,-0.025500000000000002,300.955,0.633,1.103,3.957,-0.0265,300.969,0.635,1.134,3.9544999999999995,-0.0315,300.925,0.599,
1.138,3.593,-0.012499999999999999,300.464,0.543,1.2475,3.672,-0.0275,300.613,0.549,1.3125,3.738,-0.0385,300.79,0.556,1.3245,3.81,-0.0375,300.886,0.583,1.279,3.798,-0.0365,300.958,0.581,1.2040000000000002,3.788,-0.0325,301.034,0.578,1.1484999999999999,3.837,-0.026000000000000002,301.082,0.578,1.128,3.888,-0.0225,301.046,0.576,1.134,3.835,-0.026000000000000002,301.003,0.547,1.1235,3.813,-0.0335,301.0,0.548,1.067,3.851,-0.0375,301.018,0.564,1.0245,3.909,-0.0375,301.037,0.618,1.0565,3.964,-0.034999999999999996,300.968,0.583,1.1225,4.012,-0.036000000000000004,301.008,0.652,1.1389999999999998,4.011,-0.0465,301.041,0.657,1.1115,4.012,-0.0615,300.991,0.638,
1.3980000000000001,5.4415,-0.004,300.519,0.391,1.417,5.5355,-0.006,300.526,0.385,1.467,5.7225,-0.0175,300.519,0.391,1.5295,5.7515,-0.0315,300.564,0.388,1.597,5.638,-0.0445,300.593,0.368,1.642,5.5695,-0.054,300.541,0.38,1.6604999999999999,5.507,-0.046,300.459,0.395,1.6880000000000002,5.4885,-0.025,300.401,0.411,1.723,5.5795,-0.006,300.386,0.404,1.739,5.6594999999999995,0.0034999999999999996,300.438,0.383,1.7545000000000002,5.64,0.0045,300.523,0.431,1.7970000000000002,5.6645,-0.006500000000000001,300.587,0.384,1.8465,5.723,-0.0115,300.617,0.411,1.8535,5.84,-0.0055,300.599,0.411,1.806,5.8985,0.011,300.567,0.406,1.775,5.8185,0.0095,300.552,0.421,
1.402,5.245,-0.013499999999999998,300.531,0.378,1.4075,5.3195,-0.008,300.559,0.385,1.4555,5.552,-0.0075,300.553,0.401,1.5194999999999999,5.675000000000001,-0.012,300.586,0.394,1.585,5.6125,-0.029,300.626,0.395,1.637,5.5265,-0.044,300.596,0.377,1.67,5.4565,-0.039,300.526,0.393,1.7005,5.3934999999999995,-0.0225,300.47,0.412,1.728,5.4095,-0.0115,300.44,0.412,1.736,5.4985,-0.0055,300.454,0.403,1.7415,5.5205,-0.0005,300.538,0.436,1.778,5.572,-0.011,300.607,0.397,1.8435,5.6365,-0.0175,300.653,0.393,1.8845,5.7905,-0.0075,300.65,0.406,1.8425,5.890499999999999,0.0085,300.619,0.408,1.7730000000000001,5.786,0.013,300.6,0.408,
1.4335,5.144,-0.0225,300.529,0.363,1.4175,5.143000000000001,-0.012,300.586,0.368,1.4500000000000002,5.3695,-0.005,300.585,0.389,1.498,5.5555,-0.004,300.614,0.426,1.545,5.548,-0.013000000000000001,300.657,0.421,1.5985,5.4775,-0.026000000000000002,300.644,0.402,1.6515,5.428,-0.027,300.59,0.406,1.6915,5.3345,-0.0235,300.533,0.388,1.724,5.268000000000001,-0.021,300.488,0.387,1.7530000000000001,5.3435,-0.016,300.476,0.392,1.774,5.4135,-0.0085,300.546,0.406,1.7985,5.4864999999999995,-0.016,300.617,0.391,1.849,5.557,-0.0235,300.682,0.42,1.8955,5.7305,-0.0235,300.695,0.374,1.862,5.8735,-0.019,300.666,0.427,1.7825000000000002,5.8045,-0.0095,300.642,0.394,
1.5075,5.1935,-0.025500000000000002,300.523,0.358,1.4715,5.083,-0.015,300.607,0.357,1.4725000000000001,5.2295,-0.008,300.617,0.378,1.484,5.4215,-0.0045000000000000005,300.638,0.405,1.4995,5.468500000000001,-0.002,300.679,0.404,1.5434999999999999,5.436999999999999,-0.0055,300.686,0.425,1.6035,5.426500000000001,-0.013500000000000002,300.653,0.415,1.6545,5.334,-0.023,300.594,0.382,1.7120000000000002,5.216,-0.0275,300.537,0.375,1.786,5.2615,-0.0245,300.506,0.383,1.846,5.343,-0.019,300.556,0.398,1.8744999999999998,5.417999999999999,-0.0225,300.624,0.399,1.896,5.4825,-0.03,300.705,0.436,1.9104999999999999,5.6305,-0.0435,300.733,0.4,1.87,5.7905,-0.055,300.715,0.398,1.7965,5.8065,-0.045,300.688,0.397,
1.594,5.3454999999999995,-0.025,300.512,0.341,1.549,5.1395,-0.0165,300.62,0.357,1.517,5.1655,-0.0095,300.65,0.371,1.494,5.311,-0.003,300.665,0.398,1.479,5.401,0.0035,300.697,0.4,1.496,5.407,0.0075,300.725,0.434,1.5430000000000001,5.44,-0.001,300.703,0.392,1.6045,5.391,-0.0155,300.651,0.377,1.6975,5.28,-0.0245,300.591,0.37,1.8215,5.2965,-0.027,300.546,0.374,1.927,5.3445,-0.0245,300.575,0.38,1.9740000000000002,5.394,-0.0245,300.633,0.38,1.9700000000000002,5.43,-0.0295,300.714,0.413,1.9395,5.5195,-0.0485,300.753,0.399,1.8835,5.6545000000000005,-0.0645,300.75,0.435,1.822,5.753,-0.061,300.73,0.438,
1.6564999999999999,5.498,-0.0185,300.508,0.353,1.615,5.258,-0.013499999999999998,300.627,0.361,1.5705,5.183,-0.006,300.679,0.371,1.5305,5.257,0.0025,300.7,0.392,1.4889999999999999,5.365,0.006,300.714,0.392,1.4675,5.391500000000001,0.0125,300.759,0.436,1.4905,5.4575,0.008,300.743,0.396,1.5625,5.4805,-0.003,300.701,0.377,1.6885,5.4254999999999995,-0.0145,300.648,0.378,1.8515000000000001,5.4345,-0.021500000000000002,300.594,0.361,1.992,5.436,-0.0195,300.604,0.375,2.0564999999999998,5.447,-0.018000000000000002,300.652,0.386,2.0415,5.4355,-0.019,300.72,0.405,1.9815,5.468999999999999,-0.035500000000000004,300.771,0.407,1.915,5.5489999999999995,-0.0465,300.785,0.418,1.8675,5.6715,-0.046,300.768,0.417,
1.6905000000000001,5.5905000000000005,-0.0075,300.506,0.378,1.6625,5.391500000000001,-0.0045000000000000005,300.626,0.354,1.623,5.268000000000001,0.0015,300.701,0.375,1.582,5.274,0.008,300.734,0.391,1.529,5.378,0.0085,300.742,0.418,1.4795,5.410500000000001,0.0155,300.784,0.419,1.4755,5.483,0.014499999999999999,300.779,0.401,1.542,5.567,0.007,300.747,0.385,1.6795,5.577999999999999,-0.0024999999999999996,300.706,0.391,1.8605,5.6105,-0.011,300.651,0.376,2.024,5.6005,-0.0115,300.641,0.379,2.113,5.583500000000001,-0.006999999999999999,300.667,0.379,2.1094999999999997,5.526,-0.0045000000000000005,300.729,0.43,2.0425,5.524,-0.010499999999999999,300.78,0.293,1.9735,5.547000000000001,-0.011,300.805,0.298,1.9344999999999999,5.6295,-0.014499999999999999,300.803,0.459,
1.7125,5.6155,0.0,300.514,0.378,1.7029999999999998,5.5045,0.0025,300.628,0.371,1.6745,5.391,0.006,300.717,0.362,1.6425,5.3545,0.009000000000000001,300.764,0.395,1.597,5.441,0.0085,300.771,0.411,1.5390000000000001,5.4719999999999995,0.014,300.804,0.413,1.5085,5.524,0.016,300.812,0.407,1.5485,5.630000000000001,0.013000000000000001,300.79,0.394,1.6720000000000002,5.6865000000000006,0.009000000000000001,300.76,0.405,1.85,5.7575,0.001,300.711,0.393,2.022,5.7875,-0.009,300.689,0.399,2.1319999999999997,5.7645,-0.0055,300.701,0.427,2.1515,5.679,0.0005,300.752,0.445,2.1029999999999998,5.6645,0.009,300.783,0.265,2.049,5.6525,0.016,300.807,0.264,2.0164999999999997,5.671,0.008,300.834,0.435,
1.752,5.5875,0.004,300.535,0.381,1.7515,5.571,0.0055,300.632,0.377,1.7309999999999999,5.512499999999999,0.008,300.728,0.374,1.7055,5.4695,0.006500000000000001,300.787,0.388,1.6724999999999999,5.5325,0.006,300.806,0.418,1.62,5.558,0.011,300.826,0.418,1.5745,5.5845,0.0155,300.837,0.409,1.5895000000000001,5.6805,0.0185,300.825,0.404,1.69,5.7565,0.020999999999999998,300.807,0.414,1.8519999999999999,5.851,0.0115,300.767,0.407,2.018,5.936,-0.002,300.74,0.283,2.135,5.9285,-0.0045000000000000005,300.742,0.291,2.1775,5.8355,0.0045,300.783,0.313,2.159,5.8245000000000005,0.0135,300.791,0.274,2.118,5.8075,0.018000000000000002,300.8,0.252,2.0795,5.782,0.015,300.84,0.296,
1.7985,5.589,0.0275,300.558,0.393,1.8135,5.6395,0.028,300.642,0.399,1.802,5.648,0.026,300.739,0.406,1.7725,5.622,0.020499999999999997,300.806,0.409,1.7389999999999999,5.6594999999999995,0.017,300.834,0.421,1.694,5.68,0.02,300.856,0.449,1.6545,5.698,0.027,300.859,0.422,1.6604999999999999,5.7735,0.033,300.854,0.411,1.7275,5.8445,0.0365,300.846,0.418,1.8475000000000001,5.929,0.026500000000000003,300.818,0.434,1.9935,6.0465,0.018000000000000002,300.782,0.3,2.122,6.0665,0.013000000000000001,300.768,0.276,2.196,5.9855,0.02,300.798,0.288,2.2055,5.9755,0.024,300.804,0.276,2.1704999999999997,5.968500000000001,0.0225,300.797,0.262,2.123,5.935,0.019999999999999997,300.829,0.271,
1.8575,5.7385,0.0545,300.581,0.411,1.8980000000000001,5.804,0.057,300.656,0.393,1.903,5.8565000000000005,0.0495,300.746,0.4,1.8645,5.846500000000001,0.0445,300.821,0.409,1.8115,5.8565000000000005,0.0385,300.866,0.454,1.7665,5.879,0.039,300.886,0.468,1.748,5.914,0.0435,300.882,0.459,1.7574999999999998,5.968,0.0445,300.879,0.426,1.7839999999999998,6.0065,0.042499999999999996,300.877,0.424,1.8405,6.0489999999999995,0.035500000000000004,300.864,0.447,1.9435,6.1665,0.0275,300.822,0.437,2.072,6.2235,0.024,300.789,0.464,2.177,6.1745,0.027500000000000004,300.807,0.452,2.2255000000000003,6.154,0.036500000000000005,300.821,0.294,2.222,6.141,0.036000000000000004,300.809,0.278,2.1870000000000003,6.108,0.025,300.816,0.259,
1.9455,5.9815000000000005,0.0275,300.602,0.265,2.0060000000000002,6.018,0.0285,300.68,0.421,2.029,6.087,0.026000000000000002,300.76,0.429,1.9825,6.094,0.032,300.837,0.435,1.9085,6.088,0.035,300.892,0.445,1.8635000000000002,6.1185,0.032,300.92,0.482,1.8615,6.178,0.020499999999999997,300.918,0.486,1.8679999999999999,6.2075,0.01,300.906,0.453,1.8575,6.2,0.008,300.904,0.423,1.8615,6.194,0.010499999999999999,300.904,0.459,1.927,6.2805,0.006999999999999999,300.863,0.466,2.0435,6.379,0.0005,300.823,0.44,2.1505,6.373,-0.001,300.831,0.445,2.2075,6.342,0.0075,300.842,0.46,2.2215,6.3035,0.013000000000000001,300.827,0.446,2.2085,6.259,0.0085,300.811,0.443,
2.0060000000000002,6.128,-0.0435,300.602,0.242,2.0675,6.1355,-0.0435,300.692,0.458,2.1094999999999997,6.2155000000000005,-0.034,300.775,0.455,2.0774999999999997,6.2575,-0.015,300.848,0.452,2.0105,6.261,0.0015,300.914,0.479,1.9725000000000001,6.2885,-0.005,300.949,0.473,1.9655,6.346,-0.033,300.947,0.478,1.951,6.355,-0.0505,300.933,0.463,1.9125,6.3245000000000005,-0.0455,300.93,0.464,1.8849999999999998,6.2935,-0.034,300.934,0.462,1.922,6.333,-0.029,300.915,0.518,2.021,6.4485,-0.038,300.869,0.504,2.1189999999999998,6.48,-0.046,300.862,0.471,2.1675,6.457,-0.042499999999999996,300.87,0.484,2.178,6.4055,-0.029,300.857,0.507,2.1875,6.366,-0.0155,300.829,0.485,
2.003,6.156000000000001,-0.07400000000000001,300.56,0.399,2.085,6.1695,-0.07050000000000001,300.681,0.479,2.1630000000000003,6.2524999999999995,-0.0615,300.787,0.499,2.162,6.324,-0.046,300.861,0.502,2.105,6.3415,-0.0315,300.931,0.508,2.051,6.3445,-0.035500000000000004,300.986,0.549,2.017,6.3795,-0.052000000000000005,300.989,0.545,1.9889999999999999,6.397,-0.0595,300.963,0.498,1.9529999999999998,6.385,-0.056,300.954,0.465,1.92,6.3505,-0.0495,300.959,0.462,1.923,6.341,-0.043,300.957,0.498,1.9769999999999999,6.436999999999999,-0.048,300.92,0.538,2.053,6.496,-0.0535,300.897,0.508,2.106,6.5065,-0.053,300.897,0.511,2.1295,6.4695,-0.042,300.887,0.511,2.1605,6.457,-0.0295,300.861,0.514,
2.021,6.1899999999999995,-0.049,300.537,0.442,2.1245000000000003,6.2245,-0.053500000000000006,300.664,0.467,2.223,6.282,-0.0585,300.79,0.47,2.238,6.346,-0.054,300.87,0.489,2.176,6.3565000000000005,-0.048,300.941,0.518,2.0935,6.327500000000001,-0.044,301.009,0.526,2.039,6.354,-0.036500000000000005,301.033,0.549,2.0215,6.4115,-0.032,301.004,0.521,2.011,6.439,-0.036000000000000004,300.981,0.474,1.9809999999999999,6.4079999999999995,-0.043,300.982,0.474,1.9475,6.352,-0.03949999999999999,300.988,0.504,1.9525000000000001,6.406,-0.037000000000000005,300.96,0.514,2.007,6.4830000000000005,-0.0385,300.932,0.515,2.074,6.5395,-0.043,300.929,0.541,2.1275,6.531499999999999,-0.0445,300.923,0.546,2.1784999999999997,6.528,-0.05,300.898,0.523,
2.0694999999999997,6.223,-0.024,300.538,0.456,2.165,6.265,-0.048,300.648,0.458,2.2525000000000004,6.301,-0.0615,300.782,0.468,2.274,6.351,-0.056,300.873,0.511,2.2205,6.352,-0.0495,300.945,0.521,2.137,6.308,-0.0395,301.016,0.528,2.0780000000000003,6.337,-0.0305,301.054,0.527,2.065,6.419,-0.028999999999999998,301.037,0.514,2.0715,6.467,-0.037500000000000006,301.009,0.47,2.0475,6.439,-0.0485,301.005,0.48,1.9869999999999999,6.361,-0.048,301.016,0.504,1.9515,6.39,-0.0445,301.0,0.539,1.99,6.473,-0.0455,300.966,0.51,2.068,6.553,-0.053,300.961,0.552,2.1260000000000003,6.561,-0.067,300.966,0.559,2.1545,6.552,-0.08399999999999999,300.947,0.556,
2.604,7.605,0.0055,300.966,0.328,2.6260000000000003,7.615,-0.002,300.954,0.315,2.6725000000000003,7.7095,-0.019999999999999997,300.951,0.319,2.745,7.7545,-0.040999999999999995,300.96,0.323,2.8325,7.7005,-0.0615,300.968,0.304,2.8775,7.63,-0.0695,300.961,0.33,2.8465,7.5735,-0.054,300.927,0.324,2.779,7.5440000000000005,-0.024,300.877,0.332,2.731,7.591,0.0025,300.853,0.319,2.7359999999999998,7.6690000000000005,0.015,300.875,0.3,2.8075,7.6845,0.013000000000000001,300.927,0.359,2.92,7.692500000000001,-0.005,300.98,0.331,3.008,7.7115,-0.014,301.012,0.354,3.0164999999999997,7.786,-0.006500000000000001,301.018,0.347,2.9615,7.839,0.017,300.999,0.341,2.934,7.7715,0.02,300.958,0.359,
2.5149999999999997,7.439,-0.006,300.915,0.329,2.543,7.426,-0.002,300.913,0.338,2.6029999999999998,7.5600000000000005,-0.0045000000000000005,300.923,0.343,2.6864999999999997,7.6725,-0.014499999999999999,300.947,0.333,2.7845,7.651,-0.0395,300.969,0.348,2.855,7.567,-0.057999999999999996,300.962,0.32,2.8594999999999997,7.4925,-0.0475,300.93,0.345,2.8085,7.436,-0.0215,300.883,0.35,2.7439999999999998,7.4335,-0.0025,300.847,0.344,2.713,7.509,0.006,300.852,0.34,2.753,7.5600000000000005,0.0075,300.897,0.373,2.858,7.5985,-0.0095,300.952,0.346,2.9725,7.6265,-0.0215,300.993,0.344,3.021,7.7235,-0.010499999999999999,301.015,0.352,2.967,7.8165,0.013,301.009,0.345,2.899,7.725,0.0215,300.958,0.354,
2.44,7.334,-0.023,300.869,0.322,2.4539999999999997,7.2524999999999995,-0.0085,300.872,0.333,2.5115,7.384,0.0,300.891,0.344,2.5885,7.549,-0.001,300.924,0.366,2.6835,7.567,-0.017,300.949,0.371,2.7785,7.4985,-0.036500000000000005,300.948,0.356,2.827,7.4305,-0.036000000000000004,300.926,0.359,2.805,7.3505,-0.0265,300.884,0.344,2.747,7.2855,-0.018500000000000003,300.839,0.34,2.713,7.342499999999999,-0.011,300.83,0.34,2.7365,7.4265,-0.004,300.87,0.359,2.8165,7.492,-0.016,300.921,0.341,2.93,7.5295000000000005,-0.0275,300.969,0.357,3.007,7.644,-0.027999999999999997,301.007,0.313,2.9705000000000004,7.7745,-0.019,301.019,0.367,2.888,7.717499999999999,-0.007,300.973,0.345,
2.4255,7.3445,-0.0335,300.847,0.317,2.4085,7.167,-0.0165,300.847,0.328,2.4375,7.2204999999999995,-0.0035,300.864,0.342,2.4850000000000003,7.3895,0.002,300.894,0.363,2.5605,7.455500000000001,0.0,300.919,0.363,2.666,7.427,-0.01,300.93,0.381,2.747,7.390499999999999,-0.021,300.925,0.37,2.7595,7.3085,-0.0315,300.889,0.343,2.737,7.202500000000001,-0.035500000000000004,300.837,0.337,2.7344999999999997,7.231,-0.03,300.816,0.341,2.7634999999999996,7.3175,-0.022,300.845,0.353,2.8185000000000002,7.390000000000001,-0.026000000000000002,300.893,0.357,2.903,7.425,-0.034,300.946,0.383,2.9749999999999996,7.5184999999999995,-0.049,300.992,0.345,2.9565,7.6579999999999995,-0.057999999999999996,301.017,0.347,2.883,7.683999999999999,-0.048,300.99,0.348,
2.4684999999999997,7.444,-0.035500000000000004,300.854,0.278,2.4115,7.1895,-0.0225,300.845,0.325,2.3970000000000002,7.111000000000001,-0.0075,300.85,0.341,2.4080000000000004,7.22,0.0045,300.868,0.363,2.455,7.3260000000000005,0.0105,300.893,0.364,2.5475000000000003,7.343,0.009,300.917,0.397,2.6405000000000003,7.3565000000000005,-0.006,300.926,0.357,2.693,7.3149999999999995,-0.0275,300.901,0.341,2.7245,7.218,-0.0415,300.853,0.335,2.766,7.218999999999999,-0.043,300.822,0.334,2.8125,7.27,-0.036000000000000004,300.831,0.328,2.851,7.324,-0.032,300.868,0.332,2.8895,7.3355,-0.034,300.923,0.375,2.923,7.371,-0.0535,300.969,0.359,2.9139999999999997,7.478,-0.069,300.998,0.401,2.87,7.585,-0.0655,300.996,0.403,
2.5365,7.561,-0.027,300.875,0.283,2.4485,7.29,-0.020499999999999997,300.859,0.319,2.395,7.09,-0.006500000000000001,300.851,0.342,2.372,7.0885,0.009,300.857,0.363,2.3810000000000002,7.1985,0.015,300.876,0.36,2.4405,7.2455,0.018500000000000003,300.908,0.404,2.535,7.311999999999999,0.006500000000000001,300.928,0.363,2.63,7.351,-0.014,300.921,0.342,2.7195,7.3115000000000006,-0.0345,300.887,0.344,2.8034999999999997,7.3015,-0.0435,300.851,0.312,2.867,7.305,-0.0375,300.837,0.324,2.8945,7.3245000000000005,-0.029500000000000002,300.86,0.337,2.8920000000000003,7.2995,-0.0245,300.905,0.359,2.883,7.2735,-0.0385,300.949,0.373,2.875,7.3149999999999995,-0.049,300.979,0.378,2.8605,7.446,-0.0485,300.991,0.382,
2.6075,7.643000000000001,-0.010499999999999999,300.895,0.294,2.507,7.4254999999999995,-0.01,300.88,0.297,2.427,7.167,-0.0005,300.869,0.344,2.3754999999999997,7.044499999999999,0.0115,300.864,0.362,2.349,7.111000000000001,0.0155,300.875,0.384,2.371,7.163,0.0225,300.904,0.395,2.4555,7.258,0.0165,300.93,0.372,2.5795,7.3774999999999995,-0.0005,300.941,0.351,2.7115,7.418,-0.02,300.928,0.352,2.8274999999999997,7.4275,-0.033,300.893,0.33,2.909,7.4125,-0.0315,300.863,0.322,2.939,7.3995,-0.020499999999999997,300.868,0.322,2.9185,7.3405000000000005,-0.010499999999999999,300.902,0.374,2.8805,7.2765,-0.013000000000000001,300.94,0.29,2.8605,7.2485,-0.0125,300.969,0.299,2.8575,7.3335,-0.014499999999999999,300.986,0.424,
2.6775,7.6625,0.0015,300.91,0.29,2.585,7.5495,0.0005,300.905,0.308,2.4945,7.309,0.003,300.898,0.314,2.4245,7.1035,0.008,300.89,0.363,2.371,7.0954999999999995,0.0115,300.89,0.381,2.356,7.1240000000000006,0.0195,300.909,0.386,2.4130000000000003,7.209,0.0195,300.935,0.377,2.537,7.37,0.01,300.958,0.359,2.6915,7.48,-0.0024999999999999996,300.962,0.364,2.8345000000000002,7.5375,-0.017,300.936,0.339,2.9335,7.5485,-0.027499999999999997,300.904,0.343,2.973,7.521,-0.0195,300.896,0.357,2.955,7.4385,-0.006,300.918,0.374,2.9109999999999996,7.365,0.006,300.947,0.256,2.884,7.297000000000001,0.013999999999999999,300.971,0.265,2.8760000000000003,7.305,0.009000000000000001,300.992,0.398,
2.7525,7.6165,0.009000000000000001,300.917,0.298,2.676,7.6205,0.007,300.927,0.306,2.5869999999999997,7.458,0.006500000000000001,300.93,0.319,2.5060000000000002,7.2325,0.004,300.925,0.344,2.4355,7.1515,0.006,300.92,0.382,2.3895,7.1365,0.014,300.926,0.382,2.408,7.188,0.019000000000000003,300.947,0.375,2.511,7.3454999999999995,0.019,300.973,0.369,2.6725000000000003,7.4915,0.016,300.986,0.372,2.8369999999999997,7.5995,0.0005,300.975,0.356,2.9539999999999997,7.6579999999999995,-0.017,300.954,0.263,3.005,7.638,-0.0175,300.941,0.253,2.9985,7.547000000000001,-0.003,300.949,0.273,2.9625000000000004,7.4815000000000005,0.009999999999999998,300.966,0.261,2.9285,7.410500000000001,0.016,300.984,0.244,2.8994999999999997,7.3645,0.0135,301.007,0.291,
2.8145,7.576499999999999,0.033,300.913,0.327,2.7634999999999996,7.667,0.0315,300.937,0.336,2.6875,7.6035,0.026,300.955,0.352,2.6,7.4079999999999995,0.0185,300.959,0.361,2.5140000000000002,7.2775,0.016,300.953,0.375,2.4465,7.2219999999999995,0.020999999999999998,300.953,0.399,2.4364999999999997,7.244999999999999,0.0275,300.965,0.38,2.5115,7.371499999999999,0.033,300.988,0.372,2.6535,7.51,0.0345,301.004,0.377,2.811,7.6355,0.0205,301.005,0.386,2.935,7.7325,0.006500000000000001,300.994,0.286,3.0069999999999997,7.7385,0.0,300.978,0.254,3.0294999999999996,7.657,0.010499999999999999,300.975,0.269,3.0115,7.6025,0.019000000000000003,300.982,0.258,2.973,7.546,0.0195,300.999,0.247,2.9290000000000003,7.4879999999999995,0.016,301.023,0.258,
2.879,7.6525,0.056999999999999995,300.916,0.351,2.864,7.77,0.058499999999999996,300.949,0.317,2.8115,7.7835,0.049,300.978,0.329,2.7215,7.6370000000000005,0.0435,300.992,0.347,2.6205,7.482,0.0385,300.994,0.397,2.5410000000000004,7.4065,0.0385,300.993,0.412,2.518,7.425,0.0395,300.996,0.402,2.5635,7.5120000000000005,0.039,301.01,0.378,2.658,7.603,0.039,301.024,0.377,2.7720000000000002,7.6985,0.031,301.03,0.396,2.8810000000000002,7.806,0.018,301.025,0.399,2.9705,7.8515,0.01,301.007,0.396,3.029,7.8015,0.015,300.997,0.379,3.0475,7.7555,0.028,301.003,0.27,3.0294999999999996,7.704000000000001,0.03,301.018,0.256,2.9895,7.6475,0.018,301.039,0.242,
2.987,7.8125,0.020999999999999998,300.954,0.246,2.9955,7.9055,0.022,300.983,0.343,2.9625000000000004,7.9635,0.02,301.013,0.356,2.8725,7.8715,0.0295,301.03,0.369,2.763,7.7165,0.035,301.037,0.379,2.6855,7.6375,0.028999999999999998,301.044,0.403,2.6605,7.66,0.0115,301.049,0.405,2.673,7.7095,-0.001,301.051,0.389,2.7075,7.7415,0.0,301.056,0.373,2.7685,7.785,0.0035,301.062,0.4,2.8575,7.8725000000000005,-0.0025,301.059,0.412,2.9539999999999997,7.9559999999999995,-0.015,301.042,0.373,3.0265,7.9544999999999995,-0.018,301.033,0.379,3.058,7.919499999999999,-0.0055,301.032,0.394,3.0525,7.859500000000001,0.004,301.037,0.372,3.0255,7.800000000000001,0.0005,301.053,0.374,
3.0455,7.9079999999999995,-0.0595,300.974,0.224,3.0675,7.965,-0.061,300.999,0.385,3.059,8.0515,-0.0485,301.03,0.368,2.9865,8.0215,-0.0225,301.052,0.366,2.8914999999999997,7.893,-0.001,301.071,0.405,2.827,7.8015,-0.010499999999999999,301.085,0.389,2.792,7.805,-0.044,301.088,0.4,2.7649999999999997,7.8315,-0.064,301.083,0.391,2.7485,7.8365,-0.057999999999999996,301.086,0.406,2.7664999999999997,7.8445,-0.0445,301.092,0.406,2.835,7.89,-0.04,301.087,0.439,2.931,7.9855,-0.054,301.07,0.437,3.0084999999999997,8.031500000000001,-0.065,301.059,0.4,3.0395,8.022,-0.059,301.063,0.397,3.0345,7.964,-0.0415,301.064,0.436,3.0295,7.9195,-0.026500000000000003,301.069,0.414,
3.008,7.9265,-0.094,300.952,0.332,3.0615,7.961,-0.0945,300.983,0.417,3.0965,8.0585,-0.08249999999999999,301.023,0.42,3.0564999999999998,8.0775,-0.057499999999999996,301.058,0.429,2.9725,7.9785,-0.036000000000000004,301.091,0.436,2.901,7.855499999999999,-0.040499999999999994,301.111,0.468,2.8515,7.8245000000000005,-0.0605,301.11,0.462,2.8095,7.8605,-0.07200000000000001,301.102,0.422,2.776,7.8885000000000005,-0.0695,301.105,0.397,2.7695,7.8845,-0.062,301.113,0.403,2.804,7.8725000000000005,-0.0535,301.105,0.431,2.872,7.944,-0.06,301.085,0.451,2.9435000000000002,8.025500000000001,-0.07,301.072,0.427,2.9859999999999998,8.0615,-0.07050000000000001,301.08,0.428,3.002,8.028,-0.0575,301.08,0.427,3.0265,8.016,-0.0435,301.084,0.423,
2.987,7.975,-0.0665,300.94,0.379,3.064,7.9845,-0.0765,300.973,0.392,3.1245000000000003,8.057,-0.0795,301.017,0.373,3.1005000000000003,8.085,-0.0665,301.058,0.399,3.011,7.993,-0.053,301.094,0.444,2.9225000000000003,7.837,-0.046,301.12,0.455,2.8735,7.7855,-0.04,301.131,0.47,2.8535,7.8575,-0.03949999999999999,301.128,0.441,2.8354999999999997,7.9345,-0.0465,301.133,0.405,2.8129999999999997,7.934,-0.053500000000000006,301.137,0.409,2.8035,7.862500000000001,-0.0465,301.123,0.438,2.8280000000000003,7.879,-0.040999999999999995,301.1,0.441,2.8855,7.9765,-0.048,301.089,0.437,2.949,8.066500000000001,-0.057499999999999996,301.099,0.451,3.003,8.0705,-0.0605,301.099,0.449,3.052,8.0705,-0.0655,301.099,0.425,
3.012,8.019,-0.035500000000000004,300.945,0.367,3.0735,8.011,-0.066,300.969,0.38,3.123,8.06,-0.07949999999999999,301.01,0.373,3.1025,8.081,-0.0675,301.051,0.428,3.0175,7.986,-0.053,301.084,0.447,2.931,7.816,-0.0385,301.117,0.458,2.893,7.76,-0.0275,301.144,0.456,2.897,7.853,-0.03,301.153,0.438,2.901,7.956,-0.0435,301.159,0.392,2.872,7.961,-0.055999999999999994,301.159,0.412,2.8209999999999997,7.862,-0.05,301.143,0.437,2.8,7.844,-0.040999999999999995,301.118,0.463,2.8415,7.943,-0.0475,301.103,0.435,2.9175,8.06,-0.063,301.115,0.462,2.9855,8.084,-0.08049999999999999,301.117,0.458,3.0275,8.08,-0.0965,301.11,0.464,
3.7110000000000003,8.825,0.0125,301.536,0.268,3.755,8.886,0.0,301.553,0.247,3.8215,8.9755,-0.0235,301.57,0.245,3.9025,9.0355,-0.051000000000000004,301.581,0.246,3.9745,9.045,-0.07700000000000001,301.587,0.231,3.9935,8.994499999999999,-0.08299999999999999,301.571,0.273,3.944,8.9205,-0.058499999999999996,301.53,0.257,3.8625,8.8825,-0.0185,301.484,0.26,3.8040000000000003,8.905000000000001,0.0135,301.457,0.238,3.8085,8.9655,0.026000000000000002,301.463,0.226,3.8845,9.013,0.019000000000000003,301.496,0.294,4.000500000000001,9.059,-0.006,301.546,0.274,4.0975,9.0975,-0.019,301.594,0.295,4.1315,9.147,-0.0085,301.624,0.289,4.114,9.19,0.0215,301.626,0.284,4.0995,9.1725,0.028,301.601,0.297,
3.628,8.707999999999998,0.0005,301.466,0.271,3.6835,8.7645,0.0015,301.489,0.278,3.7670000000000003,8.887,-0.0045000000000000005,301.531,0.282,3.8645,8.9895,-0.019,301.571,0.269,3.9535,9.0175,-0.05,301.596,0.287,3.9974999999999996,8.960999999999999,-0.07050000000000001,301.582,0.254,3.9784999999999995,8.8705,-0.053,301.534,0.286,3.91,8.809,-0.0165,301.483,0.283,3.833,8.802,0.0095,301.448,0.276,3.801,8.8625,0.0195,301.449,0.279,3.8485,8.934999999999999,0.016,301.48,0.306,3.96,9.0055,-0.009,301.525,0.285,4.0785,9.061499999999999,-0.027,301.571,0.285,4.141500000000001,9.129,-0.015,301.612,0.291,4.1235,9.182500000000001,0.0155,301.625,0.28,4.0835,9.137,0.0275,301.586,0.295,
3.5460000000000003,8.625,-0.020999999999999998,301.405,0.265,3.5885,8.6495,-0.006,301.421,0.274,3.6695,8.7765,0.0035,301.479,0.283,3.7655,8.910499999999999,0.0,301.539,0.298,3.8644999999999996,8.959,-0.0235,301.569,0.303,3.9435000000000002,8.922,-0.047,301.559,0.292,3.9705000000000004,8.843,-0.0435,301.523,0.295,3.9290000000000003,8.756,-0.026000000000000002,301.475,0.284,3.851,8.6995,-0.0115,301.434,0.28,3.8055,8.7405,-0.001,301.43,0.282,3.8345000000000002,8.832,0.003,301.46,0.3,3.9305000000000003,8.9265,-0.0155,301.497,0.279,4.0545,9.008,-0.0325,301.541,0.277,4.1385000000000005,9.102,-0.033,301.594,0.239,4.129,9.171,-0.0195,301.624,0.294,4.0785,9.129999999999999,-0.006,301.588,0.289,
3.5149999999999997,8.6065,-0.036,301.38,0.261,3.519,8.5835,-0.0165,301.377,0.271,3.5665,8.668,0.001,301.425,0.282,3.6385,8.805,0.006999999999999999,301.484,0.3,3.7365000000000004,8.885,-0.0015,301.513,0.297,3.8449999999999998,8.891,-0.017499999999999998,301.519,0.311,3.913,8.843,-0.029500000000000002,301.505,0.301,3.905,8.744,-0.037500000000000006,301.467,0.283,3.852,8.6455,-0.038,301.424,0.28,3.8209999999999997,8.654499999999999,-0.028999999999999998,301.412,0.285,3.847,8.739,-0.020499999999999997,301.433,0.293,3.9255,8.841000000000001,-0.027,301.463,0.295,4.034,8.936,-0.0375,301.505,0.308,4.1165,9.033999999999999,-0.055,301.562,0.275,4.115,9.105,-0.0605,301.605,0.288,4.0685,9.102,-0.0505,301.589,0.291,
3.5345,8.643,-0.0405,301.387,0.207,3.4930000000000003,8.5805,-0.025,301.364,0.266,3.491,8.592,-0.0035,301.378,0.282,3.529,8.693999999999999,0.012,301.42,0.301,3.613,8.8025,0.015,301.452,0.299,3.7279999999999998,8.857,0.006999999999999999,301.477,0.325,3.8194999999999997,8.855,-0.013499999999999998,301.486,0.293,3.8505000000000003,8.779499999999999,-0.0385,301.465,0.282,3.8440000000000003,8.674,-0.054,301.425,0.278,3.8465,8.6495,-0.052500000000000005,301.404,0.277,3.878,8.6955,-0.041999999999999996,301.408,0.257,3.9349999999999996,8.781,-0.036500000000000005,301.427,0.256,4.006,8.865,-0.0375,301.465,0.308,4.0595,8.9345,-0.057999999999999996,301.514,0.298,4.063,8.9845,-0.072,301.556,0.334,4.041,9.0265,-0.068,301.566,0.339,
3.5805,8.703,-0.0315,301.409,0.23,3.509,8.625499999999999,-0.024,301.373,0.255,3.464,8.574000000000002,-0.0045000000000000005,301.354,0.282,3.4619999999999997,8.6115,0.0165,301.369,0.301,3.5125,8.718,0.0235,301.399,0.298,3.609,8.806000000000001,0.0215,301.436,0.333,3.7125,8.86,0.0015,301.467,0.301,3.7885,8.847999999999999,-0.027000000000000003,301.468,0.284,3.839,8.777000000000001,-0.0525,301.44,0.285,3.878,8.729,-0.0605,301.411,0.24,3.9145,8.727,-0.05,301.395,0.251,3.9505,8.777000000000001,-0.037000000000000005,301.405,0.257,3.98,8.8295,-0.028499999999999998,301.434,0.289,3.997,8.8565,-0.041,301.468,0.311,4.003,8.869,-0.0505,301.499,0.317,4.01,8.9265,-0.0495,301.525,0.318,
3.6334999999999997,8.761,-0.0125,301.431,0.233,3.5549999999999997,8.699,-0.013000000000000001,301.394,0.221,3.4844999999999997,8.621500000000001,-0.0005,301.357,0.282,3.444,8.591000000000001,0.017,301.345,0.3,3.4495,8.6585,0.0245,301.363,0.319,3.513,8.751999999999999,0.027999999999999997,301.398,0.331,3.6189999999999998,8.850999999999999,0.0145,301.442,0.311,3.7325,8.916,-0.0115,301.469,0.292,3.831,8.906500000000001,-0.0385,301.461,0.29,3.9050000000000002,8.858,-0.052,301.431,0.273,3.9525,8.8285,-0.047,301.405,0.261,3.975,8.839500000000001,-0.0305,301.406,0.255,3.9745,8.8515,-0.014499999999999999,301.424,0.297,3.9619999999999997,8.843,-0.014,301.442,0.243,3.9605,8.8215,-0.0135,301.459,0.256,3.981,8.854,-0.0135,301.483,0.358,
3.692,8.7955,0.0025,301.449,0.224,3.6275,8.778500000000001,-0.001,301.423,0.233,3.5505,8.715,0.002,301.386,0.236,3.4825,8.6415,0.0095,301.355,0.3,3.4444999999999997,8.653,0.0175,301.353,0.32,3.465,8.722,0.026000000000000002,301.373,0.325,3.553,8.8335,0.0205,301.416,0.318,3.682,8.954,0.0035,301.461,0.301,3.8155,9.009,-0.0165,301.476,0.3,3.9215,8.9905,-0.034999999999999996,301.456,0.264,3.982,8.963000000000001,-0.0435,301.432,0.284,3.999,8.9465,-0.029500000000000002,301.427,0.289,3.9865000000000004,8.9205,-0.0095,301.434,0.284,3.965,8.89,0.005,301.44,0.207,3.9575,8.8565,0.0125,301.445,0.227,3.9684999999999997,8.8465,0.010499999999999999,301.46,0.342,
3.7575,8.7995,0.013000000000000001,301.455,0.232,3.7145,8.838000000000001,0.008,301.452,0.233,3.646,8.818000000000001,0.005,301.428,0.237,3.565,8.74,0.0025,301.389,0.267,3.4945,8.7065,0.0085,301.367,0.318,3.4695,8.733,0.018500000000000003,301.367,0.321,3.5215,8.824,0.0215,301.399,0.316,3.6435,8.963999999999999,0.017,301.449,0.312,3.7955,9.067,0.0075,301.481,0.309,3.93,9.097,-0.0125,301.479,0.278,4.0095,9.089500000000001,-0.031,301.471,0.228,4.027,9.061,-0.028,301.465,0.209,4.0095,9.0085,-0.008,301.46,0.206,3.9895,8.967,0.008,301.452,0.207,3.976,8.9385,0.0135,301.451,0.206,3.962,8.903,0.013,301.456,0.251,
3.8145,8.822,0.037,301.447,0.267,3.793,8.899000000000001,0.0335,301.464,0.259,3.747,8.929,0.025,301.464,0.281,3.6695,8.875,0.0165,301.431,0.285,3.5785,8.8195,0.0165,301.398,0.305,3.5140000000000002,8.807,0.024,301.382,0.33,3.5250000000000004,8.866,0.028999999999999998,301.395,0.32,3.623,8.997,0.032,301.439,0.315,3.7695,9.119,0.0295,301.476,0.316,3.91,9.187999999999999,0.011000000000000001,301.492,0.319,4.0025,9.2065,-0.006,301.499,0.245,4.036,9.1795,-0.012,301.494,0.199,4.031499999999999,9.1175,0.0025,301.482,0.215,4.016,9.0725,0.0145,301.467,0.203,3.9965,9.0475,0.0155,301.463,0.204,3.9669999999999996,9.0105,0.0115,301.467,0.22,
3.885,8.9375,0.058499999999999996,301.449,0.267,3.8875,9.0205,0.058499999999999996,301.479,0.233,3.87,9.08,0.0465,301.498,0.243,3.8045,9.056000000000001,0.040499999999999994,301.48,0.256,3.703,8.995000000000001,0.039,301.447,0.309,3.6125,8.9635,0.0395,301.421,0.339,3.5905,9.0015,0.038,301.42,0.334,3.652,9.107,0.035500000000000004,301.446,0.318,3.7615,9.218,0.0335,301.477,0.318,3.8765,9.2975,0.0225,301.501,0.329,3.969,9.3345,0.0065,301.516,0.333,4.025499999999999,9.322,-0.0035,301.514,0.314,4.0495,9.268999999999998,0.0029999999999999996,301.5,0.283,4.052,9.228,0.019,301.492,0.211,4.0385,9.197,0.0225,301.489,0.217,4.009,9.157,0.01,301.491,0.204,
3.9975,9.109,0.015,301.495,0.211,4.008,9.173,0.015,301.521,0.279,4.0075,9.2395,0.0125,301.544,0.291,3.9545,9.245000000000001,0.0245,301.535,0.3,3.8579999999999997,9.195,0.0335,301.505,0.298,3.7705,9.16,0.027,301.485,0.307,3.7350000000000003,9.181000000000001,0.006,301.481,0.315,3.753,9.253499999999999,-0.0095,301.486,0.32,3.8035,9.342500000000001,-0.0085,301.501,0.314,3.8735,9.414000000000001,-0.006500000000000001,301.525,0.334,3.955,9.4535,-0.015,301.543,0.339,4.028499999999999,9.4585,-0.0305,301.544,0.298,4.0725,9.427499999999998,-0.0335,301.533,0.294,4.0815,9.401,-0.018500000000000003,301.526,0.329,4.0665,9.363,-0.006500000000000001,301.52,0.297,4.04,9.311499999999999,-0.0095,301.52,0.293,
4.068,9.215,-0.07300000000000001,301.525,0.195,4.0755,9.26,-0.07500000000000001,301.542,0.313,4.0915,9.332,-0.0615,301.564,0.282,4.0649999999999995,9.3705,-0.0305,301.569,0.269,3.9935,9.35,-0.0045000000000000005,301.555,0.31,3.9175,9.308,-0.0155,301.54,0.305,3.865,9.296,-0.052500000000000005,301.527,0.316,3.8415,9.341,-0.07500000000000001,301.518,0.33,3.843,9.4215,-0.0695,301.528,0.336,3.8735,9.4885,-0.056,301.551,0.339,3.939,9.516,-0.053,301.566,0.361,4.0185,9.526,-0.07,301.561,0.357,4.0745000000000005,9.524000000000001,-0.08249999999999999,301.551,0.324,4.087,9.524999999999999,-0.07450000000000001,301.554,0.298,4.0685,9.4915,-0.0545,301.554,0.356,4.0515,9.445,-0.0385,301.549,0.339,
4.053,9.248999999999999,-0.11149999999999999,301.501,0.261,4.0809999999999995,9.2865,-0.11299999999999999,301.524,0.343,4.122999999999999,9.363,-0.0995,301.553,0.343,4.1259999999999994,9.4235,-0.068,301.576,0.35,4.077999999999999,9.426,-0.040999999999999995,301.584,0.355,4.008,9.3655,-0.046,301.57,0.382,3.9444999999999997,9.3225,-0.069,301.543,0.378,3.8994999999999997,9.3645,-0.08299999999999999,301.53,0.346,3.8735,9.4555,-0.08099999999999999,301.545,0.33,3.8735,9.523,-0.07300000000000001,301.569,0.341,3.911,9.525500000000001,-0.065,301.57,0.36,3.9770000000000003,9.5245,-0.07200000000000001,301.552,0.368,4.037,9.5555,-0.086,301.547,0.35,4.061,9.594,-0.087,301.565,0.348,4.0585,9.58,-0.07250000000000001,301.573,0.35,4.0665,9.556000000000001,-0.057,301.573,0.346,
4.0445,9.298,-0.08199999999999999,301.488,0.315,4.0945,9.323,-0.094,301.51,0.305,4.145,9.383,-0.096,301.54,0.273,4.151,9.439,-0.0765,301.571,0.299,4.107,9.433,-0.056999999999999995,301.586,0.366,4.045,9.352,-0.0485,301.57,0.377,3.997,9.305,-0.0445,301.547,0.387,3.9655,9.3665,-0.045,301.547,0.362,3.9370000000000003,9.474,-0.0535,301.573,0.338,3.9125,9.5415,-0.061,301.592,0.344,3.91,9.5155,-0.053000000000000005,301.571,0.37,3.9429999999999996,9.489,-0.046,301.542,0.369,3.998,9.5445,-0.056999999999999995,301.544,0.361,4.0435,9.6235,-0.07050000000000001,301.575,0.367,4.073499999999999,9.636,-0.07500000000000001,301.59,0.357,4.103,9.622,-0.07999999999999999,301.592,0.333,
4.064500000000001,9.336,-0.046,301.494,0.284,4.104,9.35,-0.0795,301.501,0.313,4.138,9.394,-0.0925,301.526,0.298,4.1345,9.441,-0.075,301.557,0.343,4.093500000000001,9.422,-0.0545,301.564,0.369,4.052,9.332,-0.038,301.548,0.383,4.032,9.29,-0.025500000000000002,301.542,0.383,4.0215,9.364,-0.028999999999999998,301.563,0.363,4.0035,9.479,-0.046,301.596,0.313,3.9690000000000003,9.547,-0.0595,301.607,0.345,3.9299999999999997,9.508,-0.0505,301.57,0.37,3.9215,9.465,-0.0375,301.534,0.39,3.9595000000000002,9.528,-0.0485,301.54,0.365,4.019,9.627,-0.07100000000000001,301.579,0.38,4.0695,9.653,-0.093,301.597,0.361,4.1,9.637,-0.1085,301.589,0.377,
4.423500000000001,9.834,0.020999999999999998,302.071,0.228,4.458500000000001,9.9245,0.0035,302.11,0.203,4.523,10.0165,-0.025500000000000002,302.131,0.181,4.603,10.078,-0.06,302.138,0.164,4.67,10.1005,-0.091,302.139,0.146,4.6885,10.0615,-0.0945,302.117,0.232,4.652,9.984,-0.061,302.074,0.214,4.592499999999999,9.9305,-0.0115,302.028,0.213,4.551,9.933499999999999,0.0245,302.0,0.175,4.552,9.9865,0.035500000000000004,302.005,0.151,4.6025,10.052,0.0225,302.039,0.248,4.6895,10.125499999999999,-0.009,302.091,0.233,4.7775,10.188500000000001,-0.026,302.146,0.251,4.827500000000001,10.245,-0.013000000000000001,302.187,0.246,4.833,10.2865,0.0235,302.203,0.242,4.824,10.276499999999999,0.0345,302.19,0.252,
4.3695,9.678,0.0085,301.973,0.23,4.413,9.7645,0.006,302.012,0.236,4.49,9.8905,-0.004,302.06,0.239,4.5845,10.003499999999999,-0.024,302.109,0.161,4.668,10.061,-0.06,302.146,0.243,4.707,10.028,-0.0805,302.137,0.212,4.692,9.9295,-0.056,302.079,0.244,4.6395,9.844999999999999,-0.009,302.014,0.237,4.582000000000001,9.8255,0.0225,301.978,0.231,4.5575,9.8865,0.032,301.985,0.237,4.588,9.9785,0.0235,302.025,0.258,4.6675,10.074,-0.0095,302.076,0.242,4.7645,10.153,-0.034,302.126,0.241,4.834,10.2235,-0.0215,302.17,0.246,4.8475,10.267,0.0155,302.192,0.235,4.830500000000001,10.2345,0.0315,302.168,0.251,
4.3075,9.5535,-0.0155,301.883,0.225,4.342499999999999,9.6195,-0.0025,301.913,0.233,4.419499999999999,9.76,0.006,301.983,0.24,4.5165,9.907,-0.001,302.062,0.25,4.6129999999999995,9.9865,-0.03,302.113,0.255,4.6825,9.9725,-0.055999999999999994,302.113,0.247,4.702500000000001,9.8825,-0.0485,302.061,0.249,4.6675,9.774999999999999,-0.023,301.993,0.24,4.606,9.718,-0.0025,301.952,0.238,4.571,9.768,0.0105,301.961,0.24,4.5925,9.8755,0.0105,302.005,0.255,4.663,9.9885,-0.014499999999999999,302.05,0.235,4.758,10.091000000000001,-0.037500000000000006,302.096,0.223,4.836,10.190999999999999,-0.03949999999999999,302.15,0.188,4.856,10.247,-0.0215,302.183,0.244,4.8395,10.2195,-0.006500000000000001,302.162,0.246,
4.282,9.497,-0.035,301.834,0.222,4.288,9.525500000000001,-0.014499999999999999,301.847,0.229,4.339499999999999,9.645,0.005,301.914,0.239,4.419499999999999,9.798,0.009999999999999998,301.997,0.254,4.5175,9.897,-0.0045000000000000005,302.047,0.25,4.6135,9.916,-0.025500000000000002,302.059,0.26,4.67,9.8595,-0.037500000000000006,302.031,0.252,4.663,9.748999999999999,-0.041499999999999995,301.976,0.24,4.6185,9.6585,-0.0375,301.933,0.238,4.5925,9.677,-0.0245,301.936,0.243,4.6135,9.7715,-0.017,301.972,0.249,4.6745,9.887,-0.026000000000000002,302.007,0.249,4.7575,10.001999999999999,-0.0405,302.052,0.255,4.8275,10.117,-0.0605,302.113,0.229,4.8485,10.1845,-0.0645,302.158,0.244,4.839,10.188,-0.054,302.155,0.247,
4.305,9.509,-0.042499999999999996,301.829,0.144,4.2725,9.4915,-0.0245,301.821,0.225,4.278499999999999,9.559000000000001,0.0015,301.86,0.238,4.3255,9.6875,0.018000000000000002,301.925,0.253,4.412,9.805,0.017,301.972,0.252,4.519,9.866,0.0025,301.999,0.271,4.602,9.8615,-0.0225,302.001,0.247,4.63,9.7805,-0.049,301.971,0.238,4.621,9.6795,-0.063,301.931,0.236,4.6185,9.657,-0.057499999999999996,301.919,0.235,4.645,9.71,-0.0445,301.931,0.206,4.694000000000001,9.8065,-0.0385,301.956,0.197,4.750500000000001,9.910499999999999,-0.04,301.997,0.258,4.795,10.013,-0.0615,302.053,0.251,4.813000000000001,10.077,-0.075,302.101,0.28,4.821,10.116,-0.07100000000000001,302.124,0.285,
4.354,9.560500000000001,-0.035,301.849,0.146,4.2935,9.5105,-0.025,301.823,0.214,4.256,9.518,-0.0005,301.827,0.237,4.263,9.597999999999999,0.024,301.861,0.253,4.3215,9.717500000000001,0.03,301.903,0.251,4.42,9.815999999999999,0.020999999999999998,301.945,0.277,4.519,9.875,-0.0065,301.978,0.253,4.5845,9.856,-0.041,301.977,0.24,4.6195,9.774999999999999,-0.0685,301.946,0.241,4.647,9.721,-0.07350000000000001,301.915,0.185,4.681,9.725,-0.059,301.903,0.165,4.716,9.783999999999999,-0.042499999999999996,301.918,0.167,4.7415,9.856,-0.031,301.951,0.24,4.756,9.926,-0.042,301.994,0.261,4.7695,9.9695,-0.0515,302.035,0.267,4.7955,10.0205,-0.051000000000000004,302.071,0.266,
4.41,9.625,-0.016,301.874,0.197,4.346,9.5705,-0.015,301.843,0.163,4.2795000000000005,9.536999999999999,0.0015,301.82,0.237,4.245,9.558499999999999,0.0235,301.823,0.252,4.2635000000000005,9.652000000000001,0.033,301.853,0.267,4.3385,9.7685,0.031,301.901,0.277,4.443,9.883,0.009000000000000001,301.956,0.261,4.5395,9.94,-0.0245,301.984,0.246,4.6145,9.904499999999999,-0.0565,301.967,0.244,4.673,9.844,-0.069,301.928,0.162,4.7165,9.815,-0.0605,301.9,0.158,4.741,9.8335,-0.038500000000000006,301.905,0.155,4.7445,9.8635,-0.017,301.93,0.244,4.7345,9.8935,-0.0135,301.959,0.206,4.734999999999999,9.91,-0.013000000000000001,301.984,0.218,4.766,9.941500000000001,-0.0125,302.013,0.299,
4.4645,9.683,0.0005,301.9,0.185,4.4195,9.650500000000001,-0.0035,301.873,0.147,4.3454999999999995,9.61,0.002,301.842,0.178,4.279,9.585,0.013,301.821,0.251,4.256,9.631499999999999,0.0245,301.831,0.269,4.2955000000000005,9.7365,0.031,301.87,0.272,4.386,9.878,0.018500000000000003,301.931,0.266,4.4955,9.9985,-0.006,301.981,0.254,4.6015,10.021,-0.032,301.984,0.251,4.6899999999999995,9.982,-0.0525,301.952,0.158,4.746499999999999,9.9455,-0.057999999999999996,301.923,0.167,4.765499999999999,9.933499999999999,-0.038000000000000006,301.922,0.168,4.756,9.9235,-0.012,301.936,0.225,4.736000000000001,9.919,0.005,301.951,0.172,4.7275,9.915,0.0125,301.961,0.195,4.7465,9.9145,0.0125,301.972,0.289,
4.522,9.722000000000001,0.013000000000000001,301.921,0.147,4.502000000000001,9.727,0.006500000000000001,301.907,0.188,4.4415,9.7095,0.003,301.884,0.155,4.3595,9.6675,0.002,301.852,0.209,4.2985,9.666,0.012,301.837,0.265,4.2940000000000005,9.733,0.023,301.854,0.268,4.3545,9.868500000000001,0.022,301.908,0.265,4.46,10.0245,0.012,301.97,0.262,4.5835,10.104,-0.0034999999999999996,301.994,0.259,4.697,10.1035,-0.027999999999999997,301.98,0.167,4.7695,10.0775,-0.0455,301.962,0.146,4.7895,10.0485,-0.037500000000000006,301.958,0.139,4.7755,10.0085,-0.012,301.961,0.139,4.7545,9.9815,0.006500000000000001,301.96,0.16,4.7385,9.967500000000001,0.012,301.959,0.176,4.734,9.946,0.013,301.957,0.214,
4.5675,9.777000000000001,0.0375,301.927,0.228,4.5685,9.8185,0.031,301.93,0.186,4.5365,9.835,0.020999999999999998,301.924,0.233,4.4625,9.8,0.0135,301.895,0.233,4.378,9.7645,0.0175,301.863,0.253,4.3295,9.785499999999999,0.0275,301.858,0.274,4.35,9.8955,0.0305,301.894,0.267,4.4365000000000006,10.057,0.0295,301.955,0.265,4.5575,10.176,0.022,301.994,0.265,4.677,10.215499999999999,-0.0015,301.998,0.267,4.7615,10.2085,-0.021,301.994,0.152,4.7945,10.176,-0.024,301.988,0.136,4.793,10.121,-0.004999999999999999,301.981,0.177,4.7805,10.0805,0.009000000000000001,301.971,0.159,4.7615,10.059000000000001,0.011,301.965,0.137,4.739,10.0315,0.006999999999999999,301.961,0.188,
4.6285,9.911,0.0565,301.942,0.159,4.6475,9.9735,0.053500000000000006,301.961,0.168,4.6475,10.0125,0.0395,301.972,0.155,4.590999999999999,9.9885,0.035,301.95,0.18,4.4945,9.935500000000001,0.038,301.912,0.194,4.415,9.926,0.0405,301.891,0.281,4.402,10.0085,0.0375,301.912,0.277,4.458,10.1485,0.032,301.958,0.266,4.5504999999999995,10.275,0.0265,301.997,0.266,4.6475,10.3455,0.011000000000000001,302.013,0.275,4.728,10.359,-0.008,302.019,0.279,4.7795,10.334,-0.0175,302.013,0.256,4.804,10.2805,-0.009,301.999,0.186,4.810499999999999,10.234,0.0085,301.989,0.146,4.8,10.202,0.013499999999999998,301.984,0.142,4.7725,10.168,0.0015,301.985,0.173,
4.7285,10.0885,0.009000000000000001,302.0,0.14,4.747999999999999,10.154499999999999,0.0065,302.022,0.164,4.765499999999999,10.204,0.002,302.035,0.169,4.731,10.192499999999999,0.0165,302.016,0.172,4.643,10.141,0.03,301.979,0.189,4.5555,10.123000000000001,0.0245,301.96,0.185,4.5195,10.175999999999998,0.002,301.973,0.25,4.538,10.275,-0.0165,301.995,0.267,4.5875,10.386,-0.017499999999999998,302.02,0.263,4.6505,10.478,-0.018500000000000003,302.045,0.279,4.718,10.508,-0.0295,302.058,0.28,4.778499999999999,10.4905,-0.046,302.054,0.171,4.8195,10.4495,-0.0485,302.035,0.173,4.837,10.409500000000001,-0.032,302.021,0.183,4.8305,10.369,-0.019,302.017,0.171,4.803,10.3275,-0.020999999999999998,302.021,0.169,
4.804,10.199,-0.08499999999999999,302.039,0.134,4.815,10.26,-0.087,302.063,0.176,4.8420000000000005,10.3235,-0.07500000000000001,302.077,0.172,4.834,10.338000000000001,-0.0405,302.065,0.194,4.776,10.31,-0.011,302.04,0.201,4.702,10.2875,-0.020499999999999997,302.031,0.177,4.6475,10.299,-0.059,302.031,0.182,4.625500000000001,10.3545,-0.08449999999999999,302.031,0.188,4.632,10.4555,-0.08049999999999999,302.046,0.278,4.6594999999999995,10.565999999999999,-0.0685,302.077,0.282,4.708,10.604,-0.067,302.094,0.298,4.769500000000001,10.582999999999998,-0.08499999999999999,302.08,0.294,4.82,10.557500000000001,-0.0995,302.059,0.185,4.839,10.54,-0.0905,302.052,0.187,4.8295,10.506,-0.0685,302.052,0.294,4.814,10.475,-0.051500000000000004,302.058,0.281,
4.8105,10.2365,-0.126,302.023,0.157,4.827,10.2895,-0.1275,302.05,0.287,4.867,10.3655,-0.11399999999999999,302.075,0.287,4.882999999999999,10.4095,-0.079,302.081,0.292,4.852,10.406500000000001,-0.048,302.08,0.294,4.7905,10.3705,-0.052000000000000005,302.071,0.314,4.728,10.342500000000001,-0.076,302.052,0.311,4.6865000000000006,10.3765,-0.0915,302.038,0.287,4.6695,10.4855,-0.0905,302.06,0.276,4.6695,10.6085,-0.08299999999999999,302.101,0.286,4.689,10.642,-0.076,302.109,0.3,4.7325,10.61,-0.08349999999999999,302.079,0.304,4.7829999999999995,10.6025,-0.101,302.055,0.29,4.8115000000000006,10.6205,-0.10300000000000001,302.062,0.288,4.8165,10.612,-0.088,302.075,0.29,4.8260000000000005,10.6015,-0.07150000000000001,302.09,0.288,
4.8135,10.280999999999999,-0.0955,302.009,0.265,4.8425,10.314499999999999,-0.10750000000000001,302.031,0.236,4.885,10.382,-0.1095,302.06,0.191,4.904,10.434999999999999,-0.08549999999999999,302.084,0.207,4.881,10.436,-0.0615,302.095,0.304,4.8309999999999995,10.381,-0.052000000000000005,302.079,0.312,4.782,10.3355,-0.0485,302.052,0.318,4.7490000000000006,10.376000000000001,-0.049,302.048,0.299,4.727,10.501000000000001,-0.058499999999999996,302.085,0.282,4.705,10.623999999999999,-0.0665,302.128,0.288,4.6905,10.644,-0.057999999999999996,302.118,0.309,4.705,10.603,-0.051500000000000004,302.073,0.307,4.748,10.617999999999999,-0.0665,302.054,0.3,4.792,10.6745,-0.08399999999999999,302.077,0.303,4.8255,10.694,-0.0895,302.101,0.289,4.859,10.6835,-0.094,302.116,0.267,
4.834,10.314,-0.055999999999999994,302.012,0.225,4.861000000000001,10.333,-0.09,302.016,0.177,4.8855,10.389,-0.10250000000000001,302.042,0.171,4.89,10.439,-0.081,302.073,0.283,4.8705,10.436,-0.056,302.081,0.307,4.842499999999999,10.371,-0.038,302.058,0.319,4.8195,10.323,-0.024,302.037,0.318,4.8025,10.372,-0.027,302.055,0.301,4.7835,10.505,-0.046,302.108,0.255,4.751,10.625,-0.06,302.143,0.288,4.712,10.637,-0.049,302.116,0.309,4.698,10.593,-0.035,302.065,0.324,4.7265,10.62,-0.0505,302.057,0.305,4.7780000000000005,10.695,-0.079,302.094,0.314,4.826499999999999,10.726,-0.10450000000000001,302.121,0.289,4.8614999999999995,10.707,-0.1195,302.119,0.31,
4.824999999999999,10.7845,0.0325,302.594,0.176,4.840999999999999,10.8935,0.010499999999999999,302.644,0.158,4.893,10.978000000000002,-0.025,302.664,0.134,4.971,11.030999999999999,-0.068,302.666,0.116,5.0440000000000005,11.0615,-0.10450000000000001,302.666,0.101,5.077500000000001,11.0445,-0.10550000000000001,302.646,0.179,5.063000000000001,10.981,-0.063,302.604,0.166,5.0245,10.915,-0.0045000000000000005,302.556,0.163,4.9945,10.8885,0.035,302.523,0.13,4.9915,10.918,0.043,302.526,0.109,5.0225,10.983,0.0245,302.561,0.188,5.086,11.060500000000001,-0.014,302.612,0.179,5.1625,11.117999999999999,-0.035,302.662,0.19,5.2170000000000005,11.154,-0.019,302.698,0.188,5.2295,11.172,0.0245,302.715,0.185,5.211,11.158000000000001,0.040999999999999995,302.708,0.191,
4.8149999999999995,10.5925,0.0195,302.477,0.177,4.830500000000001,10.6985,0.013499999999999998,302.528,0.181,4.888,10.8235,-0.001,302.579,0.182,4.9765,10.939499999999999,-0.027999999999999997,302.629,0.102,5.0634999999999994,11.0145,-0.069,302.671,0.185,5.109999999999999,11.0075,-0.089,302.666,0.164,5.1045,10.9225,-0.057,302.607,0.186,5.0665,10.8265,-0.001,302.536,0.181,5.027,10.788,0.0345,302.496,0.177,5.0120000000000005,10.834,0.042499999999999996,302.505,0.182,5.031499999999999,10.9265,0.028999999999999998,302.551,0.194,5.0835,11.025500000000001,-0.0115,302.605,0.184,5.157500000000001,11.1,-0.041999999999999996,302.653,0.184,5.225,11.149999999999999,-0.029,302.689,0.187,5.2535,11.1665,0.013999999999999999,302.707,0.179,5.244,11.1295,0.0345,302.688,0.19,
4.7925,10.434,-0.0075,302.361,0.174,4.8035,10.526499999999999,0.0035,302.407,0.178,4.8625,10.678,0.009,302.488,0.183,4.9544999999999995,10.834,-0.0025,302.576,0.188,5.0489999999999995,10.9285,-0.035500000000000004,302.635,0.192,5.1125,10.9305,-0.063,302.639,0.187,5.1274999999999995,10.8475,-0.051000000000000004,302.583,0.188,5.1005,10.739,-0.019000000000000003,302.508,0.183,5.061,10.6845,0.0065,302.465,0.182,5.042,10.732,0.0205,302.479,0.183,5.057,10.8385,0.017,302.531,0.193,5.1,10.949,-0.013000000000000001,302.582,0.179,5.163,11.046,-0.041999999999999996,302.631,0.167,5.2285,11.1275,-0.047,302.678,0.144,5.266,11.158,-0.025500000000000002,302.704,0.183,5.27,11.123999999999999,-0.008,302.685,0.187,
4.79,10.3505,-0.0315,302.286,0.172,4.7875,10.4125,-0.010499999999999999,302.321,0.176,4.831,10.560500000000001,0.0085,302.409,0.182,4.907,10.724,0.012,302.507,0.192,4.997,10.8255,-0.007,302.564,0.189,5.077,10.843,-0.031,302.574,0.195,5.1205,10.786,-0.043,302.54,0.19,5.1175,10.6875,-0.044,302.481,0.183,5.0915,10.618,-0.036000000000000004,302.44,0.182,5.079000000000001,10.6435,-0.0195,302.451,0.185,5.093999999999999,10.7345,-0.0125,302.493,0.188,5.13,10.842,-0.024,302.535,0.188,5.1805,10.953,-0.042499999999999996,302.586,0.19,5.231999999999999,11.0595,-0.0655,302.647,0.175,5.266,11.111,-0.0695,302.685,0.186,5.2829999999999995,11.1055,-0.058499999999999996,302.682,0.188,
4.822,10.3455,-0.0435,302.263,0.109,4.7965,10.36,-0.0225,302.279,0.173,4.8065,10.4695,0.0065,302.347,0.181,4.8515,10.613499999999998,0.0235,302.428,0.191,4.926,10.722999999999999,0.0185,302.48,0.19,5.0145,10.77,-0.0025,302.503,0.201,5.085,10.76,-0.0315,302.498,0.187,5.1145,10.6935,-0.058499999999999996,302.466,0.182,5.1135,10.6165,-0.07,302.431,0.181,5.1135,10.602,-0.0595,302.424,0.18,5.1325,10.6515,-0.0445,302.442,0.157,5.1645,10.74,-0.039,302.473,0.148,5.1985,10.847,-0.041,302.522,0.194,5.228,10.9575,-0.064,302.586,0.189,5.254,11.0235,-0.079,302.634,0.207,5.282500000000001,11.052,-0.076,302.655,0.211,
4.8740000000000006,10.39,-0.039,302.275,0.101,4.8309999999999995,10.359,-0.0245,302.269,0.166,4.804,10.41,0.005,302.302,0.181,4.8115000000000006,10.516,0.032,302.355,0.19,4.861000000000001,10.6305,0.035500000000000004,302.4,0.189,4.946,10.716000000000001,0.018500000000000003,302.442,0.205,5.036,10.766,-0.016,302.472,0.19,5.0969999999999995,10.751,-0.0545,302.469,0.183,5.125,10.68,-0.08199999999999999,302.436,0.184,5.1434999999999995,10.628,-0.08299999999999999,302.405,0.14,5.1690000000000005,10.6295,-0.0655,302.396,0.114,5.197,10.686499999999999,-0.0465,302.418,0.114,5.2155000000000005,10.771,-0.0325,302.463,0.181,5.224,10.8655,-0.0415,302.52,0.195,5.2395,10.9295,-0.052,302.568,0.199,5.275,10.9725,-0.0535,302.605,0.199,
4.9295,10.456,-0.0215,302.301,0.156,4.8875,10.401,-0.017,302.28,0.124,4.834,10.3995,0.005,302.28,0.18,4.804,10.457,0.031,302.302,0.189,4.822,10.561,0.040499999999999994,302.34,0.199,4.8919999999999995,10.6765,0.032,302.395,0.205,4.9879999999999995,10.783000000000001,0.0015,302.453,0.195,5.071,10.829,-0.038,302.478,0.187,5.126,10.781500000000001,-0.07250000000000001,302.451,0.185,5.165,10.714,-0.08399999999999999,302.403,0.102,5.1995000000000005,10.6815,-0.07250000000000001,302.375,0.102,5.2265,10.7055,-0.0455,302.388,0.102,5.236000000000001,10.754999999999999,-0.019,302.427,0.183,5.229,10.817499999999999,-0.012,302.474,0.161,5.2295,10.863499999999998,-0.011,302.512,0.169,5.2615,10.8965,-0.0115,302.543,0.219,
4.978,10.5245,-0.004,302.331,0.146,4.954000000000001,10.471499999999999,-0.0075,302.305,0.101,4.896,10.444500000000001,0.002,302.288,0.134,4.839,10.458,0.0175,302.284,0.188,4.824,10.530000000000001,0.031,302.308,0.2,4.8675,10.649000000000001,0.034,302.361,0.202,4.951499999999999,10.7905,0.0145,302.432,0.198,5.0395,10.8925,-0.016,302.48,0.191,5.114,10.887,-0.047,302.468,0.189,5.1765,10.83,-0.069,302.422,0.102,5.225,10.786,-0.07200000000000001,302.389,0.102,5.253,10.783000000000001,-0.0465,302.395,0.102,5.2565,10.795,-0.014499999999999999,302.423,0.168,5.2415,10.8185,0.006,302.454,0.138,5.23,10.84,0.015,302.478,0.156,5.249499999999999,10.852,0.0155,302.494,0.214,
5.0280000000000005,10.5825,0.01,302.364,0.101,5.0235,10.553,0.0015,302.338,0.146,4.9805,10.530000000000001,0.0,302.32,0.109,4.913,10.518,0.0025,302.303,0.156,4.8665,10.5465,0.016,302.305,0.197,4.8745,10.639,0.026500000000000003,302.339,0.199,4.9325,10.788,0.0215,302.407,0.198,5.0135000000000005,10.9295,0.006,302.471,0.196,5.0995,10.9765,-0.015,302.483,0.194,5.1815,10.948,-0.044,302.455,0.106,5.244,10.91,-0.0605,302.43,0.101,5.275,10.8875,-0.0475,302.428,0.101,5.276,10.866,-0.016,302.442,0.103,5.2585,10.855,0.0055,302.453,0.125,5.239,10.853000000000002,0.013000000000000001,302.462,0.143,5.24,10.85,0.013999999999999999,302.468,0.167,
5.0695,10.656500000000001,0.035500000000000004,302.381,0.176,5.0809999999999995,10.6615,0.025500000000000002,302.368,0.134,5.0634999999999994,10.658000000000001,0.013999999999999999,302.357,0.177,5.005,10.6355,0.01,302.338,0.175,4.939,10.623999999999999,0.0185,302.321,0.188,4.9105,10.6765,0.03,302.332,0.202,4.9350000000000005,10.812,0.031,302.385,0.199,4.997999999999999,10.968499999999999,0.026500000000000003,302.454,0.197,5.0805,11.059000000000001,0.013499999999999998,302.489,0.197,5.1685,11.0685,-0.0155,302.482,0.198,5.241,11.046,-0.0375,302.469,0.101,5.279,11.015,-0.037,302.461,0.103,5.2865,10.9685,-0.013499999999999998,302.456,0.14,5.2775,10.9295,0.0035,302.454,0.126,5.259499999999999,10.9085,0.0075,302.456,0.101,5.2475000000000005,10.8995,0.0035,302.461,0.151,
5.124,10.797,0.053,302.409,0.102,5.1465,10.834,0.045,302.413,0.125,5.154,10.846,0.029,302.413,0.107,5.112,10.8145,0.028,302.391,0.129,5.0385,10.776,0.036000000000000004,302.361,0.123,4.984,10.7985,0.0405,302.356,0.206,4.9795,10.911,0.036000000000000004,302.396,0.204,5.018,11.053,0.027999999999999997,302.454,0.198,5.0794999999999995,11.158999999999999,0.0185,302.495,0.198,5.1515,11.2075,-0.0025,302.508,0.203,5.218999999999999,11.207,-0.025,302.505,0.206,5.263999999999999,11.177,-0.033,302.492,0.189,5.285,11.119,-0.020999999999999998,302.474,0.125,5.2925,11.061,-0.0025,302.463,0.109,5.289,11.025500000000001,0.0034999999999999996,302.464,0.101,5.2765,11.009,-0.0075,302.477,0.141,
5.2044999999999995,10.972,0.002,302.478,0.101,5.2255,11.029499999999999,-0.004,302.491,0.102,5.2445,11.0505,-0.0105,302.489,0.102,5.2225,11.015,0.006500000000000001,302.46,0.102,5.16,10.97,0.0245,302.427,0.122,5.0969999999999995,10.983,0.020999999999999998,302.423,0.114,5.068,11.064499999999999,-0.0025,302.452,0.183,5.0765,11.1665,-0.023,302.486,0.198,5.1115,11.264,-0.027,302.52,0.197,5.161,11.347,-0.0315,302.548,0.206,5.213,11.370999999999999,-0.0455,302.556,0.206,5.2545,11.341,-0.0615,302.541,0.102,5.282,11.2835,-0.0635,302.512,0.106,5.3025,11.224,-0.0465,302.494,0.103,5.3135,11.1815,-0.033,302.497,0.102,5.3055,11.159,-0.0335,302.513,0.102,
5.274,11.086,-0.0965,302.526,0.101,5.286,11.1495,-0.0995,302.548,0.103,5.307,11.186499999999999,-0.089,302.548,0.11,5.306,11.1695,-0.0525,302.519,0.14,5.271000000000001,11.1415,-0.0195,302.493,0.131,5.2195,11.1495,-0.027,302.497,0.106,5.1745,11.186499999999999,-0.065,302.511,0.107,5.1515,11.242,-0.0925,302.521,0.108,5.1565,11.3335,-0.091,302.545,0.204,5.1805,11.447,-0.08099999999999999,302.584,0.207,5.2105,11.489,-0.08099999999999999,302.599,0.217,5.2425,11.45,-0.099,302.574,0.214,5.2735,11.398499999999999,-0.11549999999999999,302.541,0.108,5.298,11.3585,-0.10700000000000001,302.528,0.121,5.3115000000000006,11.328,-0.08449999999999999,302.535,0.214,5.314,11.314,-0.0655,302.553,0.206,
5.2989999999999995,11.1315,-0.14,302.517,0.102,5.3085,11.1885,-0.14,302.545,0.211,5.3345,11.244,-0.128,302.559,0.212,5.351,11.2605,-0.0915,302.549,0.214,5.3385,11.255500000000001,-0.056999999999999995,302.542,0.215,5.297499999999999,11.247,-0.058499999999999996,302.542,0.226,5.2455,11.238,-0.0815,302.532,0.225,5.21,11.2675,-0.0985,302.525,0.211,5.202,11.371,-0.0995,302.556,0.204,5.2044999999999995,11.504999999999999,-0.0925,302.609,0.211,5.205500000000001,11.5505,-0.08499999999999999,302.62,0.219,5.216,11.5015,-0.094,302.579,0.22,5.2435,11.462,-0.11499999999999999,302.542,0.212,5.276,11.4585,-0.1195,302.543,0.211,5.3004999999999995,11.457,-0.10450000000000001,302.562,0.213,5.32,11.4555,-0.087,302.588,0.211,
5.3149999999999995,11.175,-0.108,302.507,0.198,5.3309999999999995,11.2105,-0.119,302.528,0.171,5.358499999999999,11.2675,-0.1215,302.553,0.134,5.38,11.306999999999999,-0.0955,302.567,0.142,5.3740000000000006,11.310500000000001,-0.068,302.57,0.221,5.3385,11.276,-0.056,302.556,0.226,5.2945,11.238499999999998,-0.0505,302.531,0.229,5.2675,11.272,-0.052,302.531,0.218,5.2585,11.3975,-0.0635,302.58,0.208,5.2435,11.533999999999999,-0.07100000000000001,302.635,0.212,5.2155000000000005,11.57,-0.061,302.631,0.225,5.202500000000001,11.521,-0.056,302.578,0.223,5.2255,11.506499999999999,-0.076,302.548,0.218,5.268000000000001,11.544,-0.0985,302.567,0.22,5.308,11.567499999999999,-0.10500000000000001,302.596,0.209,5.3405000000000005,11.555,-0.10750000000000001,302.617,0.194,
5.3375,11.204,-0.0655,302.508,0.167,5.356,11.224,-0.0985,302.512,0.103,5.3745,11.275,-0.111,302.539,0.102,5.3865,11.321,-0.0875,302.568,0.207,5.380000000000001,11.324,-0.058499999999999996,302.57,0.223,5.356,11.275,-0.038,302.54,0.231,5.330500000000001,11.229,-0.022,302.513,0.23,5.319,11.271,-0.025,302.536,0.22,5.313,11.408,-0.0455,302.603,0.188,5.2875,11.541,-0.0595,302.651,0.211,5.243,11.57,-0.0465,302.629,0.224,5.2145,11.524,-0.0325,302.575,0.234,5.2285,11.526,-0.0535,302.561,0.222,5.271,11.583,-0.0875,302.595,0.227,5.311999999999999,11.615,-0.11499999999999999,302.623,0.208,5.3405000000000005,11.588,-0.1295,302.621,0.224,
4.944000000000001,11.695,0.048,303.109,0.109,4.9345,11.815999999999999,0.022,303.16,0.107,4.9645,11.8795,-0.020999999999999998,303.173,0.104,5.039,11.9165,-0.075,303.173,0.102,5.129,11.9545,-0.11699999999999999,303.176,0.1,5.192,11.972,-0.11549999999999999,303.163,0.109,5.2065,11.938500000000001,-0.0645,303.125,0.108,5.1835,11.8645,0.002,303.073,0.108,5.156000000000001,11.796,0.042499999999999996,303.033,0.103,5.15,11.785499999999999,0.0475,303.03,0.101,5.172000000000001,11.833,0.024,303.064,0.111,5.2205,11.89,-0.021,303.109,0.109,5.283,11.910499999999999,-0.046,303.144,0.111,5.330500000000001,11.8945,-0.027,303.16,0.11,5.335,11.865,0.0235,303.165,0.11,5.2925,11.8385,0.046,303.159,0.111,
4.9925,11.4805,0.034499999999999996,302.982,0.109,4.965999999999999,11.599499999999999,0.025,303.044,0.11,4.992,11.7165,0.004,303.095,0.11,5.075,11.827,-0.031,303.141,0.1,5.1745,11.908,-0.076,303.177,0.11,5.2385,11.931000000000001,-0.0945,303.175,0.108,5.2455,11.88,-0.056,303.125,0.11,5.2170000000000005,11.788,0.006500000000000001,303.056,0.11,5.191,11.722999999999999,0.044,303.011,0.109,5.186999999999999,11.737,0.0495,303.015,0.11,5.202999999999999,11.811,0.0315,303.06,0.111,5.237,11.89,-0.014499999999999999,303.113,0.11,5.29,11.9325,-0.05,303.153,0.11,5.3469999999999995,11.934,-0.038,303.174,0.11,5.375500000000001,11.9015,0.01,303.174,0.109,5.3565000000000005,11.846499999999999,0.0365,303.15,0.111,
5.026999999999999,11.3035,0.0029999999999999996,302.845,0.109,5.0,11.413,0.012,302.912,0.109,5.0285,11.572,0.013,303.003,0.11,5.109500000000001,11.7295,-0.0025,303.091,0.111,5.204000000000001,11.8215,-0.039,303.14,0.111,5.265000000000001,11.832,-0.066,303.141,0.111,5.275,11.774000000000001,-0.0505,303.093,0.111,5.255,11.688500000000001,-0.0145,303.025,0.11,5.2379999999999995,11.638,0.014,302.982,0.11,5.239,11.6705,0.0275,302.992,0.11,5.2509999999999994,11.756,0.022,303.042,0.111,5.269,11.843,-0.0115,303.096,0.11,5.3025,11.9085,-0.046,303.145,0.108,5.351,11.9435,-0.0545,303.182,0.105,5.3915,11.9295,-0.0315,303.189,0.11,5.4015,11.8705,-0.010499999999999999,303.16,0.111,
5.0615000000000006,11.206,-0.027000000000000003,302.744,0.109,5.0405,11.293500000000002,-0.0055,302.808,0.109,5.0655,11.461500000000001,0.0125,302.917,0.11,5.128,11.6275,0.014499999999999999,303.02,0.111,5.2035,11.713000000000001,-0.007,303.069,0.111,5.2635,11.7135,-0.0335,303.069,0.112,5.291499999999999,11.6655,-0.046,303.037,0.111,5.294499999999999,11.603000000000002,-0.045,302.988,0.11,5.292999999999999,11.567,-0.0335,302.953,0.11,5.2989999999999995,11.596,-0.0145,302.963,0.11,5.308,11.6655,-0.0075,303.003,0.111,5.3165,11.745999999999999,-0.0215,303.05,0.111,5.3325,11.831,-0.043,303.108,0.111,5.362500000000001,11.900500000000001,-0.0695,303.166,0.109,5.4,11.918,-0.075,303.19,0.11,5.4295,11.884,-0.0645,303.171,0.111,
5.107,11.187999999999999,-0.045,302.699,0.101,5.088,11.2355,-0.0195,302.746,0.109,5.0965,11.375,0.0115,302.843,0.11,5.1285,11.5215,0.0295,302.935,0.111,5.1785,11.6035,0.020499999999999997,302.98,0.111,5.2395,11.618500000000001,-0.006,302.991,0.113,5.295,11.599499999999999,-0.039,302.983,0.111,5.3305,11.5645,-0.066,302.958,0.11,5.3454999999999995,11.5305,-0.0735,302.93,0.11,5.352,11.528500000000001,-0.058499999999999996,302.926,0.11,5.3585,11.5595,-0.042499999999999996,302.944,0.107,5.3665,11.624500000000001,-0.0375,302.98,0.106,5.375500000000001,11.719999999999999,-0.04,303.043,0.111,5.3885000000000005,11.814,-0.0645,303.113,0.111,5.415,11.863,-0.082,303.155,0.113,5.452,11.866,-0.08249999999999999,303.161,0.114,
5.157500000000001,11.221499999999999,-0.044,302.697,0.1,5.140000000000001,11.218499999999999,-0.024,302.718,0.108,5.1265,11.306000000000001,0.0115,302.784,0.11,5.1259999999999994,11.4205,0.040499999999999994,302.851,0.111,5.1505,11.5085,0.04,302.893,0.111,5.2095,11.561,0.015,302.927,0.113,5.288,11.587,-0.026000000000000002,302.951,0.111,5.351,11.5805,-0.066,302.946,0.11,5.379,11.538,-0.091,302.915,0.11,5.3855,11.4925,-0.088,302.885,0.105,5.3945,11.481,-0.0685,302.877,0.102,5.411,11.528,-0.0485,302.907,0.102,5.422000000000001,11.621500000000001,-0.032,302.969,0.11,5.4254999999999995,11.7235,-0.0395,303.043,0.112,5.4395,11.791,-0.0515,303.097,0.112,5.4735,11.818999999999999,-0.0565,303.125,0.112,
5.205500000000001,11.280000000000001,-0.028,302.719,0.107,5.1935,11.2335,-0.019,302.711,0.103,5.165,11.266,0.0095,302.742,0.11,5.138,11.346499999999999,0.039,302.783,0.111,5.141,11.44,0.0465,302.824,0.112,5.1925,11.532,0.0305,302.878,0.113,5.2765,11.6065,-0.0075,302.934,0.112,5.35,11.630500000000001,-0.0505,302.95,0.111,5.386,11.585,-0.08449999999999999,302.915,0.11,5.399,11.5095,-0.095,302.86,0.1,5.418,11.469000000000001,-0.0815,302.834,0.1,5.4475,11.4975,-0.051500000000000004,302.857,0.1,5.4665,11.574000000000002,-0.0205,302.915,0.11,5.4655000000000005,11.661999999999999,-0.009,302.984,0.108,5.4655000000000005,11.7275,-0.0075,303.038,0.109,5.49,11.76,-0.010499999999999999,303.071,0.115,
5.246,11.345,-0.01,302.753,0.105,5.245,11.278,-0.0125,302.723,0.1,5.218500000000001,11.272,0.0025,302.726,0.104,5.179,11.321,0.0225,302.746,0.111,5.1635,11.4065,0.036500000000000005,302.783,0.112,5.198,11.517,0.0345,302.843,0.113,5.269,11.628,0.0095,302.916,0.112,5.3365,11.686,-0.025500000000000002,302.954,0.111,5.3765,11.656,-0.0595,302.927,0.111,5.4015,11.5775,-0.08299999999999999,302.869,0.1,5.435499999999999,11.525500000000001,-0.08449999999999999,302.835,0.1,5.477,11.535,-0.05499999999999999,302.85,0.1,5.502,11.58,-0.017,302.895,0.108,5.4985,11.634,0.0085,302.947,0.105,5.486000000000001,11.678999999999998,0.02,302.992,0.107,5.498,11.7045,0.019000000000000003,303.021,0.114,
5.2885,11.407,0.006,302.789,0.1,5.294499999999999,11.347999999999999,-0.0055,302.751,0.105,5.279999999999999,11.328,-0.0045000000000000005,302.738,0.101,5.2425,11.349,0.003,302.744,0.107,5.2135,11.4095,0.0195,302.767,0.112,5.226,11.512,0.028999999999999998,302.816,0.112,5.2735,11.641,0.02,302.89,0.112,5.324999999999999,11.7325,0.0005,302.947,0.112,5.3655,11.7345,-0.025500000000000002,302.945,0.112,5.404,11.6765,-0.058499999999999996,302.904,0.101,5.4510000000000005,11.6265,-0.07500000000000001,302.875,0.1,5.497,11.617,-0.057999999999999996,302.878,0.1,5.5215,11.622499999999999,-0.019999999999999997,302.901,0.1,5.516,11.629999999999999,0.0055,302.928,0.103,5.496,11.643,0.016,302.958,0.105,5.497999999999999,11.6645,0.0165,302.983,0.108,
5.334,11.488499999999998,0.0315,302.815,0.109,5.343999999999999,11.4585,0.017,302.783,0.104,5.343999999999999,11.440999999999999,0.0055,302.767,0.109,5.3149999999999995,11.4345,0.0055,302.761,0.109,5.279,11.4595,0.019,302.767,0.111,5.272,11.5425,0.031,302.799,0.113,5.295,11.6745,0.0305,302.862,0.112,5.326499999999999,11.785499999999999,0.023,302.929,0.112,5.3605,11.8195,0.004999999999999999,302.956,0.112,5.4055,11.7955,-0.0295,302.943,0.112,5.4595,11.7605,-0.054,302.923,0.1,5.5045,11.7355,-0.05,302.912,0.1,5.525,11.7015,-0.022,302.91,0.105,5.52,11.660499999999999,-0.001,302.913,0.103,5.5045,11.641,0.005,302.93,0.1,5.5075,11.662500000000001,0.001,302.961,0.106,
5.3885000000000005,11.626,0.048,302.854,0.1,5.4015,11.631,0.0345,302.839,0.103,5.4079999999999995,11.6155,0.017,302.824,0.101,5.3865,11.58,0.02,302.802,0.103,5.353,11.573,0.032,302.792,0.103,5.3365,11.642499999999998,0.038,302.812,0.113,5.339,11.7675,0.0335,302.864,0.113,5.349,11.873000000000001,0.024,302.924,0.112,5.37,11.9225,0.0105,302.965,0.112,5.411,11.9345,-0.0165,302.98,0.113,5.4615,11.9245,-0.042,302.973,0.113,5.497,11.891,-0.048,302.95,0.111,5.509,11.8255,-0.0325,302.925,0.103,5.5115,11.7505,-0.0135,302.913,0.101,5.519,11.711,-0.007,302.925,0.1,5.535500000000001,11.726500000000001,-0.0165,302.963,0.105,
5.446,11.79,-0.0065,302.931,0.1,5.458,11.8235,-0.016,302.931,0.1,5.463,11.807,-0.0235,302.908,0.1,5.4495000000000005,11.7525,-0.0045000000000000005,302.869,0.1,5.429,11.733,0.0165,302.848,0.103,5.4145,11.7975,0.015,302.868,0.102,5.4015,11.900500000000001,-0.0075,302.912,0.11,5.390000000000001,11.978000000000002,-0.028499999999999998,302.952,0.112,5.397,12.029,-0.036000000000000004,302.992,0.112,5.429,12.0745,-0.0445,303.027,0.113,5.4645,12.090499999999999,-0.061,303.032,0.113,5.479,12.0515,-0.07500000000000001,303.002,0.1,5.4795,11.968,-0.077,302.962,0.101,5.495,11.886,-0.0615,302.943,0.1,5.529999999999999,11.8465,-0.048,302.956,0.1,5.5615000000000006,11.8525,-0.0465,302.992,0.1,
5.498,11.9055,-0.1085,302.987,0.1,5.5045,11.955,-0.1115,302.999,0.1,5.504,11.947,-0.10200000000000001,302.977,0.101,5.5009999999999994,11.9005,-0.0655,302.933,0.105,5.5,11.892,-0.03,302.912,0.104,5.4915,11.946,-0.035,302.932,0.101,5.465999999999999,12.007,-0.07100000000000001,302.959,0.101,5.4395,12.051,-0.099,302.978,0.101,5.4375,12.108,-0.1005,303.016,0.113,5.4575,12.1845,-0.092,303.064,0.113,5.4704999999999995,12.218,-0.0925,303.077,0.114,5.4615,12.171,-0.1105,303.037,0.114,5.4544999999999995,12.0855,-0.129,302.993,0.101,5.48,12.024000000000001,-0.1235,302.982,0.102,5.529,12.004000000000001,-0.10200000000000001,303.0,0.114,5.567,12.007,-0.08049999999999999,303.031,0.113,
5.538,11.964500000000001,-0.153,302.987,0.1,5.5425,12.015,-0.1515,303.01,0.114,5.5415,12.0245,-0.14100000000000001,303.005,0.114,5.5489999999999995,12.009,-0.10450000000000001,302.979,0.114,5.5600000000000005,12.0175,-0.0675,302.969,0.114,5.551,12.0435,-0.065,302.975,0.116,5.5175,12.0565,-0.086,302.973,0.115,5.49,12.0855,-0.105,302.979,0.114,5.49,12.1645,-0.1085,303.025,0.113,5.497999999999999,12.263,-0.101,303.084,0.114,5.483499999999999,12.2985,-0.0915,303.093,0.115,5.452500000000001,12.244,-0.1015,303.045,0.115,5.4435,12.1765,-0.1275,303.003,0.114,5.4775,12.1545,-0.1365,303.007,0.114,5.5305,12.1615,-0.122,303.034,0.114,5.5655,12.160499999999999,-0.10250000000000001,303.063,0.114,
5.568,12.012,-0.1195,302.982,0.112,5.577999999999999,12.0445,-0.1285,303.002,0.109,5.584,12.0685,-0.1325,303.016,0.104,5.5985,12.087,-0.10700000000000001,303.017,0.105,5.606999999999999,12.099,-0.076,303.009,0.115,5.5885,12.0835,-0.0595,302.991,0.116,5.555,12.061499999999999,-0.0515,302.972,0.116,5.541499999999999,12.1035,-0.0555,302.987,0.115,5.551,12.214,-0.0695,303.048,0.113,5.547,12.319500000000001,-0.075,303.105,0.114,5.5075,12.341000000000001,-0.062,303.099,0.116,5.461,12.2865,-0.058499999999999996,303.046,0.115,5.455,12.2555,-0.08549999999999999,303.021,0.115,5.4945,12.279,-0.11299999999999999,303.043,0.115,5.541,12.3025,-0.1205,303.072,0.114,5.5649999999999995,12.279,-0.1205,303.088,0.112,
5.593,12.038,-0.07400000000000001,302.986,0.108,5.606,12.056,-0.105,302.989,0.1,5.6205,12.085,-0.119,303.014,0.1,5.639,12.119,-0.095,303.038,0.113,5.6395,12.128,-0.062,303.026,0.115,5.6135,12.09,-0.0375,302.984,0.116,5.589,12.055,-0.0205,302.959,0.116,5.5945,12.11,-0.0245,302.996,0.115,5.6129999999999995,12.237,-0.046,303.072,0.111,5.6,12.342,-0.057999999999999996,303.117,0.114,5.5455000000000005,12.353,-0.042499999999999996,303.096,0.116,5.4945,12.301,-0.03,303.048,0.117,5.49,12.292,-0.056999999999999995,303.042,0.115,5.521,12.338,-0.0955,303.077,0.116,5.547499999999999,12.365,-0.1235,303.096,0.113,5.556,12.324,-0.137,303.086,0.116,
4.811999999999999,12.024000000000001,0.066,303.443,0.101,4.8115000000000006,12.09,0.0365,303.473,0.101,4.862500000000001,12.124500000000001,-0.0155,303.482,0.1,4.9510000000000005,12.15,-0.081,303.492,0.1,5.032500000000001,12.177499999999998,-0.128,303.503,0.1,5.072,12.194500000000001,-0.1235,303.497,0.101,5.0705,12.177,-0.065,303.462,0.101,5.0545,12.1245,0.0075,303.417,0.101,5.047499999999999,12.068999999999999,0.0475,303.391,0.1,5.053,12.045,0.0495,303.4,0.1,5.0695,12.0455,0.0215,303.432,0.101,5.106,12.0395,-0.0285,303.468,0.101,5.163,12.0135,-0.057499999999999996,303.496,0.101,5.214,11.9755,-0.037000000000000005,303.508,0.101,5.2225,11.939,0.019999999999999997,303.512,0.101,5.1765,11.918500000000002,0.05,303.508,0.101,
4.868,11.858,0.0515,303.34,0.101,4.855,11.936499999999999,0.0395,303.389,0.101,4.8995,12.0165,0.01,303.435,0.101,4.986000000000001,12.0875,-0.0335,303.476,0.1,5.0675,12.133,-0.082,303.5,0.101,5.1075,12.147,-0.097,303.488,0.101,5.109,12.123999999999999,-0.0535,303.443,0.101,5.0975,12.078,0.013500000000000002,303.395,0.101,5.090999999999999,12.041,0.051000000000000004,303.375,0.101,5.09,12.036,0.0535,303.39,0.101,5.093999999999999,12.0495,0.0325,303.429,0.101,5.1165,12.0565,-0.0175,303.472,0.101,5.167,12.047,-0.058499999999999996,303.508,0.101,5.228,12.0215,-0.048,303.525,0.101,5.2615,11.9835,0.0035,303.523,0.101,5.241,11.945,0.037,303.5,0.101,
4.926,11.722999999999999,0.015,303.232,0.101,4.911,11.807500000000001,0.0215,303.302,0.101,4.9455,11.9205,0.0175,303.387,0.101,5.0145,12.016,-0.002,303.451,0.101,5.0855,12.058,-0.0405,303.469,0.101,5.132,12.057,-0.0655,303.447,0.101,5.151,12.0335,-0.0475,303.404,0.101,5.154,12.0075,-0.009000000000000001,303.365,0.101,5.15,11.9945,0.02,303.348,0.101,5.143000000000001,12.004999999999999,0.0325,303.364,0.101,5.1385000000000005,12.025,0.025500000000000002,303.405,0.101,5.149,12.0415,-0.011,303.453,0.101,5.183,12.052,-0.05,303.503,0.101,5.2330000000000005,12.049,-0.062,303.539,0.1,5.276,12.023499999999999,-0.038500000000000006,303.544,0.101,5.284,11.981,-0.014,303.512,0.101,
4.9864999999999995,11.655000000000001,-0.0225,303.153,0.101,4.9745,11.73,-0.0005,303.233,0.101,4.9905,11.8485,0.0165,303.337,0.101,5.029,11.942499999999999,0.0175,303.407,0.101,5.083,11.974,-0.0055,303.417,0.101,5.141500000000001,11.963000000000001,-0.034,303.395,0.101,5.1884999999999994,11.9455,-0.0475,303.367,0.101,5.212,11.9385,-0.0445,303.339,0.101,5.2135,11.940000000000001,-0.03,303.32,0.101,5.2055,11.9525,-0.009000000000000001,303.327,0.101,5.201,11.9695,-0.0025,303.359,0.101,5.207,11.9925,-0.018500000000000003,303.408,0.101,5.2235,12.023499999999999,-0.043,303.473,0.101,5.250500000000001,12.045,-0.0725,303.533,0.101,5.2844999999999995,12.041,-0.0805,303.554,0.101,5.308999999999999,12.011,-0.07100000000000001,303.53,0.101,
5.0465,11.6495,-0.047,303.12,0.1,5.0365,11.6965,-0.017,303.189,0.101,5.029999999999999,11.7925,0.017,303.283,0.101,5.036,11.8725,0.036000000000000004,303.345,0.101,5.0715,11.902999999999999,0.0235,303.361,0.101,5.139,11.901,-0.0085,303.359,0.101,5.211,11.895499999999998,-0.0455,303.351,0.101,5.255000000000001,11.896,-0.07150000000000001,303.328,0.101,5.2645,11.8925,-0.074,303.296,0.101,5.2615,11.89,-0.0555,303.281,0.101,5.2669999999999995,11.896,-0.0395,303.297,0.101,5.278499999999999,11.924,-0.035,303.345,0.1,5.2855,11.971,-0.038,303.421,0.101,5.29,12.0125,-0.0635,303.495,0.101,5.305,12.0305,-0.084,303.532,0.101,5.3309999999999995,12.0215,-0.0885,303.529,0.101,
5.1015,11.6775,-0.0495,303.124,0.1,5.093999999999999,11.6875,-0.0235,303.161,0.101,5.0695,11.746500000000001,0.0185,303.226,0.101,5.0495,11.8115,0.049,303.278,0.101,5.067,11.8545,0.044,303.308,0.101,5.131,11.878499999999999,0.011,303.339,0.101,5.212,11.8915,-0.036000000000000004,303.358,0.101,5.2684999999999995,11.892,-0.0755,303.337,0.101,5.2885,11.872,-0.096,303.286,0.101,5.298,11.846,-0.0895,303.243,0.1,5.32,11.839,-0.07,303.242,0.1,5.345000000000001,11.867,-0.0495,303.289,0.1,5.3525,11.9195,-0.0305,303.365,0.101,5.343999999999999,11.969999999999999,-0.036000000000000004,303.442,0.101,5.3420000000000005,12.0015,-0.05,303.489,0.101,5.3605,12.0095,-0.0595,303.504,0.101,
5.148,11.716999999999999,-0.0345,303.146,0.101,5.1455,11.696,-0.020999999999999998,303.148,0.1,5.115,11.719000000000001,0.0145,303.18,0.101,5.0815,11.77,0.047,303.219,0.101,5.082,11.8275,0.051500000000000004,303.265,0.101,5.13,11.881499999999999,0.0275,303.324,0.101,5.2005,11.917,-0.0165,303.369,0.101,5.2565,11.921,-0.0615,303.359,0.101,5.2875,11.889,-0.0935,303.299,0.101,5.314500000000001,11.845500000000001,-0.10250000000000001,303.238,0.1,5.3545,11.8285,-0.0885,303.223,0.1,5.394,11.849499999999999,-0.056499999999999995,303.261,0.1,5.4085,11.893,-0.021,303.328,0.101,5.3965,11.934999999999999,-0.005,303.395,0.101,5.3835,11.966000000000001,-0.0025,303.441,0.101,5.3955,11.982,-0.0095,303.462,0.102,
5.1865000000000006,11.757,-0.0155,303.175,0.1,5.191000000000001,11.723500000000001,-0.017,303.153,0.1,5.1690000000000005,11.7235,0.003,303.16,0.1,5.135,11.76,0.027000000000000003,303.187,0.101,5.122,11.82,0.040999999999999995,303.236,0.101,5.1465,11.8915,0.034,303.306,0.101,5.1935,11.9485,0.004,303.367,0.101,5.2395,11.965,-0.0345,303.378,0.101,5.2775,11.935500000000001,-0.07,303.332,0.101,5.3185,11.889,-0.0945,303.272,0.1,5.3705,11.8655,-0.0955,303.25,0.1,5.4185,11.8735,-0.063,303.275,0.1,5.4399999999999995,11.8945,-0.0195,303.32,0.101,5.4315,11.913,0.0115,303.367,0.1,5.4165,11.931000000000001,0.026000000000000002,303.403,0.101,5.4275,11.949,0.0225,303.425,0.102,
5.227,11.797,0.0015,303.204,0.1,5.234999999999999,11.771,-0.012,303.174,0.1,5.227,11.7655,-0.0095,303.167,0.1,5.202,11.785,0.003,303.183,0.101,5.182,11.8315,0.022,303.222,0.101,5.183999999999999,11.9025,0.03,303.282,0.101,5.204,11.974499999999999,0.0175,303.348,0.101,5.233,12.0095,-0.005,303.384,0.101,5.2705,11.9955,-0.035,303.369,0.101,5.319,11.959,-0.07100000000000001,303.329,0.1,5.3735,11.934000000000001,-0.0885,303.309,0.1,5.42,11.9255,-0.068,303.315,0.1,5.444,11.917,-0.0245,303.333,0.1,5.4435,11.904,0.006500000000000001,303.354,0.1,5.436,11.902000000000001,0.019999999999999997,303.379,0.1,5.452,11.9215,0.019,303.404,0.101,
5.275499999999999,11.86,0.027000000000000003,303.223,0.101,5.2835,11.8525,0.0075,303.199,0.1,5.2855,11.849499999999999,-0.004,303.189,0.101,5.2705,11.849499999999999,0.001,303.194,0.101,5.25,11.8735,0.0185,303.217,0.101,5.2379999999999995,11.935,0.0305,303.261,0.101,5.2355,12.011500000000002,0.0295,303.32,0.101,5.2445,12.06,0.019000000000000003,303.373,0.101,5.2725,12.064499999999999,-0.003,303.394,0.101,5.3185,12.047,-0.042499999999999996,303.383,0.101,5.369,12.028,-0.0695,303.367,0.1,5.4079999999999995,12.005,-0.0625,303.353,0.1,5.4295,11.966999999999999,-0.03,303.344,0.1,5.4384999999999994,11.9225,-0.005,303.347,0.1,5.447,11.9015,0.0025,303.367,0.1,5.4725,11.921,-0.0015,303.402,0.101,
5.326499999999999,11.972,0.040999999999999995,303.259,0.1,5.334,11.982,0.023,303.247,0.1,5.3385,11.977,0.004999999999999999,303.234,0.1,5.3325,11.958,0.0115,303.225,0.1,5.3195,11.9635,0.026500000000000003,303.235,0.1,5.302,12.0165,0.0335,303.267,0.101,5.282,12.086,0.03,303.314,0.101,5.2725,12.1325,0.019999999999999997,303.368,0.101,5.288,12.149000000000001,0.003,303.411,0.101,5.324,12.154,-0.0295,303.43,0.101,5.3614999999999995,12.1465,-0.0575,303.419,0.101,5.3855,12.1145,-0.0615,303.389,0.101,5.401,12.0545,-0.0435,303.362,0.1,5.423,11.991,-0.0245,303.358,0.1,5.455500000000001,11.9585,-0.0175,303.381,0.1,5.4915,11.968,-0.025500000000000002,303.421,0.1,
5.3685,12.11,-0.0165,303.336,0.1,5.3740000000000006,12.128499999999999,-0.0275,303.329,0.1,5.378,12.118,-0.036000000000000004,303.306,0.1,5.382,12.090499999999999,-0.0155,303.283,0.1,5.381,12.092,0.007,303.283,0.1,5.3645,12.1375,0.006999999999999999,303.311,0.1,5.335,12.1875,-0.0125,303.348,0.101,5.3134999999999994,12.217500000000001,-0.0335,303.39,0.101,5.316,12.24,-0.044,303.441,0.101,5.336,12.2645,-0.056999999999999995,303.479,0.101,5.3525,12.2685,-0.07400000000000001,303.474,0.101,5.357,12.231,-0.087,303.434,0.1,5.3665,12.163,-0.089,303.401,0.1,5.4005,12.1,-0.07650000000000001,303.4,0.1,5.4510000000000005,12.065999999999999,-0.064,303.426,0.1,5.4925,12.0585,-0.0595,303.459,0.1,
5.4025,12.220500000000001,-0.121,303.392,0.1,5.406,12.238,-0.122,303.387,0.1,5.411,12.228000000000002,-0.11399999999999999,303.364,0.1,5.4254999999999995,12.210999999999999,-0.0785,303.34,0.1,5.435499999999999,12.2225,-0.041999999999999996,303.338,0.1,5.420999999999999,12.254999999999999,-0.043,303.357,0.1,5.3885000000000005,12.275,-0.0765,303.378,0.1,5.364000000000001,12.286000000000001,-0.105,303.408,0.1,5.359,12.315000000000001,-0.1085,303.463,0.101,5.361,12.3545,-0.1015,303.512,0.101,5.3535,12.3645,-0.1015,303.51,0.102,5.34,12.324,-0.119,303.465,0.101,5.343999999999999,12.262,-0.1405,303.434,0.1,5.38,12.216000000000001,-0.1395,303.445,0.1,5.431,12.1905,-0.1195,303.473,0.101,5.4705,12.17,-0.0955,303.495,0.101,
5.4335,12.2915,-0.16549999999999998,303.394,0.1,5.4399999999999995,12.303,-0.1615,303.395,0.101,5.4515,12.302,-0.1525,303.389,0.101,5.4725,12.305499999999999,-0.1175,303.381,0.101,5.482,12.326,-0.0785,303.382,0.101,5.4655000000000005,12.3375,-0.07050000000000001,303.381,0.102,5.4384999999999994,12.329,-0.0895,303.378,0.102,5.423,12.335,-0.111,303.403,0.101,5.4165,12.375,-0.11699999999999999,303.466,0.101,5.4,12.421,-0.108,303.519,0.101,5.369,12.4285,-0.096,303.514,0.102,5.3420000000000005,12.39,-0.1065,303.469,0.102,5.3425,12.3475,-0.1385,303.449,0.101,5.3740000000000006,12.328,-0.153,303.473,0.101,5.4145,12.314,-0.14,303.5,0.101,5.447,12.2835,-0.1175,303.516,0.101,
5.456,12.346499999999999,-0.1305,303.391,0.101,5.4735,12.349,-0.137,303.39,0.101,5.4975,12.358,-0.14300000000000002,303.404,0.1,5.52,12.378,-0.1185,303.415,0.1,5.5195,12.3925,-0.08399999999999999,303.407,0.102,5.497,12.376999999999999,-0.062,303.38,0.102,5.481,12.355,-0.053,303.367,0.102,5.4830000000000005,12.376,-0.0605,303.404,0.102,5.479,12.4295,-0.076,303.475,0.101,5.448,12.4695,-0.0785,303.519,0.101,5.4005,12.467,-0.062,303.505,0.102,5.366,12.4375,-0.06,303.469,0.102,5.3629999999999995,12.4265,-0.094,303.469,0.102,5.3835,12.434000000000001,-0.1265,303.501,0.102,5.4085,12.4235,-0.135,303.521,0.101,5.4350000000000005,12.378,-0.133,303.526,0.101,
5.477,12.373,-0.08199999999999999,303.396,0.101,5.504,12.37,-0.1115,303.386,0.1,5.5375,12.383,-0.1275,303.411,0.1,5.558,12.409,-0.10250000000000001,303.432,0.101,5.548,12.416,-0.0655,303.409,0.102,5.527,12.386,-0.0365,303.361,0.102,5.5255,12.362,-0.0195,303.352,0.102,5.539,12.395,-0.025500000000000002,303.408,0.102,5.535500000000001,12.455,-0.0475,303.479,0.101,5.5,12.489,-0.056,303.507,0.101,5.4505,12.48,-0.037500000000000006,303.489,0.102,5.4145,12.457,-0.0275,303.469,0.102,5.401999999999999,12.464,-0.0605,303.487,0.102,5.401999999999999,12.484,-0.10250000000000001,303.519,0.102,5.4079999999999995,12.472,-0.13,303.525,0.101,5.43,12.417,-0.14350000000000002,303.514,0.102,
4.6615,12.2125,0.08099999999999999,303.752,0.1,4.677,12.218499999999999,0.047,303.762,0.1,4.7509999999999994,12.2235,-0.013,303.77,0.1,4.8485,12.2365,-0.086,303.786,0.1,4.915,12.249500000000001,-0.134,303.804,0.1,4.9265,12.261,-0.126,303.802,0.1,4.907,12.259,-0.063,303.772,0.1,4.8965,12.2325,0.0115,303.738,0.1,4.9085,12.1965,0.0505,303.73,0.1,4.925,12.161999999999999,0.0495,303.75,0.1,4.936999999999999,12.1165,0.018500000000000003,303.781,0.1,4.964,12.052,-0.035500000000000004,303.809,0.1,5.0175,11.9855,-0.068,303.831,0.1,5.0725,11.9315,-0.0475,303.842,0.1,5.0865,11.894,0.014499999999999999,303.846,0.1,5.041,11.8795,0.0525,303.843,0.1,
4.7170000000000005,12.1085,0.066,303.677,0.1,4.725,12.1395,0.0505,303.712,0.1,4.791,12.1755,0.013999999999999999,303.753,0.1,4.8774999999999995,12.202,-0.036000000000000004,303.786,0.1,4.9365,12.209,-0.08549999999999999,303.796,0.1,4.9525,12.210999999999999,-0.097,303.774,0.1,4.948499999999999,12.215,-0.0495,303.734,0.1,4.9505,12.2165,0.0195,303.71,0.1,4.959,12.2105,0.056,303.716,0.1,4.9585,12.187999999999999,0.056,303.742,0.1,4.952,12.1425,0.033,303.776,0.1,4.9670000000000005,12.0815,-0.020999999999999998,303.811,0.1,5.0175,12.024000000000001,-0.0665,303.844,0.1,5.082000000000001,11.978,-0.057999999999999996,303.86,0.1,5.12,11.940999999999999,-0.004,303.857,0.1,5.1005,11.921,0.035500000000000004,303.834,0.1,
4.7905,12.027000000000001,0.0245,303.602,0.1,4.7925,12.0765,0.028999999999999998,303.672,0.1,4.834,12.133,0.020999999999999998,303.747,0.1,4.890000000000001,12.1595,-0.0025,303.784,0.1,4.939,12.151,-0.0415,303.771,0.1,4.975,12.1395,-0.065,303.73,0.1,5.003500000000001,12.1495,-0.045,303.692,0.1,5.024,12.178,-0.0035,303.68,0.1,5.0265,12.2005,0.026000000000000002,303.69,0.1,5.009,12.189499999999999,0.037000000000000005,303.713,0.1,4.991,12.146,0.0275,303.746,0.1,4.9985,12.095500000000001,-0.0115,303.79,0.1,5.0355,12.054,-0.054,303.841,0.1,5.0875,12.019,-0.0685,303.878,0.1,5.131,11.988,-0.0455,303.882,0.1,5.1370000000000005,11.965499999999999,-0.018500000000000003,303.849,0.1,
4.868,11.9945,-0.0195,303.55,0.1,4.866,12.0465,0.003,303.641,0.1,4.874499999999999,12.104,0.0195,303.734,0.1,4.8925,12.120999999999999,0.0195,303.768,0.1,4.931,12.099,-0.006,303.742,0.1,4.9925,12.08,-0.036000000000000004,303.701,0.1,5.057,12.092,-0.0485,303.676,0.1,5.095000000000001,12.132,-0.043,303.666,0.1,5.093999999999999,12.1655,-0.025500000000000002,303.661,0.1,5.0715,12.161,-0.004,303.666,0.1,5.058,12.126999999999999,0.0005,303.693,0.1,5.0655,12.095500000000001,-0.017,303.745,0.1,5.0855,12.074,-0.042499999999999996,303.818,0.1,5.11,12.0515,-0.074,303.879,0.1,5.1375,12.029499999999999,-0.084,303.898,0.1,5.155,12.008,-0.076,303.87,0.1,
4.938,12.0035,-0.0495,303.534,0.1,4.9345,12.0415,-0.016,303.617,0.1,4.9145,12.084,0.0215,303.701,0.1,4.9005,12.093499999999999,0.04,303.734,0.1,4.929,12.0735,0.0235,303.722,0.1,5.005,12.058,-0.013500000000000002,303.709,0.1,5.09,12.065000000000001,-0.051500000000000004,303.699,0.1,5.138,12.093499999999999,-0.0745,303.676,0.1,5.1395,12.116499999999998,-0.073,303.639,0.1,5.129,12.113,-0.053,303.615,0.1,5.1370000000000005,12.094999999999999,-0.0385,303.631,0.1,5.1555,12.0855,-0.034,303.693,0.1,5.1625,12.082,-0.036000000000000004,303.78,0.1,5.1585,12.071,-0.061,303.854,0.1,5.161,12.059000000000001,-0.084,303.887,0.1,5.174,12.0425,-0.0925,303.875,0.1,
4.995,12.027000000000001,-0.054,303.545,0.1,4.994,12.0445,-0.0235,303.593,0.1,4.959,12.067,0.0235,303.653,0.1,4.9265,12.0775,0.0545,303.688,0.1,4.943,12.075500000000002,0.045,303.708,0.1,5.0120000000000005,12.073,0.0055,303.736,0.1,5.0915,12.0725,-0.045,303.746,0.1,5.1385000000000005,12.077,-0.08299999999999999,303.708,0.1,5.1525,12.079,-0.0995,303.637,0.1,5.1695,12.074,-0.091,303.586,0.1,5.207000000000001,12.0715,-0.073,303.592,0.1,5.241,12.0775,-0.051500000000000004,303.656,0.1,5.2445,12.0825,-0.0295,303.743,0.1,5.2235,12.077,-0.032,303.818,0.1,5.205,12.0715,-0.0475,303.856,0.1,5.208,12.063500000000001,-0.0615,303.859,0.1,
5.039,12.0465,-0.0395,303.567,0.1,5.0425,12.05,-0.023,303.576,0.1,5.011,12.058,0.018000000000000002,303.608,0.1,4.9755,12.0735,0.0525,303.644,0.1,4.977,12.092,0.054,303.693,0.1,5.02,12.1065,0.0235,303.755,0.1,5.074,12.104,-0.025,303.786,0.1,5.114,12.09,-0.07100000000000001,303.751,0.1,5.145,12.0745,-0.101,303.669,0.1,5.1899999999999995,12.067499999999999,-0.109,303.605,0.1,5.2515,12.0725,-0.096,303.602,0.1,5.2989999999999995,12.082,-0.062,303.654,0.1,5.307,12.083,-0.022,303.725,0.1,5.2835,12.0725,-0.0015,303.787,0.1,5.258,12.067,0.0015,303.82,0.1,5.2585,12.068000000000001,-0.009,303.83,0.1,
5.076499999999999,12.0595,-0.0195,303.592,0.1,5.0845,12.0625,-0.020999999999999998,303.576,0.1,5.067,12.067,0.0025,303.586,0.1,5.039999999999999,12.0835,0.0295,303.619,0.1,5.0295,12.112,0.0435,303.678,0.1,5.041499999999999,12.14,0.033,303.753,0.1,5.0645,12.1445,-0.002,303.8,0.1,5.093,12.125,-0.043,303.786,0.1,5.134,12.101500000000001,-0.079,303.724,0.1,5.195,12.091999999999999,-0.10400000000000001,303.667,0.1,5.265000000000001,12.095500000000001,-0.10550000000000001,303.657,0.1,5.3165,12.0975,-0.07100000000000001,303.688,0.1,5.3315,12.085,-0.0225,303.731,0.1,5.318,12.0625,0.0135,303.769,0.1,5.3025,12.052,0.03,303.793,0.1,5.313000000000001,12.06,0.0245,303.807,0.1,
5.118,12.076,-0.002,303.613,0.1,5.1265,12.0885,-0.0175,303.591,0.1,5.1235,12.0975,-0.014,303.592,0.1,5.109500000000001,12.109,0.002,303.616,0.1,5.095000000000001,12.1345,0.023,303.667,0.1,5.0845,12.168,0.03,303.734,0.1,5.0794999999999995,12.183,0.014499999999999999,303.79,0.1,5.0915,12.1675,-0.011,303.806,0.1,5.131,12.144,-0.044,303.78,0.1,5.1915,12.133,-0.08199999999999999,303.745,0.1,5.2535,12.132000000000001,-0.1,303.733,0.1,5.298,12.1215,-0.077,303.74,0.1,5.319,12.092,-0.0295,303.753,0.1,5.3245000000000005,12.056000000000001,0.0055,303.766,0.1,5.3309999999999995,12.038499999999999,0.022,303.784,0.1,5.359,12.051,0.02,303.806,0.1,
5.17,12.1175,0.0225,303.624,0.1,5.175,12.139,-0.0005,303.608,0.1,5.178,12.151,-0.0125,303.607,0.1,5.1754999999999995,12.155,-0.004,303.622,0.1,5.166,12.1715,0.016,303.658,0.1,5.145,12.2045,0.028999999999999998,303.711,0.1,5.1185,12.224,0.0275,303.764,0.1,5.1105,12.2135,0.015,303.803,0.1,5.1375,12.1955,-0.011,303.818,0.1,5.1865000000000006,12.1875,-0.054,303.811,0.1,5.2330000000000005,12.184000000000001,-0.08199999999999999,303.798,0.1,5.265000000000001,12.161999999999999,-0.07350000000000001,303.781,0.1,5.2885,12.118,-0.038000000000000006,303.769,0.1,5.314,12.0705,-0.0105,303.77,0.1,5.346500000000001,12.047,-0.0015,303.792,0.1,5.3895,12.057500000000001,-0.005,303.825,0.1,
5.2185,12.201,0.0325,303.655,0.1,5.22,12.221,0.0125,303.647,0.1,5.2225,12.229,-0.006,303.64,0.1,5.230499999999999,12.228,0.0025,303.644,0.1,5.2325,12.2405,0.02,303.67,0.1,5.209,12.2685,0.028499999999999998,303.71,0.1,5.168,12.2805,0.026000000000000002,303.753,0.1,5.144,12.27,0.0155,303.799,0.1,5.1555,12.26,-0.004999999999999999,303.844,0.1,5.186999999999999,12.2595,-0.040999999999999995,303.865,0.1,5.2125,12.254,-0.07050000000000001,303.851,0.1,5.228,12.224,-0.07300000000000001,303.815,0.1,5.2515,12.1735,-0.0545,303.789,0.1,5.294499999999999,12.1235,-0.036000000000000004,303.794,0.1,5.3485,12.095500000000001,-0.0285,303.826,0.1,5.398,12.092,-0.034,303.862,0.1,
5.2485,12.311499999999999,-0.0275,303.728,0.1,5.2475000000000005,12.3185,-0.038,303.716,0.1,5.2515,12.318,-0.047,303.697,0.1,5.2715,12.3205,-0.026500000000000003,303.692,0.1,5.2844999999999995,12.338000000000001,-0.0034999999999999996,303.711,0.1,5.2615,12.356,-0.001,303.742,0.1,5.2155000000000005,12.350999999999999,-0.018000000000000002,303.773,0.1,5.1855,12.335999999999999,-0.038,303.816,0.1,5.1835,12.332999999999998,-0.0505,303.876,0.1,5.191,12.3385,-0.0665,303.915,0.1,5.1915,12.3295,-0.08449999999999999,303.9,0.1,5.192,12.296,-0.0975,303.855,0.1,5.2145,12.2495,-0.1,303.83,0.1,5.266,12.2075,-0.091,303.847,0.1,5.327,12.1755,-0.07899999999999999,303.883,0.1,5.3740000000000006,12.15,-0.07200000000000001,303.908,0.1,
5.2684999999999995,12.4145,-0.132,303.782,0.1,5.2695,12.404,-0.131,303.762,0.1,5.281000000000001,12.397,-0.1245,303.743,0.1,5.3100000000000005,12.411,-0.09,303.741,0.1,5.325,12.4375,-0.052500000000000005,303.756,0.1,5.3025,12.443000000000001,-0.0505,303.772,0.1,5.2645,12.42,-0.081,303.786,0.1,5.2405,12.399999999999999,-0.1095,303.827,0.1,5.2275,12.401,-0.1135,303.895,0.1,5.2085,12.406,-0.1075,303.943,0.1,5.1850000000000005,12.3915,-0.1075,303.927,0.1,5.1754999999999995,12.361,-0.1255,303.88,0.1,5.195,12.328,-0.1495,303.867,0.1,5.2395,12.298,-0.1525,303.898,0.1,5.288,12.263,-0.135,303.932,0.1,5.327,12.218,-0.1095,303.941,0.1,
5.289,12.4945,-0.1765,303.786,0.1,5.2985,12.472000000000001,-0.17049999999999998,303.765,0.1,5.323499999999999,12.465,-0.1625,303.761,0.1,5.3545,12.488499999999998,-0.1285,303.774,0.1,5.359,12.5165,-0.087,303.785,0.1,5.3355,12.510000000000002,-0.0755,303.777,0.1,5.3155,12.479,-0.093,303.773,0.1,5.3085,12.461,-0.1155,303.814,0.1,5.289,12.461500000000001,-0.1215,303.89,0.1,5.246,12.4565,-0.111,303.937,0.1,5.202999999999999,12.436499999999999,-0.098,303.92,0.1,5.1865000000000006,12.416,-0.11,303.882,0.1,5.199,12.403500000000001,-0.1465,303.885,0.1,5.225,12.385000000000002,-0.1655,303.925,0.1,5.2515,12.346499999999999,-0.155,303.95,0.1,5.2844999999999995,12.289,-0.1315,303.952,0.1,
5.304,12.557500000000001,-0.1405,303.783,0.1,5.330500000000001,12.5335,-0.146,303.763,0.1,5.372,12.5305,-0.153,303.777,0.1,5.3985,12.550999999999998,-0.1275,303.799,0.1,5.3865,12.5655,-0.089,303.792,0.1,5.363,12.549,-0.0635,303.758,0.1,5.3645,12.526,-0.0555,303.753,0.1,5.375,12.521,-0.065,303.809,0.1,5.351,12.516,-0.0795,303.884,0.1,5.292,12.492999999999999,-0.079,303.916,0.1,5.24,12.4695,-0.061,303.898,0.1,5.2205,12.4655,-0.061,303.882,0.1,5.2205,12.475000000000001,-0.1,303.905,0.1,5.221500000000001,12.464500000000001,-0.1365,303.944,0.1,5.2285,12.42,-0.1465,303.954,0.1,5.2645,12.357,-0.14450000000000002,303.949,0.1,
5.3205,12.586,-0.0895,303.789,0.1,5.3625,12.564,-0.119,303.769,0.1,5.4125,12.563,-0.136,303.791,0.1,5.430999999999999,12.578,-0.108,303.809,0.1,5.4115,12.582,-0.067,303.777,0.1,5.3985,12.561,-0.035500000000000004,303.728,0.1,5.417999999999999,12.546,-0.0195,303.735,0.1,5.432499999999999,12.55,-0.0265,303.805,0.1,5.4025,12.541,-0.0475,303.867,0.1,5.3454999999999995,12.508,-0.0535,303.881,0.1,5.302,12.483,-0.0325,303.87,0.1,5.28,12.489,-0.024,303.879,0.1,5.2575,12.509,-0.0605,303.916,0.1,5.229,12.501,-0.106,303.945,0.1,5.2215,12.453,-0.1345,303.939,0.1,5.263,12.389,-0.15,303.93,0.1,
4.5905000000000005,11.9275,0.092,304.038,0.1,4.641500000000001,11.893,0.052500000000000005,304.063,0.1,4.717499999999999,11.8705,-0.0135,304.075,0.1,4.7795,11.859,-0.0895,304.077,0.1,4.8035,11.850000000000001,-0.136,304.077,0.1,4.797,11.8555,-0.124,304.07,0.1,4.7844999999999995,11.873000000000001,-0.059,304.057,0.1,4.781000000000001,11.8775,0.013999999999999999,304.051,0.1,4.7844999999999995,11.859,0.051,304.059,0.1,4.7895,11.817499999999999,0.048,304.08,0.1,4.802,11.757,0.0155,304.109,0.1,4.836,11.6865,-0.041999999999999996,304.14,0.1,4.892,11.626000000000001,-0.078,304.164,0.1,4.9475,11.58,-0.058499999999999996,304.174,0.1,4.9670000000000005,11.5455,0.0075,304.175,0.1,4.9335,11.525500000000001,0.053,304.172,0.1,
4.6370000000000005,11.919,0.077,303.985,0.1,4.6785,11.8955,0.056999999999999995,304.032,0.1,4.737,11.868500000000001,0.0155,304.065,0.1,4.7905,11.841000000000001,-0.038,304.071,0.1,4.827500000000001,11.8215,-0.087,304.063,0.1,4.848000000000001,11.829,-0.095,304.041,0.1,4.8545,11.859,-0.045,304.019,0.1,4.846,11.881,0.024,304.016,0.1,4.827999999999999,11.875,0.0595,304.029,0.1,4.813,11.837,0.057999999999999996,304.054,0.1,4.8145,11.777000000000001,0.0325,304.093,0.1,4.8420000000000005,11.712,-0.0245,304.139,0.1,4.894,11.66,-0.07350000000000001,304.177,0.1,4.952500000000001,11.6205,-0.068,304.193,0.1,4.987,11.5875,-0.012,304.186,0.1,4.975,11.5685,0.0325,304.159,0.1,
4.6935,11.913,0.0305,303.937,0.1,4.712999999999999,11.898,0.0335,304.007,0.1,4.742,11.870000000000001,0.0225,304.058,0.1,4.7844999999999995,11.834,-0.0035,304.068,0.1,4.8415,11.809000000000001,-0.043,304.048,0.1,4.8975,11.812000000000001,-0.065,304.015,0.1,4.9265,11.838000000000001,-0.042499999999999996,303.99,0.1,4.9165,11.8655,0.0015,303.981,0.1,4.884,11.873000000000001,0.0315,303.987,0.1,4.8595,11.845500000000001,0.0405,304.01,0.1,4.859,11.791,0.0285,304.057,0.1,4.8805,11.7355,-0.0125,304.118,0.1,4.9155,11.692499999999999,-0.057499999999999996,304.176,0.1,4.954,11.6575,-0.0735,304.21,0.1,4.984500000000001,11.627500000000001,-0.051500000000000004,304.209,0.1,4.9925,11.6105,-0.0235,304.17,0.1,
4.747,11.921,-0.019,303.909,0.1,4.7445,11.910499999999999,0.005,303.987,0.1,4.746499999999999,11.8845,0.0215,304.048,0.1,4.7795000000000005,11.8475,0.02,304.063,0.1,4.85,11.818999999999999,-0.0085,304.044,0.1,4.9285,11.810500000000001,-0.04,304.016,0.1,4.9725,11.82,-0.0495,303.99,0.1,4.9670000000000005,11.8415,-0.0405,303.966,0.1,4.9385,11.8595,-0.020499999999999997,303.949,0.1,4.924,11.848,-0.0005,303.959,0.1,4.934,11.807,0.001,304.008,0.1,4.9535,11.7625,-0.017,304.079,0.1,4.9665,11.725,-0.042,304.155,0.1,4.9719999999999995,11.691,-0.0735,304.209,0.1,4.9815000000000005,11.666,-0.085,304.22,0.1,4.997999999999999,11.652000000000001,-0.08,304.188,0.1,
4.7895,11.939,-0.0525,303.906,0.1,4.777,11.9315,-0.016,303.969,0.1,4.765499999999999,11.911000000000001,0.024,304.027,0.1,4.7895,11.879,0.0415,304.054,0.1,4.8555,11.849,0.020499999999999997,304.055,0.1,4.9305,11.8265,-0.02,304.047,0.1,4.975,11.8155,-0.056999999999999995,304.022,0.1,4.9815000000000005,11.824000000000002,-0.0755,303.977,0.1,4.9765,11.8465,-0.07100000000000001,303.931,0.1,4.9895,11.8505,-0.0515,303.921,0.1,5.02,11.8275,-0.0395,303.962,0.1,5.0425,11.792,-0.035,304.038,0.1,5.0385,11.754999999999999,-0.034,304.12,0.1,5.0165,11.720500000000001,-0.056999999999999995,304.182,0.1,5.0035,11.7015,-0.082,304.204,0.1,5.015000000000001,11.693,-0.095,304.192,0.1,
4.8235,11.9535,-0.057999999999999996,303.921,0.1,4.8155,11.9515,-0.0245,303.951,0.1,4.8045,11.937999999999999,0.026000000000000002,303.998,0.1,4.818,11.9155,0.057,304.038,0.1,4.861,11.889,0.043,304.068,0.1,4.9105,11.858,-0.001,304.086,0.1,4.9465,11.832,-0.052500000000000005,304.07,0.1,4.970000000000001,11.828,-0.089,304.016,0.1,4.996,11.8475,-0.10200000000000001,303.95,0.1,5.0385,11.8615,-0.0935,303.921,0.1,5.089,11.852,-0.0775,303.948,0.1,5.1175,11.821000000000002,-0.055,304.014,0.1,5.1080000000000005,11.7805,-0.0285,304.088,0.1,5.0755,11.743,-0.027999999999999997,304.146,0.1,5.051,11.729,-0.044,304.174,0.1,5.055,11.729,-0.0625,304.177,0.1,
4.8565000000000005,11.9565,-0.042499999999999996,303.942,0.1,4.8595,11.965,-0.025,303.941,0.1,4.8575,11.959,0.0195,303.971,0.1,4.862,11.9465,0.0545,304.017,0.1,4.874499999999999,11.928,0.0535,304.07,0.1,4.8915,11.8995,0.018500000000000003,304.109,0.1,4.916,11.8695,-0.033,304.111,0.1,4.952500000000001,11.8565,-0.079,304.07,0.1,5.002000000000001,11.867,-0.1075,304.007,0.1,5.062,11.882,-0.11549999999999999,303.966,0.1,5.1205,11.877500000000001,-0.10400000000000001,303.975,0.1,5.1545000000000005,11.847000000000001,-0.0685,304.021,0.1,5.1530000000000005,11.8015,-0.024,304.075,0.1,5.1305,11.7595,0.001,304.121,0.1,5.112,11.747,0.0045000000000000005,304.146,0.1,5.114000000000001,11.754999999999999,-0.009,304.154,0.1,
4.896,11.953,-0.0215,303.965,0.1,4.906499999999999,11.975000000000001,-0.0245,303.948,0.1,4.915,11.9765,0.001,303.963,0.1,4.9145,11.970500000000001,0.03,304.004,0.1,4.903499999999999,11.9605,0.044,304.06,0.1,4.8945,11.943999999999999,0.0305,304.111,0.1,4.906499999999999,11.92,-0.008,304.135,0.1,4.9455,11.899999999999999,-0.051000000000000004,304.121,0.1,5.0009999999999994,11.8975,-0.0875,304.078,0.1,5.060499999999999,11.9055,-0.1125,304.039,0.1,5.114,11.899000000000001,-0.11449999999999999,304.033,0.1,5.1505,11.8675,-0.0785,304.056,0.1,5.165,11.818999999999999,-0.026000000000000002,304.087,0.1,5.1655,11.7745,0.0135,304.116,0.1,5.1655,11.7595,0.032,304.134,0.1,5.1739999999999995,11.768,0.025,304.143,0.1,
4.9475,11.956,-0.0035,303.984,0.1,4.955500000000001,11.9885,-0.022,303.966,0.1,4.968999999999999,11.9965,-0.018500000000000003,303.973,0.1,4.9704999999999995,11.993,-0.0005,304.002,0.1,4.952,11.9895,0.0225,304.048,0.1,4.9285,11.9865,0.0295,304.097,0.1,4.9254999999999995,11.972,0.0115,304.138,0.1,4.952,11.9475,-0.017,304.155,0.1,4.9965,11.931999999999999,-0.052000000000000005,304.14,0.1,5.0435,11.929,-0.0915,304.112,0.1,5.085,11.918,-0.1095,304.099,0.1,5.1205,11.8865,-0.08449999999999999,304.103,0.1,5.151999999999999,11.839,-0.035,304.114,0.1,5.179,11.7945,0.0025,304.128,0.1,5.199,11.7725,0.0215,304.143,0.1,5.2145,11.773,0.0195,304.152,0.1,
5.0120000000000005,11.981,0.018000000000000002,303.993,0.1,5.0105,12.015,-0.0065,303.982,0.1,5.0215,12.026499999999999,-0.0195,303.987,0.1,5.0280000000000005,12.0245,-0.01,304.005,0.1,5.014,12.024999999999999,0.0125,304.037,0.1,4.9865,12.029,0.027,304.079,0.1,4.9675,12.02,0.0245,304.124,0.1,4.971500000000001,11.995000000000001,0.010499999999999999,304.163,0.1,4.994,11.9725,-0.019,304.179,0.1,5.022,11.96,-0.0635,304.169,0.1,5.051,11.946000000000002,-0.092,304.152,0.1,5.0855,11.917,-0.08249999999999999,304.139,0.1,5.1295,11.8735,-0.046,304.137,0.1,5.175,11.829,-0.018,304.146,0.1,5.2085,11.797,-0.007,304.162,0.1,5.2295,11.7835,-0.009,304.176,0.1,
5.07,12.0365,0.0235,304.018,0.1,5.0600000000000005,12.0625,0.0035,304.011,0.1,5.066,12.073,-0.0155,304.012,0.1,5.079,12.0745,-0.0065,304.023,0.1,5.0755,12.0775,0.0115,304.046,0.1,5.0504999999999995,12.0795,0.023,304.076,0.1,5.0205,12.0685,0.022,304.116,0.1,5.002,12.0465,0.01,304.164,0.1,4.9975000000000005,12.023499999999999,-0.0125,304.204,0.1,5.004,12.004999999999999,-0.0505,304.215,0.1,5.0215,11.989,-0.08099999999999999,304.197,0.1,5.053000000000001,11.965,-0.08349999999999999,304.172,0.1,5.1,11.9285,-0.0655,304.164,0.1,5.151999999999999,11.8845,-0.048,304.177,0.1,5.1935,11.8415,-0.04,304.196,0.1,5.2215,11.810500000000001,-0.042499999999999996,304.209,0.1,
5.104,12.1145,-0.0385,304.077,0.1,5.095,12.127500000000001,-0.0475,304.065,0.1,5.1,12.134,-0.056499999999999995,304.061,0.1,5.116,12.1405,-0.0375,304.066,0.1,5.1205,12.1455,-0.013999999999999999,304.079,0.1,5.1035,12.14,-0.009,304.1,0.1,5.0735,12.123,-0.0235,304.132,0.1,5.04,12.103,-0.041999999999999996,304.181,0.1,5.0085,12.0815,-0.0555,304.233,0.1,4.9905,12.0585,-0.07300000000000001,304.258,0.1,4.996,12.04,-0.093,304.242,0.1,5.022,12.0225,-0.106,304.214,0.1,5.0615,11.9955,-0.1105,304.208,0.1,5.1075,11.953,-0.10450000000000001,304.225,0.1,5.1515,11.901499999999999,-0.093,304.242,0.1,5.1925,11.8565,-0.08399999999999999,304.246,0.1,
5.1285,12.1985,-0.14150000000000001,304.12,0.1,5.1305,12.199,-0.139,304.101,0.1,5.1385,12.2,-0.1325,304.099,0.1,5.1495,12.2095,-0.0995,304.106,0.1,5.1530000000000005,12.2155,-0.0615,304.113,0.1,5.147,12.2045,-0.057499999999999996,304.121,0.1,5.130000000000001,12.1825,-0.08549999999999999,304.143,0.1,5.0925,12.160499999999999,-0.112,304.188,0.1,5.0385,12.136500000000002,-0.1155,304.245,0.1,4.9975000000000005,12.109,-0.1095,304.278,0.1,4.99,12.089500000000001,-0.111,304.27,0.1,5.0055,12.0795,-0.13,304.246,0.1,5.0285,12.061,-0.1565,304.244,0.1,5.0575,12.0195,-0.1635,304.265,0.1,5.098,11.966,-0.148,304.278,0.1,5.1545000000000005,11.916,-0.1225,304.276,0.1,
5.156499999999999,12.276,-0.185,304.12,0.1,5.1765,12.270499999999998,-0.179,304.101,0.1,5.1899999999999995,12.266,-0.17099999999999999,304.11,0.1,5.1905,12.272,-0.1365,304.126,0.1,5.1855,12.2765,-0.093,304.129,0.1,5.189500000000001,12.2665,-0.08,304.122,0.1,5.191000000000001,12.244,-0.097,304.13,0.1,5.159000000000001,12.2155,-0.1185,304.172,0.1,5.093,12.182500000000001,-0.122,304.229,0.1,5.035,12.149999999999999,-0.11,304.267,0.1,5.013999999999999,12.134,-0.098,304.268,0.1,5.0135000000000005,12.132,-0.112,304.254,0.1,5.013,12.118500000000001,-0.1515,304.258,0.1,5.0215,12.078,-0.1745,304.28,0.1,5.0585,12.027999999999999,-0.16649999999999998,304.29,0.1,5.1274999999999995,11.9815,-0.14500000000000002,304.291,0.1,
5.18,12.3415,-0.1495,304.118,0.1,5.2195,12.3385,-0.1555,304.102,0.1,5.241,12.3295,-0.162,304.119,0.1,5.234,12.324,-0.1335,304.135,0.1,5.2225,12.323,-0.091,304.125,0.1,5.2325,12.317499999999999,-0.065,304.105,0.1,5.2445,12.3,-0.059,304.113,0.1,5.218500000000001,12.264500000000002,-0.0685,304.158,0.1,5.154,12.219,-0.08,304.209,0.1,5.093,12.181999999999999,-0.0765,304.242,0.1,5.0600000000000005,12.172,-0.058499999999999996,304.253,0.1,5.036,12.177,-0.0605,304.255,0.1,5.0095,12.1665,-0.103,304.268,0.1,5.003,12.127500000000001,-0.14300000000000002,304.288,0.1,5.04,12.0835,-0.1555,304.295,0.1,5.1175,12.0465,-0.156,304.3,0.1,
5.2015,12.371,-0.097,304.13,0.1,5.252000000000001,12.371,-0.127,304.113,0.1,5.2785,12.36,-0.14350000000000002,304.125,0.1,5.2735,12.347,-0.1115,304.131,0.1,5.2669999999999995,12.342,-0.0665,304.107,0.1,5.2805,12.339,-0.035,304.08,0.1,5.29,12.325,-0.020999999999999998,304.094,0.1,5.265000000000001,12.287,-0.0275,304.141,0.1,5.215,12.235,-0.046,304.181,0.1,5.1690000000000005,12.196,-0.0495,304.208,0.1,5.128500000000001,12.189,-0.0275,304.228,0.1,5.0765,12.197,-0.019,304.247,0.1,5.0235,12.188,-0.057499999999999996,304.266,0.1,5.0055,12.15,-0.106,304.283,0.1,5.042999999999999,12.109,-0.1375,304.291,0.1,5.121,12.078,-0.156,304.296,0.1,
4.499499999999999,11.609,0.097,304.341,0.1,4.569,11.5395,0.0535,304.378,0.1,4.6395,11.497,-0.016,304.39,0.1,4.673,11.469999999999999,-0.092,304.38,0.1,4.6655,11.4495,-0.1355,304.367,0.1,4.6455,11.4515,-0.12,304.359,0.1,4.637499999999999,11.482,-0.0545,304.36,0.1,4.6395,11.5085,0.0155,304.375,0.1,4.6395,11.5015,0.0505,304.393,0.1,4.6395,11.4555,0.046,304.413,0.1,4.6535,11.383500000000002,0.012,304.441,0.1,4.691000000000001,11.311,-0.0475,304.473,0.1,4.7475000000000005,11.2565,-0.087,304.497,0.1,4.803,11.217500000000001,-0.0685,304.506,0.1,4.8285,11.184999999999999,0.0,304.506,0.1,4.809,11.16,0.052,304.502,0.1,
4.5395,11.678,0.082,304.302,0.1,4.5995,11.6055,0.058499999999999996,304.357,0.1,4.649,11.530000000000001,0.014499999999999999,304.382,0.1,4.6775,11.465499999999999,-0.0405,304.37,0.1,4.697,11.431,-0.088,304.35,0.1,4.717499999999999,11.442,-0.093,304.33,0.1,4.7275,11.4905,-0.040999999999999995,304.323,0.1,4.711,11.527999999999999,0.027999999999999997,304.334,0.1,4.6775,11.522,0.063,304.352,0.1,4.656499999999999,11.4725,0.059,304.375,0.1,4.664999999999999,11.400500000000001,0.031,304.418,0.1,4.6995000000000005,11.332999999999998,-0.027999999999999997,304.47,0.1,4.7495,11.2855,-0.0795,304.511,0.1,4.8015,11.252,-0.0765,304.526,0.1,4.8345,11.2235,-0.02,304.516,0.1,4.833,11.205,0.028499999999999998,304.485,0.1,
4.582000000000001,11.736,0.032,304.272,0.1,4.6129999999999995,11.6645,0.034,304.339,0.1,4.6335,11.569500000000001,0.0215,304.373,0.1,4.666,11.4875,-0.006,304.365,0.1,4.725,11.452,-0.046,304.342,0.1,4.7885,11.463999999999999,-0.0665,304.319,0.1,4.811999999999999,11.502500000000001,-0.0405,304.303,0.1,4.779,11.53,0.0065,304.296,0.1,4.7255,11.529,0.037000000000000005,304.298,0.1,4.6995000000000005,11.488499999999998,0.043,304.321,0.1,4.712,11.4235,0.028,304.378,0.1,4.742,11.3625,-0.014499999999999999,304.45,0.1,4.7715,11.3175,-0.06,304.511,0.1,4.797000000000001,11.2835,-0.0775,304.543,0.1,4.8185,11.2575,-0.056,304.537,0.1,4.832000000000001,11.245000000000001,-0.027999999999999997,304.494,0.1,
4.615,11.781500000000001,-0.020999999999999998,304.26,0.1,4.616,11.717500000000001,0.004,304.325,0.1,4.618,11.624,0.019999999999999997,304.364,0.1,4.661,11.5435,0.017,304.367,0.1,4.7475000000000005,11.507000000000001,-0.013500000000000002,304.356,0.1,4.8294999999999995,11.5045,-0.045,304.34,0.1,4.8535,11.5135,-0.051000000000000004,304.313,0.1,4.817,11.523,-0.037000000000000005,304.278,0.1,4.7715,11.533,-0.0155,304.253,0.1,4.763999999999999,11.515,0.001,304.269,0.1,4.791,11.466000000000001,-0.001,304.334,0.1,4.8175,11.4085,-0.019000000000000003,304.418,0.1,4.8225,11.357500000000002,-0.042499999999999996,304.493,0.1,4.811999999999999,11.3165,-0.07150000000000001,304.54,0.1,4.808,11.2925,-0.084,304.544,0.1,4.825,11.285,-0.083,304.509,0.1,
4.634499999999999,11.810500000000001,-0.056,304.266,0.1,4.6225000000000005,11.765,-0.0175,304.311,0.1,4.623,11.6905,0.023,304.351,0.1,4.673,11.621500000000001,0.039,304.375,0.1,4.7585,11.5775,0.015,304.387,0.1,4.8255,11.549,-0.027,304.384,0.1,4.839,11.525500000000001,-0.062,304.349,0.1,4.8165,11.5225,-0.076,304.288,0.1,4.8065,11.547,-0.0695,304.238,0.1,4.8345,11.5555,-0.0525,304.241,0.1,4.88,11.5245,-0.0435,304.302,0.1,4.9045000000000005,11.4665,-0.038,304.385,0.1,4.891,11.403,-0.033,304.461,0.1,4.8545,11.3525,-0.052500000000000005,304.51,0.1,4.8285,11.3315,-0.078,304.524,0.1,4.837,11.329999999999998,-0.0955,304.511,0.1,
4.65,11.8185,-0.061,304.283,0.1,4.6434999999999995,11.801,-0.026500000000000003,304.299,0.1,4.654,11.753,0.025500000000000002,304.336,0.1,4.6995000000000005,11.6985,0.0555,304.38,0.1,4.757,11.6465,0.038500000000000006,304.417,0.1,4.7895,11.594000000000001,-0.008,304.426,0.1,4.7940000000000005,11.549,-0.059,304.392,0.1,4.7995,11.541,-0.094,304.33,0.1,4.8315,11.5755,-0.105,304.272,0.1,4.888999999999999,11.602,-0.098,304.262,0.1,4.946,11.5835,-0.08449999999999999,304.304,0.1,4.9704999999999995,11.5225,-0.06,304.371,0.1,4.952999999999999,11.4465,-0.0285,304.432,0.1,4.9125,11.388,-0.024,304.475,0.1,4.881,11.370000000000001,-0.0395,304.493,0.1,4.88,11.3775,-0.062,304.496,0.1,
4.673,11.807500000000001,-0.044,304.303,0.1,4.6805,11.82,-0.027,304.295,0.1,4.703,11.7975,0.018000000000000002,304.324,0.1,4.7355,11.757,0.053,304.377,0.1,4.755,11.7045,0.0505,304.428,0.1,4.7535,11.643,0.0135,304.449,0.1,4.7565,11.591000000000001,-0.040499999999999994,304.432,0.1,4.7885,11.579,-0.0865,304.39,0.1,4.8465,11.6095,-0.11449999999999999,304.344,0.1,4.913,11.6395,-0.123,304.324,0.1,4.967499999999999,11.6265,-0.1125,304.342,0.1,4.9935,11.564499999999999,-0.0755,304.383,0.1,4.9885,11.4835,-0.027000000000000003,304.423,0.1,4.9670000000000005,11.42,0.002,304.455,0.1,4.9495000000000005,11.404,0.007,304.47,0.1,4.946,11.419,-0.0085,304.477,0.1,
4.712,11.789,-0.0215,304.325,0.1,4.726,11.825,-0.0265,304.308,0.1,4.755,11.8205,-0.002,304.326,0.1,4.775,11.7925,0.027999999999999997,304.371,0.1,4.766,11.75,0.042499999999999996,304.421,0.1,4.7435,11.697500000000002,0.027000000000000003,304.453,0.1,4.747,11.649000000000001,-0.014,304.46,0.1,4.7895,11.626999999999999,-0.058499999999999996,304.45,0.1,4.8495,11.6395,-0.0955,304.424,0.1,4.9045000000000005,11.6595,-0.1205,304.399,0.1,4.9465,11.646,-0.1225,304.398,0.1,4.975,11.5885,-0.086,304.416,0.1,4.9925,11.513,-0.031,304.438,0.1,5.004,11.452,0.011,304.458,0.1,5.011,11.434999999999999,0.032,304.469,0.1,5.0105,11.4465,0.025,304.473,0.1,
4.769,11.78,-0.0035,304.344,0.1,4.776,11.826,-0.0245,304.33,0.1,4.8025,11.831,-0.023,304.341,0.1,4.8175,11.814,-0.0045000000000000005,304.37,0.1,4.7989999999999995,11.786999999999999,0.020499999999999997,304.408,0.1,4.7684999999999995,11.753,0.0275,304.443,0.1,4.7655,11.712,0.008,304.473,0.1,4.7975,11.677,-0.023,304.492,0.1,4.841,11.6665,-0.0595,304.487,0.1,4.8759999999999994,11.6685,-0.099,304.465,0.1,4.904,11.6515,-0.11699999999999999,304.454,0.1,4.9365000000000006,11.6035,-0.092,304.456,0.1,4.978,11.542,-0.041999999999999996,304.468,0.1,5.021000000000001,11.489999999999998,-0.003,304.481,0.1,5.048,11.465499999999999,0.018500000000000003,304.489,0.1,5.05,11.4605,0.018000000000000002,304.488,0.1,
4.8420000000000005,11.7915,0.015,304.35,0.1,4.8325,11.833,-0.010499999999999999,304.344,0.1,4.8485,11.8415,-0.026000000000000002,304.354,0.1,4.8645,11.835,-0.0165,304.372,0.1,4.852,11.822,0.008,304.398,0.1,4.822,11.8015,0.0245,304.429,0.1,4.806,11.767,0.0215,304.468,0.1,4.813,11.7265,0.005,304.507,0.1,4.827999999999999,11.698,-0.0265,304.524,0.1,4.841,11.6805,-0.07150000000000001,304.514,0.1,4.86,11.66,-0.101,304.496,0.1,4.899,11.6255,-0.0915,304.488,0.1,4.959,11.582,-0.0555,304.494,0.1,5.019500000000001,11.5375,-0.028,304.508,0.1,5.054,11.5,-0.014499999999999999,304.516,0.1,5.058,11.472,-0.0135,304.512,0.1,
4.9055,11.823,0.0155,304.368,0.1,4.884,11.8525,-0.004,304.364,0.1,4.89,11.8625,-0.024,304.374,0.1,4.9079999999999995,11.8655,-0.016,304.389,0.1,4.9055,11.86,0.0025,304.406,0.1,4.882,11.8415,0.0165,304.427,0.1,4.8575,11.811,0.0175,304.464,0.1,4.837,11.774999999999999,0.0045000000000000005,304.513,0.1,4.817,11.739,-0.019,304.549,0.1,4.8065,11.705,-0.058499999999999996,304.553,0.1,4.8215,11.68,-0.0905,304.534,0.1,4.8665,11.66,-0.094,304.52,0.1,4.931,11.634,-0.0775,304.526,0.1,4.9915,11.593,-0.0615,304.542,0.1,5.0265,11.5415,-0.0525,304.548,0.1,5.0405,11.494,-0.051500000000000004,304.54,0.1,
4.9405,11.872,-0.048,304.416,0.1,4.920999999999999,11.891,-0.055,304.406,0.1,4.922499999999999,11.900500000000001,-0.0645,304.415,0.1,4.935499999999999,11.908000000000001,-0.0475,304.428,0.1,4.938,11.9025,-0.024,304.435,0.1,4.928,11.879999999999999,-0.017,304.446,0.1,4.907500000000001,11.853,-0.028499999999999998,304.479,0.1,4.8665,11.8255,-0.0455,304.529,0.1,4.8105,11.786999999999999,-0.058499999999999996,304.575,0.1,4.776,11.7405,-0.0775,304.591,0.1,4.7875,11.710999999999999,-0.1,304.578,0.1,4.832,11.704,-0.11449999999999999,304.565,0.1,4.8845,11.6905,-0.121,304.572,0.1,4.9305,11.6495,-0.11699999999999999,304.585,0.1,4.968999999999999,11.5885,-0.10700000000000001,304.586,0.1,5.009,11.533000000000001,-0.096,304.571,0.1,
4.968,11.938500000000001,-0.149,304.45,0.1,4.9655000000000005,11.9515,-0.145,304.434,0.1,4.9645,11.9555,-0.138,304.446,0.1,4.9605,11.9585,-0.1065,304.462,0.1,4.959,11.9485,-0.0695,304.462,0.1,4.9675,11.926,-0.0645,304.464,0.1,4.964,11.904499999999999,-0.09,304.489,0.1,4.913,11.8795,-0.1125,304.536,0.1,4.827,11.834499999999998,-0.1135,304.583,0.1,4.77,11.779499999999999,-0.109,304.608,0.1,4.775,11.751,-0.114,304.609,0.1,4.8100000000000005,11.753499999999999,-0.1345,304.602,0.1,4.838,11.744499999999999,-0.1625,304.608,0.1,4.8614999999999995,11.699,-0.1725,304.618,0.1,4.904,11.637,-0.1595,304.613,0.1,4.9755,11.587,-0.136,304.598,0.1,
5.005,12.012,-0.192,304.448,0.1,5.026,12.0245,-0.1855,304.431,0.1,5.023,12.02,-0.177,304.452,0.1,4.9975000000000005,12.009,-0.14100000000000001,304.472,0.1,4.987,11.9955,-0.097,304.47,0.1,5.013,11.9825,-0.08449999999999999,304.464,0.1,5.0295000000000005,11.9665,-0.1015,304.48,0.1,4.9775,11.931000000000001,-0.1195,304.517,0.1,4.8759999999999994,11.872499999999999,-0.119,304.56,0.1,4.805,11.815999999999999,-0.106,304.594,0.1,4.798,11.7955,-0.0975,304.612,0.1,4.8100000000000005,11.8025,-0.1135,304.617,0.1,4.8055,11.788499999999999,-0.155,304.619,0.1,4.809,11.7365,-0.181,304.625,0.1,4.859,11.682500000000001,-0.1765,304.622,0.1,4.9544999999999995,11.6485,-0.159,304.619,0.1,
5.0355,12.076,-0.158,304.45,0.1,5.077999999999999,12.094,-0.1635,304.435,0.1,5.0775,12.0815,-0.168,304.454,0.1,5.0425,12.0535,-0.136,304.468,0.1,5.03,12.04,-0.0915,304.46,0.1,5.0625,12.041,-0.067,304.451,0.1,5.082,12.0265,-0.063,304.466,0.1,5.0305,11.971499999999999,-0.07050000000000001,304.498,0.1,4.935499999999999,11.8975,-0.077,304.531,0.1,4.868499999999999,11.846499999999999,-0.07200000000000001,304.567,0.1,4.845,11.837,-0.0555,304.603,0.1,4.8205,11.8435,-0.059,304.621,0.1,4.782500000000001,11.818000000000001,-0.1035,304.624,0.1,4.7775,11.7625,-0.147,304.627,0.1,4.839,11.7225,-0.1635,304.631,0.1,4.945499999999999,11.709,-0.16749999999999998,304.639,0.1,
5.0585,12.104,-0.10550000000000001,304.467,0.1,5.1114999999999995,12.126,-0.134,304.449,0.1,5.116,12.11,-0.1485,304.453,0.1,5.0915,12.074,-0.1125,304.452,0.1,5.0905000000000005,12.061,-0.065,304.438,0.1,5.118,12.069,-0.035,304.431,0.1,5.1205,12.054,-0.0225,304.448,0.1,5.07,11.988,-0.027,304.474,0.1,5.003500000000001,11.907,-0.041999999999999996,304.497,0.1,4.9575,11.86,-0.0435,304.536,0.1,4.9135,11.856,-0.021,304.582,0.1,4.843500000000001,11.861,-0.0125,304.609,0.1,4.777,11.829,-0.053000000000000005,304.614,0.1,4.7725,11.773,-0.105,304.622,0.1,4.8435,11.741,-0.14,304.637,0.1,4.9475,11.738,-0.162,304.65,0.1,
4.3309999999999995,11.160499999999999,0.0965,304.709,0.1,4.353,11.079999999999998,0.051000000000000004,304.742,0.1,4.3875,11.0425,-0.0195,304.743,0.1,4.4185,11.0365,-0.0935,304.729,0.1,4.4265,11.0415,-0.1325,304.725,0.1,4.413,11.0555,-0.1135,304.729,0.1,4.398999999999999,11.075,-0.0495,304.734,0.1,4.398999999999999,11.085,0.017,304.74,0.1,4.412,11.0715,0.049,304.746,0.1,4.431,11.027000000000001,0.0435,304.759,0.1,4.452999999999999,10.9605,0.0085,304.787,0.1,4.483499999999999,10.8955,-0.052500000000000005,304.816,0.1,4.529,10.849,-0.0945,304.835,0.1,4.5825,10.814,-0.0775,304.842,0.1,4.6195,10.778500000000001,-0.008,304.842,0.1,4.6195,10.746500000000001,0.0495,304.839,0.1,
4.375500000000001,11.236,0.0815,304.655,0.1,4.396,11.139,0.056,304.704,0.1,4.4275,11.07,0.0115,304.723,0.1,4.4615,11.035,-0.043,304.719,0.1,4.4815000000000005,11.025500000000001,-0.0875,304.715,0.1,4.481999999999999,11.04,-0.09,304.709,0.1,4.4704999999999995,11.075,-0.037000000000000005,304.701,0.1,4.4565,11.1035,0.032,304.703,0.1,4.4485,11.100999999999999,0.066,304.712,0.1,4.452,11.0565,0.0595,304.732,0.1,4.4655000000000005,10.9845,0.028999999999999998,304.771,0.1,4.487500000000001,10.916,-0.0315,304.816,0.1,4.522,10.872499999999999,-0.08449999999999999,304.848,0.1,4.5675,10.844000000000001,-0.08349999999999999,304.86,0.1,4.609999999999999,10.816,-0.0275,304.85,0.1,4.6295,10.795,0.0235,304.821,0.1,
4.417,11.3155,0.03,304.607,0.1,4.4350000000000005,11.216,0.0315,304.665,0.1,4.4615,11.1235,0.018000000000000002,304.701,0.1,4.497,11.061,-0.01,304.712,0.1,4.5305,11.033999999999999,-0.05,304.708,0.1,4.5504999999999995,11.038499999999999,-0.0685,304.696,0.1,4.548500000000001,11.07,-0.039,304.678,0.1,4.5265,11.1055,0.012,304.665,0.1,4.503,11.117,0.043,304.664,0.1,4.496,11.0805,0.0445,304.688,0.1,4.506,11.008,0.026000000000000002,304.741,0.1,4.5215,10.938,-0.0175,304.801,0.1,4.5355,10.893999999999998,-0.062,304.849,0.1,4.553,10.866,-0.0795,304.875,0.1,4.5809999999999995,10.845500000000001,-0.0595,304.869,0.1,4.6125,10.836,-0.0325,304.827,0.1,
4.4445,11.386,-0.025,304.581,0.1,4.462,11.3,0.0,304.636,0.1,4.486000000000001,11.1995,0.016,304.683,0.1,4.5215,11.1165,0.0115,304.707,0.1,4.5625,11.067499999999999,-0.02,304.709,0.1,4.595000000000001,11.0525,-0.051000000000000004,304.698,0.1,4.603,11.067,-0.0525,304.675,0.1,4.584,11.099,-0.033,304.643,0.1,4.5600000000000005,11.124500000000001,-0.010499999999999999,304.622,0.1,4.556,11.104500000000002,0.001,304.642,0.1,4.572,11.041,-0.005,304.704,0.1,4.587,10.970500000000001,-0.0225,304.773,0.1,4.5825,10.92,-0.042499999999999996,304.833,0.1,4.566,10.889,-0.0685,304.871,0.1,4.564,10.876000000000001,-0.082,304.874,0.1,4.5885,10.874500000000001,-0.0845,304.84,0.1,
4.459,11.432500000000001,-0.06,304.578,0.1,4.480499999999999,11.375,-0.0215,304.617,0.1,4.5045,11.283000000000001,0.019000000000000003,304.665,0.1,4.5355,11.189499999999999,0.033,304.703,0.1,4.5715,11.120000000000001,0.006999999999999999,304.718,0.1,4.604,11.082,-0.0345,304.714,0.1,4.62,11.0745,-0.066,304.688,0.1,4.6155,11.095500000000001,-0.076,304.643,0.1,4.6080000000000005,11.129999999999999,-0.0685,304.607,0.1,4.619,11.130500000000001,-0.055,304.618,0.1,4.647,11.0835,-0.05,304.674,0.1,4.6665,11.013,-0.042499999999999996,304.743,0.1,4.6555,10.9535,-0.0325,304.803,0.1,4.619,10.9185,-0.047,304.841,0.1,4.587,10.911999999999999,-0.07250000000000001,304.851,0.1,4.5865,10.9155,-0.0945,304.838,0.1,
4.4685,11.4455,-0.063,304.59,0.1,4.496499999999999,11.4235,-0.0295,304.606,0.1,4.522,11.3515,0.022,304.648,0.1,4.545,11.2615,0.0505,304.694,0.1,4.5675,11.1835,0.0315,304.722,0.1,4.5905000000000005,11.128,-0.0155,304.729,0.1,4.61,11.099,-0.065,304.71,0.1,4.623,11.104,-0.098,304.67,0.1,4.6370000000000005,11.138,-0.109,304.63,0.1,4.6645,11.1555,-0.10400000000000001,304.628,0.1,4.7044999999999995,11.125,-0.093,304.668,0.1,4.733499999999999,11.056999999999999,-0.0665,304.724,0.1,4.728999999999999,10.9905,-0.03,304.773,0.1,4.692,10.95,-0.019999999999999997,304.805,0.1,4.646,10.9465,-0.034,304.817,0.1,4.6205,10.957,-0.06,304.819,0.1,
4.4865,11.428999999999998,-0.044,304.611,0.1,4.516500000000001,11.437999999999999,-0.028999999999999998,304.607,0.1,4.5425,11.391,0.014499999999999999,304.636,0.1,4.559,11.318999999999999,0.0485,304.679,0.1,4.567500000000001,11.2485,0.045,304.715,0.1,4.5755,11.187,0.008,304.733,0.1,4.5915,11.1415,-0.0475,304.732,0.1,4.615,11.126999999999999,-0.0935,304.712,0.1,4.6425,11.1495,-0.121,304.681,0.1,4.679,11.173,-0.1305,304.668,0.1,4.726,11.155000000000001,-0.1215,304.687,0.1,4.766500000000001,11.093,-0.08299999999999999,304.724,0.1,4.779999999999999,11.0235,-0.031,304.759,0.1,4.7605,10.975999999999999,0.002,304.783,0.1,4.721,10.971,0.0095,304.791,0.1,4.683999999999999,10.989,-0.0075,304.793,0.1,
4.515499999999999,11.402,-0.02,304.635,0.1,4.5375,11.4295,-0.028,304.622,0.1,4.5645,11.4055,-0.006,304.637,0.1,4.5815,11.359,0.0235,304.668,0.1,4.582000000000001,11.306999999999999,0.039,304.701,0.1,4.5755,11.2515,0.023,304.729,0.1,4.579000000000001,11.197,-0.02,304.749,0.1,4.5985,11.161999999999999,-0.066,304.754,0.1,4.628,11.164000000000001,-0.10250000000000001,304.737,0.1,4.6645,11.181000000000001,-0.1275,304.718,0.1,4.7115,11.169,-0.13,304.722,0.1,4.761,11.1155,-0.094,304.744,0.1,4.7955000000000005,11.048,-0.037000000000000005,304.767,0.1,4.8035,10.9955,0.006999999999999999,304.781,0.1,4.785,10.9845,0.0305,304.783,0.1,4.7535,11.003,0.025,304.779,0.1,
4.5595,11.3875,-0.002,304.654,0.1,4.562,11.4205,-0.025500000000000002,304.645,0.1,4.5855,11.411,-0.0275,304.652,0.1,4.609,11.387,-0.0095,304.667,0.1,4.612,11.3565,0.017,304.69,0.1,4.5969999999999995,11.314,0.0245,304.72,0.1,4.5825,11.259,0.004,304.755,0.1,4.583500000000001,11.208,-0.028999999999999998,304.781,0.1,4.6015,11.185500000000001,-0.0665,304.781,0.1,4.6325,11.186,-0.1055,304.765,0.1,4.6754999999999995,11.1735,-0.1235,304.762,0.1,4.728,11.1305,-0.0995,304.774,0.1,4.7795000000000005,11.07,-0.05,304.789,0.1,4.8149999999999995,11.016,-0.0105,304.795,0.1,4.8235,10.9955,0.0135,304.791,0.1,4.808,11.005,0.0165,304.781,0.1,
4.623,11.396,0.013000000000000001,304.658,0.1,4.602,11.426,-0.013000000000000001,304.658,0.1,4.612500000000001,11.4215,-0.0315,304.667,0.1,4.639,11.411,-0.0235,304.674,0.1,4.6505,11.396999999999998,0.002,304.686,0.1,4.635,11.368500000000001,0.020999999999999998,304.711,0.1,4.604,11.319500000000001,0.018000000000000002,304.749,0.1,4.5785,11.2625,-0.0005,304.789,0.1,4.5745000000000005,11.219999999999999,-0.033,304.809,0.1,4.5945,11.1985,-0.079,304.805,0.1,4.6335,11.182,-0.109,304.798,0.1,4.6855,11.150500000000001,-0.1005,304.801,0.1,4.745,11.100999999999999,-0.0665,304.809,0.1,4.8004999999999995,11.0485,-0.04,304.811,0.1,4.834,11.0175,-0.0235,304.804,0.1,4.838,11.012,-0.018000000000000002,304.791,0.1,
4.681,11.4205,0.0085,304.671,0.1,4.644,11.4465,-0.0095,304.674,0.1,4.6370000000000005,11.442,-0.0315,304.69,0.1,4.6594999999999995,11.436,-0.026000000000000002,304.699,0.1,4.68,11.430499999999999,-0.0065,304.703,0.1,4.672,11.4115,0.01,304.715,0.1,4.6325,11.371,0.012,304.747,0.1,4.5815,11.3185,0.0,304.793,0.1,4.549,11.2675,-0.0245,304.832,0.1,4.553000000000001,11.225999999999999,-0.0655,304.844,0.1,4.5865,11.201,-0.0995,304.837,0.1,4.6335,11.1785,-0.10400000000000001,304.832,0.1,4.691,11.142499999999998,-0.09,304.836,0.1,4.757,11.0965,-0.07650000000000001,304.837,0.1,4.814,11.0595,-0.066,304.827,0.1,4.8420000000000005,11.039,-0.061,304.811,0.1,
4.7059999999999995,11.458,-0.055999999999999994,304.716,0.1,4.6675,11.484,-0.061,304.715,0.1,4.6465,11.477,-0.07150000000000001,304.734,0.1,4.6579999999999995,11.468,-0.056499999999999995,304.746,0.1,4.682,11.4635,-0.0335,304.743,0.1,4.686,11.448,-0.025,304.746,0.1,4.65,11.4165,-0.034,304.771,0.1,4.583500000000001,11.375,-0.048,304.815,0.1,4.5235,11.325,-0.0595,304.861,0.1,4.506,11.2695,-0.081,304.888,0.1,4.5295000000000005,11.231,-0.1065,304.887,0.1,4.568,11.2125,-0.123,304.88,0.1,4.6165,11.189499999999999,-0.131,304.88,0.1,4.6845,11.1545,-0.1295,304.879,0.1,4.7605,11.118500000000001,-0.121,304.864,0.1,4.8175,11.09,-0.108,304.841,0.1,
4.731999999999999,11.5135,-0.155,304.752,0.1,4.702999999999999,11.5415,-0.149,304.742,0.1,4.67,11.5295,-0.14200000000000002,304.764,0.1,4.6605,11.5135,-0.111,304.783,0.1,4.6765,11.504,-0.076,304.782,0.1,4.692,11.4895,-0.07150000000000001,304.779,0.1,4.673500000000001,11.466000000000001,-0.094,304.794,0.1,4.6085,11.4345,-0.1115,304.828,0.1,4.5275,11.388,-0.1085,304.874,0.1,4.482,11.324,-0.1065,304.913,0.1,4.4864999999999995,11.272,-0.11649999999999999,304.929,0.1,4.513999999999999,11.251999999999999,-0.139,304.923,0.1,4.551,11.238,-0.1675,304.918,0.1,4.6105,11.212,-0.18,304.916,0.1,4.692,11.181999999999999,-0.17049999999999998,304.9,0.1,4.7705,11.154,-0.1495,304.875,0.1,
4.7775,11.575,-0.198,304.756,0.1,4.765000000000001,11.606,-0.1905,304.739,0.1,4.7255,11.591000000000001,-0.18,304.764,0.1,4.692500000000001,11.567499999999999,-0.1425,304.792,0.1,4.69,11.552499999999998,-0.099,304.8,0.1,4.711,11.539,-0.089,304.796,0.1,4.716,11.5195,-0.106,304.797,0.1,4.666,11.49,-0.1185,304.817,0.1,4.573499999999999,11.443999999999999,-0.1125,304.857,0.1,4.499,11.376999999999999,-0.1,304.906,0.1,4.478,11.317499999999999,-0.0965,304.941,0.1,4.49,11.2935,-0.1145,304.944,0.1,4.513999999999999,11.2805,-0.157,304.935,0.1,4.5600000000000005,11.257000000000001,-0.185,304.932,0.1,4.634,11.234,-0.1855,304.922,0.1,4.7195,11.213999999999999,-0.1725,304.905,0.1,
4.8095,11.6205,-0.1655,304.764,0.1,4.8175,11.657,-0.17049999999999998,304.742,0.1,4.7865,11.646,-0.172,304.761,0.1,4.745,11.618,-0.1355,304.787,0.1,4.7255,11.6,-0.0905,304.797,0.1,4.739,11.587,-0.069,304.794,0.1,4.753,11.5665,-0.067,304.795,0.1,4.718999999999999,11.530000000000001,-0.07050000000000001,304.808,0.1,4.6315,11.4795,-0.07100000000000001,304.839,0.1,4.5405,11.414,-0.0655,304.889,0.1,4.492,11.357,-0.052000000000000005,304.937,0.1,4.4815000000000005,11.3315,-0.0575,304.953,0.1,4.4905,11.311499999999999,-0.103,304.949,0.1,4.523,11.283000000000001,-0.149,304.948,0.1,4.5875,11.264,-0.16999999999999998,304.944,0.1,4.6745,11.2595,-0.1785,304.935,0.1,
4.821,11.637,-0.11399999999999999,304.786,0.1,4.8505,11.677,-0.14,304.756,0.1,4.8425,11.67,-0.1515,304.757,0.1,4.8105,11.641,-0.1115,304.771,0.1,4.783,11.622,-0.062,304.776,0.1,4.781000000000001,11.609,-0.035,304.776,0.1,4.7885,11.587,-0.024,304.784,0.1,4.766,11.545,-0.025500000000000002,304.798,0.1,4.6945,11.491,-0.036000000000000004,304.82,0.1,4.603,11.427,-0.036000000000000004,304.866,0.1,4.5335,11.374,-0.013500000000000002,304.919,0.1,4.4955,11.349,-0.0055,304.945,0.1,4.484,11.324,-0.047,304.951,0.1,4.503500000000001,11.291,-0.10250000000000001,304.959,0.1,4.5595,11.273,-0.142,304.964,0.1,4.6465,11.278,-0.1675,304.954,0.1,
4.1315,10.709,0.0955,305.071,0.1,4.112500000000001,10.622,0.05,305.101,0.1,4.116,10.589,-0.021,305.093,0.1,4.1434999999999995,10.599499999999999,-0.0935,305.078,0.1,4.163,10.6265,-0.129,305.083,0.1,4.1555,10.652000000000001,-0.1065,305.096,0.1,4.137499999999999,10.663499999999999,-0.044,305.103,0.1,4.137499999999999,10.659,0.0185,305.102,0.1,4.1635,10.6395,0.047,305.098,0.1,4.199,10.596499999999999,0.04,305.106,0.1,4.2275,10.535499999999999,0.0045000000000000005,305.133,0.1,4.252,10.478000000000002,-0.056999999999999995,305.158,0.1,4.2875,10.440000000000001,-0.1005,305.172,0.1,4.3385,10.407499999999999,-0.08549999999999999,305.177,0.1,4.3870000000000005,10.368500000000001,-0.016,305.177,0.1,4.406499999999999,10.331,0.045,305.173,0.1,
4.1825,10.788499999999999,0.079,305.003,0.1,4.1685,10.6725,0.054,305.046,0.1,4.1835,10.61,0.0085,305.062,0.1,4.2215,10.599499999999999,-0.0455,305.067,0.1,4.242,10.6105,-0.0865,305.077,0.1,4.225,10.63,-0.08499999999999999,305.082,0.1,4.1945,10.654499999999999,-0.0315,305.074,0.1,4.1825,10.675,0.036500000000000005,305.068,0.1,4.1975,10.6755,0.068,305.069,0.1,4.2235,10.635,0.059,305.086,0.1,4.241,10.564,0.026500000000000003,305.122,0.1,4.2515,10.496,-0.034,305.159,0.1,4.271,10.457,-0.088,305.185,0.1,4.3100000000000005,10.4315,-0.0885,305.194,0.1,4.3614999999999995,10.403500000000001,-0.0345,305.185,0.1,4.402,10.381499999999999,0.0175,305.155,0.1,
4.2255,10.884,0.026000000000000002,304.939,0.1,4.232,10.762,0.027,304.989,0.1,4.261,10.6725,0.013000000000000001,305.028,0.1,4.298,10.6275,-0.0145,305.057,0.1,4.3105,10.608,-0.0525,305.069,0.1,4.2925,10.607,-0.068,305.065,0.1,4.2669999999999995,10.633,-0.036000000000000004,305.047,0.1,4.2545,10.675,0.0175,305.03,0.1,4.2585,10.6975,0.0475,305.027,0.1,4.27,10.6645,0.0445,305.05,0.1,4.278499999999999,10.586,0.0235,305.099,0.1,4.279999999999999,10.5105,-0.0195,305.148,0.1,4.2775,10.4675,-0.0625,305.185,0.1,4.2844999999999995,10.443999999999999,-0.0795,305.208,0.1,4.3175,10.4285,-0.0615,305.201,0.1,4.3675,10.422,-0.037500000000000006,305.159,0.1,
4.2490000000000006,10.974,-0.0305,304.901,0.1,4.279999999999999,10.8705,-0.0065,304.947,0.1,4.3205,10.765,0.01,305.001,0.1,4.3485,10.681,0.0055,305.044,0.1,4.3505,10.6235,-0.025,305.058,0.1,4.34,10.597,-0.055,305.052,0.1,4.3335,10.616,-0.053,305.031,0.1,4.33,10.6675,-0.028999999999999998,305.002,0.1,4.3265,10.7065,-0.006500000000000001,304.986,0.1,4.328,10.685500000000001,0.0005,305.01,0.1,4.3355,10.609,-0.009,305.067,0.1,4.338,10.529,-0.025,305.124,0.1,4.322,10.4795,-0.0405,305.17,0.1,4.2965,10.458,-0.0635,305.201,0.1,4.2940000000000005,10.4555,-0.0785,305.203,0.1,4.327,10.458,-0.08549999999999999,305.169,0.1,
4.2565,11.033999999999999,-0.0645,304.891,0.1,4.307,10.968,-0.028,304.924,0.1,4.35,10.8615,0.0125,304.979,0.1,4.3645,10.748999999999999,0.0265,305.027,0.1,4.3585,10.6595,0.0005,305.046,0.1,4.361000000000001,10.613,-0.040499999999999994,305.043,0.1,4.379,10.618,-0.0695,305.025,0.1,4.390499999999999,10.661000000000001,-0.076,304.994,0.1,4.3865,10.705,-0.0675,304.97,0.1,4.385,10.699000000000002,-0.057499999999999996,304.987,0.1,4.399,10.6355,-0.056499999999999995,305.039,0.1,4.4135,10.555499999999999,-0.0475,305.096,0.1,4.401,10.500499999999999,-0.0315,305.141,0.1,4.3595,10.481,-0.040499999999999994,305.169,0.1,4.3195,10.488,-0.0655,305.176,0.1,4.311999999999999,10.495000000000001,-0.0925,305.163,0.1,
4.259,11.051,-0.0655,304.901,0.1,4.317,11.026,-0.034,304.916,0.1,4.355,10.934000000000001,0.0165,304.961,0.1,4.359,10.817,0.0445,305.005,0.1,4.352,10.7165,0.025,305.028,0.1,4.366,10.6595,-0.022,305.034,0.1,4.3985,10.644,-0.07150000000000001,305.028,0.1,4.4190000000000005,10.661000000000001,-0.10250000000000001,305.006,0.1,4.4175,10.696,-0.112,304.983,0.1,4.4205000000000005,10.7045,-0.109,304.989,0.1,4.448,10.660499999999999,-0.1015,305.025,0.1,4.482,10.587499999999999,-0.07400000000000001,305.072,0.1,4.487,10.5305,-0.032,305.11,0.1,4.449,10.5085,-0.0155,305.131,0.1,4.3865,10.518,-0.027,305.139,0.1,4.3375,10.5305,-0.056499999999999995,305.139,0.1,
4.269,11.0305,-0.0435,304.923,0.1,4.3195,11.035499999999999,-0.0315,304.92,0.1,4.35,10.969000000000001,0.01,304.948,0.1,4.354,10.873000000000001,0.043,304.982,0.1,4.353,10.7865,0.038500000000000006,305.006,0.1,4.3675,10.7265,0.0015,305.023,0.1,4.3934999999999995,10.6875,-0.0545,305.035,0.1,4.4105,10.671,-0.1005,305.033,0.1,4.413,10.686499999999999,-0.126,305.016,0.1,4.425,10.7035,-0.1365,305.009,0.1,4.468,10.6795,-0.1305,305.029,0.1,4.5235,10.6175,-0.093,305.063,0.1,4.5525,10.56,-0.036500000000000005,305.092,0.1,4.532500000000001,10.5295,0.002,305.106,0.1,4.4695,10.535,0.014,305.108,0.1,4.4005,10.5535,-0.004,305.107,0.1,
4.2865,10.997499999999999,-0.0175,304.949,0.1,4.3155,11.016,-0.029,304.939,0.1,4.342499999999999,10.9755,-0.010499999999999999,304.95,0.1,4.358499999999999,10.9145,0.0175,304.967,0.1,4.368,10.8555,0.033,304.987,0.1,4.374499999999999,10.799,0.018000000000000002,305.012,0.1,4.3774999999999995,10.741,-0.025500000000000002,305.043,0.1,4.378,10.695,-0.07250000000000001,305.06,0.1,4.3815,10.686499999999999,-0.109,305.051,0.1,4.403499999999999,10.701,-0.134,305.038,0.1,4.457,10.689,-0.139,305.047,0.1,4.527,10.639,-0.10350000000000001,305.073,0.1,4.577500000000001,10.5805,-0.045,305.093,0.1,4.5809999999999995,10.538,0.003,305.1,0.1,4.5375,10.5345,0.0305,305.093,0.1,4.4755,10.557,0.027000000000000003,305.084,0.1,
4.317,10.9805,0.0005,304.969,0.1,4.316,10.999500000000001,-0.025500000000000002,304.963,0.1,4.338,10.9765,-0.032,304.966,0.1,4.37,10.947,-0.0155,304.968,0.1,4.3925,10.9145,0.0115,304.978,0.1,4.390499999999999,10.8675,0.020499999999999997,305.004,0.1,4.3655,10.8025,0.0005,305.044,0.1,4.3405000000000005,10.7375,-0.034,305.076,0.1,4.3385,10.7035,-0.07300000000000001,305.081,0.1,4.3675,10.702,-0.1125,305.07,0.1,4.425,10.693000000000001,-0.1315,305.075,0.1,4.4965,10.6545,-0.108,305.095,0.1,4.558,10.596499999999999,-0.059,305.109,0.1,4.5875,10.5435,-0.0185,305.107,0.1,4.5775,10.5285,0.009,305.091,0.1,4.5435,10.55,0.0165,305.073,0.1,
4.371499999999999,10.988,0.012,304.97,0.1,4.3395,11.004000000000001,-0.014499999999999999,304.975,0.1,4.3455,10.986999999999998,-0.036500000000000005,304.985,0.1,4.3835,10.9725,-0.0315,304.982,0.1,4.4175,10.958,-0.0055,304.981,0.1,4.414,10.9255,0.016,304.999,0.1,4.3685,10.8665,0.014499999999999999,305.036,0.1,4.3149999999999995,10.7955,-0.005,305.078,0.1,4.2965,10.7395,-0.03949999999999999,305.103,0.1,4.324999999999999,10.7135,-0.0865,305.104,0.1,4.3825,10.7005,-0.11699999999999999,305.107,0.1,4.447,10.672,-0.1095,305.118,0.1,4.508,10.619,-0.0775,305.125,0.1,4.5600000000000005,10.562999999999999,-0.0525,305.116,0.1,4.5920000000000005,10.54,-0.033,305.092,0.1,4.593500000000001,10.5545,-0.0225,305.071,0.1,
4.423,11.007,0.003,304.978,0.1,4.3705,11.025,-0.013000000000000001,304.99,0.1,4.3525,11.006,-0.037500000000000006,305.012,0.1,4.381,10.9905,-0.035500000000000004,305.015,0.1,4.423,10.9855,-0.016,305.007,0.1,4.428,10.9685,0.003,305.011,0.1,4.374499999999999,10.9225,0.006999999999999999,305.038,0.1,4.297,10.8565,-0.0035,305.084,0.1,4.2555,10.790500000000002,-0.0295,305.127,0.1,4.2745,10.742,-0.07300000000000001,305.145,0.1,4.3260000000000005,10.7165,-0.1085,305.148,0.1,4.3765,10.692499999999999,-0.11399999999999999,305.149,0.1,4.4295,10.649999999999999,-0.10200000000000001,305.15,0.1,4.502,10.6035,-0.092,305.137,0.1,4.577,10.5825,-0.08099999999999999,305.109,0.1,4.6145,10.5875,-0.07050000000000001,305.084,0.1,
4.435499999999999,11.033,-0.062,305.021,0.1,4.3774999999999995,11.061,-0.0645,305.029,0.1,4.3375,11.036999999999999,-0.076,305.059,0.1,4.3495,11.0115,-0.064,305.071,0.1,4.3934999999999995,11.008500000000002,-0.043,305.059,0.1,4.4094999999999995,11.001000000000001,-0.0335,305.053,0.1,4.3605,10.968,-0.0385,305.071,0.1,4.2725,10.916,-0.0485,305.112,0.1,4.21,10.854500000000002,-0.0595,305.161,0.1,4.21,10.7905,-0.08499999999999999,305.196,0.1,4.2465,10.744,-0.11399999999999999,305.207,0.1,4.282,10.715499999999999,-0.131,305.203,0.1,4.3285,10.687000000000001,-0.1405,305.195,0.1,4.4155,10.660499999999999,-0.14350000000000002,305.18,0.1,4.5225,10.650500000000001,-0.136,305.149,0.1,4.5920000000000005,10.6475,-0.1205,305.115,0.1,
4.456,11.077,-0.159,305.06,0.1,4.4025,11.116499999999998,-0.15,305.056,0.1,4.3420000000000005,11.087,-0.143,305.089,0.1,4.329000000000001,11.0515,-0.114,305.113,0.1,4.3615,11.0425,-0.082,305.11,0.1,4.3845,11.036,-0.0785,305.102,0.1,4.3535,11.0135,-0.097,305.108,0.1,4.276,10.979,-0.1085,305.132,0.1,4.1985,10.93,-0.10250000000000001,305.178,0.1,4.165,10.8565,-0.104,305.23,0.1,4.173500000000001,10.783999999999999,-0.1195,305.259,0.1,4.197,10.7455,-0.143,305.255,0.1,4.243,10.729,-0.1725,305.239,0.1,4.3335,10.722999999999999,-0.188,305.223,0.1,4.4475,10.724499999999999,-0.182,305.194,0.1,4.531,10.718,-0.1625,305.156,0.1,
4.509499999999999,11.126999999999999,-0.202,305.068,0.1,4.465,11.174,-0.192,305.053,0.1,4.3919999999999995,11.146,-0.179,305.086,0.1,4.352,11.108,-0.14150000000000001,305.123,0.1,4.3585,11.091000000000001,-0.101,305.139,0.1,4.379,11.0775,-0.093,305.135,0.1,4.375,11.0585,-0.1085,305.124,0.1,4.325,11.0365,-0.11549999999999999,305.128,0.1,4.239,11.0005,-0.10400000000000001,305.166,0.1,4.1635,10.922,-0.0935,305.231,0.1,4.135,10.829,-0.096,305.28,0.1,4.1505,10.780000000000001,-0.116,305.282,0.1,4.2005,10.769,-0.159,305.263,0.1,4.281499999999999,10.773,-0.189,305.249,0.1,4.375,10.780000000000001,-0.194,305.228,0.1,4.4515,10.775,-0.185,305.197,0.1,
4.542999999999999,11.1535,-0.17149999999999999,305.084,0.1,4.518,11.2065,-0.1735,305.056,0.1,4.458,11.194500000000001,-0.172,305.078,0.1,4.409,11.163499999999999,-0.133,305.117,0.1,4.3855,11.14,-0.0885,305.143,0.1,4.3865,11.1155,-0.07,305.145,0.1,4.3975,11.0915,-0.0695,305.133,0.1,4.3765,11.0735,-0.069,305.128,0.1,4.2925,11.044,-0.063,305.156,0.1,4.1825,10.964500000000001,-0.056499999999999995,305.222,0.1,4.1185,10.866,-0.0475,305.283,0.1,4.124499999999999,10.813500000000001,-0.0565,305.297,0.1,4.1745,10.7995,-0.103,305.285,0.1,4.2385,10.7975,-0.1505,305.277,0.1,4.304,10.8005,-0.175,305.265,0.1,4.372999999999999,10.8055,-0.188,305.238,0.1,
4.5445,11.158,-0.1205,305.111,0.1,4.5515,11.214,-0.143,305.07,0.1,4.528,11.214,-0.151,305.071,0.1,4.487,11.189,-0.108,305.1,0.1,4.4384999999999994,11.162,-0.056999999999999995,305.124,0.1,4.4145,11.132,-0.033,305.13,0.1,4.428,11.104,-0.0245,305.129,0.1,4.4275,11.086,-0.0235,305.13,0.1,4.35,11.057,-0.0275,305.151,0.1,4.2215,10.978,-0.0245,305.206,0.1,4.134,10.881,-0.005,305.267,0.1,4.1265,10.83,0.0005,305.293,0.1,4.164,10.812,-0.042499999999999996,305.297,0.1,4.204000000000001,10.803,-0.0995,305.303,0.1,4.2465,10.801,-0.142,305.298,0.1,4.3185,10.814,-0.17099999999999999,305.268,0.1,
3.732,10.2395,0.094,305.39,0.1,3.7145,10.175,0.0505,305.419,0.1,3.7199999999999998,10.144,-0.0205,305.426,0.1,3.7395,10.1425,-0.093,305.427,0.1,3.7455,10.166,-0.125,305.433,0.1,3.733,10.202,-0.099,305.441,0.1,3.725,10.2225,-0.038000000000000006,305.447,0.1,3.7405,10.218,0.02,305.451,0.1,3.775,10.196000000000002,0.045,305.447,0.1,3.8120000000000003,10.152999999999999,0.035500000000000004,305.453,0.1,3.84,10.096,-0.0005,305.475,0.1,3.8609999999999998,10.0485,-0.0615,305.494,0.1,3.8905000000000003,10.0175,-0.1055,305.506,0.1,3.942,9.982,-0.0925,305.513,0.1,4.004,9.938500000000001,-0.024,305.509,0.1,4.0395,9.9075,0.039,305.491,0.1,
3.8045,10.3035,0.0755,305.317,0.1,3.783,10.2085,0.052,305.361,0.1,3.7885,10.15,0.006,305.391,0.1,3.8175,10.126999999999999,-0.048,305.409,0.1,3.833,10.1355,-0.08549999999999999,305.416,0.1,3.816,10.1675,-0.079,305.413,0.1,3.7889999999999997,10.201,-0.0245,305.41,0.1,3.783,10.218,0.040999999999999995,305.414,0.1,3.8045,10.2135,0.0695,305.416,0.1,3.8355,10.175,0.057,305.427,0.1,3.8555,10.1115,0.0235,305.457,0.1,3.8605,10.056999999999999,-0.036000000000000004,305.491,0.1,3.865,10.0265,-0.0895,305.516,0.1,3.894,9.997,-0.092,305.529,0.1,3.9560000000000004,9.9625,-0.040999999999999995,305.519,0.1,4.019,9.945,0.0105,305.476,0.1,
3.8615,10.3825,0.02,305.253,0.1,3.854,10.275500000000001,0.020999999999999998,305.302,0.1,3.864,10.1925,0.007,305.35,0.1,3.892,10.1425,-0.02,305.385,0.1,3.91,10.124500000000001,-0.054,305.395,0.1,3.8979999999999997,10.1335,-0.066,305.387,0.1,3.87,10.1645,-0.0315,305.376,0.1,3.856,10.2035,0.0225,305.368,0.1,3.868,10.224,0.0505,305.366,0.1,3.892,10.193000000000001,0.0435,305.382,0.1,3.9059999999999997,10.121,0.020499999999999997,305.426,0.1,3.8975,10.058499999999999,-0.0205,305.472,0.1,3.8705,10.026,-0.061,305.512,0.1,3.8565,10.001000000000001,-0.078,305.54,0.1,3.8914999999999997,9.9795,-0.0625,305.535,0.1,3.9625000000000004,9.9755,-0.042499999999999996,305.48,0.1,
3.8855,10.4575,-0.037500000000000006,305.216,0.1,3.904,10.3625,-0.015,305.26,0.1,3.924,10.2655,0.0015,305.314,0.1,3.9450000000000003,10.189,-0.0015,305.358,0.1,3.956,10.1375,-0.028999999999999998,305.374,0.1,3.9515000000000002,10.116,-0.0565,305.37,0.1,3.9405,10.135,-0.0525,305.354,0.1,3.9355,10.1865,-0.025500000000000002,305.331,0.1,3.9435000000000002,10.229,-0.0035,305.315,0.1,3.9615,10.207,-0.001,305.336,0.1,3.9775,10.1305,-0.013,305.388,0.1,3.9699999999999998,10.0595,-0.027,305.442,0.1,3.9245,10.024,-0.0375,305.489,0.1,3.868,10.0075,-0.056999999999999995,305.526,0.1,3.8555,10.001999999999999,-0.07300000000000001,305.529,0.1,3.9025,10.003,-0.0865,305.486,0.1,
3.879,10.506499999999999,-0.07,305.212,0.1,3.923,10.443,-0.036500000000000005,305.241,0.1,3.9535,10.347999999999999,0.0035,305.287,0.1,3.965,10.2525,0.0195,305.331,0.1,3.9645,10.1725,-0.005,305.356,0.1,3.9690000000000003,10.1265,-0.046,305.363,0.1,3.984,10.129999999999999,-0.073,305.346,0.1,3.9974999999999996,10.177,-0.0765,305.311,0.1,4.005,10.227,-0.0665,305.287,0.1,4.0195,10.216,-0.0605,305.306,0.1,4.0455,10.1445,-0.0635,305.357,0.1,4.055999999999999,10.0685,-0.052500000000000005,305.411,0.1,4.019,10.03,-0.03,305.452,0.1,3.944,10.024000000000001,-0.033,305.481,0.1,3.882,10.032,-0.056499999999999995,305.489,0.1,3.8760000000000003,10.032,-0.089,305.474,0.1,
3.8594999999999997,10.5165,-0.068,305.232,0.1,3.917,10.491,-0.040499999999999994,305.239,0.1,3.9530000000000003,10.4125,0.0095,305.27,0.1,3.9595000000000002,10.314499999999999,0.037500000000000006,305.308,0.1,3.9535,10.225000000000001,0.0185,305.338,0.1,3.9625000000000004,10.168,-0.0285,305.356,0.1,3.992,10.153500000000001,-0.0785,305.348,0.1,4.0184999999999995,10.1785,-0.107,305.319,0.1,4.029,10.218,-0.114,305.293,0.1,4.0455,10.218499999999999,-0.1135,305.304,0.1,4.0875,10.162500000000001,-0.1105,305.346,0.1,4.128,10.089,-0.08249999999999999,305.39,0.1,4.12,10.0485,-0.034,305.418,0.1,4.052,10.046,-0.010499999999999999,305.431,0.1,3.9595000000000002,10.060500000000001,-0.0185,305.436,0.1,3.9000000000000004,10.061,-0.051000000000000004,305.441,0.1,
3.8455000000000004,10.495,-0.042499999999999996,305.26,0.1,3.899,10.497499999999999,-0.035,305.25,0.1,3.937,10.4435,0.0045000000000000005,305.264,0.1,3.9485,10.3635,0.036500000000000005,305.291,0.1,3.9465,10.2865,0.0315,305.32,0.1,3.9515000000000002,10.231,-0.0055,305.346,0.1,3.9720000000000004,10.1985,-0.0615,305.357,0.1,3.9955,10.1905,-0.107,305.347,0.1,4.01,10.207,-0.13,305.328,0.1,4.0355,10.215499999999999,-0.14150000000000001,305.328,0.1,4.095000000000001,10.1795,-0.14,305.356,0.1,4.1645,10.1165,-0.10450000000000001,305.387,0.1,4.192,10.074,-0.043,305.399,0.1,4.15,10.064,0.0025,305.396,0.1,4.057,10.077,0.0195,305.393,0.1,3.9685,10.0825,0.0015,305.402,0.1,
3.843,10.4695,-0.014499999999999999,305.288,0.1,3.8745000000000003,10.481,-0.0295,305.275,0.1,3.9115,10.448,-0.015,305.275,0.1,3.9385,10.3975,0.0105,305.287,0.1,3.949,10.346,0.025500000000000002,305.309,0.1,3.946,10.301,0.012,305.338,0.1,3.9425,10.2555,-0.031,305.367,0.1,3.9485,10.214500000000001,-0.078,305.382,0.1,3.9645,10.2025,-0.1145,305.374,0.1,4.001,10.209499999999998,-0.14,305.368,0.1,4.0705,10.19,-0.1485,305.384,0.1,4.154999999999999,10.1405,-0.11449999999999999,305.405,0.1,4.2105,10.096,-0.0545,305.404,0.1,4.2035,10.074,-0.0015,305.389,0.1,4.136,10.08,0.0315,305.374,0.1,4.051,10.092500000000001,0.0305,305.374,0.1,
3.8585000000000003,10.4685,0.004,305.307,0.1,3.856,10.472999999999999,-0.0245,305.304,0.1,3.8845,10.4475,-0.036000000000000004,305.302,0.1,3.9285,10.4205,-0.023,305.302,0.1,3.957,10.396,0.004,305.311,0.1,3.9495,10.3665,0.0155,305.332,0.1,3.918,10.318,-0.003,305.371,0.1,3.8975,10.253499999999999,-0.0385,305.409,0.1,3.9095,10.212,-0.079,305.421,0.1,3.9535,10.2045,-0.119,305.415,0.1,4.024,10.193,-0.14,305.423,0.1,4.1065000000000005,10.156500000000001,-0.118,305.435,0.1,4.176,10.1135,-0.069,305.428,0.1,4.205,10.082,-0.027,305.403,0.1,4.1805,10.0825,0.0055,305.375,0.1,4.123,10.100000000000001,0.0175,305.361,0.1,
3.903,10.493500000000001,0.0125,305.303,0.1,3.8645,10.4865,-0.015,305.316,0.1,3.872,10.454,-0.040999999999999995,305.331,0.1,3.9205,10.434999999999999,-0.039999999999999994,305.331,0.1,3.9645,10.428999999999998,-0.014499999999999999,305.325,0.1,3.96,10.417,0.01,305.332,0.1,3.9080000000000004,10.375499999999999,0.0115,305.367,0.1,3.8575,10.303,-0.0085,305.423,0.1,3.854,10.2385,-0.046,305.461,0.1,3.8994999999999997,10.207999999999998,-0.094,305.464,0.1,3.9690000000000003,10.1935,-0.1255,305.463,0.1,4.0415,10.169,-0.119,305.465,0.1,4.1114999999999995,10.133,-0.0885,305.454,0.1,4.1705000000000005,10.1005,-0.065,305.426,0.1,4.1945,10.100999999999999,-0.043,305.386,0.1,4.1715,10.1205,-0.027000000000000003,305.358,0.1,
3.9425,10.5195,-0.0005,305.308,0.1,3.8765,10.51,-0.0155,305.333,0.1,3.856,10.465499999999999,-0.042499999999999996,305.368,0.1,3.8945,10.44,-0.0445,305.377,0.1,3.9480000000000004,10.4415,-0.026500000000000003,305.363,0.1,3.9545000000000003,10.443,-0.0055,305.354,0.1,3.896,10.415,0.003,305.379,0.1,3.821,10.351500000000001,-0.006500000000000001,305.442,0.1,3.793,10.278500000000001,-0.0345,305.501,0.1,3.8285,10.225,-0.081,305.52,0.1,3.894,10.1965,-0.118,305.515,0.1,3.9555,10.178,-0.124,305.507,0.1,4.019,10.155000000000001,-0.11399999999999999,305.495,0.1,4.099,10.134,-0.10800000000000001,305.465,0.1,4.1675,10.14,-0.097,305.415,0.1,4.1815,10.16,-0.08,305.372,0.1,
3.9305,10.54,-0.0665,305.358,0.1,3.8555,10.543,-0.066,305.379,0.1,3.8125,10.489,-0.078,305.427,0.1,3.8345000000000002,10.4485,-0.07050000000000001,305.448,0.1,3.89,10.4465,-0.053000000000000005,305.43,0.1,3.9105,10.452,-0.042499999999999996,305.411,0.1,3.8594999999999997,10.439,-0.041999999999999996,305.429,0.1,3.7720000000000002,10.3975,-0.048,305.485,0.1,3.7185,10.3315,-0.059,305.549,0.1,3.734,10.2585,-0.089,305.586,0.1,3.7895,10.207,-0.122,305.591,0.1,3.8419999999999996,10.186499999999999,-0.139,305.581,0.1,3.8985,10.1795,-0.1495,305.564,0.1,3.9875,10.1775,-0.158,305.53,0.1,4.0875,10.192499999999999,-0.152,305.471,0.1,4.140499999999999,10.211500000000001,-0.1335,305.412,0.1,
3.9295,10.5715,-0.161,305.402,0.1,3.857,10.594999999999999,-0.1485,305.411,0.1,3.7910000000000004,10.537500000000001,-0.1405,305.467,0.1,3.784,10.4805,-0.1155,305.505,0.1,3.8274999999999997,10.463999999999999,-0.0885,305.498,0.1,3.8615,10.465,-0.08549999999999999,305.479,0.1,3.8345000000000002,10.464500000000001,-0.099,305.481,0.1,3.752,10.449,-0.10350000000000001,305.514,0.1,3.6734999999999998,10.398,-0.0955,305.573,0.1,3.6555,10.309999999999999,-0.1015,305.631,0.1,3.693,10.232,-0.1225,305.662,0.1,3.742,10.204,-0.147,305.656,0.1,3.795,10.2095,-0.177,305.629,0.1,3.878,10.224,-0.1965,305.592,0.1,3.982,10.246500000000001,-0.1945,305.533,0.1,4.056,10.2635,-0.176,305.469,0.1,
3.9764999999999997,10.604,-0.20450000000000002,305.411,0.1,3.912,10.6475,-0.19,305.406,0.1,3.823,10.5975,-0.175,305.467,0.1,3.778,10.532499999999999,-0.139,305.524,0.1,3.7965,10.5,-0.1025,305.541,0.1,3.84,10.4905,-0.0965,305.529,0.1,3.8465,10.494,-0.1095,305.51,0.1,3.7835,10.495000000000001,-0.1105,305.511,0.1,3.685,10.459,-0.094,305.558,0.1,3.6260000000000003,10.3655,-0.0865,305.637,0.1,3.637,10.267,-0.0955,305.699,0.1,3.683,10.228,-0.118,305.701,0.1,3.7355,10.237,-0.161,305.666,0.1,3.8025,10.2595,-0.1935,305.628,0.1,3.885,10.285499999999999,-0.2025,305.581,0.1,3.9555,10.3025,-0.197,305.531,0.1,
4.0065,10.6075,-0.176,305.432,0.1,3.9615,10.668,-0.173,305.412,0.1,3.874,10.641,-0.168,305.46,0.1,3.8095,10.5835,-0.1285,305.521,0.1,3.8005,10.542,-0.08549999999999999,305.554,0.1,3.8345000000000002,10.5185,-0.07050000000000001,305.553,0.1,3.859,10.513,-0.07100000000000001,305.529,0.1,3.817,10.5155,-0.0665,305.513,0.1,3.713,10.4905,-0.053000000000000005,305.545,0.1,3.622,10.402999999999999,-0.0455,305.632,0.1,3.6025,10.2985,-0.043,305.713,0.1,3.638,10.251000000000001,-0.056,305.728,0.1,3.6864999999999997,10.251999999999999,-0.1035,305.697,0.1,3.7359999999999998,10.271,-0.152,305.664,0.1,3.794,10.297,-0.179,305.633,0.1,3.859,10.322,-0.196,305.596,0.1,
4.002000000000001,10.599,-0.1255,305.47,0.1,3.992,10.667,-0.143,305.432,0.1,3.935,10.656,-0.147,305.453,0.1,3.873,10.606,-0.10200000000000001,305.5,0.1,3.84,10.562,-0.0505,305.535,0.1,3.849,10.531,-0.0295,305.546,0.1,3.8724999999999996,10.518,-0.024,305.535,0.1,3.8505,10.518,-0.020499999999999997,305.517,0.1,3.7575,10.497,-0.0165,305.537,0.1,3.649,10.415,-0.009500000000000001,305.615,0.1,3.599,10.312,0.005,305.7,0.1,3.6145,10.262,0.0055,305.728,0.1,3.6525,10.256,-0.0395,305.714,0.1,3.686,10.27,-0.096,305.698,0.1,3.7264999999999997,10.295,-0.1395,305.68,0.1,3.7935,10.327,-0.173,305.645,0.1,
3.3325,9.77,0.094,305.71,0.1,3.3165,9.727,0.053,305.737,0.1,3.3235,9.6985,-0.019,305.759,0.1,3.3355,9.685500000000001,-0.0915,305.776,0.1,3.3280000000000003,9.7055,-0.119,305.784,0.1,3.3105,9.751000000000001,-0.09,305.786,0.1,3.3120000000000003,9.781500000000001,-0.032,305.792,0.1,3.343,9.7775,0.0205,305.799,0.1,3.387,9.752500000000001,0.041999999999999996,305.797,0.1,3.4255,9.7085,0.031,305.801,0.1,3.4525,9.656,-0.0055,305.817,0.1,3.4699999999999998,9.619,-0.065,305.83,0.1,3.4935,9.5945,-0.109,305.841,0.1,3.5454999999999997,9.5565,-0.098,305.848,0.1,3.621,9.508,-0.0315,305.84,0.1,3.673,9.4835,0.0325,305.81,0.1,
3.4255,9.818,0.0735,305.632,0.1,3.3970000000000002,9.744499999999999,0.052,305.676,0.1,3.3935,9.689499999999999,0.005,305.721,0.1,3.4135,9.655000000000001,-0.05,305.75,0.1,3.4240000000000004,9.6605,-0.083,305.755,0.1,3.4074999999999998,9.7045,-0.07150000000000001,305.744,0.1,3.384,9.747,-0.0165,305.746,0.1,3.3834999999999997,9.7615,0.0445,305.759,0.1,3.4115,9.751999999999999,0.069,305.763,0.1,3.448,9.714,0.0545,305.767,0.1,3.4699999999999998,9.6585,0.020499999999999997,305.793,0.1,3.4685,9.6175,-0.037,305.823,0.1,3.459,9.595,-0.089,305.848,0.1,3.4785,9.5615,-0.0935,305.864,0.1,3.55,9.521,-0.047,305.853,0.1,3.6355000000000004,9.5085,0.0025,305.797,0.1,
3.4974999999999996,9.881,0.015,305.566,0.1,3.477,9.789,0.0165,305.616,0.1,3.468,9.7125,0.0025,305.672,0.1,3.487,9.6585,-0.025,305.713,0.1,3.51,9.6415,-0.055,305.721,0.1,3.503,9.66,-0.062,305.709,0.1,3.472,9.6955,-0.025500000000000002,305.704,0.1,3.457,9.7325,0.027000000000000003,305.707,0.1,3.4779999999999998,9.7515,0.052,305.705,0.1,3.5145,9.721,0.041999999999999996,305.715,0.1,3.534,9.655999999999999,0.0175,305.752,0.1,3.5155000000000003,9.6065,-0.0205,305.796,0.1,3.464,9.5845,-0.056999999999999995,305.838,0.1,3.4284999999999997,9.557500000000001,-0.074,305.872,0.1,3.4655,9.5305,-0.0635,305.868,0.1,3.5585,9.529,-0.0485,305.801,0.1,
3.5225,9.9415,-0.0445,305.531,0.1,3.5279999999999996,9.8535,-0.0225,305.574,0.1,3.5275,9.767,-0.006,305.627,0.1,3.541,9.697,-0.0075,305.671,0.1,3.561,9.652000000000001,-0.0325,305.69,0.1,3.5629999999999997,9.635,-0.0565,305.688,0.1,3.548,9.654,-0.051000000000000004,305.677,0.1,3.542,9.7065,-0.023,305.659,0.1,3.5605,9.752,-0.002,305.645,0.1,3.5945,9.7285,-0.003,305.662,0.1,3.6189999999999998,9.6525,-0.017,305.709,0.1,3.601,9.5905,-0.028,305.759,0.1,3.5265,9.568999999999999,-0.0325,305.807,0.1,3.4395,9.557500000000001,-0.0485,305.85,0.1,3.417,9.5485,-0.067,305.855,0.1,3.4779999999999998,9.548,-0.088,305.804,0.1,
3.5015,9.9785,-0.0765,305.534,0.1,3.5389999999999997,9.917,-0.045,305.558,0.1,3.5564999999999998,9.8355,-0.0045000000000000005,305.596,0.1,3.5645,9.754999999999999,0.013000000000000001,305.635,0.1,3.5705,9.685500000000001,-0.01,305.667,0.1,3.577,9.6395,-0.0505,305.682,0.1,3.5885,9.6415,-0.077,305.666,0.1,3.6045,9.6935,-0.078,305.629,0.1,3.6239999999999997,9.749,-0.067,305.605,0.1,3.6544999999999996,9.733,-0.0635,305.625,0.1,3.6915,9.653500000000001,-0.0695,305.676,0.1,3.6975,9.581,-0.0565,305.725,0.1,3.636,9.5595,-0.026500000000000003,305.764,0.1,3.5275,9.567,-0.023,305.793,0.1,3.444,9.576,-0.046,305.802,0.1,3.44,9.5695,-0.08499999999999999,305.784,0.1,
3.46,9.9815,-0.07050000000000001,305.562,0.1,3.5175,9.9555,-0.047,305.562,0.1,3.5519999999999996,9.8915,0.003,305.58,0.1,3.5605,9.812,0.0315,305.611,0.1,3.5555000000000003,9.733,0.0125,305.649,0.1,3.5595,9.676,-0.035,305.678,0.1,3.5855,9.663,-0.08549999999999999,305.669,0.1,3.6174999999999997,9.6955,-0.112,305.631,0.1,3.6395,9.74,-0.116,305.604,0.1,3.6705,9.7325,-0.1175,305.62,0.1,3.7270000000000003,9.663499999999999,-0.1195,305.666,0.1,3.7735000000000003,9.59,-0.091,305.708,0.1,3.753,9.5665,-0.035500000000000004,305.725,0.1,3.6545,9.5825,-0.0035,305.73,0.1,3.5324999999999998,9.6025,-0.0075,305.733,0.1,3.463,9.5925,-0.044,305.743,0.1,
3.422,9.9595,-0.0415,305.597,0.1,3.4779999999999998,9.96,-0.038,305.58,0.1,3.5229999999999997,9.9185,-0.0005,305.58,0.1,3.543,9.8545,0.0295,305.599,0.1,3.54,9.786000000000001,0.025,305.634,0.1,3.535,9.7355,-0.0125,305.669,0.1,3.551,9.71,-0.069,305.679,0.1,3.5805,9.709499999999998,-0.113,305.661,0.1,3.6065,9.728,-0.134,305.641,0.1,3.646,9.7275,-0.1465,305.647,0.1,3.722,9.678999999999998,-0.1505,305.683,0.1,3.8055000000000003,9.615,-0.11599999999999999,305.712,0.1,3.832,9.588000000000001,-0.049,305.706,0.1,3.768,9.597999999999999,0.0045000000000000005,305.687,0.1,3.6445,9.619,0.0275,305.679,0.1,3.537,9.611999999999998,0.0085,305.696,0.1,
3.3994999999999997,9.942,-0.012,305.627,0.1,3.433,9.947,-0.0295,305.611,0.1,3.4795,9.9215,-0.019000000000000003,305.6,0.1,3.5185,9.879999999999999,0.003,305.606,0.1,3.5300000000000002,9.836500000000001,0.017499999999999998,305.63,0.1,3.5170000000000003,9.8035,0.0055,305.663,0.1,3.507,9.77,-0.036500000000000005,305.691,0.1,3.5185,9.734,-0.08349999999999999,305.703,0.1,3.5475,9.719,-0.119,305.698,0.1,3.598,9.718499999999999,-0.146,305.697,0.1,3.683,9.6905,-0.158,305.721,0.1,3.7824999999999998,9.6415,-0.1265,305.738,0.1,3.8440000000000003,9.612,-0.0635,305.715,0.1,3.826,9.6095,-0.005,305.677,0.1,3.734,9.6265,0.0345,305.654,0.1,3.6265,9.6275,0.036000000000000004,305.664,0.1,
3.3994999999999997,9.957,0.006500000000000001,305.644,0.1,3.396,9.947,-0.023,305.644,0.1,3.4314999999999998,9.919,-0.039,305.639,0.1,3.4875,9.893999999999998,-0.031,305.637,0.1,3.5220000000000002,9.8775,-0.0045,305.644,0.1,3.5084999999999997,9.866499999999998,0.01,305.661,0.1,3.4705,9.8335,-0.006500000000000001,305.698,0.1,3.4545,9.7695,-0.043,305.742,0.1,3.48,9.7205,-0.08499999999999999,305.762,0.1,3.5395000000000003,9.707999999999998,-0.126,305.76,0.1,3.623,9.6925,-0.1485,305.77,0.1,3.7165,9.658999999999999,-0.128,305.775,0.1,3.794,9.631499999999999,-0.079,305.746,0.1,3.8225,9.6205,-0.0345,305.698,0.1,3.7835,9.6375,0.003,305.659,0.1,3.703,9.6495,0.0195,305.649,0.1,
3.4345,9.9985,0.0125,305.636,0.1,3.3890000000000002,9.969000000000001,-0.015,305.658,0.1,3.3979999999999997,9.921,-0.0445,305.677,0.1,3.458,9.8975,-0.0485,305.679,0.1,3.512,9.899999999999999,-0.0235,305.67,0.1,3.5060000000000002,9.9085,0.004,305.666,0.1,3.448,9.8845,0.0085,305.698,0.1,3.4005,9.811,-0.012,305.768,0.1,3.4115,9.7375,-0.052500000000000005,305.819,0.1,3.4735,9.703,-0.10250000000000001,305.824,0.1,3.5545,9.6865,-0.1345,305.819,0.1,3.6355,9.666,-0.1285,305.811,0.1,3.7145,9.6475,-0.099,305.783,0.1,3.7800000000000002,9.639,-0.077,305.736,0.1,3.7965,9.662500000000001,-0.052500000000000005,305.68,0.1,3.75,9.686499999999999,-0.03,305.645,0.1,
3.4615,10.031500000000001,-0.004,305.639,0.1,3.3825000000000003,9.995000000000001,-0.018000000000000002,305.676,0.1,3.3600000000000003,9.9245,-0.0465,305.723,0.1,3.409,9.889,-0.053500000000000006,305.739,0.1,3.4735,9.898,-0.037000000000000005,305.719,0.1,3.481,9.9175,-0.013500000000000002,305.697,0.1,3.4175,9.907,-0.0005,305.72,0.1,3.3445,9.847000000000001,-0.0095,305.8,0.1,3.3305,9.767,-0.039999999999999994,305.875,0.1,3.3834999999999997,9.7075,-0.0895,305.894,0.1,3.4625,9.676,-0.128,305.882,0.1,3.5345,9.663,-0.1335,305.865,0.1,3.608,9.66,-0.125,305.84,0.1,3.6955,9.665,-0.123,305.794,0.1,3.758,9.6975,-0.11199999999999999,305.722,0.1,3.7485,9.732,-0.089,305.66,0.1,
3.425,10.0465,-0.07,305.695,0.1,3.333,10.0245,-0.067,305.729,0.1,3.2880000000000003,9.940999999999999,-0.0795,305.794,0.1,3.3200000000000003,9.8855,-0.077,305.825,0.1,3.386,9.8845,-0.063,305.801,0.1,3.4105,9.903,-0.051000000000000004,305.77,0.1,3.358,9.908999999999999,-0.045,305.786,0.1,3.271,9.879000000000001,-0.047,305.858,0.1,3.226,9.809000000000001,-0.059,305.938,0.1,3.2575,9.725999999999999,-0.0935,305.975,0.1,3.3325,9.67,-0.13,305.975,0.1,3.4025,9.6575,-0.1465,305.96,0.1,3.4695,9.672,-0.1575,305.932,0.1,3.5605,9.694500000000001,-0.17099999999999999,305.881,0.1,3.653,9.734,-0.16749999999999998,305.794,0.1,3.6885000000000003,9.775,-0.14550000000000002,305.709,0.1,
3.402,10.0655,-0.1615,305.745,0.1,3.311,10.0735,-0.1455,305.766,0.1,3.24,9.988,-0.137,305.845,0.1,3.2385,9.91,-0.1165,305.897,0.1,3.293,9.8845,-0.095,305.886,0.1,3.3385,9.8935,-0.092,305.856,0.1,3.3155,9.9155,-0.0995,305.855,0.1,3.2279999999999998,9.919,-0.098,305.897,0.1,3.1479999999999997,9.8655,-0.089,305.968,0.1,3.146,9.7635,-0.0995,306.031,0.1,3.2135,9.68,-0.126,306.064,0.1,3.2875,9.662500000000001,-0.151,306.057,0.1,3.347,9.689499999999999,-0.1805,306.019,0.1,3.423,9.7255,-0.20400000000000001,305.961,0.1,3.5175,9.7685,-0.20600000000000002,305.873,0.1,3.5815,9.809000000000001,-0.188,305.782,0.1,
3.444,10.081,-0.205,305.755,0.1,3.359,10.1215,-0.186,305.76,0.1,3.254,10.0485,-0.16949999999999998,305.848,0.1,3.204,9.9575,-0.1365,305.924,0.1,3.234,9.908000000000001,-0.1045,305.944,0.1,3.301,9.903,-0.1,305.924,0.1,3.319,9.93,-0.109,305.895,0.1,3.2424999999999997,9.9535,-0.10400000000000001,305.894,0.1,3.1305,9.917,-0.08399999999999999,305.949,0.1,3.088,9.8085,-0.08,306.044,0.1,3.1390000000000002,9.7045,-0.095,306.117,0.1,3.215,9.6765,-0.12,306.119,0.1,3.2695,9.7045,-0.1625,306.069,0.1,3.323,9.746500000000001,-0.197,306.007,0.1,3.3955,9.7915,-0.21,305.934,0.1,3.4595000000000002,9.8295,-0.20800000000000002,305.866,0.1,
3.4699999999999998,10.061,-0.1785,305.781,0.1,3.4045,10.129,-0.16999999999999998,305.769,0.1,3.2905,10.0875,-0.1615,305.843,0.1,3.2105,10.004,-0.1235,305.924,0.1,3.2155,9.943000000000001,-0.0835,305.964,0.1,3.2824999999999998,9.9215,-0.071,305.961,0.1,3.3205,9.9345,-0.07100000000000001,305.926,0.1,3.258,9.9575,-0.0615,305.897,0.1,3.1345,9.937,-0.041999999999999996,305.933,0.1,3.0620000000000003,9.8405,-0.035,306.041,0.1,3.0865,9.731,-0.0395,306.143,0.1,3.151,9.6885,-0.0565,306.158,0.1,3.1985,9.704,-0.104,306.109,0.1,3.234,9.7445,-0.1525,306.051,0.1,3.284,9.793,-0.182,306.001,0.1,3.3455,9.8385,-0.20350000000000001,305.954,0.1,
3.46,10.039,-0.129,305.829,0.1,3.432,10.119,-0.1395,305.795,0.1,3.3415,10.098,-0.14,305.834,0.1,3.259,10.024,-0.095,305.899,0.1,3.2415000000000003,9.961,-0.0445,305.947,0.1,3.2830000000000004,9.931,-0.026500000000000003,305.962,0.1,3.317,9.932,-0.023,305.941,0.1,3.274,9.95,-0.016,305.905,0.1,3.1645,9.937,-0.004,305.922,0.1,3.0755,9.851,0.005,306.023,0.1,3.0635,9.743,0.013999999999999999,306.134,0.1,3.102,9.693,0.0095,306.163,0.1,3.1405,9.699,-0.036500000000000005,306.131,0.1,3.1675,9.737,-0.0915,306.093,0.1,3.2060000000000004,9.788,-0.136,306.063,0.1,3.269,9.841,-0.1745,306.021,0.1,
2.7809999999999997,9.289000000000001,0.096,306.134,0.1,2.7824999999999998,9.2465,0.056999999999999995,306.163,0.1,2.8040000000000003,9.215499999999999,-0.017,306.182,0.1,2.8095,9.206,-0.089,306.193,0.1,2.778,9.23,-0.1115,306.201,0.1,2.747,9.2675,-0.08,306.212,0.1,2.765,9.279,-0.026000000000000002,306.229,0.1,2.8285,9.266,0.02,306.235,0.1,2.896,9.2525,0.038,306.22,0.1,2.9375,9.224,0.026500000000000003,306.209,0.1,2.951,9.176,-0.01,306.217,0.1,2.9495,9.1385,-0.0675,306.227,0.1,2.96,9.112,-0.1105,306.24,0.1,3.0125,9.0785,-0.1015,306.248,0.1,3.098,9.0505,-0.039,306.233,0.1,3.1555,9.0455,0.025500000000000002,306.199,0.1,
2.871,9.325,0.073,306.052,0.1,2.8565,9.262,0.054,306.102,0.1,2.868,9.2045,0.005,306.149,0.1,2.8865,9.167,-0.0515,306.174,0.1,2.8775,9.177,-0.079,306.171,0.1,2.8465,9.2235,-0.062,306.163,0.1,2.835,9.254,-0.008,306.178,0.1,2.865,9.254999999999999,0.047,306.197,0.1,2.9154999999999998,9.2485,0.067,306.189,0.1,2.953,9.223500000000001,0.051500000000000004,306.177,0.1,2.9604999999999997,9.1735,0.018000000000000002,306.194,0.1,2.9405,9.129999999999999,-0.037,306.222,0.1,2.9185,9.1015,-0.0865,306.254,0.1,2.9395,9.067499999999999,-0.093,306.274,0.1,3.0235000000000003,9.0435,-0.052500000000000005,306.255,0.1,3.1189999999999998,9.0545,-0.006,306.185,0.1,
2.948,9.373,0.010499999999999999,305.983,0.1,2.9314999999999998,9.3005,0.013999999999999999,306.037,0.1,2.931,9.224499999999999,-0.0005,306.102,0.1,2.9535,9.163,-0.028999999999999998,306.145,0.1,2.968,9.149000000000001,-0.055,306.143,0.1,2.952,9.179,-0.055999999999999994,306.123,0.1,2.9284999999999997,9.211500000000001,-0.0185,306.128,0.1,2.937,9.232,0.0305,306.141,0.1,2.977,9.245000000000001,0.0515,306.13,0.1,3.0140000000000002,9.223500000000001,0.0395,306.123,0.1,3.019,9.167,0.015,306.152,0.1,2.9815,9.119,-0.019,306.196,0.1,2.9175,9.091000000000001,-0.051000000000000004,306.246,0.1,2.883,9.0565,-0.068,306.292,0.1,2.933,9.037500000000001,-0.064,306.28,0.1,3.0404999999999998,9.0585,-0.055499999999999994,306.194,0.1,
2.9770000000000003,9.4175,-0.051500000000000004,305.953,0.1,2.979,9.3535,-0.0295,305.994,0.1,2.9775,9.2735,-0.012,306.057,0.1,2.9965,9.196,-0.0125,306.11,0.1,3.021,9.152000000000001,-0.035,306.121,0.1,3.0235,9.149000000000001,-0.0555,306.106,0.1,3.0125,9.1715,-0.049,306.096,0.1,3.0215,9.209499999999998,-0.0215,306.086,0.1,3.0564999999999998,9.243500000000001,-0.002,306.068,0.1,3.093,9.224499999999999,-0.0055,306.07,0.1,3.1055,9.16,-0.020499999999999997,306.109,0.1,3.068,9.1065,-0.027,306.158,0.1,2.976,9.082,-0.025,306.214,0.1,2.8855,9.058,-0.0375,306.27,0.1,2.876,9.0485,-0.0605,306.273,0.1,2.9555,9.065999999999999,-0.0895,306.205,0.1,
2.952,9.4405,-0.08299999999999999,305.969,0.1,2.984,9.402999999999999,-0.053000000000000005,305.984,0.1,2.996,9.334,-0.0115,306.027,0.1,3.01,9.251000000000001,0.0075,306.078,0.1,3.029,9.180499999999999,-0.014,306.109,0.1,3.043,9.145,-0.0535,306.111,0.1,3.0575,9.1525,-0.0805,306.087,0.1,3.083,9.196,-0.08,306.052,0.1,3.1175,9.2395,-0.0685,306.026,0.1,3.1550000000000002,9.224,-0.067,306.037,0.1,3.1835,9.156500000000001,-0.075,306.081,0.1,3.17,9.0975,-0.0595,306.126,0.1,3.0869999999999997,9.078,-0.020999999999999998,306.166,0.1,2.968,9.0735,-0.0105,306.205,0.1,2.894,9.0765,-0.0345,306.216,0.1,2.9105,9.081499999999998,-0.081,306.192,0.1,
2.9025,9.433,-0.0735,306.011,0.1,2.9565,9.428,-0.053000000000000005,305.997,0.1,2.985,9.381,-0.0035,306.013,0.1,2.998,9.305,0.026000000000000002,306.055,0.1,3.0075000000000003,9.224499999999999,0.0075,306.1,0.1,3.0229999999999997,9.1715,-0.040999999999999995,306.121,0.1,3.054,9.161999999999999,-0.0925,306.1,0.1,3.0945,9.192499999999999,-0.1175,306.058,0.1,3.1310000000000002,9.229500000000002,-0.1185,306.03,0.1,3.171,9.220500000000001,-0.121,306.042,0.1,3.222,9.159,-0.128,306.082,0.1,3.2495000000000003,9.098500000000001,-0.099,306.115,0.1,3.2055,9.082999999999998,-0.036,306.124,0.1,3.093,9.093,0.006,306.13,0.1,2.9764999999999997,9.105,0.0055,306.141,0.1,2.9245,9.1,-0.035500000000000004,306.153,0.1,
2.8579999999999997,9.4035,-0.041,306.053,0.1,2.9124999999999996,9.4205,-0.0405,306.024,0.1,2.9524999999999997,9.398,-0.0055,306.017,0.1,2.975,9.342500000000001,0.023,306.043,0.1,2.983,9.274000000000001,0.0185,306.089,0.1,2.9895,9.221499999999999,-0.0195,306.124,0.1,3.0140000000000002,9.196,-0.0765,306.125,0.1,3.0545,9.1975,-0.119,306.102,0.1,3.0940000000000003,9.2155,-0.1375,306.08,0.1,3.141,9.213000000000001,-0.1515,306.083,0.1,3.2115,9.165,-0.161,306.113,0.1,3.278,9.1095,-0.128,306.131,0.1,3.2835,9.0945,-0.055,306.108,0.1,3.2055,9.106,0.008,306.082,0.1,3.0839999999999996,9.120000000000001,0.038,306.079,0.1,2.989,9.1125,0.018,306.105,0.1,
2.8295,9.3795,-0.009999999999999998,306.086,0.1,2.8625,9.397,-0.029,306.061,0.1,2.9045,9.3895,-0.0225,306.042,0.1,2.943,9.361,-0.0045000000000000005,306.052,0.1,2.9605,9.3215,0.009,306.088,0.1,2.9585,9.2845,-0.0015,306.125,0.1,2.9625000000000004,9.247,-0.041999999999999996,306.152,0.1,2.9885,9.212,-0.089,306.162,0.1,3.0285,9.2025,-0.1235,306.153,0.1,3.0815,9.2005,-0.152,306.149,0.1,3.158,9.1675,-0.16799999999999998,306.168,0.1,3.242,9.121,-0.139,306.174,0.1,3.2875,9.105,-0.07250000000000001,306.131,0.1,3.2595,9.1105,-0.006500000000000001,306.076,0.1,3.169,9.122,0.0395,306.054,0.1,3.069,9.117,0.0435,306.071,0.1,
2.8225,9.3895,0.008,306.104,0.1,2.8209999999999997,9.388,-0.0215,306.097,0.1,2.8525,9.375499999999999,-0.041499999999999995,306.086,0.1,2.9055,9.3665,-0.039,306.086,0.1,2.9405,9.36,-0.013499999999999998,306.102,0.1,2.936,9.347999999999999,0.004,306.127,0.1,2.9165,9.306999999999999,-0.0095,306.171,0.1,2.9195,9.2395,-0.047,306.217,0.1,2.9535,9.1975,-0.091,306.232,0.1,3.009,9.186,-0.1335,306.226,0.1,3.0805,9.163,-0.1575,306.233,0.1,3.1605,9.126999999999999,-0.138,306.231,0.1,3.2264999999999997,9.1125,-0.0885,306.18,0.1,3.2474999999999996,9.113,-0.041499999999999995,306.109,0.1,3.2089999999999996,9.125,0.0015,306.063,0.1,3.135,9.124500000000001,0.0225,306.058,0.1,
2.8425000000000002,9.431000000000001,0.0115,306.098,0.1,2.805,9.403500000000001,-0.014499999999999999,306.116,0.1,2.814,9.3675,-0.0475,306.132,0.1,2.871,9.3605,-0.056999999999999995,306.134,0.1,2.9215,9.378499999999999,-0.033,306.129,0.1,2.92,9.393,-0.002,306.134,0.1,2.8810000000000002,9.3595,0.006,306.179,0.1,2.857,9.276,-0.016,306.257,0.1,2.8775,9.206,-0.0595,306.303,0.1,2.9314999999999998,9.1765,-0.1115,306.301,0.1,2.9985,9.155000000000001,-0.14350000000000002,306.295,0.1,3.067,9.129999999999999,-0.1375,306.283,0.1,3.135,9.120999999999999,-0.109,306.235,0.1,3.1915,9.1225,-0.0885,306.161,0.1,3.2065,9.14,-0.0615,306.093,0.1,3.1675,9.1455,-0.0325,306.06,0.1,
2.8455000000000004,9.468499999999999,-0.008,306.109,0.1,2.7805,9.4265,-0.0195,306.145,0.1,2.7645,9.363,-0.05,306.192,0.1,2.8150000000000004,9.341999999999999,-0.062,306.207,0.1,2.875,9.370000000000001,-0.0475,306.187,0.1,2.8819999999999997,9.4035,-0.0205,306.169,0.1,2.834,9.386,-0.0035,306.208,0.1,2.7855,9.309000000000001,-0.012,306.301,0.1,2.7845,9.227,-0.046,306.372,0.1,2.8305,9.176,-0.098,306.383,0.1,2.8935,9.1455,-0.1375,306.371,0.1,2.9515000000000002,9.128,-0.14200000000000002,306.353,0.1,3.012,9.129,-0.135,306.31,0.1,3.086,9.1385,-0.1375,306.24,0.1,3.144,9.1625,-0.126,306.153,0.1,3.145,9.176,-0.097,306.093,0.1,
2.7785,9.4905,-0.0725,306.184,0.1,2.7075,9.456,-0.0665,306.219,0.1,2.6765,9.3735,-0.0805,306.284,0.1,2.716,9.329,-0.08299999999999999,306.314,0.1,2.78,9.347999999999999,-0.07250000000000001,306.285,0.1,2.7984999999999998,9.3875,-0.058499999999999996,306.253,0.1,2.7535,9.3915,-0.047,306.283,0.1,2.69,9.341000000000001,-0.0455,306.372,0.1,2.6635,9.2625,-0.0595,306.452,0.1,2.6915,9.189,-0.098,306.48,0.1,2.748,9.1395,-0.1375,306.48,0.1,2.7984999999999998,9.124500000000001,-0.153,306.467,0.1,2.8475,9.138,-0.1645,306.426,0.1,2.9225,9.158000000000001,-0.183,306.354,0.1,3.0084999999999997,9.1855,-0.182,306.255,0.1,3.0564999999999998,9.2055,-0.156,306.171,0.1,
2.726,9.517,-0.1605,306.25,0.1,2.657,9.506499999999999,-0.1405,306.275,0.1,2.6065,9.417,-0.133,306.356,0.1,2.622,9.3455,-0.118,306.406,0.1,2.68,9.339500000000001,-0.1015,306.388,0.1,2.717,9.373,-0.0975,306.351,0.1,2.6935000000000002,9.399999999999999,-0.0985,306.359,0.1,2.625,9.3835,-0.0915,306.42,0.1,2.568,9.3155,-0.08299999999999999,306.497,0.1,2.568,9.2205,-0.0985,306.553,0.1,2.6145,9.148,-0.13,306.583,0.1,2.6625,9.131,-0.1545,306.577,0.1,2.7,9.154499999999999,-0.1835,306.531,0.1,2.7584999999999997,9.1815,-0.2105,306.459,0.1,2.8465,9.2085,-0.216,306.363,0.1,2.923,9.2285,-0.1985,306.276,0.1,
2.7455,9.538,-0.20350000000000001,306.262,0.1,2.6765,9.5565,-0.1795,306.276,0.1,2.5945,9.475000000000001,-0.162,306.372,0.1,2.5705,9.3865,-0.134,306.45,0.1,2.614,9.355,-0.1075,306.46,0.1,2.6745,9.375499999999999,-0.1035,306.428,0.1,2.6845,9.414,-0.1075,306.401,0.1,2.6195,9.421,-0.096,306.419,0.1,2.5315,9.366,-0.07400000000000001,306.487,0.1,2.4974999999999996,9.26,-0.074,306.576,0.1,2.5309999999999997,9.1695,-0.0955,306.643,0.1,2.5785,9.1455,-0.122,306.643,0.1,2.606,9.1695,-0.163,306.588,0.1,2.64,9.1985,-0.199,306.519,0.1,2.7065,9.224,-0.216,306.445,0.1,2.7815000000000003,9.241499999999998,-0.2175,306.383,0.1,
2.7605,9.5205,-0.179,306.288,0.1,2.7005,9.5655,-0.1635,306.288,0.1,2.606,9.5105,-0.1525,306.375,0.1,2.557,9.4265,-0.118,306.461,0.1,2.5845000000000002,9.382000000000001,-0.0825,306.493,0.1,2.6515,9.3865,-0.0715,306.473,0.1,2.6790000000000003,9.4155,-0.0695,306.435,0.1,2.6195000000000004,9.427,-0.054000000000000006,306.423,0.1,2.516,9.3875,-0.03,306.474,0.1,2.4575,9.2895,-0.025500000000000002,306.579,0.1,2.4720000000000004,9.1935,-0.037,306.672,0.1,2.5085,9.1585,-0.057,306.683,0.1,2.5244999999999997,9.1715,-0.104,306.631,0.1,2.5385,9.197,-0.1515,306.574,0.1,2.5845000000000002,9.2235,-0.184,306.528,0.1,2.6565,9.2465,-0.21,306.49,0.1,
2.7504999999999997,9.499,-0.13,306.338,0.1,2.7165,9.556,-0.1325,306.316,0.1,2.637,9.519,-0.13,306.371,0.1,2.585,9.443,-0.0865,306.445,0.1,2.5985,9.396,-0.0395,306.482,0.1,2.65,9.392,-0.024,306.479,0.1,2.6734999999999998,9.411,-0.020999999999999998,306.451,0.1,2.6245000000000003,9.42,-0.0095,306.429,0.1,2.5300000000000002,9.389,0.01,306.46,0.1,2.4610000000000003,9.3,0.019,306.559,0.1,2.4485,9.205,0.022,306.662,0.1,2.46,9.164,0.0125,306.686,0.1,2.4619999999999997,9.169,-0.0335,306.653,0.1,2.465,9.191,-0.086,306.621,0.1,2.5010000000000003,9.219,-0.1315,306.6,0.1,2.576,9.248,-0.175,306.568,0.1,
2.215,8.8065,0.0985,306.569,0.1,2.2359999999999998,8.762,0.0605,306.599,0.1,2.272,8.7285,-0.014499999999999999,306.614,0.1,2.2699999999999996,8.7235,-0.08499999999999999,306.617,0.1,2.2145,8.754000000000001,-0.10250000000000001,306.625,0.1,2.17,8.7805,-0.0695,306.647,0.1,2.2045,8.77,-0.020999999999999998,306.676,0.1,2.3025,8.7485,0.018000000000000002,306.681,0.1,2.395,8.747,0.0335,306.65,0.1,2.4395,8.7345,0.0225,306.624,0.1,2.4385,8.691,-0.0125,306.623,0.1,2.416,8.6525,-0.0685,306.63,0.1,2.4130000000000003,8.623,-0.1105,306.646,0.1,2.4665,8.596,-0.104,306.654,0.1,2.5614999999999997,8.59,-0.0465,306.633,0.1,2.6235,8.6055,0.018,306.596,0.1,
2.299,8.8315,0.073,306.483,0.1,2.3,8.7775,0.0555,306.538,0.1,2.329,8.716999999999999,0.005,306.587,0.1,2.3470000000000004,8.677,-0.051000000000000004,306.606,0.1,2.3165,8.693000000000001,-0.07350000000000001,306.596,0.1,2.2695,8.74,-0.052000000000000005,306.59,0.1,2.2714999999999996,8.756499999999999,-0.001,306.62,0.1,2.335,8.744,0.048,306.645,0.1,2.409,8.741499999999998,0.0645,306.623,0.1,2.447,8.73,0.049,306.593,0.1,2.4385000000000003,8.684000000000001,0.017,306.602,0.1,2.398,8.637,-0.035500000000000004,306.629,0.1,2.365,8.6015,-0.083,306.667,0.1,2.3895,8.5675,-0.093,306.692,0.1,2.4855,8.5625,-0.058499999999999996,306.664,0.1,2.5895,8.599,-0.015,306.58,0.1,
2.3805,8.8645,0.006500000000000001,306.41,0.1,2.37,8.812000000000001,0.0115,306.469,0.1,2.3795,8.736,-0.0035,306.543,0.1,2.4059999999999997,8.6665,-0.032,306.588,0.1,2.411,8.6555,-0.054,306.574,0.1,2.385,8.6965,-0.05,306.547,0.1,2.3705,8.725,-0.0125,306.563,0.1,2.4050000000000002,8.7285,0.0325,306.585,0.1,2.4655,8.736,0.05,306.565,0.1,2.5015,8.724,0.0375,306.539,0.1,2.4895,8.6755,0.015,306.56,0.1,2.4325,8.628,-0.0155,306.604,0.1,2.3575,8.5915,-0.0445,306.663,0.1,2.3265000000000002,8.549,-0.0625,306.72,0.1,2.3905,8.540500000000002,-0.065,306.701,0.1,2.511,8.587,-0.063,306.594,0.1,
2.412,8.8925,-0.057999999999999996,306.385,0.1,2.412,8.8545,-0.036000000000000004,306.425,0.1,2.412,8.7805,-0.018000000000000002,306.5,0.1,2.4375,8.695,-0.0175,306.562,0.1,2.466,8.651,-0.037,306.564,0.1,2.468,8.6625,-0.0545,306.534,0.1,2.4619999999999997,8.689,-0.047,306.525,0.1,2.4875,8.710999999999999,-0.021,306.524,0.1,2.54,8.7325,-0.0035,306.5,0.1,2.5785,8.718499999999999,-0.008,306.487,0.1,2.576,8.667,-0.022,306.517,0.1,2.518,8.621500000000001,-0.024,306.566,0.1,2.4105,8.591999999999999,-0.0165,306.631,0.1,2.319,8.5535,-0.027,306.701,0.1,2.3245,8.5445,-0.055,306.699,0.1,2.423,8.5825,-0.092,306.616,0.1,
2.3855,8.901,-0.089,306.415,0.1,2.4124999999999996,8.89,-0.061,306.42,0.1,2.4195,8.834,-0.0185,306.47,0.1,2.439,8.746500000000001,0.0025,306.535,0.1,2.471,8.674,-0.018000000000000002,306.565,0.1,2.4939999999999998,8.6495,-0.0565,306.551,0.1,2.5125,8.664000000000001,-0.0835,306.519,0.1,2.548,8.697,-0.083,306.485,0.1,2.5975,8.7275,-0.07050000000000001,306.458,0.1,2.6405000000000003,8.713000000000001,-0.07050000000000001,306.46,0.1,2.659,8.659500000000001,-0.0795,306.495,0.1,2.6245000000000003,8.614,-0.0605,306.536,0.1,2.5195,8.596,-0.014499999999999999,306.578,0.1,2.393,8.576,0.002,306.627,0.1,2.333,8.5725,-0.0245,306.642,0.1,2.3715,8.5915,-0.078,306.611,0.1,
2.3295,8.883,-0.0765,306.471,0.1,2.3795,8.901499999999999,-0.058499999999999996,306.444,0.1,2.401,8.872,-0.01,306.459,0.1,2.418,8.7975,0.02,306.514,0.1,2.4429999999999996,8.714,0.0025,306.566,0.1,2.472,8.665,-0.0465,306.577,0.1,2.5090000000000003,8.66,-0.099,306.543,0.1,2.558,8.687000000000001,-0.123,306.496,0.1,2.6094999999999997,8.717,-0.122,306.468,0.1,2.658,8.7055,-0.1255,306.475,0.1,2.7015000000000002,8.654,-0.135,306.507,0.1,2.708,8.6075,-0.105,306.532,0.1,2.6384999999999996,8.600000000000001,-0.0345,306.532,0.1,2.513,8.6,0.0155,306.542,0.1,2.4059999999999997,8.603,0.0175,306.56,0.1,2.375,8.6055,-0.028499999999999998,306.576,0.1,
2.2795,8.845,-0.041,306.521,0.1,2.332,8.881499999999999,-0.043,306.48,0.1,2.3655,8.878,-0.01,306.466,0.1,2.3890000000000002,8.8305,0.017,306.502,0.1,2.409,8.7605,0.0115,306.56,0.1,2.4295,8.706,-0.0265,306.592,0.1,2.4645,8.679,-0.08349999999999999,306.585,0.1,2.516,8.681999999999999,-0.1255,306.556,0.1,2.5695,8.701,-0.14150000000000001,306.532,0.1,2.6235,8.694500000000001,-0.1565,306.532,0.1,2.686,8.6495,-0.16999999999999998,306.554,0.1,2.732,8.603000000000002,-0.1385,306.561,0.1,2.7140000000000004,8.600999999999999,-0.06,306.521,0.1,2.6235,8.6115,0.0125,306.488,0.1,2.5075000000000003,8.6175,0.0475,306.493,0.1,2.428,8.61,0.026000000000000002,306.527,0.1,
2.247,8.8125,-0.008,306.557,0.1,2.279,8.846,-0.029,306.522,0.1,2.315,8.857,-0.026000000000000002,306.496,0.1,2.3520000000000003,8.841999999999999,-0.0115,306.511,0.1,2.375,8.8055,0.001,306.559,0.1,2.3855,8.7645,-0.0085,306.602,0.1,2.406,8.719000000000001,-0.048,306.629,0.1,2.4480000000000004,8.686,-0.0945,306.635,0.1,2.499,8.683,-0.1285,306.623,0.1,2.5525,8.679,-0.1575,306.614,0.1,2.6174999999999997,8.6415,-0.1765,306.626,0.1,2.6835,8.597000000000001,-0.1495,306.622,0.1,2.7110000000000003,8.5955,-0.0805,306.558,0.1,2.6725000000000003,8.608,-0.008,306.486,0.1,2.585,8.6135,0.044,306.466,0.1,2.4955,8.6005,0.0495,306.492,0.1,
2.2325,8.8165,0.009,306.576,0.1,2.234,8.826,-0.0205,306.562,0.1,2.2605,8.8305,-0.0445,306.546,0.1,2.309,8.8385,-0.0465,306.547,0.1,2.3440000000000003,8.842500000000001,-0.0225,306.573,0.1,2.3495,8.8285,-0.0025,306.609,0.1,2.351,8.774999999999999,-0.0135,306.661,0.1,2.375,8.705,-0.051500000000000004,306.708,0.1,2.4175,8.671,-0.097,306.717,0.1,2.466,8.661,-0.14,306.705,0.1,2.5225,8.629999999999999,-0.165,306.709,0.1,2.5869999999999997,8.591000000000001,-0.147,306.699,0.1,2.6390000000000002,8.588999999999999,-0.0975,306.627,0.1,2.6515,8.6,-0.0485,306.532,0.1,2.6155,8.606,-0.0005,306.48,0.1,2.5505,8.590499999999999,0.025,306.48,0.1,
2.2385,8.857,0.009,306.573,0.1,2.2104999999999997,8.8335,-0.014499999999999999,306.585,0.1,2.2184999999999997,8.812000000000001,-0.05,306.598,0.1,2.2705,8.823,-0.0645,306.601,0.1,2.316,8.8585,-0.042499999999999996,306.6,0.1,2.3200000000000003,8.876999999999999,-0.008,306.615,0.1,2.3034999999999997,8.829999999999998,0.003,306.676,0.1,2.3045,8.736,-0.020499999999999997,306.761,0.1,2.333,8.6715,-0.0665,306.799,0.1,2.3765,8.6475,-0.1195,306.791,0.1,2.4265,8.6205,-0.1515,306.783,0.1,2.481,8.59,-0.1455,306.767,0.1,2.5365,8.589500000000001,-0.119,306.699,0.1,2.5825,8.599499999999999,-0.1,306.6,0.1,2.5965,8.6085,-0.07050000000000001,306.519,0.1,2.568,8.593,-0.035500000000000004,306.49,0.1,
2.215,8.899,-0.013000000000000001,306.594,0.1,2.168,8.8525,-0.0215,306.627,0.1,2.1595,8.7995,-0.0535,306.672,0.1,2.21,8.7955,-0.07,306.686,0.1,2.2635,8.844000000000001,-0.056999999999999995,306.666,0.1,2.269,8.8905,-0.027,306.654,0.1,2.2385,8.8625,-0.006500000000000001,306.711,0.1,2.218,8.7675,-0.0155,306.816,0.1,2.2300000000000004,8.684000000000001,-0.052500000000000005,306.882,0.1,2.266,8.643,-0.1055,306.884,0.1,2.3099999999999996,8.6135,-0.1455,306.872,0.1,2.3514999999999997,8.59,-0.15,306.855,0.1,2.3965,8.594000000000001,-0.14500000000000002,306.795,0.1,2.4545000000000003,8.605,-0.1515,306.699,0.1,2.5075000000000003,8.617,-0.14,306.599,0.1,2.5225,8.6055,-0.10500000000000001,306.542,0.1,
2.1185,8.928999999999998,-0.0765,306.689,0.1,2.0715,8.881499999999999,-0.0665,306.723,0.1,2.0555,8.8045,-0.0815,306.787,0.1,2.1025,8.7735,-0.0885,306.814,0.1,2.1635,8.8145,-0.081,306.78,0.1,2.1755,8.874500000000001,-0.0645,306.749,0.1,2.1385,8.874,-0.0485,306.795,0.1,2.1005000000000003,8.801,-0.045,306.9,0.1,2.0940000000000003,8.713000000000001,-0.061,306.978,0.1,2.117,8.6515,-0.10200000000000001,306.997,0.1,2.15,8.61,-0.1435,306.997,0.1,2.1765,8.5905,-0.159,306.987,0.1,2.2055,8.6015,-0.17149999999999999,306.933,0.1,2.262,8.615,-0.1945,306.841,0.1,2.3415,8.626000000000001,-0.1955,306.732,0.1,2.4055,8.620999999999999,-0.166,306.651,0.1,
2.0355,8.965,-0.161,306.77,0.1,1.992,8.9345,-0.137,306.799,0.1,1.9645000000000001,8.844,-0.1295,306.879,0.1,1.9980000000000002,8.782,-0.12,306.928,0.1,2.0595,8.798,-0.108,306.901,0.1,2.0865,8.857,-0.10200000000000001,306.858,0.1,2.061,8.887,-0.0975,306.876,0.1,2.0135,8.847000000000001,-0.08549999999999999,306.957,0.1,1.982,8.763,-0.0775,307.039,0.1,1.982,8.678,-0.097,307.087,0.1,2.0025,8.617999999999999,-0.1325,307.114,0.1,2.019,8.600000000000001,-0.157,307.109,0.1,2.0315000000000003,8.617999999999999,-0.186,307.055,0.1,2.0715000000000003,8.633,-0.2165,306.97,0.1,2.1535,8.6385,-0.226,306.87,0.1,2.245,8.6345,-0.209,306.788,0.1,
2.0315000000000003,8.994,-0.203,306.784,0.1,1.982,8.9875,-0.1735,306.809,0.1,1.927,8.899000000000001,-0.155,306.909,0.1,1.931,8.8165,-0.132,306.987,0.1,1.9869999999999999,8.805,-0.1105,306.989,0.1,2.0385,8.8545,-0.106,306.943,0.1,2.0395000000000003,8.903,-0.1055,306.92,0.1,1.9889999999999999,8.8895,-0.088,306.96,0.1,1.928,8.814,-0.064,307.039,0.1,1.9009999999999998,8.713000000000001,-0.068,307.121,0.1,1.9115,8.637,-0.0955,307.18,0.1,1.924,8.6165,-0.123,307.178,0.1,1.921,8.635,-0.1625,307.118,0.1,1.935,8.6475,-0.2005,307.046,0.1,1.9965000000000002,8.648,-0.222,306.974,0.1,2.0845000000000002,8.6405,-0.227,306.921,0.1,
2.033,8.981,-0.1795,306.81,0.1,1.9815,8.998999999999999,-0.157,306.825,0.1,1.9115,8.9315,-0.14350000000000002,306.922,0.1,1.8969999999999998,8.849499999999999,-0.113,307.012,0.1,1.948,8.824,-0.0825,307.034,0.1,2.0125,8.8585,-0.0725,306.996,0.1,2.0265,8.903,-0.0675,306.956,0.1,1.972,8.899999999999999,-0.046,306.965,0.1,1.8935,8.8385,-0.019,307.031,0.1,1.849,8.74,-0.017,307.13,0.1,1.8475000000000001,8.658999999999999,-0.034,307.212,0.1,1.8490000000000002,8.6325,-0.0565,307.219,0.1,1.8295,8.641,-0.10250000000000001,307.165,0.1,1.8205,8.6475,-0.15,307.111,0.1,1.863,8.6465,-0.1865,307.073,0.1,1.948,8.6425,-0.2165,307.046,0.1,
2.0229999999999997,8.961,-0.1305,306.863,0.1,1.984,8.991,-0.1255,306.854,0.1,1.9209999999999998,8.938,-0.1195,306.923,0.1,1.9049999999999998,8.862,-0.0785,307.005,0.1,1.9505,8.834,-0.036000000000000004,307.031,0.1,2.0085,8.86,-0.0225,307.007,0.1,2.02,8.897,-0.018500000000000003,306.973,0.1,1.968,8.895,-0.0015,306.968,0.1,1.8915,8.842,0.023,307.014,0.1,1.8415,8.75,0.032,307.109,0.1,1.824,8.67,0.03,307.2,0.1,1.8035,8.64,0.016,307.219,0.1,1.7645,8.641,-0.0295,307.186,0.1,1.741,8.644,-0.0805,307.164,0.1,1.775,8.643,-0.1285,307.155,0.1,1.8645,8.644,-0.176,307.133,0.1,
1.644,8.2975,0.101,307.083,0.1,1.6835,8.243,0.062,307.111,0.1,1.7200000000000002,8.215,-0.012,307.109,0.1,1.6985000000000001,8.223500000000001,-0.078,307.104,0.1,1.6265,8.246,-0.09,307.125,0.1,1.5845,8.248999999999999,-0.058499999999999996,307.163,0.1,1.6365,8.2235,-0.018000000000000002,307.196,0.1,1.7545000000000002,8.205,0.013000000000000001,307.192,0.1,1.8559999999999999,8.218499999999999,0.028499999999999998,307.145,0.1,1.89,8.2265,0.0205,307.098,0.1,1.866,8.1965,-0.0125,307.086,0.1,1.8275000000000001,8.1515,-0.0665,307.099,0.1,1.827,8.109,-0.1085,307.126,0.1,1.8965,8.0795,-0.106,307.138,0.1,2.0095,8.089500000000001,-0.054000000000000006,307.111,0.1,2.0805,8.126999999999999,0.0095,307.068,0.1,
1.7189999999999999,8.321,0.074,306.995,0.1,1.7435,8.258,0.056,307.052,0.1,1.782,8.199,0.0045000000000000005,307.088,0.1,1.7825,8.1725,-0.048,307.092,0.1,1.73,8.1875,-0.065,307.088,0.1,1.6815,8.218,-0.041999999999999996,307.099,0.1,1.7015,8.219,0.004,307.137,0.1,1.7865,8.2025,0.0465,307.159,0.1,1.8695,8.21,0.0615,307.122,0.1,1.8944999999999999,8.2165,0.048,307.071,0.1,1.8585,8.183499999999999,0.019000000000000003,307.067,0.1,1.798,8.129000000000001,-0.0315,307.104,0.1,1.768,8.076,-0.0785,307.162,0.1,1.816,8.0345,-0.0925,307.195,0.1,1.9409999999999998,8.043,-0.0655,307.157,0.1,2.062,8.1075,-0.025500000000000002,307.055,0.1,
1.794,8.3505,0.004,306.919,0.1,1.8050000000000002,8.292,0.009000000000000001,306.985,0.1,1.828,8.214500000000001,-0.006500000000000001,307.053,0.1,1.843,8.155999999999999,-0.033,307.082,0.1,1.8285,8.149999999999999,-0.051000000000000004,307.065,0.1,1.8005,8.1835,-0.044,307.048,0.1,1.8035,8.2,-0.008,307.073,0.1,1.859,8.193,0.032,307.096,0.1,1.9275,8.202,0.0475,307.061,0.1,1.948,8.2055,0.0365,307.015,0.1,1.9035,8.1715,0.0175,307.025,0.1,1.821,8.119,-0.0095,307.082,0.1,1.7475,8.062999999999999,-0.037000000000000005,307.17,0.1,1.7445,8.006499999999999,-0.057999999999999996,307.241,0.1,1.845,8.005500000000001,-0.068,307.213,0.1,1.9895,8.078,-0.07150000000000001,307.082,0.1,
1.8215,8.372,-0.0635,306.896,0.1,1.837,8.331,-0.041499999999999995,306.945,0.1,1.8495,8.255500000000001,-0.023,307.02,0.1,1.87,8.1785,-0.0215,307.068,0.1,1.887,8.1425,-0.0385,307.059,0.1,1.8889999999999998,8.153500000000001,-0.0535,307.032,0.1,1.8965,8.172,-0.0455,307.029,0.1,1.941,8.1815,-0.0225,307.028,0.1,2.003,8.1975,-0.006999999999999999,306.994,0.1,2.0265,8.1945,-0.009999999999999998,306.961,0.1,1.9889999999999999,8.16,-0.020499999999999997,306.98,0.1,1.901,8.1145,-0.0185,307.044,0.1,1.7915,8.067499999999999,-0.006500000000000001,307.142,0.1,1.7275,8.0115,-0.017499999999999998,307.232,0.1,1.7725,8.0015,-0.052,307.226,0.1,1.8995,8.059000000000001,-0.0965,307.12,0.1,
1.7894999999999999,8.373999999999999,-0.094,306.933,0.1,1.827,8.361,-0.068,306.948,0.1,1.8445,8.306000000000001,-0.025,306.999,0.1,1.8645,8.225999999999999,-0.0025,307.052,0.1,1.8925,8.161000000000001,-0.0215,307.07,0.1,1.9175,8.1385,-0.059,307.053,0.1,1.9465,8.148,-0.0865,307.022,0.1,1.9969999999999999,8.1705,-0.087,306.988,0.1,2.0564999999999998,8.192499999999999,-0.075,306.954,0.1,2.089,8.184000000000001,-0.0735,306.938,0.1,2.0745,8.1475,-0.081,306.96,0.1,2.0075000000000003,8.107,-0.057999999999999996,307.014,0.1,1.896,8.0775,-0.006,307.086,0.1,1.7945,8.0415,0.0135,307.156,0.1,1.775,8.030999999999999,-0.0165,307.172,0.1,1.8435,8.061499999999999,-0.077,307.127,0.1,
1.7315,8.352,-0.079,306.997,0.1,1.7879999999999998,8.368,-0.0635,306.978,0.1,1.818,8.3425,-0.0155,306.993,0.1,1.837,8.275500000000001,0.0145,307.038,0.1,1.8615,8.1975,-0.0025,307.08,0.1,1.894,8.1475,-0.051500000000000004,307.087,0.1,1.9385,8.139,-0.105,307.052,0.1,1.9985,8.1595,-0.1295,307.005,0.1,2.0595,8.182,-0.127,306.974,0.1,2.1015,8.173,-0.13,306.965,0.1,2.116,8.135,-0.14,306.981,0.1,2.0905,8.095500000000001,-0.1075,307.014,0.1,2.012,8.0825,-0.031,307.037,0.1,1.909,8.073,0.025,307.062,0.1,1.8425,8.0695,0.027,307.085,0.1,1.842,8.0765,-0.024,307.096,0.1,
1.684,8.314,-0.0405,307.05,0.1,1.7405,8.347000000000001,-0.045,307.017,0.1,1.779,8.349,-0.0145,307.001,0.1,1.8025,8.309999999999999,0.011,307.028,0.1,1.8215,8.242999999999999,0.0045000000000000005,307.081,0.1,1.846,8.182500000000001,-0.0335,307.113,0.1,1.8875,8.149999999999999,-0.0905,307.107,0.1,1.9465,8.15,-0.1325,307.077,0.1,2.007,8.165,-0.147,307.051,0.1,2.056,8.158999999999999,-0.1615,307.039,0.1,2.0934999999999997,8.121500000000001,-0.177,307.046,0.1,2.1105,8.0805,-0.1455,307.053,0.1,2.084,8.0775,-0.063,307.026,0.1,2.0145,8.087,0.017,307.002,0.1,1.9385,8.091000000000001,0.055,307.01,0.1,1.8904999999999998,8.0855,0.0315,307.044,0.1,
1.657,8.283999999999999,-0.007,307.083,0.1,1.6925,8.314499999999999,-0.029,307.059,0.1,1.7295,8.3315,-0.0295,307.03,0.1,1.7614999999999998,8.325,-0.0185,307.037,0.1,1.781,8.2905,-0.006999999999999999,307.084,0.1,1.795,8.2395,-0.016,307.133,0.1,1.823,8.184000000000001,-0.0545,307.164,0.1,1.8704999999999998,8.149000000000001,-0.1005,307.171,0.1,1.923,8.145499999999998,-0.1335,307.156,0.1,1.9685000000000001,8.14,-0.1625,307.139,0.1,2.0105,8.1035,-0.183,307.14,0.1,2.052,8.061,-0.1575,307.132,0.1,2.074,8.061499999999999,-0.087,307.072,0.1,2.057,8.0805,-0.009999999999999998,307.002,0.1,2.0095,8.089,0.047,306.98,0.1,1.953,8.078,0.054,307.006,0.1,
1.6484999999999999,8.2895,0.008,307.099,0.1,1.6535,8.2985,-0.0195,307.095,0.1,1.6775,8.310500000000001,-0.047,307.078,0.1,1.7165,8.327,-0.053500000000000006,307.074,0.1,1.7425000000000002,8.333,-0.031,307.101,0.1,1.7505000000000002,8.307500000000001,-0.0095,307.147,0.1,1.762,8.2385,-0.0195,307.208,0.1,1.7915,8.164,-0.057499999999999996,307.256,0.1,1.83,8.131,-0.10300000000000001,307.26,0.1,1.8639999999999999,8.119,-0.145,307.244,0.1,1.8975,8.0845,-0.16999999999999998,307.241,0.1,1.943,8.043500000000002,-0.154,307.227,0.1,1.9945,8.0445,-0.106,307.154,0.1,2.029,8.0655,-0.055499999999999994,307.054,0.1,2.0300000000000002,8.077,-0.004,306.996,0.1,1.9985,8.064,0.0265,306.993,0.1,
1.6545,8.329,0.004,307.096,0.1,1.634,8.307500000000001,-0.0155,307.116,0.1,1.639,8.296,-0.0525,307.129,0.1,1.678,8.316500000000001,-0.07150000000000001,307.129,0.1,1.7095,8.3545,-0.0505,307.132,0.1,1.7120000000000002,8.3625,-0.0135,307.159,0.1,1.706,8.296,-0.002,307.232,0.1,1.7145000000000001,8.192499999999999,-0.0265,307.318,0.1,1.737,8.128,-0.07400000000000001,307.351,0.1,1.7610000000000001,8.104,-0.1255,307.338,0.1,1.787,8.073,-0.157,307.329,0.1,1.827,8.0365,-0.152,307.311,0.1,1.8855,8.036999999999999,-0.1285,307.239,0.1,1.951,8.0545,-0.1115,307.131,0.1,1.997,8.068999999999999,-0.08,307.043,0.1,2.0010000000000003,8.0565,-0.039,307.009,0.1,
1.6225,8.37,-0.0205,307.129,0.1,1.5905,8.325,-0.0245,307.164,0.1,1.5805,8.2845,-0.056,307.207,0.1,1.6155,8.2905,-0.077,307.219,0.1,1.6515,8.343,-0.0645,307.203,0.1,1.6515,8.381,-0.032,307.203,0.1,1.6285,8.332,-0.010499999999999999,307.274,0.1,1.616,8.2225,-0.020999999999999998,307.383,0.1,1.6235,8.1375,-0.0595,307.442,0.1,1.639,8.099,-0.112,307.439,0.1,1.657,8.068000000000001,-0.1515,307.427,0.1,1.685,8.035499999999999,-0.157,307.412,0.1,1.7349999999999999,8.035499999999999,-0.1545,307.347,0.1,1.811,8.048,-0.1645,307.244,0.1,1.8904999999999998,8.062999999999999,-0.1535,307.137,0.1,1.9344999999999999,8.055,-0.113,307.075,0.1,
1.505,8.4025,-0.08299999999999999,307.246,0.1,1.4815,8.3525,-0.0685,307.278,0.1,1.471,8.288499999999999,-0.083,307.334,0.1,1.5055,8.2685,-0.0935,307.357,0.1,1.5465,8.314,-0.088,307.325,0.1,1.546,8.3675,-0.069,307.304,0.1,1.5110000000000001,8.347000000000001,-0.05,307.367,0.1,1.482,8.255500000000001,-0.046,307.478,0.1,1.475,8.1645,-0.0635,307.55,0.1,1.478,8.1085,-0.105,307.561,0.1,1.482,8.068000000000001,-0.147,307.561,0.1,1.492,8.036999999999999,-0.1635,307.556,0.1,1.5265,8.038,-0.1785,307.501,0.1,1.6015,8.0455,-0.20500000000000002,307.405,0.1,1.7045,8.056000000000001,-0.20800000000000002,307.291,0.1,1.7934999999999999,8.0545,-0.176,307.203,0.1,
1.398,8.445,-0.1635,307.348,0.1,1.3835,8.407,-0.1355,307.374,0.1,1.3679999999999999,8.328,-0.1275,307.441,0.1,1.3944999999999999,8.2775,-0.122,307.48,0.1,1.438,8.2975,-0.113,307.452,0.1,1.448,8.3515,-0.1055,307.418,0.1,1.4184999999999999,8.364,-0.096,307.454,0.1,1.3795000000000002,8.3045,-0.081,307.544,0.1,1.3515000000000001,8.215,-0.073,307.621,0.1,1.3335,8.137,-0.0945,307.658,0.1,1.3210000000000002,8.079,-0.132,307.682,0.1,1.3170000000000002,8.048,-0.158,307.684,0.1,1.3345,8.051,-0.188,307.634,0.1,1.3944999999999999,8.053,-0.2215,307.551,0.1,1.499,8.054,-0.2355,307.45,0.1,1.611,8.053,-0.2195,307.359,0.1,
1.3719999999999999,8.484,-0.20350000000000001,307.374,0.1,1.35,8.4655,-0.17,307.4,0.1,1.313,8.385000000000002,-0.1495,307.484,0.1,1.318,8.312999999999999,-0.131,307.548,0.1,1.3605,8.305,-0.114,307.546,0.1,1.395,8.35,-0.108,307.508,0.1,1.3885,8.3845,-0.10200000000000001,307.5,0.1,1.345,8.3525,-0.08,307.551,0.1,1.2905,8.2685,-0.055499999999999994,307.627,0.1,1.2469999999999999,8.1735,-0.062,307.696,0.1,1.2225000000000001,8.099499999999999,-0.093,307.748,0.1,1.211,8.067499999999999,-0.1215,307.755,0.1,1.211,8.068,-0.1615,307.705,0.1,1.2445,8.0625,-0.2015,307.639,0.1,1.3279999999999998,8.053,-0.2285,307.568,0.1,1.434,8.048,-0.2375,307.506,0.1,
1.3599999999999999,8.4825,-0.1805,307.408,0.1,1.3295,8.4855,-0.152,307.427,0.1,1.278,8.421,-0.135,307.508,0.1,1.2705,8.347999999999999,-0.1095,307.582,0.1,1.3145,8.325,-0.084,307.597,0.1,1.365,8.356,-0.074,307.564,0.1,1.37,8.3895,-0.064,307.537,0.1,1.32,8.370000000000001,-0.037500000000000006,307.558,0.1,1.2485,8.298,-0.009000000000000001,307.622,0.1,1.1905000000000001,8.2035,-0.009,307.705,0.1,1.1555,8.124500000000001,-0.0295,307.779,0.1,1.131,8.088000000000001,-0.054,307.794,0.1,1.111,8.078,-0.0995,307.754,0.1,1.1204999999999998,8.062999999999999,-0.1485,307.711,0.1,1.185,8.0475,-0.19,307.676,0.1,1.2865,8.0435,-0.2245,307.642,0.1,
1.3435000000000001,8.468,-0.131,307.464,0.1,1.3175,8.482,-0.1185,307.462,0.1,1.2705,8.43,-0.1085,307.516,0.1,1.2645,8.362,-0.07250000000000001,307.581,0.1,1.31,8.336,-0.035,307.598,0.1,1.3595000000000002,8.359,-0.022,307.577,0.1,1.362,8.386,-0.0145,307.553,0.1,1.311,8.369,0.0075,307.559,0.1,1.241,8.305,0.0345,307.602,0.1,1.182,8.216,0.043,307.682,0.1,1.1355,8.138,0.038000000000000006,307.765,0.1,1.089,8.098,0.0215,307.792,0.1,1.0445,8.081,-0.024,307.776,0.1,1.0354999999999999,8.061,-0.076,307.768,0.1,1.092,8.044,-0.128,307.763,0.1,1.198,8.043,-0.179,307.736,0.1,
1.069,7.7675,0.1035,307.665,0.1,1.1255000000000002,7.6935,0.0625,307.685,0.1,1.1505,7.6785,-0.009999999999999998,307.658,0.1,1.0985,7.708,-0.0695,307.645,0.1,1.0165,7.711,-0.07600000000000001,307.69,0.1,0.992,7.681,-0.047,307.747,0.1,1.0625,7.645,-0.016,307.777,0.1,1.1869999999999998,7.638999999999999,0.0075,307.759,0.1,1.283,7.6705,0.023,307.694,0.1,1.2959999999999998,7.703,0.0195,307.624,0.1,1.2435,7.692500000000001,-0.0115,307.597,0.1,1.1925,7.639,-0.0635,307.622,0.1,1.207,7.573,-0.106,307.669,0.1,1.3065,7.5344999999999995,-0.108,307.687,0.1,1.4449999999999998,7.555,-0.0615,307.655,0.1,1.5285,7.616,0.001,307.603,0.1,
1.131,7.797000000000001,0.0755,307.576,0.1,1.1855,7.708,0.056,307.634,0.1,1.226,7.6545000000000005,0.004,307.644,0.1,1.1955,7.655,-0.044,307.626,0.1,1.1215000000000002,7.6645,-0.055499999999999994,307.64,0.1,1.0845,7.6625,-0.032,307.677,0.1,1.127,7.646,0.008,307.72,0.1,1.2229999999999999,7.6355,0.0435,307.73,0.1,1.302,7.6579999999999995,0.057999999999999996,307.676,0.1,1.3035,7.6875,0.048,307.601,0.1,1.23,7.673,0.0225,307.583,0.1,1.1484999999999999,7.609,-0.026000000000000002,307.638,0.1,1.1345,7.5280000000000005,-0.0735,307.726,0.1,1.2235,7.4719999999999995,-0.092,307.77,0.1,1.3900000000000001,7.491,-0.07250000000000001,307.724,0.1,1.5345,7.5865,-0.036000000000000004,307.598,0.1,
1.1925,7.832000000000001,0.002,307.496,0.1,1.238,7.745,0.007,307.573,0.1,1.2755,7.6645,-0.0095,307.623,0.1,1.2654999999999998,7.6325,-0.0335,307.62,0.1,1.2245,7.6345,-0.047,307.607,0.1,1.2025000000000001,7.643,-0.038000000000000006,307.616,0.1,1.2294999999999998,7.6395,-0.004,307.65,0.1,1.3014999999999999,7.63,0.0305,307.663,0.1,1.3685,7.648,0.044,307.612,0.1,1.361,7.6715,0.036,307.543,0.1,1.2694999999999999,7.656,0.020999999999999998,307.539,0.1,1.157,7.5945,-0.0025,307.622,0.1,1.0965,7.5085,-0.029,307.754,0.1,1.141,7.4335,-0.054,307.841,0.1,1.2965,7.4375,-0.07150000000000001,307.804,0.1,1.4745,7.5385,-0.08099999999999999,307.644,0.1,
1.2075,7.856,-0.0685,307.473,0.1,1.2545,7.7875,-0.0465,307.542,0.1,1.29,7.702999999999999,-0.0275,307.607,0.1,1.2965,7.648,-0.025,307.621,0.1,1.288,7.628,-0.0395,307.601,0.1,1.2905,7.6240000000000006,-0.052,307.592,0.1,1.3205,7.6245,-0.0445,307.598,0.1,1.3845,7.625,-0.025,307.592,0.1,1.448,7.6419999999999995,-0.011,307.542,0.1,1.443,7.655,-0.012,307.486,0.1,1.3525,7.64,-0.0175,307.491,0.1,1.226,7.588,-0.0115,307.585,0.1,1.126,7.513,0.004,307.735,0.1,1.1139999999999999,7.4375,-0.0085,307.849,0.1,1.2205,7.425000000000001,-0.05,307.838,0.1,1.3845,7.5009999999999994,-0.1015,307.704,0.1,
1.1695,7.8580000000000005,-0.0985,307.513,0.1,1.2305,7.819,-0.074,307.553,0.1,1.2719999999999998,7.754,-0.031,307.601,0.1,1.2875,7.691,-0.008,307.621,0.1,1.296,7.6434999999999995,-0.025,307.617,0.1,1.318,7.612500000000001,-0.061,307.609,0.1,1.363,7.6080000000000005,-0.0895,307.587,0.1,1.432,7.62,-0.0915,307.552,0.1,1.4969999999999999,7.6365,-0.0805,307.506,0.1,1.5045000000000002,7.6395,-0.0765,307.465,0.1,1.4365,7.622999999999999,-0.081,307.468,0.1,1.3275,7.5794999999999995,-0.054,307.553,0.1,1.2229999999999999,7.526999999999999,0.0035,307.68,0.1,1.1745,7.4745,0.0245,307.777,0.1,1.2195,7.4575,-0.01,307.792,0.1,1.3245,7.495,-0.077,307.728,0.1,
1.1124999999999998,7.838,-0.081,307.579,0.1,1.1844999999999999,7.8285,-0.0685,307.588,0.1,1.2345000000000002,7.795,-0.020999999999999998,307.603,0.1,1.2534999999999998,7.741,0.0095,307.618,0.1,1.2645,7.676,-0.0075,307.636,0.1,1.2925,7.62,-0.056499999999999995,307.646,0.1,1.346,7.6005,-0.111,307.62,0.1,1.4184999999999999,7.612,-0.136,307.575,0.1,1.4849999999999999,7.6265,-0.133,307.537,0.1,1.508,7.624,-0.1345,307.504,0.1,1.475,7.6045,-0.1435,307.498,0.1,1.408,7.5645,-0.1085,307.553,0.1,1.334,7.535,-0.026500000000000003,307.625,0.1,1.2835,7.5155,0.0345,307.678,0.1,1.2845,7.508,0.035,307.702,0.1,1.3235000000000001,7.516,-0.020499999999999997,307.703,0.1,
1.0745,7.807,-0.04,307.63,0.1,1.1400000000000001,7.8165,-0.0475,307.626,0.1,1.1925,7.811999999999999,-0.0195,307.611,0.1,1.215,7.782,0.005,307.613,0.1,1.223,7.7215,-0.002,307.646,0.1,1.2429999999999999,7.6530000000000005,-0.039999999999999994,307.68,0.1,1.2875,7.6095,-0.0975,307.683,0.1,1.3505,7.6035,-0.1395,307.658,0.1,1.412,7.6114999999999995,-0.153,307.629,0.1,1.4455,7.6065000000000005,-0.1665,307.598,0.1,1.443,7.5825,-0.1825,307.582,0.1,1.423,7.542,-0.1505,307.6,0.1,1.4005,7.528,-0.0645,307.615,0.1,1.3820000000000001,7.5365,0.020999999999999998,307.611,0.1,1.3765,7.5445,0.061,307.619,0.1,1.3744999999999998,7.541,0.036500000000000005,307.647,0.1,
1.0615,7.788,-0.006500000000000001,307.657,0.1,1.103,7.7995,-0.029,307.66,0.1,1.1469999999999998,7.811999999999999,-0.033,307.633,0.1,1.1724999999999999,7.8105,-0.025500000000000002,307.622,0.1,1.1800000000000002,7.776,-0.015,307.657,0.1,1.1895,7.712,-0.024,307.71,0.1,1.217,7.6419999999999995,-0.0615,307.752,0.1,1.2610000000000001,7.6025,-0.107,307.762,0.1,1.307,7.5935,-0.139,307.744,0.1,1.3355000000000001,7.584,-0.1675,307.717,0.1,1.3445,7.5545,-0.1885,307.7,0.1,1.3565,7.5125,-0.164,307.696,0.1,1.384,7.506,-0.093,307.664,0.1,1.417,7.531000000000001,-0.012,307.61,0.1,1.4405000000000001,7.5525,0.0485,307.584,0.1,1.436,7.5495,0.057999999999999996,307.602,0.1,
1.069,7.8015,0.006,307.667,0.1,1.0785,7.8004999999999995,-0.019,307.687,0.1,1.103,7.811999999999999,-0.049,307.672,0.1,1.1284999999999998,7.83,-0.0605,307.658,0.1,1.1389999999999998,7.8305,-0.039,307.68,0.1,1.1415,7.7865,-0.0165,307.736,0.1,1.1515,7.698,-0.026000000000000002,307.807,0.1,1.1735,7.617,-0.064,307.855,0.1,1.198,7.579,-0.109,307.856,0.1,1.2105000000000001,7.561,-0.1495,307.836,0.1,1.214,7.5280000000000005,-0.174,307.823,0.1,1.238,7.484500000000001,-0.16,307.808,0.1,1.3005,7.481,-0.1135,307.752,0.1,1.383,7.511,-0.0625,307.664,0.1,1.451,7.5405,-0.008,307.601,0.1,1.4740000000000002,7.5435,0.027,307.587,0.1,
1.089,7.840999999999999,-0.002,307.662,0.1,1.0745,7.8195,-0.0165,307.699,0.1,1.073,7.814,-0.055,307.715,0.1,1.0905,7.8355,-0.078,307.711,0.1,1.1015000000000001,7.865,-0.057499999999999996,307.717,0.1,1.098,7.8495,-0.019,307.757,0.1,1.0915,7.758,-0.0075,307.84,0.1,1.091,7.645,-0.0335,307.923,0.1,1.095,7.576499999999999,-0.0815,307.951,0.1,1.092,7.547000000000001,-0.131,307.938,0.1,1.087,7.5135000000000005,-0.1615,307.925,0.1,1.1124999999999998,7.47,-0.158,307.906,0.1,1.189,7.4655000000000005,-0.1375,307.843,0.1,1.3010000000000002,7.491,-0.1225,307.743,0.1,1.408,7.523,-0.09,307.653,0.1,1.4635,7.5344999999999995,-0.042499999999999996,307.608,0.1,
1.061,7.8765,-0.030000000000000002,307.705,0.1,1.0419999999999998,7.837,-0.027999999999999997,307.747,0.1,1.0234999999999999,7.8105,-0.058499999999999996,307.788,0.1,1.0310000000000001,7.821,-0.08299999999999999,307.8,0.1,1.0394999999999999,7.8635,-0.07150000000000001,307.79,0.1,1.028,7.874499999999999,-0.036500000000000005,307.806,0.1,1.0045,7.7955000000000005,-0.015,307.89,0.1,0.9844999999999999,7.6735,-0.027,307.995,0.1,0.972,7.587,-0.0665,308.046,0.1,0.9575,7.5455000000000005,-0.1175,308.042,0.1,0.943,7.51,-0.156,308.03,0.1,0.9595,7.465999999999999,-0.163,308.018,0.1,1.0335,7.4559999999999995,-0.164,307.96,0.1,1.1575000000000002,7.471500000000001,-0.1775,307.864,0.1,1.291,7.501,-0.16649999999999998,307.758,0.1,1.3775,7.5215,-0.121,307.683,0.1,
0.931,7.905,-0.091,307.847,0.1,0.931,7.861,-0.07200000000000001,307.877,0.1,0.9165000000000001,7.818,-0.08499999999999999,307.919,0.1,0.9215,7.8075,-0.0985,307.936,0.1,0.9295,7.8415,-0.094,307.911,0.1,0.9115,7.8655,-0.073,307.91,0.1,0.8725,7.8115000000000006,-0.052,307.991,0.1,0.8374999999999999,7.7059999999999995,-0.048,308.1,0.1,0.8125,7.6165,-0.066,308.16,0.1,0.7835000000000001,7.5615000000000006,-0.107,308.165,0.1,0.7525,7.5145,-0.149,308.166,0.1,0.7525,7.4670000000000005,-0.167,308.166,0.1,0.8155,7.4505,-0.185,308.122,0.1,0.941,7.4535,-0.215,308.036,0.1,1.0935,7.475,-0.22,307.925,0.1,1.2155,7.5024999999999995,-0.186,307.82,0.1,
0.8045,7.9515,-0.167,307.975,0.1,0.821,7.916499999999999,-0.1355,307.994,0.1,0.8095,7.861,-0.1265,308.035,0.1,0.8085,7.8245000000000005,-0.124,308.059,0.1,0.816,7.832,-0.1175,308.037,0.1,0.804,7.855,-0.108,308.026,0.1,0.7685,7.8315,-0.094,308.083,0.1,0.727,7.7575,-0.0765,308.175,0.1,0.6839999999999999,7.6715,-0.069,308.236,0.1,0.631,7.5975,-0.0915,308.261,0.1,0.5785,7.531000000000001,-0.13,308.284,0.1,0.563,7.4785,-0.158,308.297,0.1,0.612,7.458,-0.1895,308.263,0.1,0.726,7.4475,-0.2265,308.193,0.1,0.8785000000000001,7.4544999999999995,-0.2445,308.093,0.1,1.0165,7.4825,-0.23049999999999998,307.981,0.1,
0.761,8.0035,-0.205,308.021,0.1,0.7735000000000001,7.983499999999999,-0.1675,308.041,0.1,0.7464999999999999,7.9245,-0.145,308.091,0.1,0.728,7.868,-0.1305,308.129,0.1,0.734,7.8475,-0.1175,308.129,0.1,0.744,7.8605,-0.11,308.116,0.1,0.732,7.859500000000001,-0.0985,308.133,0.1,0.69,7.8115,-0.07200000000000001,308.188,0.1,0.6234999999999999,7.73,-0.048,308.246,0.1,0.542,7.641,-0.056499999999999995,308.296,0.1,0.472,7.558,-0.089,308.345,0.1,0.446,7.5,-0.119,308.367,0.1,0.47750000000000004,7.473000000000001,-0.16,308.34,0.1,0.567,7.449,-0.2025,308.29,0.1,0.6970000000000001,7.4399999999999995,-0.235,308.218,0.1,0.8245,7.463,-0.248,308.134,0.1,
0.7335,8.0195,-0.1815,308.07,0.1,0.736,8.0175,-0.1475,308.086,0.1,0.698,7.971,-0.1275,308.127,0.1,0.6725000000000001,7.913,-0.1065,308.166,0.1,0.6839999999999999,7.8774999999999995,-0.086,308.18,0.1,0.71,7.875500000000001,-0.0755,308.172,0.1,0.7095,7.875500000000001,-0.06,308.171,0.1,0.6645,7.8385,-0.0285,308.198,0.1,0.5845,7.7665,0.001,308.242,0.1,0.488,7.678,-0.0015,308.302,0.1,0.404,7.5905000000000005,-0.025,308.37,0.1,0.362,7.5265,-0.0505,308.405,0.1,0.3715,7.4855,-0.096,308.393,0.1,0.435,7.447,-0.1475,308.368,0.1,0.5449999999999999,7.428,-0.1945,308.331,0.1,0.6665,7.449,-0.23349999999999999,308.276,0.1,
0.7064999999999999,8.014,-0.131,308.133,0.1,0.7084999999999999,8.022,-0.111,308.131,0.1,0.6765,7.986,-0.0975,308.145,0.1,0.6585000000000001,7.933,-0.067,308.169,0.1,0.6755,7.894,-0.035,308.182,0.1,0.702,7.884,-0.022,308.185,0.1,0.6985,7.878,-0.0095,308.186,0.1,0.654,7.843,0.017,308.197,0.1,0.5800000000000001,7.778,0.0455,308.222,0.1,0.485,7.694,0.053000000000000005,308.277,0.1,0.389,7.608,0.046,308.352,0.1,0.3225,7.541,0.028,308.402,0.1,0.3045,7.491,-0.0175,308.417,0.1,0.34650000000000003,7.445,-0.07200000000000001,308.426,0.1,0.4475,7.423,-0.1285,308.419,0.1,0.5735,7.445,-0.183,308.372,0.1,
0.494,7.237,0.105,308.246,0.1,0.567,7.1455,0.0625,308.259,0.1,0.5800000000000001,7.1425,-0.0075,308.207,0.1,0.499,7.1915,-0.0595,308.187,0.1,0.40800000000000003,7.176,-0.062,308.254,0.1,0.39949999999999997,7.1129999999999995,-0.036500000000000005,308.33,0.1,0.487,7.067500000000001,-0.015,308.356,0.1,0.6175,7.0735,0.002,308.325,0.1,0.708,7.1225000000000005,0.0175,308.244,0.1,0.7005,7.1785,0.018000000000000002,308.15,0.1,0.6205,7.186999999999999,-0.009,308.11,0.1,0.558,7.1259999999999994,-0.059,308.147,0.1,0.5875,7.037,-0.10300000000000001,308.212,0.1,0.7150000000000001,6.9895,-0.1095,308.235,0.1,0.877,7.0205,-0.068,308.197,0.1,0.972,7.1045,-0.0055,308.138,0.1,
0.5435,7.2725,0.0755,308.156,0.1,0.6265000000000001,7.159,0.054,308.215,0.1,0.669,7.109999999999999,0.0035,308.199,0.1,0.6080000000000001,7.1370000000000005,-0.038500000000000006,308.16,0.1,0.513,7.141,-0.045,308.192,0.1,0.487,7.1075,-0.0225,308.254,0.1,0.5505,7.0745000000000005,0.010499999999999999,308.3,0.1,0.657,7.0685,0.0395,308.3,0.1,0.732,7.106,0.0535,308.231,0.1,0.71,7.1575,0.0485,308.132,0.1,0.6015,7.1615,0.027,308.099,0.1,0.501,7.089,-0.019,308.172,0.1,0.502,6.980499999999999,-0.068,308.29,0.1,0.63,6.9115,-0.093,308.344,0.1,0.8365,6.939500000000001,-0.0795,308.288,0.1,1.0025,7.066,-0.0445,308.14,0.1,
0.591,7.313,-0.0005,308.073,0.1,0.6695,7.199,0.003,308.16,0.1,0.722,7.115,-0.013,308.192,0.1,0.6885,7.109,-0.033,308.159,0.1,0.621,7.119,-0.041499999999999995,308.15,0.1,0.604,7.1035,-0.032,308.183,0.1,0.6539999999999999,7.08,-0.002,308.225,0.1,0.742,7.0675,0.0275,308.23,0.1,0.8069999999999999,7.0945,0.0395,308.163,0.1,0.7725,7.138,0.0365,308.072,0.1,0.6365000000000001,7.1405,0.0275,308.055,0.1,0.49450000000000005,7.07,0.006999999999999999,308.163,0.1,0.4465,6.9555,-0.021,308.336,0.1,0.537,6.8629999999999995,-0.0525,308.439,0.1,0.744,6.8715,-0.0765,308.392,0.1,0.9535,7.0,-0.089,308.204,0.1,
0.5940000000000001,7.3395,-0.0725,308.05,0.1,0.671,7.244,-0.052500000000000005,308.137,0.1,0.7284999999999999,7.1515,-0.0335,308.193,0.1,0.722,7.118,-0.028,308.173,0.1,0.6890000000000001,7.1135,-0.039,308.142,0.1,0.6910000000000001,7.0954999999999995,-0.05,308.151,0.1,0.742,7.077500000000001,-0.045,308.167,0.1,0.8255,7.0695,-0.028499999999999998,308.155,0.1,0.891,7.0875,-0.016,308.091,0.1,0.8580000000000001,7.117,-0.013,308.011,0.1,0.716,7.121,-0.0115,308.002,0.1,0.5525,7.0625,-0.0015,308.126,0.1,0.46199999999999997,6.9605,0.013999999999999999,308.327,0.1,0.5,6.865,-0.003,308.464,0.1,0.665,6.851,-0.051500000000000004,308.447,0.1,0.863,6.9445,-0.106,308.286,0.1,
0.5495,7.3420000000000005,-0.10200000000000001,308.093,0.1,0.6325000000000001,7.276999999999999,-0.0805,308.157,0.1,0.698,7.203,-0.038000000000000006,308.202,0.1,0.71,7.157,-0.0135,308.189,0.1,0.6995,7.125,-0.028,308.164,0.1,0.718,7.0875,-0.063,308.165,0.1,0.7785,7.069,-0.093,308.152,0.1,0.866,7.0705,-0.097,308.115,0.1,0.9365,7.0815,-0.0865,308.059,0.1,0.9195,7.096,-0.0795,307.992,0.1,0.7995,7.0995,-0.0775,307.978,0.1,0.649,7.053,-0.046,308.091,0.1,0.5509999999999999,6.9785,0.0125,308.271,0.1,0.5545,6.909,0.0315,308.396,0.1,0.6615,6.8855,-0.008,308.41,0.1,0.8005,6.9305,-0.078,308.328,0.1,
0.493,7.324,-0.082,308.161,0.1,0.5800000000000001,7.2895,-0.074,308.198,0.1,0.65,7.2485,-0.028,308.213,0.1,0.669,7.207000000000001,0.004,308.198,0.1,0.667,7.154,-0.012,308.193,0.1,0.6910000000000001,7.093,-0.061,308.205,0.1,0.753,7.0625,-0.11649999999999999,308.188,0.1,0.837,7.066000000000001,-0.14200000000000002,308.145,0.1,0.9095,7.0725,-0.14,308.101,0.1,0.915,7.0765,-0.139,308.044,0.1,0.8345,7.0745000000000005,-0.1435,308.015,0.1,0.726,7.0344999999999995,-0.10500000000000001,308.091,0.1,0.657,6.989000000000001,-0.020999999999999998,308.213,0.1,0.658,6.9605,0.04,308.292,0.1,0.7245,6.9475,0.0375,308.318,0.1,0.8009999999999999,6.9575,-0.0195,308.308,0.1,
0.46399999999999997,7.3,-0.039,308.21,0.1,0.5385,7.2855,-0.051000000000000004,308.234,0.1,0.605,7.276,-0.025,308.22,0.1,0.6265000000000001,7.254,-0.001,308.197,0.1,0.6234999999999999,7.2005,-0.0075,308.21,0.1,0.6385000000000001,7.1240000000000006,-0.0465,308.247,0.1,0.6855,7.0695,-0.10400000000000001,308.259,0.1,0.7525,7.0575,-0.1455,308.238,0.1,0.8155,7.0585,-0.159,308.205,0.1,0.8345,7.055,-0.17099999999999999,308.156,0.1,0.7929999999999999,7.0440000000000005,-0.1845,308.118,0.1,0.7364999999999999,7.005,-0.1515,308.147,0.1,0.7175,6.98,-0.0645,308.201,0.1,0.749,6.9879999999999995,0.022,308.218,0.1,0.813,6.9985,0.0625,308.228,0.1,0.856,6.9975000000000005,0.0385,308.248,0.1,
0.4655,7.291499999999999,-0.006,308.231,0.1,0.5125,7.284,-0.0305,308.261,0.1,0.5635,7.293,-0.037500000000000006,308.235,0.1,0.5825,7.295999999999999,-0.032,308.206,0.1,0.578,7.2615,-0.0225,308.229,0.1,0.5825,7.1845,-0.0315,308.288,0.1,0.6094999999999999,7.1005,-0.0685,308.339,0.1,0.6505000000000001,7.0555,-0.1125,308.352,0.1,0.6905,7.0405,-0.144,308.333,0.1,0.7024999999999999,7.029,-0.17149999999999999,308.295,0.1,0.6785,7.007,-0.1905,308.261,0.1,0.662,6.965,-0.1665,308.259,0.1,0.6955,6.9525,-0.0975,308.255,0.1,0.7769999999999999,6.9830000000000005,-0.0155,308.216,0.1,0.8705,7.016500000000001,0.0465,308.187,0.1,0.9175,7.021,0.0595,308.198,0.1,
0.488,7.313,0.0035,308.235,0.1,0.5025,7.3025,-0.020499999999999997,308.279,0.1,0.527,7.3134999999999994,-0.052500000000000005,308.266,0.1,0.539,7.333,-0.0665,308.241,0.1,0.534,7.327500000000001,-0.046,308.259,0.1,0.531,7.265000000000001,-0.0235,308.324,0.1,0.54,7.157,-0.0325,308.405,0.1,0.5549999999999999,7.07,-0.0695,308.453,0.1,0.566,7.026999999999999,-0.114,308.451,0.1,0.5569999999999999,7.004,-0.1535,308.427,0.1,0.5305,6.9725,-0.1755,308.405,0.1,0.534,6.927,-0.163,308.388,0.1,0.6075,6.92,-0.12,308.349,0.1,0.7365,6.958,-0.07,308.272,0.1,0.871,7.0045,-0.013500000000000002,308.205,0.1,0.9485,7.0235,0.026000000000000002,308.18,0.1,
0.5225,7.353,-0.009,308.227,0.1,0.5145,7.332,-0.0195,308.282,0.1,0.507,7.3325,-0.057999999999999996,308.301,0.1,0.503,7.355,-0.083,308.293,0.1,0.4925,7.3745,-0.063,308.301,0.1,0.482,7.336,-0.0245,308.354,0.1,0.4755,7.2195,-0.013500000000000002,308.447,0.1,0.4665,7.0975,-0.040499999999999994,308.526,0.1,0.452,7.025,-0.088,308.549,0.1,0.42300000000000004,6.99,-0.1355,308.536,0.1,0.3885,6.954000000000001,-0.1635,308.519,0.1,0.39949999999999997,6.9055,-0.162,308.5,0.1,0.49350000000000005,6.8965,-0.1465,308.446,0.1,0.651,6.9285,-0.134,308.354,0.1,0.8175,6.978,-0.1,308.261,0.1,0.9239999999999999,7.013,-0.047,308.206,0.1,
0.4985,7.3835,-0.041,308.282,0.1,0.492,7.35,-0.0335,308.331,0.1,0.46499999999999997,7.337,-0.0615,308.369,0.1,0.445,7.352,-0.087,308.38,0.1,0.426,7.383,-0.076,308.377,0.1,0.40349999999999997,7.367,-0.0405,308.409,0.1,0.379,7.2585,-0.02,308.505,0.1,0.35150000000000003,7.1245,-0.034,308.606,0.1,0.32,7.036,-0.07300000000000001,308.65,0.1,0.276,6.9925,-0.122,308.644,0.1,0.22999999999999998,6.952,-0.158,308.631,0.1,0.236,6.8985,-0.1675,308.621,0.1,0.333,6.879,-0.174,308.571,0.1,0.5035000000000001,6.896,-0.191,308.482,0.1,0.69,6.9405,-0.1795,308.377,0.1,0.8180000000000001,6.989,-0.129,308.29,0.1,
0.35550000000000004,7.4085,-0.101,308.448,0.1,0.3775,7.3705,-0.0775,308.474,0.1,0.3595,7.3469999999999995,-0.0875,308.503,0.1,0.33599999999999997,7.346,-0.1015,308.514,0.1,0.3115,7.369,-0.097,308.498,0.1,0.276,7.3629999999999995,-0.075,308.516,0.1,0.23299999999999998,7.2755,-0.054,308.613,0.1,0.192,7.156499999999999,-0.051000000000000004,308.72,0.1,0.1495,7.068,-0.069,308.769,0.1,0.0895,7.015000000000001,-0.1085,308.769,0.1,0.0245,6.962,-0.1485,308.768,0.1,0.015000000000000001,6.8985,-0.169,308.774,0.1,0.106,6.8655,-0.192,308.74,0.1,0.281,6.8629999999999995,-0.226,308.664,0.1,0.4825,6.895,-0.23249999999999998,308.556,0.1,0.6365,6.952500000000001,-0.196,308.435,0.1,
0.21000000000000002,7.458500000000001,-0.173,308.599,0.1,0.257,7.4265,-0.1385,308.611,0.1,0.2485,7.3934999999999995,-0.1265,308.629,0.1,0.2205,7.37,-0.1245,308.637,0.1,0.1925,7.3665,-0.119,308.621,0.1,0.1585,7.3575,-0.108,308.632,0.1,0.11750000000000001,7.2989999999999995,-0.092,308.711,0.1,0.07300000000000001,7.2105,-0.0735,308.803,0.1,0.015000000000000001,7.127000000000001,-0.0665,308.85,0.1,-0.072,7.0585,-0.0875,308.863,0.1,-0.163,6.9845,-0.125,308.884,0.1,-0.189,6.9094999999999995,-0.156,308.907,0.1,-0.109,6.866,-0.1915,308.889,0.1,0.057499999999999996,6.843,-0.23249999999999998,308.832,0.1,0.2565,6.8565000000000005,-0.254,308.734,0.1,0.4205,6.9135,-0.241,308.602,0.1,
0.148,7.523,-0.2085,308.666,0.1,0.195,7.5015,-0.1675,308.68,0.1,0.1775,7.464,-0.142,308.697,0.1,0.1355,7.422000000000001,-0.129,308.709,0.1,0.10600000000000001,7.3895,-0.118,308.711,0.1,0.0925,7.37,-0.11,308.723,0.1,0.075,7.334,-0.095,308.765,0.1,0.034,7.27,-0.0655,308.822,0.1,-0.0445,7.191000000000001,-0.041499999999999995,308.863,0.1,-0.1625,7.109,-0.05,308.895,0.1,-0.277,7.0169999999999995,-0.08199999999999999,308.94,0.1,-0.3175,6.933,-0.11499999999999999,308.978,0.1,-0.2545,6.878,-0.159,308.973,0.1,-0.1105,6.8355,-0.20550000000000002,308.939,0.1,0.0655,6.829000000000001,-0.243,308.866,0.1,0.21450000000000002,6.8785,-0.259,308.76,0.1,
0.1055,7.5565,-0.1835,308.729,0.1,0.1405,7.5489999999999995,-0.145,308.743,0.1,0.1165,7.521,-0.1215,308.745,0.1,0.0735,7.477,-0.1035,308.75,0.1,0.052000000000000005,7.4295,-0.0865,308.763,0.1,0.054000000000000006,7.395,-0.0755,308.78,0.1,0.048,7.361000000000001,-0.056,308.805,0.1,0.0075,7.3065,-0.020999999999999998,308.836,0.1,-0.08,7.235,0.009000000000000001,308.861,0.1,-0.214,7.1530000000000005,0.0065,308.898,0.1,-0.34650000000000003,7.0565,-0.0175,308.961,0.1,-0.406,6.9655000000000005,-0.046,309.015,0.1,-0.3675,6.893,-0.0935,309.03,0.1,-0.2505,6.8309999999999995,-0.149,309.023,0.1,-0.095,6.8100000000000005,-0.2015,308.985,0.1,0.0465,6.855,-0.2435,308.908,0.1,
0.068,7.56,-0.131,308.8,0.1,0.098,7.561,-0.105,308.798,0.1,0.0815,7.542,-0.088,308.772,0.1,0.051500000000000004,7.502,-0.0615,308.757,0.1,0.0405,7.452,-0.0345,308.765,0.1,0.0445,7.409,-0.022,308.792,0.1,0.035500000000000004,7.37,-0.0055,308.818,0.1,-0.002999999999999999,7.317,0.025,308.833,0.1,-0.0815,7.251,0.0545,308.841,0.1,-0.2115,7.173,0.063,308.871,0.1,-0.3565,7.078,0.0555,308.939,0.1,-0.4435,6.984,0.035,309.01,0.1,-0.4355,6.901,-0.0125,309.057,0.1,-0.34199999999999997,6.829,-0.07150000000000001,309.083,0.1,-0.197,6.803,-0.1325,309.074,0.1,-0.051500000000000004,6.848,-0.189,309.007,0.1,
-0.0985,6.6925,0.105,308.8,0.1,-0.052,6.632,0.0615,308.792,0.1,-0.0435,6.62,-0.004,308.759,0.1,-0.092,6.638999999999999,-0.0485,308.76,0.1,-0.1595,6.622,-0.0475,308.811,0.1,-0.1875,6.574999999999999,-0.027,308.852,0.1,-0.1495,6.541,-0.014499999999999999,308.858,0.1,-0.069,6.5415,-0.0035,308.841,0.1,0.0025000000000000005,6.571999999999999,0.0125,308.799,0.1,0.021500000000000002,6.6185,0.0165,308.737,0.1,-0.012,6.639,-0.0055,308.701,0.1,-0.0465,6.598000000000001,-0.0535,308.72,0.1,-0.018000000000000002,6.5235,-0.099,308.756,0.1,0.08199999999999999,6.487,-0.111,308.752,0.1,0.1875,6.5205,-0.0735,308.7,0.1,0.219,6.5905000000000005,-0.010499999999999999,308.635,0.1,
-0.0465,6.73,0.0745,308.717,0.1,0.011000000000000001,6.6434999999999995,0.0505,308.747,0.1,0.0435,6.593,0.003,308.744,0.1,0.010499999999999999,6.5965,-0.0315,308.73,0.1,-0.061,6.6,-0.033,308.746,0.1,-0.10550000000000001,6.5794999999999995,-0.013999999999999999,308.777,0.1,-0.0885,6.5545,0.0115,308.811,0.1,-0.0235,6.545,0.0345,308.827,0.1,0.0415,6.57,0.0485,308.791,0.1,0.0495,6.6175,0.049,308.72,0.1,-0.013499999999999998,6.6335,0.0335,308.687,0.1,-0.091,6.578,-0.010499999999999999,308.735,0.1,-0.101,6.478,-0.0625,308.816,0.1,-0.010500000000000002,6.4145,-0.095,308.842,0.1,0.137,6.4455,-0.087,308.777,0.1,0.2425,6.5595,-0.051500000000000004,308.639,0.1,
-0.0055,6.7725,-0.003,308.643,0.1,0.051500000000000004,6.6775,-0.0025,308.702,0.1,0.0935,6.5969999999999995,-0.017,308.737,0.1,0.08399999999999999,6.577,-0.031,308.723,0.1,0.0385,6.5885,-0.035,308.701,0.1,0.0055,6.5835,-0.026500000000000003,308.708,0.1,0.017499999999999998,6.567,-0.002,308.744,0.1,0.076,6.555,0.0225,308.766,0.1,0.137,6.5760000000000005,0.0345,308.725,0.1,0.13,6.6195,0.0375,308.655,0.1,0.0335,6.6345,0.036000000000000004,308.636,0.1,-0.0925,6.578,0.019,308.716,0.1,-0.158,6.4670000000000005,-0.013000000000000001,308.846,0.1,-0.10700000000000001,6.3765,-0.053,308.919,0.1,0.0425,6.3870000000000005,-0.08349999999999999,308.868,0.1,0.1885,6.503,-0.0955,308.703,0.1,
-0.0125,6.8015,-0.0755,308.628,0.1,0.046,6.7165,-0.0595,308.69,0.1,0.0955,6.6295,-0.040499999999999994,308.743,0.1,0.1095,6.5905000000000005,-0.0305,308.733,0.1,0.0965,6.589,-0.037,308.692,0.1,0.088,6.5785,-0.048,308.681,0.1,0.1115,6.568,-0.0465,308.694,0.1,0.1755,6.5649999999999995,-0.0335,308.696,0.1,0.2415,6.583,-0.0225,308.652,0.1,0.233,6.617,-0.013,308.587,0.1,0.1215,6.636,-0.003,308.576,0.1,-0.036000000000000004,6.59,0.012,308.67,0.1,-0.1475,6.4885,0.024,308.827,0.1,-0.145,6.3919999999999995,-0.0015,308.935,0.1,-0.0325,6.377,-0.056499999999999995,308.917,0.1,0.1,6.457000000000001,-0.11,308.784,0.1,
-0.0685,6.8065,-0.1045,308.672,0.1,-0.0005000000000000004,6.745,-0.088,308.719,0.1,0.0595,6.677,-0.0465,308.76,0.1,0.0865,6.6315,-0.018500000000000003,308.749,0.1,0.092,6.6015,-0.0295,308.715,0.1,0.106,6.569000000000001,-0.0645,308.701,0.1,0.15,6.5585,-0.0965,308.687,0.1,0.2265,6.568,-0.10300000000000001,308.661,0.1,0.3015,6.583,-0.094,308.618,0.1,0.3065,6.606999999999999,-0.082,308.562,0.1,0.208,6.6295,-0.07100000000000001,308.543,0.1,0.05500000000000001,6.599,-0.0335,308.625,0.1,-0.064,6.526,0.022,308.766,0.1,-0.0895,6.4510000000000005,0.0345,308.871,0.1,-0.03,6.420999999999999,-0.010499999999999999,308.887,0.1,0.043,6.4510000000000005,-0.08,308.826,0.1,
-0.1295,6.792,-0.082,308.734,0.1,-0.058,6.755,-0.08,308.764,0.1,0.006999999999999999,6.7195,-0.036000000000000004,308.775,0.1,0.036000000000000004,6.682,-0.002,308.759,0.1,0.0455,6.6285,-0.0155,308.746,0.1,0.0685,6.5705,-0.065,308.748,0.1,0.1205,6.548,-0.1215,308.731,0.1,0.198,6.559,-0.1485,308.696,0.1,0.277,6.57,-0.1475,308.658,0.1,0.3035,6.587,-0.143,308.606,0.1,0.242,6.609500000000001,-0.14,308.57,0.1,0.1295,6.595000000000001,-0.097,308.614,0.1,0.04,6.5575,-0.015,308.704,0.1,0.0155,6.519500000000001,0.041999999999999996,308.775,0.1,0.0375,6.493,0.035,308.81,0.1,0.049,6.486,-0.0205,308.813,0.1,
-0.1565,6.7735,-0.0375,308.774,0.1,-0.096,6.7509999999999994,-0.055,308.799,0.1,-0.036500000000000005,6.7465,-0.0315,308.782,0.1,-0.0135,6.7285,-0.007,308.757,0.1,-0.011,6.6715,-0.0125,308.767,0.1,0.0035000000000000005,6.595,-0.053000000000000005,308.799,0.1,0.0425,6.547499999999999,-0.11,308.81,0.1,0.10350000000000001,6.5405,-0.1505,308.79,0.1,0.174,6.544,-0.165,308.759,0.1,0.215,6.556,-0.175,308.711,0.1,0.1935,6.5745000000000005,-0.183,308.663,0.1,0.137,6.5715,-0.148,308.658,0.1,0.10200000000000001,6.564,-0.0635,308.685,0.1,0.109,6.563000000000001,0.0205,308.707,0.1,0.128,6.5545,0.0595,308.732,0.1,0.10750000000000001,6.536,0.038,308.763,0.1,
-0.1495,6.775,-0.0055,308.79,0.1,-0.11499999999999999,6.7545,-0.0335,308.823,0.1,-0.073,6.7675,-0.043,308.795,0.1,-0.0595,6.7725,-0.038000000000000006,308.764,0.1,-0.0665,6.73,-0.028999999999999998,308.789,0.1,-0.0665,6.647,-0.039,308.848,0.1,-0.0495,6.567,-0.075,308.895,0.1,-0.014499999999999999,6.526,-0.11699999999999999,308.902,0.1,0.035500000000000004,6.512499999999999,-0.1485,308.882,0.1,0.07150000000000001,6.517,-0.1745,308.842,0.1,0.0695,6.5275,-0.1895,308.795,0.1,0.0595,6.5280000000000005,-0.1655,308.757,0.1,0.08399999999999999,6.5385,-0.1005,308.729,0.1,0.1415,6.564500000000001,-0.020499999999999997,308.702,0.1,0.1885,6.5785,0.041999999999999996,308.697,0.1,0.176,6.5685,0.058499999999999996,308.719,0.1,
-0.1275,6.8134999999999994,0.0,308.794,0.1,-0.121,6.7875,-0.024,308.84,0.1,-0.10500000000000001,6.7995,-0.057499999999999996,308.823,0.1,-0.10600000000000001,6.8175,-0.07150000000000001,308.797,0.1,-0.122,6.7965,-0.052000000000000005,308.822,0.1,-0.1335,6.718999999999999,-0.0305,308.891,0.1,-0.1355,6.612,-0.03949999999999999,308.964,0.1,-0.126,6.5295000000000005,-0.075,309.0,0.1,-0.10200000000000001,6.4885,-0.118,308.996,0.1,-0.08399999999999999,6.48,-0.1565,308.967,0.1,-0.086,6.4825,-0.1745,308.925,0.1,-0.0715,6.4795,-0.163,308.873,0.1,-0.0009999999999999974,6.495,-0.126,308.814,0.1,0.10700000000000001,6.532,-0.0785,308.753,0.1,0.196,6.564,-0.021,308.713,0.1,0.2195,6.5735,0.0235,308.705,0.1,
-0.10300000000000001,6.8735,-0.017499999999999998,308.793,0.1,-0.11499999999999999,6.838,-0.0245,308.848,0.1,-0.1285,6.8365,-0.0615,308.857,0.1,-0.14750000000000002,6.852,-0.087,308.846,0.1,-0.174,6.848,-0.067,308.865,0.1,-0.1975,6.785,-0.03,308.928,0.1,-0.2165,6.6665,-0.0205,309.01,0.1,-0.2285,6.551,-0.0475,309.072,0.1,-0.2275,6.482,-0.094,309.09,0.1,-0.2275,6.4595,-0.139,309.069,0.1,-0.235,6.455,-0.163,309.027,0.1,-0.211,6.445,-0.164,308.972,0.1,-0.1175,6.452500000000001,-0.1555,308.908,0.1,0.023000000000000003,6.484,-0.14650000000000002,308.837,0.1,0.14950000000000002,6.5245,-0.1105,308.771,0.1,0.21000000000000002,6.5575,-0.053000000000000005,308.729,0.1,
-0.14500000000000002,6.9175,-0.0535,308.853,0.1,-0.15300000000000002,6.8740000000000006,-0.040499999999999994,308.899,0.1,-0.182,6.8580000000000005,-0.065,308.924,0.1,-0.21600000000000003,6.8614999999999995,-0.0895,308.927,0.1,-0.253,6.8625,-0.0775,308.938,0.1,-0.2905,6.8155,-0.0435,308.985,0.1,-0.32699999999999996,6.703,-0.026000000000000002,309.071,0.1,-0.3555,6.5785,-0.041499999999999995,309.151,0.1,-0.3705,6.4945,-0.0795,309.184,0.1,-0.3855,6.4605,-0.1255,309.167,0.1,-0.40349999999999997,6.4465,-0.158,309.127,0.1,-0.38349999999999995,6.4235,-0.17049999999999998,309.083,0.1,-0.2865,6.413,-0.184,309.033,0.1,-0.131,6.427,-0.20450000000000002,308.968,0.1,0.025,6.467499999999999,-0.1925,308.887,0.1,0.1225,6.5225,-0.1375,308.809,0.1,
-0.305,6.9445,-0.11299999999999999,309.007,0.1,-0.2885,6.9025,-0.08499999999999999,309.031,0.1,-0.3075,6.876,-0.0905,309.046,0.1,-0.34099999999999997,6.8614999999999995,-0.1025,309.05,0.1,-0.3815,6.851,-0.097,309.049,0.1,-0.4315,6.8125,-0.0755,309.086,0.1,-0.483,6.722,-0.056,309.173,0.1,-0.5225,6.615,-0.055,309.256,0.1,-0.55,6.531000000000001,-0.073,309.29,0.1,-0.5825,6.4835,-0.109,309.277,0.1,-0.619,6.4505,-0.1455,309.248,0.1,-0.6125,6.4079999999999995,-0.1695,309.227,0.1,-0.522,6.377,-0.1995,309.199,0.1,-0.36050000000000004,6.3695,-0.2375,309.148,0.1,-0.18,6.4030000000000005,-0.245,309.062,0.1,-0.042,6.4735,-0.20600000000000002,308.948,0.1,
-0.46099999999999997,6.9885,-0.1815,309.141,0.1,-0.4275,6.9565,-0.144,309.152,0.1,-0.4395,6.921,-0.1275,309.158,0.1,-0.474,6.8815,-0.124,309.161,0.1,-0.5135000000000001,6.843999999999999,-0.1175,309.163,0.1,-0.5575,6.806,-0.1065,309.194,0.1,-0.6025,6.748,-0.09,309.264,0.1,-0.6435,6.673,-0.0725,309.33,0.1,-0.6890000000000001,6.5955,-0.0655,309.359,0.1,-0.751,6.5280000000000005,-0.083,309.357,0.1,-0.8125,6.4665,-0.1175,309.35,0.1,-0.8205,6.404,-0.152,309.351,0.1,-0.74,6.356,-0.1945,309.342,0.1,-0.5855,6.327999999999999,-0.24,309.309,0.1,-0.401,6.3485,-0.2645,309.229,0.1,-0.245,6.423,-0.2515,309.106,0.1,
-0.525,7.0455000000000005,-0.214,309.197,0.1,-0.4985,7.025,-0.17099999999999999,309.209,0.1,-0.525,6.9835,-0.1405,309.216,0.1,-0.573,6.9205000000000005,-0.1265,309.227,0.1,-0.6094999999999999,6.854,-0.1165,309.248,0.1,-0.6275,6.8134999999999994,-0.1075,309.276,0.1,-0.644,6.784,-0.091,309.31,0.1,-0.6805,6.736000000000001,-0.061,309.343,0.1,-0.7505,6.6645,-0.036500000000000005,309.365,0.1,-0.8480000000000001,6.58,-0.041499999999999995,309.38,0.1,-0.9325,6.493,-0.07200000000000001,309.399,0.1,-0.9515,6.4125,-0.1095,309.419,0.1,-0.885,6.349,-0.159,309.424,0.1,-0.75,6.303,-0.2105,309.409,0.1,-0.5845,6.3085,-0.253,309.351,0.1,-0.4405,6.378,-0.2705,309.252,0.1,
-0.5685,7.0755,-0.187,309.247,0.1,-0.5585,7.068,-0.145,309.257,0.1,-0.596,7.0305,-0.11699999999999999,309.253,0.1,-0.646,6.958,-0.1,309.264,0.1,-0.6705000000000001,6.8775,-0.08549999999999999,309.298,0.1,-0.6665000000000001,6.8325,-0.0745,309.328,0.1,-0.6665000000000001,6.8134999999999994,-0.0525,309.341,0.1,-0.7030000000000001,6.7780000000000005,-0.0155,309.348,0.1,-0.7875,6.713,0.015,309.354,0.1,-0.905,6.6265,0.0155,309.375,0.1,-1.0055,6.5275,-0.007,309.416,0.1,-1.039,6.4315,-0.039999999999999994,309.456,0.1,-0.9929999999999999,6.348000000000001,-0.092,309.479,0.1,-0.881,6.2865,-0.153,309.484,0.1,-0.734,6.2815,-0.211,309.455,0.1,-0.599,6.348000000000001,-0.254,309.382,0.1,
-0.6065,7.079,-0.131,309.302,0.1,-0.607,7.079,-0.1005,309.294,0.1,-0.6405000000000001,7.047,-0.08,309.27,0.1,-0.6765,6.974,-0.056499999999999995,309.273,0.1,-0.6855,6.892,-0.034,309.306,0.1,-0.6725000000000001,6.844,-0.022,309.339,0.1,-0.6715,6.825,-0.0025,309.347,0.1,-0.7085,6.792,0.031,309.335,0.1,-0.7905,6.731,0.0615,309.325,0.1,-0.9079999999999999,6.648,0.07250000000000001,309.344,0.1,-1.0205,6.547,0.0665,309.397,0.1,-1.0775000000000001,6.444,0.043,309.457,0.1,-1.057,6.349,-0.0095,309.507,0.1,-0.9635,6.28,-0.0745,309.538,0.1,-0.8245,6.272,-0.14,309.531,0.1,-0.688,6.339,-0.197,309.466,0.1,
-0.6910000000000001,6.1475,0.104,309.354,0.1,-0.6705000000000001,6.1185,0.0605,309.326,0.1,-0.6665000000000001,6.0975,0.0005,309.31,0.1,-0.683,6.086,-0.037,309.333,0.1,-0.7264999999999999,6.0685,-0.0335,309.368,0.1,-0.7735000000000001,6.0365,-0.017499999999999998,309.374,0.1,-0.786,6.0145,-0.0135,309.36,0.1,-0.7555000000000001,6.009499999999999,-0.0085,309.358,0.1,-0.7025,6.021,0.0075,309.353,0.1,-0.6575,6.058,0.015,309.323,0.1,-0.6445000000000001,6.0905000000000005,-0.003,309.292,0.1,-0.6505000000000001,6.07,-0.0485,309.293,0.1,-0.623,6.0105,-0.0955,309.3,0.1,-0.5509999999999999,5.984500000000001,-0.113,309.269,0.1,-0.5015000000000001,6.02,-0.078,309.202,0.1,-0.5335,6.076499999999999,-0.013999999999999999,309.132,0.1,
-0.6365000000000001,6.1875,0.0725,309.278,0.1,-0.605,6.128,0.0475,309.28,0.1,-0.5825,6.0755,0.0035,309.289,0.1,-0.587,6.055999999999999,-0.0245,309.299,0.1,-0.6345000000000001,6.0595,-0.022,309.3,0.1,-0.698,6.051,-0.006,309.3,0.1,-0.728,6.035,0.012,309.321,0.1,-0.704,6.022,0.0295,309.355,0.1,-0.6495,6.0335,0.0435,309.351,0.1,-0.6114999999999999,6.0765,0.049,309.307,0.1,-0.6285000000000001,6.105499999999999,0.0395,309.274,0.1,-0.6835,6.0665,-0.002,309.298,0.1,-0.704,5.9765,-0.057499999999999996,309.342,0.1,-0.6505,5.918,-0.0975,309.34,0.1,-0.562,5.9510000000000005,-0.094,309.267,0.1,-0.5175000000000001,6.0525,-0.056999999999999995,309.138,0.1,
-0.6014999999999999,6.2325,-0.0055,309.213,0.1,-0.5665,6.1565,-0.0075,309.243,0.1,-0.535,6.078,-0.020499999999999997,309.282,0.1,-0.52,6.045,-0.028999999999999998,309.287,0.1,-0.5435,6.0585,-0.028999999999999998,309.252,0.1,-0.5925,6.063,-0.0215,309.234,0.1,-0.618,6.054,-0.002,309.264,0.1,-0.5900000000000001,6.043,0.0175,309.302,0.1,-0.5335000000000001,6.057499999999999,0.0295,309.287,0.1,-0.512,6.101000000000001,0.038,309.238,0.1,-0.569,6.129,0.044,309.218,0.1,-0.6795,6.086,0.030000000000000002,309.269,0.1,-0.762,5.979,-0.0055,309.356,0.1,-0.751,5.890000000000001,-0.054,309.4,0.1,-0.659,5.901999999999999,-0.0905,309.345,0.1,-0.5755,6.005,-0.1005,309.202,0.1,
-0.6194999999999999,6.2635,-0.079,309.206,0.1,-0.5785,6.189,-0.066,309.244,0.1,-0.537,6.1065000000000005,-0.0475,309.294,0.1,-0.503,6.063000000000001,-0.0335,309.294,0.1,-0.4965,6.0645,-0.035500000000000004,309.242,0.1,-0.5155000000000001,6.061,-0.0465,309.21,0.1,-0.519,6.058,-0.048,309.221,0.1,-0.474,6.061,-0.039,309.238,0.1,-0.4075,6.079,-0.028499999999999998,309.212,0.1,-0.3915,6.118,-0.013,309.164,0.1,-0.47300000000000003,6.151,0.004999999999999999,309.15,0.1,-0.625,6.1175,0.025,309.214,0.1,-0.757,6.016500000000001,0.033,309.326,0.1,-0.7895000000000001,5.918,-0.001,309.406,0.1,-0.7295,5.903,-0.061,309.388,0.1,-0.663,5.968500000000001,-0.113,309.281,0.1,
-0.6855,6.271,-0.107,309.251,0.1,-0.6335,6.2125,-0.095,309.282,0.1,-0.579,6.151,-0.05499999999999999,309.317,0.1,-0.536,6.106,-0.024,309.309,0.1,-0.5145,6.077999999999999,-0.0315,309.266,0.1,-0.5055000000000001,6.051,-0.0655,309.237,0.1,-0.47850000000000004,6.047499999999999,-0.0995,309.222,0.1,-0.41300000000000003,6.0655,-0.109,309.208,0.1,-0.3335,6.084,-0.101,309.177,0.1,-0.3065,6.118,-0.084,309.132,0.1,-0.3835,6.159000000000001,-0.0645,309.108,0.1,-0.5385,6.1455,-0.0215,309.159,0.1,-0.6785,6.074,0.031,309.261,0.1,-0.733,5.9925,0.0365,309.345,0.1,-0.721,5.957,-0.014,309.365,0.1,-0.715,5.971500000000001,-0.081,309.325,0.1,
-0.7515000000000001,6.26,-0.0815,309.306,0.1,-0.6950000000000001,6.2204999999999995,-0.08549999999999999,309.33,0.1,-0.6355,6.1915,-0.044,309.337,0.1,-0.5974999999999999,6.156499999999999,-0.0085,309.319,0.1,-0.5765,6.103,-0.019000000000000003,309.3,0.1,-0.5535,6.0489999999999995,-0.0685,309.291,0.1,-0.5115000000000001,6.0335,-0.1265,309.274,0.1,-0.441,6.051,-0.1545,309.246,0.1,-0.356,6.0665,-0.1545,309.215,0.1,-0.308,6.0975,-0.147,309.168,0.1,-0.35050000000000003,6.144,-0.1365,309.125,0.1,-0.468,6.156000000000001,-0.089,309.137,0.1,-0.5775,6.1265,-0.01,309.194,0.1,-0.627,6.079000000000001,0.042499999999999996,309.259,0.1,-0.65,6.0385,0.0325,309.302,0.1,-0.704,6.0155,-0.021,309.318,0.1,
-0.776,6.2465,-0.036000000000000004,309.339,0.1,-0.7304999999999999,6.2165,-0.059,309.364,0.1,-0.6779999999999999,6.2175,-0.038500000000000006,309.345,0.1,-0.653,6.202999999999999,-0.013500000000000002,309.316,0.1,-0.646,6.143,-0.018000000000000002,309.324,0.1,-0.632,6.067,-0.058499999999999996,309.351,0.1,-0.601,6.0255,-0.11549999999999999,309.361,0.1,-0.5455,6.023,-0.155,309.343,0.1,-0.46699999999999997,6.0295,-0.17049999999999998,309.313,0.1,-0.404,6.057,-0.179,309.266,0.1,-0.40549999999999997,6.105,-0.1815,309.208,0.1,-0.4625,6.138,-0.144,309.169,0.1,-0.5135000000000001,6.1475,-0.063,309.169,0.1,-0.5305,6.1385000000000005,0.018500000000000003,309.196,0.1,-0.5569999999999999,6.1105,0.056,309.236,0.1,-0.641,6.0745000000000005,0.038,309.278,0.1,
-0.765,6.2575,-0.005,309.35,0.1,-0.7424999999999999,6.225,-0.037000000000000005,309.385,0.1,-0.709,6.2415,-0.0495,309.354,0.1,-0.702,6.249499999999999,-0.044,309.322,0.1,-0.712,6.199,-0.035,309.348,0.1,-0.7155,6.109999999999999,-0.0465,309.408,0.1,-0.708,6.034,-0.0805,309.45,0.1,-0.6795,5.996499999999999,-0.1205,309.453,0.1,-0.6194999999999999,5.9845,-0.153,309.431,0.1,-0.5595,6.0045,-0.178,309.39,0.1,-0.539,6.0489999999999995,-0.188,309.328,0.1,-0.543,6.0905000000000005,-0.164,309.256,0.1,-0.528,6.1245,-0.1035,309.203,0.1,-0.4935,6.1465,-0.026000000000000002,309.188,0.1,-0.493,6.141,0.037500000000000006,309.206,0.1,-0.5655,6.115,0.058,309.241,0.1,
-0.744,6.313,-0.0035,309.353,0.1,-0.7455,6.272,-0.027999999999999997,309.402,0.1,-0.7375,6.2844999999999995,-0.063,309.38,0.1,-0.7505,6.302,-0.0765,309.352,0.1,-0.777,6.265499999999999,-0.056999999999999995,309.384,0.1,-0.798,6.1735,-0.037500000000000006,309.459,0.1,-0.8115,6.067,-0.046,309.522,0.1,-0.8069999999999999,5.989,-0.08,309.547,0.1,-0.77,5.9495000000000005,-0.1225,309.541,0.1,-0.725,5.9559999999999995,-0.1595,309.508,0.1,-0.702,5.993,-0.1735,309.445,0.1,-0.6759999999999999,6.031499999999999,-0.163,309.358,0.1,-0.609,6.071,-0.132,309.28,0.1,-0.5225,6.107,-0.087,309.234,0.1,-0.479,6.1235,-0.028,309.222,0.1,-0.5095000000000001,6.122999999999999,0.0215,309.229,0.1,
-0.729,6.3934999999999995,-0.0265,309.36,0.1,-0.744,6.344,-0.03,309.414,0.1,-0.763,6.34,-0.065,309.414,0.1,-0.7975,6.3495,-0.09,309.399,0.1,-0.841,6.321,-0.07,309.43,0.1,-0.8775,6.2345,-0.035,309.502,0.1,-0.908,6.1129999999999995,-0.0275,309.573,0.1,-0.923,6.005,-0.0545,309.618,0.1,-0.9065000000000001,5.9385,-0.1005,309.631,0.1,-0.877,5.9285,-0.143,309.602,0.1,-0.858,5.9559999999999995,-0.1635,309.534,0.1,-0.8215,5.984,-0.166,309.445,0.1,-0.7285,6.0095,-0.164,309.37,0.1,-0.6055,6.04,-0.158,309.319,0.1,-0.519,6.0705,-0.1205,309.28,0.1,-0.5035000000000001,6.102,-0.057999999999999996,309.252,0.1,
-0.788,6.4510000000000005,-0.0655,309.425,0.1,-0.798,6.3985,-0.048,309.468,0.1,-0.829,6.379,-0.0685,309.478,0.1,-0.877,6.371499999999999,-0.091,309.474,0.1,-0.9325,6.3415,-0.078,309.499,0.1,-0.9854999999999999,6.2645,-0.046,309.561,0.1,-1.033,6.1475,-0.0315,309.636,0.1,-1.0625,6.0329999999999995,-0.049,309.695,0.1,-1.0615,5.953,-0.087,309.717,0.1,-1.0465,5.9275,-0.1295,309.69,0.1,-1.037,5.9405,-0.1585,309.622,0.1,-1.0035,5.9485,-0.1735,309.546,0.1,-0.9065,5.9475,-0.1935,309.494,0.1,-0.7655,5.9585,-0.2175,309.454,0.1,-0.6399999999999999,5.994,-0.20500000000000002,309.398,0.1,-0.5735,6.056,-0.145,309.329,0.1,
-0.965,6.48,-0.124,309.567,0.1,-0.955,6.434,-0.0925,309.588,0.1,-0.975,6.4055,-0.093,309.589,0.1,-1.018,6.3765,-0.1025,309.585,0.1,-1.0745,6.333,-0.0965,309.601,0.1,-1.1385,6.2625,-0.076,309.657,0.1,-1.1985000000000001,6.1685,-0.057999999999999996,309.734,0.1,-1.2365,6.073,-0.059,309.792,0.1,-1.249,5.9945,-0.0775,309.811,0.1,-1.254,5.951499999999999,-0.1095,309.786,0.1,-1.262,5.939,-0.1425,309.729,0.1,-1.2405,5.9185,-0.1695,309.68,0.1,-1.15,5.889,-0.20600000000000002,309.658,0.1,-1.002,5.8765,-0.2485,309.632,0.1,-0.843,5.91,-0.257,309.567,0.1,-0.7210000000000001,5.994,-0.2155,309.461,0.1,
-1.1315,6.518,-0.189,309.684,0.1,-1.1115,6.486,-0.1495,309.693,0.1,-1.127,6.449,-0.1285,309.688,0.1,-1.1684999999999999,6.3925,-0.123,309.684,0.1,-1.2195,6.3215,-0.116,309.704,0.1,-1.2730000000000001,6.2545,-0.105,309.756,0.1,-1.322,6.197,-0.088,309.816,0.1,-1.3599999999999999,6.1355,-0.0715,309.857,0.1,-1.3925,6.0634999999999994,-0.0645,309.868,0.1,-1.4300000000000002,5.9975000000000005,-0.0785,309.851,0.1,-1.4620000000000002,5.9485,-0.11,309.817,0.1,-1.452,5.899,-0.148,309.795,0.1,-1.3715000000000002,5.846500000000001,-0.197,309.796,0.1,-1.2285,5.813000000000001,-0.2475,309.785,0.1,-1.0585,5.839499999999999,-0.275,309.724,0.1,-0.9105,5.9315,-0.2615,309.609,0.1,
-1.1989999999999998,6.5675,-0.219,309.728,0.1,-1.1925,6.5485,-0.174,309.738,0.1,-1.2275,6.5035,-0.139,309.735,0.1,-1.282,6.4190000000000005,-0.1235,309.744,0.1,-1.326,6.3185,-0.115,309.784,0.1,-1.3475000000000001,6.2565,-0.105,309.83,0.1,-1.3625,6.234,-0.087,309.855,0.1,-1.395,6.202999999999999,-0.056999999999999995,309.864,0.1,-1.4565000000000001,6.1370000000000005,-0.032,309.866,0.1,-1.5335,6.0504999999999995,-0.0335,309.865,0.1,-1.588,5.968,-0.0625,309.858,0.1,-1.5855000000000001,5.8919999999999995,-0.10400000000000001,309.86,0.1,-1.516,5.8195,-0.159,309.876,0.1,-1.3900000000000001,5.77,-0.216,309.879,0.1,-1.2345,5.788,-0.2625,309.835,0.1,-1.095,5.877000000000001,-0.28049999999999997,309.743,0.1,
-1.2425000000000002,6.5945,-0.1895,309.765,0.1,-1.258,6.5865,-0.1445,309.77,0.1,-1.3085,6.54,-0.1125,309.762,0.1,-1.365,6.4385,-0.096,309.778,0.1,-1.3929999999999998,6.3255,-0.0845,309.833,0.1,-1.3864999999999998,6.27,-0.0735,309.876,0.1,-1.3805,6.265499999999999,-0.0495,309.878,0.1,-1.414,6.25,-0.011,309.86,0.1,-1.496,6.191,0.020499999999999997,309.846,0.1,-1.5965,6.099,0.024,309.852,0.1,-1.665,5.9975000000000005,0.0025,309.871,0.1,-1.6724999999999999,5.8975,-0.034,309.897,0.1,-1.619,5.8025,-0.091,309.928,0.1,-1.512,5.741,-0.1575,309.946,0.1,-1.3725,5.7535,-0.2205,309.925,0.1,-1.2435,5.841,-0.2635,309.857,0.1,
-1.2805,6.598,-0.13,309.803,0.1,-1.311,6.596,-0.0955,309.791,0.1,-1.3625,6.551,-0.07250000000000001,309.769,0.1,-1.4055,6.445,-0.052000000000000005,309.788,0.1,-1.4115,6.332,-0.034,309.847,0.1,-1.389,6.28,-0.0225,309.887,0.1,-1.379,6.279,0.0,309.876,0.1,-1.415,6.267,0.036000000000000004,309.837,0.1,-1.4995,6.212,0.068,309.81,0.1,-1.6045,6.122,0.08199999999999999,309.818,0.1,-1.685,6.015,0.077,309.854,0.1,-1.7120000000000002,5.904,0.05,309.905,0.1,-1.6785,5.797,-0.0075,309.956,0.1,-1.585,5.73,-0.078,309.993,0.1,-1.4525000000000001,5.741,-0.1485,309.988,0.1,-1.325,5.83,-0.20450000000000002,309.926,0.1,
-1.272,5.6370000000000005,0.101,309.835,0.1,-1.258,5.6295,0.0595,309.796,0.1,-1.259,5.605499999999999,0.006,309.79,0.1,-1.2725,5.572,-0.025500000000000002,309.823,0.1,-1.315,5.5465,-0.020999999999999998,309.846,0.1,-1.371,5.522,-0.009,309.832,0.1,-1.401,5.509,-0.0125,309.809,0.1,-1.3895,5.509,-0.013,309.812,0.1,-1.347,5.516,0.003,309.825,0.1,-1.2970000000000002,5.5445,0.0125,309.815,0.1,-1.2694999999999999,5.57,-0.0025,309.792,0.1,-1.2654999999999998,5.55,-0.045,309.786,0.1,-1.24,5.4985,-0.0935,309.775,0.1,-1.1829999999999998,5.4855,-0.1155,309.727,0.1,-1.1629999999999998,5.531000000000001,-0.0805,309.653,0.1,-1.228,5.58,-0.0135,309.585,0.1,
-1.2120000000000002,5.6785,0.0685,309.766,0.1,-1.1905000000000001,5.6385,0.045,309.75,0.1,-1.182,5.5865,0.0055,309.764,0.1,-1.1865,5.5489999999999995,-0.017,309.786,0.1,-1.2275,5.547,-0.0125,309.779,0.1,-1.2945,5.547000000000001,0.0005,309.762,0.1,-1.3395000000000001,5.5405,0.0115,309.775,0.1,-1.334,5.534000000000001,0.024,309.813,0.1,-1.291,5.542,0.0385,309.825,0.1,-1.249,5.5760000000000005,0.0485,309.8,0.1,-1.249,5.5975,0.043,309.775,0.1,-1.2894999999999999,5.5600000000000005,0.0045000000000000005,309.784,0.1,-1.31,5.477,-0.054,309.8,0.1,-1.2734999999999999,5.4295,-0.101,309.78,0.1,-1.2205,5.471,-0.099,309.704,0.1,-1.217,5.5615000000000006,-0.058499999999999996,309.592,0.1,
-1.181,5.7215,-0.0095,309.71,0.1,-1.157,5.661,-0.012,309.719,0.1,-1.1415,5.587,-0.0225,309.756,0.1,-1.127,5.5435,-0.026500000000000003,309.771,0.1,-1.141,5.556,-0.024,309.732,0.1,-1.1895,5.57,-0.0175,309.701,0.1,-1.2265000000000001,5.5715,-0.003,309.724,0.1,-1.214,5.568,0.0125,309.766,0.1,-1.17,5.579,0.0245,309.765,0.1,-1.1465,5.6129999999999995,0.038,309.734,0.1,-1.1865,5.6355,0.0505,309.718,0.1,-1.2814999999999999,5.5945,0.0395,309.749,0.1,-1.361,5.493,0.0,309.803,0.1,-1.365,5.413,-0.056999999999999995,309.825,0.1,-1.3105,5.4315,-0.096,309.77,0.1,-1.274,5.519500000000001,-0.101,309.652,0.1,
-1.209,5.749,-0.0825,309.709,0.1,-1.1789999999999998,5.686,-0.07200000000000001,309.728,0.1,-1.1515,5.611,-0.053,309.77,0.1,-1.116,5.5655,-0.036000000000000004,309.776,0.1,-1.099,5.5695,-0.035,309.723,0.1,-1.115,5.5765,-0.046,309.681,0.1,-1.125,5.5845,-0.0505,309.686,0.1,-1.093,5.593999999999999,-0.0445,309.707,0.1,-1.0394999999999999,5.608499999999999,-0.0335,309.694,0.1,-1.0234999999999999,5.6405,-0.013,309.662,0.1,-1.0899999999999999,5.6715,0.0125,309.65,0.1,-1.2265000000000001,5.641,0.037,309.692,0.1,-1.353,5.5440000000000005,0.039999999999999994,309.77,0.1,-1.3969999999999998,5.4515,-0.0025,309.825,0.1,-1.373,5.439500000000001,-0.065,309.806,0.1,-1.356,5.4885,-0.112,309.725,0.1,
-1.2865,5.755,-0.1085,309.754,0.1,-1.2455,5.705,-0.101,309.771,0.1,-1.201,5.651999999999999,-0.063,309.798,0.1,-1.1545,5.609999999999999,-0.03,309.791,0.1,-1.1219999999999999,5.5875,-0.0345,309.746,0.1,-1.1075,5.5705,-0.0675,309.707,0.1,-1.0845,5.577,-0.10300000000000001,309.689,0.1,-1.03,5.599,-0.114,309.681,0.1,-0.9615,5.6145,-0.1065,309.662,0.1,-0.9339999999999999,5.646000000000001,-0.086,309.628,0.1,-0.9984999999999999,5.6899999999999995,-0.057999999999999996,309.604,0.1,-1.1415000000000002,5.6835,-0.0105,309.633,0.1,-1.2770000000000001,5.616,0.037500000000000006,309.705,0.1,-1.341,5.5365,0.035500000000000004,309.77,0.1,-1.361,5.4995,-0.0175,309.788,0.1,-1.4005,5.497999999999999,-0.0795,309.767,0.1,
-1.3605,5.747,-0.0805,309.805,0.1,-1.3155000000000001,5.712,-0.0905,309.82,0.1,-1.2635,5.691,-0.052000000000000005,309.821,0.1,-1.221,5.661,-0.0155,309.802,0.1,-1.19,5.6135,-0.0235,309.779,0.1,-1.1625,5.5675,-0.07200000000000001,309.762,0.1,-1.124,5.5595,-0.13,309.743,0.1,-1.0625,5.577999999999999,-0.158,309.722,0.1,-0.9844999999999999,5.5905000000000005,-0.16,309.698,0.1,-0.933,5.6245,-0.1505,309.658,0.1,-0.964,5.6805,-0.133,309.614,0.1,-1.0715,5.7059999999999995,-0.0815,309.605,0.1,-1.1775,5.6835,-0.006500000000000001,309.639,0.1,-1.236,5.635,0.04,309.694,0.1,-1.2890000000000001,5.589,0.028999999999999998,309.738,0.1,-1.385,5.551,-0.02,309.765,0.1,
-1.3875,5.7405,-0.034,309.832,0.1,-1.3535,5.7115,-0.063,309.852,0.1,-1.3085,5.717499999999999,-0.0455,309.829,0.1,-1.2814999999999999,5.708,-0.02,309.8,0.1,-1.267,5.651,-0.0235,309.802,0.1,-1.25,5.5794999999999995,-0.0635,309.822,0.1,-1.2245,5.5425,-0.119,309.83,0.1,-1.177,5.5385,-0.157,309.817,0.1,-1.1005,5.542999999999999,-0.1745,309.792,0.1,-1.0305,5.578,-0.183,309.746,0.1,-1.019,5.641,-0.1795,309.684,0.1,-1.065,5.6935,-0.14,309.628,0.1,-1.1135,5.715,-0.0635,309.611,0.1,-1.141,5.705,0.014,309.637,0.1,-1.197,5.67,0.052000000000000005,309.684,0.1,-1.3205,5.621499999999999,0.0385,309.733,0.1,
-1.376,5.7620000000000005,-0.0045000000000000005,309.838,0.1,-1.3645,5.727,-0.040999999999999995,309.869,0.1,-1.3385,5.7455,-0.056499999999999995,309.836,0.1,-1.333,5.756,-0.05,309.804,0.1,-1.3415,5.702999999999999,-0.040499999999999994,309.827,0.1,-1.3475000000000001,5.612,-0.052500000000000005,309.882,0.1,-1.347,5.538,-0.084,309.92,0.1,-1.3225,5.499499999999999,-0.1225,309.923,0.1,-1.2585000000000002,5.4879999999999995,-0.1565,309.902,0.1,-1.187,5.5175,-0.1815,309.859,0.1,-1.151,5.58,-0.1865,309.791,0.1,-1.1425,5.644,-0.162,309.703,0.1,-1.124,5.6935,-0.1065,309.639,0.1,-1.101,5.717499999999999,-0.032,309.629,0.1,-1.1305,5.7059999999999995,0.0335,309.657,0.1,-1.2395,5.6715,0.058499999999999996,309.702,0.1,
-1.3555000000000001,5.8305,-0.006999999999999999,309.839,0.1,-1.366,5.784000000000001,-0.033,309.882,0.1,-1.3650000000000002,5.795999999999999,-0.069,309.857,0.1,-1.3855,5.811999999999999,-0.0805,309.83,0.1,-1.4184999999999999,5.765499999999999,-0.06,309.863,0.1,-1.4449999999999998,5.664,-0.043,309.936,0.1,-1.464,5.5585,-0.051000000000000004,309.993,0.1,-1.4595,5.483,-0.08399999999999999,310.012,0.1,-1.4135,5.446,-0.127,310.003,0.1,-1.3525,5.462,-0.1625,309.965,0.1,-1.311,5.517,-0.1725,309.893,0.1,-1.271,5.577999999999999,-0.1625,309.792,0.1,-1.2000000000000002,5.632,-0.1375,309.708,0.1,-1.125,5.672,-0.095,309.671,0.1,-1.1099999999999999,5.685499999999999,-0.033,309.672,0.1,-1.1735,5.682,0.0215,309.69,0.1,
-1.3455,5.922,-0.035,309.847,0.1,-1.3679999999999999,5.866,-0.036500000000000005,309.894,0.1,-1.3935,5.858499999999999,-0.0695,309.887,0.1,-1.4395,5.861,-0.091,309.872,0.1,-1.4955,5.8165,-0.07,309.909,0.1,-1.5394999999999999,5.7155000000000005,-0.0385,309.983,0.1,-1.5715,5.5954999999999995,-0.034,310.045,0.1,-1.582,5.494,-0.0615,310.078,0.1,-1.553,5.4315,-0.107,310.083,0.1,-1.504,5.429,-0.1475,310.048,0.1,-1.4635,5.473000000000001,-0.1645,309.969,0.1,-1.412,5.5205,-0.168,309.868,0.1,-1.3159999999999998,5.557,-0.17149999999999999,309.791,0.1,-1.204,5.59,-0.16749999999999998,309.752,0.1,-1.142,5.6205,-0.128,309.729,0.1,-1.155,5.654999999999999,-0.06,309.711,0.1,
-1.4144999999999999,5.983499999999999,-0.076,309.907,0.1,-1.4315,5.9239999999999995,-0.055499999999999994,309.944,0.1,-1.468,5.898,-0.07100000000000001,309.946,0.1,-1.528,5.8795,-0.0895,309.94,0.1,-1.597,5.8315,-0.076,309.973,0.1,-1.656,5.739,-0.0475,310.041,0.1,-1.7015,5.625,-0.037000000000000005,310.106,0.1,-1.723,5.5184999999999995,-0.056499999999999995,310.148,0.1,-1.7080000000000002,5.443,-0.0945,310.159,0.1,-1.6720000000000002,5.423,-0.1345,310.124,0.1,-1.6395,5.45,-0.1595,310.044,0.1,-1.592,5.4735,-0.1755,309.957,0.1,-1.4929999999999999,5.478,-0.2015,309.908,0.1,-1.3615,5.4895,-0.229,309.882,0.1,-1.255,5.526999999999999,-0.215,309.842,0.1,-1.2105000000000001,5.5969999999999995,-0.15,309.783,0.1,
-1.6005,6.007,-0.1325,310.032,0.1,-1.6015000000000001,5.954,-0.099,310.049,0.1,-1.6275,5.9165,-0.0945,310.045,0.1,-1.6795,5.8759999999999994,-0.1,310.039,0.1,-1.7445,5.817,-0.094,310.065,0.1,-1.81,5.734,-0.0755,310.129,0.1,-1.865,5.643,-0.0605,310.193,0.1,-1.894,5.5545,-0.0635,310.231,0.1,-1.892,5.478999999999999,-0.082,310.238,0.1,-1.8744999999999998,5.4399999999999995,-0.111,310.205,0.1,-1.858,5.438000000000001,-0.14,310.137,0.1,-1.8225,5.429,-0.1685,310.077,0.1,-1.732,5.3985,-0.211,310.058,0.1,-1.5924999999999998,5.386,-0.258,310.047,0.1,-1.4474999999999998,5.426,-0.2675,309.998,0.1,-1.343,5.5215,-0.2225,309.904,0.1,
-1.7725,6.035,-0.194,310.131,0.1,-1.769,5.9955,-0.1535,310.14,0.1,-1.7919999999999998,5.948,-0.1285,310.132,0.1,-1.8375,5.881,-0.1195,310.129,0.1,-1.8905,5.798500000000001,-0.113,310.159,0.1,-1.9415,5.7235,-0.10250000000000001,310.216,0.1,-1.9845000000000002,5.667999999999999,-0.0865,310.263,0.1,-2.0140000000000002,5.6114999999999995,-0.071,310.284,0.1,-2.032,5.542,-0.0645,310.284,0.1,-2.0460000000000003,5.478,-0.0745,310.259,0.1,-2.053,5.436,-0.10250000000000001,310.212,0.1,-2.028,5.391500000000001,-0.1435,310.179,0.1,-1.9455,5.333500000000001,-0.199,310.184,0.1,-1.809,5.302,-0.2545,310.186,0.1,-1.65,5.340999999999999,-0.28400000000000003,310.139,0.1,-1.5175,5.446,-0.2685,310.037,0.1,
-1.846,6.0760000000000005,-0.221,310.169,0.1,-1.8585,6.0489999999999995,-0.1755,310.178,0.1,-1.9,5.9935,-0.137,310.175,0.1,-1.9540000000000002,5.8985,-0.12,310.184,0.1,-1.995,5.789,-0.112,310.23,0.1,-2.013,5.7219999999999995,-0.10250000000000001,310.279,0.1,-2.024,5.701499999999999,-0.0835,310.296,0.1,-2.0495,5.6754999999999995,-0.054,310.289,0.1,-2.097,5.6125,-0.028999999999999998,310.28,0.1,-2.1505,5.526,-0.0265,310.268,0.1,-2.1784999999999997,5.444,-0.053000000000000005,310.246,0.1,-2.158,5.366,-0.0985,310.239,0.1,-2.0825,5.287000000000001,-0.1595,310.258,0.1,-1.959,5.2435,-0.222,310.27,0.1,-1.8135,5.2775,-0.271,310.235,0.1,-1.6915,5.3795,-0.288,310.154,0.1,
-1.8929999999999998,6.098,-0.1895,310.2,0.1,-1.9264999999999999,6.083,-0.1435,310.204,0.1,-1.982,6.026,-0.108,310.196,0.1,-2.0355,5.913,-0.092,310.215,0.1,-2.0595,5.7915,-0.083,310.274,0.1,-2.05,5.7335,-0.0725,310.318,0.1,-2.0395000000000003,5.7330000000000005,-0.0475,310.312,0.1,-2.066,5.725,-0.008,310.281,0.1,-2.137,5.669,0.0245,310.256,0.1,-2.2169999999999996,5.573,0.032,310.252,0.1,-2.258,5.464,0.0115,310.258,0.1,-2.243,5.3565000000000005,-0.0295,310.274,0.1,-2.1784999999999997,5.257,-0.092,310.306,0.1,-2.0709999999999997,5.2045,-0.1635,310.326,0.1,-1.9415,5.234500000000001,-0.2295,310.309,0.1,-1.8319999999999999,5.334,-0.2705,310.249,0.1,
-1.932,6.1,-0.127,310.229,0.1,-1.98,6.092,-0.0905,310.214,0.1,-2.036,6.036,-0.066,310.197,0.1,-2.0755,5.918,-0.048,310.224,0.1,-2.0765000000000002,5.796,-0.034,310.289,0.1,-2.049,5.743,-0.024,310.326,0.1,-2.0324999999999998,5.748,0.0,310.304,0.1,-2.0625,5.745,0.038,310.252,0.1,-2.1414999999999997,5.693,0.0735,310.217,0.1,-2.2314999999999996,5.596,0.0915,310.218,0.1,-2.2845,5.478,0.0865,310.244,0.1,-2.2845,5.357,0.0545,310.285,0.1,-2.235,5.247,-0.0085,310.333,0.1,-2.1385,5.19,-0.08449999999999999,310.366,0.1,-2.0165,5.219,-0.1575,310.361,0.1,-1.9115,5.319,-0.21,310.305,0.1,
-1.8319999999999999,5.1875,0.0965,310.19,0.1,-1.7894999999999999,5.1850000000000005,0.058499999999999996,310.155,0.1,-1.7974999999999999,5.167999999999999,0.0125,310.145,0.1,-1.859,5.127,-0.014499999999999999,310.165,0.1,-1.939,5.083,-0.0095,310.183,0.1,-1.9865,5.048,-0.0015,310.179,0.1,-1.9775,5.0425,-0.0115,310.165,0.1,-1.931,5.0649999999999995,-0.0165,310.157,0.1,-1.885,5.094,-0.0015,310.149,0.1,-1.8675000000000002,5.115,0.0095,310.136,0.1,-1.881,5.1005,-0.003,310.132,0.1,-1.899,5.0440000000000005,-0.043,310.139,0.1,-1.8765,4.987,-0.0925,310.129,0.1,-1.8119999999999998,4.992,-0.118,310.082,0.1,-1.775,5.061,-0.0815,310.013,0.1,-1.8205,5.1114999999999995,-0.011,309.961,0.1,
-1.763,5.229,0.0635,310.129,0.1,-1.723,5.196,0.042499999999999996,310.109,0.1,-1.7345000000000002,5.149,0.009,310.112,0.1,-1.788,5.1015,-0.009,310.125,0.1,-1.8535,5.086,-0.004,310.122,0.1,-1.8980000000000001,5.086,0.006,310.117,0.1,-1.9015,5.093500000000001,0.011,310.13,0.1,-1.873,5.1095,0.018500000000000003,310.146,0.1,-1.8445,5.132,0.034,310.142,0.1,-1.8445,5.147,0.047,310.125,0.1,-1.8795000000000002,5.1265,0.045,310.119,0.1,-1.9220000000000002,5.061,0.0095,310.13,0.1,-1.9224999999999999,4.981,-0.052,310.14,0.1,-1.8679999999999999,4.9555,-0.105,310.119,0.1,-1.81,5.0155,-0.10300000000000001,310.052,0.1,-1.811,5.0954999999999995,-0.0575,309.966,0.1,
-1.7309999999999999,5.263,-0.0145,310.081,0.1,-1.6985000000000001,5.212,-0.016,310.08,0.1,-1.7095,5.145,-0.023,310.101,0.1,-1.7389999999999999,5.0965,-0.024,310.109,0.1,-1.7665,5.1035,-0.019999999999999997,310.082,0.1,-1.7854999999999999,5.1274999999999995,-0.014499999999999999,310.064,0.1,-1.7845,5.1455,-0.005,310.078,0.1,-1.7625,5.1594999999999995,0.007,310.097,0.1,-1.7469999999999999,5.1739999999999995,0.019999999999999997,310.091,0.1,-1.7690000000000001,5.1815,0.0385,310.074,0.1,-1.8330000000000002,5.1635,0.0555,310.072,0.1,-1.9105,5.103,0.048,310.098,0.1,-1.9500000000000002,5.0105,0.004,310.139,0.1,-1.9264999999999999,4.952999999999999,-0.0615,310.152,0.1,-1.875,4.984,-0.1005,310.104,0.1,-1.8575,5.0555,-0.099,310.015,0.1,
-1.768,5.2775,-0.086,310.081,0.1,-1.736,5.227,-0.0775,310.089,0.1,-1.7325,5.1635,-0.057499999999999996,310.114,0.1,-1.7305000000000001,5.1205,-0.0385,310.115,0.1,-1.7195,5.128500000000001,-0.035,310.076,0.1,-1.7065000000000001,5.1530000000000005,-0.046,310.043,0.1,-1.6855,5.1775,-0.0535,310.038,0.1,-1.654,5.195,-0.05,310.042,0.1,-1.6375,5.2010000000000005,-0.038,310.033,0.1,-1.666,5.2045,-0.013,310.017,0.1,-1.746,5.2005,0.0195,310.015,0.1,-1.851,5.157,0.0485,310.048,0.1,-1.9264999999999999,5.07,0.046,310.11,0.1,-1.9405000000000001,4.998,-0.0055,310.15,0.1,-1.922,4.993499999999999,-0.069,310.131,0.1,-1.9235,5.024,-0.108,310.074,0.1,
-1.858,5.275,-0.11,310.123,0.1,-1.8185,5.241,-0.107,310.129,0.1,-1.7919999999999998,5.2015,-0.07050000000000001,310.14,0.1,-1.7650000000000001,5.1675,-0.036000000000000004,310.132,0.1,-1.731,5.157,-0.0375,310.096,0.1,-1.6935,5.1605,-0.07,310.059,0.1,-1.6509999999999998,5.1805,-0.1065,310.033,0.1,-1.6059999999999999,5.1985,-0.1185,310.02,0.1,-1.576,5.1985,-0.111,310.009,0.1,-1.5875,5.205,-0.0875,309.99,0.1,-1.6564999999999999,5.223,-0.052000000000000005,309.974,0.1,-1.7614999999999998,5.2075,0.0005,309.998,0.1,-1.8455,5.147,0.042499999999999996,310.055,0.1,-1.8825,5.0845,0.0325,310.103,0.1,-1.9075,5.0545,-0.020999999999999998,310.115,0.1,-1.9565000000000001,5.0365,-0.076,310.107,0.1,
-1.9455,5.2684999999999995,-0.0795,310.171,0.1,-1.9045,5.2515,-0.0955,310.173,0.1,-1.865,5.2415,-0.06,310.165,0.1,-1.8285,5.2205,-0.0225,310.145,0.1,-1.7890000000000001,5.1884999999999994,-0.028499999999999998,310.121,0.1,-1.745,5.1625,-0.076,310.098,0.1,-1.6989999999999998,5.161,-0.1325,310.075,0.1,-1.6515,5.1675,-0.1605,310.059,0.1,-1.6055000000000001,5.1645,-0.164,310.047,0.1,-1.585,5.181,-0.1535,310.017,0.1,-1.6175000000000002,5.2195,-0.129,309.98,0.1,-1.6875,5.237,-0.07400000000000001,309.972,0.1,-1.7475,5.2185,-0.004,309.999,0.1,-1.7854999999999999,5.1845,0.036000000000000004,310.038,0.1,-1.8405,5.1485,0.025,310.072,0.1,-1.936,5.1005,-0.0175,310.105,0.1,
-1.9835,5.272,-0.032,310.196,0.1,-1.955,5.2595,-0.0665,310.2,0.1,-1.9180000000000001,5.272,-0.053000000000000005,310.173,0.1,-1.8885,5.269,-0.0265,310.143,0.1,-1.863,5.2255,-0.028499999999999998,310.138,0.1,-1.8375,5.1685,-0.0685,310.146,0.1,-1.8119999999999998,5.1315,-0.121,310.15,0.1,-1.775,5.1145,-0.1575,310.147,0.1,-1.7185,5.108499999999999,-0.178,310.132,0.1,-1.6684999999999999,5.1355,-0.1865,310.091,0.1,-1.657,5.186,-0.177,310.035,0.1,-1.6735,5.229,-0.136,309.991,0.1,-1.6844999999999999,5.2524999999999995,-0.0645,309.977,0.1,-1.6960000000000002,5.257,0.0085,309.991,0.1,-1.752,5.236000000000001,0.048,310.025,0.1,-1.869,5.1855,0.0395,310.076,0.1,
-1.9785,5.3045,-0.004,310.199,0.1,-1.9740000000000002,5.2844999999999995,-0.0455,310.211,0.1,-1.9535,5.3045,-0.0635,310.177,0.1,-1.9435,5.3175,-0.055999999999999994,310.145,0.1,-1.944,5.272,-0.0455,310.157,0.1,-1.947,5.1865000000000006,-0.057499999999999996,310.196,0.1,-1.947,5.1105,-0.086,310.231,0.1,-1.9245,5.064,-0.123,310.244,0.1,-1.8685,5.0495,-0.1595,310.229,0.1,-1.807,5.0775,-0.1845,310.184,0.1,-1.7685,5.129,-0.185,310.122,0.1,-1.737,5.1805,-0.1595,310.055,0.1,-1.6909999999999998,5.2305,-0.1095,310.004,0.1,-1.657,5.2695,-0.038500000000000006,309.986,0.1,-1.6844999999999999,5.2755,0.03,310.001,0.1,-1.786,5.246,0.06,310.045,0.1,
-1.9585,5.379,-0.011,310.193,0.1,-1.979,5.3445,-0.039,310.214,0.1,-1.9835,5.3535,-0.0755,310.189,0.1,-2.0015,5.368,-0.08399999999999999,310.164,0.1,-2.034,5.3225,-0.0625,310.189,0.1,-2.0615,5.2204999999999995,-0.047,310.247,0.1,-2.074,5.1165,-0.0555,310.299,0.1,-2.0595,5.041,-0.0875,310.322,0.1,-2.0115,5.0075,-0.1315,310.311,0.1,-1.954,5.023,-0.166,310.268,0.1,-1.9064999999999999,5.0665,-0.17149999999999999,310.206,0.1,-1.8465,5.1135,-0.1615,310.133,0.1,-1.7575,5.1665,-0.14250000000000002,310.066,0.1,-1.6764999999999999,5.2204999999999995,-0.10250000000000001,310.023,0.1,-1.657,5.2524999999999995,-0.037000000000000005,310.014,0.1,-1.714,5.2585,0.0225,310.033,0.1,
-1.9455,5.467,-0.043,310.188,0.1,-1.9820000000000002,5.416,-0.0435,310.216,0.1,-2.0145,5.401,-0.0745,310.21,0.1,-2.064,5.399,-0.0905,310.199,0.1,-2.1260000000000003,5.352,-0.0685,310.23,0.1,-2.1695,5.254,-0.041,310.293,0.1,-2.1845,5.1434999999999995,-0.039999999999999994,310.348,0.1,-2.174,5.048,-0.0685,310.377,0.1,-2.1375,4.990500000000001,-0.1135,310.373,0.1,-2.0875,4.9864999999999995,-0.1525,310.333,0.1,-2.0365,5.019,-0.1655,310.269,0.1,-1.967,5.053,-0.1695,310.198,0.1,-1.8599999999999999,5.0875,-0.1785,310.137,0.1,-1.746,5.132,-0.1765,310.091,0.1,-1.6795,5.1785,-0.134,310.064,0.1,-1.6885,5.224,-0.0605,310.052,0.1,
-2.0105,5.513999999999999,-0.086,310.23,0.1,-2.046,5.4510000000000005,-0.0625,310.252,0.1,-2.0934999999999997,5.4105,-0.0735,310.257,0.1,-2.1605,5.3855,-0.0865,310.257,0.1,-2.234,5.34,-0.0725,310.289,0.1,-2.284,5.2625,-0.0485,310.347,0.1,-2.303,5.164,-0.043,310.4,0.1,-2.2995,5.0635,-0.064,310.43,0.1,-2.274,4.99,-0.1015,310.429,0.1,-2.2315,4.968500000000001,-0.1395,310.393,0.1,-2.1845,4.9865,-0.161,310.332,0.1,-2.1215,4.997999999999999,-0.177,310.273,0.1,-2.018,5.0005,-0.2085,310.232,0.1,-1.8864999999999998,5.02,-0.239,310.2,0.1,-1.7774999999999999,5.0715,-0.223,310.162,0.1,-1.737,5.1515,-0.1535,310.117,0.1,
-2.1895,5.5184999999999995,-0.14,310.33,0.1,-2.2125000000000004,5.452,-0.105,310.339,0.1,-2.2535,5.3925,-0.095,310.342,0.1,-2.3114999999999997,5.3465,-0.0965,310.346,0.1,-2.3715,5.303000000000001,-0.09,310.371,0.1,-2.4165,5.2465,-0.075,310.42,0.1,-2.442,5.1705,-0.0635,310.467,0.1,-2.4475,5.080500000000001,-0.068,310.492,0.1,-2.432,5.0024999999999995,-0.0865,310.49,0.1,-2.4015,4.9645,-0.113,310.46,0.1,-2.368,4.958,-0.138,310.411,0.1,-2.3215,4.938,-0.167,310.37,0.1,-2.2295,4.9045000000000005,-0.2155,310.353,0.1,-2.089,4.9,-0.2665,310.336,0.1,-1.9449999999999998,4.9559999999999995,-0.2765,310.293,0.1,-1.8584999999999998,5.0605,-0.227,310.219,0.1,
-2.3605,5.529999999999999,-0.1975,310.413,0.1,-2.379,5.468500000000001,-0.1565,310.419,0.1,-2.4154999999999998,5.3955,-0.127,310.423,0.1,-2.4595000000000002,5.3285,-0.115,310.43,0.1,-2.496,5.275,-0.109,310.452,0.1,-2.5225,5.2305,-0.1,310.489,0.1,-2.5425,5.1815,-0.08499999999999999,310.519,0.1,-2.5535,5.1135,-0.071,310.532,0.1,-2.5535,5.039,-0.065,310.528,0.1,-2.5465,4.979,-0.07150000000000001,310.508,0.1,-2.5345,4.9345,-0.0955,310.475,0.1,-2.5,4.878,-0.1385,310.451,0.1,-2.4130000000000003,4.8165,-0.2005,310.452,0.1,-2.271,4.7989999999999995,-0.2615,310.448,0.1,-2.1174999999999997,4.859,-0.2925,310.405,0.1,-2.0175,4.9704999999999995,-0.274,310.324,0.1,
-2.4455,5.5585,-0.2215,310.449,0.1,-2.474,5.508,-0.176,310.46,0.1,-2.5175,5.4295,-0.1345,310.469,0.1,-2.557,5.343999999999999,-0.11599999999999999,310.482,0.1,-2.576,5.2715,-0.108,310.51,0.1,-2.5775,5.2295,-0.099,310.535,0.1,-2.5789999999999997,5.2035,-0.0805,310.541,0.1,-2.5915,5.1594999999999995,-0.052,310.535,0.1,-2.6145,5.093,-0.026500000000000003,310.528,0.1,-2.6390000000000002,5.01,-0.02,310.518,0.1,-2.6464999999999996,4.9215,-0.0435,310.502,0.1,-2.6144999999999996,4.8285,-0.093,310.498,0.1,-2.5275,4.7505,-0.1605,310.509,0.1,-2.394,4.7285,-0.2285,310.511,0.1,-2.258,4.786,-0.27949999999999997,310.476,0.1,-2.177,4.8870000000000005,-0.2935,310.412,0.1,
-2.501,5.5705,-0.188,310.482,0.1,-2.5404999999999998,5.537,-0.142,310.489,0.1,-2.585,5.467499999999999,-0.1045,310.493,0.1,-2.6155,5.375,-0.088,310.508,0.1,-2.6195,5.291,-0.0805,310.54,0.1,-2.604,5.247,-0.0715,310.56,0.1,-2.5934999999999997,5.232,-0.0465,310.551,0.1,-2.6075,5.2065,-0.006500000000000001,310.529,0.1,-2.6505,5.147500000000001,0.027999999999999997,310.51,0.1,-2.702,5.0485,0.039999999999999994,310.505,0.1,-2.7235,4.9239999999999995,0.0205,310.512,0.1,-2.6925,4.801,-0.026000000000000002,310.527,0.1,-2.61,4.711,-0.094,310.547,0.1,-2.492,4.6855,-0.17099999999999999,310.552,0.1,-2.3765,4.734999999999999,-0.2385,310.528,0.1,-2.3129999999999997,4.8245000000000005,-0.2755,310.483,0.1,
-2.5404999999999998,5.568,-0.123,310.511,0.1,-2.5825,5.545,-0.08499999999999999,310.502,0.1,-2.6175,5.484,-0.0595,310.494,0.1,-2.6340000000000003,5.392,-0.044,310.509,0.1,-2.625,5.306,-0.034,310.542,0.1,-2.5999999999999996,5.261,-0.026000000000000002,310.559,0.1,-2.583,5.248,-0.002,310.541,0.1,-2.599,5.23,0.0385,310.502,0.1,-2.6550000000000002,5.174,0.078,310.474,0.1,-2.7235,5.069,0.1005,310.477,0.1,-2.7584999999999997,4.93,0.095,310.503,0.1,-2.737,4.795,0.057499999999999996,310.537,0.1,-2.6645000000000003,4.699,-0.0115,310.566,0.1,-2.559,4.671,-0.093,310.579,0.1,-2.4565,4.716,-0.16699999999999998,310.565,0.1,-2.4,4.802,-0.214,310.526,0.1,
-2.392,4.737500000000001,0.0915,310.544,0.1,-2.3205,4.741,0.057,310.513,0.1,-2.3355,4.73,0.018500000000000003,310.499,0.1,-2.4455,4.6825,-0.0034999999999999996,310.508,0.1,-2.564,4.6185,0.0015,310.52,0.1,-2.6025,4.574,0.005,310.525,0.1,-2.5535,4.5755,-0.0115,310.521,0.1,-2.472,4.621499999999999,-0.020999999999999998,310.501,0.1,-2.423,4.672499999999999,-0.0065,310.473,0.1,-2.4385000000000003,4.685499999999999,0.007,310.458,0.1,-2.4935,4.631,-0.0025,310.472,0.1,-2.533,4.5385,-0.0405,310.492,0.1,-2.5134999999999996,4.476000000000001,-0.0915,310.483,0.1,-2.4415,4.4985,-0.1205,310.437,0.1,-2.387,4.5915,-0.0825,310.374,0.1,-2.4130000000000003,4.6434999999999995,-0.008,310.337,0.1,
-2.3129999999999997,4.7795000000000005,0.057999999999999996,310.493,0.1,-2.255,4.7545,0.0395,310.469,0.1,-2.287,4.711,0.013,310.46,0.1,-2.39,4.654999999999999,-0.001,310.464,0.1,-2.4795,4.6245,0.004,310.465,0.1,-2.501,4.625,0.010499999999999999,310.472,0.1,-2.4635,4.6465,0.0095,310.484,0.1,-2.412,4.685499999999999,0.013000000000000001,310.479,0.1,-2.3975,4.7219999999999995,0.0295,310.459,0.1,-2.4395,4.7185,0.046,310.451,0.1,-2.5095,4.656,0.0475,310.462,0.1,-2.5540000000000003,4.5625,0.0135,310.477,0.1,-2.5345,4.4855,-0.0515,310.48,0.1,-2.4619999999999997,4.4815000000000005,-0.1095,310.457,0.1,-2.399,4.560499999999999,-0.106,310.4,0.1,-2.4050000000000002,4.6295,-0.0545,310.341,0.1,
-2.282,4.8045,-0.02,310.452,0.1,-2.2405,4.7635000000000005,-0.019999999999999997,310.441,0.1,-2.2775,4.702500000000001,-0.023,310.446,0.1,-2.3514999999999997,4.65,-0.020999999999999998,310.447,0.1,-2.3925,4.6515,-0.016,310.433,0.1,-2.382,4.6855,-0.013,310.426,0.1,-2.343,4.72,-0.0085,310.432,0.1,-2.311,4.7509999999999994,0.0005,310.429,0.1,-2.324,4.7684999999999995,0.0165,310.416,0.1,-2.3914999999999997,4.75,0.0395,310.414,0.1,-2.48,4.6925,0.0605,310.426,0.1,-2.5404999999999998,4.612,0.0545,310.447,0.1,-2.5395,4.5280000000000005,0.006,310.474,0.1,-2.4875,4.493,-0.0665,310.479,0.1,-2.439,4.537,-0.104,310.438,0.1,-2.441,4.5905000000000005,-0.0945,310.378,0.1,
-2.3265000000000002,4.8055,-0.0905,310.453,0.1,-2.292,4.7684999999999995,-0.08299999999999999,310.449,0.1,-2.3129999999999997,4.7155000000000005,-0.062,310.457,0.1,-2.3445,4.676,-0.041,310.454,0.1,-2.3395,4.6884999999999994,-0.035500000000000004,310.429,0.1,-2.298,4.7295,-0.047,310.404,0.1,-2.246,4.7705,-0.057999999999999996,310.389,0.1,-2.2155,4.7955000000000005,-0.055999999999999994,310.378,0.1,-2.2359999999999998,4.7935,-0.041,310.371,0.1,-2.3085,4.768000000000001,-0.012,310.371,0.1,-2.4015,4.7305,0.025500000000000002,310.38,0.1,-2.4755000000000003,4.673500000000001,0.056999999999999995,310.405,0.1,-2.5,4.596,0.049,310.451,0.1,-2.4829999999999997,4.5440000000000005,-0.0095,310.476,0.1,-2.471,4.548,-0.0715,310.457,0.1,-2.4915,4.5595,-0.10250000000000001,310.423,0.1,
-2.429,4.794499999999999,-0.1125,310.491,0.1,-2.3914999999999997,4.7775,-0.113,310.486,0.1,-2.3834999999999997,4.7509999999999994,-0.077,310.483,0.1,-2.376,4.7255,-0.041499999999999995,310.473,0.1,-2.3405,4.7265,-0.0405,310.445,0.1,-2.279,4.750500000000001,-0.073,310.41,0.1,-2.2165,4.7835,-0.1105,310.377,0.1,-2.1814999999999998,4.798,-0.1225,310.359,0.1,-2.19,4.782500000000001,-0.114,310.356,0.1,-2.2405,4.7645,-0.0875,310.352,0.1,-2.315,4.756,-0.0465,310.345,0.1,-2.3819999999999997,4.731,0.0085,310.363,0.1,-2.4139999999999997,4.6785,0.045,310.405,0.1,-2.4245,4.6325,0.028499999999999998,310.436,0.1,-2.4545000000000003,4.6095,-0.0235,310.442,0.1,-2.513,4.576,-0.07100000000000001,310.448,0.1,
-2.5295,4.79,-0.08,310.536,0.1,-2.4930000000000003,4.791,-0.1005,310.527,0.1,-2.4665,4.792,-0.0665,310.508,0.1,-2.436,4.779999999999999,-0.028499999999999998,310.488,0.1,-2.388,4.7635000000000005,-0.0335,310.463,0.1,-2.3274999999999997,4.757,-0.081,310.434,0.1,-2.274,4.7620000000000005,-0.136,310.408,0.1,-2.24,4.7565,-0.1625,310.397,0.1,-2.2265,4.737500000000001,-0.167,310.395,0.1,-2.2375,4.7379999999999995,-0.1555,310.375,0.1,-2.271,4.758,-0.1255,310.346,0.1,-2.304,4.7675,-0.0685,310.339,0.1,-2.3175,4.753500000000001,-0.0035,310.359,0.1,-2.3345000000000002,4.734999999999999,0.0315,310.383,0.1,-2.3920000000000003,4.708,0.0215,310.405,0.1,-2.4875,4.65,-0.015,310.445,0.1,
-2.5795000000000003,4.803000000000001,-0.0305,310.56,0.1,-2.5570000000000004,4.808,-0.0695,310.549,0.1,-2.528,4.8260000000000005,-0.059,310.517,0.1,-2.496,4.8294999999999995,-0.0325,310.487,0.1,-2.4595000000000002,4.801,-0.034,310.473,0.1,-2.425,4.7575,-0.073,310.469,0.1,-2.3994999999999997,4.7204999999999995,-0.1225,310.47,0.1,-2.373,4.6899999999999995,-0.1575,310.477,0.1,-2.337,4.6739999999999995,-0.181,310.472,0.1,-2.3075,4.692500000000001,-0.189,310.435,0.1,-2.2955,4.730499999999999,-0.1755,310.386,0.1,-2.2815000000000003,4.763999999999999,-0.133,310.353,0.1,-2.2555,4.789,-0.0665,310.343,0.1,-2.2515,4.8095,0.003,310.344,0.1,-2.3075,4.8025,0.0445,310.366,0.1,-2.4185,4.7490000000000006,0.0405,310.418,0.1,
-2.581,4.8469999999999995,-0.004,310.559,0.1,-2.5845000000000002,4.842499999999999,-0.0495,310.553,0.1,-2.5695,4.862500000000001,-0.0695,310.517,0.1,-2.5540000000000003,4.8785,-0.061,310.486,0.1,-2.5460000000000003,4.8415,-0.05,310.486,0.1,-2.5465,4.7615,-0.062,310.511,0.1,-2.5469999999999997,4.683,-0.088,310.542,0.1,-2.526,4.6285,-0.1235,310.564,0.1,-2.4779999999999998,4.612,-0.162,310.555,0.1,-2.4275,4.6370000000000005,-0.187,310.508,0.1,-2.3865,4.6775,-0.1835,310.453,0.1,-2.3315,4.7170000000000005,-0.1575,310.408,0.1,-2.2584999999999997,4.766500000000001,-0.113,310.37,0.1,-2.2135,4.8215,-0.0445,310.342,0.1,-2.2385,4.8454999999999995,0.027,310.346,0.1,-2.3325,4.821,0.0615,310.389,0.1,
-2.5614999999999997,4.9285,-0.013999999999999999,310.546,0.1,-2.592,4.9055,-0.044,310.547,0.1,-2.6020000000000003,4.911,-0.0815,310.521,0.1,-2.6185,4.9239999999999995,-0.087,310.499,0.1,-2.6494999999999997,4.879,-0.0645,310.514,0.1,-2.678,4.7775,-0.051000000000000004,310.559,0.1,-2.685,4.6745,-0.06,310.606,0.1,-2.6595,4.5995,-0.091,310.633,0.1,-2.6094999999999997,4.57,-0.136,310.62,0.1,-2.556,4.5845,-0.169,310.571,0.1,-2.5015,4.6165,-0.1705,310.519,0.1,-2.4219999999999997,4.649,-0.161,310.475,0.1,-2.3155,4.7005,-0.147,310.424,0.1,-2.2285,4.7684999999999995,-0.108,310.375,0.1,-2.205,4.819,-0.0395,310.357,0.1,-2.255,4.836,0.024,310.376,0.1,
-2.5460000000000003,5.012499999999999,-0.0495,310.53,0.1,-2.5965,4.9670000000000005,-0.049,310.539,0.1,-2.636,4.9445,-0.078,310.532,0.1,-2.6895,4.9365000000000006,-0.089,310.526,0.1,-2.757,4.887499999999999,-0.066,310.551,0.1,-2.799,4.792999999999999,-0.043,310.604,0.1,-2.7969999999999997,4.6915,-0.0465,310.651,0.1,-2.766,4.6025,-0.0755,310.676,0.1,-2.7215,4.5504999999999995,-0.12,310.663,0.1,-2.6705,4.545,-0.1565,310.618,0.1,-2.609,4.5655,-0.166,310.569,0.1,-2.5214999999999996,4.585,-0.1705,310.528,0.1,-2.4044999999999996,4.618499999999999,-0.184,310.482,0.1,-2.2880000000000003,4.673,-0.184,310.431,0.1,-2.217,4.7355,-0.138,310.399,0.1,-2.2225,4.7935,-0.0605,310.393,0.1,
-2.607,5.044499999999999,-0.094,310.553,0.1,-2.6605,4.9785,-0.0675,310.56,0.1,-2.7190000000000003,4.9239999999999995,-0.0745,310.568,0.1,-2.7935,4.8905,-0.082,310.575,0.1,-2.871,4.849,-0.068,310.605,0.1,-2.9109999999999996,4.7855,-0.0495,310.653,0.1,-2.9044999999999996,4.703,-0.049,310.694,0.1,-2.876,4.608499999999999,-0.07150000000000001,310.712,0.1,-2.8395,4.5375,-0.108,310.699,0.1,-2.7904999999999998,4.5145,-0.1435,310.661,0.1,-2.729,4.523,-0.162,310.621,0.1,-2.651,4.523,-0.1775,310.588,0.1,-2.543,4.5235,-0.2135,310.556,0.1,-2.412,4.5504999999999995,-0.247,310.518,0.1,-2.3005,4.615500000000001,-0.2295,310.482,0.1,-2.2640000000000002,4.7065,-0.155,310.45,0.1,
-2.779,5.029999999999999,-0.1455,310.627,0.1,-2.823,4.9505,-0.1085,310.629,0.1,-2.879,4.8695,-0.0935,310.64,0.1,-2.944,4.817,-0.0915,310.652,0.1,-2.999,4.789,-0.08549999999999999,310.677,0.1,-3.0229999999999997,4.7585,-0.0745,310.712,0.1,-3.0185,4.6975,-0.066,310.741,0.1,-3.0005,4.6065000000000005,-0.07200000000000001,310.753,0.1,-2.9720000000000004,4.5265,-0.0905,310.741,0.1,-2.9285,4.4895,-0.114,310.714,0.1,-2.878,4.478,-0.135,310.685,0.1,-2.8200000000000003,4.448,-0.164,310.664,0.1,-2.7264999999999997,4.4105,-0.218,310.647,0.1,-2.5854999999999997,4.4145,-0.2735,310.625,0.1,-2.4425,4.4865,-0.28400000000000003,310.588,0.1,-2.3739999999999997,4.5995,-0.2295,310.533,0.1,
-2.949,5.025,-0.1985,310.694,0.1,-2.989,4.942,-0.1575,310.698,0.1,-3.0385,4.8435,-0.1245,310.714,0.1,-3.081,4.7765,-0.1105,310.73,0.1,-3.1014999999999997,4.7515,-0.105,310.746,0.1,-3.104,4.737500000000001,-0.098,310.762,0.1,-3.101,4.6945,-0.0835,310.774,0.1,-3.0935,4.615500000000001,-0.07050000000000001,310.779,0.1,-3.075,4.5365,-0.0645,310.772,0.1,-3.046,4.4805,-0.068,310.756,0.1,-3.0155,4.433,-0.088,310.737,0.1,-2.972,4.365,-0.132,310.724,0.1,-2.8805,4.3,-0.2,310.72,0.1,-2.7335000000000003,4.2965,-0.2675,310.71,0.1,-2.5854999999999997,4.3775,-0.2995,310.672,0.1,-2.5175,4.4945,-0.2765,310.611,0.1,
-3.0455,5.041,-0.22,310.729,0.1,-3.0895,4.9670000000000005,-0.175,310.741,0.1,-3.135,4.8655,-0.1315,310.763,0.1,-3.16,4.7895,-0.112,310.781,0.1,-3.1574999999999998,4.7545,-0.1045,310.79,0.1,-3.1425,4.737500000000001,-0.096,310.791,0.1,-3.1345,4.705,-0.0775,310.786,0.1,-3.1334999999999997,4.644,-0.05,310.782,0.1,-3.1310000000000002,4.5735,-0.0235,310.776,0.1,-3.1265,4.494,-0.013500000000000002,310.768,0.1,-3.1145,4.3985,-0.035,310.759,0.1,-3.0715,4.2915,-0.087,310.757,0.1,-2.973,4.2145,-0.161,310.761,0.1,-2.83,4.2145,-0.2345,310.753,0.1,-2.703,4.2940000000000005,-0.286,310.717,0.1,-2.6624999999999996,4.395,-0.295,310.67,0.1,
-3.1085,5.0435,-0.185,310.763,0.1,-3.154,4.9915,-0.1395,310.774,0.1,-3.1875,4.9085,-0.1015,310.79,0.1,-3.1944999999999997,4.837,-0.08499999999999999,310.802,0.1,-3.1795,4.7915,-0.079,310.807,0.1,-3.159,4.7605,-0.071,310.803,0.1,-3.1475,4.7305,-0.046,310.791,0.1,-3.149,4.688000000000001,-0.006,310.776,0.1,-3.165,4.626,0.0315,310.763,0.1,-3.1875,4.5245,0.0475,310.759,0.1,-3.189,4.3835,0.028,310.767,0.1,-3.1420000000000003,4.2465,-0.023,310.78,0.1,-3.0415,4.165,-0.0965,310.787,0.1,-2.9130000000000003,4.1665,-0.178,310.777,0.1,-2.8120000000000003,4.2345,-0.2455,310.747,0.1,-2.794,4.3155,-0.277,310.717,0.1,
-3.1479999999999997,5.037,-0.118,310.793,0.1,-3.1845,4.999,-0.08,310.789,0.1,-3.199,4.931,-0.054,310.79,0.1,-3.1925,4.866,-0.0415,310.794,0.1,-3.1734999999999998,4.817,-0.035,310.796,0.1,-3.151,4.778,-0.028999999999999998,310.793,0.1,-3.1340000000000003,4.748,-0.005,310.777,0.1,-3.1355,4.714,0.0385,310.752,0.1,-3.1685,4.655,0.0815,310.732,0.1,-3.216,4.543,0.108,310.735,0.1,-3.2325,4.382,0.1015,310.762,0.1,-3.19,4.234,0.058499999999999996,310.789,0.1,-3.0949999999999998,4.151,-0.016,310.8,0.1,-2.9795,4.151,-0.1015,310.792,0.1,-2.8955,4.212,-0.175,310.77,0.1,-2.888,4.285,-0.216,310.747,0.1,
-2.843,4.325,0.086,310.785,0.1,-2.7695,4.327500000000001,0.0545,310.758,0.1,-2.7765,4.3285,0.0225,310.742,0.1,-2.88,4.29,0.008,310.745,0.1,-2.9930000000000003,4.2235,0.012499999999999999,310.753,0.1,-3.0244999999999997,4.172,0.01,310.76,0.1,-2.9675000000000002,4.1705000000000005,-0.0135,310.758,0.1,-2.8805,4.220000000000001,-0.027,310.734,0.1,-2.8325,4.275499999999999,-0.0115,310.701,0.1,-2.8555,4.2805,0.0055,310.688,0.1,-2.9204999999999997,4.2055,-0.001,310.71,0.1,-2.968,4.088,-0.0375,310.736,0.1,-2.956,4.0085,-0.091,310.733,0.1,-2.8935,4.031499999999999,-0.1235,310.695,0.1,-2.843,4.1365,-0.083,310.638,0.1,-2.86,4.191,-0.004,310.61,0.1,
-2.7735000000000003,4.361000000000001,0.051000000000000004,310.742,0.1,-2.7075,4.343500000000001,0.035500000000000004,310.719,0.1,-2.7305,4.3175,0.0165,310.705,0.1,-2.8325,4.2705,0.0075,310.703,0.1,-2.9225000000000003,4.232,0.0115,310.705,0.1,-2.9365,4.2204999999999995,0.0125,310.715,0.1,-2.887,4.2379999999999995,0.005,310.724,0.1,-2.8274999999999997,4.2815,0.006,310.711,0.1,-2.814,4.3215,0.025,310.687,0.1,-2.8655,4.307,0.047,310.684,0.1,-2.944,4.221,0.051000000000000004,310.704,0.1,-2.989,4.104,0.0165,310.723,0.1,-2.966,4.0165,-0.053,310.727,0.1,-2.896,4.02,-0.11499999999999999,310.705,0.1,-2.8425000000000002,4.111000000000001,-0.1075,310.654,0.1,-2.8535000000000004,4.1739999999999995,-0.049,310.611,0.1,
-2.746,4.3845,-0.027,310.709,0.1,-2.6944999999999997,4.3575,-0.025,310.695,0.1,-2.7255,4.317,-0.0225,310.69,0.1,-2.8045,4.269500000000001,-0.0165,310.687,0.1,-2.8505000000000003,4.2575,-0.013000000000000001,310.679,0.1,-2.8335,4.2775,-0.013999999999999999,310.678,0.1,-2.7815,4.3100000000000005,-0.015,310.679,0.1,-2.7415,4.3469999999999995,-0.006999999999999999,310.668,0.1,-2.758,4.367,0.0135,310.653,0.1,-2.8355,4.335,0.041999999999999996,310.658,0.1,-2.928,4.2509999999999994,0.065,310.678,0.1,-2.9785000000000004,4.151,0.058499999999999996,310.698,0.1,-2.9615,4.064,0.004,310.72,0.1,-2.9055,4.041,-0.07250000000000001,310.72,0.1,-2.8685,4.0920000000000005,-0.105,310.682,0.1,-2.882,4.1315,-0.0865,310.64,0.1,
-2.79,4.3885000000000005,-0.0965,310.711,0.1,-2.745,4.3695,-0.089,310.701,0.1,-2.7634999999999996,4.3345,-0.065,310.697,0.1,-2.8049999999999997,4.2935,-0.042,310.692,0.1,-2.809,4.29,-0.0365,310.677,0.1,-2.7625,4.321,-0.0505,310.66,0.1,-2.6975,4.362500000000001,-0.065,310.642,0.1,-2.6615,4.394,-0.062,310.626,0.1,-2.6895,4.393,-0.042499999999999996,310.619,0.1,-2.7735000000000003,4.352,-0.0085,310.627,0.1,-2.866,4.2865,0.0305,310.643,0.1,-2.9195,4.2145,0.061,310.666,0.1,-2.92,4.1405,0.0475,310.701,0.1,-2.8970000000000002,4.1015,-0.015,310.715,0.1,-2.895,4.1065000000000005,-0.07100000000000001,310.695,0.1,-2.9245,4.099,-0.094,310.674,0.1,
-2.8875,4.385,-0.11649999999999999,310.743,0.1,-2.8425000000000002,4.3855,-0.1195,310.731,0.1,-2.8375,4.369,-0.0825,310.719,0.1,-2.8415,4.336,-0.0455,310.709,0.1,-2.8129999999999997,4.3235,-0.0445,310.691,0.1,-2.7465,4.3435,-0.0785,310.662,0.1,-2.674,4.3795,-0.11649999999999999,310.63,0.1,-2.6375,4.3985,-0.1255,310.612,0.1,-2.657,4.3815,-0.1145,310.611,0.1,-2.7195,4.3475,-0.08549999999999999,310.613,0.1,-2.79,4.313000000000001,-0.041999999999999996,310.615,0.1,-2.833,4.277,0.012,310.631,0.1,-2.841,4.231,0.043,310.662,0.1,-2.846,4.1965,0.0235,310.681,0.1,-2.8825000000000003,4.1715,-0.0235,310.682,0.1,-2.943,4.1195,-0.0645,310.695,0.1,
-2.9825,4.389,-0.082,310.78,0.1,-2.944,4.403499999999999,-0.105,310.763,0.1,-2.9245,4.404,-0.07100000000000001,310.741,0.1,-2.9050000000000002,4.380000000000001,-0.033,310.724,0.1,-2.8605,4.3545,-0.0385,310.704,0.1,-2.7935,4.3505,-0.087,310.68,0.1,-2.7315,4.3605,-0.1395,310.654,0.1,-2.6965,4.356999999999999,-0.163,310.645,0.1,-2.6925,4.334,-0.1675,310.646,0.1,-2.715,4.319000000000001,-0.1555,310.634,0.1,-2.7465,4.318,-0.123,310.614,0.1,-2.76,4.3195,-0.067,310.61,0.1,-2.7560000000000002,4.3115,-0.0065,310.623,0.1,-2.7705,4.301500000000001,0.026000000000000002,310.636,0.1,-2.83,4.2745,0.0195,310.651,0.1,-2.92,4.203,-0.0125,310.69,0.1,
-3.032,4.407500000000001,-0.0305,310.798,0.1,-3.011,4.419499999999999,-0.072,310.78,0.1,-2.993,4.428,-0.0625,310.749,0.1,-2.9695,4.4165,-0.037000000000000005,310.725,0.1,-2.931,4.383,-0.0395,310.713,0.1,-2.8875,4.3475,-0.0775,310.706,0.1,-2.8514999999999997,4.318,-0.1235,310.706,0.1,-2.8205,4.2875,-0.1565,310.714,0.1,-2.7915,4.266,-0.182,310.713,0.1,-2.7725,4.2715,-0.1905,310.683,0.1,-2.7615,4.2940000000000005,-0.1745,310.645,0.1,-2.7375,4.3205,-0.132,310.62,0.1,-2.703,4.3485,-0.07,310.61,0.1,-2.6995,4.377000000000001,-0.003,310.604,0.1,-2.7555,4.3740000000000006,0.041499999999999995,310.618,0.1,-2.8565,4.314,0.0415,310.666,0.1,
-3.038,4.4495000000000005,-0.004,310.794,0.1,-3.046,4.4445,-0.0515,310.779,0.1,-3.041,4.4505,-0.0735,310.748,0.1,-3.029,4.451499999999999,-0.065,310.725,0.1,-3.0149999999999997,4.4135,-0.054,310.725,0.1,-3.003,4.3445,-0.0655,310.741,0.1,-2.989,4.2745,-0.089,310.765,0.1,-2.9595000000000002,4.22,-0.124,310.787,0.1,-2.9139999999999997,4.198,-0.164,310.781,0.1,-2.872,4.2135,-0.189,310.742,0.1,-2.835,4.243,-0.1825,310.697,0.1,-2.7785,4.275,-0.1575,310.665,0.1,-2.7065,4.325,-0.11699999999999999,310.634,0.1,-2.6665,4.389,-0.049,310.603,0.1,-2.692,4.42,0.025500000000000002,310.6,0.1,-2.7755,4.3934999999999995,0.063,310.639,0.1,
-3.028,4.5175,-0.016,310.777,0.1,-3.0629999999999997,4.49,-0.047,310.771,0.1,-3.0785,4.482,-0.08549999999999999,310.752,0.1,-3.0935,4.484,-0.0885,310.739,0.1,-3.1145,4.441,-0.065,310.749,0.1,-3.1254999999999997,4.3505,-0.054,310.782,0.1,-3.112,4.2555,-0.064,310.819,0.1,-3.073,4.1815,-0.095,310.844,0.1,-3.0225,4.148,-0.14,310.834,0.1,-2.977,4.1555,-0.17099999999999999,310.792,0.1,-2.9299999999999997,4.1795,-0.17,310.75,0.1,-2.855,4.205,-0.161,310.719,0.1,-2.7555,4.256,-0.1505,310.678,0.1,-2.678,4.3315,-0.1115,310.629,0.1,-2.6580000000000004,4.3895,-0.039,310.607,0.1,-2.701,4.407500000000001,0.026500000000000003,310.624,0.1,
-3.021,4.5795,-0.053,310.762,0.1,-3.0735,4.5295000000000005,-0.052,310.766,0.1,-3.1135,4.496,-0.0795,310.765,0.1,-3.162,4.4825,-0.086,310.763,0.1,-3.216,4.4375,-0.0615,310.782,0.1,-3.2365000000000004,4.3525,-0.045,310.821,0.1,-3.209,4.2585,-0.054000000000000006,310.858,0.1,-3.1585,4.17,-0.08299999999999999,310.879,0.1,-3.1105,4.115,-0.1255,310.866,0.1,-3.068,4.1045,-0.159,310.826,0.1,-3.0165,4.1195,-0.1665,310.787,0.1,-2.9375,4.1335,-0.171,310.76,0.1,-2.8315,4.1645,-0.187,310.723,0.1,-2.7285,4.2235,-0.188,310.672,0.1,-2.6635,4.2940000000000005,-0.139,310.64,0.1,-2.6660000000000004,4.357,-0.057999999999999996,310.637,0.1,
-3.0755,4.588,-0.098,310.782,0.1,-3.1310000000000002,4.517,-0.069,310.786,0.1,-3.189,4.4535,-0.0725,310.796,0.1,-3.2575,4.417999999999999,-0.075,310.804,0.1,-3.32,4.3825,-0.0615,310.827,0.1,-3.335,4.327500000000001,-0.0505,310.863,0.1,-3.2984999999999998,4.2505,-0.055499999999999994,310.893,0.1,-3.247,4.1545000000000005,-0.079,310.904,0.1,-3.205,4.08,-0.113,310.89,0.1,-3.165,4.0545,-0.146,310.857,0.1,-3.114,4.0595,-0.162,310.827,0.1,-3.0460000000000003,4.0535,-0.176,310.806,0.1,-2.9515000000000002,4.0505,-0.215,310.779,0.1,-2.833,4.0825,-0.251,310.742,0.1,-2.729,4.1594999999999995,-0.23349999999999999,310.71,0.1,-2.699,4.2605,-0.1535,310.684,0.1,
-3.221,4.5525,-0.147,310.844,0.1,-3.27,4.4655000000000005,-0.1075,310.843,0.1,-3.3285,4.375500000000001,-0.089,310.856,0.1,-3.3875,4.323499999999999,-0.08399999999999999,310.868,0.1,-3.426,4.304,-0.08,310.886,0.1,-3.424,4.2805,-0.074,310.909,0.1,-3.3899999999999997,4.221,-0.0685,310.928,0.1,-3.3505000000000003,4.125,-0.0755,310.933,0.1,-3.317,4.0415,-0.092,310.921,0.1,-3.2815000000000003,4.0024999999999995,-0.1135,310.898,0.1,-3.2415000000000003,3.987,-0.1305,310.878,0.1,-3.192,3.95,-0.1585,310.865,0.1,-3.107,3.9130000000000003,-0.2165,310.851,0.1,-2.9745,3.9284999999999997,-0.2775,310.829,0.1,-2.842,4.019,-0.289,310.795,0.1,-2.791,4.1455,-0.2285,310.75,0.1,
-3.3680000000000003,4.529999999999999,-0.1955,310.899,0.1,-3.4130000000000003,4.436999999999999,-0.1545,310.901,0.1,-3.463,4.3295,-0.12,310.918,0.1,-3.498,4.265499999999999,-0.105,310.934,0.1,-3.503,4.250500000000001,-0.101,310.942,0.1,-3.4829999999999997,4.2415,-0.0965,310.946,0.1,-3.4565,4.1955,-0.082,310.95,0.1,-3.4345,4.109500000000001,-0.069,310.952,0.1,-3.4139999999999997,4.0255,-0.0625,310.945,0.1,-3.391,3.965,-0.0635,310.932,0.1,-3.3655,3.911,-0.0795,310.918,0.1,-3.323,3.838,-0.124,310.91,0.1,-3.2325,3.7809999999999997,-0.1975,310.906,0.1,-3.091,3.7975,-0.271,310.893,0.1,-2.958,3.901,-0.303,310.856,0.1,-2.917,4.0275,-0.273,310.804,0.1,
-3.456,4.5325,-0.215,310.928,0.1,-3.501,4.449,-0.17149999999999999,310.938,0.1,-3.541,4.3405000000000005,-0.128,310.961,0.1,-3.5555,4.268000000000001,-0.1085,310.975,0.1,-3.5389999999999997,4.242,-0.10200000000000001,310.975,0.1,-3.5095,4.228,-0.094,310.966,0.1,-3.4895,4.191,-0.0745,310.957,0.1,-3.4835000000000003,4.122,-0.0475,310.953,0.1,-3.481,4.043,-0.020499999999999997,310.948,0.1,-3.4745,3.955,-0.007,310.94,0.1,-3.4560000000000004,3.8514999999999997,-0.027,310.935,0.1,-3.406,3.746,-0.0815,310.935,0.1,-3.3055000000000003,3.6855,-0.161,310.935,0.1,-3.1705,3.7085,-0.2385,310.919,0.1,-3.0645,3.8064999999999998,-0.2885,310.881,0.1,-3.0540000000000003,3.907,-0.29,310.839,0.1,
-3.515,4.528,-0.1795,310.958,0.1,-3.559,4.471,-0.136,310.967,0.1,-3.584,4.383,-0.099,310.983,0.1,-3.5785,4.313000000000001,-0.084,310.99,0.1,-3.551,4.2735,-0.079,310.983,0.1,-3.5229999999999997,4.2445,-0.071,310.97,0.1,-3.5105,4.21,-0.046,310.958,0.1,-3.5134999999999996,4.157,-0.006,310.947,0.1,-3.527,4.083,0.034,310.936,0.1,-3.5389999999999997,3.9705,0.0535,310.933,0.1,-3.5255,3.8259999999999996,0.033,310.942,0.1,-3.468,3.6980000000000004,-0.022,310.953,0.1,-3.3680000000000003,3.637,-0.1,310.951,0.1,-3.2525000000000004,3.657,-0.1835,310.929,0.1,-3.175,3.734,-0.2485,310.894,0.1,-3.184,3.8055000000000003,-0.2725,310.868,0.1,
-3.5515,4.52,-0.111,310.983,0.1,-3.5860000000000003,4.48,-0.0755,310.978,0.1,-3.5925000000000002,4.408,-0.051000000000000004,310.979,0.1,-3.5745,4.343,-0.0415,310.976,0.1,-3.5465,4.298,-0.038,310.967,0.1,-3.5225,4.261,-0.0335,310.955,0.1,-3.51,4.226,-0.009,310.941,0.1,-3.515,4.18,0.037,310.923,0.1,-3.542,4.107,0.084,310.909,0.1,-3.573,3.984,0.1135,310.915,0.1,-3.572,3.824,0.105,310.938,0.1,-3.52,3.688,0.0565,310.957,0.1,-3.4265,3.625,-0.0225,310.954,0.1,-3.324,3.64,-0.11,310.933,0.1,-3.262,3.705,-0.18,310.906,0.1,-3.2775,3.765,-0.2135,310.889,0.1,
-3.207,3.942,0.0805,310.934,0.1,-3.1515,3.939,0.051000000000000004,310.911,0.1,-3.1365,3.956,0.026000000000000002,310.895,0.1,-3.19,3.941,0.0195,310.896,0.1,-3.2640000000000002,3.8855,0.023,310.902,0.1,-3.2885,3.8285,0.014,310.904,0.1,-3.248,3.816,-0.0165,310.898,0.1,-3.1799999999999997,3.8535000000000004,-0.0335,310.877,0.1,-3.1365,3.8979999999999997,-0.0165,310.85,0.1,-3.147,3.896,0.0045000000000000005,310.844,0.1,-3.1975,3.8155,0.001,310.866,0.1,-3.2435,3.6825,-0.0345,310.893,0.1,-3.245,3.577,-0.0905,310.902,0.1,-3.205,3.585,-0.1265,310.875,0.1,-3.1745,3.6945,-0.0835,310.826,0.1,-3.1915,3.7515,0.0005,310.8,0.1,
-3.16,3.9675000000000002,0.043,310.9,0.1,-3.0945,3.9575,0.0305,310.88,0.1,-3.0854999999999997,3.9605,0.0195,310.866,0.1,-3.145,3.9379999999999997,0.0165,310.86,0.1,-3.2145,3.896,0.0185,310.86,0.1,-3.234,3.863,0.0135,310.867,0.1,-3.1975,3.8615,-0.0005,310.871,0.1,-3.1425,3.894,-0.0015,310.861,0.1,-3.1189999999999998,3.9284999999999997,0.020999999999999998,310.842,0.1,-3.1515,3.9105,0.049,310.841,0.1,-3.2175000000000002,3.816,0.055,310.862,0.1,-3.2640000000000002,3.679,0.019,310.885,0.1,-3.2525,3.5700000000000003,-0.0555,310.898,0.1,-3.202,3.568,-0.1215,310.881,0.1,-3.1695,3.6665,-0.1085,310.834,0.1,-3.185,3.7270000000000003,-0.042499999999999996,310.798,0.1,
-3.141,3.9955,-0.035,310.875,0.1,-3.076,3.987,-0.0305,310.861,0.1,-3.0735,3.978,-0.0215,310.851,0.1,-3.1245000000000003,3.9455,-0.012,310.844,0.1,-3.169,3.912,-0.010499999999999999,310.837,0.1,-3.1654999999999998,3.899,-0.016,310.838,0.1,-3.121,3.9125,-0.0225,310.838,0.1,-3.075,3.946,-0.015,310.829,0.1,-3.074,3.9690000000000003,0.011,310.818,0.1,-3.1319999999999997,3.934,0.0455,310.824,0.1,-3.213,3.835,0.0695,310.845,0.1,-3.26,3.7135,0.061,310.87,0.1,-3.2474999999999996,3.6155,0.0,310.894,0.1,-3.208,3.5949999999999998,-0.08,310.89,0.1,-3.1905,3.649,-0.105,310.854,0.1,-3.2085,3.6765,-0.0775,310.82,0.1,
-3.1765,4.016500000000001,-0.10350000000000001,310.877,0.1,-3.1135,4.0205,-0.0955,310.862,0.1,-3.1065,4.0085,-0.0675,310.853,0.1,-3.137,3.9645,-0.042,310.846,0.1,-3.1515,3.927,-0.0375,310.836,0.1,-3.1195000000000004,3.9245,-0.055,310.825,0.1,-3.0575,3.9535,-0.07300000000000001,310.812,0.1,-3.0115,3.99,-0.0685,310.799,0.1,-3.0225,3.9985,-0.043,310.793,0.1,-3.091,3.9525,-0.004,310.801,0.1,-3.1710000000000003,3.865,0.035500000000000004,310.821,0.1,-3.214,3.7750000000000004,0.0635,310.847,0.1,-3.2135,3.7009999999999996,0.044,310.876,0.1,-3.2039999999999997,3.6685,-0.020999999999999998,310.882,0.1,-3.2165,3.668,-0.0695,310.864,0.1,-3.248,3.6420000000000003,-0.08399999999999999,310.848,0.1,
-3.2535,4.0335,-0.1215,310.899,0.1,-3.1944999999999997,4.0535,-0.126,310.881,0.1,-3.1784999999999997,4.045,-0.087,310.867,0.1,-3.186,3.992,-0.049,310.858,0.1,-3.1715,3.943,-0.049,310.848,0.1,-3.114,3.9385000000000003,-0.08499999999999999,310.83,0.1,-3.04,3.969,-0.123,310.807,0.1,-2.9935,3.999,-0.1285,310.791,0.1,-3.0,3.9935,-0.1135,310.787,0.1,-3.0519999999999996,3.95,-0.0825,310.791,0.1,-3.1109999999999998,3.8905,-0.0385,310.801,0.1,-3.1420000000000003,3.842,0.0135,310.818,0.1,-3.1500000000000004,3.8025,0.0395,310.841,0.1,-3.1685,3.774,0.018500000000000003,310.851,0.1,-3.213,3.739,-0.023,310.851,0.1,-3.2695,3.6675,-0.057499999999999996,310.863,0.1,
-3.3275,4.052,-0.08449999999999999,310.924,0.1,-3.2805,4.076499999999999,-0.1095,310.903,0.1,-3.264,4.0695,-0.075,310.882,0.1,-3.258,4.015,-0.037500000000000006,310.87,0.1,-3.2255,3.9595000000000002,-0.044,310.862,0.1,-3.1605,3.943,-0.093,310.847,0.1,-3.09,3.9565,-0.143,310.829,0.1,-3.042,3.966,-0.163,310.818,0.1,-3.029,3.95,-0.167,310.816,0.1,-3.0469999999999997,3.9205,-0.1545,310.808,0.1,-3.0715,3.896,-0.121,310.8,0.1,-3.08,3.8895,-0.0665,310.799,0.1,-3.083,3.8885,-0.011,310.806,0.1,-3.1105,3.883,0.020499999999999997,310.811,0.1,-3.173,3.8475,0.018000000000000002,310.824,0.1,-3.2535,3.76,-0.0095,310.856,0.1,
-3.3645,4.0735,-0.031,310.933,0.1,-3.3415,4.0835,-0.074,310.912,0.1,-3.3355,4.071,-0.0655,310.886,0.1,-3.329,4.025499999999999,-0.040999999999999995,310.873,0.1,-3.2965,3.973,-0.045,310.872,0.1,-3.2435,3.9395,-0.0825,310.871,0.1,-3.189,3.923,-0.124,310.869,0.1,-3.1414999999999997,3.904,-0.1555,310.871,0.1,-3.107,3.8810000000000002,-0.182,310.868,0.1,-3.09,3.8685,-0.1915,310.85,0.1,-3.0805,3.873,-0.174,310.826,0.1,-3.063,3.894,-0.1325,310.807,0.1,-3.045,3.9265,-0.0745,310.793,0.1,-3.056,3.959,-0.009000000000000001,310.784,0.1,-3.112,3.9515000000000002,0.039,310.796,0.1,-3.1995,3.88,0.042499999999999996,310.833,0.1,
-3.373,4.1025,-0.0045000000000000005,310.923,0.1,-3.3819999999999997,4.0845,-0.053,310.908,0.1,-3.3914999999999997,4.063,-0.0765,310.887,0.1,-3.391,4.035,-0.069,310.879,0.1,-3.371,3.99,-0.058499999999999996,310.886,0.1,-3.3369999999999997,3.935,-0.0685,310.899,0.1,-3.2960000000000003,3.883,-0.0895,310.913,0.1,-3.2485,3.8354999999999997,-0.124,310.926,0.1,-3.2015000000000002,3.8049999999999997,-0.1655,310.924,0.1,-3.167,3.8035,-0.1905,310.9,0.1,-3.1399999999999997,3.8225,-0.1815,310.869,0.1,-3.101,3.8505000000000003,-0.158,310.842,0.1,-3.0525,3.9025,-0.121,310.811,0.1,-3.0300000000000002,3.9699999999999998,-0.0535,310.782,0.1,-3.0585,3.9995000000000003,0.025,310.778,0.1,-3.129,3.964,0.065,310.807,0.1,
-3.3804999999999996,4.141,-0.0175,310.907,0.1,-3.4145,4.0955,-0.0495,310.905,0.1,-3.436,4.064,-0.089,310.899,0.1,-3.45,4.0485,-0.0895,310.898,0.1,-3.452,4.009,-0.0655,310.91,0.1,-3.4299999999999997,3.9370000000000003,-0.0565,310.93,0.1,-3.384,3.8575,-0.0685,310.953,0.1,-3.327,3.7845,-0.0995,310.971,0.1,-3.277,3.7394999999999996,-0.1435,310.968,0.1,-3.2445,3.7350000000000003,-0.1725,310.942,0.1,-3.2165,3.7545,-0.1695,310.91,0.1,-3.1660000000000004,3.7785,-0.161,310.882,0.1,-3.0949999999999998,3.8289999999999997,-0.154,310.844,0.1,-3.0404999999999998,3.9059999999999997,-0.114,310.799,0.1,-3.029,3.9625000000000004,-0.0375,310.778,0.1,-3.0635000000000003,3.974,0.0295,310.791,0.1,
-3.3920000000000003,4.165,-0.0555,310.902,0.1,-3.4365,4.1015,-0.054,310.913,0.1,-3.4705000000000004,4.055,-0.0805,310.921,0.1,-3.5060000000000002,4.036,-0.0815,310.924,0.1,-3.5315,4.0,-0.056499999999999995,310.937,0.1,-3.513,3.9295,-0.0465,310.961,0.1,-3.4505,3.842,-0.062,310.983,0.1,-3.3805,3.7495000000000003,-0.091,310.999,0.1,-3.3325,3.6835,-0.1305,310.994,0.1,-3.308,3.666,-0.161,310.968,0.1,-3.284,3.6805,-0.167,310.937,0.1,-3.235,3.695,-0.171,310.909,0.1,-3.16,3.723,-0.1895,310.874,0.1,-3.083,3.7805,-0.19,310.83,0.1,-3.032,3.8520000000000003,-0.1385,310.802,0.1,-3.033,3.9154999999999998,-0.0545,310.798,0.1,
-3.4365,4.141,-0.1005,310.934,0.1,-3.481,4.0645,-0.069,310.943,0.1,-3.5285,3.997,-0.069,310.955,0.1,-3.5785,3.9645,-0.0665,310.959,0.1,-3.6095,3.9370000000000003,-0.0545,310.971,0.1,-3.587,3.8855,-0.051,310.992,0.1,-3.5165,3.8040000000000003,-0.0625,311.01,0.1,-3.4435000000000002,3.701,-0.0865,311.02,0.1,-3.4005,3.6189999999999998,-0.11699999999999999,311.014,0.1,-3.3810000000000002,3.5895,-0.148,310.991,0.1,-3.3625,3.5945,-0.1615,310.964,0.1,-3.3274999999999997,3.5885,-0.174,310.942,0.1,-3.2615,3.582,-0.215,310.918,0.1,-3.1665,3.6155,-0.2535,310.887,0.1,-3.0789999999999997,3.7030000000000003,-0.236,310.859,0.1,-3.056,3.815,-0.1505,310.835,0.1,
-3.542,4.0835,-0.1465,310.996,0.1,-3.5815,3.9945,-0.1045,310.996,0.1,-3.63,3.9059999999999997,-0.08349999999999999,311.004,0.1,-3.6725,3.8609999999999998,-0.076,311.008,0.1,-3.685,3.8434999999999997,-0.0745,311.015,0.1,-3.652,3.812,-0.074,311.027,0.1,-3.588,3.74,-0.07200000000000001,311.039,0.1,-3.528,3.637,-0.0785,311.046,0.1,-3.497,3.5495,-0.0925,311.04,0.1,-3.4880000000000004,3.5060000000000002,-0.112,311.022,0.1,-3.4815,3.4865,-0.1255,311.001,0.1,-3.458,3.447,-0.152,310.988,0.1,-3.39,3.4124999999999996,-0.2135,310.977,0.1,-3.273,3.4425,-0.28049999999999997,310.959,0.1,-3.1585,3.5545,-0.293,310.928,0.1,-3.124,3.6975,-0.2255,310.884,0.1,
-3.6479999999999997,4.0435,-0.191,311.041,0.1,-3.683,3.949,-0.1495,311.04,0.1,-3.7215,3.847,-0.114,311.05,0.1,-3.743,3.7889999999999997,-0.099,311.056,0.1,-3.732,3.768,-0.0975,311.055,0.1,-3.691,3.7445,-0.0955,311.055,0.1,-3.6414999999999997,3.686,-0.0805,311.058,0.1,-3.607,3.5965,-0.0675,311.062,0.1,-3.598,3.5075000000000003,-0.06,311.057,0.1,-3.6035000000000004,3.436,-0.058499999999999996,311.045,0.1,-3.6020000000000003,3.3715,-0.07050000000000001,311.031,0.1,-3.5700000000000003,3.2995,-0.11549999999999999,311.024,0.1,-3.4855,3.2595,-0.1945,311.022,0.1,-3.359,3.303,-0.2735,311.009,0.1,-3.2504999999999997,3.4295,-0.3055,310.97,0.1,-3.231,3.568,-0.2675,310.916,0.1,
-3.709,4.032,-0.2085,311.059,0.1,-3.742,3.9495,-0.167,311.065,0.1,-3.7699999999999996,3.8475,-0.124,311.078,0.1,-3.775,3.7735,-0.1055,311.083,0.1,-3.75,3.733,-0.1005,311.079,0.1,-3.707,3.705,-0.0925,311.071,0.1,-3.6734999999999998,3.6639999999999997,-0.072,311.065,0.1,-3.668,3.5945,-0.0445,311.061,0.1,-3.685,3.5035,-0.017,311.055,0.1,-3.7,3.3964999999999996,-0.001,311.046,0.1,-3.687,3.2835,-0.019,311.042,0.1,-3.6334999999999997,3.1929999999999996,-0.076,311.044,0.1,-3.54,3.1624999999999996,-0.1605,311.041,0.1,-3.4299999999999997,3.2119999999999997,-0.242,311.021,0.1,-3.3555,3.322,-0.289,310.977,0.1,-3.365,3.4225000000000003,-0.28200000000000003,310.93,0.1,
-3.7504999999999997,4.0225,-0.1725,311.078,0.1,-3.7865,3.972,-0.132,311.081,0.1,-3.8055,3.8855000000000004,-0.097,311.087,0.1,-3.795,3.8005,-0.084,311.088,0.1,-3.76,3.7395,-0.0795,311.082,0.1,-3.721,3.7035,-0.0715,311.073,0.1,-3.705,3.6734999999999998,-0.046,311.062,0.1,-3.7225,3.615,-0.0055,311.05,0.1,-3.7565,3.5205,0.036500000000000005,311.039,0.1,-3.7729999999999997,3.391,0.059,311.038,0.1,-3.747,3.253,0.037000000000000005,311.047,0.1,-3.683,3.1555,-0.022,311.054,0.1,-3.6,3.1245000000000003,-0.104,311.046,0.1,-3.5195,3.1565000000000003,-0.1885,311.017,0.1,-3.474,3.2315,-0.2495,310.976,0.1,-3.4935,3.295,-0.265,310.945,0.1,
-3.777,4.015,-0.10300000000000001,311.091,0.1,-3.813,3.985,-0.07050000000000001,311.08,0.1,-3.8215000000000003,3.91,-0.049,311.074,0.1,-3.802,3.822,-0.042499999999999996,311.07,0.1,-3.766,3.753,-0.041499999999999995,311.064,0.1,-3.7359999999999998,3.714,-0.0385,311.055,0.1,-3.732,3.686,-0.013,311.041,0.1,-3.755,3.629,0.035,311.025,0.1,-3.7895,3.532,0.0865,311.016,0.1,-3.809,3.397,0.1185,311.024,0.1,-3.792,3.255,0.1065,311.042,0.1,-3.7405,3.156,0.053,311.05,0.1,-3.6695,3.119,-0.03,311.036,0.1,-3.5995,3.136,-0.1185,311.01,0.1,-3.561,3.193,-0.184,310.98,0.1,-3.5774999999999997,3.244,-0.2085,310.961,0.1,
-3.5709999999999997,3.559,0.0755,311.084,0.1,-3.5335,3.5505,0.047,311.064,0.1,-3.497,3.583,0.028999999999999998,311.049,0.1,-3.5004999999999997,3.5925000000000002,0.029,311.047,0.1,-3.5355,3.5469999999999997,0.0335,311.051,0.1,-3.5535,3.4850000000000003,0.018500000000000003,311.049,0.1,-3.5295,3.4615,-0.0195,311.038,0.1,-3.48,3.487,-0.039999999999999994,311.019,0.1,-3.4405,3.521,-0.020999999999999998,311.0,0.1,-3.4385,3.5115,0.005,311.0,0.1,-3.4749999999999996,3.426,0.005,311.021,0.1,-3.52,3.277,-0.03,311.05,0.1,-3.534,3.145,-0.0885,311.07,0.1,-3.5164999999999997,3.1390000000000002,-0.1285,311.056,0.1,-3.5060000000000002,3.253,-0.0835,311.014,0.1,-3.5225,3.3115,0.006,310.99,0.1,
-3.5465,3.574,0.035500000000000004,311.058,0.1,-3.4815,3.572,0.025500000000000002,311.041,0.1,-3.4405,3.6029999999999998,0.0215,311.026,0.1,-3.458,3.6055,0.025,311.017,0.1,-3.5075000000000003,3.5595,0.025500000000000002,311.016,0.1,-3.5315000000000003,3.505,0.014499999999999999,311.018,0.1,-3.5075000000000003,3.4855,-0.0055,311.019,0.1,-3.4575,3.5065,-0.009,311.01,0.1,-3.4234999999999998,3.5355,0.0175,310.997,0.1,-3.4370000000000003,3.5135,0.051500000000000004,310.999,0.1,-3.4915000000000003,3.4109999999999996,0.06,311.02,0.1,-3.5389999999999997,3.2545,0.022,311.048,0.1,-3.5385,3.1235,-0.057999999999999996,311.069,0.1,-3.508,3.1165000000000003,-0.1275,311.057,0.1,-3.4965,3.223,-0.1085,311.014,0.1,-3.517,3.2800000000000002,-0.035500000000000004,310.984,0.1,
-3.536,3.607,-0.042499999999999996,311.041,0.1,-3.458,3.6165,-0.036500000000000005,311.026,0.1,-3.4219999999999997,3.6390000000000002,-0.021,311.012,0.1,-3.4444999999999997,3.6205,-0.007,311.001,0.1,-3.488,3.566,-0.006999999999999999,310.996,0.1,-3.498,3.5205,-0.018500000000000003,310.998,0.1,-3.461,3.5155000000000003,-0.0305,310.997,0.1,-3.409,3.545,-0.0235,310.99,0.1,-3.3899999999999997,3.5709999999999997,0.009000000000000001,310.982,0.1,-3.4285,3.5335,0.0495,310.989,0.1,-3.4975,3.4195,0.0745,311.012,0.1,-3.541,3.2765,0.0625,311.042,0.1,-3.5335,3.167,-0.0045000000000000005,311.067,0.1,-3.5105,3.1494999999999997,-0.087,311.061,0.1,-3.512,3.2060000000000004,-0.1035,311.027,0.1,-3.535,3.2225,-0.0685,311.0,0.1,
-3.5625,3.6445,-0.1105,311.043,0.1,-3.4814999999999996,3.671,-0.10250000000000001,311.024,0.1,-3.4495,3.6825,-0.07,311.008,0.1,-3.4695,3.635,-0.041,310.999,0.1,-3.4945,3.564,-0.0375,310.995,0.1,-3.4764999999999997,3.5285,-0.06,310.991,0.1,-3.417,3.5445,-0.08149999999999999,310.983,0.1,-3.3609999999999998,3.5860000000000003,-0.0755,310.973,0.1,-3.3555,3.604,-0.043,310.966,0.1,-3.4080000000000004,3.5535,0.0005,310.975,0.1,-3.4755000000000003,3.4445,0.04,310.999,0.1,-3.5084999999999997,3.3354999999999997,0.065,311.028,0.1,-3.5069999999999997,3.2615,0.0395,311.051,0.1,-3.5115,3.2350000000000003,-0.026000000000000002,311.05,0.1,-3.5389999999999997,3.2295,-0.067,311.032,0.1,-3.572,3.1855,-0.07450000000000001,311.021,0.1,
-3.6195,3.6814999999999998,-0.1275,311.056,0.1,-3.546,3.721,-0.1325,311.032,0.1,-3.519,3.7205000000000004,-0.0905,311.014,0.1,-3.5305,3.6475,-0.051,311.007,0.1,-3.5294999999999996,3.5629999999999997,-0.0525,311.005,0.1,-3.4814999999999996,3.5330000000000004,-0.0915,310.999,0.1,-3.4059999999999997,3.5585,-0.1295,310.983,0.1,-3.349,3.5995,-0.132,310.97,0.1,-3.343,3.6050000000000004,-0.1125,310.964,0.1,-3.3845,3.552,-0.079,310.97,0.1,-3.4320000000000004,3.468,-0.035500000000000004,310.986,0.1,-3.451,3.407,0.0135,311.006,0.1,-3.459,3.374,0.035500000000000004,311.019,0.1,-3.4905,3.3505000000000003,0.014499999999999999,311.02,0.1,-3.543,3.3064999999999998,-0.022,311.02,0.1,-3.5955000000000004,3.2155,-0.051500000000000004,311.032,0.1,
-3.6725000000000003,3.715,-0.088,311.068,0.1,-3.6180000000000003,3.7495,-0.114,311.043,0.1,-3.604,3.734,-0.0775,311.023,0.1,-3.6115,3.6494999999999997,-0.04,311.017,0.1,-3.591,3.564,-0.049,311.019,0.1,-3.527,3.535,-0.099,311.015,0.1,-3.4480000000000004,3.552,-0.147,311.003,0.1,-3.3875,3.5755,-0.1635,310.992,0.1,-3.365,3.566,-0.1665,310.986,0.1,-3.3785,3.5215,-0.153,310.983,0.1,-3.3970000000000002,3.474,-0.1195,310.986,0.1,-3.4000000000000004,3.4595000000000002,-0.067,310.989,0.1,-3.41,3.4655,-0.0155,310.988,0.1,-3.451,3.4635,0.0155,310.986,0.1,-3.5155000000000003,3.42,0.0165,310.996,0.1,-3.587,3.317,-0.0075,311.022,0.1,
-3.697,3.7395,-0.032,311.067,0.1,-3.6715,3.747,-0.0755,311.044,0.1,-3.6784999999999997,3.7135,-0.0665,311.024,0.1,-3.689,3.635,-0.043,311.022,0.1,-3.662,3.5625,-0.0495,311.032,0.1,-3.5995,3.531,-0.087,311.036,0.1,-3.5265000000000004,3.527,-0.1245,311.033,0.1,-3.4625000000000004,3.521,-0.1545,311.028,0.1,-3.423,3.4955,-0.1815,311.024,0.1,-3.408,3.466,-0.1915,311.017,0.1,-3.4,3.4525,-0.173,311.007,0.1,-3.3890000000000002,3.468,-0.133,310.993,0.1,-3.387,3.5045,-0.079,310.976,0.1,-3.412,3.54,-0.014,310.965,0.1,-3.468,3.5285,0.037,310.973,0.1,-3.5425,3.4459999999999997,0.041999999999999996,311.0,0.1,
-3.7085,3.7555,-0.005,311.052,0.1,-3.7190000000000003,3.724,-0.0535,311.037,0.1,-3.7424999999999997,3.676,-0.078,311.026,0.1,-3.7535,3.6185,-0.0715,311.033,0.1,-3.7275,3.566,-0.062,311.048,0.1,-3.6710000000000003,3.5255,-0.07150000000000001,311.057,0.1,-3.6029999999999998,3.4909999999999997,-0.091,311.061,0.1,-3.5380000000000003,3.4505,-0.124,311.065,0.1,-3.4895,3.411,-0.166,311.066,0.1,-3.4619999999999997,3.3945,-0.19,311.058,0.1,-3.445,3.402,-0.1795,311.041,0.1,-3.4234999999999998,3.427,-0.157,311.018,0.1,-3.399,3.4805,-0.1245,310.988,0.1,-3.3945,3.551,-0.057,310.962,0.1,-3.4255,3.579,0.025,310.956,0.1,-3.4825,3.5345,0.066,310.976,0.1,
-3.7325,3.7640000000000002,-0.018,311.037,0.1,-3.766,3.701,-0.051,311.039,0.1,-3.7935,3.6465,-0.0915,311.046,0.1,-3.8064999999999998,3.613,-0.0895,311.058,0.1,-3.7895,3.5765000000000002,-0.0655,311.07,0.1,-3.7344999999999997,3.524,-0.0595,311.078,0.1,-3.6559999999999997,3.4595000000000002,-0.074,311.086,0.1,-3.581,3.387,-0.1045,311.097,0.1,-3.5315000000000003,3.3305,-0.1455,311.101,0.1,-3.512,3.3145,-0.17149999999999999,311.092,0.1,-3.5035,3.3295000000000003,-0.1665,311.071,0.1,-3.478,3.3525,-0.1595,311.044,0.1,-3.435,3.403,-0.1555,311.009,0.1,-3.403,3.481,-0.1145,310.97,0.1,-3.4000000000000004,3.5365,-0.035,310.95,0.1,-3.4265,3.541,0.033,310.958,0.1,
-3.763,3.7504999999999997,-0.057,311.043,0.1,-3.7995,3.6734999999999998,-0.0545,311.06,0.1,-3.8274999999999997,3.614,-0.08,311.078,0.1,-3.8495,3.59,-0.076,311.085,0.1,-3.8465,3.562,-0.051500000000000004,311.092,0.1,-3.7895000000000003,3.5065,-0.0485,311.1,0.1,-3.6915,3.4255,-0.07,311.108,0.1,-3.6014999999999997,3.3285,-0.0985,311.119,0.1,-3.5545,3.252,-0.1335,311.122,0.1,-3.548,3.2270000000000003,-0.161,311.11,0.1,-3.5505,3.2415000000000003,-0.165,311.086,0.1,-3.5315,3.2565,-0.1695,311.058,0.1,-3.4875,3.282,-0.19,311.026,0.1,-3.4375,3.338,-0.19,310.988,0.1,-3.4005,3.411,-0.1365,310.963,0.1,-3.3994999999999997,3.4745,-0.05,310.96,0.1,
-3.7984999999999998,3.695,-0.1015,311.085,0.1,-3.832,3.6115,-0.067,311.1,0.1,-3.8685,3.54,-0.063,311.114,0.1,-3.8994999999999997,3.5105000000000004,-0.056499999999999995,311.114,0.1,-3.8985,3.4905,-0.047,311.116,0.1,-3.8385,3.4435000000000002,-0.0515,311.121,0.1,-3.7344999999999997,3.3575,-0.0695,311.128,0.1,-3.6395,3.247,-0.0925,311.136,0.1,-3.5949999999999998,3.158,-0.119,311.138,0.1,-3.5965,3.1245000000000003,-0.147,311.125,0.1,-3.6109999999999998,3.13,-0.1585,311.101,0.1,-3.609,3.1235,-0.16999999999999998,311.078,0.1,-3.5715,3.1135,-0.2135,311.056,0.1,-3.4995,3.149,-0.255,311.032,0.1,-3.428,3.247,-0.237,311.008,0.1,-3.4125,3.3695,-0.146,310.986,0.1,
-3.862,3.6144999999999996,-0.144,311.147,0.1,-3.893,3.523,-0.0995,311.149,0.1,-3.9325,3.436,-0.07550000000000001,311.152,0.1,-3.9575,3.398,-0.0665,311.147,0.1,-3.9435000000000002,3.3825000000000003,-0.0685,311.144,0.1,-3.88,3.3435,-0.0735,311.145,0.1,-3.7855,3.259,-0.0745,311.151,0.1,-3.7055,3.1494999999999997,-0.0805,311.158,0.1,-3.677,3.0575,-0.0915,311.158,0.1,-3.6935000000000002,3.0095,-0.1075,311.145,0.1,-3.721,2.9859999999999998,-0.1185,311.125,0.1,-3.7235,2.944,-0.14350000000000002,311.111,0.1,-3.6725,2.9125,-0.209,311.103,0.1,-3.5715,2.9565,-0.282,311.09,0.1,-3.4755000000000003,3.0895,-0.295,311.061,0.1,-3.458,3.25,-0.22,311.018,0.1,
-3.928,3.557,-0.185,311.184,0.1,-3.953,3.4615,-0.14300000000000002,311.18,0.1,-3.98,3.3645,-0.107,311.182,0.1,-3.9875,3.3125,-0.0925,311.178,0.1,-3.9604999999999997,3.286,-0.094,311.169,0.1,-3.8994999999999997,3.247,-0.094,311.164,0.1,-3.827,3.1769999999999996,-0.079,311.166,0.1,-3.78,3.0839999999999996,-0.0655,311.172,0.1,-3.782,2.99,-0.055999999999999994,311.17,0.1,-3.816,2.907,-0.051000000000000004,311.158,0.1,-3.8395,2.8315,-0.0605,311.144,0.1,-3.8175,2.761,-0.10550000000000001,311.138,0.1,-3.739,2.739,-0.1905,311.138,0.1,-3.6275,2.808,-0.275,311.125,0.1,-3.5425,2.9575,-0.306,311.085,0.1,-3.545,3.109,-0.259,311.028,0.1,
-3.9619999999999997,3.532,-0.2005,311.191,0.1,-3.983,3.4509999999999996,-0.161,311.191,0.1,-3.998,3.354,-0.12,311.195,0.1,-3.9939999999999998,3.279,-0.103,311.191,0.1,-3.9610000000000003,3.2245,-0.099,311.183,0.1,-3.9045,3.1814999999999998,-0.0915,311.176,0.1,-3.857,3.1375,-0.0695,311.172,0.1,-3.8525,3.067,-0.040999999999999995,311.168,0.1,-3.8899999999999997,2.9645,-0.0115,311.161,0.1,-3.9265,2.8375,0.0065,311.152,0.1,-3.9185,2.7155,-0.0115,311.149,0.1,-3.8605,2.6405000000000003,-0.07100000000000001,311.152,0.1,-3.774,2.6405000000000003,-0.16,311.148,0.1,-3.6895,2.715,-0.244,311.123,0.1,-3.646,2.838,-0.287,311.073,0.1,-3.675,2.9385,-0.271,311.021,0.1,
-3.9855,3.5175,-0.165,311.198,0.1,-4.0135000000000005,3.4735,-0.128,311.195,0.1,-4.026,3.388,-0.0955,311.192,0.1,-4.011,3.2885,-0.0845,311.186,0.1,-3.9690000000000003,3.2055,-0.0805,311.181,0.1,-3.9195,3.162,-0.0725,311.176,0.1,-3.9,3.137,-0.0455,311.166,0.1,-3.931,3.073,-0.0035,311.152,0.1,-3.9850000000000003,2.958,0.040499999999999994,311.142,0.1,-4.006,2.811,0.0645,311.142,0.1,-3.968,2.6799999999999997,0.039,311.151,0.1,-3.8985000000000003,2.6135,-0.0235,311.156,0.1,-3.8325,2.612,-0.108,311.141,0.1,-3.786,2.6565000000000003,-0.192,311.104,0.1,-3.773,2.7295,-0.2485,311.058,0.1,-3.8035,2.7845,-0.2555,311.023,0.1,
-4.0024999999999995,3.511,-0.096,311.2,0.1,-4.04,3.49,-0.0665,311.183,0.1,-4.0504999999999995,3.413,-0.0475,311.169,0.1,-4.028499999999999,3.302,-0.044,311.163,0.1,-3.9855,3.208,-0.045,311.162,0.1,-3.95,3.166,-0.0435,311.155,0.1,-3.9535,3.146,-0.017,311.14,0.1,-3.995,3.078,0.0335,311.127,0.1,-4.038,2.957,0.089,311.123,0.1,-4.0455000000000005,2.81,0.1215,311.133,0.1,-4.0120000000000005,2.686,0.106,311.145,0.1,-3.9610000000000003,2.624,0.048,311.142,0.1,-3.9125,2.612,-0.037500000000000006,311.119,0.1,-3.875,2.633,-0.1265,311.087,0.1,-3.8605,2.681,-0.187,311.055,0.1,-3.878,2.722,-0.2025,311.032,0.1,
-3.719,3.1775,0.07100000000000001,311.204,0.1,-3.695,3.1745,0.043,311.184,0.1,-3.6665,3.2175000000000002,0.03,311.165,0.1,-3.6615,3.2305,0.037000000000000005,311.161,0.1,-3.684,3.1710000000000003,0.0435,311.166,0.1,-3.6985,3.0905,0.023,311.167,0.1,-3.6805,3.0599999999999996,-0.022,311.157,0.1,-3.6435,3.092,-0.0455,311.141,0.1,-3.617,3.1365,-0.024,311.126,0.1,-3.62,3.129,0.0075,311.127,0.1,-3.652,3.0345,0.012,311.147,0.1,-3.6885,2.864,-0.0225,311.175,0.1,-3.699,2.7045000000000003,-0.08499999999999999,311.198,0.1,-3.6905,2.678,-0.1285,311.187,0.1,-3.698,2.7809999999999997,-0.0815,311.151,0.1,-3.726,2.8365,0.012,311.13,0.1,
-3.714,3.1870000000000003,0.028999999999999998,311.181,0.1,-3.6639999999999997,3.197,0.02,311.164,0.1,-3.6305,3.241,0.022,311.147,0.1,-3.643,3.2425,0.0325,311.138,0.1,-3.6845,3.1745,0.0325,311.139,0.1,-3.7035,3.0965,0.0155,311.144,0.1,-3.6785,3.0705,-0.011,311.145,0.1,-3.6315,3.1020000000000003,-0.017,311.137,0.1,-3.6015,3.1445,0.014499999999999999,311.124,0.1,-3.6155,3.126,0.055,311.125,0.1,-3.6645,3.013,0.067,311.145,0.1,-3.7065,2.833,0.026500000000000003,311.174,0.1,-3.7095000000000002,2.6775,-0.0605,311.196,0.1,-3.696,2.654,-0.132,311.184,0.1,-3.7075,2.751,-0.107,311.147,0.1,-3.7405,2.8064999999999998,-0.028,311.122,0.1,
-3.719,3.2155,-0.05,311.168,0.1,-3.6555,3.2415,-0.0435,311.152,0.1,-3.627,3.277,-0.0215,311.135,0.1,-3.6485,3.253,-0.0015,311.126,0.1,-3.687,3.172,-0.0025,311.125,0.1,-3.6925,3.104,-0.0215,311.131,0.1,-3.6535,3.0945,-0.0395,311.131,0.1,-3.601,3.1355,-0.0325,311.123,0.1,-3.5785,3.176,0.006500000000000001,311.114,0.1,-3.6094999999999997,3.1425,0.054,311.119,0.1,-3.6719999999999997,3.0164999999999997,0.0805,311.141,0.1,-3.7135,2.8520000000000003,0.0635,311.171,0.1,-3.713,2.7234999999999996,-0.0105,311.193,0.1,-3.708,2.693,-0.0925,311.186,0.1,-3.7295,2.7405,-0.1,311.155,0.1,-3.7615,2.7560000000000002,-0.059,311.134,0.1,
-3.7545,3.2535,-0.1185,311.169,0.1,-3.6875,3.2954999999999997,-0.11,311.149,0.1,-3.662,3.316,-0.072,311.131,0.1,-3.6814999999999998,3.2584999999999997,-0.0385,311.124,0.1,-3.705,3.1630000000000003,-0.0365,311.127,0.1,-3.6864999999999997,3.1095,-0.066,311.128,0.1,-3.628,3.1224999999999996,-0.0915,311.122,0.1,-3.5715,3.174,-0.08249999999999999,311.111,0.1,-3.5585,3.207,-0.0435,311.102,0.1,-3.599,3.1605,0.005,311.11,0.1,-3.657,3.0385,0.0445,311.133,0.1,-3.6879999999999997,2.91,0.064,311.161,0.1,-3.6955,2.8205,0.0335,311.179,0.1,-3.717,2.7825,-0.0295,311.174,0.1,-3.758,2.7705,-0.063,311.158,0.1,-3.7945,2.7295,-0.066,311.149,0.1,
-3.8125,3.2945,-0.135,311.178,0.1,-3.7515,3.342,-0.1395,311.152,0.1,-3.7295,3.3434999999999997,-0.0925,311.135,0.1,-3.7409999999999997,3.2584999999999997,-0.0505,311.132,0.1,-3.7415000000000003,3.1559999999999997,-0.0545,311.137,0.1,-3.6985,3.114,-0.0985,311.135,0.1,-3.6285,3.1365,-0.1375,311.122,0.1,-3.5709999999999997,3.1855,-0.136,311.108,0.1,-3.5564999999999998,3.2045000000000003,-0.1115,311.099,0.1,-3.5865,3.1555,-0.0745,311.104,0.1,-3.6245,3.0595,-0.0325,311.123,0.1,-3.642,2.98,0.011,311.141,0.1,-3.6605,2.9314999999999998,0.03,311.149,0.1,-3.707,2.899,0.012,311.147,0.1,-3.767,2.8545,-0.02,311.146,0.1,-3.8185000000000002,2.77,-0.047,311.154,0.1,
-3.8635,3.3289999999999997,-0.093,311.185,0.1,-3.8155,3.3615000000000004,-0.1175,311.159,0.1,-3.8049999999999997,3.341,-0.077,311.143,0.1,-3.8155,3.2455,-0.039,311.142,0.1,-3.8005,3.1494999999999997,-0.0525,311.148,0.1,-3.745,3.1135,-0.105,311.147,0.1,-3.6719999999999997,3.1285,-0.1515,311.135,0.1,-3.6094999999999997,3.1574999999999998,-0.165,311.122,0.1,-3.58,3.1595,-0.165,311.114,0.1,-3.5855,3.1189999999999998,-0.1505,311.114,0.1,-3.599,3.0620000000000003,-0.1185,311.121,0.1,-3.6055,3.03,-0.0695,311.125,0.1,-3.628,3.0205,-0.019999999999999997,311.121,0.1,-3.6820000000000004,3.0145,0.0115,311.117,0.1,-3.7505,2.9745,0.015,311.123,0.1,-3.8165,2.8760000000000003,-0.0075,311.142,0.1,
-3.8865,3.3485,-0.034,311.182,0.1,-3.8625,3.3455000000000004,-0.076,311.16,0.1,-3.8715,3.3025,-0.064,311.145,0.1,-3.888,3.215,-0.041499999999999995,311.148,0.1,-3.8689999999999998,3.136,-0.052,311.158,0.1,-3.8120000000000003,3.1,-0.0905,311.161,0.1,-3.74,3.0955000000000004,-0.126,311.155,0.1,-3.673,3.0949999999999998,-0.1535,311.147,0.1,-3.6285,3.0815,-0.1805,311.143,0.1,-3.6109999999999998,3.0564999999999998,-0.19,311.141,0.1,-3.6055,3.0355,-0.17099999999999999,311.137,0.1,-3.604,3.0345,-0.133,311.126,0.1,-3.6185,3.059,-0.0825,311.11,0.1,-3.6580000000000004,3.0935,-0.0175,311.097,0.1,-3.7165,3.084,0.0345,311.102,0.1,-3.781,3.002,0.0395,311.121,0.1,
-3.8970000000000002,3.3545,-0.0045000000000000005,311.168,0.1,-3.9050000000000002,3.3095,-0.052,311.155,0.1,-3.93,3.2504999999999997,-0.0765,311.148,0.1,-3.947,3.1845,-0.07100000000000001,311.157,0.1,-3.927,3.1235,-0.064,311.17,0.1,-3.8715,3.0774999999999997,-0.0745,311.175,0.1,-3.7984999999999998,3.045,-0.093,311.174,0.1,-3.7275,3.015,-0.1245,311.174,0.1,-3.6769999999999996,2.989,-0.1655,311.176,0.1,-3.6544999999999996,2.976,-0.1875,311.173,0.1,-3.6485,2.9745,-0.175,311.163,0.1,-3.6425,2.9859999999999998,-0.1545,311.144,0.1,-3.637,3.0324999999999998,-0.126,311.117,0.1,-3.648,3.101,-0.0575,311.092,0.1,-3.6814999999999998,3.1285,0.025500000000000002,311.086,0.1,-3.7279999999999998,3.085,0.065,311.099,0.1,
-3.9185,3.3514999999999997,-0.017,311.156,0.1,-3.948,3.2785,-0.05,311.158,0.1,-3.9770000000000003,3.2135,-0.0915,311.166,0.1,-3.9960000000000004,3.168,-0.088,311.178,0.1,-3.981,3.1175,-0.0645,311.187,0.1,-3.918,3.0585,-0.063,311.191,0.1,-3.8265000000000002,3.0004999999999997,-0.081,311.192,0.1,-3.7435,2.942,-0.1095,311.198,0.1,-3.6975,2.896,-0.146,311.203,0.1,-3.691,2.88,-0.167,311.199,0.1,-3.699,2.8855,-0.16,311.184,0.1,-3.691,2.901,-0.1555,311.16,0.1,-3.667,2.9475,-0.154,311.129,0.1,-3.651,3.0220000000000002,-0.1115,311.095,0.1,-3.6545,3.0785,-0.0305,311.077,0.1,-3.6795,3.0875000000000004,0.037000000000000005,311.081,0.1,
-3.9465,3.3255,-0.056,311.165,0.1,-3.9795,3.2439999999999998,-0.0525,311.179,0.1,-4.0095,3.1734999999999998,-0.0765,311.194,0.1,-4.0365,3.1319999999999997,-0.0685,311.201,0.1,-4.0295000000000005,3.087,-0.046,311.204,0.1,-3.958,3.027,-0.051500000000000004,311.207,0.1,-3.8455,2.9539999999999997,-0.079,311.208,0.1,-3.7485,2.8689999999999998,-0.1055,311.214,0.1,-3.7055,2.7984999999999998,-0.134,311.218,0.1,-3.713,2.7714999999999996,-0.1565,311.211,0.1,-3.7350000000000003,2.7815,-0.159,311.192,0.1,-3.7355,2.7945,-0.1645,311.166,0.1,-3.7085,2.8179999999999996,-0.1865,311.138,0.1,-3.6719999999999997,2.873,-0.187,311.106,0.1,-3.6475,2.952,-0.1325,311.084,0.1,-3.659,3.0205,-0.0435,311.08,0.1,
-3.9755000000000003,3.251,-0.099,311.204,0.1,-4.0085,3.1654999999999998,-0.061,311.215,0.1,-4.05,3.0825,-0.0535,311.225,0.1,-4.0835,3.0345,-0.0445,311.223,0.1,-4.0745000000000005,2.9985,-0.039,311.221,0.1,-4.000500000000001,2.9465000000000003,-0.052,311.22,0.1,-3.8855,2.8659999999999997,-0.0755,311.221,0.1,-3.7865,2.766,-0.0975,311.225,0.1,-3.747,2.6845,-0.118,311.228,0.1,-3.7615,2.652,-0.14150000000000001,311.22,0.1,-3.793,2.657,-0.1515,311.199,0.1,-3.8064999999999998,2.652,-0.1625,311.178,0.1,-3.7795,2.646,-0.209,311.159,0.1,-3.7175000000000002,2.688,-0.2545,311.139,0.1,-3.6630000000000003,2.794,-0.236,311.117,0.1,-3.6685,2.915,-0.1385,311.097,0.1,
-4.0344999999999995,3.1475,-0.139,311.256,0.1,-4.067,3.0515,-0.0905,311.254,0.1,-4.109,2.9535,-0.0635,311.253,0.1,-4.1315,2.9,-0.055,311.245,0.1,-4.109500000000001,2.872,-0.0615,311.238,0.1,-4.038,2.8265000000000002,-0.0725,311.234,0.1,-3.9395,2.746,-0.0755,311.236,0.1,-3.8594999999999997,2.648,-0.0805,311.241,0.1,-3.8369999999999997,2.567,-0.087,311.242,0.1,-3.8655,2.5235000000000003,-0.099,311.231,0.1,-3.904,2.5015,-0.10750000000000001,311.213,0.1,-3.912,2.467,-0.132,311.199,0.1,-3.8645,2.4485,-0.2025,311.192,0.1,-3.773,2.5045,-0.2815,311.181,0.1,-3.6975,2.6395,-0.294,311.154,0.1,-3.7030000000000003,2.7889999999999997,-0.21,311.115,0.1,
-4.1065000000000005,3.0715000000000003,-0.1765,311.28,0.1,-4.1295,2.9655,-0.1335,311.274,0.1,-4.1525,2.8555,-0.0975,311.271,0.1,-4.156,2.7925,-0.08449999999999999,311.263,0.1,-4.127,2.7590000000000003,-0.0895,311.253,0.1,-4.066,2.7175000000000002,-0.0925,311.245,0.1,-3.993,2.6525,-0.0775,311.244,0.1,-3.9444999999999997,2.5705,-0.062,311.247,0.1,-3.948,2.4865,-0.0485,311.245,0.1,-3.9865000000000004,2.4080000000000004,-0.0395,311.234,0.1,-4.014,2.3385,-0.048,311.222,0.1,-3.9945000000000004,2.2845,-0.0945,311.216,0.1,-3.9215,2.2800000000000002,-0.185,311.215,0.1,-3.8255,2.3585000000000003,-0.274,311.202,0.1,-3.7640000000000002,2.5015,-0.302,311.165,0.1,-3.7855,2.6390000000000002,-0.245,311.113,0.1,
-4.1525,3.0295,-0.19,311.279,0.1,-4.1725,2.9335,-0.153,311.277,0.1,-4.1845,2.8245,-0.11549999999999999,311.275,0.1,-4.1785,2.7445000000000004,-0.1005,311.267,0.1,-4.1434999999999995,2.6875,-0.097,311.257,0.1,-4.082,2.645,-0.0905,311.251,0.1,-4.026999999999999,2.6065,-0.067,311.246,0.1,-4.0175,2.545,-0.036000000000000004,311.241,0.1,-4.0555,2.4505,-0.0035,311.234,0.1,-4.095000000000001,2.33,0.016,311.226,0.1,-4.0885,2.2215,-0.0045000000000000005,311.223,0.1,-4.0335,2.1685,-0.0675,311.225,0.1,-3.958,2.184,-0.1595,311.218,0.1,-3.8935,2.26,-0.243,311.193,0.1,-3.8715,2.3735,-0.281,311.146,0.1,-3.9105,2.464,-0.255,311.096,0.1,
-4.192,2.9955,-0.156,311.28,0.1,-4.219,2.939,-0.1235,311.275,0.1,-4.228,2.8475,-0.095,311.266,0.1,-4.209,2.7455,-0.08549999999999999,311.256,0.1,-4.1615,2.6605,-0.0815,311.251,0.1,-4.1035,2.6165000000000003,-0.0735,311.247,0.1,-4.0775,2.596,-0.0445,311.238,0.1,-4.109,2.5395,0.0005,311.226,0.1,-4.1675,2.434,0.0465,311.216,0.1,-4.1899999999999995,2.302,0.069,311.216,0.1,-4.149,2.1935000000000002,0.038,311.222,0.1,-4.08,2.1475,-0.0275,311.222,0.1,-4.024,2.1550000000000002,-0.112,311.205,0.1,-3.9939999999999998,2.1959999999999997,-0.1935,311.168,0.1,-3.9955,2.2625,-0.244,311.124,0.1,-4.0295000000000005,2.311,-0.243,311.089,0.1,
-4.213,2.979,-0.0895,311.277,0.1,-4.247,2.949,-0.0635,311.259,0.1,-4.2565,2.869,-0.0465,311.242,0.1,-4.234500000000001,2.755,-0.046,311.234,0.1,-4.1899999999999995,2.658,-0.049,311.232,0.1,-4.151999999999999,2.615,-0.049,311.226,0.1,-4.156499999999999,2.599,-0.02,311.212,0.1,-4.202500000000001,2.538,0.0335,311.2,0.1,-4.2475000000000005,2.428,0.091,311.198,0.1,-4.2509999999999994,2.302,0.122,311.205,0.1,-4.211,2.205,0.10250000000000001,311.211,0.1,-4.1575,2.161,0.041499999999999995,311.2,0.1,-4.114,2.154,-0.0445,311.174,0.1,-4.0875,2.171,-0.1325,311.144,0.1,-4.0835,2.215,-0.188,311.113,0.1,-4.103,2.25,-0.1955,311.09,0.1,
-3.723,2.7965,0.067,311.304,0.1,-3.7065,2.8055000000000003,0.039,311.281,0.1,-3.705,2.8555,0.03,311.257,0.1,-3.7215,2.858,0.0445,311.25,0.1,-3.7495,2.7695,0.053000000000000005,311.258,0.1,-3.7625,2.661,0.0275,311.266,0.1,-3.7445000000000004,2.627,-0.0245,311.263,0.1,-3.715,2.6775,-0.0505,311.249,0.1,-3.7055,2.747,-0.026500000000000003,311.235,0.1,-3.726,2.7489999999999997,0.010499999999999999,311.234,0.1,-3.762,2.641,0.02,311.252,0.1,-3.7865,2.4459999999999997,-0.013499999999999998,311.278,0.1,-3.7824999999999998,2.2575000000000003,-0.0805,311.297,0.1,-3.7735000000000003,2.2075,-0.128,311.286,0.1,-3.798,2.2895,-0.0785,311.254,0.1,-3.8449999999999998,2.339,0.018000000000000002,311.235,0.1,
-3.7344999999999997,2.8049999999999997,0.023,311.282,0.1,-3.707,2.8280000000000003,0.014,311.262,0.1,-3.7075,2.8745000000000003,0.022,311.241,0.1,-3.74,2.8585000000000003,0.03949999999999999,311.233,0.1,-3.7815,2.7560000000000002,0.039999999999999994,311.24,0.1,-3.7889999999999997,2.6525,0.0165,311.251,0.1,-3.753,2.6295,-0.017,311.256,0.1,-3.7085,2.6864999999999997,-0.0245,311.248,0.1,-3.6935000000000002,2.7560000000000002,0.0115,311.233,0.1,-3.7205000000000004,2.7455,0.059,311.23,0.1,-3.7695,2.6185,0.075,311.249,0.1,-3.8025,2.4135,0.031,311.275,0.1,-3.803,2.231,-0.063,311.293,0.1,-3.8049999999999997,2.185,-0.136,311.28,0.1,-3.842,2.2605,-0.1045,311.248,0.1,-3.8925,2.315,-0.02,311.228,0.1,
-3.7584999999999997,2.823,-0.057999999999999996,311.268,0.1,-3.7264999999999997,2.8625,-0.0505,311.251,0.1,-3.7325,2.899,-0.0225,311.233,0.1,-3.7705,2.856,0.004,311.227,0.1,-3.803,2.745,0.0025,311.234,0.1,-3.792,2.66,-0.0245,311.245,0.1,-3.7430000000000003,2.6574999999999998,-0.049,311.247,0.1,-3.6935000000000002,2.721,-0.041999999999999996,311.237,0.1,-3.6790000000000003,2.784,0.0035,311.223,0.1,-3.712,2.758,0.058499999999999996,311.224,0.1,-3.77,2.622,0.087,311.244,0.1,-3.8095,2.4364999999999997,0.0645,311.27,0.1,-3.819,2.284,-0.017,311.288,0.1,-3.8354999999999997,2.2295,-0.0975,311.279,0.1,-3.878,2.26,-0.0955,311.255,0.1,-3.9219999999999997,2.2815000000000003,-0.0495,311.237,0.1,
-3.814,2.85,-0.1275,311.269,0.1,-3.781,2.9015,-0.118,311.247,0.1,-3.784,2.9219999999999997,-0.0735,311.23,0.1,-3.81,2.8485,-0.035,311.229,0.1,-3.8215000000000003,2.7344999999999997,-0.035,311.24,0.1,-3.792,2.674,-0.07200000000000001,311.246,0.1,-3.7350000000000003,2.692,-0.10200000000000001,311.239,0.1,-3.685,2.7575000000000003,-0.09,311.224,0.1,-3.6710000000000003,2.808,-0.0445,311.212,0.1,-3.7025,2.7714999999999996,0.0095,311.216,0.1,-3.753,2.6435,0.049,311.236,0.1,-3.7875,2.495,0.062,311.259,0.1,-3.8120000000000003,2.3785,0.0265,311.272,0.1,-3.854,2.3165,-0.0325,311.268,0.1,-3.9085,2.2984999999999998,-0.058499999999999996,311.255,0.1,-3.95,2.2744999999999997,-0.057999999999999996,311.246,0.1,
-3.887,2.883,-0.14300000000000002,311.278,0.1,-3.8550000000000004,2.9299999999999997,-0.146,311.251,0.1,-3.849,2.9299999999999997,-0.0935,311.236,0.1,-3.8575,2.8375,-0.049,311.24,0.1,-3.8495,2.7285,-0.056,311.25,0.1,-3.809,2.6845,-0.1055,311.249,0.1,-3.7505,2.707,-0.146,311.234,0.1,-3.7,2.7615,-0.14,311.218,0.1,-3.68,2.795,-0.1105,311.206,0.1,-3.697,2.76,-0.07,311.209,0.1,-3.7275,2.661,-0.03,311.225,0.1,-3.7515,2.559,0.0075,311.24,0.1,-3.7875,2.479,0.024,311.245,0.1,-3.85,2.427,0.0095,311.242,0.1,-3.918,2.3895,-0.018000000000000002,311.241,0.1,-3.9699999999999998,2.3285,-0.043,311.245,0.1,
-3.9485,2.9095,-0.0985,311.285,0.1,-3.918,2.9299999999999997,-0.121,311.26,0.1,-3.9105,2.907,-0.0755,311.248,0.1,-3.915,2.814,-0.037,311.253,0.1,-3.9005,2.7205,-0.055,311.258,0.1,-3.8579999999999997,2.6814999999999998,-0.111,311.253,0.1,-3.8005,2.6905,-0.156,311.238,0.1,-3.7445,2.7205,-0.1665,311.223,0.1,-3.7089999999999996,2.7365,-0.1635,311.214,0.1,-3.7035,2.7145,-0.1475,311.214,0.1,-3.7135,2.657,-0.11699999999999999,311.22,0.1,-3.7295,2.6005000000000003,-0.0725,311.223,0.1,-3.768,2.561,-0.0245,311.219,0.1,-3.8345000000000002,2.5435,0.0085,311.215,0.1,-3.909,2.5155,0.0135,311.219,0.1,-3.973,2.4355,-0.0085,311.23,0.1,
-3.9770000000000003,2.9185,-0.036000000000000004,311.283,0.1,-3.9560000000000004,2.8975,-0.076,311.265,0.1,-3.9595000000000002,2.8529999999999998,-0.06,311.254,0.1,-3.973,2.774,-0.039,311.258,0.1,-3.9625,2.6985,-0.054,311.262,0.1,-3.9225,2.6525,-0.094,311.258,0.1,-3.8665,2.637,-0.1275,311.248,0.1,-3.8055,2.64,-0.153,311.239,0.1,-3.7565,2.6470000000000002,-0.179,311.235,0.1,-3.733,2.6435000000000004,-0.188,311.234,0.1,-3.7305,2.62,-0.169,311.23,0.1,-3.7415000000000003,2.5949999999999998,-0.1335,311.221,0.1,-3.7715,2.5975,-0.08549999999999999,311.208,0.1,-3.825,2.6265,-0.020999999999999998,311.196,0.1,-3.8885,2.623,0.032,311.197,0.1,-3.9444999999999997,2.551,0.036000000000000004,311.209,0.1,
-3.9825,2.9154999999999998,-0.004,311.273,0.1,-3.985,2.856,-0.05,311.263,0.1,-4.0024999999999995,2.798,-0.074,311.257,0.1,-4.022,2.7385,-0.0695,311.26,0.1,-4.015499999999999,2.6695,-0.0655,311.265,0.1,-3.976,2.6025,-0.077,311.265,0.1,-3.9135,2.56,-0.0945,311.262,0.1,-3.8449999999999998,2.544,-0.1255,311.262,0.1,-3.7935,2.5465,-0.1645,311.262,0.1,-3.775,2.551,-0.184,311.258,0.1,-3.7800000000000002,2.5410000000000004,-0.16949999999999998,311.248,0.1,-3.787,2.533,-0.1515,311.233,0.1,-3.797,2.567,-0.1265,311.21,0.1,-3.822,2.6295,-0.057,311.188,0.1,-3.8575,2.6565000000000003,0.0265,311.18,0.1,-3.8955,2.6215,0.0635,311.188,0.1,
-3.9875,2.9124999999999996,-0.015,311.267,0.1,-4.011,2.8360000000000003,-0.048,311.266,0.1,-4.038,2.7705,-0.0905,311.267,0.1,-4.067500000000001,2.717,-0.08549999999999999,311.27,0.1,-4.0685,2.641,-0.0635,311.274,0.1,-4.015000000000001,2.5570000000000004,-0.0675,311.277,0.1,-3.925,2.4985,-0.0885,311.279,0.1,-3.8419999999999996,2.4625,-0.1145,311.282,0.1,-3.8005,2.443,-0.1455,311.282,0.1,-3.806,2.434,-0.161,311.276,0.1,-3.8289999999999997,2.4275,-0.152,311.262,0.1,-3.8345000000000002,2.4314999999999998,-0.1505,311.243,0.1,-3.823,2.4715,-0.1515,311.217,0.1,-3.8165,2.5395,-0.107,311.188,0.1,-3.8245,2.598,-0.026000000000000002,311.172,0.1,-3.854,2.62,0.0405,311.173,0.1,
-3.9979999999999998,2.8914999999999997,-0.0535,311.274,0.1,-4.0305,2.814,-0.0495,311.279,0.1,-4.069,2.734,-0.07200000000000001,311.283,0.1,-4.1135,2.6660000000000004,-0.0595,311.284,0.1,-4.1205,2.5854999999999997,-0.039999999999999994,311.287,0.1,-4.0515,2.508,-0.055,311.291,0.1,-3.936,2.444,-0.0885,311.291,0.1,-3.8405,2.3815,-0.1125,311.292,0.1,-3.8055000000000003,2.3295000000000003,-0.1335,311.291,0.1,-3.8245,2.3035,-0.1495,311.283,0.1,-3.8594999999999997,2.305,-0.151,311.267,0.1,-3.872,2.3145,-0.158,311.245,0.1,-3.8525,2.3365,-0.182,311.222,0.1,-3.8209999999999997,2.3925,-0.1825,311.196,0.1,-3.8085,2.48,-0.1275,311.178,0.1,-3.8415,2.5585,-0.036500000000000005,311.17,0.1,
-4.0235,2.809,-0.095,311.3,0.1,-4.0635,2.7245,-0.053000000000000005,311.301,0.1,-4.1205,2.6239999999999997,-0.042499999999999996,311.302,0.1,-4.1705000000000005,2.543,-0.0315,311.299,0.1,-4.17,2.473,-0.0305,311.298,0.1,-4.098,2.411,-0.052,311.297,0.1,-3.987,2.3425000000000002,-0.081,311.296,0.1,-3.8970000000000002,2.2649999999999997,-0.10200000000000001,311.296,0.1,-3.867,2.2015000000000002,-0.1155,311.295,0.1,-3.8890000000000002,2.1734999999999998,-0.1345,311.287,0.1,-3.9269999999999996,2.177,-0.14250000000000002,311.271,0.1,-3.9435000000000002,2.176,-0.1535,311.253,0.1,-3.914,2.1790000000000003,-0.203,311.236,0.1,-3.8535000000000004,2.232,-0.253,311.219,0.1,-3.8175,2.343,-0.2345,311.199,0.1,-3.8529999999999998,2.455,-0.1295,311.178,0.1,
-4.105,2.6814999999999998,-0.133,311.335,0.1,-4.1445,2.58,-0.0795,311.327,0.1,-4.1975,2.4604999999999997,-0.0505,311.321,0.1,-4.227,2.3775000000000004,-0.042499999999999996,311.313,0.1,-4.2085,2.325,-0.0545,311.307,0.1,-4.1455,2.276,-0.0715,311.303,0.1,-4.0615000000000006,2.21,-0.0765,311.301,0.1,-3.9955,2.136,-0.08,311.302,0.1,-3.982,2.0765000000000002,-0.081,311.3,0.1,-4.0120000000000005,2.0435,-0.0885,311.29,0.1,-4.046,2.0285,-0.094,311.275,0.1,-4.046,2.009,-0.1195,311.262,0.1,-3.9915000000000003,2.0115,-0.1955,311.254,0.1,-3.9050000000000002,2.077,-0.2805,311.243,0.1,-3.852,2.1995,-0.292,311.219,0.1,-3.8855,2.3195,-0.1985,311.185,0.1,
-4.2155000000000005,2.5855,-0.16749999999999998,311.345,0.1,-4.241,2.464,-0.1225,311.335,0.1,-4.265000000000001,2.3265000000000002,-0.0865,311.33,0.1,-4.2705,2.2415000000000003,-0.076,311.323,0.1,-4.2490000000000006,2.2,-0.08499999999999999,311.314,0.1,-4.202500000000001,2.1654999999999998,-0.0915,311.305,0.1,-4.145,2.1174999999999997,-0.076,311.301,0.1,-4.103,2.0575,-0.057999999999999996,311.298,0.1,-4.1005,1.993,-0.039999999999999994,311.293,0.1,-4.127,1.93,-0.027000000000000003,311.284,0.1,-4.1434999999999995,1.88,-0.034,311.275,0.1,-4.1195,1.8519999999999999,-0.08349999999999999,311.267,0.1,-4.0525,1.8675,-0.179,311.263,0.1,-3.9734999999999996,1.9415,-0.272,311.251,0.1,-3.9345,2.056,-0.296,311.22,0.1,-3.9719999999999995,2.162,-0.22949999999999998,311.178,0.1,
-4.2985,2.5255,-0.1785,311.338,0.1,-4.3255,2.4025,-0.14450000000000002,311.333,0.1,-4.3420000000000005,2.268,-0.1105,311.33,0.1,-4.338,2.1805,-0.0975,311.321,0.1,-4.3055,2.13,-0.0955,311.31,0.1,-4.246499999999999,2.0985,-0.0895,311.303,0.1,-4.1884999999999994,2.0725,-0.0645,311.297,0.1,-4.1690000000000005,2.0294999999999996,-0.0305,311.29,0.1,-4.1935,1.9555,0.0055,311.282,0.1,-4.221500000000001,1.8599999999999999,0.026000000000000002,311.276,0.1,-4.2125,1.7835,0.0025,311.273,0.1,-4.1655,1.7565,-0.064,311.271,0.1,-4.1045,1.7765,-0.1585,311.262,0.1,-4.0575,1.8365,-0.241,311.24,0.1,-4.049,1.9235,-0.2725,311.201,0.1,-4.091,1.997,-0.2375,311.16,0.1,
-4.3774999999999995,2.4615,-0.146,311.335,0.1,-4.4085,2.378,-0.119,311.329,0.1,-4.416,2.2755,-0.095,311.319,0.1,-4.393,2.181,-0.0865,311.307,0.1,-4.340999999999999,2.106,-0.0825,311.299,0.1,-4.277,2.067,-0.0745,311.295,0.1,-4.242000000000001,2.051,-0.043,311.287,0.1,-4.2635000000000005,2.0125,0.0055,311.277,0.1,-4.3149999999999995,1.9385,0.053500000000000006,311.269,0.1,-4.336,1.8465,0.073,311.267,0.1,-4.299,1.773,0.036000000000000004,311.267,0.1,-4.2355,1.74,-0.032,311.262,0.1,-4.1835,1.7395,-0.1155,311.246,0.1,-4.157,1.767,-0.194,311.214,0.1,-4.1605,1.8215,-0.238,311.177,0.1,-4.1935,1.866,-0.22899999999999998,311.147,0.1,
-4.4125,2.427,-0.08299999999999999,311.33,0.1,-4.4399999999999995,2.374,-0.06,311.314,0.1,-4.4455,2.292,-0.046,311.299,0.1,-4.4239999999999995,2.191,-0.048,311.289,0.1,-4.383,2.103,-0.0535,311.282,0.1,-4.346,2.061,-0.055,311.275,0.1,-4.346500000000001,2.046,-0.0225,311.263,0.1,-4.386,2.004,0.035,311.252,0.1,-4.4275,1.933,0.093,311.249,0.1,-4.432499999999999,1.855,0.122,311.25,0.1,-4.3934999999999995,1.791,0.0975,311.247,0.1,-4.335,1.751,0.034,311.233,0.1,-4.2825,1.733,-0.052000000000000005,311.21,0.1,-4.2505,1.742,-0.138,311.185,0.1,-4.247999999999999,1.782,-0.188,311.16,0.1,-4.272,1.817,-0.188,311.139,0.1,
-3.7270000000000003,2.4154999999999998,0.064,311.404,0.1,-3.718,2.4370000000000003,0.0365,311.379,0.1,-3.7435,2.4939999999999998,0.031,311.349,0.1,-3.781,2.4865,0.051500000000000004,311.339,0.1,-3.8155,2.3685,0.063,311.351,0.1,-3.8265000000000002,2.2314999999999996,0.0325,311.366,0.1,-3.8075,2.1935000000000002,-0.0265,311.369,0.1,-3.7855,2.2634999999999996,-0.055,311.358,0.1,-3.793,2.358,-0.0285,311.344,0.1,-3.8315,2.3685,0.014,311.341,0.1,-3.872,2.248,0.0275,311.356,0.1,-3.884,2.0275,-0.0055,311.381,0.1,-3.8655,1.8105,-0.076,311.397,0.1,-3.856,1.7365,-0.127,311.385,0.1,-3.8970000000000002,1.798,-0.0745,311.357,0.1,-3.9635,1.841,0.0245,311.341,0.1,
-3.7555,2.4225000000000003,0.0175,311.382,0.1,-3.7504999999999997,2.4595000000000002,0.009,311.36,0.1,-3.784,2.509,0.0225,311.336,0.1,-3.8369999999999997,2.4745,0.0465,311.328,0.1,-3.879,2.338,0.048,311.341,0.1,-3.875,2.2085,0.017,311.359,0.1,-3.8285,2.188,-0.023,311.367,0.1,-3.7855,2.271,-0.0315,311.359,0.1,-3.7845,2.3674999999999997,0.009000000000000001,311.341,0.1,-3.8245,2.364,0.0635,311.336,0.1,-3.8739999999999997,2.2245,0.08249999999999999,311.352,0.1,-3.8979999999999997,1.9945,0.035,311.376,0.1,-3.8964999999999996,1.785,-0.0655,311.39,0.1,-3.9139999999999997,1.7155,-0.1395,311.375,0.1,-3.976,1.77,-0.101,311.349,0.1,-4.0440000000000005,1.8235000000000001,-0.0125,311.333,0.1,
-3.799,2.43,-0.0655,311.368,0.1,-3.7984999999999998,2.4835000000000003,-0.056499999999999995,311.349,0.1,-3.839,2.5215,-0.0225,311.331,0.1,-3.893,2.4585,0.01,311.328,0.1,-3.9185,2.318,0.006999999999999999,311.342,0.1,-3.8905000000000003,2.2165,-0.027999999999999997,311.36,0.1,-3.8325,2.22,-0.058499999999999996,311.364,0.1,-3.787,2.3064999999999998,-0.0505,311.351,0.1,-3.7794999999999996,2.3925,0.001,311.333,0.1,-3.814,2.3735,0.063,311.33,0.1,-3.8685,2.2275,0.093,311.347,0.1,-3.9065,2.021,0.0655,311.37,0.1,-3.9255,1.8439999999999999,-0.023,311.382,0.1,-3.963,1.766,-0.10200000000000001,311.372,0.1,-4.027,1.7795,-0.0905,311.355,0.1,-4.0825,1.807,-0.040499999999999994,311.34,0.1,
-3.873,2.4455,-0.136,311.369,0.1,-3.8739999999999997,2.5069999999999997,-0.125,311.346,0.1,-3.9055,2.5275,-0.074,311.33,0.1,-3.938,2.439,-0.031,311.335,0.1,-3.9385000000000003,2.3064999999999998,-0.034,311.353,0.1,-3.8985000000000003,2.239,-0.0785,311.363,0.1,-3.8425000000000002,2.2615,-0.1115,311.356,0.1,-3.7984999999999998,2.3415,-0.097,311.338,0.1,-3.784,2.409,-0.0455,311.322,0.1,-3.806,2.3825000000000003,0.014,311.322,0.1,-3.8485,2.248,0.053,311.339,0.1,-3.887,2.0795000000000003,0.06,311.358,0.1,-3.928,1.936,0.020999999999999998,311.366,0.1,-3.9905,1.85,-0.034,311.361,0.1,-4.0585,1.8265,-0.053000000000000005,311.352,0.1,-4.105,1.8195000000000001,-0.0505,311.343,0.1,
-3.9615,2.4715,-0.1505,311.377,0.1,-3.9585,2.5175,-0.1515,311.349,0.1,-3.9690000000000003,2.516,-0.0935,311.338,0.1,-3.974,2.417,-0.047,311.349,0.1,-3.957,2.302,-0.057999999999999996,311.363,0.1,-3.919,2.2554999999999996,-0.1125,311.363,0.1,-3.8725,2.277,-0.153,311.346,0.1,-3.829,2.3375000000000004,-0.144,311.327,0.1,-3.803,2.385,-0.11,311.313,0.1,-3.8070000000000004,2.3635,-0.0665,311.314,0.1,-3.8295000000000003,2.2625,-0.028,311.327,0.1,-3.8600000000000003,2.1375,0.0045000000000000005,311.338,0.1,-3.914,2.026,0.0195,311.34,0.1,-3.993,1.9549999999999998,0.0085,311.338,0.1,-4.0685,1.924,-0.0155,311.337,0.1,-4.1215,1.8875,-0.0395,311.336,0.1,
-4.033,2.491,-0.10350000000000001,311.384,0.1,-4.019500000000001,2.4985,-0.124,311.361,0.1,-4.015000000000001,2.473,-0.073,311.353,0.1,-4.013999999999999,2.383,-0.034,311.363,0.1,-4.0005,2.292,-0.0565,311.368,0.1,-3.9705,2.25,-0.11599999999999999,311.36,0.1,-3.9284999999999997,2.252,-0.1595,311.34,0.1,-3.8795,2.2824999999999998,-0.1675,311.323,0.1,-3.838,2.3135,-0.1625,311.313,0.1,-3.8215000000000003,2.309,-0.145,311.314,0.1,-3.8280000000000003,2.2525000000000004,-0.116,311.32,0.1,-3.8535,2.1704999999999997,-0.0745,311.321,0.1,-3.908,2.1005000000000003,-0.028,311.317,0.1,-3.9875,2.073,0.006500000000000001,311.313,0.1,-4.068,2.056,0.0125,311.314,0.1,-4.1295,1.9949999999999999,-0.0095,311.318,0.1,
-4.067,2.489,-0.0375,311.384,0.1,-4.0495,2.45,-0.075,311.369,0.1,-4.047499999999999,2.403,-0.0555,311.364,0.1,-4.058,2.3335,-0.035500000000000004,311.367,0.1,-4.056,2.2615,-0.055,311.366,0.1,-4.033,2.2055,-0.096,311.355,0.1,-3.9925,2.1785,-0.1275,311.341,0.1,-3.9375,2.184,-0.1525,311.331,0.1,-3.8845,2.2119999999999997,-0.178,311.327,0.1,-3.8555,2.23,-0.186,311.327,0.1,-3.8555,2.2055,-0.1665,311.324,0.1,-3.8785,2.1559999999999997,-0.133,311.317,0.1,-3.925,2.1355,-0.0875,311.306,0.1,-3.9925,2.1595,-0.0235,311.294,0.1,-4.0600000000000005,2.162,0.0305,311.291,0.1,-4.1075,2.0995,0.0325,311.296,0.1,
-4.068,2.4765,-0.003,311.379,0.1,-4.0649999999999995,2.4035,-0.048,311.372,0.1,-4.075,2.3449999999999998,-0.07150000000000001,311.366,0.1,-4.0969999999999995,2.292,-0.067,311.364,0.1,-4.103999999999999,2.2155,-0.0655,311.36,0.1,-4.0805,2.1275,-0.0785,311.354,0.1,-4.029,2.075,-0.096,311.35,0.1,-3.9625,2.0725,-0.127,311.349,0.1,-3.9095,2.1035,-0.1635,311.348,0.1,-3.895,2.126,-0.179,311.343,0.1,-3.911,2.1085,-0.1625,311.334,0.1,-3.932,2.0805,-0.1475,311.322,0.1,-3.957,2.101,-0.126,311.304,0.1,-3.996,2.158,-0.0555,311.284,0.1,-4.034000000000001,2.184,0.028,311.274,0.1,-4.0625,2.1574999999999998,0.0625,311.278,0.1,
-4.056,2.474,-0.013000000000000001,311.378,0.1,-4.073,2.394,-0.0465,311.374,0.1,-4.0985,2.327,-0.09,311.368,0.1,-4.138999999999999,2.2655000000000003,-0.0815,311.362,0.1,-4.1555,2.1639999999999997,-0.0615,311.362,0.1,-4.111000000000001,2.0549999999999997,-0.07200000000000001,311.363,0.1,-4.0225,1.996,-0.0965,311.365,0.1,-3.9395,1.983,-0.1195,311.365,0.1,-3.903,1.9895,-0.1435,311.361,0.1,-3.9210000000000003,1.988,-0.153,311.352,0.1,-3.9595000000000002,1.9705,-0.14200000000000002,311.341,0.1,-3.9785,1.9625,-0.1445,311.326,0.1,-3.979,1.9955,-0.1475,311.305,0.1,-3.982,2.0575,-0.1015,311.281,0.1,-3.9939999999999998,2.1174999999999997,-0.020999999999999998,311.267,0.1,-4.0275,2.1525,0.044,311.265,0.1,
-4.05,2.4585,-0.0505,311.384,0.1,-4.082,2.3834999999999997,-0.0455,311.379,0.1,-4.128,2.2939999999999996,-0.067,311.372,0.1,-4.189500000000001,2.2,-0.05,311.367,0.1,-4.2105,2.0845000000000002,-0.0335,311.37,0.1,-4.144,1.988,-0.058499999999999996,311.375,0.1,-4.0265,1.9335,-0.098,311.373,0.1,-3.933,1.8940000000000001,-0.119,311.37,0.1,-3.9055,1.8599999999999999,-0.1315,311.363,0.1,-3.936,1.8355,-0.14150000000000001,311.354,0.1,-3.9844999999999997,1.829,-0.14200000000000002,311.342,0.1,-4.009,1.8344999999999998,-0.151,311.325,0.1,-3.9965,1.8555,-0.177,311.306,0.1,-3.9695,1.912,-0.178,311.286,0.1,-3.9684999999999997,2.009,-0.123,311.271,0.1,-4.0235,2.0965,-0.029,311.261,0.1,
-4.0715,2.367,-0.0905,311.397,0.1,-4.1185,2.2835,-0.0435,311.387,0.1,-4.191000000000001,2.1654999999999998,-0.0295,311.38,0.1,-4.2575,2.0515,-0.0175,311.375,0.1,-4.2655,1.9485000000000001,-0.0215,311.375,0.1,-4.1955,1.8744999999999998,-0.0515,311.374,0.1,-4.0885,1.819,-0.086,311.37,0.1,-4.0075,1.764,-0.1055,311.366,0.1,-3.9875,1.7185,-0.112,311.362,0.1,-4.017,1.6955,-0.127,311.354,0.1,-4.061,1.6965,-0.133,311.342,0.1,-4.08,1.6989999999999998,-0.14400000000000002,311.327,0.1,-4.048,1.712,-0.1975,311.313,0.1,-3.989,1.7755,-0.2525,311.298,0.1,-3.9715,1.8925,-0.2335,311.28,0.1,-4.0375,1.9945,-0.1195,311.259,0.1,
-4.175,2.2155,-0.126,311.413,0.1,-4.2225,2.109,-0.0675,311.399,0.1,-4.286,1.968,-0.036,311.389,0.1,-4.322,1.855,-0.028999999999999998,311.381,0.1,-4.308,1.7785,-0.047,311.376,0.1,-4.254,1.725,-0.07,311.372,0.1,-4.1845,1.6735000000000002,-0.078,311.367,0.1,-4.1325,1.6244999999999998,-0.08,311.363,0.1,-4.127,1.5865,-0.075,311.359,0.1,-4.1585,1.5645,-0.0775,311.349,0.1,-4.188000000000001,1.5554999999999999,-0.08049999999999999,311.337,0.1,-4.1795,1.5510000000000002,-0.10700000000000001,311.325,0.1,-4.1185,1.5739999999999998,-0.1895,311.316,0.1,-4.0375,1.6495000000000002,-0.2805,311.305,0.1,-4.007,1.7595,-0.29,311.284,0.1,-4.067500000000001,1.849,-0.186,311.256,0.1,
-4.3235,2.1,-0.158,311.41,0.1,-4.3525,1.963,-0.111,311.396,0.1,-4.3774999999999995,1.798,-0.07550000000000001,311.389,0.1,-4.3845,1.6909999999999998,-0.068,311.383,0.1,-4.371,1.641,-0.0815,311.376,0.1,-4.3395,1.613,-0.091,311.366,0.1,-4.297000000000001,1.5815000000000001,-0.0755,311.357,0.1,-4.261,1.5445,-0.0555,311.349,0.1,-4.253500000000001,1.5,-0.032,311.342,0.1,-4.268000000000001,1.4525000000000001,-0.0145,311.335,0.1,-4.273,1.4215,-0.0205,311.327,0.1,-4.245,1.4205,-0.07350000000000001,311.318,0.1,-4.184,1.455,-0.174,311.312,0.1,-4.1215,1.524,-0.2695,311.3,0.1,-4.1055,1.611,-0.2895,311.276,0.1,-4.159000000000001,1.6844999999999999,-0.2135,311.243,0.1,
-4.4445,2.0215,-0.16699999999999998,311.397,0.1,-4.479,1.8725,-0.136,311.389,0.1,-4.499,1.7120000000000002,-0.1065,311.384,0.1,-4.4975,1.6164999999999998,-0.0955,311.375,0.1,-4.467499999999999,1.5725,-0.095,311.364,0.1,-4.41,1.5514999999999999,-0.089,311.356,0.1,-4.35,1.5385,-0.0625,311.347,0.1,-4.3205,1.513,-0.025500000000000002,311.338,0.1,-4.330500000000001,1.46,0.014499999999999999,311.33,0.1,-4.348000000000001,1.3900000000000001,0.035500000000000004,311.326,0.1,-4.3365,1.3445,0.008,311.322,0.1,-4.297,1.3445,-0.0615,311.317,0.1,-4.2509999999999994,1.3695,-0.1575,311.306,0.1,-4.221,1.4125,-0.2385,311.286,0.1,-4.2265,1.4735,-0.2635,311.256,0.1,-4.272,1.53,-0.2205,311.224,0.1,
-4.5625,1.928,-0.1365,311.39,0.1,-4.598000000000001,1.8175,-0.115,311.383,0.1,-4.604,1.7040000000000002,-0.0955,311.372,0.1,-4.577,1.6155,-0.088,311.358,0.1,-4.521,1.552,-0.083,311.348,0.1,-4.4505,1.5175,-0.0755,311.343,0.1,-4.406000000000001,1.5065,-0.0415,311.336,0.1,-4.418,1.4849999999999999,0.011,311.328,0.1,-4.463,1.443,0.0605,311.322,0.1,-4.4825,1.3905,0.076,311.318,0.1,-4.449,1.3519999999999999,0.0325,311.313,0.1,-4.391500000000001,1.3319999999999999,-0.037500000000000006,311.302,0.1,-4.344,1.324,-0.119,311.286,0.1,-4.32,1.338,-0.194,311.261,0.1,-4.325,1.3805,-0.23149999999999998,311.231,0.1,-4.356999999999999,1.4205,-0.2155,311.204,0.1,
-4.612,1.876,-0.078,311.382,0.1,-4.6325,1.799,-0.0575,311.369,0.1,-4.6345,1.715,-0.046,311.356,0.1,-4.6145,1.626,-0.0495,311.343,0.1,-4.5765,1.549,-0.057999999999999996,311.332,0.1,-4.54,1.507,-0.061,311.323,0.1,-4.536,1.493,-0.025500000000000002,311.313,0.1,-4.569,1.47,0.036,311.305,0.1,-4.6075,1.439,0.094,311.3,0.1,-4.614000000000001,1.407,0.1205,311.295,0.1,-4.5760000000000005,1.377,0.092,311.283,0.1,-4.513,1.341,0.026,311.265,0.1,-4.4515,1.312,-0.0595,311.246,0.1,-4.414,1.313,-0.1435,311.227,0.1,-4.4125,1.35,-0.188,311.206,0.1,-4.4399999999999995,1.383,-0.181,311.187,0.1,
-3.762,2.032,0.0625,311.49,0.1,-3.765,2.0525,0.0365,311.464,0.1,-3.8055000000000003,2.1015,0.0335,311.435,0.1,-3.8495,2.0860000000000003,0.058499999999999996,311.423,0.1,-3.8795,1.961,0.07300000000000001,311.434,0.1,-3.8845,1.8195000000000001,0.038500000000000006,311.449,0.1,-3.8645,1.7845,-0.027,311.453,0.1,-3.849,1.8665,-0.059,311.443,0.1,-3.867,1.9815,-0.0295,311.431,0.1,-3.9125,2.013,0.018000000000000002,311.426,0.1,-3.9525,1.9045,0.0345,311.436,0.1,-3.9595000000000002,1.6855,0.001,311.452,0.1,-3.941,1.468,-0.07200000000000001,311.461,0.1,-3.9415,1.3875,-0.124,311.447,0.1,-3.9960000000000004,1.4385,-0.0675,311.424,0.1,-4.0685,1.4825,0.0315,311.41,0.1,
-3.7965,2.0375,0.0135,311.468,0.1,-3.8085,2.0725,0.006500000000000001,311.446,0.1,-3.8600000000000003,2.1125,0.024,311.421,0.1,-3.9195,2.0675,0.053000000000000005,311.412,0.1,-3.956,1.9235,0.055499999999999994,311.425,0.1,-3.9435000000000002,1.793,0.0175,311.443,0.1,-3.896,1.783,-0.028499999999999998,311.45,0.1,-3.8615000000000004,1.8825,-0.037500000000000006,311.441,0.1,-3.871,1.998,0.008,311.423,0.1,-3.9139999999999997,2.0145,0.068,311.415,0.1,-3.956,1.8885,0.089,311.426,0.1,-3.9705,1.6640000000000001,0.0385,311.444,0.1,-3.9695,1.4565000000000001,-0.0685,311.45,0.1,-4.0005,1.379,-0.142,311.435,0.1,-4.077999999999999,1.4205,-0.0955,311.414,0.1,-4.151,1.4755,-0.0055,311.402,0.1,
-3.8419999999999996,2.0460000000000003,-0.07200000000000001,311.453,0.1,-3.8594999999999997,2.096,-0.0605,311.434,0.1,-3.9185,2.1235,-0.020999999999999998,311.415,0.1,-3.9800000000000004,2.0495,0.016,311.412,0.1,-4.000500000000001,1.9049999999999998,0.011,311.427,0.1,-3.9655,1.806,-0.0325,311.443,0.1,-3.9085,1.8195000000000001,-0.067,311.445,0.1,-3.871,1.9180000000000001,-0.057499999999999996,311.43,0.1,-3.8695000000000004,2.0195,-0.001,311.41,0.1,-3.901,2.0205,0.0665,311.405,0.1,-3.9465,1.891,0.0985,311.418,0.1,-3.9785,1.6935,0.0665,311.435,0.1,-4.0005,1.5190000000000001,-0.028499999999999998,311.442,0.1,-4.047499999999999,1.4340000000000002,-0.105,311.431,0.1,-4.12,1.437,-0.08499999999999999,311.417,0.1,-4.1775,1.4685000000000001,-0.0325,311.405,0.1,
-3.917,2.066,-0.14400000000000002,311.451,0.1,-3.9355,2.1189999999999998,-0.13,311.428,0.1,-3.984,2.1275,-0.073,311.412,0.1,-4.0225,2.0315000000000003,-0.027000000000000003,311.417,0.1,-4.02,1.9015,-0.034,311.435,0.1,-3.978,1.838,-0.08549999999999999,311.444,0.1,-3.9275,1.863,-0.12,311.434,0.1,-3.8914999999999997,1.9475,-0.10250000000000001,311.414,0.1,-3.8760000000000003,2.0285,-0.047,311.397,0.1,-3.8885,2.0220000000000002,0.0175,311.395,0.1,-3.9225000000000003,1.905,0.0565,311.408,0.1,-3.9610000000000003,1.745,0.059,311.422,0.1,-4.009,1.6015000000000001,0.018000000000000002,311.426,0.1,-4.077500000000001,1.509,-0.0325,311.42,0.1,-4.1475,1.4805000000000001,-0.0465,311.412,0.1,-4.1935,1.4825,-0.044,311.403,0.1,
-4.0095,2.0949999999999998,-0.1575,311.456,0.1,-4.02,2.1254999999999997,-0.1555,311.429,0.1,-4.042,2.1115,-0.092,311.418,0.1,-4.0515,2.0125,-0.0445,311.429,0.1,-4.036,1.905,-0.0595,311.441,0.1,-4.0035,1.8615,-0.1185,311.438,0.1,-3.9665,1.88,-0.1585,311.42,0.1,-3.9284999999999997,1.94,-0.147,311.4,0.1,-3.8979999999999997,1.9989999999999999,-0.11,311.386,0.1,-3.8905000000000003,1.9980000000000002,-0.064,311.385,0.1,-3.9045,1.9140000000000001,-0.0265,311.395,0.1,-3.9365,1.7934999999999999,0.002,311.403,0.1,-3.9985,1.6760000000000002,0.018,311.402,0.1,-4.085,1.597,0.011,311.398,0.1,-4.164,1.5670000000000002,-0.012,311.396,0.1,-4.215,1.5434999999999999,-0.037,311.393,0.1,
-4.09,2.1105,-0.1075,311.46,0.1,-4.084,2.0999999999999996,-0.125,311.438,0.1,-4.086,2.065,-0.0685,311.43,0.1,-4.0865,1.9794999999999998,-0.0295,311.438,0.1,-4.0755,1.896,-0.057,311.441,0.1,-4.055,1.8545,-0.1185,311.43,0.1,-4.0255,1.8535,-0.1615,311.409,0.1,-3.9835000000000003,1.8845,-0.1685,311.391,0.1,-3.939,1.928,-0.1625,311.381,0.1,-3.9125,1.945,-0.144,311.382,0.1,-3.9115,1.9035,-0.116,311.386,0.1,-3.9379999999999997,1.8199999999999998,-0.0755,311.386,0.1,-4.001,1.738,-0.0285,311.381,0.1,-4.0915,1.7015,0.006500000000000001,311.377,0.1,-4.1775,1.6875,0.0125,311.375,0.1,-4.234999999999999,1.6400000000000001,-0.011,311.373,0.1,
-4.139,2.0970000000000004,-0.037,311.459,0.1,-4.123,2.0454999999999997,-0.073,311.444,0.1,-4.1185,1.994,-0.05,311.438,0.1,-4.1259999999999994,1.928,-0.03,311.439,0.1,-4.1265,1.858,-0.053,311.433,0.1,-4.115,1.7995,-0.0945,311.419,0.1,-4.089,1.7735,-0.1255,311.405,0.1,-4.042,1.788,-0.152,311.394,0.1,-3.987,1.8355,-0.178,311.39,0.1,-3.9524999999999997,1.8735,-0.184,311.389,0.1,-3.951,1.8575,-0.163,311.386,0.1,-3.978,1.7999999999999998,-0.13,311.38,0.1,-4.034000000000001,1.766,-0.087,311.37,0.1,-4.1129999999999995,1.7814999999999999,-0.023,311.358,0.1,-4.1865,1.785,0.03,311.352,0.1,-4.2285,1.7335,0.028499999999999998,311.351,0.1,
-4.1515,2.0735,-0.0005,311.452,0.1,-4.1425,1.9965,-0.046,311.444,0.1,-4.1419999999999995,1.937,-0.069,311.436,0.1,-4.16,1.883,-0.0625,311.43,0.1,-4.1739999999999995,1.8014999999999999,-0.0625,311.422,0.1,-4.163,1.71,-0.0785,311.413,0.1,-4.123,1.6645,-0.097,311.408,0.1,-4.063000000000001,1.681,-0.1285,311.405,0.1,-4.0115,1.7365,-0.162,311.403,0.1,-3.9995000000000003,1.7730000000000001,-0.17149999999999999,311.397,0.1,-4.021,1.7555,-0.152,311.389,0.1,-4.047499999999999,1.718,-0.14100000000000001,311.379,0.1,-4.0794999999999995,1.7275,-0.1225,311.362,0.1,-4.1274999999999995,1.7765,-0.051000000000000004,311.344,0.1,-4.1715,1.802,0.031,311.333,0.1,-4.197,1.786,0.061,311.332,0.1,
-4.141,2.066,-0.010499999999999999,311.449,0.1,-4.149,1.9885000000000002,-0.0455,311.443,0.1,-4.167,1.921,-0.0895,311.432,0.1,-4.2105,1.853,-0.076,311.421,0.1,-4.2355,1.7435,-0.057499999999999996,311.417,0.1,-4.198,1.635,-0.0765,311.417,0.1,-4.1145,1.5870000000000002,-0.10550000000000001,311.417,0.1,-4.037,1.5955,-0.1245,311.415,0.1,-4.008,1.623,-0.139,311.409,0.1,-4.0335,1.6280000000000001,-0.1405,311.399,0.1,-4.077999999999999,1.6075,-0.1285,311.388,0.1,-4.1,1.595,-0.136,311.374,0.1,-4.1045,1.621,-0.14150000000000001,311.357,0.1,-4.1155,1.6760000000000002,-0.094,311.337,0.1,-4.134,1.737,-0.014499999999999999,311.325,0.1,-4.1675,1.7845,0.0475,311.32,0.1,
-4.138,2.0469999999999997,-0.0465,311.451,0.1,-4.167999999999999,1.976,-0.039999999999999994,311.44,0.1,-4.215,1.8865,-0.06,311.427,0.1,-4.281499999999999,1.7850000000000001,-0.0385,311.417,0.1,-4.307,1.6625,-0.0265,311.419,0.1,-4.2425,1.5715,-0.0625,311.421,0.1,-4.128500000000001,1.5295,-0.1075,311.418,0.1,-4.042,1.5085000000000002,-0.124,311.412,0.1,-4.022,1.4905,-0.127,311.403,0.1,-4.0565,1.471,-0.1315,311.393,0.1,-4.106,1.463,-0.131,311.382,0.1,-4.1315,1.4689999999999999,-0.14200000000000002,311.367,0.1,-4.1205,1.4875,-0.17099999999999999,311.352,0.1,-4.096500000000001,1.5415,-0.1745,311.337,0.1,-4.099500000000001,1.6415000000000002,-0.119,311.324,0.1,-4.157,1.738,-0.0205,311.314,0.1,
-4.1765,1.9485,-0.08399999999999999,311.452,0.1,-4.2265,1.866,-0.031,311.437,0.1,-4.302,1.7505000000000002,-0.0135,311.424,0.1,-4.3705,1.6320000000000001,-0.001,311.417,0.1,-4.381,1.525,-0.012,311.416,0.1,-4.314500000000001,1.4585,-0.0505,311.413,0.1,-4.212,1.4185,-0.0895,311.407,0.1,-4.1355,1.383,-0.1075,311.399,0.1,-4.1165,1.3545,-0.1075,311.393,0.1,-4.1419999999999995,1.3384999999999998,-0.1185,311.384,0.1,-4.1825,1.3395000000000001,-0.1225,311.374,0.1,-4.2005,1.345,-0.1335,311.363,0.1,-4.165,1.3635000000000002,-0.1935,311.351,0.1,-4.102,1.431,-0.2545,311.339,0.1,-4.0855,1.5474999999999999,-0.233,311.324,0.1,-4.1565,1.6455000000000002,-0.10750000000000001,311.306,0.1,
-4.3035,1.7894999999999999,-0.1175,311.453,0.1,-4.3505,1.6815,-0.0535,311.436,0.1,-4.4155,1.544,-0.0185,311.422,0.1,-4.455,1.431,-0.013999999999999999,311.414,0.1,-4.4445,1.3575,-0.0385,311.408,0.1,-4.3934999999999995,1.3155000000000001,-0.0685,311.401,0.1,-4.3260000000000005,1.2835,-0.0795,311.392,0.1,-4.273,1.2555,-0.0805,311.384,0.1,-4.2620000000000005,1.2335,-0.069,311.378,0.1,-4.285,1.218,-0.0655,311.37,0.1,-4.3085,1.212,-0.067,311.36,0.1,-4.2965,1.217,-0.096,311.351,0.1,-4.231,1.255,-0.186,311.342,0.1,-4.1465,1.337,-0.2825,311.333,0.1,-4.118,1.4375,-0.2875,311.316,0.1,-4.1855,1.5070000000000001,-0.17099999999999999,311.293,0.1,
-4.48,1.6715,-0.148,311.439,0.1,-4.5085,1.5335,-0.099,311.422,0.1,-4.535,1.3735,-0.0645,311.412,0.1,-4.5440000000000005,1.2734999999999999,-0.06,311.404,0.1,-4.531000000000001,1.236,-0.079,311.396,0.1,-4.4990000000000006,1.2235,-0.0925,311.384,0.1,-4.454000000000001,1.2095,-0.0775,311.371,0.1,-4.4125,1.188,-0.055,311.361,0.1,-4.3965,1.1545,-0.0245,311.354,0.1,-4.401,1.115,-0.002,311.349,0.1,-4.398,1.0945,-0.009000000000000001,311.344,0.1,-4.365,1.1105,-0.066,311.335,0.1,-4.301500000000001,1.1604999999999999,-0.17099999999999999,311.329,0.1,-4.2395,1.2309999999999999,-0.267,311.318,0.1,-4.227,1.3005,-0.281,311.299,0.1,-4.284,1.35,-0.1965,311.273,0.1,
-4.6225000000000005,1.597,-0.1555,311.42,0.1,-4.6579999999999995,1.4500000000000002,-0.128,311.408,0.1,-4.676,1.2995,-0.1045,311.399,0.1,-4.67,1.2175,-0.096,311.387,0.1,-4.635999999999999,1.1885,-0.0955,311.375,0.1,-4.5755,1.1789999999999998,-0.09,311.367,0.1,-4.511,1.1745,-0.0615,311.359,0.1,-4.474,1.1589999999999998,-0.020499999999999997,311.35,0.1,-4.4745,1.119,0.023,311.343,0.1,-4.481999999999999,1.0645,0.043,311.339,0.1,-4.462,1.0379999999999998,0.0095,311.335,0.1,-4.417,1.053,-0.062,311.328,0.1,-4.3685,1.084,-0.157,311.317,0.1,-4.3385,1.1225,-0.2345,311.301,0.1,-4.344,1.1675,-0.254,311.278,0.1,-4.3875,1.2069999999999999,-0.20350000000000001,311.252,0.1,
-4.7495,1.513,-0.128,311.408,0.1,-4.7805,1.4075,-0.1125,311.398,0.1,-4.7795,1.306,-0.098,311.384,0.1,-4.7475,1.231,-0.0905,311.369,0.1,-4.6899999999999995,1.177,-0.0835,311.359,0.1,-4.619,1.1455,-0.0765,311.353,0.1,-4.571,1.1365,-0.04,311.348,0.1,-4.5755,1.1275,0.017,311.342,0.1,-4.612,1.1070000000000002,0.067,311.337,0.1,-4.624,1.0790000000000002,0.077,311.33,0.1,-4.584,1.06,0.025500000000000002,311.32,0.1,-4.521,1.0474999999999999,-0.045,311.307,0.1,-4.468,1.0394999999999999,-0.1235,311.293,0.1,-4.439,1.0495,-0.194,311.273,0.1,-4.4405,1.082,-0.225,311.249,0.1,-4.47,1.109,-0.203,311.227,0.1,
-4.7995,1.467,-0.0745,311.397,0.1,-4.8145,1.396,-0.0565,311.384,0.1,-4.8149999999999995,1.323,-0.046,311.371,0.1,-4.7995,1.245,-0.051000000000000004,311.358,0.1,-4.767,1.174,-0.0615,311.344,0.1,-4.73,1.131,-0.068,311.334,0.1,-4.7195,1.118,-0.028499999999999998,311.325,0.1,-4.744999999999999,1.111,0.0365,311.317,0.1,-4.7780000000000005,1.106,0.094,311.311,0.1,-4.78,1.102,0.11649999999999999,311.3,0.1,-4.7364999999999995,1.089,0.08399999999999999,311.283,0.1,-4.666,1.057,0.017499999999999998,311.262,0.1,-4.5975,1.028,-0.0665,311.246,0.1,-4.557,1.027,-0.148,311.233,0.1,-4.5585,1.056,-0.188,311.218,0.1,-4.5895,1.076,-0.175,311.201,0.1,
-3.8285,1.646,0.061,311.56,0.1,-3.848,1.6509999999999998,0.0375,311.538,0.1,-3.8905,1.677,0.037000000000000005,311.514,0.1,-3.9265,1.656,0.065,311.502,0.1,-3.9425,1.5474999999999999,0.08299999999999999,311.507,0.1,-3.9355,1.4255,0.045,311.516,0.1,-3.9145000000000003,1.4005,-0.027,311.516,0.1,-3.9050000000000002,1.4875,-0.0625,311.505,0.1,-3.9255,1.6185,-0.03,311.493,0.1,-3.9675000000000002,1.684,0.022,311.487,0.1,-4.003,1.612,0.041499999999999995,311.489,0.1,-4.0120000000000005,1.423,0.0075,311.491,0.1,-4.008,1.23,-0.0685,311.488,0.1,-4.029999999999999,1.161,-0.12,311.472,0.1,-4.0945,1.2109999999999999,-0.059,311.454,0.1,-4.1585,1.265,0.039,311.444,0.1,
-3.8585000000000003,1.6505,0.010499999999999999,311.539,0.1,-3.8819999999999997,1.666,0.006,311.519,0.1,-3.9345,1.6844999999999999,0.026500000000000003,311.496,0.1,-3.9859999999999998,1.6375,0.0595,311.484,0.1,-4.011,1.5125,0.063,311.49,0.1,-3.995,1.4075,0.018,311.501,0.1,-3.9565,1.4155,-0.0335,311.503,0.1,-3.936,1.521,-0.042499999999999996,311.493,0.1,-3.9515000000000002,1.649,0.0075,311.476,0.1,-3.9875,1.698,0.07200000000000001,311.467,0.1,-4.015,1.612,0.095,311.47,0.1,-4.019,1.4275,0.041,311.476,0.1,-4.021,1.248,-0.07150000000000001,311.475,0.1,-4.0634999999999994,1.1775,-0.1435,311.46,0.1,-4.147,1.213,-0.089,311.443,0.1,-4.213,1.273,0.0015,311.433,0.1,
-3.8895,1.671,-0.078,311.522,0.1,-3.9105,1.6989999999999998,-0.0635,311.504,0.1,-3.9705000000000004,1.704,-0.019,311.484,0.1,-4.0295000000000005,1.6284999999999998,0.022,311.478,0.1,-4.047000000000001,1.505,0.015,311.485,0.1,-4.015000000000001,1.4325,-0.037500000000000006,311.493,0.1,-3.9695,1.4580000000000002,-0.0755,311.488,0.1,-3.946,1.556,-0.064,311.472,0.1,-3.949,1.6665,-0.0025,311.454,0.1,-3.972,1.701,0.0695,311.447,0.1,-4.0035,1.6145,0.10400000000000001,311.454,0.1,-4.0255,1.459,0.0675,311.464,0.1,-4.0435,1.3145,-0.0335,311.465,0.1,-4.088,1.238,-0.1065,311.455,0.1,-4.156000000000001,1.2355,-0.079,311.443,0.1,-4.2059999999999995,1.2685,-0.025500000000000002,311.431,0.1,
-3.9455,1.7115,-0.152,311.515,0.1,-3.9635,1.736,-0.1335,311.492,0.1,-4.016,1.721,-0.07100000000000001,311.476,0.1,-4.061,1.6269999999999998,-0.023,311.476,0.1,-4.0649999999999995,1.52,-0.034,311.485,0.1,-4.0305,1.475,-0.0925,311.485,0.1,-3.9899999999999998,1.4995,-0.1285,311.471,0.1,-3.9619999999999997,1.5775000000000001,-0.1075,311.451,0.1,-3.9459999999999997,1.6665,-0.0485,311.436,0.1,-3.9495,1.692,0.02,311.432,0.1,-3.9745,1.617,0.06,311.44,0.1,-4.009,1.496,0.058499999999999996,311.449,0.1,-4.0525,1.383,0.0165,311.451,0.1,-4.112500000000001,1.3010000000000002,-0.03,311.442,0.1,-4.1745,1.267,-0.03949999999999999,311.434,0.1,-4.214,1.268,-0.0385,311.424,0.1,
-4.029,1.7555,-0.1645,311.514,0.1,-4.0365,1.7534999999999998,-0.1585,311.488,0.1,-4.0655,1.7185000000000001,-0.0895,311.475,0.1,-4.0875,1.626,-0.041499999999999995,311.478,0.1,-4.084,1.5394999999999999,-0.061,311.481,0.1,-4.0600000000000005,1.505,-0.124,311.472,0.1,-4.0305,1.5175,-0.164,311.453,0.1,-3.9975,1.5705,-0.1495,311.435,0.1,-3.9635,1.637,-0.1105,311.422,0.1,-3.9465,1.665,-0.062,311.42,0.1,-3.952,1.6190000000000002,-0.025500000000000002,311.427,0.1,-3.9795,1.532,0.0,311.431,0.1,-4.0395,1.4375,0.018,311.427,0.1,-4.124499999999999,1.363,0.014499999999999999,311.422,0.1,-4.202,1.3255,-0.008,311.417,0.1,-4.2485,1.304,-0.035,311.413,0.1,
-4.1175,1.7715,-0.1105,311.513,0.1,-4.109999999999999,1.7365,-0.1255,311.49,0.1,-4.1205,1.686,-0.0635,311.478,0.1,-4.13,1.6065,-0.025,311.477,0.1,-4.1240000000000006,1.5345,-0.0565,311.474,0.1,-4.108499999999999,1.4985,-0.12,311.46,0.1,-4.0875,1.4965,-0.1625,311.44,0.1,-4.0535,1.5275,-0.169,311.424,0.1,-4.009,1.5819999999999999,-0.163,311.415,0.1,-3.9735,1.6255,-0.1435,311.416,0.1,-3.9604999999999997,1.616,-0.116,311.418,0.1,-3.98,1.5554999999999999,-0.0765,311.416,0.1,-4.045,1.482,-0.028,311.409,0.1,-4.1425,1.4395,0.008,311.402,0.1,-4.2330000000000005,1.4185,0.013,311.397,0.1,-4.286,1.379,-0.013000000000000001,311.393,0.1,
-4.191000000000001,1.745,-0.035,311.505,0.1,-4.176,1.6865,-0.07100000000000001,311.487,0.1,-4.172000000000001,1.627,-0.044,311.475,0.1,-4.175000000000001,1.5605,-0.024,311.47,0.1,-4.173,1.491,-0.0495,311.462,0.1,-4.167,1.4395,-0.0915,311.448,0.1,-4.1530000000000005,1.4255,-0.122,311.435,0.1,-4.1165,1.4565000000000001,-0.1515,311.425,0.1,-4.063000000000001,1.522,-0.1785,311.419,0.1,-4.0225,1.58,-0.1825,311.417,0.1,-4.013999999999999,1.5835,-0.1585,311.414,0.1,-4.037,1.536,-0.1265,311.407,0.1,-4.095000000000001,1.4975,-0.08499999999999999,311.397,0.1,-4.182,1.501,-0.020999999999999998,311.383,0.1,-4.263,1.5015,0.0305,311.375,0.1,-4.3035,1.4634999999999998,0.024,311.37,0.1,
-4.2330000000000005,1.7075,0.0025,311.491,0.1,-4.218,1.638,-0.0445,311.478,0.1,-4.2045,1.5755,-0.0665,311.466,0.1,-4.2115,1.5135,-0.057499999999999996,311.456,0.1,-4.224,1.4315,-0.057999999999999996,311.448,0.1,-4.2215,1.3559999999999999,-0.077,311.44,0.1,-4.194,1.335,-0.097,311.434,0.1,-4.144,1.3784999999999998,-0.1295,311.429,0.1,-4.0975,1.452,-0.16,311.424,0.1,-4.087,1.4994999999999998,-0.163,311.418,0.1,-4.1080000000000005,1.4895,-0.14,311.41,0.1,-4.131,1.455,-0.133,311.399,0.1,-4.1605,1.456,-0.118,311.383,0.1,-4.213,1.4935,-0.0455,311.365,0.1,-4.266500000000001,1.5190000000000001,0.035500000000000004,311.353,0.1,-4.2940000000000005,1.5175,0.059,311.349,0.1,
-4.242000000000001,1.6905000000000001,-0.0075,311.479,0.1,-4.239000000000001,1.6225,-0.0445,311.468,0.1,-4.2435,1.5545,-0.0885,311.455,0.1,-4.281000000000001,1.4820000000000002,-0.0695,311.444,0.1,-4.307,1.3845,-0.052500000000000005,311.438,0.1,-4.2735,1.304,-0.0815,311.434,0.1,-4.1995000000000005,1.281,-0.11449999999999999,311.431,0.1,-4.135,1.3105,-0.129,311.427,0.1,-4.1155,1.351,-0.133,311.421,0.1,-4.144,1.3635,-0.126,311.412,0.1,-4.184,1.3479999999999999,-0.11299999999999999,311.401,0.1,-4.198,1.338,-0.126,311.385,0.1,-4.198499999999999,1.358,-0.1345,311.368,0.1,-4.214499999999999,1.4045,-0.08549999999999999,311.351,0.1,-4.241,1.4665,-0.0075,311.34,0.1,-4.27,1.5255,0.051000000000000004,311.334,0.1,
-4.2655,1.6589999999999998,-0.041499999999999995,311.471,0.1,-4.2925,1.5935000000000001,-0.034,311.458,0.1,-4.333,1.5135,-0.052000000000000005,311.444,0.1,-4.3915,1.4245,-0.025500000000000002,311.433,0.1,-4.411,1.3275000000000001,-0.0195,311.429,0.1,-4.3475,1.2655,-0.067,311.426,0.1,-4.243,1.242,-0.11699999999999999,311.421,0.1,-4.17,1.236,-0.128,311.416,0.1,-4.157,1.2315,-0.121,311.407,0.1,-4.1865000000000006,1.2214999999999998,-0.12,311.397,0.1,-4.2245,1.2189999999999999,-0.119,311.383,0.1,-4.2395,1.2269999999999999,-0.132,311.367,0.1,-4.224500000000001,1.2429999999999999,-0.165,311.355,0.1,-4.2005,1.29,-0.17099999999999999,311.343,0.1,-4.1975,1.3885,-0.115,311.334,0.1,-4.236000000000001,1.4925,-0.012,311.325,0.1,
-4.343500000000001,1.5539999999999998,-0.076,311.464,0.1,-4.391500000000001,1.4745,-0.017,311.448,0.1,-4.455,1.3815,0.004,311.433,0.1,-4.5115,1.2905,0.017,311.422,0.1,-4.519,1.2134999999999998,-0.0015,311.416,0.1,-4.457,1.1725,-0.049,311.409,0.1,-4.359999999999999,1.1525,-0.092,311.401,0.1,-4.2835,1.134,-0.1085,311.392,0.1,-4.2555,1.121,-0.10250000000000001,311.383,0.1,-4.2645,1.115,-0.1095,311.373,0.1,-4.29,1.1179999999999999,-0.1115,311.364,0.1,-4.3015,1.1245,-0.1225,311.355,0.1,-4.2635000000000005,1.1444999999999999,-0.19,311.346,0.1,-4.191,1.2075,-0.2575,311.338,0.1,-4.1555,1.319,-0.233,311.328,0.1,-4.205,1.417,-0.0945,311.314,0.1,
-4.493,1.405,-0.108,311.453,0.1,-4.531499999999999,1.3014999999999999,-0.038,311.434,0.1,-4.589,1.192,0.0005000000000000004,311.419,0.1,-4.628,1.1135000000000002,0.002,311.408,0.1,-4.621,1.0735,-0.03,311.398,0.1,-4.568,1.0605,-0.0675,311.387,0.1,-4.489,1.0535,-0.081,311.372,0.1,-4.417,1.042,-0.0815,311.361,0.1,-4.3845,1.0295,-0.0625,311.355,0.1,-4.3895,1.0185,-0.053,311.348,0.1,-4.404999999999999,1.0110000000000001,-0.053,311.342,0.1,-4.395,1.0195,-0.08549999999999999,311.335,0.1,-4.3285,1.0655000000000001,-0.184,311.329,0.1,-4.23,1.15,-0.2855,311.324,0.1,-4.1805,1.2445,-0.2845,311.312,0.1,-4.233,1.304,-0.155,311.294,0.1,
-4.686999999999999,1.303,-0.138,311.428,0.1,-4.712,1.182,-0.087,311.409,0.1,-4.741,1.0605,-0.0535,311.395,0.1,-4.753,1.0015,-0.052500000000000005,311.384,0.1,-4.7325,0.9989999999999999,-0.077,311.37,0.1,-4.6815,1.0125,-0.0955,311.355,0.1,-4.615500000000001,1.0165,-0.0805,311.34,0.1,-4.557,1.004,-0.055,311.33,0.1,-4.529,0.972,-0.0175,311.325,0.1,-4.5265,0.9339999999999999,0.01,311.323,0.1,-4.518,0.9139999999999999,0.0015,311.321,0.1,-4.478,0.9365,-0.06,311.314,0.1,-4.4025,0.998,-0.169,311.309,0.1,-4.3235,1.0755,-0.2645,311.302,0.1,-4.2945,1.1400000000000001,-0.2715,311.287,0.1,-4.341,1.1735,-0.179,311.265,0.1,
-4.834,1.258,-0.14400000000000002,311.404,0.1,-4.8635,1.1465,-0.12,311.386,0.1,-4.8745,1.0445,-0.103,311.37,0.1,-4.8575,1.002,-0.098,311.353,0.1,-4.811999999999999,0.9975,-0.097,311.341,0.1,-4.743,1.0,-0.0915,311.334,0.1,-4.672499999999999,1.0005,-0.061,311.327,0.1,-4.6305,0.989,-0.016,311.322,0.1,-4.625500000000001,0.9515,0.031,311.317,0.1,-4.6240000000000006,0.903,0.0495,311.311,0.1,-4.5885,0.88,0.009,311.306,0.1,-4.5235,0.8995,-0.064,311.3,0.1,-4.4535,0.9390000000000001,-0.157,311.291,0.1,-4.403499999999999,0.9844999999999999,-0.23,311.279,0.1,-4.3945,1.026,-0.2435,311.261,0.1,-4.431,1.048,-0.187,311.24,0.1,
-4.938000000000001,1.2315,-0.1195,311.385,0.1,-4.954000000000001,1.166,-0.111,311.369,0.1,-4.9399999999999995,1.1019999999999999,-0.1015,311.351,0.1,-4.9025,1.0499999999999998,-0.0935,311.337,0.1,-4.8485,1.0055,-0.0845,311.327,0.1,-4.7835,0.975,-0.078,311.322,0.1,-4.7375,0.9664999999999999,-0.038,311.319,0.1,-4.7375,0.965,0.0235,311.314,0.1,-4.7635000000000005,0.954,0.07300000000000001,311.307,0.1,-4.76,0.9335,0.0765,311.295,0.1,-4.7015,0.9159999999999999,0.0165,311.283,0.1,-4.621,0.906,-0.053500000000000006,311.272,0.1,-4.5515,0.9075,-0.128,311.26,0.1,-4.5075,0.9255,-0.194,311.246,0.1,-4.499499999999999,0.9495,-0.219,311.228,0.1,-4.526,0.9525,-0.191,311.211,0.1,
-4.974,1.221,-0.072,311.369,0.1,-4.985,1.186,-0.056,311.354,0.1,-4.9865,1.139,-0.046,311.34,0.1,-4.9795,1.073,-0.0525,311.326,0.1,-4.955500000000001,1.005,-0.065,311.311,0.1,-4.9165,0.96,-0.0755,311.299,0.1,-4.8965,0.948,-0.032,311.29,0.1,-4.913,0.952,0.037,311.282,0.1,-4.937,0.96,0.0935,311.274,0.1,-4.9275,0.962,0.1115,311.261,0.1,-4.8715,0.948,0.07450000000000001,311.24,0.1,-4.791,0.919,0.008,311.22,0.1,-4.717,0.903,-0.07350000000000001,311.205,0.1,-4.677,0.911,-0.152,311.198,0.1,-4.683,0.926,-0.1875,311.189,0.1,-4.7155000000000005,0.916,-0.16949999999999998,311.175,0.1,
-3.896,1.2605,0.06,311.63,0.1,-3.932,1.2505000000000002,0.039,311.612,0.1,-3.976,1.2525,0.040999999999999995,311.593,0.1,-4.003,1.226,0.07200000000000001,311.581,0.1,-4.0045,1.134,0.0925,311.581,0.1,-3.9859999999999998,1.0305,0.051000000000000004,311.584,0.1,-3.964,1.0165,-0.0275,311.578,0.1,-3.9605,1.1085,-0.0655,311.566,0.1,-3.984,1.255,-0.0305,311.555,0.1,-4.0225,1.3555,0.025500000000000002,311.549,0.1,-4.0535,1.319,0.0475,311.542,0.1,-4.0649999999999995,1.16,0.013,311.53,0.1,-4.0755,0.9915,-0.066,311.515,0.1,-4.118,0.9345,-0.11599999999999999,311.497,0.1,-4.193,0.9844999999999999,-0.0505,311.484,0.1,-4.2490000000000006,1.048,0.0465,311.477,0.1,
-3.9204999999999997,1.2635,0.0075,311.61,0.1,-3.955,1.2605,0.006,311.592,0.1,-4.0085,1.2565,0.03,311.571,0.1,-4.052,1.207,0.0665,311.556,0.1,-4.0655,1.1015000000000001,0.07,311.556,0.1,-4.045999999999999,1.0215,0.0175,311.56,0.1,-4.0169999999999995,1.048,-0.039,311.556,0.1,-4.0105,1.1604999999999999,-0.0475,311.544,0.1,-4.032500000000001,1.3,0.007,311.529,0.1,-4.0615000000000006,1.382,0.0765,311.518,0.1,-4.0735,1.336,0.101,311.514,0.1,-4.067,1.19,0.043,311.508,0.1,-4.0725,1.0394999999999999,-0.075,311.499,0.1,-4.1265,0.976,-0.1445,311.484,0.1,-4.2155,1.0065,-0.08299999999999999,311.471,0.1,-4.2745,1.0699999999999998,0.008,311.464,0.1,
-3.9365,1.2965,-0.08449999999999999,311.592,0.1,-3.9615,1.3025,-0.0665,311.573,0.1,-4.023,1.2850000000000001,-0.0165,311.554,0.1,-4.079,1.2075,0.0275,311.544,0.1,-4.093,1.1055000000000001,0.018000000000000002,311.544,0.1,-4.064500000000001,1.0585,-0.0435,311.543,0.1,-4.031000000000001,1.0965,-0.08399999999999999,311.532,0.1,-4.0205,1.1945000000000001,-0.0695,311.515,0.1,-4.0285,1.3135,-0.0035,311.499,0.1,-4.0435,1.382,0.073,311.49,0.1,-4.06,1.338,0.1095,311.49,0.1,-4.0715,1.224,0.0685,311.492,0.1,-4.086,1.1099999999999999,-0.0385,311.489,0.1,-4.129,1.0415,-0.1085,311.478,0.1,-4.193,1.0345,-0.07300000000000001,311.468,0.1,-4.234999999999999,1.0685,-0.019,311.458,0.1,
-3.9735,1.357,-0.1605,311.579,0.1,-3.9905,1.353,-0.1375,311.557,0.1,-4.0475,1.3145,-0.069,311.54,0.1,-4.099500000000001,1.2225000000000001,-0.0195,311.535,0.1,-4.11,1.1385,-0.0345,311.535,0.1,-4.083,1.1115,-0.0995,311.526,0.1,-4.0525,1.1364999999999998,-0.1365,311.507,0.1,-4.032500000000001,1.2075,-0.112,311.488,0.1,-4.016,1.3045,-0.05,311.474,0.1,-4.0105,1.3624999999999998,0.022,311.469,0.1,-4.026,1.3285,0.0635,311.473,0.1,-4.0565,1.2469999999999999,0.058,311.477,0.1,-4.096,1.1635,0.0155,311.475,0.1,-4.148,1.0925,-0.0275,311.465,0.1,-4.202,1.0535,-0.033,311.456,0.1,-4.234500000000001,1.0535,-0.0335,311.446,0.1,
-4.0485,1.4155,-0.1725,311.572,0.1,-4.0525,1.3815,-0.162,311.548,0.1,-4.0885,1.3245,-0.087,311.533,0.1,-4.122999999999999,1.2395,-0.0385,311.528,0.1,-4.1315,1.1735,-0.0625,311.522,0.1,-4.1165,1.1484999999999999,-0.1295,311.506,0.1,-4.0945,1.156,-0.169,311.485,0.1,-4.066,1.201,-0.152,311.469,0.1,-4.029,1.2755,-0.1115,311.458,0.1,-4.0024999999999995,1.3319999999999999,-0.0605,311.456,0.1,-3.999,1.3245,-0.025,311.459,0.1,-4.022,1.271,-0.002,311.459,0.1,-4.0795,1.198,0.0185,311.453,0.1,-4.163,1.1284999999999998,0.018500000000000003,311.445,0.1,-4.239,1.0845,-0.004,311.438,0.1,-4.281,1.0635,-0.033,311.433,0.1,
-4.145,1.4325,-0.1135,311.565,0.1,-4.1355,1.373,-0.126,311.542,0.1,-4.1545,1.3065,-0.059,311.525,0.1,-4.1735,1.233,-0.020499999999999997,311.516,0.1,-4.173,1.1735,-0.0555,311.506,0.1,-4.162,1.142,-0.1215,311.491,0.1,-4.149,1.1400000000000001,-0.1635,311.471,0.1,-4.1235,1.1709999999999998,-0.1695,311.457,0.1,-4.079000000000001,1.237,-0.164,311.45,0.1,-4.0344999999999995,1.3065,-0.1435,311.449,0.1,-4.01,1.3290000000000002,-0.1165,311.45,0.1,-4.022,1.2915,-0.0775,311.445,0.1,-4.088,1.2255,-0.027,311.436,0.1,-4.1935,1.1764999999999999,0.010499999999999999,311.428,0.1,-4.289,1.15,0.0135,311.419,0.1,-4.337,1.1179999999999999,-0.0155,311.413,0.1,
-4.243499999999999,1.3925,-0.033,311.551,0.1,-4.2285,1.3275000000000001,-0.0685,311.53,0.1,-4.2255,1.2605,-0.0385,311.512,0.1,-4.224500000000001,1.1925,-0.018000000000000002,311.501,0.1,-4.219,1.1244999999999998,-0.046,311.49,0.1,-4.219,1.0785,-0.088,311.477,0.1,-4.218,1.078,-0.1185,311.465,0.1,-4.1915,1.125,-0.151,311.456,0.1,-4.138999999999999,1.2085,-0.18,311.449,0.1,-4.092499999999999,1.2865,-0.182,311.446,0.1,-4.076499999999999,1.3094999999999999,-0.1545,311.442,0.1,-4.0954999999999995,1.2715,-0.1235,311.435,0.1,-4.156499999999999,1.229,-0.0835,311.424,0.1,-4.252,1.2200000000000002,-0.019,311.408,0.1,-4.339499999999999,1.218,0.031,311.397,0.1,-4.3785,1.1935,0.0195,311.389,0.1,
-4.3145,1.3415,0.0055,311.53,0.1,-4.2935,1.2799999999999998,-0.0435,311.512,0.1,-4.2669999999999995,1.2145000000000001,-0.0645,311.495,0.1,-4.263,1.1445,-0.052500000000000005,311.483,0.1,-4.274,1.0615,-0.054,311.474,0.1,-4.28,1.0015,-0.0755,311.466,0.1,-4.2655,1.006,-0.0975,311.459,0.1,-4.225,1.0750000000000002,-0.1305,311.452,0.1,-4.183,1.1669999999999998,-0.158,311.446,0.1,-4.1745,1.2254999999999998,-0.1545,311.439,0.1,-4.195,1.224,-0.1275,311.431,0.1,-4.215,1.1915,-0.1245,311.42,0.1,-4.2415,1.1840000000000002,-0.114,311.403,0.1,-4.298,1.21,-0.03949999999999999,311.385,0.1,-4.3614999999999995,1.2355,0.04,311.373,0.1,-4.391,1.2485,0.057,311.365,0.1,
-4.343,1.3155000000000001,-0.004,311.509,0.1,-4.329000000000001,1.2565,-0.0445,311.493,0.1,-4.321,1.1885,-0.0885,311.478,0.1,-4.3525,1.1115,-0.063,311.467,0.1,-4.379,1.026,-0.0485,311.458,0.1,-4.3495,0.9735,-0.087,311.451,0.1,-4.2844999999999995,0.9755,-0.124,311.444,0.1,-4.232,1.0255,-0.133,311.439,0.1,-4.222,1.079,-0.1265,311.434,0.1,-4.254,1.099,-0.11149999999999999,311.426,0.1,-4.2905,1.089,-0.097,311.413,0.1,-4.2965,1.081,-0.11599999999999999,311.396,0.1,-4.292,1.0945,-0.1275,311.38,0.1,-4.313,1.1325,-0.0765,311.366,0.1,-4.3475,1.1955,-0.0005,311.355,0.1,-4.372,1.267,0.0545,311.348,0.1,
-4.393000000000001,1.271,-0.036500000000000005,311.492,0.1,-4.418,1.21,-0.028,311.476,0.1,-4.4510000000000005,1.141,-0.0445,311.462,0.1,-4.5009999999999994,1.064,-0.013,311.449,0.1,-4.515499999999999,0.993,-0.0125,311.439,0.1,-4.452999999999999,0.9604999999999999,-0.07100000000000001,311.431,0.1,-4.358,0.9555,-0.1265,311.424,0.1,-4.298,0.964,-0.1315,311.419,0.1,-4.292,0.972,-0.11499999999999999,311.411,0.1,-4.3175,0.972,-0.109,311.4,0.1,-4.3435,0.975,-0.1075,311.385,0.1,-4.3469999999999995,0.9849999999999999,-0.122,311.368,0.1,-4.327500000000001,0.998,-0.159,311.358,0.1,-4.304,1.0385,-0.1675,311.35,0.1,-4.2955,1.1355,-0.111,311.344,0.1,-4.3155,1.248,-0.0035,311.336,0.1,
-4.51,1.159,-0.0685,311.476,0.1,-4.556,1.0825,-0.003,311.459,0.1,-4.608499999999999,1.0125000000000002,0.022,311.442,0.1,-4.6525,0.949,0.034499999999999996,311.428,0.1,-4.656499999999999,0.9015,0.009000000000000001,311.416,0.1,-4.5995,0.8865,-0.0465,311.405,0.1,-4.508,0.8865000000000001,-0.0945,311.396,0.1,-4.4315,0.885,-0.1105,311.385,0.1,-4.3945,0.8875,-0.098,311.374,0.1,-4.3870000000000005,0.8915,-0.101,311.362,0.1,-4.3975,0.8965000000000001,-0.101,311.353,0.1,-4.4030000000000005,0.9039999999999999,-0.112,311.347,0.1,-4.362,0.925,-0.1875,311.341,0.1,-4.28,0.984,-0.262,311.336,0.1,-4.2255,1.09,-0.23399999999999999,311.331,0.1,-4.253,1.189,-0.08199999999999999,311.322,0.1,
-4.6835,1.02,-0.0985,311.452,0.1,-4.7125,0.921,-0.0225,311.433,0.1,-4.7620000000000005,0.8400000000000001,0.019,311.416,0.1,-4.801,0.796,0.018,311.401,0.1,-4.797499999999999,0.7889999999999999,-0.022,311.388,0.1,-4.7425,0.8055,-0.067,311.372,0.1,-4.652,0.823,-0.083,311.352,0.1,-4.5615000000000006,0.829,-0.083,311.338,0.1,-4.5075,0.8265,-0.056499999999999995,311.332,0.1,-4.494,0.819,-0.041499999999999995,311.327,0.1,-4.502000000000001,0.81,-0.0395,311.323,0.1,-4.4945,0.8220000000000001,-0.07500000000000001,311.32,0.1,-4.426500000000001,0.8765000000000001,-0.183,311.317,0.1,-4.3134999999999994,0.9624999999999999,-0.2895,311.315,0.1,-4.243499999999999,1.0510000000000002,-0.283,311.308,0.1,-4.281,1.101,-0.1395,311.296,0.1,
-4.893,0.935,-0.1285,311.418,0.1,-4.9155,0.83,-0.07550000000000001,311.397,0.1,-4.947,0.747,-0.0435,311.379,0.1,-4.961,0.729,-0.0465,311.363,0.1,-4.933,0.7615000000000001,-0.076,311.345,0.1,-4.864,0.802,-0.0995,311.325,0.1,-4.777,0.8240000000000001,-0.08399999999999999,311.309,0.1,-4.7005,0.82,-0.056,311.299,0.1,-4.6615,0.79,-0.011,311.296,0.1,-4.6525,0.7525,0.020999999999999998,311.297,0.1,-4.6385000000000005,0.7335,0.011,311.298,0.1,-4.591,0.763,-0.0555,311.293,0.1,-4.5035,0.836,-0.168,311.29,0.1,-4.4079999999999995,0.9195,-0.2625,311.286,0.1,-4.362,0.9790000000000001,-0.263,311.274,0.1,-4.398,0.9964999999999999,-0.1625,311.258,0.1,
-5.0455000000000005,0.9195,-0.1335,311.387,0.1,-5.0695,0.843,-0.114,311.365,0.1,-5.0735,0.7889999999999999,-0.1035,311.341,0.1,-5.0455000000000005,0.786,-0.1015,311.32,0.1,-4.9879999999999995,0.806,-0.0995,311.307,0.1,-4.91,0.821,-0.0935,311.3,0.1,-4.834,0.827,-0.0615,311.296,0.1,-4.7865,0.8180000000000001,-0.0125,311.294,0.1,-4.775499999999999,0.784,0.038000000000000006,311.29,0.1,-4.765499999999999,0.741,0.0545,311.283,0.1,-4.715,0.7224999999999999,0.0075,311.277,0.1,-4.6295,0.7464999999999999,-0.0675,311.272,0.1,-4.538,0.7935,-0.1575,311.265,0.1,-4.4685,0.847,-0.2265,311.258,0.1,-4.4445,0.884,-0.23349999999999999,311.245,0.1,-4.4735,0.8879999999999999,-0.17149999999999999,311.228,0.1,
-5.1265,0.9495,-0.1125,311.362,0.1,-5.1275,0.9245,-0.111,311.34,0.1,-5.1005,0.8985,-0.106,311.319,0.1,-5.057,0.869,-0.0975,311.304,0.1,-5.006,0.834,-0.08549999999999999,311.295,0.1,-4.9475,0.8045,-0.0795,311.292,0.1,-4.904,0.7965,-0.0365,311.29,0.1,-4.8995,0.802,0.03,311.285,0.1,-4.915,0.8009999999999999,0.0785,311.277,0.1,-4.896,0.7875,0.0745,311.261,0.1,-4.8195,0.7725,0.006500000000000001,311.246,0.1,-4.721,0.7645,-0.0625,311.236,0.1,-4.6345,0.775,-0.133,311.227,0.1,-4.5755,0.8015000000000001,-0.1945,311.218,0.1,-4.557499999999999,0.817,-0.213,311.206,0.1,-4.5809999999999995,0.7955,-0.1795,311.194,0.1,
-5.1485,0.974,-0.071,311.34,0.1,-5.1555,0.976,-0.0565,311.323,0.1,-5.1585,0.956,-0.046,311.308,0.1,-5.16,0.901,-0.0535,311.293,0.1,-5.1434999999999995,0.836,-0.0685,311.279,0.1,-5.1025,0.789,-0.08249999999999999,311.265,0.1,-5.0735,0.778,-0.036500000000000005,311.256,0.1,-5.0809999999999995,0.793,0.037,311.248,0.1,-5.0965,0.814,0.092,311.238,0.1,-5.0755,0.821,0.106,311.221,0.1,-5.006,0.807,0.0655,311.197,0.1,-4.9155,0.781,-0.0015,311.177,0.1,-4.8365,0.778,-0.0805,311.164,0.1,-4.797000000000001,0.794,-0.1565,311.163,0.1,-4.808,0.796,-0.187,311.16,0.1,-4.8425,0.756,-0.1645,311.149,0.1,
-3.946,0.9315,0.061,311.687,0.1,-3.993,0.904,0.043,311.672,0.1,-4.038,0.8875,0.0465,311.657,0.1,-4.0575,0.8605,0.0795,311.645,0.1,-4.0465,0.7889999999999999,0.101,311.64,0.1,-4.0175,0.71,0.055,311.637,0.1,-3.9935,0.7075,-0.03,311.628,0.1,-3.9939999999999998,0.8,-0.0695,311.615,0.1,-4.0195,0.9515,-0.031,311.605,0.1,-4.0535,1.0745,0.028,311.598,0.1,-4.0760000000000005,1.072,0.0505,311.585,0.1,-4.083,0.9470000000000001,0.013999999999999999,311.564,0.1,-4.1,0.8069999999999999,-0.066,311.541,0.1,-4.156499999999999,0.7585,-0.1125,311.522,0.1,-4.2405,0.8005,-0.041499999999999995,311.511,0.1,-4.2935,0.865,0.053000000000000005,311.507,0.1,
-3.9735,0.9295,0.0055,311.666,0.1,-4.014,0.908,0.007,311.65,0.1,-4.066000000000001,0.888,0.0345,311.631,0.1,-4.1015,0.8405,0.07350000000000001,311.614,0.1,-4.1035,0.7575000000000001,0.075,311.609,0.1,-4.076499999999999,0.7055,0.0145,311.607,0.1,-4.05,0.748,-0.0455,311.599,0.1,-4.052,0.8605,-0.051500000000000004,311.587,0.1,-4.079000000000001,1.002,0.0085,311.573,0.1,-4.104,1.1059999999999999,0.081,311.562,0.1,-4.104,1.097,0.1055,311.552,0.1,-4.087,0.9914999999999999,0.043,311.537,0.1,-4.0920000000000005,0.8714999999999999,-0.0805,311.522,0.1,-4.1515,0.8145,-0.146,311.508,0.1,-4.2435,0.835,-0.077,311.498,0.1,-4.297000000000001,0.897,0.0125,311.493,0.1,
-3.984,0.97,-0.0925,311.646,0.1,-4.0075,0.9550000000000001,-0.0695,311.628,0.1,-4.0665,0.9215,-0.0135,311.609,0.1,-4.117,0.8485,0.032,311.597,0.1,-4.1235,0.772,0.0175,311.591,0.1,-4.0920000000000005,0.75,-0.052000000000000005,311.584,0.1,-4.0649999999999995,0.7969999999999999,-0.091,311.569,0.1,-4.0655,0.8885000000000001,-0.072,311.551,0.1,-4.0785,1.008,-0.0025,311.536,0.1,-4.088,1.099,0.077,311.526,0.1,-4.0925,1.094,0.1145,311.522,0.1,-4.093,1.0219999999999998,0.0695,311.519,0.1,-4.1,0.9395,-0.043,311.512,0.1,-4.1370000000000005,0.881,-0.111,311.502,0.1,-4.1955,0.868,-0.068,311.493,0.1,-4.231999999999999,0.9,-0.014,311.484,0.1,
-4.006,1.049,-0.1725,311.629,0.1,-4.019,1.0195,-0.14300000000000002,311.608,0.1,-4.074999999999999,0.965,-0.068,311.591,0.1,-4.1265,0.881,-0.0185,311.582,0.1,-4.138,0.8220000000000001,-0.037500000000000006,311.575,0.1,-4.115,0.8105,-0.107,311.56,0.1,-4.093,0.8325,-0.14200000000000002,311.539,0.1,-4.0815,0.893,-0.1145,311.521,0.1,-4.066,0.9894999999999999,-0.051,311.508,0.1,-4.053,1.0699999999999998,0.024,311.501,0.1,-4.058999999999999,1.072,0.0665,311.502,0.1,-4.0825,1.029,0.059,311.503,0.1,-4.1135,0.977,0.016,311.499,0.1,-4.1545000000000005,0.92,-0.0235,311.488,0.1,-4.2005,0.879,-0.0265,311.478,0.1,-4.229,0.8765000000000001,-0.028499999999999998,311.469,0.1,
-4.072,1.127,-0.1845,311.617,0.1,-4.0695,1.0655000000000001,-0.16799999999999998,311.595,0.1,-4.1075,0.994,-0.086,311.579,0.1,-4.1485,0.918,-0.0375,311.568,0.1,-4.163,0.8705,-0.065,311.554,0.1,-4.1545000000000005,0.8525,-0.1345,311.535,0.1,-4.1405,0.853,-0.1725,311.514,0.1,-4.118,0.888,-0.1535,311.499,0.1,-4.08,0.963,-0.113,311.489,0.1,-4.0455000000000005,1.0394999999999999,-0.061,311.486,0.1,-4.032500000000001,1.0630000000000002,-0.026500000000000003,311.487,0.1,-4.048500000000001,1.041,-0.0045000000000000005,311.485,0.1,-4.1,0.9924999999999999,0.020499999999999997,311.477,0.1,-4.1775,0.9335,0.025,311.467,0.1,-4.25,0.8875,0.001,311.459,0.1,-4.2875,0.868,-0.031,311.453,0.1,
-4.1695,1.152,-0.118,311.606,0.1,-4.155,1.0715,-0.1275,311.583,0.1,-4.178,0.9929999999999999,-0.0555,311.563,0.1,-4.202999999999999,0.9255,-0.017,311.547,0.1,-4.2065,0.8765000000000001,-0.055,311.533,0.1,-4.2005,0.849,-0.1215,311.516,0.1,-4.1965,0.8454999999999999,-0.1635,311.497,0.1,-4.179,0.874,-0.17149999999999999,311.484,0.1,-4.1345,0.945,-0.16849999999999998,311.478,0.1,-4.082,1.0310000000000001,-0.148,311.477,0.1,-4.0465,1.078,-0.12,311.475,0.1,-4.0495,1.0615,-0.08,311.469,0.1,-4.1129999999999995,1.0065,-0.025,311.46,0.1,-4.221,0.958,0.015,311.45,0.1,-4.317,0.9285,0.0155,311.439,0.1,-4.359,0.9055,-0.018000000000000002,311.431,0.1,
-4.2865,1.104,-0.0295,311.587,0.1,-4.2695,1.0325,-0.0665,311.565,0.1,-4.2645,0.9590000000000001,-0.035,311.542,0.1,-4.2595,0.8925000000000001,-0.0135,311.527,0.1,-4.2524999999999995,0.8285,-0.041999999999999996,311.514,0.1,-4.258,0.7889999999999999,-0.08349999999999999,311.501,0.1,-4.2675,0.7985,-0.115,311.49,0.1,-4.248,0.8565,-0.153,311.481,0.1,-4.196,0.951,-0.185,311.473,0.1,-4.146,1.04,-0.1845,311.468,0.1,-4.124499999999999,1.077,-0.1525,311.463,0.1,-4.138999999999999,1.048,-0.1205,311.456,0.1,-4.2005,1.0025,-0.0815,311.444,0.1,-4.300000000000001,0.986,-0.0155,311.428,0.1,-4.390000000000001,0.9829999999999999,0.0325,311.415,0.1,-4.4239999999999995,0.973,0.0145,311.405,0.1,
-4.3825,1.041,0.01,311.561,0.1,-4.3545,0.9869999999999999,-0.0435,311.539,0.1,-4.317,0.9205000000000001,-0.066,311.519,0.1,-4.303,0.849,-0.049,311.505,0.1,-4.3105,0.771,-0.0505,311.495,0.1,-4.3205,0.725,-0.0755,311.488,0.1,-4.3145,0.748,-0.0985,311.479,0.1,-4.2825,0.834,-0.132,311.471,0.1,-4.2455,0.9375,-0.1565,311.463,0.1,-4.239,1.0005,-0.146,311.454,0.1,-4.26,1.005,-0.11399999999999999,311.446,0.1,-4.2780000000000005,0.9745,-0.11599999999999999,311.434,0.1,-4.301500000000001,0.9585,-0.11,311.417,0.1,-4.359,0.974,-0.0325,311.401,0.1,-4.426,1.0005,0.0455,311.389,0.1,-4.4525,1.0274999999999999,0.055,311.379,0.1,
-4.428,1.009,-0.001,311.533,0.1,-4.4030000000000005,0.963,-0.0465,311.514,0.1,-4.3815,0.8985000000000001,-0.0915,311.497,0.1,-4.4055,0.823,-0.058499999999999996,311.485,0.1,-4.429,0.7525,-0.046,311.475,0.1,-4.4005,0.722,-0.095,311.465,0.1,-4.342499999999999,0.7384999999999999,-0.134,311.456,0.1,-4.3004999999999995,0.7995,-0.136,311.449,0.1,-4.298500000000001,0.861,-0.1185,311.444,0.1,-4.332000000000001,0.884,-0.096,311.436,0.1,-4.365500000000001,0.878,-0.08099999999999999,311.422,0.1,-4.3665,0.872,-0.10600000000000001,311.404,0.1,-4.3575,0.879,-0.1215,311.389,0.1,-4.3805,0.907,-0.068,311.378,0.1,-4.4205,0.969,0.006999999999999999,311.368,0.1,-4.4399999999999995,1.0505,0.057,311.359,0.1,
-4.4955,0.9610000000000001,-0.0315,311.509,0.1,-4.514,0.911,-0.022,311.491,0.1,-4.5365,0.8545,-0.039,311.475,0.1,-4.5765,0.7905,-0.0025,311.461,0.1,-4.5845,0.7424999999999999,-0.006,311.448,0.1,-4.5235,0.732,-0.0755,311.436,0.1,-4.438000000000001,0.7355,-0.1355,311.427,0.1,-4.3895,0.75,-0.1345,311.421,0.1,-4.388999999999999,0.7665,-0.109,311.413,0.1,-4.41,0.7725,-0.1005,311.401,0.1,-4.4265,0.7795000000000001,-0.0985,311.385,0.1,-4.422000000000001,0.7925,-0.114,311.37,0.1,-4.3995,0.8009999999999999,-0.155,311.361,0.1,-4.377000000000001,0.8315,-0.1665,311.355,0.1,-4.365,0.9219999999999999,-0.109,311.351,0.1,-4.37,1.0394999999999999,0.004,311.344,0.1,
-4.6355,0.8545,-0.061,311.484,0.1,-4.6765,0.7845,0.012,311.467,0.1,-4.716,0.735,0.04,311.449,0.1,-4.748,0.6935,0.0525,311.433,0.1,-4.7490000000000006,0.6705,0.0195,311.418,0.1,-4.6985,0.675,-0.0435,311.404,0.1,-4.6145,0.6875,-0.097,311.391,0.1,-4.54,0.6955,-0.114,311.378,0.1,-4.496,0.708,-0.0965,311.366,0.1,-4.474,0.719,-0.097,311.353,0.1,-4.4725,0.726,-0.094,311.346,0.1,-4.475,0.735,-0.10350000000000001,311.342,0.1,-4.4345,0.7545,-0.188,311.338,0.1,-4.3475,0.8045,-0.2715,311.335,0.1,-4.279999999999999,0.8985000000000001,-0.2395,311.332,0.1,-4.289999999999999,0.995,-0.07100000000000001,311.326,0.1,
-4.817,0.7335,-0.0905,311.451,0.1,-4.8405000000000005,0.639,-0.008,311.432,0.1,-4.8855,0.581,0.037,311.414,0.1,-4.925,0.5635,0.0335,311.397,0.1,-4.9245,0.5825,-0.016,311.38,0.1,-4.8685,0.6205,-0.0695,311.361,0.1,-4.771,0.6555,-0.088,311.337,0.1,-4.668,0.673,-0.0885,311.321,0.1,-4.5975,0.6765,-0.0545,311.314,0.1,-4.569,0.6715,-0.033,311.311,0.1,-4.5715,0.661,-0.0285,311.309,0.1,-4.567,0.675,-0.0675,311.307,0.1,-4.5005,0.7344999999999999,-0.186,311.307,0.1,-4.38,0.8175,-0.2985,311.307,0.1,-4.2955000000000005,0.894,-0.2865,311.303,0.1,-4.3205,0.933,-0.127,311.293,0.1,
-5.036,0.6655,-0.122,311.412,0.1,-5.0585,0.574,-0.0675,311.388,0.1,-5.0945,0.5225,-0.038,311.367,0.1,-5.1115,0.5365,-0.0455,311.346,0.1,-5.0760000000000005,0.595,-0.0805,311.325,0.1,-4.9905,0.6535,-0.1085,311.304,0.1,-4.8870000000000005,0.687,-0.0915,311.287,0.1,-4.8004999999999995,0.6890000000000001,-0.0605,311.277,0.1,-4.7565,0.6585000000000001,-0.0075,311.275,0.1,-4.7445,0.622,0.028999999999999998,311.277,0.1,-4.7275,0.6025,0.016,311.279,0.1,-4.675,0.637,-0.056,311.276,0.1,-4.579,0.719,-0.17149999999999999,311.276,0.1,-4.4715,0.8045,-0.2645,311.273,0.1,-4.413,0.8554999999999999,-0.2585,311.263,0.1,-4.4395,0.858,-0.1505,311.249,0.1,
-5.198,0.6745,-0.1295,311.375,0.1,-5.215,0.627,-0.11499999999999999,311.348,0.1,-5.211,0.6125,-0.11199999999999999,311.319,0.1,-5.173,0.639,-0.11099999999999999,311.295,0.1,-5.106999999999999,0.677,-0.10600000000000001,311.282,0.1,-5.025,0.699,-0.0985,311.277,0.1,-4.948,0.7064999999999999,-0.0635,311.274,0.1,-4.900499999999999,0.699,-0.0115,311.272,0.1,-4.887499999999999,0.6655,0.041,311.269,0.1,-4.871,0.6285000000000001,0.0535,311.26,0.1,-4.8085,0.6134999999999999,-0.001,311.254,0.1,-4.7075,0.6415,-0.07600000000000001,311.251,0.1,-4.601,0.6950000000000001,-0.161,311.245,0.1,-4.5169999999999995,0.7515000000000001,-0.226,311.241,0.1,-4.4795,0.7825,-0.2275,311.232,0.1,-4.5005,0.7715,-0.16,311.218,0.1,
-5.262499999999999,0.752,-0.1125,311.343,0.1,-5.2485,0.76,-0.118,311.317,0.1,-5.208,0.764,-0.11649999999999999,311.295,0.1,-5.1594999999999995,0.7505,-0.10450000000000001,311.28,0.1,-5.114,0.722,-0.0875,311.273,0.1,-5.066000000000001,0.692,-0.0815,311.269,0.1,-5.0295000000000005,0.683,-0.036,311.266,0.1,-5.023,0.692,0.0335,311.262,0.1,-5.028,0.6985,0.079,311.253,0.1,-4.993499999999999,0.6925,0.067,311.235,0.1,-4.901,0.6815,-0.008499999999999999,311.218,0.1,-4.7905,0.6755,-0.07400000000000001,311.21,0.1,-4.6945,0.692,-0.14100000000000001,311.203,0.1,-4.6255,0.721,-0.1975,311.198,0.1,-4.6,0.728,-0.209,311.191,0.1,-4.619999999999999,0.6875,-0.16999999999999998,311.182,0.1,
-5.2715,0.806,-0.0745,311.318,0.1,-5.273,0.838,-0.06,311.301,0.1,-5.276,0.838,-0.0485,311.285,0.1,-5.286,0.791,-0.0555,311.27,0.1,-5.2795000000000005,0.727,-0.07200000000000001,311.254,0.1,-5.241,0.678,-0.091,311.238,0.1,-5.2065,0.667,-0.043,311.228,0.1,-5.204000000000001,0.688,0.0335,311.22,0.1,-5.2065,0.72,0.087,311.21,0.1,-5.171,0.733,0.098,311.192,0.1,-5.091,0.722,0.0555,311.168,0.1,-4.9975000000000005,0.698,-0.010499999999999999,311.147,0.1,-4.92,0.703,-0.0875,311.136,0.1,-4.8845,0.721,-0.162,311.138,0.1,-4.9,0.711,-0.188,311.139,0.1,-4.9345,0.648,-0.1615,311.13,0.1,
-3.9444999999999997,0.778,0.0635,311.705,0.1,-3.9845,0.732,0.0485,311.685,0.1,-4.0235,0.712,0.053500000000000006,311.67,0.1,-4.0365,0.7024999999999999,0.087,311.659,0.1,-4.0205,0.665,0.109,311.654,0.1,-3.9855,0.6225,0.057499999999999996,311.648,0.1,-3.955,0.6375,-0.034,311.638,0.1,-3.9545,0.7155,-0.0745,311.625,0.1,-3.9829999999999997,0.8400000000000001,-0.0315,311.615,0.1,-4.0115,0.9510000000000001,0.03,311.608,0.1,-4.0145,0.9695,0.0515,311.598,0.1,-3.997,0.89,0.012,311.582,0.1,-3.995,0.7865,-0.068,311.565,0.1,-4.045,0.7375,-0.1095,311.547,0.1,-4.1345,0.7495,-0.032,311.533,0.1,-4.1985,0.787,0.0595,311.527,0.1,
-3.9975,0.759,0.004,311.678,0.1,-4.0275,0.728,0.009000000000000001,311.659,0.1,-4.0695,0.711,0.039999999999999994,311.641,0.1,-4.0965,0.6819999999999999,0.0805,311.626,0.1,-4.0855,0.6355,0.0785,311.621,0.1,-4.038,0.618,0.0095,311.619,0.1,-3.992,0.6685,-0.052500000000000005,311.611,0.1,-3.9855,0.76,-0.054,311.6,0.1,-4.016500000000001,0.87,0.0115,311.588,0.1,-4.0465,0.9624999999999999,0.08549999999999999,311.577,0.1,-4.0440000000000005,0.9775,0.1085,311.569,0.1,-4.0175,0.9165000000000001,0.041,311.557,0.1,-4.0095,0.8320000000000001,-0.087,311.545,0.1,-4.058,0.7755000000000001,-0.148,311.531,0.1,-4.144,0.7725,-0.07150000000000001,311.519,0.1,-4.197,0.8135,0.0155,311.514,0.1,
-4.032,0.7945,-0.10200000000000001,311.651,0.1,-4.039,0.7685,-0.0725,311.634,0.1,-4.0825,0.7404999999999999,-0.010499999999999999,311.617,0.1,-4.1165,0.6945,0.035500000000000004,311.606,0.1,-4.1005,0.658,0.014499999999999999,311.6,0.1,-4.047000000000001,0.6625,-0.062,311.595,0.1,-4.0105,0.7035,-0.0975,311.582,0.1,-4.0145,0.7685,-0.0715,311.567,0.1,-4.034000000000001,0.856,0.0005,311.553,0.1,-4.045,0.938,0.0805,311.544,0.1,-4.0440000000000005,0.956,0.119,311.541,0.1,-4.033,0.9245000000000001,0.07100000000000001,311.54,0.1,-4.0235,0.8795,-0.047,311.535,0.1,-4.0440000000000005,0.833,-0.1135,311.525,0.1,-4.093999999999999,0.8109999999999999,-0.064,311.517,0.1,-4.1295,0.8294999999999999,-0.01,311.509,0.1,
-4.0535,0.8895,-0.187,311.634,0.1,-4.050000000000001,0.8480000000000001,-0.1495,311.615,0.1,-4.088,0.8029999999999999,-0.068,311.598,0.1,-4.1175,0.7495,-0.0195,311.589,0.1,-4.108499999999999,0.7205,-0.042499999999999996,311.582,0.1,-4.076499999999999,0.7204999999999999,-0.11549999999999999,311.57,0.1,-4.06,0.7295,-0.146,311.552,0.1,-4.0585,0.7625,-0.115,311.536,0.1,-4.048,0.83,-0.051,311.525,0.1,-4.0329999999999995,0.9025000000000001,0.026000000000000002,311.52,0.1,-4.0295000000000005,0.9225,0.0695,311.521,0.1,-4.037,0.912,0.061,311.523,0.1,-4.0465,0.898,0.018000000000000002,311.522,0.1,-4.0685,0.8665,-0.019000000000000003,311.513,0.1,-4.109500000000001,0.8294999999999999,-0.0195,311.504,0.1,-4.1445,0.8205,-0.0235,311.493,0.1,
-4.1065000000000005,1.0025,-0.199,311.623,0.1,-4.0895,0.9345,-0.1755,311.602,0.1,-4.1129999999999995,0.8714999999999999,-0.086,311.585,0.1,-4.137499999999999,0.815,-0.0385,311.573,0.1,-4.141,0.7795000000000001,-0.069,311.561,0.1,-4.131,0.762,-0.1395,311.545,0.1,-4.124499999999999,0.7505,-0.175,311.527,0.1,-4.1129999999999995,0.764,-0.1545,311.513,0.1,-4.082000000000001,0.815,-0.1155,311.504,0.1,-4.0465,0.8805000000000001,-0.063,311.501,0.1,-4.0235,0.914,-0.0295,311.503,0.1,-4.0215,0.916,-0.007,311.501,0.1,-4.0515,0.901,0.024,311.496,0.1,-4.111,0.8714999999999999,0.033,311.488,0.1,-4.172499999999999,0.8374999999999999,0.007,311.48,0.1,-4.207,0.819,-0.028999999999999998,311.472,0.1,
-4.1835,1.063,-0.124,311.609,0.1,-4.155,0.979,-0.13,311.589,0.1,-4.1685,0.9,-0.0525,311.569,0.1,-4.187,0.8414999999999999,-0.014499999999999999,311.555,0.1,-4.189500000000001,0.799,-0.055,311.542,0.1,-4.189500000000001,0.773,-0.1205,311.527,0.1,-4.1955,0.7625,-0.1625,311.509,0.1,-4.186,0.7785,-0.174,311.495,0.1,-4.1434999999999995,0.8325,-0.176,311.487,0.1,-4.086,0.904,-0.156,311.485,0.1,-4.0405,0.9505,-0.126,311.482,0.1,-4.029,0.948,-0.0835,311.477,0.1,-4.0755,0.9155,-0.0225,311.469,0.1,-4.1675,0.888,0.020999999999999998,311.461,0.1,-4.2495,0.873,0.018500000000000003,311.451,0.1,-4.281000000000001,0.859,-0.020499999999999997,311.443,0.1,
-4.297499999999999,1.0274999999999999,-0.0245,311.59,0.1,-4.2684999999999995,0.9545,-0.065,311.571,0.1,-4.256,0.877,-0.033,311.551,0.1,-4.248,0.8215,-0.01,311.537,0.1,-4.243,0.7745,-0.0385,311.524,0.1,-4.253,0.744,-0.0785,311.509,0.1,-4.2645,0.753,-0.1115,311.497,0.1,-4.2435,0.804,-0.1565,311.487,0.1,-4.1905,0.8835,-0.1935,311.478,0.1,-4.1425,0.956,-0.1895,311.469,0.1,-4.121,0.9875,-0.1515,311.462,0.1,-4.131,0.9635,-0.118,311.454,0.1,-4.185,0.9235,-0.0785,311.443,0.1,-4.2745,0.912,-0.010499999999999999,311.429,0.1,-4.35,0.9215,0.035500000000000004,311.419,0.1,-4.3645,0.9275,0.0095,311.411,0.1,
-4.404999999999999,0.9605,0.0155,311.565,0.1,-4.368499999999999,0.9155,-0.045,311.546,0.1,-4.324,0.8545,-0.07,311.527,0.1,-4.3035,0.8035000000000001,-0.047,311.512,0.1,-4.301,0.753,-0.0475,311.501,0.1,-4.2995,0.7175,-0.0765,311.492,0.1,-4.288,0.735,-0.0995,311.484,0.1,-4.2575,0.8105,-0.134,311.474,0.1,-4.2255,0.897,-0.1555,311.463,0.1,-4.224,0.9455,-0.138,311.451,0.1,-4.2485,0.9470000000000001,-0.1,311.442,0.1,-4.268,0.9175,-0.1075,311.429,0.1,-4.289,0.8935,-0.106,311.413,0.1,-4.336,0.9015,-0.025500000000000002,311.399,0.1,-4.3845,0.9345,0.052000000000000005,311.391,0.1,-4.390499999999999,0.978,0.053,311.385,0.1,
-4.457,0.9345000000000001,0.0015,311.538,0.1,-4.4235,0.9135,-0.0495,311.52,0.1,-4.3895,0.8685,-0.097,311.502,0.1,-4.398,0.8165,-0.055,311.487,0.1,-4.4045000000000005,0.771,-0.0445,311.476,0.1,-4.364,0.743,-0.10500000000000001,311.467,0.1,-4.305,0.7415,-0.14450000000000002,311.458,0.1,-4.2675,0.7835000000000001,-0.138,311.449,0.1,-4.266,0.8305,-0.1095,311.441,0.1,-4.2975,0.8435,-0.07999999999999999,311.432,0.1,-4.333500000000001,0.835,-0.0645,311.418,0.1,-4.338,0.8300000000000001,-0.096,311.402,0.1,-4.3275,0.827,-0.11599999999999999,311.389,0.1,-4.343999999999999,0.8395,-0.0595,311.379,0.1,-4.374499999999999,0.8955,0.014499999999999999,311.371,0.1,-4.384,0.9855,0.059,311.362,0.1,
-4.513999999999999,0.913,-0.026000000000000002,311.509,0.1,-4.515499999999999,0.894,-0.016,311.492,0.1,-4.513,0.8625,-0.0345,311.475,0.1,-4.534,0.8140000000000001,0.007,311.461,0.1,-4.5335,0.78,-0.0005,311.451,0.1,-4.4725,0.768,-0.0805,311.441,0.1,-4.3934999999999995,0.752,-0.14450000000000002,311.429,0.1,-4.352,0.7435,-0.137,311.42,0.1,-4.353,0.748,-0.10350000000000001,311.41,0.1,-4.371,0.749,-0.0935,311.398,0.1,-4.3865,0.7545,-0.092,311.385,0.1,-4.385,0.769,-0.1075,311.373,0.1,-4.3655,0.7695000000000001,-0.153,311.364,0.1,-4.346,0.775,-0.167,311.355,0.1,-4.336,0.8425,-0.1085,311.349,0.1,-4.3375,0.959,0.01,311.342,0.1,
-4.6195,0.8475,-0.053000000000000005,311.481,0.1,-4.6455,0.7965,0.027999999999999997,311.465,0.1,-4.666,0.7655,0.058,311.45,0.1,-4.6865000000000006,0.732,0.07100000000000001,311.436,0.1,-4.688000000000001,0.7165,0.031,311.424,0.1,-4.647,0.7210000000000001,-0.0405,311.409,0.1,-4.5765,0.7235,-0.0995,311.392,0.1,-4.5120000000000005,0.712,-0.1185,311.374,0.1,-4.468,0.714,-0.098,311.363,0.1,-4.439,0.725,-0.097,311.354,0.1,-4.436,0.733,-0.09,311.348,0.1,-4.4465,0.741,-0.0965,311.344,0.1,-4.4175,0.752,-0.1905,311.339,0.1,-4.3415,0.772,-0.28400000000000003,311.332,0.1,-4.281,0.832,-0.2485,311.324,0.1,-4.291,0.9179999999999999,-0.061,311.316,0.1,
-4.7675,0.765,-0.08349999999999999,311.451,0.1,-4.7935,0.6765,0.006500000000000001,311.433,0.1,-4.84,0.631,0.055,311.417,0.1,-4.8805,0.621,0.0485,311.4,0.1,-4.881,0.6435,-0.0115,311.382,0.1,-4.829000000000001,0.6775,-0.0745,311.36,0.1,-4.7385,0.7075,-0.096,311.337,0.1,-4.641,0.7135,-0.097,311.323,0.1,-4.572,0.71,-0.055,311.317,0.1,-4.5425,0.7050000000000001,-0.0265,311.312,0.1,-4.547000000000001,0.6925,-0.02,311.308,0.1,-4.5504999999999995,0.7035,-0.062,311.306,0.1,-4.496,0.7565,-0.192,311.307,0.1,-4.386,0.8155,-0.312,311.305,0.1,-4.307,0.861,-0.2935,311.292,0.1,-4.332,0.883,-0.11699999999999999,311.278,0.1,
-4.973,0.721,-0.118,311.416,0.1,-5.004,0.636,-0.063,311.391,0.1,-5.047499999999999,0.5974999999999999,-0.0365,311.368,0.1,-5.0634999999999994,0.6165,-0.0485,311.346,0.1,-5.0184999999999995,0.6719999999999999,-0.09,311.326,0.1,-4.923,0.722,-0.122,311.31,0.1,-4.8205,0.7475,-0.10250000000000001,311.299,0.1,-4.747,0.7435,-0.0675,311.289,0.1,-4.7204999999999995,0.7075,-0.006,311.279,0.1,-4.7204999999999995,0.6695,0.0345,311.276,0.1,-4.708,0.6475,0.0175,311.276,0.1,-4.6585,0.6815,-0.06,311.277,0.1,-4.5665,0.762,-0.1785,311.279,0.1,-4.4635,0.8334999999999999,-0.27,311.273,0.1,-4.406000000000001,0.863,-0.257,311.256,0.1,-4.427,0.851,-0.14150000000000001,311.24,0.1,
-5.151,0.7525,-0.13,311.376,0.1,-5.156499999999999,0.7150000000000001,-0.1215,311.347,0.1,-5.1385000000000005,0.7090000000000001,-0.1255,311.321,0.1,-5.0920000000000005,0.732,-0.125,311.303,0.1,-5.0255,0.7655000000000001,-0.11599999999999999,311.294,0.1,-4.953,0.781,-0.1055,311.289,0.1,-4.894500000000001,0.7805,-0.0665,311.282,0.1,-4.864000000000001,0.767,-0.0125,311.275,0.1,-4.86,0.728,0.0405,311.267,0.1,-4.8455,0.694,0.0485,311.258,0.1,-4.783,0.6845,-0.015,311.255,0.1,-4.6855,0.7150000000000001,-0.088,311.254,0.1,-4.5845,0.7665,-0.1675,311.247,0.1,-4.503,0.8109999999999999,-0.228,311.24,0.1,-4.4615,0.827,-0.2245,311.23,0.1,-4.473000000000001,0.808,-0.1515,311.218,0.1,
-5.2135,0.8580000000000001,-0.118,311.34,0.1,-5.18,0.873,-0.13,311.318,0.1,-5.125,0.877,-0.1315,311.302,0.1,-5.0760000000000005,0.8575,-0.11399999999999999,311.291,0.1,-5.0445,0.8260000000000001,-0.0905,311.283,0.1,-5.02,0.792,-0.08449999999999999,311.274,0.1,-5.005,0.777,-0.0365,311.266,0.1,-5.005,0.78,0.0345,311.258,0.1,-4.999499999999999,0.7829999999999999,0.0755,311.248,0.1,-4.948499999999999,0.7869999999999999,0.055,311.237,0.1,-4.849,0.79,-0.027499999999999997,311.227,0.1,-4.7485,0.7849999999999999,-0.0875,311.218,0.1,-4.668,0.794,-0.1505,311.209,0.1,-4.6080000000000005,0.8065,-0.203,311.203,0.1,-4.5835,0.8005,-0.2075,311.195,0.1,-4.599,0.7605,-0.1625,311.185,0.1,
-5.207,0.926,-0.0815,311.319,0.1,-5.197,0.962,-0.066,311.307,0.1,-5.1955,0.959,-0.053,311.294,0.1,-5.211,0.908,-0.058499999999999996,311.278,0.1,-5.2215,0.841,-0.0755,311.257,0.1,-5.2025,0.788,-0.101,311.237,0.1,-5.176,0.771,-0.051500000000000004,311.225,0.1,-5.1605,0.787,0.027,311.219,0.1,-5.133,0.817,0.0795,311.215,0.1,-5.0715,0.843,0.0885,311.205,0.1,-4.989,0.849,0.045,311.187,0.1,-4.916,0.824,-0.0195,311.169,0.1,-4.866,0.819,-0.0945,311.156,0.1,-4.849,0.818,-0.168,311.152,0.1,-4.8685,0.795,-0.19,311.146,0.1,-4.898,0.738,-0.1605,311.134,0.1,
-3.9435000000000002,0.625,0.066,311.724,0.1,-3.9770000000000003,0.56,0.054,311.699,0.1,-4.0095,0.537,0.0605,311.682,0.1,-4.015499999999999,0.5455000000000001,0.095,311.673,0.1,-3.9945000000000004,0.5415,0.11699999999999999,311.667,0.1,-3.9535,0.5355000000000001,0.06,311.659,0.1,-3.916,0.5675,-0.0375,311.648,0.1,-3.9145000000000003,0.632,-0.0795,311.635,0.1,-3.946,0.729,-0.0325,311.625,0.1,-3.9695,0.8265,0.032,311.618,0.1,-3.953,0.867,0.053,311.611,0.1,-3.9105,0.833,0.009999999999999998,311.6,0.1,-3.8905,0.766,-0.07050000000000001,311.589,0.1,-3.9335,0.716,-0.1065,311.572,0.1,-4.0280000000000005,0.699,-0.022,311.555,0.1,-4.1035,0.709,0.066,311.546,0.1,
-4.022,0.5885,0.0025,311.69,0.1,-4.0415,0.5475000000000001,0.011,311.669,0.1,-4.073,0.5345,0.0455,311.65,0.1,-4.091,0.5245,0.0875,311.638,0.1,-4.067,0.5135000000000001,0.082,311.633,0.1,-3.999,0.5305,0.0045000000000000005,311.63,0.1,-3.9335,0.589,-0.0595,311.623,0.1,-3.9195,0.66,-0.0565,311.614,0.1,-3.9545,0.7384999999999999,0.014499999999999999,311.602,0.1,-3.9895,0.8185,0.0905,311.593,0.1,-3.984,0.858,0.1115,311.586,0.1,-3.9475,0.8414999999999999,0.0385,311.577,0.1,-3.9275,0.792,-0.093,311.568,0.1,-3.965,0.737,-0.15,311.554,0.1,-4.045,0.71,-0.066,311.541,0.1,-4.097,0.73,0.018500000000000003,311.535,0.1,
-4.08,0.6185,-0.112,311.657,0.1,-4.07,0.5815,-0.076,311.64,0.1,-4.0985,0.56,-0.008,311.625,0.1,-4.116,0.5405,0.0385,311.616,0.1,-4.077999999999999,0.544,0.0115,311.61,0.1,-4.003,0.575,-0.07200000000000001,311.605,0.1,-3.9565,0.6094999999999999,-0.10400000000000001,311.595,0.1,-3.9635,0.6485000000000001,-0.071,311.582,0.1,-3.9895000000000005,0.704,0.003,311.57,0.1,-4.0015,0.7765,0.08399999999999999,311.562,0.1,-3.9955,0.8180000000000001,0.1235,311.56,0.1,-3.9735,0.8275,0.0725,311.561,0.1,-3.947,0.8195,-0.051000000000000004,311.558,0.1,-3.951,0.786,-0.11649999999999999,311.548,0.1,-3.9925,0.753,-0.0605,311.541,0.1,-4.0265,0.759,-0.006500000000000001,311.535,0.1,
-4.1,0.7295,-0.2015,311.64,0.1,-4.08,0.6759999999999999,-0.156,311.622,0.1,-4.1005,0.641,-0.068,311.605,0.1,-4.108499999999999,0.6174999999999999,-0.0205,311.595,0.1,-4.079,0.619,-0.048,311.589,0.1,-4.0385,0.631,-0.124,311.58,0.1,-4.027,0.626,-0.1505,311.565,0.1,-4.0355,0.6325000000000001,-0.1155,311.552,0.1,-4.0305,0.671,-0.0515,311.542,0.1,-4.0125,0.734,0.0275,311.538,0.1,-3.9995000000000003,0.773,0.0725,311.54,0.1,-3.9915000000000003,0.796,0.063,311.544,0.1,-3.979,0.819,0.02,311.546,0.1,-3.982,0.8134999999999999,-0.015,311.539,0.1,-4.0184999999999995,0.7795000000000001,-0.0125,311.531,0.1,-4.060499999999999,0.7645,-0.019000000000000003,311.518,0.1,
-4.141500000000001,0.878,-0.213,311.628,0.1,-4.109500000000001,0.8035,-0.1825,311.61,0.1,-4.1175,0.749,-0.086,311.591,0.1,-4.126,0.712,-0.04,311.578,0.1,-4.1185,0.6885,-0.073,311.567,0.1,-4.106999999999999,0.6719999999999999,-0.1445,311.555,0.1,-4.108499999999999,0.648,-0.1775,311.54,0.1,-4.108499999999999,0.6405000000000001,-0.1555,311.528,0.1,-4.0845,0.668,-0.118,311.519,0.1,-4.047499999999999,0.7215,-0.065,311.517,0.1,-4.014,0.7655000000000001,-0.032,311.518,0.1,-3.9945000000000004,0.7915000000000001,-0.009000000000000001,311.518,0.1,-4.003500000000001,0.809,0.0275,311.515,0.1,-4.0440000000000005,0.81,0.040499999999999994,311.509,0.1,-4.095,0.7875000000000001,0.013000000000000001,311.501,0.1,-4.127,0.77,-0.0275,311.492,0.1,
-4.1975,0.974,-0.1295,311.613,0.1,-4.154999999999999,0.8865000000000001,-0.1325,311.595,0.1,-4.1585,0.8075,-0.0495,311.575,0.1,-4.171,0.7575000000000001,-0.012,311.562,0.1,-4.1725,0.7215,-0.055,311.551,0.1,-4.178,0.6964999999999999,-0.12,311.537,0.1,-4.194,0.6795,-0.1615,311.52,0.1,-4.192500000000001,0.6835,-0.176,311.507,0.1,-4.152,0.7205,-0.1835,311.497,0.1,-4.0905000000000005,0.7769999999999999,-0.164,311.492,0.1,-4.0344999999999995,0.8235,-0.132,311.489,0.1,-4.008,0.835,-0.0865,311.485,0.1,-4.038,0.8240000000000001,-0.02,311.479,0.1,-4.114000000000001,0.819,0.027,311.472,0.1,-4.182,0.8175,0.0215,311.463,0.1,-4.2035,0.8125,-0.0235,311.456,0.1,
-4.309,0.9505,-0.0195,311.593,0.1,-4.2675,0.876,-0.063,311.576,0.1,-4.248,0.7955,-0.0305,311.559,0.1,-4.237500000000001,0.751,-0.006500000000000001,311.547,0.1,-4.234,0.7204999999999999,-0.035,311.533,0.1,-4.2485,0.699,-0.0735,311.518,0.1,-4.2620000000000005,0.7075,-0.108,311.504,0.1,-4.239,0.752,-0.16,311.493,0.1,-4.1845,0.8155,-0.202,311.482,0.1,-4.138,0.8714999999999999,-0.1945,311.47,0.1,-4.1175,0.898,-0.15,311.46,0.1,-4.123,0.88,-0.116,311.453,0.1,-4.1690000000000005,0.844,-0.076,311.442,0.1,-4.2490000000000006,0.839,-0.006,311.43,0.1,-4.3100000000000005,0.8594999999999999,0.0385,311.422,0.1,-4.3055,0.8825000000000001,0.004,311.418,0.1,
-4.428,0.8795,0.020999999999999998,311.57,0.1,-4.382,0.844,-0.047,311.553,0.1,-4.3305,0.789,-0.074,311.536,0.1,-4.3035,0.758,-0.045,311.52,0.1,-4.2905,0.7344999999999999,-0.0445,311.507,0.1,-4.2780000000000005,0.7104999999999999,-0.077,311.497,0.1,-4.261,0.7224999999999999,-0.101,311.488,0.1,-4.2325,0.7865,-0.136,311.477,0.1,-4.2059999999999995,0.856,-0.1545,311.463,0.1,-4.209,0.8905000000000001,-0.1295,311.448,0.1,-4.237,0.8885000000000001,-0.086,311.437,0.1,-4.2585,0.861,-0.099,311.424,0.1,-4.2765,0.8285,-0.10200000000000001,311.408,0.1,-4.3125,0.8295,-0.018,311.397,0.1,-4.3425,0.868,0.057999999999999996,311.394,0.1,-4.328,0.9285000000000001,0.051000000000000004,311.392,0.1,
-4.4864999999999995,0.8605,0.0045000000000000005,311.542,0.1,-4.445,0.865,-0.053,311.525,0.1,-4.3975,0.839,-0.10300000000000001,311.507,0.1,-4.390000000000001,0.8095,-0.051500000000000004,311.489,0.1,-4.380000000000001,0.7895,-0.0435,311.478,0.1,-4.328,0.7645,-0.11499999999999999,311.469,0.1,-4.2684999999999995,0.7444999999999999,-0.155,311.46,0.1,-4.234999999999999,0.767,-0.1395,311.449,0.1,-4.233499999999999,0.8,-0.1005,311.438,0.1,-4.263,0.8029999999999999,-0.064,311.427,0.1,-4.301,0.7915,-0.0475,311.414,0.1,-4.3095,0.7875,-0.0865,311.4,0.1,-4.297499999999999,0.775,-0.1105,311.389,0.1,-4.3075,0.7725,-0.051000000000000004,311.381,0.1,-4.3294999999999995,0.8220000000000001,0.0215,311.374,0.1,-4.329,0.9195,0.061,311.365,0.1,
-4.5325,0.865,-0.020499999999999997,311.509,0.1,-4.5175,0.877,-0.01,311.493,0.1,-4.49,0.8705,-0.03,311.475,0.1,-4.4915,0.838,0.017,311.461,0.1,-4.4825,0.8185,0.0045000000000000005,311.454,0.1,-4.4215,0.804,-0.08549999999999999,311.446,0.1,-4.3485,0.7685,-0.1535,311.431,0.1,-4.3134999999999994,0.7375,-0.1395,311.418,0.1,-4.3165,0.7295,-0.098,311.406,0.1,-4.3325,0.726,-0.0865,311.395,0.1,-4.3475,0.7295,-0.08549999999999999,311.385,0.1,-4.3485,0.7455,-0.101,311.376,0.1,-4.332,0.737,-0.151,311.368,0.1,-4.316,0.719,-0.1675,311.356,0.1,-4.308,0.763,-0.108,311.347,0.1,-4.306,0.8785000000000001,0.0165,311.34,0.1,
-4.604,0.84,-0.045,311.477,0.1,-4.614,0.8085,0.044,311.463,0.1,-4.6155,0.7955,0.07600000000000001,311.45,0.1,-4.625,0.7715,0.089,311.44,0.1,-4.627000000000001,0.763,0.042499999999999996,311.431,0.1,-4.596,0.767,-0.037000000000000005,311.415,0.1,-4.539,0.7595000000000001,-0.10200000000000001,311.392,0.1,-4.484,0.729,-0.123,311.37,0.1,-4.4399999999999995,0.7204999999999999,-0.0995,311.359,0.1,-4.404,0.732,-0.0965,311.355,0.1,-4.399,0.74,-0.086,311.351,0.1,-4.417999999999999,0.7475,-0.0895,311.346,0.1,-4.4015,0.749,-0.1935,311.34,0.1,-4.336,0.74,-0.2965,311.329,0.1,-4.282,0.7655000000000001,-0.257,311.316,0.1,-4.2915,0.842,-0.051500000000000004,311.305,0.1,
-4.718,0.7965,-0.076,311.451,0.1,-4.746,0.7145,0.021,311.435,0.1,-4.794499999999999,0.6799999999999999,0.07300000000000001,311.42,0.1,-4.8355,0.679,0.063,311.404,0.1,-4.8375,0.7044999999999999,-0.006999999999999999,311.383,0.1,-4.79,0.7355,-0.0795,311.359,0.1,-4.7065,0.7585,-0.10350000000000001,311.337,0.1,-4.6145,0.754,-0.10500000000000001,311.326,0.1,-4.547,0.744,-0.055,311.32,0.1,-4.5169999999999995,0.7395,-0.02,311.314,0.1,-4.523,0.724,-0.0115,311.307,0.1,-4.534000000000001,0.732,-0.056499999999999995,311.305,0.1,-4.491,0.7785,-0.198,311.308,0.1,-4.3915,0.8140000000000001,-0.326,311.302,0.1,-4.319,0.8280000000000001,-0.301,311.282,0.1,-4.343500000000001,0.8334999999999999,-0.107,311.263,0.1,
-4.9105,0.7765,-0.1135,311.419,0.1,-4.949999999999999,0.698,-0.058499999999999996,311.395,0.1,-5.0005,0.6715,-0.035,311.37,0.1,-5.015499999999999,0.696,-0.051500000000000004,311.345,0.1,-4.9605,0.7484999999999999,-0.0995,311.326,0.1,-4.8555,0.7909999999999999,-0.1355,311.317,0.1,-4.7545,0.8075,-0.11349999999999999,311.31,0.1,-4.694,0.798,-0.075,311.3,0.1,-4.6845,0.7565,-0.0045000000000000005,311.284,0.1,-4.6965,0.7175,0.039999999999999994,311.275,0.1,-4.689,0.692,0.0185,311.274,0.1,-4.6419999999999995,0.726,-0.064,311.277,0.1,-4.554,0.8045,-0.1855,311.282,0.1,-4.455,0.862,-0.2755,311.272,0.1,-4.398,0.87,-0.2555,311.25,0.1,-4.414,0.8434999999999999,-0.1325,311.231,0.1,
-5.104,0.831,-0.1305,311.376,0.1,-5.098,0.8029999999999999,-0.1285,311.346,0.1,-5.0665,0.8049999999999999,-0.139,311.323,0.1,-5.0115,0.825,-0.1395,311.31,0.1,-4.944000000000001,0.853,-0.126,311.306,0.1,-4.881,0.863,-0.1125,311.302,0.1,-4.841,0.854,-0.07,311.291,0.1,-4.828,0.835,-0.0135,311.279,0.1,-4.833500000000001,0.7905,0.04,311.265,0.1,-4.821,0.7595000000000001,0.0435,311.256,0.1,-4.758,0.7555,-0.028999999999999998,311.257,0.1,-4.6635,0.7889999999999999,-0.1,311.257,0.1,-4.5685,0.8374999999999999,-0.1745,311.249,0.1,-4.4895,0.87,-0.23,311.239,0.1,-4.4435,0.871,-0.221,311.228,0.1,-4.445,0.8445,-0.14300000000000002,311.218,0.1,
-5.164,0.9645,-0.1235,311.338,0.1,-5.111,0.9855,-0.14200000000000002,311.319,0.1,-5.041499999999999,0.9904999999999999,-0.14600000000000002,311.309,0.1,-4.992,0.965,-0.124,311.302,0.1,-4.975,0.9299999999999999,-0.0935,311.292,0.1,-4.974,0.892,-0.0875,311.279,0.1,-4.98,0.871,-0.037,311.266,0.1,-4.9865,0.868,0.035500000000000004,311.254,0.1,-4.971,0.8674999999999999,0.0725,311.244,0.1,-4.9030000000000005,0.881,0.0435,311.24,0.1,-4.7965,0.899,-0.0465,311.236,0.1,-4.7065,0.8955,-0.101,311.225,0.1,-4.6415,0.896,-0.16,311.215,0.1,-4.59,0.892,-0.2085,311.209,0.1,-4.566,0.873,-0.206,311.2,0.1,-4.5775,0.834,-0.1555,311.189,0.1,
-5.143000000000001,1.046,-0.0885,311.32,0.1,-5.1215,1.085,-0.07250000000000001,311.313,0.1,-5.115,1.081,-0.056999999999999995,311.303,0.1,-5.1365,1.025,-0.0615,311.285,0.1,-5.164,0.956,-0.0785,311.26,0.1,-5.1635,0.898,-0.111,311.237,0.1,-5.145,0.876,-0.06,311.221,0.1,-5.117,0.886,0.020999999999999998,311.217,0.1,-5.0595,0.914,0.07200000000000001,311.219,0.1,-4.9715,0.952,0.079,311.218,0.1,-4.885999999999999,0.976,0.0345,311.207,0.1,-4.8345,0.951,-0.0285,311.19,0.1,-4.8125,0.935,-0.1015,311.177,0.1,-4.8134999999999994,0.915,-0.174,311.166,0.1,-4.8365,0.879,-0.192,311.153,0.1,-4.861000000000001,0.828,-0.159,311.139,0.1,
-3.942,0.472,0.067,311.742,0.1,-3.9684999999999997,0.388,0.0595,311.713,0.1,-3.995,0.362,0.0665,311.695,0.1,-3.995,0.3875,0.1015,311.688,0.1,-3.9690000000000003,0.4175,0.1225,311.681,0.1,-3.9215,0.4485,0.059,311.67,0.1,-3.8775,0.497,-0.043,311.658,0.1,-3.875,0.5475,-0.08499999999999999,311.645,0.1,-3.9095,0.6174999999999999,-0.033,311.635,0.1,-3.9275,0.702,0.034,311.629,0.1,-3.8914999999999997,0.7645,0.0525,311.624,0.1,-3.824,0.7765,0.006,311.618,0.1,-3.785,0.7455,-0.0745,311.612,0.1,-3.8215000000000003,0.6950000000000001,-0.104,311.597,0.1,-3.9215,0.648,-0.0115,311.577,0.1,-4.0085,0.631,0.07350000000000001,311.565,0.1,
-4.045999999999999,0.41800000000000004,0.0,311.703,0.1,-4.055,0.3675,0.0125,311.678,0.1,-4.0765,0.3575,0.05,311.66,0.1,-4.086,0.366,0.0935,311.65,0.1,-4.0489999999999995,0.391,0.083,311.645,0.1,-3.9605,0.443,-0.004,311.641,0.1,-3.8754999999999997,0.509,-0.067,311.635,0.1,-3.8529999999999998,0.5595,-0.058499999999999996,311.627,0.1,-3.8920000000000003,0.6065,0.018500000000000003,311.616,0.1,-3.9325,0.6745,0.0965,311.608,0.1,-3.924,0.7384999999999999,0.114,311.603,0.1,-3.8775,0.7675000000000001,0.035500000000000004,311.597,0.1,-3.8449999999999998,0.752,-0.1,311.591,0.1,-3.8715,0.698,-0.152,311.576,0.1,-3.9455,0.648,-0.0605,311.562,0.1,-3.9965,0.647,0.0205,311.556,0.1,
-4.1274999999999995,0.443,-0.124,311.663,0.1,-4.101,0.39449999999999996,-0.081,311.646,0.1,-4.1145,0.379,-0.0075,311.633,0.1,-4.1155,0.38649999999999995,0.038,311.625,0.1,-4.055,0.43,0.0045000000000000005,311.619,0.1,-3.958,0.487,-0.08549999999999999,311.616,0.1,-3.902,0.516,-0.1095,311.609,0.1,-3.9125,0.5285,-0.069,311.598,0.1,-3.9455,0.552,0.0075,311.587,0.1,-3.959,0.615,0.0885,311.579,0.1,-3.947,0.6799999999999999,0.1285,311.578,0.1,-3.9135,0.7304999999999999,0.075,311.581,0.1,-3.87,0.759,-0.055,311.581,0.1,-3.8575,0.738,-0.121,311.571,0.1,-3.891,0.696,-0.059,311.566,0.1,-3.924,0.6885,-0.0055,311.561,0.1,
-4.1475,0.5700000000000001,-0.2205,311.646,0.1,-4.111000000000001,0.5035,-0.16699999999999998,311.629,0.1,-4.1135,0.47900000000000004,-0.07300000000000001,311.613,0.1,-4.0995,0.486,-0.026500000000000003,311.602,0.1,-4.0495,0.5175,-0.056999999999999995,311.596,0.1,-4.0,0.541,-0.1335,311.591,0.1,-3.9939999999999998,0.5225,-0.1535,311.578,0.1,-4.013,0.502,-0.1145,311.567,0.1,-4.013,0.5115000000000001,-0.052,311.559,0.1,-3.9924999999999997,0.5660000000000001,0.0275,311.556,0.1,-3.9705,0.6234999999999999,0.0745,311.559,0.1,-3.9465,0.679,0.066,311.565,0.1,-3.912,0.7395,0.023,311.569,0.1,-3.896,0.76,-0.0125,311.564,0.1,-3.9275,0.73,-0.0075,311.557,0.1,-3.976,0.708,-0.016,311.543,0.1,
-4.1754999999999995,0.7535000000000001,-0.23249999999999998,311.634,0.1,-4.129,0.6719999999999999,-0.195,311.617,0.1,-4.1225000000000005,0.627,-0.091,311.597,0.1,-4.1155,0.609,-0.045,311.583,0.1,-4.0965,0.597,-0.0785,311.574,0.1,-4.0835,0.5815,-0.149,311.566,0.1,-4.093,0.5455,-0.179,311.553,0.1,-4.1035,0.516,-0.156,311.543,0.1,-4.086,0.5205,-0.1225,311.534,0.1,-4.048,0.563,-0.07050000000000001,311.532,0.1,-4.0045,0.617,-0.037000000000000005,311.534,0.1,-3.9675000000000002,0.666,-0.0125,311.535,0.1,-3.955,0.7175,0.0305,311.534,0.1,-3.977,0.748,0.0475,311.53,0.1,-4.018,0.737,0.018500000000000003,311.522,0.1,-4.047,0.72,-0.0265,311.512,0.1,
-4.2115,0.8855,-0.139,311.616,0.1,-4.1545000000000005,0.794,-0.139,311.6,0.1,-4.1485,0.715,-0.0485,311.582,0.1,-4.1545000000000005,0.673,-0.010499999999999999,311.57,0.1,-4.1555,0.643,-0.055,311.56,0.1,-4.167,0.6194999999999999,-0.119,311.548,0.1,-4.1925,0.597,-0.161,311.531,0.1,-4.1995000000000005,0.5875,-0.181,311.518,0.1,-4.1605,0.6085,-0.195,311.506,0.1,-4.093999999999999,0.6505,-0.1765,311.5,0.1,-4.0280000000000005,0.6965,-0.14200000000000002,311.496,0.1,-3.987,0.7210000000000001,-0.0935,311.492,0.1,-4.0005,0.7324999999999999,-0.0195,311.488,0.1,-4.0605,0.7495,0.033,311.482,0.1,-4.115,0.7615000000000001,0.0245,311.475,0.1,-4.1259999999999994,0.7655000000000001,-0.028,311.468,0.1,
-4.3205,0.874,-0.0155,311.596,0.1,-4.2669999999999995,0.798,-0.063,311.582,0.1,-4.2395,0.7135,-0.029,311.568,0.1,-4.226,0.68,-0.004,311.557,0.1,-4.2245,0.666,-0.0325,311.543,0.1,-4.2435,0.654,-0.07,311.526,0.1,-4.259,0.6619999999999999,-0.1065,311.511,0.1,-4.2345,0.6990000000000001,-0.1665,311.499,0.1,-4.179,0.748,-0.2135,311.487,0.1,-4.1345,0.7875,-0.2025,311.472,0.1,-4.114,0.8089999999999999,-0.1515,311.459,0.1,-4.1145,0.796,-0.1175,311.451,0.1,-4.1535,0.7645,-0.0755,311.442,0.1,-4.224,0.7655000000000001,-0.0015,311.431,0.1,-4.27,0.798,0.0405,311.426,0.1,-4.246499999999999,0.837,-0.0045000000000000005,311.424,0.1,
-4.4510000000000005,0.7985,0.026500000000000003,311.574,0.1,-4.3955,0.7725,-0.0505,311.56,0.1,-4.337,0.7235,-0.0805,311.544,0.1,-4.3035,0.7125,-0.0455,311.528,0.1,-4.2805,0.7165,-0.0455,311.513,0.1,-4.257,0.7035,-0.08199999999999999,311.502,0.1,-4.234500000000001,0.7095,-0.104,311.492,0.1,-4.2075,0.7625,-0.138,311.479,0.1,-4.186,0.8154999999999999,-0.1535,311.463,0.1,-4.194,0.8354999999999999,-0.122,311.445,0.1,-4.2255,0.8305,-0.07350000000000001,311.432,0.1,-4.2485,0.8045,-0.092,311.419,0.1,-4.263999999999999,0.7635000000000001,-0.1,311.403,0.1,-4.2895,0.7565,-0.012,311.395,0.1,-4.301,0.802,0.0625,311.397,0.1,-4.266,0.879,0.048,311.398,0.1,
-4.516,0.786,0.006500000000000001,311.546,0.1,-4.465999999999999,0.8155,-0.0595,311.531,0.1,-4.404999999999999,0.8095,-0.11399999999999999,311.511,0.1,-4.382,0.8025,-0.052500000000000005,311.492,0.1,-4.3555,0.808,-0.047,311.479,0.1,-4.2915,0.786,-0.129,311.472,0.1,-4.231,0.747,-0.16599999999999998,311.462,0.1,-4.202,0.751,-0.14,311.449,0.1,-4.2010000000000005,0.7695,-0.091,311.436,0.1,-4.228,0.7625,-0.05,311.423,0.1,-4.2684999999999995,0.7484999999999999,-0.032,311.41,0.1,-4.2815,0.7455,-0.078,311.398,0.1,-4.268000000000001,0.723,-0.1075,311.389,0.1,-4.271,0.7045,-0.044,311.382,0.1,-4.284,0.7484999999999999,0.029,311.377,0.1,-4.2735,0.854,0.064,311.369,0.1,
-4.551,0.817,-0.016,311.509,0.1,-4.519,0.86,-0.006,311.494,0.1,-4.466,0.8785000000000001,-0.0305,311.476,0.1,-4.4485,0.8614999999999999,0.023,311.461,0.1,-4.4315,0.8565,0.0075,311.457,0.1,-4.3705,0.8405,-0.092,311.451,0.1,-4.304,0.7845,-0.163,311.433,0.1,-4.276,0.731,-0.1425,311.416,0.1,-4.279999999999999,0.711,-0.0935,311.402,0.1,-4.292999999999999,0.7024999999999999,-0.0835,311.391,0.1,-4.3075,0.705,-0.082,311.385,0.1,-4.311,0.7224999999999999,-0.097,311.379,0.1,-4.2975,0.7055,-0.152,311.371,0.1,-4.285,0.6625000000000001,-0.16999999999999998,311.356,0.1,-4.2795000000000005,0.6839999999999999,-0.107,311.345,0.1,-4.274,0.7975,0.0235,311.338,0.1,
-4.5885,0.833,-0.038000000000000006,311.474,0.1,-4.583,0.821,0.058499999999999996,311.461,0.1,-4.566000000000001,0.8260000000000001,0.0915,311.45,0.1,-4.564,0.81,0.10500000000000001,311.444,0.1,-4.566,0.8095,0.052500000000000005,311.437,0.1,-4.544499999999999,0.8135,-0.033,311.42,0.1,-4.5005,0.795,-0.105,311.393,0.1,-4.455,0.7455,-0.1295,311.367,0.1,-4.4115,0.7264999999999999,-0.10350000000000001,311.356,0.1,-4.369,0.738,-0.101,311.355,0.1,-4.362,0.747,-0.0865,311.354,0.1,-4.388999999999999,0.7545,-0.08449999999999999,311.349,0.1,-4.3845,0.7464999999999999,-0.1985,311.341,0.1,-4.33,0.708,-0.3115,311.327,0.1,-4.2829999999999995,0.6995,-0.2685,311.307,0.1,-4.292,0.765,-0.044,311.295,0.1,
-4.667999999999999,0.828,-0.0715,311.451,0.1,-4.6985,0.753,0.033,311.437,0.1,-4.7490000000000006,0.73,0.0885,311.423,0.1,-4.791,0.736,0.07450000000000001,311.407,0.1,-4.7940000000000005,0.766,-0.0055,311.384,0.1,-4.750500000000001,0.793,-0.0865,311.358,0.1,-4.6739999999999995,0.8095,-0.112,311.338,0.1,-4.587999999999999,0.7945,-0.11549999999999999,311.328,0.1,-4.5225,0.7775000000000001,-0.057499999999999996,311.323,0.1,-4.491,0.773,-0.017,311.316,0.1,-4.497999999999999,0.756,-0.0045000000000000005,311.306,0.1,-4.5169999999999995,0.7605,-0.051000000000000004,311.304,0.1,-4.4864999999999995,0.8005,-0.20400000000000001,311.308,0.1,-4.3975,0.8125,-0.3415,311.3,0.1,-4.330500000000001,0.7949999999999999,-0.3135,311.272,0.1,-4.355,0.7835000000000001,-0.1015,311.247,0.1,
-4.8475,0.832,-0.1135,311.423,0.1,-4.895,0.7605,-0.057999999999999996,311.398,0.1,-4.952999999999999,0.7464999999999999,-0.037000000000000005,311.371,0.1,-4.967499999999999,0.7755,-0.057499999999999996,311.344,0.1,-4.9030000000000005,0.8260000000000001,-0.11149999999999999,311.327,0.1,-4.7885,0.859,-0.1525,311.323,0.1,-4.6884999999999994,0.868,-0.126,311.322,0.1,-4.641,0.8525,-0.08399999999999999,311.311,0.1,-4.649,0.8055,-0.0045000000000000005,311.288,0.1,-4.672499999999999,0.7655000000000001,0.0445,311.274,0.1,-4.6690000000000005,0.7375,0.019,311.271,0.1,-4.6245,0.77,-0.0685,311.278,0.1,-4.541,0.8474999999999999,-0.1935,311.285,0.1,-4.446999999999999,0.891,-0.28300000000000003,311.272,0.1,-4.391,0.8775,-0.258,311.243,0.1,-4.401,0.8365,-0.128,311.222,0.1,
-5.057499999999999,0.9095,-0.137,311.377,0.1,-5.0395,0.891,-0.1405,311.346,0.1,-4.994,0.9015,-0.157,311.325,0.1,-4.9305,0.9179999999999999,-0.156,311.318,0.1,-4.862500000000001,0.9415,-0.138,311.318,0.1,-4.8085,0.9445,-0.122,311.314,0.1,-4.787,0.9279999999999999,-0.075,311.3,0.1,-4.7915,0.903,-0.0165,311.282,0.1,-4.806,0.853,0.038,311.263,0.1,-4.7955000000000005,0.825,0.036500000000000005,311.254,0.1,-4.7325,0.8265,-0.045,311.258,0.1,-4.6415,0.863,-0.11299999999999999,311.261,0.1,-4.552,0.909,-0.182,311.251,0.1,-4.475,0.9295,-0.2345,311.239,0.1,-4.4245,0.916,-0.221,311.226,0.1,-4.417,0.881,-0.139,311.218,0.1,
-5.1145,1.0705,-0.1335,311.335,0.1,-5.0425,1.0985,-0.1585,311.32,0.1,-4.959,1.1035,-0.16349999999999998,311.316,0.1,-4.9085,1.072,-0.1355,311.313,0.1,-4.905,1.034,-0.0975,311.302,0.1,-4.9275,0.992,-0.0915,311.284,0.1,-4.955500000000001,0.965,-0.0385,311.265,0.1,-4.968500000000001,0.956,0.035,311.249,0.1,-4.9425,0.952,0.066,311.24,0.1,-4.8580000000000005,0.9744999999999999,0.028999999999999998,311.242,0.1,-4.745,1.0075,-0.0685,311.245,0.1,-4.6645,1.006,-0.11599999999999999,311.233,0.1,-4.6145,0.9984999999999999,-0.17149999999999999,311.221,0.1,-4.572,0.9775,-0.216,311.215,0.1,-4.5489999999999995,0.9465,-0.2065,311.205,0.1,-4.556,0.907,-0.152,311.193,0.1,
-5.079,1.165,-0.0975,311.322,0.1,-5.0465,1.209,-0.0805,311.319,0.1,-5.035500000000001,1.202,-0.0625,311.312,0.1,-5.0625,1.142,-0.066,311.293,0.1,-5.106,1.07,-0.082,311.263,0.1,-5.124499999999999,1.008,-0.122,311.236,0.1,-5.1145,0.981,-0.0695,311.218,0.1,-5.073,0.985,0.013,311.216,0.1,-4.9855,1.011,0.061,311.223,0.1,-4.871499999999999,1.061,0.067,311.23,0.1,-4.7829999999999995,1.103,0.022,311.227,0.1,-4.753,1.078,-0.0385,311.211,0.1,-4.759,1.052,-0.1095,311.197,0.1,-4.778499999999999,1.012,-0.1815,311.18,0.1,-4.8055,0.964,-0.196,311.16,0.1,-4.8245000000000005,0.918,-0.1605,311.144,0.1,
-3.8385,0.5625,0.067,311.761,0.1,-3.8440000000000003,0.47950000000000004,0.0645,311.737,0.1,-3.867,0.44,0.07150000000000001,311.72,0.1,-3.872,0.455,0.1065,311.712,0.1,-3.847,0.48650000000000004,0.125,311.706,0.1,-3.793,0.522,0.0545,311.695,0.1,-3.7424999999999997,0.5675,-0.051500000000000004,311.681,0.1,-3.7395,0.5994999999999999,-0.091,311.667,0.1,-3.7755,0.6535,-0.033,311.657,0.1,-3.7925,0.733,0.036000000000000004,311.651,0.1,-3.755,0.7985,0.05,311.648,0.1,-3.684,0.822,-0.001,311.644,0.1,-3.636,0.8085,-0.0805,311.642,0.1,-3.661,0.771,-0.1015,311.629,0.1,-3.754,0.7324999999999999,0.0,311.609,0.1,-3.8434999999999997,0.7184999999999999,0.08249999999999999,311.597,0.1,
-3.935,0.51,-0.0035,311.725,0.1,-3.9345,0.449,0.013999999999999999,311.703,0.1,-3.955,0.4285,0.054,311.686,0.1,-3.963,0.4365,0.0975,311.676,0.1,-3.92,0.469,0.08,311.67,0.1,-3.8259999999999996,0.5215000000000001,-0.016,311.664,0.1,-3.739,0.578,-0.075,311.655,0.1,-3.714,0.613,-0.0595,311.647,0.1,-3.75,0.6475,0.024,311.638,0.1,-3.7904999999999998,0.7090000000000001,0.10350000000000001,311.632,0.1,-3.7815000000000003,0.78,0.11649999999999999,311.629,0.1,-3.73,0.8254999999999999,0.032,311.625,0.1,-3.69,0.8235,-0.1085,311.622,0.1,-3.71,0.7725,-0.154,311.606,0.1,-3.7809999999999997,0.7215,-0.056,311.591,0.1,-3.8354999999999997,0.719,0.0215,311.585,0.1,
-4.0215,0.522,-0.139,311.685,0.1,-3.99,0.4645,-0.088,311.669,0.1,-3.9979999999999998,0.44799999999999995,-0.0095,311.658,0.1,-3.9924999999999997,0.4625,0.0335,311.65,0.1,-3.926,0.5155000000000001,-0.0075,311.643,0.1,-3.824,0.5725,-0.10250000000000001,311.637,0.1,-3.7649999999999997,0.591,-0.11499999999999999,311.628,0.1,-3.7735,0.59,-0.065,311.619,0.1,-3.8064999999999998,0.595,0.014499999999999999,311.61,0.1,-3.8205,0.645,0.0935,311.604,0.1,-3.8049999999999997,0.718,0.134,311.605,0.1,-3.7649999999999997,0.788,0.079,311.61,0.1,-3.7169999999999996,0.8294999999999999,-0.058499999999999996,311.61,0.1,-3.7024999999999997,0.8085,-0.127,311.598,0.1,-3.731,0.767,-0.06,311.594,0.1,-3.755,0.762,-0.0075,311.593,0.1,
-4.057,0.6375,-0.244,311.664,0.1,-4.0120000000000005,0.573,-0.1835,311.649,0.1,-4.0009999999999994,0.5535,-0.08349999999999999,311.634,0.1,-3.9725,0.5725,-0.039,311.625,0.1,-3.9085,0.615,-0.0695,311.62,0.1,-3.8505000000000003,0.6415,-0.14500000000000002,311.614,0.1,-3.848,0.611,-0.1545,311.602,0.1,-3.8795,0.5714999999999999,-0.111,311.591,0.1,-3.888,0.5569999999999999,-0.052,311.584,0.1,-3.862,0.595,0.0265,311.581,0.1,-3.8285,0.6555,0.076,311.584,0.1,-3.8005,0.7224999999999999,0.07,311.591,0.1,-3.766,0.7965,0.0275,311.595,0.1,-3.7425,0.8294999999999999,-0.0115,311.592,0.1,-3.7585,0.8105,-0.0045000000000000005,311.588,0.1,-3.7925,0.793,-0.013999999999999999,311.577,0.1,
-4.076499999999999,0.8200000000000001,-0.2585,311.647,0.1,-4.021,0.749,-0.2135,311.634,0.1,-4.0,0.7110000000000001,-0.1015,311.617,0.1,-3.976,0.706,-0.054,311.605,0.1,-3.9450000000000003,0.704,-0.086,311.598,0.1,-3.9325,0.6890000000000001,-0.1535,311.591,0.1,-3.9565,0.638,-0.179,311.578,0.1,-3.984,0.591,-0.1565,311.568,0.1,-3.971,0.5780000000000001,-0.13,311.558,0.1,-3.9255,0.606,-0.0795,311.556,0.1,-3.875,0.654,-0.045,311.557,0.1,-3.8375,0.7015,-0.018000000000000002,311.559,0.1,-3.8225,0.7635000000000001,0.033,311.56,0.1,-3.833,0.8160000000000001,0.0545,311.56,0.1,-3.8609999999999998,0.8194999999999999,0.024,311.555,0.1,-3.8845,0.8045,-0.026,311.544,0.1,
-4.0925,0.9615,-0.154,311.627,0.1,-4.026,0.878,-0.1495,311.617,0.1,-4.0085,0.8025,-0.05,311.602,0.1,-4.0075,0.7685,-0.01,311.591,0.1,-4.010999999999999,0.745,-0.055,311.583,0.1,-4.0329999999999995,0.719,-0.1175,311.572,0.1,-4.071,0.6855,-0.161,311.557,0.1,-4.085,0.6675,-0.189,311.544,0.1,-4.0455,0.681,-0.21150000000000002,311.532,0.1,-3.976,0.7150000000000001,-0.1945,311.525,0.1,-3.9095,0.75,-0.156,311.521,0.1,-3.866,0.7685,-0.10500000000000001,311.518,0.1,-3.8715,0.784,-0.020999999999999998,311.517,0.1,-3.923,0.8145,0.03949999999999999,311.513,0.1,-3.972,0.836,0.0275,311.506,0.1,-3.9785,0.8455,-0.0345,311.498,0.1,
-4.194,0.961,-0.0125,311.608,0.1,-4.125,0.8865000000000001,-0.065,311.599,0.1,-4.091,0.7985,-0.0295,311.587,0.1,-4.08,0.767,-0.0025,311.578,0.1,-4.0845,0.7545,-0.032,311.566,0.1,-4.106999999999999,0.737,-0.0685,311.551,0.1,-4.1215,0.744,-0.108,311.538,0.1,-4.093500000000001,0.7815,-0.1765,311.528,0.1,-4.0365,0.8305,-0.22899999999999998,311.516,0.1,-3.9965,0.8665,-0.214,311.501,0.1,-3.981,0.8819999999999999,-0.157,311.488,0.1,-3.9775,0.868,-0.1235,311.481,0.1,-4.009,0.8325,-0.0775,311.472,0.1,-4.076499999999999,0.832,0.003,311.46,0.1,-4.117,0.871,0.041,311.455,0.1,-4.082,0.9255,-0.016,311.458,0.1,
-4.3345,0.8875,0.032,311.589,0.1,-4.269,0.862,-0.055999999999999994,311.576,0.1,-4.205500000000001,0.808,-0.0905,311.562,0.1,-4.1675,0.7985,-0.0495,311.548,0.1,-4.134,0.8009999999999999,-0.051500000000000004,311.536,0.1,-4.0969999999999995,0.7809999999999999,-0.0925,311.527,0.1,-4.0685,0.79,-0.1085,311.521,0.1,-4.045,0.845,-0.14,311.51,0.1,-4.031000000000001,0.8995,-0.1525,311.493,0.1,-4.0455000000000005,0.9195,-0.11649999999999999,311.475,0.1,-4.0760000000000005,0.9179999999999999,-0.063,311.464,0.1,-4.0895,0.896,-0.087,311.453,0.1,-4.097,0.845,-0.1,311.435,0.1,-4.116,0.831,-0.0075,311.425,0.1,-4.115,0.8865000000000001,0.065,311.432,0.1,-4.069,0.9815,0.0435,311.44,0.1,
-4.4055,0.8745,0.0075,311.562,0.1,-4.3475,0.9085,-0.0695,311.547,0.1,-4.2780000000000005,0.901,-0.131,311.528,0.1,-4.2435,0.897,-0.058499999999999996,311.512,0.1,-4.1975,0.903,-0.055999999999999994,311.504,0.1,-4.118,0.881,-0.14850000000000002,311.5,0.1,-4.061999999999999,0.8415,-0.178,311.491,0.1,-4.0495,0.8374999999999999,-0.1395,311.477,0.1,-4.0565,0.8545,-0.08099999999999999,311.463,0.1,-4.0785,0.853,-0.0385,311.452,0.1,-4.109999999999999,0.845,-0.018500000000000003,311.443,0.1,-4.115,0.8455,-0.07050000000000001,311.432,0.1,-4.093,0.815,-0.1065,311.422,0.1,-4.0845,0.7929999999999999,-0.0385,311.418,0.1,-4.087,0.8435,0.036500000000000005,311.418,0.1,-4.0735,0.9565,0.0685,311.412,0.1,
-4.4245,0.9065000000000001,-0.012,311.524,0.1,-4.3825,0.9595,-0.0045000000000000005,311.509,0.1,-4.3134999999999994,0.9815,-0.036500000000000005,311.494,0.1,-4.282500000000001,0.9684999999999999,0.025,311.485,0.1,-4.2545,0.9684999999999999,0.0075,311.485,0.1,-4.192,0.9615,-0.1,311.482,0.1,-4.1375,0.904,-0.173,311.463,0.1,-4.1235,0.835,-0.1455,311.443,0.1,-4.131,0.81,-0.091,311.43,0.1,-4.1365,0.8065,-0.08499999999999999,311.422,0.1,-4.1419999999999995,0.8109999999999999,-0.083,311.417,0.1,-4.138,0.8340000000000001,-0.096,311.414,0.1,-4.115,0.8180000000000001,-0.1565,311.409,0.1,-4.0965,0.771,-0.1745,311.397,0.1,-4.092499999999999,0.778,-0.1055,311.387,0.1,-4.087999999999999,0.8865000000000001,0.0305,311.378,0.1,
-4.4399999999999995,0.921,-0.0325,311.487,0.1,-4.425,0.925,0.07150000000000001,311.477,0.1,-4.39,0.942,0.10400000000000001,311.472,0.1,-4.3755,0.933,0.1185,311.47,0.1,-4.374499999999999,0.9375,0.061,311.468,0.1,-4.3575,0.9475,-0.028999999999999998,311.454,0.1,-4.32,0.93,-0.1085,311.427,0.1,-4.2795,0.869,-0.1385,311.401,0.1,-4.236,0.8445,-0.1115,311.393,0.1,-4.186,0.8600000000000001,-0.11199999999999999,311.395,0.1,-4.1715,0.872,-0.092,311.394,0.1,-4.196,0.888,-0.0815,311.391,0.1,-4.194,0.884,-0.20550000000000002,311.386,0.1,-4.147,0.8360000000000001,-0.329,311.371,0.1,-4.108499999999999,0.7969999999999999,-0.28400000000000003,311.349,0.1,-4.118,0.8485,-0.038000000000000006,311.333,0.1,
-4.497,0.9255,-0.07050000000000001,311.466,0.1,-4.524,0.8694999999999999,0.042499999999999996,311.456,0.1,-4.5625,0.8605,0.101,311.447,0.1,-4.589,0.8714999999999999,0.08349999999999999,311.436,0.1,-4.579000000000001,0.8995,-0.007,311.42,0.1,-4.53,0.922,-0.0955,311.4,0.1,-4.4535,0.9410000000000001,-0.122,311.383,0.1,-4.3675,0.9255,-0.129,311.376,0.1,-4.298,0.911,-0.0635,311.373,0.1,-4.2575,0.916,-0.0175,311.367,0.1,-4.2615,0.904,0.0,311.355,0.1,-4.2925,0.9085000000000001,-0.045,311.352,0.1,-4.2844999999999995,0.9455,-0.2105,311.356,0.1,-4.215,0.9465,-0.3585,311.347,0.1,-4.157,0.9059999999999999,-0.3315,311.317,0.1,-4.184,0.8795,-0.101,311.285,0.1,
-4.6475,0.9525,-0.1195,311.445,0.1,-4.684,0.894,-0.0625,311.424,0.1,-4.7305,0.882,-0.0435,311.403,0.1,-4.734999999999999,0.907,-0.0675,311.382,0.1,-4.66,0.9495,-0.1275,311.371,0.1,-4.535,0.9790000000000001,-0.174,311.372,0.1,-4.428,0.9949999999999999,-0.1405,311.375,0.1,-4.3740000000000006,0.989,-0.0945,311.367,0.1,-4.3765,0.952,-0.0055,311.344,0.1,-4.4035,0.921,0.0475,311.328,0.1,-4.417,0.8895,0.0185,311.322,0.1,-4.399,0.91,-0.0735,311.326,0.1,-4.3405000000000005,0.9795,-0.202,311.333,0.1,-4.2620000000000005,1.016,-0.2935,311.319,0.1,-4.213,0.996,-0.2655,311.287,0.1,-4.2235,0.9490000000000001,-0.1295,311.26,0.1,
-4.8205,1.0415,-0.15,311.406,0.1,-4.7915,1.0235,-0.159,311.38,0.1,-4.7435,1.0235,-0.1795,311.364,0.1,-4.681,1.0314999999999999,-0.1745,311.36,0.1,-4.603,1.0525,-0.1525,311.365,0.1,-4.531000000000001,1.0655000000000001,-0.1345,311.367,0.1,-4.4990000000000006,1.063,-0.0815,311.354,0.1,-4.5035,1.0470000000000002,-0.0215,311.335,0.1,-4.5235,1.0005,0.0335,311.314,0.1,-4.5255,0.9695,0.027,311.306,0.1,-4.486000000000001,0.956,-0.0635,311.309,0.1,-4.4225,0.98,-0.1275,311.311,0.1,-4.353,1.0235,-0.191,311.3,0.1,-4.2855,1.0474999999999999,-0.242,311.285,0.1,-4.2385,1.038,-0.225,311.269,0.1,-4.227,1.009,-0.14,311.259,0.1,
-4.8535,1.189,-0.1495,311.372,0.1,-4.7745,1.2109999999999999,-0.1805,311.361,0.1,-4.6905,1.207,-0.1845,311.359,0.1,-4.6419999999999995,1.1715,-0.1485,311.357,0.1,-4.633,1.1444999999999999,-0.10250000000000001,311.35,0.1,-4.648,1.1215,-0.097,311.334,0.1,-4.6739999999999995,1.1059999999999999,-0.041499999999999995,311.313,0.1,-4.688,1.0955,0.032,311.296,0.1,-4.664,1.085,0.055,311.29,0.1,-4.5875,1.096,0.01,311.296,0.1,-4.4905,1.1139999999999999,-0.0945,311.301,0.1,-4.4285,1.111,-0.1325,311.287,0.1,-4.3919999999999995,1.115,-0.1845,311.273,0.1,-4.3555,1.108,-0.2265,311.266,0.1,-4.333,1.084,-0.21,311.253,0.1,-4.336,1.059,-0.1535,311.239,0.1,
-4.8025,1.271,-0.109,311.363,0.1,-4.7615,1.309,-0.0905,311.363,0.1,-4.745,1.298,-0.0695,311.357,0.1,-4.77,1.238,-0.07200000000000001,311.341,0.1,-4.814,1.184,-0.08549999999999999,311.314,0.1,-4.835,1.142,-0.134,311.286,0.1,-4.8260000000000005,1.121,-0.08049999999999999,311.266,0.1,-4.779,1.117,0.002,311.265,0.1,-4.6845,1.134,0.046,311.278,0.1,-4.57,1.172,0.0525,311.291,0.1,-4.484,1.203,0.0075,311.29,0.1,-4.459,1.184,-0.05,311.276,0.1,-4.474,1.178,-0.1185,311.263,0.1,-4.501,1.155,-0.1905,311.242,0.1,-4.5315,1.114,-0.2025,311.216,0.1,-4.5525,1.085,-0.1665,311.196,0.1,
-3.7165,0.6985,0.0675,311.78,0.1,-3.698,0.622,0.0695,311.763,0.1,-3.7175000000000002,0.5680000000000001,0.0765,311.748,0.1,-3.7295,0.5680000000000001,0.111,311.74,0.1,-3.706,0.594,0.127,311.733,0.1,-3.6455,0.6275,0.0495,311.723,0.1,-3.589,0.664,-0.0605,311.707,0.1,-3.585,0.6785,-0.097,311.69,0.1,-3.622,0.719,-0.0325,311.68,0.1,-3.64,0.795,0.038,311.676,0.1,-3.6045,0.859,0.0475,311.675,0.1,-3.534,0.8875,-0.0085,311.672,0.1,-3.4795,0.886,-0.087,311.673,0.1,-3.492,0.865,-0.099,311.662,0.1,-3.575,0.8414999999999999,0.0115,311.644,0.1,-3.666,0.8375,0.092,311.631,0.1,
-3.7975,0.652,-0.006999999999999999,311.748,0.1,-3.787,0.5815,0.0155,311.73,0.1,-3.8085,0.5495000000000001,0.057999999999999996,311.715,0.1,-3.8165,0.5535000000000001,0.101,311.704,0.1,-3.7685,0.588,0.0765,311.698,0.1,-3.6719999999999997,0.6345000000000001,-0.0285,311.689,0.1,-3.5875,0.6765000000000001,-0.08299999999999999,311.677,0.1,-3.5614999999999997,0.698,-0.0605,311.668,0.1,-3.593,0.723,0.0305,311.661,0.1,-3.632,0.7795000000000001,0.111,311.657,0.1,-3.6235,0.854,0.1195,311.657,0.1,-3.569,0.911,0.027999999999999997,311.656,0.1,-3.5220000000000002,0.9165000000000001,-0.11699999999999999,311.654,0.1,-3.5355,0.868,-0.156,311.637,0.1,-3.604,0.82,-0.051500000000000004,311.621,0.1,-3.6635,0.8200000000000001,0.0225,311.616,0.1,
-3.886,0.6515,-0.1545,311.711,0.1,-3.8505000000000003,0.585,-0.096,311.696,0.1,-3.8545,0.5675,-0.012,311.685,0.1,-3.845,0.5865,0.028499999999999998,311.678,0.1,-3.7750000000000004,0.643,-0.0205,311.669,0.1,-3.6710000000000003,0.6945,-0.12,311.661,0.1,-3.6109999999999998,0.7015,-0.1205,311.649,0.1,-3.6174999999999997,0.6885,-0.0605,311.641,0.1,-3.6494999999999997,0.6779999999999999,0.020999999999999998,311.634,0.1,-3.6630000000000003,0.714,0.099,311.629,0.1,-3.644,0.792,0.1395,311.633,0.1,-3.599,0.8775,0.083,311.641,0.1,-3.5495,0.926,-0.0615,311.64,0.1,-3.5355,0.9015,-0.133,311.626,0.1,-3.56,0.8614999999999999,-0.062,311.623,0.1,-3.5735,0.8625,-0.009999999999999998,311.625,0.1,
-3.939,0.7505,-0.2685,311.684,0.1,-3.887,0.6910000000000001,-0.2,311.671,0.1,-3.8635,0.6765,-0.0945,311.659,0.1,-3.8209999999999997,0.7045,-0.0525,311.651,0.1,-3.7439999999999998,0.7545,-0.08299999999999999,311.647,0.1,-3.677,0.782,-0.157,311.641,0.1,-3.678,0.7404999999999999,-0.156,311.627,0.1,-3.723,0.6825000000000001,-0.1075,311.617,0.1,-3.7395,0.645,-0.052,311.609,0.1,-3.7075,0.665,0.025500000000000002,311.606,0.1,-3.6635,0.7255,0.0775,311.61,0.1,-3.635,0.7995,0.0745,311.618,0.1,-3.6055,0.8815,0.032,311.621,0.1,-3.5765000000000002,0.9235,-0.011,311.619,0.1,-3.575,0.9165000000000001,-0.002,311.62,0.1,-3.591,0.9055,-0.0125,311.614,0.1,
-3.95,0.9244999999999999,-0.28600000000000003,311.662,0.1,-3.8865,0.869,-0.23299999999999998,311.654,0.1,-3.8514999999999997,0.8380000000000001,-0.11249999999999999,311.641,0.1,-3.8105,0.845,-0.064,311.632,0.1,-3.7664999999999997,0.8525,-0.094,311.626,0.1,-3.754,0.839,-0.158,311.619,0.1,-3.7945,0.773,-0.179,311.606,0.1,-3.841,0.708,-0.1575,311.595,0.1,-3.8315,0.6785,-0.138,311.585,0.1,-3.777,0.692,-0.089,311.581,0.1,-3.7199999999999998,0.7304999999999999,-0.053000000000000005,311.583,0.1,-3.6849999999999996,0.7715000000000001,-0.0235,311.584,0.1,-3.6719999999999997,0.8385,0.035,311.588,0.1,-3.6734999999999998,0.911,0.061,311.592,0.1,-3.689,0.93,0.03,311.59,0.1,-3.7065,0.916,-0.025500000000000002,311.579,0.1,
-3.946,1.0705,-0.16999999999999998,311.64,0.1,-3.871,0.9994999999999999,-0.161,311.636,0.1,-3.8415,0.9279999999999999,-0.052,311.624,0.1,-3.8325,0.903,-0.01,311.616,0.1,-3.839,0.8845000000000001,-0.055,311.609,0.1,-3.8735,0.856,-0.116,311.6,0.1,-3.9245,0.8115,-0.1615,311.586,0.1,-3.9450000000000003,0.7845,-0.1975,311.573,0.1,-3.9045,0.7929999999999999,-0.22899999999999998,311.562,0.1,-3.8325,0.8200000000000001,-0.2135,311.555,0.1,-3.767,0.8420000000000001,-0.17049999999999998,311.55,0.1,-3.724,0.8500000000000001,-0.11699999999999999,311.548,0.1,-3.724,0.8654999999999999,-0.023,311.549,0.1,-3.7685,0.909,0.046,311.549,0.1,-3.8135,0.9390000000000001,0.031,311.541,0.1,-3.816,0.9525,-0.041499999999999995,311.533,0.1,
-4.0385,1.082,-0.0095,311.623,0.1,-3.9530000000000003,1.0105,-0.0675,311.618,0.1,-3.912,0.9195,-0.0305,311.608,0.1,-3.9050000000000002,0.889,-0.0015,311.6,0.1,-3.917,0.8725,-0.0315,311.591,0.1,-3.943,0.848,-0.0675,311.579,0.1,-3.955,0.8534999999999999,-0.1095,311.569,0.1,-3.9234999999999998,0.8925,-0.1875,311.561,0.1,-3.866,0.9455,-0.2455,311.55,0.1,-3.83,0.9805,-0.2265,311.535,0.1,-3.8194999999999997,0.99,-0.163,311.523,0.1,-3.8129999999999997,0.9730000000000001,-0.1305,311.518,0.1,-3.8375000000000004,0.9319999999999999,-0.08,311.509,0.1,-3.9025,0.9299999999999999,0.0075,311.494,0.1,-3.9385,0.9744999999999999,0.041,311.491,0.1,-3.894,1.044,-0.028,311.498,0.1,
-4.1895,1.0125,0.038000000000000006,311.605,0.1,-4.1129999999999995,0.9855,-0.062,311.595,0.1,-4.0445,0.925,-0.1015,311.582,0.1,-4.0025,0.9135,-0.0545,311.57,0.1,-3.958,0.9065,-0.058499999999999996,311.563,0.1,-3.907,0.877,-0.10350000000000001,311.558,0.1,-3.8725,0.8905000000000001,-0.1135,311.555,0.1,-3.8520000000000003,0.95,-0.142,311.547,0.1,-3.846,1.011,-0.1515,311.53,0.1,-3.8680000000000003,1.0335,-0.111,311.511,0.1,-3.896,1.037,-0.052500000000000005,311.503,0.1,-3.8979999999999997,1.0190000000000001,-0.0825,311.495,0.1,-3.8965,0.958,-0.0995,311.474,0.1,-3.9095,0.938,-0.003,311.462,0.1,-3.8975,1.005,0.0675,311.475,0.1,-3.8425000000000002,1.1179999999999999,0.0385,311.491,0.1,
-4.265499999999999,0.9969999999999999,0.008,311.58,0.1,-4.199,1.0325,-0.08049999999999999,311.565,0.1,-4.121499999999999,1.018,-0.14900000000000002,311.548,0.1,-4.077,1.013,-0.0655,311.537,0.1,-4.0115,1.014,-0.0665,311.535,0.1,-3.915,0.9915,-0.16899999999999998,311.535,0.1,-3.8645,0.956,-0.19,311.527,0.1,-3.8705,0.9464999999999999,-0.138,311.512,0.1,-3.8875,0.9655,-0.07100000000000001,311.496,0.1,-3.9045,0.9715,-0.027000000000000003,311.488,0.1,-3.924,0.9715,-0.0055,311.483,0.1,-3.918,0.976,-0.0635,311.473,0.1,-3.8865,0.938,-0.106,311.462,0.1,-3.866,0.9155,-0.034,311.461,0.1,-3.8565,0.9755,0.044,311.467,0.1,-3.841,1.0955,0.073,311.464,0.1,
-4.2675,1.025,-0.008,311.541,0.1,-4.217,1.0845,-0.004,311.527,0.1,-4.1335,1.105,-0.0435,311.517,0.1,-4.0895,1.093,0.0265,311.513,0.1,-4.050000000000001,1.097,0.006500000000000001,311.518,0.1,-3.9855,1.1015000000000001,-0.108,311.518,0.1,-3.944,1.0459999999999998,-0.183,311.498,0.1,-3.9455,0.964,-0.149,311.477,0.1,-3.957,0.9359999999999999,-0.0895,311.464,0.1,-3.9535,0.9385,-0.087,311.46,0.1,-3.9485,0.946,-0.0845,311.457,0.1,-3.9349999999999996,0.9754999999999999,-0.096,311.456,0.1,-3.9,0.9615,-0.162,311.455,0.1,-3.8745000000000003,0.9145000000000001,-0.1795,311.448,0.1,-3.872,0.9099999999999999,-0.1045,311.438,0.1,-3.8689999999999998,1.012,0.037500000000000006,311.428,0.1,
-4.2645,1.029,-0.0275,311.504,0.1,-4.241,1.0485,0.08449999999999999,311.497,0.1,-4.188000000000001,1.0765,0.11599999999999999,311.498,0.1,-4.16,1.074,0.131,311.5,0.1,-4.154999999999999,1.0835,0.069,311.504,0.1,-4.141,1.101,-0.025,311.494,0.1,-4.1075,1.0865,-0.112,311.469,0.1,-4.071,1.016,-0.1475,311.443,0.1,-4.0280000000000005,0.9874999999999999,-0.1205,311.438,0.1,-3.9705,1.007,-0.124,311.442,0.1,-3.9475,1.0230000000000001,-0.098,311.442,0.1,-3.9675000000000002,1.049,-0.079,311.441,0.1,-3.9655,1.0515,-0.213,311.44,0.1,-3.9255,0.9975,-0.34650000000000003,311.426,0.1,-3.896,0.9299999999999999,-0.3,311.4,0.1,-3.9059999999999997,0.966,-0.0325,311.382,0.1,
-4.301,1.0354999999999999,-0.0695,311.485,0.1,-4.322,1.0025,0.051500000000000004,311.479,0.1,-4.346,1.0074999999999998,0.11299999999999999,311.476,0.1,-4.3535,1.024,0.092,311.472,0.1,-4.326,1.0485,-0.009000000000000001,311.464,0.1,-4.269,1.0659999999999998,-0.10450000000000001,311.451,0.1,-4.1915,1.09,-0.132,311.439,0.1,-4.105,1.0755,-0.14250000000000002,311.433,0.1,-4.0305,1.0655000000000001,-0.07,311.432,0.1,-3.9795,1.0819999999999999,-0.0185,311.428,0.1,-3.98,1.0775000000000001,0.004,311.415,0.1,-4.024,1.0819999999999999,-0.0395,311.409,0.1,-4.0405,1.1175000000000002,-0.217,311.413,0.1,-3.9924999999999997,1.109,-0.376,311.405,0.1,-3.944,1.0475,-0.35050000000000003,311.373,0.1,-3.973,1.0055,-0.101,311.333,0.1,
-4.4185,1.0855000000000001,-0.126,311.469,0.1,-4.439500000000001,1.042,-0.0675,311.455,0.1,-4.4704999999999995,1.03,-0.051000000000000004,311.44,0.1,-4.462999999999999,1.05,-0.078,311.429,0.1,-4.377,1.0825,-0.14400000000000002,311.424,0.1,-4.2415,1.1095,-0.196,311.431,0.1,-4.1255,1.1375000000000002,-0.1555,311.438,0.1,-4.0600000000000005,1.1440000000000001,-0.10600000000000001,311.432,0.1,-4.0525,1.1205,-0.006500000000000001,311.411,0.1,-4.0809999999999995,1.1,0.05,311.395,0.1,-4.1135,1.0659999999999998,0.0175,311.385,0.1,-4.1274999999999995,1.072,-0.0785,311.384,0.1,-4.099500000000001,1.1320000000000001,-0.2105,311.39,0.1,-4.0395,1.162,-0.304,311.377,0.1,-3.9995000000000003,1.1385,-0.274,311.341,0.1,-4.0115,1.087,-0.1325,311.308,0.1,
-4.5435,1.1844999999999999,-0.16449999999999998,311.441,0.1,-4.5035,1.165,-0.179,311.422,0.1,-4.4544999999999995,1.151,-0.203,311.412,0.1,-4.3934999999999995,1.15,-0.1935,311.41,0.1,-4.303,1.1675,-0.16749999999999998,311.419,0.1,-4.2065,1.1955,-0.1475,311.428,0.1,-4.157500000000001,1.2125,-0.0885,311.418,0.1,-4.1579999999999995,1.209,-0.026000000000000002,311.399,0.1,-4.1825,1.169,0.028499999999999998,311.378,0.1,-4.199,1.1320000000000001,0.017499999999999998,311.37,0.1,-4.188000000000001,1.099,-0.08299999999999999,311.372,0.1,-4.1579999999999995,1.1075,-0.14250000000000002,311.372,0.1,-4.112,1.1484999999999999,-0.2005,311.36,0.1,-4.0565,1.179,-0.25,311.342,0.1,-4.015000000000001,1.178,-0.2295,311.322,0.1,-4.001,1.157,-0.142,311.309,0.1,
-4.5440000000000005,1.3094999999999999,-0.16699999999999998,311.418,0.1,-4.4615,1.3235000000000001,-0.20350000000000001,311.411,0.1,-4.3805,1.3075,-0.20600000000000002,311.41,0.1,-4.334,1.27,-0.1615,311.409,0.1,-4.3149999999999995,1.2565,-0.1075,311.406,0.1,-4.314,1.2585000000000002,-0.10250000000000001,311.394,0.1,-4.3325,1.258,-0.0445,311.373,0.1,-4.346500000000001,1.2475,0.028499999999999998,311.355,0.1,-4.327,1.2305000000000001,0.0435,311.352,0.1,-4.2645,1.224,-0.0095,311.362,0.1,-4.1885,1.2205,-0.121,311.367,0.1,-4.1465,1.2145,-0.1495,311.352,0.1,-4.122999999999999,1.2355,-0.1975,311.337,0.1,-4.092499999999999,1.249,-0.2375,311.327,0.1,-4.0715,1.238,-0.2145,311.311,0.1,-4.071,1.229,-0.156,311.294,0.1,
-4.477499999999999,1.373,-0.121,311.414,0.1,-4.429,1.404,-0.1015,311.416,0.1,-4.4055,1.387,-0.0765,311.411,0.1,-4.4254999999999995,1.33,-0.078,311.399,0.1,-4.4655000000000005,1.299,-0.089,311.376,0.1,-4.4855,1.282,-0.14600000000000002,311.349,0.1,-4.476,1.27,-0.091,311.326,0.1,-4.4239999999999995,1.258,-0.01,311.327,0.1,-4.327999999999999,1.264,0.0305,311.346,0.1,-4.2195,1.283,0.037,311.363,0.1,-4.1370000000000005,1.298,-0.0075,311.364,0.1,-4.1129999999999995,1.285,-0.0615,311.351,0.1,-4.1325,1.307,-0.1275,311.339,0.1,-4.165,1.309,-0.2,311.317,0.1,-4.1995000000000005,1.281,-0.2095,311.284,0.1,-4.225,1.271,-0.173,311.26,0.1,
-3.5940000000000003,0.835,0.0665,311.799,0.1,-3.5515,0.765,0.074,311.789,0.1,-3.5675,0.696,0.0815,311.776,0.1,-3.5865,0.6805,0.11549999999999999,311.767,0.1,-3.5655,0.7004999999999999,0.1285,311.76,0.1,-3.4985,0.7324999999999999,0.043,311.751,0.1,-3.435,0.7615000000000001,-0.07050000000000001,311.733,0.1,-3.4305000000000003,0.757,-0.10350000000000001,311.714,0.1,-3.4690000000000003,0.7845,-0.032,311.704,0.1,-3.4875,0.857,0.04,311.701,0.1,-3.4539999999999997,0.9195,0.0445,311.701,0.1,-3.384,0.9530000000000001,-0.016,311.7,0.1,-3.3225,0.9644999999999999,-0.094,311.703,0.1,-3.3225,0.9584999999999999,-0.097,311.695,0.1,-3.396,0.9505,0.0225,311.679,0.1,-3.488,0.956,0.1015,311.665,0.1,
-3.6605,0.7945,-0.010499999999999999,311.772,0.1,-3.6395,0.715,0.017,311.758,0.1,-3.662,0.6695,0.0625,311.743,0.1,-3.67,0.6705000000000001,0.1045,311.733,0.1,-3.6174999999999997,0.706,0.073,311.725,0.1,-3.5185,0.7475,-0.042,311.714,0.1,-3.436,0.7755000000000001,-0.091,311.699,0.1,-3.4085,0.783,-0.0615,311.689,0.1,-3.435,0.798,0.036500000000000005,311.684,0.1,-3.4725,0.85,0.118,311.682,0.1,-3.4645,0.9275,0.1225,311.685,0.1,-3.407,0.996,0.0235,311.686,0.1,-3.3535000000000004,1.01,-0.1265,311.686,0.1,-3.3615000000000004,0.963,-0.158,311.668,0.1,-3.4275,0.918,-0.047,311.651,0.1,-3.4909999999999997,0.921,0.024,311.646,0.1,
-3.7504999999999997,0.7805,-0.16899999999999998,311.736,0.1,-3.7115,0.7064999999999999,-0.10350000000000001,311.722,0.1,-3.7110000000000003,0.6859999999999999,-0.014499999999999999,311.713,0.1,-3.6965,0.71,0.023,311.705,0.1,-3.6239999999999997,0.77,-0.0335,311.695,0.1,-3.5185,0.817,-0.1385,311.684,0.1,-3.457,0.812,-0.1255,311.67,0.1,-3.4610000000000003,0.788,-0.056,311.663,0.1,-3.4924999999999997,0.7605,0.0275,311.659,0.1,-3.5054999999999996,0.7829999999999999,0.104,311.655,0.1,-3.4829999999999997,0.865,0.1445,311.661,0.1,-3.4335,0.9665,0.087,311.671,0.1,-3.382,1.023,-0.065,311.67,0.1,-3.3685,0.994,-0.1395,311.654,0.1,-3.3890000000000002,0.956,-0.065,311.652,0.1,-3.3920000000000003,0.9625,-0.013,311.658,0.1,
-3.8215,0.8635,-0.2925,311.704,0.1,-3.762,0.8089999999999999,-0.2175,311.692,0.1,-3.7255000000000003,0.7989999999999999,-0.10650000000000001,311.683,0.1,-3.6695,0.8365,-0.067,311.678,0.1,-3.58,0.8945,-0.0975,311.675,0.1,-3.504,0.9235,-0.16949999999999998,311.668,0.1,-3.508,0.87,-0.157,311.652,0.1,-3.567,0.7935000000000001,-0.10350000000000001,311.642,0.1,-3.5919999999999996,0.733,-0.052,311.635,0.1,-3.5534999999999997,0.7355,0.024,311.631,0.1,-3.4985,0.7945,0.0775,311.637,0.1,-3.4690000000000003,0.876,0.079,311.644,0.1,-3.444,0.967,0.036500000000000005,311.648,0.1,-3.41,1.0179999999999998,-0.0115,311.647,0.1,-3.391,1.0225,-0.001,311.653,0.1,-3.3890000000000002,1.017,-0.0125,311.651,0.1,
-3.8235,1.03,-0.3135,311.677,0.1,-3.7525,0.9885,-0.2535,311.673,0.1,-3.7035,0.965,-0.124,311.664,0.1,-3.6445,0.9845,-0.07500000000000001,311.658,0.1,-3.5875000000000004,1.0015,-0.10200000000000001,311.654,0.1,-3.576,0.9895,-0.163,311.648,0.1,-3.6325000000000003,0.9075,-0.178,311.634,0.1,-3.697,0.8245,-0.1575,311.622,0.1,-3.692,0.7789999999999999,-0.146,311.611,0.1,-3.629,0.778,-0.1,311.607,0.1,-3.5655,0.8065,-0.062,311.609,0.1,-3.5335,0.841,-0.028999999999999998,311.61,0.1,-3.5215,0.9135,0.0375,311.615,0.1,-3.5135,1.007,0.067,311.624,0.1,-3.5164999999999997,1.04,0.035,311.625,0.1,-3.5279999999999996,1.0270000000000001,-0.025500000000000002,311.614,0.1,
-3.7995,1.1804999999999999,-0.186,311.652,0.1,-3.7155,1.1205,-0.173,311.655,0.1,-3.6745,1.0535,-0.054,311.647,0.1,-3.6574999999999998,1.0375,-0.010499999999999999,311.641,0.1,-3.667,1.0245,-0.055,311.636,0.1,-3.714,0.993,-0.114,311.628,0.1,-3.778,0.9375,-0.1615,311.614,0.1,-3.805,0.9019999999999999,-0.20550000000000002,311.602,0.1,-3.763,0.905,-0.2465,311.591,0.1,-3.6879999999999997,0.925,-0.23249999999999998,311.584,0.1,-3.6239999999999997,0.9344999999999999,-0.186,311.579,0.1,-3.5815,0.9319999999999999,-0.129,311.578,0.1,-3.5759999999999996,0.9470000000000001,-0.025500000000000002,311.582,0.1,-3.6135,1.0035,0.052000000000000005,311.584,0.1,-3.6545,1.042,0.0345,311.577,0.1,-3.6535,1.06,-0.0495,311.567,0.1,
-3.8825,1.2035,-0.0075,311.637,0.1,-3.7809999999999997,1.1345,-0.07050000000000001,311.637,0.1,-3.734,1.0405,-0.0315,311.629,0.1,-3.7305,1.011,-0.0005,311.623,0.1,-3.7489999999999997,0.9915,-0.03,311.617,0.1,-3.778,0.959,-0.066,311.607,0.1,-3.7880000000000003,0.9635,-0.1105,311.6,0.1,-3.753,1.0045,-0.1985,311.594,0.1,-3.6944999999999997,1.06,-0.262,311.584,0.1,-3.6630000000000003,1.095,-0.2385,311.57,0.1,-3.6574999999999998,1.0985,-0.16949999999999998,311.559,0.1,-3.6475,1.0779999999999998,-0.138,311.555,0.1,-3.6654999999999998,1.0314999999999999,-0.083,311.546,0.1,-3.7279999999999998,1.0270000000000001,0.012,311.529,0.1,-3.7595,1.0775000000000001,0.041,311.526,0.1,-3.706,1.163,-0.0405,311.538,0.1,
-4.0435,1.1375000000000002,0.0435,311.622,0.1,-3.956,1.1095000000000002,-0.069,311.614,0.1,-3.883,1.0425,-0.11299999999999999,311.602,0.1,-3.837,1.0285,-0.0595,311.593,0.1,-3.782,1.0125,-0.0655,311.589,0.1,-3.718,0.9734999999999999,-0.11499999999999999,311.588,0.1,-3.677,0.991,-0.118,311.589,0.1,-3.659,1.056,-0.144,311.584,0.1,-3.661,1.1215000000000002,-0.1505,311.567,0.1,-3.6905,1.1484999999999999,-0.1055,311.548,0.1,-3.7165,1.156,-0.041999999999999996,311.543,0.1,-3.707,1.142,-0.079,311.537,0.1,-3.6965000000000003,1.071,-0.1,311.513,0.1,-3.7030000000000003,1.044,0.0005,311.499,0.1,-3.6795,1.1225,0.069,311.518,0.1,-3.6155,1.2545,0.033,311.541,0.1,
-4.125500000000001,1.12,0.008,311.598,0.1,-4.0515,1.1560000000000001,-0.092,311.584,0.1,-3.9655,1.135,-0.16749999999999998,311.568,0.1,-3.91,1.1295000000000002,-0.07300000000000001,311.562,0.1,-3.8245,1.1245,-0.0775,311.565,0.1,-3.7115,1.1025,-0.191,311.57,0.1,-3.667,1.071,-0.202,311.562,0.1,-3.692,1.056,-0.1365,311.546,0.1,-3.7185,1.076,-0.0615,311.53,0.1,-3.73,1.0905,-0.016,311.525,0.1,-3.7385,1.0985,0.0075,311.524,0.1,-3.722,1.1065,-0.056499999999999995,311.515,0.1,-3.6799999999999997,1.0615,-0.1065,311.502,0.1,-3.6470000000000002,1.0375,-0.0305,311.503,0.1,-3.6265,1.107,0.051000000000000004,311.516,0.1,-3.609,1.2349999999999999,0.0775,311.515,0.1,
-4.111000000000001,1.1435,-0.0045000000000000005,311.558,0.1,-4.051,1.209,-0.0045000000000000005,311.546,0.1,-3.9530000000000003,1.2275,-0.051500000000000004,311.539,0.1,-3.8970000000000002,1.218,0.027,311.541,0.1,-3.8465,1.225,0.0045000000000000005,311.552,0.1,-3.7800000000000002,1.241,-0.11699999999999999,311.554,0.1,-3.7504999999999997,1.189,-0.194,311.534,0.1,-3.7664999999999997,1.093,-0.153,311.511,0.1,-3.782,1.0615,-0.088,311.499,0.1,-3.7705,1.07,-0.09,311.498,0.1,-3.755,1.081,-0.086,311.497,0.1,-3.7315,1.116,-0.096,311.497,0.1,-3.685,1.1059999999999999,-0.16849999999999998,311.5,0.1,-3.6525,1.0585,-0.1855,311.498,0.1,-3.651,1.0415,-0.10250000000000001,311.489,0.1,-3.6494999999999997,1.1375000000000002,0.045,311.477,0.1,
-4.089,1.137,-0.022,311.52,0.1,-4.0565,1.1720000000000002,0.0965,311.518,0.1,-3.9850000000000003,1.2105,0.1265,311.524,0.1,-3.944,1.2145000000000001,0.14250000000000002,311.531,0.1,-3.9349999999999996,1.23,0.0755,311.54,0.1,-3.924,1.254,-0.020999999999999998,311.534,0.1,-3.8955,1.2435,-0.1155,311.511,0.1,-3.8625,1.163,-0.1565,311.486,0.1,-3.8195,1.13,-0.129,311.483,0.1,-3.755,1.154,-0.1365,311.49,0.1,-3.724,1.174,-0.10550000000000001,311.49,0.1,-3.74,1.21,-0.0775,311.492,0.1,-3.738,1.2195,-0.221,311.494,0.1,-3.7045000000000003,1.1600000000000001,-0.3635,311.481,0.1,-3.6835,1.0625,-0.316,311.452,0.1,-3.694,1.0835,-0.0275,311.431,0.1,
-4.1045,1.1465,-0.069,311.503,0.1,-4.1205,1.1355,0.06,311.501,0.1,-4.1295,1.1549999999999998,0.124,311.504,0.1,-4.1175,1.176,0.0995,311.508,0.1,-4.073,1.1985000000000001,-0.0115,311.508,0.1,-4.008,1.21,-0.11349999999999999,311.502,0.1,-3.9290000000000003,1.2385000000000002,-0.14,311.495,0.1,-3.8415,1.225,-0.155,311.49,0.1,-3.7625,1.2205,-0.076,311.492,0.1,-3.701,1.2485,-0.020499999999999997,311.489,0.1,-3.6975,1.2515,0.006500000000000001,311.475,0.1,-3.755,1.256,-0.034,311.467,0.1,-3.7965,1.289,-0.2225,311.471,0.1,-3.77,1.272,-0.392,311.462,0.1,-3.731,1.189,-0.37,311.429,0.1,-3.762,1.1324999999999998,-0.1015,311.381,0.1,
-4.1895,1.2189999999999999,-0.133,311.494,0.1,-4.195,1.1905000000000001,-0.07300000000000001,311.485,0.1,-4.2105,1.1789999999999998,-0.057999999999999996,311.478,0.1,-4.1915,1.193,-0.087,311.475,0.1,-4.0945,1.2165,-0.1595,311.478,0.1,-3.9480000000000004,1.2405,-0.2175,311.489,0.1,-3.823,1.279,-0.16899999999999998,311.5,0.1,-3.746,1.298,-0.11699999999999999,311.496,0.1,-3.728,1.2894999999999999,-0.008,311.478,0.1,-3.758,1.2795,0.0515,311.462,0.1,-3.8099999999999996,1.2425000000000002,0.017,311.448,0.1,-3.856,1.2335,-0.082,311.443,0.1,-3.8585000000000003,1.2835,-0.2175,311.448,0.1,-3.817,1.308,-0.3135,311.435,0.1,-3.7855,1.2805,-0.2825,311.396,0.1,-3.799,1.2254999999999998,-0.1365,311.356,0.1,
-4.2669999999999995,1.3279999999999998,-0.179,311.477,0.1,-4.216,1.3075,-0.198,311.464,0.1,-4.1655,1.279,-0.22499999999999998,311.459,0.1,-4.106,1.268,-0.21050000000000002,311.461,0.1,-4.003,1.2835,-0.1815,311.474,0.1,-3.882,1.326,-0.161,311.488,0.1,-3.8165,1.3615,-0.096,311.482,0.1,-3.8129999999999997,1.3704999999999998,-0.031,311.463,0.1,-3.8415,1.337,0.024,311.441,0.1,-3.873,1.295,0.0085,311.435,0.1,-3.891,1.2425000000000002,-0.1005,311.435,0.1,-3.894,1.2349999999999999,-0.155,311.433,0.1,-3.8705,1.2730000000000001,-0.2085,311.419,0.1,-3.827,1.311,-0.2585,311.399,0.1,-3.7915,1.317,-0.235,311.374,0.1,-3.7744999999999997,1.3054999999999999,-0.1445,311.36,0.1,
-4.2345,1.4304999999999999,-0.183,311.464,0.1,-4.148,1.436,-0.22499999999999998,311.461,0.1,-4.07,1.408,-0.22699999999999998,311.461,0.1,-4.026,1.3679999999999999,-0.1735,311.461,0.1,-3.997,1.3685,-0.1125,311.463,0.1,-3.9795,1.3955,-0.108,311.454,0.1,-3.99,1.4100000000000001,-0.0475,311.433,0.1,-4.0045,1.3995,0.025,311.415,0.1,-3.99,1.3755,0.033,311.414,0.1,-3.941,1.3519999999999999,-0.027000000000000003,311.428,0.1,-3.8855,1.327,-0.14600000000000002,311.434,0.1,-3.864,1.3184999999999998,-0.16549999999999998,311.417,0.1,-3.854,1.3559999999999999,-0.211,311.401,0.1,-3.8289999999999997,1.391,-0.249,311.389,0.1,-3.809,1.3915,-0.2195,311.37,0.1,-3.8055,1.399,-0.1585,311.35,0.1,
-4.1515,1.475,-0.1315,311.466,0.1,-4.096,1.498,-0.112,311.468,0.1,-4.066000000000001,1.476,-0.08349999999999999,311.465,0.1,-4.0809999999999995,1.422,-0.08399999999999999,311.457,0.1,-4.1175,1.413,-0.092,311.438,0.1,-4.1365,1.422,-0.1575,311.411,0.1,-4.1259999999999994,1.419,-0.1005,311.387,0.1,-4.0695,1.399,-0.020999999999999998,311.389,0.1,-3.9720000000000004,1.394,0.0155,311.414,0.1,-3.8695,1.394,0.022,311.434,0.1,-3.79,1.392,-0.023,311.438,0.1,-3.767,1.386,-0.07400000000000001,311.426,0.1,-3.791,1.436,-0.1375,311.416,0.1,-3.828,1.464,-0.21,311.391,0.1,-3.8665,1.448,-0.2165,311.352,0.1,-3.8964999999999996,1.456,-0.179,311.324,0.1,
-3.4625,0.918,0.061,311.812,0.1,-3.4074999999999998,0.876,0.077,311.809,0.1,-3.4210000000000003,0.8075,0.087,311.799,0.1,-3.4445,0.7775000000000001,0.12,311.791,0.1,-3.426,0.785,0.128,311.784,0.1,-3.3535,0.8145,0.0325,311.775,0.1,-3.2805,0.8485,-0.08399999999999999,311.757,0.1,-3.2714999999999996,0.8345,-0.1105,311.736,0.1,-3.309,0.842,-0.031,311.726,0.1,-3.326,0.9025000000000001,0.0415,311.725,0.1,-3.295,0.964,0.040999999999999995,311.727,0.1,-3.229,1.0005,-0.0235,311.727,0.1,-3.165,1.0155,-0.10300000000000001,311.732,0.1,-3.154,1.0325,-0.096,311.726,0.1,-3.2115,1.0350000000000001,0.0325,311.713,0.1,-3.293,1.0465,0.111,311.698,0.1,
-3.521,0.884,-0.0135,311.789,0.1,-3.497,0.8165,0.0215,311.78,0.1,-3.5195,0.769,0.068,311.768,0.1,-3.5255,0.7645,0.108,311.758,0.1,-3.469,0.7995000000000001,0.0675,311.751,0.1,-3.367,0.84,-0.058,311.739,0.1,-3.2845,0.869,-0.099,311.721,0.1,-3.2539999999999996,0.8614999999999999,-0.063,311.71,0.1,-3.2735,0.861,0.04,311.706,0.1,-3.3085,0.9055,0.124,311.707,0.1,-3.3045,0.9844999999999999,0.125,311.711,0.1,-3.247,1.057,0.0175,311.714,0.1,-3.186,1.0745,-0.14,311.716,0.1,-3.185,1.0405,-0.16,311.698,0.1,-3.2424999999999997,0.996,-0.0435,311.681,0.1,-3.306,1.001,0.026000000000000002,311.677,0.1,
-3.6109999999999998,0.855,-0.181,311.756,0.1,-3.5695,0.7915000000000001,-0.11,311.744,0.1,-3.564,0.776,-0.018500000000000003,311.737,0.1,-3.5455,0.802,0.0155,311.731,0.1,-3.4705000000000004,0.8655,-0.048,311.722,0.1,-3.364,0.9139999999999999,-0.1595,311.709,0.1,-3.3035,0.9115,-0.1305,311.693,0.1,-3.305,0.8745,-0.052000000000000005,311.684,0.1,-3.3325,0.8355,0.0335,311.682,0.1,-3.346,0.8475,0.108,311.68,0.1,-3.324,0.9299999999999999,0.1485,311.687,0.1,-3.269,1.039,0.0895,311.699,0.1,-3.2119999999999997,1.1019999999999999,-0.07,311.699,0.1,-3.1965,1.0725,-0.1465,311.682,0.1,-3.213,1.0310000000000001,-0.07100000000000001,311.68,0.1,-3.211,1.0405,-0.019,311.689,0.1,
-3.6865,0.9155,-0.3145,311.721,0.1,-3.6215,0.885,-0.2375,311.712,0.1,-3.575,0.8865000000000001,-0.122,311.706,0.1,-3.5095,0.9285,-0.08549999999999999,311.703,0.1,-3.411,0.9944999999999999,-0.11499999999999999,311.702,0.1,-3.33,1.0310000000000001,-0.185,311.694,0.1,-3.339,0.979,-0.156,311.676,0.1,-3.408,0.891,-0.098,311.666,0.1,-3.44,0.819,-0.0525,311.659,0.1,-3.3985000000000003,0.8095000000000001,0.0195,311.656,0.1,-3.334,0.866,0.074,311.662,0.1,-3.3025,0.952,0.0825,311.671,0.1,-3.283,1.049,0.043,311.674,0.1,-3.246,1.1015000000000001,-0.0145,311.673,0.1,-3.212,1.1085,-0.004999999999999999,311.683,0.1,-3.192,1.1045,-0.016,311.685,0.1,
-3.677,1.064,-0.33999999999999997,311.691,0.1,-3.6014999999999997,1.0574999999999999,-0.27549999999999997,311.691,0.1,-3.5425,1.049,-0.137,311.687,0.1,-3.471,1.0765,-0.089,311.684,0.1,-3.4035,1.109,-0.11199999999999999,311.68,0.1,-3.391,1.107,-0.16949999999999998,311.674,0.1,-3.4605,1.0185,-0.1745,311.66,0.1,-3.5415,0.9235,-0.1545,311.648,0.1,-3.5425,0.872,-0.154,311.637,0.1,-3.474,0.8665,-0.11399999999999999,311.634,0.1,-3.4035,0.888,-0.07450000000000001,311.635,0.1,-3.3739999999999997,0.918,-0.035500000000000004,311.636,0.1,-3.367,0.9924999999999999,0.040999999999999995,311.643,0.1,-3.3525,1.0955,0.07100000000000001,311.654,0.1,-3.341,1.1360000000000001,0.037,311.659,0.1,-3.3375,1.12,-0.028999999999999998,311.648,0.1,
-3.6334999999999997,1.21,-0.20400000000000001,311.665,0.1,-3.5465,1.1795,-0.1855,311.674,0.1,-3.4975,1.1280000000000001,-0.0555,311.669,0.1,-3.4735,1.1235,-0.011,311.665,0.1,-3.4835000000000003,1.1275,-0.0535,311.661,0.1,-3.536,1.101,-0.11,311.654,0.1,-3.607,1.0345,-0.1595,311.642,0.1,-3.6414999999999997,0.9874999999999999,-0.2105,311.631,0.1,-3.604,0.994,-0.2625,311.621,0.1,-3.5300000000000002,1.0210000000000001,-0.2525,311.614,0.1,-3.4669999999999996,1.024,-0.2025,311.609,0.1,-3.426,1.0125000000000002,-0.14250000000000002,311.609,0.1,-3.418,1.0265,-0.03,311.614,0.1,-3.448,1.0905,0.057499999999999996,311.62,0.1,-3.4779999999999998,1.1345,0.037,311.614,0.1,-3.465,1.1535,-0.06,311.604,0.1,
-3.7095000000000002,1.2445,-0.0095,311.652,0.1,-3.597,1.1880000000000002,-0.076,311.655,0.1,-3.5454999999999997,1.1075,-0.0325,311.649,0.1,-3.545,1.088,0.0015,311.645,0.1,-3.5665,1.0735000000000001,-0.026500000000000003,311.641,0.1,-3.5925000000000002,1.033,-0.0615,311.634,0.1,-3.5965,1.0325,-0.1095,311.631,0.1,-3.561,1.071,-0.208,311.627,0.1,-3.509,1.1395,-0.277,311.618,0.1,-3.4855,1.1885,-0.2495,311.605,0.1,-3.484,1.1915,-0.1765,311.595,0.1,-3.47,1.165,-0.1495,311.593,0.1,-3.478,1.1164999999999998,-0.09,311.585,0.1,-3.532,1.1115,0.0155,311.567,0.1,-3.556,1.165,0.0405,311.566,0.1,-3.4965,1.2625,-0.055,311.581,0.1,
-3.8825000000000003,1.1880000000000002,0.046,311.638,0.1,-3.7815000000000003,1.1585,-0.078,311.633,0.1,-3.7039999999999997,1.1030000000000002,-0.1255,311.621,0.1,-3.6565,1.0965,-0.064,311.613,0.1,-3.5915,1.067,-0.07250000000000001,311.613,0.1,-3.512,1.013,-0.1285,311.616,0.1,-3.464,1.0419999999999998,-0.122,311.622,0.1,-3.45,1.1179999999999999,-0.146,311.619,0.1,-3.4615,1.2000000000000002,-0.1495,311.602,0.1,-3.5,1.2395,-0.1005,311.585,0.1,-3.5244999999999997,1.252,-0.0335,311.582,0.1,-3.5,1.237,-0.08,311.58,0.1,-3.4745,1.162,-0.10400000000000001,311.554,0.1,-3.4745,1.1315,0.002,311.539,0.1,-3.447,1.218,0.067,311.562,0.1,-3.38,1.365,0.026,311.59,0.1,
-3.9675000000000002,1.1680000000000001,0.006,311.615,0.1,-3.8810000000000002,1.197,-0.10550000000000001,311.602,0.1,-3.7865,1.185,-0.1885,311.586,0.1,-3.7225,1.1865,-0.081,311.583,0.1,-3.6189999999999998,1.163,-0.091,311.593,0.1,-3.49,1.1405,-0.219,311.601,0.1,-3.4515000000000002,1.135,-0.216,311.595,0.1,-3.496,1.134,-0.136,311.581,0.1,-3.535,1.1640000000000001,-0.052500000000000005,311.565,0.1,-3.5445,1.1855,-0.0085,311.563,0.1,-3.5425,1.198,0.0195,311.565,0.1,-3.513,1.2045,-0.0505,311.557,0.1,-3.4585,1.1555,-0.1095,311.542,0.1,-3.415,1.1360000000000001,-0.0305,311.546,0.1,-3.3865,1.2195,0.0555,311.565,0.1,-3.3675,1.3519999999999999,0.0825,311.567,0.1,
-3.926,1.183,-0.0025,311.577,0.1,-3.8545,1.2455,-0.008,311.567,0.1,-3.7445,1.2730000000000001,-0.0645,311.561,0.1,-3.6785,1.2730000000000001,0.0245,311.568,0.1,-3.6195000000000004,1.2725,-0.0025,311.584,0.1,-3.5540000000000003,1.308,-0.1305,311.588,0.1,-3.5404999999999998,1.283,-0.20750000000000002,311.569,0.1,-3.576,1.1955,-0.158,311.547,0.1,-3.598,1.1644999999999999,-0.087,311.536,0.1,-3.5789999999999997,1.1705,-0.096,311.538,0.1,-3.5555,1.1785,-0.089,311.539,0.1,-3.524,1.212,-0.0965,311.539,0.1,-3.464,1.2065000000000001,-0.1785,311.544,0.1,-3.4215,1.174,-0.195,311.547,0.1,-3.42,1.1615,-0.099,311.541,0.1,-3.419,1.249,0.0545,311.529,0.1,
-3.881,1.1600000000000001,-0.016,311.539,0.1,-3.841,1.209,0.106,311.54,0.1,-3.7565,1.266,0.131,311.55,0.1,-3.7060000000000004,1.2850000000000001,0.149,311.561,0.1,-3.697,1.3025,0.076,311.574,0.1,-3.6944999999999997,1.3439999999999999,-0.0185,311.572,0.1,-3.674,1.3519999999999999,-0.1185,311.552,0.1,-3.6479999999999997,1.275,-0.164,311.529,0.1,-3.61,1.2374999999999998,-0.136,311.527,0.1,-3.5404999999999998,1.254,-0.152,311.537,0.1,-3.4995000000000003,1.271,-0.118,311.536,0.1,-3.5075000000000003,1.3125,-0.079,311.54,0.1,-3.502,1.3315000000000001,-0.23049999999999998,311.545,0.1,-3.473,1.2865000000000002,-0.379,311.533,0.1,-3.4605,1.1775,-0.331,311.505,0.1,-3.4685,1.1844999999999999,-0.0215,311.482,0.1,
-3.88,1.1575,-0.0695,311.524,0.1,-3.896,1.179,0.0665,311.525,0.1,-3.8979999999999997,1.2229999999999999,0.132,311.532,0.1,-3.8760000000000003,1.26,0.1045,311.541,0.1,-3.822,1.281,-0.016,311.548,0.1,-3.7525,1.2919999999999998,-0.121,311.548,0.1,-3.6745,1.33,-0.142,311.546,0.1,-3.59,1.3205,-0.164,311.543,0.1,-3.5084999999999997,1.3215,-0.0815,311.547,0.1,-3.4325,1.35,-0.027,311.545,0.1,-3.4154999999999998,1.363,0.0035,311.531,0.1,-3.4770000000000003,1.3730000000000002,-0.028499999999999998,311.523,0.1,-3.5395000000000003,1.403,-0.2245,311.527,0.1,-3.534,1.387,-0.401,311.518,0.1,-3.5004999999999997,1.2955,-0.391,311.485,0.1,-3.525,1.232,-0.1045,311.432,0.1,
-3.9375,1.2385,-0.14300000000000002,311.52,0.1,-3.939,1.241,-0.078,311.516,0.1,-3.95,1.2414999999999998,-0.063,311.514,0.1,-3.9255,1.264,-0.092,311.516,0.1,-3.819,1.277,-0.17149999999999999,311.525,0.1,-3.6645000000000003,1.295,-0.238,311.54,0.1,-3.5380000000000003,1.345,-0.1775,311.555,0.1,-3.455,1.3775,-0.1265,311.554,0.1,-3.4245,1.391,-0.010499999999999999,311.539,0.1,-3.4445,1.388,0.051000000000000004,311.524,0.1,-3.5025,1.362,0.018000000000000002,311.509,0.1,-3.573,1.347,-0.0795,311.5,0.1,-3.6029999999999998,1.3780000000000001,-0.2175,311.504,0.1,-3.5759999999999996,1.3969999999999998,-0.3195,311.492,0.1,-3.543,1.377,-0.293,311.452,0.1,-3.5495,1.33,-0.14300000000000002,311.408,0.1,
-3.972,1.3535,-0.192,311.511,0.1,-3.918,1.3439999999999999,-0.213,311.505,0.1,-3.872,1.3115,-0.2405,311.504,0.1,-3.8179999999999996,1.304,-0.2195,311.506,0.1,-3.706,1.3119999999999998,-0.192,311.522,0.1,-3.567,1.3655,-0.1765,311.542,0.1,-3.4909999999999997,1.425,-0.10450000000000001,311.539,0.1,-3.4835000000000003,1.4505,-0.038000000000000006,311.521,0.1,-3.51,1.4369999999999998,0.020499999999999997,311.501,0.1,-3.5465,1.3935,0.002,311.496,0.1,-3.5860000000000003,1.3325,-0.11,311.496,0.1,-3.6189999999999998,1.3105,-0.157,311.492,0.1,-3.614,1.3355000000000001,-0.211,311.478,0.1,-3.574,1.386,-0.267,311.458,0.1,-3.5374999999999996,1.4104999999999999,-0.242,311.431,0.1,-3.5185,1.414,-0.1485,311.415,0.1,
-3.9130000000000003,1.4344999999999999,-0.1935,311.508,0.1,-3.825,1.4344999999999999,-0.242,311.509,0.1,-3.7489999999999997,1.403,-0.2435,311.508,0.1,-3.709,1.3719999999999999,-0.1805,311.509,0.1,-3.675,1.383,-0.11649999999999999,311.515,0.1,-3.6475,1.4395,-0.11449999999999999,311.51,0.1,-3.6525,1.4795,-0.0505,311.488,0.1,-3.6654999999999998,1.475,0.022,311.471,0.1,-3.655,1.454,0.025,311.473,0.1,-3.6174999999999997,1.4165,-0.039,311.491,0.1,-3.5789999999999997,1.3705,-0.16599999999999998,311.497,0.1,-3.5725,1.3559999999999999,-0.177,311.48,0.1,-3.5700000000000003,1.4085,-0.2255,311.464,0.1,-3.549,1.4769999999999999,-0.262,311.452,0.1,-3.532,1.495,-0.2255,311.431,0.1,-3.528,1.517,-0.1635,311.41,0.1,
-3.8194999999999997,1.461,-0.137,311.513,0.1,-3.755,1.474,-0.1205,311.518,0.1,-3.7165,1.454,-0.0895,311.515,0.1,-3.729,1.414,-0.089,311.511,0.1,-3.7665,1.427,-0.093,311.497,0.1,-3.7880000000000003,1.471,-0.167,311.469,0.1,-3.779,1.488,-0.106,311.443,0.1,-3.7205,1.467,-0.028499999999999998,311.448,0.1,-3.6245000000000003,1.456,0.003,311.477,0.1,-3.527,1.438,0.0095,311.5,0.1,-3.4459999999999997,1.415,-0.041999999999999996,311.506,0.1,-3.4204999999999997,1.413,-0.0925,311.496,0.1,-3.4495,1.495,-0.151,311.487,0.1,-3.495,1.562,-0.2205,311.463,0.1,-3.539,1.559,-0.224,311.421,0.1,-3.571,1.582,-0.1855,311.391,0.1,
-3.3095,0.868,0.053000000000000005,311.808,0.1,-3.2714999999999996,0.907,0.0795,311.814,0.1,-3.2859999999999996,0.877,0.0925,311.812,0.1,-3.3064999999999998,0.8334999999999999,0.1245,311.806,0.1,-3.29,0.81,0.1255,311.8,0.1,-3.2145,0.835,0.019,311.792,0.1,-3.126,0.9095,-0.1,311.776,0.1,-3.1014999999999997,0.909,-0.1175,311.755,0.1,-3.1319999999999997,0.878,-0.028999999999999998,311.744,0.1,-3.1435,0.906,0.043,311.747,0.1,-3.115,0.968,0.037000000000000005,311.752,0.1,-3.0629999999999997,1.0035,-0.031,311.753,0.1,-3.008,1.0005,-0.11299999999999999,311.758,0.1,-2.9885,1.058,-0.096,311.755,0.1,-3.0140000000000002,1.0635,0.041499999999999995,311.746,0.1,-3.0545,1.069,0.121,311.731,0.1,
-3.3765,0.841,-0.0165,311.789,0.1,-3.3680000000000003,0.8380000000000001,0.028,311.788,0.1,-3.388,0.8125,0.0745,311.783,0.1,-3.3890000000000002,0.8005,0.1115,311.776,0.1,-3.331,0.824,0.0605,311.771,0.1,-3.2245,0.878,-0.0765,311.761,0.1,-3.1365,0.9475,-0.107,311.743,0.1,-3.097,0.9235,-0.0645,311.73,0.1,-3.101,0.891,0.042499999999999996,311.726,0.1,-3.1304999999999996,0.9215,0.13,311.729,0.1,-3.139,0.998,0.1275,311.733,0.1,-3.0895,1.0575,0.0105,311.737,0.1,-3.021,1.069,-0.156,311.741,0.1,-3.0045,1.0735000000000001,-0.162,311.727,0.1,-3.037,1.025,-0.04,311.712,0.1,-3.0885,1.0299999999999998,0.028,311.705,0.1,
-3.46,0.7895000000000001,-0.191,311.761,0.1,-3.4210000000000003,0.783,-0.11599999999999999,311.754,0.1,-3.408,0.788,-0.0235,311.752,0.1,-3.3855,0.813,0.006999999999999999,311.752,0.1,-3.309,0.874,-0.0645,311.747,0.1,-3.2039999999999997,0.9430000000000001,-0.183,311.736,0.1,-3.1515,0.9804999999999999,-0.135,311.719,0.1,-3.151,0.9305,-0.0485,311.704,0.1,-3.1665,0.891,0.038,311.701,0.1,-3.1814999999999998,0.9005000000000001,0.1115,311.7,0.1,-3.17,0.9704999999999999,0.1515,311.708,0.1,-3.1094999999999997,1.0695000000000001,0.09,311.722,0.1,-3.037,1.1360000000000001,-0.076,311.723,0.1,-3.013,1.1155,-0.154,311.708,0.1,-3.027,1.057,-0.079,311.706,0.1,-3.033,1.063,-0.027,311.714,0.1,
-3.5095,0.81,-0.33599999999999997,311.731,0.1,-3.4429999999999996,0.8515,-0.2585,311.726,0.1,-3.391,0.882,-0.14,311.725,0.1,-3.3265000000000002,0.9145,-0.10650000000000001,311.727,0.1,-3.232,0.9855,-0.1355,311.726,0.1,-3.156,1.0475,-0.20350000000000001,311.718,0.1,-3.1715,1.033,-0.154,311.698,0.1,-3.2415,0.952,-0.092,311.684,0.1,-3.276,0.901,-0.0535,311.68,0.1,-3.2394999999999996,0.8945000000000001,0.0125,311.679,0.1,-3.1704999999999997,0.941,0.068,311.686,0.1,-3.1345,1.026,0.08549999999999999,311.696,0.1,-3.121,1.1219999999999999,0.0505,311.7,0.1,-3.087,1.1589999999999998,-0.02,311.697,0.1,-3.0445,1.1455,-0.013000000000000001,311.706,0.1,-3.0060000000000002,1.13,-0.0225,311.71,0.1,
-3.477,0.9125,-0.366,311.701,0.1,-3.407,0.9915,-0.298,311.707,0.1,-3.3484999999999996,1.0185,-0.1515,311.708,0.1,-3.2755,1.039,-0.10500000000000001,311.707,0.1,-3.2045,1.1019999999999999,-0.1235,311.702,0.1,-3.1875,1.1335000000000002,-0.1765,311.695,0.1,-3.2595,1.0645,-0.16949999999999998,311.679,0.1,-3.3520000000000003,0.971,-0.1495,311.67,0.1,-3.3675,0.9445,-0.162,311.662,0.1,-3.3015,0.9604999999999999,-0.1305,311.661,0.1,-3.2215,0.9834999999999999,-0.089,311.664,0.1,-3.1945,1.0145,-0.042499999999999996,311.664,0.1,-3.2015000000000002,1.08,0.0445,311.669,0.1,-3.1885,1.1675,0.073,311.682,0.1,-3.1574999999999998,1.194,0.0375,311.688,0.1,-3.1155,1.1644999999999999,-0.035,311.682,0.1,
-3.4160000000000004,1.026,-0.224,311.678,0.1,-3.3405,1.068,-0.199,311.69,0.1,-3.293,1.0619999999999998,-0.057,311.691,0.1,-3.2655000000000003,1.0765,-0.0115,311.689,0.1,-3.269,1.129,-0.0505,311.682,0.1,-3.3075,1.1275,-0.1045,311.676,0.1,-3.3695,1.052,-0.156,311.667,0.1,-3.4154999999999998,0.985,-0.214,311.66,0.1,-3.399,1.0185,-0.27749999999999997,311.65,0.1,-3.3339999999999996,1.0924999999999998,-0.27349999999999997,311.645,0.1,-3.2695,1.107,-0.22,311.643,0.1,-3.234,1.0899999999999999,-0.1575,311.641,0.1,-3.2325,1.0985,-0.036000000000000004,311.647,0.1,-3.2525000000000004,1.1600000000000001,0.0625,311.658,0.1,-3.2535,1.1955,0.039,311.656,0.1,-3.2085,1.208,-0.07250000000000001,311.649,0.1,
-3.4875,1.0685,-0.015,311.667,0.1,-3.3815,1.048,-0.08399999999999999,311.669,0.1,-3.331,1.0245,-0.0335,311.666,0.1,-3.33,1.044,0.0045000000000000005,311.662,0.1,-3.3425000000000002,1.053,-0.0215,311.659,0.1,-3.3470000000000004,1.0030000000000001,-0.0545,311.656,0.1,-3.3345000000000002,0.9894999999999999,-0.107,311.661,0.1,-3.3099999999999996,1.0135,-0.2165,311.66,0.1,-3.2855,1.1205,-0.2915,311.648,0.1,-3.2775,1.2265,-0.2605,311.637,0.1,-3.277,1.2445,-0.184,311.632,0.1,-3.2565,1.2029999999999998,-0.164,311.633,0.1,-3.245,1.1625,-0.0995,311.628,0.1,-3.2720000000000002,1.162,0.019000000000000003,311.616,0.1,-3.2805,1.207,0.039,311.617,0.1,-3.229,1.3054999999999999,-0.07150000000000001,311.632,0.1,
-3.6785,1.0354999999999999,0.046,311.653,0.1,-3.558,1.0045,-0.088,311.649,0.1,-3.4770000000000003,1.0085,-0.138,311.635,0.1,-3.434,1.036,-0.0685,311.626,0.1,-3.359,0.978,-0.0795,311.628,0.1,-3.26,0.894,-0.14300000000000002,311.638,0.1,-3.2039999999999997,0.953,-0.126,311.649,0.1,-3.1965000000000003,1.0575,-0.148,311.649,0.1,-3.221,1.1880000000000002,-0.1485,311.636,0.1,-3.2735000000000003,1.266,-0.096,311.623,0.1,-3.2990000000000004,1.287,-0.026,311.624,0.1,-3.2510000000000003,1.255,-0.08399999999999999,311.624,0.1,-3.194,1.1935,-0.1105,311.601,0.1,-3.1835,1.165,0.0025,311.588,0.1,-3.172,1.2495,0.063,311.611,0.1,-3.12,1.4005,0.017499999999999998,311.639,0.1,
-3.761,1.013,0.0025,311.63,0.1,-3.6495,1.012,-0.1205,311.619,0.1,-3.547,1.052,-0.21100000000000002,311.6,0.1,-3.4795,1.078,-0.0895,311.597,0.1,-3.3605,0.9989999999999999,-0.10650000000000001,311.612,0.1,-3.218,0.976,-0.2505,311.625,0.1,-3.187,1.055,-0.23149999999999998,311.623,0.1,-3.252,1.123,-0.136,311.617,0.1,-3.3095,1.191,-0.044,311.607,0.1,-3.3265000000000002,1.2155,-0.0035,311.607,0.1,-3.317,1.2225000000000001,0.0305,311.61,0.1,-3.2675,1.212,-0.045,311.603,0.1,-3.1945,1.1695,-0.1145,311.586,0.1,-3.146,1.1675,-0.0335,311.59,0.1,-3.118,1.2765,0.057999999999999996,311.612,0.1,-3.097,1.4075,0.087,311.618,0.1,
-3.664,1.0085,-0.0015,311.597,0.1,-3.573,1.039,-0.0135,311.593,0.1,-3.4565,1.1055000000000001,-0.08149999999999999,311.582,0.1,-3.387,1.131,0.0195,311.591,0.1,-3.3274999999999997,1.0939999999999999,-0.013,311.613,0.1,-3.2725,1.1705,-0.14700000000000002,311.619,0.1,-3.2855,1.2395,-0.2225,311.602,0.1,-3.3505000000000003,1.224,-0.164,311.588,0.1,-3.385,1.2075,-0.087,311.58,0.1,-3.363,1.1865,-0.10400000000000001,311.585,0.1,-3.338,1.169,-0.0925,311.583,0.1,-3.302,1.1835,-0.098,311.581,0.1,-3.2245,1.19,-0.1915,311.584,0.1,-3.1654999999999998,1.214,-0.20650000000000002,311.593,0.1,-3.1605,1.248,-0.095,311.594,0.1,-3.1580000000000004,1.3215,0.0655,311.584,0.1,
-3.585,0.9550000000000001,-0.0095,311.565,0.1,-3.5395000000000003,1.013,0.1135,311.57,0.1,-3.4545000000000003,1.106,0.131,311.578,0.1,-3.406,1.1585,0.1515,311.589,0.1,-3.4085,1.1724999999999999,0.0725,311.605,0.1,-3.4275,1.2565,-0.017,311.605,0.1,-3.4265,1.3235000000000001,-0.1215,311.59,0.1,-3.418,1.289,-0.17049999999999998,311.57,0.1,-3.396,1.2505,-0.14200000000000002,311.571,0.1,-3.3295000000000003,1.225,-0.16949999999999998,311.581,0.1,-3.276,1.2165,-0.134,311.577,0.1,-3.2640000000000002,1.254,-0.083,311.58,0.1,-3.2439999999999998,1.2930000000000001,-0.241,311.586,0.1,-3.2155,1.3185,-0.3925,311.581,0.1,-3.21,1.246,-0.34550000000000003,311.563,0.1,-3.2045,1.2405,-0.014499999999999999,311.538,0.1,
-3.581,0.909,-0.07100000000000001,311.55,0.1,-3.6125,0.9875,0.07200000000000001,311.551,0.1,-3.6265,1.078,0.1375,311.561,0.1,-3.6185,1.1585,0.1075,311.568,0.1,-3.5745,1.181,-0.0215,311.576,0.1,-3.5084999999999997,1.2015,-0.127,311.582,0.1,-3.4395,1.2605,-0.14,311.584,0.1,-3.37,1.2635,-0.16999999999999998,311.581,0.1,-3.293,1.2745,-0.0865,311.588,0.1,-3.1915,1.274,-0.036500000000000005,311.59,0.1,-3.133,1.3,-0.0035,311.58,0.1,-3.1725000000000003,1.332,-0.0235,311.574,0.1,-3.246,1.3575,-0.2235,311.578,0.1,-3.2584999999999997,1.374,-0.40549999999999997,311.569,0.1,-3.2184999999999997,1.3075,-0.41300000000000003,311.539,0.1,-3.2125,1.2605,-0.1095,311.49,0.1,
-3.6239999999999997,0.959,-0.1555,311.55,0.1,-3.65,1.029,-0.0825,311.546,0.1,-3.6865,1.072,-0.0665,311.545,0.1,-3.676,1.139,-0.0935,311.544,0.1,-3.566,1.1335,-0.181,311.553,0.1,-3.4095,1.135,-0.2575,311.571,0.1,-3.3,1.1975,-0.1825,311.587,0.1,-3.2285000000000004,1.2429999999999999,-0.135,311.59,0.1,-3.1790000000000003,1.303,-0.013000000000000001,311.582,0.1,-3.1565,1.3005,0.0485,311.573,0.1,-3.1845,1.318,0.020499999999999997,311.563,0.1,-3.259,1.322,-0.07200000000000001,311.555,0.1,-3.3099999999999996,1.31,-0.2125,311.557,0.1,-3.285,1.329,-0.3225,311.546,0.1,-3.2245,1.3450000000000002,-0.3045,311.514,0.1,-3.2009999999999996,1.342,-0.151,311.471,0.1,
-3.629,1.0535,-0.20450000000000002,311.542,0.1,-3.5934999999999997,1.0855000000000001,-0.225,311.543,0.1,-3.5665,1.074,-0.252,311.54,0.1,-3.527,1.1070000000000002,-0.222,311.539,0.1,-3.418,1.092,-0.2,311.554,0.1,-3.2795,1.145,-0.1935,311.575,0.1,-3.2104999999999997,1.2405,-0.11349999999999999,311.574,0.1,-3.2,1.2925,-0.0455,311.561,0.1,-3.2065,1.34,0.0175,311.548,0.1,-3.221,1.3054999999999999,-0.002,311.549,0.1,-3.261,1.2665000000000002,-0.114,311.552,0.1,-3.3135,1.232,-0.151,311.548,0.1,-3.3129999999999997,1.216,-0.2095,311.535,0.1,-3.2535,1.2965,-0.2755,311.521,0.1,-3.199,1.3695,-0.2505,311.499,0.1,-3.1784999999999997,1.407,-0.1535,311.482,0.1,
-3.556,1.0990000000000002,-0.2005,311.543,0.1,-3.4749999999999996,1.1015000000000001,-0.256,311.548,0.1,-3.3994999999999997,1.0875,-0.257,311.545,0.1,-3.3674999999999997,1.098,-0.184,311.546,0.1,-3.3419999999999996,1.1105,-0.119,311.555,0.1,-3.3225,1.21,-0.122,311.552,0.1,-3.33,1.305,-0.053,311.531,0.1,-3.3369999999999997,1.3225,0.0195,311.518,0.1,-3.326,1.334,0.0195,311.522,0.1,-3.2945,1.2894999999999999,-0.0465,311.543,0.1,-3.2615,1.2235,-0.1815,311.55,0.1,-3.2525,1.1915,-0.185,311.537,0.1,-3.2415000000000003,1.256,-0.2405,311.525,0.1,-3.2195,1.3940000000000001,-0.276,311.518,0.1,-3.21,1.4460000000000002,-0.23249999999999998,311.502,0.1,-3.2135,1.4785,-0.17049999999999998,311.482,0.1,
-3.4684999999999997,1.102,-0.139,311.551,0.1,-3.3925,1.098,-0.1275,311.559,0.1,-3.3395,1.103,-0.094,311.556,0.1,-3.3565,1.106,-0.093,311.554,0.1,-3.4080000000000004,1.138,-0.093,311.542,0.1,-3.443,1.247,-0.1745,311.515,0.1,-3.441,1.321,-0.108,311.489,0.1,-3.388,1.314,-0.034,311.498,0.1,-3.3049999999999997,1.314,-0.0075,311.526,0.1,-3.211,1.278,-0.0015,311.549,0.1,-3.1125,1.218,-0.064,311.554,0.1,-3.0735,1.211,-0.11499999999999999,311.548,0.1,-3.1105,1.34,-0.16699999999999998,311.544,0.1,-3.1745,1.484,-0.23099999999999998,311.528,0.1,-3.2270000000000003,1.499,-0.23149999999999998,311.492,0.1,-3.2515,1.525,-0.1925,311.463,0.1,
-3.157,0.8175,0.0445,311.805,0.1,-3.135,0.938,0.0825,311.818,0.1,-3.1505,0.9455,0.098,311.825,0.1,-3.168,0.8895,0.1295,311.822,0.1,-3.1535,0.8345,0.123,311.817,0.1,-3.0755,0.856,0.005,311.809,0.1,-2.9715,0.9704999999999999,-0.11599999999999999,311.794,0.1,-2.932,0.984,-0.1245,311.773,0.1,-2.955,0.9145000000000001,-0.0275,311.763,0.1,-2.9610000000000003,0.91,0.0445,311.77,0.1,-2.936,0.9724999999999999,0.0335,311.777,0.1,-2.8970000000000002,1.0065,-0.038500000000000006,311.778,0.1,-2.85,0.986,-0.123,311.783,0.1,-2.823,1.0825,-0.0955,311.783,0.1,-2.8165,1.0915,0.0505,311.779,0.1,-2.8155,1.0915,0.1305,311.763,0.1,
-3.2325,0.7969999999999999,-0.019,311.788,0.1,-3.239,0.8600000000000001,0.034,311.795,0.1,-3.2565,0.8555,0.081,311.797,0.1,-3.252,0.8360000000000001,0.1145,311.794,0.1,-3.192,0.8485,0.053500000000000006,311.792,0.1,-3.0815,0.916,-0.095,311.783,0.1,-2.988,1.0259999999999998,-0.11499999999999999,311.766,0.1,-2.94,0.986,-0.066,311.751,0.1,-2.929,0.9205000000000001,0.045,311.745,0.1,-2.952,0.938,0.1355,311.751,0.1,-2.9735,1.012,0.1305,311.756,0.1,-2.9325,1.0575,0.0035,311.76,0.1,-2.856,1.0635,-0.172,311.767,0.1,-2.824,1.1059999999999999,-0.164,311.756,0.1,-2.8315,1.0545,-0.036500000000000005,311.742,0.1,-2.8705,1.0585,0.0305,311.734,0.1,
-3.3095,0.724,-0.201,311.766,0.1,-3.2725,0.775,-0.122,311.764,0.1,-3.252,0.8005,-0.027999999999999997,311.766,0.1,-3.226,0.8235,-0.0015,311.773,0.1,-3.1485000000000003,0.883,-0.08099999999999999,311.773,0.1,-3.045,0.972,-0.20650000000000002,311.763,0.1,-3.0,1.0495,-0.139,311.745,0.1,-2.9965,0.9864999999999999,-0.045,311.725,0.1,-2.9995000000000003,0.946,0.042499999999999996,311.721,0.1,-3.017,0.9544999999999999,0.115,311.721,0.1,-3.016,1.0114999999999998,0.1545,311.729,0.1,-2.949,1.0990000000000002,0.0905,311.744,0.1,-2.8615,1.17,-0.082,311.747,0.1,-2.8295,1.158,-0.1615,311.734,0.1,-2.841,1.0835,-0.0875,311.732,0.1,-2.855,1.0855000000000001,-0.0345,311.74,0.1,
-3.332,0.7055,-0.3575,311.74,0.1,-3.2640000000000002,0.8180000000000001,-0.27949999999999997,311.74,0.1,-3.2075,0.878,-0.158,311.745,0.1,-3.144,0.9005,-0.128,311.751,0.1,-3.0525,0.9764999999999999,-0.156,311.751,0.1,-2.9815,1.0635,-0.222,311.742,0.1,-3.0045,1.0875,-0.152,311.72,0.1,-3.076,1.013,-0.086,311.703,0.1,-3.113,0.9824999999999999,-0.054,311.701,0.1,-3.0805,0.98,0.0055,311.701,0.1,-3.0065,1.016,0.062,311.711,0.1,-2.966,1.0995,0.0885,311.722,0.1,-2.9585,1.1955,0.057999999999999996,311.726,0.1,-2.9275,1.2160000000000002,-0.025500000000000002,311.72,0.1,-2.8765,1.182,-0.0205,311.73,0.1,-2.82,1.1560000000000001,-0.0295,311.736,0.1,
-3.2765,0.7615000000000001,-0.392,311.711,0.1,-3.2119999999999997,0.9245,-0.3205,311.723,0.1,-3.154,0.988,-0.16599999999999998,311.729,0.1,-3.0805,1.0015,-0.121,311.73,0.1,-3.0060000000000002,1.0945,-0.135,311.724,0.1,-2.9835000000000003,1.1600000000000001,-0.1835,311.716,0.1,-3.058,1.111,-0.1645,311.699,0.1,-3.1630000000000003,1.0190000000000001,-0.1445,311.691,0.1,-3.193,1.017,-0.16949999999999998,311.687,0.1,-3.129,1.0545,-0.14700000000000002,311.689,0.1,-3.0395,1.078,-0.10350000000000001,311.694,0.1,-3.0145,1.1105,-0.049,311.692,0.1,-3.0355,1.1675,0.048,311.695,0.1,-3.024,1.2395,0.075,311.709,0.1,-2.9735,1.252,0.0385,311.718,0.1,-2.894,1.209,-0.040999999999999995,311.717,0.1,
-3.199,0.8415,-0.2435,311.692,0.1,-3.1345,0.9564999999999999,-0.2125,311.707,0.1,-3.088,0.996,-0.058499999999999996,311.713,0.1,-3.0564999999999998,1.029,-0.012,311.713,0.1,-3.054,1.1305,-0.0475,311.703,0.1,-3.0795,1.155,-0.099,311.697,0.1,-3.1319999999999997,1.0695000000000001,-0.1525,311.692,0.1,-3.189,0.9824999999999999,-0.2175,311.689,0.1,-3.1935000000000002,1.0434999999999999,-0.2925,311.68,0.1,-3.138,1.1635,-0.295,311.676,0.1,-3.0725,1.1895,-0.238,311.676,0.1,-3.0415,1.1665,-0.172,311.674,0.1,-3.0465,1.17,-0.041999999999999996,311.679,0.1,-3.0564999999999998,1.229,0.0675,311.695,0.1,-3.028,1.2575,0.041499999999999995,311.698,0.1,-2.951,1.262,-0.08499999999999999,311.694,0.1,
-3.2655000000000003,0.892,-0.020499999999999997,311.682,0.1,-3.1654999999999998,0.9079999999999999,-0.0915,311.684,0.1,-3.1159999999999997,0.9415,-0.0345,311.683,0.1,-3.1155,0.9994999999999999,0.007,311.68,0.1,-3.1195,1.033,-0.0165,311.678,0.1,-3.102,0.9735,-0.0475,311.679,0.1,-3.0725,0.946,-0.1045,311.69,0.1,-3.0585,0.956,-0.2255,311.693,0.1,-3.061,1.101,-0.306,311.679,0.1,-3.0685000000000002,1.2645,-0.271,311.669,0.1,-3.069,1.2974999999999999,-0.1915,311.669,0.1,-3.042,1.24,-0.178,311.673,0.1,-3.012,1.2085,-0.109,311.672,0.1,-3.0125,1.212,0.0225,311.664,0.1,-3.005,1.249,0.0375,311.669,0.1,-2.9610000000000003,1.3485,-0.088,311.682,0.1,
-3.4745,0.8825000000000001,0.0465,311.668,0.1,-3.3345,0.8494999999999999,-0.0985,311.665,0.1,-3.25,0.9135,-0.1505,311.65,0.1,-3.212,0.976,-0.073,311.638,0.1,-3.127,0.889,-0.0865,311.643,0.1,-3.008,0.7749999999999999,-0.157,311.659,0.1,-2.944,0.8634999999999999,-0.13,311.676,0.1,-2.943,0.9969999999999999,-0.15,311.68,0.1,-2.9805,1.1749999999999998,-0.1475,311.669,0.1,-3.0469999999999997,1.2930000000000001,-0.0915,311.661,0.1,-3.0735,1.322,-0.018,311.665,0.1,-3.0015,1.273,-0.0875,311.669,0.1,-2.913,1.225,-0.11699999999999999,311.648,0.1,-2.893,1.198,0.003,311.637,0.1,-2.897,1.2810000000000001,0.059,311.659,0.1,-2.86,1.4365,0.009,311.687,0.1,
-3.5549999999999997,0.8574999999999999,-0.0005,311.644,0.1,-3.418,0.8265,-0.1355,311.637,0.1,-3.307,0.9185000000000001,-0.23349999999999999,311.614,0.1,-3.2355,0.97,-0.098,311.611,0.1,-3.1015,0.8354999999999999,-0.122,311.631,0.1,-2.9459999999999997,0.8115,-0.28200000000000003,311.649,0.1,-2.9219999999999997,0.975,-0.2465,311.65,0.1,-3.008,1.1124999999999998,-0.136,311.653,0.1,-3.0845000000000002,1.217,-0.035500000000000004,311.649,0.1,-3.1085000000000003,1.245,0.0015,311.651,0.1,-3.092,1.2475,0.041499999999999995,311.655,0.1,-3.0225,1.22,-0.0395,311.649,0.1,-2.9305000000000003,1.184,-0.1195,311.629,0.1,-2.8765,1.1989999999999998,-0.036500000000000005,311.633,0.1,-2.8495,1.334,0.06,311.659,0.1,-2.827,1.463,0.0915,311.668,0.1,
-3.4025,0.8334999999999999,0.0,311.618,0.1,-3.2915,0.8325,-0.019,311.619,0.1,-3.168,0.938,-0.0985,311.602,0.1,-3.0955,0.9894999999999999,0.0145,311.614,0.1,-3.036,0.9159999999999999,-0.0235,311.642,0.1,-2.9915000000000003,1.0325,-0.16349999999999998,311.65,0.1,-3.0300000000000002,1.1965,-0.2375,311.636,0.1,-3.1245000000000003,1.2525,-0.17049999999999998,311.629,0.1,-3.1719999999999997,1.2494999999999998,-0.087,311.624,0.1,-3.1475,1.2015,-0.1125,311.631,0.1,-3.1215,1.1600000000000001,-0.0955,311.628,0.1,-3.0805,1.1545,-0.1,311.623,0.1,-2.9850000000000003,1.1735,-0.20450000000000002,311.624,0.1,-2.91,1.254,-0.218,311.639,0.1,-2.902,1.334,-0.0905,311.647,0.1,-2.8975,1.3940000000000001,0.077,311.639,0.1,
-3.2895,0.75,-0.0025,311.591,0.1,-3.2385,0.8165,0.121,311.6,0.1,-3.153,0.9464999999999999,0.131,311.605,0.1,-3.106,1.0325,0.1545,311.616,0.1,-3.12,1.042,0.069,311.635,0.1,-3.16,1.1684999999999999,-0.015,311.638,0.1,-3.1785,1.2955,-0.124,311.628,0.1,-3.1879999999999997,1.3025,-0.177,311.612,0.1,-3.182,1.2625,-0.148,311.615,0.1,-3.1185,1.1955,-0.1865,311.626,0.1,-3.053,1.162,-0.15,311.618,0.1,-3.021,1.1955,-0.087,311.621,0.1,-2.9859999999999998,1.2545000000000002,-0.251,311.627,0.1,-2.958,1.35,-0.406,311.629,0.1,-2.9595000000000002,1.314,-0.36,311.62,0.1,-2.941,1.297,-0.0075,311.595,0.1,
-3.2809999999999997,0.6605000000000001,-0.0725,311.577,0.1,-3.3285,0.7955000000000001,0.078,311.577,0.1,-3.355,0.9335,0.14250000000000002,311.589,0.1,-3.3605,1.057,0.111,311.594,0.1,-3.327,1.0805,-0.027,311.604,0.1,-3.2655,1.1105,-0.1335,311.616,0.1,-3.2045,1.1915,-0.1385,311.622,0.1,-3.1494999999999997,1.2065000000000001,-0.176,311.619,0.1,-3.0774999999999997,1.2269999999999999,-0.091,311.629,0.1,-2.95,1.198,-0.046,311.634,0.1,-2.85,1.2375,-0.0105,311.628,0.1,-2.8685,1.2915,-0.018500000000000003,311.625,0.1,-2.9530000000000003,1.3125,-0.223,311.629,0.1,-2.983,1.361,-0.41,311.621,0.1,-2.9365,1.3199999999999998,-0.4355,311.592,0.1,-2.9005,1.289,-0.114,311.548,0.1,
-3.31,0.6795,-0.16799999999999998,311.58,0.1,-3.3609999999999998,0.8175,-0.087,311.576,0.1,-3.4234999999999998,0.903,-0.0695,311.576,0.1,-3.427,1.014,-0.0945,311.572,0.1,-3.3125,0.99,-0.1905,311.582,0.1,-3.154,0.974,-0.27649999999999997,311.601,0.1,-3.0620000000000003,1.05,-0.1875,311.62,0.1,-3.0015,1.1085,-0.14350000000000002,311.627,0.1,-2.9335,1.2149999999999999,-0.0155,311.626,0.1,-2.8685,1.2125,0.0455,311.622,0.1,-2.866,1.274,0.023,311.617,0.1,-2.9450000000000003,1.2970000000000002,-0.0645,311.61,0.1,-3.0164999999999997,1.2414999999999998,-0.2075,311.611,0.1,-2.9939999999999998,1.2610000000000001,-0.3255,311.6,0.1,-2.906,1.313,-0.316,311.576,0.1,-2.8515,1.354,-0.1595,311.534,0.1,
-3.2855,0.754,-0.2175,311.572,0.1,-3.2685,0.827,-0.237,311.582,0.1,-3.2605,0.837,-0.2635,311.576,0.1,-3.2359999999999998,0.9105,-0.2245,311.572,0.1,-3.1305,0.872,-0.208,311.587,0.1,-2.9925,0.9239999999999999,-0.21050000000000002,311.608,0.1,-2.93,1.0554999999999999,-0.122,311.608,0.1,-2.9165,1.1345,-0.053000000000000005,311.601,0.1,-2.9035,1.2429999999999999,0.015,311.596,0.1,-2.8955,1.2175,-0.006,311.602,0.1,-2.936,1.1995,-0.1175,311.607,0.1,-3.008,1.153,-0.145,311.604,0.1,-3.012,1.096,-0.208,311.592,0.1,-2.9335,1.2075,-0.2845,311.584,0.1,-2.8600000000000003,1.3285,-0.2595,311.566,0.1,-2.8385,1.4005,-0.1585,311.549,0.1,
-3.1985,0.7635000000000001,-0.2075,311.579,0.1,-3.1245000000000003,0.7685,-0.2705,311.588,0.1,-3.05,0.772,-0.2705,311.582,0.1,-3.026,0.8245,-0.1875,311.584,0.1,-3.0090000000000003,0.838,-0.1215,311.595,0.1,-2.997,0.98,-0.1295,311.594,0.1,-3.0065,1.13,-0.0555,311.574,0.1,-3.008,1.1695,0.0165,311.565,0.1,-2.9975,1.214,0.0145,311.571,0.1,-2.972,1.1635,-0.053500000000000006,311.596,0.1,-2.9435000000000002,1.0755,-0.197,311.604,0.1,-2.9325,1.0265,-0.193,311.593,0.1,-2.9135,1.103,-0.255,311.586,0.1,-2.8899999999999997,1.3115,-0.2905,311.584,0.1,-2.888,1.3980000000000001,-0.2395,311.572,0.1,-2.8994999999999997,1.4405000000000001,-0.1775,311.553,0.1,
-3.117,0.743,-0.14100000000000001,311.588,0.1,-3.0294999999999996,0.723,-0.134,311.599,0.1,-2.9619999999999997,0.752,-0.0985,311.597,0.1,-2.983,0.798,-0.0975,311.597,0.1,-3.0490000000000004,0.849,-0.0925,311.588,0.1,-3.0975,1.022,-0.182,311.561,0.1,-3.1029999999999998,1.153,-0.11,311.535,0.1,-3.056,1.16,-0.0395,311.548,0.1,-2.985,1.172,-0.0185,311.575,0.1,-2.894,1.119,-0.012499999999999999,311.597,0.1,-2.7785,1.02,-0.086,311.603,0.1,-2.726,1.009,-0.137,311.599,0.1,-2.771,1.184,-0.183,311.601,0.1,-2.8545,1.406,-0.2415,311.593,0.1,-2.9154999999999998,1.44,-0.239,311.563,0.1,-2.9325,1.469,-0.1995,311.535,0.1,
-3.0035,0.7675000000000001,0.036500000000000005,311.801,0.1,-2.998,0.969,0.08499999999999999,311.822,0.1,-3.0145,1.0145,0.10400000000000001,311.837,0.1,-3.029,0.946,0.1365,311.837,0.1,-3.0170000000000003,0.8594999999999999,0.1215,311.833,0.1,-2.9365,0.8765000000000001,-0.009000000000000001,311.826,0.1,-2.817,1.0315,-0.1335,311.813,0.1,-2.7619999999999996,1.0590000000000002,-0.131,311.791,0.1,-2.7779999999999996,0.9505,-0.025500000000000002,311.782,0.1,-2.7785,0.9135,0.044,311.792,0.1,-2.7560000000000002,0.9764999999999999,0.0285,311.803,0.1,-2.731,1.009,-0.043,311.803,0.1,-2.6929999999999996,0.971,-0.1325,311.809,0.1,-2.6574999999999998,1.108,-0.096,311.812,0.1,-2.6189999999999998,1.1195,0.054,311.811,0.1,-2.5774999999999997,1.1139999999999999,0.136,311.796,0.1,
-3.0875000000000004,0.754,-0.0215,311.788,0.1,-3.1095,0.882,0.040499999999999994,311.803,0.1,-3.125,0.8985,0.0875,311.812,0.1,-3.115,0.8714999999999999,0.1185,311.812,0.1,-3.053,0.8734999999999999,0.0475,311.812,0.1,-2.9385,0.9535,-0.11249999999999999,311.805,0.1,-2.84,1.1045,-0.1215,311.788,0.1,-2.7830000000000004,1.0485,-0.0665,311.771,0.1,-2.7565,0.9505,0.0445,311.765,0.1,-2.774,0.9545,0.137,311.773,0.1,-2.8085,1.0255,0.132,311.778,0.1,-2.7755,1.0575,-0.0035,311.783,0.1,-2.691,1.0574999999999999,-0.191,311.792,0.1,-2.6435,1.139,-0.1665,311.784,0.1,-2.6265,1.0835,-0.036000000000000004,311.773,0.1,-2.653,1.087,0.0325,311.763,0.1,
-3.159,0.659,-0.2095,311.772,0.1,-3.1245000000000003,0.767,-0.1265,311.774,0.1,-3.096,0.8125,-0.0325,311.781,0.1,-3.0655,0.8334999999999999,-0.0095,311.794,0.1,-2.9875,0.8915,-0.0955,311.799,0.1,-2.886,1.0005,-0.22799999999999998,311.791,0.1,-2.8485,1.1185,-0.1385,311.772,0.1,-2.8425000000000002,1.0419999999999998,-0.040499999999999994,311.745,0.1,-2.8335,1.0015,0.045,311.74,0.1,-2.8525,1.008,0.116,311.742,0.1,-2.8615,1.052,0.1555,311.75,0.1,-2.7885,1.1284999999999998,0.0905,311.767,0.1,-2.686,1.2035,-0.091,311.772,0.1,-2.6464999999999996,1.201,-0.168,311.76,0.1,-2.6555,1.1095,-0.0965,311.757,0.1,-2.677,1.1075,-0.040499999999999994,311.765,0.1,
-3.1545,0.6005,-0.374,311.75,0.1,-3.085,0.7845,-0.298,311.754,0.1,-3.0235000000000003,0.8734999999999999,-0.1755,311.765,0.1,-2.9605,0.8865000000000001,-0.14800000000000002,311.775,0.1,-2.8725,0.967,-0.1745,311.775,0.1,-2.8064999999999998,1.0795,-0.241,311.766,0.1,-2.8369999999999997,1.1415000000000002,-0.1465,311.742,0.1,-2.91,1.0735000000000001,-0.0785,311.722,0.1,-2.9495,1.064,-0.054,311.721,0.1,-2.922,1.065,-0.0034999999999999996,311.724,0.1,-2.843,1.0905,0.0535,311.735,0.1,-2.798,1.173,0.0905,311.747,0.1,-2.7969999999999997,1.2685,0.066,311.751,0.1,-2.769,1.2730000000000001,-0.03,311.744,0.1,-2.709,1.218,-0.029,311.753,0.1,-2.6334999999999997,1.181,-0.038,311.762,0.1,
-3.0765000000000002,0.61,-0.41200000000000003,311.721,0.1,-3.017,0.8585,-0.33999999999999997,311.739,0.1,-2.9595000000000002,0.9575,-0.179,311.75,0.1,-2.885,0.9645,-0.1355,311.754,0.1,-2.807,1.0875,-0.1445,311.745,0.1,-2.7800000000000002,1.187,-0.1925,311.736,0.1,-2.857,1.157,-0.1595,311.718,0.1,-2.9735,1.0665,-0.1375,311.713,0.1,-3.0175,1.089,-0.173,311.711,0.1,-2.956,1.1485,-0.1625,311.716,0.1,-2.8575,1.173,-0.118,311.723,0.1,-2.835,1.2069999999999999,-0.0545,311.72,0.1,-2.87,1.255,0.054000000000000006,311.721,0.1,-2.86,1.311,0.078,311.736,0.1,-2.79,1.31,0.037000000000000005,311.748,0.1,-2.672,1.2534999999999998,-0.0505,311.751,0.1,
-2.9815,0.6575,-0.2595,311.706,0.1,-2.9285,0.845,-0.223,311.723,0.1,-2.883,0.9305,-0.0595,311.735,0.1,-2.8475,0.982,-0.013000000000000001,311.737,0.1,-2.839,1.1320000000000001,-0.041999999999999996,311.724,0.1,-2.851,1.182,-0.0925,311.718,0.1,-2.894,1.087,-0.1485,311.717,0.1,-2.9625,0.98,-0.2175,311.719,0.1,-2.988,1.0675,-0.3005,311.709,0.1,-2.9415,1.2349999999999999,-0.311,311.707,0.1,-2.875,1.2725,-0.2535,311.709,0.1,-2.8495,1.2435,-0.185,311.706,0.1,-2.8609999999999998,1.242,-0.0465,311.711,0.1,-2.8609999999999998,1.298,0.07350000000000001,311.733,0.1,-2.8034999999999997,1.3195000000000001,0.041499999999999995,311.74,0.1,-2.6944999999999997,1.317,-0.099,311.739,0.1,
-3.044,0.716,-0.027,311.697,0.1,-2.95,0.768,-0.098,311.698,0.1,-2.902,0.859,-0.035500000000000004,311.7,0.1,-2.9015,0.9555,0.0075,311.697,0.1,-2.896,1.0125000000000002,-0.0085,311.696,0.1,-2.8565,0.944,-0.036,311.701,0.1,-2.8105,0.903,-0.0985,311.72,0.1,-2.807,0.8985000000000001,-0.231,311.726,0.1,-2.8369999999999997,1.0815000000000001,-0.3155,311.71,0.1,-2.8605,1.3025,-0.277,311.701,0.1,-2.8615,1.351,-0.1975,311.706,0.1,-2.828,1.277,-0.1925,311.712,0.1,-2.779,1.2545,-0.1185,311.715,0.1,-2.753,1.262,0.027,311.713,0.1,-2.7300000000000004,1.2915,0.0345,311.72,0.1,-2.693,1.392,-0.10350000000000001,311.733,0.1,
-3.2705,0.73,0.045,311.683,0.1,-3.1109999999999998,0.6950000000000001,-0.1075,311.682,0.1,-3.0229999999999997,0.8185,-0.1615,311.664,0.1,-2.9895,0.9155,-0.078,311.651,0.1,-2.8945,0.8,-0.0905,311.658,0.1,-2.7565,0.657,-0.1675,311.681,0.1,-2.6845,0.7745,-0.132,311.704,0.1,-2.69,0.9365,-0.1525,311.71,0.1,-2.7405,1.163,-0.1465,311.702,0.1,-2.8205,1.3195000000000001,-0.087,311.699,0.1,-2.8475,1.3575,-0.011,311.706,0.1,-2.7515,1.2905,-0.0935,311.713,0.1,-2.632,1.2565,-0.1235,311.694,0.1,-2.6020000000000003,1.2315,0.0035,311.686,0.1,-2.6215,1.3125,0.053000000000000005,311.708,0.1,-2.5995,1.472,0.0005,311.736,0.1,
-3.3485,0.702,-0.0035,311.658,0.1,-3.1865,0.641,-0.147,311.654,0.1,-3.067,0.7845,-0.251,311.627,0.1,-2.9915000000000003,0.862,-0.1065,311.625,0.1,-2.8425000000000002,0.6715,-0.1355,311.65,0.1,-2.6734999999999998,0.6475,-0.313,311.673,0.1,-2.6565,0.8955,-0.262,311.678,0.1,-2.7634999999999996,1.1015,-0.1385,311.689,0.1,-2.859,1.2435,-0.028499999999999998,311.691,0.1,-2.89,1.2745,0.005,311.694,0.1,-2.8665000000000003,1.2725,0.054,311.699,0.1,-2.778,1.2275,-0.0345,311.695,0.1,-2.667,1.198,-0.1245,311.672,0.1,-2.607,1.2305000000000001,-0.041999999999999996,311.676,0.1,-2.5805,1.391,0.0605,311.707,0.1,-2.557,1.5179999999999998,0.0935,311.719,0.1,
-3.141,0.658,0.0005,311.639,0.1,-3.01,0.626,-0.0235,311.646,0.1,-2.88,0.7695000000000001,-0.11299999999999999,311.622,0.1,-2.8045,0.848,0.0085,311.637,0.1,-2.7445,0.7375,-0.035500000000000004,311.671,0.1,-2.7104999999999997,0.8945,-0.181,311.681,0.1,-2.775,1.1535,-0.2535,311.669,0.1,-2.8985,1.2805,-0.177,311.67,0.1,-2.9589999999999996,1.2915,-0.086,311.668,0.1,-2.9314999999999998,1.217,-0.119,311.678,0.1,-2.904,1.151,-0.0945,311.673,0.1,-2.859,1.126,-0.1005,311.664,0.1,-2.746,1.157,-0.2175,311.663,0.1,-2.6545,1.294,-0.23249999999999998,311.685,0.1,-2.643,1.4205,-0.08449999999999999,311.7,0.1,-2.6365,1.4665,0.0875,311.695,0.1,
-2.9935,0.545,0.002,311.617,0.1,-2.9370000000000003,0.6205,0.126,311.63,0.1,-2.851,0.786,0.1285,311.633,0.1,-2.8064999999999998,0.9059999999999999,0.1545,311.644,0.1,-2.832,0.9115,0.0615,311.665,0.1,-2.893,1.0805,-0.014499999999999999,311.671,0.1,-2.931,1.267,-0.1245,311.666,0.1,-2.958,1.3159999999999998,-0.179,311.654,0.1,-2.9685,1.275,-0.1505,311.659,0.1,-2.9080000000000004,1.1665,-0.2005,311.671,0.1,-2.8295000000000003,1.1075,-0.16599999999999998,311.659,0.1,-2.7775,1.137,-0.0935,311.661,0.1,-2.7279999999999998,1.2165,-0.2615,311.668,0.1,-2.7,1.3815,-0.4175,311.677,0.1,-2.7085,1.3824999999999998,-0.3725,311.677,0.1,-2.6769999999999996,1.353,0.0,311.651,0.1,
-2.9815,0.41200000000000003,-0.0745,311.603,0.1,-3.045,0.6034999999999999,0.082,311.603,0.1,-3.0835,0.7885,0.1465,311.618,0.1,-3.1029999999999998,0.9555,0.113,311.621,0.1,-3.08,0.98,-0.034,311.632,0.1,-3.0225,1.0195,-0.138,311.65,0.1,-2.97,1.1219999999999999,-0.13,311.66,0.1,-2.9290000000000003,1.149,-0.1745,311.657,0.1,-2.8615,1.1804999999999999,-0.092,311.671,0.1,-2.7085,1.1219999999999999,-0.056499999999999995,311.678,0.1,-2.5675,1.1745,-0.0225,311.677,0.1,-2.5645,1.25,-0.0165,311.676,0.1,-2.6595,1.2675,-0.222,311.68,0.1,-2.708,1.3475,-0.4085,311.672,0.1,-2.6550000000000002,1.3319999999999999,-0.45799999999999996,311.646,0.1,-2.5885,1.3170000000000002,-0.11699999999999999,311.606,0.1,
-2.997,0.39949999999999997,-0.1775,311.61,0.1,-3.0725,0.6054999999999999,-0.0895,311.607,0.1,-3.16,0.734,-0.069,311.607,0.1,-3.1775,0.889,-0.0915,311.599,0.1,-3.0595,0.847,-0.1955,311.611,0.1,-2.8994999999999997,0.8135,-0.293,311.631,0.1,-2.8245,0.9019999999999999,-0.1865,311.653,0.1,-2.7750000000000004,0.9735,-0.1475,311.664,0.1,-2.6879999999999997,1.1275,-0.0175,311.669,0.1,-2.5805,1.1244999999999998,0.040499999999999994,311.671,0.1,-2.548,1.23,0.025500000000000002,311.671,0.1,-2.6310000000000002,1.272,-0.0535,311.665,0.1,-2.7235,1.173,-0.2,311.664,0.1,-2.703,1.193,-0.326,311.654,0.1,-2.5869999999999997,1.281,-0.328,311.638,0.1,-2.5025000000000004,1.366,-0.164,311.597,0.1,
-2.943,0.45399999999999996,-0.2255,311.603,0.1,-2.944,0.569,-0.244,311.62,0.1,-2.9545,0.6,-0.2695,311.612,0.1,-2.945,0.7135,-0.221,311.605,0.1,-2.8425,0.6519999999999999,-0.211,311.619,0.1,-2.7055,0.7035,-0.22749999999999998,311.64,0.1,-2.6505,0.8705,-0.13,311.643,0.1,-2.6334999999999997,0.976,-0.0605,311.641,0.1,-2.6,1.1455,0.014,311.644,0.1,-2.5695,1.129,-0.009000000000000001,311.655,0.1,-2.6105,1.1335000000000002,-0.11449999999999999,311.663,0.1,-2.7025,1.0750000000000002,-0.131,311.659,0.1,-2.7110000000000003,0.9765,-0.20350000000000001,311.649,0.1,-2.6135,1.1179999999999999,-0.2925,311.647,0.1,-2.5215,1.2875,-0.2665,311.634,0.1,-2.498,1.394,-0.16,311.617,0.1,
-2.8415,0.428,-0.2095,311.615,0.1,-2.774,0.4355,-0.281,311.627,0.1,-2.7,0.456,-0.281,311.619,0.1,-2.685,0.5509999999999999,-0.187,311.621,0.1,-2.6765,0.5645,-0.1225,311.635,0.1,-2.672,0.7505,-0.138,311.636,0.1,-2.684,0.9550000000000001,-0.0575,311.616,0.1,-2.6795,1.0165,0.015,311.613,0.1,-2.6685,1.0935000000000001,0.014,311.62,0.1,-2.649,1.037,-0.056,311.649,0.1,-2.6260000000000003,0.9285,-0.2085,311.657,0.1,-2.6125,0.8615,-0.197,311.65,0.1,-2.5845000000000002,0.9505,-0.269,311.647,0.1,-2.5605,1.2285,-0.302,311.65,0.1,-2.5665,1.349,-0.244,311.642,0.1,-2.5855,1.402,-0.1845,311.625,0.1,
-2.7665,0.384,-0.1405,311.625,0.1,-2.667,0.347,-0.1395,311.64,0.1,-2.5845000000000002,0.4,-0.10200000000000001,311.637,0.1,-2.6095,0.491,-0.101,311.64,0.1,-2.6900000000000004,0.559,-0.091,311.634,0.1,-2.7525000000000004,0.798,-0.1885,311.606,0.1,-2.765,0.985,-0.1085,311.581,0.1,-2.723,1.007,-0.04,311.598,0.1,-2.6645000000000003,1.03,-0.0225,311.624,0.1,-2.577,0.96,-0.019999999999999997,311.646,0.1,-2.444,0.823,-0.10700000000000001,311.651,0.1,-2.378,0.806,-0.16149999999999998,311.651,0.1,-2.431,1.028,-0.199,311.658,0.1,-2.5335,1.328,-0.25,311.658,0.1,-2.603,1.38,-0.2445,311.634,0.1,-2.6125,1.412,-0.20500000000000002,311.607,0.1,
-2.7525000000000004,0.41500000000000004,0.03,311.823,0.1,-2.7515,0.6355,0.0875,311.842,0.1,-2.7705,0.7244999999999999,0.11,311.859,0.1,-2.7915,0.6950000000000001,0.1475,311.856,0.1,-2.79,0.6125,0.1205,311.858,0.1,-2.7255000000000003,0.6485,-0.0235,311.852,0.1,-2.617,0.8405,-0.1535,311.838,0.1,-2.565,0.902,-0.136,311.809,0.1,-2.577,0.7655000000000001,-0.022,311.802,0.1,-2.559,0.6835,0.039999999999999994,311.816,0.1,-2.526,0.735,0.02,311.831,0.1,-2.5185,0.788,-0.0435,311.828,0.1,-2.497,0.7424999999999999,-0.14150000000000001,311.833,0.1,-2.4455,0.899,-0.099,311.834,0.1,-2.3655,0.8875,0.0485,311.834,0.1,-2.2984999999999998,0.8955,0.1345,311.824,0.1,
-2.84,0.41400000000000003,-0.024,311.813,0.1,-2.872,0.5805,0.048,311.829,0.1,-2.894,0.6255,0.095,311.835,0.1,-2.8834999999999997,0.6075,0.1245,311.83,0.1,-2.8209999999999997,0.623,0.042499999999999996,311.837,0.1,-2.721,0.7404999999999999,-0.13,311.831,0.1,-2.646,0.9425,-0.125,311.813,0.1,-2.6005000000000003,0.888,-0.0655,311.794,0.1,-2.566,0.765,0.039,311.786,0.1,-2.568,0.748,0.1325,311.796,0.1,-2.6,0.8135,0.131,311.805,0.1,-2.572,0.8455,-0.011,311.806,0.1,-2.48,0.8225,-0.21550000000000002,311.814,0.1,-2.4115,0.935,-0.16999999999999998,311.804,0.1,-2.3735,0.876,-0.040499999999999994,311.797,0.1,-2.406,0.9065000000000001,0.0335,311.789,0.1,
-2.934,0.35350000000000004,-0.2145,311.797,0.1,-2.9165,0.503,-0.129,311.798,0.1,-2.8905000000000003,0.55,-0.037500000000000006,311.801,0.1,-2.8525,0.556,-0.017,311.812,0.1,-2.7720000000000002,0.6345000000000001,-0.1075,311.818,0.1,-2.685,0.781,-0.2475,311.809,0.1,-2.6719999999999997,0.95,-0.1295,311.79,0.1,-2.6695,0.864,-0.035,311.766,0.1,-2.6390000000000002,0.8260000000000001,0.042499999999999996,311.763,0.1,-2.6399999999999997,0.8340000000000001,0.112,311.766,0.1,-2.6485,0.871,0.154,311.776,0.1,-2.5759999999999996,0.9345,0.088,311.796,0.1,-2.465,0.9855,-0.10500000000000001,311.805,0.1,-2.4245,1.0135,-0.174,311.782,0.1,-2.4465,0.9155,-0.10550000000000001,311.78,0.1,-2.4764999999999997,0.9155,-0.0445,311.787,0.1,
-2.9325,0.302,-0.383,311.776,0.1,-2.8810000000000002,0.521,-0.313,311.777,0.1,-2.818,0.5915,-0.191,311.787,0.1,-2.751,0.5845,-0.16549999999999998,311.796,0.1,-2.668,0.7,-0.1905,311.793,0.1,-2.6115,0.8365,-0.261,311.78,0.1,-2.6485,0.929,-0.1345,311.756,0.1,-2.7104999999999997,0.859,-0.068,311.742,0.1,-2.73,0.891,-0.0535,311.746,0.1,-2.693,0.919,-0.0155,311.752,0.1,-2.6189999999999998,0.94,0.0405,311.763,0.1,-2.5839999999999996,1.0015,0.091,311.778,0.1,-2.5975,1.0835,0.07400000000000001,311.792,0.1,-2.592,1.104,-0.033,311.769,0.1,-2.5330000000000004,1.007,-0.04,311.777,0.1,-2.4175,0.9410000000000001,-0.0495,311.784,0.1,
-2.83,0.271,-0.421,311.757,0.1,-2.7705,0.5575000000000001,-0.354,311.771,0.1,-2.701,0.6385000000000001,-0.1895,311.786,0.1,-2.63,0.63,-0.1475,311.792,0.1,-2.564,0.8069999999999999,-0.1505,311.779,0.1,-2.5309999999999997,0.9315,-0.20500000000000002,311.764,0.1,-2.593,0.9145000000000001,-0.155,311.74,0.1,-2.707,0.8220000000000001,-0.126,311.74,0.1,-2.7649999999999997,0.9075,-0.16999999999999998,311.74,0.1,-2.7225,1.019,-0.177,311.746,0.1,-2.6390000000000002,1.0375,-0.132,311.753,0.1,-2.6315,1.04,-0.059,311.752,0.1,-2.686,1.088,0.064,311.751,0.1,-2.6740000000000004,1.1435,0.08349999999999999,311.76,0.1,-2.5564999999999998,1.069,0.031,311.773,0.1,-2.3795,0.9944999999999999,-0.066,311.776,0.1,
-2.7024999999999997,0.265,-0.269,311.752,0.1,-2.643,0.5005000000000001,-0.229,311.762,0.1,-2.581,0.5945,-0.06,311.778,0.1,-2.5445,0.633,-0.016,311.788,0.1,-2.548,0.8340000000000001,-0.032,311.774,0.1,-2.5534999999999997,0.921,-0.08449999999999999,311.766,0.1,-2.5789999999999997,0.8365,-0.1435,311.753,0.1,-2.657,0.7190000000000001,-0.2115,311.755,0.1,-2.7235,0.8605,-0.2965,311.743,0.1,-2.7185,1.0835,-0.3175,311.738,0.1,-2.6665,1.1059999999999999,-0.264,311.74,0.1,-2.6365,1.0445,-0.195,311.74,0.1,-2.6485000000000003,1.0670000000000002,-0.0475,311.743,0.1,-2.6315,1.1139999999999999,0.08199999999999999,311.758,0.1,-2.5235,1.0645,0.037500000000000006,311.771,0.1,-2.3815,1.084,-0.11649999999999999,311.772,0.1,
-2.74,0.30300000000000005,-0.036500000000000005,311.746,0.1,-2.6605,0.396,-0.10300000000000001,311.733,0.1,-2.611,0.5335000000000001,-0.037,311.737,0.1,-2.5985,0.613,0.005,311.744,0.1,-2.59,0.6905,0.004999999999999999,311.741,0.1,-2.551,0.659,-0.0165,311.744,0.1,-2.5055,0.633,-0.0865,311.761,0.1,-2.5220000000000002,0.618,-0.2305,311.767,0.1,-2.5915,0.831,-0.316,311.746,0.1,-2.6365,1.094,-0.2755,311.735,0.1,-2.622,1.1324999999999998,-0.2015,311.741,0.1,-2.568,1.0365,-0.20700000000000002,311.746,0.1,-2.5175,1.061,-0.1275,311.746,0.1,-2.4850000000000003,1.0545,0.0345,311.742,0.1,-2.449,1.0514999999999999,0.0285,311.76,0.1,-2.4204999999999997,1.1875,-0.1175,311.775,0.1,
-2.9555,0.318,0.039999999999999994,311.728,0.1,-2.8129999999999997,0.302,-0.1135,311.718,0.101,-2.7335000000000003,0.496,-0.16899999999999998,311.697,0.1,-2.6885000000000003,0.5740000000000001,-0.08449999999999999,311.694,0.1,-2.591,0.4535,-0.089,311.698,0.1,-2.4655,0.335,-0.17149999999999999,311.715,0.1,-2.4045,0.475,-0.13,311.739,0.1,-2.418,0.645,-0.156,311.748,0.1,-2.4725,0.887,-0.146,311.739,0.1,-2.5475000000000003,1.077,-0.083,311.738,0.1,-2.5655,1.127,-0.005,311.749,0.1,-2.4665,1.0394999999999999,-0.10400000000000001,311.754,0.1,-2.3545,1.046,-0.1305,311.726,0.1,-2.3375,1.002,0.005,311.72,0.1,-2.3715,1.101,0.0435,311.752,0.1,-2.3535,1.2694999999999999,-0.009000000000000001,311.777,0.1,
-3.0115,0.2665,-0.0055,311.709,0.1,-2.8609999999999998,0.21250000000000002,-0.152,311.705,0.1,-2.7465,0.4235,-0.2595,311.666,0.1,-2.659,0.503,-0.11499999999999999,311.678,0.1,-2.519,0.3065,-0.145,311.704,0.1,-2.3745000000000003,0.292,-0.34099999999999997,311.707,0.1,-2.367,0.578,-0.27849999999999997,311.708,0.1,-2.471,0.829,-0.1455,311.721,0.1,-2.5620000000000003,0.981,-0.0245,311.73,0.1,-2.601,1.0390000000000001,0.006500000000000001,311.735,0.1,-2.6015,1.0635,0.069,311.744,0.1,-2.535,0.9824999999999999,-0.0295,311.743,0.1,-2.434,0.9670000000000001,-0.1295,311.705,0.1,-2.3785,0.99,-0.0525,311.714,0.1,-2.3505000000000003,1.1995,0.057999999999999996,311.743,0.1,-2.3095,1.3159999999999998,0.09,311.752,0.1,
-2.7695,0.1885,-0.0005,311.702,0.1,-2.6550000000000002,0.1645,-0.026000000000000002,311.714,0.1,-2.5345,0.34950000000000003,-0.1225,311.674,0.1,-2.4459999999999997,0.459,0.001,311.698,0.1,-2.3895,0.355,-0.05,311.732,0.1,-2.3765,0.5225,-0.1985,311.732,0.1,-2.4555,0.8305,-0.2705,311.71,0.1,-2.594,1.032,-0.183,311.706,0.1,-2.6765,1.0474999999999999,-0.084,311.711,0.1,-2.6849999999999996,0.981,-0.121,311.717,0.1,-2.6944999999999997,0.9299999999999999,-0.086,311.707,0.1,-2.6550000000000002,0.859,-0.0995,311.702,0.1,-2.5185,0.8935,-0.23049999999999998,311.697,0.1,-2.4085,1.048,-0.251,311.717,0.1,-2.395,1.2309999999999999,-0.077,311.728,0.1,-2.377,1.2745,0.0955,311.722,0.1,
-2.614,0.078,0.0015,311.674,0.1,-2.5730000000000004,0.16649999999999998,0.126,311.696,0.1,-2.5045,0.3415,0.1225,311.691,0.1,-2.4515000000000002,0.49,0.1495,311.704,0.1,-2.4705,0.5195,0.047,311.721,0.1,-2.548,0.7195,-0.0155,311.722,0.1,-2.6094999999999997,0.9279999999999999,-0.122,311.715,0.1,-2.6635,1.046,-0.1735,311.696,0.1,-2.7075,1.018,-0.147,311.707,0.1,-2.6755,0.8955,-0.2095,311.708,0.1,-2.5945,0.838,-0.182,311.689,0.1,-2.5149999999999997,0.843,-0.10500000000000001,311.706,0.1,-2.4495,0.9225,-0.2725,311.712,0.1,-2.4240000000000004,1.1235,-0.4245,311.713,0.1,-2.439,1.1715,-0.3815,311.707,0.1,-2.3985000000000003,1.163,0.0085,311.682,0.1,
-2.6325000000000003,-0.029,-0.0785,311.638,0.1,-2.699,0.176,0.082,311.648,0.1,-2.74,0.3495,0.1485,311.666,0.1,-2.7525,0.526,0.1125,311.678,0.1,-2.7350000000000003,0.592,-0.042499999999999996,311.685,0.1,-2.705,0.6645000000000001,-0.1385,311.685,0.1,-2.678,0.745,-0.109,311.695,0.1,-2.65,0.8109999999999999,-0.16,311.695,0.1,-2.5860000000000003,0.878,-0.0865,311.717,0.1,-2.423,0.8109999999999999,-0.0675,311.725,0.1,-2.2595,0.8865,-0.042499999999999996,311.724,0.1,-2.2385,0.9730000000000001,-0.02,311.732,0.1,-2.3360000000000003,0.9644999999999999,-0.2195,311.739,0.1,-2.3970000000000002,1.071,-0.3975,311.732,0.1,-2.3495,1.0905,-0.48,311.68,0.1,-2.2915,1.1255000000000002,-0.1175,311.646,0.1,
-2.6470000000000002,-0.041,-0.1825,311.638,0.1,-2.7125000000000004,0.16999999999999998,-0.0885,311.644,0.1,-2.79,0.282,-0.0625,311.651,0.1,-2.8085,0.4475,-0.08099999999999999,311.657,0.1,-2.7015000000000002,0.45499999999999996,-0.193,311.669,0.1,-2.566,0.43700000000000006,-0.3045,311.666,0.1,-2.5275,0.49949999999999994,-0.1745,311.682,0.1,-2.502,0.585,-0.14350000000000002,311.694,0.1,-2.41,0.786,-0.017,311.709,0.1,-2.284,0.798,0.032,311.72,0.1,-2.2430000000000003,0.9555,0.028999999999999998,311.725,0.1,-2.3289999999999997,1.0195,-0.0365,311.718,0.1,-2.426,0.872,-0.188,311.717,0.1,-2.4055,0.9079999999999999,-0.322,311.704,0.1,-2.2955,1.0285,-0.3405,311.692,0.1,-2.232,1.157,-0.1615,311.641,0.1,
-2.5665,-0.014,-0.2245,311.65,0.1,-2.556,0.095,-0.2425,311.666,0.1,-2.5564999999999998,0.1155,-0.267,311.659,0.1,-2.5615,0.253,-0.20600000000000002,311.661,0.1,-2.476,0.23650000000000002,-0.20550000000000002,311.676,0.1,-2.351,0.308,-0.2445,311.692,0.1,-2.3275,0.48650000000000004,-0.137,311.679,0.1,-2.3425000000000002,0.593,-0.067,311.674,0.1,-2.3120000000000003,0.8025,0.015,311.685,0.1,-2.279,0.8045,-0.01,311.703,0.1,-2.335,0.849,-0.0995,311.704,0.1,-2.4345,0.7995,-0.1015,311.7,0.1,-2.4305,0.669,-0.1945,311.697,0.1,-2.3289999999999997,0.84,-0.299,311.696,0.1,-2.254,1.028,-0.27,311.683,0.1,-2.2344999999999997,1.137,-0.1555,311.66,0.1,
-2.4669999999999996,-0.0655,-0.20350000000000001,311.681,0.1,-2.3905,-0.072,-0.2835,311.688,0.1,-2.3075,-0.052500000000000005,-0.2865,311.672,0.101,-2.2945,0.079,-0.18,311.674,0.101,-2.287,0.1325,-0.121,311.694,0.1,-2.287,0.3595,-0.148,311.699,0.1,-2.322,0.5995,-0.057,311.667,0.1,-2.3485,0.657,0.016,311.66,0.1,-2.3605,0.7629999999999999,0.022,311.666,0.1,-2.3495,0.7050000000000001,-0.05,311.696,0.1,-2.3310000000000004,0.6065,-0.211,311.693,0.1,-2.3215000000000003,0.5535,-0.194,311.689,0.1,-2.3,0.6315,-0.2825,311.694,0.1,-2.2945,0.9355,-0.308,311.694,0.1,-2.3045,1.056,-0.2435,311.684,0.1,-2.298,1.1075,-0.191,311.671,0.1,
-2.4139999999999997,-0.119,-0.1355,311.69,0.1,-2.3064999999999998,-0.173,-0.1425,311.712,0.1,-2.2155,-0.116,-0.1035,311.702,0.101,-2.2335000000000003,0.018,-0.1025,311.691,0.101,-2.3075,0.126,-0.0875,311.695,0.1,-2.3689999999999998,0.415,-0.193,311.661,0.1,-2.392,0.637,-0.101,311.633,0.1,-2.378,0.655,-0.0325,311.652,0.1,-2.356,0.703,-0.014,311.67,0.1,-2.279,0.618,-0.019999999999999997,311.691,0.1,-2.136,0.48,-0.1265,311.7,0.1,-2.0715,0.491,-0.19,311.697,0.1,-2.134,0.704,-0.215,311.703,0.1,-2.2355,1.015,-0.2545,311.703,0.1,-2.292,1.063,-0.2465,311.684,0.1,-2.295,1.11,-0.208,311.661,0.1,
-2.427,-0.16649999999999998,0.024,311.865,0.1,-2.4205,0.024,0.09,311.873,0.1,-2.4425,0.157,0.11649999999999999,311.887,0.1,-2.478,0.20450000000000002,0.1605,311.876,0.1,-2.4930000000000003,0.1535,0.1195,311.889,0.1,-2.4595000000000002,0.22949999999999998,-0.0385,311.886,0.1,-2.383,0.4545,-0.175,311.868,0.1,-2.347,0.5665,-0.1405,311.827,0.1,-2.3575,0.41000000000000003,-0.018000000000000002,311.823,0.1,-2.3125,0.272,0.034,311.842,0.1,-2.2584999999999997,0.305,0.01,311.861,0.1,-2.2714999999999996,0.399,-0.042499999999999996,311.853,0.1,-2.274,0.3565,-0.15,311.857,0.1,-2.2,0.52,-0.10250000000000001,311.851,0.1,-2.0709999999999997,0.4675,0.0395,311.849,0.1,-1.9900000000000002,0.5,0.1295,311.848,0.1,
-2.5135,-0.1515,-0.026000000000000002,311.858,0.1,-2.549,0.0315,0.055999999999999994,311.869,0.1,-2.5839999999999996,0.10550000000000001,0.10250000000000001,311.864,0.1,-2.578,0.1075,0.1315,311.848,0.1,-2.5164999999999997,0.154,0.037500000000000006,311.865,0.1,-2.4445,0.32899999999999996,-0.14750000000000002,311.859,0.1,-2.4154999999999998,0.5905,-0.1275,311.84,0.1,-2.3979999999999997,0.554,-0.0645,311.819,0.1,-2.3609999999999998,0.41300000000000003,0.0315,311.809,0.1,-2.339,0.368,0.125,311.82,0.1,-2.3575,0.4245,0.1295,311.835,0.1,-2.3345000000000002,0.471,-0.019,311.829,0.1,-2.2365000000000004,0.4155,-0.2425,311.833,0.1,-2.1420000000000003,0.5585,-0.174,311.818,0.1,-2.0855,0.4965,-0.047,311.816,0.1,-2.137,0.5720000000000001,0.035,311.812,0.1,
-2.651,-0.1375,-0.218,311.836,0.1,-2.6615,0.0415,-0.131,311.834,0.1,-2.6455,0.0715,-0.042499999999999996,311.824,0.1,-2.5955,0.05,-0.0245,311.827,0.1,-2.512,0.16249999999999998,-0.118,311.833,0.1,-2.4515000000000002,0.359,-0.266,311.821,0.1,-2.4764999999999997,0.5905,-0.11649999999999999,311.803,0.1,-2.4825,0.5015000000000001,-0.028999999999999998,311.787,0.1,-2.423,0.471,0.038,311.787,0.1,-2.3905,0.48150000000000004,0.106,311.793,0.1,-2.3905,0.5145,0.152,311.805,0.1,-2.323,0.565,0.08449999999999999,311.829,0.1,-2.21,0.5740000000000001,-0.1215,311.845,0.1,-2.175,0.6545,-0.1795,311.802,0.1,-2.221,0.5595,-0.11449999999999999,311.801,0.1,-2.259,0.565,-0.047,311.805,0.1,
-2.676,-0.14950000000000002,-0.3885,311.815,0.1,-2.6565000000000003,0.076,-0.327,311.809,0.1,-2.5940000000000003,0.089,-0.20550000000000002,311.811,0.1,-2.52,0.051500000000000004,-0.182,311.814,0.1,-2.4429999999999996,0.2215,-0.20550000000000002,311.805,0.1,-2.399,0.379,-0.2815,311.785,0.1,-2.4429999999999996,0.499,-0.1195,311.763,0.1,-2.484,0.4245,-0.056,311.764,0.1,-2.4655,0.518,-0.0525,311.774,0.1,-2.4085,0.5905,-0.028999999999999998,311.784,0.1,-2.3470000000000004,0.6100000000000001,0.025500000000000002,311.793,0.1,-2.3345000000000002,0.635,0.091,311.815,0.1,-2.3705,0.6945,0.08249999999999999,311.843,0.1,-2.402,0.761,-0.035,311.797,0.1,-2.35,0.609,-0.052000000000000005,311.8,0.1,-2.1775,0.5015000000000001,-0.062,311.803,0.1,
-2.546,-0.21950000000000003,-0.425,311.812,0.1,-2.482,0.067,-0.3655,311.816,0.1,-2.3895,0.086,-0.1985,311.835,0.1,-2.3255,0.0535,-0.1585,311.843,0.1,-2.284,0.3025,-0.155,311.823,0.1,-2.2435,0.4435,-0.2195,311.798,0.1,-2.277,0.4355,-0.1505,311.764,0.1,-2.379,0.34099999999999997,-0.11199999999999999,311.771,0.1,-2.4509999999999996,0.523,-0.1635,311.771,0.1,-2.44,0.71,-0.1905,311.776,0.1,-2.391,0.7165,-0.14600000000000002,311.783,0.1,-2.409,0.6615,-0.063,311.786,0.1,-2.4875,0.716,0.07550000000000001,311.784,0.1,-2.471,0.785,0.09,311.78,0.1,-2.284,0.592,0.0235,311.794,0.1,-2.0324999999999998,0.5,-0.08399999999999999,311.794,0.1,
-2.3739999999999997,-0.29700000000000004,-0.2755,311.826,0.1,-2.294,-0.0345,-0.2325,311.818,0.1,-2.2,0.037000000000000005,-0.06,311.839,0.1,-2.1645000000000003,0.0355,-0.0195,311.863,0.1,-2.194,0.29000000000000004,-0.0195,311.846,0.1,-2.1985,0.423,-0.0755,311.835,0.1,-2.201,0.366,-0.1385,311.799,0.1,-2.2875,0.246,-0.2025,311.797,0.1,-2.4105,0.4635,-0.287,311.781,0.1,-2.473,0.7505,-0.3205,311.77,0.1,-2.4485,0.737,-0.2725,311.77,0.1,-2.4074999999999998,0.6205,-0.20350000000000001,311.775,0.1,-2.4154999999999998,0.6915,-0.047,311.773,0.1,-2.375,0.7230000000000001,0.092,311.771,0.1,-2.1995,0.5505,0.032,311.791,0.1,-2.025,0.618,-0.1355,311.794,0.1,
-2.3689999999999998,-0.3025,-0.0475,311.821,0.1,-2.3105,-0.1655,-0.107,311.784,0.1,-2.2575000000000003,0.009000000000000001,-0.039,311.789,0.1,-2.2225,0.024,0.001,311.815,0.1,-2.2155,0.1195,0.0215,311.806,0.1,-2.1959999999999997,0.162,0.006999999999999999,311.802,0.1,-2.165,0.175,-0.07150000000000001,311.812,0.1,-2.21,0.152,-0.2275,311.816,0.1,-2.3289999999999997,0.389,-0.312,311.787,0.1,-2.3994999999999997,0.6835,-0.27,311.771,0.1,-2.356,0.6925,-0.20400000000000001,311.773,0.1,-2.2705,0.5675,-0.2215,311.776,0.1,-2.233,0.6705000000000001,-0.136,311.766,0.1,-2.2110000000000003,0.6355,0.043,311.756,0.1,-2.1630000000000003,0.577,0.0215,311.791,0.1,-2.1425,0.7749999999999999,-0.1305,311.81,0.1,
-2.548,-0.306,0.034,311.796,0.101,-2.4525,-0.2855,-0.119,311.771,0.101,-2.3920000000000003,-0.013499999999999998,-0.1745,311.744,0.1,-2.3225,0.0,-0.0915,311.761,0.1,-2.2279999999999998,-0.1065,-0.08499999999999999,311.76,0.1,-2.1414999999999997,-0.157,-0.1725,311.761,0.1,-2.1085000000000003,-0.0019999999999999983,-0.126,311.782,0.1,-2.1325000000000003,0.1605,-0.1605,311.793,0.1,-2.1825,0.39249999999999996,-0.146,311.78,0.1,-2.237,0.613,-0.079,311.778,0.1,-2.2375,0.6795,0.0005,311.792,0.1,-2.151,0.5680000000000001,-0.11599999999999999,311.792,0.1,-2.0789999999999997,0.6365000000000001,-0.1375,311.745,0.1,-2.0940000000000003,0.5569999999999999,0.007,311.742,0.1,-2.1414999999999997,0.6875,0.033,311.791,0.1,-2.1189999999999998,0.8665,-0.019,311.813,0.1,
-2.5675,-0.3985,-0.007,311.788,0.1,-2.459,-0.4155,-0.154,311.782,0.101,-2.3609999999999998,-0.125,-0.2645,311.724,0.1,-2.254,-0.0625,-0.1235,311.763,0.1,-2.143,-0.22649999999999998,-0.1535,311.786,0.1,-2.0549999999999997,-0.22250000000000003,-0.3675,311.75,0.1,-2.058,0.060500000000000005,-0.2955,311.741,0.1,-2.1375,0.3385,-0.154,311.749,0.1,-2.2045000000000003,0.47850000000000004,-0.022,311.766,0.1,-2.253,0.586,0.0075,311.773,0.1,-2.3035,0.6635,0.08449999999999999,311.787,0.1,-2.2945,0.5309999999999999,-0.0245,311.793,0.1,-2.2275,0.536,-0.1345,311.728,0.1,-2.183,0.527,-0.0655,311.746,0.1,-2.1505,0.8049999999999999,0.0545,311.77,0.1,-2.0795,0.9015,0.08349999999999999,311.77,0.1,
-2.3075,-0.5215,-0.002,311.8,0.1,-2.2394999999999996,-0.506,-0.0275,311.818,0.1,-2.141,-0.2775,-0.1295,311.751,0.1,-2.0305,-0.134,-0.0075,311.792,0.1,-1.9815,-0.1985,-0.0655,311.822,0.1,-1.9985,-0.044500000000000005,-0.216,311.799,0.1,-2.083,0.2735,-0.28800000000000003,311.758,0.1,-2.224,0.554,-0.1895,311.736,0.1,-2.3365,0.5660000000000001,-0.082,311.752,0.1,-2.4139999999999997,0.5389999999999999,-0.1215,311.749,0.1,-2.4915,0.5355,-0.07400000000000001,311.731,0.1,-2.465,0.398,-0.098,311.736,0.1,-2.3,0.4305,-0.2435,311.725,0.1,-2.17,0.571,-0.27149999999999996,311.739,0.1,-2.1555,0.819,-0.0685,311.735,0.1,-2.1174999999999997,0.868,0.10250000000000001,311.728,0.1,
-2.167,-0.5994999999999999,-0.001,311.757,0.1,-2.1595,-0.495,0.124,311.792,0.1,-2.1215,-0.334,0.11499999999999999,311.773,0.1,-2.0505,-0.164,0.14200000000000002,311.792,0.1,-2.0490000000000004,-0.0895,0.0295,311.799,0.1,-2.1385,0.131,-0.017,311.789,0.1,-2.2264999999999997,0.3325,-0.1185,311.773,0.1,-2.3165,0.5435,-0.164,311.738,0.1,-2.409,0.54,-0.14100000000000001,311.756,0.1,-2.4255,0.4275,-0.216,311.737,0.1,-2.3505000000000003,0.392,-0.198,311.71,0.1,-2.2385,0.35750000000000004,-0.1185,311.753,0.1,-2.154,0.4225,-0.2835,311.758,0.1,-2.1319999999999997,0.6325000000000001,-0.4295,311.741,0.1,-2.1544999999999996,0.736,-0.389,311.715,0.1,-2.1079999999999997,0.7765,0.018,311.693,0.1,
-2.243,-0.6205,-0.083,311.681,0.101,-2.3019999999999996,-0.438,0.0805,311.707,0.1,-2.3365,-0.324,0.149,311.731,0.101,-2.326,-0.16849999999999998,0.1115,311.76,0.101,-2.3105,-0.0315,-0.051500000000000004,311.759,0.101,-2.327,0.0905,-0.137,311.721,0.1,-2.3405,0.11699999999999999,-0.083,311.728,0.1,-2.3235,0.2445,-0.1395,311.734,0.1,-2.2605,0.368,-0.078,311.767,0.1,-2.1005,0.3085,-0.079,311.773,0.1,-1.9304999999999999,0.4135,-0.0655,311.771,0.1,-1.8940000000000001,0.5025,-0.026000000000000002,311.793,0.1,-1.9874999999999998,0.452,-0.2165,311.806,0.1,-2.057,0.581,-0.382,311.799,0.1,-2.025,0.646,-0.502,311.699,0.1,-2.007,0.759,-0.117,311.672,0.1,
-2.2685,-0.6094999999999999,-0.185,311.665,0.101,-2.2965,-0.44499999999999995,-0.08549999999999999,311.687,0.1,-2.3354999999999997,-0.39549999999999996,-0.053500000000000006,311.707,0.101,-2.344,-0.2505,-0.067,311.739,0.101,-2.258,-0.13999999999999999,-0.1865,311.753,0.1,-2.1675,-0.12,-0.314,311.704,0.1,-2.1825,-0.11499999999999999,-0.1575,311.708,0.101,-2.192,-0.013000000000000005,-0.136,311.719,0.1,-2.1055,0.235,-0.015,311.746,0.1,-1.98,0.274,0.0215,311.768,0.1,-1.9495,0.489,0.033,311.778,0.1,-2.0385,0.577,-0.017,311.769,0.1,-2.1265,0.3785,-0.174,311.769,0.1,-2.104,0.444,-0.316,311.752,0.1,-2.0265,0.5974999999999999,-0.353,311.742,0.1,-2.0255,0.769,-0.1565,311.67,0.1,
-2.1635,-0.6225,-0.2195,311.711,0.1,-2.1165000000000003,-0.5589999999999999,-0.2375,311.718,0.1,-2.082,-0.5740000000000001,-0.261,311.715,0.101,-2.101,-0.4275,-0.186,311.735,0.101,-2.044,-0.34299999999999997,-0.196,311.753,0.1,-1.9405000000000001,-0.236,-0.262,311.759,0.1,-1.969,-0.06899999999999999,-0.14350000000000002,311.715,0.101,-2.0455,0.017999999999999995,-0.07300000000000001,311.701,0.101,-2.0365,0.25,0.017,311.721,0.1,-2.0175,0.279,-0.010499999999999999,311.748,0.1,-2.101,0.379,-0.079,311.733,0.1,-2.1975,0.35500000000000004,-0.0645,311.727,0.1,-2.167,0.20099999999999998,-0.184,311.737,0.1,-2.0745,0.401,-0.3055,311.732,0.1,-2.045,0.584,-0.272,311.717,0.1,-2.033,0.6719999999999999,-0.1485,311.684,0.1,
-2.0785,-0.6965,-0.194,311.773,0.1,-1.9795,-0.73,-0.2825,311.767,0.101,-1.8784999999999998,-0.7290000000000001,-0.2895,311.739,0.102,-1.862,-0.565,-0.16999999999999998,311.74,0.102,-1.8495,-0.4375,-0.1185,311.771,0.1,-1.851,-0.17149999999999999,-0.1585,311.779,0.1,-1.927,0.08600000000000001,-0.0555,311.724,0.1,-2.0164999999999997,0.11599999999999999,0.0175,311.707,0.101,-2.0709999999999997,0.249,0.034,311.71,0.1,-2.0709999999999997,0.194,-0.04,311.738,0.1,-2.056,0.1315,-0.209,311.714,0.1,-2.0555000000000003,0.119,-0.1885,311.712,0.1,-2.0540000000000003,0.1655,-0.295,311.73,0.1,-2.0845000000000002,0.4565,-0.312,311.718,0.1,-2.0945,0.55,-0.2405,311.701,0.1,-2.032,0.5934999999999999,-0.197,311.694,0.1,
-2.061,-0.75,-0.1285,311.778,0.1,-1.948,-0.819,-0.144,311.81,0.101,-1.8525,-0.779,-0.1045,311.787,0.102,-1.8535,-0.602,-0.103,311.75,0.102,-1.904,-0.433,-0.083,311.768,0.1,-1.9529999999999998,-0.108,-0.1965,311.723,0.1,-1.9895,0.131,-0.0905,311.69,0.1,-2.023,0.127,-0.0215,311.709,0.1,-2.0575,0.213,0.0,311.712,0.1,-1.9965000000000002,0.116,-0.016,311.735,0.1,-1.85,0.006,-0.14600000000000002,311.748,0.1,-1.8005,0.074,-0.22049999999999997,311.736,0.1,-1.8735,0.229,-0.23099999999999998,311.739,0.1,-1.956,0.491,-0.257,311.73,0.1,-1.981,0.52,-0.247,311.717,0.1,-1.9780000000000002,0.594,-0.21,311.698,0.1,
-2.1015,-0.748,0.0175,311.907,0.1,-2.0885,-0.588,0.092,311.905,0.1,-2.114,-0.41100000000000003,0.123,311.915,0.1,-2.1645,-0.2865,0.1735,311.896,0.1,-2.1965,-0.3045,0.1185,311.92,0.1,-2.1935000000000002,-0.1905,-0.0535,311.919,0.1,-2.1485000000000003,0.069,-0.1965,311.898,0.1,-2.1285,0.23149999999999998,-0.1455,311.844,0.1,-2.1375,0.054,-0.014,311.844,0.1,-2.0655,-0.1395,0.028,311.868,0.1,-1.991,-0.125,0.0005,311.891,0.1,-2.0255,0.009999999999999998,-0.041,311.878,0.1,-2.0515,-0.029,-0.1585,311.881,0.1,-1.954,0.14150000000000001,-0.106,311.869,0.1,-1.776,0.047,0.0305,311.864,0.1,-1.682,0.104,0.1245,311.873,0.1,
-2.1870000000000003,-0.7175,-0.028499999999999998,311.903,0.1,-2.2265,-0.518,0.064,311.909,0.1,-2.274,-0.4145,0.1095,311.894,0.1,-2.2720000000000002,-0.39349999999999996,0.138,311.866,0.1,-2.2115,-0.3145,0.0325,311.894,0.1,-2.168,-0.08299999999999999,-0.16449999999999998,311.887,0.1,-2.185,0.239,-0.13,311.867,0.1,-2.1955,0.21999999999999997,-0.063,311.844,0.1,-2.1559999999999997,0.0605,0.024,311.831,0.1,-2.1105,-0.012500000000000004,0.1175,311.843,0.1,-2.1155,0.036000000000000004,0.128,311.866,0.1,-2.0965,0.0965,-0.027,311.853,0.1,-1.992,0.0085,-0.26949999999999996,311.852,0.1,-1.8719999999999999,0.182,-0.1775,311.831,0.1,-1.7974999999999999,0.117,-0.053500000000000006,311.835,0.1,-1.8679999999999999,0.2375,0.0365,311.836,0.1,
-2.3685,-0.6285000000000001,-0.222,311.876,0.1,-2.4059999999999997,-0.42100000000000004,-0.133,311.869,0.1,-2.4,-0.40700000000000003,-0.0475,311.848,0.1,-2.3385,-0.45699999999999996,-0.0315,311.842,0.1,-2.252,-0.3095,-0.1285,311.848,0.1,-2.2175000000000002,-0.063,-0.28400000000000003,311.832,0.1,-2.2805,0.23099999999999998,-0.10350000000000001,311.816,0.1,-2.295,0.13849999999999998,-0.023,311.809,0.1,-2.2065,0.1155,0.0335,311.812,0.1,-2.141,0.1285,0.1,311.82,0.1,-2.1325,0.1585,0.1495,311.834,0.1,-2.0705,0.196,0.081,311.862,0.1,-1.9549999999999998,0.162,-0.138,311.885,0.1,-1.9249999999999998,0.2955,-0.1845,311.822,0.1,-1.996,0.203,-0.1235,311.822,0.1,-2.042,0.21399999999999997,-0.0495,311.824,0.1,
-2.419,-0.6005,-0.394,311.854,0.1,-2.4314999999999998,-0.369,-0.34099999999999997,311.84,0.1,-2.3705,-0.4135,-0.2205,311.835,0.1,-2.2889999999999997,-0.4815,-0.198,311.833,0.1,-2.2175000000000002,-0.257,-0.2205,311.817,0.1,-2.1865,-0.0785,-0.3025,311.79,0.1,-2.237,0.0695,-0.10450000000000001,311.771,0.1,-2.2575000000000003,-0.010000000000000002,-0.0445,311.786,0.1,-2.202,0.14450000000000002,-0.0515,311.803,0.1,-2.1239999999999997,0.262,-0.042499999999999996,311.816,0.1,-2.0745,0.28,0.011,311.824,0.1,-2.085,0.26849999999999996,0.0915,311.851,0.1,-2.143,0.3055,0.091,311.894,0.1,-2.2115,0.4175,-0.0375,311.824,0.1,-2.1675,0.21,-0.0635,311.824,0.1,-1.9385,0.06099999999999999,-0.07400000000000001,311.822,0.1,
-2.262,-0.7095,-0.429,311.867,0.1,-2.194,-0.4225,-0.3765,311.861,0.1,-2.0785,-0.4655,-0.20700000000000002,311.883,0.1,-2.0215,-0.5225,-0.16949999999999998,311.894,0.1,-2.005,-0.202,-0.1595,311.866,0.1,-1.957,-0.0445,-0.23399999999999999,311.833,0.1,-1.9615,-0.043,-0.1455,311.788,0.1,-2.051,-0.139,-0.098,311.802,0.1,-2.1365,0.1385,-0.157,311.803,0.1,-2.157,0.4015,-0.20400000000000001,311.807,0.1,-2.1425,0.395,-0.16,311.813,0.1,-2.186,0.2825,-0.0665,311.819,0.1,-2.2889999999999997,0.344,0.087,311.818,0.1,-2.268,0.42600000000000005,0.096,311.801,0.1,-2.012,0.11449999999999999,0.0165,311.816,0.1,-1.686,0.004999999999999999,-0.10200000000000001,311.813,0.1,
-2.0454999999999997,-0.859,-0.28200000000000003,311.899,0.1,-1.944,-0.569,-0.2355,311.874,0.1,-1.8185,-0.52,-0.06,311.899,0.1,-1.784,-0.5625,-0.023,311.937,0.1,-1.84,-0.2545,-0.0065,311.918,0.1,-1.844,-0.07550000000000001,-0.0665,311.904,0.1,-1.8225,-0.1045,-0.1335,311.845,0.1,-1.9175,-0.226,-0.1935,311.839,0.1,-2.098,0.0675,-0.27749999999999997,311.818,0.1,-2.2279999999999998,0.41800000000000004,-0.323,311.802,0.1,-2.2305,0.3675,-0.281,311.8,0.1,-2.178,0.1965,-0.212,311.81,0.1,-2.182,0.316,-0.047,311.803,0.1,-2.1185,0.332,0.1015,311.785,0.1,-1.876,0.0365,0.026000000000000002,311.812,0.1,-1.6684999999999999,0.15150000000000002,-0.154,311.817,0.1,
-1.998,-0.908,-0.058499999999999996,311.897,0.1,-1.9609999999999999,-0.7270000000000001,-0.111,311.834,0.1,-1.9045,-0.5155000000000001,-0.041,311.841,0.1,-1.847,-0.5655,-0.003,311.886,0.1,-1.8415,-0.45199999999999996,0.038,311.872,0.1,-1.8415,-0.335,0.0305,311.861,0.1,-1.825,-0.283,-0.0565,311.862,0.1,-1.8975,-0.3135,-0.2245,311.864,0.1,-2.066,-0.052500000000000005,-0.308,311.828,0.1,-2.1630000000000003,0.273,-0.2645,311.806,0.1,-2.0905,0.2525,-0.2065,311.806,0.1,-1.973,0.099,-0.2365,311.805,0.1,-1.949,0.281,-0.14450000000000002,311.786,0.1,-1.9375,0.21650000000000003,0.051000000000000004,311.769,0.1,-1.877,0.1025,0.014499999999999999,311.821,0.1,-1.865,0.362,-0.14350000000000002,311.845,0.1,
-2.1405,-0.9299999999999999,0.0275,311.865,0.101,-2.0915,-0.8734999999999999,-0.1245,311.823,0.102,-2.05,-0.5235000000000001,-0.18,311.791,0.1,-1.956,-0.5735,-0.0985,311.829,0.1,-1.865,-0.6665,-0.081,311.821,0.1,-1.8175,-0.648,-0.1735,311.806,0.1,-1.812,-0.47850000000000004,-0.122,311.825,0.1,-1.8465,-0.3245,-0.165,311.838,0.1,-1.8925,-0.1015,-0.1455,311.82,0.1,-1.926,0.149,-0.075,311.817,0.1,-1.9095,0.232,0.006,311.835,0.1,-1.8365,0.0965,-0.128,311.83,0.1,-1.8035,0.228,-0.145,311.765,0.1,-1.8504999999999998,0.112,0.009000000000000001,311.763,0.1,-1.912,0.274,0.0225,311.831,0.1,-1.8845,0.4635,-0.029,311.849,0.1,
-2.1239999999999997,-1.0635,-0.009000000000000001,311.868,0.1,-2.0564999999999998,-1.044,-0.156,311.859,0.101,-1.9745,-0.6735,-0.2695,311.782,0.1,-1.849,-0.628,-0.132,311.849,0.1,-1.767,-0.7595000000000001,-0.162,311.867,0.1,-1.7345000000000002,-0.7364999999999999,-0.39449999999999996,311.793,0.1,-1.749,-0.4565,-0.3125,311.774,0.1,-1.8050000000000002,-0.152,-0.1625,311.778,0.1,-1.8475000000000001,-0.023499999999999997,-0.0195,311.801,0.1,-1.905,0.133,0.008,311.811,0.1,-2.0055,0.2635,0.1,311.831,0.1,-2.0535,0.079,-0.0195,311.843,0.1,-2.02,0.105,-0.139,311.752,0.1,-1.987,0.0645,-0.078,311.779,0.1,-1.951,0.41000000000000003,0.051000000000000004,311.796,0.1,-1.8505,0.487,0.077,311.788,0.1,
-1.845,-1.232,-0.004,311.897,0.1,-1.823,-1.1764999999999999,-0.0285,311.921,0.1,-1.7475,-0.9045,-0.1365,311.827,0.1,-1.616,-0.7270000000000001,-0.016,311.885,0.1,-1.5745,-0.7525,-0.08099999999999999,311.911,0.1,-1.621,-0.6114999999999999,-0.23399999999999999,311.866,0.1,-1.71,-0.28300000000000003,-0.306,311.807,0.1,-1.854,0.07600000000000001,-0.196,311.766,0.1,-1.997,0.085,-0.08,311.794,0.1,-2.1435000000000004,0.09699999999999999,-0.1225,311.782,0.1,-2.2885,0.14100000000000001,-0.062,311.756,0.1,-2.2745,-0.063,-0.096,311.771,0.1,-2.0815,-0.033499999999999995,-0.2565,311.753,0.1,-1.931,0.0945,-0.292,311.76,0.1,-1.9155,0.4065,-0.0595,311.742,0.1,-1.8584999999999998,0.46199999999999997,0.1095,311.733,0.1,
-1.7200000000000002,-1.2774999999999999,-0.003,311.84,0.101,-1.7455,-1.1560000000000001,0.122,311.888,0.1,-1.7385000000000002,-1.0099999999999998,0.1075,311.856,0.1,-1.65,-0.8175,0.1345,311.88,0.1,-1.627,-0.6985,0.012,311.876,0.1,-1.729,-0.4575,-0.019,311.856,0.1,-1.8435,-0.2625,-0.115,311.83,0.1,-1.9685000000000001,0.04000000000000001,-0.1545,311.781,0.1,-2.1100000000000003,0.0625,-0.135,311.806,0.1,-2.1755,-0.04100000000000001,-0.2225,311.767,0.1,-2.106,-0.0535,-0.214,311.732,0.1,-1.9609999999999999,-0.128,-0.132,311.8,0.1,-1.8584999999999998,-0.0775,-0.2945,311.804,0.1,-1.8405,0.14200000000000002,-0.4345,311.768,0.1,-1.87,0.3005,-0.397,311.723,0.1,-1.8175,0.39049999999999996,0.0275,311.704,0.1,
-1.8535,-1.212,-0.0875,311.723,0.102,-1.9055,-1.0514999999999999,0.0795,311.767,0.1,-1.9340000000000002,-0.998,0.149,311.796,0.101,-1.9,-0.863,0.1105,311.841,0.101,-1.8864999999999998,-0.6545000000000001,-0.0605,311.833,0.101,-1.9495,-0.483,-0.1355,311.757,0.1,-2.0025,-0.5105,-0.057,311.761,0.1,-1.9965,-0.323,-0.119,311.773,0.1,-1.9355,-0.14250000000000002,-0.07,311.818,0.1,-1.7785,-0.194,-0.091,311.82,0.1,-1.6015000000000001,-0.059,-0.0885,311.819,0.1,-1.55,0.032,-0.032,311.854,0.1,-1.6395,-0.059500000000000004,-0.2135,311.872,0.1,-1.7175,0.092,-0.366,311.867,0.1,-1.7005,0.2015,-0.524,311.717,0.1,-1.722,0.393,-0.1165,311.699,0.1,
-1.8904999999999998,-1.1775,-0.1875,311.693,0.102,-1.8815,-1.06,-0.0825,311.729,0.1,-1.8815,-1.0735,-0.0445,311.763,0.101,-1.8795000000000002,-0.948,-0.053,311.82,0.102,-1.8145,-0.7355,-0.18,311.837,0.101,-1.769,-0.6759999999999999,-0.3235,311.741,0.101,-1.8375,-0.729,-0.1405,311.733,0.101,-1.8815,-0.6115,-0.1285,311.745,0.1,-1.8005,-0.3165,-0.013000000000000001,311.784,0.1,-1.6760000000000002,-0.25,0.0105,311.816,0.1,-1.6555,0.023,0.037000000000000005,311.831,0.1,-1.7475,0.1345,0.0029999999999999996,311.82,0.1,-1.827,-0.11499999999999999,-0.16,311.821,0.1,-1.8025,-0.0195,-0.31,311.799,0.1,-1.757,0.1665,-0.3655,311.791,0.1,-1.818,0.3815,-0.1515,311.7,0.1,
-1.76,-1.23,-0.2145,311.771,0.101,-1.677,-1.213,-0.23199999999999998,311.771,0.1,-1.6085,-1.263,-0.2545,311.771,0.101,-1.641,-1.108,-0.16549999999999998,311.81,0.102,-1.612,-0.9229999999999999,-0.1865,311.831,0.1,-1.5299999999999998,-0.7795000000000001,-0.27949999999999997,311.827,0.1,-1.6105,-0.6245,-0.15,311.752,0.102,-1.748,-0.557,-0.079,311.728,0.102,-1.7605,-0.303,0.019,311.757,0.1,-1.7555,-0.247,-0.011,311.793,0.1,-1.867,-0.091,-0.059000000000000004,311.762,0.1,-1.9609999999999999,-0.089,-0.028,311.754,0.1,-1.903,-0.26749999999999996,-0.1735,311.776,0.1,-1.8195000000000001,-0.0385,-0.312,311.768,0.1,-1.8359999999999999,0.14,-0.274,311.751,0.1,-1.8315000000000001,0.20700000000000002,-0.14100000000000001,311.707,0.1,
-1.6895,-1.327,-0.184,311.866,0.1,-1.568,-1.388,-0.2815,311.847,0.102,-1.4489999999999998,-1.405,-0.2925,311.805,0.103,-1.4289999999999998,-1.209,-0.16,311.805,0.103,-1.412,-1.008,-0.1155,311.847,0.1,-1.4155,-0.702,-0.16949999999999998,311.86,0.1,-1.532,-0.427,-0.0545,311.782,0.1,-1.684,-0.42500000000000004,0.019,311.755,0.101,-1.7814999999999999,-0.2655,0.046,311.753,0.1,-1.7930000000000001,-0.317,-0.029500000000000002,311.78,0.1,-1.7810000000000001,-0.3445,-0.207,311.735,0.1,-1.7890000000000001,-0.315,-0.183,311.736,0.1,-1.8075,-0.3005,-0.3075,311.765,0.1,-1.8735,-0.023,-0.316,311.742,0.1,-1.8835,0.0435,-0.2375,311.719,0.1,-1.766,0.08,-0.203,311.717,0.1,
-1.7085,-1.381,-0.1215,311.867,0.1,-1.5899999999999999,-1.465,-0.1455,311.908,0.102,-1.4905,-1.442,-0.105,311.873,0.104,-1.4740000000000002,-1.221,-0.1035,311.809,0.103,-1.5005000000000002,-0.993,-0.0785,311.841,0.1,-1.537,-0.63,-0.2,311.785,0.1,-1.5870000000000002,-0.374,-0.08,311.747,0.1,-1.6675,-0.401,-0.0105,311.767,0.1,-1.759,-0.277,0.014,311.754,0.1,-1.7145,-0.386,-0.0125,311.778,0.1,-1.564,-0.469,-0.16549999999999998,311.796,0.1,-1.529,-0.343,-0.251,311.775,0.1,-1.6125,-0.246,-0.247,311.775,0.1,-1.677,-0.033,-0.2595,311.757,0.1,-1.671,-0.024,-0.2475,311.749,0.1,-1.6615,0.079,-0.2115,311.735,0.1,
-1.776,-1.329,0.0135,311.949,0.1,-1.7570000000000001,-1.2000000000000002,0.093,311.937,0.1,-1.7865,-0.9784999999999999,0.127,311.943,0.1,-1.8515,-0.7765,0.184,311.916,0.1,-1.8995,-0.7635000000000001,0.11499999999999999,311.951,0.1,-1.9275,-0.6105,-0.068,311.953,0.1,-1.9144999999999999,-0.317,-0.216,311.929,0.1,-1.9104999999999999,-0.104,-0.1465,311.862,0.1,-1.918,-0.3015,-0.008,311.865,0.1,-1.819,-0.5515,0.023,311.893,0.1,-1.7235,-0.5545,-0.0095,311.921,0.1,-1.7785000000000002,-0.379,-0.038,311.904,0.1,-1.8285,-0.4145,-0.163,311.905,0.1,-1.7085,-0.237,-0.111,311.886,0.1,-1.4815,-0.373,0.014499999999999999,311.879,0.1,-1.3735,-0.291,0.11399999999999999,311.897,0.1,
-1.8610000000000002,-1.283,-0.0315,311.949,0.1,-1.904,-1.0675,0.0685,311.95,0.1,-1.964,-0.9345,0.1115,311.923,0.1,-1.9665,-0.8939999999999999,0.14,311.884,0.1,-1.907,-0.7835000000000001,0.026,311.922,0.1,-1.891,-0.495,-0.181,311.915,0.1,-1.9540000000000002,-0.1135,-0.1295,311.893,0.1,-1.993,-0.11449999999999999,-0.063,311.869,0.1,-1.951,-0.29200000000000004,0.014499999999999999,311.854,0.1,-1.8820000000000001,-0.393,0.10750000000000001,311.867,0.1,-1.8735,-0.35250000000000004,0.1225,311.896,0.1,-1.8584999999999998,-0.2785,-0.032,311.876,0.1,-1.7475,-0.39849999999999997,-0.292,311.871,0.1,-1.6019999999999999,-0.195,-0.18,311.845,0.1,-1.509,-0.2625,-0.0635,311.854,0.1,-1.5985,-0.097,0.0325,311.859,0.1,
-2.0865,-1.1195,-0.225,311.916,0.1,-2.1515,-0.8835,-0.135,311.905,0.1,-2.1555,-0.886,-0.0545,311.871,0.1,-2.0825,-0.964,-0.037500000000000006,311.857,0.1,-1.992,-0.7815000000000001,-0.135,311.862,0.1,-1.9835,-0.48450000000000004,-0.297,311.844,0.1,-2.085,-0.1285,-0.0885,311.829,0.1,-2.1079999999999997,-0.224,-0.018000000000000002,311.83,0.1,-1.9905,-0.24,0.025500000000000002,311.837,0.1,-1.8915000000000002,-0.22399999999999998,0.089,311.848,0.1,-1.8745,-0.198,0.14400000000000002,311.863,0.1,-1.8175,-0.174,0.0795,311.896,0.1,-1.7,-0.25,-0.156,311.924,0.1,-1.676,-0.064,-0.186,311.842,0.1,-1.771,-0.1535,-0.1305,311.843,0.1,-1.8250000000000002,-0.137,-0.052,311.843,0.1,
-2.1625,-1.0514999999999999,-0.3955,311.893,0.1,-2.2075,-0.8145,-0.3495,311.871,0.1,-2.1470000000000002,-0.9165,-0.23149999999999998,311.859,0.1,-2.0575,-1.015,-0.206,311.851,0.1,-1.992,-0.7355,-0.2275,311.829,0.1,-1.9740000000000002,-0.535,-0.317,311.795,0.1,-2.031,-0.36,-0.0895,311.779,0.1,-2.031,-0.4445,-0.0325,311.808,0.1,-1.9380000000000002,-0.229,-0.052,311.831,0.1,-1.8395000000000001,-0.0665,-0.0585,311.848,0.1,-1.8025,-0.049999999999999996,-0.006999999999999999,311.855,0.1,-1.835,-0.098,0.091,311.887,0.1,-1.915,-0.08399999999999999,0.0955,311.945,0.1,-2.021,0.0745,-0.035500000000000004,311.851,0.1,-1.9845000000000002,-0.1885,-0.07200000000000001,311.847,0.1,-1.6989999999999998,-0.3785,-0.08499999999999999,311.841,0.1,
-1.9785,-1.1995,-0.427,311.922,0.1,-1.9055,-0.913,-0.3825,311.906,0.1,-1.7675,-1.018,-0.212,311.931,0.1,-1.7175,-1.099,-0.174,311.945,0.1,-1.725,-0.7064999999999999,-0.16,311.91,0.1,-1.67,-0.5315000000000001,-0.248,311.867,0.1,-1.6465,-0.522,-0.14,311.811,0.1,-1.7235,-0.62,-0.08149999999999999,311.834,0.1,-1.822,-0.2465,-0.1475,311.835,0.1,-1.874,0.0925,-0.2145,311.838,0.1,-1.8944999999999999,0.074,-0.173,311.843,0.1,-1.964,-0.096,-0.0695,311.853,0.1,-2.0904999999999996,-0.028499999999999998,0.1,311.851,0.1,-2.0645,0.068,0.10450000000000001,311.821,0.1,-1.7395,-0.3625,0.010499999999999999,311.837,0.1,-1.339,-0.48950000000000005,-0.1205,311.831,0.1,
-1.717,-1.421,-0.2835,311.972,0.1,-1.595,-1.104,-0.2375,311.931,0.1,-1.4375,-1.077,-0.062,311.96,0.1,-1.404,-1.1600000000000001,-0.027000000000000003,312.011,0.1,-1.4865,-0.7989999999999999,0.0055,311.99,0.1,-1.4895,-0.573,-0.0625,311.973,0.1,-1.444,-0.5745,-0.127,311.89,0.1,-1.5474999999999999,-0.6985,-0.1795,311.881,0.1,-1.7850000000000001,-0.329,-0.2605,311.856,0.1,-1.9825,0.085,-0.3185,311.833,0.1,-2.0125,-0.0015000000000000013,-0.284,311.83,0.1,-1.9485000000000001,-0.2275,-0.2135,311.845,0.1,-1.948,-0.0595,-0.0395,311.833,0.1,-1.8615,-0.0585,0.11199999999999999,311.798,0.1,-1.552,-0.477,0.020999999999999998,311.832,0.1,-1.3119999999999998,-0.3145,-0.1725,311.84,0.1,
-1.627,-1.5135,-0.0675,311.972,0.1,-1.6115,-1.2885,-0.115,311.885,0.1,-1.5514999999999999,-1.0394999999999999,-0.0465,311.893,0.1,-1.4714999999999998,-1.154,-0.0105,311.957,0.1,-1.4675,-1.023,0.054,311.938,0.1,-1.487,-0.832,0.0505,311.92,0.1,-1.4855,-0.74,-0.041,311.913,0.1,-1.5855000000000001,-0.7789999999999999,-0.2165,311.913,0.1,-1.803,-0.4945,-0.2955,311.869,0.1,-1.9260000000000002,-0.13699999999999998,-0.2535,311.842,0.1,-1.8250000000000002,-0.187,-0.2075,311.838,0.1,-1.6755,-0.37,-0.245,311.834,0.1,-1.664,-0.10900000000000001,-0.1485,311.806,0.1,-1.664,-0.2025,0.06,311.782,0.1,-1.5915,-0.3715,0.006,311.852,0.1,-1.587,-0.0505,-0.1545,311.88,0.1,
-1.7334999999999998,-1.5535,0.020999999999999998,311.934,0.101,-1.7309999999999999,-1.4609999999999999,-0.1265,311.876,0.103,-1.7085,-1.033,-0.1855,311.839,0.1,-1.5899999999999999,-1.1465,-0.107,311.897,0.1,-1.502,-1.2254999999999998,-0.07450000000000001,311.883,0.1,-1.4935,-1.14,-0.16799999999999998,311.852,0.1,-1.5154999999999998,-0.9545,-0.11599999999999999,311.867,0.1,-1.5605,-0.8089999999999999,-0.167,311.883,0.1,-1.6025,-0.5965,-0.144,311.86,0.1,-1.6155,-0.31399999999999995,-0.07,311.857,0.1,-1.5815000000000001,-0.21500000000000002,0.006,311.878,0.1,-1.5215,-0.375,-0.1405,311.868,0.1,-1.5285,-0.1815,-0.154,311.784,0.1,-1.607,-0.333,0.0095,311.785,0.1,-1.682,-0.1395,0.007000000000000001,311.87,0.1,-1.6495000000000002,0.0605,-0.0395,311.884,0.1,
-1.6804999999999999,-1.7285,-0.009000000000000001,311.947,0.1,-1.6545,-1.672,-0.1515,311.937,0.102,-1.589,-1.222,-0.2695,311.84,0.1,-1.444,-1.1935,-0.139,311.934,0.1,-1.3904999999999998,-1.2919999999999998,-0.166,311.949,0.1,-1.4140000000000001,-1.251,-0.4085,311.836,0.1,-1.4395,-0.9735,-0.326,311.807,0.1,-1.472,-0.6425000000000001,-0.17049999999999998,311.806,0.1,-1.49,-0.526,-0.020499999999999997,311.837,0.1,-1.5565,-0.3195,0.008,311.849,0.1,-1.708,-0.137,0.109,311.875,0.1,-1.8135,-0.3725,-0.0145,311.893,0.1,-1.8130000000000002,-0.326,-0.143,311.776,0.1,-1.791,-0.398,-0.092,311.811,0.1,-1.751,0.015499999999999998,0.0445,311.823,0.1,-1.6204999999999998,0.07250000000000001,0.064,311.805,0.1,
-1.3835,-1.9425,-0.005,311.995,0.1,-1.4075,-1.847,-0.025500000000000002,312.024,0.1,-1.354,-1.5314999999999999,-0.1375,311.904,0.1,-1.2005,-1.3205,-0.0235,311.979,0.1,-1.1665,-1.306,-0.0935,312.0,0.1,-1.2429999999999999,-1.1785,-0.247,311.933,0.1,-1.337,-0.8400000000000001,-0.3225,311.855,0.1,-1.4834999999999998,-0.402,-0.2,311.796,0.1,-1.6564999999999999,-0.3965,-0.079,311.836,0.1,-1.8719999999999999,-0.345,-0.12,311.814,0.1,-2.0854999999999997,-0.254,-0.047,311.78,0.1,-2.085,-0.5245,-0.0895,311.805,0.1,-1.8635,-0.497,-0.264,311.781,0.1,-1.6925,-0.382,-0.3095,311.781,0.1,-1.6760000000000002,-0.005500000000000001,-0.045,311.749,0.1,-1.599,0.0555,0.1105,311.739,0.1,
-1.2734999999999999,-1.9549999999999998,-0.008,311.923,0.101,-1.3315000000000001,-1.8175,0.118,311.984,0.1,-1.355,-1.6855,0.1,311.938,0.1,-1.249,-1.471,0.1245,311.968,0.1,-1.205,-1.307,-0.006500000000000001,311.954,0.1,-1.319,-1.0455,-0.0205,311.923,0.1,-1.4605000000000001,-0.858,-0.1115,311.888,0.1,-1.6215000000000002,-0.4625,-0.14300000000000002,311.823,0.1,-1.812,-0.4155,-0.127,311.856,0.1,-1.9264999999999999,-0.5095000000000001,-0.2225,311.797,0.1,-1.8624999999999998,-0.4995,-0.2215,311.753,0.1,-1.6844999999999999,-0.614,-0.14400000000000002,311.847,0.1,-1.5635,-0.5774999999999999,-0.3005,311.85,0.1,-1.549,-0.349,-0.4395,311.796,0.1,-1.5855000000000001,-0.1355,-0.396,311.731,0.1,-1.5275,0.0045000000000000005,0.041999999999999996,311.715,0.1,
-1.4645000000000001,-1.8035,-0.0935,311.766,0.102,-1.5085,-1.6655,0.0765,311.827,0.1,-1.531,-1.6715,0.147,311.861,0.102,-1.474,-1.557,0.10550000000000001,311.923,0.102,-1.4620000000000002,-1.2774999999999999,-0.07100000000000001,311.907,0.102,-1.5710000000000002,-1.056,-0.1295,311.793,0.101,-1.6640000000000001,-1.138,-0.027499999999999997,311.794,0.1,-1.669,-0.89,-0.0975,311.811,0.1,-1.6095000000000002,-0.6525,-0.0615,311.868,0.1,-1.456,-0.6965,-0.0985,311.868,0.1,-1.2725,-0.532,-0.111,311.866,0.1,-1.2055,-0.4385,-0.0435,311.914,0.1,-1.291,-0.5715,-0.2115,311.939,0.1,-1.3775,-0.398,-0.3515,311.934,0.1,-1.3755000000000002,-0.244,-0.543,311.736,0.1,-1.4375,0.026999999999999996,-0.10550000000000001,311.725,0.1,
-1.512,-1.7455,-0.1885,311.72,0.103,-1.4655,-1.6749999999999998,-0.0785,311.772,0.1,-1.427,-1.751,-0.0345,311.818,0.101,-1.4144999999999999,-1.646,-0.040999999999999995,311.902,0.102,-1.3705,-1.331,-0.17149999999999999,311.92,0.101,-1.3705,-1.2325,-0.33,311.779,0.101,-1.4925000000000002,-1.3425,-0.1175,311.759,0.101,-1.5710000000000002,-1.21,-0.1185,311.77,0.1,-1.495,-0.8674999999999999,-0.013000000000000001,311.821,0.1,-1.3715,-0.774,-0.0005,311.864,0.1,-1.362,-0.4435,0.036500000000000005,311.884,0.1,-1.4569999999999999,-0.308,0.016,311.872,0.1,-1.5274999999999999,-0.609,-0.148,311.874,0.1,-1.501,-0.48350000000000004,-0.3015,311.847,0.1,-1.4874999999999998,-0.265,-0.375,311.84,0.1,-1.611,-0.006500000000000006,-0.14350000000000002,311.729,0.1,
-1.3575,-1.838,-0.2085,311.832,0.101,-1.238,-1.867,-0.2265,311.823,0.1,-1.1349999999999998,-1.9525,-0.2455,311.827,0.102,-1.1815,-1.7885,-0.14500000000000002,311.885,0.102,-1.1805,-1.5030000000000001,-0.1745,311.908,0.1,-1.1195,-1.324,-0.294,311.894,0.1,-1.252,-1.179,-0.1555,311.789,0.103,-1.451,-1.132,-0.082,311.754,0.102,-1.4855,-0.8555,0.018000000000000002,311.793,0.1,-1.4945,-0.773,-0.012,311.838,0.1,-1.633,-0.5615,-0.0385,311.791,0.1,-1.7240000000000002,-0.5335,0.0065,311.781,0.1,-1.6395,-0.736,-0.161,311.816,0.1,-1.565,-0.47750000000000004,-0.3115,311.805,0.1,-1.6275,-0.304,-0.267,311.784,0.1,-1.6305,-0.2575,-0.135,311.73,0.1,
-1.3010000000000002,-1.958,-0.1735,311.958,0.1,-1.1575,-2.0460000000000003,-0.281,311.926,0.103,-1.0205,-2.0815,-0.2935,311.872,0.104,-0.9964999999999999,-1.853,-0.15,311.871,0.104,-0.9744999999999999,-1.5785,-0.1145,311.923,0.1,-0.9794999999999999,-1.233,-0.1765,311.94,0.1,-1.137,-0.94,-0.052000000000000005,311.839,0.1,-1.3519999999999999,-0.966,0.0225,311.802,0.102,-1.492,-0.7795000000000001,0.0545,311.797,0.1,-1.5145,-0.8280000000000001,-0.018000000000000002,311.822,0.1,-1.506,-0.82,-0.1975,311.756,0.1,-1.5230000000000001,-0.75,-0.1745,311.759,0.1,-1.561,-0.7665,-0.3155,311.801,0.1,-1.6625,-0.502,-0.311,311.766,0.1,-1.6725,-0.46299999999999997,-0.23099999999999998,311.736,0.1,-1.4995,-0.4335,-0.2095,311.74,0.1,
-1.3555000000000001,-2.012,-0.11349999999999999,311.955,0.101,-1.232,-2.111,-0.146,312.006,0.103,-1.1280000000000001,-2.105,-0.105,311.958,0.105,-1.094,-1.841,-0.103,311.868,0.104,-1.0975000000000001,-1.553,-0.076,311.913,0.1,-1.1215,-1.152,-0.20450000000000002,311.848,0.1,-1.1844999999999999,-0.88,-0.07,311.805,0.1,-1.312,-0.929,0.001,311.825,0.1,-1.46,-0.767,0.027500000000000004,311.797,0.1,-1.432,-0.888,-0.0055,311.822,0.1,-1.278,-0.943,-0.176,311.844,0.1,-1.258,-0.761,-0.27749999999999997,311.814,0.1,-1.3525,-0.721,-0.261,311.811,0.1,-1.398,-0.557,-0.26,311.783,0.1,-1.3599999999999999,-0.568,-0.249,311.782,0.1,-1.3445,-0.437,-0.212,311.772,0.1,
-1.4969999999999999,-1.689,0.013,312.044,0.1,-1.4740000000000002,-1.5935000000000001,0.0925,312.025,0.1,-1.4915,-1.408,0.1285,312.031,0.1,-1.5295,-1.18,0.191,312.027,0.1,-1.5514999999999999,-1.146,0.1085,312.061,0.1,-1.577,-0.9765,-0.08199999999999999,312.059,0.1,-1.5935000000000001,-0.736,-0.23349999999999999,312.01,0.1,-1.627,-0.579,-0.14200000000000002,311.913,0.1,-1.659,-0.7130000000000001,0.0005,311.916,0.1,-1.5819999999999999,-0.9365,0.0195,311.949,0.1,-1.483,-0.963,-0.020499999999999997,311.975,0.1,-1.5030000000000001,-0.8480000000000001,-0.0325,311.967,0.1,-1.531,-0.825,-0.161,311.973,0.1,-1.408,-0.632,-0.118,311.968,0.1,-1.1905000000000001,-0.7969999999999999,-0.011000000000000001,311.955,0.1,-1.09,-0.7495,0.0955,311.974,0.1,
-1.5645,-1.6395,-0.035,312.023,0.1,-1.6139999999999999,-1.4409999999999998,0.0675,312.025,0.1,-1.6600000000000001,-1.308,0.10550000000000001,312.009,0.1,-1.629,-1.245,0.1355,311.99,0.1,-1.549,-1.137,0.017499999999999998,312.031,0.1,-1.539,-0.849,-0.196,312.005,0.1,-1.6105,-0.5435,-0.1255,311.966,0.1,-1.638,-0.5954999999999999,-0.066,311.944,0.1,-1.5885,-0.737,0.0024999999999999996,311.918,0.1,-1.5265,-0.8109999999999999,0.0935,311.935,0.1,-1.5295,-0.7885,0.11149999999999999,311.993,0.1,-1.555,-0.7165,-0.032,311.974,0.1,-1.4785,-0.8425,-0.308,311.936,0.1,-1.3255,-0.631,-0.182,311.92,0.1,-1.218,-0.6779999999999999,-0.0785,311.935,0.1,-1.2815,-0.52,0.0215,311.951,0.1,
-1.7414999999999998,-1.4725000000000001,-0.2265,312.002,0.1,-1.8315000000000001,-1.2229999999999999,-0.137,311.984,0.1,-1.8370000000000002,-1.203,-0.0645,311.962,0.1,-1.7575,-1.2915,-0.041999999999999996,311.95,0.1,-1.675,-1.1360000000000001,-0.1345,311.955,0.1,-1.6735,-0.851,-0.302,311.906,0.1,-1.7530000000000001,-0.5575,-0.07,311.888,0.1,-1.736,-0.6739999999999999,-0.015,311.909,0.1,-1.5855000000000001,-0.703,0.0135,311.905,0.1,-1.463,-0.651,0.07050000000000001,311.916,0.1,-1.452,-0.6185,0.1345,311.961,0.1,-1.447,-0.5885,0.0815,312.021,0.1,-1.3785,-0.712,-0.1765,312.035,0.1,-1.3675000000000002,-0.539,-0.183,311.934,0.1,-1.4605000000000001,-0.5609999999999999,-0.135,311.923,0.1,-1.5065,-0.499,-0.054,311.93,0.1,
-1.779,-1.4024999999999999,-0.3905,312.003,0.1,-1.8505,-1.1455,-0.35,311.961,0.1,-1.816,-1.2355,-0.236,311.949,0.1,-1.7610000000000001,-1.3875,-0.202,311.929,0.1,-1.728,-1.149,-0.2225,311.913,0.1,-1.701,-0.961,-0.322,311.853,0.1,-1.7065000000000001,-0.7665,-0.07500000000000001,311.855,0.1,-1.675,-0.851,-0.0195,311.894,0.1,-1.5765,-0.6699999999999999,-0.0545,311.91,0.1,-1.4655,-0.4765,-0.078,311.912,0.1,-1.412,-0.45,-0.0305,311.926,0.1,-1.427,-0.5035000000000001,0.088,311.981,0.1,-1.5015,-0.5245,0.095,312.08,0.1,-1.6365,-0.3945,-0.027,311.974,0.1,-1.6485,-0.575,-0.077,311.938,0.1,-1.4115000000000002,-0.6964999999999999,-0.095,311.918,0.1,
-1.5990000000000002,-1.5539999999999998,-0.416,312.049,0.1,-1.5375,-1.267,-0.381,312.009,0.1,-1.4155000000000002,-1.387,-0.212,312.021,0.1,-1.38,-1.5375,-0.16899999999999998,312.029,0.1,-1.399,-1.182,-0.154,312.022,0.1,-1.347,-1.012,-0.262,311.972,0.1,-1.3155000000000001,-0.9175,-0.1335,311.904,0.1,-1.3904999999999998,-0.9949999999999999,-0.0615,311.928,0.1,-1.501,-0.6505000000000001,-0.133,311.934,0.1,-1.5594999999999999,-0.3035,-0.2205,311.914,0.1,-1.561,-0.32199999999999995,-0.1845,311.91,0.1,-1.5955,-0.505,-0.0715,311.908,0.1,-1.705,-0.446,0.11549999999999999,311.936,0.1,-1.7055,-0.372,0.11649999999999999,311.933,0.1,-1.4380000000000002,-0.7304999999999999,0.006500000000000001,311.933,0.1,-1.0955,-0.817,-0.1395,311.911,0.1,
-1.3745,-1.789,-0.27749999999999997,312.101,0.1,-1.23,-1.479,-0.238,312.043,0.1,-1.0659999999999998,-1.4795,-0.067,312.056,0.1,-1.021,-1.615,-0.0315,312.095,0.1,-1.0685,-1.2775,0.016,312.102,0.1,-1.0695000000000001,-1.0339999999999998,-0.0665,312.116,0.1,-1.081,-0.967,-0.1185,312.005,0.1,-1.2385000000000002,-1.0635,-0.1585,311.975,0.1,-1.499,-0.716,-0.23099999999999998,311.956,0.1,-1.6975,-0.3095,-0.304,311.922,0.1,-1.7135,-0.43199999999999994,-0.279,311.891,0.1,-1.6455000000000002,-0.678,-0.20500000000000002,311.877,0.1,-1.651,-0.501,-0.0215,311.869,0.1,-1.5819999999999999,-0.48749999999999993,0.124,311.875,0.1,-1.318,-0.859,0.0175,311.914,0.1,-1.1019999999999999,-0.6955,-0.191,311.925,0.1,
-1.2845,-1.8904999999999998,-0.0735,312.102,0.1,-1.2325,-1.6585,-0.119,312.009,0.1,-1.166,-1.429,-0.056999999999999995,312.002,0.1,-1.1105,-1.5619999999999998,-0.0235,312.041,0.1,-1.094,-1.4500000000000002,0.07,312.014,0.1,-1.084,-1.2115,0.0655,312.041,0.1,-1.108,-1.111,-0.0245,312.041,0.1,-1.265,-1.1375000000000002,-0.2015,312.016,0.1,-1.5095,-0.897,-0.27049999999999996,311.961,0.1,-1.6225,-0.5485,-0.23349999999999999,311.935,0.1,-1.518,-0.667,-0.20500000000000002,311.915,0.1,-1.4024999999999999,-0.8745,-0.244,311.878,0.1,-1.412,-0.5895,-0.145,311.838,0.1,-1.404,-0.6295,0.0695,311.85,0.1,-1.3325,-0.7909999999999999,-0.004999999999999999,311.926,0.1,-1.3130000000000002,-0.4855,-0.163,311.973,0.1,
-1.3445,-1.9100000000000001,0.0155,312.066,0.101,-1.339,-1.8050000000000002,-0.1245,312.003,0.103,-1.317,-1.395,-0.1905,311.953,0.1,-1.249,-1.505,-0.1175,311.992,0.1,-1.2095,-1.5939999999999999,-0.065,311.953,0.1,-1.1955,-1.4700000000000002,-0.153,311.919,0.1,-1.1935,-1.3315000000000001,-0.107,311.964,0.1,-1.2374999999999998,-1.1804999999999999,-0.1655,311.978,0.1,-1.2745,-1.039,-0.14100000000000001,311.947,0.1,-1.2565,-0.7729999999999999,-0.064,311.945,0.1,-1.2160000000000002,-0.7010000000000001,-0.0025,311.998,0.1,-1.1960000000000002,-0.8634999999999999,-0.1535,311.974,0.1,-1.2315,-0.6194999999999999,-0.16549999999999998,311.865,0.1,-1.3025,-0.7184999999999999,0.0075,311.86,0.1,-1.357,-0.5585,-0.0155,311.949,0.1,-1.3195000000000001,-0.389,-0.0505,311.969,0.1,
-1.2785,-2.0555000000000003,-0.0055,312.073,0.1,-1.2774999999999999,-1.9895,-0.137,312.072,0.101,-1.218,-1.5710000000000002,-0.2615,311.962,0.1,-1.0935000000000001,-1.5625,-0.1445,312.026,0.1,-1.0825,-1.6629999999999998,-0.164,312.047,0.1,-1.1395,-1.6275,-0.40249999999999997,311.903,0.1,-1.156,-1.4089999999999998,-0.334,311.89,0.1,-1.1575,-1.0625,-0.1765,311.879,0.1,-1.1400000000000001,-0.993,-0.0275,311.911,0.1,-1.155,-0.8200000000000001,0.008,311.922,0.1,-1.2745000000000002,-0.5665,0.108,312.007,0.1,-1.4125,-0.782,-0.01,312.033,0.1,-1.469,-0.6655,-0.1465,311.889,0.1,-1.475,-0.7384999999999999,-0.10850000000000001,311.882,0.1,-1.441,-0.356,0.0345,311.906,0.1,-1.31,-0.34750000000000003,0.0405,311.876,0.1,
-1.037,-2.2715,-0.005,312.103,0.1,-1.0670000000000002,-2.164,-0.0165,312.158,0.1,-1.0085000000000002,-1.8855,-0.1295,312.03,0.1,-0.8325,-1.7285,-0.0295,312.074,0.1,-0.775,-1.7414999999999998,-0.1005,312.098,0.1,-0.859,-1.626,-0.2525,312.034,0.1,-0.9750000000000001,-1.317,-0.3365,311.96,0.1,-1.127,-0.8645,-0.201,311.88,0.1,-1.2925,-0.8545,-0.079,311.91,0.1,-1.483,-0.8315,-0.113,311.882,0.1,-1.6764999999999999,-0.6205,-0.027999999999999997,311.884,0.1,-1.7195,-0.9035,-0.07550000000000001,311.913,0.1,-1.5675,-0.81,-0.263,311.875,0.1,-1.4295,-0.7575000000000001,-0.323,311.834,0.1,-1.4064999999999999,-0.357,-0.022500000000000003,311.815,0.1,-1.2959999999999998,-0.3255,0.10250000000000001,311.827,0.1,
-0.9675,-2.308,-0.0175,312.027,0.101,-0.9834999999999999,-2.1705,0.111,312.11,0.1,-0.9724999999999999,-2.0540000000000003,0.092,312.067,0.1,-0.8465,-1.8855,0.11099999999999999,312.084,0.1,-0.7775000000000001,-1.771,-0.025500000000000002,312.057,0.1,-0.8625,-1.4985,-0.0215,312.024,0.1,-0.9975,-1.317,-0.1085,312.006,0.1,-1.1680000000000001,-0.913,-0.1285,311.939,0.1,-1.3780000000000001,-0.8545,-0.11649999999999999,311.96,0.1,-1.5354999999999999,-0.964,-0.2125,311.894,0.1,-1.5225,-0.8674999999999999,-0.2165,311.822,0.1,-1.377,-1.045,-0.1535,311.922,0.1,-1.2610000000000001,-0.954,-0.299,311.944,0.1,-1.2585,-0.767,-0.4445,311.886,0.1,-1.33,-0.511,-0.382,311.751,0.1,-1.2770000000000001,-0.384,0.064,311.778,0.1,
-1.1175000000000002,-2.1675,-0.101,311.899,0.102,-1.1179999999999999,-2.0595,0.07050000000000001,311.949,0.1,-1.0885,-2.0460000000000003,0.14100000000000001,311.986,0.102,-1.0175,-1.9569999999999999,0.094,312.051,0.102,-1.0525,-1.697,-0.08349999999999999,312.038,0.101,-1.2069999999999999,-1.455,-0.11649999999999999,311.88,0.101,-1.278,-1.5575,0.0075,311.887,0.1,-1.238,-1.2730000000000001,-0.074,311.912,0.1,-1.1749999999999998,-1.061,-0.052000000000000005,311.975,0.1,-1.0705,-1.1604999999999999,-0.0995,311.968,0.1,-0.9359999999999999,-0.9525,-0.132,311.947,0.1,-0.8645,-0.903,-0.064,312.011,0.1,-0.9145,-0.9975,-0.2105,312.03,0.1,-1.0035,-0.776,-0.3385,312.076,0.1,-1.0859999999999999,-0.6255,-0.558,311.794,0.1,-1.2149999999999999,-0.4095,-0.0795,311.748,0.1,
-1.08,-2.0955,-0.1865,311.895,0.102,-1.054,-2.0629999999999997,-0.07250000000000001,311.912,0.1,-1.0,-2.1085000000000003,-0.0225,311.93,0.101,-0.963,-2.038,-0.032,312.022,0.102,-0.959,-1.701,-0.1595,312.06,0.101,-1.041,-1.5659999999999998,-0.333,311.861,0.101,-1.2015,-1.737,-0.0865,311.853,0.101,-1.2645,-1.5314999999999999,-0.10450000000000001,311.845,0.1,-1.162,-1.244,-0.0155,311.903,0.1,-1.0110000000000001,-1.259,-0.0115,311.933,0.1,-0.963,-0.8795,0.029,311.981,0.1,-1.032,-0.7085,0.018000000000000002,311.995,0.1,-1.1125,-1.0,-0.14,311.972,0.1,-1.1215000000000002,-0.8205,-0.29,311.936,0.1,-1.1600000000000001,-0.6445000000000001,-0.3795,311.932,0.1,-1.317,-0.441,-0.1305,311.797,0.1,
-0.9085000000000001,-2.1615,-0.202,312.019,0.101,-0.8415,-2.1945,-0.221,311.987,0.1,-0.782,-2.2685,-0.23249999999999998,311.938,0.102,-0.812,-2.1719999999999997,-0.125,311.99,0.102,-0.7969999999999999,-1.858,-0.158,312.026,0.1,-0.762,-1.6545,-0.3045,312.006,0.1,-0.936,-1.573,-0.16,311.864,0.103,-1.1515,-1.4569999999999999,-0.08,311.841,0.102,-1.1764999999999999,-1.2275,0.0125,311.885,0.1,-1.1625,-1.2305000000000001,-0.014499999999999999,311.926,0.1,-1.2445,-0.954,-0.0175,311.877,0.1,-1.3090000000000002,-0.8235,0.038,311.897,0.1,-1.274,-1.0705,-0.14700000000000002,311.917,0.1,-1.2635,-0.8525,-0.3015,311.861,0.1,-1.3405,-0.7264999999999999,-0.246,311.842,0.1,-1.319,-0.648,-0.131,311.822,0.1,
-0.9115,-2.2695,-0.162,312.126,0.1,-0.8095,-2.311,-0.2815,312.085,0.102,-0.7335,-2.3575,-0.292,311.996,0.104,-0.7244999999999999,-2.2255000000000003,-0.1395,311.971,0.103,-0.6875,-1.928,-0.11649999999999999,312.022,0.1,-0.673,-1.633,-0.1775,312.032,0.1,-0.8025,-1.369,-0.0475,311.935,0.1,-0.98,-1.341,0.028,311.893,0.102,-1.095,-1.1475,0.0575,311.912,0.1,-1.15,-1.2229999999999999,-0.0055,311.947,0.1,-1.1875,-1.19,-0.1765,311.825,0.1,-1.225,-1.0055,-0.162,311.832,0.1,-1.2815,-1.1155,-0.316,311.87,0.1,-1.3985,-0.9544999999999999,-0.29200000000000004,311.821,0.1,-1.409,-0.9175,-0.2185,311.793,0.1,-1.2265000000000001,-0.817,-0.217,311.811,0.1,
-1.012,-2.325,-0.10450000000000001,312.098,0.101,-0.9139999999999999,-2.353,-0.1455,312.147,0.103,-0.849,-2.367,-0.1045,312.092,0.105,-0.842,-2.209,-0.1,311.976,0.104,-0.8585,-1.897,-0.077,312.029,0.1,-0.89,-1.595,-0.21,311.918,0.1,-0.92,-1.337,-0.06,311.877,0.1,-0.9635,-1.333,0.013,311.896,0.1,-1.0375,-1.125,0.04,311.899,0.1,-1.0275,-1.251,0.0075,311.93,0.1,-0.9410000000000001,-1.32,-0.173,311.94,0.1,-0.938,-1.034,-0.298,311.89,0.1,-1.0185,-1.101,-0.272,311.884,0.1,-1.0585,-1.047,-0.2565,311.855,0.1,-1.0215,-1.019,-0.252,311.863,0.1,-1.02,-0.831,-0.2115,311.848,0.1,
